date,open,high,low,close,volume
1996-01-02,18.6082,18.9124,18.6082,18.8629,485691
1996-01-03,18.8055,18.9124,18.8055,18.8629,237801
1996-01-04,18.8629,18.9124,18.6606,18.7142,682179
1996-01-05,18.6606,18.8629,18.6082,18.8055,314913
1996-01-08,18.8055,18.9124,18.8055,18.9124,99766
1996-01-09,18.9124,18.9678,18.8055,18.895,370880
1996-01-10,18.8055,18.9124,18.7142,18.7142,563750
1996-01-11,18.7695,18.9124,18.7142,18.9124,556705
1996-01-12,18.8629,18.8629,18.6606,18.7142,278735
1996-01-15,18.7142,18.8055,18.7142,18.7142,109665
1996-01-16,18.8055,18.9124,18.7695,18.9124,260460
1996-01-17,18.9124,18.9678,18.8629,18.9678,600115
1996-01-18,18.9124,19.0213,18.7695,18.9678,570419
1996-01-19,18.8629,18.9124,18.7695,18.7695,657997
1996-01-22,18.7142,18.8055,18.6606,18.6606,423813
1996-01-23,18.6606,18.8629,18.5169,18.8055,410483
1996-01-24,19.0582,19.4538,19.0213,19.2215,2176950
1996-01-25,19.169,19.2574,19.1108,19.1108,657043
1996-01-26,19.1108,19.3643,19.1108,19.3643,513109
1996-01-29,19.3109,19.5966,19.3109,19.5966,292824
1996-01-30,19.654,19.7095,19.5655,19.5655,360034
1996-01-31,19.5966,19.7095,19.4538,19.654,299678
1996-02-01,19.7095,19.7095,19.5655,19.654,571935
1996-02-02,19.7453,19.7453,19.3643,19.3643,369361
1996-02-05,19.4198,19.654,19.4198,19.654,470648
1996-02-06,19.5966,19.9961,19.5655,19.9961,518247
1996-02-07,19.9961,20.1944,19.9416,20.1944,702166
1996-02-08,20.1944,20.3033,20.0846,20.3033,373739
1996-02-09,20.3033,20.5015,20.1944,20.3033,644480
1996-02-12,20.3937,20.7532,20.3937,20.7008,640101
1996-02-13,20.7008,20.9351,20.6482,20.7921,1347214
1996-02-14,20.7532,20.7532,20.449,20.449,852194
1996-02-15,20.449,20.6482,20.3411,20.5385,753950
1996-02-16,20.5015,20.5015,20.3937,20.3937,559565
1996-02-20,20.3033,20.3033,19.8882,19.9416,382878
1996-02-21,19.9416,20.142,19.9416,19.9961,1289908
1996-02-22,19.9961,20.0846,19.8328,19.9416,695501
1996-02-23,20.0545,20.142,19.8882,19.9416,537857
1996-02-26,19.8328,19.9416,19.5966,19.8882,598591
1996-02-27,19.8328,20.3033,19.7978,20.1944,972524
1996-02-28,20.0846,20.2489,19.7978,19.7978,968334
1996-02-29,19.6384,19.9416,19.4383,19.4917,594404
1996-03-01,19.6384,19.6384,19.4383,19.6384,695880
1996-03-04,19.6384,19.9416,19.5966,19.7978,357747
1996-03-05,19.6871,19.8328,19.6384,19.7978,329945
1996-03-06,19.7978,19.8882,19.6871,19.7978,414865
1996-03-07,19.7453,19.9961,19.6871,19.9416,441139
1996-03-08,19.5452,19.7453,19.0961,19.2001,905316
1996-03-11,19.0058,19.3479,18.8055,19.2409,739865
1996-03-12,19.0387,19.0961,18.8055,19.0387,589266
1996-03-13,19.3479,19.4917,19.3479,19.3479,646761
1996-03-14,19.4004,19.4917,19.2409,19.4383,667511
1996-03-15,19.4383,19.4917,19.2409,19.2409,959005
1996-03-18,19.3479,19.5966,19.3479,19.5452,711685
1996-03-19,19.6384,19.6384,19.4383,19.5966,633434
1996-03-20,19.6384,19.9961,19.6384,19.9961,671704
1996-03-21,19.9961,19.9961,19.8882,19.9961,389730
1996-03-22,20.0846,20.0846,19.9416,20.0545,393539
1996-03-25,20.142,20.5015,20.142,20.5015,964339
1996-03-26,20.3937,20.3937,20.2489,20.3033,318906
1996-03-27,20.3411,20.3411,20.2489,20.3411,465700
1996-03-28,20.1944,20.2489,20.142,20.142,217422
1996-03-29,20.2489,20.2489,20.0846,20.142,350129
1996-04-01,20.142,20.2489,20.0846,20.2489,210769
1996-04-02,20.3033,20.3033,20.0846,20.142,440944
1996-04-03,20.0545,20.0846,19.9961,19.9961,361362
1996-04-04,19.9416,19.9961,19.7453,19.7453,325567
1996-04-08,19.2409,19.2915,18.9504,19.1506,761754
1996-04-09,19.1506,19.2915,19.0387,19.2001,616297
1996-04-10,19.1506,19.2001,18.895,18.9504,515769
1996-04-11,18.9504,18.9504,18.6082,18.895,602596
1996-04-12,19.0058,19.1506,18.9504,19.0387,347656
1996-04-15,19.1506,19.2915,19.0961,19.2915,400777
1996-04-16,19.2001,19.3479,19.2001,19.2915,283681
1996-04-17,19.1506,19.2915,19.1506,19.2915,270930
1996-04-18,19.2001,19.3479,19.2001,19.2915,292632
1996-04-19,19.2915,19.3479,19.0058,19.0387,367264
1996-04-22,19.0961,19.2001,18.8055,18.8055,449893
1996-04-23,18.8055,18.895,18.6412,18.6976,791840
1996-04-24,18.7501,18.7501,18.5528,18.7142,1894971
1996-04-25,18.5528,18.6412,18.4974,18.5528,713400
1996-04-26,18.7501,18.8055,18.6082,18.6082,472934
1996-04-29,18.5528,18.6082,18.443,18.6082,428764
1996-04-30,18.5528,18.7501,18.5528,18.7501,263694
1996-05-01,18.7501,18.9504,18.6976,18.9504,357560
1996-05-02,18.7501,18.895,18.7501,18.7501,483792
1996-05-03,18.8055,18.8055,18.3002,18.443,551179
1996-05-06,18.4974,18.4974,18.2457,18.443,615160
1996-05-07,18.6082,18.6976,18.4974,18.6082,455229
1996-05-08,18.443,19.0058,18.408,18.9504,682179
1996-05-09,18.895,19.0961,18.895,19.0387,501682
1996-05-10,19.2001,19.2409,18.9504,19.2409,560704
1996-05-13,19.2915,19.5452,19.2409,19.4917,305008
1996-05-14,19.6384,19.8882,19.6384,19.7978,1127502
1996-05-15,19.7453,19.7978,19.6871,19.7453,1112650
1996-05-16,19.654,19.6871,19.4004,19.4917,735682
1996-05-17,19.5452,19.654,19.5452,19.5452,375072
1996-05-20,19.654,19.6871,19.654,19.6871,277967
1996-05-21,19.654,19.8523,19.654,19.654,728827
1996-05-22,19.6871,19.9416,19.5452,19.8523,486074
1996-05-23,19.9416,20.1594,19.8523,19.8523,843818
1996-05-24,19.9066,20.1011,19.9066,20.0545,285014
1996-05-28,20.1011,20.1011,19.9066,19.9416,457322
1996-05-29,19.9961,19.9961,19.7978,19.8523,287494
1996-05-30,19.7453,19.8523,19.654,19.7453,1265916
1996-05-31,19.654,19.6871,19.4383,19.4383,517485
1996-06-03,19.3479,19.4383,19.2915,19.3479,422674
1996-06-04,19.4004,19.5966,19.4004,19.4917,540524
1996-06-05,19.5452,19.6871,19.4004,19.6871,420384
1996-06-06,19.7978,19.9416,19.7453,19.7453,457129
1996-06-07,19.4383,19.5966,19.3479,19.5966,526436
1996-06-10,19.5966,19.654,19.3479,19.4383,345945
1996-06-11,19.4917,19.654,19.4383,19.4917,302530
1996-06-12,19.5452,19.5966,19.4004,19.4383,471793
1996-06-13,19.4004,19.654,19.3479,19.5966,348986
1996-06-14,19.654,19.7453,19.5966,19.7453,1281727
1996-06-17,19.7453,19.7978,19.5452,19.5966,246749
1996-06-18,19.6871,19.7453,19.654,19.654,225230
1996-06-19,19.5966,19.7453,19.5452,19.6871,324239
1996-06-20,19.7453,19.8523,19.4004,19.7453,362507
1996-06-21,19.9416,20.1011,19.9066,20.1011,945868
1996-06-24,20.1594,20.2489,20.1011,20.1011,375646
1996-06-25,20.1944,20.3033,20.1011,20.3033,318906
1996-06-26,20.3033,20.3567,20.1594,20.1944,356606
1996-06-27,20.1594,20.449,20.0545,20.3033,1018025
1996-06-28,20.3033,20.7532,20.2489,20.6639,567174
1996-07-01,20.7008,20.7008,20.5015,20.6104,356798
1996-07-02,20.6104,20.6639,20.3033,20.3567,357560
1996-07-03,20.3033,20.449,20.3033,20.449,193244
1996-07-05,20.1594,20.1594,19.654,19.6871,455229
1996-07-08,19.7453,19.9416,19.6871,19.9066,796793
1996-07-09,19.9416,20.1594,19.9416,20.0545,255698
1996-07-10,20.1011,20.2489,20.0545,20.2489,574602
1996-07-11,20.3033,20.3033,20.1594,20.1944,667511
1996-07-12,20.1594,20.3567,20.1011,20.1944,361743
1996-07-15,20.1944,20.3033,20.1594,20.1944,592313
1996-07-16,20.1594,20.3033,19.5966,20.1011,1006029
1996-07-17,20.1011,20.1944,19.7453,19.8523,524724
1996-07-18,19.9066,19.9416,19.6871,19.9416,906075
1996-07-19,19.9416,19.9416,19.5966,19.654,786320
1996-07-22,19.5966,19.6871,19.5452,19.5966,509681
1996-07-23,19.5966,19.6871,19.5452,19.5452,342322
1996-07-24,19.5452,19.654,19.3479,19.4383,813547
1996-07-25,19.4917,19.4917,19.3479,19.3479,506447
1996-07-26,19.3479,19.3479,19.2409,19.3479,369168
1996-07-29,19.2409,19.2915,19.1506,19.2409,512726
1996-07-30,19.2915,19.3479,19.1506,19.2915,211523
1996-07-31,19.2915,19.4383,19.2409,19.2915,262740
1996-08-01,19.2915,19.9066,19.2915,19.6871,705593
1996-08-02,19.8523,20.1011,19.7978,20.1011,350892
1996-08-05,19.9961,20.0545,19.654,19.6871,331089
1996-08-06,19.654,19.9066,19.654,19.7978,579551
1996-08-07,19.8523,19.9066,19.6871,19.6871,252841
1996-08-08,19.6871,19.7978,19.5966,19.5966,170780
1996-08-09,19.654,19.6871,19.5452,19.654,165070
1996-08-12,19.654,19.6871,19.5452,19.654,188681
1996-08-13,19.654,19.654,19.4383,19.5452,1771033
1996-08-14,19.4722,19.6161,19.4722,19.5111,641432
1996-08-15,19.4198,19.4722,19.3109,19.3109,719110
1996-08-16,19.3643,19.961,19.3643,19.5655,384407
1996-08-19,19.4722,19.5655,19.4198,19.4722,197248
1996-08-20,19.4722,19.5111,19.4722,19.4722,170591
1996-08-21,19.4722,19.6161,19.3643,19.6161,187535
1996-08-22,19.6161,19.7259,19.5655,19.5655,267118
1996-08-23,19.5111,19.6161,19.4198,19.4722,526817
1996-08-26,19.4722,19.5111,19.3643,19.4722,373549
1996-08-27,19.4722,19.5111,19.4198,19.4722,282537
1996-08-28,19.4198,19.5111,19.3643,19.4198,176875
1996-08-29,19.3643,19.4198,19.1108,19.1506,686174
1996-08-30,19.0582,19.1108,19.0058,19.0582,322144
1996-09-03,19.0058,19.0058,18.895,18.9504,431617
1996-09-04,19.0058,19.0058,18.7501,18.8406,446278
1996-09-05,18.7501,18.895,18.6976,18.7899,535385
1996-09-06,18.7899,19.0582,18.6412,18.8406,272451
1996-09-09,18.895,19.2574,18.7899,18.9504,484171
1996-09-10,19.0058,19.1108,18.8406,19.0582,494258
1996-09-11,18.9504,19.1108,18.9504,19.0058,514054
1996-09-12,19.1108,19.2574,19.0582,19.2001,234182
1996-09-13,19.4198,19.5111,19.3643,19.5111,430284
1996-09-16,19.5111,19.6705,19.4722,19.6161,416197
1996-09-17,19.6161,19.6705,19.4722,19.6161,900555
1996-09-18,19.5111,19.5655,19.3109,19.3643,304816
1996-09-19,19.3109,19.3643,19.1506,19.2001,336997
1996-09-20,19.2574,19.3643,19.1108,19.1108,738913
1996-09-23,19.0582,19.1506,19.0058,19.1506,277967
1996-09-24,19.1506,19.3643,19.1108,19.1506,359649
1996-09-25,19.2001,19.3643,19.2001,19.2574,348414
1996-09-26,19.2001,19.3109,19.1506,19.1506,464747
1996-09-27,19.1506,19.2574,19.0582,19.1108,370123
1996-09-30,19.1506,19.2001,19.0058,19.0058,289394
1996-10-01,19.0058,19.1506,19.0058,19.0582,378501
1996-10-02,19.1108,19.1506,19.0582,19.1108,246561
1996-10-03,19.1108,19.1506,19.0582,19.0582,164691
1996-10-04,19.1506,19.5111,19.1506,19.5111,355656
1996-10-07,19.6161,19.6705,19.4722,19.5655,214951
1996-10-08,19.5111,19.6161,19.4722,19.5655,128890
1996-10-09,19.6161,19.6161,19.3109,19.4198,369929
1996-10-10,19.3643,19.3643,19.2001,19.2574,146983
1996-10-11,19.3643,19.5655,19.3109,19.4722,202959
1996-10-14,19.4198,19.4722,19.3643,19.3643,98047
1996-10-15,19.4722,19.4722,19.1108,19.1506,298724
1996-10-16,19.1108,19.2001,19.0058,19.2001,470265
1996-10-17,19.3109,19.3643,19.0582,19.1108,313766
1996-10-18,19.0058,19.1108,18.895,19.0582,425718
1996-10-21,19.0582,19.2001,19.0582,19.2001,507016
1996-10-22,19.1506,19.3109,19.1108,19.2574,242945
1996-10-23,19.2574,19.2574,19.0058,19.2574,382878
1996-10-24,19.2001,19.2574,19.0582,19.2574,998608
1996-10-25,19.1506,19.2574,19.1506,19.2574,259504
1996-10-28,19.2574,19.4198,19.1506,19.3109,698170
1996-10-29,19.3643,19.7639,19.3109,19.7639,1244212
1996-10-30,19.8698,19.8698,19.7259,19.7639,508345
1996-10-31,19.7259,19.9232,19.7259,19.9232,434856
1996-11-01,19.961,19.961,19.7259,19.7639,343849
1996-11-04,19.7639,19.7639,19.5655,19.7639,1324179
1996-11-05,19.8698,19.9232,19.7639,19.7639,685412
1996-11-06,19.7639,19.9232,19.7259,19.9232,721391
1996-11-07,19.8173,20.0137,19.8173,19.9232,461319
1996-11-08,19.9232,20.0137,19.7639,19.9232,200865
1996-11-11,19.8173,20.0137,19.8173,19.961,429526
1996-11-12,19.961,19.961,19.8173,19.961,823831
1996-11-13,19.8173,20.0846,19.7259,19.7259,1287622
1996-11-14,19.7259,19.8173,19.5111,19.8173,921689
1996-11-15,19.8173,19.8173,19.5655,19.6161,694168
1996-11-18,19.5655,19.6161,19.3643,19.4198,428951
1996-11-19,19.5111,19.5655,19.4722,19.4722,503968
1996-11-20,19.4722,19.7259,19.2574,19.7259,1369683
1996-11-21,19.7259,19.8173,19.6161,19.8173,397917
1996-11-22,19.8698,19.9232,19.5655,19.7259,530431
1996-11-25,19.2574,19.3109,18.9504,19.0058,4502015
1996-11-26,19.0058,19.2574,18.9504,19.2215,4860529
1996-11-27,19.1108,19.169,19.0058,19.0582,1108083
1996-11-29,19.0582,19.169,19.0582,19.1108,2051858
1996-12-02,19.169,19.2215,19.0058,19.169,3419444
1996-12-03,19.2215,19.2215,18.7899,18.8406,1701727
1996-12-04,18.7501,18.7501,18.4265,18.5343,2652167
1996-12-05,18.5343,18.5343,18.3341,18.3341,1515717
1996-12-06,18.2282,18.2817,18.029,18.1942,893507
1996-12-09,18.2282,18.2817,18.1359,18.2282,1046203
1996-12-10,18.2282,18.2817,18.1942,18.2282,833729
1996-12-11,18.1942,18.2282,18.029,18.0843,944344
1996-12-12,18.0843,18.1359,17.8676,17.922,2277848
1996-12-13,17.8676,18.3915,17.8676,18.3915,3739880
1996-12-16,18.3915,18.4819,18.3341,18.4265,2734990
1996-12-17,18.4265,18.6082,18.3915,18.4819,1621955
1996-12-18,18.7501,18.7899,18.5898,18.5898,1738090
1996-12-19,18.6412,19.0582,18.5898,19.0582,1266873
1996-12-20,19.7793,19.7793,18.7501,18.7501,2161712
1996-12-23,18.7501,18.7899,18.5898,18.6976,1666505
1996-12-24,18.6976,18.7899,18.6412,18.7899,312625
1996-12-26,18.7501,18.8406,18.7501,18.8406,394488
1996-12-27,18.895,19.169,18.7899,19.169,633051
1996-12-30,19.2215,19.2215,19.1108,19.169,987758
1996-12-31,19.169,19.169,19.0582,19.0582,773374
1997-01-02,19.1108,19.1108,18.7501,18.7899,711495
1997-01-03,18.8406,18.8406,18.6976,18.7899,1145019
1997-01-06,18.7899,18.7899,18.5343,18.5898,2060612
1997-01-07,18.5343,18.7899,18.4819,18.7899,769372
1997-01-08,18.8406,18.8406,18.5898,18.6976,919974
1997-01-09,18.7501,18.8406,18.6412,18.7899,1216607
1997-01-10,18.5898,18.6976,18.5343,18.6412,1126932
1997-01-13,18.6412,18.7501,18.5343,18.7501,2612758
1997-01-14,18.8406,18.895,18.7501,18.895,1715055
1997-01-15,18.895,19.1108,18.8406,19.0582,1220037
1997-01-16,19.0582,19.1108,18.9504,19.0582,1651463
1997-01-17,19.0582,19.3109,19.0582,19.3109,1274294
1997-01-20,19.3643,19.3643,19.2215,19.3109,783846
1997-01-21,19.2574,19.4198,19.2215,19.3109,1648602
1997-01-22,19.3109,19.4722,19.2574,19.4722,2170282
1997-01-23,19.5655,19.7793,19.5111,19.6705,1445456
1997-01-24,19.6705,19.6705,19.5111,19.6161,1685544
1997-01-27,19.5655,19.6161,19.4198,19.5111,2115069
1997-01-28,19.5655,19.6705,19.3643,19.4722,3373938
1997-01-29,19.4722,19.5111,19.3643,19.4198,917693
1997-01-30,19.4198,19.5111,19.3643,19.4722,1234883
1997-01-31,19.4722,19.4722,19.3109,19.3109,772802
1997-02-03,19.3109,19.3643,19.169,19.2215,281588
1997-02-04,19.2215,19.2215,19.0058,19.1108,1303429
1997-02-05,19.1108,19.1108,18.7899,18.895,775082
1997-02-06,18.8406,18.8406,18.5898,18.6412,2285660
1997-02-07,18.7501,18.7501,18.5343,18.6976,2023298
1997-02-10,18.6976,18.7501,18.6412,18.7501,1041063
1997-02-11,18.7501,18.895,18.6976,18.8406,2427694
1997-02-12,18.9124,19.0582,18.8406,19.0582,1624620
1997-02-13,19.0582,19.3294,19.0582,19.275,2069754
1997-02-14,19.275,19.275,18.9678,19.169,1530946
1997-02-18,19.169,19.2215,19.0213,19.0582,812023
1997-02-19,19.0582,19.169,18.9678,19.1108,854477
1997-02-20,19.0582,19.1108,18.9678,19.0213,971188
1997-02-21,19.0213,19.0582,18.9124,18.9678,1202517
1997-02-24,18.9124,19.0582,18.8629,18.9678,1137597
1997-02-25,18.9124,18.9124,18.7695,18.8629,1780360
1997-02-26,18.8055,18.8629,18.4974,18.5528,1882789
1997-02-27,18.4974,18.6082,18.443,18.4974,1383773
1997-02-28,18.3915,18.6606,18.3915,18.443,1412328
1997-03-03,18.3341,18.4974,18.2817,18.443,1762463
1997-03-04,18.443,18.5528,18.3915,18.4974,1382439
1997-03-05,18.4974,18.6606,18.4974,18.5528,1760749
1997-03-06,18.5528,18.6082,18.3341,18.4974,1640992
1997-03-07,18.4974,18.6082,18.443,18.6082,1629756
1997-03-10,18.6082,18.7695,18.5528,18.7695,928924
1997-03-11,18.7142,18.7695,18.3341,18.3915,1014984
1997-03-12,18.3341,18.443,18.1942,18.2817,1113224
1997-03-13,18.1942,18.2282,18.0843,18.1359,995560
1997-03-14,18.1359,18.3915,18.1359,18.3915,1091711
1997-03-17,18.3341,18.3915,18.1942,18.3915,696839
1997-03-18,18.4974,18.5528,18.3341,18.3915,1411949
1997-03-19,18.3915,18.3915,18.1942,18.3341,790126
1997-03-20,18.3341,18.3915,18.1942,18.2817,1311233
1997-03-21,18.2817,18.3341,18.2282,18.2817,1282098
1997-03-24,18.3341,18.3341,18.2817,18.3341,1344361
1997-03-25,18.3915,18.7142,18.3915,18.4974,1551699
1997-03-26,18.6082,18.6606,18.4974,18.6082,1289526
1997-03-27,18.6606,18.6606,18.4974,18.4974,1595869
1997-03-31,18.4974,18.5528,18.2817,18.3915,1000129
1997-04-01,18.3915,18.4974,18.2817,18.4974,2779918
1997-04-02,18.3915,18.6606,18.3915,18.4974,987758
1997-04-03,18.443,18.4974,18.3341,18.443,880372
1997-04-04,18.2817,18.3915,18.2282,18.2817,431426
1997-04-07,18.3341,18.3915,18.2282,18.3341,485497
1997-04-08,18.2817,18.3341,18.1359,18.1942,1319419
1997-04-09,18.2282,18.2282,18.0843,18.1359,1366257
1997-04-10,18.0843,18.1942,18.0843,18.1942,1649748
1997-04-11,17.9745,17.9745,17.8122,17.922,935398
1997-04-14,17.8676,17.922,17.65,17.65,1337123
1997-04-15,17.7044,17.7569,17.5091,17.5605,1230886
1997-04-16,17.5605,17.8676,17.4517,17.8676,2295750
1997-04-17,17.8122,18.1359,17.8122,17.9745,1729903
1997-04-18,18.029,18.1359,18.029,18.029,793556
1997-04-21,18.1359,18.1359,17.7569,17.8676,802888
1997-04-22,17.8122,17.922,17.613,17.8122,626010
1997-04-23,17.8676,18.1359,17.8676,18.029,1237360
1997-04-24,18.029,18.1359,17.7569,17.8122,920167
1997-04-25,17.8122,17.8122,17.5091,17.5605,791077
1997-04-28,17.5091,17.9745,17.5091,17.922,1296378
1997-04-29,18.1942,18.2282,18.029,18.1942,1581396
1997-04-30,18.1942,18.2817,18.029,18.2817,1225364
1997-05-01,18.3341,18.3915,18.2282,18.3915,1111509
1997-05-02,18.443,18.7695,18.3915,18.7695,808401
1997-05-05,18.8055,19.275,18.7142,19.169,1268966
1997-05-06,19.2215,19.2215,18.9678,19.0213,1489058
1997-05-07,19.0213,19.0582,18.7142,18.7695,1071909
1997-05-08,18.7695,18.9678,18.7695,18.8055,1234507
1997-05-09,18.9678,19.0582,18.7695,19.0213,1368921
1997-05-12,19.0582,19.4917,19.0582,19.169,955771
1997-05-13,19.169,19.2215,18.9124,18.9678,2772689
1997-05-14,19.0387,19.1506,18.8784,18.9853,2025772
1997-05-15,18.9853,19.0387,18.8784,19.0387,2168758
1997-05-16,18.9853,19.0387,18.7695,18.8784,2072797
1997-05-19,18.8784,18.9853,18.8784,18.9338,609069
1997-05-20,18.822,18.9853,18.7142,18.9853,656280
1997-05-21,18.9853,19.0387,18.6606,18.9853,722535
1997-05-22,18.9853,18.9853,18.7695,18.8784,1836518
1997-05-23,18.9338,18.9853,18.7695,18.822,1302091
1997-05-27,18.6606,18.8784,18.6082,18.7695,751857
1997-05-28,18.7142,18.7899,18.6606,18.7695,1565598
1997-05-29,18.7695,18.7695,18.6606,18.7142,1410993
1997-05-30,18.6606,19.0387,18.6606,19.0387,2318981
1997-06-02,19.0961,19.0961,18.9338,19.0387,1458978
1997-06-03,18.9853,19.1506,18.9853,19.0387,686174
1997-06-04,18.9853,19.0387,18.9338,18.9338,581840
1997-06-05,18.9853,19.0961,18.9853,19.0387,1055915
1997-06-06,18.9853,19.1506,18.9853,19.0961,1028687
1997-06-09,19.0961,19.1506,18.9338,18.9853,1476112
1997-06-10,19.0387,19.0961,18.8784,18.8784,1098755
1997-06-11,18.9338,19.0387,18.8784,18.9853,1470782
1997-06-12,19.0961,19.3479,19.0387,19.3479,4786652
1997-06-13,19.3479,19.5111,19.3479,19.4004,1421467
1997-06-16,19.4538,19.5111,19.4004,19.4538,1412138
1997-06-17,19.4538,19.9787,19.2915,19.8173,2930325
1997-06-18,19.7639,19.8173,19.6705,19.7259,2912433
1997-06-19,19.7639,20.2489,19.7639,20.1944,2491281
1997-06-20,20.2489,20.2489,20.142,20.2489,2183612
1997-06-23,20.1944,20.2489,19.7259,19.7259,2243011
1997-06-24,19.8173,19.8882,19.7639,19.8328,1904492
1997-06-25,19.8882,19.8882,19.5111,19.6161,1436697
1997-06-26,19.6705,19.7639,19.4538,19.6161,1511522
1997-06-27,19.5655,19.8173,19.5655,19.7453,1394054
1997-06-30,19.7453,20.2489,19.6384,20.2128,2548594
1997-07-01,20.3207,20.3411,20.0846,20.1244,1667453
1997-07-02,20.1944,20.3761,20.0846,20.3411,1061244
1997-07-03,20.449,20.6104,20.4306,20.5015,1104655
1997-07-07,20.555,20.7532,20.2683,20.3411,1556842
1997-07-08,20.449,20.5929,20.3937,20.5385,1426230
1997-07-09,20.5385,20.6104,20.1944,20.3033,1725330
1997-07-10,20.2683,20.555,20.2683,20.4811,2153147
1997-07-11,20.5385,20.7008,20.4811,20.5015,781374
1997-07-14,20.3937,20.6639,20.3937,20.555,1215845
1997-07-15,20.6482,20.7736,20.4811,20.7736,1719817
1997-07-16,20.8466,21.1148,20.8252,21.0807,2047481
1997-07-17,21.0807,21.1148,20.8825,20.9164,2101931
1997-07-18,20.898,20.898,20.5929,20.7008,1692209
1997-07-21,20.6104,20.6482,20.4306,20.5929,1261155
1997-07-22,20.5385,20.8825,20.5015,20.8252,1714480
1997-07-23,20.8466,20.8466,20.6482,20.7193,1285146
1997-07-24,20.6639,20.7008,20.3411,20.5015,1265155
1997-07-25,20.555,20.7193,20.555,20.6482,1370064
1997-07-28,20.6482,20.8466,20.555,20.7736,2105547
1997-07-29,20.7921,21.0253,20.7921,20.9535,1851184
1997-07-30,20.898,21.0613,20.898,20.9535,2008068
1997-07-31,21.0253,21.4239,21.0079,21.3666,1763412
1997-08-01,21.3666,21.5842,21.2256,21.5667,2695195
1997-08-04,21.5667,21.5842,20.9709,21.1148,2616182
1997-08-05,21.0807,21.2411,21.0253,21.0807,726158
1997-08-06,21.0613,21.3325,21.0079,21.2411,2221878
1997-08-07,21.1342,21.2985,21.0613,21.0613,707683
1997-08-08,20.7921,20.9535,20.6104,20.7736,1432512
1997-08-11,20.7193,21.0807,20.7193,21.0253,1207280
1997-08-12,20.9535,21.0807,20.9535,21.0613,2822945
1997-08-13,21.0807,21.1672,20.7532,20.7921,1872322
1997-08-14,20.8252,20.9535,20.6268,20.7921,1321898
1997-08-15,20.6813,20.7377,20.5219,20.5219,1140073
1997-08-18,20.5724,20.7921,20.4636,20.7921,1219079
1997-08-19,20.898,21.0974,20.898,21.0429,1594915
1997-08-20,21.0079,21.0974,20.9709,21.0974,1347977
1997-08-21,21.0429,21.0807,20.9709,21.0079,1627852
1997-08-22,20.9164,20.9709,20.7377,20.9709,1488488
1997-08-25,21.0253,21.2781,20.9535,21.2781,1432699
1997-08-26,21.2411,21.2985,21.0253,21.0429,977285
1997-08-27,20.9535,21.0079,20.7921,20.898,1094373
1997-08-28,20.8252,21.0807,20.5724,20.898,1037258
1997-08-29,20.8252,20.9164,20.6482,20.6482,924545
1997-09-02,20.6482,21.0079,20.6268,21.0079,1811204
1997-09-03,21.0974,21.3325,20.8825,21.1672,1041257
1997-09-04,21.0974,21.2781,21.0807,21.2781,1113981
1997-09-05,21.2256,21.2985,21.0253,21.2781,1339029
1997-09-08,21.2781,21.3325,21.0429,21.0429,976332
1997-09-09,20.9709,21.2256,20.9709,21.1672,862668
1997-09-10,21.1672,21.2411,21.0429,21.0429,543759
1997-09-11,20.9535,21.0253,20.7921,21.0253,786892
1997-09-12,21.0253,21.3666,20.9535,21.3666,1137786
1997-09-15,21.3666,21.5308,21.1866,21.2985,745383
1997-09-16,21.4745,21.728,21.2256,21.3325,2419505
1997-09-17,21.4745,21.5308,21.2411,21.2781,1335988
1997-09-18,21.3325,21.4939,21.2256,21.2781,819448
1997-09-19,21.1672,21.4044,21.0807,21.3325,1539702
1997-09-22,21.2985,21.6396,21.2781,21.3509,753950
1997-09-23,21.4239,21.5308,21.2256,21.2985,888752
1997-09-24,21.2985,21.6756,21.2781,21.3509,1061816
1997-09-25,21.3325,21.5308,21.1672,21.3509,1481631
1997-09-26,21.3325,21.5308,21.2985,21.4044,973480
1997-09-29,21.4745,21.4745,21.2985,21.3666,782703
1997-09-30,21.3509,21.4239,21.0807,21.0807,1060870
1997-10-01,21.0974,21.4044,21.0807,21.3325,1017268
1997-10-02,21.2985,21.6941,21.2781,21.5842,769372
1997-10-03,21.8709,21.8709,21.2781,21.4044,1057629
1997-10-06,21.5842,21.5842,21.4239,21.4568,566607
1997-10-07,21.4745,21.6211,21.4044,21.4745,1216230
1997-10-08,21.4939,21.4939,21.0253,21.0974,984901
1997-10-09,20.898,21.1672,20.7921,21.0974,1132068
1997-10-10,21.0253,21.0807,20.898,20.9709,729389
1997-10-13,21.0079,21.0253,20.7921,20.8466,579741
1997-10-14,20.8825,21.3325,20.8825,21.1342,1327035
1997-10-15,21.0079,21.0253,20.8252,20.8825,1842805
1997-10-16,20.8252,21.0974,20.7532,20.9164,1323605
1997-10-17,20.7008,20.898,20.6813,20.8466,934825
1997-10-20,20.898,21.2781,20.8252,21.2411,874662
1997-10-21,21.0974,21.2411,21.0253,21.1672,1315229
1997-10-22,21.1342,21.1672,20.7532,21.0253,1723239
1997-10-23,20.9164,20.9535,20.5219,20.5929,809361
1997-10-24,20.7377,20.7921,20.5015,20.5929,629248
1997-10-27,20.5219,20.6482,19.5111,19.5111,1204422
1997-10-28,19.2915,20.5219,19.0058,20.2489,4046789
1997-10-29,20.2838,20.6813,20.2489,20.6482,2331730
1997-10-30,20.5724,20.8252,20.4636,20.7377,1417658
1997-10-31,20.7921,20.8466,20.4636,20.6813,1430414
1997-11-03,20.7921,20.8825,20.6813,20.8825,819639
1997-11-04,20.8252,20.8825,20.5724,20.6482,1158923
1997-11-05,20.5929,20.5929,20.3033,20.5385,1537420
1997-11-06,20.4636,20.5015,20.2489,20.4092,1161202
1997-11-07,20.0709,20.4092,20.0709,20.4092,1549415
1997-11-10,20.5219,20.5724,20.3937,20.5385,1675263
1997-11-11,20.7921,21.0079,20.6268,20.9535,1056868
1997-11-12,20.9164,21.4239,20.9164,21.0807,1218127
1997-11-13,21.1866,21.2985,21.0807,21.1342,780800
1997-11-14,21.2411,21.4044,21.0253,21.2587,862668
1997-11-17,21.3509,21.7835,21.2411,21.7135,2182660
1997-11-18,21.6396,21.728,21.4745,21.6211,982616
1997-11-19,21.5667,21.9127,21.5142,21.8544,2070897
1997-11-20,21.8709,22.4871,21.8709,22.3239,4246133
1997-11-21,22.2345,22.3424,21.9992,22.3424,1816532
1997-11-24,22.2879,22.4512,22.182,22.2345,1230700
1997-11-25,22.2879,22.5591,22.1994,22.4871,1515337
1997-11-26,22.5765,22.9565,22.5415,22.6134,1526946
1997-11-28,22.5056,22.632,22.4327,22.4327,331471
1997-12-01,22.5415,23.0081,22.5056,22.6883,1370825
1997-12-02,22.6883,22.7194,22.3812,22.4871,694743
1997-12-03,22.4871,22.5415,22.182,22.3968,791840
1997-12-04,22.4871,22.4871,22.0187,22.11,837346
1997-12-05,22.0692,22.2879,22.0187,22.1994,823633
1997-12-08,22.1994,22.4871,22.1286,22.3968,642190
1997-12-09,22.3968,22.5056,22.182,22.3424,888370
1997-12-10,22.2345,22.3424,22.0555,22.1606,3168697
1997-12-11,22.1994,22.2519,21.9992,22.1606,1242307
1997-12-12,22.2519,22.632,22.1994,22.632,1036688
1997-12-15,22.7582,23.3726,22.632,23.2811,1211655
1997-12-16,23.2811,23.3346,22.8652,22.9945,1301140
1997-12-17,22.9945,23.1383,22.8322,23.047,780225
1997-12-18,23.047,23.2627,22.9945,23.2083,1037825
1997-12-19,23.0994,23.4434,22.8108,23.3172,1347977
1997-12-22,23.2083,24.0588,23.2083,23.9654,1144831
1997-12-23,23.9848,24.2415,23.6632,23.9654,764995
1997-12-24,23.8031,23.9509,23.7515,23.8594,412961
1997-12-26,23.8235,23.9509,23.7691,23.8594,287874
1997-12-29,23.9509,24.256,23.8235,24.2415,650759
1997-12-30,24.3444,24.4008,23.9509,24.0364,1168824
1997-12-31,23.9848,23.9848,23.8235,23.8779,626578
1998-01-02,23.9509,23.9848,23.5717,23.8235,816402
1998-01-05,23.8235,24.0237,23.2423,23.39,3047041
1998-01-06,23.2423,23.4775,23.0994,23.425,1191092
1998-01-07,23.425,23.5717,23.3172,23.5329,1179103
1998-01-08,23.4775,24.1092,23.425,24.0947,2189703
1998-01-09,24.0947,24.1092,23.9848,24.0588,1232218
1998-01-12,24.0588,24.149,23.8031,24.0364,1571497
1998-01-13,24.0364,24.0364,23.6632,23.9139,1668789
1998-01-14,23.9509,23.9509,23.7146,23.9139,1494581
1998-01-15,23.7691,23.7691,23.4434,23.4979,1893639
1998-01-16,23.4979,23.9848,23.1538,23.2423,1537609
1998-01-20,22.9565,23.1538,22.9565,23.047,2973549
1998-01-21,22.9361,23.2811,22.903,23.2627,1212991
1998-01-22,23.3346,23.4775,23.2083,23.3346,1383960
1998-01-23,23.3726,23.4979,22.9565,23.2423,886466
1998-01-26,23.3346,23.425,23.0994,23.3172,690173
1998-01-27,23.4775,23.5717,23.39,23.39,1608435
1998-01-28,23.4979,23.5717,23.2627,23.3726,1113224
1998-01-29,23.425,23.6632,23.3172,23.5329,1454978
1998-01-30,23.4775,23.6438,23.3346,23.3726,1317704
1998-02-02,23.2811,23.5893,23.2811,23.5329,1443368
1998-02-03,23.4434,23.5329,23.425,23.5329,574411
1998-02-04,23.4434,23.5893,23.2423,23.5329,1810249
1998-02-05,23.4979,23.6029,23.39,23.5893,2008068
1998-02-06,23.5329,23.8594,23.5329,23.8594,1430035
1998-02-09,23.9509,24.149,23.8594,23.9654,1268013
1998-02-10,24.256,24.363,24.0237,24.0588,1301902
1998-02-11,24.0237,24.0364,23.6632,23.7691,1309711
1998-02-12,23.5717,23.8945,23.462,23.8779,1088852
1998-02-13,23.8235,23.8235,23.6233,23.7866,780609
1998-02-17,23.8945,24.1676,23.7866,24.0588,976710
1998-02-18,24.0947,24.0947,23.7866,23.8945,1278293
1998-02-19,23.8945,23.8945,23.6233,23.6233,1401673
1998-02-20,23.7312,24.1676,23.5513,24.0947,2006548
1998-02-23,24.0947,24.1092,23.7866,23.8779,653615
1998-02-24,23.8945,23.9294,23.6632,23.8235,840961
1998-02-25,23.8779,24.1092,23.8429,23.9294,632482
1998-02-26,23.9848,24.1676,23.9509,24.1676,1185192
1998-02-27,24.1092,24.2006,23.9509,24.2006,891417
1998-03-02,24.1676,24.2919,24.0588,24.2919,665039
1998-03-03,24.149,24.2919,24.149,24.2201,849338
1998-03-04,24.256,24.4893,24.1676,24.4756,882277
1998-03-05,24.4008,24.4008,24.149,24.2919,698741
1998-03-06,24.3123,24.5806,24.3123,24.5806,871808
1998-03-09,24.4893,24.741,24.4359,24.7255,1030403
1998-03-10,24.7605,25.1774,24.7255,25.015,811449
1998-03-11,24.9412,25.0656,24.741,24.9606,1509049
1998-03-12,24.9606,25.0656,24.7605,24.9937,1391956
1998-03-13,24.9412,25.0656,24.8129,24.9606,1102182
1998-03-16,25.0656,25.2658,25.0501,25.2114,799263
1998-03-17,25.2658,25.6458,25.1064,25.6458,1233741
1998-03-18,25.5914,26.0434,25.5914,25.9714,1095706
1998-03-19,26.0055,26.0958,25.7527,26.0958,812593
1998-03-20,26.1493,26.4564,26.0958,26.2941,2089178
1998-03-23,26.331,26.4011,26.1901,26.3854,777940
1998-03-24,26.2805,26.5487,26.2805,26.4011,659900
1998-03-25,26.3854,26.4759,26.0958,26.1347,1233741
1998-03-26,26.0783,26.0783,25.8081,25.8081,1090757
1998-03-27,25.8266,25.8791,25.6264,25.6818,1014410
1998-03-30,25.5914,25.7722,25.5011,25.5546,812403
1998-03-31,25.5379,26.0783,25.5379,25.952,1694493
1998-04-01,25.8616,25.8616,25.5914,25.7722,855047
1998-04-02,25.7722,26.2416,25.7527,26.1347,882277
1998-04-03,26.2941,26.2941,26.0783,26.1901,1132646
1998-04-06,26.2941,26.2941,26.0239,26.0958,1048876
1998-04-07,26.0239,26.1901,25.7722,25.8791,1056102
1998-04-08,25.918,25.918,25.5914,25.5914,994036
1998-04-09,25.8081,26.0239,25.7722,26.0239,1284388
1998-04-13,25.918,25.918,25.4281,25.5379,1074383
1998-04-14,25.6458,26.0434,25.6264,26.0239,1634902
1998-04-15,25.918,25.918,25.6458,25.7527,953674
1998-04-16,25.7527,25.7527,25.5011,25.6818,1185953
1998-04-17,25.6818,25.9714,25.6264,25.952,1690305
1998-04-20,25.8081,25.8081,25.3736,25.5379,680078
1998-04-21,25.5379,25.5914,25.3736,25.4477,1198327
1998-04-22,25.4477,25.5011,25.3183,25.3378,803457
1998-04-23,25.2658,25.2658,24.8878,24.8878,698741
1998-04-24,24.8129,25.015,24.5271,24.8129,1593007
1998-04-27,24.4359,24.8129,24.3123,24.5457,757570
1998-04-28,24.6166,24.6885,24.4756,24.671,811262
1998-04-29,24.671,24.8129,24.671,24.6885,867621
1998-04-30,24.8003,25.3183,24.8003,25.2114,882087
1998-05-01,25.2658,25.2658,24.6885,24.9062,915786
1998-05-04,25.2114,25.4825,25.2114,25.3378,1565213
1998-05-05,25.3378,25.3378,25.2114,25.2658,689793
1998-05-06,25.2658,25.3183,24.9062,24.9062,1032304
1998-05-07,24.8878,24.9412,24.7605,24.8003,583363
1998-05-08,24.8129,24.9412,24.8003,24.8878,689220
1998-05-11,24.8517,24.9412,24.5271,24.5457,713020
1998-05-12,24.4359,24.8878,24.4155,24.8517,2629131
1998-05-13,24.8517,24.9606,24.5271,24.5271,697977
1998-05-14,24.5631,24.5631,24.3852,24.4359,645423
1998-05-15,24.4756,24.6535,24.3852,24.4756,1066766
1998-05-18,24.5271,24.636,24.4893,24.5457,931209
1998-05-19,24.5457,24.5631,24.2201,24.2415,975193
1998-05-20,24.2415,24.4756,24.2201,24.4756,925873
1998-05-21,24.4893,24.5457,24.2415,24.2919,756808
1998-05-22,24.3852,24.636,24.3444,24.4893,626578
1998-05-26,24.5631,24.5631,24.3444,24.3444,870475
1998-05-27,24.2919,24.3852,24.1811,24.2919,1185385
1998-05-28,24.4155,24.741,24.2919,24.7079,769372
1998-05-29,24.741,25.4477,24.741,25.3378,1693543
1998-06-01,25.3922,26.2805,25.3736,26.2601,1529041
1998-06-02,26.2601,26.331,25.8081,25.8081,929112
1998-06-03,25.8986,26.2805,25.8442,25.918,1257731
1998-06-04,25.8986,26.0589,25.6993,25.8442,790126
1998-06-05,25.8081,26.0783,25.7527,26.0589,442091
1998-06-08,26.1678,26.2221,25.8986,25.8986,593453
1998-06-09,26.0589,26.331,26.0239,26.2805,986041
1998-06-10,26.2805,26.855,26.2805,26.748,1382439
1998-06-11,26.9074,27.5955,26.855,27.2699,2452067
1998-06-12,27.162,27.2854,26.8744,27.2154,1515337
1998-06-15,27.233,27.7413,27.1085,27.5071,1490199
1998-06-16,27.4157,27.4323,26.9268,26.9978,2591235
1998-06-17,26.8744,26.9074,26.4759,26.5487,2021399
1998-06-18,26.4419,26.8355,26.4419,26.5487,1320751
1998-06-19,26.3854,26.4759,26.2047,26.2047,1330081
1998-06-22,26.2601,26.6372,25.952,25.952,2413605
1998-06-23,26.3854,26.3854,26.0055,26.1162,1636230
1998-06-24,26.0783,26.2941,25.952,26.2805,1133404
1998-06-25,26.3854,26.4225,25.7527,25.8616,966621
1998-06-26,25.8986,26.1347,25.7527,26.0783,1596248
1998-06-29,26.2601,26.4759,26.2221,26.2221,2011685
1998-06-30,26.2941,26.331,26.0239,26.0589,1277913
1998-07-01,26.1162,26.2221,26.0055,26.1347,1032691
1998-07-02,26.1162,26.2601,25.9714,26.1162,974045
1998-07-06,26.1347,26.1678,25.9714,26.0239,1012503
1998-07-07,26.0589,26.0589,25.7722,25.8081,564321
1998-07-08,25.8081,25.8442,25.6818,25.6818,1240594
1998-07-09,25.6818,25.7722,25.4825,25.5011,1047348
1998-07-10,25.4477,25.8442,25.4281,25.7527,1526185
1998-07-13,25.8442,25.8616,25.4477,25.5546,1554743
1998-07-14,25.5914,25.7722,25.5546,25.5914,1049826
1998-07-15,25.5914,25.5914,25.2852,25.4825,956336
1998-07-16,25.3183,25.3736,25.1774,25.2289,1337506
1998-07-17,25.2852,25.2852,25.1229,25.1949,951199
1998-07-20,25.1774,25.2658,25.1064,25.1064,626771
1998-07-21,25.1375,25.4281,25.0656,25.3736,1403765
1998-07-22,25.5546,25.7527,25.5011,25.5011,1157206
1998-07-23,25.6264,25.6818,25.4477,25.5379,1052675
1998-07-24,25.5914,25.6264,25.4825,25.5379,1008127
1998-07-27,25.4477,25.7722,25.4477,25.7722,1336743
1998-07-28,25.7178,25.7722,25.2289,25.5914,1876510
1998-07-29,25.6264,25.7178,25.3922,25.3922,973480
1998-07-30,25.4281,25.5379,25.3378,25.4825,1175673
1998-07-31,25.4477,25.5546,25.015,25.1229,1855755
1998-08-03,25.1229,25.5914,24.9062,25.5914,1739617
1998-08-04,25.5914,25.7722,25.1774,25.4281,1348166
1998-08-05,25.3922,25.5914,25.1229,25.3922,3484752
1998-08-06,25.2658,25.4825,25.1774,25.3736,760613
1998-08-07,25.3736,25.7722,25.2289,25.5546,1986555
1998-08-10,25.6818,25.7178,25.2852,25.5914,1426613
1998-08-11,25.8442,25.8442,25.4477,25.6993,1488296
1998-08-12,25.7527,26.5303,25.7527,26.3854,1717526
1998-08-13,26.331,26.5303,26.0055,26.2601,1339983
1998-08-14,26.1678,26.4419,26.0434,26.2047,1062201
1998-08-17,26.0239,26.6927,26.0239,26.6372,1817297
1998-08-18,26.6022,26.6927,26.5303,26.6022,1459163
1998-08-19,26.5848,26.6927,26.4759,26.6372,2114116
1998-08-20,26.6372,26.748,26.5303,26.6927,1942954
1998-08-21,26.748,27.4323,26.5848,27.2854,2065565
1998-08-24,27.3632,27.579,27.2525,27.579,1169198
1998-08-25,27.6294,27.9191,27.162,27.3039,997657
1998-08-26,27.3039,27.7569,27.2854,27.4672,1841091
1998-08-27,27.4672,27.9191,27.197,27.5216,2754792
1998-08-28,27.5216,28.028,27.2854,28.028,4089239
1998-08-31,27.9746,28.5509,27.6684,27.6829,3552340
1998-09-01,27.5216,27.7569,26.748,27.5216,3005153
1998-09-02,27.5586,27.5586,26.5487,26.6022,2196553
1998-09-03,26.5137,27.0531,26.4759,26.855,1390246
1998-09-04,26.8899,27.1232,26.5848,26.7829,2211784
1998-09-08,26.855,27.8121,26.5137,27.6829,1805677
1998-09-09,27.7734,28.2807,27.4672,28.2807,2145532
1998-09-10,28.1359,28.2807,27.9191,27.9746,1801876
1998-09-11,27.9367,28.5898,27.9191,28.5898,1945430
1998-09-14,28.6403,28.7491,28.3701,28.442,1883928
1998-09-15,28.4585,29.2925,28.442,29.1117,1944665
1998-09-16,29.0748,29.0748,28.5898,28.858,2508038
1998-09-17,28.8065,28.8065,28.2807,28.3886,1794449
1998-09-18,28.3886,28.6403,28.3351,28.442,2359530
1998-09-21,28.4071,28.516,28.1184,28.3701,1235833
1998-09-22,28.4071,28.4983,28.1903,28.4071,1302091
1998-09-23,28.6947,28.7491,28.4983,28.7491,1656603
1998-09-24,28.6403,28.6403,27.9191,28.1359,1274868
1998-09-25,28.1563,28.858,28.028,28.1563,3401545
1998-09-28,28.2069,28.3351,28.0639,28.1184,1332173
1998-09-29,28.1359,28.858,28.1184,28.8386,2832275
1998-09-30,28.8386,29.4178,28.7491,29.3819,3426298
1998-10-01,29.3819,29.7406,29.1992,29.5782,2213880
1998-10-02,29.5986,30.4627,29.5986,29.7969,5499103
1998-10-05,29.9407,30.7533,29.8328,30.4627,3666199
1998-10-06,30.4092,30.6085,30.1925,30.4627,3646017
1998-10-07,30.6998,31.1489,30.3023,30.7533,3872202
1998-10-08,30.5734,31.5298,30.519,31.382,4085250
1998-10-09,31.1312,31.1312,30.0321,30.0671,3197833
1998-10-12,29.9213,29.9213,28.3701,28.6034,3226198
1998-10-13,29.0572,29.5257,28.7141,29.4898,2299934
1998-10-14,30.0321,30.6288,29.9407,29.9931,2015112
1998-10-15,29.9213,30.449,29.4509,29.9931,1850991
1998-10-16,30.2489,30.2489,28.9843,29.3274,1879553
1998-10-19,29.2925,29.4732,28.9115,28.9115,989091
1998-10-20,29.1992,29.2701,28.3886,28.4071,2024634
1998-10-21,28.516,28.6947,27.8842,28.3886,2079651
1998-10-22,28.4071,28.8065,28.3701,28.6403,1751230
1998-10-23,28.7491,28.8065,28.2069,28.3886,1272965
1998-10-26,27.9746,28.1903,27.7734,27.9367,1292188
1998-10-27,28.028,28.028,27.7219,27.9911,1228032
1998-10-28,28.028,28.3351,27.8121,28.1184,1571686
1998-10-29,28.1903,28.2992,27.7569,27.9911,1471921
1998-10-30,28.1359,28.7675,28.028,28.7141,1553410
1998-11-02,28.7141,28.858,28.2992,28.8065,2573719
1998-11-03,28.6947,28.6947,28.1903,28.2448,3014670
1998-11-04,28.3701,28.6403,27.8121,27.8638,2562110
1998-11-05,27.8121,27.9191,27.3769,27.4672,2424075
1998-11-06,27.4672,27.8288,27.3769,27.6829,1350638
1998-11-09,27.7569,27.7734,27.5071,27.579,3080547
1998-11-10,27.8638,28.3351,27.8288,28.0465,2482334
1998-11-11,28.1563,28.1563,27.6684,27.8842,1210513
1998-11-12,27.9911,27.9911,27.6829,27.9191,1533421
1998-11-13,28.1563,28.442,27.9561,28.1359,1327795
1998-11-16,28.1359,28.5509,28.1359,28.3701,1193377
1998-11-17,28.2992,28.5509,28.1903,28.2069,1241930
1998-11-18,28.3351,28.3351,28.028,28.1184,1195093
1998-11-19,28.1563,28.3351,27.7734,28.0833,956911
1998-11-20,28.3886,28.4585,28.0833,28.4585,1460118
1998-11-23,28.3351,28.3701,27.9911,28.2069,1398623
1998-11-24,28.2448,28.4983,28.1184,28.2807,1919538
1998-11-25,28.6607,28.7871,28.442,28.6403,1752943
1998-11-27,28.5509,28.6228,28.3701,28.3701,311480
1998-11-30,28.2069,28.4585,27.9561,28.028,2365435
1998-12-01,28.1184,28.1903,27.9561,27.9911,5718242
1998-12-02,27.9191,27.9367,27.3769,27.4866,3662008
1998-12-03,27.2154,27.2854,26.7829,26.9783,3415448
1998-12-04,27.0192,27.2154,26.9268,27.2154,3223722
1998-12-07,27.2154,27.2154,26.855,26.9268,1820720
1998-12-08,27.0357,27.3769,26.8744,27.1232,4919358
1998-12-09,27.233,27.233,26.7829,26.9074,3060366
1998-12-10,26.8744,27.0192,26.7635,26.9647,2703193
1998-12-11,27.4323,27.4866,27.0697,27.4157,2040433
1998-12-14,27.3769,27.8638,27.3632,27.612,1565976
1998-12-15,27.5392,27.7015,27.3632,27.6684,1786068
1998-12-16,27.7015,27.8842,27.4323,27.7734,1549791
1998-12-17,27.8842,28.2807,27.8638,28.2807,1389675
1998-12-18,28.1563,28.8065,28.1184,28.7491,2309840
1998-12-21,28.7491,28.7491,28.5324,28.6607,1587305
1998-12-22,28.4983,28.5509,28.3351,28.4071,1833095
1998-12-23,28.4071,28.6947,28.3351,28.6947,1666505
1998-12-24,28.6228,28.9115,28.5898,28.7141,1475731
1998-12-28,28.7141,28.858,28.6228,28.7871,1136453
1998-12-29,28.7871,28.8386,28.5898,28.7491,1018786
1998-12-30,28.7871,28.858,28.6947,28.7871,911406
1998-12-31,28.7871,28.893,28.6607,28.6947,676845
1999-01-04,28.6947,29.2536,28.6607,28.9115,1576831
1999-01-05,28.8386,29.0387,28.6947,28.8065,3356614
1999-01-06,28.7871,29.0038,28.7871,28.9659,2240347
1999-01-07,28.9115,29.0572,28.7871,28.9659,1759604
1999-01-08,28.9659,29.0387,28.4983,28.6607,3601839
1999-01-11,28.4983,28.5898,28.1184,28.2807,1674694
1999-01-12,28.2807,28.5324,28.2448,28.3886,1926390
1999-01-13,28.3701,29.0038,28.3701,28.5898,1575880
1999-01-14,28.5324,28.5324,27.9367,28.442,1437460
1999-01-15,28.6607,28.6607,28.5324,28.6228,2308511
1999-01-19,28.4983,28.5324,28.1359,28.4071,1168440
1999-01-20,28.4071,28.4983,28.3351,28.4983,1858612
1999-01-21,28.4983,28.6607,28.3886,28.4585,1652983
1999-01-22,28.4071,28.4983,28.2069,28.442,949488
1999-01-25,28.2807,28.5509,28.2807,28.4071,1222131
1999-01-26,28.3886,28.4071,28.0465,28.1359,2124591
1999-01-27,28.1563,28.2069,27.6684,27.6684,797547
1999-01-28,27.7413,27.8638,27.4323,27.7413,915786
1999-01-29,27.6294,27.7413,26.7635,27.6829,2292516
1999-02-01,27.6829,27.7015,26.9647,27.3224,1193569
1999-02-02,26.8744,27.1085,26.4759,26.6372,4002810
1999-02-03,26.5487,26.7091,26.1493,26.2221,3494464
1999-02-04,26.2221,26.2221,25.8081,25.8081,2156193
1999-02-05,25.7527,26.7091,25.7527,26.4564,2619036
1999-02-08,26.5487,26.9268,26.3854,26.9268,1991881
1999-02-09,26.9783,27.0192,26.7635,26.855,1352159
1999-02-10,27.1085,27.233,26.9978,27.162,2012069
1999-02-11,27.162,27.162,26.748,26.9074,2611230
1999-02-12,26.676,26.7295,26.0434,26.1678,2001020
1999-02-16,26.0434,26.3854,26.0434,26.3854,1384342
1999-02-17,26.2805,27.1232,26.2601,26.8189,1571113
1999-02-18,26.7829,27.3224,26.748,27.1232,1910014
1999-02-19,26.9647,26.9978,26.676,26.7829,1360354
1999-02-22,26.676,26.9268,26.5137,26.676,1496294
1999-02-23,26.5303,26.7295,26.2221,26.2221,1708763
1999-02-24,26.2221,26.5487,26.0958,26.1347,1136639
1999-02-25,26.1678,26.368,25.6458,25.8442,1167483
1999-02-26,25.8442,25.9714,25.4651,25.7178,948534
1999-03-01,25.7178,25.8081,25.3922,25.7363,1853470
1999-03-02,25.7722,26.0783,25.6818,25.8791,1303996
1999-03-03,25.8791,25.9325,25.7178,25.9325,1433652
1999-03-04,25.9325,26.5137,25.8081,26.4564,1121035
1999-03-05,26.7829,27.0357,26.6196,26.676,1129029
1999-03-08,26.676,26.7295,26.0958,26.4759,1302473
1999-03-09,26.2601,26.368,25.573,25.573,1625187
1999-03-10,25.6818,26.1901,25.6818,25.7722,1439557
1999-03-11,25.7722,26.8189,25.7363,26.7295,2309081
1999-03-12,26.8355,27.3632,26.8189,27.233,2318023
1999-03-15,26.9647,27.162,26.8189,26.8744,823633
1999-03-16,26.8189,26.8355,26.5848,26.7091,1327410
1999-03-17,26.7295,26.7295,26.5137,26.5848,1125791
1999-03-18,26.4759,26.8744,26.4564,26.5848,971957
1999-03-19,26.2221,26.5137,26.0958,26.1678,1780551
1999-03-22,26.1347,26.331,25.8266,25.8791,1052675
1999-03-23,25.8442,26.1901,25.6458,25.7363,1602725
1999-03-24,25.8266,26.2221,25.7722,26.1678,2641881
1999-03-25,26.2221,26.331,26.0434,26.2221,1327795
1999-03-26,26.1678,26.2221,25.8266,26.0239,1126740
1999-03-29,26.1347,26.2221,25.6458,25.6818,1550366
1999-03-30,25.5546,25.573,24.8323,25.1375,1651081
1999-03-31,25.1375,25.3922,24.4756,24.7789,1868319
1999-04-01,24.8703,25.5546,24.741,25.1774,2056045
1999-04-05,25.5546,25.5914,25.1949,25.2852,1249352
1999-04-06,25.2852,25.3183,24.6885,24.8703,1033829
1999-04-07,24.8129,24.9218,24.4359,24.636,1711625
1999-04-08,24.636,25.2658,24.6166,24.9412,2613137
1999-04-09,24.636,24.8703,24.5271,24.6166,1632039
1999-04-12,24.5457,24.8703,24.5271,24.6885,1751612
1999-04-13,24.636,24.671,24.1286,24.1811,2787538
1999-04-14,24.2415,24.363,23.4775,23.5717,1697537
1999-04-15,23.9654,24.4756,23.8429,24.327,2118499
1999-04-16,24.4893,24.636,23.9654,24.2415,2525367
1999-04-19,24.2415,24.671,24.2415,24.2919,3287500
1999-04-20,24.4155,24.9937,24.2919,24.7789,4671273
1999-04-21,24.5271,24.636,24.1811,24.4155,3136141
1999-04-22,24.8703,24.9218,24.2919,24.5271,2380284
1999-04-23,24.5271,24.5271,24.1286,24.1286,1432888
1999-04-26,24.1676,24.2415,23.9654,23.9654,2097552
1999-04-27,24.4155,24.636,24.2725,24.4756,3053318
1999-04-28,24.4756,25.1375,24.4756,24.9771,3348812
1999-04-29,25.1949,25.5546,24.9771,25.2658,4288586
1999-04-30,25.3183,25.3736,25.0336,25.3183,2699188
1999-05-03,25.2658,25.5914,25.2658,25.5546,1543128
1999-05-04,25.4825,25.4825,24.8878,24.9218,1181194
1999-05-05,24.8703,24.9218,24.6885,24.8323,1806633
1999-05-06,24.7255,25.1949,24.7255,25.1774,1882411
1999-05-07,25.1064,25.1774,24.7789,24.8323,3317398
1999-05-10,24.8323,24.8703,24.6885,24.8129,1402620
1999-05-11,24.8129,25.0336,24.7789,24.9771,3080547
1999-05-12,24.9412,25.0336,24.6535,24.7255,3338339
1999-05-13,24.8323,25.573,24.8003,25.4281,2886348
1999-05-14,25.0501,25.3736,24.9937,25.3378,1967515
1999-05-17,25.2289,25.7722,25.1375,25.6818,3059793
1999-05-18,25.6264,25.918,25.3922,25.6264,2026153
1999-05-19,25.6818,26.0239,25.6818,26.0239,1025071
1999-05-20,26.4759,26.5487,26.2805,26.5137,2426740
1999-05-21,26.4759,26.6022,26.4759,26.5487,1669367
1999-05-24,26.5137,27.2854,26.5137,27.1085,1807203
1999-05-25,27.2854,27.7015,27.233,27.4517,2472434
1999-05-26,27.5955,27.9561,27.5392,27.9367,2968786
1999-05-27,27.9191,27.9191,27.3448,27.4323,2851699
1999-05-28,27.3953,27.7015,27.3039,27.5392,929304
1999-06-01,27.4517,27.4517,27.233,27.4517,2209502
1999-06-02,27.4517,27.5392,27.3039,27.4323,2248154
1999-06-03,27.3632,27.3953,26.9647,27.1085,1991881
1999-06-04,27.0891,27.3039,27.0891,27.2525,1262487
1999-06-07,27.162,27.4866,27.162,27.4323,1303618
1999-06-08,27.3448,27.3448,27.0891,27.1085,1821109
1999-06-09,27.1085,27.233,27.0531,27.1436,908553
1999-06-10,27.0357,27.0531,26.4011,26.4759,1675450
1999-06-11,26.6022,26.6372,26.2047,26.2805,1024122
1999-06-14,26.4011,26.855,26.4011,26.7635,1502002
1999-06-15,26.7635,27.4323,26.676,27.2854,1044685
1999-06-16,27.3953,27.6294,27.2854,27.2854,1254877
1999-06-17,27.0531,27.2854,26.9452,26.9978,804407
1999-06-18,26.748,26.855,26.4564,26.4759,1940860
1999-06-21,26.4759,26.5137,25.918,25.918,979952
1999-06-22,25.918,26.3495,25.918,26.0239,1602909
1999-06-23,26.0239,26.0434,25.8266,25.952,1304185
1999-06-24,25.952,26.0239,25.5914,25.6818,1358637
1999-06-25,25.6818,25.7527,25.2473,25.3183,1139117
1999-06-28,25.4281,25.6818,25.3378,25.5205,994228
1999-06-29,25.5546,25.6264,25.3378,25.6264,2298416
1999-06-30,25.5914,25.5914,24.7255,24.8517,2078702
1999-07-01,24.8323,25.088,24.6535,24.8003,2266427
1999-07-02,24.8003,24.8517,24.5992,24.6535,1734476
1999-07-06,24.6535,25.1774,24.5457,25.1229,1560452
1999-07-07,25.2852,25.3736,24.9937,25.3736,1320181
1999-07-08,25.1229,25.4477,24.8003,24.9937,1572450
1999-07-09,24.9771,25.2852,24.9218,25.1229,816402
1999-07-12,25.3378,25.3378,25.0501,25.1375,767086
1999-07-13,25.1375,25.4825,25.1375,25.3922,1259444
1999-07-14,25.4281,25.5546,25.2852,25.4477,3365375
1999-07-15,25.5546,25.7722,25.5205,25.6458,1264774
1999-07-16,25.6264,25.6458,25.3183,25.3736,947014
1999-07-19,25.573,25.573,25.3183,25.573,890842
1999-07-20,25.5546,25.8266,25.5205,25.6264,1139306
1999-07-21,25.573,25.6818,25.3378,25.5914,1176621
1999-07-22,25.5914,25.6818,25.3922,25.6264,1148446
1999-07-23,25.7178,25.7527,25.5546,25.6458,963768
1999-07-26,25.6458,25.918,25.573,25.8791,2243391
1999-07-27,25.8791,25.918,25.7178,25.7722,1219841
1999-07-28,25.5205,25.5546,24.9771,24.9937,1626329
1999-07-29,24.4359,24.4359,23.9509,23.9509,4393681
1999-07-30,24.0023,24.2919,24.0023,24.1676,2484998
1999-08-02,24.2006,24.4008,24.1092,24.2006,2698236
1999-08-03,24.2919,24.2919,23.9509,24.149,2654256
1999-08-04,24.3444,24.741,24.3123,24.4893,2038906
1999-08-05,24.7605,25.1229,24.636,24.741,2987256
1999-08-06,24.7255,24.8878,24.6535,24.6885,1572260
1999-08-09,24.6535,24.6885,24.4893,24.4893,977473
1999-08-10,24.4893,24.8878,24.4008,24.8517,2072996
1999-08-11,24.8517,24.9771,24.7605,24.9412,3765386
1999-08-12,24.9937,24.9937,24.4359,24.5077,1126168
1999-08-13,24.671,24.741,24.5457,24.6535,773374
1999-08-16,24.6535,24.6535,24.2725,24.5077,991939
1999-08-17,24.5077,24.5457,24.2415,24.4756,976332
1999-08-18,24.3123,24.4359,24.1286,24.2725,2334976
1999-08-19,24.2415,25.088,24.2201,24.9771,2911481
1999-08-20,25.015,25.6633,24.9937,25.6264,1764749
1999-08-23,25.7178,25.8616,25.4281,25.6633,1679067
1999-08-24,25.7178,26.6022,25.7178,26.3495,2971261
1999-08-25,26.6372,26.8005,26.4923,26.7829,3089687
1999-08-26,26.6927,26.8355,26.676,26.748,3056370
1999-08-27,26.6372,26.7295,26.5487,26.6372,1372537
1999-08-30,26.5848,26.676,26.2941,26.3495,757570
1999-08-31,26.5848,26.748,26.4759,26.5303,2273856
1999-09-01,26.5303,26.6927,26.5303,26.6927,1798638
1999-09-02,26.5487,26.676,26.4759,26.6022,1569976
1999-09-03,26.748,26.9783,26.6927,26.9783,943011
1999-09-07,26.9783,26.9783,26.3495,26.4759,1611672
1999-09-08,26.331,26.4419,26.1678,26.2941,1181383
1999-09-09,26.1678,26.6022,26.0239,26.5303,1015552
1999-09-10,26.4923,27.0697,26.4923,26.8005,1319611
1999-09-13,26.5848,26.748,26.5848,26.6927,720824
1999-09-14,26.6372,26.676,26.4759,26.4923,1902586
1999-09-15,26.4759,26.6022,26.2941,26.2941,1629184
1999-09-16,26.331,26.331,25.8266,25.918,1886407
1999-09-17,25.8081,25.8986,25.6633,25.7722,2182846
1999-09-20,26.0589,26.2601,25.918,26.0239,1124648
1999-09-21,25.918,25.918,25.3922,25.573,1233360
1999-09-22,25.573,25.5914,25.1949,25.3922,1522188
1999-09-23,25.3378,25.3922,24.7605,24.8878,2328495
1999-09-24,24.5077,24.9937,24.4756,24.671,1748564
1999-09-27,24.8003,24.8517,24.5631,24.5631,1204805
1999-09-28,24.5631,24.5631,24.0947,24.4359,1234125
1999-09-29,24.4359,25.0501,24.4359,25.015,2339353
1999-09-30,25.015,25.4825,25.015,25.4281,1832144
1999-10-01,25.4281,25.7722,24.9412,25.7722,1206137
1999-10-04,25.8986,26.2941,25.8986,26.2416,872375
1999-10-05,26.2941,26.3854,25.3736,25.5546,2006165
1999-10-06,25.5914,25.7527,25.5205,25.6633,1503721
1999-10-07,25.5914,25.6818,25.088,25.1774,676084
1999-10-08,25.1949,25.6633,25.015,25.015,1549983
1999-10-11,24.9771,25.1229,24.7605,24.8517,1760372
1999-10-12,24.7605,24.8517,24.5077,24.5631,1920105
1999-10-13,24.6535,24.8129,24.4359,24.5992,2010918
1999-10-14,24.8003,25.3736,24.6535,25.3183,1925625
1999-10-15,25.2473,25.2852,24.6166,24.7605,1489242
1999-10-18,24.671,24.7605,24.5631,24.6535,972524
1999-10-19,24.8129,24.8517,24.4008,24.4359,1270488
1999-10-20,24.5077,24.5631,24.0947,24.327,1489058
1999-10-21,24.4359,24.5457,24.0364,24.2725,1426038
1999-10-22,24.2201,24.2415,23.9654,24.0762,2282992
1999-10-25,24.0947,24.2415,23.9848,24.0762,1208419
1999-10-26,24.0762,24.2725,23.9848,24.1286,1366632
1999-10-27,24.2201,25.3736,24.1286,25.1949,2188370
1999-10-28,25.5914,25.6818,25.2473,25.6264,1894971
1999-10-29,25.6264,26.0958,25.5205,26.0958,2580390
1999-11-01,26.0239,26.0239,25.7722,25.8986,1297521
1999-11-02,26.1347,26.2941,26.0958,26.1678,1565213
1999-11-03,26.2047,26.2047,25.8616,26.0239,1508479
1999-11-04,25.9714,26.0055,25.1949,25.573,1481445
1999-11-05,25.8266,25.918,25.4281,25.5205,1586162
1999-11-08,25.3922,25.8081,25.3922,25.5546,885703
1999-11-09,25.4281,25.4825,25.0656,25.2289,2901391
1999-11-10,24.6885,25.0656,24.636,24.741,2315740
1999-11-11,24.7255,25.1064,24.7255,25.015,1313136
1999-11-12,25.015,25.1229,24.6885,24.8129,1253927
1999-11-15,24.8129,24.8878,24.4756,24.7255,835252
1999-11-17,24.5992,24.8878,24.4756,24.8517,1030211
1999-11-18,24.8517,24.8878,24.4756,24.5271,1350455
1999-11-19,24.4008,24.7255,24.3123,24.4359,2248154
1999-11-22,24.4359,24.4359,24.2201,24.2201,1526375
1999-11-23,24.2919,24.3444,23.9654,23.9654,2087844
1999-11-24,24.1092,24.1676,23.9139,23.9139,1240212
1999-11-26,24.1092,24.1092,23.8779,23.9654,416957
1999-11-29,23.7691,23.7866,22.9361,23.0654,2633887
1999-11-30,23.0081,23.9139,22.9731,23.6029,2297839
1999-12-01,23.462,23.4979,23.2627,23.2997,1245545
1999-12-02,23.2997,23.5717,23.083,23.1188,1610715
1999-12-03,23.2423,23.7691,23.2423,23.39,1732570
1999-12-06,23.39,23.5717,23.083,23.2811,1096853
1999-12-07,23.2997,23.4076,22.6475,22.7408,1844331
1999-12-08,22.8322,22.8836,22.2519,22.4512,1826055
1999-12-09,22.7019,22.7408,22.1606,22.2519,2479291
1999-12-10,22.4327,22.5415,22.2519,22.3608,1361878
1999-12-13,22.3608,22.3608,21.7835,21.9263,1578736
1999-12-14,21.7835,22.3608,21.7835,22.3103,2207405
1999-12-15,22.2879,22.9731,22.2879,22.6475,3334339
1999-12-16,22.7019,22.7019,22.1606,22.3608,2740123
1999-12-17,22.5979,23.5893,22.5415,23.1909,4331993
1999-12-20,22.9361,23.1909,22.9361,23.0266,1724956
1999-12-21,22.9235,23.6962,22.8322,23.4979,2238443
1999-12-22,23.4434,23.4979,23.2083,23.2997,1023738
1999-12-23,23.4076,23.6438,23.3532,23.5329,861333
1999-12-27,23.5329,23.6962,23.2997,23.2997,1122359
1999-12-28,23.2997,23.6787,23.2997,23.5893,1160629
1999-12-29,23.5893,23.5893,23.2997,23.462,1565784
1999-12-30,23.2997,23.6962,23.2997,23.5893,1200997
1999-12-31,23.462,23.4979,23.2423,23.3532,634005
2000-01-03,23.2997,23.3172,22.3968,22.4871,2160763
2000-01-04,22.4512,23.0654,22.2519,22.8322,1730854
2000-01-05,23.0654,24.0947,22.8322,23.7691,3713605
2000-01-06,24.1092,24.5271,23.9848,24.4008,2248346
2000-01-07,24.636,25.1064,24.5806,25.0501,3020003
2000-01-10,25.0656,25.1064,24.8878,25.015,2067088
2000-01-11,24.6885,24.9606,24.5271,24.6885,1809107
2000-01-12,24.671,25.1589,24.671,24.9771,1429082
2000-01-13,25.015,25.4281,24.8517,25.1949,1641750
2000-01-14,25.1949,25.5011,25.0501,25.3582,2188179
2000-01-18,25.0501,25.1589,24.7255,24.9606,1304568
2000-01-19,25.1589,25.6458,25.015,25.6458,1930009
2000-01-20,25.7722,26.0239,25.573,26.0055,1925053
2000-01-21,26.1493,26.5487,26.0958,26.331,2040433
2000-01-24,26.4419,26.855,26.2941,26.676,2092983
2000-01-25,26.7829,26.9978,26.2416,26.5848,2140581
2000-01-26,26.6196,26.9978,26.5137,26.7091,1521043
2000-01-27,26.676,26.9647,26.4011,26.9647,1844135
2000-01-28,26.855,26.855,26.1678,26.5487,1484300
2000-01-31,26.5487,26.9978,26.331,26.9074,1508285
2000-02-01,26.855,26.9647,26.4759,26.8189,1114176
2000-02-02,26.8189,26.855,26.2416,26.3495,1627852
2000-02-03,26.3495,26.7295,25.8791,26.1493,3249804
2000-02-04,25.8616,25.918,24.9771,25.0656,1888881
2000-02-07,25.0501,25.573,24.5806,24.7255,1544843
2000-02-08,24.7789,25.5379,24.741,24.9606,2819519
2000-02-09,24.5457,24.8878,24.4008,24.4543,2769064
2000-02-10,24.5077,24.6166,24.0023,24.0588,2515650
2000-02-11,24.2415,24.363,23.8945,24.0947,1541421
2000-02-14,24.4543,24.4543,24.0588,24.2415,1569599
2000-02-15,24.1286,24.4008,23.8594,23.9139,1311044
2000-02-16,23.9848,24.0588,23.7691,24.0588,1347977
2000-02-17,24.363,24.4155,24.0588,24.3123,2113351
2000-02-18,24.5077,24.5077,24.1811,24.327,2726799
2000-02-22,24.2415,24.4008,23.8031,23.8429,2303558
2000-02-23,23.6632,23.6632,23.1538,23.4076,2354580
2000-02-24,23.2997,23.2997,22.4871,22.7768,1887166
2000-02-25,22.7019,22.8836,22.182,22.3103,1615284
2000-02-28,22.3239,23.0081,22.2159,22.8108,1704774
2000-02-29,22.8322,22.9565,22.632,22.8322,1507529
2000-03-01,23.1188,23.1909,22.2345,22.632,1832144
2000-03-02,22.5056,22.8652,22.4871,22.6475,1017268
2000-03-03,22.7408,23.39,22.7408,23.2423,1377486
2000-03-06,23.1188,23.39,22.5056,23.1188,2969742
2000-03-07,23.1188,23.6233,22.3812,22.5591,2979071
2000-03-08,22.5979,23.0994,22.3608,22.4142,2153334
2000-03-09,22.4142,22.5591,21.9448,22.3239,1989411
2000-03-10,22.1286,22.182,21.5308,21.8379,2549354
2000-03-13,21.6046,22.1286,21.6046,21.8923,2678627
2000-03-14,21.9992,22.2345,21.9263,22.0692,2780682
2000-03-15,22.0692,23.2997,22.0692,23.2627,2623417
2000-03-16,23.39,24.9412,23.39,24.327,2375334
2000-03-17,24.363,24.4008,23.5717,23.6632,2667017
2000-03-20,23.4775,23.5329,23.0654,23.1909,1506000
2000-03-21,23.1909,23.39,22.7019,23.0081,2317454
2000-03-22,22.7019,22.9565,22.3239,22.8108,2238632
2000-03-23,22.8322,23.7312,22.7019,23.2997,7195114
2000-03-24,23.4775,23.7691,23.1909,23.5329,2453012
2000-03-27,23.4076,24.2725,23.4076,23.9848,2173141
2000-03-28,24.0023,24.0947,23.5893,23.5893,2249482
2000-03-29,23.7146,24.4756,23.7146,24.2725,2925377
2000-03-30,24.2415,24.4543,24.1811,24.363,3745018
2000-03-31,24.3123,24.9218,24.1676,24.7255,2382760
2000-04-03,24.7255,25.4281,24.6885,25.4281,2465771
2000-04-04,25.4281,26.7091,25.3582,26.4759,4821113
2000-04-05,26.4759,26.676,25.2473,25.3582,2226257
2000-04-06,25.4281,25.573,24.7605,24.8703,2152386
2000-04-07,24.741,25.1229,24.4155,24.6166,1938386
2000-04-10,24.5077,25.5011,24.4756,25.4477,1878414
2000-04-11,25.5011,26.1493,25.5011,25.9714,2474716
2000-04-12,26.0055,26.8005,25.9714,26.5662,3118816
2000-04-13,26.4564,27.2525,26.2805,26.9978,3261418
2000-04-14,26.9647,27.3224,25.6264,25.8081,2806955
2000-04-17,25.8266,26.5303,25.6818,26.1493,2341255
2000-04-18,26.1347,26.3854,25.2473,25.4825,2106311
2000-04-19,25.5914,25.8616,25.0501,25.8616,1920296
2000-04-20,26.1347,26.6022,26.0434,26.6022,2731370
2000-04-24,26.6022,27.3039,26.6022,27.1815,1859180
2000-04-25,27.1815,28.0066,27.0697,27.5586,2320307
2000-04-26,27.8638,28.3351,27.6684,28.0465,3352238
2000-04-27,27.8842,27.9191,27.3632,27.6684,2239398
2000-04-28,27.4157,27.4157,26.7091,27.0697,2626843
2000-05-01,27.0697,27.7015,26.4759,27.5392,3045325
2000-05-02,27.5392,27.6829,26.6022,26.7091,2167614
2000-05-03,26.6547,27.0357,26.4759,26.7829,1132068
2000-05-04,26.7091,27.7413,26.368,27.2699,1828721
2000-05-05,27.3039,27.4157,26.6372,27.2154,1512857
2000-05-08,27.4866,28.5704,27.3039,27.5955,3197066
2000-05-09,27.5955,27.8638,27.4866,27.7734,2219972
2000-05-10,27.8638,28.9843,27.8638,28.8065,4706309
2000-05-11,28.8065,29.6705,28.6034,29.6705,3507790
2000-05-12,29.5782,29.617,28.5324,28.9115,2128969
2000-05-15,28.9659,29.4013,28.8065,29.3109,1605198
2000-05-16,29.3634,29.3634,28.2448,28.4779,2733654
2000-05-17,28.3701,28.3701,27.6829,28.098,1973800
2000-05-18,27.9746,28.6947,27.9746,28.4245,1967131
2000-05-19,28.3351,29.2925,28.3351,29.1992,2535268
2000-05-22,29.1992,29.8134,29.1272,29.69,2691195
2000-05-23,29.6491,29.6491,28.1903,28.3701,2968026
2000-05-24,28.2448,28.8386,27.9746,28.2807,2966312
2000-05-25,28.516,28.516,27.8842,28.1184,1930959
2000-05-26,27.7928,28.858,27.5586,28.4245,2895296
2000-05-30,28.5704,28.5704,27.5392,27.7569,2973549
2000-05-31,27.6518,28.0066,27.579,27.6829,2014351
2000-06-01,27.612,27.7928,27.2154,27.612,1960473
2000-06-02,27.5586,27.579,27.233,27.4157,2555630
2000-06-05,27.2154,27.233,26.6372,26.9074,1259827
2000-06-06,26.9978,27.8288,26.9978,27.5071,2482334
2000-06-07,27.7413,27.7569,27.2854,27.4672,1002603
2000-06-08,27.5586,27.8842,27.5586,27.6829,1579115
2000-06-09,27.8842,28.3886,27.8638,28.2807,1433085
2000-06-12,28.3701,28.516,28.2069,28.2807,1238697
2000-06-13,28.516,28.7491,28.442,28.6607,1803202
2000-06-14,28.858,28.858,28.2992,28.516,1651273
2000-06-15,28.5324,29.0748,28.5324,28.858,2023491
2000-06-16,28.7491,29.5442,28.7491,29.2925,2881781
2000-06-19,29.4013,29.4898,28.893,29.0387,2064808
2000-06-20,28.858,28.9309,28.0465,28.442,3258755
2000-06-21,28.4779,28.8386,28.2807,28.3701,2817616
2000-06-22,28.3351,28.3351,27.7015,27.8842,2971456
2000-06-23,27.9191,28.3701,27.8842,28.2069,1680593
2000-06-26,28.2069,28.2448,27.8288,28.098,1640422
2000-06-27,27.9746,28.0465,27.1436,27.4157,2495091
2000-06-28,27.5586,28.098,26.9074,28.0639,2628551
2000-06-29,27.9191,28.2992,27.4157,27.4157,1449075
2000-06-30,27.4157,28.1903,26.6022,26.7829,2738600
2000-07-03,26.9074,27.8288,26.9074,27.4157,715488
2000-07-05,27.5071,27.8638,26.8189,26.9074,1486395
2000-07-06,26.9978,27.612,26.9647,27.612,1679643
2000-07-07,27.579,28.7491,27.579,28.516,3268655
2000-07-10,28.6228,29.2196,28.6228,28.858,2168001
2000-07-11,28.6228,29.2196,28.6034,29.1642,1925625
2000-07-12,29.0387,29.0748,28.8386,28.9309,1329320
2000-07-13,28.9309,29.1642,28.7871,29.1272,1075142
2000-07-14,29.1642,29.4732,28.6947,28.8065,1513425
2000-07-17,28.6947,29.1642,28.6947,28.9475,2547261
2000-07-18,29.0193,29.6491,28.9843,29.4898,1165202
2000-07-19,29.5782,30.7698,29.5442,30.449,3168130
2000-07-20,30.519,30.519,29.6491,29.6705,3307497
2000-07-21,29.9407,30.2313,29.5442,29.5782,1290096
2000-07-24,29.4732,29.69,29.1117,29.6491,1026592
2000-07-25,29.5782,30.2313,29.5442,30.139,1415565
2000-07-26,30.0856,30.1205,29.6705,29.6705,1707630
2000-07-27,29.69,30.3023,29.69,30.0486,2228547
2000-07-28,29.9777,30.1925,29.7609,29.9407,1559317
2000-07-31,29.9407,30.2313,29.1272,29.3109,1862227
2000-08-01,29.5442,30.1731,29.5442,30.0856,1442218
2000-08-02,30.1205,30.9525,30.0486,30.8787,4103718
2000-08-03,30.7698,32.1227,30.7347,31.9089,5477776
2000-08-04,31.6552,32.3064,31.2052,32.1975,4883561
2000-08-07,32.1227,33.0266,32.0498,32.8837,3079404
2000-08-08,32.9381,33.3142,32.63,33.2424,3170798
2000-08-09,33.1723,33.2978,32.3394,32.4142,3779100
2000-08-10,32.5046,32.5046,31.9603,32.4318,1953425
2000-08-11,32.4142,33.0091,32.3782,32.5921,2147244
2000-08-14,32.665,33.1917,32.56,33.1345,3840595
2000-08-15,33.0091,33.5874,32.8992,33.1917,2484240
2000-08-16,33.4057,33.4057,32.9925,32.9925,1647469
2000-08-17,33.1723,33.4057,32.8992,33.2617,1609956
2000-08-18,33.1345,33.4405,32.9518,33.3142,1348737
2000-08-21,33.3317,33.4959,33.042,33.3706,1582732
2000-08-22,33.3706,33.7856,33.2238,33.6777,1955328
2000-08-23,33.5523,34.3454,33.4959,34.1287,2226446
2000-08-24,34.0004,34.0383,33.7671,33.7671,2628745
2000-08-25,33.7477,33.8585,33.5319,33.7477,1822249
2000-08-28,33.8225,34.634,33.7671,34.3454,2007881
2000-08-29,34.2726,34.5952,34.1801,34.4008,1652036
2000-08-30,34.4008,35.2658,34.3454,35.1909,2522699
2000-08-31,35.1909,36.3096,35.1909,35.8412,3991383
2000-09-01,35.8966,35.987,35.7168,35.8091,2136966
2000-09-05,35.8091,36.9968,35.7693,36.7626,3035996
2000-09-06,37.1261,38.0805,37.0862,37.7744,3693992
2000-09-07,37.1776,37.5576,37.1776,37.232,4327617
2000-09-08,37.4468,38.4945,37.4468,38.479,3859254
2000-09-11,38.8016,40.0292,38.8016,39.9213,4601785
2000-09-12,40.0466,40.6784,39.1817,40.3752,6761973
2000-09-13,40.4821,40.8941,39.5783,39.9582,4268594
2000-09-14,39.6307,39.6307,38.0805,39.6307,4698500
2000-09-15,38.857,39.4888,38.7317,38.9279,4489260
2000-09-18,38.4411,39.3964,38.4051,39.0563,2440069
2000-09-19,39.308,39.4547,37.2145,37.232,4165787
2000-09-20,37.232,37.303,35.9316,36.6363,5364304
2000-09-21,36.4409,36.7626,35.3008,35.8091,3912942
2000-09-22,36.0414,36.5848,35.8091,36.3281,4786462
2000-09-25,37.1776,38.1339,36.9259,38.0436,3295880
2000-09-26,38.1339,39.7016,38.1339,39.4547,3652293
2000-09-27,39.4547,39.4888,38.6219,39.308,4490400
2000-09-28,39.308,40.6784,39.2526,40.6784,4427767
2000-09-29,40.6619,41.8525,40.5531,41.0758,4221191
2000-10-02,41.0758,41.6718,40.5317,41.6357,4132468
2000-10-03,41.6718,41.9564,41.0758,41.1294,5469022
2000-10-04,40.7678,41.2762,38.6763,39.5967,5815152
2000-10-05,39.5967,40.173,38.1709,38.513,3440584
2000-10-06,38.6763,39.7211,38.6763,39.1817,3329204
2000-10-09,39.2186,39.7211,39.2186,39.4888,1654505
2000-10-10,39.6695,40.6784,39.6307,40.0836,2690056
2000-10-11,40.59,40.9117,39.5422,40.1381,2601142
2000-10-12,39.9951,40.5317,39.3634,39.7415,2424830
2000-10-13,39.7764,41.0758,39.7415,40.7678,3723308
2000-10-16,40.7338,41.9059,40.6619,41.4899,2867877
2000-10-17,41.4899,42.1411,41.3996,42.1411,3269414
2000-10-18,42.4998,42.9886,41.5123,41.6718,6179940
2000-10-19,41.7583,41.8525,41.004,41.6173,3977870
2000-10-20,41.5123,41.6357,40.6959,41.3296,2807719
2000-10-23,41.3102,41.5803,40.623,40.6784,2669301
2000-10-24,40.7678,41.1294,40.0466,40.4821,2277099
2000-10-25,40.6784,41.0758,39.9951,40.0836,2948227
2000-10-26,39.9582,39.9582,38.4605,38.8941,3627738
2000-10-27,38.6219,39.9213,37.7364,39.7415,3442295
2000-10-30,40.2284,41.6718,40.2284,41.004,2671969
2000-10-31,41.004,41.6357,40.3752,41.3996,1868702
2000-11-01,41.3996,41.9059,41.3102,41.5454,3377941
2000-11-02,41.5454,41.5454,40.5531,40.59,3475802
2000-11-03,40.6619,41.3996,40.59,40.7338,3095777
2000-11-06,40.8583,41.3296,40.8242,40.9117,1344173
2000-11-07,40.8242,41.0758,40.3149,40.8242,1754274
2000-11-08,40.8242,41.0758,40.4452,40.5531,1612050
2000-11-09,40.7678,41.5803,40.5531,41.4395,2720703
2000-11-10,41.4899,42.0322,41.4395,41.9059,2940415
2000-11-13,41.8525,42.4473,41.2197,41.5454,3601839
2000-11-14,41.5454,41.5454,40.2284,40.5317,5181153
2000-11-15,40.6055,41.3296,40.6055,41.2197,3058271
2000-11-16,41.6718,41.9447,41.454,41.9447,2543452
2000-11-17,41.9447,42.5377,41.6357,42.5377,2307173
2000-11-20,42.8797,43.1713,42.5377,42.7544,2214455
2000-11-21,42.4308,42.4473,41.1294,41.454,3069127
2000-11-22,41.454,41.7077,41.0574,41.4899,2154290
2000-11-24,41.454,41.6173,41.3296,41.454,871427
2000-11-27,41.454,41.5123,40.6784,41.1847,1871746
2000-11-28,40.9846,41.6173,40.8797,41.4899,2682055
2000-11-29,41.5123,42.1596,41.3646,42.0663,2825990
2000-11-30,42.1955,43.6028,42.1596,43.3483,6880587
2000-12-01,43.3483,43.3483,41.4899,42.0663,4806833
2000-12-04,42.1955,43.0985,42.1955,42.8797,3128335
2000-12-05,42.8797,43.1325,41.8885,43.1325,4236613
2000-12-06,42.7194,42.7544,41.454,41.6357,3877717
2000-12-07,41.7583,42.3598,41.7077,41.7583,3253807
2000-12-08,41.7583,41.7583,40.9846,41.3296,2964791
2000-12-11,41.3296,41.3646,40.7678,40.9846,3742732
2000-12-12,41.004,41.3996,40.3149,40.5317,2963078
2000-12-13,40.4267,41.4395,39.8299,41.1294,3072174
2000-12-14,40.9846,41.2577,39.5967,39.9029,4033841
2000-12-15,39.7764,40.3149,39.7016,39.8688,3716648
2000-12-18,40.3149,41.1294,40.1925,40.9846,2071280
2000-12-19,40.6784,41.0574,40.6444,41.004,2592760
2000-12-20,40.9846,42.0867,40.3752,41.2762,3479036
2000-12-21,41.5123,41.5803,40.3752,40.4986,4247647
2000-12-22,40.59,40.7338,39.7764,40.7338,1840332
2000-12-26,40.7678,42.1596,40.7678,41.9964,2104790
2000-12-27,42.4308,42.4308,41.8184,41.9964,1816152
2000-12-28,41.9059,41.9447,41.3102,41.3646,1904873
2000-12-29,41.6357,41.6718,40.9846,41.0935,1828339
2001-01-02,40.8583,40.8583,39.6501,39.9029,3132718
2001-01-03,39.8299,40.6055,37.1261,37.3418,5516999
2001-01-04,37.3418,37.3418,34.9402,35.8606,10194744
2001-01-05,36.0959,36.5118,34.9762,35.1909,5454172
2001-01-08,35.5009,36.1493,35.2834,35.4281,4585980
2001-01-09,35.5009,35.5009,34.0383,34.0742,5517382
2001-01-10,34.1657,34.5234,32.7204,33.2424,9580542
2001-01-11,33.0839,33.3142,31.3112,31.7631,14744369
2001-01-12,31.3306,34.0383,31.2382,33.8012,13738137
2001-01-16,33.2617,34.0383,32.7943,33.7671,6434500
2001-01-17,33.9673,34.2201,33.2978,33.7477,4209383
2001-01-18,33.8741,35.0685,33.2617,34.6671,5827529
2001-01-19,35.1909,35.8218,34.706,35.1026,5758610
2001-01-22,36.2756,36.471,35.4621,35.6809,4672040
2001-01-23,36.0959,36.7626,35.7343,35.7693,4366079
2001-01-24,36.1318,36.5438,35.9529,35.987,3924184
2001-01-25,36.2756,37.4848,36.0229,37.3574,4171690
2001-01-26,37.5392,37.8094,36.1493,37.1261,3053516
2001-01-29,37.614,37.8472,35.6605,35.6809,3609648
2001-01-30,35.7343,35.8606,34.327,34.9937,5266540
2001-01-31,35.1026,35.4815,34.5234,35.2658,2919000
2001-02-01,35.2658,36.058,34.7799,35.4447,2224638
2001-02-02,36.058,36.6363,35.6809,36.2212,2545260
2001-02-05,36.6178,37.9911,36.4933,37.6839,3069030
2001-02-06,37.3574,38.6763,37.1261,38.3147,3285601
2001-02-07,38.3682,39.5422,38.2759,38.5499,3168515
2001-02-08,39.0359,39.7415,38.8016,39.5606,2616369
2001-02-09,39.8299,40.59,39.5783,39.8299,2570963
2001-02-12,39.7764,40.4267,39.0563,39.6695,3426870
2001-02-13,39.689,39.9029,38.5868,39.272,2544973
2001-02-14,39.3634,40.067,38.8376,39.9029,2099268
2001-02-15,39.7959,39.7959,38.4945,38.9279,2605615
2001-02-16,39.7959,40.4986,39.6501,39.9582,2614942
2001-02-20,39.9582,41.004,39.9029,40.8797,2643315
2001-02-21,41.1129,41.6357,40.7678,41.1489,1660696
2001-02-22,41.1489,41.6357,40.2829,41.0234,2007496
2001-02-23,41.1129,41.4899,38.9649,40.0466,2105359
2001-02-26,39.8494,40.3752,39.7211,40.2829,1673166
2001-02-27,40.2829,40.517,39.272,39.9213,1742852
2001-02-28,39.9213,40.0466,38.8745,39.5606,1597295
2001-03-01,39.4547,40.1555,38.8016,40.1555,2545832
2001-03-02,39.0184,39.5606,38.9105,39.308,2980401
2001-03-05,39.308,39.8494,39.1632,39.6695,1704013
2001-03-06,39.6695,40.3752,39.272,39.9951,2160379
2001-03-07,39.9951,41.3996,39.9029,41.3296,3049801
2001-03-08,41.1847,42.2316,40.9515,42.2122,2237966
2001-03-09,42.2122,42.2122,41.454,41.7077,2059380
2001-03-12,41.0574,41.1847,39.2186,39.5238,4562278
2001-03-13,39.5238,39.5238,37.8288,37.8472,6459056
2001-03-14,36.8918,37.3418,36.5118,36.82,11497505
2001-03-15,37.614,37.7189,37.0152,37.614,5940335
2001-03-16,37.614,38.0436,37.1047,37.8637,6518840
2001-03-19,38.0436,38.3507,37.5216,38.2418,3477708
2001-03-20,38.1864,38.5868,37.6451,38.0075,3241811
2001-03-21,38.0075,38.82,37.614,38.1709,3327584
2001-03-22,38.1709,38.1709,35.6254,36.8918,4692987
2001-03-23,36.6907,36.8005,35.8218,36.7626,2692904
2001-03-26,37.3759,38.3147,37.3759,38.2593,2523369
2001-03-27,38.82,40.067,38.5499,40.067,3822600
2001-03-28,39.7959,40.173,38.8941,39.7016,2497949
2001-03-29,39.7016,40.2829,38.8745,40.2829,2469476
2001-03-30,41.0574,41.4899,40.2829,41.4899,3002864
2001-04-02,41.7077,42.1955,40.6444,41.9964,2883584
2001-04-03,41.9964,42.2316,40.9846,41.4899,3447717
2001-04-04,41.2577,42.1411,40.0836,40.4821,3391364
2001-04-05,40.5725,41.3821,40.0836,41.1489,3197927
2001-04-06,41.6357,41.7446,37.303,38.9279,6715135
2001-04-09,38.9279,40.6055,38.9279,39.7415,3217250
2001-04-10,41.2577,41.6561,40.8242,41.3996,3184218
2001-04-11,41.3996,41.9059,40.7523,41.2762,2881021
2001-04-12,41.5454,41.5454,40.623,40.7678,1874415
2001-04-16,40.8583,41.5803,40.5317,41.2577,2353823
2001-04-17,41.5123,43.3316,41.5123,43.2958,3067032
2001-04-18,44.1792,44.2182,42.2694,43.2958,5747467
2001-04-19,42.8089,43.3891,42.3394,42.6115,3248000
2001-04-20,42.7194,43.6389,42.665,43.53,2860265
2001-04-23,44.2726,45.1385,43.8022,44.6516,3091305
2001-04-24,44.7945,45.3699,44.2726,44.6516,3221531
2001-04-25,44.6516,45.1201,43.7273,44.4339,2274998
2001-04-26,45.0811,46.2008,45.0811,46.0929,3031144
2001-04-27,46.1133,46.3097,44.9752,45.4631,2894628
2001-04-30,45.3349,46.2183,44.9014,45.3913,3473708
2001-05-01,45.1385,45.8596,45.0462,45.2299,2279570
2001-05-02,44.705,44.705,43.2424,43.495,3670763
2001-05-03,42.8089,43.3891,42.2694,43.2228,3447053
2001-05-04,43.009,44.5058,42.6115,44.5058,2597147
2001-05-07,44.6516,45.0462,43.5116,43.7856,1792168
2001-05-08,43.6748,43.6943,42.699,42.9352,2690528
2001-05-09,42.9352,44.775,42.699,44.775,2314027
2001-05-10,44.7381,44.9208,43.8371,44.8294,1972657
2001-05-11,44.8294,45.4437,44.6681,44.9752,1625378
2001-05-14,44.9752,45.7888,44.9568,45.7489,1677645
2001-05-15,45.7674,45.7888,44.0899,44.3775,2489955
2001-05-16,44.5058,45.2299,44.0899,45.0811,2569155
2001-05-17,45.4271,45.9112,44.1987,44.2726,2915096
2001-05-18,44.3074,45.2804,44.2512,44.9752,2514516
2001-05-21,45.8596,46.1133,45.3699,46.0035,2245108
2001-05-22,46.3097,46.6353,45.7158,45.9112,2808577
2001-05-23,45.9112,46.3466,45.3349,45.5516,1867368
2001-05-24,45.9112,45.9112,44.6836,45.0462,2037105
2001-05-25,45.0462,45.0462,43.1519,43.6389,2508798
2001-05-29,43.8565,44.0178,42.5726,42.8797,2850176
2001-05-30,43.2228,43.6195,43.0227,43.4201,2023298
2001-05-31,43.5116,44.775,43.5116,44.6516,2315838
2001-06-01,44.0529,44.0529,42.4133,43.1713,1883837
2001-06-04,43.2228,43.4201,42.7194,43.1713,1934481
2001-06-05,43.186,43.3687,41.3646,41.5123,4294774
2001-06-06,41.7583,41.9059,40.2653,40.4083,6822900
2001-06-07,41.0234,41.2762,39.7211,40.9117,5284246
2001-06-08,40.8242,41.1129,40.4267,41.004,1598628
2001-06-11,40.9846,41.6561,40.8797,41.5123,4998943
2001-06-12,41.454,41.7077,41.0234,41.6173,3695700
2001-06-13,41.7583,41.9564,40.1381,40.623,2998389
2001-06-14,39.6501,39.6501,38.2069,38.5868,4303154
2001-06-15,39.1272,40.101,39.0184,39.8688,4287067
2001-06-18,40.4452,40.623,39.8299,39.9397,1822052
2001-06-19,41.2762,41.2762,40.101,41.0234,3007532
2001-06-20,41.2762,41.6173,40.1555,40.3538,2906339
2001-06-21,40.3538,40.6784,38.099,38.3507,3727975
2001-06-22,37.614,39.6141,37.5216,39.3634,3855066
2001-06-25,39.0728,39.3634,38.099,38.5868,2855692
2001-06-26,38.3507,39.0728,38.1864,38.9279,3322155
2001-06-27,39.1632,39.5606,38.6763,39.3634,2121728
2001-06-28,39.3226,39.5967,38.3147,38.3866,3101301
2001-06-29,38.1339,38.3682,38.099,38.099,2743456
2001-07-02,38.6383,39.0563,38.1709,38.2418,1903350
2001-07-03,38.2991,38.6587,37.9347,38.1864,1165107
2001-07-05,38.1339,39.3829,38.099,39.272,2010256
2001-07-06,39.6501,39.8494,38.9649,39.6695,1818914
2001-07-09,39.413,39.9951,39.3226,39.9029,1510098
2001-07-10,40.3014,41.3102,40.2829,41.004,3058942
2001-07-11,41.004,41.3102,40.3149,40.5317,2900916
2001-07-12,40.4821,40.6784,39.8299,40.5725,2099268
2001-07-13,40.623,40.7338,40.0466,40.4083,1951140
2001-07-16,40.6444,41.2762,40.5317,40.6784,1573785
2001-07-17,41.2762,41.454,40.6055,41.0574,1820911
2001-07-18,41.6173,41.8525,40.9117,41.2762,3272275
2001-07-19,41.2926,41.6173,40.3353,40.5317,2311363
2001-07-20,40.59,41.004,38.6219,39.3226,4298962
2001-07-23,39.3634,39.4888,37.9911,38.0436,2719567
2001-07-24,38.1339,38.1339,35.536,36.0229,6226494
2001-07-25,36.4409,37.0522,35.8091,36.6363,5742800
2001-07-26,37.2145,38.5499,37.0862,38.4945,4649478
2001-07-27,38.4945,38.5655,36.9803,37.4662,3583564
2001-07-30,37.8472,39.0728,36.4526,38.1339,3001820
2001-07-31,38.099,38.3866,37.4662,37.7189,2587808
2001-08-01,37.9007,38.2991,37.5576,38.1864,1898878
2001-08-02,39.0184,39.4694,38.5868,39.0728,2132775
2001-08-03,39.0359,39.0728,38.3507,38.9649,1648702
2001-08-06,38.1339,38.1543,36.8335,37.5392,3042087
2001-08-07,37.614,38.2991,37.5392,37.8472,1864795
2001-08-08,37.4147,37.6839,35.6439,36.0755,2911005
2001-08-09,36.2756,37.2145,36.1493,37.1047,2200271
2001-08-10,36.6907,37.2145,36.471,37.0862,1538180
2001-08-13,37.1047,37.1047,36.4409,36.5284,2011777
2001-08-14,36.471,37.1776,36.2756,36.8918,1833285
2001-08-15,36.6363,37.1047,35.9316,36.9065,2684154
2001-08-16,36.6713,37.3233,36.2756,37.1776,2016063
2001-08-17,37.0862,37.9192,36.9065,37.5392,2100975
2001-08-20,37.2854,38.061,36.9065,37.8472,2489955
2001-08-21,38.3147,38.3682,37.5392,37.6645,1597486
2001-08-22,37.6839,38.7666,37.5576,38.3682,1862604
2001-08-23,38.3147,38.4605,37.3759,38.1339,3227433
2001-08-24,37.8803,38.1339,37.4848,38.1339,1857276
2001-08-27,37.9911,38.82,37.9347,38.3682,1634517
2001-08-28,38.3682,38.6937,38.2759,38.6219,1486106
2001-08-29,38.6219,38.8376,38.2759,38.2759,1260303
2001-08-30,38.4605,38.8745,37.9911,38.061,1357023
2001-08-31,38.061,38.7666,37.9911,38.6763,1454119
2001-09-04,38.82,39.7415,38.6383,39.0359,1736944
2001-09-05,39.308,39.308,38.1709,38.4225,1951904
2001-09-06,38.4225,39.2341,38.0075,38.9649,2479957
2001-09-07,39.1078,39.7415,38.7666,39.5422,1870987
2001-09-10,39.5422,39.6501,38.7666,38.8745,2500233
2001-09-17,39.1078,39.1632,37.4313,37.4313,3047706
2001-09-18,38.2759,38.3682,37.3943,38.2263,2319646
2001-09-19,38.3682,38.4605,36.6012,37.2854,3054461
2001-09-20,37.5936,38.5655,36.9803,38.1164,3452475
2001-09-21,36.2037,37.2854,35.6605,36.5848,7243857
2001-09-24,36.5848,37.1416,36.4001,36.6012,3507790
2001-09-25,36.5118,37.2854,36.3815,36.9968,4202722
2001-09-26,36.0229,36.2037,34.5048,35.987,5283104
2001-09-27,35.6605,36.4001,33.8401,35.6983,5654464
2001-09-28,36.3096,37.3943,35.4281,37.232,4788748
2001-10-01,37.3418,37.9347,36.7091,37.5576,2152669
2001-10-02,37.7898,38.7121,37.4147,38.6025,2433408
2001-10-03,38.6219,39.1272,38.3682,38.9649,2495377
2001-10-04,39.1078,39.7016,38.5655,39.3226,2414651
2001-10-05,39.3226,39.7415,39.0,39.5783,1873463
2001-10-08,39.3964,39.6501,38.8376,39.3829,1167202
2001-10-09,39.3829,39.5053,38.4605,38.4605,2111547
2001-10-10,37.6839,38.3507,37.1776,38.2263,3412118
2001-10-11,38.0805,38.4605,37.7898,37.9347,2245582
2001-10-12,37.7364,38.3682,37.6451,38.0805,2257193
2001-10-15,38.0805,38.1339,37.4468,37.7024,1150542
2001-10-16,37.9521,39.0728,37.7898,38.9649,2387708
2001-10-17,40.6784,40.6784,39.1078,39.1632,2712235
2001-10-18,39.1632,39.3634,37.8803,38.2069,2075943
2001-10-19,38.2263,38.7666,38.0805,38.513,2823997
2001-10-22,38.513,38.857,38.0075,38.7482,2109737
2001-10-23,38.9843,39.0728,38.1543,38.2991,1917060
2001-10-24,38.3682,38.4605,36.3485,36.5284,3947595
2001-10-25,36.7626,38.3682,36.4526,38.2263,3099494
2001-10-26,38.2263,38.3147,36.8005,37.8803,2851887
2001-10-29,38.0805,38.7121,37.4848,38.513,2368959
2001-10-30,38.027,38.099,36.9618,37.1047,2208932
2001-10-31,37.8472,38.0805,37.2854,37.7898,2366580
2001-11-01,37.9347,38.1164,37.5042,38.099,2766214
2001-11-02,37.9347,37.9347,36.5118,36.851,3009916
2001-11-05,37.1416,38.1339,37.1416,37.7898,2292322
2001-11-06,37.7898,37.8472,36.9434,37.614,2075845
2001-11-07,37.614,37.6839,36.4526,36.82,3722645
2001-11-08,37.8803,38.7666,36.9968,38.6219,4700124
2001-11-09,38.6383,39.3401,38.2991,39.0184,2832275
2001-11-12,39.1632,39.5053,38.4225,39.3964,1951140
2001-11-13,39.6501,39.7959,38.8941,39.7415,2032910
2001-11-14,38.3866,38.3866,37.1776,37.4662,7952591
2001-11-15,37.5936,37.6839,36.3815,36.6567,5189711
2001-11-16,36.9618,37.0522,36.6567,36.851,4420623
2001-11-19,37.197,37.197,36.1318,36.8335,4368551
2001-11-20,36.8335,37.6645,36.6567,37.4848,3799374
2001-11-21,36.9968,37.2485,35.9529,37.1776,2772689
2001-11-23,36.9065,37.3759,36.7275,37.2854,1350455
2001-11-26,37.1601,37.2145,36.7275,36.7626,3532251
2001-11-27,37.1047,37.1047,36.1318,36.7275,3612694
2001-11-28,36.6567,36.8005,35.5526,35.8801,6065904
2001-11-29,35.9131,36.3485,35.2834,36.2037,4547901
2001-11-30,36.1124,36.2397,35.6605,35.8091,2944515
2001-12-03,35.7168,35.8091,34.9227,35.536,3389462
2001-12-04,35.4281,36.3485,35.1909,36.3485,2159809
2001-12-05,36.6012,36.9434,36.0755,36.8335,3517401
2001-12-06,36.5118,37.0328,35.4281,35.536,3380419
2001-12-07,35.7168,36.6012,35.6605,36.471,2595711
2001-12-10,36.471,36.471,35.6605,35.8218,2548502
2001-12-11,35.7693,35.8091,33.1723,33.6029,6498278
2001-12-12,33.6933,34.3805,31.9283,34.1657,15569812
2001-12-13,34.1657,35.4447,33.6933,35.1026,6623176
2001-12-14,34.4155,35.3873,34.0004,34.6671,5482726
2001-12-17,34.2201,35.0306,34.2201,34.7245,4724585
2001-12-18,34.6671,36.0755,34.6671,35.9529,4652999
2001-12-19,35.6605,37.3574,35.4281,37.3418,7048800
2001-12-20,37.0152,37.755,36.6567,37.303,3805563
2001-12-21,37.3943,37.7898,36.9618,37.5392,3487608
2001-12-24,38.1339,38.3866,37.9911,38.2263,1072952
2001-12-26,38.5499,38.9279,38.2593,38.2593,1966562
2001-12-27,38.2418,39.0912,38.1543,39.0912,1973320
2001-12-28,39.5783,39.5967,38.7842,39.3226,2618556
2001-12-31,39.4334,39.689,38.8745,38.8941,2333067
2002-01-02,38.6937,39.4334,38.1709,39.4334,2646549
2002-01-03,39.6307,39.6307,38.5868,38.9843,2321829
2002-01-04,38.8016,38.8376,37.8472,38.1339,3757388
2002-01-07,38.1339,38.9649,37.9911,38.7666,2407415
2002-01-08,38.4945,38.4945,37.8803,37.9716,2388947
2002-01-09,37.6451,38.857,37.6451,38.3866,2952033
2002-01-10,38.0436,38.9279,38.0436,38.3507,2126963
2002-01-11,38.8941,38.8941,37.7744,37.9911,2096885
2002-01-14,37.9347,38.3507,37.7744,38.2418,2541832
2002-01-15,38.5655,38.7482,37.8803,38.2991,2032723
2002-01-16,38.2759,38.5868,37.9192,37.9716,2424269
2002-01-17,36.4001,37.6451,35.1725,35.6605,7877482
2002-01-18,35.2658,36.0035,35.2658,35.8966,3664289
2002-01-22,36.0035,36.0959,35.4097,35.4097,2829705
2002-01-23,35.4097,35.6439,34.9762,35.2658,3354235
2002-01-24,35.2834,35.9316,35.1909,35.4097,2920716
2002-01-25,34.9227,35.8606,34.9227,35.6983,2464440
2002-01-28,35.6983,35.8606,35.0685,35.1191,2395518
2002-01-29,35.7693,35.8091,33.8741,34.2201,6366525
2002-01-30,33.2978,34.1287,33.2978,33.91,4824826
2002-01-31,33.9294,34.706,33.6029,34.5447,3898851
2002-02-01,34.6156,34.6671,33.9294,34.3454,2905482
2002-02-04,33.9294,34.1801,33.5874,33.7856,3304448
2002-02-05,33.2424,33.39,32.4483,32.6815,8886370
2002-02-06,32.5921,33.0994,31.6911,31.8184,6818048
2002-02-07,31.8544,32.7369,31.802,32.2499,4797123
2002-02-08,32.5367,33.1917,32.4881,32.9925,2587050
2002-02-11,33.39,33.9294,32.7369,33.8401,3214392
2002-02-12,33.6933,34.8528,33.6408,34.1801,4382164
2002-02-13,34.6497,34.9227,34.2532,34.7799,3465426
2002-02-14,34.74,34.8334,34.5048,34.6497,3056652
2002-02-15,34.5234,34.5234,33.4795,33.4795,2978590
2002-02-19,33.4959,33.91,33.3142,33.4795,2789912
2002-02-20,33.7127,33.9829,32.9518,33.8935,4386733
2002-02-21,33.5116,34.3454,33.5116,33.8935,4261746
2002-02-22,33.9469,34.0937,33.6029,33.7477,4243755
2002-02-25,33.7127,33.9469,33.0994,33.7477,5384582
2002-02-26,33.9469,34.4553,33.5116,34.362,4244507
2002-02-27,34.5952,35.3718,34.4553,35.0102,4490782
2002-02-28,35.3008,35.4447,35.1026,35.2464,4514298
2002-03-01,35.5009,36.5118,35.1909,36.1493,4087343
2002-03-04,36.5438,36.7626,36.3485,36.4526,4626723
2002-03-05,36.4001,36.7441,36.0229,36.6567,3859823
2002-03-06,36.9618,37.7024,36.4409,37.4662,4635574
2002-03-07,37.5576,37.5936,36.2037,36.9065,3578709
2002-03-08,37.0522,37.0862,35.8966,36.0959,5265203
2002-03-11,36.0959,36.0959,35.6983,35.8966,5690063
2002-03-12,35.8606,35.9685,35.7168,35.7343,3239047
2002-03-13,35.7507,35.8606,35.1191,35.1425,12385686
2002-03-14,35.1909,35.3378,34.2532,35.1191,6894009
2002-03-15,35.157,35.4447,34.8528,35.1909,5165724
2002-03-18,35.3008,35.8966,34.9043,35.8801,3961587
2002-03-19,35.9529,36.058,35.6983,36.0035,4266404
2002-03-20,35.4447,36.6363,35.4097,36.4001,4649955
2002-03-21,36.4001,38.0436,36.2756,37.9716,6629842
2002-03-22,37.5042,38.0805,37.4662,37.9716,4950964
2002-03-25,37.9521,37.9521,37.197,37.5392,2057474
2002-03-26,37.1047,37.9911,36.7626,37.0152,6152243
2002-03-27,36.9968,37.7364,36.6012,37.5576,5881886
2002-03-28,37.7898,37.9716,37.4662,37.755,4874611
2002-04-01,37.6451,37.6451,37.1047,37.4468,2839135
2002-04-02,37.2485,37.9192,37.197,37.9007,2752693
2002-04-03,37.6451,38.1864,37.5042,37.7024,4123229
2002-04-04,37.7024,38.4945,37.5936,38.4945,3752250
2002-04-05,38.9455,38.9455,38.3507,38.4605,3377368
2002-04-08,38.6383,39.2896,38.479,39.1438,2938995
2002-04-09,39.2896,39.3401,38.9455,39.0359,3383842
2002-04-10,38.8016,39.4334,38.4945,39.0912,3943026
2002-04-11,39.0359,39.0912,38.2991,38.6025,3537010
2002-04-12,38.4411,38.5868,37.9716,38.4411,2461869
2002-04-15,37.4468,38.4411,37.197,37.4147,3796042
2002-04-16,37.4468,37.9521,36.9968,37.1601,5342978
2002-04-17,37.9521,38.82,37.6451,38.5655,5129929
2002-04-18,38.3866,38.4225,37.755,38.0436,3719405
2002-04-19,38.099,38.2991,37.755,37.9716,2959266
2002-04-22,38.2593,38.82,38.1709,38.2991,2707758
2002-04-23,38.7482,39.5422,38.5499,38.8376,3436294
2002-04-24,39.0359,39.3634,38.4411,38.9649,3089117
2002-04-25,38.5499,38.7666,37.9192,37.9521,3420778
2002-04-26,38.4411,38.4605,36.8918,37.1601,4742104
2002-04-29,37.3418,38.1864,37.1416,38.061,2949937
2002-04-30,37.755,38.6025,37.755,38.2759,2350775
2002-05-01,38.2759,38.2759,37.7189,37.8094,1782262
2002-05-02,38.027,38.027,37.2854,37.5576,2952033
2002-05-03,37.5576,37.6839,37.2485,37.4468,3413353
2002-05-06,37.4468,37.5576,36.9618,36.9618,1412998
2002-05-07,36.8005,36.9618,36.2397,36.2756,3731882
2002-05-08,36.2212,36.5284,35.5009,36.3485,4468129
2002-05-09,36.4001,36.8714,36.2037,36.4409,2834179
2002-05-10,36.7091,36.9065,35.9529,36.2037,2975451
2002-05-13,36.1493,36.3096,35.8218,36.2562,3166797
2002-05-14,36.0755,36.9434,36.058,36.9259,5363449
2002-05-15,36.6178,36.9618,36.0959,36.4001,3582424
2002-05-16,35.7168,35.7343,34.74,34.9227,6310556
2002-05-17,34.706,34.7245,33.0839,33.7302,11035238
2002-05-20,33.2978,34.6671,33.2978,34.5612,5812299
2002-05-21,34.6156,34.9227,34.2726,34.4008,3286076
2002-05-22,34.4155,35.3582,34.4155,35.229,3824602
2002-05-23,35.6605,35.9529,35.536,35.5526,4397304
2002-05-24,35.7168,35.7693,34.6497,34.9227,2728130
2002-05-28,34.812,35.0102,34.6156,34.7925,2239683
2002-05-29,33.4959,34.1481,33.1723,33.7127,4659660
2002-05-30,33.2238,33.5116,31.8359,31.9797,6212408
2002-05-31,31.9992,32.4483,31.5298,32.2141,6059143
2002-06-03,32.2141,32.2141,30.8076,30.8787,6843363
2002-06-04,30.9875,32.0702,30.9875,31.8904,4729154
2002-06-05,31.9429,31.9429,31.2217,31.5123,4446898
2002-06-06,31.1877,31.4199,30.3907,30.8787,4196627
2002-06-07,29.9777,30.6288,28.9309,30.1731,12965911
2002-06-10,28.6773,29.6355,28.6773,29.2701,8861811
2002-06-11,29.2701,29.5257,29.1486,29.2925,4639668
2002-06-12,29.3819,30.3742,29.1992,30.3217,4687649
2002-06-13,30.2313,32.1634,30.139,31.1877,7306115
2002-06-14,30.8787,31.3306,30.5365,31.2052,3523210
2002-06-17,31.2052,32.0197,30.7882,31.9089,3505883
2002-06-18,32.1421,33.1917,31.9603,33.1169,3765772
2002-06-19,32.9518,34.0742,32.7204,33.0266,5004848
2002-06-20,32.7564,32.8117,31.0964,31.1877,4021565
2002-06-21,31.1877,32.0313,30.9331,31.9603,6241916
2002-06-24,32.1791,32.1975,31.4199,31.8544,3371373
2002-06-25,31.9992,32.4483,31.6377,31.8904,3411261
2002-06-26,31.7095,31.8359,31.0594,31.4734,3772339
2002-06-27,31.9429,31.9797,30.4811,31.0253,3732260
2002-06-28,30.59,31.35,30.3907,31.2927,4465082
2002-07-01,31.0964,31.2761,30.5365,30.555,3157179
2002-07-02,30.1731,30.5734,29.69,30.1731,3324440
2002-07-03,30.0856,30.4286,29.69,29.9213,2974407
2002-07-05,29.9213,30.59,29.5986,30.4811,1529327
2002-07-08,30.3907,30.9331,30.101,30.5006,2555253
2002-07-09,30.5006,30.6793,29.2391,29.2391,3188121
2002-07-10,27.5586,27.579,26.0239,26.1493,10088413
2002-07-11,26.1493,28.4245,25.7527,28.1184,7791328
2002-07-12,25.4477,26.6547,24.2006,24.9062,18410364
2002-07-15,22.3239,25.1589,19.3294,23.8429,28670327
2002-07-16,23.5893,24.636,22.1286,22.3968,11769962
2002-07-17,22.1606,23.39,21.8544,22.5591,10942226
2002-07-18,22.1286,22.4871,20.8466,20.8466,6050950
2002-07-19,20.142,20.8466,19.3479,20.0709,10134010
2002-07-22,20.0709,20.0846,18.6082,19.4198,8825828
2002-07-23,19.6161,20.6482,18.2088,19.1108,14394804
2002-07-24,19.1108,22.3812,18.4974,22.1994,13895211
2002-07-25,21.8709,23.5173,21.6211,22.6883,11774913
2002-07-26,22.6883,23.6438,21.6941,22.5765,4985427
2002-07-29,23.0994,23.3726,22.1606,22.5415,5613051
2002-07-30,22.4327,25.1774,22.2879,25.088,7385602
2002-07-31,25.088,26.0055,24.363,25.6458,6580243
2002-08-01,25.6264,26.2221,24.7255,25.5914,5844278
2002-08-02,25.5914,25.8986,24.2006,24.4155,3696370
2002-08-05,24.5271,25.2852,24.1676,24.2725,4367215
2002-08-06,24.4155,25.5546,24.4155,25.1589,3474181
2002-08-07,25.8791,26.0958,24.8517,25.8986,3903705
2002-08-08,25.6633,26.5487,25.1589,26.2601,3485797
2002-08-09,25.8616,26.6022,25.6458,26.4923,2899008
2002-08-12,26.2416,27.0531,26.0239,26.8744,3260376
2002-08-13,26.6022,27.579,25.952,26.7829,4415390
2002-08-14,26.6372,28.4071,26.1493,28.2069,4326382
2002-08-15,28.2069,28.7491,27.8121,28.4071,2778392
2002-08-16,27.9367,28.0066,26.8355,27.0697,3196212
2002-08-19,27.3953,28.0465,27.0357,27.9561,2667589
2002-08-20,27.9561,28.4585,27.7015,28.0066,2709947
2002-08-21,28.2282,28.9659,27.4157,28.8386,3188403
2002-08-22,29.4343,29.5442,28.4585,28.4585,3295974
2002-08-23,28.3351,28.3526,27.4517,27.5586,3681713
2002-08-26,27.8121,28.4585,27.7015,28.3166,2823231
2002-08-27,28.516,28.6403,26.9978,27.2154,3022953
2002-08-28,27.162,27.8842,26.6927,27.7413,4027843
2002-08-29,27.3632,27.9561,27.2154,27.7015,3640968
2002-08-30,27.612,27.6518,26.8005,27.2854,3554626
2002-09-03,27.2854,27.2854,25.7527,25.8081,3040092
2002-09-04,25.6264,26.4225,24.9937,25.8266,4249942
2002-09-05,25.8266,26.3136,25.5546,25.8791,2905198
2002-09-06,26.0239,26.2221,25.2473,25.4116,2572294
2002-09-09,25.4651,25.7178,24.9218,25.573,3279795
2002-09-10,25.015,25.0336,24.1676,24.4893,4841008
2002-09-11,24.5457,24.5992,23.3726,23.6962,6020966
2002-09-12,23.4434,23.9654,22.8322,22.903,5510719
2002-09-13,22.8108,23.5173,22.4512,23.3532,4150456
2002-09-16,23.083,23.5717,22.4871,23.3532,3755482
2002-09-17,23.6029,23.7312,21.9992,22.2519,4812641
2002-09-18,22.2519,23.2997,21.6211,22.9945,5460929
2002-09-19,22.6689,23.0654,21.6542,21.7835,5446459
2002-09-20,19.0387,20.8825,19.0387,20.7377,19237910
2002-09-23,20.2838,20.7921,19.6871,20.142,8293681
2002-09-24,19.8173,20.0137,19.3828,19.5655,7332389
2002-09-25,18.6082,18.895,18.1019,18.6606,15322299
2002-09-26,18.6606,20.1594,18.6606,19.4383,17448223
2002-09-27,19.3109,19.5655,18.9124,19.4198,9667939
2002-09-30,19.3109,20.0321,18.822,19.8698,7028809
2002-10-01,19.6705,20.3207,19.1846,20.3207,6041814
2002-10-02,20.3411,21.0429,17.7957,19.4917,6248959
2002-10-03,19.7639,19.8698,19.0582,19.6871,5321371
2002-10-04,19.3109,19.3294,18.5528,18.6606,7701463
2002-10-07,18.6606,19.0961,18.6606,18.7142,5671695
2002-10-08,18.7142,19.169,17.0191,18.408,19219819
2002-10-09,18.2282,18.4265,16.6916,16.8383,11637256
2002-10-10,17.2339,19.5966,16.9298,19.2215,10099551
2002-10-11,19.5111,19.9232,18.9124,19.6705,6426120
2002-10-14,18.9853,19.6705,18.3002,19.4383,4459939
2002-10-15,19.4383,20.0709,19.0213,19.3643,5719104
2002-10-16,19.0961,19.3109,18.6811,18.9678,3249331
2002-10-17,19.5655,19.7259,18.6082,19.0213,3611740
2002-10-18,18.7142,19.4198,18.6606,19.0582,3280746
2002-10-21,19.0213,20.449,18.9678,20.4092,5640278
2002-10-22,20.4306,21.4568,18.8055,19.9787,9108653
2002-10-23,20.3411,20.9535,19.9787,20.4636,4885466
2002-10-24,19.8173,20.2128,19.3294,19.4004,6501136
2002-10-25,19.3109,20.1244,18.895,19.8698,5394101
2002-10-28,20.3761,20.863,20.2322,20.5385,4007763
2002-10-29,20.3411,20.6482,19.4198,19.9961,5041777
2002-10-30,20.3411,20.5219,19.8698,20.5015,3556340
2002-10-31,20.8252,20.9709,20.0709,20.8252,4315434
2002-11-01,20.5724,20.9535,20.3411,20.7532,2747551
2002-11-04,21.2411,22.1994,21.0079,21.6756,4064593
2002-11-05,21.8544,22.0361,21.208,21.9263,2387807
2002-11-06,22.0692,22.3608,21.3509,22.2345,3612119
2002-11-07,21.9448,22.0555,20.8466,21.1536,4377116
2002-11-08,20.8252,21.208,20.0545,20.3033,4025467
2002-11-11,19.0582,19.4198,18.3915,18.7142,7917465
2002-11-12,19.3294,19.3479,18.6606,19.0787,5688829
2002-11-13,19.0582,19.4198,18.9124,19.1846,3816604
2002-11-14,19.2915,19.5821,18.8629,19.0582,3726453
2002-11-15,19.0582,19.4004,18.895,19.2574,3060935
2002-11-18,19.8173,19.8698,19.0961,19.0961,4546475
2002-11-19,19.4198,19.5452,19.0961,19.2574,3230197
2002-11-20,19.4917,19.4917,18.9124,19.1846,3585947
2002-11-21,19.3479,19.8173,19.2215,19.6871,4512396
2002-11-22,19.5966,21.0079,19.4383,20.7921,5711581
2002-11-25,20.7921,21.2781,20.3761,20.6639,4551423
2002-11-26,20.6268,20.898,20.2128,20.4306,3668480
2002-11-27,20.6104,20.6268,20.0137,20.5219,2883110
2002-11-29,20.3937,20.5929,20.2128,20.3761,1478017
2002-12-02,20.3207,20.5385,19.6384,19.8328,3469617
2002-12-03,20.0137,21.8709,19.8698,21.8709,5494156
2002-12-04,21.4568,21.4568,20.0709,20.3207,6400131
2002-12-05,20.3207,20.5724,19.5966,19.7453,4968763
2002-12-06,19.7453,20.3207,19.5267,20.3033,3997193
2002-12-09,20.1749,20.2683,19.7259,19.8698,3560147
2002-12-10,20.1244,20.1244,19.4917,19.9232,4202623
2002-12-11,19.654,19.961,19.3828,19.961,3589089
2002-12-12,19.961,19.9961,19.5655,19.9416,2855692
2002-12-13,20.1244,20.3937,19.4383,19.7978,5704531
2002-12-16,19.7978,20.2489,19.7978,20.0321,4130081
2002-12-17,20.4306,20.6268,20.2128,20.5385,3788240
2002-12-18,20.5929,20.6639,20.1749,20.3207,3550153
2002-12-19,20.0709,20.3207,20.0545,20.3207,3364330
2002-12-20,20.5724,20.8466,20.3207,20.7193,5468831
2002-12-23,19.961,20.5724,19.9416,20.3937,5292239
2002-12-24,20.3937,20.4811,20.2489,20.3207,1866795
2002-12-26,20.3207,20.555,20.2322,20.3937,2017875
2002-12-27,20.2489,20.4306,19.7453,19.9232,2218452
2002-12-30,19.7259,19.9961,19.6161,19.9961,2980780
2002-12-31,19.7639,20.3207,19.7453,20.1594,2923377
2003-01-02,20.3761,20.5724,20.0545,20.5385,2714328
2003-01-03,20.7377,21.0429,20.5219,20.7736,3562621
2003-01-06,21.0974,21.7465,20.8252,21.728,5953192
2003-01-07,21.728,21.9263,20.9535,21.4745,6314363
2003-01-08,21.4044,22.11,21.2781,21.9127,5277484
2003-01-09,21.9127,22.2519,21.8923,22.0361,4308202
2003-01-10,22.0187,22.0187,21.4939,21.6756,4045458
2003-01-13,19.5452,19.5966,18.408,18.4265,29967661
2003-01-14,18.3915,18.7337,17.7044,18.5169,16637058
2003-01-15,18.6976,18.8055,18.5169,18.6412,5857607
2003-01-16,18.7899,18.8406,18.5714,18.6606,4845768
2003-01-17,18.6606,18.6606,18.0843,18.4625,4407774
2003-01-21,18.5714,18.6606,17.957,17.957,5059104
2003-01-22,18.1554,18.1942,17.6878,17.6878,5201138
2003-01-23,17.9376,18.2088,17.7044,17.957,4050689
2003-01-24,17.7957,17.957,17.613,17.6878,5495389
2003-01-27,17.6878,17.6878,17.1105,17.1105,5860277
2003-01-28,17.957,17.957,17.4691,17.65,7783807
2003-01-29,17.5401,17.8491,17.3069,17.5789,2969455
2003-01-30,17.6684,17.7773,17.4341,17.4517,3479036
2003-01-31,17.4341,17.6878,17.4002,17.5789,4305630
2003-02-03,17.613,17.8852,17.5605,17.7569,3012200
2003-02-04,17.5974,17.7044,17.4517,17.5401,3120151
2003-02-05,17.5091,17.6304,17.3069,17.3253,3323680
2003-02-06,17.3253,17.4876,16.9482,17.0367,5441032
2003-02-07,17.0367,17.127,16.5293,16.6596,5366205
2003-02-10,16.6596,16.7859,16.2785,16.3495,6250865
2003-02-11,16.4593,16.4943,15.953,15.953,8056262
2003-02-12,15.8111,15.953,14.674,14.674,20649478
2003-02-13,14.223,15.468,13.6622,15.396,25176341
2003-02-14,14.9266,15.2133,14.5116,14.8702,9127697
2003-02-18,14.8168,15.1793,14.5467,15.1598,5399150
2003-02-19,15.121,15.1793,14.7818,14.9091,3703796
2003-02-20,15.0686,15.1939,14.4727,14.5467,7096208
2003-02-21,14.7089,14.7089,14.3844,14.4018,5090044
2003-02-24,14.5116,14.8702,14.4378,14.4572,5322609
2003-02-25,14.4018,14.8372,14.1491,14.2929,5887694
2003-02-26,14.3493,14.4903,14.1491,14.2929,3566045
2003-02-27,14.3123,14.4903,14.0063,14.184,5091472
2003-02-28,14.4378,14.6166,13.9848,14.184,7922608
2003-03-03,14.2929,14.4378,14.0412,14.0772,4656617
2003-03-04,14.0957,14.184,13.9848,14.0957,4551042
2003-03-05,14.0772,14.3299,13.5883,13.8604,7301453
2003-03-06,13.7516,13.807,13.5543,13.6447,5614385
2003-03-07,13.4998,13.8779,13.2821,13.391,6980161
2003-03-10,13.3191,13.4814,12.8302,12.942,7457287
2003-03-11,12.942,13.1742,12.9021,13.0295,4761141
2003-03-12,13.391,14.2405,13.2657,13.9148,13092044
2003-03-13,14.4222,14.4903,14.0957,14.3844,7323157
2003-03-14,14.6029,14.8168,14.4572,14.5621,5839333
2003-03-17,14.8868,15.503,14.7089,15.3766,7393505
2003-03-18,16.1522,16.4943,15.7012,16.2999,12298398
2003-03-19,16.2999,16.6596,16.1007,16.1007,9227936
2003-03-20,16.2785,16.6216,16.1007,16.4943,6649067
2003-03-21,16.6596,16.6916,15.8266,16.1716,7891670
2003-03-24,15.8655,15.918,15.503,15.503,4154457
2003-03-25,15.503,16.0297,15.2347,15.918,4914217
2003-03-26,15.9704,16.3874,15.7547,15.9899,5820294
2003-03-27,16.0424,16.2999,15.8451,16.1716,3438676
2003-03-28,15.918,16.1716,15.7012,15.7917,6228021
2003-03-31,15.5205,16.1007,15.2347,15.2667,8462370
2003-04-01,14.8702,15.2347,14.184,14.4572,11861444
2003-04-02,14.7284,14.9597,14.6166,14.8168,5841810
2003-04-03,14.9266,15.017,14.5621,14.5806,4386639
2003-04-04,14.5806,14.9091,14.5806,14.8702,3222009
2003-04-07,15.503,15.5205,14.7284,14.7818,3858303
2003-04-08,14.7818,14.9781,14.7438,14.7633,3084453
2003-04-09,14.7633,14.9266,14.674,14.7089,3077409
2003-04-10,14.8168,14.8372,14.674,14.7993,3003062
2003-04-11,15.2853,15.396,14.8168,15.121,6702952
2003-04-14,15.121,15.5205,15.089,15.503,4827207
2003-04-15,15.503,15.953,15.4494,15.8976,4987613
2003-04-16,15.8976,16.2416,15.8655,16.0803,5434278
2003-04-17,16.1882,16.4943,16.1162,16.4943,5195805
2003-04-21,16.4943,16.6216,16.2999,16.3719,4649667
2003-04-22,16.3719,17.4517,16.3495,17.3797,10868359
2003-04-23,17.0191,17.6878,16.9812,17.5974,6640499
2003-04-24,17.4341,18.0669,17.3797,17.7569,6210123
2003-04-25,17.8491,17.957,17.5401,17.5401,3693512
2003-04-28,17.5974,18.2282,17.5789,18.2282,4962195
2003-04-29,18.373,18.408,17.8491,18.1554,5728243
2003-04-30,18.1554,18.6811,17.9959,18.4819,9146068
2003-05-01,17.4876,18.0115,17.4517,17.7044,13412191
2003-05-02,17.4341,17.7044,17.4341,17.6304,9849470
2003-05-05,17.7569,17.7773,17.5225,17.65,4077443
2003-05-06,17.6684,17.7413,17.5605,17.613,4185112
2003-05-07,17.613,17.7044,17.4876,17.5974,4340748
2003-05-08,17.5974,17.7569,17.5091,17.7413,3250383
2003-05-09,17.7044,17.8491,17.5974,17.7773,3228197
2003-05-12,17.6304,17.8491,17.5401,17.6878,5021885
2003-05-13,17.5091,17.8122,17.5091,17.7569,7467279
2003-05-14,17.65,17.9376,17.4691,17.9376,5286051
2003-05-15,17.8491,18.3186,17.7773,18.3186,8358795
2003-05-16,18.443,18.9124,18.3915,18.6811,6385663
2003-05-19,18.4819,18.7501,18.1942,18.2088,3597939
2003-05-20,18.2632,18.5343,18.0843,18.2282,3371468
2003-05-21,17.8852,18.1193,17.7773,18.0843,4913838
2003-05-22,18.2632,18.8629,18.2088,18.7695,5502717
2003-05-23,18.9338,19.6705,18.8629,19.5452,9667166
2003-05-27,19.5452,20.2128,19.1846,20.1944,9146544
2003-05-28,20.3567,20.3761,20.1244,20.142,6659254
2003-05-29,20.0846,20.3761,19.5821,19.9066,6310362
2003-05-30,20.0846,20.5385,20.0709,20.3567,5562884
2003-06-02,20.4306,20.7193,20.2128,20.2683,5278628
2003-06-03,20.3207,20.3761,20.1244,20.2128,3310161
2003-06-04,20.3207,20.5724,20.142,20.4811,4138561
2003-06-05,20.4811,20.7008,20.3033,20.3411,3064453
2003-06-06,20.3937,20.6639,19.7978,19.961,5062058
2003-06-09,19.961,20.2128,19.8173,19.9066,3113107
2003-06-10,19.961,20.2128,19.8698,20.2128,3027427
2003-06-11,20.2128,20.2489,20.0321,20.0709,4046789
2003-06-12,20.0709,20.0709,19.5966,19.9416,7150567
2003-06-13,19.9416,19.9961,19.2915,19.4722,4390353
2003-06-16,19.6871,19.961,19.5452,19.8698,3577662
2003-06-17,19.9232,21.1672,19.7095,21.0079,12667466
2003-06-18,21.2411,21.5483,21.0807,21.5308,7679857
2003-06-19,21.6211,21.8,21.0429,21.3509,3931314
2003-06-20,21.6211,21.6211,21.3325,21.4239,6111503
2003-06-23,21.4568,21.4939,21.0253,21.1672,4034603
2003-06-24,21.1672,21.2256,20.8077,21.0079,3040758
2003-06-25,21.1148,21.4239,21.0079,21.1536,3479608
2003-06-26,21.2985,21.4044,21.0807,21.4044,2522320
2003-06-27,21.2411,21.4044,21.0429,21.0429,2042912
2003-06-30,21.0429,21.1672,20.8077,20.9535,2564680
2003-07-01,20.4306,20.7008,20.2128,20.5724,4653094
2003-07-02,20.449,20.449,20.3411,20.449,3819744
2003-07-03,20.3033,20.3567,20.1244,20.142,2723848
2003-07-07,20.0846,20.3937,20.0709,20.2683,3886000
2003-07-08,20.0846,20.1944,19.9416,20.0545,4040028
2003-07-09,19.961,20.2128,19.961,19.9961,3043135
2003-07-10,19.961,19.9961,19.4383,19.5111,3834019
2003-07-11,19.4383,19.7978,19.4383,19.6705,2486241
2003-07-14,19.7639,19.8523,19.5111,19.5655,3228485
2003-07-15,19.5655,19.6871,19.2915,19.3109,3648680
2003-07-16,19.275,19.2915,18.6412,19.0213,4382742
2003-07-17,18.7899,18.9853,18.7501,18.8629,3743968
2003-07-18,19.0582,19.4383,18.9124,19.4198,3078743
2003-07-21,19.3479,19.3643,18.7899,18.8406,2568298
2003-07-22,19.0582,19.4198,19.0058,19.4004,2801623
2003-07-23,19.2915,19.3643,18.9853,19.0961,1875077
2003-07-24,19.2215,19.4722,19.0582,19.2574,2744601
2003-07-25,19.3643,19.4383,19.0787,19.2409,2313647
2003-07-28,19.3294,19.4198,19.1108,19.2215,3356240
2003-07-29,19.1846,19.4198,19.0058,19.1506,3922748
2003-07-30,19.1108,19.3109,17.8491,18.2282,13228083
2003-07-31,18.1738,18.7899,18.0669,18.4265,6197271
2003-08-01,18.5169,18.5169,18.1193,18.3002,4579411
2003-08-04,18.5169,18.5169,17.957,18.0669,5402952
2003-08-05,17.957,18.0669,17.8122,17.8307,6340445
2003-08-06,17.8307,18.0115,17.613,17.9036,6408321
2003-08-07,17.8676,17.9959,17.8122,17.9376,4304197
2003-08-08,17.9376,17.9745,17.8122,17.922,3935790
2003-08-11,18.0115,18.1554,17.8491,18.1359,2582194
2003-08-12,18.2088,18.408,18.0669,18.408,5506906
2003-08-13,18.408,18.408,17.8122,17.8491,4546948
2003-08-14,17.8491,18.0669,17.7044,18.029,2280612
2003-08-15,18.029,18.2282,17.9376,18.2088,1388914
2003-08-18,18.2088,18.2632,17.957,18.0484,2066046
2003-08-19,18.0115,18.029,17.7569,17.8852,3537869
2003-08-20,17.8852,18.2632,17.7773,18.2282,2435591
2003-08-21,18.3186,18.4265,18.1019,18.1554,2703098
2003-08-22,18.1554,18.2088,17.8491,17.8491,2284612
2003-08-25,17.8491,17.8491,17.7044,17.8122,2566488
2003-08-26,17.8122,17.8491,17.5974,17.8122,3218203
2003-08-27,17.7044,17.8852,17.6878,17.8852,3074169
2003-08-28,17.8307,17.957,17.7569,17.8491,2694720
2003-08-29,17.7569,17.957,17.7569,17.9376,2170188
2003-09-02,17.922,18.5169,17.922,18.4974,5264729
2003-09-03,18.5898,18.6606,18.3915,18.6606,3770340
2003-09-04,18.6811,18.7337,18.2282,18.4819,7481085
2003-09-05,18.2282,18.5169,18.2282,18.2282,5646849
2003-09-08,18.1738,18.4974,18.0843,18.4819,4906981
2003-09-09,18.3536,18.4625,18.2632,18.2817,3531016
2003-09-10,18.1942,18.5528,18.1738,18.5169,3649635
2003-09-11,18.6238,18.7899,18.5898,18.6082,3881243
2003-09-12,18.6412,18.7501,18.3915,18.6811,2759644
2003-09-15,18.6811,18.6811,18.4625,18.5714,2261864
2003-09-16,18.5714,18.7142,18.443,18.6811,2691103
2003-09-17,18.6811,18.6976,18.5169,18.6412,3035614
2003-09-18,18.6412,19.169,18.6238,19.169,4518012
2003-09-19,19.2215,19.4917,19.169,19.4917,4853382
2003-09-22,19.3828,19.3828,18.9678,19.0961,2792961
2003-09-23,19.1108,19.6384,19.0213,19.2574,5359259
2003-09-24,19.1846,19.1846,18.8055,18.8055,4739244
2003-09-25,18.895,19.0213,18.822,18.9124,2206456
2003-09-26,18.8629,19.0213,18.6606,18.8629,2358862
2003-09-29,18.8055,19.1108,18.7695,18.9124,2744887
2003-09-30,18.8629,18.9338,18.5898,18.7142,3038848
2003-10-01,18.5898,18.8055,18.5714,18.7899,3383746
2003-10-02,18.7899,18.9678,18.6606,18.8629,2439013
2003-10-03,19.1506,19.1506,18.8055,18.8055,2826756
2003-10-06,18.7695,18.9124,18.7695,18.8055,2370484
2003-10-07,18.6606,18.9124,18.6606,18.9124,4004239
2003-10-08,19.961,19.9787,19.275,19.5821,13843904
2003-10-09,19.5821,19.6161,19.0787,19.3828,5674739
2003-10-10,19.3828,19.5821,19.3828,19.5655,6122730
2003-10-13,19.5655,19.7095,19.4198,19.7095,9166626
2003-10-14,19.7259,19.7259,19.4917,19.5966,4427472
2003-10-15,19.5821,19.5966,19.2574,19.3828,5325369
2003-10-16,19.2215,19.4538,19.1506,19.4383,3857349
2003-10-17,19.5267,19.5267,19.275,19.3479,3454288
2003-10-20,19.3828,19.4722,19.3109,19.4383,2052331
2003-10-21,19.2574,19.4383,19.169,19.4383,4414631
2003-10-22,19.4383,19.4538,19.2409,19.4383,4902031
2003-10-23,19.4383,19.4383,19.0582,19.1108,5075952
2003-10-24,18.9678,19.1108,18.9124,19.0387,3669337
2003-10-27,19.0213,19.169,18.7337,18.895,4993514
2003-10-28,18.5343,18.5528,18.1554,18.5169,12434622
2003-10-29,18.5169,18.6082,18.408,18.5898,5229602
2003-10-30,18.3915,19.0213,18.3915,18.8406,8884850
2003-10-31,19.2215,19.4383,19.0387,19.0582,9079711
2003-11-03,19.1108,19.2001,18.9338,19.1846,3420318
2003-11-04,18.9504,19.0213,18.6976,18.7695,4030997
2003-11-05,18.6606,18.7695,18.5343,18.5898,3548531
2003-11-06,18.4819,18.5898,18.443,18.5714,2783532
2003-11-07,18.5714,18.6412,18.4265,18.4974,2506513
2003-11-10,18.4625,18.5898,18.3915,18.5169,2810188
2003-11-11,18.5169,18.6412,18.4625,18.5898,5958048
2003-11-12,18.3915,18.4265,18.2282,18.3341,3934743
2003-11-13,18.3536,18.3536,18.1554,18.2817,4329709
2003-11-14,18.3536,18.4625,18.3186,18.3341,4463274
2003-11-17,18.2457,18.2817,17.9376,18.0115,3168033
2003-11-18,18.0843,18.1942,18.0115,18.0669,3990145
2003-11-19,18.1738,18.6082,18.1738,18.5169,4722966
2003-11-20,18.5343,18.7337,18.3186,18.5528,5084998
2003-11-21,18.7337,18.7899,18.5528,18.7695,4217383
2003-11-24,18.7695,19.169,18.7501,19.1108,5268532
2003-11-25,19.1292,19.1292,18.9124,18.9504,3893617
2003-11-26,19.1108,19.1108,18.8055,18.9338,3021144
2003-11-28,18.9124,19.0582,18.9124,18.9504,916932
2003-12-01,18.9504,19.1108,18.8629,19.0213,3303970
2003-12-02,18.9124,18.9338,18.6606,18.6606,5129648
2003-12-03,18.7899,18.895,18.5343,18.6606,6108259
2003-12-04,18.6976,19.0213,18.6606,18.9678,3216772
2003-12-05,19.0387,19.3109,18.9678,19.169,5132599
2003-12-08,19.3109,19.5966,19.2409,19.5267,4822160
2003-12-09,19.5966,19.7978,19.5111,19.5452,4379782
2003-12-10,19.4722,20.142,19.4722,19.961,7060036
2003-12-11,20.1244,20.1944,19.9961,20.1749,5964614
2003-12-12,20.1944,20.2683,19.9961,20.0321,3970915
2003-12-15,20.1944,20.2683,20.0137,20.0137,2749455
2003-12-16,20.2683,20.2683,20.0321,20.1011,3607745
2003-12-17,20.1011,20.3761,19.961,20.3033,3400596
2003-12-18,20.2489,20.5724,20.2128,20.5724,3606795
2003-12-19,20.6482,20.9164,20.5385,20.8252,4587696
2003-12-22,20.8252,21.1672,20.6482,21.1672,4876326
2003-12-23,21.1672,21.6756,21.0807,21.6756,5045306
2003-12-24,21.6756,21.9448,21.4568,21.5308,2269285
2003-12-26,21.5308,21.6211,21.3666,21.3666,1801109
2003-12-29,21.3666,21.5483,21.2411,21.4939,2812189
2003-12-30,21.4939,21.8544,21.4745,21.8379,3316159
2003-12-31,21.7659,21.8379,21.4239,21.4745,3318730
2004-01-02,21.6396,21.728,21.3131,21.3666,3355851
2004-01-05,21.3666,21.4745,20.863,21.3509,4462793
2004-01-06,21.2985,21.2985,20.898,21.0429,8102052
2004-01-07,22.1606,22.5979,22.0555,22.2703,20583506
2004-01-08,22.1606,22.182,21.7465,21.9127,9309328
2004-01-09,21.8,21.9263,21.7135,21.7465,4037939
2004-01-12,21.6941,21.7465,21.5308,21.6211,4032505
2004-01-13,21.6211,21.6396,21.4568,21.6211,3832122
2004-01-14,21.6046,21.9992,21.5842,21.9448,3114722
2004-01-15,21.9448,22.0555,21.8379,21.9643,3558243
2004-01-16,22.0906,22.11,21.9263,22.0187,2809521
2004-01-20,21.9992,22.3608,21.9448,22.3239,3635068
2004-01-21,22.4142,23.083,22.2879,23.0081,5885218
2004-01-22,23.0654,23.0654,22.5591,22.632,4240326
2004-01-23,22.5765,22.6883,22.2519,22.3239,4065541
2004-01-26,22.2879,22.8322,22.0692,22.2159,2589904
2004-01-27,22.1606,22.2159,22.0555,22.0692,3506836
2004-01-28,22.11,22.8496,22.0906,22.5765,5409047
2004-01-29,23.0081,23.2627,22.7923,23.1538,7278797
2004-01-30,23.1188,23.1188,22.6883,22.8322,4614345
2004-02-02,22.7923,23.1909,22.6689,23.0654,4144078
2004-02-03,23.3172,23.6233,23.2083,23.4434,6235922
2004-02-04,23.2423,23.3346,22.8652,22.9565,4072587
2004-02-05,23.1188,23.2627,22.8108,22.8322,3450958
2004-02-06,22.7582,23.0081,22.7582,22.9945,3307589
2004-02-09,22.9945,23.1188,22.8496,23.1188,4399872
2004-02-10,23.1188,23.4434,23.083,23.3346,4065067
2004-02-11,22.9731,22.9731,22.5979,22.8322,5657893
2004-02-12,22.6883,22.8836,22.5591,22.632,3259421
2004-02-13,22.5415,22.6134,22.3812,22.3812,2849222
2004-02-17,22.4512,23.1538,22.4512,23.1188,3741878
2004-02-18,23.1383,23.1383,22.8322,22.903,2729371
2004-02-19,22.903,22.9945,22.632,22.6475,2442445
2004-02-20,22.8108,22.8108,22.3812,22.6134,2412269
2004-02-23,22.5056,22.632,22.3812,22.4512,1749321
2004-02-24,22.3812,22.4871,22.2879,22.3239,2696242
2004-02-25,22.4327,22.903,22.3812,22.8108,3593939
2004-02-26,22.4327,22.9565,22.4327,22.8836,2507657
2004-02-27,22.8836,23.2287,22.8322,23.0654,4402443
2004-03-01,23.1538,23.2811,23.0654,23.2627,2104879
2004-03-02,23.2811,23.3346,23.0081,23.0654,2577144
2004-03-03,23.0266,23.2627,23.0266,23.1188,1925816
2004-03-04,23.1188,23.1538,22.903,22.9565,2725084
2004-03-05,22.9361,23.083,22.8836,23.0266,3932075
2004-03-08,23.083,23.2083,23.0081,23.1188,1943708
2004-03-09,23.1188,23.1383,22.7582,22.9235,3105390
2004-03-10,22.903,23.0081,22.6883,22.6883,2559249
2004-03-11,22.903,23.047,22.5765,22.5765,3824795
2004-03-12,22.6134,22.903,22.4871,22.7768,2394567
2004-03-15,22.8496,22.8496,22.4327,22.5056,2811999
2004-03-16,23.1714,23.1714,22.5979,22.7582,2456536
2004-03-17,22.7923,23.2287,22.7582,23.1538,2703283
2004-03-18,23.1714,23.2627,23.0266,23.1538,2185039
2004-03-19,23.2083,23.3346,23.1188,23.1383,2004832
2004-03-22,23.0081,23.1909,22.8108,22.903,2497850
2004-03-23,22.9731,23.083,22.8322,22.8836,1721906
2004-03-24,22.8496,23.1909,22.7768,23.1188,4515245
2004-03-25,23.1188,23.2423,23.0266,23.1538,1808344
2004-03-26,23.1538,23.2423,23.0654,23.1188,1755609
2004-03-29,23.1188,23.3532,23.083,23.3172,2274422
2004-03-30,23.3346,23.6962,23.2627,23.6438,2779156
2004-03-31,23.6438,23.8429,23.5329,23.7312,2360580
2004-04-01,23.7312,24.0588,23.6632,23.8235,3086928
2004-04-02,23.8594,23.8945,23.39,23.4076,3286841
2004-04-05,23.425,23.425,23.2423,23.3172,5013893
2004-04-06,23.2627,23.3726,23.1188,23.1538,8114139
2004-04-07,23.1909,23.2083,22.7408,22.7582,5040830
2004-04-08,22.8496,22.903,22.6883,22.7408,2874164
2004-04-12,22.8652,22.9565,22.3424,22.5591,3165558
2004-04-13,22.5056,22.5056,21.9837,22.0692,5647420
2004-04-14,21.8544,22.0187,21.6542,21.7835,8641433
2004-04-15,21.9448,22.182,21.6542,21.7835,6038959
2004-04-16,22.11,22.11,21.8379,21.9448,4044412
2004-04-19,21.9992,22.0187,21.8544,21.8923,3507696
2004-04-20,21.9992,22.11,21.9263,21.9448,3992532
2004-04-21,21.9448,22.0361,21.8,21.9643,3935407
2004-04-22,21.9837,22.4142,21.9448,22.2879,3800615
2004-04-23,22.3103,22.5591,22.1286,22.5415,3183933
2004-04-26,22.5979,22.7408,22.5591,22.6883,3034950
2004-04-27,22.7923,22.8322,22.3103,22.4327,4155309
2004-04-28,22.4871,22.9235,22.3812,22.9235,5818481
2004-04-29,22.903,22.903,21.9263,22.0361,6236586
2004-04-30,22.3103,22.4327,21.9643,22.1286,4612824
2004-05-03,22.0692,22.11,21.9127,21.9992,3113490
2004-05-04,21.9992,22.1286,21.8,21.9263,3297783
2004-05-05,21.8544,21.9263,21.5142,21.5308,3869249
2004-05-06,21.3325,21.5308,21.208,21.4745,4753718
2004-05-07,21.1342,21.2781,20.5929,20.7921,5737478
2004-05-10,20.4306,20.7008,20.2128,20.4636,6459249
2004-05-11,20.4636,21.0079,20.3937,20.5385,4284775
2004-05-12,20.5929,20.6104,19.961,20.0545,6686293
2004-05-13,20.0137,20.4636,19.7978,20.3567,5959470
2004-05-14,20.3761,20.6104,20.2322,20.3761,3516166
2004-05-17,20.2128,20.4306,20.0846,20.3411,2803813
2004-05-18,20.5724,20.5929,20.2683,20.2838,1839190
2004-05-19,20.4811,20.5219,20.142,20.2322,1750183
2004-05-20,20.1944,20.4811,20.1749,20.3033,1858804
2004-05-21,20.4636,20.5219,20.1944,20.3411,2082891
2004-05-24,20.4636,20.6268,20.3411,20.6268,2193324
2004-05-25,20.4306,20.9709,20.4306,20.9351,2514985
2004-05-26,20.9351,20.9709,20.6639,20.8825,1963130
2004-05-27,20.9535,21.0807,20.7736,21.0079,2660926
2004-05-28,21.0079,21.0253,20.7736,20.9535,2272616
2004-06-01,20.9535,21.0613,20.7008,20.863,1655273
2004-06-02,20.7008,20.9535,20.7008,20.8466,2271378
2004-06-03,20.8466,20.898,20.5724,20.6268,3032760
2004-06-04,20.6268,20.7921,20.555,20.5724,2103168
2004-06-07,20.5724,20.9351,20.5724,20.9164,2455770
2004-06-08,20.7736,20.8466,20.6482,20.6639,2761354
2004-06-09,20.6482,20.7008,20.3411,20.3937,3036949
2004-06-10,20.4306,20.5219,20.3207,20.3761,2777726
2004-06-14,20.3761,20.3761,20.1011,20.1011,2428265
2004-06-15,20.4306,20.5724,20.4092,20.4636,3053985
2004-06-16,20.6639,20.7532,20.449,20.7008,2859980
2004-06-17,20.8252,20.8466,20.6639,20.6813,2396945
2004-06-18,20.7008,20.9895,20.5929,20.8825,2307844
2004-06-21,20.8825,21.3131,20.8252,21.1672,2457301
2004-06-22,21.0974,21.3666,20.8077,21.0079,2583717
2004-06-23,21.0253,21.2587,20.9535,21.208,2571918
2004-06-24,21.2411,21.5308,21.208,21.4745,2370955
2004-06-25,21.4745,21.5483,21.3666,21.386,1873269
2004-06-28,21.4939,21.7835,21.3509,21.4239,1628807
2004-06-29,21.4939,21.5142,20.9535,21.0807,2345157
2004-06-30,21.1672,21.3509,20.9895,21.3131,2531836
2004-07-01,21.2587,21.386,20.8466,21.1342,2518317
2004-07-02,21.2985,21.4239,21.1536,21.208,1583492
2004-07-06,21.208,21.5842,21.1672,21.5842,2318217
2004-07-07,21.5842,21.5842,21.3666,21.4939,1745137
2004-07-08,21.4745,21.5842,21.3325,21.3666,2229113
2004-07-09,21.7135,21.7135,21.2587,21.5842,1662504
2004-07-12,21.6756,21.7135,21.4745,21.4939,1826911
2004-07-13,21.4939,21.6396,21.386,21.6211,2020442
2004-07-14,21.5308,21.8,21.4044,21.7465,2548781
2004-07-15,21.7465,21.9837,21.6542,21.7835,2790770
2004-07-16,22.0361,22.182,21.9263,22.182,2701480
2004-07-19,22.182,22.2345,21.9448,22.11,1786639
2004-07-20,22.142,22.3812,22.0692,22.3239,2484047
2004-07-21,22.3239,22.3424,21.8544,21.9643,2221401
2004-07-22,21.9448,21.9837,21.5842,21.6941,2444635
2004-07-23,21.6941,21.8,21.5667,21.6046,1789303
2004-07-26,21.5483,21.7659,21.4745,21.7135,2132775
2004-07-27,21.6396,21.9263,21.5142,21.9263,2843225
2004-07-28,21.8379,22.0692,21.6211,21.9992,2615510
2004-07-29,22.182,22.7019,22.182,22.4687,3243996
2004-07-30,22.4327,22.6883,22.1606,22.5765,2494332
2004-08-02,22.5765,22.8836,22.4327,22.8322,1852136
2004-08-03,22.7408,22.9945,22.7408,22.8652,1980940
2004-08-04,22.7019,23.2423,22.6883,23.1188,4985135
2004-08-05,23.2083,23.2997,22.7768,22.7923,2869783
2004-08-06,22.9945,23.4076,22.8652,23.2627,4576937
2004-08-09,23.3532,23.3532,23.0654,23.0654,1923249
2004-08-10,23.1538,23.6029,23.0654,23.5173,4384545
2004-08-11,23.2423,23.5717,23.1714,23.5329,5100321
2004-08-12,23.4434,23.4775,23.3172,23.3532,2419223
2004-08-13,23.3172,23.3532,23.0654,23.1383,2696999
2004-08-16,23.2083,23.2997,23.047,23.1714,1684780
2004-08-17,23.1714,23.1714,22.8496,22.9945,2744406
2004-08-18,22.9945,23.425,22.9565,23.4076,2706904
2004-08-19,23.2083,23.3346,23.0081,23.0654,2962982
2004-08-20,23.0654,23.1188,22.903,22.9945,2082320
2004-08-23,22.9945,23.0994,22.9235,22.9565,1235833
2004-08-24,23.462,23.462,22.8652,22.903,3143850
2004-08-25,23.0266,23.2627,22.9361,23.1538,2196849
2004-08-26,23.1909,23.2423,22.9235,22.9565,1205751
2004-08-27,22.9945,23.1383,22.9565,23.083,1143683
2004-08-30,23.1188,23.2423,23.047,23.1909,1597005
2004-08-31,23.1538,23.2811,23.083,23.2627,3359848
2004-09-01,23.2627,23.2997,22.9945,23.1188,3255423
2004-09-02,23.1909,23.2287,23.083,23.1188,5172961
2004-09-03,23.1538,23.2423,23.0654,23.0994,2028815
2004-09-07,23.2423,23.2811,23.1188,23.2627,2863212
2004-09-08,23.1909,23.2627,23.0654,23.1383,2360101
2004-09-09,23.083,23.2811,23.083,23.1538,2257289
2004-09-10,23.1538,23.1909,23.0654,23.1188,2317454
2004-09-13,23.2811,23.3726,22.9565,22.9565,3515307
2004-09-14,23.0081,23.2423,23.0081,23.0994,3390508
2004-09-15,23.1909,23.2811,23.1188,23.1188,2934515
2004-09-16,23.2083,23.3726,23.1538,23.2811,4661662
2004-09-17,23.3726,23.5717,23.2627,23.2997,5956803
2004-09-20,23.2811,23.3726,23.1909,23.2423,1807110
2004-09-21,23.2997,23.5173,23.2811,23.462,2349348
2004-09-22,23.462,23.9294,23.3532,23.8945,4070110
2004-09-23,23.8031,23.9294,23.5329,23.5513,2594381
2004-09-24,23.6029,23.7146,23.4775,23.5173,1884213
2004-09-27,23.5173,23.7866,23.4775,23.6029,1819769
2004-09-28,23.5893,23.9509,23.5893,23.8779,2033578
2004-09-29,23.8235,23.8779,23.6632,23.8429,1888692
2004-09-30,23.9509,24.1676,23.8945,24.0364,3162127
2004-10-01,24.0588,24.363,24.0023,24.2725,2459395
2004-10-04,24.3123,24.5631,24.2919,24.5271,2893490
2004-10-05,24.6166,24.671,24.5457,24.6166,2362863
2004-10-06,24.5992,24.9606,24.5271,24.9218,2537455
2004-10-07,24.9218,25.1589,24.7605,24.8003,1715338
2004-10-08,24.9606,24.9606,24.6166,24.8003,1226126
2004-10-11,24.741,24.8517,24.671,24.671,1476112
2004-10-12,24.4155,24.8003,24.4008,24.7605,2212165
2004-10-13,24.8129,24.8517,24.0588,24.2919,2789057
2004-10-14,24.1811,24.4756,24.1811,24.3444,1745044
2004-10-15,24.5271,24.9937,24.4893,24.9412,2493471
2004-10-18,24.8878,24.9412,24.4756,24.5992,2069754
2004-10-19,24.5631,24.8878,24.4543,24.4756,2951556
2004-10-20,24.636,24.8323,24.4359,24.7789,2720801
2004-10-21,24.6885,24.8703,24.5631,24.5992,2501185
2004-10-22,24.6885,24.9771,24.5992,24.8129,2045386
2004-10-25,24.9771,25.1375,24.7789,24.9412,2834372
2004-10-26,24.8878,25.5205,24.8517,25.5205,5190282
2004-10-27,25.8442,26.0055,25.3736,25.6264,5594583
2004-10-28,25.573,25.8266,25.3183,25.7722,3448863
2004-10-29,25.7722,25.8266,25.3378,25.7722,4112373
2004-11-01,25.7722,26.2047,25.6264,26.1347,3617266
2004-11-02,26.1493,26.1493,25.5379,25.5546,3741494
2004-11-03,25.8986,26.1347,25.7178,26.0958,3872680
2004-11-04,26.2047,26.7829,26.0783,26.7295,5129359
2004-11-05,26.7295,26.748,26.2221,26.4225,3322351
2004-11-08,26.6022,26.8189,26.5487,26.748,3102633
2004-11-09,26.6022,26.6547,26.2805,26.4225,4730107
2004-11-10,26.5303,26.5303,26.1678,26.2601,3285219
2004-11-11,26.2601,26.6022,26.1678,26.4759,3149569
2004-11-12,26.5303,26.8355,26.4225,26.8355,2910338
2004-11-15,26.7829,26.8355,26.4759,26.6196,2461869
2004-11-16,26.6372,26.7635,26.4564,26.5137,1755609
2004-11-17,26.5303,26.7829,26.2601,26.3495,3314540
2004-11-18,26.3495,26.5487,26.2601,26.3854,2437877
2004-11-19,26.4759,26.5848,26.2601,26.3495,2446729
2004-11-22,26.3495,26.9074,26.3495,26.8744,3016572
2004-11-23,26.8005,27.0531,26.676,26.9978,4490214
2004-11-24,27.0531,27.3039,26.9978,27.2154,2238247
2004-11-26,27.1232,27.4866,27.1232,27.3632,1054864
2004-11-29,27.3039,27.3632,26.7635,26.8899,2148293
2004-11-30,26.7829,26.9452,26.5303,26.5487,2236921
2004-12-01,26.6022,26.6372,25.952,26.1162,4673275
2004-12-02,25.952,26.0239,25.3736,25.6818,5041682
2004-12-03,25.6458,26.1162,25.6458,26.0783,2748598
2004-12-06,26.0239,26.5137,25.8986,26.4759,2319551
2004-12-07,26.4011,26.5137,25.6993,25.6993,4730393
2004-12-08,25.9714,25.989,25.6264,25.6818,3722934
2004-12-09,26.0055,26.0783,25.573,25.952,1722190
2004-12-10,26.4011,26.4011,25.6818,25.952,1347879
2004-12-13,26.1493,26.5487,26.0239,26.5487,1851087
2004-12-14,26.4923,26.7091,26.331,26.6927,1842044
2004-12-15,26.7295,26.8899,26.6022,26.855,1853755
2004-12-16,26.855,27.1815,26.855,27.0531,3262467
2004-12-17,27.0357,27.3769,26.8355,27.0697,4802360
2004-12-20,27.1436,27.2525,26.9074,27.1815,2034343
2004-12-21,26.9978,27.3953,26.9783,27.162,2993443
2004-12-22,27.1815,27.3039,27.1232,27.1436,1915441
2004-12-23,27.2154,27.2154,26.9978,27.0357,1141497
2004-12-27,27.0192,27.1085,26.676,26.7829,1517046
2004-12-28,26.8005,26.9452,26.748,26.8744,1352830
2004-12-29,26.8355,26.9783,26.7635,26.9783,1195282
2004-12-30,26.9978,27.0357,26.855,26.8744,989176
2004-12-31,26.9074,26.9783,26.6022,26.6022,1275726
2005-01-03,26.7091,26.8355,26.2221,26.3136,2151242
2005-01-04,26.3136,26.4564,26.0434,26.0434,2372956
2005-01-05,26.0434,26.2805,25.8442,25.8442,3071979
2005-01-06,25.7722,25.8986,25.5914,25.8442,2378278
2005-01-07,26.0055,26.2047,25.8266,25.918,1691542
2005-01-10,26.0055,26.2805,25.9325,26.2047,2451491
2005-01-11,26.2416,26.2416,25.8442,26.0055,1570448
2005-01-12,26.0055,26.331,25.8081,26.2601,2799050
2005-01-13,26.2047,26.4923,26.1678,26.2941,1780643
2005-01-14,26.331,26.5848,26.1678,26.4011,1332077
2005-01-18,26.4419,26.7091,26.2416,26.676,2704616
2005-01-19,26.7295,26.9647,26.5848,26.6022,2195698
2005-01-20,26.6022,26.8355,26.3495,26.6372,2092411
2005-01-21,26.6372,26.6927,26.2601,26.3136,2428738
2005-01-24,26.4564,26.8899,26.3136,26.748,2239585
2005-01-25,26.7829,26.9268,26.331,26.4225,2661876
2005-01-26,26.5303,27.2525,26.5137,27.2154,3458284
2005-01-27,27.2154,27.612,27.0531,27.4157,3966447
2005-01-28,27.3769,27.5216,27.0531,27.4517,2741462
2005-01-31,27.9911,28.2282,27.8288,28.1359,6127775
2005-02-01,28.2448,28.5324,28.1184,28.442,6790344
2005-02-02,28.442,28.442,28.1359,28.2613,3856777
2005-02-03,28.3166,28.6228,28.1563,28.5324,3733115
2005-02-04,28.5324,29.1272,28.4779,29.0913,3556812
2005-02-07,29.0913,29.0913,28.7675,28.7675,2880639
2005-02-08,28.8386,28.858,28.4585,28.5509,4522961
2005-02-09,28.0833,28.2807,27.9016,28.098,4492594
2005-02-10,28.1563,28.2069,27.8842,28.1903,2993635
2005-02-11,28.1903,28.3351,28.0639,28.1359,2807999
2005-02-14,28.6773,28.9843,28.4983,28.7871,4056116
2005-02-15,28.858,28.9115,28.7337,28.8386,2520224
2005-02-16,28.7491,28.893,28.5324,28.7337,3051039
2005-02-17,28.8065,28.8386,28.3526,28.3701,3825554
2005-02-18,28.3701,28.3701,27.9561,27.9746,3609933
2005-02-22,27.8482,27.8638,27.3632,27.3953,5028740
2005-02-23,26.9074,28.0465,26.9074,27.6829,2217504
2005-02-24,28.3701,28.3701,27.7413,28.2992,4335520
2005-02-25,28.5704,29.0193,28.4983,28.7871,5108320
2005-02-28,28.893,28.9659,28.2069,28.3526,4419102
2005-03-01,28.3886,28.7337,28.3886,28.6403,3007435
2005-03-02,28.5324,28.7675,28.3701,28.6034,3321489
2005-03-03,28.6228,28.7871,28.2807,28.5324,2912715
2005-03-04,28.7871,29.2391,28.7491,29.0913,3220679
2005-03-07,29.4013,29.617,29.3274,29.5442,4473841
2005-03-08,29.5442,29.5442,29.2391,29.4178,2741462
2005-03-09,29.3634,29.3634,28.7491,28.7491,3633254
2005-03-10,28.7871,29.2536,28.6947,29.1642,3480561
2005-03-11,29.1642,29.2196,28.8386,28.858,2350586
2005-03-14,28.8386,29.2925,28.8192,29.2391,3216489
2005-03-15,29.4178,29.4898,29.0387,29.0387,3779571
2005-03-16,29.1272,29.1992,28.4585,28.6034,3985389
2005-03-17,28.8192,29.0038,28.5704,28.9309,3006387
2005-03-18,28.9309,28.9843,28.516,28.8386,3513307
2005-03-21,28.5704,29.1642,28.5704,28.9475,2712044
2005-03-22,29.4178,29.5626,28.7337,28.7337,5063867
2005-03-23,28.7491,28.7491,28.2069,28.4983,3880195
2005-03-24,28.8386,29.2701,28.7871,29.0387,3746734
2005-03-28,29.2536,29.344,29.0913,29.2701,2976306
2005-03-29,29.1992,29.4013,28.8192,28.8192,3142996
2005-03-30,28.893,29.3634,28.893,29.3634,2489955
2005-03-31,29.4732,29.5782,29.344,29.4178,3359184
2005-04-01,29.6355,29.9213,29.4898,29.7406,2941085
2005-04-04,29.7406,29.8708,29.4898,29.8328,2841795
2005-04-05,29.8494,29.9407,29.69,29.9407,2375905
2005-04-06,30.0321,30.3023,29.9931,30.1731,5089568
2005-04-07,30.1731,30.3217,30.0671,30.2643,3516828
2005-04-08,30.2818,30.3023,29.7784,29.7784,2493567
2005-04-11,29.8872,30.2643,29.8328,30.101,2464628
2005-04-12,29.7239,30.3742,29.5073,30.3023,3754821
2005-04-13,30.1925,30.3373,29.8328,29.9213,2376668
2005-04-14,29.8708,30.0486,29.69,29.69,2163329
2005-04-15,29.7075,29.8134,29.2925,29.2925,3316060
2005-04-18,29.3634,29.5442,29.1992,29.2925,5528611
2005-04-19,29.7075,29.9931,29.344,29.8872,3138713
2005-04-20,29.7784,30.0486,29.6491,29.7609,3209253
2005-04-21,29.9407,30.3907,29.8872,30.3023,3466949
2005-04-22,30.3023,30.5734,30.139,30.4092,3722645
2005-04-25,30.6288,30.6793,30.2489,30.3907,2543642
2005-04-26,30.3907,30.4627,30.101,30.101,3596126
2005-04-27,30.1205,30.3742,29.7406,30.2109,2673107
2005-04-28,30.0856,30.6288,30.0486,30.2313,4386068
2005-04-29,30.3023,30.6599,30.0856,30.6599,2974117
2005-05-02,30.7347,30.9331,30.5006,30.5365,2208549
2005-05-03,30.4627,30.7698,30.3558,30.6599,2908336
2005-05-04,30.6599,30.9525,30.3558,30.8262,4065636
2005-05-05,30.9331,31.0049,30.4627,30.9331,6142630
2005-05-06,30.9331,30.9875,30.6288,30.8436,3693512
2005-05-09,30.3023,30.6793,29.8134,30.2643,16199915
2005-05-10,30.1925,30.1925,29.0913,29.4343,13420755
2005-05-11,29.1486,29.1992,28.893,29.0193,5806492
2005-05-12,29.5986,29.5986,28.7141,29.0387,5582207
2005-05-13,29.1486,29.6491,28.7675,28.9659,6412034
2005-05-16,29.0193,29.1272,28.858,29.0913,3543300
2005-05-17,29.0913,29.6705,28.9843,29.617,3482560
2005-05-18,29.7239,29.7969,29.4013,29.4178,3914848
2005-05-19,29.4343,29.5442,29.3109,29.3819,3727217
2005-05-20,29.4178,29.4732,29.344,29.3634,3837071
2005-05-23,29.4013,29.4178,29.1117,29.1272,4089531
2005-05-24,29.1642,29.2701,29.0387,29.1486,3792236
2005-05-25,29.1486,29.1992,29.0193,29.1117,4055832
2005-05-26,29.2536,29.2701,28.9843,29.0038,3099015
2005-05-27,29.0193,29.0913,28.9659,29.0387,2701286
2005-05-31,28.9843,29.1486,28.8386,28.858,5093946
2005-06-01,28.858,29.2196,28.858,29.1117,3476565
2005-06-02,29.1992,29.3274,29.1486,29.3109,3469803
2005-06-03,29.4013,29.5257,29.1117,29.2925,2652069
2005-06-06,29.3634,29.4178,29.2391,29.3634,3023619
2005-06-07,29.3634,29.617,29.1992,29.2701,3460856
2005-06-08,29.3634,29.5257,29.1642,29.2391,2593334
2005-06-09,29.2391,29.6491,29.1486,29.6491,2869400
2005-06-10,29.6491,29.7075,29.4509,29.5626,2837699
2005-06-13,29.5782,29.9049,29.5257,29.8328,3077311
2005-06-14,29.8872,30.1731,29.8872,30.1731,2973359
2005-06-15,30.1925,30.1925,29.6355,29.8872,3431729
2005-06-16,30.0486,30.1731,29.8134,30.0671,3385750
2005-06-17,30.0856,30.519,30.0671,30.4627,4147317
2005-06-20,30.4627,30.7698,30.2643,30.6463,2407320
2005-06-21,30.6599,30.7698,30.4092,30.59,1648514
2005-06-22,30.7698,30.862,30.6599,30.8076,2222160
2005-06-23,30.8262,31.2761,30.7533,31.0253,3361471
2005-06-24,31.0253,31.1148,30.6463,30.6599,2178469
2005-06-27,30.7347,31.1489,30.6288,31.0594,2542877
2005-06-28,31.0594,31.3112,30.968,31.2586,2698812
2005-06-29,31.3306,31.35,31.0049,31.0768,2514225
2005-06-30,31.3306,31.4929,31.1312,31.2217,4282402
2005-07-01,31.3112,31.5298,31.2761,31.5123,2445019
2005-07-05,31.5123,31.7095,31.2052,31.6018,2124873
2005-07-06,31.6018,31.6552,30.8436,30.9331,3989954
2005-07-07,30.8787,31.35,30.4627,31.2217,5431229
2005-07-08,31.3112,31.4734,31.1312,31.4015,3549294
2005-07-11,31.4015,31.6766,31.4015,31.5123,3136427
2005-07-12,31.4734,31.6377,31.3112,31.5647,3001246
2005-07-13,31.5463,31.8359,31.5298,31.802,2510036
2005-07-14,31.9603,32.0916,31.3306,31.4734,2729937
2005-07-15,31.4734,31.5463,31.3112,31.4559,2404369
2005-07-18,31.3112,31.5123,31.2927,31.3112,1373774
2005-07-19,31.4015,31.5463,31.0768,31.5123,2512038
2005-07-20,31.5123,31.5298,31.0768,31.4015,2287938
2005-07-21,31.1489,31.35,30.8076,30.8961,3909329
2005-07-22,31.0049,31.3306,30.9146,31.2586,1767128
2005-07-25,31.2586,31.3112,31.043,31.043,1380245
2005-07-26,31.1877,31.3112,31.043,31.1312,1700300
2005-07-27,31.1877,31.2761,31.043,31.2761,1922386
2005-07-28,31.2586,31.2761,30.555,30.8787,4943917
2005-07-29,30.8076,31.1312,30.7882,31.0253,2798001
2005-08-01,31.0049,31.0253,30.7533,30.8076,2267667
2005-08-02,30.8076,31.4404,30.8076,31.2586,2928329
2005-08-03,30.7698,31.4559,30.7698,31.1489,3386129
2005-08-04,31.1673,31.1673,30.7533,30.7533,2136198
2005-08-05,30.7533,30.7698,30.3023,30.555,3680089
2005-08-08,30.519,30.5734,29.7406,29.8708,3906469
2005-08-09,29.9777,30.0321,29.7969,29.9407,2848365
2005-08-10,29.617,29.9931,29.4343,29.617,3545678
2005-08-11,29.5626,29.7969,29.4013,29.6705,3807277
2005-08-12,29.5782,29.7969,29.4178,29.5626,2360294
2005-08-15,29.6491,29.9213,29.5986,29.8494,2706904
2005-08-16,29.9407,29.9931,29.5442,29.5626,2415507
2005-08-17,29.5257,29.6705,29.2925,29.3274,2263859
2005-08-18,29.3274,29.6491,29.2391,29.5626,2445492
2005-08-19,29.69,29.9407,29.69,29.9213,2843703
2005-08-22,29.9407,30.2489,29.8708,29.9407,3243331
2005-08-23,30.101,30.3558,30.101,30.3023,3128049
2005-08-24,30.3217,30.5006,30.0486,30.0671,4152077
2005-08-25,30.1925,30.449,30.139,30.3907,2344685
2005-08-26,30.4286,30.4627,30.1584,30.3023,2048623
2005-08-29,30.0671,30.2643,30.0671,30.1731,2046047
2005-08-30,30.1925,30.3558,30.0321,30.2818,3192305
2005-08-31,30.2818,30.4627,30.1205,30.449,3245523
2005-09-01,30.449,30.6463,30.3023,30.4627,4023368
2005-09-02,30.555,30.6288,30.4092,30.4627,2227306
2005-09-06,30.4811,30.7163,30.4286,30.6288,3068366
2005-09-07,30.6463,30.6793,30.4092,30.5365,3454099
2005-09-08,30.6793,30.6793,30.449,30.5006,2508706
2005-09-09,30.4811,30.6998,30.3023,30.449,4012613
2005-09-12,30.4811,30.59,30.4092,30.5006,2320404
2005-09-13,30.6463,30.6793,30.3558,30.449,2564680
2005-09-14,30.5734,30.6793,30.4286,30.449,3710175
2005-09-15,30.6085,30.7163,30.4627,30.6288,2558205
2005-09-16,30.7698,30.862,30.519,30.8436,5280626
2005-09-19,30.8787,30.9525,30.519,30.555,3602128
2005-09-20,30.555,30.6288,30.3023,30.3217,3481704
2005-09-21,30.3217,30.4286,29.9407,29.9601,3357469
2005-09-22,29.9407,29.9407,29.5986,29.69,5519853
2005-09-23,29.69,29.7075,29.4898,29.5626,3696941
2005-09-26,29.5626,29.8134,29.5257,29.5782,3718747
2005-09-27,29.617,29.9777,29.5073,29.7784,2556012
2005-09-28,29.9407,30.139,29.8494,30.139,3452864
2005-09-29,30.0486,30.7347,29.9601,30.5734,3552907
2005-09-30,30.6288,30.7698,30.3217,30.6463,2931183
2005-10-03,30.6463,30.8262,30.3907,30.555,2843703
2005-10-04,30.6599,30.6599,29.7075,29.7406,3045418
2005-10-05,29.6705,29.9407,28.9309,28.9475,5734143
2005-10-06,28.9843,29.3634,28.1563,28.7337,5800972
2005-10-07,28.7871,29.0748,28.7871,28.9843,2526411
2005-10-10,28.9843,29.0387,28.2448,28.3701,3000393
2005-10-11,28.5324,28.7491,28.2448,28.2807,4603018
2005-10-12,28.2613,28.516,27.6684,27.7413,5418283
2005-10-13,27.7413,28.0639,27.1815,27.197,10297084
2005-10-14,27.197,27.4157,26.9978,27.2854,7955924
2005-10-17,27.162,27.5586,27.1436,27.3632,6504468
2005-10-18,27.1815,27.2699,26.6547,26.6927,5554604
2005-10-19,26.5303,27.0531,26.3854,27.0531,6234587
2005-10-20,27.1085,27.1085,26.331,26.4225,4496305
2005-10-21,26.4225,26.8899,26.4225,26.6022,3299596
2005-10-24,27.0891,27.3039,26.855,27.2525,3869629
2005-10-25,27.3224,27.6829,27.1436,27.6684,6188511
2005-10-26,27.6684,27.9367,27.3632,27.4323,4934394
2005-10-27,27.6294,27.6829,27.1085,27.1436,2531457
2005-10-28,27.0891,27.7413,27.0891,27.7413,3551198
2005-10-31,27.8288,28.098,27.7413,27.8121,4407200
2005-11-01,27.7928,27.8121,27.4866,27.5071,3472471
2005-11-02,28.3526,28.3526,27.3632,28.0066,4188627
2005-11-03,28.2807,28.2807,27.6829,27.7734,3605556
2005-11-04,27.9911,28.0639,27.6829,27.9016,2176373
2005-11-07,27.8842,28.0066,27.4866,27.5216,3795569
2005-11-08,27.5071,27.7015,27.4157,27.5216,3859631
2005-11-09,27.2854,27.7413,26.9783,27.5392,5730237
2005-11-10,27.5586,27.612,27.162,27.5955,3117197
2005-11-11,27.579,27.579,27.0531,27.1815,2830846
2005-11-14,27.2154,27.3448,26.8744,26.9268,2484812
2005-11-15,26.9452,27.4672,26.9268,27.3632,3282171
2005-11-16,27.4672,27.9367,27.4323,27.7734,3213446
2005-11-17,27.7413,28.2448,27.7413,28.2069,3317682
2005-11-18,28.516,28.516,28.0465,28.3166,3841545
2005-11-21,28.3526,28.516,28.2613,28.3886,2290514
2005-11-22,28.3351,28.516,28.1359,28.3886,2084987
2005-11-23,28.3701,28.7141,28.2448,28.6228,2038533
2005-11-25,28.7141,28.8386,28.5324,28.6228,718730
2005-11-28,28.5898,28.858,28.4779,28.7675,2737271
2005-11-29,28.893,28.9115,28.6403,28.6403,2363054
2005-11-30,28.6403,28.7337,28.1903,28.2069,2503757
2005-12-01,28.4245,28.6607,28.3166,28.442,2344300
2005-12-02,28.442,28.5704,28.2613,28.4071,1189852
2005-12-05,28.4585,28.4983,27.8482,28.098,3266469
2005-12-06,28.098,28.2069,27.9191,27.9367,3454382
2005-12-07,27.7928,27.9016,27.4157,27.579,5926249
2005-12-08,27.579,27.9367,27.4517,27.7015,4981140
2005-12-09,27.8638,27.9561,27.6829,27.9191,2552588
2005-12-12,27.8121,28.0465,27.6684,27.7928,2406940
2005-12-13,27.7928,28.3166,27.7413,28.2448,3090354
2005-12-14,28.2613,28.893,28.2448,28.8065,4573980
2005-12-15,28.8784,28.8784,28.5704,28.7871,4036698
2005-12-16,28.9659,28.9659,28.5324,28.6607,4134269
2005-12-19,28.8386,28.8386,28.3701,28.4071,2733175
2005-12-20,28.6607,28.7871,28.4779,28.7871,4088483
2005-12-21,29.1486,29.1486,28.5898,28.6034,3817746
2005-12-22,28.7141,29.0913,28.6034,29.0913,3694941
2005-12-23,29.1117,29.2925,29.0038,29.2391,2498518
2005-12-27,29.2701,29.2701,28.893,29.0913,1888692
2005-12-28,29.1826,29.2196,28.9475,28.9843,1996930
2005-12-29,28.9843,29.0913,28.8386,28.893,2222065
2005-12-30,28.7871,28.9659,28.7141,28.8386,1777122
2006-01-03,29.0387,29.2701,28.7675,29.2391,3847640
2006-01-04,29.2391,29.3109,28.7871,29.2196,3153183
2006-01-05,29.1486,29.2536,28.858,29.0038,2279756
2006-01-06,29.0913,29.2701,28.893,29.1992,2525933
2006-01-09,29.2701,29.3109,29.0913,29.2536,2165902
2006-01-10,29.1992,29.4898,29.0387,29.344,2720516
2006-01-11,29.4178,29.5257,29.2701,29.5257,2521364
2006-01-12,29.4178,29.5626,29.2196,29.2701,2520126
2006-01-13,29.3634,29.7784,29.2925,29.7406,2564107
2006-01-17,29.6705,29.8872,29.5257,29.8494,2286993
2006-01-18,29.8494,29.9049,29.5626,29.7969,2857317
2006-01-19,29.8134,30.1925,29.7406,30.1731,3993767
2006-01-20,30.1731,30.3558,29.7969,29.8328,3014382
2006-01-23,29.8134,30.0321,29.7406,29.9049,3758250
2006-01-24,29.9049,30.3217,29.9049,30.2489,5142501
2006-01-25,30.3558,30.3558,29.7406,29.9213,3092153
2006-01-26,29.9213,30.0671,29.6491,29.7784,4686599
2006-01-27,29.7609,30.1925,29.7609,30.0671,3264557
2006-01-30,30.0321,30.0671,29.7406,29.7969,3029623
2006-01-31,29.7969,29.9407,29.7406,29.7784,3021431
2006-02-01,30.2313,30.2313,29.7784,29.8872,3440770
2006-02-02,29.8872,29.9213,29.2536,29.4732,3156514
2006-02-03,29.4732,29.617,29.2536,29.4732,2786960
2006-02-06,29.4178,29.6705,29.4013,29.5257,2489759
2006-02-07,29.5257,29.5626,29.2701,29.3109,2173422
2006-02-08,29.5257,29.5442,29.1992,29.2925,1991411
2006-02-09,29.4013,29.5442,29.1992,29.1992,2586478
2006-02-10,29.3109,29.69,29.2701,29.69,3481420
2006-02-13,29.5986,29.7784,29.5257,29.7609,3033141
2006-02-14,29.617,29.7239,29.2391,29.7239,3192687
2006-02-15,29.2536,29.5257,28.893,29.3109,3113579
2006-02-16,29.4013,29.7239,29.2925,29.7239,2128585
2006-02-17,29.7239,30.1205,29.6491,30.0486,2426171
2006-02-21,30.139,30.3023,29.8494,29.8708,2486709
2006-02-22,29.8708,30.1925,29.7784,30.139,4094103
2006-02-23,30.139,30.139,29.7406,29.7406,2337163
2006-02-24,29.8328,30.101,29.7406,30.0126,1981315
2006-02-27,30.0126,30.1205,29.8872,30.0321,2348011
2006-02-28,29.8872,29.9407,29.7239,29.8328,3188212
2006-03-01,29.8872,29.8872,29.617,29.7075,3313395
2006-03-02,29.617,29.8494,29.4343,29.7784,3258945
2006-03-03,29.6705,30.1205,29.617,29.7784,2666258
2006-03-06,29.9407,29.9601,29.0913,29.1992,4870522
2006-03-07,29.1272,29.3274,28.893,29.1486,3237141
2006-03-08,29.1272,29.6491,28.893,29.4178,3562432
2006-03-09,29.3634,29.5442,29.2391,29.5073,3327202
2006-03-10,29.4898,29.7406,29.3274,29.5257,3186311
2006-03-13,30.0486,30.3558,29.9049,30.3217,4234038
2006-03-14,30.3217,30.6288,30.1925,30.5365,3338056
2006-03-15,30.6793,30.7347,30.3742,30.6793,2704240
2006-03-16,30.7347,30.968,30.7163,30.8436,3736069
2006-03-17,30.9875,30.9875,30.8076,30.9331,3593177
2006-03-20,30.9331,30.968,30.2489,30.3023,2509942
2006-03-21,30.3373,30.3907,29.9777,30.0671,2342201
2006-03-22,30.0321,30.6463,30.0126,30.555,3755777
2006-03-23,30.4092,30.6599,30.3023,30.6085,3750726
2006-03-24,30.5006,30.7163,30.3742,30.5734,3310261
2006-03-27,30.5734,30.6085,30.4627,30.5734,2457301
2006-03-28,30.519,30.6288,30.3558,30.3907,2779541
2006-03-29,30.3907,31.0768,30.3742,30.9525,4207382
2006-03-30,31.0253,31.2761,30.9525,31.0594,3845640
2006-03-31,31.1877,31.2052,30.555,30.6288,12034795
2006-04-03,30.6288,31.1877,30.3217,30.3217,5272251
2006-04-04,30.3907,30.8961,30.3558,30.6085,6409846
2006-04-05,30.7698,31.2052,30.7163,31.0964,5921966
2006-04-06,31.1489,31.1489,30.5734,30.7347,4472884
2006-04-07,30.6463,30.7698,30.101,30.1584,4093625
2006-04-10,30.1584,30.3907,30.0126,30.139,4924024
2006-04-11,30.139,30.2489,29.8872,29.9931,3024861
2006-04-12,29.9931,30.139,29.9407,29.9931,2526128
2006-04-13,29.9777,30.0486,29.8872,29.9049,2504037
2006-04-17,29.9049,29.9931,29.7239,29.7969,2791437
2006-04-18,29.7406,30.2489,29.69,30.0856,4296204
2006-04-19,30.0321,30.3742,30.0321,30.1925,3451342
2006-04-20,30.4092,30.8787,30.3558,30.6288,6131868
2006-04-21,30.7698,30.9331,30.4811,30.6085,3501031
2006-04-24,30.4286,30.9146,30.3558,30.7698,2458724
2006-04-25,30.7347,30.862,29.9777,30.0486,4419005
2006-04-26,30.101,30.3023,29.7406,29.9049,3485893
2006-04-27,29.9049,30.6288,29.7784,30.3217,3650012
2006-04-28,30.2489,30.7347,30.1925,30.59,4502680
2006-05-01,30.6793,30.8262,30.1925,30.4286,5015217
2006-05-02,30.449,30.555,30.2643,30.3023,3248474
2006-05-03,30.139,30.2109,29.8328,29.9213,3682856
2006-05-04,29.9213,30.0486,29.8494,29.9777,2881113
2006-05-05,30.449,30.7347,30.3217,30.6599,4242321
2006-05-08,30.6599,30.8076,30.4627,30.6793,4147317
2006-05-09,30.4811,30.555,30.2313,30.3558,4286967
2006-05-10,29.9407,30.1584,29.9407,30.1205,4814065
2006-05-11,30.0671,30.1205,29.5442,29.7239,2774111
2006-05-12,29.7406,29.7784,29.2391,29.3274,3010673
2006-05-15,29.2391,29.4732,29.0748,29.4509,2620367
2006-05-16,29.4178,29.4898,29.0748,29.1826,2743838
2006-05-17,28.6773,29.1117,28.516,28.6228,4401397
2006-05-18,28.6228,29.0193,28.6228,28.7141,3239146
2006-05-19,28.858,29.344,28.6773,28.9309,3955308
2006-05-22,28.6773,29.6705,28.6773,29.4013,4418052
2006-05-23,29.3634,29.4178,28.6607,28.6607,3025717
2006-05-24,28.6228,28.893,28.2992,28.7141,3672094
2006-05-25,28.893,29.1117,28.6947,28.9475,3118816
2006-05-26,29.0913,29.5442,28.9475,29.4178,2622178
2006-05-30,29.4732,30.0671,29.4509,29.4509,3917610
2006-05-31,29.4732,30.2313,29.4013,29.6491,5775836
2006-06-01,29.6705,29.7784,29.344,29.5257,4630154
2006-06-02,29.617,30.3217,29.5986,30.2489,6264666
2006-06-05,30.1731,30.4627,29.9407,29.9931,3634494
2006-06-06,30.101,30.1925,29.7239,30.139,3794330
2006-06-07,30.0671,30.1925,29.7609,29.7969,2740603
2006-06-08,29.8328,30.2313,29.4732,30.1731,4040220
2006-06-09,30.139,30.5734,30.0486,30.3907,3126810
2006-06-12,30.519,30.7347,30.3023,30.5734,3440103
2006-06-13,30.7347,30.9525,30.0856,30.101,5980892
2006-06-14,29.9407,30.1205,29.4178,29.8872,3621737
2006-06-15,29.9931,30.6998,29.9213,30.6793,3660580
2006-06-16,30.4286,30.6599,30.2818,30.555,3357469
2006-06-19,30.555,30.555,30.101,30.2489,4374264
2006-06-20,30.2818,30.5734,30.0671,30.2489,2142004
2006-06-21,30.139,30.4092,29.9601,29.9931,2822851
2006-06-22,29.8872,30.0486,29.7239,29.9407,2225970
2006-06-23,29.9777,30.449,29.9049,29.9213,1702873
2006-06-26,30.0126,30.2313,29.9049,29.9601,1630616
2006-06-27,29.8872,30.3907,29.7609,29.9601,3072454
2006-06-28,29.9407,30.2489,29.7784,29.8134,3651152
2006-06-29,30.8787,31.35,30.8076,31.1877,9921533
2006-06-30,31.1877,31.2927,30.7698,30.8436,3290169
2006-07-03,30.7698,31.1489,30.7698,31.0594,1150162
2006-07-05,30.9875,31.0964,30.7698,30.8076,2594381
2006-07-06,30.7698,30.8262,30.3023,30.519,3192594
2006-07-07,30.449,30.968,30.3907,30.7163,3084835
2006-07-10,30.8262,30.968,30.7347,30.7698,2896440
2006-07-11,30.7882,30.9875,30.7882,30.9146,3866584
2006-07-12,30.9146,31.1312,30.6599,30.6998,2243964
2006-07-13,30.9875,31.4015,30.7698,30.9331,4266597
2006-07-14,30.8076,31.0049,30.4286,30.9146,2724895
2006-07-17,30.8076,31.0594,30.6793,30.7698,2240535
2006-07-18,30.7347,30.968,30.6085,30.8961,2339824
2006-07-19,31.0594,31.4015,31.0253,31.2382,3044847
2006-07-20,31.2382,31.5463,31.2052,31.4404,3411070
2006-07-21,31.6911,31.7631,31.4559,31.5463,4093337
2006-07-24,31.5463,32.0197,31.4734,31.5842,3303398
2006-07-25,31.5123,31.9992,31.4559,31.8904,2065565
2006-07-26,31.9283,32.2889,31.8359,32.1634,3425631
2006-07-27,32.1421,32.3064,31.7281,31.8544,2920716
2006-07-28,32.0702,32.2889,31.9992,32.0197,3113490
2006-07-31,31.8359,32.0197,31.6911,31.8544,2188939
2006-08-01,31.7281,32.4318,31.6552,32.3782,2846078
2006-08-02,32.4142,32.5183,32.1227,32.1421,3231241
2006-08-03,32.5046,32.5183,32.0197,32.2325,3171938
2006-08-04,32.4881,32.5367,31.7631,31.9603,6647834
2006-08-07,31.9283,31.9992,31.3685,31.4199,4002329
2006-08-08,31.5123,32.0313,31.5123,31.8359,3680853
2006-08-09,31.5463,31.6552,31.1877,31.2052,2993821
2006-08-10,31.1148,31.3306,30.8961,31.2217,3291027
2006-08-11,31.1489,31.2761,31.0594,31.1877,1850615
2006-08-14,31.3306,31.5842,31.1489,31.1489,3044751
2006-08-15,31.6173,31.6377,31.2761,31.3685,3178882
2006-08-16,31.4199,31.6018,31.1489,31.1489,2869114
2006-08-17,31.1673,31.4559,30.9875,31.2382,2933945
2006-08-18,31.2927,31.6552,31.2052,31.5298,2780399
2006-08-21,31.4199,31.7281,31.382,31.4734,2520416
2006-08-22,31.4199,31.6377,31.4199,31.6173,1646801
2006-08-23,31.6173,31.7095,31.1312,31.1489,2188273
2006-08-24,31.3112,31.3306,30.8961,30.9875,2981449
2006-08-25,30.968,31.0964,30.8076,30.9331,3108438
2006-08-28,30.862,31.2052,30.7163,31.0049,2948893
2006-08-29,31.0049,31.3112,30.7533,31.2052,2438832
2006-08-30,31.2586,31.2586,30.9331,31.0049,2142672
2006-08-31,31.1148,31.6018,31.043,31.5123,4484979
2006-09-01,31.6766,31.7466,31.4199,31.6552,2719567
2006-09-05,31.6377,31.6377,30.9875,31.1489,4230138
2006-09-06,31.1312,31.382,30.862,31.2586,3115862
2006-09-07,31.2586,31.4734,31.2052,31.382,3901231
2006-09-08,31.5842,31.8184,31.382,31.7796,4429762
2006-09-11,31.7796,31.8904,31.6018,31.6911,5021691
2006-09-12,31.8904,31.9603,31.5463,31.7796,4726016
2006-09-13,31.8544,31.9283,31.6552,31.7281,4046692
2006-09-14,31.6173,31.9603,31.6173,31.7095,3237526
2006-09-15,31.7796,32.0313,31.7466,31.9089,5978126
2006-09-18,31.9797,32.0197,31.7281,31.7466,3313874
2006-09-19,31.8359,31.9797,31.7281,31.8359,2963272
2006-09-20,31.8544,31.9429,31.5647,31.6018,3169555
2006-09-21,31.5463,31.7281,31.3112,31.6377,4742008
2006-09-22,31.6377,31.802,31.5298,31.5842,2050711
2006-09-25,31.8359,32.0498,31.6552,31.9283,3126909
2006-09-26,32.0197,32.0916,31.8359,31.8709,3114914
2006-09-27,31.8709,32.2889,31.802,32.1791,3707035
2006-09-28,32.107,32.3782,32.107,32.2141,2472054
2006-09-29,32.1421,32.2499,31.7095,31.7281,3730736
2006-10-02,31.3306,32.5046,31.3306,32.1634,5933385
2006-10-03,32.2499,32.9187,32.1975,32.8264,5928721
2006-10-04,32.7748,33.0266,32.7204,32.8653,5775549
2006-10-05,32.7564,32.8117,32.2499,32.4657,3630025
2006-10-06,32.4657,32.4881,32.1227,32.3064,3182884
2006-10-09,32.2141,32.321,32.0313,32.3064,2295750
2006-10-10,32.1975,32.2693,31.9283,32.2141,3595463
2006-10-11,32.2499,32.3782,32.1634,32.3394,2787820
2006-10-12,32.2889,32.5921,32.2141,32.5367,2293662
2006-10-13,32.4318,32.4881,32.107,32.1975,2610184
2006-10-16,32.2141,32.4483,31.9429,32.1227,2877776
2006-10-17,32.1227,32.665,32.0916,32.5367,2841697
2006-10-18,32.665,32.8117,32.5921,32.7564,6508659
2006-10-19,32.7564,33.2073,32.665,33.1345,5691965
2006-10-20,33.3512,33.5116,32.9925,33.4959,5326795
2006-10-23,33.4959,33.6408,33.1723,33.4405,4829871
2006-10-24,33.3706,33.39,33.0634,33.1723,4311909
2006-10-25,33.2617,33.7477,33.2424,33.6223,4327332
2006-10-26,33.5319,33.6408,33.2978,33.3706,2648737
2006-10-27,33.3142,33.5689,33.1723,33.39,3157272
2006-10-30,33.5689,33.5874,33.2238,33.4057,3057416
2006-10-31,33.3512,33.4959,33.0839,33.2424,4661662
2006-11-01,33.2617,33.5874,33.1345,33.4057,3979108
2006-11-02,33.4057,33.4405,32.9518,33.0839,4323816
2006-11-03,33.0839,33.1917,32.1634,32.63,5972988
2006-11-06,32.3064,32.5367,32.0702,32.2499,5425036
2006-11-07,32.1421,32.4483,31.9797,32.2141,4701074
2006-11-08,32.2141,32.8117,32.0498,32.63,4034890
2006-11-09,32.5367,32.7748,32.4142,32.6815,4818732
2006-11-10,32.7748,33.1345,32.7204,33.1169,4293158
2006-11-13,33.1345,33.3706,33.0839,33.3142,4083823
2006-11-14,33.39,33.5116,33.1723,33.4211,3589850
2006-11-15,33.042,33.1539,32.8992,32.9925,4579411
2006-11-16,33.0091,33.39,33.0091,33.0839,2942607
2006-11-17,32.9518,33.3142,32.9518,33.2978,3397833
2006-11-20,33.2424,33.3142,33.0634,33.1345,2324215
2006-11-21,33.1345,33.2978,32.7943,32.8653,4359319
2006-11-22,32.8264,33.042,32.8264,32.9381,2475575
2006-11-24,32.6096,33.0839,32.5921,32.9187,1116650
2006-11-27,32.7748,32.8837,32.1634,32.3064,4376644
2006-11-28,32.1975,32.9381,32.1421,32.7943,3292646
2006-11-29,32.7943,33.3142,32.63,33.2073,3710935
2006-11-30,33.2073,33.39,33.042,33.3142,2820945
2006-12-01,33.3512,33.5116,33.0266,33.2978,2830944
2006-12-04,34.1801,34.634,33.9673,34.362,7107060
2006-12-05,34.4008,34.4553,34.0383,34.3454,3942358
2006-12-06,34.3454,34.3454,34.0383,34.1287,3044563
2006-12-07,34.1287,34.4329,34.0004,34.0383,4324478
2006-12-08,34.0937,34.362,34.0198,34.3454,2905482
2006-12-11,34.6497,34.8334,34.4553,34.7925,4580368
2006-12-12,34.9227,35.1191,34.706,34.9227,5081666
2006-12-13,34.9762,35.6605,34.706,35.5526,5446264
2006-12-14,35.7507,36.2397,35.2123,35.3378,6089797
2006-12-15,35.3378,35.536,35.0685,35.1909,6571584
2006-12-18,35.536,35.6089,34.812,34.8528,4193866
2006-12-19,34.8334,34.9937,34.7245,34.8838,4427670
2006-12-20,34.8683,34.9402,34.4553,34.5048,4067545
2006-12-21,34.6671,34.8334,34.5234,34.7799,2806002
2006-12-22,34.7245,34.9588,34.634,34.6876,1885168
2006-12-26,34.812,34.9043,34.5952,34.8683,1329795
2006-12-27,34.9227,35.05,34.8334,34.8528,2265959
2006-12-28,34.8683,34.9937,34.6156,34.6876,2858548
2006-12-29,34.6671,35.0802,34.6497,34.8838,3355193
2007-01-03,36.0959,36.0959,34.1063,34.5447,7999217
2007-01-04,34.327,34.74,34.3094,34.6156,6271774
2007-01-05,34.6156,34.6876,33.7477,33.8225,4753509
2007-01-08,34.1481,34.1801,33.7302,33.8741,3789939
2007-01-09,33.9673,34.0538,33.5689,33.7127,4879948
2007-01-10,33.6933,33.91,33.2073,33.5689,3754756
2007-01-11,33.7477,33.8585,33.4795,33.6592,5180492
2007-01-12,33.7477,33.7856,33.3706,33.4959,4784256
2007-01-16,33.5319,33.6777,33.4795,33.6029,5459530
2007-01-17,33.7127,33.7127,33.4601,33.5523,5633351
2007-01-18,33.4795,33.8012,33.4795,33.7127,4574200
2007-01-19,33.91,34.0198,33.7671,33.8225,5225096
2007-01-22,33.8225,33.9294,33.6029,33.6408,4394565
2007-01-23,33.6408,33.7477,33.4959,33.6933,4597192
2007-01-24,33.7127,33.9673,33.6029,33.8401,5360517
2007-01-25,33.8935,34.288,33.8401,34.1481,6177633
2007-01-26,34.2532,34.5048,34.2201,34.4329,7407115
2007-01-29,34.5048,34.7245,34.4155,34.634,5633408
2007-01-30,34.7245,35.2464,34.6671,35.1425,5464238
2007-01-31,35.1425,35.6254,35.1026,35.536,5765448
2007-02-01,35.6439,36.2397,35.5526,35.8218,7861579
2007-02-02,35.6983,36.0959,35.536,36.0755,4962510
2007-02-05,36.0959,36.8714,36.0414,36.6178,5930842
2007-02-06,36.4225,36.82,36.2037,36.2037,6843378
2007-02-07,36.2037,36.2212,35.6983,36.0755,4769407
2007-02-08,36.0959,36.4409,36.0414,36.3815,3314472
2007-02-09,36.4409,36.6178,36.0959,36.3815,2577364
2007-02-12,36.5284,36.6178,36.3281,36.4526,2834330
2007-02-13,36.5118,36.82,36.4526,36.8005,3344056
2007-02-14,36.5284,36.6012,36.1493,36.2037,6358310
2007-02-15,36.4933,36.4933,36.0035,36.0959,2451030
2007-02-16,36.0755,36.1687,35.9316,36.0229,3412825
2007-02-20,36.0229,36.0959,35.7693,36.0035,5991123
2007-02-21,35.8091,36.0414,35.7343,36.0035,3453774
2007-02-22,35.9685,36.058,35.6809,35.7693,3182655
2007-02-23,35.7168,36.1834,35.6809,35.9316,4078735
2007-02-26,36.6363,36.8005,36.0414,36.1124,4564171
2007-02-27,35.5526,36.2037,35.2123,35.4097,4879671
2007-02-28,35.3873,35.8801,35.0685,35.5176,5737794
2007-03-01,35.4447,36.0229,34.9402,35.7507,4398476
2007-03-02,35.6983,35.7693,35.157,35.1725,3390327
2007-03-05,35.1026,35.1191,34.4155,34.5048,3277197
2007-03-06,34.634,35.3378,34.5612,35.2834,5488397
2007-03-07,35.157,35.6983,35.0102,35.2658,4566885
2007-03-08,35.5526,35.571,35.0306,35.0802,2884826
2007-03-09,35.1026,35.2658,34.6497,34.74,2906218
2007-03-12,34.7925,35.4447,34.74,35.3582,3078150
2007-03-13,35.2658,35.4621,34.7925,34.9043,3923419
2007-03-14,34.9227,35.3378,34.4008,34.9937,4982787
2007-03-15,35.05,35.6089,34.8334,35.5009,3779855
2007-03-16,35.6809,35.8966,35.2658,35.3008,5133946
2007-03-19,35.4281,35.8218,34.8528,35.536,3844076
2007-03-20,35.4621,36.5284,35.3873,36.471,5214069
2007-03-21,36.471,37.1416,36.3281,36.851,6645498
2007-03-22,36.851,37.0152,36.5634,36.7091,5037479
2007-03-23,36.6012,36.851,36.5118,36.6178,5003454
2007-03-26,36.6907,36.9065,36.5284,36.8714,3017442
2007-03-27,36.8714,36.9259,36.4526,36.6567,2734616
2007-03-28,36.5848,37.1261,36.4933,36.6713,4066211
2007-03-29,36.9968,37.0707,36.6363,36.9434,3694941
2007-03-30,36.9434,37.2145,36.1687,36.6178,5467010
2007-04-02,37.0522,37.614,36.471,37.3759,3313976
2007-04-03,37.3759,37.5576,37.0862,37.4848,3044125
2007-04-04,37.4313,37.4848,36.8714,37.0328,3164741
2007-04-05,36.9259,37.3233,36.1834,37.303,1925044
2007-04-09,37.303,37.6305,36.9618,37.5576,2995039
2007-04-10,37.5576,37.7364,37.4468,37.5936,2339830
2007-04-11,37.6451,37.755,36.8918,36.9259,3842057
2007-04-12,36.9259,37.0522,36.5284,36.6567,5302190
2007-04-13,37.8803,37.8803,36.6012,36.7626,3561032
2007-04-16,37.4848,37.4848,36.7626,37.2145,2224650
2007-04-17,37.232,37.4147,37.0152,37.2699,2582226
2007-04-18,36.9968,37.8803,36.9968,37.7898,2729369
2007-04-19,37.7744,37.7744,37.2485,37.303,2622984
2007-04-20,37.5936,37.8094,37.3943,37.7744,4467162
2007-04-23,37.7744,37.9911,37.6305,37.7024,2759432
2007-04-24,38.4411,38.4411,37.574,37.7898,2357549
2007-04-25,37.9716,38.3147,37.7898,37.9007,3229238
2007-04-26,37.9007,38.0805,37.2699,37.3233,4722458
2007-04-27,37.2854,37.5936,37.0328,37.3574,3155300
2007-04-30,37.3233,37.6305,36.9968,37.0328,3101124
2007-05-01,37.8094,37.8094,36.9968,37.3418,2583126
2007-05-02,37.3233,37.7744,37.303,37.5392,2184836
2007-05-03,37.5576,37.7024,37.3233,37.4147,2393675
2007-05-04,37.5216,37.574,37.0707,37.232,2293085
2007-05-07,37.5576,37.8472,37.2854,37.6839,2956490
2007-05-08,37.6839,37.7898,37.232,37.2854,2768710
2007-05-09,36.9803,37.2699,36.6012,36.7091,3899493
2007-05-10,36.6363,36.8005,36.2941,36.3651,3671669
2007-05-11,36.4225,36.6907,36.3281,36.6012,3094221
2007-05-14,36.6713,37.1776,36.6363,37.0707,3192383
2007-05-15,37.0707,37.6305,36.8918,36.9259,2699317
2007-05-16,37.2485,37.3233,36.8005,36.9259,3457028
2007-05-17,36.781,37.1261,36.7275,36.9803,3029400
2007-05-18,37.0522,37.4147,36.6178,36.82,3977005
2007-05-21,36.6907,36.9065,36.6907,36.8005,2318707
2007-05-22,36.8005,36.851,36.5848,36.6178,2290481
2007-05-23,36.5438,36.82,35.9316,35.987,3978190
2007-05-24,36.1493,36.2562,35.0102,35.05,5242434
2007-05-25,35.1425,35.3718,34.3805,34.634,5309206
2007-05-29,34.7245,35.0685,34.634,34.9937,4265397
2007-05-30,34.7925,35.5176,34.7614,35.3582,4040114
2007-05-31,35.3008,35.5884,35.1425,35.2658,5911257
2007-06-01,35.3873,35.4621,34.9227,35.0306,3382318
2007-06-04,35.3582,35.4621,34.5952,34.9043,5679881
2007-06-05,34.8334,35.2658,34.5048,34.6876,6966268
2007-06-06,34.9588,34.9588,34.1287,34.4329,5146833
2007-06-07,34.3094,34.4553,33.1723,33.1723,7709698
2007-06-08,33.2073,33.5319,32.9381,33.1723,7714478
2007-06-11,33.2073,33.7856,33.1345,33.5319,5687095
2007-06-12,33.3512,33.5523,32.9187,32.9381,4923321
2007-06-13,33.2073,33.7671,33.1723,33.7127,5032938
2007-06-14,33.6592,34.0742,33.4959,33.6408,3665433
2007-06-15,34.0383,34.362,33.91,34.2532,4856073
2007-06-18,34.4329,34.4329,33.6933,33.7127,4095517
2007-06-19,33.7302,34.0937,33.4959,34.0937,3489484
2007-06-20,34.0937,34.288,33.2073,33.2238,4459649
2007-06-21,33.5874,33.7477,33.2424,33.7302,4816974
2007-06-22,33.4601,33.6777,32.9187,32.9187,5697958
2007-06-25,32.9518,33.6408,32.8653,32.8992,4632868
2007-06-26,33.2073,33.6408,32.7943,32.8653,5663707
2007-06-27,32.7943,33.2073,32.5921,33.1169,4869640
2007-06-28,33.2811,33.6029,32.8468,32.9187,3857223
2007-06-29,32.9712,33.2978,32.7048,33.0266,4909788
2007-07-02,33.1917,33.5319,33.1345,33.39,2894063
2007-07-03,33.39,33.5874,32.9381,33.4211,2442502
2007-07-05,33.4211,33.5319,32.7748,33.2424,5397671
2007-07-06,33.1169,33.1917,32.6096,32.7048,4622632
2007-07-09,32.8264,32.9925,32.7564,32.8653,2679912
2007-07-10,32.7564,32.9925,32.3064,32.3782,4784112
2007-07-11,32.5046,32.7748,32.1421,32.56,5370990
2007-07-12,32.56,32.9381,32.4881,32.9187,4398451
2007-07-13,32.7564,33.2811,32.6815,33.0266,4876789
2007-07-16,32.8264,33.1917,32.4881,32.5183,4528931
2007-07-17,32.5921,32.7564,32.3394,32.3782,4547915
2007-07-18,32.3064,32.7048,32.2499,32.56,7629786
2007-07-19,32.56,32.8264,32.2693,32.5785,7359549
2007-07-20,32.56,32.8264,32.3394,32.4142,6873523
2007-07-23,32.5785,32.8264,32.4657,32.5046,4047315
2007-07-24,32.4142,32.665,31.6911,31.7466,7009939
2007-07-25,31.7466,32.2325,31.35,31.8904,5971955
2007-07-26,31.6377,32.4657,31.4929,31.6911,10596665
2007-07-27,31.6552,31.9797,31.0594,31.0594,5908012
2007-07-30,31.4559,31.4559,30.7882,31.0253,6624285
2007-07-31,31.3112,31.5123,30.6793,30.7347,8671162
2007-08-01,30.862,31.9089,30.6288,31.802,6554256
2007-08-02,31.7631,32.4881,31.5842,32.4483,7360298
2007-08-03,32.3588,32.5367,30.862,30.8787,7740929
2007-08-06,31.2217,32.3948,30.519,32.3064,6315327
2007-08-07,32.0197,34.327,31.8184,34.0383,10716488
2007-08-08,33.8741,35.8218,33.8585,35.2658,8688560
2007-08-09,34.3454,35.9131,34.0742,35.0102,8758709
2007-08-10,34.5768,35.9131,34.3454,35.2123,7867233
2007-08-13,35.5884,35.5884,33.7127,34.288,7027895
2007-08-14,34.1481,34.5447,33.4057,33.6592,4739651
2007-08-15,32.8653,33.6029,32.4881,32.63,5321155
2007-08-16,32.4142,33.1169,31.7281,32.8992,8517405
2007-08-17,33.8741,33.9469,32.3064,33.1345,7988909
2007-08-20,33.042,33.3706,32.4881,33.0266,3715907
2007-08-21,32.7748,33.5116,32.7748,33.1723,4641023
2007-08-22,33.2617,33.5874,32.9187,33.3706,2943731
2007-08-23,33.5874,33.7477,32.9712,33.3512,3261226
2007-08-24,33.4211,33.5523,33.0266,33.4601,2310238
2007-08-27,32.9518,33.0091,32.1634,32.1634,5944801
2007-08-28,32.1634,32.6514,31.8709,31.9603,4178415
2007-08-29,32.1975,33.1539,32.1791,33.0994,4725690
2007-08-30,32.665,33.2073,32.4881,32.6096,3075054
2007-08-31,32.9925,33.3142,32.4881,33.0994,3507519
2007-09-04,33.1539,33.8401,32.9518,33.7671,3858475
2007-09-05,33.5689,33.5874,32.8992,33.1917,4144669
2007-09-06,33.042,33.8935,32.8837,33.8401,3862394
2007-09-07,33.39,34.2201,33.39,33.8935,5635462
2007-09-10,33.9294,34.1287,33.39,33.7671,3217838
2007-09-11,33.8225,33.8225,32.7204,33.5689,6141866
2007-09-12,33.5319,33.8935,33.5116,33.6777,3966252
2007-09-13,33.9829,34.0383,33.6029,33.7127,2536027
2007-09-14,33.5319,33.7671,33.4405,33.6777,2502784
2007-09-17,33.7302,33.8935,33.4057,33.4795,2395066
2007-09-18,33.5689,34.1801,33.4405,34.1481,3847732
2007-09-19,34.1063,34.5952,34.1063,34.4553,5216671
2007-09-20,34.2532,34.4737,33.6777,33.7302,2989218
2007-09-21,34.1287,34.2201,33.7302,33.8585,4370109
2007-09-24,33.7477,34.0538,33.6223,33.7302,3705282
2007-09-25,33.5116,34.0742,33.5116,34.0198,3054329
2007-09-26,34.1063,34.4737,33.9294,34.288,3356193
2007-09-27,34.362,34.4155,34.0004,34.1481,2316770
2007-09-28,34.362,34.5447,33.6777,33.7302,3230470
2007-10-01,33.8935,34.4008,33.7477,34.3454,3078321
2007-10-02,34.2726,34.4883,34.1287,34.4737,2829866
2007-10-03,34.3454,34.8334,34.288,34.6671,2716052
2007-10-04,34.6497,34.8683,34.4553,34.8334,2567774
2007-10-05,35.05,35.2658,34.8838,35.0685,2500235
2007-10-08,35.0306,35.157,34.634,34.7245,1758635
2007-10-09,34.8334,34.9227,34.3805,34.8683,4167520
2007-10-10,34.7614,35.05,34.5768,34.5768,2206343
2007-10-11,34.7614,34.9402,33.8741,34.1063,4744022
2007-10-12,34.0742,34.634,34.0383,34.4329,2898132
2007-10-15,34.288,34.7799,33.9469,34.0937,5301562
2007-10-16,34.1481,34.3094,34.0198,34.2201,3792322
2007-10-17,34.5234,34.634,33.5874,33.8741,4250002
2007-10-18,33.8401,34.2375,33.6592,33.9469,2993540
2007-10-19,33.8225,34.0937,33.2238,33.2238,3663164
2007-10-22,33.1917,33.6777,32.9381,33.4959,2380216
2007-10-23,33.6408,33.8225,33.2238,33.4601,2831524
2007-10-24,33.2238,33.7127,33.2073,33.6592,2881169
2007-10-25,33.6592,33.9294,33.4959,33.7671,3883801
2007-10-26,33.8585,34.0198,33.5689,33.9294,3775925
2007-10-29,34.0742,34.4329,34.0198,34.362,3140156
2007-10-30,34.1657,34.6497,34.1481,34.2375,2601137
2007-10-31,34.5234,34.74,34.288,34.5952,3982158
2007-11-01,34.4553,34.74,33.9294,33.9673,4488151
2007-11-02,34.288,34.9227,33.5874,34.3454,5440696
2007-11-05,34.288,35.157,34.0383,34.9402,4079046
2007-11-06,34.9762,35.1191,34.2726,35.0685,3883595
2007-11-07,34.9762,34.9762,34.288,34.3454,4873474
2007-11-08,34.5048,35.2834,34.4329,35.1909,6176873
2007-11-09,34.74,35.6089,34.6671,35.1026,4536987
2007-11-12,35.1026,35.4281,34.9227,34.9588,3092210
2007-11-13,35.1909,35.4815,34.7245,35.4097,3155093
2007-11-14,35.1725,35.1909,34.4883,34.6156,3361478
2007-11-15,34.5447,35.157,34.5048,34.7799,3053518
2007-11-16,34.9402,35.157,34.5048,35.0802,3738008
2007-11-19,34.9402,35.4815,34.8683,35.3378,4688891
2007-11-20,35.3718,36.0035,35.3008,35.9131,5651954
2007-11-21,35.6983,36.2562,35.6254,35.7888,4884662
2007-11-23,36.0959,36.1124,35.5526,35.9316,2025333
2007-11-26,35.9131,36.2212,35.4815,35.5009,4103627
2007-11-27,35.6254,35.8801,35.1909,35.536,4309464
2007-11-28,35.7343,36.0414,35.2464,35.987,3389706
2007-11-29,35.8606,36.0414,35.4447,35.6809,3524805
2007-11-30,36.0414,36.0414,35.536,35.7168,3770705
2007-12-03,35.7168,36.058,35.5884,35.7888,2861180
2007-12-04,35.6439,36.7275,35.5526,36.471,4580436
2007-12-05,36.7441,36.9618,36.5438,36.9065,3650099
2007-12-06,36.8918,37.1261,36.5634,37.0522,2762419
2007-12-07,37.0707,37.2485,36.8005,37.1047,2920451
2007-12-10,37.2485,37.5042,36.9065,37.1776,3267389
2007-12-11,37.1601,37.3233,36.4001,36.4001,4085027
2007-12-12,37.2145,37.2145,36.471,36.8714,4440094
2007-12-13,36.7626,37.3574,36.5848,37.2854,4704128
2007-12-14,36.6363,37.3418,36.6363,36.9259,4611968
2007-12-17,36.6907,36.9968,36.1834,36.3815,2894120
2007-12-18,36.6363,36.9434,36.4933,36.82,3409650
2007-12-19,36.82,37.0862,36.2212,36.471,3999684
2007-12-20,36.8005,37.0862,36.3651,36.7091,2845586
2007-12-21,37.1416,37.303,36.8714,36.9803,4899921
2007-12-24,36.9803,37.2145,36.9065,37.0328,1149516
2007-12-26,36.9968,37.232,36.8005,37.1047,1784052
2007-12-27,36.82,37.1047,36.4933,36.5284,2100073
2007-12-28,36.5634,36.9803,36.5284,36.6713,2613164
2007-12-31,36.6178,36.7091,36.3096,36.4001,1606619
2008-01-02,36.3281,36.5118,35.4281,35.6439,4001356
2008-01-03,35.6983,36.0959,35.6439,35.7507,2749497
2008-01-04,35.5176,36.058,35.4447,35.7343,3505589
2008-01-07,36.0035,36.7275,35.8218,36.6567,3862545
2008-01-08,36.7626,37.1776,36.4526,36.5438,4706858
2008-01-09,36.5848,37.0522,36.4933,36.9434,3796740
2008-01-10,36.7441,37.1416,36.6012,36.8918,3678400
2008-01-11,36.6178,36.8714,36.2756,36.4225,3342532
2008-01-14,36.6363,36.7275,36.2756,36.5438,3055212
2008-01-15,36.1834,36.7626,35.8801,35.9316,4728689
2008-01-16,35.8091,36.3651,35.6254,36.0035,5018629
2008-01-17,36.0414,36.0959,34.8528,34.9588,5559929
2008-01-18,35.1425,35.6254,34.3805,34.5768,6052117
2008-01-22,32.8468,34.1996,32.6815,33.4057,7310984
2008-01-23,32.9518,34.288,32.63,34.2726,8457008
2008-01-24,34.2726,34.288,33.0266,33.2073,5622954
2008-01-25,33.5689,33.5689,32.2693,32.3948,6435250
2008-01-28,32.5046,33.1169,32.321,33.0839,3830826
2008-01-29,33.2978,33.39,32.9518,33.1169,3849156
2008-01-30,33.042,33.8741,32.8468,33.2073,4584118
2008-01-31,33.3317,33.8935,32.7564,33.6592,6472709
2008-02-01,33.6223,34.0937,33.2238,34.0937,3537737
2008-02-04,34.1657,35.05,34.0742,34.7245,4287815
2008-02-05,34.1996,34.5612,33.3512,33.4211,5260369
2008-02-06,33.7856,34.3805,33.6933,34.0004,5432985
2008-02-07,33.8741,34.0538,32.8992,33.1917,8294313
2008-02-08,33.2073,33.4211,32.8992,33.1917,4016831
2008-02-11,33.1169,33.4795,33.0091,33.39,5446084
2008-02-12,33.5319,33.9673,33.4211,33.7477,4650485
2008-02-13,33.6223,33.7127,32.9712,33.2424,4199541
2008-02-14,33.3142,33.6408,32.63,32.7748,3730673
2008-02-15,32.8653,32.9187,32.4483,32.63,3796735
2008-02-19,32.9187,33.0091,32.63,32.7943,3264975
2008-02-20,32.5785,33.1169,32.4483,32.9925,4297370
2008-02-21,33.042,33.0994,32.2693,32.321,4233351
2008-02-22,32.3394,32.9187,32.1634,32.8837,3839934
2008-02-25,32.8468,33.2978,32.8468,33.2073,4518991
2008-02-26,32.9925,33.2424,32.665,33.2238,5967381
2008-02-27,33.0839,33.4211,32.8837,32.9381,3807319
2008-02-28,32.9712,32.9925,32.321,32.3588,7004484
2008-02-29,32.2889,32.2889,31.5298,31.6552,7756278
2008-03-03,31.6766,32.107,31.5463,31.9283,4328243
2008-03-04,31.7095,32.107,31.5298,31.9429,5817952
2008-03-05,32.107,32.107,31.3306,31.802,4630213
2008-03-06,31.7095,31.802,31.1312,31.1489,4549658
2008-03-07,31.2217,31.2217,30.6998,30.9331,4925644
2008-03-10,31.0253,31.2052,30.6793,30.8961,3867000
2008-03-11,31.5298,32.107,31.2586,32.107,5558893
2008-03-12,32.107,32.4881,31.6173,31.6377,4684879
2008-03-13,31.5647,32.2325,31.2927,32.0313,5928007
2008-03-14,32.321,32.3588,31.1877,31.5842,7244323
2008-03-17,31.5647,32.6514,31.3112,32.3782,7237922
2008-03-18,32.5046,32.8117,32.1227,32.7369,5969638
2008-03-19,32.7943,33.2617,32.0197,32.0313,5914484
2008-03-20,32.0702,33.0091,31.8544,32.9187,6309637
2008-03-24,32.9925,33.0634,32.2693,32.5046,3582552
2008-03-25,32.4881,32.8264,32.1227,32.1227,5737954
2008-03-26,32.0197,32.5785,31.8709,32.3782,3599689
2008-03-27,32.3782,32.7369,32.0702,32.1227,4044338
2008-03-28,32.4142,32.4881,31.9089,31.9603,3229053
2008-03-31,32.0197,32.321,31.802,32.2141,3535398
2008-04-01,32.4483,32.8837,32.2325,32.7204,3650251
2008-04-02,32.7564,33.2424,32.5367,33.0266,4191298
2008-04-03,32.8468,33.2424,32.7748,32.8264,2985390
2008-04-04,32.9381,33.1917,32.63,32.7048,3462737
2008-04-07,32.8468,33.042,32.4881,32.9712,3258140
2008-04-08,32.9518,33.39,32.8468,33.2238,3918134
2008-04-09,33.2978,33.3706,33.0091,33.1539,2591746
2008-04-10,33.1917,33.3706,32.9518,33.1169,3182220
2008-04-11,33.0994,33.1539,32.7564,32.8117,3028812
2008-04-14,32.8653,32.9712,32.4483,32.56,5275271
2008-04-15,32.7048,32.7369,32.3948,32.56,3779463
2008-04-16,32.7564,33.3317,32.4881,33.2978,4851595
2008-04-17,33.2617,33.5689,32.9518,33.0634,4275905
2008-04-18,33.2424,33.5319,32.8653,33.1917,4022558
2008-04-21,33.2073,33.2617,32.7564,32.9712,4241383
2008-04-22,32.8468,32.8653,32.4142,32.63,4159039
2008-04-23,32.8468,33.2073,32.3064,33.1917,4757215
2008-04-24,33.0634,33.2978,32.5785,32.8837,4910985
2008-04-25,33.0994,33.3317,32.9518,33.3317,3419316
2008-04-28,33.39,33.39,32.8264,32.9925,3674903
2008-04-29,33.0091,33.1169,32.8117,32.8468,3111034
2008-04-30,32.9712,33.4959,32.8653,33.042,3371953
2008-05-01,33.1539,33.8935,32.8992,33.6933,3890861
2008-05-02,34.288,34.6497,33.8741,34.2726,5005695
2008-05-05,34.4553,34.4553,33.39,33.8012,4233675
2008-05-06,33.6592,34.0198,33.5689,33.8585,4617003
2008-05-07,33.8585,34.0383,33.5689,33.6592,1365715
2008-05-08,33.5689,33.5874,33.2073,33.4795,2942525
2008-05-09,33.8741,33.91,33.1345,33.3142,3852177
2008-05-12,33.4601,33.7671,33.2424,33.7671,2385867
2008-05-13,33.9294,33.9294,33.2811,33.5523,3123720
2008-05-14,33.7477,34.1481,33.5523,34.0937,4215793
2008-05-15,33.8401,33.8401,33.2073,33.4211,3667126
2008-05-16,33.5319,33.6029,33.2073,33.4601,2700462
2008-05-19,33.4959,33.8401,33.4795,33.8012,2480889
2008-05-20,33.5319,33.9469,33.4057,33.5523,3181352
2008-05-21,33.7127,33.9294,33.39,33.4601,3590376
2008-05-22,33.4405,33.8225,33.39,33.6223,2350153
2008-05-23,33.4057,33.5874,32.7943,32.8653,2839503
2008-05-27,32.56,33.1345,32.56,33.0266,2938235
2008-05-28,33.042,33.2073,32.8992,33.2073,3123186
2008-05-29,32.7748,33.4601,32.0197,33.2424,3001077
2008-05-30,33.39,33.5116,33.0994,33.3512,3911774
2008-06-02,33.2978,33.3317,32.5046,32.6815,4206598
2008-06-03,32.8992,32.9925,32.2889,32.4318,4817840
2008-06-04,32.3948,32.7943,32.3064,32.7564,4216328
2008-06-05,32.8117,32.8117,32.4142,32.7943,5310249
2008-06-06,32.56,32.6815,31.8904,31.9283,4553386
2008-06-09,32.1227,32.7564,32.0313,32.665,3757227
2008-06-10,32.5367,32.6514,32.0313,32.321,3797321
2008-06-11,32.321,32.5367,31.9992,32.3782,5850528
2008-06-12,32.4657,32.5785,32.0498,32.1975,3636822
2008-06-13,32.321,32.7748,32.2499,32.7564,3919238
2008-06-16,32.7369,32.8992,32.2693,32.8468,3538369
2008-06-17,32.9518,32.9518,32.6514,32.8468,3007175
2008-06-18,32.8468,33.0091,32.4483,32.665,3520183
2008-06-19,32.5046,32.7204,32.3782,32.7048,4317307
2008-06-20,32.3948,32.5921,31.7281,31.8904,6850516
2008-06-23,31.9603,32.4657,31.9429,32.0197,3781635
2008-06-24,31.9603,31.9797,31.5842,31.6911,4550643
2008-06-25,31.7631,32.2325,31.6766,32.0197,3988113
2008-06-26,31.6911,31.8184,31.0964,31.0964,5199277
2008-06-27,31.1312,31.4199,30.7163,30.8076,6223850
2008-06-30,30.9525,31.5842,30.7347,31.3685,7914794
2008-07-01,31.0253,31.4404,30.862,31.1673,5285910
2008-07-02,31.0964,31.5842,31.0964,31.1489,4024568
2008-07-03,31.35,31.5463,30.8436,30.8787,2927513
2008-07-07,30.9525,31.382,30.7698,31.0049,5362837
2008-07-08,31.043,31.6018,30.9525,31.5463,6116768
2008-07-09,31.5298,32.0197,31.4015,31.6018,4878517
2008-07-10,31.6552,31.7631,31.2586,31.4929,4775732
2008-07-11,31.2052,31.7631,30.8787,31.4015,4019142
2008-07-14,31.6766,31.6766,30.9875,31.043,3876977
2008-07-15,31.043,31.3685,30.7882,31.1489,5327337
2008-07-16,31.2217,31.2761,30.6463,30.8262,4143815
2008-07-17,30.9331,31.1673,30.2643,31.0049,5902542
2008-07-18,31.043,31.4929,30.9146,31.3685,5655714
2008-07-21,31.3685,31.6018,31.2217,31.3306,4132933
2008-07-22,31.4199,31.7466,31.2217,31.3306,3909206
2008-07-23,31.2927,31.4015,30.7533,31.0768,3382965
2008-07-24,31.1489,31.35,30.8787,31.2586,4464468
2008-07-25,31.3306,31.4929,30.9875,31.0253,2962345
2008-07-28,31.0049,31.1877,30.6998,30.862,4416768
2008-07-29,30.8262,31.2586,30.8262,31.1673,3772791
2008-07-30,31.2927,31.9089,31.0594,31.6173,5012749
2008-07-31,31.7631,32.0498,31.3685,31.7281,4184951
2008-08-01,31.5842,31.9089,30.968,30.9875,4380158
2008-08-04,30.9525,31.5842,30.9525,31.35,4061679
2008-08-05,31.6911,31.8709,31.1673,31.8709,4620438
2008-08-06,32.1227,32.2499,31.4404,31.4734,5037116
2008-08-07,31.4015,31.8544,31.1673,31.4404,3533861
2008-08-08,31.4404,32.8837,31.2586,32.8117,6446913
2008-08-11,32.3588,33.7856,32.0313,33.4601,6170860
2008-08-12,33.3512,33.3512,32.0498,32.2141,6142734
2008-08-13,31.6173,32.3064,31.6173,32.0498,4705894
2008-08-14,32.1634,32.1634,31.6173,31.7095,3807360
2008-08-15,31.7095,32.1634,31.7095,32.0916,2712143
2008-08-18,32.107,32.4142,32.0197,32.2889,3090265
2008-08-19,32.1975,32.321,31.8544,31.9283,2825163
2008-08-20,32.0498,32.0498,31.6911,31.9429,3805107
2008-08-21,31.802,32.0313,31.6766,31.8709,3389843
2008-08-22,32.0916,32.2693,31.8709,32.1791,1860827
2008-08-25,32.0916,32.1975,31.6377,31.7466,2816800
2008-08-26,31.6766,32.1227,31.6552,31.9429,3714713
2008-08-27,32.0197,32.1227,31.7796,31.9992,2304352
2008-08-28,32.1227,32.2141,31.9283,32.1975,2129177
2008-08-29,32.1227,32.1975,31.4404,31.4734,3422234
2008-09-02,31.6173,31.8904,31.2382,31.2927,4638481
2008-09-03,31.3112,31.382,30.7347,30.8961,5396711
2008-09-04,30.9525,31.2927,30.8076,31.2052,6212914
2008-09-05,31.1489,31.4404,30.7533,31.2382,5557952
2008-09-08,31.5463,32.2499,31.4199,32.2499,6261927
2008-09-09,32.1227,32.9187,32.1227,32.665,10215336
2008-09-10,32.7048,32.8837,32.1975,32.2499,5342462
2008-09-11,32.2499,32.9381,32.0498,32.8837,4739199
2008-09-12,32.7048,33.1917,32.56,33.0266,4115849
2008-09-15,31.8709,33.2238,31.8709,32.2325,5746356
2008-09-16,32.0313,32.8653,31.5123,32.56,8483387
2008-09-17,32.0702,32.3394,31.35,31.3685,6914800
2008-09-18,31.4734,33.8225,31.4734,33.5523,10894494
2008-09-19,33.7127,34.4737,32.3948,32.4318,9582290
2008-09-22,32.5367,32.8837,32.1421,32.4318,5826744
2008-09-23,32.56,32.9187,31.8184,31.8904,4976681
2008-09-24,32.0498,32.2693,31.6766,32.2141,4385295
2008-09-25,32.321,32.8117,32.2141,32.4318,3901440
2008-09-26,31.9992,32.6096,31.9089,32.5367,3302633
2008-09-29,32.1975,32.665,31.6766,31.7796,7083396
2008-09-30,32.321,32.4881,30.9875,31.4559,6648834
2008-10-01,31.4559,32.3394,31.043,32.1421,5118498
2008-10-02,31.9992,32.1227,31.4199,31.6552,7631084
2008-10-03,31.9992,32.4657,31.2382,31.3306,5702822
2008-10-06,31.3306,31.5842,29.7784,30.8787,9601134
2008-10-07,31.35,31.4404,30.5006,30.6288,9236427
2008-10-08,30.0671,31.4015,29.9777,30.555,10507233
2008-10-09,30.4286,30.7347,27.3448,27.3448,10874693
2008-10-10,25.9325,27.7734,24.363,26.0434,13765913
2008-10-13,29.7609,29.7609,27.8288,29.5073,7332585
2008-10-14,31.2217,31.3112,27.4323,28.3701,11730595
2008-10-15,28.0066,28.2807,26.6196,26.7295,7469020
2008-10-16,27.8288,28.0639,25.989,28.028,9697325
2008-10-17,27.5586,28.7491,27.1085,27.3448,9021360
2008-10-20,28.6773,30.139,27.5216,30.101,6292869
2008-10-21,29.3634,29.7406,28.1903,28.3351,5708588
2008-10-22,28.4983,28.7675,27.0531,27.8842,10960117
2008-10-23,28.3166,29.7075,27.7015,29.5986,10931298
2008-10-24,27.7734,28.9115,27.3953,28.2069,8502135
2008-10-27,27.8482,29.4898,27.7015,28.3701,8161571
2008-10-28,29.0748,30.1205,27.9911,30.101,9117238
2008-10-29,29.9213,30.5006,29.0572,29.3109,7783745
2008-10-30,30.59,30.6288,29.5257,30.3742,5726217
2008-10-31,30.0486,30.6085,29.2391,29.5626,7047456
2008-11-03,29.4178,30.1731,29.3274,30.0856,5934881
2008-11-04,30.7163,31.043,29.9601,30.5365,6740585
2008-11-05,29.617,29.7969,28.1563,28.1903,9862860
2008-11-06,28.2807,28.6228,28.0066,28.2613,8430196
2008-11-07,28.4983,29.5257,28.442,29.3274,4554019
2008-11-10,29.7969,29.8708,28.3526,28.7337,4897265
2008-11-11,28.4245,29.3109,28.3526,28.5898,7339271
2008-11-12,28.1563,28.1708,27.4323,27.612,5562054
2008-11-13,27.7015,29.1486,27.4157,29.0748,9216129
2008-11-14,28.4983,29.4013,27.5955,28.2282,10293016
2008-11-17,28.1903,28.4585,27.612,27.7734,7343489
2008-11-18,27.9746,28.3166,27.4672,28.2992,7419889
2008-11-19,28.1563,28.4245,26.8899,26.9074,8363214
2008-11-20,27.0357,27.8638,26.1678,26.4011,12017932
2008-11-21,27.0531,27.162,25.573,27.1436,13759632
2008-11-24,27.4672,28.4245,26.7829,27.8842,9117746
2008-11-25,28.1903,28.5704,27.1815,27.6684,8531480
2008-11-26,27.3448,27.5586,26.9978,27.3224,6408175
2008-11-28,27.2525,28.0833,27.0192,28.0833,2767812
2008-12-01,27.4517,27.7219,26.5487,26.6022,6177171
2008-12-02,27.0357,27.0697,25.8081,26.1678,8436710
2008-12-03,26.1678,26.748,25.7178,26.6372,7488848
2008-12-04,26.5848,26.9074,25.8986,26.331,7547738
2008-12-05,25.9714,27.0357,25.5011,26.9647,6208365
2008-12-08,27.4672,27.4672,26.5848,26.9647,5725885
2008-12-09,26.9268,26.9268,26.0958,26.1901,5925706
2008-12-10,26.3495,26.6372,26.2805,26.5662,3674244
2008-12-11,26.4419,27.0357,25.9714,26.2805,6391410
2008-12-12,25.952,26.4759,25.7178,26.3854,5337903
2008-12-15,26.4759,26.6547,25.9325,26.1901,4245931
2008-12-16,26.4225,26.9783,26.368,26.9647,5217032
2008-12-17,26.7829,26.9647,26.331,26.368,4480777
2008-12-18,26.676,27.197,26.1347,26.6547,5643482
2008-12-19,26.9452,27.197,26.4419,26.4923,5536804
2008-12-22,26.5487,26.9978,26.368,26.7829,3028531
2008-12-23,26.8744,26.9452,25.952,26.0589,3632714
2008-12-24,26.0783,26.4225,26.0783,26.368,1006669
2008-12-26,26.4759,26.6196,26.1678,26.2601,1518324
2008-12-29,26.331,26.4419,26.1493,26.4419,2116621
2008-12-30,26.5303,26.9647,26.4419,26.9647,2698759
2008-12-31,26.9268,27.233,26.748,27.0891,3730461
2009-01-02,27.162,27.9367,27.0531,27.7928,2673336
2009-01-05,28.0833,28.4983,27.7928,28.4585,4912672
2009-01-06,28.516,28.8065,27.5955,27.6829,6214832
2009-01-07,27.579,28.1359,27.4866,27.7569,3872693
2009-01-08,27.7569,27.9911,27.612,27.8121,3534536
2009-01-09,27.8288,27.9746,27.4517,27.5586,2939478
2009-01-12,27.612,27.9746,27.579,27.7413,3227439
2009-01-13,27.7734,27.8842,27.0891,27.3632,4558925
2009-01-14,27.3039,27.3448,26.6927,27.0531,5034209
2009-01-15,27.0697,27.1232,26.2941,26.8189,4897890
2009-01-16,27.0697,27.3224,26.7091,27.1085,4337509
2009-01-20,27.0697,27.5586,26.748,26.855,5687345
2009-01-21,27.2525,27.2525,26.1678,26.8005,6907724
2009-01-22,26.7091,27.0192,26.4225,26.8189,4765817
2009-01-23,26.4923,26.8744,26.2805,26.7829,2849650
2009-01-26,27.1085,27.5392,26.8355,27.3632,3930978
2009-01-27,27.5071,27.7569,27.2525,27.612,4422912
2009-01-28,27.8482,27.9561,27.3769,27.7928,4829226
2009-01-29,27.612,28.2282,27.5955,27.8121,4592195
2009-01-30,27.7219,28.1563,27.1436,27.3448,6270878
2009-02-02,27.0697,27.3632,26.8899,27.0891,4602005
2009-02-03,27.3953,27.3953,26.8189,27.162,5463079
2009-02-04,27.7734,27.9746,27.5071,27.7219,6443777
2009-02-05,28.4245,28.6228,27.8121,27.9191,7244675
2009-02-06,28.1184,28.6228,27.8121,28.2992,6031206
2009-02-09,28.3351,28.4245,27.7569,28.2613,4465911
2009-02-10,28.0639,28.2613,27.2699,27.4517,6933040
2009-02-11,27.612,27.612,26.8005,26.9647,4154440
2009-02-12,26.7829,26.9074,26.2805,26.855,4519558
2009-02-13,26.8355,27.1085,26.5662,26.6022,3689010
2009-02-17,26.2805,26.2805,25.4477,25.4651,5543715
2009-02-18,25.6818,26.0958,25.3183,26.0055,8385805
2009-02-19,26.0783,26.3854,25.7907,26.1678,6624013
2009-02-20,26.0589,26.2047,25.3183,25.5546,7865481
2009-02-23,25.8081,25.8986,24.9937,25.1064,5119386
2009-02-24,25.2473,25.918,25.2114,25.8266,4758406
2009-02-25,26.1678,26.1678,25.3183,25.573,5731836
2009-02-26,25.7722,25.8616,24.8517,24.8703,4305390
2009-02-27,24.7255,24.8323,24.1286,24.3123,6261531
2009-03-02,23.9139,24.2725,23.2997,23.3172,6271276
2009-03-03,23.5329,23.5329,22.0187,22.0555,6670291
2009-03-04,22.3812,22.6689,21.728,22.4142,5910789
2009-03-05,22.0361,22.0361,21.3509,21.728,7244700
2009-03-06,22.182,22.5415,21.386,21.9263,5361999
2009-03-09,21.6941,21.9127,21.1536,21.3131,5316642
2009-03-10,22.0906,22.4512,21.6542,22.3608,7826784
2009-03-11,22.6689,22.9731,22.4327,22.6475,5581874
2009-03-12,22.5591,22.8836,22.4142,22.8322,3768133
2009-03-13,23.0081,23.3346,22.8108,23.2083,4045847
2009-03-16,23.7312,24.1811,23.3726,23.7515,4650167
2009-03-17,23.8235,24.4008,23.5893,24.4008,5941096
2009-03-18,24.2919,25.3378,24.0023,25.2473,7925035
2009-03-19,25.3183,25.6818,25.1064,25.573,5391230
2009-03-20,25.7907,26.3854,25.6264,25.6633,8765332
2009-03-23,26.1678,26.5303,25.7907,26.5137,5395202
2009-03-24,26.2805,26.4759,25.5011,25.6264,5586879
2009-03-25,25.7527,26.1347,25.2852,25.6993,3975375
2009-03-26,25.9325,26.1162,25.3018,26.0958,5028536
2009-03-27,25.7527,25.918,25.4825,25.7907,3704108
2009-03-30,25.3922,25.6264,25.1774,25.4651,4508991
2009-03-31,25.6993,26.0783,25.3922,25.8442,6311925
2009-04-01,25.608,25.8791,25.4477,25.7363,6372076
2009-04-02,26.0589,26.1162,25.2658,25.5914,5759262
2009-04-03,25.6633,25.8791,25.4116,25.608,2933894
2009-04-06,25.4651,25.8986,25.2658,25.3736,3753366
2009-04-07,25.0656,25.1774,24.5806,24.8323,5726551
2009-04-08,24.9606,25.2473,24.7605,25.2473,3457977
2009-04-09,25.3736,25.5546,24.8703,25.1949,5166966
2009-04-13,25.1774,25.2658,24.9606,25.1229,3878455
2009-04-14,25.0501,25.0656,24.636,24.7605,3949385
2009-04-15,24.7605,25.2658,24.671,25.2658,6133984
2009-04-16,25.3582,25.3582,24.8323,25.0336,7438723
2009-04-17,25.0336,25.1375,24.636,24.8003,7190950
2009-04-20,24.6535,24.9937,24.5457,24.7605,3814308
2009-04-21,24.6885,25.0501,24.6885,24.9606,3616991
2009-04-22,24.6885,24.9937,24.5457,24.7605,8275055
2009-04-23,24.7605,25.015,24.6885,24.9412,4604077
2009-04-24,24.9771,25.0656,24.741,24.8129,4109965
2009-04-27,24.6535,25.1375,24.6535,24.8703,3073919
2009-04-28,24.741,25.2658,24.741,24.9937,3061942
2009-04-29,25.1949,25.2658,25.0336,25.2473,3277347
2009-04-30,25.2852,25.4477,24.7605,24.9218,4125063
2009-05-01,24.9606,25.4651,24.9062,25.4651,3304903
2009-05-04,25.3378,25.6818,25.1589,25.6818,6004008
2009-05-05,25.6264,25.8081,25.2852,25.608,5721956
2009-05-06,25.6993,25.8081,25.1949,25.2473,4307953
2009-05-07,25.4651,25.6993,24.9062,25.608,6464587
2009-05-08,25.7178,26.0055,25.4651,25.5914,7234475
2009-05-11,25.4651,26.0958,25.3582,25.8791,6513166
2009-05-12,26.0239,26.1678,25.7722,25.989,5196475
2009-05-13,26.0055,26.0434,25.2658,25.3378,6363849
2009-05-14,25.1229,25.2658,24.5631,24.7789,4737546
2009-05-15,24.7255,24.7789,24.1676,24.327,3957969
2009-05-18,24.5631,24.7079,24.1811,24.4543,3849208
2009-05-19,24.3444,24.7605,24.3123,24.4756,5063085
2009-05-20,24.5806,24.7255,24.1676,24.2201,4772181
2009-05-21,24.1811,24.2919,24.0237,24.2725,5611876
2009-05-22,24.256,24.8003,24.1811,24.7079,4713746
2009-05-26,24.7079,25.3183,24.4756,25.3183,4746675
2009-05-27,25.3018,25.3018,24.7789,24.8129,4698027
2009-05-28,24.8878,25.5205,24.8878,25.3183,5513536
2009-05-29,25.3736,25.6264,25.0336,25.5379,5494664
2009-06-01,25.6264,26.0783,25.608,25.9325,4045915
2009-06-02,25.8266,26.0239,25.4281,25.4477,4346775
2009-06-03,25.4281,25.5379,25.1949,25.4116,3358134
2009-06-04,25.4825,25.5205,25.2852,25.3922,3558277
2009-06-05,25.3922,25.7907,25.2658,25.5011,3630354
2009-06-08,25.5011,25.6993,25.2289,25.4281,3317924
2009-06-09,25.5379,25.7363,25.3183,25.4116,5697377
2009-06-10,25.4116,25.7907,25.2289,25.5205,4384717
2009-06-11,25.5546,26.3854,25.4825,26.0589,6001642
2009-06-12,26.0055,26.6372,25.7178,26.4759,8018654
2009-06-15,26.2047,26.368,25.8081,26.0783,3578105
2009-06-16,26.7635,26.7635,25.5205,25.6818,7112520
2009-06-17,25.6633,26.0055,25.5205,25.7907,6163318
2009-06-18,25.8616,26.4923,25.1064,26.4225,5332317
2009-06-19,26.3854,26.6196,25.9325,26.0055,6272137
2009-06-22,25.8442,26.6022,25.8442,26.4419,5230682
2009-06-23,26.2221,26.4011,25.8081,25.9714,5659345
2009-06-24,26.1347,26.2047,25.7907,25.989,4187439
2009-06-25,25.952,26.5303,25.6993,26.4011,5340950
2009-06-26,26.3495,26.3854,25.8791,26.0055,4411107
2009-06-29,26.1162,26.368,25.8986,26.3136,2999019
2009-06-30,26.4923,26.5487,25.9714,26.331,4699727
2009-07-01,26.2941,26.9647,26.2416,26.7635,4332327
2009-07-02,26.5487,26.5487,25.989,25.989,3537987
2009-07-06,25.9325,26.4564,25.8986,26.368,2894501
2009-07-07,26.3854,26.4419,25.8081,25.8442,5182138
2009-07-08,25.989,26.1347,25.573,25.7907,4794486
2009-07-09,25.8986,25.9325,25.4477,25.6818,3532175
2009-07-10,25.608,26.0434,25.4477,25.8442,7257571
2009-07-13,25.952,26.368,25.6993,26.2941,4717493
2009-07-14,26.3136,26.3854,26.0434,26.2047,4224831
2009-07-15,26.1678,26.6927,26.1678,26.6372,3799867
2009-07-16,26.5303,26.748,26.331,26.6547,3385424
2009-07-17,26.7091,26.7091,26.4225,26.5848,3723813
2009-07-20,26.6927,26.748,26.3854,26.6372,3764502
2009-07-21,26.9452,26.9647,26.748,26.8744,3394821
2009-07-22,26.748,27.0192,26.6927,26.7829,3048176
2009-07-23,26.7091,27.4517,26.7091,27.3448,4675368
2009-07-24,27.1815,27.8842,27.1815,27.7734,3903384
2009-07-27,27.7734,27.8842,27.5586,27.8842,2848046
2009-07-28,27.7928,27.8842,27.3448,27.612,3217110
2009-07-29,27.5216,27.9191,27.2854,27.7015,5081770
2009-07-30,27.8842,28.2069,27.579,28.028,3972586
2009-07-31,27.9561,28.098,27.7413,27.9367,2927689
2009-08-03,27.9367,28.1903,27.8482,28.098,5414824
2009-08-04,28.098,28.2448,27.9016,28.1184,4563946
2009-08-05,28.028,28.028,27.4517,27.6684,3918276
2009-08-06,27.7219,27.9191,27.579,27.8842,2739001
2009-08-07,28.0833,28.3886,27.9016,28.2807,4181547
2009-08-10,28.2282,28.2282,27.7928,28.0066,3604419
2009-08-11,28.1708,28.2613,27.9746,28.1563,3280786
2009-08-12,27.7219,27.7734,27.3953,27.579,12153438
2009-08-13,27.6829,27.6829,27.3039,27.612,6078202
2009-08-14,27.6829,27.7569,27.3769,27.7569,3218628
2009-08-17,27.3224,27.6684,27.3224,27.5586,7495084
2009-08-18,27.6518,27.6518,27.3632,27.5216,6933086
2009-08-19,27.4323,27.7413,27.3448,27.6829,3966624
2009-08-20,27.8121,27.9746,27.5586,27.9561,3231054
2009-08-21,28.0639,28.2448,27.9367,28.1708,3807179
2009-08-24,28.2448,28.3351,28.098,28.3351,2555307
2009-08-25,28.2613,28.4071,28.1563,28.1903,2739126
2009-08-26,28.2069,28.3166,27.9016,28.2282,2485810
2009-08-27,28.1563,28.2992,27.9911,28.1903,2645994
2009-08-28,28.3166,28.3166,27.9911,28.1708,2870261
2009-08-31,28.0833,28.1563,27.7928,27.9561,3999959
2009-09-01,27.8638,28.0833,27.5216,27.5955,5460259
2009-09-02,27.612,27.612,27.2699,27.3448,11240145
2009-09-03,27.3769,27.6518,27.1436,27.6294,5516904
2009-09-04,27.6829,28.0066,27.6829,28.0066,3765567
2009-09-08,28.1563,28.1903,27.8482,28.0066,4180946
2009-09-09,27.9746,28.0639,27.7569,27.8482,4518292
2009-09-10,27.8482,27.9016,27.7015,27.8482,2941943
2009-09-11,27.9367,27.9561,27.7569,27.8482,3100035
2009-09-14,27.9561,28.2613,27.9016,28.2448,3513822
2009-09-15,28.2992,28.2992,27.9191,28.2613,4204389
2009-09-16,28.4245,28.7871,28.0066,28.6034,5637842
2009-09-17,28.7141,28.7871,28.3886,28.5509,5169325
2009-09-18,28.6947,28.9115,28.4585,28.8065,5774006
2009-09-21,28.6773,28.7871,28.3886,28.4245,3546469
2009-09-22,28.516,28.516,28.1903,28.3526,3739653
2009-09-23,28.4071,28.7871,28.2992,28.3701,3655062
2009-09-24,28.3701,28.6228,28.3701,28.5324,3467575
2009-09-25,28.4585,28.7141,28.4245,28.5704,3138193
2009-09-28,28.5324,28.893,28.5324,28.7675,2512282
2009-09-29,28.8192,28.8192,28.4245,28.6228,3380369
2009-09-30,28.6773,28.8192,28.2448,28.4071,4146343
2009-10-01,28.3886,28.4071,28.098,28.1708,5000360
2009-10-02,28.0639,28.1563,27.7569,27.7569,3460089
2009-10-05,27.8842,28.0066,27.6684,27.9911,3447040
2009-10-06,28.2069,28.2282,27.9016,28.1903,3723615
2009-10-07,28.2069,28.3886,27.9367,28.2992,3376402
2009-10-08,28.4071,28.4071,28.0639,28.1359,2813986
2009-10-09,28.1708,28.2448,28.0833,28.1563,2428621
2009-10-12,28.3886,28.3886,28.0833,28.2282,2716146
2009-10-13,28.1903,28.2613,28.098,28.1708,2840259
2009-10-14,28.2448,28.5509,28.2069,28.4779,4560338
2009-10-15,28.4779,28.6228,28.3526,28.6034,3531905
2009-10-16,28.5898,28.5898,28.2448,28.4983,5122073
2009-10-19,28.5324,29.0038,28.3701,28.8386,3616991
2009-10-20,28.9115,28.9115,28.5324,28.7871,9056446
2009-10-21,28.7871,29.3109,28.7675,29.1486,6112030
2009-10-22,29.1272,29.2391,28.9309,29.2196,5286403
2009-10-23,29.1486,29.2701,28.9659,29.0572,5873367
2009-10-26,29.1272,29.4343,28.7491,28.7675,6046801
2009-10-27,28.8192,29.0748,28.6228,28.6947,5057448
2009-10-28,28.858,29.0748,28.5509,28.5898,6066478
2009-10-29,28.6773,29.0748,28.6034,29.0748,6425163
2009-10-30,29.2701,29.2701,28.5509,28.5509,7401773
2009-11-02,28.6403,28.8386,28.3526,28.4779,5310016
2009-11-03,28.3886,28.516,28.2992,28.3701,5399049
2009-11-04,28.4585,28.7871,28.442,28.516,4765498
2009-11-05,28.7141,28.9659,28.6228,28.9659,3555599
2009-11-06,28.9659,29.0748,28.7491,28.9659,4619529
2009-11-09,29.1992,29.4343,29.0038,29.4343,4504500
2009-11-10,29.0913,29.2196,28.8386,29.1992,12554142
2009-11-11,29.2925,29.3109,29.0193,29.1272,3025268
2009-11-12,29.0387,29.2196,28.8192,28.893,3411367
2009-11-13,28.9309,29.1992,28.7871,28.9475,4123810
2009-11-16,29.0748,29.3819,28.9115,29.2391,3540004
2009-11-17,29.2391,29.3274,29.0572,29.2196,4444559
2009-11-18,29.1486,29.2536,29.0193,29.1642,2798217
2009-11-19,29.1486,29.1486,28.893,29.0572,4509568
2009-11-20,28.9659,29.3819,28.9659,29.2701,4855506
2009-11-23,29.4013,29.8708,29.3819,29.7075,4533654
2009-11-24,29.5782,29.8872,29.5626,29.8872,3953426
2009-11-25,29.9407,30.3023,29.8708,30.2313,3282238
2009-11-27,29.8134,30.3742,29.5986,30.1205,2824586
2009-11-30,30.139,30.3558,29.9931,30.101,5948634
2009-12-01,30.139,30.8787,30.139,30.8787,5798654
2009-12-02,30.8076,31.3306,30.8076,31.1312,6212347
2009-12-03,31.1312,31.4734,30.9875,31.1673,3899219
2009-12-04,31.4015,31.6018,30.6793,30.9331,6112685
2009-12-07,31.1148,31.5647,30.9331,31.3685,3705740
2009-12-08,31.382,31.5842,31.0964,31.4929,4500398
2009-12-09,31.4199,31.5842,31.3306,31.4929,3663010
2009-12-10,31.5842,31.9603,31.5123,31.8904,2877783
2009-12-11,32.0498,32.2889,31.7796,32.1421,4147707
2009-12-14,32.3782,32.3782,31.6766,31.9429,5879662
2009-12-15,31.7631,32.0313,31.7095,31.8544,3738871
2009-12-16,32.2141,32.3588,31.6377,31.6766,5003665
2009-12-17,31.5842,31.6173,31.2052,31.2761,5391708
2009-12-18,31.2761,31.4929,30.968,31.382,5168740
2009-12-21,31.382,31.6911,31.35,31.35,2358177
2009-12-22,31.5647,31.5647,31.043,31.1489,3531791
2009-12-23,31.0964,31.3112,30.968,31.1148,2792175
2009-12-24,31.1148,31.2927,31.0768,31.1673,1235075
2009-12-28,31.1877,31.4015,31.1877,31.2927,2898442
2009-12-29,31.2927,31.4404,31.2217,31.382,2014165
2009-12-30,31.2217,31.4734,31.2217,31.4404,1713006
2009-12-31,31.4559,31.5842,31.0594,31.0594,2524864
2010-01-04,31.0594,31.2052,30.519,30.6288,6901936
2010-01-05,30.6998,30.6998,30.0126,30.1205,6436931
2010-01-06,30.0671,30.4286,30.0321,30.2313,5795617
2010-01-07,30.2643,30.4286,30.139,30.3742,3949597
2010-01-08,30.2109,30.3907,30.101,30.3907,2749558
2010-01-11,30.4092,30.7698,30.3742,30.6998,3649707
2010-01-12,30.6463,30.8787,30.4811,30.7347,4406570
2010-01-13,30.8436,31.0253,30.519,30.8076,5045380
2010-01-14,30.8787,30.9331,30.59,30.8076,3191167
2010-01-15,30.4627,30.7882,30.101,30.5006,7230802
2010-01-19,30.6599,30.862,30.3907,30.8436,3088854
2010-01-20,30.6998,30.6998,30.2109,30.555,4369427
2010-01-21,30.5734,30.6599,30.0321,30.101,6579622
2010-01-22,30.139,30.3023,29.8134,29.8708,6528047
2010-01-25,30.139,30.1731,29.7406,30.0671,3752736
2010-01-26,30.0856,30.4286,29.8872,30.3373,4699491
2010-01-27,30.2818,30.3217,29.9213,30.2109,4880143
2010-01-28,30.2643,30.2818,29.8708,29.9931,3913845
2010-01-29,30.2109,30.2313,29.8134,29.8328,5060295
2010-02-01,29.8872,30.0486,29.617,30.0486,3111522
2010-02-02,29.9407,30.2818,29.6491,30.2489,4613336
2010-02-03,30.2489,30.2643,29.9213,30.0321,2613861
2010-02-04,29.9777,30.0856,29.5442,29.5442,4188718
2010-02-05,29.5986,29.69,29.1117,29.4509,4983076
2010-02-08,29.5073,29.8708,29.3274,29.4509,5310101
2010-02-09,29.6355,30.4286,29.5073,29.8872,8404808
2010-02-10,29.5257,29.7239,29.1486,29.2701,5896585
2010-02-11,29.1642,29.4013,28.9115,29.2536,5161812
2010-02-12,29.1642,29.3634,28.9475,29.1486,5171202
2010-02-16,29.3634,29.6491,29.2536,29.3274,6048966
2010-02-17,29.4732,29.5073,29.0572,29.1992,3918357
2010-02-18,29.1486,29.4732,29.0913,29.4732,3817784
2010-02-19,29.4178,30.0126,29.2536,29.9777,4921806
2010-02-22,30.0486,30.0486,29.5986,29.6491,4441408
2010-02-23,29.6491,29.7609,29.4732,29.5073,3414728
2010-02-24,29.5073,29.7609,29.3109,29.69,4398140
2010-02-25,29.4178,29.5782,29.2391,29.5626,4268813
2010-02-26,29.5626,29.7239,29.4178,29.5073,4161231
2010-03-01,29.617,29.8134,29.4898,29.7609,2979809
2010-03-02,29.9777,29.9777,29.5986,29.6705,3404905
2010-03-03,29.6705,29.8872,29.5257,29.5986,3672378
2010-03-04,29.5626,29.7075,29.2925,29.4732,3780823
2010-03-05,29.4898,29.7075,29.4178,29.7075,3556359
2010-03-08,29.7609,29.8494,29.6355,29.8328,1722982
2010-03-09,29.7609,29.8134,29.6491,29.7239,2043394
2010-03-10,29.7075,29.8328,29.5986,29.7239,2816981
2010-03-11,29.7239,29.7784,29.5782,29.7406,3196136
2010-03-12,29.7784,29.8134,29.4509,29.4732,2763600
2010-03-15,29.5073,29.7239,29.4178,29.7075,2881325
2010-03-16,29.8328,30.0321,29.6491,29.9777,3365802
2010-03-17,30.1584,30.1584,29.9213,29.9931,3776624
2010-03-18,29.8708,30.1584,29.8708,29.9213,4374091
2010-03-19,29.8872,30.2313,29.7075,29.9213,6464958
2010-03-22,29.8328,29.8708,29.5257,29.6705,3893721
2010-03-23,29.6491,29.7239,29.5257,29.7075,3080144
2010-03-24,29.69,29.7075,29.4178,29.4509,3460937
2010-03-25,29.4898,29.617,29.3634,29.4178,2964408
2010-03-26,29.5257,29.6491,29.3819,29.6355,2576514
2010-03-29,29.69,29.9407,29.6355,29.9407,2935045
2010-03-30,29.9213,30.0671,29.5442,29.5986,4924104
2010-03-31,29.5782,29.6491,29.4343,29.4509,3320974
2010-04-01,29.5626,29.7075,29.5073,29.617,3199253
2010-04-05,29.6491,29.7609,29.5073,29.6355,3864674
2010-04-06,29.5073,29.8708,29.4178,29.8708,2820455
2010-04-07,29.8328,29.8708,29.5073,29.5442,3847808
2010-04-08,29.5257,29.5986,29.2536,29.3109,5785679
2010-04-09,29.3634,29.4732,29.1117,29.4732,5139193
2010-04-12,29.4509,29.5442,29.344,29.344,4240202
2010-04-13,29.3634,29.4013,29.2196,29.2701,4837694
2010-04-14,29.2925,29.3109,29.1826,29.2536,3990503
2010-04-15,29.2701,29.2701,29.0038,29.1117,4741895
2010-04-16,29.1117,29.1992,28.8784,28.893,7053573
2010-04-19,28.7675,29.1117,28.7675,29.0038,6147653
2010-04-20,29.0913,29.5442,29.0748,29.5073,5658220
2010-04-21,29.4509,29.5442,29.3274,29.4178,4550048
2010-04-22,29.3109,29.4343,29.0572,29.2536,5383541
2010-04-23,29.2701,29.3274,28.9115,29.3274,5638558
2010-04-26,29.2536,29.4178,29.1486,29.3109,0
2010-04-27,29.2536,29.3819,28.893,28.893,5393435
2010-04-28,29.2196,30.5006,29.1486,30.0321,20552350
2010-04-29,29.9407,30.1731,29.7784,29.8328,6713359
2010-04-30,29.8872,30.3558,29.8328,30.2818,5396356
2010-05-03,30.4092,30.6288,30.2313,30.555,5274171
2010-05-04,30.5365,30.6793,30.0321,30.1584,6887244
2010-05-05,30.1205,30.6599,30.1205,30.2489,5706427
2010-05-06,30.3558,30.555,28.6947,29.7406,9590654
2010-05-07,29.7609,30.0486,29.0748,29.8708,11683640
2010-05-10,30.4092,30.59,30.101,30.5006,6622605
2010-05-11,30.3907,30.8961,30.2109,30.5365,6562762
2010-05-12,30.519,30.7698,30.3373,30.6463,5971070
2010-05-13,30.6463,30.7882,30.3373,30.4286,4660910
2010-05-14,30.4811,30.5365,30.1731,30.2818,5354928
2010-05-17,30.3217,30.59,29.9777,30.555,5035490
2010-05-18,30.6599,30.9331,30.5365,30.5734,9314156
2010-05-19,30.0671,30.1584,29.617,29.7609,6197406
2010-05-20,29.4343,29.6355,28.8192,28.8192,8344244
2010-05-21,28.4245,28.893,28.4245,28.8784,7440581
2010-05-24,28.8784,29.3109,28.7141,28.8192,5806430
2010-05-25,28.4779,28.6034,27.9191,28.5509,5876391
2010-05-26,28.7675,28.7871,28.2613,28.3526,5298356
2010-05-27,28.6947,28.858,28.4585,28.8386,4125261
2010-05-28,28.9309,29.1117,28.7141,28.8065,4952307
2010-06-01,28.6034,28.8192,28.2992,28.3351,3777769
2010-06-02,28.4983,28.8065,28.3526,28.8065,4508597
2010-06-03,28.9309,29.0748,28.7491,28.9659,2390268
2010-06-04,28.5898,28.6607,28.1184,28.1708,5509375
2010-06-07,28.2613,28.5898,28.1184,28.2807,4443382
2010-06-08,28.2613,29.0572,28.098,29.0572,8048676
2010-06-09,29.1117,29.1272,28.6403,28.7491,4590288
2010-06-10,29.0913,29.3109,28.9659,29.3109,4633474
2010-06-11,29.3109,29.3109,28.8386,29.1826,3409283
2010-06-14,29.344,29.4343,29.1642,29.2536,4311379
2010-06-15,29.3634,29.617,29.2701,29.617,3765265
2010-06-16,29.7239,29.8872,29.4898,29.8134,3732351
2010-06-17,29.8708,30.1731,29.69,30.1584,3310834
2010-06-18,30.1205,30.2109,29.8134,30.0321,4088377
2010-06-21,30.2313,30.2313,29.7969,29.9407,3512591
2010-06-22,29.9049,29.9601,29.3819,29.4509,3736244
2010-06-23,29.4898,29.5986,29.1486,29.2701,3104491
2010-06-24,29.1117,29.5782,29.0748,29.1486,7116872
2010-06-25,29.1992,29.344,28.9659,29.1826,3490819
2010-06-28,29.3109,29.617,29.0913,29.4898,2581347
2010-06-29,29.2925,29.3819,28.9659,29.1486,5006684
2010-06-30,29.1331,29.4081,28.7871,28.8794,4526088
2010-07-01,28.9115,29.0038,28.6403,28.8192,6197580
2010-07-02,28.8386,29.1642,28.8065,28.9843,3802603
2010-07-06,29.1272,29.4178,29.0387,29.2701,9550779
2010-07-07,29.3109,30.2489,29.2536,30.2313,4496557
2010-07-08,30.2489,30.4092,29.9213,30.1731,4146623
2010-07-09,30.139,30.3373,30.0321,30.3023,1999651
2010-07-12,30.1925,30.5006,30.139,30.4811,2501312
2010-07-13,30.5734,30.6463,30.2643,30.3907,3887837
2010-07-14,30.3217,30.6288,30.2313,30.6085,3802780
2010-07-15,30.6085,30.8787,30.4286,30.8262,3250754
2010-07-16,30.8076,30.8787,30.3558,30.449,3668978
2010-07-19,30.6288,31.0964,30.5006,30.9875,3230287
2010-07-20,30.7533,31.0253,30.555,30.9331,3568667
2010-07-21,30.968,31.0049,30.3023,30.5006,4628446
2010-07-22,30.7347,31.0049,30.6288,30.862,5399884
2010-07-23,31.0253,31.0253,30.4092,30.5734,10949777
2010-07-26,30.555,30.862,30.4811,30.862,5556893
2010-07-27,30.9331,31.3306,30.7698,31.3306,5813818
2010-07-28,31.2927,31.35,31.043,31.2382,3704036
2010-07-29,31.4199,31.4559,30.968,30.9875,4290251
2010-07-30,30.9875,31.0964,30.6793,30.862,4314661
2010-08-02,31.2052,31.5463,31.1148,31.35,4736537
2010-08-03,31.5842,31.5842,31.2761,31.35,4545349
2010-08-04,31.5298,31.5298,31.1312,31.35,3545770
2010-08-05,31.2586,31.4404,31.1312,31.4199,3265538
2010-08-06,31.35,31.4929,31.1312,31.4404,3638431
2010-08-09,31.6552,31.7796,31.4734,31.6911,3280767
2010-08-10,31.5647,32.1227,31.4404,31.9283,5675715
2010-08-11,31.2382,31.2761,30.8787,30.8787,4701598
2010-08-12,30.6463,31.043,30.6085,30.862,4295779
2010-08-13,30.8262,31.043,30.6793,30.6998,5913353
2010-08-16,30.6288,30.7533,30.2489,30.7347,3680158
2010-08-17,30.8787,31.35,30.8262,31.1148,4358021
2010-08-18,31.0594,31.2761,30.8787,31.1489,14167952
2010-08-19,31.0594,31.0594,30.4286,30.7533,4103460
2010-08-20,30.6599,30.8787,30.519,30.7882,3700859
2010-08-23,30.9146,31.1148,30.7882,30.7882,7793286
2010-08-24,30.6463,31.2052,30.5365,31.0594,7168302
2010-08-25,31.0594,31.1148,30.59,30.968,5132746
2010-08-26,31.0964,31.0964,30.7347,30.8262,3471155
2010-08-27,30.9525,31.3306,30.7347,31.3306,3313838
2010-08-30,31.3112,31.3685,30.9525,30.9525,2865657
2010-08-31,30.8523,31.2013,30.7066,30.9992,6197585
2010-09-01,31.2761,31.5842,31.1877,31.4734,6558836
2010-09-02,31.5123,31.5123,31.0768,31.1877,4083365
2010-09-03,31.2586,31.4199,31.0253,31.3112,4300809
2010-09-07,31.3112,31.5647,31.2217,31.2927,3595834
2010-09-08,31.2927,31.5647,31.2761,31.382,3162304
2010-09-09,31.5298,31.7281,31.4015,31.6552,3646125
2010-09-10,31.6173,31.6911,31.4404,31.6377,3337739
2010-09-13,31.8184,31.9797,31.6911,31.8709,3494854
2010-09-14,31.8709,32.0313,31.6911,31.8709,3242499
2010-09-15,31.8544,31.9603,31.6552,31.7281,3607900
2010-09-16,31.9797,31.9797,31.6018,31.7095,2908385
2010-09-17,31.7095,31.8904,31.5298,31.6018,5012120
2010-09-20,31.6911,32.1227,31.6173,32.0916,3339371
2010-09-21,32.0916,32.3588,31.9283,32.107,3772628
2010-09-22,32.1421,32.63,32.1421,32.4483,4562013
2010-09-23,32.3394,32.5785,31.9603,32.0498,3428883
2010-09-24,32.2499,32.56,32.2325,32.4657,2562327
2010-09-27,32.3782,32.4657,32.1227,32.3064,3362221
2010-09-28,32.4318,32.4881,32.1634,32.3782,3935299
2010-09-29,32.2499,32.3948,32.0916,32.2325,2690871
2010-09-30,32.3782,32.4318,31.9283,31.9603,3968121
2010-10-01,32.2141,32.3394,31.9992,32.1791,3910980
2010-10-04,32.1227,32.2889,31.9089,32.0313,3546979
2010-10-05,32.2499,32.3064,31.9603,32.0197,7017530
2010-10-06,31.9797,32.2141,31.8904,31.9429,4891259
2010-10-07,32.0498,32.107,31.7281,31.8184,5186982
2010-10-08,31.802,31.9283,31.6911,31.8359,4633845
2010-10-11,31.8544,31.9603,31.7095,31.802,1896765
2010-10-12,31.6911,31.8359,31.6377,31.7281,3444593
2010-10-13,31.802,31.8544,31.6552,31.6911,3554063
2010-10-14,31.7095,31.7631,31.6018,31.7281,3483145
2010-10-15,31.8544,31.9603,31.5842,31.7466,4225082
2010-10-18,31.8184,31.9283,31.7281,31.8544,8093255
2010-10-19,31.7095,31.9992,31.7095,31.8904,5667579
2010-10-20,31.9992,32.321,31.9429,32.107,6275833
2010-10-21,32.1975,32.4142,32.0313,32.1634,4281523
2010-10-22,32.1634,32.1975,31.8184,32.0916,3266664
2010-10-25,32.1634,32.2693,32.0313,32.0702,3141045
2010-10-26,32.0313,32.2499,31.8544,32.2325,3427532
2010-10-27,32.0498,32.2499,31.8184,32.2499,3674075
2010-10-28,32.4881,32.6514,32.2499,32.6096,5329379
2010-10-29,32.5746,33.0713,32.4969,32.8662,5440671
2010-11-01,33.0091,33.0994,32.3588,32.5785,4568145
2010-11-02,32.7748,33.042,32.7369,32.9712,3547823
2010-11-03,33.0839,33.1539,32.7564,33.0091,3362345
2010-11-04,33.2238,33.4405,33.1169,33.4405,4387840
2010-11-05,33.39,33.5689,33.1723,33.3706,3552806
2010-11-08,33.3512,33.3706,33.0634,33.2617,3620951
2010-11-09,32.8653,32.9518,32.4318,32.5785,3856071
2010-11-10,32.56,32.665,32.1791,32.2693,4410893
2010-11-11,32.2693,32.3948,32.1227,32.2499,2624433
2010-11-12,32.1634,32.1634,31.802,32.107,2896926
2010-11-15,32.2141,32.3948,32.0197,32.0197,2783603
2010-11-16,31.9797,32.0197,31.5842,31.7796,4174075
2010-11-17,31.9429,31.9603,31.6766,31.7466,3353555
2010-11-18,31.8709,31.9797,31.6766,31.9283,3735786
2010-11-19,31.8709,32.0313,31.6173,31.7796,3238261
2010-11-22,31.6911,31.9283,31.5842,31.8709,3561512
2010-11-23,31.7281,31.802,31.4929,31.7095,3458604
2010-11-24,31.8184,31.8904,31.6911,31.8709,1754551
2010-11-26,31.6766,31.8359,31.6018,31.6173,1402066
2010-11-29,31.5647,31.6911,31.3112,31.6018,2641058
2010-11-30,31.3996,31.7485,31.3092,31.6785,3867395
2010-12-01,31.9429,32.2141,31.7466,32.0916,4222513
2010-12-02,31.9603,32.0916,31.8544,32.0498,3012338
2010-12-03,31.9992,32.107,31.7631,32.107,7232548
2010-12-06,32.0313,32.0498,31.8544,31.9089,2842873
2010-12-07,32.0313,32.2325,31.4015,31.5298,5108997
2010-12-08,31.5298,31.5842,31.0253,31.3306,6148988
2010-12-09,31.5647,31.5647,31.1877,31.4734,3585183
2010-12-10,31.5298,31.6552,31.382,31.6377,2423698
2010-12-13,31.7466,31.802,31.5463,31.6552,3396061
2010-12-14,31.7281,31.9429,31.7095,31.8709,2497050
2010-12-15,31.8709,31.9429,31.6552,31.6766,2777922
2010-12-16,31.9283,31.9283,31.6377,31.8709,2957246
2010-12-17,31.7466,32.0313,31.7095,32.0197,4348263
2010-12-20,32.1634,32.1634,31.9283,31.9992,2617229
2010-12-21,31.9992,32.1227,31.9992,32.0702,2101368
2010-12-22,32.1227,32.1791,31.9992,32.0498,2201057
2010-12-23,32.0916,32.0916,31.9089,32.0702,1747400
2010-12-27,32.0197,32.2889,31.9283,32.1227,1596987
2010-12-28,32.1227,32.2325,31.9992,32.2325,1779080
2010-12-29,32.2402,32.2996,32.0556,32.1858,1870316
2010-12-30,32.1508,32.2996,32.112,32.1294,1387179
2010-12-31,32.1217,32.2957,32.0906,32.1411,1533792
2011-01-03,32.3394,32.3394,32.0702,32.2325,2663997
2011-01-04,32.2325,32.4881,32.0498,32.3948,3682070
2011-01-05,32.1634,32.2889,31.9429,32.0702,4741105
2011-01-06,32.0916,32.1227,31.8184,32.0197,4129042
2011-01-07,32.1227,32.1227,31.8359,32.107,4109447
2011-01-10,31.9089,31.9429,31.3306,31.7281,18149469
2011-01-11,31.7281,31.8904,31.5842,31.8359,7623582
2011-01-12,31.9429,32.0498,31.8359,31.9603,5521634
2011-01-13,32.0197,32.1227,31.8359,32.1227,4509463
2011-01-14,32.1421,32.3782,31.9429,32.3394,4988542
2011-01-18,32.4318,32.7204,32.2889,32.5046,6662031
2011-01-19,32.5367,32.6096,32.3588,32.4881,4782732
2011-01-20,32.56,32.7564,32.4483,32.5785,4692247
2011-01-21,32.5785,32.8117,32.4881,32.7748,5659659
2011-01-24,32.8117,32.9381,32.6815,32.7943,8046055
2011-01-25,32.7048,32.8264,32.5183,32.7204,4068758
2011-01-26,32.7564,32.7943,32.5785,32.665,3783083
2011-01-27,32.6096,32.9518,32.5785,32.8653,4337728
2011-01-28,32.7943,32.8837,32.4142,32.4142,5258384
2011-01-31,32.4813,32.7243,32.2743,32.2743,3710240
2011-02-01,32.4483,32.5785,32.321,32.5785,3939812
2011-02-02,32.5785,32.6096,32.321,32.4142,3631449
2011-02-03,32.3948,32.7048,32.321,32.6514,12368275
2011-02-04,32.7369,32.7369,32.2889,32.5046,11280355
2011-02-07,32.5183,32.7564,32.5183,32.7564,12439364
2011-02-08,32.8264,32.8468,32.665,32.7204,3897361
2011-02-09,32.2889,32.3394,32.0498,32.1791,5082501
2011-02-10,32.0916,32.321,32.0702,32.2325,4156585
2011-02-11,32.107,32.3948,32.107,32.1975,3648635
2011-02-14,32.1975,32.1975,31.7796,31.9283,3786821
2011-02-15,31.7631,32.3064,31.7466,32.2889,5053232
2011-02-16,32.3064,32.321,31.8709,31.9429,5111273
2011-02-17,32.8264,32.9712,32.3782,32.7048,13594093
2011-02-18,32.7048,32.7204,32.2693,32.3782,7886162
2011-02-22,32.3064,32.4657,32.1975,32.4483,5870473
2011-02-23,32.3782,32.5183,32.2141,32.3064,4849715
2011-02-24,32.2325,32.321,32.0702,32.1634,4411729
2011-02-25,32.1791,32.2889,32.0498,32.2499,3992024
2011-02-28,32.2782,32.5532,32.2402,32.46,5192019
2011-03-01,32.3948,32.5367,32.2499,32.2693,5644914
2011-03-02,32.3394,32.4657,32.1975,32.4142,4028581
2011-03-03,32.56,32.6815,32.4657,32.63,4678094
2011-03-04,32.5183,32.6514,32.1975,32.4483,5328550
2011-03-07,32.4881,32.9381,32.4881,32.7369,5977150
2011-03-08,32.8468,33.042,32.7748,32.9187,5575439
2011-03-09,32.9187,33.3142,32.8117,33.2811,4738719
2011-03-10,33.1169,33.1723,32.8468,33.0634,6433446
2011-03-11,33.0994,33.3512,32.8468,33.2617,5409676
2011-03-14,33.0091,33.0839,32.5183,32.8117,10834602
2011-03-15,32.0702,32.4318,32.0702,32.3064,6038998
2011-03-16,32.56,32.56,31.6552,31.8544,9535700
2011-03-17,32.2062,32.2062,31.455,31.766,8010214
2011-03-18,31.9992,32.107,31.6552,31.8184,5579847
2011-03-21,32.0313,32.1634,31.9429,32.107,1663829
2011-03-22,32.0197,32.2141,31.9429,32.0498,4263958
2011-03-23,31.9797,32.1791,31.8184,32.1634,2934994
2011-03-24,32.2325,32.321,32.0916,32.2499,2847885
2011-03-25,32.3782,32.3782,32.1227,32.1634,3053632
2011-03-28,32.2141,32.3394,32.1421,32.2325,3023715
2011-03-29,32.2693,32.5921,32.1421,32.5785,5071233
2011-03-30,32.5921,32.9187,32.5921,32.7943,3635416
2011-03-31,32.8001,32.8536,32.5911,32.7602,3738783
2011-04-01,32.8264,33.2811,32.8264,33.2424,4943017
2011-04-04,33.2424,33.2617,33.1169,33.1723,2962799
2011-04-05,33.1355,33.3015,33.1178,33.2267,4079945
2011-04-06,33.2617,33.4959,33.2424,33.4959,5608890
2011-04-07,33.4057,33.4057,33.1169,33.1723,3287973
2011-04-08,33.3142,33.5116,33.0994,33.2238,3895288
2011-04-11,33.1723,33.2617,32.665,32.7748,5286927
2011-04-12,32.7524,32.8982,32.387,32.46,4408009
2011-04-13,32.56,32.8992,32.5183,32.63,3599078
2011-04-14,32.5785,32.9381,32.4881,32.8653,3651389
2011-04-15,32.9925,33.3317,32.8992,33.1539,4707632
2011-04-18,32.9712,33.0994,32.7564,32.8653,3969182
2011-04-19,32.8653,32.9712,32.6815,32.8837,3292282
2011-04-20,33.0634,33.3317,32.9712,33.2811,4471100
2011-04-21,33.3142,33.3706,33.2238,33.2978,2390909
2011-04-25,33.3706,33.3706,33.1345,33.2617,2450358
2011-04-26,33.39,33.4959,33.1917,33.3706,5267779
2011-04-27,33.39,33.5874,33.3142,33.4601,4620595
2011-04-28,33.5523,33.7477,33.3512,33.7127,3204556
2011-04-29,33.7933,33.7933,33.6038,33.6622,5175928
2011-05-02,33.7302,34.0198,33.7127,33.9294,4933021
2011-05-03,33.9226,34.2871,33.7943,33.8857,5474140
2011-05-04,33.8857,34.0325,33.4999,34.0169,11227244
2011-05-05,33.9226,34.0169,33.6116,33.7768,5259112
2011-05-06,33.9946,34.1044,33.5922,33.7768,5123108
2011-05-09,33.8585,34.0538,33.7127,34.0538,3713130
2011-05-10,34.0879,34.4329,34.0704,34.3076,3290826
2011-05-11,34.2696,34.4145,34.1044,34.2346,3801172
2011-05-12,34.2162,34.7818,34.1617,34.7098,3797609
2011-05-13,34.67,34.7973,34.4883,34.6914,3555573
2011-05-16,34.7098,35.0384,34.6914,34.8372,4771430
2011-05-17,34.8713,35.1832,34.7255,35.1657,6102885
2011-05-18,35.2396,35.3485,34.7663,34.981,4924112
2011-05-19,35.0734,35.1832,34.7255,34.8576,5696466
2011-05-20,34.8177,34.981,34.7098,34.7439,4434504
2011-05-23,34.5466,34.8177,34.2696,34.3611,6488597
2011-05-24,34.4563,34.5466,34.2162,34.2532,4753899
2011-05-25,34.0879,34.2871,33.9226,34.1238,3519195
2011-05-26,34.1238,34.1238,33.8118,33.9946,4056000
2011-05-27,34.1044,34.2162,33.9596,34.0325,2878689
2011-05-31,34.3658,34.3658,34.0714,34.2745,3106458
2011-06-01,34.2696,34.3076,33.9596,33.9596,4311299
2011-06-02,33.9946,34.05,33.6311,34.0169,4792707
2011-06-03,33.7419,33.9596,33.6116,33.7215,3341543
2011-06-06,33.6856,33.7768,33.4678,33.5767,4460369
2011-06-07,33.668,33.8683,33.5767,33.5922,3161517
2011-06-08,33.5922,33.7768,33.4999,33.7419,3435868
2011-06-09,33.7215,33.8118,33.5378,33.6475,4058391
2011-06-10,33.6116,33.6475,33.4094,33.4094,3428619
2011-06-13,33.4999,33.977,33.4862,33.8118,4078755
2011-06-14,34.05,34.1238,33.703,33.8857,3860177
2011-06-15,33.6475,33.9596,33.4289,33.6116,3832208
2011-06-16,33.8673,34.1801,33.7176,34.1472,4990497
2011-06-17,34.325,34.5048,34.1782,34.2532,4587381
2011-06-20,34.1782,34.4563,33.9946,34.4145,9100128
2011-06-21,34.5787,34.5787,34.1958,34.3611,3581869
2011-06-22,34.2532,34.325,34.05,34.1617,3541830
2011-06-23,33.8498,34.0169,33.6311,33.9042,4200070
2011-06-24,33.9226,34.1958,33.7943,33.8332,3296059
2011-06-27,33.9226,34.1044,33.8857,34.0325,2906385
2011-06-28,34.0704,34.1433,33.8498,34.05,4127223
2011-06-29,34.1617,34.4329,34.1238,34.325,3002617
2011-06-30,34.3192,34.4289,34.1704,34.4125,3571282
2011-07-01,34.3611,34.8907,34.3434,34.8576,2997598
2011-07-05,34.8838,34.9247,34.6069,34.8518,5369273
2011-07-06,34.8518,34.9422,34.7196,34.8518,3265508
2011-07-07,34.9247,34.9985,34.7196,34.8838,4553135
2011-07-08,34.7372,34.9422,34.7196,34.8838,4219909
2011-07-11,34.7255,34.8907,34.4563,34.8372,7838054
2011-07-12,34.7769,35.1463,34.7372,34.9422,7243819
2011-07-13,35.1113,35.1318,34.7255,34.7663,4798865
2011-07-14,34.7818,34.8907,34.4883,34.5243,4106032
2011-07-15,34.5243,34.6535,34.2871,34.4563,4163307
2011-07-18,34.2871,34.4145,33.9946,34.05,3732707
2011-07-19,34.1267,34.3484,33.8312,34.291,4475495
2011-07-20,34.4737,34.5787,34.1958,34.4145,4259190
2011-07-21,34.5972,34.981,34.5622,34.9092,5000494
2011-07-22,34.81,34.9043,34.5563,34.6303,3495283
2011-07-25,34.5048,34.7663,34.4563,34.5787,3982405
2011-07-26,34.5563,34.6069,34.3852,34.4048,3344241
2011-07-27,34.3999,34.4737,34.1958,34.2871,4430841
2011-07-28,34.2745,34.291,34.0334,34.0334,12584185
2011-07-29,33.9256,34.1316,33.6826,33.9984,14769924
2011-08-01,34.4145,34.4737,33.9596,34.1782,11313031
2011-08-02,34.4048,34.4048,33.8848,33.9042,10006668
2011-08-03,33.8478,34.0334,33.3667,33.7176,7027304
2011-08-04,33.4396,33.6632,32.9226,32.9401,8607210
2011-08-05,33.218,33.5125,32.6631,33.1248,13066844
2011-08-08,32.5882,32.975,31.3471,31.5667,12232148
2011-08-09,32.0304,32.6786,30.8271,32.6465,20360936
2011-08-10,32.527,32.7943,31.8825,31.976,11863219
2011-08-11,32.0478,33.739,32.0304,33.4027,9907051
2011-08-12,33.4959,33.7915,32.9021,33.0313,7180921
2011-08-15,33.2938,34.1647,33.2354,34.1063,5450511
2011-08-16,33.9226,33.9955,33.5884,33.9042,5856912
2011-08-17,34.0169,34.462,34.0169,34.2385,4624072
2011-08-18,33.6262,34.1472,33.4201,34.0519,7812081
2011-08-19,33.7915,34.1267,33.6437,33.8109,6323262
2011-08-22,34.291,34.3658,33.8312,34.0169,7097932
2011-08-23,34.0334,34.462,33.8312,34.2745,11407919
2011-08-24,34.1996,35.0365,34.1647,34.9772,7327299
2011-08-25,34.9422,34.9985,34.1996,34.4048,7190923
2011-08-26,34.291,34.5699,33.739,34.4048,7447624
2011-08-29,34.6303,34.9985,34.5699,34.7916,5434363
2011-08-30,34.7031,34.9985,34.6303,34.7916,6759780
2011-08-31,34.9383,35.1463,34.8042,35.051,5867689
2011-09-01,35.0889,35.2006,34.8518,34.8683,5729926
2011-09-02,34.5787,34.9383,34.5048,34.8042,5333690
2011-09-06,34.291,34.5884,33.977,34.5563,6349207
2011-09-07,34.8518,34.8518,34.5349,34.81,5934970
2011-09-08,34.7769,35.2006,34.6303,34.8683,4409934
2011-09-09,34.6632,34.7031,34.1647,34.3852,6011679
2011-09-12,34.1996,34.9606,34.1647,34.9606,5545614
2011-09-13,34.9985,35.2006,34.7196,35.1822,4691624
2011-09-14,35.2211,35.6624,34.9606,35.3679,5675793
2011-09-15,35.6856,35.9977,35.4611,35.9618,4261510
2011-09-16,36.0919,36.3855,36.0181,36.2766,5687112
2011-09-19,35.9432,36.332,35.7761,36.2397,3628171
2011-09-20,36.3524,36.9997,36.2766,36.6109,7920658
2011-09-21,36.6266,36.9434,36.4068,36.4439,8728785
2011-09-22,35.7577,36.2397,35.5894,36.1289,10036851
2011-09-23,36.1824,36.7412,35.9618,36.6848,7426100
2011-09-26,36.85,36.9997,36.647,36.9628,14969512
2011-09-27,37.1299,37.165,36.7966,36.8908,8232375
2011-09-28,36.816,37.3515,36.7966,36.85,9065402
2011-09-29,37.1854,37.3515,36.9823,37.3146,15082235
2011-09-30,37.1922,37.4546,37.0201,37.058,7006723
2011-10-03,37.2398,37.3515,36.4593,36.5351,8327562
2011-10-04,36.1094,36.4262,35.536,36.4068,9377326
2011-10-05,36.4554,36.5167,35.7624,36.1191,7692776
2011-10-06,36.0269,36.5915,36.0064,36.3243,7694074
2011-10-07,36.5021,36.9065,36.3855,36.6848,9327323
2011-10-10,36.9823,37.5566,36.7966,37.5566,6474491
2011-10-11,37.3876,37.4429,36.9065,36.9434,5247951
2011-10-12,37.1299,37.1299,36.6673,36.7024,6880006
2011-10-13,36.6109,37.5732,36.332,36.7024,8490228
2011-10-14,36.85,36.9628,36.6109,36.9259,7652209
2011-10-17,36.7966,37.408,36.7966,37.2777,6013637
2011-10-18,37.1854,37.5012,36.7024,37.2951,5767154
2011-10-19,37.3681,37.7782,37.3146,37.4429,5660572
2011-10-20,37.4634,37.7597,37.2602,37.5197,5272054
2011-10-21,37.7413,38.1291,37.7413,38.094,5995320
2011-10-24,38.0358,38.0747,37.6305,37.7413,4887270
2011-10-25,37.7714,37.8647,37.302,37.3418,6492327
2011-10-26,37.614,37.8151,37.4429,37.6305,5228831
2011-10-27,38.0581,38.4255,37.9454,38.2408,7675205
2011-10-28,38.2574,38.2574,37.581,37.922,6137702
2011-10-31,38.2545,38.3089,37.6441,37.854,6196272
2011-11-01,37.4167,37.8084,37.266,37.4517,7036994
2011-11-02,37.7967,38.2039,37.7219,37.8696,5853553
2011-11-03,38.1845,38.6539,37.8813,38.5791,22432620
2011-11-04,38.41,38.41,37.715,38.2574,22633674
2011-11-07,38.0747,38.649,38.0358,38.649,19508763
2011-11-08,38.6908,38.7852,38.3711,38.615,6586495
2011-11-09,38.2991,38.3915,37.9387,38.1097,6058566
2011-11-10,38.3342,38.615,38.0329,38.4653,6218345
2011-11-11,38.5975,38.9348,38.5975,38.9348,4914719
2011-11-14,38.8406,38.9736,38.4653,38.615,16700343
2011-11-15,38.7482,38.8036,38.2991,38.3342,15903377
2011-11-16,38.2991,38.3711,37.922,37.9571,7443874
2011-11-17,37.9046,38.1475,37.3769,37.715,8594992
2011-11-18,37.9046,38.1475,37.788,37.8472,4534712
2011-11-21,37.6023,37.752,37.2086,37.581,4448714
2011-11-22,37.5449,37.6217,37.1154,37.3769,6513977
2011-11-23,37.1902,37.2271,36.7402,36.8325,4821767
2011-11-25,36.9075,37.266,36.8928,37.1338,1744198
2011-11-28,37.581,37.7714,37.3418,37.5071,5373295
2011-11-29,37.6392,38.0922,37.5275,37.922,4650027
2011-11-30,38.4128,39.1233,38.3934,39.1233,7458273
2011-12-01,38.9532,39.067,38.7666,38.8406,5088200
2011-12-02,39.0281,39.0281,38.5975,38.6908,5289023
2011-12-05,38.9348,39.0485,38.6714,38.8406,4278277
2011-12-06,38.9532,39.0087,38.6539,38.8036,4651419
2011-12-07,38.8978,39.0281,38.6539,38.86,5258105
2011-12-08,38.8406,38.8978,38.3915,38.4469,3858351
2011-12-09,38.7482,39.1972,38.6336,39.1418,5432955
2011-12-12,38.993,39.0087,38.3711,38.6714,5503031
2011-12-13,38.823,39.4965,38.823,39.1593,6788372
2011-12-14,39.0485,39.3265,38.9736,39.1233,6909175
2011-12-15,39.0855,39.515,39.0855,39.4801,9414731
2011-12-16,39.7988,39.8173,39.272,39.4198,7578080
2011-12-19,39.7006,39.7434,39.1972,39.3459,4687797
2011-12-20,39.6112,40.2089,39.5364,40.1545,9249176
2011-12-21,40.1157,40.6969,40.0992,40.622,6645380
2011-12-22,40.6969,40.867,40.5113,40.5871,7177098
2011-12-23,40.7561,41.1294,40.622,41.0741,4683415
2011-12-27,40.829,41.281,40.829,41.2625,3909504
2011-12-28,41.2625,41.281,41.0186,41.1119,4042968
2011-12-29,41.0925,41.4093,41.0925,41.3918,3577966
2011-12-30,41.4482,41.5065,41.1857,41.281,3612836
2012-01-03,41.4851,41.4851,40.3966,40.5686,6534717
2012-01-04,40.5686,40.7561,40.3208,40.38,3592782
2012-01-05,40.3208,40.6434,40.1545,40.3635,6538526
2012-01-06,40.4355,40.4743,40.2459,40.3635,11287074
2012-01-09,40.3966,40.417,40.1351,40.2877,10533182
2012-01-10,40.5268,40.6793,40.1925,40.2877,4402057
2012-01-11,40.1915,40.3431,39.9611,40.1535,4831465
2012-01-12,40.2673,40.2877,39.8485,39.9253,4245407
2012-01-13,39.7434,40.0224,39.7434,39.9864,3979822
2012-01-17,40.1535,40.4374,39.8688,40.0019,3640969
2012-01-18,39.9494,40.0224,39.7211,40.0038,4401923
2012-01-19,39.9864,40.0038,39.5918,39.8552,5919195
2012-01-20,39.9651,39.9651,39.6676,39.9651,5211160
2012-01-23,39.929,40.2293,39.7988,39.9086,4047686
2012-01-24,39.7988,39.8746,39.515,39.6676,3024441
2012-01-25,39.5529,40.1545,39.1593,40.0797,5718423
2012-01-26,40.0797,40.38,39.9651,40.2877,4762276
2012-01-27,40.2449,40.2673,39.6812,39.7337,4792720
2012-01-30,39.6471,39.688,39.3682,39.6471,4628753
2012-01-31,39.7337,40.0019,39.6949,39.9805,4704942
2012-02-01,40.0797,40.3635,39.9651,40.2692,4499596
2012-02-02,40.2877,40.3431,40.0399,40.0992,3483165
2012-02-03,40.2673,40.38,39.8688,40.1535,4059226
2012-02-06,40.0992,40.1351,39.7988,39.9086,4141328
2012-02-07,39.8095,40.4763,39.6812,40.3061,4367022
2012-02-08,40.3431,40.418,39.9805,40.1117,4064682
2012-02-09,40.1535,40.2673,39.9805,40.2673,17950587
2012-02-10,40.2079,40.3198,40.0768,40.3061,16583476
2012-02-13,40.4374,40.5511,40.1117,40.2284,18765799
2012-02-14,40.3976,40.3976,40.0768,40.3431,6157852
2012-02-15,40.5705,40.5705,39.582,39.62,9174499
2012-02-16,39.7123,40.3976,39.7123,40.0593,9811425
2012-02-17,40.3431,40.38,39.6034,39.6812,8383447
2012-02-21,39.6812,39.7911,39.4888,39.6034,4692983
2012-02-22,39.582,39.7717,39.4888,39.7337,5440333
2012-02-23,39.7337,39.8688,39.582,39.6578,5647845
2012-02-24,39.5636,40.2449,39.5636,40.0593,11024347
2012-02-27,40.0019,40.1535,39.7123,40.0019,4302840
2012-02-28,40.0593,40.1535,39.7717,39.8863,3852034
2012-02-29,39.8455,39.8833,39.583,39.7152,5053450
2012-03-01,39.6812,39.9805,39.582,39.8485,4461846
2012-03-02,39.8289,39.9805,39.6365,39.9447,3026517
2012-03-05,39.8485,40.1535,39.6812,40.0359,3395469
2012-03-06,39.9253,40.0593,39.7717,39.9047,3575518
2012-03-07,39.8289,39.9447,39.582,39.9253,4377913
2012-03-08,40.0593,40.2449,39.9611,40.1535,4080771
2012-03-09,40.2284,40.2449,40.0019,40.1535,3049734
2012-03-12,40.1711,40.6259,40.0973,40.5705,4059745
2012-03-13,40.6658,40.7785,40.3976,40.6823,4767968
2012-03-14,40.6823,40.7221,40.0019,40.1535,3946093
2012-03-15,40.1117,40.2284,39.7911,40.1117,4197580
2012-03-16,40.2284,40.2284,39.8095,40.0019,5872398
2012-03-19,39.9253,40.1321,39.7123,39.756,3503974
2012-03-20,39.6812,39.9447,39.5452,39.6578,5253551
2012-03-21,39.582,39.7337,39.4684,39.5636,5368597
2012-03-22,39.5257,39.6578,39.3926,39.62,6761748
2012-03-23,39.62,39.6365,39.3926,39.4684,5862881
2012-03-26,39.6949,39.9447,39.5257,39.8095,4454313
2012-03-27,39.7911,40.0359,39.7337,39.9805,4198089
2012-03-28,39.9253,40.0185,39.4888,39.6949,5284696
2012-03-29,39.5257,39.6949,39.239,39.6949,4299851
2012-03-30,39.6949,39.9253,39.6365,39.8863,6614137
2012-04-02,39.8688,40.2079,39.7717,40.0593,5608281
2012-04-03,40.0185,40.1711,39.8485,40.1321,6356632
2012-04-04,39.9884,40.2731,39.9494,40.2362,6439567
2012-04-05,40.0652,40.1205,39.41,39.4888,5830735
2012-04-09,39.2234,39.3002,39.0504,39.1272,10151420
2012-04-10,38.995,39.0708,38.5762,38.6704,9810725
2012-04-11,38.9368,38.9368,38.5577,38.6326,5724800
2012-04-12,38.5956,38.6908,38.3303,38.6908,6450877
2012-04-13,38.6908,39.1448,38.5392,38.7482,8645828
2012-04-16,38.825,39.3547,38.5392,39.1642,15705799
2012-04-17,39.1807,39.583,38.9115,39.5257,11233466
2012-04-18,39.3926,40.1321,39.2585,39.9047,13890374
2012-04-19,39.8688,39.8863,39.4888,39.62,6841250
2012-04-20,39.62,39.9611,39.5257,39.8863,5869993
2012-04-23,39.6949,39.756,39.4888,39.7337,3741329
2012-04-24,39.8289,40.3061,39.756,40.2079,6525466
2012-04-25,40.2673,40.5297,40.1711,40.418,5458448
2012-04-26,40.3198,40.6259,40.2449,40.59,3724275
2012-04-27,40.522,40.8126,40.4879,40.6765,4257745
2012-04-30,40.5705,40.7406,40.4374,40.6823,3364888
2012-05-01,40.6405,41.0438,40.6192,40.8718,3524092
2012-05-02,40.7221,40.8553,40.5297,40.7785,4976225
2012-05-03,40.6765,41.1372,40.5442,40.6192,9800478
2012-05-04,40.7368,41.1216,40.6619,40.9282,8560728
2012-05-07,40.8553,40.9515,40.6259,40.7591,4760514
2012-05-08,40.6192,40.9282,40.6192,40.9078,5282018
2012-05-09,40.7368,41.1984,40.6765,41.004,6299740
2012-05-10,41.177,41.4657,41.1012,41.3694,19460326
2012-05-11,41.2926,41.5803,41.2149,41.2354,17907734
2012-05-14,41.0438,41.2926,40.9486,41.177,16711015
2012-05-15,41.2149,41.3306,41.0438,41.1586,7580127
2012-05-16,41.3694,41.3694,41.0438,41.0818,7764071
2012-05-17,41.4297,41.5444,41.1372,41.1586,7089354
2012-05-18,41.3111,41.6581,41.1012,41.2149,6305429
2012-05-21,41.3694,41.3694,40.8718,41.0818,5552243
2012-05-22,41.0614,41.6581,41.0614,41.5803,7824722
2012-05-23,41.4822,41.8495,41.2354,41.4822,6463341
2012-05-24,41.7378,42.1955,41.5803,41.869,5609745
2012-05-25,41.869,42.3102,41.869,42.1761,8544525
2012-05-29,42.2529,42.2529,42.0041,42.2131,3979203
2012-05-30,42.041,42.387,41.9633,41.9633,3484619
2012-05-31,42.041,42.4269,41.9487,42.2131,5614879
2012-06-01,42.0041,43.0207,41.9633,42.9235,11931126
2012-06-04,42.9624,43.3103,42.6756,43.1772,7083727
2012-06-05,43.0985,43.7117,43.0207,43.4231,6140668
2012-06-06,43.4629,43.5981,43.1364,43.5796,8795547
2012-06-07,43.807,44.0014,43.6359,43.9605,4999857
2012-06-08,43.8468,44.6146,43.7905,44.46,8776535
2012-06-11,44.7886,44.7886,44.115,44.1345,17671662
2012-06-12,44.115,44.155,43.4231,44.0946,13470554
2012-06-13,43.9605,44.1724,43.6544,43.8857,9776133
2012-06-14,43.981,44.5369,43.8468,44.4416,8271808
2012-06-15,44.7332,44.845,44.3668,44.6721,8665526
2012-06-18,44.7886,44.9431,44.5777,44.7128,4773682
2012-06-19,44.7488,44.845,44.327,44.3668,5285737
2012-06-20,44.327,44.4416,43.7312,43.8468,7801313
2012-06-21,43.8663,44.2716,43.6748,43.6953,5906146
2012-06-22,43.7905,44.0208,43.7117,43.945,6520008
2012-06-25,43.7312,44.115,43.6748,44.0373,5271948
2012-06-26,44.155,44.155,43.8857,43.981,6064196
2012-06-27,43.981,44.3668,43.981,44.1928,3692158
2012-06-28,43.9605,44.3074,43.8264,44.29,4596308
2012-06-29,44.4814,44.635,44.1724,44.29,18239633
2012-07-02,45.0375,45.538,44.4242,44.7128,8839735
2012-07-03,44.3415,44.7332,43.7905,43.9732,5801394
2012-07-05,43.6748,44.0014,43.565,43.8974,9643939
2012-07-06,43.4571,43.5076,42.2675,42.3996,15522892
2012-07-09,41.7232,42.0479,41.3043,41.8127,19777120
2012-07-10,41.7912,42.4143,41.6454,42.3433,16606022
2012-07-11,42.0936,42.803,41.9701,42.56,12669609
2012-07-12,42.4084,42.8866,42.3628,42.6631,9900173
2012-07-13,42.8244,42.874,42.3628,42.7262,9445444
2012-07-16,42.6261,42.7476,42.4512,42.7262,7954888
2012-07-17,42.7262,42.8487,42.4084,42.4687,9100812
2012-07-18,42.3297,42.4657,42.0605,42.2967,8806965
2012-07-19,42.3044,42.3996,41.8933,42.3297,8227780
2012-07-20,42.0303,42.5649,42.0303,42.3929,9761117
2012-07-23,42.2325,42.5085,41.8418,41.934,7243275
2012-07-24,41.9769,42.0352,41.627,41.7854,6519495
2012-07-25,41.9769,42.2276,41.7533,42.1373,6372799
2012-07-26,42.247,43.1499,42.2403,43.1101,8813771
2012-07-27,43.2394,43.495,43.0985,43.186,7323256
2012-07-30,43.1432,43.6806,42.9235,43.5796,7040777
2012-07-31,43.706,43.8468,43.3045,43.393,6333327
2012-08-01,43.5135,44.1724,43.1626,43.2257,12288589
2012-08-02,43.0878,43.2638,42.6359,43.186,6552458
2012-08-03,43.5135,44.0141,43.4368,43.9178,17611391
2012-08-06,43.9304,44.1345,43.5981,43.6671,5355415
2012-08-07,43.7847,43.7905,43.393,43.565,7875232
2012-08-08,43.6038,43.6427,43.2909,43.5582,5776411
2012-08-09,43.527,43.6671,43.3396,43.5913,5156115
2012-08-10,43.5446,43.5582,43.1286,43.4368,8047261
2012-08-13,43.3823,43.6748,43.2764,43.6748,6712132
2012-08-14,43.7564,43.7905,43.4629,43.6622,11489147
2012-08-15,43.6515,43.6709,43.2238,43.2327,6624959
2012-08-16,43.1189,43.3667,43.0684,43.181,4938195
2012-08-17,43.2327,43.3152,42.9323,43.049,5893898
2012-08-20,42.8876,43.0217,42.7768,43.0178,4340614
2012-08-21,42.9644,43.0217,42.628,42.771,7216003
2012-08-22,42.6164,42.8302,42.6038,42.7331,6647341
2012-08-23,42.7262,42.8196,42.1878,42.2403,4188043
2012-08-24,42.2403,42.454,42.1431,42.3889,4019336
2012-08-27,42.3889,42.5318,42.2403,42.4162,3678043
2012-08-28,42.3171,42.4093,42.1363,42.3258,4048992
2012-08-29,42.248,42.423,41.9885,42.285,4930411
2012-08-30,42.2219,42.2325,41.9233,41.9584,4339623
2012-08-31,42.1751,42.1751,41.8146,41.9447,5449364
2012-09-04,41.8904,42.0653,41.7573,41.9584,4158415
2012-09-05,41.937,42.0332,41.696,41.7436,4593161
2012-09-06,41.8271,42.0847,41.7096,42.0847,5095280
2012-09-07,42.0847,42.2219,41.764,41.903,3876107
2012-09-10,41.937,42.0712,41.7718,41.974,4150685
2012-09-11,41.9671,42.0391,41.7378,41.7378,3239307
2012-09-12,41.7543,41.8321,41.4559,41.4705,5220926
2012-09-13,41.4627,41.8787,41.354,41.8652,6663034
2012-09-14,42.0391,42.0847,41.4442,41.5599,6041064
2012-09-17,41.6329,41.8652,41.4627,41.5278,10278011
2012-09-18,41.4764,41.592,40.8096,40.8921,8709795
2012-09-19,40.9535,41.179,40.8981,41.0681,6694279
2012-09-20,40.9652,41.5278,40.9652,41.3918,5472698
2012-09-21,41.4764,41.5278,41.2237,41.488,10348775
2012-09-24,41.5172,41.9166,41.4764,41.8583,5649081
2012-09-25,41.8515,42.0285,41.6454,41.6581,4942451
2012-09-26,41.7436,42.0205,41.626,41.6523,4337210
2012-09-27,41.7096,41.7378,41.4442,41.4764,2994242
2012-09-28,41.4559,41.9885,41.4024,41.9487,6258597
2012-10-01,42.0926,42.1878,41.6649,41.6805,6599140
2012-10-02,41.8204,42.1314,41.7864,41.9293,4560248
2012-10-03,41.9293,42.0926,41.7495,41.9447,4559792
2012-10-04,42.0459,42.3744,42.0011,42.3375,4803312
2012-10-05,42.4093,42.4677,42.0391,42.0712,3122587
2012-10-08,42.0526,42.3258,41.9089,42.2325,2320008
2012-10-09,42.1684,42.3647,42.0071,42.2733,3654016
2012-10-10,42.2733,42.285,41.8972,41.9447,3182674
2012-10-11,42.0973,42.1314,41.696,41.7495,3316142
2012-10-12,41.8204,41.9233,41.4559,41.5424,3464631
2012-10-15,41.5172,41.8321,41.3607,41.8,3195585
2012-10-16,41.9584,41.9944,41.521,41.8,4136215
2012-10-17,41.903,42.4609,41.8515,42.2597,3743649
2012-10-18,42.2733,42.5056,42.2219,42.4716,3650699
2012-10-19,42.4716,42.6679,42.1431,42.4162,5000359
2012-10-22,42.3054,42.4162,42.0011,42.4093,5055258
2012-10-23,42.3171,42.4978,42.0526,42.0779,4294380
2012-10-24,42.0973,42.1751,41.6056,41.6454,3829391
2012-10-25,41.7932,41.9293,41.521,41.9233,3598723
2012-10-26,41.9233,42.2782,41.7932,42.1557,4008951
2012-10-31,42.0973,42.6105,42.0847,42.5318,5014255
2012-11-01,42.4978,42.6407,42.2276,42.285,4607965
2012-11-02,42.4279,42.5688,42.0011,42.0459,14650381
2012-11-05,41.8146,41.8972,41.354,41.4764,4918501
2012-11-06,41.5794,41.7573,41.4404,41.4802,3802157
2012-11-07,41.354,41.4404,40.4422,40.7523,6554512
2012-11-08,41.2294,41.5978,40.5054,40.5054,14963838
2012-11-09,40.4656,40.522,39.928,40.1147,17447116
2012-11-12,40.0603,40.1284,39.3372,39.7861,5650788
2012-11-13,39.6987,40.3819,39.6648,40.1497,7630062
2012-11-14,40.3888,40.3888,39.6676,39.8182,6283738
2012-11-15,39.7046,39.9971,39.0912,39.2468,5648599
2012-11-16,39.274,39.9437,39.1894,39.9243,6902929
2012-11-19,40.0739,40.1925,39.6929,39.9815,5944077
2012-11-20,40.0145,40.0739,39.5549,39.8503,4306474
2012-11-21,39.8241,39.929,39.2322,39.6112,4995425
2012-11-23,39.6899,39.7327,39.3313,39.6268,3022635
2012-11-26,39.5422,40.52,39.5422,40.1925,9184547
2012-11-27,40.2847,40.6463,40.1925,40.3762,4784160
2012-11-28,40.3936,40.5462,40.0145,40.448,3841165
2012-11-29,40.4928,40.9321,40.3431,40.8981,5117662
2012-11-30,41.3053,41.9584,41.3053,41.8369,11019822
2012-12-03,42.0459,42.2763,41.8369,41.937,8210948
2012-12-04,41.9156,42.0536,41.5988,41.6912,4398585
2012-12-05,41.6601,42.4921,41.5687,42.2568,5943870
2012-12-06,42.287,42.3423,41.9545,42.0663,4274862
2012-12-07,42.1197,42.2763,41.937,42.1644,3898428
2012-12-10,42.1197,42.283,42.0731,42.1644,3424348
2012-12-11,42.1508,42.3939,42.0595,42.1381,5209807
2012-12-12,42.2247,42.597,42.0993,42.1508,5051335
2012-12-13,42.1587,42.1917,41.7281,41.902,3424316
2012-12-14,41.8563,41.9545,41.6668,41.8301,3147350
2012-12-17,41.9438,42.4861,41.9156,42.4531,5344017
2012-12-18,42.5697,43.043,42.5387,42.9449,11057775
2012-12-19,42.873,42.873,42.4152,42.4453,4761374
2012-12-20,42.4453,42.769,42.1848,42.6427,5054252
2012-12-21,42.6641,42.9128,42.287,42.287,12957396
2012-12-24,42.2713,42.3569,42.0285,42.3345,2412725
2012-12-26,42.4921,42.4921,41.937,42.0011,3234730
2012-12-27,41.9584,42.0401,41.3597,41.7621,3678544
2012-12-28,41.5444,41.7406,41.28,41.3053,4398603
2012-12-31,41.1819,41.8563,41.036,41.8243,4784407
2013-01-02,42.3715,42.7544,42.287,42.6174,4876112
2013-01-03,42.4707,42.7349,42.283,42.525,3548930
2013-01-04,42.5464,42.7224,42.4707,42.6484,2668628
2013-01-07,42.5056,42.5387,42.2442,42.4453,3935290
2013-01-08,42.421,42.6951,42.2763,42.5464,3704503
2013-01-09,42.5464,42.6261,42.3297,42.6174,3818662
2013-01-10,42.6427,42.8593,42.5124,42.8526,4262129
2013-01-11,42.8593,43.1198,42.7787,43.0624,3413389
2013-01-14,43.0694,43.0694,42.7787,42.8652,3841955
2013-01-15,42.8652,43.3308,42.6835,43.2986,4789165
2013-01-16,43.1763,43.2608,42.9449,43.0907,3556672
2013-01-17,43.2656,43.5213,43.1024,43.2792,3735890
2013-01-18,43.3803,43.7973,43.2267,43.7973,4891581
2013-01-22,43.6661,44.1257,43.6185,44.1257,3941590
2013-01-23,44.0315,44.2298,43.7915,44.1918,3564340
2013-01-24,44.2366,44.6283,44.0918,44.4456,5087193
2013-01-25,44.5777,44.5855,44.1384,44.5233,3510758
2013-01-28,44.6098,44.6437,44.2482,44.3357,4225330
2013-01-29,44.3922,44.6758,44.29,44.566,3427228
2013-01-30,44.8022,45.017,44.5418,44.8654,4752259
2013-01-31,44.8187,45.1764,44.6437,45.0627,5046798
2013-02-01,45.2066,45.5039,45.0938,45.1278,5631833
2013-02-04,45.0034,45.1997,44.7459,44.808,4124320
2013-02-05,44.9042,45.2638,44.8907,45.1559,4376971
2013-02-06,45.0695,45.3125,44.8732,45.3066,4031391
2013-02-07,45.1861,45.3834,44.8518,45.2571,4746549
2013-02-08,45.1559,45.2571,45.055,45.2337,12332468
2013-02-11,45.1997,45.363,45.1074,45.3252,12524979
2013-02-12,45.2998,45.5574,45.2717,45.5574,13849272
2013-02-13,45.6098,46.0006,45.4127,45.6168,3981342
2013-02-14,45.4572,45.8092,44.9568,45.0734,5069574
2013-02-15,45.0734,45.192,44.9266,45.1132,4024874
2013-02-19,45.2327,45.7168,45.2327,45.712,4159009
2013-02-20,45.6381,45.953,45.5497,45.6381,3249167
2013-02-21,45.5196,45.7848,45.4825,45.6235,3462950
2013-02-22,45.6507,46.0599,45.6429,46.0423,2802483
2013-02-25,46.0871,46.5983,45.8042,45.8092,4843290
2013-02-26,45.986,46.3641,45.8995,46.1289,3204150
2013-02-27,46.1016,46.5712,46.1016,46.4866,3512941
2013-02-28,46.4438,46.4643,45.8568,45.8995,7653863
2013-03-01,45.3466,45.9131,45.1055,45.8995,7888171
2013-03-04,45.6682,46.3592,45.5303,46.2076,3970263
2013-03-05,46.3194,46.642,46.1998,46.506,3213497
2013-03-06,46.5187,46.5391,46.1658,46.3194,3019059
2013-03-07,46.3718,46.3718,46.0502,46.1016,3729564
2013-03-08,46.1289,46.2552,45.7848,46.16,2651464
2013-03-11,46.1318,46.2679,46.0812,46.2601,1953970
2013-03-12,46.2552,46.2679,45.9443,46.0929,2824745
2013-03-13,46.1016,46.4643,46.0171,46.3417,3483175
2013-03-14,46.3922,46.5108,46.1658,46.3514,3158254
2013-03-15,46.0288,46.4001,45.9054,46.3641,5005868
2013-03-18,46.1211,46.3718,46.0657,46.1474,2204806
2013-03-19,46.2484,46.5304,46.1016,46.3417,2676050
2013-03-20,46.4195,46.815,46.3758,46.6644,2760332
2013-03-21,46.5187,46.7305,46.3194,46.5712,3713356
2013-03-22,46.5632,46.8083,46.4438,46.8043,3048275
2013-03-25,46.8646,47.0493,46.4496,46.5856,3247148
2013-03-26,46.7062,47.0882,46.6907,47.0289,3781845
2013-03-27,46.8043,47.6228,46.7558,47.5382,4457945
2013-03-28,47.5994,48.1747,47.4982,48.1136,4484855
2013-04-01,48.098,48.0999,47.7714,47.9376,2553363
2013-04-02,48.0553,48.164,47.924,48.1358,3136996
2013-04-03,47.9308,48.164,47.4419,47.5333,5998049
2013-04-04,47.4866,47.7053,47.4721,47.5877,7136440
2013-04-05,47.2466,47.7995,47.2272,47.7587,5365336
2013-04-08,47.7053,48.4421,47.5275,48.3935,5183727
2013-04-09,48.4469,48.4469,48.0795,48.1358,2942018
2013-04-10,48.3681,48.5732,48.1699,48.2477,3214429
2013-04-11,48.3419,48.685,48.2223,48.5013,3634369
2013-04-12,48.3856,48.6587,48.2399,48.3681,3842272
2013-04-15,48.2612,48.7793,47.9172,47.9172,3795475
2013-04-16,48.235,48.7842,48.0222,48.7638,3888268
2013-04-17,48.5791,48.6276,48.0795,48.4867,3258847
2013-04-18,48.5538,48.7395,48.3477,48.549,2498517
2013-04-19,48.6791,49.3013,48.549,49.2769,3096017
2013-04-22,49.2536,49.3614,48.9921,49.237,2194843
2013-04-23,49.4761,49.4761,48.9484,49.3235,2830581
2013-04-24,49.2944,49.7851,49.0621,49.5296,2734377
2013-04-25,49.6278,49.9494,49.5122,49.8065,3018794
2013-04-26,49.7794,49.9932,49.5917,49.6219,3668925
2013-04-29,49.7153,49.9777,49.6219,49.8465,2501966
2013-04-30,49.7347,49.899,49.4344,49.8465,3380678
2013-05-01,49.7153,50.0175,49.5636,49.6424,2473329
2013-05-02,49.6219,49.8008,49.1972,49.5675,3731487
2013-05-03,49.8202,49.8786,49.1428,49.3614,4665600
2013-05-06,49.2478,49.3148,48.2545,48.3196,5176955
2013-05-07,48.3254,48.8765,48.2223,48.8511,4416443
2013-05-08,48.8511,48.9212,48.1942,48.3254,5022285
2013-05-09,48.407,48.4673,47.6121,47.7587,11624790
2013-05-10,47.6509,47.8579,47.3341,47.8453,11865280
2013-05-13,47.68,47.7657,47.3127,47.5722,12444815
2013-05-14,47.5576,48.1572,47.5576,47.7773,6081241
2013-05-15,47.8025,48.5712,47.7734,48.3954,4760146
2013-05-16,48.3157,48.3653,47.6422,47.6752,3724946
2013-05-17,47.8414,48.0202,47.5673,47.9813,4817328
2013-05-20,47.9745,48.0319,47.6879,47.7888,3189188
2013-05-21,47.7888,47.9911,47.372,47.8268,4438257
2013-05-22,47.7811,48.1136,46.8432,47.0231,4406186
2013-05-23,46.7285,46.9706,45.8665,46.7345,5093370
2013-05-24,46.5565,46.6761,46.0151,46.1464,4182679
2013-05-28,46.2863,46.468,45.1657,45.3913,9048250
2013-05-29,45.0811,45.1502,44.3308,44.9849,6767789
2013-05-30,45.2367,45.8665,45.087,45.0928,5894386
2013-05-31,44.984,45.8927,44.8382,44.8382,6385813
2013-06-03,44.8615,45.3173,44.3397,45.0228,5846198
2013-06-04,45.0141,45.2192,44.7663,44.9849,4966522
2013-06-05,44.8615,45.0005,44.5933,44.7594,4983960
2013-06-06,44.7594,45.2397,44.5981,45.227,5412187
2013-06-07,45.3359,45.6759,44.9412,45.3484,4090130
2013-06-10,45.5778,45.8363,45.2309,45.4816,3455495
2013-06-11,45.2397,45.6391,44.9568,45.0296,3920389
2013-06-12,45.3105,45.4243,44.4981,44.6127,4556914
2013-06-13,44.6788,45.2688,44.5739,45.2192,4946327
2013-06-14,45.2192,45.5904,45.1881,45.3173,2986673
2013-06-17,45.6759,46.1998,45.1716,45.3222,4106231
2013-06-18,45.3757,45.7712,44.95,45.712,4759530
2013-06-19,45.6886,45.9336,44.6836,44.6992,4944986
2013-06-20,44.5515,44.5739,43.5533,43.6116,7057645
2013-06-21,43.8779,44.3454,43.2919,43.9383,9457941
2013-06-24,43.6748,44.2182,43.5126,43.8556,4382169
2013-06-25,44.0024,44.5135,43.7078,44.2967,3935360
2013-06-26,44.6176,45.4748,44.5865,45.2969,5760350
2013-06-27,45.4816,45.6838,45.1434,45.2367,3541804
2013-06-28,45.1783,45.57,44.9597,45.227,4127278
2013-07-01,45.4893,45.5904,44.5582,44.7808,4003881
2013-07-02,44.7517,45.1929,44.706,45.0073,7821581
2013-07-03,44.8615,45.1569,44.7128,45.1502,2398735
2013-07-05,45.2095,45.2745,44.5515,45.0685,4500181
2013-07-08,45.087,45.3814,44.9568,45.3757,4623794
2013-07-09,45.5243,45.6759,45.3436,45.6633,4128799
2013-07-10,45.5904,46.1075,45.4301,45.954,3214607
2013-07-11,46.2261,46.9162,46.1804,46.8297,3798185
2013-07-12,46.815,47.0648,46.5031,46.9967,3077277
2013-07-15,46.9094,47.6926,46.8977,47.5731,4275976
2013-07-16,47.5731,47.6996,46.9219,47.2233,3379232
2013-07-17,47.4866,47.5216,47.0969,47.372,3039987
2013-07-18,47.5052,47.8132,47.4167,47.6675,3574039
2013-07-19,47.6819,47.7384,47.3992,47.4866,3453331
2013-07-22,47.3943,47.5216,47.302,47.4117,2488546
2013-07-23,47.4458,47.8628,47.3457,47.7734,2756111
2013-07-24,47.7694,47.7694,46.9967,47.23,2118150
2013-07-25,47.0969,47.3778,46.9706,47.2971,2715323
2013-07-26,47.0911,47.4458,46.9501,47.4244,2859421
2013-07-29,47.3108,47.887,47.2942,47.716,2685807
2013-07-30,47.8997,48.1747,47.7228,47.893,2877526
2013-07-31,47.893,47.9357,47.4117,47.5673,4089605
2013-08-01,47.7888,48.0125,47.5673,47.9094,3198918
2013-08-02,47.8492,48.0999,47.716,48.0727,2930167
2013-08-05,48.237,48.2418,47.8025,47.8132,3414125
2013-08-06,47.8346,47.9162,47.4808,47.6471,3498070
2013-08-07,47.4458,47.7228,47.267,47.6014,4525997
2013-08-08,47.6752,47.8997,47.4652,47.7228,14872533
2013-08-09,47.716,47.8084,47.3322,47.4117,10803762
2013-08-12,47.3992,47.4536,47.198,47.4117,11870898
2013-08-13,47.3526,47.5275,47.302,47.4458,6036519
2013-08-14,47.546,47.546,46.5391,46.7539,4649326
2013-08-15,46.5225,46.7208,45.9209,46.0035,4314740
2013-08-16,45.8606,45.988,45.1813,45.4214,4518708
2013-08-19,45.3513,45.5166,44.8586,44.9334,3612175
2013-08-20,44.9675,45.7888,44.9052,45.2424,6997631
2013-08-21,45.1813,45.2026,44.4494,44.5816,4955220
2013-08-22,44.6691,44.8382,44.4066,44.6691,3420193
2013-08-23,44.6866,45.0063,44.4874,44.948,2686848
2013-08-26,44.984,45.1084,44.5689,44.5689,2826984
2013-08-27,44.3094,44.984,44.254,44.6059,3472197
2013-08-28,44.6497,44.9052,44.4329,44.74,2467993
2013-08-29,44.7031,44.7371,44.3638,44.4787,2435011
2013-08-30,44.5689,44.8177,44.254,44.4377,2999701
2013-09-03,44.635,44.7633,43.8702,44.0053,3420167
2013-09-04,44.0248,44.0315,43.4629,43.8196,3910512
2013-09-05,43.8196,44.0121,43.6389,43.8945,3146447
2013-09-06,44.0742,44.5535,44.0685,44.3387,3910854
2013-09-09,44.3708,44.4941,44.1608,44.4193,3526933
2013-09-10,44.5068,44.6808,44.2162,44.6758,2617994
2013-09-11,44.7099,44.7167,43.9508,44.2424,4854952
2013-09-12,44.3638,44.499,43.8633,44.0121,3443185
2013-09-13,44.0315,44.4377,44.0248,44.4066,3818930
2013-09-16,45.7197,45.781,44.5437,44.7312,6532929
2013-09-17,44.7497,45.1522,44.6943,44.8382,5345712
2013-09-18,44.777,46.4991,44.5952,46.1318,5841695
2013-09-19,46.1201,46.437,45.7721,46.0191,4305276
2013-09-20,46.0512,46.0852,45.2852,45.6312,7898921
2013-09-23,45.3796,46.0628,45.1813,45.882,3743749
2013-09-24,45.7888,46.0317,45.6983,45.8548,4004862
2013-09-25,46.1201,46.1998,45.5613,45.5613,3525180
2013-09-26,45.6041,45.8392,45.5904,45.8247,3003825
2013-09-27,45.6098,45.8927,45.1736,45.3202,3394635
2013-09-30,45.1589,45.5233,45.1152,45.2377,3733602
2013-10-01,45.6906,45.7576,45.3262,45.5691,3637973
2013-10-02,45.4475,45.6098,45.222,45.5554,2872004
2013-10-03,45.365,45.399,44.74,44.9334,3971426
2013-10-04,44.914,45.1736,44.8042,45.0005,2252004
2013-10-07,44.8382,45.2921,44.812,44.9403,2191751
2013-10-08,44.8984,45.7391,44.88,45.5233,4690228
2013-10-09,45.5981,46.3223,45.4281,45.7324,4408125
2013-10-10,45.882,46.2679,45.3202,46.2611,3808696
2013-10-11,46.2192,46.6527,46.0764,46.6382,3435898
2013-10-14,46.472,46.5642,45.8189,46.4555,3379782
2013-10-15,46.3,46.4059,45.7644,45.9627,4670616
2013-10-16,46.0764,46.7616,45.988,46.7616,4859369
2013-10-17,46.6061,47.3778,46.2863,47.2845,4471048
2013-10-18,47.3992,47.546,47.229,47.4731,3584936
2013-10-21,47.4167,47.5537,47.1203,47.4595,3163874
2013-10-22,47.5226,48.3681,47.4662,48.1592,4312482
2013-10-23,48.1213,49.1059,48.1145,48.5782,6513742
2013-10-24,48.654,48.7132,48.2943,48.5227,3117586
2013-10-25,48.5091,49.0446,48.3118,49.0251,2668532
2013-10-28,48.9707,49.2692,48.8123,49.0251,3941354
2013-10-29,49.0301,49.3158,48.8959,49.1953,2728978
2013-10-30,49.1749,49.4898,48.7579,48.7812,3734034
2013-10-31,48.7939,48.8871,48.0553,48.5908,4166872
2013-11-01,48.7656,49.31,48.6898,49.1194,4269418
2013-11-04,49.1865,49.2536,48.5578,49.0922,3769180
2013-11-05,49.1545,49.4674,48.962,49.0796,5372615
2013-11-06,49.0728,49.6219,48.926,49.5917,3463029
2013-11-07,49.5917,49.8115,49.2604,49.3965,11991670
2013-11-08,49.2205,49.2468,48.166,49.0651,13508100
2013-11-11,49.0845,49.377,48.787,49.0796,2871823
2013-11-12,48.9047,49.0388,48.3769,48.5839,17210945
2013-11-13,48.3973,48.5839,47.959,48.5693,5371722
2013-11-14,48.7064,49.2118,48.5976,48.9766,3761725
2013-11-15,48.6734,49.1749,48.6597,49.1749,4120050
2013-11-18,49.1865,49.2059,48.8026,48.997,3537537
2013-11-19,49.0028,49.0981,48.5091,48.7064,3825903
2013-11-20,48.7832,48.8638,47.9483,47.959,3880378
2013-11-21,48.0814,48.617,47.8025,48.4528,5011328
2013-11-22,48.3283,49.0087,48.0873,48.7151,5081347
2013-11-25,48.7424,48.8454,48.5635,48.617,3207019
2013-11-26,48.617,48.6801,48.2846,48.2846,4612378
2013-11-27,48.2778,48.4528,47.7627,47.959,3710272
2013-11-29,48.0125,48.3915,47.7704,47.9143,2158047
2013-12-02,48.028,48.028,47.3516,47.6742,3828769
2013-12-03,47.5353,47.9211,47.2845,47.7704,3397381
2013-12-04,47.543,48.1087,47.3175,47.8833,3441846
2013-12-05,47.8025,47.891,47.4331,47.6665,2905967
2013-12-06,47.9405,48.308,47.7393,48.0737,3349182
2013-12-09,48.0737,48.0737,47.5002,47.8093,2941546
2013-12-10,47.7918,47.8783,47.3778,47.4419,2529102
2013-12-11,47.4254,47.4419,46.7703,46.7966,5099378
2013-12-12,46.8675,47.1338,46.644,46.7042,5154418
2013-12-13,46.8782,47.0065,46.5157,46.7042,4292272
2013-12-16,47.3234,47.3856,46.7479,46.92,5117080
2013-12-17,46.9122,47.0366,46.5508,46.8307,4342436
2013-12-18,46.8442,47.7995,46.5157,47.755,5582850
2013-12-19,47.5693,47.578,46.8918,47.3856,4487120
2013-12-20,47.4331,47.8521,47.3175,47.5984,4667178
2013-12-23,47.891,47.891,47.2913,47.2913,4445659
2013-12-24,47.1669,47.5634,47.0017,47.4478,2082750
2013-12-26,47.4331,47.5089,47.0211,47.0979,3750204
2013-12-27,47.2145,47.4419,47.0911,47.2203,2843874
2013-12-30,47.1173,47.3992,47.1173,47.3312,2298182
2013-12-31,47.3234,47.3943,47.0911,47.2641,2980196
2014-01-02,47.3943,47.4177,46.5702,46.6664,4924972
2014-01-03,46.7042,46.8442,46.3708,46.5157,3786357
2014-01-06,46.5702,46.7081,46.3398,46.5438,3606603
2014-01-07,46.5915,46.9326,46.5702,46.9065,4047885
2014-01-08,46.7966,46.8442,46.3243,46.468,5667568
2014-01-09,46.4963,46.5769,46.1941,46.4837,3474982
2014-01-10,46.6955,47.5984,46.6664,46.9773,5893632
2014-01-13,46.5983,46.7081,46.2893,46.4156,5753077
2014-01-14,46.4457,46.5702,46.2504,46.2756,4805765
2014-01-15,46.2008,46.3457,45.9189,45.9734,5074128
2014-01-16,46.056,46.2416,45.9189,46.1318,4380608
2014-01-17,46.1367,46.3631,46.022,46.2756,4822682
2014-01-21,46.4884,46.9686,46.4156,46.92,4423766
2014-01-22,46.9122,47.234,46.8705,47.0153,3379431
2014-01-23,46.852,47.0717,46.5508,46.9326,4196054
2014-01-24,46.6868,47.4828,46.5702,46.7479,6885034
2014-01-27,46.7781,47.2475,46.7539,47.0717,5639251
2014-01-28,47.0842,47.2203,46.8918,47.1338,3593439
2014-01-29,47.0445,47.4682,46.9404,47.2475,6478888
2014-01-30,47.3516,47.8833,47.3312,47.8666,5029327
2014-01-31,47.5089,48.4051,47.4935,48.3662,6974039
2014-02-03,48.4333,49.1389,48.0056,48.2545,7922487
2014-02-04,48.4129,48.4129,47.5693,47.8967,5293878
2014-02-05,47.7627,47.8589,47.4478,47.6819,4159711
2014-02-06,47.7344,48.0154,47.3778,47.9483,4050451
2014-02-07,47.8152,48.0154,47.4935,47.9337,5577880
2014-02-10,47.8521,48.5149,47.6111,48.4469,4484877
2014-02-11,48.3973,48.9513,48.2846,48.8337,3842907
2014-02-12,48.7745,49.0942,48.6443,49.0748,3624437
2014-02-13,48.9921,49.5374,48.9085,49.4635,3278280
2014-02-14,49.2876,49.5763,49.0514,49.4761,4028413
2014-02-18,49.688,50.3178,49.3634,49.5072,6929479
2014-02-19,49.4372,50.1331,48.9688,49.6618,4729029
2014-02-20,49.688,49.9397,49.4635,49.6725,5029106
2014-02-21,49.584,50.0098,49.484,49.5015,4228085
2014-02-24,49.5072,49.933,49.2254,49.24,3642929
2014-02-25,49.2254,49.725,49.1194,49.1836,3776690
2014-02-26,49.2468,49.3916,48.9688,49.0805,4955299
2014-02-27,48.999,49.2089,48.6443,48.7676,3582818
2014-02-28,48.7492,49.2799,48.7132,49.0805,4233082
2014-03-03,48.8774,49.1972,48.4703,48.5062,3622765
2014-03-04,48.8454,48.8707,48.3856,48.5548,3793419
2014-03-05,48.5752,48.96,48.4372,48.549,3166794
2014-03-06,48.6443,48.6647,48.2078,48.4907,5183987
2014-03-07,48.4002,48.6034,48.063,48.511,5298369
2014-03-10,48.3856,48.5198,48.0455,48.2078,3672213
2014-03-11,48.3235,48.3681,47.7938,48.0999,3992681
2014-03-12,48.0795,48.7415,48.063,48.7211,4626267
2014-03-13,48.7415,49.1573,48.6568,48.8648,5650318
2014-03-14,48.8084,49.2526,48.7064,48.9533,4244679
2014-03-17,49.1194,49.412,48.8153,49.2351,4911903
2014-03-18,49.309,49.3235,48.4566,48.6363,6059240
2014-03-19,48.4703,48.5752,47.2223,47.578,7473780
2014-03-20,47.5079,47.9571,47.1542,47.8939,6174460
2014-03-21,48.2914,48.4489,47.7938,47.8326,6586841
2014-03-24,47.8405,48.0795,47.5079,48.0027,4334709
2014-03-25,48.063,48.5324,47.9386,48.4148,4476520
2014-03-26,48.4372,48.6443,48.0854,48.1223,4757245
2014-03-27,48.2282,48.79,47.9503,48.7599,4380773
2014-03-28,48.7676,48.8153,48.4148,48.7745,4452372
2014-03-31,48.9339,49.3634,48.8581,49.3148,4475634
2014-04-01,49.4334,49.4334,48.8084,48.9339,3620863
2014-04-02,48.9339,48.9339,48.549,48.652,2853712
2014-04-03,48.8084,48.9921,48.6092,48.7822,2418894
2014-04-04,48.9455,49.484,48.7959,48.8084,4088555
2014-04-07,48.8774,49.6278,48.7959,49.2585,6229742
2014-04-08,49.205,50.2353,48.8581,50.2099,7403982
2014-04-09,50.1331,50.2041,49.2526,49.7327,6825205
2014-04-10,49.7717,50.2041,49.447,49.5714,4309175
2014-04-11,49.5316,50.0496,49.412,49.7454,3974316
2014-04-14,49.8883,50.1196,49.5967,49.9029,3061058
2014-04-15,49.898,50.4237,49.8503,50.415,4869951
2014-04-16,50.5511,50.7124,50.243,50.7066,3742566
2014-04-17,50.485,50.9135,50.07,50.2498,4118481
2014-04-21,50.3557,50.5948,49.9251,50.173,2611164
2014-04-22,50.1196,50.485,49.8503,50.4023,3192219
2014-04-23,50.4237,50.9709,50.2585,50.278,3598276
2014-04-24,50.2712,50.7824,49.9591,50.589,3063287
2014-04-25,50.6016,51.2762,50.6016,51.2431,3677665
2014-04-28,51.2431,51.8369,51.0652,51.7941,5368612
2014-04-29,51.7523,52.0235,51.4539,51.6095,3780262
2014-04-30,51.6484,51.974,51.5589,51.5783,4334987
2014-05-01,51.6561,51.7815,51.0487,51.6416,3274768
2014-05-02,51.3636,51.4132,50.1895,50.4509,6506098
2014-05-05,50.4509,50.9642,50.382,50.9068,4010240
2014-05-06,50.729,50.9379,50.4509,50.5948,4111777
2014-05-07,50.6328,51.177,50.485,51.1167,3639558
2014-05-08,51.0818,51.0818,50.2663,50.4384,4344880
2014-05-09,50.4237,50.5745,49.7454,49.8416,5507655
2014-05-12,50.0009,50.0894,49.5529,49.688,5225039
2014-05-13,49.8689,50.0098,49.5452,49.6618,4505607
2014-05-14,49.8028,50.2148,49.5967,49.8922,3683400
2014-05-15,49.9912,50.5462,49.929,49.9679,3811252
2014-05-16,49.929,50.1391,49.7454,49.9475,2890255
2014-05-19,49.8843,49.9679,48.9679,49.2118,4985727
2014-05-20,49.2769,49.5656,48.8123,49.067,3794230
2014-05-21,49.1767,49.2769,48.8484,48.9523,2693091
2014-05-22,49.0107,49.4519,49.0107,49.3906,2620844
2014-05-23,49.3197,49.6559,49.1729,49.2001,2176810
2014-05-27,49.7454,49.8843,49.3041,49.3265,3284219
2014-05-28,49.3401,49.6491,49.3197,49.5374,3185675
2014-05-29,49.6355,49.688,49.2624,49.6559,2596545
2014-05-30,49.5209,49.7804,49.2915,49.76,3615078
2014-06-02,49.6685,49.8095,49.4314,49.5967,2742899
2014-06-03,49.583,49.6355,49.1943,49.4917,3457448
2014-06-04,49.4227,49.7337,49.2915,49.7123,2854404
2014-06-05,49.6112,50.2984,49.5588,50.2148,3532487
2014-06-06,50.2022,50.3694,49.8786,49.9427,3064361
2014-06-09,49.7949,49.8843,49.4227,49.6044,3284751
2014-06-10,49.4917,49.7337,49.2963,49.3596,3374800
2014-06-11,49.2769,49.415,48.7171,48.7462,5077287
2014-06-12,48.7385,49.5209,48.1709,49.409,6124025
2014-06-13,49.3041,49.6949,49.0388,49.583,3713809
2014-06-16,49.7804,50.278,49.5704,49.7871,3808335
2014-06-17,49.5889,49.6268,49.1767,49.4995,3322245
2014-06-18,49.481,50.7027,49.409,50.691,4924707
2014-06-19,50.7396,51.3841,49.9554,51.2635,6973495
2014-06-20,51.2926,51.3286,50.5647,50.6308,5717335
2014-06-23,50.6774,50.761,50.278,50.6483,3610756
2014-06-24,50.6774,50.8029,50.5374,50.656,3357877
2014-06-25,50.5579,51.18,50.487,51.1333,4261614
2014-06-26,51.0351,51.2499,50.9292,51.2217,3226933
2014-06-27,51.1186,51.7203,50.9068,51.5949,3105097
2014-06-30,51.6416,52.076,51.4813,51.938,4077389
2014-07-01,51.9438,51.9701,51.4608,51.5434,2855034
2014-07-02,51.4521,51.489,50.312,50.5579,6450382
2014-07-03,50.3694,50.3694,49.5704,49.9768,4994630
2014-07-07,49.8786,50.2022,49.7949,50.1098,4485361
2014-07-08,50.2089,50.9068,50.1498,50.6308,4546224
2014-07-09,50.6308,50.7688,50.1934,50.4801,2847647
2014-07-10,50.4247,50.9215,50.4247,50.6774,2859346
2014-07-11,50.7542,50.8864,50.4801,50.5142,2661290
2014-07-14,50.554,50.6308,50.068,50.0797,3368695
2014-07-15,50.1391,50.6842,50.1391,50.4247,3219464
2014-07-16,50.4753,50.7485,50.1934,50.6978,2705656
2014-07-17,50.8922,50.9846,50.4753,50.656,4296671
2014-07-18,50.8243,51.2314,50.4675,51.18,3720875
2014-07-21,51.0497,51.5317,50.9846,51.3549,2918711
2014-07-22,51.4054,51.4813,51.2091,51.3063,2880723
2014-07-23,51.3063,51.4521,51.174,51.3841,2395710
2014-07-24,51.4521,52.0206,51.418,51.8233,3200967
2014-07-25,51.7009,51.9312,51.174,51.2499,3061048
2014-07-28,51.3218,52.1401,51.2635,52.076,4686984
2014-07-29,52.0819,52.1401,51.6358,51.7912,3194488
2014-07-30,51.8233,51.9438,50.8096,51.1391,3974266
2014-07-31,50.831,51.174,50.4471,50.4937,4641139
2014-08-01,50.5695,51.3627,50.5074,51.0604,5657078
2014-08-04,51.0545,51.0838,49.6044,50.5462,6444045
2014-08-05,50.2906,50.5462,49.4742,49.688,4444821
2014-08-06,49.6112,49.6355,48.6403,48.8901,10094691
2014-08-07,49.2001,50.103,49.0388,49.4227,5152998
2014-08-08,49.6685,50.242,49.6559,50.2265,3938076
2014-08-11,50.4033,50.5783,50.0553,50.1098,3023824
2014-08-12,50.1498,50.3479,49.8843,49.9679,4067644
2014-08-13,50.1224,50.3479,49.8552,50.2148,3025589
2014-08-14,50.2333,51.0448,50.2333,51.0274,5067080
2014-08-15,50.8728,51.4666,50.866,51.0371,4211908
2014-08-18,51.1827,51.4297,50.9135,51.0371,2579333
2014-08-19,51.0915,51.6241,50.9991,51.5959,3090702
2014-08-20,51.3821,51.5726,51.1897,51.5084,2928635
2014-08-21,51.5434,51.9554,51.4229,51.7086,2862978
2014-08-22,51.9905,52.2811,51.3966,51.5881,3556995
2014-08-25,51.8068,52.0479,51.6241,51.664,2540475
2014-08-26,51.6309,51.7727,51.1352,51.1984,2994220
2014-08-27,51.2887,51.6503,51.2111,51.6309,2669723
2014-08-28,51.4161,51.9905,51.3753,51.8991,2645297
2014-08-29,51.9681,52.3861,51.9283,52.3783,4216609
2014-09-02,52.4016,52.4482,51.7407,51.9972,5762055
2014-09-03,52.113,52.4482,52.0342,52.287,2996571
2014-09-04,52.1508,52.5552,52.0109,52.4016,3175410
2014-09-05,52.425,53.0294,52.3861,53.0227,4255063
2014-09-08,52.8186,53.0605,52.6018,53.0177,4807432
2014-09-09,52.8118,52.9206,52.2052,52.2373,5184185
2014-09-10,52.1401,52.2179,51.7931,51.9554,4205201
2014-09-11,52.2179,52.734,52.0342,52.7126,4047542
2014-09-12,52.4774,52.5882,51.6435,51.7223,5405020
2014-09-15,51.9283,52.1732,51.7931,51.9905,3249276
2014-09-16,52.3442,52.8059,52.2811,52.6339,4921198
2014-09-17,52.841,52.9663,52.3579,52.6018,4226216
2014-09-18,52.7281,52.7739,51.8574,52.0206,4911326
2014-09-19,52.2442,52.7214,52.1401,52.6563,5714595
2014-09-22,52.3861,52.6212,52.0206,52.2957,4325080
2014-09-23,52.2811,52.5552,52.113,52.1508,4460667
2014-09-24,52.1985,52.3161,51.9624,52.1829,3051884
2014-09-25,52.1508,52.5192,52.1401,52.3579,5981785
2014-09-26,52.3093,52.5708,51.8991,52.4444,4220980
2014-09-29,52.1655,52.524,51.9828,52.524,2883782
2014-09-30,52.5708,53.2442,52.4103,52.9322,5917696
2014-10-01,53.1296,53.6126,52.9983,53.3093,7481960
2014-10-02,53.2501,53.6399,53.0177,53.0888,4967367
2014-10-03,53.1082,53.2949,52.6212,53.218,3772535
2014-10-06,53.393,53.5135,52.975,53.147,2562634
2014-10-07,53.147,53.7769,53.0052,53.2442,4319001
2014-10-08,53.357,54.5893,53.2442,54.5466,5597943
2014-10-09,54.5098,54.9782,54.014,54.0791,4904501
2014-10-10,54.3338,54.9286,54.3134,54.3922,5630063
2014-10-13,54.2978,55.5089,54.257,54.8012,6982089
2014-10-14,55.155,56.5011,54.7799,55.8334,8219535
2014-10-15,55.5303,56.3777,54.8226,55.8568,9311674
2014-10-16,55.226,55.5808,54.5379,55.3377,7382363
2014-10-17,55.3971,55.6372,54.5466,55.5224,4968672
2014-10-20,55.6225,56.3777,55.6148,56.2824,3535936
2014-10-21,56.3845,56.4516,55.9054,55.9821,5248992
2014-10-22,56.0735,56.8802,56.0045,56.7489,5277497
2014-10-23,56.8879,56.9881,56.3942,56.6848,4162712
2014-10-24,56.7335,57.025,56.6693,56.8481,4020893
2014-10-27,56.9035,57.4428,56.8481,57.0659,2889448
2014-10-28,57.13,57.2223,56.4079,57.1445,4529011
2014-10-29,57.0891,57.5149,56.3234,56.8277,3815676
2014-10-30,57.06,58.2885,56.8947,58.2574,4652367
2014-10-31,58.3429,58.5324,57.5858,58.1582,4562007
2014-11-03,58.2127,58.475,57.9435,58.3187,3315506
2014-11-04,58.3623,58.618,57.9366,58.2127,3393072
2014-11-05,58.3838,59.3974,58.0513,59.1098,7586557
2014-11-06,58.5665,58.7239,57.3894,57.4623,9588673
2014-11-07,57.4837,58.1155,57.3583,58.1068,4623589
2014-11-10,58.1223,58.7842,58.1009,58.6257,3647925
2014-11-11,58.4897,58.8308,58.305,58.5178,3871716
2014-11-12,57.9269,58.2205,56.9366,57.0765,7728357
2014-11-13,57.2126,57.5343,56.264,56.4613,5762684
2014-11-14,56.1464,56.8345,56.1464,56.5478,4483133
2014-11-17,56.5916,57.5284,56.5332,57.3972,4173203
2014-11-18,57.6442,57.8152,57.1008,57.406,5263620
2014-11-19,57.3282,57.6703,56.9628,57.4575,3856156
2014-11-20,57.4575,57.7704,57.2427,57.3069,2957630
2014-11-21,57.6354,57.7073,56.643,57.0211,7341363
2014-11-24,57.2281,57.3419,56.4758,56.4904,7085990
2014-11-25,56.5916,56.6771,56.122,56.5779,5859741
2014-11-26,56.6906,57.1348,56.6906,56.9628,2784724
2014-11-28,57.1844,58.3205,57.1416,57.8279,3348089
2014-12-01,57.4633,59.1437,57.3,58.616,7116817
2014-12-02,58.4867,59.0028,58.1641,58.8571,4441315
2014-12-03,58.6083,58.9416,58.2719,58.5936,3088935
2014-12-04,58.6219,58.9563,58.4498,58.8618,3544732
2014-12-05,58.2506,58.3935,57.3506,57.7073,5004401
2014-12-08,57.8346,58.687,57.8346,58.3497,5232585
2014-12-09,58.1854,58.8434,58.028,58.7443,5418735
2014-12-10,58.7365,59.4508,58.6433,58.7929,5515824
2014-12-11,59.0271,59.6929,59.0135,59.2507,4136164
2014-12-12,58.9873,59.7026,58.8707,59.1059,4671797
2014-12-15,59.1059,59.2623,57.9561,57.9999,6153132
2014-12-16,58.1933,58.6354,57.335,57.6275,5045756
2014-12-17,57.9794,58.3575,57.4428,58.1641,4732082
2014-12-18,58.1709,59.3342,58.0436,59.3342,6080865
2014-12-19,59.4217,59.7551,59.0942,59.2235,6628461
2014-12-22,59.379,59.86,59.2157,59.7638,3770773
2014-12-23,59.8796,60.1953,59.6783,59.8145,2829366
2014-12-24,59.9174,60.9146,59.9174,60.7368,3367877
2014-12-26,60.8534,61.7825,60.8447,61.3393,4175747
2014-12-29,61.2956,62.3958,61.2606,62.0663,5697062
2014-12-30,62.0663,62.0663,60.4296,60.5433,4174438
2014-12-31,60.6288,60.8748,59.6852,59.7191,3929613
2015-01-02,59.7191,60.21,59.3955,60.0807,3174414
2015-01-05,59.7551,59.9815,59.0505,59.2157,5288859
2015-01-06,59.2711,60.6104,59.2711,60.1876,7402475
2015-01-07,60.2294,60.6804,59.8426,60.38,3614232
2015-01-08,60.5667,60.9573,60.451,60.6211,3032822
2015-01-09,60.7582,61.0381,60.2022,60.7095,3748014
2015-01-12,60.9,61.1099,60.5112,60.7659,3217965
2015-01-13,60.972,62.0323,60.8795,61.0953,4937880
2015-01-14,60.8154,61.314,60.5112,61.2528,4733075
2015-01-15,61.3928,62.1528,61.0187,62.0158,5443100
2015-01-16,61.9935,62.4677,61.8943,62.4395,5461359
2015-01-20,62.5037,62.7107,61.9935,62.6825,4449319
2015-01-21,62.5454,63.4678,62.1178,63.3911,3965597
2015-01-22,63.497,63.8245,62.8614,63.3531,3556480
2015-01-23,63.5825,63.7837,63.3376,63.4182,2542363
2015-01-26,63.3531,63.4055,62.7777,63.2967,2448359
2015-01-27,63.3667,63.8051,63.1549,63.4182,2667769
2015-01-28,63.5893,64.3095,62.6592,62.7953,4381237
2015-01-29,62.802,64.0325,62.4531,63.8741,3987780
2015-01-30,63.5184,63.8983,62.2393,62.2898,4933332
2015-02-02,62.1888,62.3958,61.5531,62.1888,5051134
2015-02-03,62.1178,62.2724,61.696,62.0323,5568099
2015-02-04,61.9458,62.319,61.3023,61.4589,5155951
2015-02-05,61.8544,62.0527,61.3092,61.9875,3565386
2015-02-06,61.5211,61.9088,58.9951,59.4081,6091825
2015-02-09,59.4373,59.7638,58.7666,59.1126,5509284
2015-02-10,59.0418,60.2497,58.8949,60.1711,5778992
2015-02-11,59.9601,60.1128,58.8862,59.065,4667565
2015-02-12,58.9483,59.2088,58.373,58.4926,6701437
2015-02-13,58.4012,58.4294,57.1601,57.6131,6481901
2015-02-17,57.3253,58.3935,56.8646,57.2913,8711696
2015-02-18,57.1737,58.7559,57.0298,58.4294,6708727
2015-02-19,58.6023,58.618,57.0979,57.1309,7584149
2015-02-20,57.1095,57.4488,56.1367,56.8004,6123879
2015-02-23,56.9084,57.4488,56.5837,57.196,5465494
2015-02-24,57.0649,57.8579,56.8354,57.6188,5226683
2015-02-25,57.6927,57.6996,56.8287,57.0181,4504743
2015-02-26,57.2028,57.267,56.6488,56.6906,3532595
2015-02-27,56.6838,56.9152,56.3067,56.6838,3429046
2015-03-02,56.6333,56.6333,55.1249,55.6089,6967184
2015-03-03,55.6089,55.9326,55.2833,55.9326,5111094
2015-03-04,55.6526,55.7819,55.2561,55.6225,3842988
2015-03-05,55.7741,56.2085,55.6857,55.9831,3551561
2015-03-06,55.2484,55.2484,53.7982,54.0937,8848903
2015-03-09,54.3358,54.4708,53.9412,53.947,4574808
2015-03-10,53.6991,54.4474,53.3861,53.9061,7305724
2015-03-11,53.9412,54.2871,53.4289,53.6038,6847034
2015-03-12,53.8692,54.4553,53.8109,54.3261,4846417
2015-03-13,54.295,54.295,53.3861,53.84,4281856
2015-03-16,54.2609,55.0821,54.2307,54.6341,4483897
2015-03-17,54.3833,54.7643,53.9926,54.1802,3555721
2015-03-18,54.1725,55.4262,53.9722,55.1336,7974212
2015-03-19,54.9752,55.6663,54.6972,54.8498,6140575
2015-03-20,54.9218,55.3844,54.7419,55.327,9790105
2015-03-23,55.3349,55.5584,55.1629,55.4184,4258992
2015-03-24,55.3349,55.7595,54.6341,54.8877,3661452
2015-03-25,55.0676,55.3844,53.9926,54.0937,4135383
2015-03-26,54.0131,54.253,53.1335,53.6534,5783741
2015-03-27,53.8769,54.2609,53.6165,54.121,4410314
2015-03-30,54.4153,54.9752,54.188,54.7711,4647143
2015-03-31,54.7284,55.4582,54.4834,55.4058,8357251
2015-04-01,55.5214,55.848,54.9587,55.4438,4695367
2015-04-02,55.4184,55.7673,55.1763,55.5457,3472015
2015-04-06,55.882,56.8131,55.7595,56.4584,7300457
2015-04-07,56.3787,56.6177,55.882,56.0365,5115549
2015-04-08,55.8897,56.0113,55.3484,55.7819,4390360
2015-04-09,55.6526,55.71,55.226,55.572,2843168
2015-04-10,55.71,56.4419,55.6857,56.1697,3036612
2015-04-13,55.9909,56.2406,55.6663,55.7324,3139437
2015-04-14,55.8393,56.2582,55.6857,55.9909,3131955
2015-04-15,56.0832,56.6975,55.9831,56.3,3702516
2015-04-16,56.1785,56.2815,55.3777,55.7897,4023790
2015-04-17,55.5059,56.0998,55.4262,55.7897,4052513
2015-04-20,56.0288,57.1153,55.9326,56.7295,3637434
2015-04-21,56.7422,57.2913,56.0482,56.3368,4589570
2015-04-22,56.6488,56.8004,56.194,56.5051,3418344
2015-04-23,56.4089,57.196,56.3855,56.9084,3366428
2015-04-24,56.8772,57.6451,56.8287,57.3039,3602592
2015-04-27,57.442,57.5343,56.4166,56.5526,3964517
2015-04-28,56.3145,57.0017,56.1862,56.9861,3639071
2015-04-29,56.4584,56.7489,56.1289,56.5983,5367322
2015-04-30,56.5906,56.5906,55.537,55.9754,5966664
2015-05-01,56.0764,56.3787,55.4729,56.2174,3965069
2015-05-04,56.2174,56.8986,56.056,56.2582,3805017
2015-05-05,56.0045,56.1697,54.9946,55.0238,5294431
2015-05-06,54.9752,55.3406,54.6574,55.1375,6713804
2015-05-07,55.1336,55.6449,55.1336,55.4262,4991312
2015-05-08,56.1289,56.3787,55.3921,55.6449,4681788
2015-05-11,55.5651,56.091,55.1531,55.2561,4007891
2015-05-12,54.9519,55.262,54.5185,55.0607,5702340
2015-05-13,55.2231,55.4125,53.9926,54.2813,6178894
2015-05-14,54.2152,55.2745,54.1219,55.0501,7009503
2015-05-15,55.2231,55.8218,55.2231,55.5303,4571674
2015-05-18,55.3777,55.6167,55.1589,55.4447,4219423
2015-05-19,55.1229,55.677,55.0996,55.5594,3844967
2015-05-20,55.5671,56.1367,55.5303,55.8159,4656234
2015-05-21,55.8353,55.8879,55.4349,55.539,4378214
2015-05-22,55.4184,55.6167,55.2153,55.4582,2949300
2015-05-26,55.4447,55.5224,54.9072,55.2474,3910428
2015-05-27,55.4,55.7139,55.2979,55.5739,3824749
2015-05-28,55.4875,55.6409,55.2387,55.3844,4343256
2015-05-29,55.539,55.6098,55.1152,55.2231,4272896
2015-06-01,55.6098,55.6818,55.194,55.4184,5522358
2015-06-02,55.1502,55.1502,54.4834,54.7284,7001296
2015-06-03,54.6905,54.9782,53.6185,54.1073,7631262
2015-06-04,53.9644,54.467,53.9333,54.115,6232242
2015-06-05,53.598,53.8138,53.1238,53.1238,7630850
2015-06-08,53.0023,53.1238,52.6942,52.8341,6529819
2015-06-09,52.7233,53.181,52.5601,52.6018,4961711
2015-06-10,52.9284,53.2335,52.5163,52.5377,4817256
2015-06-11,52.9789,53.357,52.9148,53.1306,4699926
2015-06-12,52.7797,53.2531,52.7525,52.8895,5194424
2015-06-15,52.7972,53.1597,52.6291,52.8691,4015501
2015-06-16,52.9546,53.0207,52.6096,52.9225,4409068
2015-06-17,52.8847,53.3784,52.457,53.2939,5295214
2015-06-18,53.3871,54.394,53.3871,54.3552,6554910
2015-06-19,54.2152,54.3405,53.3366,53.3784,9989796
2015-06-22,53.5698,53.633,53.1666,53.2852,3080122
2015-06-23,53.1733,53.3191,52.3375,52.3442,5400148
2015-06-24,52.5163,52.6883,51.7242,51.7242,6730852
2015-06-25,51.9137,52.0158,51.5434,51.5434,3977788
2015-06-26,51.4754,52.0449,51.3888,51.7767,6221952
2015-06-29,51.9788,52.2918,51.6435,51.6649,4415101
2015-06-30,51.768,51.8039,51.3442,51.4968,5363627
2015-07-01,51.6289,51.8642,51.2208,51.8331,3253595
2015-07-02,52.2704,52.9712,52.0867,52.8895,4631498
2015-07-06,52.7729,53.2335,52.665,53.1238,3881110
2015-07-07,53.4348,55.2094,53.3939,54.8897,9374893
2015-07-08,54.5689,55.1065,54.4757,54.5379,4002610
2015-07-09,54.6564,54.8605,53.7361,54.0131,6171080
2015-07-10,54.2405,54.8159,53.947,54.2336,3265934
2015-07-13,54.3805,54.6477,53.9178,54.2152,3834212
2015-07-14,54.3726,54.5554,53.598,53.8138,4624785
2015-07-15,53.7419,54.0743,53.4979,53.9771,3457968
2015-07-16,54.0432,54.6856,54.0131,54.5554,4302792
2015-07-17,54.3211,54.5,53.598,53.6496,5183041
2015-07-20,53.67,53.8041,53.0674,53.4299,3972855
2015-07-21,53.3784,53.3784,52.5232,52.8098,4031408
2015-07-22,52.84,53.2481,52.7156,52.7729,4548122
2015-07-23,52.6942,52.7301,51.7912,52.1839,4605857
2015-07-24,52.1916,52.5232,51.9564,52.2772,2493473
2015-07-27,52.3316,53.459,52.3228,53.2335,4256576
2015-07-28,53.0878,53.5125,53.0023,53.3279,4446779
2015-07-29,53.181,53.4299,52.8039,53.3152,3835708
2015-07-30,53.0508,53.7302,53.0023,53.5611,3399779
2015-07-31,54.1073,54.6409,53.9848,54.1219,3786487
2015-08-03,54.1822,54.7508,54.1744,54.6623,3778313
2015-08-04,54.602,54.602,53.7954,53.9051,3310094
2015-08-05,54.1073,54.3211,53.7127,53.947,2714255
2015-08-06,53.947,53.947,52.9789,53.8458,5620995
2015-08-07,53.6631,54.9393,53.3366,54.8012,4988040
2015-08-10,54.8012,54.9898,54.394,54.5554,4929211
2015-08-11,54.7216,55.3339,54.3805,54.9024,4705861
2015-08-12,54.8557,56.0716,54.7225,55.711,5967421
2015-08-13,55.5778,55.9102,55.0549,55.7265,3649245
2015-08-14,55.5711,56.3865,55.401,56.3057,3330786
2015-08-17,56.3689,56.7354,56.1387,56.4186,3257274
2015-08-18,56.3224,56.3962,56.0365,56.2145,3636225
2015-08-19,56.1095,57.06,55.7479,56.9278,5997666
2015-08-20,56.61,57.1047,56.2192,56.6023,5073622
2015-08-21,56.1444,57.163,55.9393,56.5585,8180894
2015-08-24,55.0491,55.4378,53.1072,53.4134,10162323
2015-08-25,54.0208,54.6487,51.7223,51.767,7572053
2015-08-26,52.5153,53.0401,52.0012,52.8934,9217239
2015-08-27,53.2531,53.6923,52.8633,53.4687,6459893
2015-08-28,53.527,53.527,52.4638,53.3725,4099131
2015-08-31,52.9672,53.3433,51.8699,52.2821,5884143
2015-09-01,51.8019,51.8243,50.6259,50.9098,5172635
2015-09-02,51.3762,51.4511,50.6328,50.9923,4749336
2015-09-03,51.2722,51.419,50.8941,51.0818,3159216
2015-09-04,50.6522,50.7989,50.1224,50.3265,4459088
2015-09-08,50.7261,51.1469,50.5356,51.1391,3926608
2015-09-09,51.3364,51.4345,50.2109,50.2896,4446608
2015-09-10,50.2848,50.5035,49.761,49.9447,4374926
2015-09-11,49.8708,50.4023,49.5957,50.3878,4132898
2015-09-14,50.4296,50.7707,50.2186,50.3664,2884159
2015-09-15,50.4023,50.7989,49.9077,50.5695,4063862
2015-09-16,50.8136,51.1827,50.5997,51.006,4625641
2015-09-17,51.0458,52.3345,50.8884,51.5434,5736098
2015-09-18,51.0574,51.6552,51.006,51.2071,7226471
2015-09-21,51.0954,51.7426,51.0574,51.6484,3406876
2015-09-22,51.3014,51.6416,50.831,50.9846,4590919
2015-09-23,51.006,51.1391,50.4773,50.9409,2609275
2015-09-24,50.7785,51.9574,50.6172,51.8476,5118975
2015-09-25,51.8398,52.6582,51.5434,52.1354,4479162
2015-09-28,52.0469,52.5367,51.8642,51.9429,4087783
2015-09-29,51.937,52.2743,51.6338,52.1488,3773888
2015-09-30,52.3111,53.1005,52.0887,53.0401,4353432
2015-10-01,53.0801,53.181,51.6114,52.1061,4626318
2015-10-02,52.5863,53.0801,52.0099,53.0577,5591321
2015-10-05,53.3289,54.0452,52.9255,53.8819,4282087
2015-10-06,53.8128,54.1491,53.3366,53.8916,6100338
2015-10-07,53.9333,54.1404,53.5193,53.5815,5557455
2015-10-08,53.3804,53.9858,53.187,53.8226,3179425
2015-10-09,53.772,54.0014,53.1005,53.2762,4165853
2015-10-12,53.2762,54.1715,53.2695,53.6923,3125408
2015-10-13,53.6389,53.8974,53.2695,53.4756,3242897
2015-10-14,53.5008,53.7807,53.2695,53.3366,3019835
2015-10-15,53.5941,54.259,53.3006,54.1773,3130189
2015-10-16,54.4349,54.6875,54.1549,54.259,3492591
2015-10-19,54.1851,54.3989,53.6232,54.2512,2961594
2015-10-20,54.1851,54.6195,54.0519,54.3377,3316445
2015-10-21,54.5311,54.8401,54.2366,54.4591,2750832
2015-10-22,54.5758,55.5107,54.4173,55.3416,3340418
2015-10-23,55.2017,55.4748,54.2657,54.3698,2787181
2015-10-26,54.5155,54.5155,52.7816,53.2695,6954664
2015-10-27,53.2695,53.7283,53.1005,53.3881,4199086
2015-10-28,53.4542,53.7399,52.1488,52.7553,3483509
2015-10-29,52.4901,52.8059,51.8321,52.77,5345560
2015-10-30,52.8136,53.0052,52.5445,52.6952,3958749
2015-11-02,52.6407,53.3006,52.4181,53.221,4508836
2015-11-03,52.976,53.359,52.7174,53.2618,3911723
2015-11-04,53.1373,53.493,52.8633,53.0324,4263964
2015-11-05,52.9372,53.221,52.1217,52.6825,5547378
2015-11-06,51.6047,51.6552,49.4509,49.9601,10056510
2015-11-09,49.8338,50.7785,49.6462,50.1147,7329556
2015-11-10,50.1934,50.5948,50.103,50.2838,4110603
2015-11-11,50.4023,51.0828,50.3051,50.9242,3668460
2015-11-12,50.762,51.3567,50.2158,50.2226,4147446
2015-11-13,50.3432,50.7455,49.7667,49.9251,4685523
2015-11-16,49.9251,50.5656,49.8271,50.555,3727946
2015-11-17,50.4092,50.762,49.0,49.1311,7266440
2015-11-18,49.3634,50.2284,49.1233,50.1545,5167193
2015-11-19,50.3723,51.1488,50.1934,51.1186,5052019
2015-11-20,51.3869,51.8428,51.2314,51.5726,5003332
2015-11-23,51.5376,51.6862,50.5948,50.762,4612103
2015-11-24,50.5715,50.8922,50.2751,50.8116,3348748
2015-11-25,50.7308,50.8718,50.4394,50.5462,2643352
2015-11-27,50.5588,50.9749,50.3723,50.3868,1985629
2015-11-30,50.4636,50.9242,50.415,50.5715,5155268
2015-12-01,50.7882,51.0828,50.2964,50.796,3814338
2015-12-02,50.6619,50.7066,49.2963,49.3566,5766676
2015-12-03,49.2906,49.8065,48.8852,49.4334,5306309
2015-12-04,49.6268,50.0787,49.4849,50.0359,3633621
2015-12-07,49.8572,51.1712,49.8338,51.1265,5798923
2015-12-08,50.9545,51.2004,50.6104,51.0828,4944142
2015-12-09,50.8796,51.8729,50.6784,51.2081,3621699
2015-12-10,51.0895,51.0954,50.2362,50.3256,3982781
2015-12-11,50.1488,50.7368,49.9991,50.6336,6337806
2015-12-14,50.6104,51.1265,50.1934,51.0895,4883698
2015-12-15,51.177,51.8933,50.9476,51.3791,5671908
2015-12-16,51.7154,52.459,51.5803,52.2684,6361122
2015-12-17,52.2986,53.007,52.0216,52.6184,5635063
2015-12-18,52.3054,52.5095,51.3335,51.9467,8222410
2015-12-21,52.2159,52.4405,51.7446,52.1043,2843925
2015-12-22,52.5095,53.1015,51.9915,52.9536,3951107
2015-12-23,53.1015,53.9702,53.0508,53.7371,3668058
2015-12-24,53.7371,54.0267,53.6621,53.7691,1364164
2015-12-28,53.5514,53.9314,53.4377,53.6777,3151022
2015-12-29,53.947,54.2968,53.8662,54.0131,2604144
2015-12-30,54.0131,54.187,53.8274,53.8799,2762910
2015-12-31,53.842,53.9032,52.7991,53.2832,4018795
2016-01-04,52.9372,53.15,52.3627,53.1335,4777101
2016-01-05,53.1266,53.6252,52.3783,53.5135,3626650
2016-01-06,53.0761,53.8712,52.8944,53.6321,3192572
2016-01-07,53.0265,53.5669,52.9128,53.1422,3869148
2016-01-08,53.1335,53.5018,52.9265,53.0207,2944891
2016-01-11,53.1773,53.7769,53.1422,53.6117,3977778
2016-01-12,53.842,53.9314,52.6932,53.1927,3987147
2016-01-13,53.2588,54.0014,53.2103,53.5135,3514000
2016-01-14,53.5367,54.36,53.1062,54.0131,4884007
2016-01-15,53.3493,53.9634,53.007,53.7992,6306169
2016-01-19,54.0898,54.7459,53.8061,54.602,4260265
2016-01-20,54.1656,54.4805,52.7301,53.3065,4813116
2016-01-21,53.5135,53.842,52.5095,53.0596,6031160
2016-01-22,53.426,53.9178,52.9536,53.8722,4235803
2016-01-25,53.8799,53.9537,53.3794,53.5893,3213173
2016-01-26,53.7371,54.6331,53.5437,53.9032,3485245
2016-01-27,53.7371,54.4037,53.4843,54.0452,2796252
2016-01-28,53.8662,55.2007,53.6117,54.8343,3073547
2016-01-29,55.2231,56.2844,55.1793,56.2028,6460988
2016-02-01,56.1133,57.9785,55.9919,57.4662,9012897
2016-02-02,56.7907,57.4234,56.7461,57.2845,6252771
2016-02-03,57.3516,58.754,57.2913,58.6335,6582362
2016-02-04,58.4167,58.9863,58.1262,58.6481,6090727
2016-02-05,58.3439,59.1292,57.7334,58.9931,4718792
2016-02-08,59.1496,59.7833,58.6647,59.0922,7168547
2016-02-09,58.7753,59.5665,58.3945,58.9095,5098165
2016-02-10,58.5392,59.2526,57.6149,58.9212,5481956
2016-02-11,58.6577,59.065,57.9037,57.925,5374046
2016-02-12,58.0475,58.3108,56.953,57.5052,5992664
2016-02-16,57.4712,57.6907,56.9084,57.539,4706907
2016-02-17,57.714,57.7578,56.7713,56.9463,6611987
2016-02-18,56.5993,57.8219,56.3349,57.4789,8657514
2016-02-19,57.2699,57.2699,55.9578,56.2289,8315614
2016-02-22,56.4176,56.7286,56.0084,56.4487,5162373
2016-02-23,56.3039,56.6955,55.987,56.4263,5610688
2016-02-24,56.5595,56.8996,56.0696,56.5312,5130655
2016-02-25,56.6888,57.6636,56.4487,57.6568,4632529
2016-02-26,57.3758,57.5567,55.7761,55.8353,5635237
2016-02-29,55.7838,56.5284,55.6536,56.0268,4666018
2016-03-01,56.3097,56.3592,54.8333,55.3242,8059653
2016-03-02,55.3242,55.7246,54.6681,55.536,16038531
2016-03-03,55.6342,56.1318,55.0141,56.0629,5618631
2016-03-04,55.7985,56.9832,55.5623,56.6955,5073740
2016-03-07,56.5682,57.5187,56.435,57.5119,4600348
2016-03-08,57.5644,58.3108,57.2476,58.2807,6220117
2016-03-09,58.0786,58.7015,57.8502,58.4615,6693730
2016-03-10,58.4615,58.7423,57.9561,58.2729,6036279
2016-03-11,58.7696,58.9406,58.4634,58.649,3856318
2016-03-14,58.8007,58.86,58.236,58.6209,3847927
2016-03-15,58.4547,59.0261,58.4099,58.8668,4391501
2016-03-16,58.9834,59.6452,58.1359,59.548,4535229
2016-03-17,59.6248,60.5064,59.343,60.3314,5357993
2016-03-18,60.5375,60.6425,59.9019,60.0904,8661326
2016-03-21,59.6326,60.3033,59.2467,59.9777,3898738
2016-03-22,59.9019,60.1896,59.4655,59.4966,3795512
2016-03-23,59.4791,60.3469,59.1554,60.1983,3401701
2016-03-24,59.9932,60.4219,59.8339,60.1507,3459688
2016-03-28,60.1507,60.6046,59.8192,59.9475,2314471
2016-03-29,60.1147,60.6861,59.6326,60.6717,3673133
2016-03-30,60.6425,60.7873,60.172,60.6046,2200990
2016-03-31,60.6046,60.8758,60.1983,60.8534,3726115
2016-04-01,60.7027,61.3374,60.5482,61.1935,4183404
2016-04-04,61.2071,61.3801,60.6405,61.1604,2523616
2016-04-05,61.14,61.3878,60.1652,60.2644,3980403
2016-04-06,60.037,60.1652,59.3352,59.8572,4387806
2016-04-07,59.7357,60.3469,59.7357,59.8055,3323697
2016-04-08,60.0613,60.6046,59.9932,60.1652,2590241
2016-04-11,60.2206,60.483,59.9097,59.9184,2556620
2016-04-12,60.1507,60.6327,59.8493,60.5064,2751483
2016-04-13,60.6493,60.6493,59.6832,60.0613,2518940
2016-04-14,60.0457,60.1585,59.6298,59.9271,2396884
2016-04-15,59.931,60.4665,59.8396,60.3392,3342092
2016-04-18,60.2265,60.6425,59.9554,60.6425,2643000
2016-04-19,60.7609,60.8193,59.8192,60.1809,4698056
2016-04-20,60.3314,60.5288,58.9289,58.9834,4293089
2016-04-21,58.9834,59.0505,57.4789,57.58,6585324
2016-04-22,57.8065,58.1679,57.6489,58.0834,3595070
2016-04-25,57.9395,58.2088,57.6489,57.8967,3722065
2016-04-26,58.0543,58.2312,57.7227,58.0397,2791389
2016-04-27,58.2593,59.2672,58.0834,58.8755,3881488
2016-04-28,58.3177,59.1487,58.0902,59.0903,3032112
2016-04-29,58.6888,59.4732,58.2593,59.4188,3614642
2016-05-02,59.4558,60.0613,59.3449,59.5403,3964440
2016-05-03,59.5403,60.0457,59.1078,59.4655,4012965
2016-05-04,59.4558,60.8009,59.3148,60.3538,5558294
2016-05-05,60.1147,60.8961,59.9932,60.4763,4903473
2016-05-06,60.4219,60.4384,59.101,59.8727,5905463
2016-05-09,59.8396,60.6629,59.6909,60.3849,3552007
2016-05-10,60.6493,60.7173,60.2206,60.3849,3258663
2016-05-11,60.5667,60.7173,59.9999,60.7095,3585575
2016-05-12,60.6046,61.3043,60.2721,61.1557,3662351
2016-05-13,61.1557,61.2071,60.5423,60.9195,3463778
2016-05-16,60.7776,61.1012,60.4598,61.0944,3216442
2016-05-17,61.0195,61.0195,59.6326,59.9679,4881494
2016-05-18,59.9047,59.9047,58.1981,58.3585,5390879
2016-05-19,58.0543,58.6948,57.7103,58.6637,3782652
2016-05-20,58.8852,58.8939,58.2816,58.687,3207885
2016-05-23,58.7152,58.823,57.9842,58.0377,3614730
2016-05-24,58.2447,58.7549,58.0989,58.6781,3179911
2016-05-25,58.6471,58.7686,58.1913,58.6471,4741001
2016-05-26,58.6781,59.4538,58.6781,59.4159,2383689
2016-05-27,59.4023,59.5558,59.1437,59.4334,2879001
2016-05-31,59.4538,59.7298,59.2031,59.6248,5464139
2016-06-01,59.6395,60.2343,59.448,60.2255,3827373
2016-06-02,59.9962,60.2187,59.4159,60.1642,3218547
2016-06-03,60.6978,61.3218,60.6832,61.0321,5472418
2016-06-06,61.178,61.3315,60.6453,60.8514,3946448
2016-06-07,61.1557,61.3315,60.8427,60.9642,2568630
2016-06-08,60.8514,61.3617,60.8514,61.3617,2194161
2016-06-09,61.3005,62.0479,61.0701,61.9321,3325433
2016-06-10,61.9088,62.1888,61.4423,61.9177,4228769
2016-06-13,62.1916,62.4968,61.9855,62.1975,3778450
2016-06-14,62.1227,62.8312,61.9633,62.8079,4090693
2016-06-15,62.8156,62.9401,61.9487,62.1392,4236470
2016-06-16,62.421,63.0364,62.2664,62.9002,4455600
2016-06-17,62.9401,63.2521,62.3977,63.2423,7315898
2016-06-20,63.0508,63.183,61.9788,62.4968,4986925
2016-06-21,62.246,62.8856,62.0994,62.4968,2680072
2016-06-22,62.5338,62.6339,62.2908,62.3666,2227454
2016-06-23,62.3909,62.5406,62.0089,62.5338,2076263
2016-06-24,62.214,63.4813,62.0479,62.8234,4852285
2016-06-27,62.7884,64.1424,62.7175,64.0121,5766264
2016-06-28,63.8439,64.0199,63.3502,63.9761,5913244
2016-06-29,64.1879,64.4018,63.7623,64.1355,4854404
2016-06-30,64.2503,65.3824,64.1267,65.3824,7181062
2016-07-01,65.4758,65.6595,64.6069,65.2668,4464602
2016-07-05,65.3824,66.3174,65.2493,66.2543,4916003
2016-07-06,66.2028,66.5439,65.7663,66.4827,4967103
2016-07-07,66.1464,66.3214,64.7371,65.0034,5493109
2016-07-08,64.9063,65.5885,64.1879,65.5554,3686573
2016-07-11,65.1112,65.6391,64.465,65.5554,3475064
2016-07-12,65.1638,65.3553,64.3047,64.3572,4952690
2016-07-13,64.777,64.9442,64.4076,64.8216,4847977
2016-07-14,64.3649,64.7371,64.1735,64.5913,3923868
2016-07-15,64.777,65.0034,64.3649,64.7216,3062908
2016-07-18,64.8799,65.2668,64.7857,64.9733,3890788
2016-07-19,64.9101,65.157,64.6458,65.0734,5281447
2016-07-20,65.0734,65.1112,64.465,64.7216,2788032
2016-07-21,64.4484,65.1638,64.1948,65.087,3097109
2016-07-22,64.9733,65.9783,64.7857,65.9258,2921778
2016-07-25,65.92,66.0861,65.5681,66.0696,2867714
2016-07-26,66.0327,66.1872,65.2084,65.3553,2952200
2016-07-27,65.2395,65.2805,64.1355,64.6535,4921192
2016-07-28,64.6837,65.1112,64.5068,64.9354,2263118
2016-07-29,65.1249,65.537,64.9451,65.2318,4194947
2016-08-01,65.087,65.5467,65.0335,65.2805,3208717
2016-08-02,64.9636,65.3417,64.6389,65.2084,4046163
2016-08-03,65.1112,65.2231,64.5544,64.8965,4036666
2016-08-04,64.7857,65.1638,64.6331,64.9636,3085654
2016-08-05,64.7857,64.7857,64.0587,64.1948,4623505
2016-08-08,64.2716,64.8732,63.9071,64.5826,5218768
2016-08-09,64.5232,64.8051,64.2968,64.5767,4192473
2016-08-10,64.6972,65.088,64.119,64.5097,3543826
2016-08-11,64.6117,64.6496,64.257,64.603,3547236
2016-08-12,64.7837,64.9053,64.2512,64.2804,3422079
2016-08-15,64.3736,64.5195,62.8322,62.8711,5217997
2016-08-16,62.7554,62.8088,61.9088,61.941,6038232
2016-08-17,61.941,62.9945,60.9429,62.8934,7599283
2016-08-18,62.7943,63.7321,62.7652,63.7321,5144133
2016-08-19,63.4813,63.566,62.5396,62.8661,3418398
2016-08-22,63.0411,63.3074,62.7398,63.0479,2453107
2016-08-23,63.15,63.4046,62.6961,62.7097,2856537
2016-08-24,62.6563,62.9429,62.2082,62.7943,2660723
2016-08-25,62.8711,63.1888,62.7097,62.9265,2413649
2016-08-26,62.9352,63.2646,61.4549,61.5308,3118000
2016-08-29,61.6795,62.0643,61.6475,61.9321,2498199
2016-08-30,61.901,62.2013,61.1313,61.2246,4024077
2016-08-31,61.2246,61.4015,60.9923,61.3335,4605887
2016-09-01,61.3335,61.4394,60.9243,61.0779,3154295
2016-09-02,61.0779,61.8028,60.9923,61.7806,3594653
2016-09-06,62.0158,62.5396,61.7806,62.319,3605462
2016-09-07,62.564,62.564,61.8836,62.0099,2934872
2016-09-08,61.9321,62.3706,61.7991,62.2179,2657934
2016-09-09,61.6251,61.766,59.9922,60.0176,4320831
2016-09-12,60.1371,61.2557,59.9768,61.0391,4568816
2016-09-13,61.0691,61.178,60.3917,60.6619,4678857
2016-09-14,61.4015,61.4015,60.346,60.5705,3286734
2016-09-15,60.2537,60.9553,60.2537,60.8708,3271112
2016-09-16,60.4695,61.3471,60.4014,61.2946,6569124
2016-09-19,61.418,61.9935,61.3237,61.9487,4103821
2016-09-20,61.9865,62.2413,61.7233,61.7233,3116808
2016-09-21,61.73,63.08,61.7233,63.0558,3543013
2016-09-22,63.2258,63.6155,62.9469,63.5251,3516384
2016-09-23,63.3493,63.7418,63.1335,63.5329,3050721
2016-09-26,63.4562,63.6476,63.0256,63.2491,3530327
2016-09-27,63.5251,63.7574,62.5863,62.6961,2946120
2016-09-28,62.9265,62.9265,61.9321,62.4395,2595718
2016-09-29,62.2257,62.2257,61.3471,61.833,3763581
2016-09-30,62.0712,62.319,61.2178,61.6251,5043411
2016-10-03,61.4259,61.4705,60.4616,60.8922,3845199
2016-10-04,60.8991,61.2004,59.3693,59.6395,4535419
2016-10-05,59.7307,60.3382,59.2293,59.3527,4979917
2016-10-06,59.3226,59.9815,58.9299,59.3527,6672010
2016-10-07,59.7687,60.2158,58.9125,58.9523,5894084
2016-10-10,59.1894,59.5782,58.9299,59.3294,3093177
2016-10-11,59.1302,59.1467,58.3672,58.4459,4519202
2016-10-12,58.5392,59.139,58.5149,59.0135,4003475
2016-10-13,58.9523,60.416,58.9523,60.0079,4901154
2016-10-14,59.8075,60.0379,59.4217,59.4461,3195748
2016-10-17,59.5141,59.9077,59.4655,59.7006,2317788
2016-10-18,59.9855,60.244,59.2467,59.9768,3223095
2016-10-19,59.9768,60.2692,59.6666,60.1535,3308577
2016-10-20,60.2313,60.8922,60.0311,60.3791,3641909
2016-10-21,60.069,60.2537,59.7103,60.069,2770572
2016-10-24,60.2945,60.5229,59.9077,60.3616,3725140
2016-10-25,60.2614,60.6842,60.1702,60.5094,4759624
2016-10-26,60.5015,60.7707,60.1448,60.6473,2877081
2016-10-27,60.3917,60.6211,60.0079,60.3791,2574989
2016-10-28,60.4918,60.8922,60.2692,60.6104,2089530
2016-10-31,60.794,61.9711,60.6697,61.6076,4576914
2016-11-01,61.6251,61.6289,60.3168,60.4918,3876943
2016-11-02,60.3382,60.416,59.2312,60.0525,4207657
2016-11-03,59.9241,60.3305,59.5908,60.0379,3188969
2016-11-04,60.4393,60.9623,59.4217,59.4927,3699571
2016-11-07,59.9077,60.9243,59.207,60.9243,4290234
2016-11-08,61.0691,61.5862,60.8213,61.3237,2913571
2016-11-09,60.8213,60.8213,59.3994,59.5451,6179660
2016-11-10,59.2759,59.2759,56.7354,57.8667,7799503
2016-11-11,57.8288,58.4964,57.5507,57.9269,4863980
2016-11-14,57.8152,57.8219,56.6508,57.3117,7666418
2016-11-15,57.713,58.7987,57.6362,58.4605,5768801
2016-11-16,58.6199,58.8454,57.3817,57.5994,6227486
2016-11-17,57.5926,58.0066,57.4303,57.5216,5727624
2016-11-18,57.6305,57.786,57.1095,57.3098,5715344
2016-11-21,57.614,58.0115,57.4517,57.958,4114772
2016-11-22,57.716,57.89,57.0542,57.5303,4610685
2016-11-23,57.0959,57.856,57.025,57.2651,3785293
2016-11-25,57.4303,58.1757,57.4137,57.8967,2532716
2016-11-28,58.1359,59.2905,58.1048,59.2429,5178339
2016-11-29,59.0164,59.7036,58.8949,59.4693,4832540
2016-11-30,58.613,58.6821,57.4438,57.4438,7169850
2016-12-01,57.234,57.2893,56.434,56.6508,5553854
2016-12-02,57.0774,57.7617,56.7976,57.1718,4821098
2016-12-05,56.953,57.3185,56.3301,57.3185,4570405
2016-12-06,57.4915,57.7938,57.3098,57.5149,4032449
2016-12-07,57.6071,58.2205,57.5303,58.1437,4328652
2016-12-08,57.7093,58.3478,57.234,58.1923,4349068
2016-12-09,58.1524,59.0562,58.098,59.0408,4104473
2016-12-12,58.9076,59.6415,58.8541,59.5558,5089722
2016-12-13,59.7036,60.31,59.585,60.209,5033518
2016-12-14,60.4257,60.693,58.6744,58.8163,6107546
2016-12-15,58.6684,59.2643,58.3633,59.2031,4016389
2016-12-16,59.3352,59.8055,59.0087,59.6415,9038232
2016-12-19,60.036,60.1448,59.4693,60.0603,3563665
2016-12-20,59.7327,60.4131,59.6618,60.2323,3389249
2016-12-21,60.1371,60.4733,59.9437,59.9601,2585401
2016-12-22,59.9281,60.7776,59.8883,60.5588,4287969
2016-12-23,60.5588,60.6065,60.1535,60.4422,1825383
2016-12-27,60.3392,60.5278,60.0603,60.3324,1996251
2016-12-28,60.38,60.4422,59.8824,59.9835,2402352
2016-12-29,60.0447,60.8708,59.9601,60.7532,3821780
2016-12-30,60.7776,60.9252,60.2323,60.4422,3166279
2017-01-03,60.4646,60.7532,59.9738,60.5278,3731754
2017-01-04,60.4646,61.0117,60.45,60.4646,3250372
2017-01-05,60.66,60.7066,59.9932,60.5423,4218154
2017-01-06,60.3479,60.6366,60.1624,60.3392,4022589
2017-01-09,60.4344,60.5278,59.4927,59.6783,5888947
2017-01-10,59.5617,59.8269,59.2905,59.5694,3647134
2017-01-11,59.3984,60.1157,59.3741,60.036,3501027
2017-01-12,59.9348,60.4344,59.7804,60.38,3180061
2017-01-13,60.2245,60.3324,59.7814,60.1235,2509633
2017-01-17,60.3247,60.6065,60.1624,60.3188,4822185
2017-01-18,60.2547,60.6677,60.1809,60.3479,2871109
2017-01-19,60.1702,60.4034,59.8679,60.0516,3307040
2017-01-20,60.209,60.4112,59.9204,60.2167,3419629
2017-01-23,60.2955,60.4879,59.8756,59.9835,2782581
2017-01-24,60.1157,60.2167,59.8493,60.1001,3532566
2017-01-25,59.9037,60.0516,59.6171,60.0233,3013862
2017-01-26,59.9524,60.1371,59.6822,60.0516,3962300
2017-01-27,60.209,60.45,59.7464,59.9125,3290194
2017-01-30,59.9437,60.3645,59.725,60.0516,3054194
2017-01-31,60.0516,61.1731,60.0516,61.1595,4820202
2017-02-01,60.8484,60.9437,60.0233,60.2382,4436904
2017-02-02,60.4034,60.6921,60.0837,60.5754,3849239
2017-02-03,60.6532,60.7698,60.3324,60.4646,3182349
2017-02-06,60.6532,60.7669,60.31,60.4034,2590204
2017-02-07,60.4646,60.6269,60.2789,60.5423,2093159
2017-02-08,60.5977,61.2916,60.5365,61.2353,3818680
2017-02-09,61.1517,61.3888,60.4034,60.5423,4303927
2017-02-10,60.4199,60.8651,60.4199,60.8145,3274689
2017-02-13,60.9437,61.2752,60.66,61.2752,3757427
2017-02-14,61.1731,61.2674,60.4199,60.7698,4769908
2017-02-15,60.4588,60.7562,60.0554,60.451,4829192
2017-02-16,60.7562,62.3637,60.4422,62.1198,8629018
2017-02-17,61.9624,62.1897,61.3938,61.6951,5213345
2017-02-21,61.6465,62.3706,61.3568,62.2674,3473799
2017-02-22,62.3637,62.977,62.1675,62.8837,3677046
2017-02-23,62.9702,63.8275,62.907,63.703,3557938
2017-02-24,63.9285,64.7254,63.9071,64.5292,4885901
2017-02-27,64.5028,64.7167,64.1685,64.4514,3182765
2017-02-28,64.2376,65.2037,64.2376,64.9927,4483421
2017-03-01,64.2453,64.9636,63.9285,64.5028,6137270
2017-03-02,64.2453,65.1793,64.08,64.844,5304253
2017-03-03,64.6681,64.6856,63.9936,64.4874,3627740
2017-03-06,64.5292,64.6254,64.1889,64.4591,3537452
2017-03-07,64.2376,64.6157,64.1355,64.3154,4739853
2017-03-08,63.8585,63.8672,63.183,63.2385,4244904
2017-03-09,63.3958,63.6077,63.0013,63.0256,3904926
2017-03-10,63.3103,63.7311,63.1179,63.4901,3991839
2017-03-13,63.6155,63.7525,63.3434,63.671,4293870
2017-03-14,63.6535,63.8585,63.4659,63.671,2732298
2017-03-15,63.8342,64.844,63.6456,64.5593,4734664
2017-03-16,64.7167,64.8198,63.9615,64.261,5527942
2017-03-17,64.4437,64.7565,64.1802,64.434,9241983
2017-03-20,64.5028,64.6389,63.6583,63.914,4154588
2017-03-21,63.8906,65.3563,63.8672,65.0958,6468149
2017-03-22,65.3417,65.813,65.017,65.158,3660142
2017-03-23,64.947,65.5748,64.8343,65.0958,3061008
2017-03-24,65.0394,65.5632,64.914,65.3417,2640373
2017-03-27,65.5972,65.8052,64.8809,65.1833,2700017
2017-03-28,64.9869,65.332,64.8343,65.2902,3122275
2017-03-29,65.1443,65.1443,64.7109,64.8897,2651517
2017-03-30,64.6468,64.6545,64.293,64.5903,3133860
2017-03-31,64.4874,64.9335,64.3455,64.566,2860100
2017-04-03,64.4815,64.7916,63.9858,64.7565,3500759
2017-04-04,64.7478,65.1035,64.5476,64.8528,2237209
2017-04-05,64.773,65.3232,64.6468,65.2455,2621502
2017-04-06,65.0802,65.2455,64.8528,65.0238,3174368
2017-04-07,65.191,65.3417,64.7254,64.7633,3115822
2017-04-10,64.7944,64.9072,64.4437,64.8742,3256538
2017-04-11,64.811,64.8742,64.3882,64.7109,2383530
2017-04-12,64.5292,65.2211,64.3706,65.1745,2833426
2017-04-13,65.158,65.2698,64.6623,65.0238,3080209
2017-04-17,65.1112,65.3572,64.9869,65.2902,2599514
2017-04-18,65.2698,65.5544,65.0734,65.2367,2867182
2017-04-19,65.2211,65.2785,64.5767,64.8343,2708734
2017-04-20,64.6856,64.6856,64.1024,64.5826,2960443
2017-04-21,64.6389,65.1112,64.5826,64.7254,3138597
2017-04-24,64.8809,65.1035,64.2754,65.017,3354832
2017-04-25,64.8809,65.1249,64.6506,65.1035,3721851
2017-04-26,65.0102,65.5721,64.9072,65.0326,2910864
2017-04-27,65.0958,65.6235,65.0326,65.2698,2205890
2017-04-28,65.1182,65.2698,64.7595,64.9539,2751862
2017-05-01,64.9597,65.0521,64.4437,64.6157,2629034
2017-05-02,64.741,65.017,64.4854,64.8693,3014959
2017-05-03,64.7819,64.9927,64.4874,64.5903,2703960
2017-05-04,64.5028,65.0802,64.4591,65.0238,2680516
2017-05-05,65.1035,65.467,65.1035,65.332,2723763
2017-05-08,65.365,65.4719,64.8528,65.2842,2768510
2017-05-09,64.9772,65.3232,64.6254,64.6468,3146351
2017-05-10,64.773,65.1075,64.566,64.9392,2721889
2017-05-11,64.6768,65.365,64.6059,65.3494,3013922
2017-05-12,65.4272,65.8742,65.365,65.7275,2557448
2017-05-15,65.779,65.9666,65.5544,65.8052,2546877
2017-05-16,65.8052,65.9773,65.4194,65.4418,3320509
2017-05-17,65.4719,66.2125,65.4719,65.851,5461594
2017-05-18,66.1065,66.5516,65.6206,66.2242,4742036
2017-05-19,66.3116,66.3689,65.8052,66.3194,3902768
2017-05-22,66.2416,67.0911,66.1785,66.9036,2782143
2017-05-23,66.9268,67.4419,66.8365,67.0599,2198985
2017-05-24,67.197,67.5236,67.1309,67.371,3735948
2017-05-25,67.4662,67.8171,67.3089,67.7287,3522947
2017-05-26,67.7695,67.8978,67.5791,67.6753,2544301
2017-05-30,67.7762,68.0465,67.5256,67.9425,3144692
2017-05-31,68.031,68.4216,67.9348,68.1573,4087576
2017-06-01,67.9989,68.7288,67.8093,68.7288,3970735
2017-06-02,69.0417,69.0505,68.3498,68.6354,2658132
2017-06-05,68.612,68.652,68.166,68.2768,2872238
2017-06-06,68.4838,68.5392,68.1446,68.2603,2598087
2017-06-07,68.2603,68.6033,68.0786,68.4838,3802820
2017-06-08,68.3973,68.4293,67.4186,67.9191,3218379
2017-06-09,67.6976,68.2156,67.5498,68.1903,2846433
2017-06-12,68.1971,68.5626,67.682,68.1106,4139123
2017-06-13,68.0387,68.4488,67.9512,68.374,3043815
2017-06-14,68.7637,69.0806,68.4838,68.6675,3058273
2017-06-15,68.582,69.1748,68.477,69.1691,3102624
2017-06-16,69.3032,69.5996,69.138,69.3197,6281492
2017-06-19,69.4558,69.4558,68.826,69.1204,2979860
2017-06-20,69.0806,69.2487,68.9465,69.138,3042649
2017-06-21,69.1534,69.3197,68.5101,68.8688,2181269
2017-06-22,68.7288,68.998,68.5898,68.6354,2648549
2017-06-23,68.5898,68.8852,68.304,68.3828,1939696
2017-06-26,68.6754,69.2487,68.4042,68.9697,3563193
2017-06-27,68.7005,68.8434,67.9765,68.1728,3022673
2017-06-28,68.4372,68.477,67.507,67.5955,3998421
2017-06-29,67.4051,67.4051,66.6381,66.8452,4851011
2017-06-30,66.9414,67.1552,66.4954,66.4954,4534994
2017-07-03,66.646,66.6907,66.1531,66.2737,2144437
2017-07-05,66.2824,66.4156,65.8052,66.2582,4437278
2017-07-06,66.1065,66.265,65.8412,66.194,3522036
2017-07-07,66.2028,66.6187,66.0948,66.3622,3103237
2017-07-10,66.4865,66.6741,66.1531,66.1785,2304727
2017-07-11,66.3194,66.3767,65.8665,66.1698,3215624
2017-07-12,66.6858,67.0357,66.5926,66.8074,3703846
2017-07-13,66.6781,66.8074,66.3048,66.3194,2734618
2017-07-14,66.7022,66.9268,66.5663,66.6945,1731342
2017-07-17,66.6945,66.9036,66.5041,66.8452,2003909
2017-07-18,66.8772,67.0435,66.7646,66.9734,2078571
2017-07-19,67.0357,67.163,66.7897,67.1008,2244957
2017-07-20,67.3,67.5781,67.0133,67.5614,2476630
2017-07-21,67.5294,67.8006,67.1251,67.7762,3135619
2017-07-24,67.8093,67.8395,67.0823,67.2583,3183035
2017-07-25,67.2758,67.3457,66.5712,66.6731,2422277
2017-07-26,66.5663,67.1883,66.5041,67.1805,2140228
2017-07-27,66.9813,67.6567,66.8559,67.6567,2740098
2017-07-28,67.6256,67.7967,67.2835,67.544,2627024
2017-07-31,67.5372,67.8793,67.3457,67.7121,3069743
2017-08-01,67.7354,68.031,67.6596,67.753,3551287
2017-08-02,67.6256,68.2068,67.338,68.2068,2679242
2017-08-03,68.4129,68.826,68.0232,68.8162,3664799
2017-08-04,68.7083,68.8755,68.3905,68.7967,3237198
2017-08-07,68.7803,68.8512,68.4129,68.619,2547300
2017-08-08,68.4926,68.8969,68.4216,68.8892,2571665
2017-08-09,69.0165,69.1292,68.4216,68.5723,2659186
2017-08-10,68.5723,68.8892,68.2253,68.7219,2690832
2017-08-11,68.788,68.788,67.7441,68.1728,3163842
2017-08-14,68.269,68.6277,68.1272,68.5101,3109495
2017-08-15,68.341,69.1826,68.3244,69.1204,2357998
2017-08-16,69.0961,69.4188,68.8872,69.3702,2244791
2017-08-17,69.3702,69.4839,68.962,69.0155,2494901
2017-08-18,68.9193,69.7891,68.8055,69.4256,3550716
2017-08-21,69.5218,69.6686,69.2497,69.5869,2601354
2017-08-22,69.5869,69.6939,69.2089,69.5637,2139779
2017-08-23,69.5791,69.9116,69.2342,69.8279,2403644
2017-08-24,69.7143,70.0213,69.5791,69.7396,2469623
2017-08-25,70.2391,70.3635,69.9,70.1088,2126184
2017-08-28,70.2226,70.3266,69.9,70.2634,1474838
2017-08-29,70.3665,70.6881,70.1886,70.3266,2274865
2017-08-30,70.1846,70.3907,69.9806,70.1497,1773884
2017-08-31,70.2314,70.3489,70.1011,70.1662,2722710
2017-09-01,70.311,70.3665,69.7065,69.9952,1697115
2017-09-05,70.0865,70.3489,69.7561,70.2537,2482312
2017-09-06,70.3421,70.4218,69.7697,69.9154,2354461
2017-09-07,69.9952,70.3752,69.8192,70.1963,2418282
2017-09-08,70.2226,70.7523,70.0934,70.554,2411608
2017-09-11,70.4374,71.0488,70.3023,71.0021,2083629
2017-09-12,70.97,71.0021,69.6967,70.1497,3609581
2017-09-13,70.1011,70.1166,69.6512,69.7396,3165000
2017-09-14,69.7143,70.3907,69.548,70.3266,3428909
2017-09-15,70.3266,70.554,69.7814,70.1662,7986856
2017-09-18,70.1662,70.1662,68.7423,69.1701,3565850
2017-09-19,69.1701,69.3381,69.0232,69.103,2431070
2017-09-20,69.2895,69.3226,68.2049,68.479,3710999
2017-09-21,68.4945,68.8444,68.3186,68.445,3055218
2017-09-22,68.6063,68.6374,67.6879,67.7141,2238538
2017-09-25,67.7141,68.4303,67.7063,68.4303,2634343
2017-09-26,68.3498,68.444,68.0688,68.1709,1954157
2017-09-27,67.8356,67.9969,67.128,67.4652,2727944
2017-09-28,67.2311,67.9163,67.0298,67.7209,2943472
2017-09-29,67.6188,67.6917,67.1932,67.4488,2966794
2017-10-02,67.5694,68.0125,67.335,67.8035,3236330
2017-10-03,67.6762,67.6995,67.128,67.3954,2397057
2017-10-04,67.4322,67.9007,67.2339,67.892,3842960
2017-10-05,67.9629,68.0931,67.6266,67.7461,2563458
2017-10-06,67.5226,68.1087,67.3526,68.029,3414723
2017-10-09,68.1155,68.5188,68.0688,68.1709,3385225
2017-10-10,68.3186,69.0203,68.1563,68.9523,1982106
2017-10-11,68.962,69.6686,68.929,69.4334,2781898
2017-10-12,69.4839,69.9806,69.4421,69.9,2873666
2017-10-13,70.069,70.4072,69.7191,69.7561,2579370
2017-10-16,69.6851,70.0447,69.4597,70.0301,2150865
2017-10-17,69.9154,70.4004,69.7494,70.3353,2930756
2017-10-18,70.1963,70.2935,69.5316,69.9562,1904318
2017-10-19,69.9418,70.6327,69.933,70.6084,1902373
2017-10-20,70.5103,70.7776,70.3421,70.6726,2530216
2017-10-23,70.6958,70.7279,69.8279,70.3576,3246875
2017-10-24,70.4821,70.7776,70.1963,70.7212,2717677
2017-10-25,70.4141,70.6958,69.6939,70.5278,2822378
2017-10-26,70.8232,71.1711,70.2031,70.2128,3369737
2017-10-27,70.1088,71.145,70.0213,70.6881,2562784
2017-10-30,70.5686,70.8883,70.4685,70.8164,2814692
2017-10-31,70.7279,71.2431,70.5686,70.9767,3317937
2017-11-01,71.1789,71.1789,70.3752,70.6163,2519010
2017-11-02,70.7279,71.3102,70.4646,71.1789,4377454
2017-11-03,70.9554,71.9351,70.8572,71.145,2992495
2017-11-06,71.0185,71.3073,70.5443,70.625,3181588
2017-11-07,70.794,71.8777,70.4141,71.8224,2880249
2017-11-08,71.6552,72.079,71.2683,71.7183,3804282
2017-11-09,71.5814,72.1245,71.4598,72.039,2614828
2017-11-10,71.6114,71.7601,71.2519,71.4433,2757964
2017-11-13,71.5814,72.5144,71.5162,72.2403,3268054
2017-11-14,72.079,73.252,72.0236,73.2122,3375051
2017-11-15,73.4454,73.7837,72.6718,72.802,4110969
2017-11-16,72.8516,72.979,72.146,72.4104,3948659
2017-11-17,72.1285,72.4687,71.7942,71.8516,3268046
2017-11-20,71.9341,72.2344,71.6883,71.9652,3152863
2017-11-21,72.0479,72.4035,71.9652,72.0867,3039136
2017-11-22,72.0323,72.1509,71.6659,71.9438,2036488
2017-11-24,72.0944,72.3083,71.9497,72.0634,1153548
2017-11-27,72.1528,72.2568,71.7621,72.146,3855183
2017-11-28,72.3083,72.5659,71.9828,72.2267,3712782
2017-11-29,72.0547,72.527,71.6834,72.2432,3587003
2017-11-30,72.3646,72.5727,72.0283,72.388,5056506
2017-12-01,72.559,72.8273,71.5842,72.0236,3804879
2017-12-04,72.2995,72.5902,71.7776,71.9341,3144317
2017-12-05,72.0052,72.04,70.9827,71.3977,4017551
2017-12-06,71.6163,71.8369,71.3325,71.6795,2427099
2017-12-07,71.6338,71.6512,71.0565,71.3509,2890190
2017-12-08,71.0799,71.5269,71.0799,71.4705,3327535
2017-12-11,71.2761,71.7484,71.0652,71.732,2764808
2017-12-12,71.4637,71.6163,70.6764,70.7241,3423905
2017-12-13,70.968,71.5842,70.7386,71.0729,4844025
2017-12-14,71.0419,71.2995,70.3917,71.0729,2999886
2017-12-15,71.1965,71.5609,71.0652,71.2995,7839323
2017-12-18,71.4306,71.5532,70.1263,70.2459,3900403
2017-12-19,70.3421,70.4014,68.9406,69.0038,3246212
2017-12-20,68.9951,69.3197,68.5305,68.5829,2477781
2017-12-21,68.5499,68.8037,67.9814,68.4275,3654451
2017-12-22,68.5101,68.687,68.1573,68.3216,2074520
2017-12-26,68.3944,68.4916,67.8259,67.859,1506794
2017-12-27,67.892,68.2633,67.892,68.167,2049622
2017-12-28,68.2476,68.3915,68.0708,68.1738,2346233
2017-12-29,68.4109,68.6548,68.1621,68.273,2723307
2018-01-02,68.4109,68.5228,67.2912,67.5587,3897655
2018-01-03,67.4196,68.0135,67.2418,67.3457,3314250
2018-01-04,67.2252,67.5587,66.6809,66.8218,3043726
2018-01-05,66.9744,67.1679,66.0317,66.5118,4714943
2018-01-08,66.5439,66.8121,66.3331,66.7227,4385502
2018-01-09,66.5847,66.5847,65.7149,65.9423,3426484
2018-01-10,65.5711,65.6818,64.8742,65.0257,3973322
2018-01-11,64.5409,65.0501,64.1248,64.3522,5035260
2018-01-12,64.1248,64.6185,63.7594,64.0442,3944200
2018-01-16,64.1977,64.3435,63.4843,63.6535,5378221
2018-01-17,63.6058,63.8828,63.0042,63.6456,5075039
2018-01-18,63.8313,63.8313,62.5406,62.7777,5861049
2018-01-19,62.8846,63.1665,62.2082,62.3539,5580936
2018-01-22,62.63,63.0284,62.3793,62.4609,4582974
2018-01-23,63.1102,63.6777,62.6961,63.0781,4969678
2018-01-24,63.0702,63.0975,62.6718,62.6961,4436300
2018-01-25,62.6893,64.3047,62.664,64.0442,5964889
2018-01-26,64.0685,64.1578,63.3609,63.9868,4859558
2018-01-29,63.7594,63.7749,62.6388,62.737,6038291
2018-01-30,62.5843,63.2394,62.4774,63.0372,4889121
2018-01-31,63.1344,63.7837,62.7029,63.7196,4930141
2018-02-01,63.5738,63.84,62.2344,62.3706,5323121
2018-02-02,62.3539,63.0936,62.041,62.1207,5229112
2018-02-05,62.2179,62.9799,61.4696,61.5346,7140793
2018-02-06,61.0001,61.0808,59.1972,60.4636,9622638
2018-02-07,60.4403,61.3344,60.2138,60.3907,5955672
2018-02-08,60.138,61.5765,59.9037,60.3256,7561082
2018-02-09,60.3256,62.2734,59.9534,61.7728,7775938
2018-02-12,61.7854,62.7029,61.4152,62.3462,5387494
2018-02-13,62.1295,62.7457,61.5444,62.5668,4691204
2018-02-14,62.1936,62.2257,61.2441,61.2674,5609179
2018-02-15,61.4161,62.5979,61.3257,62.5902,4763808
2018-02-16,62.4852,63.1577,62.2383,63.0003,4622152
2018-02-20,62.5979,62.9352,61.4569,62.1712,4890419
2018-02-21,62.08,62.835,61.8515,61.8768,5165118
2018-02-22,61.9982,62.63,61.7456,62.0489,3778835
2018-02-23,61.9749,63.494,61.9167,63.4289,3456159
2018-02-26,64.9811,65.4068,63.7807,64.0033,6394358
2018-02-27,63.9722,64.3065,62.6971,62.6971,4977603
2018-02-28,62.4404,62.8866,61.8593,61.8826,4043932
2018-03-01,61.8903,63.0995,61.7358,62.0663,3907685
2018-03-02,61.9828,62.6718,61.2616,61.8903,4420963
2018-03-05,61.7834,63.7992,61.4987,63.6496,4675747
2018-03-06,63.4357,63.5678,62.1227,62.3102,4450233
2018-03-07,61.9419,62.179,61.5434,61.8078,12097647
2018-03-08,62.041,62.4502,61.8001,62.4182,5763300
2018-03-09,62.3432,62.5483,62.0323,62.5329,4711595
2018-03-12,62.5241,63.0256,62.4706,62.8788,4360588
2018-03-13,63.1646,63.5193,62.5843,62.8118,7749049
2018-03-14,63.009,63.5193,62.7953,63.2462,4612745
2018-03-15,63.1403,63.7632,62.664,63.0334,5623371
2018-03-16,63.1646,63.8449,63.0294,63.7311,8116830
2018-03-19,63.9042,63.9625,63.0052,63.2802,6700148
2018-03-20,63.2637,63.5494,62.6971,62.7797,4734033
2018-03-21,62.7797,63.4289,62.2938,62.5756,4932308
2018-03-22,62.7039,63.6817,62.493,62.5843,4510376
2018-03-23,62.8526,63.182,61.6289,61.7456,3692989
2018-03-26,61.8515,62.4852,61.7951,62.3599,3416070
2018-03-27,62.4182,63.8148,62.2383,63.3278,5282378
2018-03-28,63.5125,63.8721,62.8866,63.5922,5531044
2018-03-29,63.321,63.9955,63.2802,63.6321,4824064
2018-04-02,63.6991,64.1093,62.8934,63.3278,4554532
2018-04-03,63.2462,63.772,62.9847,63.461,3617535
2018-04-04,63.3697,63.9955,63.009,63.8293,4221630
2018-04-05,63.8148,64.7167,63.0488,64.5603,4789642
2018-04-06,64.5534,64.8061,64.118,64.2006,4153753
2018-04-09,64.1832,64.9315,64.1005,64.4562,4693313
2018-04-10,64.4562,64.5302,63.4513,63.6758,5466350
2018-04-11,63.5339,63.8906,63.0752,63.3163,2954540
2018-04-12,63.321,63.5631,62.3938,62.5396,2884161
2018-04-13,62.6485,63.2394,62.6388,62.977,4861532
2018-04-16,63.0995,64.1355,63.0829,64.0354,2925410
2018-04-17,64.0773,64.6847,63.8983,64.4786,2103542
2018-04-18,64.601,65.2348,64.291,64.3007,2504338
2018-04-19,64.2006,64.568,63.945,64.4951,2950184
2018-04-20,64.5855,64.6603,63.6777,63.8089,3365037
2018-04-23,63.9722,64.257,63.7166,64.0596,2645159
2018-04-24,64.2493,64.6759,63.8789,64.2493,5202154
2018-04-25,64.2006,64.8061,63.9197,64.7984,3995716
2018-04-26,64.7847,65.6488,64.5028,65.5788,3421014
2018-04-27,65.3805,66.3271,65.2979,66.1221,3165987
2018-04-30,66.2368,66.4089,65.7605,65.8432,3236112
2018-05-01,65.8432,65.9579,65.3981,65.5721,2950078
2018-05-02,65.5788,66.0162,65.3601,65.6934,3148541
2018-05-03,65.505,65.7829,64.742,65.5137,4288512
2018-05-04,65.5224,66.0492,65.367,65.6119,4691866
2018-05-07,65.6041,65.8189,65.2532,65.2979,3532302
2018-05-08,65.1453,65.2084,63.7632,63.9722,5275673
2018-05-09,63.912,64.0276,63.149,63.772,4691430
2018-05-10,64.7254,65.2842,63.6894,64.2006,5606650
2018-05-11,64.2405,64.396,63.6817,63.9955,5151052
2018-05-14,64.1258,64.2473,63.5368,63.9275,4836255
2018-05-15,63.5339,63.7895,62.8934,63.1888,4734741
2018-05-16,63.1888,63.3074,62.0139,62.4502,6675724
2018-05-17,62.3753,62.5678,61.4287,61.627,4180834
2018-05-18,61.7271,61.9614,60.7814,61.3393,4477118
2018-05-21,61.488,61.5493,60.9632,61.2372,3972629
2018-05-22,61.0311,61.7572,61.004,61.5618,3558167
2018-05-23,61.7786,62.3753,61.662,62.2266,3490610
2018-05-24,62.2266,62.9983,62.0362,62.9489,5008500
2018-05-25,62.9489,63.182,62.8156,63.0071,2722393
2018-05-29,62.9663,64.0296,62.7408,63.6651,5376622
2018-05-30,63.3911,64.154,63.1987,63.98,3153310
2018-05-31,63.945,64.4698,63.5475,64.1297,4316761
2018-06-01,64.0957,64.1219,62.7759,63.2325,4094653
2018-06-04,63.4386,63.5815,62.6154,62.6416,3891758
2018-06-05,62.7,62.7573,61.9847,62.1265,3004689
2018-06-06,62.0994,62.2189,60.6726,60.7873,4751966
2018-06-07,60.7873,61.731,60.5307,61.0691,3958223
2018-06-08,61.1206,61.3033,60.5647,60.7717,3932658
2018-06-11,60.6891,60.8708,59.8065,59.9407,5922578
2018-06-12,59.9495,60.5453,59.8251,60.2382,5648075
2018-06-13,60.2906,60.5725,59.8483,60.0486,6759816
2018-06-14,60.2557,61.2325,60.1468,61.0545,6112073
2018-06-15,60.9126,61.8311,60.7552,61.7534,7812267
2018-06-18,61.7358,62.0439,61.5356,61.8457,3889934
2018-06-19,62.1091,63.0411,61.9945,62.8915,4860188
2018-06-20,63.4065,63.6651,62.975,63.322,4404816
2018-06-21,63.322,64.1452,63.2238,63.9197,5051813
2018-06-22,63.912,64.5534,63.7983,64.3542,3947857
2018-06-25,64.4106,65.8004,64.3882,65.7275,5737012
2018-06-26,65.6449,66.0958,65.3688,65.4826,5296995
2018-06-27,65.4592,66.2485,65.2435,66.091,4786811
2018-06-28,66.2824,66.614,65.7431,65.849,3199763
2018-06-29,65.7081,66.1065,65.2532,65.7275,4072770
2018-07-02,65.8343,66.3739,65.5758,66.2912,3092219
2018-07-03,66.2912,66.8432,66.0297,66.3321,3090503
2018-07-05,66.4574,67.0065,66.1629,66.9988,4770213
2018-07-06,66.9716,67.9036,66.8986,67.8366,3565133
2018-07-09,67.8112,67.8112,65.1346,65.3611,5421268
2018-07-10,65.1783,66.437,64.7449,66.091,4527823
2018-07-11,66.2485,66.9667,66.2319,66.8064,4717654
2018-07-12,66.8325,67.024,66.573,66.9074,4398188
2018-07-13,67.0454,67.2621,66.472,67.0065,4050151
2018-07-16,67.0629,67.3059,66.5546,67.1367,5019090
2018-07-17,67.2709,67.3224,66.9375,67.0298,2732948
2018-07-18,67.1057,67.1057,66.4049,66.853,3733930
2018-07-19,67.0133,67.9395,66.9142,67.4876,3620874
2018-07-20,67.371,67.5965,66.4895,67.0298,3626721
2018-07-23,67.5129,67.5129,66.2154,66.4633,3423001
2018-07-24,66.573,66.606,65.4749,66.3972,4891620
2018-07-25,66.3135,67.0065,66.2319,66.6391,3105795
2018-07-26,66.8617,67.6042,66.8325,67.4361,3383427
2018-07-27,67.3224,67.9036,67.1135,67.3972,2523382
2018-07-30,67.197,67.4876,66.9891,67.129,2775832
2018-07-31,67.4876,67.9114,67.1222,67.8366,4441146
2018-08-01,67.4361,67.6879,66.606,67.3613,4185342
2018-08-02,67.0133,67.4876,66.0823,66.8617,4903681
2018-08-03,66.923,67.9191,66.7306,67.7792,3756678
2018-08-06,67.7948,68.3341,67.1543,67.4196,3953169
2018-08-07,67.4196,67.4712,66.4895,67.2224,3163688
2018-08-08,67.0065,67.233,66.6391,66.8471,2923762
2018-08-09,66.8715,67.2145,66.7227,67.163,1995291
2018-08-10,67.3059,67.9872,67.197,67.2281,4171618
2018-08-13,67.2524,67.4196,66.923,67.2709,4874151
2018-08-14,67.2972,67.7578,67.1367,67.5042,2862578
2018-08-15,67.6879,68.5247,67.5791,68.0358,4432318
2018-08-16,68.0183,68.7997,67.717,68.7599,3693380
2018-08-17,68.6325,69.5364,68.5829,69.171,3675833
2018-08-20,69.2556,69.4139,68.616,68.7773,3144599
2018-08-21,68.6918,68.7502,67.9512,68.3284,3120634
2018-08-22,68.4303,68.7676,67.7083,67.9512,3628061
2018-08-23,67.8667,68.4731,67.8171,67.994,2174512
2018-08-24,68.1534,68.5071,67.8093,68.4381,2731821
2018-08-27,68.447,68.5917,67.507,67.7491,3044176
2018-08-28,67.6238,67.7753,67.3904,67.547,2745283
2018-08-29,67.6656,67.9094,67.4148,67.8667,2762868
2018-08-30,68.0611,68.4731,67.7918,68.3623,3257714
2018-08-31,68.3468,68.7676,67.9862,68.2972,4564673
2018-09-04,68.4139,68.8337,68.2972,68.447,3434380
2018-09-05,68.5228,70.0243,68.5228,69.9368,5810426
2018-09-06,69.4567,70.4228,69.4567,70.1721,3822602
2018-09-07,69.6239,69.9368,68.8842,69.3323,3702966
2018-09-10,69.5403,69.9689,69.1544,69.1963,5368453
2018-09-11,69.3042,69.6074,68.3216,68.4139,4859837
2018-09-12,68.2885,68.515,67.7675,68.0028,5526893
2018-09-13,68.0183,69.1107,67.717,69.0622,5620696
2018-09-14,68.927,68.9358,68.1282,68.6841,3690685
2018-09-17,68.7413,69.0544,68.3147,69.0028,3630527
2018-09-18,69.3042,69.3556,68.6481,68.8697,4985251
2018-09-19,68.8434,68.9009,66.9327,67.3273,5316732
2018-09-20,67.2515,67.8764,66.6401,67.7753,4847211
2018-09-21,67.6753,68.028,66.019,67.1028,18516490
2018-09-24,67.0095,67.2281,66.7723,66.9268,4322317
2018-09-25,66.919,67.0026,66.0346,66.2533,5649009
2018-09-26,66.2446,66.6197,65.606,65.6506,6149862
2018-09-27,65.5721,66.6809,65.5721,66.3622,3873120
2018-09-28,66.5225,67.301,66.4972,67.2709,5401481
2018-10-01,67.1776,67.2515,66.573,66.8754,3244052
2018-10-02,67.196,67.8841,67.1776,67.6082,2985093
2018-10-03,67.5391,67.7675,66.0103,66.573,4909700
2018-10-04,66.5061,67.2787,66.0444,67.2048,4306433
2018-10-05,67.1688,68.7015,67.1125,68.4303,5739168
2018-10-08,68.515,69.7327,68.3905,69.0544,5294061
2018-10-09,69.1632,69.516,68.7773,69.1457,5000968
2018-10-10,69.102,70.036,68.793,68.8337,5997774
2018-10-11,69.0622,69.2798,66.9764,67.2369,7226004
2018-10-12,67.0599,67.3447,66.4223,67.2446,6925464
2018-10-15,67.1863,67.9687,67.0095,67.3623,3590504
2018-10-16,67.2972,68.4381,67.0435,68.0435,3964914
2018-10-17,67.9425,68.1534,67.4148,67.9017,3176724
2018-10-18,68.5071,68.7152,68.0183,68.3147,5084228
2018-10-19,68.307,70.1283,68.2885,69.5656,5228885
2018-10-22,69.793,69.9534,69.2118,69.4732,5086197
2018-10-23,69.7511,70.6434,69.1107,69.1865,5808151
2018-10-24,69.4732,71.524,69.171,71.2479,5817050
2018-10-25,71.0381,71.0789,70.1185,70.3149,8074351
2018-10-26,70.6337,71.1547,68.447,68.8434,6336444
2018-10-29,69.0106,70.2965,68.8337,70.1623,4945934
2018-10-30,70.4471,70.8097,69.4635,70.4753,3563785
2018-10-31,69.9602,70.071,68.9687,69.4635,4857970
2018-11-01,69.4139,69.4635,68.0611,68.6481,8319882
2018-11-02,70.1185,70.4753,68.0028,69.4305,8372346
2018-11-05,69.8436,70.483,69.5063,70.2644,3637144
2018-11-06,70.3314,70.9943,70.1468,70.8932,3143864
2018-11-07,71.2479,71.2723,70.2721,71.2042,3546685
2018-11-08,71.2382,71.4735,70.0534,70.8932,3571644
2018-11-09,71.0381,72.1041,70.8251,71.9458,5272515
2018-11-12,71.6669,73.1053,71.626,72.2315,3867048
2018-11-13,72.214,72.8205,71.7096,72.5911,3370166
2018-11-14,72.214,73.0975,71.9982,72.6514,4592282
2018-11-15,72.0974,73.3307,71.4161,73.2034,5272994
2018-11-16,73.4581,74.0189,72.9897,73.6612,3943375
2018-11-19,73.5776,74.5359,73.5106,74.4785,4841555
2018-11-20,74.843,75.8295,74.6137,75.2261,8095107
2018-11-21,74.8255,74.9354,73.187,73.4668,4283638
2018-11-23,73.6106,73.9265,73.2539,73.7215,1704208
2018-11-26,73.6797,74.1909,73.3046,73.9177,2552377
2018-11-27,73.9498,74.7847,73.5348,74.639,2804639
2018-11-28,74.5282,74.6837,73.8566,74.4436,3471539
2018-11-29,74.4524,74.8343,73.6379,74.4436,3459626
2018-11-30,74.6069,75.4038,74.1131,75.2697,5682746
2018-12-03,74.7847,76.1688,74.1044,76.162,4595091
2018-12-04,76.2786,77.0775,76.1658,76.5265,6587384
2018-12-06,76.9073,77.0279,75.0909,76.3398,5599162
2018-12-07,76.4409,76.9521,75.8208,76.4738,5866077
2018-12-10,76.6197,77.0425,75.4641,76.9162,4593963
2018-12-11,76.9073,77.3166,76.262,77.1543,5538800
2018-12-12,77.1543,77.546,76.0755,76.1454,6149416
2018-12-13,76.2971,77.546,76.2971,77.2475,4919749
2018-12-14,77.333,77.6296,76.6381,77.1222,4297211
2018-12-17,77.333,77.5888,74.4785,74.8596,6504053
2018-12-18,75.1502,75.8295,74.1365,74.4961,4970609
2018-12-19,74.6565,75.0558,73.704,74.1288,5687060
2018-12-20,74.2754,75.7275,73.393,74.9043,5439376
2018-12-21,74.6652,76.6965,74.3697,74.5058,8000054
2018-12-24,74.4961,75.1152,70.7562,71.3082,3239219
2018-12-26,71.385,72.4638,70.3392,72.4483,3079639
2018-12-27,72.5649,73.0498,71.3257,73.0498,3626344
2018-12-28,73.187,74.0889,72.8875,73.187,2879974
2018-12-31,73.3735,73.5902,72.4959,73.3404,2635961
2019-01-02,73.1781,73.2462,71.6397,71.9798,3362457
2019-01-03,72.0323,72.7447,71.4356,71.9545,3482724
2019-01-04,71.5201,72.6183,71.4356,72.5503,3857431
2019-01-07,72.1071,72.5649,71.6619,72.2441,3601053
2019-01-08,72.2684,73.2298,71.8107,73.151,2765898
2019-01-09,72.2013,73.0839,71.6727,72.0731,3841378
2019-01-10,72.2771,72.7369,71.9196,72.4638,4422156
2019-01-11,72.4114,72.4114,71.5638,71.904,3627182
2019-01-14,71.6591,71.6591,70.0777,71.0963,4625649
2019-01-15,71.0448,72.6271,70.8154,72.3549,3204066
2019-01-16,71.9963,72.5581,71.6727,72.4638,2681864
2019-01-17,72.4803,72.8875,72.1645,72.7778,2230690
2019-01-18,73.0344,73.1023,72.4074,72.7447,3344995
2019-01-22,72.2441,73.5194,72.1071,72.7525,3169592
2019-01-23,72.6514,73.2122,72.4803,73.1947,3094121
2019-01-24,73.2802,73.738,72.5426,73.6797,2946922
2019-01-25,73.3735,73.9265,72.7689,72.9576,2909905
2019-01-28,73.1023,73.3307,72.3462,72.7856,2446500
2019-01-29,73.0431,73.2199,72.4725,72.7689,4266244
2019-01-30,72.5426,73.5398,72.457,73.1276,2606519
2019-01-31,73.1597,75.193,72.6747,74.5991,8083427
2019-02-01,74.5991,74.8255,73.8167,74.5991,3773835
2019-02-04,74.0694,74.639,73.4921,74.6293,3885263
2019-02-05,74.7079,75.332,74.2831,75.2094,4076540
2019-02-06,75.1667,75.4543,74.6214,75.1764,2903456
2019-02-07,75.1229,76.0599,74.6565,76.0414,3347304
2019-02-08,75.9908,76.9764,75.8888,76.7393,4373474
2019-02-11,76.5536,77.0376,76.229,76.6284,2857434
2019-02-12,76.7393,77.1134,76.1852,76.678,3149977
2019-02-13,76.399,76.6625,75.9015,76.1357,6214761
2019-02-14,76.0229,76.091,74.9227,75.4135,4643352
2019-02-15,75.9539,75.989,74.7226,75.1483,5208767
2019-02-19,75.259,75.6887,74.916,75.5167,5075659
2019-02-20,75.5264,76.4778,75.1744,76.299,4042225
2019-02-21,75.8442,76.9881,75.8004,76.9347,3688888
2019-02-22,77.0289,77.5353,76.7363,77.2097,2956133
2019-02-25,77.2097,77.2428,76.3592,76.8403,2970605
2019-02-26,76.9686,77.1912,75.7323,76.3232,3766612
2019-02-27,76.194,76.7966,75.9734,76.6664,2460000
2019-02-28,76.6071,77.2787,76.4273,76.993,4817950
2019-03-01,76.9434,77.2097,76.3669,76.8831,6537166
2019-03-04,77.1329,77.2428,76.4088,77.1834,3615052
2019-03-05,76.993,77.2349,76.7966,76.8831,4091363
2019-03-06,76.9832,77.2505,76.7363,76.9162,3634991
2019-03-07,77.2505,77.8453,76.6751,76.9259,4111904
2019-03-08,77.2097,77.4837,76.6799,77.4575,2845776
2019-03-11,77.51,77.6917,77.1834,77.5955,4332214
2019-03-12,77.6917,78.0339,77.3807,77.7228,5337706
2019-03-13,77.6208,77.9639,77.5595,77.7685,5252542
2019-03-14,77.6917,78.2097,77.3885,77.5955,4192619
2019-03-15,77.6733,78.1708,77.4916,77.8453,8866793
2019-03-18,78.0251,78.0669,77.0513,77.337,4631243
2019-03-19,77.3544,77.4837,76.1357,76.5303,5422657
2019-03-20,76.7199,77.4235,76.4273,76.7528,4470261
2019-03-21,76.7714,77.4916,76.6071,77.2097,5194984
2019-03-22,77.4235,78.7209,77.2097,77.8851,4861083
2019-03-25,78.0581,78.2555,77.6733,77.9483,3902104
2019-03-26,77.8851,78.7209,77.8268,78.5995,3891919
2019-03-27,78.6511,78.6869,77.4799,77.6967,4183122
2019-03-28,77.8706,78.0581,76.4447,76.7528,5316932
2019-03-29,76.6255,77.3642,76.264,77.2874,6328814
2019-04-01,77.0697,77.1406,76.1084,76.6664,5304925
2019-04-02,76.9434,76.9434,76.1269,76.54,3943565
2019-04-03,76.4273,76.5896,75.7557,76.299,3492090
2019-04-04,76.4544,76.8782,75.5079,76.7286,5645088
2019-04-05,76.8491,77.818,76.5808,77.7413,6326951
2019-04-08,77.7141,77.818,76.9832,77.3807,3627978
2019-04-09,77.337,77.6967,77.1289,77.5003,2882564
2019-04-10,77.7054,78.2127,77.0289,77.2349,3973607
2019-04-11,77.3205,77.683,77.1154,77.51,2823321
2019-04-12,77.0289,77.687,76.6071,77.6733,4100117
2019-04-15,77.7141,77.9221,77.4235,77.6646,3270988
2019-04-16,77.4051,77.8453,76.3038,76.5031,3687288
2019-04-17,76.54,77.0474,76.1765,76.4778,5261517
2019-04-18,76.7023,76.9832,76.3709,76.5497,3286844
2019-04-22,76.436,76.9065,76.0229,76.194,3046338
2019-04-23,76.2707,76.6936,75.8179,76.436,2721322
2019-04-24,76.6664,77.2689,76.3232,77.0114,2261900
2019-04-25,76.7878,77.854,76.6585,77.6733,2918944
2019-04-26,77.8851,78.4275,77.5274,77.5595,2237524
2019-04-29,77.2097,77.5353,76.7023,76.9259,2760804
2019-04-30,77.0202,78.3332,76.7966,78.2476,3776181
2019-05-01,77.8706,78.1972,77.3749,77.6373,2705594
2019-05-02,77.6646,77.9804,76.9599,77.1241,3093647
2019-05-03,77.4322,77.6733,77.1329,77.4235,3480225
2019-05-06,77.4409,77.645,76.6848,76.8403,3097106
2019-05-07,76.8579,76.9764,76.2804,76.6518,2965069
2019-05-08,76.5576,76.6848,75.327,75.3971,3298385
2019-05-09,76.1542,76.1542,74.4261,74.5641,3685665
2019-05-10,74.3833,75.6293,74.2366,75.5594,3453420
2019-05-13,75.3106,75.7061,74.5359,75.6119,4712474
2019-05-14,74.987,75.2415,74.3309,74.7186,5770694
2019-05-15,74.8916,75.191,74.5136,74.5282,4254172
2019-05-16,74.5826,75.2629,74.4086,74.8576,4783145
2019-05-17,74.3901,75.9015,74.3726,75.6924,5101570
2019-05-20,75.7877,76.0404,75.2201,75.4855,3571546
2019-05-21,75.6827,76.4117,75.4098,75.5865,3143160
2019-05-22,75.849,76.3874,75.6488,76.2232,2564422
2019-05-23,76.4905,77.2466,76.3349,77.1678,4449108
2019-05-24,77.1678,77.6441,76.9521,77.0901,2289912
2019-05-28,77.0901,77.1212,75.4583,75.6236,4421132
2019-05-29,75.8664,76.022,74.4174,74.4864,2671591
2019-05-30,74.5543,74.8965,74.0782,74.2424,2672017
2019-05-31,74.2609,74.7283,73.3143,74.3115,3666304
2019-06-03,74.6866,74.7662,74.0102,74.6691,3527318
2019-06-04,74.6321,74.7857,73.1567,74.5641,2878686
2019-06-05,74.7906,76.1007,74.224,75.7109,3248104
2019-06-06,75.7966,76.3874,75.4855,76.1357,3439425
2019-06-07,76.3525,76.9065,75.4719,75.5535,3736362
2019-06-10,75.4583,75.4913,74.6895,74.9043,3488764
2019-06-11,74.6866,75.0782,73.842,74.3386,3273305
2019-06-12,74.7556,75.4058,74.7556,75.2153,3333749
2019-06-13,75.4767,75.9015,74.9227,75.3193,4323821
2019-06-14,75.327,76.5303,75.3028,76.2727,3729859
2019-06-17,76.4584,76.8976,75.9666,76.3446,2820906
2019-06-18,76.6994,76.8208,74.9227,75.7275,2917668
2019-06-19,75.432,76.4905,75.2405,76.0823,3091179
2019-06-20,76.5069,77.1125,76.1084,76.8899,2797454
2019-06-21,76.9434,77.7772,76.3572,77.7141,7911516
2019-06-24,77.7919,78.235,77.4468,78.0436,3808220
2019-06-25,78.0436,78.7132,77.9289,78.2273,4604455
2019-06-26,77.9833,78.0756,76.3252,76.3689,3959498
2019-06-27,76.4487,77.0124,76.1872,76.8646,3141275
2019-06-28,76.8111,77.3788,76.3349,76.5944,4464875
2019-07-01,76.3953,76.5944,75.7275,76.3953,3283152
2019-07-02,76.5352,77.6441,76.5265,77.3788,2348952
2019-07-03,77.4283,78.6441,77.4283,78.2097,1978715
2019-07-05,77.6199,77.9192,76.5673,77.8463,2009094
2019-07-08,78.0357,78.1758,77.3059,77.8278,2358048
2019-07-09,78.3381,78.3575,77.1416,77.6032,2992921
2019-07-10,77.9492,78.2448,77.5157,77.7996,2766816
2019-07-11,77.682,78.1486,76.9113,77.6441,2740926
2019-07-12,77.7685,77.7685,76.7664,76.9938,2420933
2019-07-15,77.0901,77.7141,76.8646,77.5858,2128573
2019-07-16,77.3497,77.7141,76.7072,77.2826,1989702
2019-07-17,77.5488,77.855,77.1581,77.3788,2422878
2019-07-18,77.4371,77.993,76.9599,77.9415,2202301
2019-07-19,77.8093,77.9659,76.7607,76.7771,2774583
2019-07-22,76.9065,76.9841,76.2436,76.5166,2488919
2019-07-23,76.5449,76.5974,75.8402,76.1084,3619485
2019-07-24,76.3446,76.3689,75.3446,75.675,2749316
2019-07-25,75.432,75.8577,74.8003,75.0782,3087905
2019-07-26,75.0851,75.5865,74.8868,75.4408,2794789
2019-07-29,75.7188,76.2777,75.538,76.2047,2814237
2019-07-30,76.0492,76.5449,75.4408,76.162,3106513
2019-07-31,76.0579,76.2397,74.9208,75.2756,3254254
2019-08-01,75.3446,76.403,74.983,75.9529,3519474
2019-08-02,76.2484,77.0212,75.9958,76.4905,3719794
2019-08-05,76.8024,77.1261,75.1103,75.4855,4572678
2019-08-06,75.7799,77.6276,74.9208,77.1854,4542816
2019-08-07,77.1767,77.6907,76.2484,77.1174,3029903
2019-08-08,76.752,77.7054,76.6819,77.5246,2594483
2019-08-09,77.682,78.2787,77.4973,77.9055,2713247
2019-08-12,78.0795,78.1222,77.2291,77.6907,2576588
2019-08-13,77.8093,78.1486,77.0813,77.9659,2774845
2019-08-14,78.2613,78.6093,76.9521,77.0901,4129540
2019-08-15,76.8792,78.5917,76.8268,78.3264,2718266
2019-08-16,78.4304,79.0816,78.2827,78.758,2605075
2019-08-19,78.6958,79.9378,78.3993,79.5461,3000557
2019-08-20,79.862,80.3091,79.5461,79.9932,4116244
2019-08-21,79.274,80.0895,79.0339,80.0477,3139572
2019-08-22,80.0895,80.8116,79.3984,80.1176,2217600
2019-08-23,80.2314,80.4248,79.1865,79.6074,3594883
2019-08-26,79.7735,80.1769,79.4587,80.1449,2321958
2019-08-27,80.5113,81.451,80.415,80.8437,4181056
2019-08-28,81.0739,81.7232,80.6269,80.9777,3008220
2019-08-29,81.3092,81.4151,80.3014,81.3802,2543392
2019-08-30,81.5911,81.8991,81.2489,81.3636,2459649
2019-09-03,81.1517,82.2209,81.0031,82.18,2986620
2019-09-04,82.3803,82.6262,81.7942,82.4434,2396636
2019-09-05,82.0283,82.3366,81.4239,81.9507,3102098
2019-09-06,82.1422,82.7233,81.9157,82.2578,2938543
2019-09-09,82.0828,82.3268,81.6601,82.2209,3345478
2019-09-10,81.8195,82.941,81.8029,82.4162,3624167
2019-09-11,82.0731,82.941,81.8107,82.8992,3141985
2019-09-12,83.5825,83.9586,83.0558,83.3094,2666521
2019-09-13,82.8992,83.3464,82.1703,82.3803,3786792
2019-09-16,82.3189,82.4512,81.3636,81.697,3344966
2019-09-17,81.8623,82.6437,81.732,82.355,3005424
2019-09-18,82.7573,83.0655,82.044,82.6961,3496680
2019-09-19,82.9488,82.9585,82.2578,82.8992,2342226
2019-09-20,83.53,83.7312,82.6796,83.5825,5833394
2019-09-23,83.6,83.9722,83.4153,83.6962,2667868
2019-09-24,83.9237,84.9237,83.8284,84.4688,3636786
2019-09-25,84.3814,84.777,83.9907,84.223,2836252
2019-09-26,84.2327,84.7585,84.1181,84.399,2269177
2019-09-27,84.4776,84.6253,83.9334,84.4504,2234870
2019-09-30,84.4407,84.6535,83.8624,84.0995,2919394
2019-10-01,83.8459,84.399,83.5612,84.3901,2291552
2019-10-02,84.4077,84.5253,83.0032,83.0906,3476363
2019-10-03,83.3464,83.88,83.1354,83.4329,4162162
2019-10-04,83.7506,85.4242,83.6175,85.2483,3592525
2019-10-07,84.882,85.3193,84.5757,85.0297,2811850
2019-10-08,85.0656,85.1531,84.2153,84.3028,2930176
2019-10-09,84.4688,84.7128,84.1957,84.2491,3004760
2019-10-10,84.1083,84.6205,83.7925,84.4776,2718084
2019-10-11,84.4319,84.7487,83.7409,84.1957,2648354
2019-10-14,84.3629,84.3629,83.2054,83.459,2843116
2019-10-15,83.4678,83.7584,83.046,83.3464,2223987
2019-10-16,83.1092,83.4765,82.8292,83.459,2984999
2019-10-17,83.4426,83.88,83.2938,83.4941,2850202
2019-10-18,83.3026,83.8624,82.9089,83.6534,3467214
2019-10-21,83.4853,83.6962,83.046,83.634,1811209
2019-10-22,83.7837,83.88,83.4153,83.6272,2072452
2019-10-23,83.8099,84.3814,83.5825,84.3726,2528809
2019-10-24,84.2658,84.6613,84.187,84.2842,2016062
2019-10-25,84.4601,84.5418,83.3366,83.7225,2072306
2019-10-28,83.3715,83.564,82.3647,82.5552,3147797
2019-10-29,82.286,82.4162,81.8807,82.0557,3049135
2019-10-30,82.1606,82.7923,81.9682,82.4765,2087347
2019-10-31,82.3803,82.8478,82.1004,82.6961,2797218
2019-11-01,82.7311,82.9488,82.2772,82.802,3017368
2019-11-04,82.7651,82.8371,81.6445,82.1519,3540178
2019-11-05,81.627,82.1004,81.0642,81.7232,2994153
2019-11-06,81.7651,82.1976,81.6348,81.9069,2492717
2019-11-07,81.5911,81.8535,80.4928,81.2227,4702078
2019-11-08,80.45,80.521,78.2749,78.9153,7006717
2019-11-11,78.9417,78.9591,76.7403,76.8539,5553020
2019-11-12,77.0289,77.301,76.5283,76.8452,4380387
2019-11-13,77.2048,77.8083,76.5983,77.6703,6232748
2019-11-14,77.7762,78.7696,77.6149,78.2623,4404110
2019-11-15,78.6093,78.6812,78.1214,78.5567,4022272
2019-11-18,78.8395,79.5675,78.4139,78.618,4823320
2019-11-19,77.1902,77.5625,76.7296,77.1815,18137595
2019-11-20,77.1387,77.6957,76.7296,77.2699,7233453
2019-11-21,77.6334,77.6509,76.6528,76.8539,8536987
2019-11-22,77.3778,77.4565,76.5867,77.2796,6498496
2019-11-25,77.2884,77.7491,76.9152,77.6879,7052379
2019-11-26,77.5809,78.4139,77.5537,78.2194,7409355
2019-11-27,78.1563,78.7316,78.0591,78.5372,3641550
2019-11-29,78.751,78.8678,77.8901,78.1922,1494744
2019-12-02,77.9269,78.1922,77.3778,77.4118,4738322
2019-12-03,77.5985,77.9833,77.2884,77.9182,5141440
2019-12-04,77.9085,79.0349,77.9085,78.8833,3950684
2019-12-05,78.8027,79.2303,78.5733,79.1855,3445300
2019-12-06,79.0699,79.7571,78.9377,79.6025,3342988
2019-12-09,79.6647,79.691,79.102,79.1768,4340566
2019-12-10,79.1496,79.3284,78.7783,78.9717,3618374
2019-12-11,79.0873,79.2478,78.6374,78.929,5631747
2019-12-12,78.9106,79.6297,78.8395,79.4256,6588523
2019-12-13,79.2127,80.1963,79.0786,79.9028,5742662
2019-12-16,80.4801,80.5161,79.3284,80.2508,5184188
2019-12-17,80.1399,81.145,79.9213,80.3022,3348395
2019-12-18,80.4373,80.6182,80.0467,80.3557,4513840
2019-12-19,80.2848,80.4782,79.2818,79.7698,5488447
2019-12-20,80.0097,80.624,79.5938,80.3645,7572219
2019-12-23,80.3645,80.5948,79.4713,79.9495,5706440
2019-12-24,79.9115,80.2673,79.5763,80.0195,907200
2019-12-26,79.8143,80.2848,79.7698,80.1613,2609252
2019-12-27,80.2236,80.693,80.0097,80.6755,2927459
2019-12-30,80.349,80.7396,80.2236,80.5161,2523209
2019-12-31,80.6046,80.9146,80.3645,80.8883,2865024
2020-01-02,80.9496,81.3937,79.8377,80.1176,4296030
2020-01-03,80.0195,80.764,79.9495,80.1691,3185966
2020-01-06,80.1691,80.7376,80.0807,80.5599,2717839
2020-01-07,80.6046,80.6046,79.6726,80.0554,4492218
2020-01-08,80.2236,80.5861,79.7795,80.1691,2912907
2020-01-09,80.0631,80.5074,79.8873,80.3645,2680506
2020-01-10,80.5948,80.9059,80.1449,80.2051,3636517
2020-01-13,80.2595,81.1887,80.2595,80.9146,3359159
2020-01-14,80.8427,81.0925,80.2595,80.969,3393824
2020-01-15,81.1818,82.1042,81.0215,82.0226,2658081
2020-01-16,82.2733,82.8458,82.1849,82.6359,3658135
2020-01-17,82.6008,83.2929,82.458,83.115,3443132
2020-01-21,83.3628,84.1258,82.9537,84.0636,3866733
2020-01-22,84.2491,84.7779,84.1345,84.5243,4103063
2020-01-23,84.498,85.2794,84.4436,85.2075,4312948
2020-01-24,85.0744,85.6789,84.9694,85.3854,2502112
2020-01-27,85.2502,85.7198,84.8868,85.2251,2797705
2020-01-28,85.4019,86.0978,85.1628,85.3223,4168182
2020-01-29,85.4466,86.1017,85.2746,85.8003,2633743
2020-01-30,85.5982,86.5109,85.501,86.4399,3690726
2020-01-31,86.3515,86.9551,85.9957,86.5808,3580607
2020-02-03,86.5808,86.8025,86.2981,86.6178,3006435
2020-02-04,86.5109,86.9239,85.6226,85.6701,3160254
2020-02-05,85.5078,86.3418,85.4019,86.1483,2615296
2020-02-06,86.0317,86.3689,85.8558,85.9627,1816625
2020-02-07,86.2445,86.2795,85.3047,85.3767,3098526
2020-02-10,85.4553,85.4962,84.881,85.3397,2985732
2020-02-11,85.465,86.2377,85.3942,86.0142,3375063
2020-02-12,86.0055,87.1231,85.9627,86.8394,4936302
2020-02-13,87.5858,89.8981,87.3614,89.6473,5731748
2020-02-14,89.7259,91.1381,89.6249,90.693,7035839
2020-02-18,91.0282,91.7329,90.9186,91.3568,6987664
2020-02-19,91.5327,91.6785,90.7747,90.8194,3137030
2020-02-20,90.5938,91.1925,90.4481,90.8291,3027475
2020-02-21,90.7386,92.217,90.7105,91.7232,3930936
2020-02-24,91.4131,92.94,91.0905,91.6057,5899617
2020-02-25,91.7981,91.9545,88.6655,88.894,4570776
2020-02-26,88.9124,89.9863,88.4878,88.5985,3520169
2020-02-27,87.8375,88.9173,85.0345,85.0627,5342379
2020-02-28,83.5485,83.5485,80.0477,82.1149,8834264
2020-03-02,82.0701,86.8073,81.972,86.5653,7597672
2020-03-03,86.4681,88.3916,84.8965,85.6157,5651216
2020-03-04,86.5827,91.0653,86.4935,91.0282,4784719
2020-03-05,89.8795,90.8845,88.6529,89.6647,4832740
2020-03-06,87.2632,89.1,85.5905,88.6976,6167177
2020-03-09,84.6215,86.5924,83.1451,84.6953,6271706
2020-03-10,85.643,86.5216,81.8553,85.1143,7132287
2020-03-11,83.1801,83.4319,80.4043,81.4346,7000492
2020-03-12,76.571,77.334,68.0562,72.0673,8581364
2020-03-13,76.1241,76.886,71.6387,76.8044,6874935
2020-03-16,71.0128,75.8023,68.0562,68.5762,7949800
2020-03-17,70.3674,77.5033,69.9825,77.0114,7496361
2020-03-18,72.5445,74.3075,69.103,70.9934,7176592
2020-03-19,70.8504,70.8942,66.265,67.2067,7104280
2020-03-20,67.9221,68.0562,60.9817,61.2509,10023384
2020-03-23,59.4508,60.83,55.6362,57.4448,7884139
2020-03-24,60.0069,64.395,59.2176,64.0266,7277536
2020-03-25,63.7487,70.3392,62.8535,66.9026,7341009
2020-03-26,67.3224,73.3668,67.1688,72.7038,6883399
2020-03-27,69.8756,74.9412,69.8008,71.8088,5685778
2020-03-30,72.8477,75.1667,72.1451,74.7352,5919742
2020-03-31,73.7594,75.1842,72.0944,72.4269,5717476
2020-04-01,69.7775,71.4112,68.3789,69.4615,5137772
2020-04-02,68.44,71.6008,68.271,71.0925,4093755
2020-04-03,70.1429,71.0458,67.681,68.0747,3246486
2020-04-06,70.4034,73.4075,70.2138,72.7574,4422380
2020-04-07,74.7721,74.9412,71.6387,71.7387,3934142
2020-04-08,72.0857,77.5304,71.6649,76.5633,7515230
2020-04-09,77.4585,83.2793,77.2981,80.8708,7302146
2020-04-13,80.2264,80.621,77.3953,78.2292,4244054
2020-04-14,80.001,81.3812,78.9893,80.97,4257949
2020-04-15,79.2497,80.1001,77.9969,78.3916,4125593
2020-04-16,78.8017,79.3313,77.9338,78.4333,2607673
2020-04-17,79.9835,81.1216,78.4158,80.6823,4800896
2020-04-20,79.7521,80.1274,77.5304,77.5935,3511064
2020-04-21,76.3311,77.4138,75.5594,76.5089,4112771
2020-04-22,77.684,79.1603,77.4409,78.0407,3450566
2020-04-23,78.3341,78.963,76.0259,76.2232,3683014
2020-04-24,76.5372,77.163,74.9509,76.7343,4158558
2020-04-27,77.2612,78.5178,77.163,77.684,2895756
2020-04-28,78.9096,79.8232,78.2029,78.4721,3501473
2020-04-29,79.2847,79.4742,77.4138,77.5761,3347484
2020-04-30,77.0114,77.3788,75.3825,75.8101,3949629
2020-05-01,75.0948,75.1764,73.5106,74.0024,3391340
2020-05-04,74.083,74.2804,72.7836,73.9936,3291516
2020-05-05,74.1725,75.121,74.1539,74.4494,3105623
2020-05-06,74.4864,74.6506,71.6736,71.6999,4000035
2020-05-07,72.4366,72.9372,71.6736,71.9167,3832292
2020-05-08,72.9721,73.4921,72.0857,73.2325,3210805
2020-05-11,72.9372,73.6709,71.9351,73.1256,4382268
2020-05-12,73.8683,74.916,73.323,73.323,3936111
2020-05-13,73.0265,73.5194,72.1936,73.3307,4464960
2020-05-14,72.4745,74.639,72.2208,74.5573,4028515
2020-05-15,73.8167,74.0977,72.633,73.5523,5795932
2020-05-18,74.9111,77.4021,74.812,76.9327,7448515
2020-05-19,76.4428,76.4428,75.4185,75.4543,3334560
2020-05-20,76.0541,76.1795,75.3193,75.4739,2992361
2020-05-21,75.2465,75.8898,74.2958,74.5962,3430712
2020-05-22,74.4581,75.4826,74.1879,75.3999,3047213
2020-05-26,76.5148,76.7072,74.9111,75.02,4316353
2020-05-27,76.2056,76.2786,74.9111,75.8451,3981144
2020-05-28,76.8685,78.0018,76.7092,77.7568,4368579
2020-05-29,77.4926,78.2448,76.7052,77.5761,4435743
2020-06-01,77.7655,79.3372,77.2126,79.2147,2692137
2020-06-02,79.5588,79.8125,78.4537,79.4237,3804728
2020-06-03,80.0214,81.2169,79.7221,80.8368,2703938
2020-06-04,80.4462,80.973,79.2506,80.1215,4018948
2020-06-05,80.9904,82.9459,80.764,81.073,3701581
2020-06-08,81.0439,83.5281,80.7279,83.2646,3058765
2020-06-09,82.4405,82.5036,80.5647,81.8243,3337624
2020-06-10,81.906,82.3939,81.0818,81.7067,3003939
2020-06-11,80.4462,80.6735,78.2185,78.8882,5490769
2020-06-12,80.5647,80.62,77.6664,78.581,4344456
2020-06-15,77.0416,79.1953,76.3689,78.7803,4968608
2020-06-16,80.6289,81.0633,78.2817,78.7716,4266581
2020-06-17,78.8162,79.1418,77.439,78.1009,4616059
2020-06-18,77.6022,78.2535,77.0036,77.7004,3841421
2020-06-19,78.581,78.752,74.3863,74.3863,8914299
2020-06-22,74.5767,75.6906,73.6602,74.7662,4281646
2020-06-23,75.4098,75.6439,73.8245,74.1501,4163248
2020-06-24,73.4523,73.6894,72.3112,72.9002,4057861
2020-06-25,72.5727,72.6816,71.3762,71.9759,4399036
2020-06-26,71.8856,72.4017,70.2828,71.5046,5874003
2020-06-29,72.0847,72.701,71.1333,72.701,3260730
2020-06-30,72.5562,72.9099,71.5046,72.3753,5397772
2020-07-01,72.4483,74.6293,72.2597,74.223,3130379
2020-07-02,74.8664,75.1191,73.7798,74.1404,3112456
2020-07-06,72.9293,74.1598,71.6766,72.3035,6620558
2020-07-07,71.7514,73.5436,71.7038,73.2181,4558775
2020-07-08,73.2529,74.2404,72.7729,73.7798,3789619
2020-07-09,73.6797,73.6797,71.6679,72.2393,3816442
2020-07-10,72.2841,73.9062,72.2568,73.67,2809998
2020-07-13,73.5164,74.259,73.3444,73.7604,2434108
2020-07-14,73.7604,74.7158,73.735,74.0062,4656166
2020-07-15,74.7206,74.8664,72.7651,72.8643,4969141
2020-07-16,73.1092,73.6874,72.8643,73.4436,3172872
2020-07-17,74.0062,74.8567,73.7963,74.6477,5081107
2020-07-20,74.3309,74.4961,73.3317,73.4717,3611271
2020-07-21,73.8332,75.0024,73.4717,74.5864,4297079
2020-07-22,74.2871,76.5613,73.8507,76.2348,4154073
2020-07-23,76.1542,76.4525,75.6283,76.089,2619495
2020-07-24,76.4156,76.9133,74.8479,75.0024,3259767
2020-07-27,74.738,74.8664,73.462,73.6427,4635022
2020-07-28,73.6068,76.9851,73.5708,76.6431,5355138
2020-07-29,76.578,77.0503,75.9529,76.9774,2761521
2020-07-30,76.3776,76.6237,75.6361,76.6148,3122343
2020-07-31,76.1445,76.8325,75.7353,76.7684,3634343
2020-08-03,76.7052,76.7771,75.292,75.9257,2817186
2020-08-04,75.6439,76.9774,75.5,76.7236,3570307
2020-08-05,76.751,76.8773,75.4466,75.6536,3253074
2020-08-06,75.4369,76.4525,74.8955,76.2874,3351690
2020-08-07,75.9083,78.5344,75.8091,78.4634,4734918
2020-08-10,78.9883,79.0068,76.573,76.7869,4772154
2020-08-11,76.9938,77.0872,75.6139,75.7994,5018304
2020-08-12,76.1154,76.7995,75.9452,76.3874,3750540
2020-08-13,76.09,76.2727,75.1463,75.8237,3512743
2020-08-14,75.7508,75.9686,75.0841,75.2843,2200051
2020-08-17,75.4125,76.1648,74.8333,75.6964,4200586
2020-08-18,75.6692,75.8519,74.6895,74.8333,2845019
2020-08-19,75.0354,75.3163,74.6506,74.8333,2862382
2020-08-20,74.4678,74.7906,73.8274,74.2667,2962900
2020-08-21,74.4134,74.5311,73.5698,74.2297,4267784
2020-08-24,74.5787,74.8285,73.772,74.6603,2923762
2020-08-25,74.6895,74.6895,73.7078,74.0937,3021897
2020-08-26,73.6981,73.8828,72.6806,72.9012,3675095
2020-08-27,73.0217,73.6515,72.5931,72.9012,3200275
2020-08-28,73.2405,73.3046,72.3521,73.0488,3481799
2020-08-31,73.0391,74.7158,72.9566,73.6253,3894789
2020-09-01,73.1664,73.4736,72.3743,72.5882,3486003
2020-09-02,72.6174,75.0549,72.3783,74.6603,3956913
2020-09-03,74.983,75.7877,73.6253,74.3581,3421050
2020-09-04,74.431,74.983,73.2492,74.2036,3077511
2020-09-08,74.2851,74.4494,72.7467,73.9829,3548773
2020-09-09,75.5321,76.8782,75.0083,75.6867,4813427
2020-09-10,75.3484,75.816,74.6069,75.1463,3918770
2020-09-11,75.2104,76.439,74.9169,76.09,3488506
2020-09-14,76.5944,77.8366,76.5944,77.3283,3751773
2020-09-15,77.8404,78.6928,76.9113,77.3914,2818036
2020-09-16,77.8958,78.3341,77.5013,77.7491,3175814
2020-09-17,77.2087,77.6947,76.6508,77.5294,3662028
2020-09-18,77.162,77.6577,75.9724,76.0162,5495133
2020-09-21,75.193,75.6692,74.3853,75.6692,3275803
2020-09-22,75.5224,76.9881,75.3805,75.7799,2950552
2020-09-23,75.9724,76.1814,74.4397,74.4873,2534707
2020-09-24,74.4397,75.5224,73.6904,74.843,2817840
2020-09-25,74.4873,75.6867,74.1851,75.5778,4206238
2020-09-28,76.0356,77.0532,75.7508,75.9442,2645716
2020-09-29,76.1269,76.4302,75.1832,75.5224,2373118
2020-09-30,80.6444,82.0109,79.2069,81.1585,20519972
2020-10-01,80.6726,82.8089,80.278,82.5231,6819688
2020-10-02,81.7631,84.4475,81.2771,83.9256,6465560
2020-10-05,83.3755,84.4475,82.386,84.0724,3315691
2020-10-06,84.0538,84.3707,82.9002,83.1831,3266933
2020-10-07,83.9538,84.4251,83.1199,83.669,2706251
2020-10-08,83.8439,85.6196,83.3036,85.3651,3549977
2020-10-09,85.3553,86.0706,84.3464,85.502,4023083
2020-10-12,85.4009,86.0055,84.8518,85.328,3417236
2020-10-13,84.8965,85.466,83.669,85.155,2776606
2020-10-14,85.0812,85.6867,84.3202,84.9237,2641425
2020-10-15,83.458,85.0637,83.1655,84.2735,2368525
2020-10-16,84.4757,85.2823,84.0636,84.6497,3067558
2020-10-19,84.4203,85.1074,84.0811,84.3746,2492330
2020-10-20,84.4124,85.0413,84.1278,84.3659,2447894
2020-10-21,84.2735,85.2085,83.9071,84.7799,2437012
2020-10-22,84.8518,86.0618,84.3659,86.0433,4541813
2020-10-23,86.1445,86.4818,83.3658,85.0248,4945513
2020-10-26,84.2561,85.6867,83.8245,85.3932,2959112
2020-10-27,85.5195,86.0871,84.881,85.2823,2483510
2020-10-28,84.119,85.3086,83.2385,83.3755,3992615
2020-10-29,83.1383,85.4009,82.1236,84.5291,3737284
2020-10-30,83.9985,85.2269,83.6048,84.4124,3606252
2020-11-02,85.1628,86.3262,84.5389,85.9792,3197073
2020-11-03,86.9327,88.4838,86.538,87.5381,3832743
2020-11-04,87.1251,88.6451,85.7305,85.7305,3146722
2020-11-05,86.8948,88.8552,86.1163,86.3456,2762846
2020-11-06,86.6012,87.5468,85.538,85.6293,2597625
2020-11-09,88.719,90.6152,87.1592,87.4274,4526509
2020-11-10,87.7208,89.1389,86.4185,89.0212,3433025
2020-11-11,89.515,90.414,88.929,89.1778,2951121
2020-11-12,88.3944,88.7744,86.6324,87.2388,3369751
2020-11-13,87.6626,88.2652,87.5605,87.9143,2039066
2020-11-16,88.9037,88.9037,87.4429,87.9425,3071543
2020-11-17,87.2836,87.9328,85.9229,86.0064,3434159
2020-11-18,86.6275,86.9666,84.6555,84.7196,3186204
2020-11-19,84.5437,84.9324,83.3133,84.879,3639360
2020-11-20,84.879,85.7858,84.5817,85.6925,4552604
2020-11-23,85.6361,86.4778,85.1647,86.3856,4101935
2020-11-24,87.4429,89.1632,86.9142,89.0981,4700781
2020-11-25,88.8114,89.0806,87.7782,88.997,2116852
2020-11-27,88.997,88.997,87.094,87.5605,1397832
2020-11-30,87.128,87.2388,85.0996,85.7674,5415205
2020-12-01,86.5984,87.5985,86.2377,86.3222,3184215
2020-12-02,86.1736,86.9239,85.0725,86.885,2348739
2020-12-03,86.5255,86.7296,85.2435,85.4797,2469849
2020-12-04,85.3397,85.7761,83.4319,84.3687,3427219
2020-12-07,83.9518,85.4399,83.8128,85.0345,2193907
2020-12-08,84.534,85.1744,83.6739,84.7021,2601703
2020-12-09,84.6836,84.914,83.5718,84.5904,3239223
2020-12-10,84.8693,85.2192,84.0724,84.9324,3920358
2020-12-11,84.4611,85.054,84.1375,84.7284,3484361
2020-12-14,85.5059,87.0795,84.3222,84.3493,3980364
2020-12-15,84.4708,85.9326,84.1375,85.2572,4385895
2020-12-16,85.5147,86.0628,83.8586,83.8683,4384030
2020-12-17,84.5166,84.9976,84.2297,84.7099,4656357
2020-12-18,84.6458,84.7838,83.5271,83.6009,7933193
2020-12-21,83.1286,83.3045,81.6192,82.4706,5058621
2020-12-22,82.4609,82.9022,82.0089,82.8691,3059383
2020-12-23,83.285,83.9985,82.3967,82.4162,2113735
2020-12-24,82.5824,83.0441,82.1936,82.9994,792466
2020-12-28,83.4513,83.9149,83.0538,83.5358,1591850
2020-12-29,83.7953,84.2667,83.0081,83.1744,2208974
2020-12-30,83.2306,84.3036,83.2306,83.8225,1986784
2020-12-31,83.8683,84.8207,83.5533,84.7479,1770557
2021-01-04,84.9519,85.2766,82.5629,83.0362,2899631
2021-01-05,83.1102,83.4794,82.4162,83.0722,2752115
2021-01-06,83.2579,84.9422,83.1831,84.1462,3049911
2021-01-07,84.3687,84.6555,83.0635,83.2025,3229824
2021-01-08,83.2579,83.6739,82.767,83.3501,2973438
2021-01-11,82.9711,83.6933,81.9428,82.6465,2370140
2021-01-12,82.5086,82.8972,81.1013,82.3142,3090656
2021-01-13,82.3598,85.4933,82.3316,84.7479,3881216
2021-01-14,84.7479,85.1123,83.6097,84.8401,3346498
2021-01-15,84.1462,85.5059,83.8586,85.2572,3148847
2021-01-19,85.7003,86.0346,83.6282,83.6544,2686072
2021-01-20,83.5815,84.4241,82.8409,84.0256,2518754
2021-01-21,83.7661,84.0169,83.1189,83.4697,2436080
2021-01-22,83.1383,83.9237,82.805,83.5718,2071590
2021-01-25,83.3133,86.1455,83.1102,85.9967,3748094
2021-01-26,85.886,86.4972,85.0248,86.0064,2443289
2021-01-27,85.4797,87.1523,84.534,84.8858,3243808
2021-01-28,85.3027,86.7296,84.6458,84.6749,2161852
2021-01-29,85.1647,87.5441,84.2755,87.0065,5366808
2021-02-01,87.0532,87.3758,85.9792,86.229,2777887
2021-02-02,86.1649,87.8851,85.7926,86.1736,2420985
2021-02-03,85.8402,86.645,85.6361,86.4418,2784684
2021-02-04,86.7003,87.4429,86.368,87.3312,2567085
2021-02-05,87.4429,88.3478,87.0357,87.6907,2664076
2021-02-08,87.5702,87.6373,86.0987,86.6362,2254867
2021-02-09,86.6459,87.06,85.886,86.3767,2088545
2021-02-10,86.7928,87.1814,85.9044,86.7296,2546093
2021-02-11,86.6956,86.8083,84.498,84.5641,3885001
2021-02-12,84.0967,84.533,83.3755,84.0023,2932327
2021-02-16,83.8342,84.358,82.3277,82.6552,3134967
2021-02-17,82.8331,83.7681,82.1976,83.4231,4049959
2021-02-18,83.4319,84.6098,83.3298,83.7312,3916243
2021-02-19,83.6477,83.6477,82.5066,82.7029,3782316
2021-02-22,82.4308,82.8992,81.4395,82.6271,3188111
2021-02-23,83.6009,84.2083,82.5522,83.2725,2823044
2021-02-24,83.1791,83.2268,81.6736,81.6833,3086288
2021-02-25,81.5998,83.0111,81.0799,81.4774,3660046
2021-02-26,81.6833,82.8992,80.0185,80.0477,4145825
2021-03-01,80.4306,82.3366,80.4306,81.4025,3023831
2021-03-02,81.4209,82.179,80.8505,81.5901,2595785
2021-03-03,81.2626,81.7962,80.2478,81.6173,2913391
2021-03-04,81.6455,83.0208,80.4403,80.8602,4487927
2021-03-05,81.1313,83.2365,80.5977,82.7962,4050318
2021-03-08,83.2365,85.3203,82.8244,84.3766,4000130
2021-03-09,84.3766,85.5458,83.9742,85.0598,3452051
2021-03-10,85.0598,85.7615,84.7313,84.9092,4520589
2021-03-11,84.7973,86.3213,84.4319,84.8158,3812122
2021-03-12,85.1143,85.9938,84.8158,85.4807,3702033
2021-03-15,85.9287,86.5556,85.6012,86.3505,4556339
2021-03-16,86.2193,87.3331,85.8646,86.9949,3357533
2021-03-17,86.9404,87.2651,85.5555,85.9005,4424980
2021-03-18,85.8733,86.6615,85.3775,86.3505,3712282
2021-03-19,86.4798,87.304,85.6682,86.715,12061995
2021-03-22,86.715,87.2009,86.1348,87.0882,4392532
2021-03-23,86.9658,88.4634,86.6498,87.9318,4119692
2021-03-24,87.4711,88.9688,87.3516,88.2759,3233792
2021-03-25,88.8191,89.689,88.2856,89.342,2804597
2021-03-26,89.1555,89.7348,88.6645,89.6219,6454250
2021-03-29,89.586,91.5736,89.1458,91.2596,5283401
2021-03-30,91.2693,91.316,89.3712,90.0068,3501905
2021-03-31,89.6987,90.521,89.6316,90.278,3721737
2021-04-01,90.1847,90.278,89.1652,90.0437,3075227
2021-04-05,90.1099,91.3345,89.9408,90.6521,3036497
2021-04-06,90.4938,91.279,89.8474,91.2509,3886022
2021-04-07,91.3724,91.699,91.0449,91.4841,2725783
2021-04-08,91.5871,91.7922,91.0633,91.2975,5263250
2021-04-09,91.6533,92.3453,91.1294,91.2226,2169157
2021-04-12,90.8485,91.7563,90.7834,91.316,4046798
2021-04-13,90.8301,92.4482,90.5394,92.1198,3914856
2021-04-14,91.9235,92.4852,91.6805,92.3909,3853959
2021-04-15,92.4385,93.4202,92.3453,93.289,3498203
2021-04-16,93.3822,94.5738,93.289,94.1502,4085544
2021-04-19,94.1579,94.226,93.2055,93.7108,3733396
2021-04-20,93.7574,95.2328,93.5786,94.8421,3391205
2021-04-21,94.8012,95.0608,94.0558,94.5457,4001126
2021-04-22,94.6584,94.6584,93.5562,93.598,4134609
2021-04-23,93.6078,93.9518,92.9994,93.3822,3046745
2021-04-26,93.4677,93.4677,92.597,92.7758,2940456
2021-04-27,92.5512,92.7282,91.9711,92.2228,3679652
2021-04-28,92.4852,92.7379,91.7184,92.1859,2688707
2021-04-29,92.2879,93.1772,92.1946,93.1023,2322409
2021-04-30,93.3919,94.187,92.8409,94.1676,2753345
2021-05-03,94.291,95.3,93.878,94.187,3819606
2021-05-04,94.187,94.5282,93.6262,94.2531,3310844
2021-05-05,93.9887,93.9887,92.2976,92.9246,2993714
2021-05-06,93.2987,94.2161,92.9148,94.0276,2193648
2021-05-07,93.8877,94.8605,93.701,94.3299,4859670
2021-05-10,94.7167,101.011,94.5185,97.026,8739994
2021-05-11,97.4342,97.823,96.0657,96.9191,4798682
2021-05-12,96.851,96.9969,94.603,94.6584,4787736
2021-05-13,94.8012,97.8133,94.6584,97.2495,3514219
2021-05-14,97.5508,98.0465,96.8997,97.3078,2551910
2021-05-17,97.4148,101.983,96.6722,96.7344,5912725
2021-05-18,96.4982,97.3564,96.2678,96.7733,5143919
2021-05-19,96.4982,96.6528,94.538,95.5185,4629828
2021-05-20,95.6614,97.0552,95.5468,96.5663,3293838
2021-05-21,96.8122,97.3175,96.229,97.1231,4380775
2021-05-24,97.337,97.7355,96.4603,96.6041,2887504
2021-05-25,96.4214,96.5566,95.1754,95.6614,3193275
2021-05-26,95.6517,95.9501,95.156,95.471,2761793
2021-05-27,95.6614,95.709,94.3299,94.4338,4502369
2021-05-28,94.7721,95.1463,94.4144,94.6322,2405327
2021-06-01,94.9373,95.1278,94.0276,94.499,2982477
2021-06-02,94.811,95.6235,94.1579,95.0608,2001495
2021-06-03,94.6496,96.3252,94.5933,96.0074,3602788
2021-06-04,96.2776,96.3923,95.7372,95.8247,2935072
2021-06-07,95.8927,96.5079,95.7965,96.1813,3532040
2021-06-08,96.4408,96.4408,94.8421,94.985,3333826
2021-06-09,95.0044,95.815,94.8334,95.7372,1678361
2021-06-10,95.7285,96.1813,95.5098,96.0366,1889238
2021-06-11,95.8733,96.364,95.5001,96.2387,2021702
2021-06-14,96.2387,96.8316,96.0851,96.8122,2121776
2021-06-15,96.8802,97.7355,96.5176,97.4633,2900430
2021-06-16,97.9396,98.1044,96.056,96.1328,4093681
2021-06-17,96.1425,97.4148,95.8344,96.715,4234839
2021-06-18,96.3738,96.5468,93.9605,94.0558,5496921
2021-06-21,94.5087,95.8927,94.1967,95.6614,3776666
2021-06-22,95.2143,95.815,94.6876,94.8012,2713415
2021-06-23,94.5641,95.2901,93.5552,93.6962,4233412
2021-06-24,93.6962,93.9091,93.1957,93.5455,2593196
2021-06-25,93.8196,94.2571,93.4318,94.1579,3427322
2021-06-28,94.4241,95.1093,94.0831,94.4338,3381401
2021-06-29,94.1967,94.6496,92.2325,92.6484,2827205
2021-06-30,92.6952,93.4318,92.2277,93.2142,2640707
2021-07-01,93.4416,94.3008,92.8662,93.9985,2549045
2021-07-02,94.1773,94.1773,93.6496,93.9605,1884426
2021-07-06,94.0364,94.3202,92.9119,94.2618,3450482
2021-07-07,94.3756,94.9558,93.6515,94.7721,2165152
2021-07-08,94.4514,95.3659,94.2812,94.9558,2527092
2021-07-09,95.3194,95.4049,94.3299,95.0423,2834367
2021-07-12,94.6322,95.9792,94.291,95.8733,2657319
2021-07-13,95.8062,96.1716,95.3378,95.8733,2938301
2021-07-14,95.8441,97.2883,94.9655,96.9774,2851980
2021-07-15,96.8219,98.1927,96.8219,98.1437,3038832
2021-07-16,98.2898,99.5044,98.0271,98.9213,2922042
2021-07-19,98.5908,99.5826,97.0163,98.0946,5876495
2021-07-20,98.2702,99.543,97.6674,97.959,2553850
2021-07-21,98.1241,98.2898,97.3661,97.405,2200826
2021-07-22,97.4148,98.1633,97.0357,97.1717,3122870
2021-07-23,97.3078,98.7556,97.3078,98.6487,2008036
2021-07-26,98.7654,99.1827,98.1535,98.7458,3357325
2021-07-27,98.5516,100.729,98.2408,100.428,2156325
2021-07-28,100.331,100.467,98.9115,99.7567,2271332
2021-07-29,100.01,100.137,99.1253,99.7864,1565210
2021-07-30,99.7864,100.758,99.0382,99.2421,2719407
2021-08-02,99.5133,100.709,99.2906,100.262,3592683
2021-08-03,100.476,101.564,100.077,100.661,2540621
2021-08-04,100.36,101.039,99.4955,100.778,2395405
2021-08-05,100.797,101.983,100.398,101.914,3011797
2021-08-06,101.429,102.041,100.923,101.002,2772380
2021-08-09,100.748,101.049,99.5924,100.224,2579687
2021-08-10,100.564,101.253,100.097,100.942,2141789
2021-08-11,101.293,101.798,101.011,101.166,2658690
2021-08-12,100.816,101.497,100.515,100.719,2337115
2021-08-13,101.002,101.293,100.574,101.021,2110163
2021-08-16,101.331,103.285,101.166,102.741,3448767
2021-08-17,102.722,103.15,101.73,102.644,2258002
2021-08-18,102.702,102.77,101.564,102.021,2973925
2021-08-19,102.031,103.13,101.671,101.857,2586136
2021-08-20,101.234,102.294,100.671,102.168,2695855
2021-08-23,102.031,102.42,100.709,100.855,2846577
2021-08-24,101.049,101.176,99.4856,100.204,3914677
2021-08-25,100.184,100.982,99.5232,100.428,2474175
2021-08-26,100.448,100.622,99.8834,99.923,2618952
2021-08-27,100.137,100.378,99.6023,99.7468,1809504
2021-08-30,99.5924,100.214,99.4361,99.8636,2044038
2021-08-31,99.9131,100.651,99.4955,99.737,3220723
2021-09-01,99.9705,101.38,99.7468,101.128,2622821
2021-09-02,101.206,101.924,101.021,101.633,2930404
2021-09-03,101.39,101.623,100.515,100.709,3193876
2021-09-07,100.564,100.622,98.3183,98.3477,4693552
2021-09-08,98.4162,100.681,97.8812,100.378,3794721
2021-09-09,100.147,100.398,99.6202,99.6993,2432035
2021-09-10,99.7271,99.8537,98.2996,98.3477,2509696
2021-09-13,99.0956,99.3193,97.7258,97.9007,2939208
2021-09-14,98.1535,98.6487,96.715,96.8316,3590515
2021-09-15,96.4885,97.6092,96.0657,97.2301,2933736
2021-09-16,97.6771,97.9785,96.5176,96.643,3377855
2021-09-17,96.2484,96.8025,94.8897,94.985,7029603
2021-09-20,94.6235,95.5953,93.8984,94.9558,5149870
2021-09-21,95.2231,95.7469,94.184,94.2696,3436397
2021-09-22,94.5845,94.7848,93.5659,93.9081,2867748
2021-09-23,93.9742,94.775,93.5834,93.774,2539279
2021-09-24,93.632,94.4231,93.288,93.8323,3159261
2021-09-27,93.8226,94.88,92.9167,93.0412,2909544
2021-09-28,92.8701,93.2608,92.04,92.4881,3280982
2021-09-29,92.4881,94.3746,92.3929,93.7176,3461716
2021-09-30,93.8887,94.0597,92.9751,93.0022,3110142
2021-10-01,93.5834,94.2327,93.0218,93.8323,4825278
2021-10-04,94.0227,96.2776,93.879,96.0268,4874806
2021-10-05,96.1425,96.229,95.2513,95.4613,3579783
2021-10-06,95.2328,97.1134,94.5845,97.0649,2932673
2021-10-07,97.1328,97.7355,96.1231,96.2096,2119655
2021-10-08,96.2484,96.5566,95.6905,95.8062,1831250
2021-10-11,95.471,95.9986,94.6798,95.0238,1741518
2021-10-12,95.156,95.8344,94.8994,95.1278,2545779
2021-10-13,95.1463,96.0171,94.394,95.9695,1888579
2021-10-14,96.3543,97.1038,96.0268,96.8705,3195855
2021-10-15,96.9677,97.1911,95.3902,95.6333,2721415
2021-10-18,95.156,95.471,94.4893,95.1657,2159203
2021-10-19,95.6333,96.4603,95.4233,96.3738,1846125
2021-10-20,96.4885,97.7452,96.4885,97.4245,1986045
2021-10-21,97.5799,98.1829,97.3661,98.1535,2159367
2021-10-22,98.3575,100.01,98.1339,98.9017,2550209
2021-10-25,98.8144,98.8144,97.7938,98.0076,1764574
2021-10-26,97.959,99.2421,97.8133,98.4349,2411708
2021-10-27,98.7752,98.941,97.823,97.9299,1594137
2021-10-28,97.6092,98.0174,96.9871,97.6771,2071247
2021-10-29,97.4342,98.1241,96.8122,97.2106,2415100
2021-11-01,97.3273,97.8521,96.6906,97.5021,1685770
2021-11-02,97.8035,97.9785,96.7344,97.6383,2834277
2021-11-03,97.4439,98.1143,96.6809,97.7161,2163654
2021-11-04,97.5799,98.0174,95.1754,96.2678,3205128
2021-11-05,96.4311,97.8424,96.2961,96.8997,2232809
2021-11-08,97.0941,97.1911,95.7868,96.6528,3868808
2021-11-09,97.0066,97.4439,96.4701,97.1717,3018187
2021-11-10,97.4633,98.0659,96.89,97.784,1950101
2021-11-11,97.5411,97.7258,96.1911,96.4701,2081198
2021-11-12,96.4701,96.715,95.8247,96.1134,2602438
2021-11-15,96.4603,97.2009,95.9695,96.8025,2455494
2021-11-16,96.7344,96.9677,95.2279,95.3435,3906079
2021-11-17,95.2669,95.5078,94.6992,95.2571,2461419
2021-11-18,94.8625,94.9403,94.2852,94.6603,2920401
2021-11-19,94.7371,95.0355,94.2658,94.709,3103474
2021-11-22,94.7857,96.7538,94.6128,96.4701,4067299
2021-11-23,96.7003,97.2592,95.6323,96.9385,3298630
2021-11-24,97.1814,97.3758,96.1522,96.402,2324491
2021-11-26,95.4399,96.8608,95.4116,95.5361,1876105
2021-11-29,96.1522,96.7003,95.3728,96.4408,2212301
2021-11-30,95.8927,95.9598,93.1013,93.3521,4024985
2021-12-01,93.7652,95.2669,92.938,92.977,2936808
2021-12-02,93.4386,94.9587,93.2753,93.9674,3072018
2021-12-03,94.4008,96.1813,93.6408,96.1134,3228610
2021-12-06,96.7344,98.8242,96.4798,97.3952,3088993
2021-12-07,97.0746,97.7161,96.715,97.3564,4575022
2021-12-08,97.1814,97.8035,96.4214,97.0455,5008320
2021-12-09,97.2301,97.3078,95.5166,96.4982,4178352
2021-12-10,97.0066,98.2015,96.576,97.6868,3159034
2021-12-13,97.6771,99.7191,97.6286,99.155,4086608
2021-12-14,99.1649,99.6023,98.4643,98.8919,2935828
2021-12-15,98.9311,100.184,98.9311,99.9032,3511194
2021-12-16,100.077,101.146,99.7271,100.602,3186762
2021-12-17,100.515,101.206,98.4643,99.155,7430476
2021-12-20,98.6585,99.9131,98.0368,99.7567,3822702
2021-12-21,100.077,100.554,98.8046,99.1352,2135063
2021-12-22,99.0283,99.6301,98.7948,99.2718,1650966
2021-12-23,99.3886,99.9705,99.0481,99.0857,1491513
2021-12-27,99.0857,99.543,98.8046,99.3975,1319365
2021-12-28,99.5628,100.651,99.5628,100.622,1244368
2021-12-29,100.806,101.069,100.301,100.806,1222430
2021-12-30,100.845,101.079,100.184,100.836,1756979
2021-12-31,100.768,101.263,100.077,100.942,2021903
2022-01-03,100.952,100.952,99.1352,99.5924,3400904
2022-01-04,99.4658,100.982,99.3886,99.5133,2658612
2022-01-05,99.6023,100.962,99.5727,99.7271,2542533
2022-01-06,99.6113,100.816,99.4361,99.5727,4098679
2022-01-07,98.9311,101.011,98.4064,100.564,3107232
2022-01-10,100.699,101.35,100.147,100.622,2788617
2022-01-11,100.632,100.748,98.6683,99.3391,3052584
2022-01-12,98.8046,99.9032,98.3477,99.7092,2302890
2022-01-13,99.64,100.564,99.3094,100.224,2692785
2022-01-14,100.505,100.729,99.3787,100.117,3560230
2022-01-18,99.4361,99.8339,97.9007,98.0271,3202912
2022-01-19,98.0368,98.9508,97.4827,98.3183,2557274
2022-01-20,98.2015,99.6301,98.1437,98.4545,2522148
2022-01-21,99.1352,100.281,98.7948,99.0956,3589163
2022-01-24,99.7092,100.058,96.4701,98.7075,5876184
2022-01-25,97.8715,99.2619,97.7258,98.4643,3467107
2022-01-26,98.3281,99.4064,97.3855,98.1044,3232911
2022-01-27,98.6487,100.448,98.6104,99.3589,3517572
2022-01-28,99.2995,100.816,98.9213,100.778,2986999
2022-01-31,99.9507,101.273,99.5628,101.099,4475498
2022-02-01,100.612,101.118,98.532,99.5529,3155240
2022-02-02,99.4559,101.253,99.1649,101.039,3524207
2022-02-03,101.253,101.769,100.748,101.457,2326638
2022-02-04,100.622,101.37,99.7271,100.321,2304168
2022-02-07,100.214,100.865,99.4559,100.408,3166026
2022-02-08,101.303,101.39,100.137,100.476,2388846
2022-02-09,100.797,101.243,100.291,100.758,2348410
2022-02-10,100.262,100.398,95.8247,96.0268,6150089
2022-02-11,96.3252,97.0552,95.8082,95.9889,4108399
2022-02-14,96.7538,97.2009,94.9111,96.1813,5491517
2022-02-15,96.3543,97.298,95.0452,95.5555,3272934
2022-02-16,95.6128,96.1999,95.1706,95.7576,3071945
2022-02-17,95.7042,96.3747,94.7925,95.9568,2471343
2022-02-18,95.5973,97.3758,95.3251,97.0066,4635762
2022-02-22,97.1911,97.4245,95.8014,96.6566,3400403
2022-02-23,96.8608,97.0649,94.8586,94.9266,4173118
2022-02-24,94.6933,94.878,92.7981,94.3143,4329361
2022-02-25,95.2863,97.5217,95.0919,97.405,3422914
2022-02-28,96.4234,97.6918,96.2096,97.5896,3158097
2022-03-01,97.5896,98.2212,95.8985,97.026,2518821
2022-03-02,97.1328,98.4064,96.9385,97.959,2401998
2022-03-03,98.4064,100.331,98.2212,99.7567,2683000
2022-03-04,99.5826,102.41,99.5232,102.303,3371435
2022-03-07,102.439,103.985,101.613,103.703,3715330
2022-03-08,103.761,104.431,102.372,102.508,3652399
2022-03-09,103.207,103.577,102.168,102.372,3388597
2022-03-10,101.681,103.431,101.507,103.207,2097372
2022-03-11,103.12,104.082,102.973,103.158,2294131
2022-03-14,104.043,104.675,102.77,103.314,2637008
2022-03-15,104.325,104.364,103.149,103.694,2174579
2022-03-16,104.015,104.015,101.244,102.993,2712688
2022-03-17,103.023,104.519,102.332,103.509,2752485
2022-03-18,103.314,103.917,101.633,102.099,4999647
2022-03-21,102.362,103.868,102.318,103.178,2044908
2022-03-22,103.771,103.946,101.914,103.207,2649312
2022-03-23,103.684,104.491,102.945,103.83,2693023
2022-03-24,103.577,105.044,103.411,104.451,2260060
2022-03-25,104.772,106.288,104.509,106.064,1753902
2022-03-28,105.939,106.949,105.209,106.949,2541728
2022-03-29,107.036,107.873,106.541,107.854,2532853
2022-03-30,107.882,108.368,107.295,108.349,2036560
2022-03-31,108.252,109.388,108.076,108.524,3374862
2022-04-01,108.562,109.728,107.443,109.651,2369065
2022-04-04,108.951,109.097,107.309,108.65,2331695
2022-04-05,108.853,110.939,108.835,109.36,2561135
2022-04-06,109.932,112.023,109.33,111.916,3512033
2022-04-07,111.759,111.978,110.263,111.635,2866380
2022-04-08,112.149,112.537,110.964,112.11,1726628
2022-04-11,112.217,112.707,110.593,111.021,2648581
2022-04-12,110.827,112.475,110.089,112.178,2582345
2022-04-13,112.266,112.644,111.187,111.876,2152813
2022-04-14,111.955,112.276,111.264,111.625,2797900
2022-04-18,112.042,112.567,110.399,111.031,2019284
2022-04-19,111.158,111.478,110.569,111.255,2076478
2022-04-20,112.246,112.615,111.935,112.188,2215081
2022-04-21,111.916,113.062,111.45,112.042,1919776
2022-04-22,111.935,112.207,110.934,111.07,3277653
2022-04-25,111.595,111.799,108.893,110.574,3851786
2022-04-26,110.613,112.577,110.166,110.312,4051089
2022-04-27,110.37,111.662,109.058,109.914,2555772
2022-04-28,110.38,111.478,109.437,110.603,2813090
2022-04-29,110.235,110.322,106.697,107.066,5580745
2022-05-02,107.561,107.97,104.451,105.647,3942452
2022-05-03,106.278,107.3,105.151,105.316,2498688
2022-05-04,105.161,107.668,104.898,107.406,2635451
2022-05-05,106.929,107.851,106.016,106.959,2263703
2022-05-06,106.706,108.826,106.259,108.193,2802237
2022-05-09,106.56,108.97,105.453,107.688,3769121
2022-05-10,107.484,109.048,105.005,105.851,3469653
2022-05-11,106.055,108.524,105.783,106.822,3171841
2022-05-12,106.691,107.201,105.327,106.749,3496646
2022-05-13,107.279,107.554,105.631,107.191,3315320
2022-05-16,107.662,108.741,107.318,107.906,2455364
2022-05-17,107.318,107.878,105.063,107.239,4156368
2022-05-18,107.7,108.426,106.48,106.799,4085004
2022-05-19,106.573,107.333,105.161,106.847,3760169
2022-05-20,106.739,107.882,106.102,107.71,3441537
2022-05-23,108.515,109.74,107.69,108.671,2628131
2022-05-24,109.162,111.143,108.583,110.799,3068413
2022-05-25,111.015,111.231,109.544,110.221,2826471
2022-05-26,110.888,111.594,110.427,111.045,2771119
2022-05-27,110.711,112.29,110.407,112.192,2680652
2022-05-31,110.986,111.349,109.936,110.349,5136794
2022-06-01,110.378,110.555,108.822,109.515,2602285
2022-06-02,109.936,110.192,107.798,109.632,2766255
2022-06-03,109.329,109.936,108.829,109.015,1578404
2022-06-06,109.358,109.917,108.789,108.965,1512426
2022-06-07,108.809,110.241,108.132,110.172,2154888
2022-06-08,109.8,109.908,108.137,108.358,1846354
2022-06-09,108.299,108.887,105.514,105.651,2426769
2022-06-10,104.847,106.595,103.906,105.69,3408502
2022-06-13,104.719,104.935,100.943,101.434,2806326
2022-06-14,101.709,102.228,97.7367,98.9917,3976454
2022-06-15,100.042,100.15,97.1482,98.2466,4118992
2022-06-16,97.1188,97.8985,95.9714,97.619,4215485
2022-06-17,97.3248,98.0308,95.0005,95.9322,5641900
2022-06-21,96.1087,97.5797,95.736,97.2954,2934407
2022-06-22,97.0109,99.0511,96.7835,98.227,2968595
2022-06-23,98.7271,101.65,98.6094,101.415,3797691
2022-06-24,101.669,102.777,101.307,102.512,3011974
2022-06-27,102.022,103.337,101.728,103.169,1758910
2022-06-28,103.719,104.768,103.327,103.66,2259315
2022-06-29,103.69,104.264,103.277,103.964,1802044
2022-06-30,103.239,105.857,103.013,105.141,3639082
2022-07-01,105.67,107.671,105.141,107.504,2930816
2022-07-05,107.583,107.583,102.522,104.288,3010054
2022-07-06,104.611,106.338,104.032,105.504,1958586
2022-07-07,105.739,106.132,104.484,104.768,1951393
2022-07-08,104.817,105.003,103.699,103.866,1731056
2022-07-11,103.994,105.906,103.817,105.876,2483644
2022-07-12,105.504,106.877,105.063,105.592,2144097
2022-07-13,104.867,106.112,104.66,105.171,2464722
2022-07-14,103.239,105.151,103.159,104.886,2319699
2022-07-15,105.367,105.563,104.13,105.357,2288337
2022-07-18,104.837,105.053,103.366,103.395,2272025
2022-07-19,104.004,104.415,103.405,103.503,2138543
2022-07-20,103.621,103.793,100.855,101.003,3039695
2022-07-21,100.924,101.738,100.198,101.542,3146131
2022-07-22,102.228,102.973,101.934,102.954,1530704
2022-07-25,102.611,103.974,102.385,103.934,1460650
2022-07-26,103.738,105.249,103.474,104.955,1824173
2022-07-27,104.602,104.797,103.827,104.464,2043140
2022-07-28,105.357,107.161,104.582,106.847,2372175
2022-07-29,106.494,108.289,106.465,107.808,2572174
2022-08-01,107.75,108.417,106.857,107.73,2433862
2022-08-02,108.162,109.191,107.318,107.504,2225531
2022-08-03,107.308,109.005,105.386,108.681,2839753
2022-08-04,109.642,109.818,107.387,107.612,3021870
2022-08-05,107.043,107.377,105.239,107.053,3093255
2022-08-08,107.75,108.475,106.671,106.935,3192027
2022-08-09,107.279,108.034,107.038,107.69,2412941
2022-08-10,108.172,108.367,107.406,107.936,2964663
2022-08-11,108.03,108.752,107.228,107.397,2668257
2022-08-12,108.01,109.198,107.829,109.119,3336915
2022-08-15,109.228,109.947,108.505,109.841,2185604
2022-08-16,109.841,111.326,109.663,110.96,2530357
2022-08-17,110.762,111.741,110.692,110.88,1914156
2022-08-18,110.95,111.91,110.95,111.425,1762394
2022-08-19,111.623,112.504,111.167,112.078,2113518
2022-08-22,111.821,112.118,110.678,110.9,2306134
2022-08-23,110.999,110.999,109.663,109.891,1505183
2022-08-24,110.059,110.217,109.198,109.792,1815064
2022-08-25,109.901,109.98,108.485,109.564,2639314
2022-08-26,109.703,109.752,107.496,107.614,3401858
2022-08-29,107.298,108.792,106.491,108.079,1791709
2022-08-30,107.842,108.129,106.162,106.575,1939680
2022-08-31,106.575,107.446,105.655,105.813,2920936
2022-09-01,105.942,107.436,105.645,107.08,1629038
2022-09-02,107.159,108.149,105.581,105.902,1511711
2022-09-06,106.13,107.248,105.328,105.664,2058760
2022-09-07,106.367,109.208,106.357,109.119,3358910
2022-09-08,108.752,109.593,107.594,108.079,2415616
2022-09-09,108.456,109.247,107.792,108.752,1471277
2022-09-12,108.832,110.118,108.772,109.742,1670910
2022-09-13,109.02,109.386,106.476,107.08,2412790
2022-09-14,107.208,108.812,107.208,108.149,2333708
2022-09-15,107.426,107.566,105.011,105.189,3135200
2022-09-16,105.833,106.486,104.813,105.021,4612712
2022-09-19,104.744,105.754,104.249,105.714,1802021
2022-09-20,104.932,105.16,103.492,104.556,1639373
2022-09-21,104.952,105.774,103.2,103.22,1511286
2022-09-22,103.032,104.507,102.527,103.606,2348991
2022-09-23,102.883,103.195,101.468,102.646,2321517
2022-09-26,102.438,102.547,98.8947,99.8052,2841969
2022-09-27,100.053,100.488,96.9548,97.3111,4069804
2022-09-28,98.4295,99.1718,97.1527,98.5879,2362519
2022-09-29,98.3404,98.38,93.9757,94.1241,3136673
2022-09-30,94.7675,95.1139,91.8477,92.0655,5217332
2022-10-03,93.4907,95.0199,92.491,94.3518,3826060
2022-10-04,95.0149,96.3313,94.2924,96.1234,3137857
2022-10-05,94.9159,95.1436,92.4861,93.0552,3905625
2022-10-06,92.6989,92.7868,89.7198,89.8386,4274652
2022-10-07,89.8089,90.0662,87.676,88.156,3195578
2022-10-10,88.1956,89.215,88.1032,88.2352,3013426
2022-10-11,87.8888,89.5713,87.7502,88.6113,4943262
2022-10-12,88.0867,88.3738,85.0284,85.0878,4286973
2022-10-13,84.1278,87.6117,82.9005,87.0871,7333948
2022-10-14,87.9779,88.542,85.5134,85.9291,4759927
2022-10-17,87.097,89.0369,86.9684,88.1857,3742832
2022-10-18,89.3536,90.1622,88.8983,89.8782,3041118
2022-10-19,88.7004,89.4427,87.9086,88.3738,2638818
2022-10-20,88.0867,88.255,85.8301,86.3349,4099872
2022-10-21,86.5131,88.1857,86.0281,87.5523,2817881
2022-10-24,88.1461,88.8983,87.1366,87.7799,2342699
2022-10-25,87.7997,89.6929,87.7898,89.314,2809870
2022-10-26,89.9178,90.4918,89.0666,89.8782,2968857
2022-10-27,90.6996,91.3628,89.9672,90.1058,3402375
2022-10-28,90.3235,93.2532,90.3235,93.0354,3171875
2022-10-31,92.7484,93.273,91.63,92.2238,3271166
2022-11-01,92.6098,93.1888,91.7785,92.7781,2919062
2022-11-02,92.5109,94.4112,91.7884,91.9269,3093145
2022-11-03,91.0461,92.8424,90.6403,92.2634,3164786
2022-11-04,93.6788,93.8173,90.4968,92.6494,4863377
2022-11-07,92.5406,92.595,89.4278,91.2836,4547987
2022-11-08,91.5805,93.0552,91.3925,92.2436,2906539
2022-11-09,92.6692,93.4313,92.1843,92.4911,2771025
2022-11-10,94.8763,96.356,93.2928,96.1036,3639218
2022-11-11,96.2125,96.2521,93.4808,94.1934,3320621
2022-11-14,94.6685,95.4504,94.2924,94.4706,4831914
2022-11-15,95.6088,96.4727,94.8467,96.1333,4673633
2022-11-16,96.3708,98.0633,96.3708,96.935,3683064
2022-11-17,96.31,96.74,94.93,95.52,2755842
2022-11-18,96.46,97.2299,96.0,96.79,3680594
2022-11-21,96.55,97.55,96.18,97.04,3314569
2022-11-22,97.49,98.69,97.28,97.68,2333970
2022-11-23,97.47,98.68,97.445,98.54,2726141
2022-11-25,99.0,99.99,98.9,99.62,1275680
2022-11-28,99.2,99.66,98.22,98.61,2283854
2022-11-29,98.03,98.23,97.24,97.94,2127469
2022-11-30,97.58,100.42,97.26,99.93,6052214
2022-12-01,100.84,101.9,99.88,100.31,3329848
2022-12-02,99.39,99.75,98.5,99.52,2097709
2022-12-05,98.74,99.56,98.52,99.13,2212531
2022-12-06,99.23,100.7,99.051,100.51,2828821
2022-12-07,100.35,101.26,99.33,99.58,2635589
2022-12-08,99.61,100.65,99.32,100.45,2065870
2022-12-09,100.08,100.92,100.01,100.35,1998212
2022-12-12,101.43,102.43,100.3,102.32,2734908
2022-12-13,103.35,104.34,102.42,103.1,5581500
2022-12-14,103.24,105.52,102.63,103.3,4468703
2022-12-15,103.06,103.315,101.94,102.51,3631416
2022-12-16,102.08,102.12,99.185,100.34,10623575
2022-12-19,100.13,101.33,99.7102,100.23,3628976
2022-12-20,100.08,100.92,99.1989,100.21,2394325
2022-12-21,100.7,102.09,100.65,101.92,2269538
2022-12-22,101.7,101.98,100.21,101.95,2312330
2022-12-23,101.82,103.15,101.06,102.99,1803446
2022-12-27,103.09,103.975,102.55,103.67,1698631
2022-12-28,104.0,104.48,102.67,102.9,1687611
2022-12-29,103.3,104.42,103.3,103.84,1444606
2022-12-30,103.88,104.0,101.99,102.99,2055613
2023-01-03,103.2,103.8,102.19,103.7,2688892
2023-01-04,104.27,105.375,103.85,104.81,2819879
2023-01-05,103.85,104.36,102.42,103.26,1920588
2023-01-06,104.2,105.79,104.0,105.18,2157270
2023-01-09,105.03,106.43,104.7601,105.19,2358369
2023-01-10,104.88,105.47,104.47,105.43,2244531
2023-01-11,105.43,106.1024,105.18,105.66,2358823
2023-01-12,105.79,106.13,104.82,105.08,2350121
2023-01-13,104.5,105.45,104.26,104.98,2722916
2023-01-17,105.18,105.43,104.1,104.22,3552771
2023-01-18,104.41,104.58,102.01,102.25,3152599
2023-01-19,102.25,102.92,101.56,101.97,3025854
2023-01-20,101.87,102.11,100.051,101.82,3968390
2023-01-23,101.53,102.35,100.75,100.99,3326698
2023-01-24,101.33,101.49,99.16,101.37,3048175
2023-01-25,100.29,101.45,99.98,101.42,2066625
2023-01-26,100.9,101.71,100.75,101.34,2093644
2023-01-27,101.21,101.98,100.5774,101.58,2277104
2023-01-30,101.23,102.16,101.17,101.64,2470901
2023-01-31,102.0,102.56,101.05,102.45,3722650
2023-02-01,101.75,103.22,101.24,102.54,3054326
2023-02-02,102.61,103.83,102.0,102.04,3796708
2023-02-03,101.5,101.8,98.46,100.58,4331150
2023-02-06,100.15,101.91,100.04,101.81,3050371
2023-02-07,101.08,101.15,99.55,100.82,2672586
2023-02-08,100.2,100.285,98.83,99.18,3328630
2023-02-09,99.28,100.3757,97.0,97.55,4403028
2023-02-10,97.36,99.21,96.77,99.11,2633400
2023-02-13,98.89,100.4,98.89,100.04,1931442
2023-02-14,99.99,100.44,99.07,99.47,2190840
2023-02-15,99.0,99.44,98.55,99.26,3276783
2023-02-16,97.5,98.75,96.45,98.29,2150037
2023-02-17,98.56,99.99,97.8775,99.49,3041332
2023-02-21,98.99,99.33,97.6,97.68,3262647
2023-02-22,97.46,98.52,97.165,97.47,2070533
2023-02-23,97.87,98.0952,96.4,96.84,1889396
2023-02-24,95.83,97.036,95.49,96.92,2320801
2023-02-27,97.02,97.91,95.69,95.81,2416290
2023-02-28,95.49,96.05,94.18,94.26,3155498
2023-03-01,94.02,94.04,91.78,91.91,3373227
2023-03-02,91.77,93.97,91.72,93.77,2589023
2023-03-03,93.96,95.45,93.26,95.39,4061779
2023-03-06,95.49,96.04,95.33,95.98,2709113
2023-03-07,96.12,96.172,92.98,93.52,2816953
2023-03-08,93.65,94.83,93.51,94.67,2450157
2023-03-09,95.01,96.07,93.74,94.22,2751163
2023-03-10,94.42,94.62,92.35,92.83,2629170
2023-03-13,92.72,96.53,92.72,94.17,4542878
2023-03-14,94.84,96.13,94.092,95.09,3778356
2023-03-15,95.0,97.49,94.67,96.83,3856838
2023-03-16,96.77,98.65,96.505,97.2,4859365
2023-03-17,96.5,97.13,95.71,96.39,5914272
2023-03-20,96.86,97.6,96.6585,97.31,3159956
2023-03-21,97.07,97.15,93.56,94.77,4087435
2023-03-22,94.45,94.955,92.91,92.95,3089725
2023-03-23,93.0,93.63,91.37,91.55,2764382
2023-03-24,91.66,94.41,91.65,94.37,3608915
2023-03-27,94.74,95.365,94.32,94.69,2718198
2023-03-28,94.58,95.82,94.34,94.75,3004039
2023-03-29,95.0,96.39,94.99,96.27,2348531
2023-03-30,96.45,97.105,95.695,96.16,2500340
2023-03-31,96.4,96.985,95.92,96.47,3205281
2023-04-03,95.11,96.69,94.49,95.09,6259116
2023-04-04,94.96,96.29,94.705,96.23,5001334
2023-04-05,97.0,99.29,96.77,98.84,4461133
2023-04-06,99.5,99.78,98.4,99.74,2879740
2023-04-10,99.27,99.4138,98.06,99.13,2628548
2023-04-11,99.18,99.6,98.65,99.35,1804541
2023-04-12,99.76,100.03,98.97,99.41,1941653
2023-04-13,98.57,99.32,97.09,99.14,3211327
2023-04-14,98.13,98.31,97.33,97.64,3217918
2023-04-17,98.18,98.74,97.47,98.41,2214324
2023-04-18,98.15,98.47,97.23,97.41,1974268
2023-04-19,97.91,98.55,97.53,98.4,2125508
2023-04-20,98.76,98.83,97.7501,98.22,1989373
2023-04-21,98.8,99.15,97.68,98.36,2186581
2023-04-24,98.6,99.28,97.56,98.9,2153160
2023-04-25,99.01,100.39,98.9502,99.74,2770832
2023-04-26,99.0,99.67,98.12,98.35,2677735
2023-04-27,98.41,99.5,98.32,99.47,2285289
2023-04-28,99.28,99.84,98.18,98.88,1995070
2023-05-01,98.85,100.13,98.59,99.09,3231857
2023-05-02,99.0,99.21,97.23,97.6,2576150
2023-05-03,98.09,98.73,97.23,97.33,3174046
2023-05-04,97.58,98.49,97.11,98.11,3067188
2023-05-05,98.14,99.415,97.74,99.36,2588966
2023-05-08,99.1,99.805,98.25,98.9,3099772
2023-05-09,97.72,98.37,97.17,98.05,4174812
2023-05-10,98.82,99.5,98.13,99.14,3008242
2023-05-11,98.0,98.34,96.92,97.33,1824294
2023-05-12,97.79,98.365,97.005,97.45,2215986
2023-05-15,97.65,97.85,96.0795,96.33,2020484
2023-05-16,96.49,96.59,94.0,94.01,2209290
2023-05-17,94.2,94.505,92.6,93.02,2967406
2023-05-18,92.41,93.02,91.99,92.81,2776030
2023-05-19,93.26,93.73,92.51,92.51,2388455
2023-05-22,92.9,93.21,91.795,91.97,2725347
2023-05-23,91.55,92.38,90.595,90.75,3694302
2023-05-24,90.99,91.38,90.03,90.16,2820287
2023-05-25,90.0,90.01,88.23,88.89,3621813
2023-05-26,88.71,88.82,87.52,88.7,3065468
2023-05-30,88.8,89.46,87.89,88.01,3002592
2023-05-31,88.3,89.75,87.9074,89.29,4150061
2023-06-01,89.7,89.71,87.655,88.12,3659425
2023-06-02,88.0,89.9,87.2,89.68,3835556
2023-06-05,90.0,91.025,89.71,90.16,2513202
2023-06-06,90.75,90.92,89.72,89.75,1970839
2023-06-07,89.835,91.76,89.21,91.57,2531991
2023-06-08,91.3,92.02,90.64,92.0,3156947
2023-06-09,92.0,92.16,91.33,91.52,2647603
2023-06-12,91.74,91.74,90.86,91.39,3131931
2023-06-13,90.25,91.02,89.9,90.76,3630644
2023-06-14,91.62,92.69,90.74,90.85,3433056
2023-06-15,91.35,91.94,90.87,91.69,3038502
2023-06-16,92.18,92.97,91.65,92.18,8693779
2023-06-20,92.02,92.24,90.91,90.95,2852345
2023-06-21,90.69,91.86,89.94,91.65,2435313
2023-06-22,92.16,92.26,90.385,90.9,2554957
2023-06-23,91.2,91.545,89.54,89.72,3800207
2023-06-26,90.06,91.06,89.35,90.84,2209084
2023-06-27,90.93,91.12,90.47,90.52,2283209
2023-06-28,90.44,90.49,88.895,89.1,2410548
2023-06-29,88.36,89.28,88.1,88.88,2538269
2023-06-30,89.01,89.88,88.65,89.74,2736244
2023-07-03,89.73,90.79,89.48,90.72,1180996
2023-07-05,90.05,92.45,90.0,91.61,3074217
2023-07-06,91.08,91.23,90.25,90.56,2101473
2023-07-07,90.02,90.57,89.7,89.77,2208538
2023-07-10,89.54,89.84,88.565,89.22,2312428
2023-07-11,89.93,90.95,89.49,90.88,3051620
2023-07-12,91.1,92.53,90.962,92.36,2566295
2023-07-13,92.35,93.31,91.82,93.31,2912240
2023-07-14,93.09,93.46,92.63,93.01,2833165
2023-07-17,92.76,92.88,91.75,91.78,1923380
2023-07-18,91.81,92.79,90.17,90.91,2279921
2023-07-19,91.22,92.62,91.185,91.65,1970629
2023-07-20,92.0,93.34,91.38,93.2,2428757
2023-07-21,93.54,94.99,93.1738,94.78,2694301
2023-07-24,95.0,95.29,94.11,94.77,2248708
2023-07-25,94.56,95.47,94.11,95.29,2648521
2023-07-26,95.06,96.41,94.88,95.56,2196691
2023-07-27,95.14,95.74,94.01,94.44,2841800
2023-07-28,95.05,95.33,93.07,93.34,2567058
2023-07-31,93.74,94.165,92.9515,93.62,2903056
2023-08-01,93.58,93.82,92.13,92.15,2422095
2023-08-02,92.0,93.12,91.87,92.53,2295185
2023-08-03,92.29,92.48,90.2,90.37,2881066
2023-08-04,90.73,91.56,88.9196,89.46,3043727
2023-08-07,89.58,90.095,89.5192,89.66,3604516
2023-08-08,90.28,92.2,89.24,92.13,5240940
2023-08-09,91.87,93.24,91.75,92.82,3219253
2023-08-10,93.34,93.985,92.691,92.91,3635555
2023-08-11,93.0,93.985,92.94,93.82,2428734
2023-08-14,93.88,93.88,92.47,92.79,2340462
2023-08-15,92.06,92.32,91.35,91.44,2669784
2023-08-16,91.69,92.33,91.32,91.7,2382189
2023-08-17,90.84,92.1884,90.535,90.7,2578577
2023-08-18,90.51,91.45,90.42,91.2,2766433
2023-08-21,90.8,91.095,89.13,89.63,3910676
2023-08-22,89.63,89.87,89.06,89.59,2366203
2023-08-23,90.35,90.41,89.13,90.34,2231719
2023-08-24,90.14,91.36,89.86,89.99,2376089
2023-08-25,90.2,91.34,89.99,90.58,2374616
2023-08-28,90.59,91.17,90.0,90.02,2128760
2023-08-29,90.0,90.96,89.95,90.29,2279827
2023-08-30,90.01,90.83,89.471,89.95,2251059
2023-08-31,90.26,90.43,88.72,88.8,3139829
2023-09-01,89.25,89.63,87.495,87.93,3777769
2023-09-05,87.78,87.99,86.035,86.65,3155535
2023-09-06,86.91,87.61,86.16,87.49,3249684
2023-09-07,88.2,90.22,88.0759,89.4,4765371
2023-09-08,89.57,91.165,89.28,91.02,3302714
2023-09-11,90.85,92.47,90.73,91.78,3992859
2023-09-12,91.91,92.67,90.9,92.12,3689360
2023-09-13,92.43,94.36,92.3215,93.88,4383258
2023-09-14,94.65,95.705,94.36,95.45,4594429
2023-09-15,95.34,96.08,94.9348,95.18,9702852
2023-09-18,95.25,95.46,94.155,94.96,3701804
2023-09-19,94.96,95.23,93.79,93.84,3291021
2023-09-20,94.28,95.41,93.7642,94.37,2855999
2023-09-21,94.25,94.73,93.2,93.41,3129387
2023-09-22,93.01,93.84,92.7,93.33,1973030
2023-09-25,92.83,93.39,92.31,93.31,2376580
2023-09-26,93.0,93.06,90.75,91.12,3000641
2023-09-27,91.1,91.41,89.262,90.09,3714698
2023-09-28,90.61,90.61,88.47,88.68,4489675
2023-09-29,89.64,89.96,87.63,88.26,3900575
2023-10-02,87.74,87.99,84.14,85.44,6498383
2023-10-03,85.0,86.06,83.38,85.76,5606478
2023-10-04,85.76,86.4084,84.87,86.12,3322910
2023-10-05,85.88,86.015,84.725,85.48,3716476
2023-10-06,84.33,87.04,83.06,86.92,3511990
2023-10-09,86.67,88.25,86.38,88.23,3008704
2023-10-10,88.25,89.01,87.86,88.94,2619522
2023-10-11,89.4,90.12,88.6498,89.87,2658873
2023-10-12,89.53,90.03,87.19,88.03,3172508
2023-10-13,88.94,89.5399,88.05,88.68,3277003
2023-10-16,89.0,89.86,88.42,89.46,2993524
2023-10-17,88.77,89.7643,88.4805,88.96,2911560
2023-10-18,88.97,89.42,87.63,88.19,2790110
2023-10-19,87.92,88.85,87.27,87.78,3134349
2023-10-20,87.51,88.86,87.01,87.03,3468582
2023-10-23,86.2,87.62,85.79,86.33,3172110
2023-10-24,87.11,88.26,86.83,87.76,3213165
2023-10-25,87.64,88.44,87.17,88.15,2652833
2023-10-26,88.45,89.75,88.22,89.2,3033546
2023-10-27,88.86,89.12,87.09,87.53,2764436
2023-10-30,87.84,88.67,87.06,87.9,2426908
2023-10-31,88.35,88.93,87.91,88.89,3094565
2023-11-01,89.2,89.99,88.32,89.54,3944539
2023-11-02,89.5,90.595,88.99,89.89,4553051
2023-11-03,91.16,91.97,90.23,90.28,4022855
2023-11-06,90.18,90.58,89.47,89.72,3370772
2023-11-07,90.0,90.01,89.12,89.28,3054464
2023-11-08,88.78,88.97,87.16,88.36,3623858
2023-11-09,88.53,89.37,87.91,87.96,3441800
2023-11-10,88.47,88.68,87.725,88.27,2491099
2023-11-13,88.19,88.39,86.61,87.02,3396633
2023-11-14,88.63,89.9,88.5,89.85,5739227
2023-11-15,89.77,90.92,89.18,89.61,3175645
2023-11-16,89.35,90.58,89.35,90.18,3872271
2023-11-17,90.64,90.68,89.6801,90.01,3340656
2023-11-20,89.52,90.04,88.27,89.3,3637493
2023-11-21,89.53,89.93,88.73,89.88,2483933
2023-11-22,90.0,90.44,89.52,90.36,2553301
2023-11-24,90.24,90.79,89.915,90.74,1472374
2023-11-27,90.86,91.125,90.17,90.93,2439422
2023-11-28,90.96,91.93,90.72,91.13,2774331
2023-11-29,91.22,91.685,90.36,90.71,2986958
2023-11-30,91.66,92.4,91.12,92.28,4959398
2023-12-01,92.2,92.65,91.55,92.64,4016542
2023-12-04,92.02,93.23,92.02,92.73,2796541
2023-12-05,92.86,92.97,91.9,92.47,2601202
2023-12-06,92.85,93.96,92.65,93.94,3260503
2023-12-07,93.9,94.885,93.325,94.46,3813022
2023-12-08,94.45,94.74,93.8,94.39,3271726
2023-12-11,94.04,95.4,93.59,95.36,4989081
2023-12-12,95.49,95.5,94.12,95.33,3942732
2023-12-13,95.5,98.14,94.85,98.08,3970186
2023-12-14,98.76,99.48,97.985,98.31,6870784
2023-12-15,97.99,98.147,95.62,96.63,8742774
2023-12-18,97.2,98.33,96.75,97.17,4277125
2023-12-19,97.51,97.54,96.46,96.81,2711939
2023-12-20,96.64,97.27,95.55,95.68,3428493
2023-12-21,95.94,96.5,95.22,96.36,3072565
2023-12-22,96.84,97.64,96.32,96.86,1927521
2023-12-26,96.62,97.51,96.43,96.73,2228525
2023-12-27,96.4,96.78,96.015,96.3,1987644
2023-12-28,96.06,97.0599,96.0,96.92,1912800
2023-12-29,96.64,97.27,96.35,97.04,2295313
2024-01-02,96.52,98.28,96.13,97.81,3352256
2024-01-03,97.93,98.885,97.495,98.78,3687569
2024-01-04,99.0,99.35,98.355,98.49,2423704
2024-01-05,98.49,98.75,97.57,98.54,2192115
2024-01-08,98.38,99.435,98.06,99.39,2453464
2024-01-09,98.75,99.39,98.5208,99.09,2024944
2024-01-10,99.5,99.915,99.1,99.28,3076655
2024-01-11,99.01,99.01,96.835,97.15,3063460
2024-01-12,97.72,98.775,97.3,98.46,2791893
2024-01-16,97.86,98.95,97.56,98.03,3527087
2024-01-17,97.64,98.69,95.97,96.83,3272855
2024-01-18,96.57,96.58,95.36,95.86,2453682
2024-01-19,96.3,96.3,95.2,95.56,2965063
2024-01-22,95.6,96.29,94.7,95.06,2465568
2024-01-23,95.01,95.9399,95.01,95.61,2903045
2024-01-24,96.04,96.135,94.15,94.54,3869953
2024-01-25,95.55,95.78,94.435,95.73,2461026
2024-01-26,95.63,96.3,95.24,95.87,3554173
2024-01-29,96.03,96.18,95.31,95.77,3149014
2024-01-30,95.69,96.12,94.77,95.53,3201247
2024-01-31,96.1,96.99,95.3,95.83,3678690
2024-02-01,95.35,97.85,94.75,97.79,2745923
2024-02-02,96.85,97.1,95.5122,96.22,2519449
2024-02-05,95.5,96.075,94.76,95.25,3142735
2024-02-06,95.09,95.41,94.75,95.06,2172268
2024-02-07,95.47,95.61,94.78,95.5,2471009
2024-02-08,94.74,95.2,91.47,92.65,5581108
2024-02-09,92.26,92.73,91.63,91.69,4642789
2024-02-12,91.56,92.8499,91.17,92.65,3926121
2024-02-13,92.61,92.928,90.3,91.61,3428199
2024-02-14,91.3,91.99,90.93,91.34,3062435
2024-02-15,90.73,92.41,90.53,92.36,2952010
2024-02-16,92.07,92.335,91.1,91.88,4120822
2024-02-20,92.0,92.7762,91.51,91.94,2590763
2024-02-21,92.2,93.28,92.02,92.99,2781750
2024-02-22,92.29,92.5857,91.3,92.13,4131503
2024-02-23,92.4,93.33,91.92,92.73,2494544
2024-02-26,92.47,92.57,90.5202,90.65,3797730
2024-02-27,90.64,91.33,90.455,90.85,2962382
2024-02-28,90.75,91.25,90.431,90.74,3255588
2024-02-29,91.06,92.08,90.76,91.83,5245731
2024-03-01,91.75,91.88,90.09,90.86,3367634
2024-03-04,90.22,92.56,90.22,92.42,3724616
2024-03-05,92.78,94.27,92.33,92.69,3679258
2024-03-06,93.47,94.32,92.971,94.07,4229904
2024-03-07,94.91,95.13,94.23,94.48,2610595
2024-03-08,94.48,95.12,93.8,94.94,2266655
2024-03-11,94.82,95.89,94.5,95.84,1967110
2024-03-12,95.39,96.25,94.69,95.01,2878149
2024-03-13,95.5,96.3,95.405,95.5,3519187
2024-03-14,95.4,95.82,94.34,95.05,3541005
2024-03-15,94.36,95.6589,94.36,94.71,6196962
2024-03-18,94.85,95.235,94.11,94.94,2736736
2024-03-19,95.26,95.59,94.55,95.14,2492617
2024-03-20,95.0,95.72,94.575,95.41,2682272
2024-03-21,95.49,96.05,94.93,94.96,2744971
2024-03-22,95.55,95.73,94.56,94.61,2308623
2024-03-25,94.88,95.16,94.39,94.84,2015963
2024-03-26,94.8,95.07,93.57,93.67,2823082
2024-03-27,94.1,96.13,94.03,96.09,3166169
2024-03-28,96.14,96.85,95.77,96.71,2637612
2024-04-01,96.5,96.59,95.375,96.07,1859657
2024-04-02,96.14,97.3601,95.46,96.54,2305630
2024-04-03,96.5,96.61,95.84,95.97,2278093
2024-04-04,96.74,96.87,95.195,96.12,2694691
2024-04-05,95.72,96.2,95.16,95.91,2525332
2024-04-08,95.63,96.55,95.54,96.31,2348712
2024-04-09,96.7,97.49,96.11,97.32,2460455
2024-04-10,95.71,96.08,94.51,95.41,2475509
2024-04-11,96.22,96.23,94.51,95.29,2116174
2024-04-12,95.64,95.92,94.615,94.9,2279785
2024-04-15,95.45,95.63,93.68,94.13,2623151
2024-04-16,94.0,94.0,92.745,92.87,2655575
2024-04-17,93.57,94.755,93.2,94.5,1768088
2024-04-18,94.91,96.03,94.21,95.93,2639328
2024-04-19,96.1,98.405,95.98,98.26,4212750
2024-04-22,98.13,98.5,97.7,98.12,2933073
2024-04-23,98.11,99.05,97.9,98.2,2148843
2024-04-24,97.51,99.19,96.68,98.96,2652668
2024-04-25,98.84,99.605,98.01,99.03,2540756
2024-04-26,99.0,99.22,97.62,97.71,1994792
2024-04-29,98.25,99.08,98.21,98.73,2125094
2024-04-30,98.29,98.9399,97.65,98.26,2565865
2024-05-01,97.95,100.56,97.49,99.78,4862019
2024-05-02,100.0,100.0783,98.58,99.31,2808054
2024-05-03,99.85,100.34,99.1,100.26,4338461
2024-05-06,100.49,100.74,99.85,100.42,3081700
2024-05-07,101.0,102.36,100.3,102.26,5230079
2024-05-08,102.43,102.64,101.67,102.38,3497934
2024-05-09,102.25,103.05,102.0,103.02,2996222
2024-05-10,103.49,103.64,102.6,102.67,2778688
2024-05-13,102.7,103.83,102.61,102.89,2185261
2024-05-14,103.16,103.26,102.2257,102.31,2168178
2024-05-15,103.3,103.66,102.8601,103.35,2636053
2024-05-16,102.3,103.25,102.3,102.84,4143362
2024-05-17,103.14,103.93,102.44,103.89,3694076
2024-05-20,103.93,103.93,103.33,103.66,2089005
2024-05-21,103.79,104.6,103.25,104.38,2753641
2024-05-22,103.9,104.38,103.14,103.44,3124944
2024-05-23,103.0,103.15,101.61,101.79,2529900
2024-05-24,102.02,102.495,101.67,102.17,1864573
2024-05-28,101.9,102.67,101.095,101.18,2472533
2024-05-29,100.53,100.8599,100.03,100.42,2527921
2024-05-30,100.78,101.36,100.02,101.3,2423988
2024-05-31,101.62,103.64,101.45,103.57,4000781
2024-06-03,103.09,103.815,102.82,103.41,3429750
2024-06-04,103.25,104.8693,103.05,104.6,4822705
2024-06-05,104.4,104.6,103.025,103.2,2228298
2024-06-06,103.04,103.82,102.52,102.86,1945296
2024-06-07,102.0,103.78,101.7318,102.62,1886828
2024-06-10,102.5,102.98,101.92,102.52,1915559
2024-06-11,102.01,102.67,101.29,102.36,2434466
2024-06-12,103.0,103.26,100.925,101.32,2397272
2024-06-13,101.29,101.7999,100.4499,101.26,1811224
2024-06-14,100.89,102.39,100.67,102.36,2668062
2024-06-17,101.95,102.095,100.69,100.8,2953111
2024-06-18,100.73,101.14,99.7,100.03,2469400
2024-06-20,100.25,100.73,99.401,100.1,3084988
2024-06-21,100.29,101.05,99.55,99.84,4986006
2024-06-24,99.99,101.84,99.7792,101.51,2026388
2024-06-25,101.24,101.46,99.96,100.2,2145406
2024-06-26,99.85,100.21,99.3,99.95,1958946
2024-06-27,100.0,100.89,99.75,100.59,2358016
2024-06-28,100.59,100.76,99.65,100.23,3898744
2024-07-01,100.73,101.26,99.2867,99.35,2097633
2024-07-02,99.63,100.01,99.21,99.81,1856087
2024-07-03,99.72,101.07,99.54,99.84,1072695
2024-07-05,100.0,100.97,99.55,100.56,1929944
2024-07-08,100.44,101.39,100.03,100.64,2535169
2024-07-09,100.59,101.4,100.3,100.94,3200563
2024-07-10,101.25,102.9,100.9,102.83,3128571
2024-07-11,103.06,104.89,102.66,104.46,3331254
2024-07-12,104.68,105.9,104.2709,105.39,2715453
2024-07-15,104.69,105.39,104.015,105.32,2863449
2024-07-16,106.31,107.2559,105.8502,106.53,3056995
2024-07-17,107.07,108.44,105.65,107.52,3374837
2024-07-18,107.01,108.59,106.715,106.91,2638710
2024-07-19,107.58,107.605,106.31,106.92,2163194
2024-07-22,106.94,107.7,106.58,107.54,2373275
2024-07-23,107.48,107.9,107.02,107.12,1512114
2024-07-24,108.25,108.92,107.04,108.6,2875664
2024-07-25,109.0,110.02,106.95,107.56,3165244
2024-07-26,107.8,108.48,107.41,108.03,2270522
2024-07-29,108.28,109.2,107.94,108.68,3445128
2024-07-30,108.12,110.03,107.895,109.9,2929982
2024-07-31,108.9,109.75,108.43,109.27,3946121
2024-08-01,109.77,112.71,109.27,112.6,3975502
2024-08-02,114.35,116.67,111.65,113.92,4606697
2024-08-05,114.11,114.98,111.01,111.01,4918669
2024-08-06,112.49,114.2,111.36,112.92,4289815
2024-08-07,113.22,114.78,112.63,113.51,4921524
2024-08-08,112.47,113.96,111.9,112.43,4716709
2024-08-09,112.95,112.96,111.13,112.67,2218742
2024-08-12,112.63,113.42,112.095,113.37,3058672
2024-08-13,113.35,113.94,112.77,113.72,2732952
2024-08-14,113.38,114.54,112.81,113.46,1979232
2024-08-15,112.93,113.269,112.4,113.11,2658325
2024-08-16,112.38,112.65,111.61,112.3,2642700
2024-08-19,112.28,113.18,112.25,112.72,1716210
2024-08-20,112.91,113.41,112.1,112.38,2822667
2024-08-21,112.37,113.16,112.255,112.73,2798787
2024-08-22,112.66,112.68,111.45,112.12,5459732
2024-08-23,112.25,113.0,111.9,112.36,2732539
2024-08-26,112.53,113.63,112.01,113.01,3038898
2024-08-27,112.77,113.09,111.775,111.9,2136530
2024-08-28,112.39,113.64,111.89,112.7,2429737
2024-08-29,112.7,113.07,111.85,112.99,2022057
2024-08-30,113.0,114.08,112.84,113.95,3022442
2024-09-03,114.0,116.4099,113.91,115.79,3792664
2024-09-04,116.48,117.93,116.19,117.06,2795025
2024-09-05,117.77,118.11,116.32,116.85,2585878
2024-09-06,117.05,117.33,116.225,116.6,3482508
2024-09-09,116.93,117.25,115.94,117.16,2829822
2024-09-10,117.37,118.18,116.71,116.93,2594220
2024-09-11,116.38,116.49,115.34,116.2,3667419
2024-09-12,116.36,116.825,115.84,115.97,2390288
2024-09-13,116.24,117.4,115.74,117.31,2311011
2024-09-16,118.11,118.31,117.46,117.7,2212044
2024-09-17,117.55,117.73,116.315,116.73,2251567
2024-09-18,116.63,117.175,115.29,115.88,2265346
2024-09-19,115.09,115.54,113.95,115.14,3952341
2024-09-20,115.66,116.67,115.34,116.37,6277016
2024-09-23,116.86,117.47,116.46,117.31,2332581
2024-09-24,116.5,117.765,115.835,115.98,2925377
2024-09-25,116.6,116.76,115.374,116.21,3496737
2024-09-26,115.12,116.32,114.8421,115.17,3425688
2024-09-27,115.5,116.33,114.83,115.97,3523061
2024-09-30,115.82,116.34,114.34,115.3,5539445
2024-10-01,115.45,116.46,114.9097,116.22,3729704
2024-10-02,115.5,116.805,115.13,116.68,3360242
2024-10-03,116.98,117.0942,115.4753,115.76,3856686
2024-10-04,114.63,114.87,113.805,114.05,3513136
2024-10-07,113.79,113.79,110.12,110.23,5955048
2024-10-08,111.0,111.14,110.05,110.67,4810712
2024-10-09,110.8,111.62,110.3,111.32,3601725
2024-10-10,111.89,113.5,111.03,113.12,6301598
2024-10-11,113.4,114.33,113.12,114.17,3406690
2024-10-14,114.17,115.26,114.1,115.09,2807122
2024-10-15,116.5,118.07,115.7,117.12,2863263
2024-10-16,117.6,120.09,116.95,119.78,4776842
2024-10-17,119.78,120.81,119.48,120.58,4589986
2024-10-18,120.74,120.85,119.62,120.76,3562383
2024-10-21,121.05,121.25,119.67,119.89,2703253
2024-10-22,118.72,119.94,118.38,119.88,2876964
2024-10-23,119.79,120.61,119.38,120.57,2286423
2024-10-24,120.8,120.95,118.92,119.02,2283697
2024-10-25,119.49,119.53,117.21,117.21,2406324
2024-10-28,117.21,118.06,117.02,117.06,2214402
2024-10-29,116.0,116.35,114.38,114.41,3478801
2024-10-30,115.03,115.27,113.82,114.0,2480010
2024-10-31,113.99,115.82,113.89,115.27,3835838
2024-11-01,114.68,115.4,112.6,112.68,3713148
2024-11-04,112.68,113.125,112.07,112.52,3050059
2024-11-05,112.59,114.17,112.06,114.08,2558490
2024-11-06,114.01,114.25,112.52,113.63,4236687
2024-11-07,112.64,113.21,110.31,111.08,5593517
2024-11-08,111.77,114.05,111.555,113.23,3788549
2024-11-11,112.39,114.16,112.39,112.46,3243669
2024-11-12,112.14,113.08,111.76,111.88,2876860
2024-11-13,112.455,112.8,110.665,111.31,2192999
2024-11-14,111.165,111.57,110.54,110.68,3685835
2024-11-15,109.4013,112.25,109.4,112.17,3868001
2024-11-18,111.815,113.68,111.67,113.54,5031108
2024-11-19,113.245,113.63,112.045,113.58,3862381
2024-11-20,113.48,113.9504,113.0,113.74,2325529
2024-11-21,114.0,115.04,113.15,114.86,3095291
2024-11-22,114.85,116.0,114.605,114.7,2008848
2024-11-25,115.13,115.895,114.17,115.0,4163088
2024-11-26,115.15,117.1,115.08,117.04,2850695
2024-11-27,117.615,118.58,117.28,117.42,2221854
2024-11-29,117.18,117.72,116.88,117.05,1899450
2024-12-02,117.285,117.285,114.81,115.18,3430209
2024-12-03,115.735,116.21,113.63,113.64,2440577
2024-12-04,113.3,113.75,112.72,113.28,2219241
2024-12-05,113.23,114.4,113.0,114.01,2178872
2024-12-06,114.0,114.345,111.95,112.1,2808968
2024-12-09,111.97,112.6,111.28,111.86,2573886
2024-12-10,111.5,111.94,110.32,111.11,2941715
2024-12-11,110.895,110.99,109.179,109.59,3820846
2024-12-12,109.92,110.32,108.77,109.16,3087590
2024-12-13,109.51,109.995,108.73,108.82,5141188
2024-12-16,108.75,109.21,107.18,107.44,5673921
2024-12-17,106.95,108.2,106.53,107.89,2784951
2024-12-18,107.56,107.91,105.63,105.76,4714008
2024-12-19,106.0,108.24,105.74,107.08,4237650
2024-12-20,107.08,108.69,106.7194,108.28,6044523
2024-12-23,108.11,108.64,107.16,108.56,2757398
2024-12-24,108.11,109.03,108.11,108.97,991924
2024-12-26,108.59,108.95,107.865,108.31,2914676
2024-12-27,107.69,109.0,107.5,108.34,2127272
2024-12-30,107.57,108.125,107.05,107.71,2217287
2024-12-31,107.71,108.12,107.18,107.74,2987454
2025-01-02,107.72,108.88,107.44,107.82,2865548
2025-01-03,108.185,108.67,107.65,107.78,2299376
2025-01-06,107.35,107.4201,105.9,106.37,4358676
2025-01-07,106.3,107.85,106.3,106.81,2976392
2025-01-08,106.58,108.445,106.49,108.23,3209462
2025-01-10,107.47,108.59,105.44,105.87,2998165
2025-01-13,106.45,106.56,105.2,106.14,2387914
2025-01-14,106.21,106.88,105.61,106.85,2866270
2025-01-15,108.0,108.1,106.35,106.45,3791797
2025-01-16,106.1,109.08,105.9021,109.06,2899141
2025-01-17,108.55,109.9,108.45,109.26,2928407
2025-01-21,109.905,111.35,109.3,110.77,3144239
2025-01-22,110.52,110.62,108.63,108.82,4276877
2025-01-23,109.39,109.735,108.675,109.34,2612827
2025-01-24,108.7373,110.25,108.7373,109.86,2695309
2025-01-27,111.0,112.76,109.43,112.62,3585222
2025-01-28,112.0,112.7,111.28,111.31,3664805
2025-01-29,111.33,112.21,110.54,110.62,2744228
2025-01-30,110.81,112.4,110.81,112.26,2204828
2025-01-31,112.26,112.45,111.375,111.99,3538011
2025-02-03,111.2,113.46,111.2,113.2,4830239
2025-02-04,112.64,112.83,111.32,112.43,2087911
2025-02-05,112.905,114.21,112.45,113.86,4858590
2025-02-06,114.03,114.91,113.36,114.52,2593314
2025-02-07,114.105,115.695,113.92,114.99,3476873
2025-02-10,115.15,115.62,113.66,115.6,2606811
2025-02-11,115.41,116.81,113.98,116.69,2404801
2025-02-12,114.75,116.48,114.34,116.37,4149937
2025-02-13,115.455,115.66,112.88,113.95,5658505
2025-02-14,113.235,113.95,111.53,111.6,3581632
2025-02-18,111.5,112.23,110.51,110.89,4726621
2025-02-19,111.045,112.11,110.95,111.79,3860557
2025-02-20,111.21,113.26,111.04,113.16,3159643
2025-02-21,112.8,115.96,112.56,115.55,4424151
2025-02-24,115.78,116.97,114.79,115.92,2731462
2025-02-25,116.45,117.705,116.0101,117.29,3111973
2025-02-26,116.5185,117.135,115.8,116.31,3021476
2025-02-27,115.62,116.785,115.0035,115.89,3239220
2025-02-28,117.045,117.98,115.8,117.49,5403409
2025-03-03,116.75,118.72,116.66,118.67,4264853
2025-03-04,119.3,119.68,116.37,116.41,3889014
2025-03-05,115.6923,116.91,115.045,115.23,3491413
2025-03-06,115.5,115.68,113.805,114.84,3756140
2025-03-07,114.32,116.94,114.32,116.74,3479260
2025-03-10,116.95,119.26,116.91,118.5,5022388
2025-03-11,118.25,119.51,117.2,117.7,6297774
2025-03-12,116.95,117.3,115.65,116.64,4668383
2025-03-13,116.68,118.34,116.37,118.21,5370328
2025-03-14,118.16,120.4,117.54,120.12,5709966
2025-03-17,119.815,121.465,119.05,120.81,7126615
2025-03-18,120.41,121.07,119.69,120.76,4384921
2025-03-19,120.485,120.8799,118.67,119.31,4220663
2025-03-20,119.915,120.26,119.11,120.16,4343944
2025-03-21,119.98,120.91,118.38,119.1,5850631
2025-03-24,118.84,119.805,118.01,118.15,3904949
2025-03-25,118.04,118.225,114.92,116.08,5551654
2025-03-26,116.08,117.325,116.08,117.11,3095989
2025-03-27,117.585,118.23,117.1075,117.65,2833517
2025-03-28,117.64,119.96,117.64,119.41,3941495
2025-03-31,120.17,122.5,120.17,121.97,6465834
2025-04-01,121.91,122.04,120.59,121.07,2934283
2025-04-02,120.92,121.3855,119.9,120.39,2541668
2025-04-03,123.0,124.67,121.63,124.05,7427136
2025-04-04,124.8,125.27,117.86,118.93,8332597
2025-04-07,117.67,120.32,115.71,116.86,7214888
2025-04-08,118.165,118.36,114.7,115.95,4976620
2025-04-09,115.2,117.8366,112.07,116.31,7414658
2025-04-10,116.36,118.0,114.62,116.84,6360384
2025-04-11,116.755,119.33,115.52,118.94,6054561
2025-04-14,119.0,121.185,118.0726,120.6,3226335
2025-04-15,121.0,121.75,120.34,120.49,2340888
2025-04-16,120.5,121.98,120.07,120.35,2506863
2025-04-17,120.75,123.5499,120.5,121.8,3409815
2025-04-21,121.675,121.95,118.99,120.17,3076160
2025-04-22,121.37,122.89,120.5001,122.53,3522829
2025-04-23,121.21,122.12,120.04,121.42,4036146
2025-04-24,121.26,121.52,120.17,120.7,3199016
2025-04-25,120.985,121.27,119.42,119.85,2717397
2025-04-28,120.02,120.88,119.18,120.67,2119990
2025-04-29,120.505,121.91,119.37,121.7,2323807
2025-04-30,122.35,122.4,120.66,122.02,2999263
2025-05-01,121.73,122.3695,120.68,121.33,2609930
2025-05-02,120.79,122.0,120.54,121.58,2720129
2025-05-05,122.09,122.16,120.24,120.75,3875416
2025-05-06,122.01,124.17,121.52,122.94,3959073
2025-05-07,122.55,123.37,121.67,122.6,3466968
2025-05-08,122.02,122.44,119.82,120.0,3571263
2025-05-09,120.35,120.49,119.37,120.33,3037100
2025-05-12,119.01,120.32,115.445,115.85,5661202
2025-05-13,115.98,116.04,113.05,113.07,7359372
2025-05-14,113.07,113.19,111.22,112.46,4203248
2025-05-15,113.57,116.0799,113.3701,115.94,4177738
2025-05-16,114.92,116.3,114.59,116.26,2966938
2025-05-19,115.75,117.12,115.75,116.99,2772973
2025-05-20,116.75,117.83,116.5,117.31,4459366
2025-05-21,117.295,117.65,116.06,116.44,2770155
2025-05-22,116.6,116.69,114.79,115.57,4702640
2025-05-23,116.9733,116.9733,114.86,116.49,2683839
2025-05-27,116.42,116.91,116.0,116.38,3742289
2025-05-28,115.495,116.27,113.97,114.45,2798106
2025-05-29,113.89,115.59,113.39,115.45,2292944
2025-05-30,115.205,117.88,114.83,117.72,8078757
2025-06-02,116.93,117.665,116.33,117.23,2820393
2025-06-03,117.33,117.6,115.51,116.73,2609623
2025-06-04,116.655,117.68,115.6211,115.98,3288328
2025-06-05,116.295,116.31,115.34,115.74,2443100
2025-06-06,115.58,116.1,114.76,115.23,2094723
2025-06-09,114.71,116.4,114.4,115.47,2407446
2025-06-10,115.55,116.59,114.85,116.33,2095491
2025-06-11,116.155,116.59,115.855,116.35,1929742
2025-06-12,116.8,117.585,116.44,117.28,2432533
2025-06-13,117.5,118.34,116.54,116.86,2789502
2025-06-16,117.255,117.7,114.83,115.4,3276243
2025-06-17,115.62,115.68,113.66,114.79,2344116
2025-06-18,114.85,114.94,114.03,114.58,2937900
2025-06-20,115.0,116.15,114.68,115.4,6203108
2025-06-23,115.78,117.29,115.78,116.97,2440764
2025-06-24,116.715,117.55,116.0,116.95,2477953
2025-06-25,117.77,117.96,115.8,115.95,2966371
2025-06-26,116.02,116.77,115.3501,116.25,3143566
2025-06-27,116.1,117.798,116.1,116.92,3578702
2025-06-30,116.5,118.06,116.3,118.0,3486743
2025-07-01,118.68,119.33,117.0,118.87,3498688
2025-07-02,118.09,118.415,116.0703,117.06,2834457
2025-07-03,117.0,117.88,116.47,117.31,1953866
2025-07-07,117.18,117.4156,116.58,117.29,2050635
2025-07-08,116.535,116.775,115.4,116.31,3135114
2025-07-09,116.31,117.4,115.54,117.17,2102883
2025-07-10,116.6,118.39,116.25,118.17,2072713
2025-07-11,117.73,117.8451,116.59,117.46,2098880
2025-07-14,117.28,118.6,116.73,117.93,2684895
2025-07-15,117.69,117.84,115.94,117.1,2431459
2025-07-16,116.875,118.12,116.75,117.79,2160778
2025-07-17,117.29,118.08,116.9999,117.46,2431009
2025-07-18,117.525,119.09,117.25,118.42,2475755
2025-07-21,118.5,120.28,118.45,119.83,2232508
2025-07-22,120.325,121.97,119.9,120.73,3194886
2025-07-23,120.82,120.83,118.9,119.51,3309641
2025-07-24,119.41,120.1,119.21,119.75,2133159
2025-07-25,119.73,120.39,119.59,119.93,2317108
2025-07-28,119.6,119.91,117.45,117.6,2930158
2025-07-29,118.01,119.53,117.69,119.49,2848094
2025-07-30,119.375,121.49,119.25,120.48,3432290
2025-07-31,120.025,121.78,119.5,121.64,5490970
2025-08-01,122.24,123.39,121.6784,122.91,4642885
2025-08-04,123.03,124.51,122.7,124.17,4065988
2025-08-05,126.51,127.85,123.97,124.0,6746885
2025-08-06,124.37,126.41,124.0,125.21,3813160
2025-08-07,124.72,126.34,124.7,125.93,2832095
2025-08-08,125.605,126.525,125.175,125.32,2643932
2025-08-11,125.68,125.9599,124.91,125.56,2244825
2025-08-12,125.39,125.58,123.355,124.47,3826797
2025-08-13,124.55,125.755,123.945,125.71,3009338
2025-08-14,125.425,125.7,124.0,124.26,3410300
2025-08-15,123.515,123.7,121.925,122.45,4024737
2025-08-18,123.0,123.0,121.333,121.46,3224705
2025-08-19,121.38,123.82,121.38,123.78,2908354
2025-08-20,124.5,125.95,124.175,124.48,3455774
2025-08-21,124.315,124.92,123.94,124.14,2084681
2025-08-22,124.605,125.25,123.33,124.34,2182882
2025-08-25,123.94,124.2201,122.87,123.11,2454676
2025-08-26,123.135,123.54,122.1,123.28,3102074
2025-08-27,123.5,123.845,122.76,123.68,2560906
2025-08-28,123.575,123.605,122.25,122.37,2496477
2025-08-29,122.31,123.19,122.11,122.49,2151190
2025-09-02,122.385,122.77,121.3709,121.89,2449073
2025-09-03,121.39,121.89,120.62,121.5,2152198
2025-09-04,122.11,122.45,120.38,120.87,3069900
2025-09-05,121.02,121.48,120.0425,120.61,1980898
2025-09-08,120.4,120.83,119.76,120.17,3069029
2025-09-09,120.25,121.03,119.9,120.38,2182991
2025-09-10,120.41,121.46,120.2,121.35,2104372
2025-09-11,121.065,122.23,120.97,122.11,2178094
2025-09-12,122.0,122.895,121.87,121.95,2136673
2025-09-15,121.65,122.645,121.62,122.37,2202802
2025-09-16,122.67,122.8299,120.2,120.25,4158500
2025-09-17,120.74,121.5,120.27,121.1,2438051
2025-09-18,120.03,121.12,119.69,120.39,2541133
2025-09-19,120.76,121.65,120.0,121.08,4842197
2025-09-22,121.16,122.01,120.73,121.58,2062227
2025-09-23,121.44,123.24,120.97,123.1,2123695
2025-09-24,123.13,123.95,122.95,123.64,2173067
2025-09-25,124.04,124.3,122.27,122.32,2285570
2025-09-26,122.14,123.44606,122.04,123.02,2644409
2025-09-29,123.05,123.08,121.32,122.8,4210105
2025-09-30,122.98,123.93,122.62,123.75,3719939
2025-10-01,123.625,123.82,122.315,122.39,2489317
2025-10-02,121.5,122.0799,120.94,121.57,3098938
2025-10-03,122.12,123.83,122.0,123.54,2761899
2025-10-06,123.67,124.46,122.78,124.38,2289408
2025-10-07,124.49,125.95,124.335,125.56,2723359
2025-10-08,126.32,126.32,124.395,125.23,2423176
2025-10-09,125.6,126.09,124.611,124.71,1500935
2025-10-10,125.28,127.27,125.02,127.02,2955425
2025-10-13,126.35,126.95,125.69,126.09,2136591
2025-10-14,126.835,128.49,126.2901,127.82,2713053
2025-10-15,128.05,128.99,127.07,128.67,3023324
2025-10-16,128.98,129.505,127.4,127.4,2785232
2025-10-17,128.17,128.65,127.12,128.53,3120888
2025-10-20,129.035,129.2,127.6901,128.94,3759458
2025-10-21,129.375,129.5,127.26,128.33,2629062
2025-10-22,128.37,130.03,127.4875,129.03,3143092
2025-10-23,129.53,129.86,127.17,127.26,2530977
2025-10-24,127.29,128.44,126.98,127.37,2175050
2025-10-27,127.0,127.575,126.26,127.49,2308411
2025-10-28,126.86,127.35,125.38,125.65,3159438
2025-10-29,125.6,126.07,123.815,124.29,3686439
2025-10-30,124.505,125.88,124.38,125.21,2666352
2025-10-31,124.555,124.93,123.75,124.3,2962010
2025-11-03,123.8219,124.0,122.27,123.67,3365837
2025-11-04,124.215,124.5099,123.49,123.83,3169808
2025-11-05,123.75,124.48,123.17,123.77,3822468
2025-11-06,123.6,124.86,123.4,124.0,4674724
2025-11-07,124.06,125.72,122.41,123.66,5457039
2025-11-10,123.05,123.68,121.835,122.93,4442405
2025-11-11,123.13,124.22,122.313,123.67,3101774
2025-11-12,123.74,124.29,123.43,123.9,3239116
2025-11-13,123.76,124.59,123.1003,123.59,3278003
2025-11-14,123.37,124.2,122.25,122.71,3878344
2025-11-17,123.245,125.21,122.8552,125.18,3879929
2025-11-18,125.51,125.93,123.79,123.8,3774274
2025-11-19,123.88,123.88,121.45,122.23,3410994
2025-11-20,122.25,122.98,121.86,122.54,2639228
2025-11-21,122.79,123.39,121.91,122.8,4407106
2025-11-24,123.16,123.41,121.4,122.09,3442653
2025-11-25,122.3,122.98,121.59,121.93,2835199
2025-11-26,122.41,123.595,121.95,123.43,3374751
2025-11-28,123.22,124.125,123.04,123.94,1439813
2025-12-01,123.44,123.46,120.67,120.75,4050608
2025-12-02,121.0,121.142,119.37,119.69,3554648
2025-12-03,119.87,120.56,118.3699,118.62,3328360
2025-12-04,118.495,119.44,117.84,117.97,3150968
2025-12-05,117.915,118.18,116.4,116.52,3983086
2025-12-08,116.22,116.42,114.13,115.22,5217240
2025-12-09,115.795,116.205,115.05,115.24,2929958
2025-12-10,115.27,115.4,113.895,114.0,3366712
2025-12-11,114.56,115.5,113.99,114.39,2992545
2025-12-12,114.5,115.35,114.4014,115.3,2955758
2025-12-15,115.7,116.95,115.41,116.73,3797308
2025-12-16,116.98,117.22,115.24,115.59,3222345
2025-12-17,115.48,117.91,115.395,117.43,4436714
2025-12-18,117.475,117.81,116.65,117.55,4610997
2025-12-19,117.38,117.49,115.55,115.56,6898929
2025-12-22,115.3,116.46,115.0,116.3,2477207
2025-12-23,116.375,117.19,116.12,116.79,3627782
2025-12-24,117.12,117.51,116.82,117.48,1060648
2025-12-26,117.24,117.8,116.7701,117.18,1440329
2025-12-29,117.27,118.03,117.08,117.52,2489135
2025-12-30,117.32,117.94,117.25,117.68,1835231
2025-12-31,117.7,117.8074,117.1,117.21,1973886
2026-01-02,117.27,118.07,116.38,117.44,2619778
2026-01-05,116.97,117.0,115.1,116.81,4310560
2026-01-06,116.76,117.91,116.4,117.74,3303698
2026-01-07,118.13,118.3,115.95,116.19,3227807
2026-01-08,116.5,118.6,116.19,117.32,3214131
2026-01-09,117.5,118.26,116.76,116.8,2885014
2026-01-12,116.79,117.49,116.27,116.71,3007805
2026-01-13,116.48,117.56,115.98,117.39,3284132
2026-01-14,117.585,119.29,117.35,118.68,4555065
2026-01-15,118.705,119.41,118.45,118.9,3716377
2026-01-16,118.7,119.4,117.86,119.22,4500069
2026-01-20,119.07,119.64657,118.1,119.55,4595325
2026-01-21,120.0,120.8399,118.455,119.37,4751758
2026-01-22,119.2025,119.51,117.62,117.71,3807207
2026-01-23,117.8,117.94,116.25,117.43,4491029
2026-01-26,118.08,119.7,118.0101,118.78,3955560
2026-01-27,118.85,120.32,118.2,120.29,4813167
2026-01-28,120.0,121.1,119.6,120.24,4463690
2026-01-29,120.445,121.74,120.29,120.89,4298358
2026-01-30,120.72,121.43,120.1,121.35,5603156
2026-02-02,121.5,122.0,119.0365,119.49,4272958
2026-02-03,119.625,121.9,119.48,121.67,4169289
2026-02-04,122.32,123.35,121.61,122.21,5679747
2026-02-05,123.025,124.05,122.43,123.41,4224130
2026-02-06,124.1,124.28,121.34,121.86,4412237
2026-02-09,121.595,122.06,120.78,121.72,4288537
2026-02-10,122.25,124.365,120.46,123.64,6609052
2026-02-11,123.44,125.4,122.92,125.2,5980266
2026-02-12,125.6,128.085,125.31,126.11,7094971
2026-02-13,125.11,128.26,124.975,128.2,5569375
2026-02-17,128.35,129.0,126.17,126.71,4252985
2026-02-18,126.9,126.9,124.78,125.24,4111677
2026-02-19,125.76,126.76,125.3,126.37,5483566
2026-02-20,127.0,127.31,125.08,126.78,5039572
2026-02-23,126.89,128.61,126.805,127.79,4891378
2026-02-24,127.77,128.565,126.52,128.46,4232204
2026-02-25,128.19,129.17,126.2841,128.93,3854303
2026-02-26,128.24,129.8,128.24,129.23,3737792
2026-02-27,129.87,131.57,129.295,130.85,4691367
2026-03-02,131.04,132.2,130.55,131.63,5034368
2026-03-03,131.075,132.3,128.49,131.43,3579793
2026-03-04,131.42,132.655,130.56,131.88,3702772
2026-03-05,131.465,131.73,129.53,131.61,4860826
2026-03-06,131.4,132.63,130.23,132.5,5040992
2026-03-09,131.85,132.48,130.54,131.08,7057215
2026-03-10,129.5,130.69,128.55,129.69,8176615
2026-03-11,129.65,130.5,129.155,130.03,4249915
2026-03-12,130.03,133.2,129.96,131.82,5842331
2026-03-13,132.49,134.12,132.49,133.15,4710196
2026-03-16,133.96,134.27,133.05,133.46,4974222
2026-03-17,134.48,134.49,132.79,132.95,3948836
2026-03-18,132.5,132.635,130.7,130.75,3454698
2026-03-19,131.14,131.41,128.88,129.74,5543056
2026-03-20,130.39,130.54,126.77,126.81,7644784
2026-03-23,127.89,128.115,126.95,127.34,4320716
2026-03-24,127.0,129.089,126.85,127.38,4423818
2026-03-25,128.2,129.0,127.18,128.16,3369120
2026-03-26,128.33,129.875,127.895,129.38,3182301
2026-03-27,129.55,131.21,129.02,129.99,4797797
2026-03-30,131.45,132.71,131.065,131.71,3968866
2026-03-31,132.66,132.66,129.75,130.94,5376255
2026-04-01,130.43,131.87,129.86,130.9,4314934
2026-04-02,131.9,133.03,130.9,132.22,3720737
2026-04-06,131.63,132.7,131.0,131.41,2819877
2026-04-07,131.5,132.88,131.15,131.82,2563318
2026-04-08,130.32,131.66,129.46,131.6,3716796
2026-04-09,131.28,134.13,131.28,133.0,3118810
2026-04-10,132.41,133.52,131.79,131.79,2758891
2026-04-13,131.83,132.12,129.75,130.4,3580020
2026-04-14,129.85,130.1,128.38,129.78,2506530
2026-04-15,129.25,129.25,127.93,127.98,3295090
2026-04-16,127.73,129.0071,127.12,128.63,2712749
2026-04-17,127.51,128.2,125.93,128.03,3461602
2026-04-20,128.13,129.18,127.575,127.86,2710629
2026-04-21,128.47,128.5053,125.64,125.67,2842766
2026-04-22,126.75,127.26,124.9,125.25,3053316
2026-04-23,126.4,128.315,126.0,128.04,2624842
2026-04-24,127.79,128.245,126.77,127.27,2399805
2026-04-27,127.66,128.34,126.86,127.09,2322748
2026-04-28,128.47,128.6,127.095,127.8,2167016
2026-04-29,127.31,127.94,126.35,126.51,2322113
2026-04-30,127.03,129.84,126.11,129.55,3799645
2026-05-01,129.44,130.7,128.59,128.6,2578998
2026-05-04,128.0,129.0,126.75,127.45,3365786
2026-05-05,128.9,129.29,127.56,127.58,3994391
2026-05-06,127.04,127.49,124.995,125.54,5946957
2026-05-07,125.0,125.1,124.05,124.87,3296394
2026-05-08,125.04,125.69,123.425,124.17,2586104
2026-05-11,124.53,125.36,124.38,124.9,2256386
2026-05-12,125.0,125.83,123.85,125.07,3338335
2026-05-13,123.99,124.53,122.84,123.9,3404378
2026-05-14,123.9,124.4,123.41,124.31,2483056
2026-05-15,122.95,123.26,120.9,120.95,3832094
2026-05-18,121.8,122.95,121.2,122.84,2865546
2026-05-19,122.81,124.66,122.51,124.56,4381855
2026-05-20,124.7,125.2,123.67,123.81,3988809
2026-05-21,123.68,124.81,123.25,124.66,2206019
2026-05-22,124.445,125.885,124.2201,125.67,2446582
2026-05-26,125.7,125.81,124.95,124.97,2877244
2026-05-27,124.52,125.65,124.12,125.35,3129216
2026-05-28,125.16,125.95,123.65,123.76,3048242
2026-05-29,123.96,124.4221,122.29,122.73,3903389
2026-06-01,121.42,122.16,119.792,119.89,3215694
2026-06-02,120.06,121.24,119.76,121.09,3445125
2026-06-03,121.34,123.47,121.0,121.04,3499876
2026-06-04,121.58,122.72,120.1,121.82,3482324
2026-06-05,122.5,125.3,122.265,124.22,3362921
2026-06-08,123.87,124.5599,121.9,122.05,3058966
2026-06-09,122.39,124.9,121.61,123.82,3009487
2026-06-10,124.99,125.605,123.45,125.04,2883124
2026-06-11,125.54,126.25,124.08,124.19,3286823
2026-06-12,124.69,125.49,124.23,124.97,2451312
2026-06-15,124.0,126.0175,123.058,125.28,4018965
2026-06-16,125.02,126.97,125.0,126.06,3559554
2026-06-17,125.2,125.81,123.01,123.73,3266675
2026-06-18,123.0,125.25,122.83,123.86,8866455
2026-06-22,123.48,124.72,123.35,123.52,3802813
2026-06-23,124.75,125.58,123.45,125.05,3674199
2026-06-24,125.86,126.54,124.73,126.53,4420077
2026-06-25,126.69,128.16,125.716,127.11,3985416
2026-06-26,127.85,128.48,127.5,128.4,4450331
2026-06-29,128.27,128.65,127.6014,128.33,2818790
2026-06-30,127.65,127.93,126.39,126.58,3882495
2026-07-01,126.58,126.81,125.235,125.77,4257317
