date,open,high,low,close,volume
2005-02-25,24.8079,25.1237,24.8079,25.105,67432
2005-02-28,25.0932,25.1847,24.734,24.8994,81158
2005-03-01,24.9377,25.1237,24.6966,25.0499,150851
2005-03-02,25.0243,25.4573,24.859,25.1788,309843
2005-03-03,25.1936,25.4208,25.0243,25.1493,166989
2005-03-04,25.1493,25.6807,25.0636,25.6571,164732
2005-03-07,25.5232,25.7279,25.4208,25.6875,111627
2005-03-08,25.6443,25.6807,25.3353,25.5232,81605
2005-03-09,25.4869,25.4869,24.6593,24.6593,250711
2005-03-10,24.6966,25.0243,24.554,24.8924,102431
2005-03-11,24.8433,24.8433,24.243,24.427,49481
2005-03-14,24.4142,24.8511,24.3453,24.8433,46457
2005-03-15,24.9122,25.3137,24.7026,24.7026,158695
2005-03-16,24.6593,24.9987,24.5332,24.6021,79803
2005-03-17,24.6593,24.6593,24.2607,24.4595,66824
2005-03-18,24.6593,24.7212,24.3946,24.5106,142101
2005-03-21,24.5392,24.5795,24.2833,24.4142,55966
2005-03-22,24.3522,24.4595,24.1397,24.1711,87492
2005-03-23,24.1317,24.1317,23.7589,24.0274,171819
2005-03-24,24.1161,24.2351,24.0274,24.2272,76328
2005-03-28,24.183,24.2144,23.875,24.0226,78287
2005-03-29,24.0226,24.3946,23.9074,24.3946,204553
2005-03-30,24.2941,24.4969,24.1317,24.427,122035
2005-03-31,24.427,24.7635,24.0767,24.1968,112233
2005-04-01,24.3296,24.4595,23.9311,24.0117,82821
2005-04-04,24.0117,24.363,23.9419,24.363,67730
2005-04-05,24.363,24.4595,24.2567,24.3946,69240
2005-04-06,24.3296,24.7282,24.3296,24.4457,79346
2005-04-07,24.4525,24.6435,24.3079,24.5795,33493
2005-04-08,24.5175,24.5943,24.3866,24.3866,45409
2005-04-11,24.3866,24.4024,24.1593,24.1593,56716
2005-04-12,24.1643,24.8433,23.8484,24.7576,125509
2005-04-13,24.5943,24.859,24.545,24.6317,60191
2005-04-14,24.734,24.8255,24.2941,24.3453,66673
2005-04-15,23.9723,24.0767,23.6131,24.0767,130184
2005-04-18,24.0767,24.0767,23.746,23.9793,89606
2005-04-19,24.0274,24.1397,23.8386,24.1397,67581
2005-04-20,24.2676,24.3158,23.8642,24.3158,144968
2005-04-21,24.3946,24.7635,24.3001,24.7635,186907
2005-04-22,24.8079,24.8079,24.427,24.6966,149341
2005-04-25,24.6966,25.0243,24.6593,24.9771,89606
2005-04-26,24.9122,25.0243,24.8255,24.9584,68787
2005-04-27,24.9584,25.4514,24.859,25.4514,86136
2005-04-28,25.3559,25.3884,25.0932,25.1001,71953
2005-04-29,25.1237,25.3559,25.0558,25.3411,79803
2005-05-02,25.3411,25.4691,25.292,25.3835,97143
2005-05-03,25.3215,25.6491,25.2358,25.5596,62002
2005-05-04,25.5537,25.8194,25.4573,25.7534,50535
2005-05-05,25.6875,26.1048,25.6068,26.1048,65619
2005-05-06,26.1048,26.1707,25.8696,26.0191,82666
2005-05-09,26.0191,26.7336,25.9877,26.7336,100318
2005-05-10,26.6815,27.141,26.2504,27.081,110120
2005-05-11,27.1114,27.1459,26.5948,27.1459,96694
2005-05-12,27.1114,27.1538,26.7149,26.7552,68336
2005-05-13,26.7149,26.7149,26.5151,26.582,90956
2005-05-16,26.4827,26.6677,26.4827,26.6096,92318
2005-05-17,26.5043,26.7149,26.4827,26.7149,136373
2005-05-18,26.8133,27.0199,26.6745,26.9875,79346
2005-05-19,26.8822,27.1459,26.8675,27.0751,203497
2005-05-20,27.141,27.141,26.7336,26.9196,77234
2005-05-23,26.9806,27.1587,26.9806,27.141,88548
2005-05-24,27.0052,27.141,26.8399,27.0977,66974
2005-05-25,27.0455,27.081,26.4442,26.5151,118870
2005-05-26,26.5496,26.8477,26.5151,26.6893,111627
2005-05-27,26.709,26.9875,26.6224,26.9875,31825
2005-05-31,26.8527,27.0977,26.7484,26.8477,91870
2005-06-01,26.8527,27.3388,26.7906,27.265,256445
2005-06-02,27.2129,27.3781,27.1332,27.1794,92922
2005-06-03,27.1114,27.3102,27.0977,27.1794,101824
2005-06-06,27.0455,27.4008,27.0455,27.3447,63357
2005-06-07,27.4421,28.0168,27.4421,27.5848,133350
2005-06-08,27.5848,27.9489,27.5848,27.7737,73615
2005-06-09,27.7629,28.2126,27.6104,28.0729,122640
2005-06-10,28.0414,28.1732,27.9312,28.0414,46162
2005-06-13,27.9725,28.2126,27.9085,28.1654,129277
2005-06-14,28.1398,28.8374,28.1083,28.803,260976
2005-06-15,28.803,29.239,28.683,29.239,113593
2005-06-16,29.2006,29.6986,29.0747,29.6798,129581
2005-06-17,29.7645,30.3273,29.731,30.2909,303213
2005-06-20,30.2614,30.6589,30.2152,30.4995,259920
2005-06-21,30.4995,30.8391,30.4927,30.7534,203949
2005-06-22,30.7534,30.7534,29.8993,30.2555,644435
2005-06-23,30.2693,30.4887,30.0981,30.1355,155527
2005-06-24,30.2044,30.2152,29.1051,29.1691,267758
2005-06-27,29.1366,29.2597,28.9802,29.2331,171819
2005-06-28,29.2665,29.9701,29.2597,29.8294,120986
2005-06-29,29.8294,29.8294,29.5686,29.8235,105448
2005-06-30,29.8097,30.1099,29.7989,30.1099,128076
2005-07-01,30.0636,30.1315,29.917,30.1315,95187
2005-07-05,30.0636,31.0467,30.042,30.9955,206816
2005-07-06,30.9591,31.2494,30.9591,31.1175,135315
2005-07-07,30.9591,31.3625,30.9591,31.1884,125205
2005-07-08,31.1244,31.581,31.1244,31.4757,137880
2005-07-11,31.7512,32.3269,31.5535,31.952,142855
2005-07-12,31.9205,31.952,31.6332,31.9126,163370
2005-07-13,32.0179,32.0179,31.395,31.5073,101072
2005-07-14,31.7434,31.766,30.8439,31.0171,546228
2005-07-15,30.6944,30.9887,30.5753,30.7131,147380
2005-07-18,30.7603,30.8833,30.4012,30.6973,141193
2005-07-19,30.8263,30.966,30.6944,30.8912,88548
2005-07-20,30.8764,31.09,30.5753,31.09,117063
2005-07-21,30.9887,31.2947,30.6973,30.7987,95187
2005-07-22,30.8577,31.025,30.7652,31.025,131240
2005-07-25,31.1569,31.3163,30.9709,31.1569,152058
2005-07-26,31.1569,31.7572,31.1509,31.6204,111177
2005-07-27,31.6204,31.6795,31.3222,31.5121,210585
2005-07-28,31.6007,32.0671,31.5594,31.9314,186146
2005-07-29,31.9392,32.0868,31.766,31.9205,100766
2005-08-01,31.9058,31.9835,31.6873,31.9678,92620
2005-08-02,31.8969,32.0514,31.6548,31.952,167896
2005-08-03,31.8536,32.0435,31.7512,31.8664,71656
2005-08-04,31.8172,31.8251,30.8833,30.8833,204403
2005-08-05,30.7603,30.7603,29.18,29.4712,268815
2005-08-08,29.3079,29.3452,28.2126,28.4596,202744
2005-08-09,28.4704,28.8434,28.1949,28.5718,186604
2005-08-10,28.7371,29.4358,28.677,28.8572,181929
2005-08-11,28.9083,29.2242,28.8099,29.1425,156735
2005-08-12,29.301,29.6159,28.7577,29.486,167746
2005-08-15,29.5755,30.1099,29.3669,29.8412,112384
2005-08-16,29.9623,30.0026,29.7861,29.7861,76328
2005-08-17,29.7595,29.857,29.4929,29.672,71656
2005-08-18,29.5686,29.672,29.2735,29.5302,95790
2005-08-19,29.4643,29.7369,29.3669,29.5755,94434
2005-08-22,29.7369,29.8294,29.6159,29.7232,111026
2005-08-23,29.6582,29.6582,28.8572,28.8572,366723
2005-08-24,28.9753,29.2331,28.8828,28.9231,182681
2005-08-25,28.8867,29.1691,28.8374,29.0284,86891
2005-08-26,29.0442,29.1494,28.8374,29.0362,137274
2005-08-29,28.9005,29.1131,28.745,28.9635,108460
2005-08-30,29.052,29.0579,28.8374,28.9437,101072
2005-08-31,28.9861,29.6986,28.8512,29.6986,267758
2005-09-01,29.8294,30.2555,29.5981,30.0203,175895
2005-09-02,30.0981,30.5812,30.0981,30.3942,190671
2005-09-06,30.4927,31.4068,30.4012,31.0624,155527
2005-09-07,31.0812,31.4482,30.9188,31.1627,130937
2005-09-08,31.09,31.3222,30.7052,30.9591,136818
2005-09-09,30.9591,31.3163,30.9453,31.2071,85682
2005-09-12,31.276,31.6204,31.2307,31.5535,116458
2005-09-13,31.5535,31.7512,31.456,31.4915,169253
2005-09-14,31.5535,31.6204,31.2238,31.4226,112233
2005-09-15,31.401,31.5003,31.2434,31.3911,243622
2005-09-16,31.5121,31.5535,31.2002,31.2888,211193
2005-09-19,31.2888,31.2888,30.6944,30.8065,74823
2005-09-20,30.8705,31.0604,30.4927,30.5606,99255
2005-09-21,30.4809,30.5684,30.0715,30.3942,112835
2005-09-22,30.4592,30.7052,30.3804,30.5399,266856
2005-09-23,30.6255,30.7603,30.3942,30.5684,142101
2005-09-26,30.6589,31.09,30.6589,30.9266,78745
2005-09-27,30.966,31.0171,30.5999,30.9108,124905
2005-09-28,30.9108,30.9108,30.4927,30.5999,103789
2005-09-29,30.6255,30.7849,30.4277,30.718,143307
2005-09-30,30.7721,30.9512,30.6973,30.8331,161865
2005-10-03,30.8912,31.2238,30.7652,31.2238,105448
2005-10-04,31.1382,31.4266,31.025,31.025,100914
2005-10-05,30.9404,30.9404,29.9052,29.9052,117210
2005-10-06,29.9573,30.4927,29.7861,30.1758,151457
2005-10-07,30.1227,30.2781,29.7861,30.1099,80856
2005-10-10,30.7376,30.7376,29.793,29.8766,119773
2005-10-11,29.9623,30.0764,29.052,29.052,124752
2005-10-12,28.9635,29.0865,28.5383,29.0362,232760
2005-10-13,28.9507,29.2331,28.6702,29.0078,109818
2005-10-14,29.301,29.7458,29.0156,29.7458,139836
2005-10-17,29.666,29.6858,29.0923,29.5686,267609
2005-10-18,29.5933,29.6986,29.2006,29.2006,101824
2005-10-19,29.18,29.9347,28.8099,29.8993,190073
2005-10-20,29.8993,29.8993,29.0687,29.0687,101523
2005-10-21,29.0747,29.4998,29.0747,29.4457,98959
2005-10-24,29.4358,30.4533,29.4358,30.4493,121286
2005-10-25,30.4927,30.4927,29.9997,30.3135,101523
2005-10-26,30.3135,30.7131,30.223,30.4927,231705
2005-10-27,30.4927,30.6255,30.0764,30.0764,193998
2005-10-28,30.4927,30.7318,30.2309,30.5606,141652
2005-10-31,30.4661,31.0694,30.4661,30.9266,95940
2005-11-01,30.8577,30.9591,30.4809,30.9108,180419
2005-11-02,31.0624,31.4226,30.8912,31.4226,173025
2005-11-03,31.52,31.8172,31.1244,31.1382,155075
2005-11-04,31.1569,31.3222,30.7603,30.9404,153114
2005-11-07,31.0604,31.3271,30.7239,31.1509,86283
2005-11-08,30.8193,31.2947,30.7052,31.1884,176041
2005-11-09,31.1884,32.2896,31.1884,32.1823,235629
2005-11-10,32.1823,32.449,31.8536,32.3938,226879
2005-11-11,32.1971,32.4824,32.1104,32.4706,150700
2005-11-14,32.2177,32.2482,31.2002,31.6548,322668
2005-11-15,31.7198,31.9392,31.4226,31.5672,86136
2005-11-16,31.6548,31.6941,31.3911,31.6795,127916
2005-11-17,31.7512,32.5237,31.705,32.4775,115255
2005-11-18,32.6428,32.6428,32.2265,32.3938,113743
2005-11-21,32.3938,32.4628,32.0671,32.1971,101973
2005-11-22,32.1311,32.2708,32.1164,32.1715,75124
2005-11-23,32.0976,32.2305,32.0868,32.2177,93375
2005-11-25,32.1518,32.256,32.1036,32.1518,24738
2005-11-28,32.1164,32.1901,31.5003,31.5003,149944
2005-11-29,31.6548,32.0121,31.5958,31.8802,410161
2005-11-30,31.8733,32.3181,31.8733,32.1971,232459
2005-12-01,32.3102,32.7471,32.2708,32.7323,187659
2005-12-02,32.6507,32.8869,32.4086,32.8741,127467
2005-12-05,32.9478,32.9478,32.6094,32.6428,168801
2005-12-06,33.2726,33.2726,32.568,32.568,63960
2005-12-07,32.6162,32.6162,32.1518,32.3181,72257
2005-12-08,32.3181,32.4086,31.9392,32.1823,140136
2005-12-09,32.2433,32.8416,32.2433,32.7826,153720
2005-12-12,32.8809,32.8809,32.3751,32.4942,102730
2005-12-13,32.4824,32.7147,32.3703,32.6684,69240
2005-12-14,32.6802,32.9734,32.568,32.8505,98202
2005-12-15,32.811,33.0611,32.5355,32.6428,89606
2005-12-16,32.7471,33.1181,32.7185,33.1181,224923
2005-12-19,32.4883,33.0463,32.0671,32.0868,78142
2005-12-20,32.0514,32.2029,31.6548,31.7946,434754
2005-12-21,32.449,32.811,32.1518,32.4548,185545
2005-12-22,32.449,32.8032,32.1901,32.7628,86283
2005-12-23,32.7944,33.1102,32.7944,33.0611,68181
2005-12-27,32.999,33.1446,32.5926,32.6507,85232
2005-12-28,32.6802,32.7826,32.2482,32.4548,54453
2005-12-29,32.5237,32.755,32.3269,32.6428,90808
2005-12-30,32.4824,32.4824,31.9795,32.1518,110422
2006-01-03,32.3181,33.2175,31.9058,33.1446,131692
2006-01-04,33.1446,33.1446,32.7698,32.7698,88548
2006-01-05,32.7185,33.1446,32.7087,33.0797,122792
2006-01-06,33.7026,33.7026,32.9478,33.4202,132292
2006-01-09,33.4428,33.675,33.2982,33.4802,104083
2006-01-10,33.31,34.1396,33.304,33.9742,117961
2006-01-11,33.9664,33.9664,33.1584,33.5343,125810
2006-01-12,33.5343,33.6111,33.1584,33.372,219187
2006-01-13,33.4093,33.6298,33.1811,33.6298,77384
2006-01-17,33.5422,33.5422,32.9518,33.3168,127168
2006-01-18,32.9321,33.0108,32.568,32.7147,372303
2006-01-19,32.7471,33.0108,32.7255,32.9134,119923
2006-01-20,33.1102,33.1653,32.8268,33.1328,157636
2006-01-23,33.1328,33.31,32.9134,32.9951,118569
2006-01-24,33.1102,33.2371,32.9666,33.1584,325080
2006-01-25,33.1446,33.3965,33.0797,33.31,233065
2006-01-26,33.4664,33.5501,33.2647,33.5501,209833
2006-01-27,33.5422,33.7351,33.4596,33.6898,158243
2006-01-30,33.7557,33.8748,33.5422,33.7429,254637
2006-01-31,33.675,33.9023,33.5757,33.8404,275455
2006-02-01,33.8404,34.3452,33.7026,34.0401,136669
2006-02-02,34.0076,34.4318,34.0076,34.2202,260367
2006-02-03,34.1267,34.8707,33.9201,34.5046,271828
2006-02-06,34.5262,34.5548,33.7882,34.5046,371696
2006-02-07,34.3698,34.5784,34.0745,34.1602,282846
2006-02-08,34.1396,34.3402,33.8689,34.3068,136969
2006-02-09,34.3402,34.6994,34.2419,34.477,201233
2006-02-10,33.8473,34.8018,33.8473,34.7408,164579
2006-02-13,34.663,34.8284,34.5361,34.669,98202
2006-02-14,34.8018,35.2476,34.7172,35.0429,138935
2006-02-15,34.9671,35.467,34.8707,35.467,110579
2006-02-16,36.0919,36.0919,35.2721,35.6501,206816
2006-02-17,35.0222,36.0663,35.0222,36.0191,167289
2006-02-21,36.0191,36.088,35.7573,36.0191,290543
2006-02-22,35.9964,36.8712,35.8124,36.6902,185701
2006-02-23,36.396,37.0504,36.2611,36.8113,139387
2006-02-24,36.7256,36.7256,36.2266,36.3201,154174
2006-02-27,36.2789,36.396,36.1283,36.2266,76484
2006-02-28,36.0919,36.1283,35.4011,35.9964,169253
2006-03-01,35.9925,36.0348,35.6195,35.9964,173327
2006-03-02,35.8626,35.9413,35.4591,35.8842,133957
2006-03-03,35.7298,35.9571,35.6501,35.6855,143910
2006-03-06,35.0557,36.454,35.0557,36.4196,144214
2006-03-07,35.7879,36.6519,35.7879,36.6095,225677
2006-03-08,36.5121,37.0543,36.1283,36.8545,124905
2006-03-09,36.8939,37.2885,36.5938,36.76,184643
2006-03-10,36.76,37.0228,36.6833,37.0228,207872
2006-03-13,37.0228,37.1153,36.7462,36.8486,146019
2006-03-14,36.8486,37.5286,36.8053,37.5207,159750
2006-03-15,37.4548,38.3965,37.4548,38.2942,233665
2006-03-16,38.3148,38.9456,38.3148,38.737,221598
2006-03-17,38.737,38.737,38.1023,38.4812,497505
2006-03-20,38.3148,38.3286,37.44,38.1515,196861
2006-03-21,38.1298,38.1515,37.2629,37.3495,103789
2006-03-22,37.255,37.6841,36.9707,37.6191,152810
2006-03-23,37.5532,37.6319,37.3269,37.4548,128372
2006-03-24,37.4548,37.5394,37.3023,37.4214,107401
2006-03-27,37.3573,37.3653,37.1153,37.1557,60191
2006-03-28,37.1359,37.44,37.1104,37.2885,109218
2006-03-29,37.9212,37.9498,37.3573,37.9272,133200
2006-03-30,37.8976,37.9212,37.0435,37.1222,83270
2006-03-31,37.0543,37.0916,35.718,36.2946,252826
2006-04-03,36.2946,36.3055,34.669,35.0429,310900
2006-04-04,35.0222,35.4011,34.7221,35.0606,195353
2006-04-05,35.1718,35.467,35.0016,35.2801,185545
2006-04-06,35.1344,35.1639,34.5913,34.8707,304111
2006-04-07,34.7693,34.9219,33.9123,33.9536,175438
2006-04-10,34.4702,34.8018,34.2714,34.6001,580623
2006-04-11,34.6168,34.8815,34.5262,34.5617,285108
2006-04-12,33.9319,35.0016,33.9319,34.7831,488451
2006-04-13,34.7477,34.7477,34.1798,34.4495,205612
2006-04-17,34.4397,34.4397,33.675,33.8178,177403
2006-04-18,33.5697,34.356,33.5697,34.0401,146473
2006-04-19,35.9325,36.0712,35.0999,35.9964,668570
2006-04-20,35.9964,36.1844,35.5831,35.9875,170914
2006-04-21,36.3133,36.3133,35.6786,35.7947,218129
2006-04-24,35.8626,35.8626,35.034,35.0862,267909
2006-04-25,35.0999,35.0999,34.2645,34.7044,464170
2006-04-26,34.8018,34.8018,34.3068,34.5617,501725
2006-04-27,34.4033,35.531,34.2763,35.034,341378
2006-04-28,34.4033,35.5831,34.4033,35.1344,299136
2006-05-01,35.2987,35.4395,34.8707,34.9553,179207
2006-05-02,35.0655,35.3312,34.789,35.3312,242265
2006-05-03,35.6313,35.7879,35.3165,35.4395,273793
2006-05-04,35.4395,36.1952,35.4395,36.1351,116458
2006-05-05,36.4569,36.5288,35.6313,35.6963,250564
2006-05-08,35.6904,35.6904,35.3115,35.5054,194749
2006-05-09,35.3401,36.1509,35.1344,36.1509,508667
2006-05-10,36.2611,36.2729,35.5388,35.5831,109517
2006-05-11,35.5526,35.6265,34.6119,34.6237,233367
2006-05-12,34.6237,34.6237,33.8226,33.8748,132747
2006-05-15,33.7085,34.8018,33.2451,34.6994,184643
2006-05-16,34.604,35.0921,34.5361,34.6365,186449
2006-05-17,34.2714,34.5489,34.1396,34.2763,193240
2006-05-18,34.3973,34.9051,33.9604,33.9958,166541
2006-05-19,33.8276,34.4633,33.496,34.0401,149040
2006-05-22,34.0401,34.2714,33.675,34.173,229444
2006-05-23,34.604,34.7379,33.3789,33.3789,153720
2006-05-24,33.2775,33.4802,32.6939,33.2775,159447
2006-05-25,33.5422,34.2419,33.5018,34.2419,143007
2006-05-26,34.4033,34.7693,34.1326,34.3521,87943
2006-05-30,34.1848,34.2763,33.4802,33.7509,198371
2006-05-31,33.6612,33.9664,33.1811,33.4802,230349
2006-06-01,33.5422,34.7379,33.5422,34.7379,593897
2006-06-02,35.1344,35.7947,35.0655,35.7504,341079
2006-06-05,35.6501,36.396,35.6451,35.7839,279073
2006-06-06,35.9492,36.2611,35.6383,35.9413,216471
2006-06-07,35.9738,36.4796,35.7298,35.9413,256445
2006-06-08,35.8301,36.575,35.7426,36.3291,220847
2006-06-09,36.3605,37.0179,36.3291,36.7334,250110
2006-06-12,36.6233,36.639,35.8419,35.8419,201838
2006-06-13,35.8035,36.396,35.6638,35.6638,194900
2006-06-14,35.5969,35.8419,35.3165,35.531,234725
2006-06-15,35.6638,36.9421,35.6638,36.8998,255846
2006-06-16,36.7334,36.7699,36.0663,36.2611,572022
2006-06-19,36.396,36.396,35.6638,36.1687,184796
2006-06-20,36.388,36.4038,35.4345,35.6117,200632
2006-06-21,35.6038,36.0663,35.5674,35.7947,184189
2006-06-22,35.7947,36.0919,35.4395,35.9797,176190
2006-06-23,35.9492,36.0663,35.6117,35.7228,123396
2006-06-26,35.8882,35.9659,35.5388,35.8301,251618
2006-06-27,35.9256,36.1115,35.7356,35.897,184796
2006-06-28,35.8538,36.4569,35.7947,36.4392,185243
2006-06-29,36.4569,37.0543,36.2611,37.0543,328101
2006-06-30,37.0543,37.3859,36.764,36.9578,466732
2006-07-03,36.9765,37.7264,36.8712,37.7185,103484
2006-07-05,37.4893,37.8385,36.949,37.5866,188866
2006-07-06,37.5866,37.7844,37.3859,37.5866,123245
2006-07-07,37.4214,37.5866,36.7935,36.8998,141652
2006-07-10,36.8998,37.1222,36.4933,37.0179,269570
2006-07-11,36.8545,37.3082,36.6301,37.2284,354349
2006-07-12,37.1557,37.1891,36.9244,37.0622,181473
2006-07-13,37.3199,37.5139,36.6902,36.7462,256445
2006-07-14,36.7462,36.8545,36.0919,36.3674,150248
2006-07-17,36.2021,36.6183,36.2021,36.4392,201233
2006-07-18,36.1952,36.6056,36.0112,36.5013,294459
2006-07-19,36.5938,37.5207,36.5662,37.4548,321767
2006-07-20,37.4735,37.6467,36.6056,36.6056,195953
2006-07-21,36.3605,36.5209,35.7356,36.3605,316486
2006-07-24,36.4629,37.1557,36.4146,37.068,422383
2006-07-25,36.9903,37.7185,36.949,37.6064,281639
2006-07-26,37.44,37.5866,37.2412,37.3573,194449
2006-07-27,37.5207,37.5866,37.0228,37.255,177403
2006-07-28,37.3317,38.2499,37.3317,38.1633,228088
2006-07-31,37.8651,37.9812,37.4066,37.8651,170007
2006-08-01,37.7402,37.9754,37.3199,37.7264,140589
2006-08-02,37.8593,38.3897,37.8593,38.2095,198063
2006-08-03,38.0472,38.7665,38.0472,38.6711,184040
2006-08-04,38.0541,38.308,37.255,37.997,531450
2006-08-07,37.8189,38.2095,37.6545,37.9901,225522
2006-08-08,37.9812,38.3827,37.7992,37.9812,431281
2006-08-09,38.0629,38.4496,37.8189,38.0767,349221
2006-08-10,37.6191,38.5717,37.6191,38.1377,236678
2006-08-11,37.7588,38.0541,37.7588,37.9458,295969
2006-08-14,37.6388,38.7203,37.6388,38.2499,205307
2006-08-15,38.3286,38.6288,37.939,38.2155,168499
2006-08-16,38.117,38.4142,38.117,38.2637,130184
2006-08-17,38.677,39.9001,38.617,39.2654,607176
2006-08-18,39.3786,39.4426,38.677,39.1906,288124
2006-08-21,39.0853,39.4091,38.9456,39.3116,377730
2006-08-22,39.1798,39.7083,38.8128,39.5745,3471381
2006-08-23,39.5745,39.7427,39.2447,39.3619,492677
2006-08-24,39.3619,39.4622,39.0046,39.3254,311502
2006-08-25,39.2103,39.481,39.105,39.4091,256898
2006-08-28,39.2763,39.7752,39.2654,39.6552,360980
2006-08-29,39.6689,39.8076,39.4504,39.7752,268664
2006-08-30,39.8411,40.1738,39.661,40.1255,232610
2006-08-31,40.1255,40.2997,40.0006,40.0389,198219
2006-09-01,40.1077,40.4798,40.1077,40.1442,229747
2006-09-05,40.1806,40.5408,40.1738,40.527,143154
2006-09-06,40.3636,40.3912,39.971,39.9916,358119
2006-09-07,39.8284,40.0261,39.4957,39.6089,315432
2006-09-08,39.7752,39.8136,39.5085,39.7368,314671
2006-09-11,39.6826,40.0438,39.5085,39.8696,181776
2006-09-12,39.786,40.6569,39.6826,40.5703,212549
2006-09-13,40.5024,40.709,40.3951,40.5969,197913
2006-09-14,40.6687,40.7051,40.336,40.7051,254785
2006-09-15,40.9147,41.1125,40.3863,40.5969,526770
2006-09-18,40.466,40.6569,40.0822,40.4177,245281
2006-09-19,40.3498,40.6569,39.9779,40.3715,198818
2006-09-20,40.4315,41.0013,40.3242,40.4906,212093
2006-09-21,40.403,40.4965,39.9139,40.1658,245737
2006-09-22,40.0261,40.1117,39.7083,40.1019,310603
2006-09-25,40.2318,40.2318,39.6089,40.032,302302
2006-09-26,40.032,40.4247,39.7811,40.3636,489661
2006-09-27,40.2101,41.0928,40.1924,40.9009,344692
2006-09-28,40.9619,41.1528,40.6293,41.1459,417705
2006-09-29,41.1528,41.2591,40.5841,40.5841,408654
2006-10-02,40.4798,40.7976,39.9415,40.4099,198219
2006-10-03,40.3912,40.7523,40.2663,40.5496,266555
2006-10-04,40.4177,41.4264,40.4177,41.2887,346657
2006-10-05,41.1666,42.4528,41.1666,42.3189,336851
2006-10-06,41.7973,42.5728,41.7649,41.9499,245882
2006-10-09,41.6626,42.439,41.4835,42.3918,176346
2006-10-10,42.3268,42.6663,41.9637,42.3337,131692
2006-10-11,42.1999,42.4735,41.5632,41.9154,159145
2006-10-12,42.3268,42.5561,42.0336,42.5482,179962
2006-10-13,42.6595,43.3079,42.6063,43.2528,101072
2006-10-16,43.1544,43.7379,43.1544,43.6258,133650
2006-10-17,43.3847,43.605,43.2085,43.42,140894
2006-10-18,42.8582,43.0826,42.5561,42.745,208926
2006-10-19,42.5798,42.9497,42.3622,42.6161,157790
2006-10-20,42.7578,42.7578,42.189,42.3721,128372
2006-10-23,42.2382,42.8365,42.1635,42.7578,150546
2006-10-24,42.7096,42.8582,42.3386,42.4252,104392
2006-10-25,42.2609,42.6909,42.0778,42.4252,184491
2006-10-26,42.5944,43.2144,42.4252,42.9891,220396
2006-10-27,42.8906,42.9162,42.1831,42.2452,251618
2006-10-30,41.9637,42.5561,41.9499,42.3553,250110
2006-10-31,42.4597,42.4597,41.8554,42.194,191584
2006-11-01,42.3268,42.4321,41.2,41.2463,261876
2006-11-02,40.7681,40.9679,40.158,40.4177,290086
2006-11-03,40.4856,40.5841,39.4504,39.8284,284503
2006-11-06,39.9415,40.4247,39.9415,40.4099,128076
2006-11-07,40.3026,40.4099,39.7083,39.7083,136067
2006-11-08,39.5085,39.971,39.3116,39.9415,130635
2006-11-09,39.9071,39.9071,39.4298,39.6826,109671
2006-11-10,39.5892,39.9415,39.2301,39.9209,131997
2006-11-13,39.8411,40.0822,39.7083,40.0753,185243
2006-11-14,40.1077,40.7445,40.0753,40.7287,211945
2006-11-15,40.8862,40.9679,40.3715,40.3715,137274
2006-11-16,40.5319,40.8252,40.3715,40.8252,102730
2006-11-17,40.8173,40.8418,40.1077,40.1738,122035
2006-11-20,40.2052,41.1607,40.1373,40.7445,293710
2006-11-21,40.7051,41.4195,40.522,41.3624,356159
2006-11-22,41.392,41.4963,40.5092,40.9816,182080
2006-11-24,40.8173,41.2276,40.7326,41.1844,95790
2006-11-27,41.1125,41.1125,39.4583,39.5085,257203
2006-11-28,39.5085,39.7427,38.8058,39.2763,277262
2006-11-29,39.4426,39.7752,39.1454,39.6197,157037
2006-11-30,39.5085,39.8076,38.981,39.7752,314973
2006-12-01,39.8076,39.9602,39.2517,39.7368,231101
2006-12-04,39.8411,40.0389,39.7132,39.9779,414388
2006-12-05,40.1117,40.4729,39.7368,39.9071,300643
2006-12-06,39.7427,40.0949,39.4957,39.848,185399
2006-12-07,39.8854,40.032,39.5951,39.6826,123698
2006-12-08,39.5164,40.0389,39.3196,39.7132,139686
2006-12-11,39.7988,39.9277,39.6424,39.7811,117063
2006-12-12,39.7083,40.0261,39.3058,39.7132,139536
2006-12-13,39.9415,40.0438,39.0647,39.5557,109517
2006-12-14,39.6896,39.8854,39.0785,39.2172,178303
2006-12-15,39.2172,39.5026,38.8855,38.987,347260
2006-12-18,39.0106,39.5813,38.1082,38.3503,124905
2006-12-19,38.117,38.2037,37.3859,37.9498,340769
2006-12-20,37.9458,38.3965,37.8385,38.1082,307583
2006-12-21,38.0836,38.5589,37.8041,37.8189,154174
2006-12-22,37.8513,37.8721,37.3407,37.8041,125509
2006-12-26,37.7185,38.2499,37.2412,37.6319,153720
2006-12-27,37.6801,38.0127,37.1222,37.2944,333530
2006-12-28,37.3269,37.8593,37.3269,37.3573,338054
2006-12-29,37.3573,38.0836,37.3573,37.9458,251767
2007-01-03,37.9458,38.0177,36.9903,37.5207,346953
2007-01-04,37.5207,37.8593,37.3141,37.6615,316939
2007-01-05,37.0622,37.6467,36.949,37.1104,212701
2007-01-08,37.0228,37.5001,36.8113,37.4144,213307
2007-01-09,37.4941,38.0127,37.3987,37.9626,224314
2007-01-10,37.6064,37.9498,37.2885,37.9134,178908
2007-01-11,38.058,39.1828,37.997,38.4221,233973
2007-01-12,37.7844,39.0391,37.3141,38.7281,191425
2007-01-16,38.9378,39.3619,38.9378,39.297,248450
2007-01-17,39.297,39.6826,38.9662,39.3304,246339
2007-01-18,39.354,39.6689,38.9456,39.1828,131095
2007-01-19,39.3058,39.8933,38.8935,39.7595,330516
2007-01-22,39.6758,39.8076,39.2763,39.4219,208926
2007-01-23,39.3786,39.7988,39.3786,39.5745,324782
2007-01-24,39.6758,40.0665,39.5685,39.7811,257653
2007-01-25,39.7752,40.1019,39.6424,40.0182,254332
2007-01-26,39.7083,39.9277,39.3196,39.5951,539594
2007-01-29,38.9978,39.9543,38.9978,39.7752,407900
2007-01-30,39.8136,40.0133,39.5508,39.9277,438975
2007-01-31,39.8284,40.2387,39.4376,39.8549,248450
2007-02-01,39.8755,39.9336,39.3845,39.848,462512
2007-02-02,39.6955,39.9071,39.1454,39.5085,567201
2007-02-05,39.3845,39.661,39.1454,39.5085,284659
2007-02-06,39.477,39.7752,38.987,39.7752,336851
2007-02-07,39.6758,40.152,39.3845,40.0949,263382
2007-02-08,40.0182,40.2663,39.6089,39.8352,311657
2007-02-09,39.7929,39.9602,38.9456,39.6424,636740
2007-02-12,39.5439,39.5439,38.7842,39.2694,255846
2007-02-13,39.105,39.6689,38.8728,39.5813,180961
2007-02-14,39.5813,39.9336,39.3363,39.5026,245948
2007-02-15,39.5232,39.7211,39.1828,39.5292,233973
2007-02-16,39.5164,39.5164,38.8728,39.1572,340922
2007-02-20,39.0253,39.8284,38.6927,39.6689,379689
2007-02-21,39.5085,39.5164,39.1178,39.3619,173327
2007-02-22,39.3619,39.4426,38.8935,39.1247,420571
2007-02-23,39.0587,39.1178,38.5835,38.7065,183437
2007-02-26,38.7813,38.7813,37.4292,38.2902,213455
2007-02-27,37.3023,37.9754,36.6675,36.7866,352087
2007-02-28,36.7384,36.9963,35.8242,36.6095,638854
2007-03-01,36.0663,36.8279,35.1718,36.4314,335871
2007-03-02,36.2946,36.2946,35.5605,35.591,285108
2007-03-05,34.4702,35.4739,34.2714,34.3274,446966
2007-03-06,34.4702,35.6195,34.4033,35.3057,521944
2007-03-07,35.348,35.3873,34.6296,34.6552,374715
2007-03-08,34.9612,35.712,34.9612,35.1866,375012
2007-03-09,35.3401,35.6717,35.0803,35.4345,157338
2007-03-12,35.4011,35.9925,35.0104,35.7228,279073
2007-03-13,35.9659,36.2336,35.2023,35.3794,682447
2007-03-14,35.3676,36.3055,35.1944,36.209,578665
2007-03-15,36.1873,36.5938,36.0998,36.5938,195505
2007-03-16,36.6853,36.7256,36.1283,36.3291,388743
2007-03-19,36.5584,37.1104,36.5465,36.76,187812
2007-03-20,37.1222,37.4548,36.8545,37.382,276960
2007-03-21,37.3082,38.4496,37.0916,37.9134,233217
2007-03-22,37.9812,38.5511,37.5345,38.1879,203497
2007-03-23,38.0767,38.244,37.7844,37.9134,91265
2007-03-26,37.7933,38.2292,37.3269,37.5818,162163
2007-03-27,37.4548,37.4548,36.76,37.1891,205909
2007-03-28,37.1054,37.5532,36.6056,37.1104,486944
2007-03-29,37.3199,37.4292,36.887,37.1557,208472
2007-03-30,37.2885,38.0127,36.7935,37.2944,467639
2007-04-02,37.2944,37.7126,37.075,37.6683,234874
2007-04-03,37.751,38.058,37.5818,38.0177,259162
2007-04-04,37.9498,38.1879,37.7402,38.1879,225069
2007-04-05,38.117,38.2942,37.9754,38.0698,206816
2007-04-09,37.9812,37.997,37.7057,37.7402,161559
2007-04-10,37.7992,38.5136,37.7992,38.0127,242868
2007-04-11,37.7402,37.7402,36.8939,37.2078,315432
2007-04-12,37.0916,37.0916,36.5013,36.8545,234725
2007-04-13,36.8171,37.255,36.6853,37.2412,514095
2007-04-16,37.3918,38.1377,36.9194,37.2344,181168
2007-04-17,37.195,37.6064,37.1104,37.382,141345
2007-04-18,37.2147,37.2885,36.575,36.8545,308788
2007-04-19,36.6233,36.7935,36.3605,36.575,142855
2007-04-20,37.1832,38.0177,36.4088,37.0297,292801
2007-04-23,37.0543,37.6545,37.0543,37.4066,161559
2007-04-24,37.4351,37.568,36.8349,37.0228,152358
2007-04-25,37.2078,37.2885,36.7935,37.075,150700
2007-04-26,36.9903,37.2786,36.6961,37.1359,131364
2007-04-27,36.9707,37.2826,36.7532,37.1773,274396
2007-04-30,37.1625,37.2147,35.6717,35.7652,275603
2007-05-01,35.897,35.897,35.0301,35.3538,169705
2007-05-02,35.2721,36.1844,35.0301,35.591,129429
2007-05-03,35.6638,35.8301,35.4011,35.4011,156884
2007-05-04,35.3676,35.6117,34.8786,35.5969,242116
2007-05-07,35.4975,35.7879,35.1472,35.4267,168952
2007-05-08,35.2673,36.2424,35.1403,35.9925,438369
2007-05-09,35.9256,36.8712,35.9256,36.2611,293103
2007-05-10,36.0663,36.3201,35.7947,36.1283,297328
2007-05-11,36.5868,37.4813,36.5868,37.4735,672646
2007-05-14,37.2078,37.5207,36.9056,36.9707,290387
2007-05-15,37.1222,37.3573,36.0762,36.5662,328703
2007-05-16,36.4569,36.4629,35.591,36.1755,158695
2007-05-17,36.0053,36.1873,35.6904,35.7298,320259
2007-05-18,35.7504,35.7721,35.161,35.5733,251767
2007-05-21,35.5733,36.0712,35.3401,35.3716,485741
2007-05-22,35.8882,35.904,35.3312,35.6313,338513
2007-05-23,35.7298,36.388,35.5969,35.7504,329908
2007-05-24,35.6195,35.9088,35.404,35.8626,659371
2007-05-25,36.0762,37.2826,35.7228,35.8301,869656
2007-05-29,36.4933,37.7264,36.4933,37.4941,535827
2007-05-30,37.3269,39.0046,37.3269,38.9121,498710
2007-05-31,38.3198,39.5232,38.3198,38.9456,649264
2007-06-01,39.1247,39.2763,38.4644,38.9456,727403
2007-06-04,38.737,39.0441,38.6711,39.0441,290543
2007-06-05,38.7429,38.8256,38.058,38.1702,416198
2007-06-06,38.0335,38.8649,37.7342,38.677,407450
2007-06-07,38.0177,38.244,37.1222,37.1222,417856
2007-06-08,37.1832,37.4813,36.8113,37.4292,263687
2007-06-11,37.3199,37.6919,36.6519,36.8998,259462
2007-06-12,36.8407,36.8791,36.1687,36.396,362493
2007-06-13,36.5465,37.4548,36.3458,37.0838,268061
2007-06-14,37.0297,37.1222,36.3339,36.5406,289783
2007-06-15,37.5345,37.5345,36.6961,37.0543,419517
2007-06-18,37.0435,37.0435,36.2867,36.4225,258252
2007-06-19,36.2021,36.5288,35.8124,36.3291,303962
2007-06-20,36.3458,36.3458,34.9612,35.1472,334437
2007-06-21,34.9219,35.5388,34.2891,35.3115,316181
2007-06-22,35.1787,35.2673,34.6493,34.7044,588921
2007-06-25,34.5695,34.852,33.6682,33.9201,396286
2007-06-26,34.0274,34.0815,33.2175,33.7164,521192
2007-06-27,33.3828,35.3115,33.3228,35.1147,357518
2007-06-28,34.7535,35.5969,34.663,34.9671,383160
2007-06-29,35.1295,35.4897,34.4702,34.789,348165
2007-07-02,34.9878,35.904,34.5548,35.8488,275002
2007-07-03,35.9659,36.2789,35.7947,36.1569,249659
2007-07-05,36.2789,37.0297,36.2198,36.9578,397040
2007-07-06,36.8712,37.1222,36.6301,36.8791,224618
2007-07-09,36.8545,37.0504,36.6233,36.9578,337904
2007-07-10,36.6961,36.9136,36.3291,36.4865,489209
2007-07-11,36.268,36.639,35.9875,36.4933,377121
2007-07-12,36.1873,36.5406,35.6638,36.4569,450594
2007-07-13,36.4569,36.4717,36.0053,36.4569,254637
2007-07-16,36.4225,36.7699,36.0762,36.1283,211641
2007-07-17,36.1952,36.3409,35.6451,35.7228,281340
2007-07-18,35.4395,35.6569,34.542,35.1866,368227
2007-07-19,35.4897,35.6451,35.1944,35.3401,189919
2007-07-20,35.2594,35.2594,33.9742,34.2419,341378
2007-07-23,34.7959,34.7959,33.2451,33.2451,377275
2007-07-24,32.8416,33.2726,31.8329,32.1715,388592
2007-07-25,32.3437,32.4706,31.2562,31.8861,401717
2007-07-26,31.3025,31.3832,30.3539,30.905,472453
2007-07-27,30.7376,31.1884,29.8481,29.9425,424041
2007-07-30,29.9347,30.1227,29.239,29.6986,369583
2007-07-31,30.0981,30.5064,29.8235,29.917,734794
2007-08-01,29.8924,30.8577,29.2006,30.6186,600991
2007-08-02,30.3333,31.0624,30.3333,30.8065,312561
2007-08-03,31.1018,31.1018,29.9927,30.1177,595713
2007-08-06,29.5529,30.6305,28.7715,30.5753,492828
2007-08-07,30.8627,31.6725,30.4198,31.3911,632368
2007-08-08,31.8014,32.9951,31.2002,32.3269,725138
2007-08-09,29.7369,33.0315,29.7369,32.3821,692099
2007-08-10,31.4068,32.8327,29.2941,31.6056,506406
2007-08-13,32.4824,32.4824,30.778,30.8912,338959
2007-08-14,30.7239,31.0093,29.6523,29.6523,454209
2007-08-15,29.6582,31.1106,29.1494,29.1691,444405
2007-08-16,28.6053,31.0968,28.6053,30.8577,726797
2007-08-17,32.2374,32.5434,31.0624,31.4403,837673
2007-08-20,31.6548,32.3495,31.0624,32.0976,400358
2007-08-21,31.9835,33.1102,31.8123,33.0611,268815
2007-08-22,33.0797,33.5206,32.7973,32.8741,762852
2007-08-23,33.0108,33.6229,32.6428,32.9666,694670
2007-08-24,32.9518,32.9518,31.6332,32.2482,352238
2007-08-27,32.1242,32.2482,31.1765,31.1765,341675
2007-08-28,31.1106,31.1106,30.3135,30.3135,255547
2007-08-29,30.8833,31.9058,30.7849,31.8399,416198
2007-08-30,31.8536,32.3102,31.3487,32.1439,298232
2007-08-31,32.5493,33.2854,32.2768,32.8741,381502
2007-09-04,32.8691,33.6357,32.6428,33.2647,227628
2007-09-05,32.999,33.0463,32.4007,32.6005,288729
2007-09-06,32.7147,32.8603,32.1763,32.5159,191735
2007-09-07,32.073,32.2374,31.6499,31.8536,210585
2007-09-10,31.9983,32.1164,31.4148,31.4403,379689
2007-09-11,31.5485,32.2768,31.4826,32.2768,244525
2007-09-12,32.2177,32.7698,31.9795,32.3703,187354
2007-09-13,32.4628,33.1732,32.263,32.9666,175591
2007-09-14,32.5434,33.0531,32.1901,32.999,155679
2007-09-17,32.9252,33.125,32.5237,32.7944,221752
2007-09-18,33.0256,34.3402,32.6005,34.3402,328101
2007-09-19,34.3452,35.6717,34.3452,35.5674,364303
2007-09-20,35.5448,35.8538,34.6493,34.729,227784
2007-09-21,34.8215,35.0498,34.1396,34.1396,347715
2007-09-24,34.2123,34.5322,33.8473,34.2763,212850
2007-09-25,34.0274,34.0274,33.3897,33.5569,194900
2007-09-26,33.6416,33.8089,33.3641,33.6416,170914
2007-09-27,33.7282,34.1848,33.2982,33.4517,271226
2007-09-28,33.4517,33.4517,32.6733,33.0463,439278
2007-10-01,33.0108,33.7429,32.9518,33.5569,280283
2007-10-02,33.6612,34.3068,33.6612,34.1986,334585
2007-10-03,34.0657,34.5913,34.0657,34.1848,627539
2007-10-04,34.3698,34.5843,33.8089,34.5262,166989
2007-10-05,34.8018,35.7426,34.7044,35.7426,290387
2007-10-08,35.5388,35.5388,35.0222,35.0921,255993
2007-10-09,35.2929,35.3538,34.8982,35.3057,311207
2007-10-10,35.3932,36.1873,35.0655,36.1844,649415
2007-10-11,36.0762,36.1637,35.4788,35.8488,476539
2007-10-12,35.8488,36.1569,35.7298,35.9875,422836
2007-10-15,35.8842,36.0426,34.5617,34.973,391457
2007-10-16,34.9504,34.9504,33.8354,33.8354,224923
2007-10-17,34.0401,34.0401,32.2433,33.5422,325080
2007-10-18,33.5422,34.0333,33.1811,33.8876,319351
2007-10-19,33.8404,33.8404,32.9478,32.9478,690136
2007-10-22,32.4775,34.1149,32.4775,33.6229,438671
2007-10-23,34.0461,34.2714,33.5639,34.2714,272739
2007-10-24,34.0076,34.1396,33.2922,33.9742,302002
2007-10-25,34.1454,34.5262,33.616,34.3777,563427
2007-10-26,34.729,35.1069,34.2822,35.1069,363550
2007-10-29,35.1403,35.2801,34.0214,34.0855,392363
2007-10-30,34.0745,34.5784,33.8226,34.2763,438369
2007-10-31,34.6168,35.0557,34.0923,34.4702,586051
2007-11-01,33.8089,34.0579,32.0514,32.0514,436258
2007-11-02,33.1446,33.9811,31.9983,32.3102,1023971
2007-11-05,31.6795,32.1164,31.2307,31.5594,693763
2007-11-06,31.705,32.3821,31.215,32.3565,375917
2007-11-07,31.8861,32.1715,30.9749,31.025,452551
2007-11-08,31.025,31.4619,30.5999,31.2632,337150
2007-11-09,30.9266,32.0976,30.6895,31.7129,470050
2007-11-12,31.7512,32.9596,31.5426,32.3437,461301
2007-11-13,32.7255,34.298,32.7255,34.1396,518021
2007-11-14,34.4446,34.6168,33.0315,33.304,335796
2007-11-15,33.0797,33.5343,32.5287,33.5343,415417
2007-11-16,33.675,33.7223,32.6871,32.8869,673249
2007-11-19,32.4706,33.1043,32.1901,32.1971,341192
2007-11-20,32.2964,32.94,31.0467,31.9678,354502
2007-11-21,31.4826,32.1104,31.1569,31.8861,382708
2007-11-23,32.2836,32.6733,31.9835,32.4165,113743
2007-11-26,32.3102,32.3102,30.1177,30.1177,402594
2007-11-27,30.2693,30.6944,29.6227,30.5999,591372
2007-11-28,31.1825,31.8969,30.8627,31.3685,559205
2007-11-29,31.2494,31.7345,30.8627,31.456,255698
2007-11-30,32.0179,32.5867,31.7198,32.0121,650164
2007-12-03,31.891,31.891,30.7239,30.7918,482569
2007-12-04,30.4592,30.7534,29.8993,29.9052,358119
2007-12-05,30.594,30.778,30.0833,30.4493,398092
2007-12-06,30.3273,31.9451,30.3273,31.7886,475347
2007-12-07,31.8172,32.5493,31.5279,31.8802,339263
2007-12-10,31.952,32.3181,31.52,32.2482,222810
2007-12-11,32.3102,32.6428,29.9927,29.9927,336549
2007-12-12,30.5999,31.3685,29.5302,29.857,484750
2007-12-13,29.4998,29.9347,28.9153,29.7989,321159
2007-12-14,29.3324,30.1443,29.1691,29.358,422836
2007-12-17,29.1209,29.4141,28.5176,28.5176,428570
2007-12-18,28.4852,28.995,27.7688,28.8168,421663
2007-12-19,28.7086,29.2517,28.558,29.1209,309096
2007-12-20,29.4457,29.5755,27.8082,28.558,388743
2007-12-21,28.9005,28.9753,28.3464,28.4704,738166
2007-12-24,28.8374,30.6186,28.7715,30.3273,405790
2007-12-26,30.0548,30.1315,29.0362,29.3452,234874
2007-12-27,29.2331,29.3954,28.3189,28.3464,250711
2007-12-28,28.6397,29.2517,28.2992,28.3986,315881
2007-12-31,28.1319,28.3524,27.6763,28.3396,342556
2008-01-02,28.3464,29.0008,27.9155,28.5176,538843
2008-01-03,28.5324,28.8946,27.0977,27.0977,533554
2008-01-04,26.7966,26.7966,26.1589,26.3144,365147
2008-01-07,26.3971,27.0751,26.0073,26.7612,387923
2008-01-08,26.96,27.7353,25.9877,25.9877,673413
2008-01-09,25.9444,27.2591,25.3776,27.1114,994666
2008-01-10,26.6893,28.7657,26.3361,27.9155,779374
2008-01-11,27.6418,28.3848,26.9452,27.7629,665705
2008-01-14,28.2126,28.2126,27.1843,28.008,537635
2008-01-15,27.8436,27.8564,26.9274,27.4175,384300
2008-01-16,27.4854,28.9437,27.4854,28.1319,402020
2008-01-17,28.002,28.7657,27.6498,28.0651,435506
2008-01-18,28.5383,28.8768,27.2167,27.449,562754
2008-01-22,26.769,28.995,26.5151,28.2353,466871
2008-01-23,27.8751,30.778,27.5621,30.594,931181
2008-01-24,30.6747,30.6747,29.4575,29.8353,429245
2008-01-25,30.4012,30.7466,29.5194,29.8294,586950
2008-01-28,29.8294,31.0968,29.4201,30.8263,412048
2008-01-29,30.8193,31.0093,30.223,30.8263,401568
2008-01-30,30.6255,31.9058,29.9869,30.1984,477349
2008-01-31,29.5302,30.7239,29.1947,30.3686,584017
2008-02-01,30.161,31.6056,30.0548,31.5279,408503
2008-02-04,31.952,32.3869,31.09,32.0051,667552
2008-02-05,31.1765,32.6005,31.1765,31.215,775551
2008-02-06,31.2238,31.9795,30.5606,30.5606,381986
2008-02-07,30.3333,31.9983,30.1689,31.8014,723114
2008-02-08,30.4995,32.3751,30.4995,30.7849,948630
2008-02-11,30.6944,30.899,29.731,29.9052,762449
2008-02-12,29.9701,31.1018,29.917,31.0604,604152
2008-02-13,31.4148,31.7266,30.7603,31.705,450434
2008-02-14,31.7129,31.8595,31.1825,31.401,560633
2008-02-15,31.2888,32.0435,30.718,32.0367,463836
2008-02-19,31.9795,32.1518,31.3625,31.8861,422458
2008-02-20,31.8172,32.5237,31.5535,32.263,483180
2008-02-21,32.5159,32.9804,31.6125,31.9205,451215
2008-02-22,31.8014,32.6939,31.3557,32.6802,623443
2008-02-25,32.7147,33.5422,32.2374,33.4802,763063
2008-02-26,33.2647,34.1602,32.9321,33.6612,1027127
2008-02-27,33.6612,34.2123,33.0866,33.6898,452846
2008-02-28,33.2529,33.7351,32.5867,32.6684,604608
2008-02-29,32.5601,32.7185,31.8861,32.1439,503543
2008-03-03,32.0976,32.6684,31.8123,32.6684,720081
2008-03-04,32.3623,32.7766,31.6795,32.449,655144
2008-03-05,32.3367,32.7185,31.5426,31.9058,666460
2008-03-06,31.5347,31.7946,30.5133,30.5202,538701
2008-03-07,30.5261,31.8064,30.161,31.456,486683
2008-03-10,31.8802,31.8802,30.6973,30.7318,557397
2008-03-11,31.7729,32.8416,31.3025,32.8416,727002
2008-03-12,32.4628,33.9319,32.4628,33.0187,711252
2008-03-13,32.2374,33.4045,31.6548,33.2243,534613
2008-03-14,33.0383,33.7509,31.4482,32.9173,652384
2008-03-17,32.0367,33.435,31.6007,32.999,619351
2008-03-18,33.3513,34.4033,32.4086,34.1326,1078063
2008-03-19,34.2714,35.0016,33.6682,34.3226,661330
2008-03-20,34.5913,35.1639,34.3905,35.034,1092723
2008-03-24,35.0862,35.7032,34.8815,35.3115,463705
2008-03-25,35.3794,36.2611,35.161,36.0663,587718
2008-03-26,36.0663,36.0663,34.729,34.8215,416252
2008-03-27,34.914,35.1718,34.168,34.2281,458737
2008-03-28,34.2202,34.5843,33.2726,33.4596,358574
2008-03-31,32.4165,34.2763,31.8969,33.0383,704255
2008-04-01,33.3513,35.4837,33.3513,35.4837,587806
2008-04-02,35.3057,35.6313,34.5695,35.467,435352
2008-04-03,35.3716,36.0053,34.9219,35.8714,391457
2008-04-04,35.8714,36.1283,35.3165,35.4109,442294
2008-04-07,35.7298,35.9797,34.729,35.2929,307005
2008-04-08,35.1403,35.3401,34.8578,35.0999,312743
2008-04-09,35.3165,35.3165,33.8748,33.8748,428519
2008-04-10,34.0126,34.2763,33.675,34.1454,447438
2008-04-11,33.5569,33.8532,33.1328,33.2451,360909
2008-04-14,33.5905,33.9811,33.1446,33.3168,401080
2008-04-15,33.2451,34.3274,33.2451,34.3274,317146
2008-04-16,35.0301,35.9207,34.4702,35.9207,362837
2008-04-17,35.718,36.1637,35.4591,35.7032,307933
2008-04-18,36.0004,36.027,35.1403,35.5831,371946
2008-04-21,35.2673,35.6638,34.9553,35.0862,293417
2008-04-22,34.9937,35.0222,33.9063,34.3068,441651
2008-04-23,34.4702,35.1147,34.3452,35.0173,336490
2008-04-24,35.0999,35.7032,34.8146,35.6313,617671
2008-04-25,36.0919,36.2611,35.3057,35.9571,610507
2008-04-28,36.1283,36.4225,35.5054,36.3458,392136
2008-04-29,36.6301,36.6301,35.3676,35.5388,284124
2008-04-30,35.3873,36.1509,34.6994,34.8018,489510
2008-05-01,35.0301,36.388,34.8018,36.1569,458763
2008-05-02,36.6439,37.6467,36.5288,36.6439,677323
2008-05-05,36.1637,36.8053,35.2801,36.7866,768806
2008-05-06,36.7866,37.0366,36.3546,36.8171,552165
2008-05-07,37.068,37.068,35.8124,36.0594,512145
2008-05-08,35.8714,36.4796,35.4975,35.8842,430212
2008-05-09,35.6313,36.1952,35.2869,35.8538,372407
2008-05-12,36.0594,36.9362,36.0426,36.8998,605659
2008-05-13,36.8791,37.0504,36.5584,36.9835,232383
2008-05-14,36.9056,37.3495,36.6233,37.0297,278018
2008-05-15,36.8545,37.0543,36.1067,37.0031,236397
2008-05-16,37.2472,37.4066,36.2266,36.7994,396802
2008-05-19,36.082,36.9194,35.9088,36.8349,459806
2008-05-20,36.7462,36.9637,36.4629,36.7699,367819
2008-05-21,36.7256,36.949,35.8538,35.9256,407903
2008-05-22,35.8124,36.2532,35.7947,36.1283,579199
2008-05-23,36.0998,36.3605,35.8842,36.2266,504977
2008-05-27,36.1952,37.0838,36.1952,36.8171,415582
2008-05-28,37.1773,37.1832,36.5868,36.8791,479503
2008-05-29,36.8349,37.2009,36.7256,37.195,526777
2008-05-30,37.0179,37.255,36.8634,37.1104,553514
2008-06-02,37.1832,37.255,36.5662,37.1359,747870
2008-06-03,37.3653,37.9812,36.8171,37.1054,710537
2008-06-04,36.8279,37.7185,36.6961,37.1222,493053
2008-06-05,37.0838,37.7451,37.0622,37.7451,416179
2008-06-06,37.4893,37.8317,36.4933,36.575,525527
2008-06-09,36.9707,37.1153,36.0053,36.1509,555678
2008-06-10,35.6038,36.9637,35.6038,36.5662,353637
2008-06-11,36.4865,36.7334,35.9256,35.9256,474213
2008-06-12,35.9875,36.9194,35.9875,36.639,453330
2008-06-13,36.7788,37.1703,36.4865,37.1703,546775
2008-06-16,37.2629,38.1702,37.0435,38.1702,472457
2008-06-17,38.244,38.3286,37.4351,37.4479,477808
2008-06-18,37.44,37.5591,36.0348,36.1569,640755
2008-06-19,36.454,36.76,36.0594,36.5938,432290
2008-06-20,36.2611,36.575,35.6313,35.9128,751911
2008-06-23,36.1637,36.6056,34.477,34.477,640200
2008-06-24,34.3068,35.1295,34.0657,34.8146,556139
2008-06-25,34.6168,35.7573,34.3521,34.6994,630644
2008-06-26,33.9958,34.7093,33.1584,33.31,598660
2008-06-27,33.4664,33.6416,32.9882,33.0463,984409
2008-06-30,33.803,34.4033,33.3965,33.8354,981352
2008-07-01,33.5275,34.9504,33.5275,34.9297,699756
2008-07-02,35.2023,35.3794,34.7093,34.8018,451784
2008-07-03,35.0429,35.3618,34.3402,34.9612,305744
2008-07-07,35.161,36.4569,33.861,34.1848,446243
2008-07-08,34.1071,37.3199,33.8827,37.3199,588708
2008-07-09,37.1222,37.255,34.4033,34.4446,704155
2008-07-10,34.3068,35.897,34.0333,35.5388,449300
2008-07-11,34.7625,36.6675,34.3452,35.8242,665386
2008-07-14,36.4569,36.7334,34.8018,35.1718,656997
2008-07-15,35.0498,36.2532,34.5262,34.7408,635800
2008-07-16,34.8215,36.9421,34.3452,36.8998,660560
2008-07-17,37.1222,37.1832,35.9413,36.949,774530
2008-07-18,36.388,37.2885,35.4109,37.1625,454723
2008-07-21,37.2344,37.8721,36.8231,37.8721,401954
2008-07-22,37.6467,39.6138,37.2786,39.5085,583349
2008-07-23,39.3697,40.2101,37.8789,38.9978,961320
2008-07-24,38.9456,38.9525,36.639,36.9194,631862
2008-07-25,36.9244,38.4024,36.4933,38.3148,554076
2008-07-28,37.8651,38.6553,37.3761,37.6683,557865
2008-07-29,38.1298,39.3196,37.9812,39.3058,867867
2008-07-30,39.481,39.5085,37.6064,38.9525,539950
2008-07-31,39.0499,39.0587,37.6841,38.0974,455029
2008-08-01,36.6675,36.6675,34.1189,34.8018,1407036
2008-08-04,34.5184,34.8815,33.2647,33.9811,714603
2008-08-05,33.6111,35.6569,33.6111,35.4345,783793
2008-08-06,35.2673,35.2673,34.3629,34.8146,480033
2008-08-07,34.4446,35.3312,34.2045,34.5695,564221
2008-08-08,34.5262,36.2789,34.0274,36.2611,539283
2008-08-11,35.9659,36.575,35.7652,36.4569,792767
2008-08-12,35.9571,36.3055,35.0803,35.6265,583386
2008-08-13,36.0191,36.0191,34.6493,35.6855,365828
2008-08-14,35.4395,36.2532,34.8578,35.904,643273
2008-08-15,35.9256,36.7168,34.9937,35.5054,430491
2008-08-18,35.591,35.6786,34.5489,35.0606,472586
2008-08-19,35.5113,35.5192,33.8178,34.2517,558219
2008-08-20,34.3521,34.7693,33.1811,33.8689,623907
2008-08-21,33.2598,33.6682,32.7944,33.2854,548376
2008-08-22,33.8089,34.6552,33.2922,34.2645,416230
2008-08-25,34.1602,34.2645,32.9173,33.1181,544146
2008-08-26,33.0669,33.372,32.2768,32.811,738824
2008-08-27,32.6566,33.2775,32.5493,33.0108,332393
2008-08-28,33.3454,33.6682,32.8937,33.6111,654992
2008-08-29,33.6111,33.7951,32.9478,33.2529,432559
2008-09-02,33.7666,34.3274,32.5601,33.125,329325
2008-09-03,32.9478,33.0797,32.1763,33.0797,660877
2008-09-04,33.0797,33.0797,32.1104,32.1104,489626
2008-09-05,31.9451,32.3703,31.6125,32.3181,363882
2008-09-08,34.1396,34.7772,33.0866,33.926,738902
2008-09-09,34.0401,34.0461,32.4706,32.63,637009
2008-09-10,32.811,33.2451,31.9254,32.7147,433122
2008-09-11,32.2482,32.4628,31.5073,32.2177,453835
2008-09-12,31.7729,32.3703,31.6617,32.3623,415348
2008-09-15,31.1765,31.9736,30.3884,30.3884,780472
2008-09-16,30.6669,32.1655,29.9701,32.1655,1178185
2008-09-17,31.2434,32.256,30.9591,30.9591,722990
2008-09-18,31.5279,34.356,30.5684,33.803,1149857
2008-09-19,35.1344,35.1866,29.8294,33.8276,1408599
2008-09-22,33.6416,34.8215,31.8172,31.952,945899
2008-09-23,31.9599,33.7509,30.8912,33.1378,455148
2008-09-24,33.1378,33.4664,32.6232,33.1968,318735
2008-09-25,33.6682,33.7725,33.0797,33.4093,469639
2008-09-26,32.256,34.0657,32.256,34.051,516672
2008-09-29,32.9951,34.6424,32.3869,32.3869,375114
2008-09-30,33.7026,33.7026,32.0121,32.5739,961768
2008-10-01,31.952,32.2708,31.7198,32.0435,427680
2008-10-02,31.8172,31.8172,29.8718,29.9229,546778
2008-10-03,30.5606,31.4068,29.5933,29.9623,799540
2008-10-06,29.2291,29.7595,27.7295,28.3061,548113
2008-10-07,28.3258,29.3876,27.1114,27.1114,734859
2008-10-08,26.582,29.3512,26.5043,27.8889,1038173
2008-10-09,29.0579,29.0747,24.9525,24.9525,973462
2008-10-10,23.2166,28.503,22.8978,28.503,2078651
2008-10-13,29.5302,31.8172,27.696,31.8172,1097601
2008-10-14,32.8573,32.8573,28.1211,29.486,1197014
2008-10-15,29.9229,29.9623,25.8469,26.4778,1423312
2008-10-16,26.5211,28.1398,25.537,27.822,1023499
2008-10-17,27.0052,29.1051,26.5575,27.9538,464189
2008-10-20,27.8298,28.3464,26.9875,28.3316,312756
2008-10-21,28.0414,28.4055,27.1262,27.4057,393396
2008-10-22,26.5289,27.1991,24.3453,25.5153,778730
2008-10-23,25.6639,25.8903,22.4402,24.2941,812844
2008-10-24,22.1726,24.1091,22.1726,22.9431,688384
2008-10-27,22.6734,23.3622,20.4957,20.6679,632753
2008-10-28,21.5251,24.1968,20.6098,24.0688,842696
2008-10-29,24.5332,24.5332,21.7583,22.1863,1372430
2008-10-30,22.8161,22.8161,21.2023,21.8537,830576
2008-10-31,21.6697,23.4429,21.1935,23.3622,725417
2008-11-03,23.1989,24.3001,22.8298,23.4065,474918
2008-11-04,23.8642,24.5264,23.191,24.3384,702703
2008-11-05,23.7785,24.1239,22.0741,22.3703,808993
2008-11-06,22.4796,22.4796,21.4365,21.5309,555394
2008-11-07,21.4768,21.6903,20.0519,21.5782,1249351
2008-11-10,22.1656,22.1656,19.8906,20.0756,612292
2008-11-11,19.8984,21.3371,19.2382,20.478,710280
2008-11-12,19.9152,20.9071,19.6347,20.416,820546
2008-11-13,20.7496,22.6242,20.0756,22.0427,1859805
2008-11-14,21.6372,21.7642,19.555,19.5688,931305
2008-11-17,19.3818,20.4859,19.0177,19.2037,880509
2008-11-18,19.1712,20.0519,18.8946,19.8906,968568
2008-11-19,19.6613,19.6613,17.7522,17.8516,1007369
2008-11-20,17.8919,18.8071,15.665,15.9356,1109957
2008-11-21,16.281,17.9697,15.7113,17.4019,1682314
2008-11-24,18.0967,21.6559,17.6321,21.4158,1377930
2008-11-25,21.8606,23.5532,21.3607,23.3702,1415391
2008-11-26,23.2058,24.8786,22.3989,24.7282,995844
2008-11-28,24.6365,25.4947,24.058,24.545,569933
2008-12-01,24.2676,24.2676,18.7845,18.937,1653348
2008-12-02,19.5618,22.7433,19.3385,22.4746,1510396
2008-12-03,21.2722,24.2833,21.2151,23.8336,1083006
2008-12-04,23.5128,24.918,21.6372,22.2552,1089394
2008-12-05,21.8813,25.1365,21.7445,25.1365,1230515
2008-12-08,25.6138,26.3361,24.5668,26.0389,1245696
2008-12-09,25.3411,26.031,22.9647,23.3868,1127484
2008-12-10,23.812,25.0558,23.0769,25.044,700329
2008-12-11,24.3818,24.4407,20.3659,20.603,1588435
2008-12-12,19.8383,22.6114,19.8383,22.5642,1725820
2008-12-15,22.5711,22.9568,20.5489,21.1935,747148
2008-12-16,21.7159,23.9074,21.278,23.626,1711354
2008-12-17,23.2963,26.0438,22.7305,25.2211,842005
2008-12-18,25.1965,25.6491,23.2333,23.3702,1266582
2008-12-19,23.8277,25.044,23.5453,25.0164,1255711
2008-12-22,24.9909,24.9909,22.639,23.9851,774027
2008-12-23,24.1908,24.5037,22.9912,23.191,798818
2008-12-24,23.3209,23.4272,22.7571,23.3091,335551
2008-12-26,23.5325,23.7863,22.8122,23.5266,365301
2008-12-29,23.3258,23.3258,21.778,22.1932,643925
2008-12-30,21.9708,23.5827,21.9708,23.5669,700595
2008-12-31,23.2589,24.9653,23.1752,24.6317,761848
2009-01-02,24.6888,24.8433,23.0562,23.1153,612359
2009-01-05,22.8634,23.2963,22.1224,22.1656,975785
2009-01-06,22.3782,22.7364,21.2091,22.4992,1197023
2009-01-07,21.8951,22.2985,21.5861,21.6983,1239984
2009-01-08,21.8104,21.8104,21.1472,21.2722,927276
2009-01-09,21.5113,21.5379,20.5636,20.6611,1096589
2009-01-12,20.6679,20.8381,19.5746,19.8207,1408203
2009-01-13,19.5471,19.9328,18.9735,19.802,1664142
2009-01-14,19.059,19.7882,19.0108,19.4113,1365610
2009-01-15,19.4064,20.4721,18.754,19.9712,1107831
2009-01-16,20.3157,20.8736,19.7538,20.7161,1303875
2009-01-20,20.1297,20.4238,18.072,18.3505,1183231
2009-01-21,18.5089,20.2468,18.32,20.2182,1274057
2009-01-22,19.6533,20.4238,19.1909,19.4359,948873
2009-01-23,19.0314,19.9565,18.7028,19.9034,532350
2009-01-26,20.0391,20.3295,19.2164,19.8689,328820
2009-01-27,20.0686,20.5577,19.8207,20.5163,362473
2009-01-28,21.0104,22.329,20.9346,22.1282,1051943
2009-01-29,21.6432,21.8537,19.9712,20.1779,876462
2009-01-30,20.416,20.6885,19.2637,19.5806,885824
2009-02-02,19.2538,20.2743,18.7766,20.2241,938851
2009-02-03,20.4022,20.5774,19.4182,19.5304,1062856
2009-02-04,19.4763,19.9801,18.6083,18.694,1016960
2009-02-05,18.4233,18.6015,17.2435,17.9333,1117504
2009-02-06,17.1874,19.6613,17.0299,19.431,1132092
2009-02-09,19.2382,19.7538,18.7845,19.7282,650150
2009-02-10,19.4881,19.7538,18.32,18.694,1419906
2009-02-11,18.8376,19.8147,17.9697,19.6258,1417000
2009-02-12,18.7618,19.4241,17.9697,19.1447,1377890
2009-02-13,18.9517,19.3818,18.2157,18.2639,1336663
2009-02-17,17.515,18.0829,17.1874,17.2749,1434887
2009-02-18,17.522,17.827,16.8715,17.2671,951866
2009-02-19,17.6263,17.8447,16.2476,16.3943,1285789
2009-02-20,15.9494,17.885,15.8186,17.8447,1426542
2009-02-23,18.0533,18.0533,16.466,16.5861,1338550
2009-02-24,16.7829,18.3898,16.4788,18.2905,1412355
2009-02-25,17.9195,19.3896,17.5328,18.5877,1684470
2009-02-26,19.1909,19.1909,17.8772,18.0661,1645609
2009-02-27,17.7641,18.4893,17.0565,17.1382,1406218
2009-03-02,17.0024,17.2435,15.9091,16.0036,1464077
2009-03-03,16.3627,16.5221,15.2518,15.4928,1494336
2009-03-04,15.8186,16.4474,15.3737,16.0744,1132616
2009-03-05,15.8106,15.9356,15.1002,15.2409,1220185
2009-03-06,15.4524,15.9032,14.7302,15.7181,1400523
2009-03-09,15.4318,15.9838,15.0589,15.9298,897819
2009-03-10,16.4474,18.3898,16.2102,18.3505,1847140
2009-03-11,18.5542,18.8524,17.885,18.198,1655341
2009-03-12,18.012,19.9034,17.515,19.8079,1470223
2009-03-13,19.8906,19.9466,19.0394,19.7282,986224
2009-03-16,20.045,20.6502,18.9331,19.4182,2032647
2009-03-17,19.4546,20.297,19.2096,20.2871,1889422
2009-03-18,20.0864,21.0143,19.245,21.0025,1959016
2009-03-19,21.2151,21.4011,19.2322,19.2538,1355322
2009-03-20,19.2991,19.8079,18.2501,18.2954,1479150
2009-03-23,18.9803,21.3627,18.9803,21.3204,2306796
2009-03-24,20.6148,21.2091,19.0856,19.2164,1780930
2009-03-25,19.6898,20.1464,18.1852,19.6839,1661616
2009-03-26,20.0342,20.4859,19.2322,20.4456,1713351
2009-03-27,19.7882,20.0686,19.2726,19.3257,1191847
2009-03-30,18.5424,19.2096,18.3082,18.8691,1367458
2009-03-31,19.2991,20.5361,19.0856,20.4386,2113810
2009-04-01,19.8315,20.2389,19.4477,20.0391,1558293
2009-04-02,20.2616,21.0399,19.9997,20.7546,1873338
2009-04-03,20.6611,22.4165,20.1966,22.3782,1817178
2009-04-06,22.0072,22.207,20.969,21.8871,1388614
2009-04-07,21.3775,21.592,20.1464,20.2113,1496796
2009-04-08,20.3569,20.9818,20.1543,20.791,985348
2009-04-09,21.5309,23.0975,21.4197,23.0326,1871746
2009-04-13,22.3222,22.9361,21.4197,22.3919,1109765
2009-04-14,21.7051,22.1726,20.6374,20.6571,1763164
2009-04-15,20.5489,22.3467,20.3353,22.2788,1498463
2009-04-16,22.5189,24.5106,21.3931,23.5669,1815694
2009-04-17,23.5266,24.4743,22.6311,23.8336,1254859
2009-04-20,23.0405,23.4499,21.6372,21.6903,1731945
2009-04-21,20.3491,24.4525,19.8906,24.4063,2946873
2009-04-22,23.7923,25.1001,23.4429,23.7264,1793148
2009-04-23,23.8336,24.5943,22.9037,24.3866,1154822
2009-04-24,24.4595,26.1904,24.0117,25.5537,1574581
2009-04-27,24.7576,25.1001,23.2058,23.8444,1336178
2009-04-28,23.4213,25.4072,23.3534,25.0164,1197222
2009-04-29,25.292,26.1235,25.0322,25.9248,1371029
2009-04-30,26.088,26.1441,24.1643,24.5205,1780720
2009-05-01,24.49,24.554,23.7647,23.9487,1194152
2009-05-04,24.4407,26.3223,24.0953,26.2337,1319235
2009-05-05,25.78,26.0998,24.859,25.2438,1165067
2009-05-06,25.6679,26.031,24.3866,26.0191,1301317
2009-05-07,26.4148,26.4148,23.8986,24.2272,1291862
2009-05-08,24.8373,26.088,24.6267,25.9877,1826389
2009-05-11,25.3137,25.7279,24.8728,24.9377,1500870
2009-05-12,24.9318,26.0998,24.4063,25.3835,1714508
2009-05-13,24.7793,24.9909,23.4213,23.6063,1309478
2009-05-14,23.7991,25.3707,23.5128,24.9259,1436072
2009-05-15,23.9487,24.2272,22.7364,22.9499,1703301
2009-05-18,23.3258,24.8373,23.005,24.6809,1675664
2009-05-19,24.6021,24.6809,23.8277,24.177,1185702
2009-05-20,24.5264,25.0164,23.3868,23.5758,1131028
2009-05-21,23.0975,24.0688,22.8771,23.5915,916364
2009-05-22,23.7323,24.1593,22.9283,23.0326,790532
2009-05-26,22.9647,24.1161,22.9647,23.9379,1382604
2009-05-27,23.8051,23.8897,23.0769,23.2058,1462095
2009-05-28,23.6397,23.6535,22.3222,23.2215,1282432
2009-05-29,23.4006,24.058,23.1035,24.058,978312
2009-06-01,24.4063,25.537,23.9723,24.6641,931187
2009-06-02,24.6593,25.0706,24.3384,24.734,660962
2009-06-03,24.6267,24.8728,24.1968,24.6021,754633
2009-06-04,24.554,25.1641,24.4407,25.0558,757783
2009-06-05,25.3137,25.3835,24.4595,24.6435,584895
2009-06-08,24.6317,24.8994,23.9989,24.5726,535045
2009-06-09,24.7212,25.0558,23.9851,24.4407,378802
2009-06-10,24.6593,24.6593,23.2166,23.9655,1004938
2009-06-11,24.058,24.3818,23.375,23.4882,796272
2009-06-12,23.2895,24.2883,23.1192,24.1908,622032
2009-06-15,23.746,23.746,23.133,23.3091,954103
2009-06-16,23.6397,23.7264,22.7305,23.1271,692221
2009-06-17,23.2333,23.8051,22.9765,23.009,650314
2009-06-18,22.9716,23.3032,22.8161,23.0975,741765
2009-06-19,23.498,23.498,22.9647,23.2757,951848
2009-06-22,22.8436,23.1606,22.3074,22.3605,912756
2009-06-23,22.5504,22.7699,22.1794,22.4165,1015428
2009-06-24,22.5327,23.0405,22.3074,22.8161,874380
2009-06-25,22.7846,23.1526,22.2473,23.1468,724647
2009-06-26,23.0139,23.7717,22.9205,23.6594,770038
2009-06-29,23.6978,23.6978,23.0139,23.4429,476902
2009-06-30,23.4006,24.5618,23.4006,24.3384,723494
2009-07-01,24.5264,24.8373,24.5264,24.7212,691817
2009-07-02,24.2499,24.363,23.3928,23.3928,637070
2009-07-06,23.4272,24.8373,23.1752,24.7911,1211146
2009-07-07,24.734,24.734,23.7323,23.8198,820769
2009-07-08,23.8051,24.058,23.2058,23.6594,1143070
2009-07-09,23.9723,23.9793,23.2215,23.2835,389401
2009-07-10,23.133,23.8562,23.0483,23.6978,578467
2009-07-13,23.4715,24.1317,23.2117,24.052,875602
2009-07-14,23.9192,23.9655,23.4213,23.8642,415141
2009-07-15,23.9419,24.859,23.8828,24.5726,834798
2009-07-16,24.2676,24.7074,23.8277,24.5392,419183
2009-07-17,24.5264,24.5874,23.5915,23.7785,561298
2009-07-20,24.177,24.7212,24.1397,24.6966,381476
2009-07-21,24.7074,24.7074,23.812,24.3818,254628
2009-07-22,23.9851,24.4349,23.7923,24.0166,563329
2009-07-23,23.8642,24.8728,23.8336,24.6593,786378
2009-07-24,24.4457,25.0558,24.1161,24.9987,453314
2009-07-27,25.0499,25.2074,24.5795,25.1936,449088
2009-07-28,24.8511,25.6295,24.7724,25.5005,334344
2009-07-29,25.3283,25.7141,25.0164,25.5734,370002
2009-07-30,25.9729,27.0121,25.7141,25.9808,886321
2009-07-31,25.9808,26.5417,25.8559,26.2967,573784
2009-08-03,26.7818,26.8025,26.3223,26.5702,548366
2009-08-04,26.3223,27.7688,26.0143,27.4648,997192
2009-08-05,27.4421,28.4331,27.3781,28.19,1894827
2009-08-06,28.2264,29.2597,27.8947,28.372,1027264
2009-08-07,29.0923,30.9709,28.6397,30.414,1342286
2009-08-10,30.0981,30.1177,29.1947,29.5814,631299
2009-08-11,29.1131,29.1131,27.8436,27.9784,759576
2009-08-12,28.125,28.6899,27.8436,28.1732,533420
2009-08-13,28.6968,28.8768,27.8436,28.2067,304687
2009-08-14,28.2785,28.2992,27.3653,28.1014,341646
2009-08-17,27.2846,27.5848,26.9688,27.0199,570572
2009-08-18,27.2463,27.3516,26.9688,27.0977,408991
2009-08-19,26.5211,26.9993,26.4895,26.7336,357439
2009-08-20,26.7208,27.5583,26.5702,27.4933,704031
2009-08-21,27.7737,28.6102,27.7433,28.0887,780642
2009-08-24,28.2599,28.5511,28.002,28.1732,500856
2009-08-25,28.1162,28.5787,28.0591,28.1949,307574
2009-08-26,28.1211,28.4331,27.9017,28.3848,426775
2009-08-27,28.3602,28.4665,27.8082,28.4261,342145
2009-08-28,28.5511,29.1131,28.2599,29.0078,776800
2009-08-31,28.4911,29.2242,28.4911,29.0224,586447
2009-09-01,28.7657,29.0687,27.8082,27.8564,580971
2009-09-02,27.7737,28.2205,27.5179,27.8013,412219
2009-09-03,28.008,28.2471,27.3516,28.2411,291596
2009-09-04,28.125,28.4665,27.5779,28.4478,432467
2009-09-08,28.5511,29.2735,28.4774,29.2459,491683
2009-09-09,29.1494,29.6986,28.8374,29.6227,281024
2009-09-10,29.5382,30.2614,29.1366,30.0636,519194
2009-09-11,30.0902,30.3333,29.4073,29.7595,310419
2009-09-14,29.4279,30.7318,29.4279,30.6747,304009
2009-09-15,30.8912,31.6204,30.5458,31.401,338755
2009-09-16,31.52,32.9055,31.4963,32.8869,374206
2009-09-17,32.8268,33.5275,32.2836,32.6507,391247
2009-09-18,32.9252,32.9252,31.276,31.6282,936387
2009-09-21,30.7918,31.3222,30.7918,30.9404,540622
2009-09-22,30.9749,31.5003,30.8627,31.1884,730355
2009-09-23,31.3085,31.4334,29.9997,30.0478,688920
2009-09-24,30.3135,30.4887,29.0284,29.5686,617503
2009-09-25,29.5382,30.3135,29.1494,30.0164,401949
2009-09-28,30.1522,31.0968,29.8766,31.0526,447641
2009-09-29,31.0526,31.2947,30.2781,30.3087,322000
2009-09-30,30.4346,30.5133,29.486,29.917,441012
2009-10-01,29.7114,30.0026,28.9291,28.9635,449649
2009-10-02,28.5993,29.7172,28.3602,28.8434,688620
2009-10-05,29.0284,29.666,29.0224,29.4201,314138
2009-10-06,29.6916,30.0026,28.803,29.3394,463787
2009-10-07,29.1366,29.486,28.8512,29.1366,236675
2009-10-08,29.4712,29.9997,29.301,29.5254,514250
2009-10-09,29.4141,29.8235,29.0973,29.3324,405150
2009-10-12,29.6159,29.666,29.1051,29.2006,399823
2009-10-13,28.8572,28.8867,27.8082,27.9223,682124
2009-10-14,28.2599,28.677,27.8082,28.5865,680026
2009-10-15,28.2411,29.2006,28.0237,29.0579,554011
2009-10-16,28.7577,29.2597,28.4596,28.7775,556128
2009-10-19,29.0008,29.8846,28.5452,29.7172,598505
2009-10-20,29.6916,29.6916,28.9635,29.0579,429767
2009-10-21,29.0078,29.672,28.7165,28.8374,531570
2009-10-22,28.8374,29.7232,28.2529,29.6375,463987
2009-10-23,29.6916,30.0164,29.3512,29.5194,645976
2009-10-26,29.6159,30.1355,28.7824,28.8828,730390
2009-10-27,28.9437,29.172,28.2126,28.3396,573803
2009-10-28,28.3061,29.0747,27.9588,28.0237,948148
2009-10-29,28.3602,29.3157,28.1821,29.2665,644927
2009-10-30,28.9753,29.4929,28.6053,29.052,1062510
2009-11-02,29.3954,29.8029,28.6318,29.4457,654717
2009-11-03,29.1494,29.5755,28.677,29.5382,775677
2009-11-04,29.8294,29.9927,29.0747,29.1366,795581
2009-11-05,29.4457,29.9425,29.0973,29.8993,785906
2009-11-06,29.4791,30.6461,29.2597,30.4887,727637
2009-11-09,30.7318,30.8833,30.4012,30.8193,804823
2009-11-10,30.718,30.7987,29.2006,29.666,1040795
2009-11-11,29.9997,30.4809,29.9121,30.407,588074
2009-11-12,30.22,30.4739,29.5382,29.6858,613839
2009-11-13,29.8294,30.3195,29.5382,30.1758,570801
2009-11-16,30.6589,31.0024,30.2997,30.7849,812316
2009-11-17,30.4927,30.9266,30.1925,30.2092,943740
2009-11-18,30.3273,30.7918,30.2092,30.7466,599289
2009-11-19,30.6048,31.0812,30.407,30.5812,1174580
2009-11-20,30.414,30.6186,30.0203,30.1758,1019132
2009-11-23,30.5458,30.9887,30.2555,30.534,570991
2009-11-24,30.5536,30.6186,30.1315,30.3195,662990
2009-11-25,30.4425,30.5871,30.0272,30.0902,300219
2009-11-27,29.301,30.1443,29.301,29.672,277147
2009-11-30,29.7232,30.9404,29.2941,30.8331,968040
2009-12-01,31.1697,31.1884,30.5871,30.9188,739337
2009-12-02,30.8135,31.4403,30.7918,31.1106,660078
2009-12-03,31.335,31.5742,30.3736,30.4739,661456
2009-12-04,31.215,31.4826,30.4425,30.9266,1287793
2009-12-07,30.8391,31.1106,30.3942,30.4809,712721
2009-12-08,30.2614,31.0467,30.1846,30.7466,663789
2009-12-09,30.8331,30.9188,30.4927,30.594,702164
2009-12-10,30.6944,30.8065,29.9623,30.1846,347845
2009-12-11,30.3273,30.8065,30.1846,30.778,379162
2009-12-14,30.899,31.2632,30.4887,31.2071,528413
2009-12-15,31.0624,31.2434,30.8764,30.9955,431473
2009-12-16,31.0024,31.6499,31.0024,31.3763,600213
2009-12-17,31.09,31.4403,30.899,31.3685,430501
2009-12-18,31.6125,31.8123,31.1323,31.7512,940434
2009-12-21,31.8172,32.3269,31.5888,32.1587,430359
2009-12-22,32.2482,32.3623,32.0514,32.2708,358485
2009-12-23,32.3565,32.4234,31.8595,32.0121,534348
2009-12-24,32.0976,32.4706,31.9983,32.4312,177785
2009-12-28,32.4628,33.0256,32.2896,32.6802,556488
2009-12-29,32.7402,32.755,32.1439,32.1655,378065
2009-12-30,32.0799,32.5021,31.8595,32.4883,462957
2009-12-31,32.5493,32.8327,31.9795,32.0051,267868
2010-01-04,32.4312,32.5237,31.7808,31.9451,581849
2010-01-05,31.8861,32.0671,31.6204,31.9205,557957
2010-01-06,31.952,32.137,31.7886,32.0229,556786
2010-01-07,31.8802,32.2964,31.5535,32.1763,976821
2010-01-08,32.0179,32.3102,31.8536,31.9678,552675
2010-01-11,32.137,32.3623,31.9736,32.1311,695932
2010-01-12,31.9254,32.1823,31.705,31.8802,755844
2010-01-13,31.5279,32.0868,31.4688,31.9736,455398
2010-01-14,31.7808,32.0602,31.6667,31.8969,335389
2010-01-15,31.8457,32.0367,31.395,31.4757,604054
2010-01-19,31.4619,31.9058,31.4403,31.8861,623951
2010-01-20,31.6548,31.8172,31.4226,31.7198,474187
2010-01-21,31.7512,31.952,30.8627,30.8627,436898
2010-01-22,30.8627,31.2562,30.1049,30.2152,453841
2010-01-25,30.6373,30.6944,30.0902,30.3195,471322
2010-01-26,30.1177,30.9266,30.0981,30.6048,416248
2010-01-27,30.4995,30.9709,30.1443,30.8391,607185
2010-01-28,30.9955,31.0388,30.2152,30.8391,514056
2010-01-29,31.0388,31.3271,30.7052,31.1018,754954
2010-02-01,31.2632,31.4963,31.1106,31.4148,566916
2010-02-02,31.3557,31.8664,31.1382,31.7572,531196
2010-02-03,31.6873,31.7886,31.2562,31.395,375632
2010-02-04,31.2434,31.456,30.6186,30.9887,726033
2010-02-05,30.0272,31.335,30.0272,30.9955,806472
2010-02-08,31.1106,31.1933,30.594,30.6255,453068
2010-02-09,30.9807,31.1697,30.3333,30.4809,448136
2010-02-10,30.3942,30.7652,29.9229,30.4739,228996
2010-02-11,30.3736,30.8135,30.1355,30.7239,255591
2010-02-12,30.4346,30.8627,30.1393,30.8135,437450
2010-02-16,31.0694,31.6617,30.8764,31.6548,311750
2010-02-17,31.8664,32.5434,31.8251,32.3102,410077
2010-02-18,32.2265,33.125,32.0435,33.0039,424226
2010-02-19,32.9518,33.1446,32.7185,32.8327,638419
2010-02-22,32.8505,33.4734,32.7826,33.3641,322843
2010-02-23,33.3385,33.8955,33.1968,33.8404,977335
2010-02-24,33.8876,34.3226,33.7085,34.2714,561669
2010-02-25,33.8689,34.9051,33.7725,34.8786,865422
2010-02-26,34.9504,35.0803,34.3777,34.4318,935020
2010-03-01,34.7172,34.8864,34.3698,34.6119,372040
2010-03-02,34.484,34.7221,34.1454,34.477,502664
2010-03-03,34.6493,34.7044,33.6957,33.7951,689871
2010-03-04,33.9958,34.1396,33.7026,34.0855,335038
2010-03-05,34.3973,35.2476,34.2123,35.1787,617864
2010-03-08,35.0734,35.531,34.9878,35.3873,367913
2010-03-09,35.1866,36.0712,35.0222,35.6501,412319
2010-03-10,35.7032,36.0712,35.2801,35.4109,347440
2010-03-11,35.2397,35.4897,35.2023,35.3794,352300
2010-03-12,35.3794,35.6855,35.1344,35.5733,267897
2010-03-15,35.5733,35.7573,35.1944,35.4788,340256
2010-03-16,35.6904,36.1351,35.4345,36.088,347586
2010-03-17,36.2867,36.454,35.8794,36.3605,479998
2010-03-18,36.1844,36.4569,36.1509,36.209,260753
2010-03-19,36.4146,36.4146,35.7298,36.0712,684290
2010-03-22,35.8173,36.4569,35.7298,36.396,252405
2010-03-23,36.4796,36.4796,35.8626,36.0516,625758
2010-03-24,35.9571,36.1283,35.6786,35.8794,801326
2010-03-25,36.0663,36.1115,35.6195,35.6786,941445
2010-03-26,35.8242,35.9413,35.3057,35.5605,320379
2010-03-29,35.5674,35.9797,35.5674,35.8242,408063
2010-03-30,35.7799,35.9325,35.0999,35.2987,810132
2010-03-31,35.2801,35.2801,34.3068,34.3334,823900
2010-04-01,34.5548,34.5913,33.8178,33.9664,1216382
2010-04-05,33.9604,34.2045,33.8354,34.1189,1142190
2010-04-06,33.7282,34.5361,33.4045,34.4633,1440142
2010-04-07,34.484,34.5361,33.9201,34.0815,520591
2010-04-08,33.9201,34.1524,33.6612,33.9063,1041565
2010-04-09,33.9958,34.6365,33.7351,34.6168,499934
2010-04-12,34.7693,34.8146,34.4121,34.4918,481255
2010-04-13,33.9123,34.789,33.6023,34.6237,1010818
2010-04-14,34.789,34.8786,34.3629,34.6237,455196
2010-04-15,34.5695,34.5843,33.8955,33.9457,523437
2010-04-16,33.9319,34.1071,33.4517,33.493,647936
2010-04-19,33.372,33.9536,33.3454,33.9319,370609
2010-04-20,34.1848,34.2645,33.5697,34.2586,234598
2010-04-21,34.2763,35.2476,34.2763,35.1472,899142
2010-04-22,34.8451,35.5605,34.8451,35.4109,585551
2010-04-23,35.4345,35.9128,35.2279,35.6884,598799
2010-04-26,36.027,36.4471,35.6786,36.082,826811
2010-04-27,35.9492,36.396,35.4975,35.5969,594744
2010-04-28,35.7839,36.388,35.7032,35.8173,442555
2010-04-29,36.2424,37.2412,36.213,37.2078,519628
2010-04-30,37.0297,37.4666,36.4314,36.639,733307
2010-05-03,36.8407,38.0127,36.8171,37.934,668491
2010-05-04,37.2826,37.7844,37.0228,37.3199,668305
2010-05-05,37.075,37.7933,36.8545,37.0179,614741
2010-05-06,36.6519,37.1153,34.173,35.7947,896505
2010-05-07,35.7652,36.388,34.6296,34.8146,673277
2010-05-10,36.1351,36.639,35.7839,36.6183,756580
2010-05-11,36.1569,37.8385,35.897,37.1054,1092177
2010-05-12,36.9963,37.8897,36.9303,37.6319,560927
2010-05-13,37.6319,37.7126,36.9707,37.5139,1163228
2010-05-14,37.1104,37.5069,36.6754,37.0297,589969
2010-05-17,37.195,37.7588,36.2946,37.2009,628010
2010-05-18,37.6319,37.81,36.1509,36.268,467608
2010-05-19,36.027,36.6233,35.3165,36.268,849780
2010-05-20,35.5772,36.1873,34.4574,34.5046,812621
2010-05-21,34.2045,35.7573,33.7223,35.4443,902061
2010-05-24,35.4443,35.467,34.5489,34.5843,509674
2010-05-25,33.861,35.6904,33.4802,35.5388,817440
2010-05-26,35.9925,36.3133,35.2594,35.5674,929284
2010-05-27,36.3339,36.9903,35.8173,36.9056,785925
2010-05-28,36.6902,37.0297,36.1283,36.213,713362
2010-06-01,36.0004,36.213,35.2721,35.4011,620130
2010-06-02,35.4837,35.7504,34.6994,35.7032,812744
2010-06-03,35.5969,35.8035,35.1403,35.4837,332389
2010-06-04,34.6296,34.9367,33.6023,33.8532,869533
2010-06-07,34.0008,34.5184,33.7282,33.7794,533537
2010-06-08,33.8827,34.2045,32.9734,34.173,653480
2010-06-09,34.4121,34.8864,33.7882,34.051,729168
2010-06-10,34.5322,35.0862,34.2763,34.9435,828377
2010-06-11,34.6424,35.1551,34.4918,35.1344,675412
2010-06-14,35.3243,35.6786,34.9219,35.2987,902023
2010-06-15,35.3312,35.7228,35.0803,35.6195,717333
2010-06-16,35.3057,35.7228,35.3057,35.531,629885
2010-06-17,35.5526,35.6501,35.2397,35.5388,495680
2010-06-18,35.712,35.718,35.2801,35.5733,746699
2010-06-21,35.9571,36.1283,35.0862,35.1787,516971
2010-06-22,35.3243,35.4975,34.4574,34.5184,422313
2010-06-23,34.4209,35.0222,34.0401,34.4702,301937
2010-06-24,34.3334,34.7772,33.8226,34.2822,631792
2010-06-25,34.4397,35.2869,34.1986,35.1551,909346
2010-06-28,35.2289,35.2289,34.4121,34.5489,292100
2010-06-29,34.0274,34.542,33.7951,34.0815,1036317
2010-06-30,34.1396,34.7093,33.9388,34.1189,707305
2010-07-01,34.2045,34.2045,33.2598,33.8473,757285
2010-07-02,34.168,34.1986,33.1328,33.5343,778469
2010-07-06,34.0401,34.2477,32.9518,33.2087,767798
2010-07-07,33.6111,34.6168,33.5639,34.6001,898119
2010-07-08,35.0734,35.4395,34.663,35.1718,801580
2010-07-09,35.1718,35.5241,34.8215,35.3115,411206
2010-07-12,35.4011,35.4011,34.5184,34.9671,458100
2010-07-13,35.0999,35.467,34.6237,35.3115,881338
2010-07-14,35.1403,35.4788,34.7535,35.0734,827343
2010-07-15,35.0803,35.1944,34.5913,35.0104,551800
2010-07-16,34.729,34.8451,33.9604,34.051,769914
2010-07-19,34.0657,34.5322,33.4202,34.4121,508950
2010-07-20,33.8473,35.5448,33.7351,35.4395,1045903
2010-07-21,35.6451,35.6638,34.6493,34.852,627890
2010-07-22,35.2535,36.2336,35.1639,36.0998,806427
2010-07-23,35.837,36.2532,35.3057,36.2494,619054
2010-07-26,36.3546,37.5286,36.1351,37.4735,676474
2010-07-27,37.6615,37.7933,37.1703,37.5866,817563
2010-07-28,37.4735,37.7588,37.1054,37.4666,589800
2010-07-29,37.7451,37.7933,36.9136,37.3761,530130
2010-07-30,36.9903,37.7844,36.8231,37.44,558239
2010-08-02,37.9458,38.6652,37.8838,38.487,381229
2010-08-03,38.244,38.487,37.8838,38.0836,352281
2010-08-04,38.1879,38.677,37.9498,38.3355,302041
2010-08-05,38.1446,38.5431,37.7126,37.8465,319677
2010-08-06,37.3199,37.626,36.4088,37.5984,363082
2010-08-09,37.8041,37.8041,37.2412,37.7342,563654
2010-08-10,37.1891,37.8317,37.1222,37.6191,513839
2010-08-11,36.8486,37.3317,36.703,36.9578,743976
2010-08-12,36.4088,36.6439,36.1687,36.3792,798947
2010-08-13,36.396,36.5584,36.2198,36.2946,584565
2010-08-16,36.1115,36.5406,35.9964,36.2494,518657
2010-08-17,36.5061,37.6683,36.454,37.1703,601232
2010-08-18,37.195,37.5139,36.7462,37.4548,1002921
2010-08-19,37.3199,37.3199,36.4471,36.5406,609485
2010-08-20,36.3339,36.4314,35.8626,36.268,439671
2010-08-23,36.4038,36.5288,35.9207,35.9797,231893
2010-08-24,35.531,36.3339,34.9878,36.0919,338587
2010-08-25,35.7947,36.9963,35.6038,36.9194,524214
2010-08-26,37.1222,37.3269,36.7334,36.8545,526479
2010-08-27,37.0504,37.255,36.1351,37.2147,422747
2010-08-30,37.0435,37.568,37.01,37.0228,482110
2010-08-31,36.9441,37.7027,36.7866,37.4351,910229
2010-09-01,38.0472,38.7813,37.7588,38.7813,571187
2010-09-02,38.8393,38.8393,38.3561,38.7547,433147
2010-09-03,39.0499,39.105,38.4496,38.9249,369667
2010-09-07,38.2844,38.4349,37.8248,37.8651,534084
2010-09-08,37.9812,38.2844,37.5139,37.7844,538574
2010-09-09,38.2223,38.2578,36.9963,37.4479,325732
2010-09-10,37.5591,37.8838,37.3495,37.7933,373573
2010-09-13,38.182,38.5717,37.9134,38.5431,371690
2010-09-14,38.4496,38.4752,38.2223,38.2637,216694
2010-09-15,38.5589,38.9662,38.2637,38.799,463357
2010-09-16,38.7912,38.9249,38.487,38.8058,281356
2010-09-17,39.0391,39.1316,38.5992,39.0587,417235
2010-09-20,39.2301,40.3568,38.981,40.2663,493660
2010-09-21,39.8933,39.9071,38.7734,39.0253,719357
2010-09-22,38.7065,39.1247,38.3503,38.5717,329625
2010-09-23,38.2578,38.3631,37.7678,37.7933,437596
2010-09-24,38.1633,39.0441,38.1633,38.9732,288275
2010-09-27,38.987,39.0587,38.2578,38.6426,296820
2010-09-28,38.6288,38.8855,37.8317,38.6996,704473
2010-09-29,38.487,38.6288,38.123,38.4576,357861
2010-09-30,38.6336,39.17,37.9734,38.6336,740153
2010-10-01,38.8935,39.164,38.4349,38.8728,461462
2010-10-04,38.8206,39.0499,38.5353,39.0499,604762
2010-10-05,39.3619,40.1658,39.2103,40.1176,1091504
2010-10-06,39.9483,40.342,39.8755,40.032,879121
2010-10-07,40.2593,40.3636,39.6138,39.8549,427619
2010-10-08,39.9209,40.1373,39.6138,39.8795,269709
2010-10-11,39.9602,40.0507,39.7555,39.8136,255605
2010-10-12,39.7427,40.1846,39.4622,40.0586,329940
2010-10-13,39.8076,40.5408,39.6089,40.1077,461247
2010-10-14,39.9651,40.3498,39.7752,40.0006,325509
2010-10-15,40.2239,40.6037,39.9916,40.1117,276883
2010-10-18,40.0949,40.7681,40.032,40.7592,303028
2010-10-19,40.3715,40.9147,40.0586,40.1973,388122
2010-10-20,40.3715,41.4519,40.3715,41.1263,374231
2010-10-21,41.3211,41.6311,40.5969,40.8104,317336
2010-10-22,40.9816,41.0476,40.6165,40.9403,207199
2010-10-25,41.2276,41.2975,41.0141,41.08,368087
2010-10-26,40.7523,40.8281,40.5092,40.522,277588
2010-10-27,40.3242,40.6225,40.0006,40.466,435514
2010-10-28,40.709,40.9885,39.848,40.0665,321866
2010-10-29,40.0064,40.5791,39.9533,40.4561,301474
2010-11-01,40.6165,41.1459,40.4856,40.7976,226483
2010-11-02,41.0604,41.2276,40.6165,40.9403,321374
2010-11-03,40.9757,41.1263,40.5624,40.8792,239392
2010-11-04,41.4116,41.8495,41.0928,41.8309,311246
2010-11-05,41.7895,42.745,41.7895,42.0808,239055
2010-11-08,41.9814,42.2452,41.2414,41.8958,522029
2010-11-09,42.0808,42.0808,40.0074,40.3115,379259
2010-11-10,40.5024,41.1666,40.4315,41.021,367130
2010-11-11,40.7681,41.2827,40.6431,40.7839,236235
2010-11-12,40.527,40.9461,40.4906,40.6824,216034
2010-11-15,40.8281,41.1331,40.1973,40.2387,260421
2010-11-16,40.0507,40.1658,38.9928,39.3363,424481
2010-11-17,39.481,40.1077,39.1572,39.8076,403400
2010-11-18,40.3026,40.3863,40.0182,40.1314,303827
2010-11-19,39.9277,40.4177,39.7595,40.2997,286427
2010-11-22,40.3302,40.4315,40.0074,40.0891,308896
2010-11-23,39.6955,40.0507,39.6424,40.0507,295360
2010-11-24,40.3498,40.6687,40.1373,40.6687,374134
2010-11-26,40.3784,40.5841,40.3026,40.4365,91241
2010-11-29,40.1924,40.7051,39.9848,40.6569,424125
2010-11-30,40.2407,40.7907,40.158,40.6814,704390
2010-12-01,41.1774,41.1774,40.6116,40.9206,546516
2010-12-02,41.0338,41.5691,40.8862,41.5691,439325
2010-12-03,41.3467,41.696,41.1844,41.6271,325977
2010-12-06,41.5032,41.7698,40.9403,41.4461,251962
2010-12-07,41.8043,42.0286,41.6311,41.7294,350991
2010-12-08,41.7698,41.9705,41.0013,41.2227,347137
2010-12-09,41.4038,41.575,41.0141,41.021,212968
2010-12-10,40.8478,41.8309,40.8478,41.6773,282574
2010-12-13,41.8495,41.9096,41.5464,41.5582,371990
2010-12-14,41.5898,41.9154,41.1331,41.2827,220324
2010-12-15,41.2759,41.5632,40.8684,40.8792,344089
2010-12-16,40.9541,41.3123,40.7385,41.0751,285737
2010-12-17,41.08,41.4195,40.9403,41.3053,517607
2010-12-20,41.3546,41.5032,41.2532,41.3978,347911
2010-12-21,41.5464,41.7118,41.2699,41.5976,424902
2010-12-22,41.5819,42.1763,41.5819,41.7817,307743
2010-12-23,41.7817,41.7895,41.327,41.5632,399023
2010-12-27,41.5632,42.3622,41.4195,42.3131,197721
2010-12-28,42.4046,42.6358,41.9775,42.5798,169029
2010-12-29,42.685,42.745,42.3032,42.435,170743
2010-12-30,42.3652,42.5019,42.1999,42.4066,133995
2010-12-31,42.4006,42.5256,42.0808,42.0857,213716
2011-01-03,42.3081,42.7893,42.0857,42.3996,745840
2011-01-04,42.4872,42.5266,41.0751,41.1774,587754
2011-01-05,41.0928,41.5524,41.0338,41.1844,610404
2011-01-06,41.2975,41.822,41.2699,41.3978,891382
2011-01-07,41.51,41.7973,40.7907,41.0751,321863
2011-01-10,40.9334,41.0928,40.6431,41.0082,362020
2011-01-11,41.3467,41.3467,40.5092,40.9619,426879
2011-01-12,40.9757,41.1263,40.7523,40.9206,407418
2011-01-13,40.9147,41.0849,40.7592,40.9461,269463
2011-01-14,40.835,41.021,40.6293,40.9334,306104
2011-01-18,40.8792,41.2,40.5703,41.2,298503
2011-01-19,41.1125,41.1528,40.2741,40.4365,405575
2011-01-20,40.2593,40.7228,40.2593,40.4365,310841
2011-01-21,40.6362,40.6362,40.2593,40.5565,301474
2011-01-24,40.6165,41.0604,40.4571,40.8862,300954
2011-01-25,40.7907,41.6271,40.527,41.6271,377038
2011-01-26,41.6379,41.7757,41.1774,41.4402,386222
2011-01-27,41.5819,42.0552,41.2975,41.8554,526150
2011-01-28,41.8111,42.0011,41.4038,41.575,532946
2011-01-31,41.8013,42.4626,41.7128,42.2589,266496
2011-02-01,42.4655,42.4655,41.7236,42.3475,267853
2011-02-02,42.4655,42.5059,41.88,41.9302,278466
2011-02-03,41.8554,42.0286,41.6379,41.7492,475377
2011-02-04,41.6626,41.6626,40.7523,40.7976,356345
2011-02-07,40.893,41.3053,40.8281,41.2463,549129
2011-02-08,41.2759,41.6183,41.0928,41.2759,828017
2011-02-09,41.3467,41.3467,40.8626,41.1666,492409
2011-02-10,40.9078,41.4264,40.8862,41.021,310900
2011-02-11,41.0338,41.0338,40.7051,40.835,486870
2011-02-14,40.9078,41.1528,40.7326,41.0396,307391
2011-02-15,40.8173,41.0338,40.6687,40.8626,313908
2011-02-16,41.0524,41.2759,40.6165,40.9461,287166
2011-02-18,41.0751,41.4835,41.0751,41.3762,359364
2011-02-22,41.0338,41.6773,41.0338,41.51,335410
2011-02-23,41.6311,41.6439,41.0524,41.1203,311223
2011-02-24,41.1056,41.2532,40.6687,41.0928,280739
2011-02-25,41.2887,41.9883,41.2,41.9814,489530
2011-02-28,42.062,43.0718,41.9814,43.0718,651130
2011-03-01,43.053,43.0914,41.577,41.6587,616495
2011-03-02,41.4717,41.7,41.0957,41.2581,412449
2011-03-03,41.516,41.7531,41.392,41.4894,672694
2011-03-04,41.6567,41.6567,40.6293,40.9334,344288
2011-03-07,41.0476,41.1844,40.158,40.3863,415448
2011-03-08,40.4247,41.0751,40.1738,40.8754,540486
2011-03-09,41.1774,41.4717,40.893,41.3978,622445
2011-03-10,41.0643,41.1509,40.7523,40.8704,298128
2011-03-11,40.8173,41.4313,40.6362,41.3349,279718
2011-03-14,41.0604,41.2276,40.7592,41.0751,240456
2011-03-15,40.2465,41.1056,40.1373,40.8281,311629
2011-03-16,40.7592,41.0396,40.0438,40.0822,504041
2011-03-17,40.5614,40.649,40.0949,40.5889,388967
2011-03-18,40.9009,41.1922,40.709,41.1528,847902
2011-03-21,41.51,41.515,41.1922,41.2355,468678
2011-03-22,41.2463,41.3624,41.0268,41.0682,247320
2011-03-23,41.0013,41.0997,40.3715,40.6362,459313
2011-03-24,40.8626,41.0476,40.3912,40.9206,391998
2011-03-25,41.0957,41.6399,41.0249,41.3113,354664
2011-03-28,41.2414,41.5898,41.0997,41.1922,441320
2011-03-29,41.0682,41.3624,40.6225,41.3585,347202
2011-03-30,41.5524,42.0857,41.4313,41.9361,676981
2011-03-31,41.7728,42.6309,41.7728,42.5561,681059
2011-04-01,42.5698,42.9792,42.3425,42.81,395453
2011-04-04,42.8365,43.0884,42.7647,43.0353,342981
2011-04-05,42.8789,43.0383,42.6801,42.81,323784
2011-04-06,42.8503,42.9664,42.6505,42.6741,194118
2011-04-07,42.6653,42.6653,42.062,42.07,327520
2011-04-08,42.2412,42.3101,41.7206,41.8535,338267
2011-04-11,41.9194,42.3101,41.9194,42.0276,404364
2011-04-12,41.9489,42.4292,41.9489,42.0926,339885
2011-04-13,42.1999,42.3514,41.8938,41.9568,349735
2011-04-14,41.6399,42.4695,41.5927,42.3425,303396
2011-04-15,42.3101,42.621,42.19,42.5984,322231
2011-04-18,42.1575,42.3101,41.9007,42.2471,246266
2011-04-19,42.3878,42.5846,42.3514,42.5541,166793
2011-04-20,43.0057,43.2656,42.5984,43.2498,354368
2011-04-21,43.4614,43.607,43.053,43.5263,187997
2011-04-25,43.4348,43.7497,43.299,43.6927,172520
2011-04-26,43.8551,44.413,43.5411,44.1552,314109
2011-04-27,44.2299,44.5862,44.0174,44.5379,207926
2011-04-28,44.5793,45.1097,44.5793,44.8853,307627
2011-04-29,44.9611,44.9611,44.2654,44.7653,349809
2011-05-02,45.0132,45.028,44.2978,44.7407,326047
2011-05-03,44.5714,44.9916,44.1444,44.5439,225607
2011-05-04,44.5714,44.842,44.289,44.6304,477630
2011-05-05,44.5203,45.1864,44.3382,44.7465,288430
2011-05-06,45.3596,45.6972,44.9119,45.2239,497541
2011-05-09,45.1579,45.3302,44.8627,44.97,348480
2011-05-10,45.0861,45.8241,45.0782,45.709,448300
2011-05-11,45.6312,45.7159,44.7259,44.8676,467928
2011-05-12,44.6728,44.8174,44.3913,44.6226,382934
2011-05-13,44.6226,44.7751,44.2113,44.2575,290889
2011-05-16,44.1099,44.4917,44.0233,44.2644,327781
2011-05-17,44.1384,44.3785,44.0233,44.1768,447530
2011-05-18,44.3667,44.6797,44.0391,44.6226,283335
2011-05-19,44.8036,44.9916,44.4366,44.72,219152
2011-05-20,44.5439,44.6649,43.8688,44.2181,595572
2011-05-23,43.6789,44.0046,43.4536,43.7163,326531
2011-05-24,43.8688,43.9406,43.5263,43.7163,260638
2011-05-25,43.6995,44.2113,43.4476,44.0607,255317
2011-05-26,43.9486,45.0132,43.8157,44.966,369626
2011-05-27,45.0575,45.1304,44.7702,45.0487,232458
2011-05-31,45.6598,45.9431,45.3174,45.8969,642215
2011-06-01,45.7946,45.7946,44.3667,44.4504,685210
2011-06-02,44.5203,45.028,44.4297,44.472,433240
2011-06-03,43.9486,45.0437,43.9486,44.9778,491136
2011-06-06,44.9434,45.1442,44.5439,44.5605,344234
2011-06-07,44.8647,45.4217,44.78,45.0467,307721
2011-06-08,44.8056,45.3528,44.78,44.963,252411
2011-06-09,45.1274,45.1274,44.4356,44.7908,317591
2011-06-10,44.5527,44.6934,43.7163,43.795,343354
2011-06-13,43.8294,44.2516,43.7084,43.9977,347098
2011-06-14,44.2978,44.6226,44.0882,44.5931,322198
2011-06-15,44.1886,44.5055,43.607,43.9898,389993
2011-06-16,44.1286,44.5665,43.5736,44.2812,436139
2011-06-17,44.6039,45.0004,44.2831,44.9069,1060256
2011-06-20,44.8715,45.3971,44.6934,45.1579,305900
2011-06-21,45.4826,45.6086,45.1992,45.5761,408483
2011-06-22,45.4826,45.5387,44.6865,44.7407,681289
2011-06-23,44.1492,44.1552,43.485,43.613,574710
2011-06-24,43.6621,44.0902,43.364,43.8423,952422
2011-06-27,43.8954,44.2427,43.8088,44.0489,415091
2011-06-28,44.0686,44.4868,43.8019,44.478,325294
2011-06-29,44.6728,44.9778,44.4169,44.8932,231334
2011-06-30,45.0093,45.4039,44.8932,45.1736,476428
2011-07-01,45.2415,46.1223,45.1786,45.9717,472482
2011-07-05,45.9412,46.3692,45.5958,46.3073,384921
2011-07-06,46.1606,46.9479,46.1606,46.8544,252704
2011-07-07,47.1732,47.62,47.0414,47.5836,367220
2011-07-08,46.9429,47.7007,46.9429,47.6318,283307
2011-07-11,47.1516,47.4891,47.0316,47.1113,489071
2011-07-12,47.0236,48.1395,46.9529,47.4212,399695
2011-07-13,47.6269,47.7735,47.2687,47.3868,799370
2011-07-14,47.3956,47.5983,46.6655,47.0069,374264
2011-07-15,47.3445,48.053,46.9755,47.6495,343166
2011-07-18,47.5777,47.868,47.0857,47.7262,414696
2011-07-19,48.0313,48.7418,47.9349,48.6847,379013
2011-07-20,48.6463,48.8874,48.424,48.7487,320786
2011-07-21,49.0016,49.4464,48.9071,49.2368,269906
2011-07-22,49.3017,49.5585,49.0912,49.4808,294022
2011-07-25,48.9436,49.3401,48.7704,48.9691,152979
2011-07-26,49.0085,49.0498,48.5892,48.8166,256031
2011-07-27,48.6847,48.6847,47.5836,47.6052,340315
2011-07-28,47.5304,47.8966,46.9381,47.5088,345568
2011-07-29,47.189,47.8493,46.7284,47.8217,362159
2011-08-01,48.5312,48.5312,47.3562,47.8129,360154
2011-08-02,47.5078,47.8355,46.7806,46.8613,428972
2011-08-03,46.9597,46.9597,45.1422,46.0731,554089
2011-08-04,45.6342,45.8418,44.1749,44.1749,680111
2011-08-05,42.7007,44.0971,40.836,41.9597,1160212
2011-08-08,40.0133,41.3388,38.5323,38.5481,975908
2011-08-09,39.4169,43.1671,38.8502,43.0383,1234485
2011-08-10,41.9026,44.8056,41.516,42.7047,1133249
2011-08-11,42.8641,45.3094,42.6132,44.4562,629790
2011-08-12,44.9031,45.6175,44.0971,44.9394,500436
2011-08-15,45.1422,46.3004,45.1422,46.2148,372708
2011-08-16,45.7719,46.3692,45.4492,45.7287,685870
2011-08-17,45.9629,46.4824,45.5387,46.0534,279022
2011-08-18,44.6659,45.3154,43.9702,44.78,758556
2011-08-19,43.8294,44.9532,43.8235,44.3284,512511
2011-08-22,45.2533,45.3606,44.3136,44.5931,536045
2011-08-23,44.6728,46.0937,43.9702,46.0534,596320
2011-08-24,45.9353,46.9665,45.7415,46.8958,767156
2011-08-25,47.1083,47.554,45.0526,45.1422,597317
2011-08-26,44.8056,45.9412,43.9358,45.9147,402797
2011-08-29,46.6133,47.5462,46.3772,47.4705,434576
2011-08-30,47.2392,47.9349,46.5188,47.68,353037
2011-08-31,47.9841,48.5017,47.5226,48.2882,722479
2011-09-01,47.7184,48.1032,46.7757,46.9597,847075
2011-09-02,45.9521,46.9529,45.9521,46.077,435675
2011-09-06,44.8617,46.0967,44.847,45.8222,431064
2011-09-07,46.3614,47.2421,45.7345,47.2176,526681
2011-09-08,47.064,47.6318,46.7284,47.006,501562
2011-09-09,46.5346,46.7599,45.2219,45.4157,665831
2011-09-12,44.8814,45.7661,44.5311,45.7415,822058
2011-09-13,46.0092,46.5494,45.34,46.3811,717475
2011-09-14,46.7393,46.9311,45.8831,46.4037,778272
2011-09-15,46.7599,47.0197,46.3142,46.57,687384
2011-09-16,46.7137,46.9479,46.0228,46.6862,796665
2011-09-19,45.7867,46.1724,45.0831,45.0831,660650
2011-09-20,45.2219,45.519,44.4494,44.4858,603053
2011-09-21,44.5045,44.598,41.945,42.0041,712107
2011-09-22,40.8498,41.8554,40.5536,41.1331,742694
2011-09-23,41.0544,41.8732,40.9058,41.821,437176
2011-09-26,42.0808,42.2943,41.4894,42.1054,517452
2011-09-27,42.7746,43.1809,42.3425,42.5954,570034
2011-09-28,42.6377,42.6929,40.708,40.7445,1201485
2011-09-29,41.4569,41.7276,40.9098,41.5592,835497
2011-09-30,41.1381,41.7384,40.5959,40.6776,827062
2011-10-03,40.529,40.7445,38.2017,38.2155,962561
2011-10-04,37.7736,40.1816,37.2176,40.0438,1278449
2011-10-05,40.0586,40.1127,37.6634,39.288,721789
2011-10-06,39.2399,40.6254,39.0834,40.5585,689580
2011-10-07,40.7533,40.7995,39.0617,39.11,583796
2011-10-10,39.9828,41.3172,39.7397,41.2925,462751
2011-10-11,40.8301,41.1774,39.5617,39.8755,665899
2011-10-12,39.9749,40.838,39.8411,40.031,919292
2011-10-13,39.8352,40.2505,39.0834,39.8755,743580
2011-10-14,40.4295,40.9757,40.1462,40.7848,389249
2011-10-17,40.3814,40.4148,39.5617,39.7181,786652
2011-10-18,39.8706,40.8911,39.5537,40.6392,680043
2011-10-19,40.527,40.8773,39.8411,39.9986,611500
2011-10-20,40.0891,40.3666,39.2536,39.909,709297
2011-10-21,40.3931,40.4847,39.8549,40.344,1099681
2011-10-24,40.344,41.4471,40.0959,41.0495,881389
2011-10-25,40.7917,40.8596,40.3312,40.5585,715269
2011-10-26,40.9944,41.3309,40.3587,41.0957,856559
2011-10-27,42.7027,43.2085,41.8662,42.8031,846995
2011-10-28,42.6831,43.0432,42.2914,42.6309,530316
2011-10-31,42.0522,42.9605,41.8091,42.6102,552493
2011-11-01,41.3309,42.4203,40.8911,41.1519,872336
2011-11-02,41.7394,42.5443,41.4982,42.0808,875240
2011-11-03,42.2362,42.5561,41.3231,42.3691,624776
2011-11-04,41.7865,42.3475,41.4825,41.9696,402309
2011-11-07,41.9234,42.3327,41.4116,41.8083,506966
2011-11-08,41.9981,42.2078,40.9679,42.0306,965365
2011-11-09,41.2552,41.8889,40.338,40.464,752429
2011-11-10,41.0298,41.1233,40.5427,40.9757,869765
2011-11-11,41.4038,41.9607,41.0957,41.8083,872927
2011-11-14,41.4785,41.6261,40.8301,41.016,548187
2011-11-15,40.8301,41.2925,40.5939,40.9944,543369
2011-11-16,40.6135,41.2365,40.4069,40.708,487064
2011-11-17,40.5861,40.6667,39.602,39.8057,392589
2011-11-18,39.8352,40.0064,39.4239,39.848,596578
2011-11-21,39.1247,39.3697,38.4822,38.8088,581744
2011-11-22,38.795,39.4396,38.6711,39.0962,688681
2011-11-23,38.6711,38.8236,37.8603,37.8937,469534
2011-11-25,37.8681,38.6544,37.6358,37.7933,230583
2011-11-28,38.7685,38.8718,38.0639,38.3316,529118
2011-11-29,38.5156,38.5156,37.8603,38.1052,517109
2011-11-30,38.9496,39.2143,38.6662,39.1375,1364536
2011-12-01,39.1031,39.1995,38.5953,38.9889,457694
2011-12-02,40.031,40.0959,39.1454,39.478,581845
2011-12-05,40.0182,40.1944,39.4652,39.6502,543547
2011-12-06,39.5921,39.7092,39.164,39.2123,287163
2011-12-07,39.1729,40.0074,38.861,39.8549,659741
2011-12-08,39.5655,39.785,38.5529,38.6406,324076
2011-12-09,38.6927,39.3235,38.5156,39.0962,656617
2011-12-12,38.6711,38.7429,38.244,38.6208,323035
2011-12-13,38.8581,39.295,38.6268,38.92,627425
2011-12-14,38.6839,39.8805,38.6268,39.6207,1203524
2011-12-15,40.0586,40.8596,39.8204,40.8192,556118
2011-12-16,40.9875,41.3772,40.8872,41.1105,1107085
2011-12-19,41.3516,41.3762,40.6962,40.7385,418035
2011-12-20,41.821,42.3938,41.5671,42.2796,636123
2011-12-21,42.2215,42.6771,41.9607,42.6132,356331
2011-12-22,42.6623,43.3167,42.6623,42.8031,280383
2011-12-23,43.0215,43.0983,42.5896,42.9536,167837
2011-12-27,42.8671,43.4181,42.6132,43.0766,167133
2011-12-28,43.1809,43.3109,42.5954,42.624,306421
2011-12-29,42.6545,43.112,42.5798,42.927,259075
2011-12-30,42.993,43.4398,42.7027,42.7066,261093
2012-01-03,43.4309,43.7281,42.807,43.0019,575262
2012-01-04,42.5758,42.7608,42.2776,42.4203,488748
2012-01-05,42.3131,43.1455,42.2855,43.0599,500123
2012-01-06,43.0599,43.2351,42.6142,42.8355,334704
2012-01-09,42.807,42.8287,41.8151,41.8594,450124
2012-01-10,42.1693,42.4006,41.4235,41.7728,655595
2012-01-11,41.697,42.072,41.5602,41.9253,502406
2012-01-12,42.005,42.005,40.5427,40.587,621786
2012-01-13,40.3508,40.5732,40.0074,40.3735,1192811
2012-01-17,40.71,41.0633,40.4906,40.649,439800
2012-01-18,40.6195,41.0534,40.6195,40.8694,542110
2012-01-19,40.9177,41.6695,40.8418,41.515,601986
2012-01-20,41.5652,42.1044,41.3467,42.072,649175
2012-01-23,42.0572,42.6978,41.8898,42.6495,566043
2012-01-24,42.435,42.8237,42.248,42.6575,453889
2012-01-25,42.6653,43.4574,42.5669,43.2478,343340
2012-01-26,43.4831,44.0125,43.2292,43.9741,385489
2012-01-27,43.7882,44.3195,43.6975,44.2181,313546
2012-01-30,43.795,44.1699,43.6838,43.92,419425
2012-01-31,44.1847,44.3323,43.8019,44.1246,464321
2012-02-01,44.5753,44.6865,44.2181,44.597,696654
2012-02-02,44.6108,44.6944,44.0833,44.2703,585650
2012-02-03,44.2703,45.3016,40.3095,44.4789,771928
2012-02-06,44.4996,44.5685,44.1218,44.2772,457831
2012-02-07,44.5635,45.1452,44.1306,44.4789,493914
2012-02-08,44.5065,44.8154,43.9741,44.4868,320341
2012-02-09,44.4868,44.7417,43.4831,44.4937,2453183
2012-02-10,44.1955,45.0319,44.1955,44.4504,698472
2012-02-13,44.7771,45.0408,44.1807,44.2359,573634
2012-02-14,44.2654,44.2654,43.0019,43.2154,839731
2012-02-15,43.3689,43.4574,42.8582,42.93,804841
2012-02-16,42.9684,43.5884,42.9684,43.4388,446051
2012-02-17,43.4801,43.6838,43.3049,43.5549,193342
2012-02-21,43.6376,43.6651,42.8789,43.0432,404878
2012-02-22,43.0019,43.1681,42.741,42.748,260133
2012-02-23,42.8237,43.4574,42.6338,43.4506,334932
2012-02-24,43.5047,43.6759,43.1327,43.5756,224525
2012-02-27,43.4506,43.8521,42.7608,43.8304,394866
2012-02-28,43.6602,43.8157,43.0215,43.2351,1672349
2012-02-29,43.2223,43.4821,42.8317,43.0491,895403
2012-03-01,43.2784,43.4574,43.119,43.3246,455000
2012-03-02,43.3128,43.3561,42.8543,43.0205,703220
2012-03-05,42.9192,43.8983,42.8503,43.7281,607824
2012-03-06,43.4408,43.8019,43.2941,43.5519,592721
2012-03-07,43.7654,43.7654,43.2164,43.6691,369403
2012-03-08,43.7654,43.7654,43.3719,43.5519,449923
2012-03-09,43.6602,44.7289,43.4654,44.5143,801614
2012-03-12,44.5143,44.6029,44.3343,44.4415,357627
2012-03-13,44.6944,44.9011,44.3638,44.8765,606184
2012-03-14,44.9454,45.212,44.597,44.7653,384879
2012-03-15,44.8765,44.967,44.351,44.5832,304359
2012-03-16,44.6157,44.8234,44.4415,44.6649,1022392
2012-03-19,44.6944,45.3999,44.4868,45.3921,457065
2012-03-20,45.1018,45.4039,45.0093,45.1806,296272
2012-03-21,45.34,45.3468,44.7289,44.7584,256243
2012-03-22,44.5271,44.5271,44.0833,44.2299,504372
2012-03-23,44.4986,44.6964,44.1168,44.5409,351593
2012-03-26,45.0713,45.2504,44.8607,45.2317,274861
2012-03-27,45.333,45.4443,45.1176,45.1304,356373
2012-03-28,45.2593,45.34,44.9011,45.2199,272222
2012-03-29,44.9119,45.5387,44.7003,45.4039,275892
2012-03-30,45.707,46.3201,45.5545,46.2659,929440
2012-04-02,46.2571,46.8977,45.9412,46.8416,534948
2012-04-03,46.4313,46.883,46.4313,46.7885,562688
2012-04-04,46.509,46.8337,46.3899,46.7885,509770
2012-04-05,46.569,46.7885,46.4313,46.7028,447010
2012-04-09,46.2079,46.4499,46.1291,46.326,462311
2012-04-10,46.3388,46.632,45.2199,45.2258,613970
2012-04-11,45.5437,45.6646,45.273,45.6302,494203
2012-04-12,45.7553,46.018,45.463,45.9579,429592
2012-04-13,45.9579,46.2305,45.7719,45.8526,192832
2012-04-16,45.9343,46.8652,45.9343,46.6448,353883
2012-04-17,47.0581,47.0581,46.5975,46.7442,330685
2012-04-18,46.7098,46.7737,46.3604,46.3682,273476
2012-04-19,46.3388,46.5258,46.0701,46.2757,245704
2012-04-20,46.689,47.0236,46.5641,46.7993,318271
2012-04-23,46.3682,46.5326,45.9904,46.3682,229222
2012-04-24,46.5641,47.2066,46.4185,47.1772,320227
2012-04-25,47.556,47.8601,47.3385,47.8168,394697
2012-04-26,47.7981,47.8168,47.126,47.4202,289030
2012-04-27,47.6633,47.8375,47.0876,47.6721,219190
2012-04-30,47.7134,47.7134,47.2066,47.4635,296653
2012-05-01,47.4261,48.1779,47.2303,47.868,547813
2012-05-02,47.5885,48.2154,47.2825,48.2154,512122
2012-05-03,48.3462,48.4623,48.0274,48.1622,407868
2012-05-04,47.8522,48.0697,47.1181,47.6555,527534
2012-05-07,47.5255,48.299,47.4635,48.1622,340792
2012-05-08,48.0057,48.3345,47.8099,48.0884,655125
2012-05-09,47.74,48.8313,47.6555,48.4731,630457
2012-05-10,48.8235,48.8776,48.1395,48.5844,416853
2012-05-11,48.2518,48.9622,48.0962,48.9494,553288
2012-05-14,48.4023,48.6955,48.1986,48.2438,368050
2012-05-15,48.1622,48.2301,47.7134,47.8601,223592
2012-05-16,48.112,48.2714,47.4577,47.6082,282349
2012-05-17,47.5029,47.5029,46.2305,46.2384,351485
2012-05-18,46.1606,46.8062,45.8398,45.9638,307659
2012-05-21,46.1144,46.9647,45.9195,46.5975,363461
2012-05-22,46.7885,47.2176,46.5867,46.94,383881
2012-05-23,46.6389,47.065,46.3604,47.0089,295935
2012-05-24,47.0492,47.378,46.326,46.9647,214005
2012-05-25,46.9735,47.2943,46.5405,46.6389,176173
2012-05-29,47.005,47.5658,46.632,47.4143,368746
2012-05-30,47.0089,47.0709,46.4313,46.4381,449840
2012-05-31,46.5188,47.4743,46.1764,46.9882,995707
2012-06-01,46.1902,46.7226,46.1606,46.3043,494247
2012-06-04,46.3604,46.3604,45.091,45.4954,436541
2012-06-05,45.3518,46.5424,45.1097,46.3692,392316
2012-06-06,46.8958,47.004,46.3043,47.004,502265
2012-06-07,47.6535,47.6535,46.2689,46.2689,447648
2012-06-08,46.1449,46.7589,46.1449,46.6664,341406
2012-06-11,47.1624,47.246,45.7345,45.8192,498113
2012-06-12,46.0573,46.4253,45.5338,46.3811,334612
2012-06-13,46.1449,46.8131,45.9491,46.3948,535050
2012-06-14,46.3604,47.2736,46.3604,47.1407,375786
2012-06-15,47.1988,47.4823,46.7176,47.4497,701265
2012-06-18,47.1103,47.6948,46.8977,47.1181,505257
2012-06-19,47.2303,47.2736,46.8062,46.875,453050
2012-06-20,46.9735,47.0581,46.3388,46.7176,349729
2012-06-21,46.7176,46.8268,45.6519,45.8398,494075
2012-06-22,45.9796,46.0957,45.1766,45.3921,5667940
2012-06-25,45.273,46.0396,45.1225,45.8605,638893
2012-06-26,46.011,46.3181,45.6991,45.9147,382082
2012-06-27,46.1902,46.3181,45.7345,46.018,235071
2012-06-28,45.8438,46.8131,45.4462,46.7176,439846
2012-06-29,47.37,47.5806,47.1024,47.5806,323652
2012-07-02,47.9044,48.238,47.3307,48.0962,454339
2012-07-03,48.2488,48.4663,48.1061,48.4014,170358
2012-07-05,48.4082,48.5647,47.8305,48.1268,251308
2012-07-06,47.7774,48.3669,47.7558,48.3393,177225
2012-07-09,48.2488,48.4082,47.8837,48.2576,379616
2012-07-10,48.5578,48.6916,47.561,47.7774,231121
2012-07-11,47.9378,48.0461,47.4045,47.7194,262355
2012-07-12,47.4547,48.8274,47.4045,48.5992,367115
2012-07-13,48.7359,49.2692,48.5509,49.2663,369238
2012-07-16,49.0439,49.3313,48.9544,49.1993,294580
2012-07-17,49.2782,49.4257,48.9593,49.3165,406832
2012-07-18,49.2378,49.4188,48.79,49.1777,189286
2012-07-19,49.4188,49.4188,48.2576,48.6689,127159
2012-07-20,48.4909,48.7359,48.2035,48.3049,532520
2012-07-23,48.0215,48.4545,47.7774,48.3393,163399
2012-07-24,48.5912,48.8461,48.235,48.6955,385856
2012-07-25,48.9868,49.0153,48.4407,48.9012,248817
2012-07-26,49.3893,49.4336,48.3669,48.5794,237339
2012-07-27,48.7979,49.1669,48.6493,48.8619,248440
2012-07-30,48.8953,49.0656,48.5992,48.7202,278364
2012-07-31,48.7202,48.8668,48.4849,48.7438,319546
2012-08-01,48.9947,49.284,48.608,48.6218,410117
2012-08-02,48.5912,48.6916,48.1839,48.5912,308438
2012-08-03,49.0498,49.284,48.0668,48.4407,296447
2012-08-06,48.545,48.545,48.0215,48.1966,187627
2012-08-07,48.2488,48.3895,47.5786,47.6417,293856
2012-08-08,47.5786,47.6003,46.88,47.065,345262
2012-08-09,47.1024,47.3553,46.9036,47.004,210916
2012-08-10,47.0089,47.1939,46.7137,46.9095,212631
2012-08-13,46.9882,47.0581,46.6852,46.818,165209
2012-08-14,46.9193,47.1417,46.6704,46.7943,204647
2012-08-15,46.6704,46.8888,46.6704,46.818,398784
2012-08-16,46.9341,47.4182,46.5582,47.248,670608
2012-08-17,47.3336,47.9437,47.2412,47.6702,750203
2012-08-20,47.6938,47.8305,47.4114,47.74,414548
2012-08-21,47.9231,48.0854,47.5944,47.7558,147174
2012-08-22,47.7342,47.8385,47.3474,47.8305,273531
2012-08-23,47.7479,47.8385,47.4685,47.5865,687198
2012-08-24,47.6702,47.9683,47.4114,47.8257,242851
2012-08-27,48.0087,48.1641,47.554,48.0924,181374
2012-08-28,48.1268,48.5155,47.8385,48.4545,312367
2012-08-29,48.5794,48.5794,48.2764,48.4545,270253
2012-08-30,48.2764,48.36,48.0215,48.0992,158455
2012-08-31,48.1701,48.2202,47.5639,47.8758,303225
2012-09-04,47.9851,47.9999,47.4685,47.9378,268224
2012-09-05,48.0786,48.1435,47.6997,47.7981,220370
2012-09-06,48.0854,48.0854,47.7342,47.7981,310013
2012-09-07,47.7342,47.9231,47.6859,47.9112,303188
2012-09-10,47.9044,47.9044,47.3474,47.4861,183110
2012-09-11,47.5639,47.7342,47.3474,47.7272,189984
2012-09-12,47.9683,48.0382,47.374,47.4369,199034
2012-09-13,47.4182,47.9683,47.3966,47.7479,230753
2012-09-14,47.7342,48.6769,47.7342,48.3393,202409
2012-09-17,48.3393,48.5509,48.1061,48.1199,116754
2012-09-18,48.115,48.1966,47.4301,47.6072,168551
2012-09-19,47.6859,47.8177,47.248,47.248,301554
2012-09-20,47.0178,47.0178,46.4037,46.572,275173
2012-09-21,46.572,46.8042,46.4736,46.5188,361076
2012-09-24,46.5494,46.7983,46.3486,46.4509,336622
2012-09-25,46.5582,46.5937,45.7611,45.768,267204
2012-09-26,45.827,46.2374,45.6844,45.7729,297252
2012-09-27,45.9678,46.4677,45.6302,46.0445,912096
2012-09-28,45.9747,46.197,45.827,45.9796,393129
2012-10-01,45.9373,45.9796,44.7672,45.154,417138
2012-10-02,45.0083,45.6706,45.0083,45.6214,313337
2012-10-03,45.6656,45.9373,45.3596,45.4354,210104
2012-10-04,45.5781,45.7208,44.966,45.1688,260359
2012-10-05,45.1618,45.3675,44.9946,45.1186,285422
2012-10-08,45.0851,45.1618,44.8971,45.1461,295463
2012-10-09,45.1845,45.277,44.9159,44.9159,334459
2012-10-10,44.9257,45.3282,44.8568,45.2485,183309
2012-10-11,45.464,45.7483,45.0763,45.0763,316295
2012-10-12,45.1372,45.2415,44.5094,44.6137,320099
2012-10-15,44.6088,44.9129,44.1699,44.8843,466933
2012-10-16,44.963,45.4197,44.9385,45.333,383413
2012-10-17,47.432,47.432,45.4197,45.8192,577823
2012-10-18,45.7661,46.4381,45.71,46.2866,324529
2012-10-19,45.7415,46.4431,45.5821,45.8831,513113
2012-10-22,45.464,45.833,45.3999,45.833,523675
2012-10-23,45.464,45.5949,44.8666,45.5949,1039604
2012-10-24,45.5535,45.7808,45.3302,45.6342,441887
2012-10-25,45.8625,46.0809,45.0703,45.5683,218598
2012-10-26,45.649,45.649,44.9207,45.1608,251802
2012-10-31,45.1452,46.1538,45.1372,46.0308,371474
2012-11-01,46.3151,46.3939,45.7808,46.0967,377119
2012-11-02,46.2246,46.4864,45.7719,45.8251,506196
2012-11-05,45.7543,45.891,44.9542,45.4974,382272
2012-11-06,45.6686,45.9166,45.1304,45.8625,236448
2012-11-07,45.8103,45.8546,45.3302,45.3931,375819
2012-11-08,45.2927,45.5535,44.9011,44.9011,179235
2012-11-09,44.7003,44.9079,44.4031,44.4287,241358
2012-11-12,44.5429,44.779,43.9682,44.2369,181164
2012-11-13,44.0725,44.4514,43.9751,44.1414,208862
2012-11-14,44.3746,44.3746,43.1869,43.2794,286519
2012-11-15,43.1416,43.5116,42.9517,43.2636,366716
2012-11-16,43.2144,43.5775,42.9517,43.4122,294230
2012-11-19,43.8334,44.0193,43.5116,43.7832,210952
2012-11-20,43.8905,44.0351,43.4909,44.0066,353731
2012-11-21,44.1276,44.2251,43.7212,43.7409,309176
2012-11-23,43.9396,44.0066,43.4988,43.798,133805
2012-11-26,43.8471,44.3874,43.7684,44.1414,295577
2012-11-27,44.1522,45.0763,43.5903,44.6964,478009
2012-11-28,44.6964,44.7525,44.1601,44.411,369281
2012-11-29,43.982,44.4031,43.8963,44.2369,475102
2012-11-30,44.3156,44.6009,44.1483,44.3313,278718
2012-12-03,44.5527,44.6728,44.1807,44.3086,285320
2012-12-04,44.4218,44.8519,44.287,44.6728,228675
2012-12-05,44.8204,44.8204,44.3086,44.6364,341223
2012-12-06,44.5429,44.9906,44.5429,44.7525,452687
2012-12-07,44.595,44.968,44.5369,44.6502,280046
2012-12-10,44.6422,44.7682,44.4514,44.6422,285139
2012-12-11,44.6009,44.7682,44.4425,44.6275,278402
2012-12-12,44.659,45.0004,44.4218,45.0004,303742
2012-12-13,45.0703,45.0703,44.779,44.8519,496586
2012-12-14,44.8597,45.1077,44.8302,44.9828,485687
2012-12-17,45.03,45.3606,44.8056,44.9758,339104
2012-12-18,45.0841,45.4305,45.0703,45.4305,370454
2012-12-19,45.464,45.5613,45.2927,45.3302,214721
2012-12-20,45.4117,45.9747,45.2927,45.9441,243590
2012-12-21,45.5949,46.1784,45.5949,45.891,708770
2012-12-24,45.6175,46.0809,45.5456,46.0809,134519
2012-12-26,46.1007,46.1213,45.6037,45.8831,221905
2012-12-27,45.8025,46.1616,45.644,45.9806,213636
2012-12-28,45.8251,46.2168,45.7267,45.7601,203911
2012-12-31,45.71,46.0967,45.5683,46.0632,215636
2013-01-02,46.2551,46.757,46.1686,46.322,276782
2013-01-03,46.3368,46.8495,46.3368,46.5494,386587
2013-01-04,46.6093,46.7727,46.4489,46.7412,208326
2013-01-07,46.7491,46.9371,46.4932,46.8062,188371
2013-01-08,46.8121,46.9479,46.5021,46.7,174015
2013-01-09,46.757,46.9429,46.6576,46.757,236172
2013-01-10,46.8416,46.8416,46.5178,46.757,265754
2013-01-11,46.8023,46.8318,46.4017,46.8318,231145
2013-01-14,46.94,47.4016,46.7373,47.3061,351256
2013-01-15,47.2785,47.5875,47.1929,47.5462,245243
2013-01-16,47.4586,47.5374,47.2264,47.3926,290819
2013-01-17,47.561,47.6495,47.3061,47.4084,202701
2013-01-18,47.3572,47.4586,47.1703,47.3218,187167
2013-01-22,47.4084,47.5796,47.3139,47.4369,269758
2013-01-23,47.744,47.9821,47.5374,47.9329,306417
2013-01-24,48.0972,48.1337,47.6171,47.8099,213719
2013-01-25,47.9683,47.9959,47.4084,47.5954,272147
2013-01-28,47.5954,47.7164,47.3504,47.5462,273610
2013-01-29,47.682,47.9536,47.4527,47.9457,295901
2013-01-30,47.7676,47.8601,47.378,47.4527,247913
2013-01-31,47.5294,47.5294,46.7688,46.9991,303463
2013-02-01,47.25,47.4527,47.0925,47.3061,366315
2013-02-04,47.25,47.6427,47.186,47.3139,478135
2013-02-05,47.4429,47.4842,46.817,46.8396,272544
2013-02-06,46.817,47.4084,46.5592,47.0344,543610
2013-02-07,48.3629,48.3629,47.0394,47.0394,504490
2013-02-08,47.6082,48.3157,47.378,47.7961,516861
2013-02-11,47.8522,48.6513,47.8375,48.3541,483305
2013-02-12,48.3777,48.5214,48.112,48.4594,203833
2013-02-13,48.6719,48.788,48.242,48.4653,179267
2013-02-14,48.3353,48.788,48.3353,48.5726,566006
2013-02-15,48.6513,49.0183,48.6158,48.7802,301221
2013-02-19,48.9554,49.4622,48.9465,49.4622,334541
2013-02-20,49.4848,49.902,49.4159,49.4622,517321
2013-02-21,49.7436,49.8154,49.3637,49.5822,657745
2013-02-22,49.5409,50.1028,49.4622,49.8883,473161
2013-02-25,49.9965,50.0387,49.4444,49.4464,357864
2013-02-26,49.5822,49.9236,49.279,49.7081,313376
2013-02-27,49.8637,50.4432,49.6796,50.0014,392691
2013-02-28,49.9699,50.1608,49.8233,49.9236,754247
2013-03-01,49.9886,50.3675,49.5733,50.2474,682015
2013-03-04,49.9168,50.2247,49.652,49.7357,800070
2013-03-05,49.9965,50.0457,49.4926,49.652,513895
2013-03-06,49.8883,49.8883,49.3559,49.4296,642672
2013-03-07,49.658,49.9099,49.0892,49.1699,505194
2013-03-08,49.3056,49.4995,48.9396,49.0399,495678
2013-03-11,49.0626,49.1492,48.7172,49.1492,445980
2013-03-12,49.1177,49.1817,48.6719,48.7241,310209
2013-03-13,48.8874,49.0459,48.4909,48.9829,404059
2013-03-14,49.1403,50.0083,49.0183,49.9886,459986
2013-03-15,49.8105,50.3763,49.6727,50.3448,501568
2013-03-18,50.2051,50.9293,50.0614,50.8162,733485
2013-03-19,50.8162,50.9155,50.2474,50.4846,589171
2013-03-20,50.5987,50.6863,50.0457,50.1608,804423
2013-03-21,50.2612,50.4432,49.6146,49.6216,532759
2013-03-22,49.8429,49.8715,49.1088,49.4296,668396
2013-03-25,49.5733,49.8518,49.2476,49.4296,351328
2013-03-26,49.5153,49.7888,49.4759,49.7603,350977
2013-03-27,49.6018,49.7938,49.4926,49.6216,216621
2013-03-28,49.6865,49.9699,49.4622,49.652,389633
2013-04-01,49.6334,50.0083,49.5822,49.7603,799094
2013-04-02,50.0653,50.3034,49.8883,49.9325,410660
2013-04-03,50.0811,50.2129,49.7672,49.8941,416595
2013-04-04,50.0968,50.6725,49.9168,50.5573,475296
2013-04-05,50.3487,51.1488,50.1549,51.0957,517140
2013-04-08,51.0957,51.2895,50.9097,51.2481,273151
2013-04-09,51.3948,51.7855,51.0395,51.4568,423402
2013-04-10,51.4479,51.4686,50.7295,50.7522,325410
2013-04-11,50.7395,51.2915,50.6548,50.7561,644864
2013-04-12,50.5859,50.9017,50.5859,50.7177,414997
2013-04-15,50.826,50.9441,49.9424,49.9424,618351
2013-04-16,50.1962,50.4265,50.0359,50.3832,333070
2013-04-17,49.4129,49.965,49.3805,49.5723,441455
2013-04-18,49.7013,49.838,49.5074,49.6146,286739
2013-04-19,49.776,49.9856,49.6206,49.8961,290878
2013-04-22,50.0043,50.0043,49.5319,49.8114,277861
2013-04-23,49.9788,50.0102,49.5409,49.9276,204294
2013-04-24,49.9492,50.145,49.7229,49.8114,549664
2013-04-25,49.8902,49.965,49.3214,49.7013,228022
2013-04-26,49.7888,49.8538,49.3539,49.3539,404504
2013-04-29,49.6018,49.9856,49.466,49.8813,545241
2013-04-30,49.8813,50.1598,49.6865,49.9059,659273
2013-05-01,49.5074,49.965,49.3972,49.6334,565634
2013-05-02,49.8331,49.9925,49.4818,49.9571,656106
2013-05-03,50.2966,50.7689,50.1785,50.702,613472
2013-05-06,50.6951,51.4519,50.6076,51.3987,497193
2013-05-07,51.3496,51.7639,51.2708,51.7294,324334
2013-05-08,51.7215,52.0039,51.5434,51.998,320446
2013-05-09,52.2135,52.2135,51.7697,52.0246,280403
2013-05-10,52.0777,52.307,51.8288,52.2607,282084
2013-05-13,52.3532,52.6632,52.1279,52.5688,242432
2013-05-14,52.5619,53.0273,52.5619,53.0126,389234
2013-05-15,52.9841,53.236,52.7587,53.1483,394230
2013-05-16,53.0273,53.4967,53.0273,53.4328,321758
2013-05-17,53.6385,53.8687,53.4593,53.6719,824850
2013-05-20,53.7821,54.0291,53.6305,54.0291,491784
2013-05-21,54.1669,54.4158,53.848,53.9415,819104
2013-05-22,53.8618,54.2406,52.925,53.2015,362352
2013-05-23,52.6425,52.8768,52.0895,52.2499,440522
2013-05-24,52.1466,52.43,51.6998,52.3237,182950
2013-05-28,52.6061,52.7518,51.4519,51.51,331180
2013-05-29,51.0002,51.1586,49.776,50.5387,318604
2013-05-30,50.5859,50.8555,49.776,49.8617,215938
2013-05-31,49.8036,50.1991,49.3165,49.3559,422167
2013-06-03,47.7479,48.8176,47.247,47.8414,3354532
2013-06-04,47.9437,49.1591,47.7046,48.7143,1679352
2013-06-05,48.8313,48.8313,48.1327,48.4791,688990
2013-06-06,48.425,48.8028,47.9811,48.6631,619027
2013-06-07,48.6631,48.6631,47.2392,47.7853,743733
2013-06-10,47.9437,47.9999,47.4527,47.5964,338960
2013-06-11,47.3838,47.5806,46.875,46.9685,750639
2013-06-12,47.2756,47.3346,46.4765,46.6369,2671192
2013-06-13,46.6251,47.4999,46.5159,47.3838,821717
2013-06-14,47.3572,47.7853,46.818,47.1043,1367736
2013-06-17,47.4006,47.805,46.6369,47.1221,693129
2013-06-18,47.1437,47.7046,46.875,47.4851,423679
2013-06-19,46.6251,47.6269,45.9766,46.0869,578047
2013-06-20,45.8094,45.8398,44.4011,44.5753,863057
2013-06-21,44.9021,45.5456,44.3284,45.3833,1498785
2013-06-24,44.9021,46.0416,44.2053,45.6578,990771
2013-06-25,46.0721,47.4527,45.6784,47.2687,973352
2013-06-26,47.5806,48.2852,47.5226,48.0146,935430
2013-06-27,48.2035,48.9474,47.9939,48.9474,728616
2013-06-28,48.6769,49.593,48.3944,49.2093,1414868
2013-07-01,49.2742,49.5319,48.7211,48.918,482230
2013-07-02,48.8717,49.6146,48.6837,49.3805,823282
2013-07-03,49.1787,49.1787,48.2704,48.8648,474389
2013-07-05,48.8874,49.2672,47.3051,48.1573,623825
2013-07-08,48.175,48.7468,47.9152,48.175,395584
2013-07-09,48.2035,49.4818,48.2035,49.2672,378946
2013-07-10,49.3371,49.3805,48.4673,48.7782,617613
2013-07-11,49.5448,49.783,49.2437,49.7219,988495
2013-07-12,49.7682,49.7682,49.1187,49.3913,371265
2013-07-15,49.4168,49.5448,48.9878,49.5025,231343
2013-07-16,49.408,49.8114,49.3991,49.8114,288779
2013-07-17,50.0515,50.1923,49.6254,50.089,353562
2013-07-18,50.1825,50.8536,50.0063,50.8074,442718
2013-07-19,50.639,50.9569,50.456,50.765,958203
2013-07-22,50.8162,51.3515,50.5938,50.9648,667203
2013-07-23,51.1537,51.2994,50.5525,50.8811,309522
2013-07-24,50.821,50.8447,49.4386,49.8114,516135
2013-07-25,49.7603,50.1214,49.6058,49.8911,752667
2013-07-26,49.7958,50.1412,49.5773,50.0231,389652
2013-07-29,49.9728,50.2287,49.7603,49.9728,412596
2013-07-30,50.3428,50.3891,49.6914,50.0309,399436
2013-07-31,50.3655,50.5653,48.9957,49.5625,537308
2013-08-01,49.5989,49.8665,48.2566,48.608,818720
2013-08-02,48.7418,48.975,47.9231,47.9969,470932
2013-08-05,47.9044,48.548,47.9044,48.543,359745
2013-08-06,48.3639,48.5548,47.5285,47.7479,601413
2013-08-07,47.7568,47.8591,47.0581,47.1929,1005254
2013-08-08,47.4124,47.4911,46.8229,47.3878,377111
2013-08-09,47.3001,48.3059,47.1113,47.9821,335298
2013-08-12,47.7941,47.7941,46.9774,47.3149,428030
2013-08-13,47.4911,47.4911,46.3536,46.5021,263696
2013-08-14,46.2315,46.6193,46.1646,46.3614,311291
2013-08-15,45.4688,45.8999,45.3144,45.7473,463173
2013-08-16,45.5693,45.7405,44.7663,44.782,579120
2013-08-19,44.8292,45.0447,44.5497,44.6078,393417
2013-08-20,44.6659,45.8478,44.6659,45.6794,797706
2013-08-21,45.4954,46.2866,45.147,45.6794,474971
2013-08-22,45.834,45.892,45.2839,45.8408,277692
2013-08-23,45.892,46.1498,45.5122,46.1498,470833
2013-08-26,46.1173,46.3536,45.8202,45.9195,414161
2013-08-27,45.5889,46.2601,45.4217,46.1095,503681
2013-08-28,45.9589,46.1646,45.333,45.4738,356571
2013-08-29,45.2258,45.5033,45.1087,45.333,440273
2013-08-30,45.3302,45.7533,45.1618,45.2405,294071
2013-09-03,45.5889,45.8408,44.3599,44.782,395636
2013-09-04,44.7101,45.2908,44.5714,45.0054,288711
2013-09-05,44.8863,45.0605,44.1601,44.3136,660445
2013-09-06,44.9493,45.7533,44.7417,45.0841,725388
2013-09-09,45.1933,45.8999,44.7584,45.8654,359631
2013-09-10,45.8654,46.078,45.4019,45.8408,325802
2013-09-11,45.827,46.1695,45.3302,45.9275,247908
2013-09-12,46.0465,46.3909,45.6293,45.8556,467628
2013-09-13,45.7473,46.1587,45.6204,45.6293,256288
2013-09-16,46.1498,46.4647,45.6794,45.8113,424951
2013-09-17,45.7798,46.078,45.3626,45.4688,654417
2013-09-18,45.4816,46.6055,44.8715,46.6055,1288442
2013-09-19,46.5504,47.7725,46.2315,47.2864,468952
2013-09-20,47.2864,47.3602,46.4293,46.51,639291
2013-09-23,46.3161,46.6055,45.7591,45.8034,290008
2013-09-24,45.7887,45.8034,45.2111,45.276,401650
2013-09-25,45.1933,45.6057,44.782,45.1087,924687
2013-09-26,45.1796,46.3781,45.1796,46.078,1279570
2013-09-27,45.7946,46.3536,45.6381,46.3388,691647
2013-09-30,46.015,46.3328,45.5122,45.8556,638591
2013-10-01,45.8999,46.4077,45.4433,45.6942,18146631
2013-10-02,45.3537,46.8524,45.2111,46.7501,1888977
2013-10-03,46.633,46.6842,44.7771,45.1864,2578628
2013-10-04,45.4433,45.4886,44.7732,45.152,1325882
2013-10-07,44.9424,45.8408,44.7259,45.6115,949359
2013-10-08,45.5613,45.834,45.0703,45.1087,766713
2013-10-09,45.2455,45.7159,44.9424,45.0497,829814
2013-10-10,44.8126,45.8792,44.782,45.8556,725734
2013-10-11,45.6656,46.5238,45.5535,46.4549,741277
2013-10-14,46.3388,46.4411,45.6706,46.1498,1091963
2013-10-15,45.9195,46.0927,45.5613,45.7946,524771
2013-10-16,45.8202,46.7895,45.8202,46.7255,777865
2013-10-17,46.5021,47.8355,46.3328,47.7332,879390
2013-10-18,47.6751,47.9693,47.3395,47.9044,939064
2013-10-21,48.0274,48.234,47.5206,48.2104,838660
2013-10-22,48.2694,48.9593,48.1287,48.8067,1351016
2013-10-23,48.8146,48.9228,48.3698,48.8569,716571
2013-10-24,48.8363,48.8363,47.9319,48.2616,764721
2013-10-25,48.3059,49.408,48.241,49.3834,638434
2013-10-28,49.2682,49.6176,48.4869,49.1344,626552
2013-10-29,49.0714,49.0714,48.5844,48.975,585052
2013-10-30,48.8865,49.1433,48.5992,48.9366,402956
2013-10-31,48.9062,49.2634,48.4486,48.7172,893702
2013-11-01,48.7516,48.7832,47.6171,48.3639,746703
2013-11-04,48.1199,48.6306,47.8818,48.2773,757912
2013-11-05,48.0706,48.1287,47.002,47.1447,704601
2013-11-06,47.1998,47.7725,47.0728,47.2421,527323
2013-11-07,46.5907,47.0728,45.8792,45.9511,1121147
2013-11-08,45.7887,46.1498,44.4917,45.3626,1474555
2013-11-11,45.462,45.4816,44.9866,45.0605,745203
2013-11-12,45.1244,45.2012,44.5143,45.0841,921198
2013-11-13,44.9562,45.3626,44.6836,45.152,455631
2013-11-14,45.4069,46.015,45.3478,45.6942,571907
2013-11-15,45.827,46.1035,45.6381,45.8733,704179
2013-11-18,45.8556,46.1587,45.4069,45.7798,557765
2013-11-19,45.646,46.1173,45.4816,45.7887,729084
2013-11-20,45.7887,46.0308,44.8715,45.028,599049
2013-11-21,45.2012,45.34,44.7869,45.1796,618446
2013-11-22,45.2111,45.2533,44.5587,45.0763,530813
2013-11-25,45.0447,45.1933,44.5271,44.595,551771
2013-11-26,44.4534,44.6,44.0095,44.1601,821365
2013-11-27,44.1522,44.9424,44.1266,44.7584,1323717
2013-11-29,44.7485,44.7485,44.1099,44.1975,448291
2013-12-02,44.3224,44.5714,44.0301,44.2191,723858
2013-12-03,44.3599,44.6,44.1886,44.4454,527788
2013-12-04,44.3874,45.6942,44.2398,45.1008,1014254
2013-12-05,44.9966,45.6293,44.6512,45.5958,727461
2013-12-06,45.7719,45.9737,45.3891,45.4147,864015
2013-12-09,45.333,45.5831,45.0497,45.462,710021
2013-12-10,45.34,45.9511,45.34,45.8034,777148
2013-12-11,45.7719,45.7719,44.4612,44.5655,621540
2013-12-12,44.3599,44.5065,43.8816,44.2053,1000110
2013-12-13,44.4238,44.844,44.0095,44.1699,578857
2013-12-16,44.1758,44.536,43.9328,44.0499,579188
2013-12-17,44.0764,44.3963,43.793,44.2762,723190
2013-12-18,44.2053,44.7259,43.5805,44.5065,735961
2013-12-19,44.2496,44.6512,43.4565,43.8009,1028025
2013-12-20,43.6887,44.3382,43.6887,44.1807,1105991
2013-12-23,44.4454,44.7033,44.0764,44.227,480896
2013-12-24,44.1266,44.6659,44.0557,44.5222,254401
2013-12-26,44.5587,44.9099,44.3815,44.4031,447548
2013-12-27,44.411,44.7485,44.3136,44.7033,333683
2013-12-30,44.6137,45.028,44.5222,44.8941,373686
2013-12-31,44.9021,45.0703,44.4366,44.5655,460621
2014-01-02,44.5655,45.0703,44.3667,44.7938,470627
2014-01-03,44.8715,45.4433,44.8036,45.276,384487
2014-01-06,45.34,45.6204,45.0536,45.3705,677964
2014-01-07,45.3626,45.6656,45.2327,45.333,625174
2014-01-08,45.2405,45.3705,44.4366,45.276,798729
2014-01-09,45.3212,45.4147,44.8126,45.2012,461526
2014-01-10,45.34,45.892,45.3065,45.8113,399953
2014-01-13,45.6922,45.9431,45.4856,45.5859,550549
2014-01-14,45.5731,46.1744,45.4305,45.9147,695630
2014-01-15,46.205,46.205,45.9678,45.9904,686398
2014-01-16,45.953,46.2138,45.953,46.0809,537989
2014-01-17,46.1951,46.4067,46.1065,46.3692,706963
2014-01-21,46.5366,46.8121,46.1872,46.7619,389749
2014-01-22,46.8278,47.0492,46.6586,46.7697,539407
2014-01-23,46.6221,46.8958,46.3151,46.7983,605042
2014-01-24,46.7245,47.0581,46.3466,46.5031,450720
2014-01-27,46.4942,46.6792,46.0879,46.1872,596891
2014-01-28,46.2138,46.7787,46.1814,46.6359,602812
2014-01-29,46.3899,46.7697,46.1695,46.2207,834407
2014-01-30,46.4411,47.5432,46.2295,47.3916,1171524
2014-01-31,47.1063,48.1357,46.8878,47.9132,1004210
2014-02-03,47.8522,47.9663,46.8958,47.0414,1380186
2014-02-04,47.1545,47.9999,46.9026,47.9713,1426316
2014-02-05,47.8365,48.3482,47.6663,48.0756,1276276
2014-02-06,48.975,48.975,47.252,48.5794,1370385
2014-02-07,48.6188,49.5221,48.1769,49.4622,941202
2014-02-10,49.4622,49.8705,49.1453,49.7091,815677
2014-02-11,49.6412,50.2365,49.346,50.0653,986177
2014-02-12,50.0043,50.2209,49.778,50.0496,830135
2014-02-13,49.7455,50.3192,49.7455,50.1106,751549
2014-02-14,50.1991,50.3448,49.9916,50.2139,522435
2014-02-18,50.2081,50.6538,50.0359,50.4452,463250
2014-02-19,50.3999,51.0169,50.3763,50.5426,615638
2014-02-20,50.7503,51.0829,50.4894,50.5347,825874
2014-02-21,50.5505,50.7837,50.2946,50.3281,509642
2014-02-24,50.4285,50.6892,50.1991,50.2081,637192
2014-02-25,50.3537,51.0002,50.0575,50.9904,742397
2014-02-26,51.0228,51.4607,50.6223,50.7699,933194
2014-02-27,50.7699,50.8664,49.9994,50.0359,559423
2014-02-28,50.0201,50.4363,49.8587,50.2139,1323976
2014-03-03,50.0201,50.6125,49.7908,50.5701,541161
2014-03-04,50.9766,51.1626,50.6686,50.9588,466980
2014-03-05,50.9254,51.1114,50.2878,50.5771,537781
2014-03-06,50.5505,50.6066,50.0437,50.2365,601425
2014-03-07,50.2365,50.2572,49.6254,49.9325,638389
2014-03-10,49.8873,49.9708,49.3361,49.4444,361479
2014-03-11,49.4376,49.9325,49.4208,49.6727,441922
2014-03-12,49.6727,49.9916,49.5359,49.964,528877
2014-03-13,49.9708,49.9708,49.163,49.9325,721759
2014-03-14,49.9099,50.2789,49.8124,50.0437,545458
2014-03-17,50.2287,50.4894,49.8124,50.2139,393769
2014-03-18,50.2365,50.4068,50.0359,50.2572,295395
2014-03-19,50.2572,50.7187,49.0419,49.1895,449400
2014-03-20,49.1374,49.7908,48.7143,49.7711,482318
2014-03-21,49.8066,50.3999,49.7455,49.902,1017375
2014-03-24,50.0653,50.1923,49.225,49.7711,414126
2014-03-25,49.9472,50.4658,49.657,50.4363,497147
2014-03-26,50.5347,50.5771,49.4376,49.469,618153
2014-03-27,49.4622,50.2139,49.1817,50.0703,647392
2014-03-28,50.1825,50.3281,49.7013,50.0201,500289
2014-03-31,50.1608,50.9726,49.7288,50.6824,630339
2014-04-01,50.7404,50.7404,50.1549,50.5899,545761
2014-04-02,50.5987,50.821,50.1746,50.8074,582467
2014-04-03,50.8388,51.0228,50.6223,50.8162,538296
2014-04-04,50.9254,51.2747,50.7571,51.0307,558821
2014-04-07,50.9834,51.4755,50.8388,51.0228,501105
2014-04-08,51.0386,51.692,50.821,51.5355,767117
2014-04-09,51.5138,51.6191,51.0465,51.3869,281696
2014-04-10,51.4607,51.6684,50.764,50.8733,786146
2014-04-11,50.6351,51.1656,50.3625,50.5535,1043883
2014-04-14,50.6508,51.0996,50.3497,51.0474,1124201
2014-04-15,51.0405,51.3977,50.9185,51.2118,457323
2014-04-16,51.326,51.4312,51.0228,51.3633,524582
2014-04-17,51.2856,51.4047,50.9264,51.139,580184
2014-04-21,51.1232,51.4312,50.9736,51.3771,399289
2014-04-22,51.4213,51.7431,50.8536,51.6398,662572
2014-04-23,51.685,51.872,51.3771,51.4912,945212
2014-04-24,51.5218,51.8288,51.326,51.7677,400801
2014-04-25,51.7677,52.0442,51.4745,51.7235,451766
2014-04-28,51.9095,52.3237,51.7363,52.2322,617382
2014-04-29,52.2322,52.3887,51.8573,52.0836,321315
2014-04-30,52.1377,52.3159,51.872,52.2607,334438
2014-05-01,52.3454,52.3454,51.5404,52.189,922919
2014-05-02,52.0885,52.6976,51.7589,52.6819,891634
2014-05-05,52.4419,53.051,52.2559,53.0352,657055
2014-05-06,53.1247,53.23,52.8325,53.042,504685
2014-05-07,53.0893,53.906,52.9515,53.8913,628473
2014-05-08,53.9799,54.2377,53.3186,53.7536,860235
2014-05-09,53.7536,54.0792,53.4239,54.0389,535499
2014-05-12,54.1905,54.2151,53.906,54.2151,349046
2014-05-13,54.2652,54.6943,53.2615,53.3944,596883
2014-05-14,53.3599,53.8687,53.1464,53.5144,574305
2014-05-15,53.4731,53.8067,53.2222,53.7782,414781
2014-05-16,53.7191,54.3243,53.6295,54.2889,386557
2014-05-19,54.2584,54.5211,53.9278,54.2722,846771
2014-05-20,54.2722,54.5447,54.0626,54.463,687765
2014-05-21,54.528,54.6244,53.4012,53.4416,542025
2014-05-22,53.4328,53.5568,53.1041,53.2911,429763
2014-05-23,53.4505,53.6571,53.1936,53.5568,502179
2014-05-27,53.6119,54.1157,53.5144,53.9976,702061
2014-05-28,53.8844,53.9208,53.4082,53.726,393269
2014-05-29,53.8008,53.9208,53.665,53.8687,365381
2014-05-30,53.8687,54.463,53.665,54.2889,1407876
2014-06-02,54.3548,54.6028,54.1905,54.5595,253555
2014-06-03,54.343,54.6028,54.1009,54.5526,614838
2014-06-04,54.5211,54.777,54.3027,54.6333,386611
2014-06-05,54.777,55.1362,54.528,55.082,684113
2014-06-06,55.082,55.144,54.3243,54.401,641489
2014-06-09,54.3243,54.5595,53.5981,53.9208,548468
2014-06-10,53.9366,53.9897,53.3668,53.606,361825
2014-06-11,53.6119,53.6513,53.042,53.3186,657770
2014-06-12,53.2911,53.3668,52.735,53.1464,702508
2014-06-13,53.2763,53.4977,52.7931,53.3944,402466
2014-06-16,53.5144,53.6119,52.8177,53.0136,558778
2014-06-17,53.0578,53.4012,52.8413,53.2134,634923
2014-06-18,53.3067,53.6965,53.0736,53.4416,801012
2014-06-19,53.541,53.8687,53.237,53.8608,667188
2014-06-20,53.6719,54.1679,53.6719,54.1108,682609
2014-06-23,54.2377,54.3548,53.906,54.0261,779115
2014-06-24,53.9415,54.1826,53.7408,54.0468,647292
2014-06-25,54.1157,54.343,54.0626,54.3243,909041
2014-06-26,54.3331,54.3479,54.0792,54.2514,510297
2014-06-27,54.2298,55.0151,54.1983,54.9108,907220
2014-06-30,55.0239,55.1136,54.5447,54.8134,726349
2014-07-01,54.7228,55.1224,54.5595,54.9935,927904
2014-07-02,54.8941,55.0397,54.3932,54.8744,486300
2014-07-03,54.652,54.8527,54.1609,54.4384,275346
2014-07-07,54.401,54.7612,54.2456,54.6697,290715
2014-07-08,54.6431,55.0899,54.6166,54.777,379653
2014-07-09,54.9196,54.9422,54.4709,54.8449,200391
2014-07-10,54.2967,54.9866,54.2967,54.8134,788147
2014-07-11,54.9276,55.0417,54.5113,54.9276,568012
2014-07-14,55.0357,55.327,54.7838,55.3113,708224
2014-07-15,55.3113,55.7089,55.2848,55.6626,530187
2014-07-16,55.8643,56.0208,55.3447,55.7541,598556
2014-07-17,55.5632,55.9638,55.4432,55.7541,498998
2014-07-18,55.8525,56.3741,55.8525,56.0041,412910
2014-07-21,55.8289,56.1025,55.5495,55.642,322047
2014-07-22,55.6695,56.069,55.642,55.6911,601616
2014-07-23,56.0208,56.1113,55.762,56.0867,454141
2014-07-24,56.069,56.5729,55.9893,56.3741,571470
2014-07-25,56.2461,56.4636,56.1251,56.2393,494158
2014-07-28,56.2531,56.7864,56.1644,56.563,498373
2014-07-29,56.4636,56.8356,56.2894,56.505,469678
2014-07-30,56.4724,56.9143,56.3741,56.7775,676737
2014-07-31,55.6843,55.9952,52.9112,52.9959,2493540
2014-08-01,52.7961,53.2763,52.6996,53.0244,1773822
2014-08-04,53.171,53.8982,52.8039,53.851,757878
2014-08-05,53.5508,54.1118,53.3954,53.4347,652115
2014-08-06,53.2989,53.5932,53.2212,53.4672,580155
2014-08-07,53.6601,53.8303,53.2684,53.5075,344949
2014-08-08,53.7083,53.8303,53.2606,53.416,408732
2014-08-11,53.602,53.8135,53.3511,53.544,341500
2014-08-12,53.4672,53.723,53.2684,53.2832,412413
2014-08-13,53.5075,54.1679,53.2763,53.9622,296493
2014-08-14,54.0547,54.2003,53.5696,53.7388,391887
2014-08-15,53.8736,54.0055,53.5932,53.7909,226527
2014-08-18,54.0055,54.5742,53.9494,54.5654,358533
2014-08-19,54.5742,54.6775,54.2466,54.6313,317987
2014-08-20,54.5506,54.957,54.2977,54.837,307249
2014-08-21,54.837,55.0791,54.6923,54.7602,219640
2014-08-22,54.7553,54.7553,54.095,54.3371,479535
2014-08-25,54.7553,54.7553,54.1245,54.3735,281342
2014-08-26,54.5171,54.7071,54.1925,54.5171,229513
2014-08-27,54.6845,54.6845,54.3371,54.4935,289048
2014-08-28,54.4857,54.7002,54.3056,54.4729,239177
2014-08-29,54.4138,54.8597,54.2239,54.8134,457206
2014-09-02,54.9659,55.0742,54.6018,54.769,616328
2014-09-03,55.0181,55.1568,54.7838,54.957,530333
2014-09-04,54.8449,55.2621,54.5113,54.5654,533071
2014-09-05,54.6136,55.3841,54.4355,55.3044,408419
2014-09-08,55.3044,55.5111,55.1853,55.3989,483124
2014-09-09,55.2848,55.3595,54.9512,55.1244,412440
2014-09-10,54.8675,54.8813,53.7516,53.8303,433987
2014-09-11,53.7447,53.9622,53.3954,53.7447,444553
2014-09-12,53.6325,53.8215,51.692,51.8514,678510
2014-09-15,51.8336,52.2519,51.322,51.3505,477907
2014-09-16,51.3594,52.0472,51.2305,51.8652,591082
2014-09-17,52.1239,52.3356,51.504,51.5178,455660
2014-09-18,51.5444,51.7313,50.8348,50.888,489816
2014-09-19,51.0327,51.2737,50.7355,50.888,943816
2014-09-22,50.7679,50.9588,50.337,50.3566,470817
2014-09-23,50.272,50.6971,50.0063,50.024,475544
2014-09-24,50.024,50.5771,49.6216,49.653,684839
2014-09-25,49.6885,49.8941,49.3569,49.6845,688128
2014-09-26,49.6609,50.3124,49.3047,50.2897,513675
2014-09-29,49.9718,50.1067,49.6442,50.0535,637909
2014-09-30,50.084,50.2139,49.4464,49.7603,1418484
2014-10-01,49.7426,50.3625,49.6767,50.1805,779941
2014-10-02,50.1805,50.5013,49.8773,50.2425,650641
2014-10-03,50.5328,50.638,50.1254,50.4934,522475
2014-10-06,50.5839,50.9648,50.4422,50.4629,464342
2014-10-07,50.3566,50.5407,50.0387,50.0535,828035
2014-10-08,50.2139,51.1153,50.0624,51.1075,538348
2014-10-09,51.0169,51.4873,50.7591,50.8723,604798
2014-10-10,51.0179,51.5837,50.9933,51.0336,488007
2014-10-13,51.0494,51.5375,50.7513,51.1094,807657
2014-10-14,51.2344,52.3365,51.2344,52.0983,625882
2014-10-15,51.685,52.3454,51.3396,51.9921,817264
2014-10-16,51.6113,51.9379,51.0248,51.7835,907662
2014-10-17,52.1928,52.1928,51.1556,51.7097,477087
2014-10-20,51.7235,52.8276,51.7235,52.7735,533700
2014-10-21,53.1946,53.2802,52.6505,53.232,433542
2014-10-22,53.4229,53.6945,53.1317,53.1317,447713
2014-10-23,53.4721,53.8844,53.1385,53.6945,520898
2014-10-24,53.7673,54.0596,53.1247,53.3993,601232
2014-10-27,53.3874,54.0596,53.1317,53.9376,441098
2014-10-28,53.9376,54.0429,53.6404,53.908,337091
2014-10-29,53.7584,54.035,52.9732,53.6531,929776
2014-10-30,53.6601,53.9376,52.9959,53.7998,817681
2014-10-31,54.1983,54.2977,53.4062,54.1433,1083156
2014-11-03,54.2594,55.141,53.9573,55.1253,679642
2014-11-04,55.0171,55.1942,54.6176,55.0742,683071
2014-11-05,55.264,55.4618,54.468,54.8114,422459
2014-11-06,54.774,54.9875,54.2377,54.2908,522981
2014-11-07,54.3135,54.6028,53.8323,54.1905,520800
2014-11-10,54.1078,55.0495,54.0842,54.9502,808807
2014-11-11,54.9422,54.9649,54.4364,54.9186,381096
2014-11-12,54.8645,55.1008,54.1147,54.2524,397561
2014-11-13,54.4591,54.9502,54.1433,54.836,614700
2014-11-14,54.7021,54.957,54.1354,54.2298,595115
2014-11-17,54.1511,54.8507,54.0674,54.8193,762045
2014-11-18,54.774,55.6833,54.6176,55.5327,680440
2014-11-19,55.4166,55.6833,54.774,54.8803,461339
2014-11-20,54.9019,55.0171,54.5437,55.0171,330600
2014-11-21,55.3487,55.4924,55.0417,55.4392,299484
2014-11-24,55.64,55.8741,55.4698,55.7925,374384
2014-11-25,55.824,56.0917,55.5691,55.9165,598083
2014-11-26,55.9992,56.5739,55.8841,56.2826,340718
2014-11-28,56.2205,56.8248,56.1152,56.4439,303324
2014-12-01,56.3879,56.4439,55.4845,55.4924,596839
2014-12-02,55.448,55.7541,54.9186,55.6006,470778
2014-12-03,55.6685,55.7925,55.3152,55.4166,299675
2014-12-04,55.5327,55.7079,55.1725,55.6538,606672
2014-12-05,55.4235,55.5327,54.8567,55.141,377233
2014-12-08,55.1578,56.0985,55.1578,55.8014,580254
2014-12-09,55.5239,56.3524,55.5091,56.2826,457226
2014-12-10,56.2127,56.4233,55.9648,56.127,304592
2014-12-11,56.8169,56.8169,56.2688,56.5649,534503
2014-12-12,56.4724,56.8562,56.1458,56.2205,462039
2014-12-15,56.2068,56.3042,55.3399,55.4087,629767
2014-12-16,55.4845,55.9648,54.9108,55.516,510419
2014-12-17,55.6006,56.8504,55.2099,56.8169,559096
2014-12-18,57.0944,57.2951,56.6664,57.0944,358585
2014-12-19,57.0176,57.486,56.809,57.2321,771647
2014-12-22,57.3532,58.4052,57.3168,58.3648,313475
2014-12-23,58.535,58.7427,57.9465,58.3972,397299
2014-12-24,58.3904,58.6826,58.0518,58.2349,278398
2014-12-26,58.2595,58.5566,58.1149,58.1818,226902
2014-12-29,58.1532,58.8716,57.8196,58.4209,281679
2014-12-30,58.2132,58.6984,57.9909,58.2447,248294
2014-12-31,58.4209,58.7368,57.1712,57.2253,345571
2015-01-02,57.0639,58.3835,57.0639,58.349,360654
2015-01-05,58.1296,58.4986,57.8009,58.1296,717362
2015-01-06,58.4514,59.6381,58.4435,59.1413,1088056
2015-01-07,58.6049,60.0279,58.4583,59.8763,710941
2015-01-08,59.8763,60.1213,59.279,60.0279,709969
2015-01-09,60.0514,60.82,59.7612,60.4028,628174
2015-01-12,61.003,62.0146,60.9184,61.9605,648821
2015-01-13,62.1632,62.3945,61.3484,61.808,579835
2015-01-14,61.4035,62.5322,61.1004,62.3787,704776
2015-01-15,62.4329,62.7881,62.2685,62.3856,600153
2015-01-16,62.4249,63.0803,62.2399,63.0066,538119
2015-01-20,63.3136,63.5084,62.0677,62.1937,627257
2015-01-21,62.2469,62.796,61.9379,62.7291,345452
2015-01-22,62.857,63.5468,62.6808,63.4749,495894
2015-01-23,63.5252,63.7633,63.2142,63.5252,427144
2015-01-26,63.4671,63.8322,63.2909,63.8164,845738
2015-01-27,63.8017,64.0664,63.5684,63.8105,291951
2015-01-28,63.8017,64.5997,63.1738,63.2201,692835
2015-01-29,63.1148,63.3382,62.2399,62.4456,1114680
2015-01-30,62.4329,62.4397,61.3189,61.3671,887838
2015-02-02,61.3573,61.6899,60.1656,61.5571,709806
2015-02-03,61.2481,61.5344,60.6851,61.3258,744972
2015-02-04,61.5433,61.5433,60.265,60.9007,982482
2015-02-05,61.124,61.3189,59.1225,59.9816,1703214
2015-02-06,59.9816,60.075,57.7045,57.9289,1405746
2015-02-09,58.3117,58.4327,57.0944,57.1131,976458
2015-02-10,57.0845,57.2547,56.4144,57.1958,865681
2015-02-11,57.3119,57.489,56.7785,56.9241,705149
2015-02-12,57.0845,57.6976,56.6772,57.5677,862508
2015-02-13,57.489,57.489,56.7569,57.1131,457780
2015-02-17,57.1033,57.8186,56.8218,57.0944,475855
2015-02-18,57.3266,58.1315,56.7489,58.1001,759370
2015-02-19,57.8993,58.0302,56.9773,57.0166,870182
2015-02-20,56.9085,57.7685,56.7942,57.6287,640190
2015-02-23,57.8787,58.2074,57.1623,57.6041,740396
2015-02-24,57.3492,57.3492,56.1891,56.5925,658910
2015-02-25,56.6702,57.3434,56.1261,56.8218,505701
2015-02-26,56.8002,56.8002,55.6006,55.6774,661088
2015-02-27,55.7768,56.3691,55.4845,56.0631,769410
2015-03-02,56.1733,57.2725,56.1733,56.6772,671248
2015-03-03,56.6378,56.6702,56.0267,56.5512,475289
2015-03-04,56.6772,56.807,56.3436,56.6604,907790
2015-03-05,56.7401,57.3719,56.7401,56.8789,719329
2015-03-06,56.1596,56.1596,54.6717,55.0447,703692
2015-03-09,55.4225,55.7009,55.1282,55.5239,518331
2015-03-10,55.4698,56.0041,55.4156,55.5858,519108
2015-03-11,55.5858,55.9794,55.4156,55.9125,743501
2015-03-12,56.2747,57.3354,55.8781,57.2036,1132055
2015-03-13,57.2883,57.5893,56.7874,57.364,966862
2015-03-16,57.5893,58.7545,57.3354,58.3019,716226
2015-03-17,58.2939,59.1904,58.2546,59.1294,1266359
2015-03-18,59.2839,60.2817,58.7289,60.1262,806581
2015-03-19,59.894,60.6124,59.709,59.9255,782537
2015-03-20,60.1262,61.7361,60.1262,61.5738,1256144
2015-03-23,61.5738,61.8847,61.1634,61.2481,731869
2015-03-24,61.2549,61.4419,60.5199,60.5691,623935
2015-03-25,60.6478,60.8692,59.3922,59.5003,357403
2015-03-26,59.4777,60.0652,59.0576,59.3528,354301
2015-03-27,59.401,59.772,59.0743,59.3607,395014
2015-03-30,59.6224,60.3653,59.4078,60.2434,365930
2015-03-31,60.0977,60.5375,59.5692,59.7798,527003
2015-04-01,59.6086,60.0495,59.1678,59.8153,598991
2015-04-02,59.4699,60.5898,59.4699,60.3201,508635
2015-04-06,60.5543,61.1093,60.0898,60.9607,552455
2015-04-07,60.9086,60.9086,59.9009,59.9491,409952
2015-04-08,60.1745,60.7531,60.1046,60.4618,505923
2015-04-09,60.8475,60.8475,58.6718,58.8509,411369
2015-04-10,59.1904,59.5634,58.3185,58.54,559178
2015-04-13,58.3992,58.9178,58.0244,58.4563,770224
2015-04-14,58.7112,59.2603,58.5242,58.9336,534170
2015-04-15,58.9965,59.09,58.0244,58.2221,467740
2015-04-16,57.9712,58.8598,57.7901,58.721,351907
2015-04-17,58.5242,58.9011,58.1798,58.5892,466996
2015-04-20,58.6482,59.0714,58.3874,58.8095,430964
2015-04-21,59.1038,59.4709,58.7997,59.0615,373476
2015-04-22,59.033,59.8635,58.7062,59.8477,378325
2015-04-23,59.6992,60.4067,59.6421,60.2296,399697
2015-04-24,60.3004,60.5504,59.9658,59.9727,341763
2015-04-27,60.2069,60.6104,59.6421,59.8714,556555
2015-04-28,59.769,60.1745,59.3932,59.9658,316279
2015-04-29,59.5181,59.7927,58.9247,59.1737,439616
2015-04-30,60.268,60.268,57.9545,58.3166,641512
2015-05-01,58.4317,59.9491,58.2122,59.5801,846990
2015-05-04,59.8133,60.6192,59.8133,60.2148,1065645
2015-05-05,59.9865,60.2296,58.3776,58.5813,1023811
2015-05-06,58.721,59.0812,58.3678,58.7446,761666
2015-05-07,58.8756,59.9491,58.8095,59.6509,578040
2015-05-08,60.3693,61.2303,59.8714,60.2926,351842
2015-05-11,60.1046,60.6763,58.8095,59.0035,421188
2015-05-12,58.6275,59.4541,58.1355,59.1284,313270
2015-05-13,58.8676,59.7366,58.0244,58.2221,638059
2015-05-14,58.6571,59.3085,58.3441,59.2839,494375
2015-05-15,59.5033,60.1509,59.3253,60.0652,299421
2015-05-18,59.7523,60.1665,59.4472,60.0564,488442
2015-05-19,59.8714,60.2227,59.5801,59.9993,382807
2015-05-20,60.1577,60.4322,59.8221,60.075,305402
2015-05-21,60.2522,60.5602,59.7444,60.018,551312
2015-05-22,59.8311,60.5337,59.4315,60.2148,519840
2015-05-26,60.1046,60.1046,59.401,59.5968,285358
2015-05-27,59.7198,60.3605,59.3616,60.2522,387666
2015-05-28,60.3004,60.5504,60.0337,60.4412,643779
2015-05-29,60.4067,60.5179,59.5654,59.7061,1106844
2015-06-01,59.892,60.5337,59.4797,60.4736,588671
2015-06-02,60.1509,60.2296,59.3833,59.525,335748
2015-06-03,59.5574,60.0652,58.2753,58.2999,435652
2015-06-04,58.2674,58.6207,57.9859,58.4248,521116
2015-06-05,57.5648,58.6571,57.548,58.2753,773294
2015-06-08,58.3924,58.4878,57.8069,57.8069,377820
2015-06-09,57.6199,58.0568,57.057,57.1898,626202
2015-06-10,57.2273,58.0794,56.9075,57.548,569089
2015-06-11,57.862,58.3225,57.674,57.9072,472402
2015-06-12,57.9928,58.4396,57.862,58.0086,431301
2015-06-15,57.9791,57.9791,57.4624,57.5096,528026
2015-06-16,57.6563,58.1876,57.1642,57.8924,592763
2015-06-17,58.0244,58.0568,57.2657,57.8196,1305798
2015-06-18,57.9239,59.1441,57.7615,58.7388,654691
2015-06-19,58.3225,59.0812,57.8265,58.7574,1111449
2015-06-22,58.9247,59.1501,58.2595,58.2999,403793
2015-06-23,58.2034,58.6649,57.5096,57.9072,383288
2015-06-24,57.9151,58.3441,57.7124,57.7813,565896
2015-06-25,57.7449,57.8364,57.2361,57.2657,421576
2015-06-26,57.306,57.9072,56.9005,57.7753,427462
2015-06-29,57.7615,58.4248,57.243,57.2843,645993
2015-06-30,57.5933,57.5933,56.8356,56.9075,722972
2015-07-01,57.4398,58.4248,56.6732,58.4248,1264218
2015-07-02,58.911,59.6579,58.4317,58.9178,585730
2015-07-06,58.6905,59.276,58.6905,59.1284,668892
2015-07-07,59.6037,60.075,59.401,59.7602,654691
2015-07-08,59.6263,59.8477,59.1589,59.3528,531865
2015-07-09,59.7523,60.3083,59.2288,59.7858,922732
2015-07-10,59.9334,60.6281,59.8221,59.9078,585603
2015-07-13,60.4294,61.0069,59.5762,59.8211,587062
2015-07-14,60.0514,60.5071,59.5624,60.201,480649
2015-07-15,60.0446,60.4933,59.6086,60.2404,552765
2015-07-16,60.4382,60.9194,60.3506,60.8643,505245
2015-07-17,61.0395,61.1634,60.4854,60.8436,542736
2015-07-20,60.6271,61.6298,60.5317,61.3366,664451
2015-07-21,61.6929,61.9448,61.1634,61.4104,597957
2015-07-22,61.3632,62.0649,61.0926,61.3366,462810
2015-07-23,61.44,61.4704,60.2562,60.6537,592889
2015-07-24,60.6182,60.8721,60.4785,60.5789,433048
2015-07-27,60.5946,61.2283,60.4294,60.5405,483706
2015-07-28,60.5582,60.7039,59.958,60.2472,459010
2015-07-29,60.2178,60.3575,59.6825,60.3181,781485
2015-07-30,61.7962,63.0213,61.0611,62.5687,1582477
2015-07-31,63.2092,63.9079,62.9337,63.4307,853809
2015-08-03,63.536,64.1638,63.3352,64.0929,780440
2015-08-04,64.0054,64.4324,63.4139,63.4996,847856
2015-08-05,63.5566,64.1805,62.6808,62.9259,821765
2015-08-06,62.9868,63.7711,62.4269,63.5941,819695
2015-08-07,63.536,64.3458,63.1237,64.1067,635700
2015-08-10,64.3694,64.6519,63.8666,64.087,663694
2015-08-11,63.8961,64.893,63.6747,64.5121,849600
2015-08-12,64.4974,64.7238,63.8814,64.4443,646849
2015-08-13,64.1569,64.6283,63.717,64.4531,1178053
2015-08-14,64.4717,65.4362,64.0989,65.387,608849
2015-08-17,65.6793,66.4468,64.9865,66.4242,622020
2015-08-18,65.9941,66.6524,65.9941,66.6032,698649
2015-08-19,65.9941,66.5481,65.3427,66.0295,1494450
2015-08-20,65.5592,66.0207,65.197,65.4018,910423
2015-08-21,64.7729,65.1813,63.9247,63.9247,1191101
2015-08-24,62.0943,63.3982,61.2726,61.3061,1127721
2015-08-25,62.5096,65.6565,60.3653,60.4126,1189072
2015-08-26,61.4793,61.8759,60.447,61.7411,709668
2015-08-27,62.3807,63.8007,61.7243,63.4543,1020618
2015-08-28,63.4474,63.7919,62.5155,63.659,901938
2015-08-31,63.6029,63.6521,62.0176,62.0491,1121312
2015-09-01,61.1979,62.0097,60.8436,61.1801,751467
2015-09-02,61.6161,62.4742,61.0532,61.6298,449006
2015-09-03,62.2301,62.4211,61.4242,61.4704,501444
2015-09-04,60.8347,61.0443,59.6008,60.0514,448374
2015-09-08,60.5789,60.9046,59.8399,60.2808,2809928
2015-09-09,60.6704,61.1703,59.4669,59.5545,780980
2015-09-10,59.215,60.6704,59.215,60.0357,700920
2015-09-11,60.0584,61.3218,59.6962,61.3218,886358
2015-09-14,61.6161,61.6161,61.1162,61.4488,424311
2015-09-15,61.2894,62.1612,60.8092,62.0943,627311
2015-09-16,62.0579,63.2162,61.7479,63.037,767810
2015-09-17,63.0292,65.0898,62.8226,63.9611,896204
2015-09-18,63.3106,65.1882,63.3106,64.1245,1254049
2015-09-21,64.4255,65.1361,64.3203,64.4797,804156
2015-09-22,64.149,64.4619,63.3746,63.4612,1027836
2015-09-23,63.7849,64.8752,63.6127,64.7572,722714
2015-09-24,64.6145,64.7404,63.5941,63.7623,619385
2015-09-25,63.7919,64.3301,63.1846,63.6668,710175
2015-09-28,63.5635,63.5941,62.1534,62.6247,626666
2015-09-29,62.8698,64.0054,62.4269,63.9247,681806
2015-09-30,64.3153,64.8408,63.8961,64.6351,845701
2015-10-01,64.8113,65.4519,64.5938,65.3495,673575
2015-10-02,65.1685,66.4468,64.52,66.4468,601377
2015-10-05,66.1299,66.6524,65.1429,66.493,727691
2015-10-06,66.493,66.6603,65.3348,65.4362,631647
2015-10-07,65.6713,65.9941,65.2039,65.9941,619617
2015-10-08,65.9784,66.3986,65.5926,66.3051,402776
2015-10-09,66.312,66.6377,65.9272,66.5157,607834
2015-10-12,66.612,67.0381,65.1429,66.5235,472486
2015-10-13,65.4164,66.8985,65.4164,65.9734,548689
2015-10-14,66.245,66.245,65.1163,65.201,445029
2015-10-15,65.4745,66.8443,65.4745,66.8443,471885
2015-10-16,66.8355,67.3442,66.6819,66.9063,486194
2015-10-19,66.8679,68.2879,66.805,68.2879,540716
2015-10-20,68.9787,68.9787,68.1196,68.3981,617662
2015-10-21,68.4601,68.9541,67.6886,67.9366,749117
2015-10-22,68.347,68.7465,67.8875,68.407,877885
2015-10-23,68.2151,68.9,67.7369,68.347,652730
2015-10-26,68.3735,68.6608,67.8785,68.3903,598768
2015-10-27,68.4601,68.8823,68.0625,68.6373,544050
2015-10-28,68.5891,69.1224,66.9152,67.9672,712973
2015-10-29,67.7683,70.008,67.5381,69.7601,876879
2015-10-30,70.0632,70.0632,67.8471,67.8785,789406
2015-11-02,67.7841,69.4255,67.607,69.3389,634071
2015-11-03,69.1155,69.2897,67.8559,68.6373,639179
2015-11-04,68.5723,68.7543,67.9121,68.6688,460858
2015-11-05,68.3263,69.1077,67.975,68.5398,508028
2015-11-06,67.6562,68.3332,65.8239,66.3799,814503
2015-11-09,65.9656,66.437,65.3761,65.9134,590878
2015-11-10,65.4244,67.1386,65.4244,66.5333,580068
2015-11-11,66.805,67.418,66.5235,67.1877,278862
2015-11-12,67.0589,67.4328,66.558,66.8985,280746
2015-11-13,67.2183,67.3531,66.5964,67.0825,539782
2015-11-16,67.0825,68.2791,66.74,68.2367,513927
2015-11-17,68.0625,69.5298,67.9898,68.9246,551330
2015-11-18,68.9541,69.5376,68.3184,69.3861,365586
2015-11-19,69.4019,70.1339,68.8321,69.8014,484810
2015-11-20,69.9903,70.75,69.7768,70.6457,508280
2015-11-23,70.691,71.0245,70.1517,70.4922,405118
2015-11-24,70.1173,70.4361,69.3606,69.886,354918
2015-11-25,70.0868,70.8189,69.7768,70.6379,255520
2015-11-27,70.4105,71.4575,70.3013,71.2322,170429
2015-11-30,71.2656,71.6819,70.2364,70.565,478538
2015-12-01,70.7264,71.6819,70.7264,71.618,382965
2015-12-02,71.4162,71.927,70.3692,70.565,381403
2015-12-03,70.3259,70.6752,69.0987,69.1628,521066
2015-12-04,69.1942,71.0245,69.1942,70.876,300200
2015-12-07,70.8848,70.9734,70.1429,70.4538,353914
2015-12-08,70.319,70.8996,69.8555,70.2777,394349
2015-12-09,69.9273,70.4361,69.0132,69.8171,359184
2015-12-10,69.9441,70.4361,69.4786,69.9617,582073
2015-12-11,69.5238,70.8445,69.4186,70.4538,1095753
2015-12-14,70.0632,71.3847,69.8486,71.3463,674474
2015-12-15,71.6897,72.2468,71.2834,71.742,640936
2015-12-16,71.2253,73.0202,70.1684,72.786,488449
2015-12-17,72.9316,73.4473,71.8305,71.9909,650351
2015-12-18,71.7586,72.1917,71.2105,71.6022,918294
2015-12-21,72.291,72.3805,71.1446,71.8246,588226
2015-12-22,72.4702,72.8096,72.0775,72.1582,410953
2015-12-23,72.4062,72.6286,71.7213,72.4062,359562
2015-12-24,72.3667,72.7565,71.983,72.5744,220929
2015-12-28,72.5567,73.0595,72.2251,73.0429,378336
2015-12-29,73.1865,73.9117,72.975,73.6244,405204
2015-12-30,73.7277,73.9442,73.1068,73.153,435789
2015-12-31,73.3607,73.8951,72.3501,72.3579,632866
2016-01-04,72.0411,72.2064,71.059,71.734,708526
2016-01-05,71.983,72.7712,71.4949,72.6354,646909
2016-01-06,72.0411,72.7938,71.7262,72.2615,579838
2016-01-07,71.4162,72.9149,71.0324,72.3895,875986
2016-01-08,72.6118,73.0439,71.7921,71.92,722078
2016-01-11,72.0775,73.2052,71.3552,72.1582,877159
2016-01-12,72.4209,72.4209,71.3297,71.9426,616686
2016-01-13,72.1523,73.1905,71.423,71.8079,677758
2016-01-14,71.7813,72.5301,71.2588,71.8797,985757
2016-01-15,70.7983,72.7634,70.1104,72.6502,1204413
2016-01-19,73.0045,73.9216,72.3777,73.2367,685110
2016-01-20,72.6591,73.0457,70.5119,71.8629,1238354
2016-01-21,72.3294,72.9868,71.4044,71.8383,808822
2016-01-22,72.6266,73.9383,71.5471,73.5595,844217
2016-01-25,73.5683,74.7315,73.0911,74.4067,845852
2016-01-26,74.6528,76.2863,74.3979,76.2292,882870
2016-01-27,76.1249,76.1249,73.712,74.2679,862042
2016-01-28,74.4756,75.1329,73.3046,73.9216,613269
2016-01-29,74.6626,75.5866,73.5771,75.4399,1170331
2016-02-01,74.9421,75.9458,74.6576,75.4636,888088
2016-02-02,75.3268,75.8189,74.1223,74.3054,948601
2016-02-03,74.636,75.7382,73.1993,74.3546,1157622
2016-02-04,72.7486,74.2533,69.2415,70.4647,2058800
2016-02-05,70.2078,71.4202,68.5487,68.8016,1216414
2016-02-08,68.6796,69.1519,66.6692,68.0616,825053
2016-02-09,67.3757,69.2779,67.2734,68.4946,784573
2016-02-10,68.7505,70.0208,68.2692,69.33,1119030
2016-02-11,68.3893,69.0456,67.484,68.2427,731649
2016-02-12,68.8458,69.8594,67.8727,68.7406,937435
2016-02-16,69.4265,71.2588,68.7406,71.0177,1014486
2016-02-17,71.1633,72.2586,70.2855,71.4438,778727
2016-02-18,71.7734,73.7277,71.1377,73.5044,1000122
2016-02-19,72.972,74.14,71.8511,73.6568,774764
2016-02-22,73.8951,75.1684,73.8951,74.7591,574609
2016-02-23,74.3152,75.4331,73.6894,74.0013,1096808
2016-02-24,73.4955,74.5897,72.0785,73.339,1469618
2016-02-25,73.7779,74.4844,73.712,74.201,664679
2016-02-26,74.201,74.5317,73.5663,73.7779,824988
2016-02-29,73.9049,74.4599,72.1749,72.3225,4924647
2016-03-01,72.9592,75.5059,72.9592,75.4892,849296
2016-03-02,75.2018,76.3836,74.9421,75.9871,671954
2016-03-03,76.1189,76.1189,74.5977,75.6565,623620
2016-03-04,75.5216,75.9251,74.9037,75.0798,734420
2016-03-07,74.6626,75.7716,74.5474,75.4193,538214
2016-03-08,75.5778,76.18,75.2018,75.56,792864
2016-03-09,75.4331,76.3836,75.4105,75.6565,377076
2016-03-10,76.1711,76.2528,74.7679,75.6349,440000
2016-03-11,75.8493,76.8796,75.1457,76.8245,513107
2016-03-14,76.8009,77.4671,76.5007,77.292,422774
2016-03-15,76.9937,78.1737,76.7035,78.1589,515688
2016-03-16,77.8204,80.3947,77.7101,79.9125,1046512
2016-03-17,79.9597,81.3866,79.6074,81.1996,622585
2016-03-18,81.177,82.1797,80.6515,81.4132,1019475
2016-03-21,80.8139,81.4269,79.7589,80.007,1248510
2016-03-22,79.8947,80.129,79.1872,79.9538,813510
2016-03-23,80.0493,80.1398,79.2758,79.5651,368413
2016-03-24,79.2925,79.6792,78.6647,79.0534,579599
2016-03-28,79.5985,80.0975,79.0671,79.9371,331796
2016-03-29,80.2106,81.4929,80.2106,81.4447,750596
2016-03-30,81.4929,82.0173,80.9733,81.6001,305156
2016-03-31,81.3866,82.3618,80.9261,82.1886,710960
2016-04-01,81.8029,82.6973,81.4603,82.4346,404364
2016-04-04,82.6403,82.8519,81.5844,82.0704,368137
2016-04-05,81.541,82.2043,81.1622,81.853,523046
2016-04-06,81.607,82.3618,81.3866,82.2614,340282
2016-04-07,81.9583,82.1797,81.4525,81.9751,634662
2016-04-08,82.2781,82.8754,81.9671,82.6068,304636
2016-04-11,82.4837,82.5261,81.4043,81.4132,406961
2016-04-12,81.5922,82.2436,81.1189,81.8609,658668
2016-04-13,82.2436,82.5261,80.1802,80.4547,850349
2016-04-14,80.2126,80.5757,77.9257,77.9257,1011805
2016-04-15,77.8204,79.6694,77.7082,79.322,1014688
2016-04-18,79.4441,80.0345,79.0367,79.9784,461173
2016-04-19,80.1978,80.3198,79.5867,80.2943,505272
2016-04-20,80.2353,80.2353,78.4462,78.6302,450526
2016-04-21,78.6913,79.142,77.1945,77.5193,333425
2016-04-22,76.6621,78.3626,76.6621,78.153,525803
2016-04-25,77.9602,78.8428,77.7889,78.834,628965
2016-04-26,79.1587,79.88,78.641,79.0543,397818
2016-04-27,78.9304,80.1063,77.601,78.3479,596991
2016-04-28,78.1304,78.8733,77.9522,78.274,284219
2016-04-29,77.9916,78.1058,76.9889,77.5852,423629
2016-05-02,77.6324,79.142,77.6324,78.9648,363255
2016-05-03,78.7867,79.2876,78.2986,78.9884,578439
2016-05-04,78.4787,80.6377,77.7043,80.3976,431298
2016-05-05,80.1152,81.6818,79.7904,81.5244,587543
2016-05-06,81.4525,82.779,80.6249,82.7642,570491
2016-05-09,83.0191,83.4688,82.592,83.1913,540270
2016-05-10,83.5603,84.1999,82.8853,83.3439,494309
2016-05-11,83.4009,83.4009,81.5332,81.6159,606242
2016-05-12,81.7959,82.7494,80.9565,82.5832,698949
2016-05-13,82.6885,83.335,82.0528,83.271,659722
2016-05-16,83.271,84.3377,82.9512,84.0277,536792
2016-05-17,83.7542,83.8378,81.2724,81.9849,506336
2016-05-18,81.7044,82.0173,80.2126,80.7154,821614
2016-05-19,79.9036,80.6338,79.5956,80.3258,343996
2016-05-20,80.7312,81.6237,80.2854,81.0648,496288
2016-05-23,81.4348,81.4348,80.3416,80.5935,306263
2016-05-24,81.1267,82.5507,81.1267,82.3017,625952
2016-05-25,82.4258,82.4258,81.1996,82.04,594792
2016-05-26,81.8776,82.4415,81.42,81.8029,766506
2016-05-27,81.9485,82.9679,81.2961,82.9679,446064
2016-05-31,83.0516,83.6666,82.228,83.4846,789350
2016-06-01,82.9679,83.3517,82.6156,83.3006,669211
2016-06-02,83.0359,83.3251,82.2781,82.6068,706691
2016-06-03,83.2622,83.4846,80.7312,81.2675,1084704
2016-06-06,81.0146,81.5332,78.6716,79.5631,877705
2016-06-07,79.6852,80.2215,79.322,79.5956,702815
2016-06-08,79.7107,80.4468,78.9786,79.5553,907099
2016-06-09,79.6045,80.0424,79.3034,79.8308,864026
2016-06-10,79.3034,79.8652,79.0869,79.5553,614425
2016-06-13,79.7343,81.8432,79.6448,81.3551,692515
2016-06-14,81.4348,81.7802,80.7351,81.1267,398897
2016-06-15,81.2174,82.5418,81.1031,82.162,807282
2016-06-16,82.0311,83.1461,82.0311,82.8193,549060
2016-06-17,82.8853,83.0762,81.916,82.4258,706015
2016-06-20,82.8282,83.6342,82.1709,82.2614,434676
2016-06-21,82.285,82.9108,82.285,82.4917,307546
2016-06-22,82.717,83.1755,82.2043,82.6569,499903
2016-06-23,83.3163,83.5181,82.7721,82.9512,532007
2016-06-24,81.5096,83.3517,81.1239,81.9671,1411826
2016-06-27,81.5656,83.6666,81.541,83.4255,840692
2016-06-28,83.7266,84.8603,82.9591,84.8356,796801
2016-06-29,85.3847,86.4653,85.1624,85.3523,1118041
2016-06-30,85.4015,86.2851,84.7697,86.2586,1609524
2016-07-01,86.7191,87.7356,86.1287,86.9996,729148
2016-07-05,86.9819,88.6223,86.9819,88.5966,622317
2016-07-06,88.4363,89.194,88.1765,88.9076,670894
2016-07-07,88.5966,88.8358,87.0596,87.9492,565635
2016-07-08,88.1597,88.8899,87.1895,87.5438,931883
2016-07-11,87.8251,88.2867,86.851,87.4463,954042
2016-07-12,87.4641,87.9905,86.5686,87.9757,840885
2016-07-13,88.2384,88.6419,87.9393,88.2384,516001
2016-07-14,88.6508,88.6508,86.4317,86.6423,691890
2016-07-15,87.0665,88.2956,85.7193,86.0529,1026416
2016-07-18,86.295,87.4552,85.862,85.8886,318574
2016-07-19,85.9477,86.7014,85.4792,86.6601,415117
2016-07-20,86.6699,87.0518,86.3206,86.5853,542120
2016-07-21,86.6207,86.8087,85.9722,86.3402,483407
2016-07-22,86.3688,87.8931,86.3688,87.1994,396348
2016-07-25,87.2947,87.7454,86.1986,86.9455,409718
2016-07-26,86.9819,86.9819,86.0254,86.3964,398867
2016-07-27,86.1031,86.1651,84.0455,84.7628,1133293
2016-07-28,84.1272,85.368,82.8519,84.7884,654920
2016-07-29,84.6841,87.3125,84.627,86.5931,698834
2016-08-01,86.5931,86.8756,86.0342,86.3501,480154
2016-08-02,86.295,86.7191,84.8789,85.1486,366181
2016-08-03,85.2657,85.2657,83.828,84.1547,312163
2016-08-04,84.5827,84.5916,83.5013,83.9372,344599
2016-08-05,84.0543,84.3042,83.7542,84.2974,355537
2016-08-08,84.3889,84.6762,83.955,84.3555,453231
2016-08-09,84.4322,84.5168,83.8014,84.2974,303029
2016-08-10,84.3377,84.6762,83.8103,84.1272,369700
2016-08-11,84.2708,85.1318,82.1374,82.8371,666215
2016-08-12,82.779,84.0917,82.5261,83.4422,531702
2016-08-15,80.4311,80.619,78.2583,79.3545,4567521
2016-08-16,79.0259,79.4372,76.6503,76.7871,3631565
2016-08-17,77.1669,77.8667,75.8542,77.6108,1962540
2016-08-18,77.6364,78.1913,76.5874,77.0223,1918022
2016-08-19,77.5321,78.3479,76.3808,77.2349,1128666
2016-08-22,77.2546,77.7171,76.1918,77.0754,979596
2016-08-23,77.2614,77.7358,76.9692,77.0754,837541
2016-08-24,77.0754,77.0754,75.7106,76.0826,900697
2016-08-25,76.1741,77.6865,75.9625,77.0902,1150495
2016-08-26,77.1217,77.8243,76.0048,76.5923,1446463
2016-08-29,76.9692,77.8607,76.8373,77.1119,879484
2016-08-30,77.1119,77.1119,75.8818,76.6799,603192
2016-08-31,76.5254,77.0902,76.1829,76.7704,1166932
2016-09-01,76.7704,77.965,76.4368,77.596,760275
2016-09-02,77.8824,79.1882,77.7997,78.274,900637
2016-09-06,78.2278,78.462,77.7525,78.3971,918767
2016-09-07,78.3971,78.3971,77.5143,78.0054,910408
2016-09-08,78.0369,78.087,77.1906,77.5872,785094
2016-09-09,76.8295,77.0981,75.4627,75.561,987671
2016-09-12,75.3327,77.2103,75.2206,76.8373,877318
2016-09-13,75.9241,76.3217,74.9578,75.1153,984447
2016-09-14,75.4892,75.995,75.0248,75.9379,667103
2016-09-15,75.8237,76.1022,75.2559,75.749,712253
2016-09-16,75.4567,75.8159,75.0552,75.6496,890237
2016-09-19,75.7863,77.1296,75.6457,76.9997,943987
2016-09-20,77.5143,77.9404,77.0223,77.1571,708675
2016-09-21,77.3195,77.4937,75.6053,77.4573,699359
2016-09-22,78.2003,78.7169,77.7761,78.3173,816882
2016-09-23,78.0457,79.0849,77.0075,78.5594,1044775
2016-09-26,78.4059,79.9971,78.4059,79.5415,888495
2016-09-27,79.7373,79.7373,78.2484,78.3695,958373
2016-09-28,78.5515,79.8514,78.1166,79.7531,861879
2016-09-29,79.4912,79.9577,78.5289,78.5358,976277
2016-09-30,78.8959,79.1508,76.731,76.7704,979961
2016-10-03,76.5923,76.5923,74.5573,75.1713,985893
2016-10-04,75.0897,75.0897,73.3813,73.9521,841015
2016-10-05,74.2493,74.4323,71.0806,71.6238,1114287
2016-10-06,71.2656,71.8226,70.1065,70.8504,952861
2016-10-07,71.0964,71.985,69.4599,70.2521,1527798
2016-10-10,70.379,71.433,70.379,71.1269,556114
2016-10-11,70.9823,71.1269,70.1222,70.197,918076
2016-10-12,70.4853,71.8217,70.378,71.7548,546152
2016-10-13,71.7548,73.4109,71.738,73.3076,1367792
2016-10-14,73.4148,73.7503,72.5646,73.3981,903897
2016-10-17,74.1046,74.9706,73.4778,74.6754,1273540
2016-10-18,75.2687,75.9123,74.6902,75.7981,858182
2016-10-19,75.5551,75.868,75.0532,75.3091,745837
2016-10-20,76.3157,77.04,75.4911,75.8878,907224
2016-10-21,75.4725,76.2085,75.1211,76.0816,508600
2016-10-24,77.1847,77.1847,75.8956,76.3728,478033
2016-10-25,75.9763,76.7842,75.6467,76.5293,361039
2016-10-26,76.2558,76.5716,75.2432,76.3315,584125
2016-10-27,76.2558,76.2558,73.7838,74.203,883436
2016-10-28,74.8378,75.8956,73.4522,74.509,1610633
2016-10-31,74.5671,76.6946,74.5671,76.4909,1155758
2016-11-01,76.3001,76.7281,75.3239,76.052,749531
2016-11-02,76.1269,77.2821,76.0914,76.3404,1023879
2016-11-03,76.4054,77.6265,75.8788,77.2566,781881
2016-11-04,77.2566,78.0143,76.6946,77.6433,907058
2016-11-07,78.5269,78.6736,77.107,77.4701,1358540
2016-11-08,77.4474,78.9294,77.229,78.5329,754530
2016-11-09,78.1234,78.2947,76.4142,77.3126,1103208
2016-11-10,77.0155,77.7161,74.0957,75.5079,1093023
2016-11-11,75.5414,77.099,75.5414,75.6467,845049
2016-11-14,75.2116,76.737,73.9491,76.4467,852551
2016-11-15,76.5962,77.0479,73.8842,74.2217,775170
2016-11-16,74.1696,75.1743,73.7247,74.9883,678822
2016-11-17,74.5927,75.2785,73.7337,73.9649,472723
2016-11-18,73.9423,74.4756,73.0173,73.4365,486831
2016-11-21,73.5791,74.1952,73.1905,73.3981,614074
2016-11-22,73.6608,75.0208,73.6018,74.9459,854888
2016-11-23,74.3438,75.1329,73.8773,74.9233,738212
2016-11-25,74.8643,75.9389,74.5494,75.4725,370865
2016-11-28,75.5817,76.8265,75.5817,76.0816,1141494
2016-11-29,76.0816,78.6736,75.8356,77.3638,1820508
2016-11-30,77.411,78.0143,74.8378,75.563,8092028
2016-12-01,75.3839,75.5817,72.3402,73.3154,29900446
2016-12-02,74.9972,75.2943,72.975,73.6687,2780449
2016-12-05,73.6431,73.7593,72.2349,73.2888,2160561
2016-12-06,73.2397,74.0584,72.5391,72.975,2076520
2016-12-07,73.2397,73.6815,72.6581,73.3981,1922153
2016-12-08,73.2554,76.421,73.1068,75.9763,1542315
2016-12-09,76.2006,77.5527,75.8198,76.8836,1662690
2016-12-12,76.3827,78.2524,76.3827,78.1481,1507697
2016-12-13,78.5575,79.4253,78.1146,78.8615,1727087
2016-12-14,78.9383,78.9383,77.8076,78.0969,2045974
2016-12-15,77.6777,79.8711,77.4198,78.7227,1870213
2016-12-16,79.4904,80.7775,79.1843,79.7541,5603326
2016-12-19,80.4045,80.6043,79.4067,79.9017,1451038
2016-12-20,79.8633,80.3572,79.4352,80.3484,1118988
2016-12-21,80.126,80.7676,77.7013,77.7918,1666604
2016-12-22,77.9306,78.831,77.5832,78.6647,1008165
2016-12-23,78.9225,79.508,78.2435,78.7808,812728
2016-12-27,78.9058,79.879,78.6834,79.4431,722984
2016-12-28,79.6232,79.8711,78.6401,79.0799,722759
2016-12-29,79.1705,80.0601,78.648,79.6546,622617
2016-12-30,79.8042,81.1051,79.2512,80.7509,1027991
2017-01-03,81.0598,81.3127,79.2994,80.2569,1220004
2017-01-04,80.5698,81.3708,80.2392,80.992,1078547
2017-01-05,80.9093,81.3551,79.7196,80.8847,1088835
2017-01-06,80.9477,81.2232,80.3484,80.8198,1132314
2017-01-09,80.7775,80.8198,79.5975,80.3238,1201767
2017-01-10,80.0847,80.8414,79.6664,80.4045,902106
2017-01-11,80.1309,80.6978,78.8556,79.0327,1091077
2017-01-12,78.827,80.0581,78.5495,79.9735,805521
2017-01-13,79.8396,79.9459,78.9412,79.1498,486360
2017-01-17,79.1892,80.5216,79.1892,80.4734,1014131
2017-01-18,80.6131,80.9064,79.9321,80.1457,766804
2017-01-19,80.0227,80.3307,78.7473,79.2659,611174
2017-01-20,79.3417,79.8574,78.3823,79.7737,595705
2017-01-23,80.0316,80.4557,79.5887,79.8318,484665
2017-01-24,79.8239,80.5058,79.4342,80.4222,1241183
2017-01-25,80.5639,80.6299,79.5887,80.4468,1236597
2017-01-26,80.4133,81.0205,80.0188,80.556,839587
2017-01-27,80.9133,81.113,79.3979,79.6566,604125
2017-01-30,79.4814,80.3799,78.5751,78.8821,744643
2017-01-31,78.9668,80.2156,78.7473,79.0081,1202532
2017-02-01,79.0239,79.2591,77.6265,78.0329,991057
2017-02-02,77.8765,81.3806,76.9711,81.2626,1951955
2017-02-03,81.7034,82.1876,80.9369,81.5283,1267232
2017-02-06,81.3806,81.6119,80.4557,81.3974,817632
2017-02-07,81.2468,81.7034,80.806,81.0205,795422
2017-02-08,81.1031,82.3795,80.8926,81.3197,740917
2017-02-09,81.1966,81.7034,81.0717,81.4633,656106
2017-02-10,81.1966,82.037,80.9635,81.9701,472532
2017-02-13,82.0144,82.2358,81.1681,81.8884,638379
2017-02-14,81.9268,82.3185,81.0776,82.2033,898483
2017-02-15,81.4545,82.0586,81.0569,81.7192,687823
2017-02-16,81.8195,83.1293,81.7418,82.7702,654263
2017-02-17,83.0437,83.393,82.4937,82.8932,1285372
2017-02-21,82.594,83.8191,82.3962,83.6666,695890
2017-02-22,83.8014,84.0091,82.9207,83.5013,802942
2017-02-23,83.8103,84.693,83.2267,84.507,652329
2017-02-24,84.8789,84.9567,83.7778,84.9262,838876
2017-02-27,85.1398,85.7518,84.693,85.4635,736015
2017-02-28,85.5225,85.6839,85.0187,85.4792,800374
2017-03-01,85.7115,86.2399,85.0187,85.3444,1039324
2017-03-02,85.4015,85.7272,84.2079,84.3555,1525280
2017-03-03,84.2226,84.3042,83.4924,84.1154,1141988
2017-03-06,83.7946,84.1645,83.3163,83.828,655674
2017-03-07,83.8378,83.9047,82.902,83.8635,645557
2017-03-08,83.6204,83.8014,82.8853,83.1755,785320
2017-03-09,83.2779,83.8791,81.6375,81.6533,950137
2017-03-10,82.2781,82.9286,80.1063,80.8384,1283293
2017-03-13,81.0304,81.5047,80.4734,81.3452,1341424
2017-03-14,82.1699,83.1461,81.6533,82.285,1290277
2017-03-15,82.2692,84.4883,81.5618,84.1448,1193855
2017-03-16,84.0367,85.0187,83.7266,84.2226,1107578
2017-03-17,84.3042,85.489,83.8014,84.693,2494786
2017-03-20,84.8052,84.8209,83.9451,84.1734,464348
2017-03-21,84.5267,85.0433,83.9274,84.1645,918189
2017-03-22,84.6103,84.6103,83.5928,84.262,756267
2017-03-23,84.262,85.2578,84.1202,84.8052,793087
2017-03-24,85.0354,85.5481,84.7195,84.8052,421533
2017-03-27,84.7293,85.496,83.7197,84.1734,770701
2017-03-28,84.1154,84.3643,83.0023,84.0543,719981
2017-03-29,84.0189,84.9173,83.7197,84.9075,881466
2017-03-30,84.7293,84.8888,83.8791,84.693,732560
2017-03-31,84.4883,85.3602,84.2226,84.6605,642589
2017-04-03,84.627,84.9075,84.1448,84.6841,588948
2017-04-04,84.6694,86.1651,84.5168,85.3258,767880
2017-04-05,85.1398,85.617,84.6841,85.4792,607962
2017-04-06,85.3759,85.7921,84.8534,85.5304,456778
2017-04-07,85.6229,86.0056,84.7982,84.8209,644072
2017-04-10,84.7628,85.5481,84.3731,85.489,678054
2017-04-11,85.676,86.5006,85.3759,86.3127,1039128
2017-04-12,86.1818,86.8431,85.2834,85.4546,1345053
2017-04-13,85.4369,85.6416,84.5916,84.8356,868094
2017-04-17,85.0777,85.368,84.9419,85.3602,1347706
2017-04-18,85.3168,85.9319,85.2145,85.5136,889762
2017-04-19,85.5392,85.6327,84.8209,85.0875,645753
2017-04-20,85.2735,85.3346,84.7796,85.2303,609698
2017-04-21,85.1722,85.4448,84.8356,84.9931,536363
2017-04-24,85.5392,86.1454,83.7502,85.0354,698665
2017-04-25,85.1122,85.2834,84.6841,85.1544,799105
2017-04-26,85.2145,85.5225,84.4656,84.7628,1143948
2017-04-27,82.8223,83.3852,80.7322,82.2418,1936464
2017-04-28,81.6463,83.2897,81.6463,83.2592,1293681
2017-05-01,83.577,83.9274,82.8125,83.5928,776379
2017-05-02,83.577,84.1823,83.2514,83.5603,666240
2017-05-03,83.4422,83.7197,82.3608,82.6107,466767
2017-05-04,82.5202,83.1637,81.8137,83.0988,705757
2017-05-05,83.1815,83.9894,82.9482,83.9638,643981
2017-05-08,84.0819,84.1064,83.0398,83.4255,509018
2017-05-09,83.2897,83.3232,82.7386,82.8784,507812
2017-05-10,82.7219,83.275,82.4523,82.8311,559174
2017-05-11,82.5635,83.3675,81.9839,82.905,581333
2017-05-12,82.9414,83.1332,82.2762,82.5291,686548
2017-05-15,82.5694,83.4166,82.41,83.2071,550814
2017-05-16,83.0231,83.4816,82.3775,82.8311,656220
2017-05-17,82.6678,84.3821,82.6678,83.3586,678715
2017-05-18,83.6204,84.2531,83.084,83.828,755132
2017-05-19,84.0091,84.2796,83.0476,83.9185,765232
2017-05-22,83.9451,84.627,83.6342,83.9726,522417
2017-05-23,84.1547,84.5916,83.7197,84.0091,400595
2017-05-24,84.2226,84.5759,83.8959,84.3643,369125
2017-05-25,84.627,85.0354,83.7099,84.5827,341618
2017-05-26,84.7628,85.5481,84.4972,84.8701,648979
2017-05-30,84.7628,85.1624,84.627,84.8052,470591
2017-05-31,84.8298,85.7577,84.8298,85.5481,1206514
2017-06-01,85.4448,85.8108,84.8603,85.7655,1078621
2017-06-02,86.2586,87.8764,85.4015,87.5093,1072765
2017-06-05,87.3912,88.9322,87.0763,88.5878,888188
2017-06-06,88.6587,88.7748,87.7829,88.1421,686391
2017-06-07,88.3654,89.6594,88.1765,89.6172,1191248
2017-06-08,89.6673,90.3178,88.9244,90.1092,891952
2017-06-09,90.0481,90.5815,89.5886,89.9664,1023879
2017-06-12,89.8317,90.5451,89.6506,90.1268,890892
2017-06-13,90.0747,90.7783,89.9744,90.7783,801630
2017-06-14,91.1267,91.7751,91.0715,91.3707,1006643
2017-06-15,91.2437,93.1125,91.2437,92.3193,1290406
2017-06-16,92.4148,92.4325,91.657,92.3577,1074782
2017-06-19,92.3193,92.9717,92.0448,92.5801,425436
2017-06-20,92.5338,92.8872,91.162,92.2002,737454
2017-06-21,92.1904,92.5162,91.6482,92.4787,695986
2017-06-22,92.4148,92.4148,91.4475,91.7309,698334
2017-06-23,91.7309,92.6352,91.4091,91.6285,1565913
2017-06-26,91.657,92.1816,91.0243,91.1424,669184
2017-06-27,90.9623,91.171,89.4814,89.5522,1258190
2017-06-28,89.6506,89.9094,89.0237,89.1743,789551
2017-06-29,88.4028,89.1379,88.1597,88.6134,531934
2017-06-30,88.4727,89.0395,87.8852,88.4186,814203
2017-07-03,88.8633,89.0661,88.3123,88.8722,415121
2017-07-05,88.8811,89.1458,87.774,88.3832,897318
2017-07-06,87.4463,88.1046,85.2145,85.2224,1118070
2017-07-07,85.31,86.295,85.0108,85.9151,797391
2017-07-10,85.9151,85.9151,84.3731,84.4489,813783
2017-07-11,84.5335,84.5415,83.3153,83.577,1022575
2017-07-12,84.3555,84.8888,84.0681,84.5168,1105287
2017-07-13,84.627,84.7097,83.949,84.4401,674184
2017-07-14,84.7097,85.3602,84.6103,85.0108,674951
2017-07-17,85.0511,85.9919,84.7982,85.7115,722895
2017-07-18,85.7115,85.9821,85.1398,85.4369,1026480
2017-07-19,85.5048,85.9821,85.3917,85.7577,925289
2017-07-20,86.0254,86.4563,85.4546,85.5136,798863
2017-07-21,85.4792,85.8532,85.122,85.6662,1065061
2017-07-24,85.9241,86.6423,85.5225,86.4495,950815
2017-07-25,86.5764,86.5764,85.1624,85.8532,694594
2017-07-26,85.8434,86.6699,85.617,86.5508,491466
2017-07-27,85.7026,87.588,83.8653,87.1206,1144225
2017-07-28,87.2092,88.578,87.1305,87.7986,826401
2017-07-31,87.8341,87.959,87.2771,87.6392,990515
2017-08-01,87.8764,88.3575,87.4995,87.9492,543498
2017-08-02,87.71,88.0624,87.3558,87.9206,554128
2017-08-03,87.9305,88.5091,87.1305,87.9993,483884
2017-08-04,87.9993,88.5878,87.7189,87.8439,471268
2017-08-07,87.903,88.2384,87.4,88.0702,441959
2017-08-08,87.9837,88.3832,87.7544,88.3575,574193
2017-08-09,88.3575,89.129,88.1853,88.9775,645143
2017-08-10,88.8004,89.129,88.4028,88.4363,467790
2017-08-11,88.7207,88.7207,87.8852,88.0702,463804
2017-08-14,88.4274,90.0481,88.1677,89.9192,593438
2017-08-15,89.8041,90.7547,88.9411,90.6681,799817
2017-08-16,90.9436,91.2537,90.1652,90.3178,698443
2017-08-17,90.2095,90.6878,89.9389,90.1849,548086
2017-08-18,89.8739,89.8739,89.1202,89.5335,588934
2017-08-21,89.6073,91.2271,89.3563,90.9722,591957
2017-08-22,90.9722,91.2271,89.9389,90.491,487134
2017-08-23,90.3817,91.3894,90.3817,91.1178,367758
2017-08-24,91.2271,91.657,90.9073,90.988,665597
2017-08-25,91.0617,91.539,90.5166,90.6602,442596
2017-08-28,90.6602,90.7547,89.1537,90.0285,625000
2017-08-29,89.9478,90.6681,89.3091,89.5423,535208
2017-08-30,89.4351,90.2715,88.9962,90.2715,386886
2017-08-31,90.3995,90.796,89.993,90.1268,591807
2017-09-01,90.2715,90.7625,89.9192,89.9291,367370
2017-09-05,89.9094,90.4712,89.319,90.1554,642265
2017-09-06,90.3178,90.4712,89.8218,90.0659,607310
2017-09-07,90.1849,90.988,90.119,90.6081,659939
2017-09-08,90.8432,91.8135,90.5067,91.3805,998849
2017-09-11,91.5853,92.4965,91.2703,92.3872,679617
2017-09-12,92.1638,92.1816,90.2183,90.6336,600254
2017-09-13,90.4998,90.5166,89.6408,89.9566,534416
2017-09-14,89.7756,90.7872,89.2137,90.5894,479798
2017-09-15,90.7625,91.6187,90.3817,91.6187,1667988
2017-09-18,91.6669,91.9867,91.2802,91.657,890150
2017-09-19,91.6669,91.7948,90.6081,91.1798,1137605
2017-09-20,91.1178,91.4563,90.4251,90.8432,862572
2017-09-21,90.7705,91.2703,90.6878,90.8148,815641
2017-09-22,90.9338,91.2074,90.4329,90.7261,897841
2017-09-25,90.8049,91.0805,90.4428,90.5067,527231
2017-09-26,90.4526,91.0154,90.3817,90.678,606738
2017-09-27,90.3266,90.6336,89.6673,89.7854,537554
2017-09-28,89.6949,90.0285,89.3091,89.7333,495693
2017-09-29,89.5148,90.4812,89.4174,90.4812,635291
2017-10-02,90.6602,90.9338,90.2715,90.7625,764426
2017-10-03,90.8148,90.9978,90.1092,90.7449,639759
2017-10-04,90.7261,91.4189,90.4428,91.3284,498999
2017-10-05,91.5853,92.339,91.3372,91.657,610600
2017-10-06,91.2989,91.5853,90.4083,91.3707,421574
2017-10-09,91.6187,91.9867,91.6089,91.721,620893
2017-10-10,91.9867,92.525,91.2437,91.8686,1062571
2017-10-11,91.85,92.4413,91.7751,92.1087,598177
2017-10-12,92.1727,92.7366,91.7663,92.7277,670554
2017-10-13,93.6143,94.0798,92.6814,92.8409,602286
2017-10-16,92.8872,93.0741,91.5754,91.7948,784612
2017-10-17,91.6187,91.9513,91.2359,91.4475,824005
2017-10-18,91.355,91.5006,90.2183,90.3,959035
2017-10-19,90.0285,90.5894,89.6328,89.686,865511
2017-10-20,89.7667,89.9291,89.1458,89.4351,878737
2017-10-23,89.8041,89.8041,88.7039,89.1124,889583
2017-10-24,89.0237,89.2039,87.9905,88.8988,799846
2017-10-25,88.765,89.4636,88.4805,88.951,698672
2017-10-26,87.6835,87.6835,85.0108,85.1043,1989990
2017-10-27,84.9183,85.8354,84.258,85.8108,1110232
2017-10-30,86.0342,87.2771,85.9063,87.0438,1113949
2017-10-31,86.9907,87.4266,86.6522,87.3469,831765
2017-11-01,87.6687,88.2384,87.094,87.9993,660688
2017-11-02,87.9837,88.6508,87.035,87.1994,688850
2017-11-03,86.851,88.7207,86.6423,88.2384,540962
2017-11-06,88.393,89.8651,88.3575,89.0061,529984
2017-11-07,88.9775,90.2528,88.765,89.6328,565022
2017-11-08,89.7854,90.3729,89.7854,90.1268,455880
2017-11-09,90.0561,90.6426,89.5423,90.1268,400022
2017-11-10,89.6949,90.5067,89.6949,90.0196,442358
2017-11-13,90.2449,91.1267,89.7333,90.4812,683138
2017-11-14,90.4428,90.4428,88.6773,88.7039,1382649
2017-11-15,88.7748,88.951,87.2092,87.225,1134651
2017-11-16,87.3814,88.3832,86.9455,88.0269,743929
2017-11-17,87.7268,88.1046,86.7467,87.3558,1111634
2017-11-20,87.6146,88.0535,87.094,87.71,831785
2017-11-21,87.6923,89.319,87.6923,89.256,821548
2017-11-22,89.0149,89.4272,88.4274,88.8633,504908
2017-11-24,89.2039,89.3829,88.8457,88.8988,243523
2017-11-27,88.4028,88.8358,88.1421,88.1597,625728
2017-11-28,88.1145,88.393,87.4641,87.7907,614018
2017-11-29,86.6207,87.5093,85.9397,87.2682,884514
2017-11-30,87.3125,87.903,87.0763,87.4266,1359821
2017-12-01,87.7268,88.2464,86.9621,87.7642,846923
2017-12-04,87.7268,88.2956,86.9199,87.4906,731660
2017-12-05,87.3203,87.6835,86.4741,86.542,736079
2017-12-06,86.8165,87.6215,86.4918,87.3292,553762
2017-12-07,86.9996,87.6835,86.91,87.2859,618941
2017-12-08,87.216,88.0269,86.9385,88.0181,578771
2017-12-11,87.8517,88.1499,87.1393,87.7986,518268
2017-12-12,88.0368,88.8191,86.9022,88.6508,1134061
2017-12-13,88.6675,88.9411,87.3469,87.526,976161
2017-12-14,87.1206,87.4906,86.5597,87.4385,776856
2017-12-15,87.9393,88.5268,87.7356,87.9905,1354141
2017-12-18,88.0535,88.5524,87.7454,87.8616,609483
2017-12-19,87.7012,87.9118,84.4952,84.9183,671992
2017-12-20,84.8544,85.9919,84.3829,84.9006,1238137
2017-12-21,85.0777,85.496,84.0976,84.2944,514286
2017-12-22,84.318,85.3759,84.2767,85.1318,746517
2017-12-26,85.3523,85.6584,85.0108,85.4714,347921
2017-12-27,85.5983,85.8197,85.0433,85.4015,336800
2017-12-28,85.4281,85.9397,85.1672,85.8197,448401
2017-12-29,86.0785,86.2586,85.4183,85.8197,541671
2018-01-02,85.8532,85.8532,84.9006,85.002,1056877
2018-01-03,84.8052,85.489,83.9008,84.9095,1101375
2018-01-04,84.5818,84.8671,82.3647,82.4248,861845
2018-01-05,82.4248,82.7741,81.6237,82.0538,1125006
2018-01-08,82.0626,82.7564,81.9907,82.3381,652150
2018-01-09,82.2614,82.6697,80.9369,81.0815,754502
2018-01-10,80.6495,80.8109,79.7038,80.1437,820267
2018-01-11,80.4842,80.8738,79.2758,79.3555,702270
2018-01-12,79.2925,79.5444,78.3311,78.7109,994264
2018-01-16,78.9756,80.7056,78.9756,79.4657,1027589
2018-01-17,79.9321,80.3376,79.3634,80.0443,1019303
2018-01-18,79.7009,79.82,78.5437,78.8989,780719
2018-01-19,79.6644,80.4586,79.139,79.7423,825767
2018-01-22,79.7245,80.372,79.4922,80.372,655009
2018-01-23,80.5,81.9426,80.2333,81.8796,809050
2018-01-24,81.7516,82.035,81.2685,81.544,907099
2018-01-25,81.551,81.551,80.8464,81.4485,673911
2018-01-26,81.6818,81.7241,80.4487,81.4575,644117
2018-01-29,81.2164,81.3325,80.2175,80.372,673896
2018-01-30,80.1556,80.7509,79.9656,80.1211,818949
2018-01-31,80.001,82.225,79.8032,82.2004,1343011
2018-02-01,81.4485,81.8796,78.5279,79.0799,1702422
2018-02-02,78.3971,79.4057,77.6118,79.0268,1015373
2018-02-05,79.0633,80.5767,76.6228,76.6228,1185489
2018-02-06,75.7509,77.4927,74.9411,76.8718,1244729
2018-02-07,76.5362,77.7416,75.7174,75.7883,981387
2018-02-08,75.4489,77.1109,73.5359,73.5969,1140182
2018-02-09,73.9069,76.2951,73.9069,75.6329,1741422
2018-02-12,76.1239,76.4673,73.8114,75.6231,1230546
2018-02-13,75.6998,76.1416,75.1477,75.8365,893236
2018-02-14,75.1752,75.7696,74.3113,75.7174,872286
2018-02-15,75.9261,76.8383,75.5276,76.6897,749212
2018-02-16,76.6641,77.4661,76.1327,76.4909,2048488
2018-02-20,76.0618,77.3303,76.0618,76.0618,964438
2018-02-21,75.8996,76.3039,73.6766,73.7002,1015714
2018-02-22,73.8753,74.7709,73.527,74.0466,982530
2018-02-23,74.5022,75.9409,74.0879,75.8906,595302
2018-02-26,76.1416,76.2518,75.2254,75.6476,708824
2018-02-27,75.7342,76.0698,73.7484,73.772,811542
2018-02-28,74.1912,75.3996,73.959,73.9668,1222014
2018-03-01,73.7002,75.0276,73.4936,74.0466,1123898
2018-03-02,73.6214,74.1991,73.4011,73.8468,970314
2018-03-05,73.7622,75.3642,73.6303,74.7709,1059691
2018-03-06,74.7068,74.8643,73.959,74.3113,1006910
2018-03-07,74.1489,75.2432,74.1233,74.7246,1743784
2018-03-08,74.9165,75.3996,74.5356,75.011,1244802
2018-03-09,75.2511,77.0253,74.6912,77.0174,1230738
2018-03-12,76.8461,77.3638,76.5195,77.0007,789608
2018-03-13,77.4238,77.906,76.8885,77.1109,715531
2018-03-14,77.2694,78.0025,76.6317,77.8981,992932
2018-03-15,78.0526,78.7316,77.8106,78.3036,1032234
2018-03-16,78.5437,79.3388,78.276,79.2079,1248337
2018-03-19,79.0357,79.0357,77.7958,78.458,734456
2018-03-20,78.5279,79.0937,77.0962,77.4425,865451
2018-03-21,77.475,78.0703,76.7262,77.1109,609156
2018-03-22,76.8039,78.0526,75.9576,75.9831,861627
2018-03-23,75.9576,76.1633,74.6498,74.8378,931936
2018-03-26,75.4489,75.8622,75.0965,75.7174,696974
2018-03-27,75.682,77.0882,74.9509,76.0216,898109
2018-03-28,76.423,78.5525,76.3984,78.3783,831284
2018-03-29,78.7109,78.8989,77.9946,78.6382,1149388
2018-04-02,78.7247,78.7247,77.3303,77.8106,967696
2018-04-03,78.0792,79.4922,77.6038,78.9836,1012466
2018-04-04,78.5013,79.9321,78.5013,79.7245,802131
2018-04-05,79.8366,79.8366,78.9491,79.6744,391646
2018-04-06,79.8121,80.2264,79.1026,79.2758,849654
2018-04-09,79.3466,79.8121,78.771,79.199,967556
2018-04-10,79.5611,79.8879,79.1114,79.449,706927
2018-04-11,79.2846,80.25,79.0543,79.5287,779268
2018-04-12,79.8947,79.8947,78.3203,78.7267,856195
2018-04-13,78.8497,79.7717,78.7345,79.6596,960655
2018-04-16,79.8328,80.3897,79.2325,79.8248,814272
2018-04-17,80.0424,81.1031,79.7471,80.6613,966892
2018-04-18,80.7991,80.8345,80.0158,80.0965,611234
2018-04-19,79.8682,80.2264,78.2189,78.648,665816
2018-04-20,78.6667,79.015,77.8932,78.0143,520383
2018-04-23,78.3016,78.9736,77.7968,78.1963,596019
2018-04-24,78.2828,78.7051,77.7101,78.2416,651253
2018-04-25,77.9896,78.5201,77.2476,78.1106,459912
2018-04-26,78.3459,79.4588,77.963,78.954,579556
2018-04-27,78.8497,80.5294,78.5201,80.0158,723368
2018-04-30,80.191,80.5294,79.5543,79.6261,592444
2018-05-01,79.7196,80.7647,79.0239,80.5482,741062
2018-05-02,80.2775,80.8955,79.3979,80.1123,1052165
2018-05-03,78.6401,80.6968,78.1963,79.8947,1000395
2018-05-04,79.695,80.6081,79.3979,80.3897,764052
2018-05-07,80.7214,81.0855,80.4075,81.0097,475406
2018-05-08,80.8808,80.8808,79.8248,80.1201,806535
2018-05-09,80.2599,80.7695,80.0877,80.5294,432497
2018-05-10,81.0943,81.419,80.5482,80.9733,536855
2018-05-11,81.2616,81.6788,79.999,80.0778,625445
2018-05-14,79.9902,80.3562,78.9736,79.6852,577448
2018-05-15,79.1193,79.1744,77.2998,77.6845,635774
2018-05-16,77.7013,77.8577,77.0568,77.3953,631567
2018-05-17,77.4406,77.7101,76.5608,76.8225,481890
2018-05-18,76.8049,77.0193,76.1525,76.552,593650
2018-05-21,76.7852,77.3815,76.1859,77.1256,360193
2018-05-22,77.4652,78.4059,77.0193,78.2061,1026000
2018-05-23,78.3961,80.3041,78.3961,79.7904,1045738
2018-05-24,79.6596,79.8328,78.4846,79.1193,672469
2018-05-25,79.2846,80.2637,79.2846,79.695,614117
2018-05-29,79.451,79.9193,78.8182,79.8682,721079
2018-05-30,79.7904,81.9062,79.5543,81.8275,697607
2018-05-31,81.1573,81.6287,80.5393,81.4535,832081
2018-06-01,81.5932,82.5153,80.0158,82.3155,861718
2018-06-04,82.594,83.4196,82.0272,83.1845,827768
2018-06-05,83.3871,83.4639,82.6619,82.9581,901197
2018-06-06,82.6531,83.0712,82.1069,82.9758,582824
2018-06-07,82.9758,83.3783,82.5409,83.0123,604108
2018-06-08,83.1175,84.0937,83.0378,83.83,637796
2018-06-11,83.7532,84.1016,83.3832,83.8398,719054
2018-06-12,83.83,84.8553,83.2562,84.5277,771544
2018-06-13,84.7077,84.9528,82.898,83.577,820191
2018-06-14,83.7866,85.2578,83.7444,84.3338,948550
2018-06-15,84.4391,84.937,83.8743,84.0101,976410
2018-06-18,83.8821,84.0937,83.0712,83.5948,694532
2018-06-19,83.0634,84.5533,83.0634,83.83,898675
2018-06-20,83.6991,85.3276,83.3379,85.2135,1202588
2018-06-21,85.3188,86.1641,84.7441,86.0421,1036664
2018-06-22,86.1021,86.8992,85.4497,86.6936,1029198
2018-06-25,86.7545,87.2682,86.3422,86.8696,768321
2018-06-26,86.91,87.8439,86.4682,87.1019,1686099
2018-06-27,87.5339,88.2384,86.7191,86.9621,1479556
2018-06-28,87.0438,88.3309,87.0438,88.1499,869754
2018-06-29,87.8517,88.5593,86.5892,87.6392,1170978
2018-07-02,87.5438,87.9118,85.9211,86.5548,990860
2018-07-03,86.537,87.3726,86.0765,86.5715,626040
2018-07-05,86.7467,86.8431,86.1277,86.7545,766124
2018-07-06,87.035,87.5172,86.7673,87.2859,750079
2018-07-09,87.3047,87.3047,85.867,86.231,971251
2018-07-10,86.231,87.1305,85.8246,86.8943,839278
2018-07-11,86.8254,87.4385,86.4435,87.225,666363
2018-07-12,87.2889,87.7268,86.5931,87.588,362553
2018-07-13,87.7189,87.9679,87.0773,87.3854,370930
2018-07-16,87.1315,87.3952,86.4623,87.1117,490044
2018-07-17,87.2977,87.3509,86.1828,86.5066,564699
2018-07-18,86.4535,86.8588,85.8472,86.481,402415
2018-07-19,86.2517,88.0181,86.2517,87.4463,385463
2018-07-20,87.2013,87.2977,85.6544,86.0234,606556
2018-07-23,85.988,86.1208,85.2765,86.0136,448581
2018-07-24,85.988,86.0234,85.188,85.7597,531185
2018-07-25,85.9958,87.1413,85.9241,86.5686,525576
2018-07-26,86.9553,87.3145,86.542,87.0852,320255
2018-07-27,87.3145,87.404,86.2034,86.6916,346758
2018-07-30,86.6916,86.9996,86.1454,86.6837,271411
2018-07-31,87.0438,89.0946,85.9604,88.5524,523051
2018-08-01,87.8616,88.9962,87.2702,88.8545,571362
2018-08-02,87.6835,88.1421,86.3738,87.7907,984120
2018-08-03,87.6835,89.7234,87.1117,89.4892,580551
2018-08-06,89.4548,90.0383,88.8899,89.0395,432414
2018-08-07,88.9608,88.9608,88.079,88.7748,752864
2018-08-08,88.9608,89.1124,88.1046,88.2867,402518
2018-08-09,88.3743,88.9962,88.2384,88.9322,354309
2018-08-10,88.7462,89.1743,87.6835,87.7356,329291
2018-08-13,87.6491,88.6675,87.6146,88.5003,526861
2018-08-14,88.4461,89.3908,88.2867,88.8811,335573
2018-08-15,88.6134,89.5247,88.3832,89.3563,349948
2018-08-16,89.5335,90.0659,89.0946,90.0196,412376
2018-08-17,90.0383,90.6336,89.8484,90.5815,377730
2018-08-20,90.9338,91.4091,90.5067,90.615,422288
2018-08-21,90.4171,90.9623,89.4548,89.6594,387827
2018-08-22,89.4981,89.9478,89.2314,89.7047,345308
2018-08-23,89.8573,90.1368,89.3829,89.8405,306186
2018-08-24,89.624,91.2074,89.624,90.981,531905
2018-08-27,91.2172,91.3196,90.6248,91.0154,659339
2018-08-28,90.9249,91.9051,90.5529,91.8224,531896
2018-08-29,92.0251,92.0635,91.2703,91.3894,398814
2018-08-30,91.6669,91.6669,90.7075,90.8885,346626
2018-08-31,90.8148,91.2802,90.4998,91.0066,444933
2018-09-04,90.6878,91.4563,89.9832,90.5067,395923
2018-09-05,90.2183,91.3461,89.9094,90.9623,673619
2018-09-06,91.2271,91.8322,91.0243,91.0903,588783
2018-09-07,90.6514,90.7261,89.9664,90.2814,603221
2018-09-10,90.6514,91.9591,90.6514,91.3894,541307
2018-09-11,91.0991,92.2485,90.7547,91.3993,548758
2018-09-12,91.4287,91.539,90.9171,91.1424,381736
2018-09-13,91.6669,91.6964,91.0243,91.171,680687
2018-09-14,90.9171,90.9338,89.2738,89.8739,1039661
2018-09-17,89.8917,90.9338,89.5069,90.6081,1063369
2018-09-18,90.6081,90.678,89.993,90.4998,520823
2018-09-19,90.6248,90.7075,89.1665,89.4351,524620
2018-09-20,89.4981,90.0993,89.0237,90.0659,606897
2018-09-21,89.9744,91.355,89.3977,90.5451,1139930
2018-09-24,90.3365,90.3365,88.1597,88.4186,793881
2018-09-25,88.393,89.0395,88.0082,88.6961,598647
2018-09-26,88.7374,89.2816,87.4306,87.5093,601591
2018-09-27,87.4217,88.1342,86.8844,86.909,1017216
2018-09-28,87.0518,88.0535,87.0518,88.0269,1097130
2018-10-01,88.0702,88.1421,87.2889,87.4817,583094
2018-10-02,87.6057,88.1677,87.2613,87.7189,536433
2018-10-03,87.71,87.9679,85.9112,86.6758,527717
2018-10-04,86.2251,86.5853,85.2057,86.1454,592967
2018-10-05,86.3157,87.0084,86.1906,86.3216,643591
2018-10-08,86.4987,88.207,86.4987,87.7356,678398
2018-10-09,87.7454,87.9837,86.9189,87.8616,857845
2018-10-10,87.588,88.1853,86.3924,86.5233,802705
2018-10-11,86.7791,86.8412,83.9854,84.1704,1324453
2018-10-12,84.8987,85.3326,83.4147,83.9382,797498
2018-10-15,83.8132,86.3865,83.6371,85.4576,879719
2018-10-16,85.6868,87.4345,85.0128,87.1609,808496
2018-10-17,86.9022,87.4955,86.1474,87.0448,524841
2018-10-18,87.036,87.6471,86.8678,87.1609,522524
2018-10-19,87.0616,88.5179,87.0616,88.1972,498148
2018-10-22,88.2778,88.4904,86.0421,86.0618,622012
2018-10-23,85.5451,87.0272,85.1486,86.5282,512894
2018-10-24,86.7054,88.8457,86.6001,87.9128,694449
2018-10-25,87.8852,89.3563,86.9022,88.7462,857552
2018-10-26,88.7207,88.7207,86.3245,86.8313,781612
2018-10-29,87.4867,88.7118,87.3184,88.3654,518485
2018-10-30,88.7295,89.6949,88.3399,88.7207,676907
2018-10-31,88.5966,88.5966,86.3245,86.6896,973977
2018-11-01,87.9502,87.9502,85.6957,87.1137,1059731
2018-11-02,86.9917,87.2259,85.003,85.5787,892940
2018-11-05,85.6682,86.7172,85.6455,86.3776,829051
2018-11-06,86.6896,87.4276,86.2547,86.8136,880232
2018-11-07,87.3726,87.6373,86.6276,87.2919,1068443
2018-11-08,87.0694,88.7207,86.6325,88.6223,614052
2018-11-09,88.6321,89.2648,88.4363,89.1841,499913
2018-11-12,89.3003,90.364,89.256,89.5886,601782
2018-11-13,89.7333,90.3178,88.9962,90.1092,773983
2018-11-14,90.2273,90.3266,88.9076,89.0237,521444
2018-11-15,88.4805,88.6863,86.9376,87.8341,532164
2018-11-16,87.8055,89.7234,87.586,89.6328,706048
2018-11-19,89.6172,90.3266,89.0061,90.0108,481891
2018-11-20,89.993,90.4329,88.951,89.5423,542612
2018-11-21,89.445,90.5894,88.8899,89.6949,553406
2018-11-23,89.686,90.0659,88.8899,89.4174,158654
2018-11-26,89.8917,90.0196,88.9962,90.0108,626350
2018-11-27,89.9744,90.6602,89.6408,90.5529,624712
2018-11-28,90.4329,91.1424,89.7667,90.988,726240
2018-11-29,90.9436,91.1798,89.9005,90.6878,473021
2018-11-30,91.1355,91.9237,90.5717,91.8785,844529
2018-12-03,91.8224,92.1638,91.171,91.7309,739208
2018-12-04,91.6669,91.841,89.4814,89.6073,1194881
2018-12-06,89.2481,91.841,87.894,91.7575,1127339
2018-12-07,91.5655,92.0713,90.0993,90.3561,981504
2018-12-10,90.6602,90.8049,88.9322,90.3817,603375
2018-12-11,90.8807,91.5006,90.3817,90.4251,901019
2018-12-12,90.9436,91.162,88.578,88.6321,738095
2018-12-13,88.7118,90.5982,88.7118,90.0285,607224
2018-12-14,89.5797,90.3463,89.0237,89.9744,905350
2018-12-17,90.1092,90.5629,85.9004,86.1474,880536
2018-12-18,86.5735,87.7534,86.3492,87.2042,526534
2018-12-19,87.346,88.3399,86.5194,86.9829,806767
2018-12-20,86.8313,87.7907,85.7655,86.3334,868931
2018-12-21,86.4062,88.9155,86.1926,86.2359,1478668
2018-12-24,86.2921,86.2921,81.8265,81.8265,370313
2018-12-26,81.9789,84.5158,80.9221,84.5158,636120
2018-12-27,83.771,84.7097,81.9789,84.7097,688474
2018-12-28,85.3503,85.8207,83.4412,84.3829,669095
2018-12-31,84.4194,84.9173,83.211,84.9075,505450
2019-01-02,84.2226,84.2226,81.792,82.2004,678615
2019-01-03,82.1915,84.0996,82.1295,82.7938,587780
2019-01-04,83.2386,84.0081,82.7416,82.8026,661915
2019-01-07,83.0171,83.8605,82.2436,82.6875,817816
2019-01-08,83.3723,84.8012,82.962,84.3555,978598
2019-01-09,84.7009,84.7009,83.459,84.2767,646386
2019-01-10,83.9294,85.9781,83.8417,85.678,498134
2019-01-11,85.4743,86.3245,85.2617,86.2261,680615
2019-01-14,86.3402,86.9711,85.8414,86.4889,622515
2019-01-15,86.7378,88.0191,86.7092,87.7878,834398
2019-01-16,87.6727,89.319,87.3834,89.0503,697529
2019-01-17,89.0071,89.7234,88.9608,89.6073,507715
2019-01-18,89.7401,90.0285,88.7994,89.7333,551776
2019-01-22,89.7047,89.9664,88.7108,89.4725,639095
2019-01-23,89.4636,89.5984,88.6567,89.2738,1004994
2019-01-24,89.1133,90.0747,88.7492,89.5797,370278
2019-01-25,89.7756,90.8049,89.6408,90.5629,531039
2019-01-28,90.4083,91.8785,90.1849,91.7132,510919
2019-01-29,91.8322,92.6185,91.1886,92.6087,591198
2019-01-30,92.339,93.6517,92.1727,93.3073,597312
2019-01-31,92.2573,92.7366,89.9192,90.7547,2218802
2019-02-01,90.862,91.2625,88.9785,90.2912,926728
2019-02-04,90.1751,91.9867,90.0019,91.968,970739
2019-02-05,91.9335,92.3478,90.9171,92.0251,945044
2019-02-06,91.9513,92.1904,91.3894,92.0064,637987
2019-02-07,91.7663,92.8872,91.3894,92.7277,965268
2019-02-08,92.4876,93.1951,92.3016,93.0446,662246
2019-02-11,93.017,93.8072,92.8409,93.1036,544991
2019-02-12,93.2985,93.2985,92.1167,92.3774,798707
2019-02-13,92.1904,93.2502,91.8785,93.2246,610991
2019-02-14,93.3713,93.4471,92.4325,92.8586,640251
2019-02-15,93.205,93.4106,92.6628,93.3536,564208
2019-02-19,93.326,93.4933,92.7651,93.1853,598086
2019-02-20,93.1036,93.1036,91.0332,92.4787,841006
2019-02-21,92.0802,93.568,91.6089,93.4471,528839
2019-02-22,93.512,94.0886,93.2601,93.634,361232
2019-02-25,93.8623,93.8623,92.7739,92.9334,364776
2019-02-26,93.1951,93.3161,92.5162,93.1853,633695
2019-02-27,92.7562,93.0544,91.721,92.4689,375173
2019-02-28,92.4413,94.0985,92.2927,92.8103,844601
2019-03-01,92.7188,92.7188,91.2359,92.3961,606518
2019-03-04,92.7838,93.578,92.1816,93.2601,790476
2019-03-05,93.1036,93.8525,93.1036,93.5317,495848
2019-03-06,93.7492,94.1723,93.4657,93.6045,495060
2019-03-07,93.8427,95.0038,93.634,94.07,669975
2019-03-08,94.0886,95.0333,93.9381,94.4646,715650
2019-03-11,94.8434,95.6937,94.7765,95.6838,715091
2019-03-12,95.9062,96.4828,95.8865,96.2329,629585
2019-03-13,96.3402,96.8991,96.0892,96.2919,505093
2019-03-14,96.4533,97.0378,95.9456,96.9994,516536
2019-03-15,97.0084,97.1844,96.2919,96.473,913602
2019-03-18,96.6472,96.8991,94.8247,95.5116,443665
2019-03-19,95.2734,95.5706,94.6899,95.1465,488270
2019-03-20,95.1849,95.9642,94.5009,95.3315,400959
2019-03-21,95.2636,96.9512,94.7765,96.5901,548908
2019-03-22,96.8893,97.831,96.5803,96.7151,394963
2019-03-25,97.6844,97.6844,96.3982,97.2228,718987
2019-03-26,97.3114,97.9619,97.0378,97.9087,400751
2019-03-27,97.9421,98.0799,97.1943,97.4393,375468
2019-03-28,97.7817,98.2472,97.1165,98.2078,318425
2019-03-29,98.1587,98.3063,97.5564,97.9717,662434
2019-04-01,98.0996,98.0996,96.4632,97.5279,444343
2019-04-02,97.6057,98.6507,96.8893,98.5129,380269
2019-04-03,98.6015,98.8278,97.645,98.4735,443276
2019-04-04,97.3016,98.0209,97.0084,98.0012,415109
2019-04-05,97.9815,98.4933,97.4197,98.4342,400047
2019-04-08,98.3456,98.4342,97.1844,97.9225,380002
2019-04-09,97.9914,98.198,97.5859,97.9619,406300
2019-04-10,98.2472,98.9655,97.8408,98.7098,499477
2019-04-11,98.7491,99.5461,98.3752,99.1525,433505
2019-04-12,99.2903,99.5957,98.2669,99.5659,458597
2019-04-15,99.674,99.9793,98.9655,99.3587,467613
2019-04-16,99.3399,99.4182,96.0892,96.3402,411070
2019-04-17,96.4533,96.5311,94.4744,94.8434,732547
2019-04-18,94.9094,96.473,94.8434,96.3214,501087
2019-04-22,95.9357,96.167,93.5956,95.0609,501959
2019-04-23,95.427,96.7249,95.1465,96.3313,489453
2019-04-24,96.7151,97.6844,96.2821,97.6057,363569
2019-04-25,97.1461,97.8211,96.7052,97.6253,267058
2019-04-26,98.0701,98.6311,97.4098,98.4933,423978
2019-04-29,98.3752,98.69,97.1461,97.2327,332255
2019-04-30,97.3498,99.0148,96.841,98.9066,640085
2019-05-01,98.9951,99.9694,98.4637,98.7589,552464
2019-05-02,99.1823,99.9893,98.1193,99.0542,667971
2019-05-03,99.0935,99.8614,98.4637,99.3002,445126
2019-05-06,98.9755,99.556,98.2865,99.2804,325605
2019-05-07,99.2021,99.2219,97.0772,97.6155,435281
2019-05-08,98.6704,99.2219,98.011,98.4834,647693
2019-05-09,98.4735,99.4281,97.9521,99.123,747520
2019-05-10,99.2021,100.54,98.6802,100.363,367148
2019-05-13,99.4678,100.934,99.4678,100.403,677209
2019-05-14,100.55,101.258,100.294,100.767,770422
2019-05-15,100.816,101.927,100.589,101.829,428397
2019-05-16,101.77,102.862,101.544,102.587,470846
2019-05-17,102.163,104.083,101.75,103.985,838914
2019-05-20,104.368,104.664,102.243,102.715,389476
2019-05-21,103.069,103.748,102.892,103.06,399670
2019-05-22,103.108,103.767,102.715,103.463,417762
2019-05-23,103.296,103.915,103.05,103.915,404759
2019-05-24,104.151,104.574,103.63,103.787,363318
2019-05-28,104.201,104.752,102.38,102.38,699401
2019-05-29,102.508,102.685,101.2,101.662,619433
2019-05-30,101.8,102.784,101.494,102.439,412231
2019-05-31,102.371,103.905,101.997,103.226,443477
2019-06-03,103.394,103.875,102.764,103.649,439430
2019-06-04,103.512,103.62,101.632,102.744,553110
2019-06-05,103.364,105.795,102.695,105.677,371415
2019-06-06,105.785,106.376,105.155,106.228,336030
2019-06-07,106.562,107.291,106.051,106.051,371514
2019-06-10,105.972,106.011,104.732,105.854,243930
2019-06-11,106.001,106.13,104.752,105.825,444078
2019-06-12,105.923,106.73,105.559,106.169,423532
2019-06-13,106.277,106.69,106.051,106.69,443704
2019-06-14,106.985,107.193,105.982,106.464,504810
2019-06-17,106.848,107.891,106.612,107.399,408597
2019-06-18,107.93,107.93,106.11,106.464,453964
2019-06-19,106.572,108.236,105.923,107.743,415801
2019-06-20,108.136,108.599,107.99,108.452,789358
2019-06-21,108.018,108.018,105.589,107.635,1728115
2019-06-24,108.088,108.472,106.907,107.409,524677
2019-06-25,107.537,108.816,106.021,106.149,650143
2019-06-26,106.13,106.13,103.354,104.299,739707
2019-06-27,104.712,105.834,104.712,105.136,527523
2019-06-28,104.9,107.301,104.9,106.434,926836
2019-07-01,107.133,107.537,105.214,107.143,759676
2019-07-02,107.487,109.662,107.311,108.963,814086
2019-07-03,109.308,110.528,109.141,109.868,275745
2019-07-05,109.18,109.859,107.625,109.603,313492
2019-07-08,109.593,110.637,109.426,110.41,417440
2019-07-09,109.977,110.893,109.702,110.705,403011
2019-07-10,111.069,111.965,110.144,111.68,580087
2019-07-11,111.778,111.778,109.652,110.253,697108
2019-07-12,110.519,110.675,109.702,109.958,450308
2019-07-15,110.184,111.109,109.652,110.204,482171
2019-07-16,110.204,110.42,109.279,110.312,396921
2019-07-17,110.43,110.893,109.18,110.095,381336
2019-07-18,109.918,110.893,109.033,110.637,321248
2019-07-19,110.695,111.089,108.383,108.462,549265
2019-07-22,108.708,108.875,107.576,107.862,559287
2019-07-23,108.118,108.767,107.497,108.54,815474
2019-07-24,108.953,108.953,107.684,108.146,878790
2019-07-25,107.891,108.432,107.291,108.088,725562
2019-07-26,108.264,108.983,107.537,108.186,780561
2019-07-29,108.599,109.672,108.156,108.57,568584
2019-07-30,108.57,109.722,107.96,108.609,433307
2019-07-31,108.56,109.19,107.291,107.369,921988
2019-08-01,107.714,110.853,106.661,109.996,1010756
2019-08-02,110.371,111.63,109.495,110.775,798044
2019-08-05,110.843,110.843,105.834,107.084,1298443
2019-08-06,107.458,110.046,107.221,109.78,897278
2019-08-07,109.623,111.827,108.324,110.735,792070
2019-08-08,110.803,112.397,109.642,112.122,591017
2019-08-09,111.896,112.89,111.296,112.781,494171
2019-08-12,112.742,114.159,112.437,113.185,328818
2019-08-13,113.312,113.422,111.434,113.214,663027
2019-08-14,113.047,113.52,111.572,111.718,888341
2019-08-15,111.975,113.322,111.738,112.555,708912
2019-08-16,113.195,114.11,112.624,113.156,708542
2019-08-19,113.54,115.586,112.9,115.094,626092
2019-08-20,115.547,115.753,114.051,114.179,379539
2019-08-21,114.425,114.868,113.559,114.612,293013
2019-08-22,114.77,115.763,114.582,115.665,446192
2019-08-23,115.685,116.039,113.372,113.716,545427
2019-08-26,114.415,114.926,113.628,114.838,396358
2019-08-27,115.291,115.547,114.002,114.021,588450
2019-08-28,114.267,115.32,113.963,115.192,515944
2019-08-29,115.921,116.236,114.661,115.625,405304
2019-08-30,115.911,115.989,115.036,115.419,467295
2019-09-03,115.064,116.984,115.064,116.502,523647
2019-09-04,117.2,117.505,116.432,117.121,462496
2019-09-05,116.639,117.052,115.733,116.934,387247
2019-09-06,117.21,117.781,116.934,117.367,415727
2019-09-09,117.357,117.997,116.728,117.052,587260
2019-09-10,116.511,116.56,114.011,116.56,501028
2019-09-11,116.117,117.121,115.114,117.121,561511
2019-09-12,118.046,118.696,116.492,117.21,453118
2019-09-13,116.876,117.653,115.291,115.685,479786
2019-09-16,115.881,116.954,115.743,116.678,1013093
2019-09-17,117.21,118.145,117.141,118.135,797849
2019-09-18,118.745,118.745,117.111,118.135,443618
2019-09-19,118.46,118.696,117.741,118.272,371310
2019-09-20,118.38,118.38,117.092,117.573,941698
2019-09-23,117.2,118.588,116.974,117.653,357724
2019-09-24,117.731,118.932,117.18,117.741,603243
2019-09-25,117.741,118.646,117.603,118.342,385820
2019-09-26,118.794,119.187,118.588,118.853,612336
2019-09-27,119.217,119.217,117.958,118.745,440625
2019-09-30,118.49,119.424,118.41,118.45,731143
2019-10-01,118.282,118.814,116.806,118.43,539177
2019-10-02,118.352,118.991,118.027,118.922,508116
2019-10-03,118.794,120.762,118.656,119.405,734980
2019-10-04,119.473,120.693,119.473,120.674,656088
2019-10-07,119.994,121.421,119.778,120.9,390309
2019-10-08,120.989,121.874,119.975,120.871,449652
2019-10-09,121.392,122.228,121.019,121.146,344114
2019-10-10,120.861,122.09,120.418,121.589,365395
2019-10-11,121.658,121.707,120.221,120.959,533389
2019-10-14,121.137,121.766,120.959,121.697,326866
2019-10-15,121.766,122.248,120.969,122.218,524171
2019-10-16,122.012,122.475,121.146,122.435,528285
2019-10-17,122.317,123.566,122.042,123.065,536130
2019-10-18,123.085,124.363,122.711,124.039,465569
2019-10-21,123.97,125.663,123.793,125.594,596263
2019-10-22,125.663,126.175,125.072,125.161,692426
2019-10-23,125.17,125.436,123.439,124.757,577606
2019-10-24,124.639,125.702,123.872,124.954,576006
2019-10-25,124.718,124.718,123.774,124.335,350082
2019-10-28,124.01,124.344,123.33,123.842,324942
2019-10-29,124.0,124.728,123.812,124.275,343666
2019-10-30,124.363,125.506,124.088,125.506,463972
2019-10-31,125.614,128.566,125.496,127.542,823828
2019-11-01,127.965,128.605,126.873,127.699,631074
2019-11-04,127.316,127.739,126.814,127.699,649406
2019-11-05,127.218,127.286,123.153,124.491,1024566
2019-11-06,124.738,126.027,124.738,125.18,808737
2019-11-07,124.373,124.777,122.632,124.137,676055
2019-11-08,124.049,124.561,122.897,122.977,529304
2019-11-11,122.376,123.311,121.786,121.962,682701
2019-11-12,122.09,122.859,120.398,120.762,951960
2019-11-13,121.402,123.822,121.254,123.547,773906
2019-11-14,124.167,125.486,123.882,125.466,714968
2019-11-15,125.83,126.952,125.288,126.942,743995
2019-11-18,127.168,127.799,126.204,126.332,629538
2019-11-19,126.726,126.726,125.466,126.086,556725
2019-11-20,126.381,126.902,125.81,126.135,524596
2019-11-21,125.82,125.83,124.157,124.236,552454
2019-11-22,124.501,124.876,122.661,123.321,431386
2019-11-25,123.675,124.501,122.741,123.124,518154
2019-11-26,124.098,125.81,123.606,125.781,1419577
2019-11-27,125.781,125.939,124.954,125.82,552367
2019-11-29,125.859,126.421,124.777,124.905,260588
2019-12-02,124.777,124.994,122.613,122.661,485416
2019-12-03,122.701,123.793,122.651,123.095,536439
2019-12-04,122.849,124.639,122.514,123.646,695540
2019-12-05,123.262,123.892,122.859,123.892,529908
2019-12-06,124.078,124.708,123.636,123.684,532288
2019-12-09,123.892,124.147,122.356,123.892,505948
2019-12-10,123.724,124.098,121.668,122.445,792290
2019-12-11,123.321,123.704,120.122,120.811,700315
2019-12-12,120.556,121.175,118.824,119.985,899622
2019-12-13,120.221,121.127,118.243,119.758,977076
2019-12-16,119.758,119.994,118.204,119.798,683694
2019-12-17,119.778,120.152,117.239,117.535,997139
2019-12-18,117.918,118.735,117.338,118.253,992231
2019-12-19,118.312,119.021,117.987,118.676,893296
2019-12-20,118.971,119.827,118.598,119.365,1339074
2019-12-23,119.699,119.827,118.125,118.42,439139
2019-12-24,118.636,118.932,118.115,118.716,108731
2019-12-26,118.883,119.277,118.362,118.774,275958
2019-12-27,119.355,119.67,118.676,119.305,292194
2019-12-30,118.883,119.847,118.873,119.808,339011
2019-12-31,119.818,121.047,119.433,121.019,611302
2020-01-02,121.441,121.579,118.115,118.932,531903
2020-01-03,118.47,120.408,118.4,120.27,524463
2020-01-06,119.965,120.654,118.105,120.457,537272
2020-01-07,119.768,119.965,118.214,118.666,414916
2020-01-08,118.656,119.719,118.38,119.503,545465
2020-01-09,119.335,119.965,118.932,119.581,384773
2020-01-10,119.827,121.569,119.395,121.441,602477
2020-01-13,121.284,122.613,121.284,122.533,623408
2020-01-14,122.632,122.741,120.969,121.854,514319
2020-01-15,121.235,122.337,121.235,122.11,866229
2020-01-16,122.327,123.764,122.032,123.596,418589
2020-01-17,123.754,124.157,123.291,123.892,580793
2020-01-21,124.197,125.476,124.059,125.318,822526
2020-01-22,126.105,126.313,124.403,124.757,571967
2020-01-23,124.826,126.253,124.363,126.135,433528
2020-01-24,126.322,126.666,125.614,126.637,434988
2020-01-27,126.263,127.09,125.801,126.332,451643
2020-01-28,126.401,127.739,126.067,127.07,527117
2020-01-29,127.198,127.385,126.165,126.283,495511
2020-01-30,126.588,127.276,125.456,127.12,806993
2020-01-31,126.893,127.729,126.115,126.873,810942
2020-02-03,127.316,128.103,126.578,126.824,488528
2020-02-04,127.12,129.245,127.12,128.851,400600
2020-02-05,128.664,129.649,128.211,128.644,625266
2020-02-06,129.018,130.436,128.201,129.767,376431
2020-02-07,129.973,130.8,129.786,130.534,468718
2020-02-10,131.399,131.784,130.583,131.597,815962
2020-02-11,131.636,132.404,130.406,131.243,638008
2020-02-12,130.977,132.354,130.672,131.774,435537
2020-02-13,131.734,133.486,131.734,133.279,586049
2020-02-14,133.427,134.559,133.083,134.539,616462
2020-02-18,135.031,135.434,134.047,135.09,583425
2020-02-19,135.1,135.169,134.018,134.086,523661
2020-02-20,134.234,136.615,133.86,136.566,604100
2020-02-21,136.675,137.648,136.32,136.625,760442
2020-02-24,135.434,137.294,134.745,134.923,787541
2020-02-25,135.188,135.66,132.0,132.296,892283
2020-02-26,132.492,134.214,131.567,131.587,910401
2020-02-27,130.346,131.351,124.019,124.098,1160320
2020-02-28,121.579,122.12,116.226,119.523,1966546
2020-03-02,120.388,125.388,120.044,125.19,1074373
2020-03-03,125.436,129.255,124.491,126.922,1277353
2020-03-04,129.717,134.184,128.979,134.056,1276336
2020-03-05,132.236,134.096,130.858,133.85,992740
2020-03-06,130.819,132.728,127.434,132.502,935837
2020-03-09,126.657,128.408,123.931,124.177,1296405
2020-03-10,126.873,129.559,123.34,129.501,1477073
2020-03-11,126.726,127.238,121.776,123.784,1095251
2020-03-12,116.934,120.182,108.59,108.737,1467940
2020-03-13,114.681,117.407,108.216,116.492,1240411
2020-03-16,104.968,107.507,96.9798,97.0378,1230712
2020-03-17,99.5461,107.035,95.0982,104.644,1463870
2020-03-18,97.831,102.301,89.3987,92.5516,1209630
2020-03-19,91.784,94.6348,88.9174,91.969,924691
2020-03-20,92.2927,92.7838,79.0072,80.9024,1873142
2020-03-23,80.6722,80.8198,75.8179,78.2858,1349041
2020-03-24,81.6601,86.5597,79.8485,82.4543,1604760
2020-03-25,81.918,97.2819,81.918,90.4614,1418875
2020-03-26,90.7517,95.5706,88.9402,95.0422,1242783
2020-03-27,94.0886,103.512,92.9058,99.4777,1392323
2020-03-30,100.393,101.032,93.2148,99.0542,1232652
2020-03-31,97.831,99.6938,91.8785,95.2636,2439999
2020-04-01,90.794,91.7476,86.2084,91.2949,1378766
2020-04-02,89.4558,92.2485,85.1692,87.1443,1638647
2020-04-03,85.9781,88.9834,85.4714,87.1984,1168052
2020-04-06,91.9051,98.0701,91.6748,97.3498,1237368
2020-04-07,101.809,103.699,95.5903,95.9642,845296
2020-04-08,96.7445,103.354,95.2075,102.557,1133805
2020-04-09,103.875,110.479,103.875,107.842,1437017
2020-04-13,106.759,108.176,101.75,102.97,885523
2020-04-14,105.106,108.088,103.649,106.376,1376190
2020-04-15,102.065,103.739,100.767,102.607,934145
2020-04-16,103.01,103.325,100.333,101.062,636760
2020-04-17,103.61,106.759,102.942,105.893,688688
2020-04-20,104.201,105.195,101.18,101.21,636367
2020-04-21,98.7885,101.613,98.0799,100.323,952600
2020-04-22,101.859,103.325,100.186,101.062,713738
2020-04-23,100.639,101.219,97.2425,97.9421,746190
2020-04-24,98.5916,99.9397,97.0378,99.2903,620101
2020-04-27,99.8415,103.571,99.4083,103.266,514211
2020-04-28,105.716,108.166,104.476,104.644,880145
2020-04-29,107.173,107.92,104.368,105.126,817696
2020-04-30,103.246,104.84,102.439,104.427,664778
2020-05-01,102.075,103.187,101.622,102.281,908323
2020-05-04,100.973,103.453,99.8118,102.912,1047250
2020-05-05,104.161,106.139,103.374,104.86,893906
2020-05-06,105.431,106.562,102.547,102.636,823463
2020-05-07,103.344,108.274,101.947,106.12,991496
2020-05-08,108.128,109.308,106.051,107.812,641137
2020-05-11,106.424,107.153,104.938,105.441,996616
2020-05-12,105.864,105.864,101.356,101.446,1207084
2020-05-13,100.038,102.577,99.9694,100.855,888750
2020-05-14,98.9557,99.5659,95.9938,98.4441,1130429
2020-05-15,97.6548,99.9,95.3787,99.7136,1910901
2020-05-18,104.211,107.812,104.211,106.69,979637
2020-05-19,106.031,107.163,103.394,103.669,677253
2020-05-20,104.545,105.076,102.587,104.013,786944
2020-05-21,103.994,106.789,103.994,106.178,788507
2020-05-22,106.424,107.025,105.076,106.622,461629
2020-05-26,110.174,111.217,108.226,108.973,628655
2020-05-27,111.62,111.798,106.386,109.053,903941
2020-05-28,110.272,110.272,107.015,109.76,646069
2020-05-29,108.56,110.567,107.281,108.55,925786
2020-06-01,108.659,110.853,107.763,109.682,505956
2020-06-02,110.243,111.453,109.17,109.859,689931
2020-06-03,110.961,114.75,110.961,114.179,750522
2020-06-04,113.578,113.618,110.607,110.803,810092
2020-06-05,114.061,117.673,114.061,116.098,922746
2020-06-08,117.525,119.178,115.842,118.036,858580
2020-06-09,115.547,116.403,113.953,116.305,733689
2020-06-10,115.026,115.733,113.204,113.677,636053
2020-06-11,109.377,110.755,107.497,107.724,911019
2020-06-12,111.65,112.359,107.123,111.109,1193816
2020-06-15,107.339,111.404,106.858,110.105,1290553
2020-06-16,114.543,114.543,111.207,112.968,893716
2020-06-17,113.864,114.464,109.938,110.675,677261
2020-06-18,109.239,109.77,107.763,109.259,924053
2020-06-19,110.765,111.472,106.966,106.995,2409349
2020-06-22,106.966,108.402,105.441,106.533,710563
2020-06-23,107.497,108.472,105.716,105.923,690710
2020-06-24,104.427,104.978,100.825,103.118,863241
2020-06-25,102.41,103.985,101.8,103.885,719729
2020-06-26,103.335,104.407,102.095,102.882,787863
2020-06-29,103.847,104.26,101.484,104.043,473289
2020-06-30,104.279,107.389,104.191,106.985,1114567
2020-07-01,107.33,110.056,106.562,109.77,540300
2020-07-02,111.522,111.562,108.511,109.642,644689
2020-07-06,111.965,112.024,108.186,108.255,424889
2020-07-07,106.769,108.136,106.238,106.897,583480
2020-07-08,106.897,107.467,105.795,106.178,709651
2020-07-09,105.697,105.697,103.797,105.008,500084
2020-07-10,104.938,106.661,104.526,105.982,569084
2020-07-13,106.444,106.444,104.673,104.792,612115
2020-07-14,105.018,106.838,104.948,106.306,692992
2020-07-15,107.802,107.97,105.579,105.834,740108
2020-07-16,105.145,106.248,104.673,105.461,494947
2020-07-17,105.903,106.966,104.91,106.287,519450
2020-07-20,105.735,106.434,102.685,103.571,447246
2020-07-21,104.132,104.644,102.469,102.942,466313
2020-07-22,102.419,106.238,102.263,105.607,1045989
2020-07-23,105.323,106.12,103.935,105.096,449247
2020-07-24,105.569,105.637,104.22,104.742,471544
2020-07-27,104.319,104.319,102.666,103.847,455830
2020-07-28,103.915,106.976,103.443,106.356,546653
2020-07-29,107.103,107.783,105.381,107.241,583474
2020-07-30,106.08,111.778,106.061,110.617,910953
2020-07-31,110.174,112.201,108.018,112.191,765301
2020-08-03,111.62,111.62,108.629,110.026,570968
2020-08-04,109.603,110.833,108.255,110.066,641075
2020-08-05,110.637,110.715,108.737,109.436,305143
2020-08-06,108.953,110.056,108.599,109.662,399150
2020-08-07,109.033,110.006,108.787,109.652,482525
2020-08-10,110.086,111.444,109.514,110.194,611356
2020-08-11,111.178,112.241,109.337,109.859,596908
2020-08-12,110.262,110.617,109.259,110.233,276303
2020-08-13,109.603,111.02,108.668,108.905,413987
2020-08-14,108.777,109.406,107.605,108.128,813289
2020-08-17,108.206,109.416,107.359,109.249,301556
2020-08-18,109.456,109.682,107.724,109.279,340522
2020-08-19,109.269,109.269,106.051,106.632,662275
2020-08-20,106.208,108.501,106.208,108.098,408321
2020-08-21,108.481,108.698,106.474,108.108,327172
2020-08-24,107.97,109.043,106.218,108.905,375605
2020-08-25,108.953,109.387,108.136,109.387,357758
2020-08-26,108.717,109.495,106.622,106.985,419106
2020-08-27,107.625,109.722,107.537,109.544,351795
2020-08-28,109.77,110.321,108.432,110.292,416744
2020-08-31,109.81,110.469,109.013,110.262,511164
2020-09-01,109.662,109.81,108.068,109.712,387499
2020-09-02,109.603,111.896,108.481,111.7,926718
2020-09-03,112.299,113.746,110.174,110.921,552347
2020-09-04,111.207,112.427,109.269,111.414,507213
2020-09-08,111.059,111.306,108.264,108.895,679367
2020-09-09,109.327,111.444,108.619,109.603,519159
2020-09-10,109.465,110.519,107.605,109.603,740352
2020-09-11,109.613,109.613,108.216,109.121,617732
2020-09-14,110.134,113.038,109.603,112.644,500848
2020-09-15,112.605,113.756,111.138,111.63,327529
2020-09-16,112.437,113.48,111.04,111.266,585577
2020-09-17,110.479,111.414,108.905,110.272,690910
2020-09-18,109.495,110.489,107.95,108.186,1222519
2020-09-21,106.73,107.596,104.673,106.533,798826
2020-09-22,106.759,109.209,106.759,108.422,772686
2020-09-23,108.609,108.934,106.405,106.769,694675
2020-09-24,106.405,107.281,104.742,105.815,534058
2020-09-25,105.333,108.747,104.702,108.609,737027
2020-09-28,109.977,111.246,109.347,110.272,438593
2020-09-29,110.066,110.538,107.91,108.57,297350
2020-09-30,109.279,109.78,107.733,109.161,809046
2020-10-01,109.209,113.264,108.787,113.224,786596
2020-10-02,111.827,117.042,110.528,116.452,905778
2020-10-05,117.259,117.555,115.301,117.2,620213
2020-10-06,117.545,117.889,115.625,116.305,648628
2020-10-07,116.767,117.692,114.622,115.743,530384
2020-10-08,115.813,117.997,115.813,117.555,506268
2020-10-09,118.272,118.272,115.803,116.403,390943
2020-10-12,116.56,117.663,115.842,117.357,259688
2020-10-13,117.731,119.089,115.439,116.914,679588
2020-10-14,116.758,117.711,115.36,116.492,518619
2020-10-15,115.517,117.593,115.016,116.226,625385
2020-10-16,116.098,116.432,113.204,113.342,701286
2020-10-19,114.041,114.119,111.502,111.67,370071
2020-10-20,112.515,114.219,111.778,112.181,515733
2020-10-21,111.65,112.801,111.158,111.876,509688
2020-10-22,112.152,112.919,111.492,112.605,472323
2020-10-23,113.412,113.825,112.25,112.663,377890
2020-10-26,111.768,112.103,109.524,111.168,408246
2020-10-27,110.745,111.562,108.983,109.003,400141
2020-10-28,107.507,108.973,105.982,106.69,741219
2020-10-29,106.7,109.151,104.88,107.743,642503
2020-10-30,107.665,110.813,107.665,110.675,605678
2020-11-02,111.217,113.726,110.538,113.726,763980
2020-11-03,114.828,117.633,114.425,117.033,626747
2020-11-04,116.994,118.48,115.498,116.452,405919
2020-11-05,116.511,118.342,115.567,117.701,666273
2020-11-06,117.701,118.627,115.842,116.413,507323
2020-11-09,124.098,130.524,119.149,119.207,1276280
2020-11-10,119.631,123.538,119.365,123.508,865634
2020-11-11,124.167,124.61,122.15,124.531,719215
2020-11-12,123.803,124.01,120.939,122.189,599856
2020-11-13,122.583,126.105,122.081,125.594,572346
2020-11-16,128.605,129.333,124.531,125.544,682429
2020-11-17,124.561,125.348,123.321,124.236,508315
2020-11-18,124.501,125.24,119.631,119.641,457417
2020-11-19,118.912,120.25,117.141,119.699,729138
2020-11-20,119.493,120.024,118.558,119.739,608879
2020-11-23,120.27,120.418,117.229,117.465,760516
2020-11-24,118.804,120.821,118.48,119.463,611683
2020-11-25,119.168,119.867,118.056,118.656,445714
2020-11-27,118.42,118.42,116.383,117.673,331128
2020-11-30,117.673,119.857,116.206,119.719,2194764
2020-12-01,119.719,119.876,117.367,118.233,862824
2020-12-02,118.352,120.979,116.964,117.427,565794
2020-12-03,117.485,118.508,117.042,117.347,776323
2020-12-04,117.663,119.021,117.269,118.755,643115
2020-12-07,118.352,119.68,118.292,118.922,454153
2020-12-08,118.39,119.089,117.387,117.613,562279
2020-12-09,118.125,118.696,114.828,116.63,788114
2020-12-10,115.891,116.413,113.638,114.051,663473
2020-12-11,113.126,115.753,113.126,115.458,754917
2020-12-14,116.531,117.397,114.956,115.252,503115
2020-12-15,115.635,117.239,114.356,117.239,560599
2020-12-16,117.545,118.755,116.285,117.121,720975
2020-12-17,117.83,119.758,116.796,119.187,904221
2020-12-18,119.65,119.837,117.121,117.711,2047017
2020-12-21,116.314,118.607,116.088,118.243,899612
2020-12-22,118.243,119.001,117.269,118.883,638535
2020-12-23,119.365,119.808,116.324,116.403,635242
2020-12-24,116.776,118.253,116.698,118.243,103275
2020-12-28,118.666,119.433,117.721,118.598,485408
2020-12-29,118.716,119.867,117.161,117.909,328204
2020-12-30,118.066,119.768,117.859,118.627,347520
2020-12-31,118.322,120.496,117.583,120.221,427339
2021-01-04,120.221,120.881,115.911,116.452,740754
2021-01-05,116.354,117.505,116.107,116.413,664406
2021-01-06,116.748,118.498,116.502,118.342,734057
2021-01-07,118.076,118.932,117.161,118.194,697374
2021-01-08,118.194,118.971,117.673,118.873,809192
2021-01-11,118.636,118.932,116.885,117.869,587677
2021-01-12,117.21,118.598,116.728,118.332,626298
2021-01-13,118.498,120.595,118.243,119.965,697357
2021-01-14,120.743,123.488,119.896,123.41,1207239
2021-01-15,123.212,126.431,122.199,126.303,1009223
2021-01-19,126.499,126.696,124.363,124.964,814575
2021-01-20,124.373,127.837,123.35,127.395,516581
2021-01-21,126.558,127.759,125.466,127.68,552475
2021-01-22,127.837,129.008,126.509,128.369,532984
2021-01-25,128.044,129.127,127.208,128.083,679699
2021-01-26,128.339,129.569,128.103,129.058,550322
2021-01-27,128.113,129.156,125.426,126.037,688756
2021-01-28,126.057,128.91,125.348,127.04,664631
2021-01-29,126.479,127.611,124.216,127.01,1272596
2021-02-01,127.228,129.284,125.072,129.146,739510
2021-02-02,129.914,130.534,128.093,129.717,680206
2021-02-03,128.842,129.983,127.907,128.88,872175
2021-02-04,129.176,131.075,128.201,129.008,913269
2021-02-05,128.684,129.422,127.444,128.89,575755
2021-02-08,128.89,130.258,127.995,129.639,769146
2021-02-09,129.058,130.346,128.704,129.687,816311
2021-02-10,129.687,131.301,129.018,130.406,644029
2021-02-11,130.564,132.05,129.639,132.0,750116
2021-02-12,131.823,132.423,131.026,132.168,527631
2021-02-16,132.414,132.502,130.612,132.462,642810
2021-02-17,132.748,132.787,131.153,131.764,392790
2021-02-18,131.833,132.158,130.494,131.311,376728
2021-02-19,131.784,132.246,131.075,131.616,464499
2021-02-22,131.597,133.093,130.436,132.689,906441
2021-02-23,133.663,136.447,133.309,136.153,861876
2021-02-24,136.349,136.792,134.283,134.441,732529
2021-02-25,134.322,135.848,131.311,131.941,605160
2021-02-26,131.872,132.286,128.772,128.9,886313
2021-03-01,130.15,132.059,129.619,129.687,1455830
2021-03-02,129.245,130.957,128.201,129.451,960816
2021-03-03,129.451,130.278,128.231,128.782,831793
2021-03-04,128.95,129.441,125.761,126.962,926086
2021-03-05,127.346,128.408,126.175,128.123,933160
2021-03-08,128.428,130.346,127.296,128.418,714929
2021-03-09,128.664,131.105,128.586,128.9,460391
2021-03-10,128.408,130.022,127.12,128.998,536557
2021-03-11,129.008,131.449,128.674,130.652,411508
2021-03-12,131.321,135.65,131.075,135.641,953953
2021-03-15,135.523,139.991,134.559,138.711,793420
2021-03-16,138.859,139.449,136.812,138.141,566050
2021-03-17,138.357,139.242,136.645,139.184,553390
2021-03-18,138.75,140.305,137.953,140.079,713442
2021-03-19,139.911,140.158,135.218,135.395,1554952
2021-03-22,135.021,137.166,134.943,136.595,763329
2021-03-23,136.812,138.878,136.301,138.485,861241
2021-03-24,137.767,140.246,137.166,138.091,868466
2021-03-25,138.219,139.931,136.31,139.538,508572
2021-03-26,139.538,142.47,138.82,142.155,468360
2021-03-29,141.919,142.431,139.715,141.112,446285
2021-03-30,140.964,141.959,140.001,140.964,336288
2021-03-31,140.059,141.152,137.264,138.121,1113608
2021-04-01,138.052,140.424,137.422,140.295,868260
2021-04-05,140.866,141.201,138.052,140.237,666864
2021-04-06,140.099,141.447,139.803,140.866,665555
2021-04-07,141.437,142.175,140.119,141.88,668255
2021-04-08,141.545,142.844,139.961,140.079,615326
2021-04-09,140.089,141.26,139.764,140.502,495395
2021-04-12,140.808,141.378,139.853,140.935,745417
2021-04-13,140.266,142.264,140.266,142.155,466653
2021-04-14,141.615,142.5,141.467,142.146,439874
2021-04-15,142.598,144.104,142.106,144.064,562952
2021-04-16,145.157,145.826,144.418,145.491,744939
2021-04-19,145.884,146.741,144.733,146.269,613832
2021-04-20,146.269,149.27,145.786,149.024,497849
2021-04-21,149.546,151.474,148.217,150.687,599912
2021-04-22,150.776,151.887,149.811,149.831,412452
2021-04-23,150.441,150.648,149.368,149.506,366089
2021-04-26,149.811,150.658,149.004,149.546,414064
2021-04-27,149.752,149.959,148.906,149.506,342194
2021-04-28,149.506,149.801,148.217,148.395,520855
2021-04-29,148.768,150.539,148.237,149.792,577716
2021-04-30,149.348,151.809,149.23,151.573,667724
2021-05-03,152.055,152.547,150.117,150.834,639304
2021-05-04,150.904,151.967,149.88,150.687,742362
2021-05-05,150.018,150.018,146.436,147.145,934861
2021-05-06,147.498,150.461,147.498,150.333,629245
2021-05-07,149.979,151.632,149.122,151.278,570280
2021-05-10,152.143,154.643,152.143,153.551,556517
2021-05-11,153.393,153.393,150.303,151.927,504733
2021-05-12,152.508,152.792,148.679,148.867,404752
2021-05-13,149.27,151.897,148.641,150.323,519823
2021-05-14,150.844,152.075,150.687,151.012,731694
2021-05-17,151.533,152.439,150.844,151.435,631463
2021-05-18,151.533,152.291,150.933,151.612,1023220
2021-05-19,150.746,150.844,148.443,149.979,501054
2021-05-20,149.989,152.684,149.801,152.173,567459
2021-05-21,152.133,153.216,151.032,151.297,1340946
2021-05-24,152.065,154.24,152.065,153.551,670380
2021-05-25,153.541,154.584,152.94,153.709,446635
2021-05-26,153.619,155.273,153.354,154.161,448479
2021-05-27,154.171,154.378,152.39,152.576,909823
2021-05-28,153.737,155.519,153.01,154.82,525890
2021-06-01,154.387,157.093,153.935,156.935,607299
2021-06-02,157.516,159.848,157.103,159.682,495838
2021-06-03,159.179,159.179,157.379,157.782,562449
2021-06-04,159.682,160.479,157.792,159.474,588101
2021-06-07,159.927,160.577,159.209,160.045,507734
2021-06-08,160.213,162.073,160.213,161.286,776143
2021-06-09,161.57,162.87,161.088,162.505,586195
2021-06-10,162.899,166.019,162.269,165.261,465524
2021-06-11,165.024,165.418,163.873,165.281,555876
2021-06-14,165.241,165.369,164.247,165.32,390887
2021-06-15,164.68,165.615,164.208,164.612,492936
2021-06-16,165.034,165.379,163.194,163.47,461121
2021-06-17,163.647,164.405,162.083,163.627,1018832
2021-06-18,163.48,163.903,161.414,161.708,1725863
2021-06-21,162.417,165.172,162.112,164.72,712771
2021-06-22,164.916,165.143,163.273,163.312,565837
2021-06-23,162.998,163.873,162.663,163.244,525040
2021-06-24,163.785,164.385,162.053,163.391,855520
2021-06-25,163.224,164.001,162.643,163.923,756395
2021-06-28,164.208,164.257,162.437,163.863,411218
2021-06-29,163.362,164.346,162.998,163.637,514359
2021-06-30,163.765,164.7,161.758,162.249,782347
2021-07-01,162.043,164.444,161.817,163.234,633835
2021-07-02,163.991,165.034,163.558,164.69,446248
2021-07-06,165.084,167.947,163.647,167.603,554529
2021-07-07,167.583,170.515,166.363,169.669,690885
2021-07-08,168.951,171.332,168.636,171.244,551098
2021-07-09,172.327,174.187,171.067,174.078,500064
2021-07-12,174.078,175.997,173.734,175.819,564567
2021-07-13,175.662,176.065,173.182,174.039,412954
2021-07-14,174.039,176.834,174.039,176.734,370601
2021-07-15,176.528,178.172,176.183,177.847,291804
2021-07-16,178.378,179.874,178.221,178.969,396689
2021-07-19,177.768,178.28,175.603,177.296,557438
2021-07-20,178.358,181.527,176.518,180.819,564475
2021-07-21,180.592,181.507,179.815,179.982,339415
2021-07-22,179.599,180.218,178.684,179.579,873112
2021-07-23,180.326,182.068,179.746,181.764,586369
2021-07-26,181.232,181.93,179.913,180.986,329246
2021-07-27,180.642,183.308,179.697,182.354,534821
2021-07-28,182.708,183.072,181.203,181.852,871310
2021-07-29,183.898,188.366,183.043,187.008,734175
2021-07-30,186.713,190.324,185.975,187.096,684417
2021-08-02,187.894,189.725,187.559,189.084,639748
2021-08-03,185.218,186.94,184.932,185.492,1288542
2021-08-04,186.417,186.555,183.81,184.341,983005
2021-08-05,185.798,186.271,182.875,185.522,508691
2021-08-06,186.201,186.359,184.745,185.129,433544
2021-08-09,184.814,184.823,183.043,183.918,299960
2021-08-10,184.066,184.391,179.018,179.381,820986
2021-08-11,180.07,181.882,179.637,180.366,403117
2021-08-12,180.681,181.203,179.775,180.572,552207
2021-08-13,180.877,182.6,180.514,182.452,333394
2021-08-16,182.659,184.745,182.344,183.652,406822
2021-08-17,182.945,183.76,181.557,183.348,402622
2021-08-18,182.285,183.101,179.844,180.887,684769
2021-08-19,180.08,182.442,179.835,182.432,321936
2021-08-20,182.452,184.647,180.681,184.361,892486
2021-08-23,184.371,185.276,182.304,182.689,527107
2021-08-24,182.541,183.003,179.992,180.474,452648
2021-08-25,180.563,183.269,179.894,181.764,380502
2021-08-26,182.058,183.652,181.616,183.101,326546
2021-08-27,184.096,184.883,183.249,183.328,379503
2021-08-30,183.614,186.723,183.229,186.634,415729
2021-08-31,186.379,187.116,185.326,186.379,712717
2021-09-01,186.812,190.522,186.457,190.069,667056
2021-09-02,190.836,191.357,188.199,190.167,708048
2021-09-03,189.675,190.423,187.382,190.039,543877
2021-09-07,189.901,189.901,185.138,186.427,537766
2021-09-08,185.512,189.911,185.512,189.38,452633
2021-09-09,188.681,189.341,185.808,185.896,330860
2021-09-10,186.251,186.251,183.564,183.594,357450
2021-09-13,185.444,186.024,183.712,184.204,343243
2021-09-14,184.302,186.309,184.223,185.62,551856
2021-09-15,185.818,187.805,185.011,185.208,575255
2021-09-16,185.109,186.526,183.436,185.404,415652
2021-09-17,184.971,185.512,181.626,181.645,1208912
2021-09-20,180.356,183.594,179.628,182.255,649565
2021-09-21,183.544,184.499,182.128,182.166,411614
2021-09-22,183.652,185.286,183.141,184.361,709594
2021-09-23,185.129,186.743,184.715,185.276,391709
2021-09-24,184.489,186.015,183.239,183.397,407538
2021-09-27,183.83,185.572,180.248,180.316,429738
2021-09-28,179.146,181.527,177.995,180.789,467085
2021-09-29,181.754,184.745,181.754,184.046,394418
2021-09-30,184.981,185.001,180.877,180.937,675497
2021-10-01,182.176,184.371,179.559,183.338,384295
2021-10-04,182.973,185.62,181.527,184.647,579178
2021-10-05,185.492,185.492,182.226,183.77,576201
2021-10-06,182.925,186.191,179.569,186.123,447261
2021-10-07,187.402,188.297,185.218,185.877,388744
2021-10-08,185.474,187.54,184.775,185.237,387749
2021-10-11,185.227,186.339,183.574,185.119,288410
2021-10-12,186.281,188.366,184.952,187.52,388665
2021-10-13,185.572,190.196,185.572,190.069,390321
2021-10-14,191.072,193.611,190.295,193.533,345036
2021-10-15,194.526,194.861,191.289,192.42,330337
2021-10-18,191.535,193.906,190.659,193.395,297485
2021-10-19,193.966,194.222,191.613,192.076,240873
2021-10-20,192.046,194.536,192.046,194.457,305134
2021-10-21,194.703,194.703,193.237,194.408,271777
2021-10-22,194.989,197.213,194.989,196.573,257033
2021-10-25,196.751,197.4,195.009,196.042,381584
2021-10-26,196.515,197.951,194.467,197.4,413737
2021-10-27,197.941,200.263,197.478,198.718,504145
2021-10-28,198.669,202.281,197.676,200.912,474817
2021-10-29,200.676,201.513,198.079,198.906,723304
2021-11-01,199.28,199.28,192.244,196.13,702622
2021-11-02,196.888,198.778,196.15,198.147,508176
2021-11-03,198.374,199.23,196.967,198.118,518924
2021-11-04,198.383,198.433,193.67,195.264,391253
2021-11-05,196.465,198.109,195.924,197.095,397589
2021-11-08,197.646,197.646,194.911,196.515,332663
2021-11-09,196.917,197.616,195.973,197.282,275625
2021-11-10,196.751,198.118,194.801,197.518,470898
2021-11-11,197.458,198.246,196.258,198.197,345736
2021-11-12,198.679,200.618,197.754,199.703,322908
2021-11-15,200.087,200.794,198.315,200.746,394455
2021-11-16,200.746,201.444,198.059,199.2,419407
2021-11-17,198.355,199.24,192.775,198.984,442566
2021-11-18,199.732,200.628,198.227,198.738,374056
2021-11-19,199.2,199.348,195.786,196.101,600081
2021-11-22,196.367,200.027,195.117,197.046,562730
2021-11-23,197.882,202.123,196.977,201.729,558072
2021-11-24,201.641,205.617,201.641,205.075,537155
2021-11-26,201.523,204.19,198.275,198.275,485577
2021-11-29,199.663,205.686,198.797,204.544,1000519
2021-11-30,203.255,206.453,200.598,200.894,2412538
2021-12-01,201.927,203.471,195.983,196.101,1037865
2021-12-02,197.518,204.052,197.075,202.556,544410
2021-12-03,203.383,204.889,200.037,202.035,633275
2021-12-06,204.15,205.872,202.616,202.9,470706
2021-12-07,204.366,209.424,202.96,209.415,993833
2021-12-08,209.946,213.174,209.562,212.485,802378
2021-12-09,212.131,213.194,210.331,210.429,660309
2021-12-10,211.915,211.915,208.903,210.832,567068
2021-12-13,209.917,213.794,208.736,212.76,705103
2021-12-14,212.76,212.76,209.444,211.649,797684
2021-12-15,212.495,217.376,212.495,216.422,587981
2021-12-16,216.224,217.366,214.68,217.091,1007635
2021-12-17,217.405,219.009,213.685,214.414,1723869
2021-12-20,212.78,214.955,210.203,212.86,505311
2021-12-21,213.292,214.286,211.55,212.712,501507
2021-12-22,213.449,216.48,212.81,216.412,429034
2021-12-23,217.149,217.996,213.794,215.339,260494
2021-12-27,216.146,218.833,215.054,218.783,354635
2021-12-28,218.763,220.18,217.918,219.826,383337
2021-12-29,220.427,222.591,218.508,222.365,401525
2021-12-30,222.159,224.047,221.558,222.985,400573
2021-12-31,223.084,225.603,223.064,223.477,425220
2022-01-03,223.467,224.707,216.953,220.249,664543
2022-01-04,221.115,224.412,220.623,221.48,514241
2022-01-05,220.928,222.031,217.347,217.415,393724
2022-01-06,217.828,218.567,214.089,215.152,436333
2022-01-07,214.168,214.316,210.477,210.783,560062
2022-01-10,209.297,211.669,206.935,209.11,869769
2022-01-11,208.903,209.228,204.613,208.028,675844
2022-01-12,207.722,212.337,207.299,211.088,740030
2022-01-13,211.737,215.693,210.901,214.286,719959
2022-01-14,213.883,214.227,208.637,210.567,486540
2022-01-18,208.933,210.271,206.797,209.642,620575
2022-01-19,210.734,212.19,204.632,204.751,713068
2022-01-20,201.917,204.937,199.23,199.643,729162
2022-01-21,201.031,201.582,197.902,198.61,610377
2022-01-24,197.4,199.152,191.82,198.521,778074
2022-01-25,195.776,197.292,192.755,194.989,1445570
2022-01-26,195.934,200.628,193.119,194.792,894360
2022-01-27,195.628,198.227,191.063,191.978,649988
2022-01-28,192.116,200.49,189.823,200.44,708945
2022-01-31,199.338,202.734,197.213,202.32,667267
2022-02-01,202.526,203.491,198.659,200.922,668469
2022-02-02,201.631,210.193,200.884,207.555,822664
2022-02-03,207.516,211.374,203.954,208.519,544380
2022-02-04,207.004,211.383,204.928,208.047,638309
2022-02-07,208.569,210.34,205.39,205.892,596670
2022-02-08,205.528,207.181,203.845,205.183,566173
2022-02-09,208.273,212.633,208.273,211.973,646213
2022-02-10,208.391,211.256,206.04,207.033,774746
2022-02-11,206.768,210.123,204.908,206.384,563070
2022-02-14,205.557,208.008,202.379,203.196,552142
2022-02-15,204.504,206.07,203.205,203.954,385572
2022-02-16,204.348,205.291,201.267,204.258,367387
2022-02-17,203.816,204.092,200.273,200.766,442348
2022-02-18,200.884,202.616,199.516,200.125,422971
2022-02-22,200.578,202.488,198.531,201.464,517604
2022-02-23,202.271,203.451,197.292,197.558,383476
2022-02-24,195.363,200.421,192.942,200.007,755071
2022-02-25,200.578,205.587,199.732,205.479,563130
2022-02-28,202.684,203.323,197.577,200.293,983054
2022-03-01,201.799,202.792,198.187,199.328,648077
2022-03-02,201.04,204.238,200.736,203.413,578133
2022-03-03,205.007,205.882,202.005,205.734,522056
2022-03-04,203.423,209.917,202.379,209.74,598483
2022-03-07,210.143,211.698,207.014,207.575,630246
2022-03-08,207.712,207.86,202.704,203.786,612034
2022-03-09,207.319,210.911,205.99,207.23,693178
2022-03-10,205.686,206.995,204.338,206.709,637285
2022-03-11,207.644,209.543,203.589,204.072,466447
2022-03-14,206.364,206.364,199.879,201.08,473070
2022-03-15,202.97,203.225,199.112,201.238,654100
2022-03-16,202.684,204.957,199.024,203.451,584689
2022-03-17,201.887,205.607,201.887,205.233,418211
2022-03-18,206.571,206.571,201.877,202.408,1371233
2022-03-21,202.674,203.481,201.257,202.616,1080767
2022-03-22,203.737,203.737,198.659,201.139,724095
2022-03-23,200.588,201.11,198.355,198.935,629347
2022-03-24,198.827,201.297,198.128,200.874,576545
2022-03-25,202.143,202.734,200.185,202.005,1289041
2022-03-28,203.078,205.952,201.877,205.263,1329329
2022-03-29,207.958,209.602,206.286,209.061,1155817
2022-03-30,208.303,208.549,205.833,208.519,572138
2022-03-31,209.464,210.517,204.987,205.026,890095
2022-04-01,206.226,209.169,204.623,208.815,743869
2022-04-04,208.864,209.642,203.865,206.414,671958
2022-04-05,204.937,211.442,204.937,206.817,708834
2022-04-06,207.368,213.046,205.695,212.682,937079
2022-04-07,211.246,212.642,209.051,211.511,701012
2022-04-08,210.449,210.95,207.24,209.809,827957
2022-04-11,210.251,210.862,202.32,203.481,1222328
2022-04-12,203.403,205.469,202.074,203.285,671782
2022-04-13,202.772,204.338,200.696,202.871,440073
2022-04-14,203.541,204.268,201.837,202.113,797861
2022-04-18,201.946,202.852,198.807,199.939,443686
2022-04-19,200.903,204.613,200.844,204.2,483745
2022-04-20,204.8,208.136,204.8,207.132,757586
2022-04-21,208.401,211.669,207.093,209.071,1220184
2022-04-22,209.268,209.268,203.619,203.767,701727
2022-04-25,203.196,204.416,197.907,201.749,583057
2022-04-26,201.563,202.782,200.077,200.155,410999
2022-04-27,200.195,203.531,198.63,199.24,606804
2022-04-28,199.811,204.303,198.659,202.842,726919
2022-04-29,202.438,204.111,192.952,193.542,1118700
2022-05-02,194.477,195.373,181.773,186.762,818293
2022-05-03,187.323,189.607,185.414,186.703,552555
2022-05-04,186.703,187.569,181.788,187.264,732320
2022-05-05,187.196,187.717,181.883,183.387,609086
2022-05-06,182.048,183.131,179.504,181.606,571279
2022-05-09,179.756,180.71,174.068,174.708,479225
2022-05-10,176.764,178.181,171.303,171.5,799854
2022-05-11,171.874,176.193,171.558,174.275,828774
2022-05-12,174.629,175.701,172.11,174.521,765871
2022-05-13,175.583,176.942,172.848,176.892,580288
2022-05-16,177.325,177.995,174.049,174.265,643875
2022-05-17,175.701,176.253,172.681,173.734,787548
2022-05-18,174.068,174.826,169.689,170.348,768564
2022-05-19,169.748,171.322,168.646,170.693,921782
2022-05-20,172.395,172.701,169.807,172.513,1119502
2022-05-23,174.353,176.188,171.681,175.318,632105
2022-05-24,175.17,177.906,173.498,177.541,785655
2022-05-25,176.98,179.037,175.927,177.777,753947
2022-05-26,179.165,179.953,177.084,177.571,608099
2022-05-27,177.777,181.832,177.777,180.887,979529
2022-05-31,178.732,180.061,177.759,178.112,1086644
2022-06-01,178.368,179.254,174.137,176.902,1000731
2022-06-02,176.479,178.339,173.625,178.053,640725
2022-06-03,176.824,178.024,175.092,176.272,413992
2022-06-06,176.882,177.128,171.303,171.47,658066
2022-06-07,171.027,175.239,170.437,175.082,525677
2022-06-08,174.609,174.609,169.964,170.988,491887
2022-06-09,171.007,171.057,166.038,166.235,534675
2022-06-10,164.336,167.214,163.146,165.477,575560
2022-06-13,162.535,164.046,157.369,158.254,541137
2022-06-14,158.648,159.957,156.641,157.477,568859
2022-06-15,158.737,161.659,156.321,159.819,816278
2022-06-16,156.965,160.026,156.473,159.051,625078
2022-06-17,159.829,162.88,159.317,159.947,1316468
2022-06-21,160.892,163.805,160.527,161.069,557646
2022-06-22,159.396,165.202,159.396,163.46,831823
2022-06-23,164.532,167.76,164.346,167.415,696372
2022-06-24,168.066,169.964,166.678,169.778,975133
2022-06-27,169.394,173.797,168.774,170.86,533634
2022-06-28,171.48,173.398,170.25,170.496,570487
2022-06-29,169.345,171.067,168.444,170.427,505574
2022-06-30,169.679,174.452,168.38,171.884,1043230
2022-07-01,171.608,173.025,169.669,172.651,632332
2022-07-05,171.53,171.962,166.402,169.099,657034
2022-07-06,170.191,171.347,168.44,169.01,735385
2022-07-07,169.551,170.545,167.603,168.272,563533
2022-07-08,167.888,169.718,166.304,167.121,513557
2022-07-11,166.59,167.731,165.693,166.658,266792
2022-07-12,165.32,168.675,165.32,166.894,600919
2022-07-13,165.33,167.17,163.317,166.146,380242
2022-07-14,163.47,165.334,163.232,163.866,445596
2022-07-15,166.206,167.425,164.372,166.047,492624
2022-07-18,166.602,167.495,164.322,165.006,498796
2022-07-19,166.355,170.003,165.403,169.517,872018
2022-07-20,169.101,171.024,168.238,169.963,467523
2022-07-21,169.725,171.336,169.289,170.915,590402
2022-07-22,171.55,174.007,170.449,172.551,481855
2022-07-25,172.184,173.919,171.024,171.748,476445
2022-07-26,171.341,173.086,171.341,172.204,375598
2022-07-27,172.204,174.608,171.629,174.484,723290
2022-07-28,173.245,182.584,172.918,182.405,885341
2022-07-29,184.051,185.419,182.227,184.13,755414
2022-08-01,182.96,183.981,180.075,180.333,772983
2022-08-02,179.887,181.003,177.2,177.369,929882
2022-08-03,177.894,180.115,176.164,176.516,625024
2022-08-04,175.971,177.557,173.26,177.23,719726
2022-08-05,176.407,178.152,174.395,177.994,424643
2022-08-08,179.431,180.75,177.83,177.994,402252
2022-08-09,178.251,179.798,178.172,179.738,563412
2022-08-10,181.771,183.674,180.809,183.149,582774
2022-08-11,183.892,184.923,182.48,182.663,362820
2022-08-12,183.902,186.331,183.902,186.172,314275
2022-08-15,186.381,187.66,185.255,187.035,301782
2022-08-16,186.182,188.532,186.004,186.936,326167
2022-08-17,185.776,188.205,185.513,187.065,371845
2022-08-18,187.372,187.848,183.724,184.091,375767
2022-08-19,183.664,184.061,181.632,182.286,516012
2022-08-22,180.968,181.344,177.627,177.766,339153
2022-08-23,177.032,177.389,172.888,174.187,333549
2022-08-24,173.869,176.338,173.82,175.436,694880
2022-08-25,176.229,176.888,174.653,176.824,546870
2022-08-26,176.576,176.576,172.283,172.382,573141
2022-08-29,171.718,171.718,168.828,168.922,601599
2022-08-30,169.18,169.321,166.146,166.365,490210
2022-08-31,167.574,167.99,163.658,164.243,1109084
2022-09-01,163.053,165.621,161.318,165.532,724603
2022-09-02,167.376,167.891,162.488,162.805,598473
2022-09-06,163.886,166.216,163.45,165.968,613817
2022-09-07,166.632,168.774,166.206,168.575,554222
2022-09-08,167.723,171.153,167.723,170.509,551495
2022-09-09,170.746,172.313,169.547,171.212,566250
2022-09-12,171.688,172.695,171.49,172.402,615129
2022-09-13,169.537,171.366,167.148,167.941,633429
2022-09-14,166.999,167.629,164.124,166.256,658247
2022-09-15,166.503,167.544,164.193,164.491,527486
2022-09-16,163.946,164.922,161.487,164.521,954780
2022-09-19,162.875,164.153,160.565,163.698,630048
2022-09-20,161.874,162.141,157.363,158.592,714620
2022-09-21,159.693,160.833,156.332,156.332,492280
2022-09-22,156.153,158.146,154.042,157.452,646179
2022-09-23,156.233,160.069,155.558,156.808,883939
2022-09-26,156.104,156.104,152.237,152.961,851121
2022-09-27,154.349,155.241,150.106,150.235,553709
2022-09-28,151.791,155.251,149.749,154.468,1254562
2022-09-29,153.358,154.408,150.661,152.297,805583
2022-09-30,153.705,155.102,152.327,153.734,1172497
2022-10-03,156.312,158.959,154.704,157.224,982777
2022-10-04,157.977,159.316,155.449,157.065,948130
2022-10-05,155.073,155.638,150.592,152.188,643624
2022-10-06,152.059,152.763,148.589,148.916,865406
2022-10-07,147.489,148.311,142.938,143.989,792992
2022-10-10,144.564,145.605,142.546,143.255,767602
2022-10-11,143.275,146.309,142.581,145.605,627270
2022-10-12,145.159,145.268,142.254,143.87,747965
2022-10-13,141.5,146.97,141.13,146.56,822149
2022-10-14,148.43,148.43,141.76,142.34,1084018
2022-10-17,145.12,149.47,144.52,149.05,1112330
2022-10-18,150.95,153.0,149.43,150.7,962707
2022-10-19,149.44,149.55,145.975,147.61,1520385
2022-10-20,148.48,149.845,147.22,147.62,951835
2022-10-21,147.65,149.73,145.83,149.53,1423693
2022-10-24,151.16,151.16,147.44,148.46,960936
2022-10-25,147.88,154.57,147.88,153.95,772874
2022-10-26,154.655,154.66,151.0601,151.66,821507
2022-10-27,155.36,157.15,151.72,154.02,1030011
2022-10-28,153.65,157.3,152.89,156.61,839171
2022-10-31,155.44,158.185,154.765,157.45,899823
2022-11-01,158.84,159.39,156.635,157.55,616999
2022-11-02,156.82,158.88,153.05,153.21,852516
2022-11-03,151.34,153.65,149.23,152.07,451412
2022-11-04,152.96,154.18,149.66,153.72,610514
2022-11-07,154.33,154.975,150.64,151.6,594625
2022-11-08,152.17,154.385,152.06,153.42,844230
2022-11-09,152.78,154.17,152.09,152.26,501500
2022-11-10,156.99,164.43,156.99,163.83,688870
2022-11-11,163.52,164.88,158.89,160.28,574370
2022-11-14,159.89,160.71,155.84,155.94,702686
2022-11-15,157.67,157.92,155.2,156.65,478174
2022-11-16,156.78,159.85,156.32,156.98,590415
2022-11-17,155.29,157.06,154.35,155.84,456167
2022-11-18,158.5,159.32,156.73,158.71,455584
2022-11-21,158.18,160.07,157.755,159.91,478917
2022-11-22,160.5,161.42,159.665,160.88,492181
2022-11-23,160.19,161.64,159.4925,161.32,560734
2022-11-25,161.67,162.54,160.36,161.46,176378
2022-11-28,160.84,161.61,157.78,158.13,605929
2022-11-29,157.87,162.28,157.62,161.92,495501
2022-11-30,160.95,164.94,159.23,164.88,749528
2022-12-01,166.18,167.36,163.05,164.22,512859
2022-12-02,162.67,164.97,161.86,164.26,515611
2022-12-05,162.61,162.895,159.11,159.4,1146166
2022-12-06,159.77,160.33,156.36,157.19,695100
2022-12-07,156.63,159.6,156.63,159.23,696260
2022-12-08,161.29,164.52,160.4,163.27,820424
2022-12-09,162.71,164.54,161.53,161.64,455308
2022-12-12,161.64,163.73,159.58,163.62,482698
2022-12-13,168.6,168.67,163.15,165.63,715453
2022-12-14,165.79,168.725,163.525,164.46,550334
2022-12-15,161.38,163.8116,159.825,161.17,595602
2022-12-16,158.63,158.77,154.98,157.6,1542209
2022-12-19,157.0,157.38,154.72,155.31,747666
2022-12-20,154.09,155.28,153.35,154.11,489532
2022-12-21,154.88,157.38,154.58,155.96,607519
2022-12-22,155.11,155.91,152.53,154.93,393087
2022-12-23,154.35,156.49,153.3815,156.35,205304
2022-12-27,156.5,157.68,155.43,156.82,349167
2022-12-28,157.21,157.755,153.58,153.89,353021
2022-12-29,155.22,158.33,154.485,157.74,370058
2022-12-30,156.93,157.66,155.2416,156.99,436120
2023-01-03,157.42,159.075,154.08,155.42,405506
2023-01-04,156.18,158.5599,156.18,157.74,598196
2023-01-05,155.96,156.29,152.16,153.01,545930
2023-01-06,153.85,159.07,153.29,158.31,336634
2023-01-09,156.95,159.11,155.54,155.76,437879
2023-01-10,155.05,156.2,153.865,154.72,622375
2023-01-11,155.57,160.95,155.57,160.6,758327
2023-01-12,159.84,162.23,158.03,160.49,824967
2023-01-13,158.71,160.62,157.52,159.91,735820
2023-01-17,159.97,162.03,159.68,161.37,543715
2023-01-18,161.54,161.96,157.6,157.7,805032
2023-01-19,157.16,159.525,155.07,155.26,827786
2023-01-20,155.19,155.76,152.66,155.46,1151665
2023-01-23,155.59,157.3,154.19,157.22,855473
2023-01-24,157.98,162.19,156.0,161.24,940546
2023-01-25,160.47,162.56,159.55,162.47,1337476
2023-01-26,163.38,164.55,162.1615,162.55,572401
2023-01-27,162.52,165.89,162.2,164.95,426809
2023-01-30,163.42,164.7777,161.67,161.75,602071
2023-01-31,161.67,167.05,160.98,166.72,913589
2023-02-01,165.48,169.72,165.0,168.44,1301544
2023-02-02,169.09,174.88,168.53,174.11,1123830
2023-02-03,172.37,173.16,167.37,173.05,1190133
2023-02-06,171.32,174.29,170.86,172.72,1047657
2023-02-07,171.45,175.04,170.21,173.43,876233
2023-02-08,172.64,174.85,171.98,174.61,584444
2023-02-09,175.52,176.36,171.01,171.54,532112
2023-02-10,170.89,171.92,169.35,171.37,621443
2023-02-13,171.49,173.43,171.49,172.21,543583
2023-02-14,171.82,173.24,170.22,170.87,443072
2023-02-15,170.0,170.71,168.84,170.32,607863
2023-02-16,168.37,169.83,166.9,168.0,917415
2023-02-17,168.19,168.62,165.08,168.34,2145592
2023-02-21,167.37,167.74,163.79,164.93,420975
2023-02-22,165.56,166.6,163.67,164.79,412355
2023-02-23,166.71,166.71,164.16,165.37,779075
2023-02-24,163.71,164.08,162.11,163.92,294933
2023-02-27,165.79,165.93,161.02,161.47,442143
2023-02-28,161.52,162.76,160.03,160.1,898551
2023-03-01,158.99,159.22,154.36,155.58,820013
2023-03-02,154.57,157.32,154.28,156.86,710819
2023-03-03,158.07,159.95,157.88,159.47,468816
2023-03-06,160.11,161.57,159.02,159.81,502019
2023-03-07,159.62,159.68,151.565,151.91,942300
2023-03-08,151.58,157.13,151.58,155.92,838703
2023-03-09,156.15,156.23,152.28,152.91,1047074
2023-03-10,153.02,153.518,147.68,149.05,1213290
2023-03-13,148.37,153.775,148.18,151.5,661184
2023-03-14,152.83,153.64,150.29,151.4,994040
2023-03-15,150.23,152.19,148.72,150.83,760062
2023-03-16,149.8,150.45,147.0,149.43,847940
2023-03-17,148.91,149.28,145.22,145.29,1025336
2023-03-20,145.32,147.205,144.28,146.56,525900
2023-03-21,147.04,147.17,142.8,144.89,1032631
2023-03-22,143.81,144.725,140.67,140.75,726845
2023-03-23,141.0,142.81,139.49,139.99,778909
2023-03-24,139.02,143.44,138.68,143.34,810820
2023-03-27,144.39,144.8,143.05,143.19,946605
2023-03-28,141.66,144.09,141.08,143.57,883397
2023-03-29,145.04,146.82,144.88,146.76,779356
2023-03-30,148.43,149.23,147.75,148.48,686207
2023-03-31,148.84,151.17,148.38,151.04,773692
2023-04-03,150.4,152.705,148.8,149.82,724071
2023-04-04,150.21,150.21,148.0,149.16,807277
2023-04-05,149.04,150.21,148.295,149.19,827083
2023-04-06,149.5,150.285,148.27,150.26,390087
2023-04-10,149.22,149.94,147.7,149.87,599215
2023-04-11,149.64,151.27,149.18,150.24,512057
2023-04-12,150.6,151.77,148.91,149.15,701567
2023-04-13,147.51,148.095,145.38,147.42,863556
2023-04-14,147.9,148.53,145.435,147.06,1198308
2023-04-17,147.43,150.24,147.23,150.19,602561
2023-04-18,149.95,150.265,148.795,149.19,600326
2023-04-19,148.0,150.805,147.5,150.58,509243
2023-04-20,149.96,150.45,148.6,149.37,553177
2023-04-21,149.9,150.24,147.71,150.13,407104
2023-04-24,150.86,150.94,149.25,149.98,771734
2023-04-25,149.68,149.98,147.84,147.84,793214
2023-04-26,147.69,149.42,146.88,147.4,688495
2023-04-27,149.34,151.82,148.915,151.32,898162
2023-04-28,151.98,154.61,151.355,153.8,627877
2023-05-01,153.93,155.04,153.0,154.5,664171
2023-05-02,153.8,154.73,149.33,150.2,750997
2023-05-03,151.51,152.25,149.43,149.58,550277
2023-05-04,149.05,151.63,148.415,149.45,385064
2023-05-05,150.06,152.63,150.06,152.39,323851
2023-05-08,151.58,152.27,151.07,151.95,369720
2023-05-09,150.8,151.68,149.2,150.8,503969
2023-05-10,152.13,152.78,150.41,151.88,605207
2023-05-11,150.52,153.25,150.435,153.13,593933
2023-05-12,153.42,153.8,152.2401,153.39,553892
2023-05-15,150.75,152.34,149.53,152.28,491100
2023-05-16,152.6,152.6,148.45,148.51,524254
2023-05-17,149.12,150.52,147.83,149.01,582237
2023-05-18,148.52,149.69,147.55,148.38,413554
2023-05-19,149.38,150.74,147.85,148.18,457359
2023-05-22,148.0,148.7,146.78,147.22,433643
2023-05-23,147.23,148.94,145.55,146.22,706128
2023-05-24,146.33,146.43,144.46,144.87,683942
2023-05-25,145.45,145.67,143.72,144.52,879114
2023-05-26,144.49,146.45,143.73,145.96,576666
2023-05-30,146.81,147.84,146.14,147.12,752952
2023-05-31,147.27,148.175,146.3,147.06,871012
2023-06-01,147.3,147.485,145.175,146.92,737194
2023-06-02,148.38,151.02,148.095,150.66,604036
2023-06-05,150.41,152.79,149.27,150.34,575037
2023-06-06,151.14,151.34,149.48,151.1,421806
2023-06-07,151.11,155.54,150.9895,154.95,518541
2023-06-08,154.25,154.25,151.495,153.05,390497
2023-06-09,153.92,154.6,153.12,154.27,496008
2023-06-12,153.97,153.97,151.5,152.73,543451
2023-06-13,151.82,153.78,151.28,153.68,513482
2023-06-14,154.35,155.11,152.47,153.4,388437
2023-06-15,153.2,154.92,152.0,154.17,549311
2023-06-16,155.23,156.47,154.26,155.29,1198265
2023-06-20,154.89,154.94,152.46,153.61,643707
2023-06-21,152.87,153.17,151.1,151.71,535387
2023-06-22,152.18,152.18,147.13,149.09,470150
2023-06-23,148.9,148.9,145.26,145.64,824298
2023-06-26,145.55,149.86,145.49,149.7,638518
2023-06-27,150.08,152.02,148.93,151.45,738609
2023-06-28,151.36,151.4775,148.65,150.27,664119
2023-06-29,149.51,152.29,149.2,152.07,421061
2023-06-30,153.65,153.89,149.82,151.86,821024
2023-07-03,151.26,154.91,151.26,153.74,201843
2023-07-05,153.01,155.19,151.88,153.63,503354
2023-07-06,151.41,154.29,148.97,153.76,575835
2023-07-07,153.36,154.27,152.79,153.17,472827
2023-07-10,152.17,153.88,151.72,153.36,536981
2023-07-11,153.93,155.76,153.36,155.67,577233
2023-07-12,157.45,158.46,156.55,157.27,1089851
2023-07-13,155.25,156.073,154.51,155.73,721624
2023-07-14,155.48,156.4,154.24,156.18,577760
2023-07-17,155.8,155.8,153.22,153.49,575487
2023-07-18,153.86,153.86,151.26,151.69,558406
2023-07-19,152.85,153.18,151.34,152.92,672869
2023-07-20,152.99,153.77,151.345,153.63,569109
2023-07-21,153.67,155.05,153.6,154.77,385968
2023-07-24,155.07,156.28,154.3,154.76,372195
2023-07-25,154.22,155.3775,151.25,151.83,514024
2023-07-26,152.12,153.97,152.1,152.92,754913
2023-07-27,152.92,153.2898,147.77,149.45,954493
2023-07-28,151.21,151.37,148.36,148.74,469754
2023-07-31,148.92,150.79,148.62,149.66,550814
2023-08-01,149.0,150.11,146.88,148.01,597471
2023-08-02,147.48,147.88,146.085,146.7,653297
2023-08-03,146.26,146.26,142.65,145.83,658184
2023-08-04,145.76,148.36,144.94,145.21,622228
2023-08-07,145.75,147.045,145.045,146.89,452551
2023-08-08,145.8,146.33,144.54,145.6,297073
2023-08-09,145.57,146.47,144.53,145.78,332279
2023-08-10,146.27,147.39,143.71,144.19,430312
2023-08-11,144.04,144.93,143.63,144.27,670233
2023-08-14,144.27,144.38,141.56,142.61,710569
2023-08-15,141.39,142.575,141.23,141.78,524648
2023-08-16,141.84,142.83,140.65,142.41,634825
2023-08-17,142.45,145.09,142.085,143.65,764134
2023-08-18,142.56,144.38,142.485,143.78,562080
2023-08-21,143.46,143.82,141.83,142.27,444883
2023-08-22,142.9,143.12,141.36,141.52,431753
2023-08-23,142.29,143.58,141.765,143.54,408860
2023-08-24,143.62,146.09,143.17,143.17,344401
2023-08-25,143.37,145.43,143.37,144.73,309254
2023-08-28,145.29,147.0,145.11,145.24,420489
2023-08-29,145.32,146.095,144.37,145.84,296319
2023-08-30,146.29,147.131,145.68,146.35,351074
2023-08-31,146.29,146.64,144.775,145.23,862566
2023-09-01,145.9,146.18,143.35,144.27,555913
2023-09-05,144.0,144.49,141.86,141.92,520463
2023-09-06,141.6,142.1699,140.27,141.13,475217
2023-09-07,140.5,142.1,139.62,140.15,730959
2023-09-08,140.45,140.45,137.4,137.9,649765
2023-09-11,138.0,138.3,136.29,136.7,531878
2023-09-12,136.18,138.5,135.5,138.41,491955
2023-09-13,138.59,138.59,136.07,136.53,655595
2023-09-14,137.81,138.97,137.2,137.97,559251
2023-09-15,137.47,138.69,137.21,138.0,970359
2023-09-18,138.01,138.01,135.5314,135.66,380704
2023-09-19,135.68,137.15,135.5688,136.38,588513
2023-09-20,137.66,138.05,136.52,136.7,305240
2023-09-21,135.85,135.85,132.04,132.18,584771
2023-09-22,132.33,132.58,130.12,130.21,697864
2023-09-25,129.73,130.59,129.18,130.48,704187
2023-09-26,129.11,130.59,129.11,130.49,1094023
2023-09-27,131.05,131.75,127.93,128.07,963188
2023-09-28,128.76,129.86,128.015,128.94,674464
2023-09-29,131.0,131.85,128.09,128.65,767857
2023-10-02,128.08,128.92,126.46,127.3,685187
2023-10-03,126.73,127.31,125.78,126.1,789908
2023-10-04,126.95,127.94,125.59,127.88,628779
2023-10-05,127.73,128.54,126.9,128.36,392044
2023-10-06,127.32,131.235,126.7,130.32,652261
2023-10-09,130.22,134.23,129.87,133.53,726092
2023-10-10,133.13,134.7,132.35,132.42,653039
2023-10-11,133.35,134.49,132.07,134.02,780415
2023-10-12,132.2,132.72,131.05,131.72,601346
2023-10-13,132.48,132.64,130.95,131.42,526780
2023-10-16,131.98,133.24,130.66,132.7,552290
2023-10-17,131.55,134.19,131.55,133.85,568140
2023-10-18,133.18,133.435,131.64,131.95,782174
2023-10-19,131.12,133.76,130.75,130.9,678500
2023-10-20,131.33,131.94,128.58,128.63,827405
2023-10-23,127.62,129.09,126.81,127.37,647672
2023-10-24,127.84,129.84,127.43,129.78,797142
2023-10-25,128.8,129.4,127.13,127.38,782718
2023-10-26,126.985,127.03,120.87,121.81,1655276
2023-10-27,122.33,122.33,117.28,117.57,1625123
2023-10-30,118.69,119.38,115.79,117.51,1310232
2023-10-31,117.25,118.43,115.74,118.15,1208983
2023-11-01,117.72,118.0,115.56,117.58,836491
2023-11-02,119.93,121.67,119.04,120.78,768428
2023-11-03,123.21,126.53,123.1,124.26,1021643
2023-11-06,123.35,123.965,120.87,121.76,826258
2023-11-07,121.92,121.92,118.685,119.59,764842
2023-11-08,120.36,121.45,119.98,120.95,536728
2023-11-09,121.43,121.49,119.58,119.78,819128
2023-11-10,120.88,123.04,119.67,122.72,1836624
2023-11-13,121.64,122.27,118.72,119.59,964742
2023-11-14,123.21,126.47,122.84,124.15,1383432
2023-11-15,124.15,125.44,122.69,123.16,1192052
2023-11-16,123.66,124.34,121.78,121.8,719582
2023-11-17,123.27,123.27,120.855,121.42,1775917
2023-11-20,121.42,122.75,120.32,122.55,979762
2023-11-21,122.17,122.93,120.99,121.56,727671
2023-11-22,123.17,123.2,121.53,122.29,1062830
2023-11-24,122.13,122.805,121.38,122.67,247141
2023-11-27,122.39,123.02,121.77,122.22,640013
2023-11-28,121.92,124.58,121.52,123.99,1212447
2023-11-29,125.08,126.46,123.76,123.86,630794
2023-11-30,123.78,124.71,123.02,124.48,1137291
2023-12-01,124.69,128.04,124.17,126.79,1013782
2023-12-04,125.8,127.01,125.29,126.83,888539
2023-12-05,126.19,126.6,124.56,126.45,738061
2023-12-06,126.72,128.82,126.72,127.13,1073746
2023-12-07,127.23,127.76,126.32,127.18,637310
2023-12-08,126.69,128.01,126.525,127.13,633612
2023-12-11,126.46,127.1025,125.59,126.43,1013134
2023-12-12,125.95,127.995,125.11,127.63,1433327
2023-12-13,128.47,134.7758,128.08,133.61,1511913
2023-12-14,136.05,139.89,136.05,138.45,1241781
2023-12-15,137.57,137.59,133.57,134.52,1552909
2023-12-18,135.22,135.67,134.21,135.43,802121
2023-12-19,135.68,136.42,134.18,134.77,819018
2023-12-20,134.5,135.1,131.86,132.13,1207867
2023-12-21,133.15,133.88,130.95,132.03,1513889
2023-12-22,133.0,134.39,132.76,133.12,817325
2023-12-26,133.32,134.51,133.14,134.06,335381
2023-12-27,134.0,134.97,133.43,134.31,632711
2023-12-28,134.0,136.65,133.96,136.55,575079
2023-12-29,135.89,136.3,134.41,134.46,614234
2024-01-02,133.53,136.19,133.43,135.84,647384
2024-01-03,134.8,134.8514,132.04,132.2,724929
2024-01-04,131.66,133.92,131.366,132.16,784256
2024-01-05,131.21,132.93,130.41,131.78,779723
2024-01-08,131.33,133.955,131.0,133.49,773418
2024-01-09,132.32,133.305,131.32,132.39,720252
2024-01-10,132.92,133.25,131.93,132.58,811200
2024-01-11,130.21,134.14,129.31,133.94,1432967
2024-01-12,135.36,136.24,133.795,134.03,683738
2024-01-16,134.45,136.29,133.86,135.47,1653228
2024-01-17,133.93,135.83,131.275,133.0,1446048
2024-01-18,132.68,133.73,131.42,131.46,1225119
2024-01-19,131.88,135.995,131.74,135.24,1528682
2024-01-22,135.67,137.34,135.67,135.91,1183668
2024-01-23,136.41,136.92,134.54,135.61,1599100
2024-01-24,136.19,137.3,133.92,134.06,1430982
2024-01-25,134.71,135.61,131.41,131.98,1475427
2024-01-26,132.38,132.38,129.795,130.84,1129241
2024-01-29,130.96,131.73,130.14,130.9,810262
2024-01-30,130.35,131.21,129.38,129.97,713459
2024-01-31,130.6,131.02,126.13,126.38,2167447
2024-02-01,126.11,128.15,124.95,127.92,1793717
2024-02-02,126.97,129.02,125.97,128.0,1198454
2024-02-05,126.43,126.8,124.84,124.84,944172
2024-02-06,124.53,126.05,124.26,125.58,994697
2024-02-07,125.59,125.93,123.77,125.18,1030666
2024-02-08,125.14,126.01,122.03,124.48,1436953
2024-02-09,124.01,124.95,123.368,124.52,1076238
2024-02-12,124.77,126.46,124.41,125.47,729425
2024-02-13,122.89,123.5,121.51,123.35,1032635
2024-02-14,123.73,125.73,123.4401,125.09,820155
2024-02-15,126.32,129.58,126.32,129.51,775744
2024-02-16,129.51,130.115,127.955,129.17,1027593
2024-02-20,129.0,129.69,126.32,126.62,768015
2024-02-21,126.87,127.955,126.45,127.67,420078
2024-02-22,128.47,128.47,126.51,126.59,611254
2024-02-23,126.45,127.48,125.75,126.32,465587
2024-02-26,125.95,126.325,123.23,123.7,775954
2024-02-27,125.08,125.96,124.24,124.89,689520
2024-02-28,123.95,127.29,123.77,125.83,667394
2024-02-29,126.88,127.21,125.38,125.68,1478501
2024-03-01,125.55,127.71,124.31,127.63,786700
2024-03-04,127.26,129.56,124.98,129.3,1089639
2024-03-05,128.83,130.03,128.33,128.91,667691
2024-03-06,129.93,130.68,129.22,129.95,579005
2024-03-07,130.47,132.79,130.39,132.69,819539
2024-03-08,133.95,135.12,132.76,134.91,676928
2024-03-11,135.01,136.05,134.64,134.97,574934
2024-03-12,134.69,134.845,131.01,132.36,816185
2024-03-13,132.02,133.44,131.71,131.95,616728
2024-03-14,131.36,131.7,128.47,130.27,616809
2024-03-15,128.67,131.04,128.67,130.34,1167795
2024-03-18,130.23,130.8426,129.38,129.79,545986
2024-03-19,130.08,130.65,128.65,130.4,557716
2024-03-20,130.15,132.12,129.55,131.29,815067
2024-03-21,131.78,133.92,131.66,132.94,656008
2024-03-22,133.06,133.16,130.34,130.85,485799
2024-03-25,131.14,131.65,129.94,130.0,311546
2024-03-26,130.14,130.31,128.73,128.83,549819
2024-03-27,130.16,132.06,130.16,130.8,693815
2024-03-28,131.5,132.34,131.28,131.58,741936
2024-04-01,131.44,131.625,128.7,128.7,577475
2024-04-02,127.58,128.065,126.65,127.45,598710
2024-04-03,126.86,128.67,126.32,128.45,758136
2024-04-04,129.84,130.22,126.55,126.83,637639
2024-04-05,126.33,127.6415,125.39,127.1,668587
2024-04-08,128.86,133.44,128.28,132.72,1128588
2024-04-09,133.41,136.39,133.275,135.38,1096680
2024-04-10,132.94,133.85,131.33,132.95,801353
2024-04-11,133.96,133.96,130.96,131.99,647779
2024-04-12,129.71,130.2,127.6001,128.13,572651
2024-04-15,129.05,129.45,125.925,126.63,406730
2024-04-16,126.09,126.225,123.73,123.79,579340
2024-04-17,123.84,126.83,123.84,124.8,1375936
2024-04-18,124.94,125.695,124.005,124.62,1016613
2024-04-19,125.17,126.3699,125.17,126.02,564680
2024-04-22,126.25,128.21,125.55,127.47,486341
2024-04-23,127.44,128.75,127.17,127.49,708009
2024-04-24,126.37,128.845,125.985,128.4,495023
2024-04-25,127.57,128.3062,126.7,127.2,863182
2024-04-26,127.51,129.775,127.51,129.23,874720
2024-04-29,130.06,131.67,130.06,131.13,942224
2024-04-30,129.66,131.82,129.66,130.0,1025661
2024-05-01,129.81,132.0,129.27,130.62,943513
2024-05-02,129.92,131.72,127.24,131.68,1451643
2024-05-03,133.11,134.545,132.49,133.0,1071007
2024-05-06,134.58,137.03,133.79,136.82,1078690
2024-05-07,138.08,138.2,135.93,136.19,648319
2024-05-08,135.85,135.92,132.9,132.99,676490
2024-05-09,133.59,136.455,133.53,136.34,612067
2024-05-10,136.84,136.94,135.22,135.47,334158
2024-05-13,135.9,136.88,135.31,136.07,316836
2024-05-14,137.0,137.33,135.78,136.82,537811
2024-05-15,138.7,138.95,137.11,137.71,571155
2024-05-16,137.61,138.185,136.86,136.86,456409
2024-05-17,137.38,137.92,136.385,137.74,455304
2024-05-20,137.74,137.97,136.22,136.86,422385
2024-05-21,136.88,137.22,136.21,136.5,365134
2024-05-22,136.38,137.77,135.76,136.0,534242
2024-05-23,135.72,135.85,132.83,132.92,588836
2024-05-24,133.2,133.74,132.64,133.2,351078
2024-05-28,133.94,134.33,130.15,130.31,551851
2024-05-29,128.64,128.87,126.77,128.78,790557
2024-05-30,129.69,130.6,129.25,129.86,489932
2024-05-31,130.72,133.84,129.955,133.71,1523453
2024-06-03,134.57,135.36,133.19,133.7,475038
2024-06-04,133.99,137.23,133.99,136.47,684594
2024-06-05,136.06,136.87,135.01,136.75,538085
2024-06-06,135.88,137.11,135.071,137.09,443156
2024-06-07,135.81,136.94,135.7,136.66,505327
2024-06-10,136.68,139.35,136.57,138.5,878784
2024-06-11,137.65,138.64,136.77,136.97,739171
2024-06-12,139.65,140.0,136.94,137.34,527488
2024-06-13,138.35,139.67,137.82,138.21,454860
2024-06-14,137.76,139.45,136.85,139.32,495913
2024-06-17,138.63,140.2,137.59,139.36,427018
2024-06-18,139.78,141.49,139.78,141.25,411933
2024-06-20,140.34,140.94,139.28,140.19,462367
2024-06-21,141.16,141.16,139.51,140.96,1175741
2024-06-24,141.23,143.84,140.915,143.32,487730
2024-06-25,143.35,143.4,140.91,141.12,463295
2024-06-26,139.9,140.54,139.03,139.14,545646
2024-06-27,139.14,140.645,138.29,140.54,457615
2024-06-28,141.38,142.63,140.35,142.61,844915
2024-07-01,142.16,142.44,139.6,141.18,422626
2024-07-02,141.81,142.26,139.98,141.01,518407
2024-07-03,140.55,141.14,138.81,139.43,311783
2024-07-05,139.79,140.22,138.58,138.8,489746
2024-07-08,139.04,139.68,138.14,139.14,666340
2024-07-09,139.52,139.92,137.51,139.11,754278
2024-07-10,139.73,140.18,138.84,140.02,478066
2024-07-11,142.21,143.52,140.635,140.96,648219
2024-07-12,141.87,142.18,139.74,140.64,957363
2024-07-15,139.51,141.7,139.38,139.95,944989
2024-07-16,140.36,143.01,139.8,142.63,663044
2024-07-17,142.64,144.58,142.64,144.28,639892
2024-07-18,143.48,147.935,143.48,144.79,617619
2024-07-19,145.5,145.5,142.78,143.7,442133
2024-07-22,143.82,145.47,143.17,145.03,497590
2024-07-23,144.73,145.725,143.48,143.71,577860
2024-07-24,143.71,144.6421,142.74,143.41,472334
2024-07-25,143.63,145.46,138.89,140.12,855252
2024-07-26,140.58,143.4125,140.13,142.5,496776
2024-07-29,142.78,144.04,141.31,143.16,532763
2024-07-30,143.49,143.945,140.3,141.31,621228
2024-07-31,141.0,141.84,139.6,139.77,908361
2024-08-01,141.49,147.35,141.49,146.41,835353
2024-08-02,147.56,152.025,146.81,150.02,1152170
2024-08-05,149.0,149.0,145.8,146.52,938038
2024-08-06,146.51,150.75,146.51,150.24,844117
2024-08-07,150.6,154.19,149.82,150.91,1489499
2024-08-08,151.05,153.4,150.63,153.07,754200
2024-08-09,153.07,153.455,151.15,153.07,765238
2024-08-12,154.65,154.65,151.49,152.25,678778
2024-08-13,153.34,153.97,152.475,153.0,589634
2024-08-14,153.0,153.89,152.065,153.33,634876
2024-08-15,153.33,154.75,152.02,153.35,638617
2024-08-16,153.43,153.94,151.36,152.84,671669
2024-08-19,153.27,153.94,151.86,152.65,517097
2024-08-20,153.09,153.4435,151.56,153.1,550554
2024-08-21,153.45,153.625,152.41,153.0,852176
2024-08-22,153.77,155.2176,152.55,154.21,731254
2024-08-23,154.84,157.18,154.49,156.63,858125
2024-08-26,158.52,158.52,156.25,157.94,641068
2024-08-27,157.09,160.643,156.58,160.31,742649
2024-08-28,160.5,161.82,160.28,161.51,565990
2024-08-29,160.81,162.03,159.76,161.1,517165
2024-08-30,161.69,162.61,160.7925,162.37,687537
2024-09-03,161.96,164.88,161.89,163.57,660237
2024-09-04,163.57,165.14,161.6,163.0,895802
2024-09-05,164.02,164.42,159.89,161.15,844952
2024-09-06,161.25,161.25,158.0,159.53,1050395
2024-09-09,159.9,161.505,159.005,160.3,833472
2024-09-10,161.1,165.95,160.275,163.54,554211
2024-09-11,162.01,164.81,161.04,164.7,542360
2024-09-12,164.44,165.55,163.26,164.44,425905
2024-09-13,165.2,166.295,163.9978,166.18,675316
2024-09-16,167.12,167.39,165.95,166.65,552639
2024-09-17,165.9,166.29,163.3,164.0,660117
2024-09-18,164.18,166.415,162.97,163.92,1120963
2024-09-19,165.0,165.5225,162.69,164.51,753149
2024-09-20,163.88,164.565,161.93,162.46,2367407
2024-09-23,163.37,164.42,162.58,163.66,984568
2024-09-24,162.62,163.71,162.2,162.89,512192
2024-09-25,163.65,163.735,161.46,161.56,765657
2024-09-26,161.28,162.2,158.36,158.72,1073123
2024-09-27,160.07,160.07,157.54,157.77,636131
2024-09-30,157.66,159.52,157.05,158.9,815804
2024-10-01,159.6,159.705,156.95,157.81,702051
2024-10-02,156.39,157.29,155.5457,156.96,579470
2024-10-03,156.75,156.9,154.1663,155.15,527618
2024-10-04,154.28,154.85,152.59,154.62,515881
2024-10-07,153.72,153.89,152.52,153.54,480127
2024-10-08,154.48,154.675,152.1554,153.04,520673
2024-10-09,153.04,153.62,152.16,153.28,425819
2024-10-10,152.72,153.825,151.57,152.21,383052
2024-10-11,153.34,153.55,152.195,153.41,445005
2024-10-14,152.85,154.29,152.0001,153.48,457519
2024-10-15,153.0,154.34,152.51,152.66,609097
2024-10-16,152.81,154.99,152.81,153.91,503914
2024-10-17,153.49,153.94,152.29,152.96,550390
2024-10-18,153.7,154.79,152.96,154.59,406627
2024-10-21,155.0,155.0,152.09,152.61,653815
2024-10-22,152.61,154.97,152.31,153.91,444174
2024-10-23,154.06,157.17,154.0266,156.34,819298
2024-10-24,156.64,157.91,155.84,156.07,486771
2024-10-25,156.55,156.55,153.24,153.32,428351
2024-10-28,154.34,155.59,153.23,153.79,315381
2024-10-29,153.61,154.1,150.97,150.97,680397
2024-10-30,150.94,152.665,150.92,152.15,690440
2024-10-31,153.4,154.69,149.99,151.34,1752390
2024-11-01,150.73,152.59,149.03,149.17,1027700
2024-11-04,149.63,152.2,149.6,152.18,661541
2024-11-05,150.92,155.03,150.6,155.03,565386
2024-11-06,157.7,157.7,149.51,153.59,1144957
2024-11-07,154.31,155.37,153.26,154.69,435222
2024-11-08,155.68,160.41,155.24,159.14,549200
2024-11-11,159.145,161.26,158.59,160.01,572054
2024-11-12,159.695,160.89,158.949,159.76,1150936
2024-11-13,161.33,162.43,160.54,161.34,663162
2024-11-14,161.43,161.43,157.22,157.37,617590
2024-11-15,157.5,158.51,155.9,158.09,553097
2024-11-18,157.095,158.6,156.69,158.52,510007
2024-11-19,157.945,158.31,156.54,158.13,450151
2024-11-20,157.445,158.09,156.27,157.74,475193
2024-11-21,157.97,159.38,157.3,158.53,565504
2024-11-22,159.305,161.22,159.14,160.94,507143
2024-11-25,161.365,163.29,161.085,161.98,1044565
2024-11-26,161.805,163.67,161.49,163.16,520492
2024-11-27,163.96,166.12,163.96,165.2,520855
2024-11-29,164.925,165.92,164.0,164.16,578363
2024-12-02,163.02,163.15,161.711,162.3,729639
2024-12-03,162.78,163.01,160.88,160.99,781985
2024-12-04,160.58,161.41,159.505,160.0,523462
2024-12-05,158.83,159.7575,158.32,159.19,495609
2024-12-06,159.66,159.99,158.36,158.94,609836
2024-12-09,158.36,159.47,157.74,159.15,650461
2024-12-10,159.84,159.84,157.57,158.56,474703
2024-12-11,158.905,159.6275,157.3475,158.33,1095378
2024-12-12,157.885,160.87,157.23,158.35,612814
2024-12-13,157.965,158.79,156.43,157.22,387736
2024-12-16,157.48,160.73,156.16,158.55,437909
2024-12-17,157.875,158.895,154.8,156.07,767875
2024-12-18,154.96,157.74,150.7,150.87,633178
2024-12-19,150.25,152.95,149.25,149.43,852037
2024-12-20,150.28,154.45,150.08,153.4,2366752
2024-12-23,153.175,153.59,151.62,153.33,495568
2024-12-24,152.49,154.96,152.49,154.76,168049
2024-12-26,154.63,155.435,153.79,155.22,277807
2024-12-27,154.5,155.585,153.48,153.75,421779
2024-12-30,152.8,153.585,151.095,153.04,410262
2024-12-31,153.785,155.13,152.66,154.57,697500
2025-01-02,154.38,155.025,152.1169,152.47,505235
2025-01-03,153.81,155.2,151.51,155.06,550793
2025-01-06,154.93,154.93,149.39,149.77,617977
2025-01-07,150.0,151.73,147.64,148.26,644742
2025-01-08,148.405,149.48,146.845,149.34,672410
2025-01-10,147.51,150.0,146.77,148.19,813859
2025-01-13,149.3,150.25,148.195,150.19,738815
2025-01-14,149.93,151.92,149.895,151.37,483993
2025-01-15,152.54,153.51,149.32,149.46,592308
2025-01-16,149.745,150.73,148.74,150.63,396646
2025-01-17,150.66,151.83,150.02,150.52,671623
2025-01-21,150.64,152.79,149.35,150.51,675098
2025-01-22,149.32,149.32,146.95,147.13,668549
2025-01-23,147.29,147.89,144.36,146.9,756172
2025-01-24,147.4,149.41,146.32,148.41,685841
2025-01-27,149.24,154.47,149.18,153.63,818076
2025-01-28,152.8,153.66,151.02,151.41,611194
2025-01-29,151.41,152.27,148.14,148.56,503449
2025-01-30,150.735,152.82,150.035,151.84,454784
2025-01-31,152.13,154.14,151.46,152.58,934424
2025-02-03,151.905,154.35,150.26,152.49,873701
2025-02-04,152.165,154.86,150.44,154.63,871918
2025-02-05,156.265,157.66,154.62,156.87,1118239
2025-02-06,156.895,159.28,156.02,158.86,1591501
2025-02-07,159.225,161.22,157.525,158.13,1390930
2025-02-10,157.78,157.98,155.35,156.86,867239
2025-02-11,155.01,156.1,154.255,156.03,674384
2025-02-12,154.67,156.28,152.86,155.82,691865
2025-02-13,155.855,157.38,155.6578,156.99,605872
2025-02-14,158.015,158.93,156.95,157.0,688437
2025-02-18,156.61,158.01,156.39,157.56,524600
2025-02-19,157.07,158.01,156.535,157.46,719694
2025-02-20,156.93,160.65,156.58,160.08,849644
2025-02-21,159.77,161.19,158.76,160.67,1041296
2025-02-24,160.22,163.91,159.81,162.85,762890
2025-02-25,162.86,165.52,162.85,164.72,1029977
2025-02-26,164.87,165.62,163.3025,164.22,632208
2025-02-27,164.7,167.73,163.9,166.9,813243
2025-02-28,167.925,169.045,165.885,168.12,1005518
2025-03-03,168.33,171.265,167.6132,170.92,882110
2025-03-04,171.83,173.376,168.09,168.15,924532
2025-03-05,167.1,170.62,165.9,170.03,1121317
2025-03-06,168.835,168.84,165.44,166.77,606854
2025-03-07,166.875,168.34,165.9,166.36,918344
2025-03-10,167.0,171.56,166.5,167.34,948640
2025-03-11,166.85,167.89,163.645,165.0,898488
2025-03-12,164.2267,165.3,161.56,161.77,855495
2025-03-13,162.245,162.76,158.68,161.74,1191153
2025-03-14,162.605,163.6,161.225,163.31,1081059
2025-03-17,162.525,164.98,162.49,164.49,662357
2025-03-18,162.09,165.195,161.56,162.32,626605
2025-03-19,162.32,162.955,160.01,161.79,753218
2025-03-20,162.06,163.04,160.52,162.57,686953
2025-03-21,162.04,162.62,159.57,161.27,1539253
2025-03-24,161.21,164.11,161.21,163.71,472244
2025-03-25,164.65,164.82,161.7025,163.04,605919
2025-03-26,164.06,164.59,162.635,164.5,501022
2025-03-27,164.5,166.81,164.0,165.25,717044
2025-03-28,166.42,166.45,163.86,165.9,527554
2025-03-31,166.285,169.42,166.285,167.58,976099
2025-04-01,169.02,169.02,164.77,167.48,588070
2025-04-02,168.51,168.71,166.65,168.0,511502
2025-04-03,166.15,168.45,163.12,163.64,1011475
2025-04-04,164.125,164.125,152.7018,153.08,1386533
2025-04-07,150.0,156.24,146.16,150.71,1861632
2025-04-08,153.2,154.36,148.74,149.97,2130699
2025-04-09,148.33,158.74,146.645,157.85,2457795
2025-04-10,155.5,157.53,150.49,154.87,1545079
2025-04-11,152.645,155.6,150.01,154.3,1588648
2025-04-14,155.09,158.985,155.09,158.43,1064278
2025-04-15,158.2,158.2,154.72,154.89,1545037
2025-04-16,154.45,156.32,153.06,153.82,1642383
2025-04-17,154.525,157.95,154.07,157.08,895688
2025-04-21,156.415,157.62,153.29,154.82,577389
2025-04-22,156.695,160.005,156.47,158.32,581685
2025-04-23,160.03,161.87,158.8925,159.52,599797
2025-04-24,159.695,161.07,158.38,159.46,683403
2025-04-25,159.08,159.83,158.015,159.38,366610
2025-04-28,159.66,161.07,159.03,160.44,676609
2025-04-29,160.52,160.85,157.41,157.49,1309400
2025-04-30,157.135,159.94,155.21,159.65,957852
2025-05-01,157.94,163.73,156.09,162.07,1056653
2025-05-02,163.965,169.0,163.965,167.77,1026370
2025-05-05,167.74,167.74,164.765,165.34,653826
2025-05-06,164.22,165.33,163.48,164.65,471805
2025-05-07,164.9,166.04,164.47,164.82,820045
2025-05-08,165.085,165.29,161.5,161.66,956491
2025-05-09,162.065,163.59,160.9,163.02,632899
2025-05-12,164.81,164.81,161.7975,163.63,548874
2025-05-13,163.46,163.86,159.85,160.93,677282
2025-05-14,160.775,160.775,157.52,158.34,819207
2025-05-15,159.86,161.38,158.85,160.9,965732
2025-05-16,161.52,163.63,160.35,163.2,1660837
2025-05-19,162.02,162.645,161.12,161.34,693017
2025-05-20,160.0,161.63,159.81,160.35,593100
2025-05-21,159.235,159.365,155.89,156.04,538542
2025-05-22,156.92,157.5699,154.01,154.41,668531
2025-05-23,154.52,154.52,152.145,152.76,659325
2025-05-27,153.16,154.89,152.29,154.23,970369
2025-05-28,154.385,154.9,152.77,154.82,885975
2025-05-29,154.13,156.765,153.85,155.75,701635
2025-05-30,155.13,156.71,154.35,156.65,1329352
2025-06-02,156.2275,156.2275,153.77,155.67,759228
2025-06-03,154.75,155.36,149.778,152.42,1252792
2025-06-04,151.51,152.63,150.845,151.86,859864
2025-06-05,151.86,151.91,149.27,149.82,974114
2025-06-06,150.74,151.8871,148.55,149.89,645259
2025-06-09,149.88,151.8,147.7201,151.0,1230956
2025-06-10,152.34,152.935,150.84,151.86,1811056
2025-06-11,152.265,152.265,149.76,150.36,1399981
2025-06-12,150.75,151.45,149.23,151.45,907656
2025-06-13,150.5,151.17,148.93,149.85,862796
2025-06-16,150.265,151.41,149.12,149.53,663969
2025-06-17,149.5,150.57,148.6,148.99,840633
2025-06-18,149.62,150.21,148.53,148.92,1187081
2025-06-20,149.45,150.2339,147.91,148.56,1473185
2025-06-23,149.145,150.77,148.32,150.16,779776
2025-06-24,149.99,150.16,148.34,149.17,1312697
2025-06-25,148.16,148.19,145.24,145.91,1386993
2025-06-26,146.5,147.5,145.405,147.46,1236027
2025-06-27,148.205,149.08,147.02,147.85,956598
2025-06-30,146.52,148.1,145.13,148.01,825894
2025-07-01,147.76,150.1,146.0728,148.9,912340
2025-07-02,148.595,149.81,147.0,149.21,1680625
2025-07-03,148.56,150.941,148.01,150.47,403534
2025-07-07,150.31,152.305,148.905,150.09,1262440
2025-07-08,148.73,151.585,148.73,150.26,1186508
2025-07-09,151.0,151.06,149.505,150.23,800799
2025-07-10,150.385,152.83,149.0682,151.1,1219310
2025-07-11,149.67,151.5,149.35,150.72,940004
2025-07-14,150.8,152.75,150.78,151.26,696555
2025-07-15,149.2052,149.7,146.785,147.43,1022677
2025-07-16,147.99,150.585,147.525,150.36,1027598
2025-07-17,150.68,151.57,150.195,150.66,867192
2025-07-18,150.565,151.95,150.27,150.77,720098
2025-07-21,151.5,152.05,149.83,150.02,741173
2025-07-22,150.6075,153.47,150.03,153.2,678839
2025-07-23,153.29,153.93,152.24,152.73,701921
2025-07-24,153.29,153.31,151.48,151.68,569866
2025-07-25,151.395,151.9,150.515,151.65,560427
2025-07-28,151.64,151.64,149.14,149.35,714307
2025-07-29,149.665,152.355,149.1701,152.32,619448
2025-07-30,151.29,151.72,147.32,148.79,1302342
2025-07-31,147.1575,149.175,142.14,142.43,1824721
2025-08-01,143.545,144.25,138.67,140.0,1382707
2025-08-04,140.66,142.025,139.48,140.1,1154396
2025-08-05,140.625,142.95,139.52,141.8,996337
2025-08-06,141.88,142.485,139.65,140.61,807956
2025-08-07,141.355,142.45,140.62,142.15,587326
2025-08-08,142.485,142.485,140.01,140.48,481246
2025-08-11,140.645,141.0,138.34,138.48,724995
2025-08-12,138.495,138.82,137.32,138.38,910949
2025-08-13,137.94,139.99,137.94,139.77,1637710
2025-08-14,139.51,140.21,138.4,140.03,879777
2025-08-15,139.57,141.62,139.57,140.9,927468
2025-08-18,141.325,141.75,140.0,140.06,623421
2025-08-19,140.64,142.41,140.56,142.4,810641
2025-08-20,142.75,144.66,142.27,142.36,922063
2025-08-21,141.825,142.66,140.76,141.01,635849
2025-08-22,141.885,143.725,141.56,143.03,849670
2025-08-25,142.795,143.03,141.37,142.03,722525
2025-08-26,142.22,143.17,141.79,142.62,1129086
2025-08-27,143.005,145.0,142.74,144.42,970242
2025-08-28,144.13,144.42,142.86,144.13,389148
2025-08-29,144.365,145.96,143.82,145.82,594416
2025-09-02,144.935,145.295,141.8975,142.3,665087
2025-09-03,142.25,143.49,141.8301,143.41,769762
2025-09-04,143.49,144.405,142.32,144.0,516673
2025-09-05,144.875,146.41,144.12,145.4,620287
2025-09-08,144.3,144.71,143.56,144.65,585383
2025-09-09,143.9302,145.54,143.7,145.43,930802
2025-09-10,145.32,145.8,141.15,141.46,744252
2025-09-11,141.9741,144.55,141.0,144.09,779401
2025-09-12,143.95,143.995,141.7,142.2,737061
2025-09-15,142.5,142.57,140.38,140.61,633581
2025-09-16,141.73,141.73,139.01,139.39,612850
2025-09-17,139.2,141.89,139.2,139.55,519327
2025-09-18,139.13,140.83,139.13,140.54,560413
2025-09-19,140.21,141.97,140.17,140.86,1566405
2025-09-22,140.295,141.76,139.43,141.25,868759
2025-09-23,141.27,141.83,140.36,141.12,528339
2025-09-24,141.14,141.87,139.76,140.43,870479
2025-09-25,141.69,141.69,138.25,138.74,692082
2025-09-26,138.39,140.585,138.39,139.57,801092
2025-09-29,139.045,139.21,137.6362,138.61,1071459
2025-09-30,138.0,139.76,138.0,139.73,1150885
2025-10-01,139.29,139.88,137.97,138.0,832785
2025-10-02,137.5,137.815,136.07,136.26,954904
2025-10-03,136.5,137.54,136.37,136.7,874318
2025-10-06,137.52,137.52,135.42,136.0,904430
2025-10-07,136.215,137.69,135.49,136.22,735016
2025-10-08,135.52,136.61,134.97,135.85,757511
2025-10-09,136.055,136.33,134.35,134.91,479934
2025-10-10,135.145,135.42,133.28,134.55,510618
2025-10-13,134.48,135.34,134.055,134.54,533000
2025-10-14,134.445,135.055,133.24,133.76,893911
2025-10-15,132.48,133.335,131.6,132.0,1068486
2025-10-16,132.07,132.78,131.17,131.43,752774
2025-10-17,131.875,133.24,131.4,132.7,794887
2025-10-20,132.83,133.9,132.27,132.89,761228
2025-10-21,132.92,134.28,132.17,133.4,1004908
2025-10-22,133.575,135.42,132.8705,134.36,832703
2025-10-23,134.5,135.1,132.88,134.43,837640
2025-10-24,134.94,135.1899,133.9278,133.99,720323
2025-10-27,133.99,133.99,132.4301,133.01,1081992
2025-10-28,132.565,132.71,130.525,130.71,1017551
2025-10-29,130.39,130.39,126.05,126.28,1869805
2025-10-30,126.455,129.6,126.455,128.81,2662446
2025-10-31,128.435,130.61,127.92,128.23,1687276
2025-11-03,127.35,128.5,125.75,127.59,1364085
2025-11-04,127.28,129.15,126.6101,129.09,1442815
2025-11-05,129.45,129.99,128.02,128.5,1802121
2025-11-06,128.28,128.91,126.92,127.04,862000
2025-11-07,127.48,129.68,127.04,129.65,1134287
2025-11-10,129.43,129.93,128.4,129.55,1039310
2025-11-11,130.475,132.07,129.89,131.57,1091552
2025-11-12,130.66,132.13,130.335,131.5,999668
2025-11-13,130.75,131.54,130.42,130.55,1079485
2025-11-14,131.19,131.94,130.2887,130.94,649089
2025-11-17,131.62,131.62,129.96,130.27,652954
2025-11-18,130.49,130.965,129.67,130.43,717686
2025-11-19,131.24,131.24,129.64,129.83,818657
2025-11-20,131.28,131.97,130.25,130.87,1368481
2025-11-21,131.525,134.13,131.0,133.61,1611843
2025-11-24,133.49,133.76,132.32,133.31,1033985
2025-11-25,133.0,135.98,133.0,135.06,888219
2025-11-26,133.9,136.16,133.9,135.51,707895
2025-11-28,135.66,136.72,135.1,135.89,388232
2025-12-01,135.505,136.95,134.85,135.37,880171
2025-12-02,136.085,136.21,134.18,135.26,947554
2025-12-03,136.16,136.16,134.2,134.52,735596
2025-12-04,134.385,135.19,132.685,132.86,787979
2025-12-05,131.4,132.9,131.38,131.67,874502
2025-12-08,131.5,131.77,129.89,131.0,1050987
2025-12-09,131.185,132.74,130.45,130.51,1191685
2025-12-10,130.805,132.44,130.69,131.9,979203
2025-12-11,132.28,133.51,132.0,132.96,823492
2025-12-12,133.25,133.715,131.32,132.11,1045030
2025-12-15,132.5,133.038,131.62,132.7,1137440
2025-12-16,132.88,133.77,131.841,133.19,1063870
2025-12-17,133.49,137.6099,133.49,137.09,1515037
2025-12-18,137.195,137.61,136.125,136.31,1068071
2025-12-19,135.99,136.4,134.2,134.23,2491964
2025-12-22,133.33,137.36,133.1,136.68,1545017
2025-12-23,137.5,137.6199,135.6,136.24,802867
2025-12-24,137.5,137.95,136.62,137.44,520521
2025-12-26,137.44,137.98,136.9,137.8,507485
2025-12-29,138.105,139.29,137.82,139.18,518437
2025-12-30,139.17,140.16,139.08,139.91,1039627
2025-12-31,139.89,140.22,138.78,138.91,1042382
2026-01-02,138.3,140.0,137.55,139.13,841163
2026-01-05,138.73,139.56,137.225,137.35,1043547
2026-01-06,136.675,139.105,136.5,138.17,1080771
2026-01-07,138.42,139.0,134.41,134.98,1421781
2026-01-08,135.07,138.75,134.19,138.54,1082839
2026-01-09,138.54,139.151,134.75,135.9,1915675
2026-01-12,136.295,136.78,133.58,134.23,1000948
2026-01-13,134.705,135.41,132.19,134.44,708339
2026-01-14,134.72,136.31,134.41,136.27,798190
2026-01-15,134.8975,135.59,134.58,135.44,550872
2026-01-16,134.91,137.13,133.96,137.09,908094
2026-01-20,135.59,136.242,133.49,134.42,1149642
2026-01-21,135.63,135.875,133.95,135.38,1013386
2026-01-22,135.44,137.13,134.28,134.66,731719
2026-01-23,134.12,135.92,134.07,135.79,591996
2026-01-26,136.005,136.49,134.105,134.96,623916
2026-01-27,135.105,135.989,134.64,134.73,694532
2026-01-28,135.07,135.33,131.785,132.46,602965
2026-01-29,133.03,134.75,132.5,133.68,931771
2026-01-30,133.76,134.35,132.13,134.3,1009866
2026-02-02,133.7,134.27,132.14,132.31,1019288
2026-02-03,131.865,133.15,130.33,132.2,1338861
2026-02-04,133.015,136.45,132.81,135.05,1279721
2026-02-05,133.48,135.05,129.6,130.72,2330281
2026-02-06,130.25,132.35,129.935,132.13,1525207
2026-02-09,132.34,133.69,131.39,133.58,746672
2026-02-10,133.89,136.62,133.68,136.45,866430
2026-02-11,136.2,137.84,135.35,136.03,981729
2026-02-12,135.0293,136.42,131.37,133.44,1585710
2026-02-13,133.715,135.99,133.1286,135.55,878339
2026-02-17,136.0,137.05,132.93,134.41,795783
2026-02-18,134.5,135.36,133.44,135.12,797435
2026-02-19,134.71,135.92,133.98,135.07,906222
2026-02-20,135.505,135.7,133.06,133.47,704591
2026-02-23,134.0,136.01,132.91,133.33,1161735
2026-02-24,133.395,134.195,132.25,134.09,895800
2026-02-25,135.0,135.05,132.0,134.05,1238837
2026-02-26,134.95,136.27,134.56,135.87,725349
2026-02-27,135.47,135.505,132.99,133.86,1207146
2026-03-02,133.735,134.99,132.67,134.11,844487
2026-03-03,132.56,134.37,131.54,133.57,689930
2026-03-04,133.595,133.92,132.28,133.78,659028
2026-03-05,132.83,134.56,132.14,134.41,957012
2026-03-06,133.681,133.681,131.395,132.79,776038
2026-03-09,131.865,132.59,129.5,132.14,91
2026-03-10,131.51,132.1,129.72,130.13,796045
2026-03-11,129.14,129.53,126.47,127.92,1231779
2026-03-12,127.0,129.305,126.66,127.75,933932
2026-03-13,129.14,130.27,126.15,126.32,497172
2026-03-16,127.145,127.97,126.36,126.37,547805
2026-03-17,127.605,128.29,126.75,128.07,660514
2026-03-18,126.995,127.73,125.62,125.8,1145600
2026-03-19,125.4,126.18,124.2801,124.51,1043452
2026-03-20,124.56,124.56,121.22,121.79,2047729
2026-03-23,123.47,124.45,122.34,122.39,1266704
2026-03-24,121.5,123.22,121.07,121.81,1130846
2026-03-25,122.99,122.99,121.42,121.64,640649
2026-03-26,121.51,123.15,121.46,122.15,790952
2026-03-27,121.99,122.35,120.3,120.57,986944
2026-03-30,121.44,123.21,120.89,121.72,755879
2026-03-31,123.07,123.84,121.44,122.12,1224985
2026-04-01,121.6,123.23,121.6,122.55,1151269
2026-04-02,122.59,124.99,122.1563,124.88,1075803
2026-04-06,124.73,125.68,124.435,124.82,614880
2026-04-07,124.61,125.63,123.76,124.3,1082877
2026-04-08,125.53,126.385,125.0,126.09,812783
2026-04-09,125.36,126.55,125.08,125.62,763278
2026-04-10,125.87,127.315,125.51,126.39,778573
2026-04-13,126.0,126.33,124.4501,125.89,821144
2026-04-14,125.53,127.06,125.02,126.34,821429
2026-04-15,124.74,125.4,123.25,124.19,1039353
2026-04-16,123.98,124.855,121.91,123.1,1779916
2026-04-17,123.42,128.38,123.42,127.94,1533863
2026-04-20,127.44,129.59,127.24,129.47,722170
2026-04-21,129.06,129.53,125.68,125.74,750823
2026-04-22,126.29,126.39,124.0,124.59,569178
2026-04-23,124.63,126.4,124.63,126.0,536936
2026-04-24,126.0,126.77,125.1,125.66,529463
2026-04-27,125.49,126.595,125.2,125.39,633866
2026-04-28,125.99,130.64,125.99,130.38,1012779
2026-04-29,129.75,131.36,128.9201,129.71,1599955
2026-04-30,130.0,130.97,127.22,129.18,1953522
2026-05-01,129.06,130.14,127.415,128.56,849032
2026-05-04,127.74,130.47,127.74,129.06,860655
2026-05-05,128.93,131.59,128.91,130.16,824464
2026-05-06,130.05,132.67,130.05,130.3,1362614
2026-05-07,130.04,131.43,130.04,130.36,1113258
2026-05-08,130.39,130.775,128.75,129.31,767028
2026-05-11,130.05,131.0,129.19,129.72,710842
2026-05-12,130.28,130.42,128.925,129.22,808886
2026-05-13,128.44,129.5,127.935,129.34,700226
2026-05-14,127.78,129.06,126.9,127.23,985227
2026-05-15,127.36,128.09,125.15,125.71,782990
2026-05-18,126.17,128.39,125.94,128.25,680771
2026-05-19,127.79,129.36,127.24,128.47,679572
2026-05-20,128.64,130.65,127.43,130.26,747309
2026-05-21,129.61,130.0999,127.49,130.01,738782
2026-05-22,130.7,131.87,130.15,131.14,863943
2026-05-26,130.8,131.79,130.43,130.54,547704
2026-05-27,130.85,131.74,130.37,130.58,813262
2026-05-28,130.59,131.245,129.6577,130.82,712459
2026-05-29,130.23,130.55,128.06,129.07,1652074
2026-06-01,127.94,130.59,127.93,128.13,914638
2026-06-02,128.22,129.17,127.6,128.96,787578
2026-06-03,128.62,133.07,128.18,132.54,1439118
2026-06-04,133.99,137.05,132.78,136.87,1430576
2026-06-05,136.8,138.66,136.47,137.54,1180520
2026-06-08,137.6,137.83,136.11,137.15,1171563
2026-06-09,137.55,139.585,137.02,138.91,1109382
2026-06-10,139.6,140.752,138.8,139.78,1189646
2026-06-11,139.59,140.71,137.58,138.1,878587
2026-06-12,138.68,140.16,138.27,138.93,975237
2026-06-15,138.84,140.5797,137.18,137.33,974323
2026-06-16,137.78,138.33,135.3598,136.44,1040086
2026-06-17,136.35,137.05,132.36,133.11,1136468
2026-06-18,134.36,134.87,131.84,132.5,1686175
2026-06-22,132.01,133.07,130.94,132.13,998794
2026-06-23,133.02,134.28,132.47,133.89,814553
2026-06-24,134.01,135.79,133.85,134.42,1098860
2026-06-25,135.0,138.39,135.0,138.08,1002292
2026-06-26,139.15,140.97,138.745,140.72,1217385
2026-06-29,139.99,140.75,139.4,140.65,1061945
2026-06-30,139.16,140.46,138.21,138.94,1019551
2026-07-01,139.6,142.1,139.22,139.94,986089
