date,open,high,low,close,volume
2005-02-25,51.168,51.6983,50.972,51.4035,1437956
2005-02-28,51.1027,51.8953,51.1027,51.6342,2203000
2005-03-01,51.5648,51.7627,50.677,51.5302,2639345
2005-03-02,50.6108,51.5005,50.3792,51.3668,2209904
2005-03-03,51.3668,51.5945,49.8795,50.1121,3093505
2005-03-04,50.5376,50.5821,48.6296,49.8141,4900780
2005-03-07,49.8795,51.072,49.3886,50.7721,3875782
2005-03-08,50.1774,53.5114,49.4866,50.6435,6316642
2005-03-09,50.677,51.168,50.2139,50.4139,2269276
2005-03-10,51.1027,51.3045,50.2802,50.8374,2029060
2005-03-11,51.8953,51.926,50.2525,50.3435,1905941
2005-03-14,50.7721,51.072,50.5089,51.072,1532964
2005-03-15,51.1027,51.2332,50.3109,50.5376,2094770
2005-03-16,50.9047,51.8953,50.1447,50.2802,3455778
2005-03-17,50.6435,50.7721,49.922,49.9844,1741121
2005-03-18,49.5182,49.7528,49.1531,49.4866,4062835
2005-03-21,50.0467,50.1447,48.9304,49.1531,2115531
2005-03-22,50.017,50.2525,49.3886,49.4223,3606472
2005-03-23,49.8478,49.9537,48.9591,49.2906,2298421
2005-03-24,49.454,49.6874,48.9938,49.2619,1409243
2005-03-28,49.3886,49.8795,49.0294,49.1205,2058181
2005-03-29,49.0898,49.3559,48.4326,48.5376,2100237
2005-03-30,48.4593,49.3223,48.4593,49.2906,2132940
2005-03-31,49.0591,49.6548,48.9591,49.3559,2626017
2005-04-01,49.6212,50.1121,48.9938,49.0898,2674537
2005-04-04,49.0898,49.1531,48.6633,49.0294,1764134
2005-04-05,49.0294,49.6548,48.8244,49.5568,2186620
2005-04-06,49.1531,49.8478,48.9304,49.2619,1742304
2005-04-07,49.454,50.6108,49.3223,50.4446,2337563
2005-04-08,50.4446,50.4446,49.922,50.1121,1977310
2005-04-11,49.9537,50.017,49.4223,49.8141,1109395
2005-04-12,49.454,50.8027,49.2619,50.3792,1836894
2005-04-13,50.0804,51.4332,50.0467,50.3792,2814471
2005-04-14,50.3792,51.4332,49.5875,49.6874,1925780
2005-04-15,49.4866,49.5182,48.6296,48.6296,2710023
2005-04-18,48.301,48.5376,47.7388,48.1703,2334975
2005-04-19,48.5999,48.8987,48.0734,48.5376,1545170
2005-04-20,48.9591,49.454,48.5712,49.2292,3050790
2005-04-21,52.1586,52.691,51.5302,52.5198,6941993
2005-04-22,52.5198,52.691,51.6342,52.028,2092090
2005-04-25,52.2843,52.4209,51.5005,51.9924,1666590
2005-04-26,51.5945,52.5821,51.5945,52.4209,2150740
2005-04-27,52.0952,52.2229,51.6648,51.7627,2081265
2005-04-28,51.3668,51.6342,50.6108,50.677,1968260
2005-04-29,50.8027,50.972,49.7815,50.5821,1763549
2005-05-02,50.5821,51.3045,50.2525,51.0066,1192622
2005-05-03,51.1343,51.4332,50.6108,51.3391,1471311
2005-05-04,51.3045,52.1586,51.0066,51.7627,1843954
2005-05-05,51.4332,52.2536,51.3391,51.7963,1900364
2005-05-06,51.9924,52.6573,51.5302,51.733,1985139
2005-05-09,51.4035,52.0952,51.4035,51.9924,1794798
2005-05-10,52.4881,52.691,51.6342,52.0626,2868225
2005-05-11,52.1586,52.3931,51.1027,52.0952,1587866
2005-05-12,52.3268,52.6573,51.8607,52.1586,1898449
2005-05-13,52.691,54.0419,52.2536,53.4461,4900445
2005-05-16,53.544,53.843,53.1482,53.544,2209675
2005-05-17,53.4154,54.2339,52.979,54.1379,2601792
2005-05-18,54.3327,55.8518,54.2656,55.7174,4885430
2005-05-19,56.8781,58.0894,56.6396,57.0691,6453676
2005-05-20,57.4313,57.463,56.5466,56.8781,2319074
2005-05-23,56.9058,57.7599,56.8781,57.4313,2299552
2005-05-24,57.2047,57.463,56.9385,57.2671,1771962
2005-05-25,57.2047,57.2047,56.1518,56.612,1744063
2005-05-26,56.8781,57.8985,56.8781,57.5689,2042419
2005-05-27,57.5996,57.6312,57.0355,57.1749,1369774
2005-05-31,56.9385,57.5689,56.612,57.2671,1891736
2005-06-01,57.0355,57.9617,56.8781,57.6649,1566983
2005-06-02,57.6986,58.6199,57.6649,58.6199,1907713
2005-06-03,58.4883,58.7188,58.0894,58.4883,2063410
2005-06-06,58.3883,59.082,58.3883,59.082,2587045
2005-06-07,59.3789,61.0,59.3404,59.7757,4559747
2005-06-08,60.6695,60.9653,59.5075,59.6432,3351615
2005-06-09,59.7757,60.3349,59.4432,60.1034,2531435
2005-06-10,59.9104,60.2023,58.9841,59.5422,1484448
2005-06-13,59.1464,60.041,58.9178,59.84,1782979
2005-06-14,59.4432,60.4002,59.4432,60.0074,1927462
2005-06-15,60.3072,60.7961,59.3789,59.6749,1547181
2005-06-16,59.6749,60.234,59.5075,59.8054,1694605
2005-06-17,60.234,60.234,59.3789,60.041,2282442
2005-06-20,59.5422,60.234,59.5422,59.8707,1296117
2005-06-21,59.6125,60.3072,59.6125,60.0747,1109363
2005-06-22,60.2735,62.1469,60.2735,61.9906,4045852
2005-06-23,62.1143,63.471,62.0836,62.2143,4865132
2005-06-24,62.3162,62.4527,60.9238,61.1613,2422049
2005-06-27,60.3695,61.093,59.6749,59.9737,2437078
2005-06-28,60.4002,60.8911,60.1321,60.4992,2692245
2005-06-29,61.6571,62.0519,60.8614,61.093,2647861
2005-06-30,61.5849,62.1469,60.1034,60.2023,2770716
2005-07-01,60.3695,60.5318,59.8054,60.234,1510924
2005-07-05,59.84,61.0583,59.5075,61.0296,2929606
2005-07-06,61.4562,62.3162,60.9238,61.0,2607754
2005-07-07,60.0747,61.6907,59.7076,61.3908,2376478
2005-07-08,61.6907,61.7224,60.8614,61.1267,2906501
2005-07-11,61.4888,62.4448,61.4562,62.3507,3769255
2005-07-12,62.7447,64.2232,62.3507,63.5324,5120643
2005-07-13,63.8629,64.1619,63.5641,64.1302,2703225
2005-07-14,64.5576,65.0882,63.4048,63.5947,4726185
2005-07-15,63.471,64.714,63.2366,64.2895,3549262
2005-07-18,64.4597,64.4597,63.7037,64.1619,2420059
2005-07-19,65.0455,65.7383,64.4904,65.4483,5101442
2005-07-20,65.2495,66.3974,64.622,65.7066,7328491
2005-07-21,65.6424,66.0995,64.6527,64.8863,4665071
2005-07-22,65.0119,65.9402,63.6294,65.9402,3856851
2005-07-25,68.25,68.5073,67.5919,67.7186,7271493
2005-07-26,68.25,69.1337,66.7617,68.2183,7609160
2005-07-27,68.3469,69.2011,68.0847,69.0714,4751184
2005-07-28,69.1674,70.8527,69.103,70.262,4377486
2005-07-29,69.4979,69.9334,68.8774,69.8285,4626489
2005-08-01,69.5712,71.0546,69.304,70.916,3712595
2005-08-02,70.6261,71.9365,70.4865,71.9057,4351080
2005-08-03,71.8405,72.8973,71.3713,72.6638,3492103
2005-08-04,71.7118,72.8627,71.4158,72.5341,3204270
2005-08-05,71.8405,72.6638,70.5865,71.119,2986567
2005-08-08,71.119,71.3812,70.4865,71.3812,2095357
2005-08-09,71.5108,72.4005,70.6885,71.2793,2530757
2005-08-10,71.7791,72.3006,70.1877,70.5211,2245876
2005-08-11,70.5865,71.7118,70.5538,71.6078,1894974
2005-08-12,71.0546,71.1467,69.8611,70.6885,2418021
2005-08-15,69.966,70.3282,69.0397,69.7631,2755769
2005-08-16,69.2744,69.8611,68.1154,68.1788,2976331
2005-08-17,68.1154,68.6745,67.4543,68.1788,2567530
2005-08-18,67.859,68.1461,67.0902,67.859,2199665
2005-08-19,67.9521,68.0847,67.3247,67.4197,1873199
2005-08-22,68.4143,69.103,67.9521,68.9447,2117892
2005-08-23,69.2011,70.5211,68.9121,70.0946,2475911
2005-08-24,69.6998,70.916,68.9743,69.103,2797033
2005-08-25,69.4662,69.8285,68.7409,69.3682,2595336
2005-08-26,69.4979,69.9947,69.008,69.6335,1838649
2005-08-29,69.1674,70.262,68.7409,70.0601,1726707
2005-08-30,70.0946,72.3391,69.7631,72.269,3565516
2005-08-31,72.2373,73.5227,71.1467,72.1353,4308309
2005-09-01,71.7464,73.395,71.4772,73.1932,3577339
2005-09-02,73.2279,74.0126,72.3391,72.5341,2082828
2005-09-06,73.1932,74.0126,73.1932,73.8869,3287677
2005-09-07,74.0473,74.5797,73.4297,73.7266,3739757
2005-09-08,73.7266,74.9398,73.1606,74.7084,3094019
2005-09-09,75.0022,76.0948,74.8765,75.4337,3774206
2005-09-12,75.504,75.9324,75.1438,75.4337,2314175
2005-09-13,75.8326,77.4438,75.2684,77.3151,4350950
2005-09-14,76.8252,78.7965,76.8252,78.7005,4823676
2005-09-15,78.7659,79.0904,77.2834,78.0374,5054367
2005-09-16,78.1364,78.4027,77.3151,78.0721,3326506
2005-09-19,77.5515,77.9117,75.6326,76.6857,2889144
2005-09-20,76.4946,77.0488,74.5797,74.7084,3449162
2005-09-21,73.5227,74.7084,72.9893,73.395,3643085
2005-09-22,72.7014,73.7603,71.8405,73.0319,4050041
2005-09-23,73.0319,75.2684,73.0319,75.1438,2700548
2005-09-26,75.7633,76.3917,74.0126,74.6737,2786687
2005-09-27,74.842,74.9735,73.2606,73.7603,2589483
2005-09-28,74.1521,74.4798,72.734,73.0319,2482913
2005-09-29,72.9893,74.1205,72.2046,73.2279,2588251
2005-09-30,73.5891,73.6841,72.3698,72.6291,3174357
2005-10-03,73.2279,74.64,73.2279,73.9819,3216655
2005-10-04,74.45,75.0369,73.3526,73.5891,3544933
2005-10-05,72.7687,73.4297,70.916,72.5341,4136074
2005-10-06,72.269,72.5341,69.5712,70.4261,3810354
2005-10-07,70.4261,71.5771,70.262,71.211,2121052
2005-10-10,71.0863,71.0863,68.1788,68.6428,2949433
2005-10-11,68.9121,70.9546,67.0902,67.7503,3887920
2005-10-12,67.0902,67.9521,64.4597,65.1822,5909952
2005-10-13,65.1822,66.2064,64.1302,65.6424,4368522
2005-10-14,69.2437,69.2437,65.6107,66.4736,5130636
2005-10-17,67.3247,67.5919,65.3128,65.7383,3525221
2005-10-18,66.5666,67.6552,65.6424,66.5053,5724011
2005-10-19,69.2437,69.7295,67.2634,69.304,7074875
2005-10-20,69.8285,70.1877,68.7082,68.8774,3898071
2005-10-21,68.8369,69.2437,67.6839,68.25,3092547
2005-10-24,68.5835,69.2744,68.4429,69.2011,2436761
2005-10-25,68.9121,69.2011,68.25,69.0397,2454456
2005-10-26,69.0397,70.4568,68.7765,69.8285,3058656
2005-10-27,69.6682,70.3926,68.6745,68.9121,2160800
2005-10-28,69.3357,70.0601,68.25,69.5296,2194307
2005-10-31,69.7295,73.6841,69.6998,73.0655,5040294
2005-11-01,73.0655,73.5227,71.968,73.1932,2918591
2005-11-02,72.6291,76.3255,72.5628,75.9612,5664903
2005-11-03,76.1661,76.653,75.4733,75.8326,3662191
2005-11-04,75.3655,76.7539,75.1755,76.0948,2240777
2005-11-07,75.8326,76.5926,75.4733,75.9324,2055016
2005-11-08,75.599,76.6233,75.2368,76.4541,2493525
2005-11-09,76.0255,78.0721,76.0255,77.7733,3400699
2005-11-10,77.8069,78.1364,76.8559,78.1058,2921494
2005-11-11,77.9761,78.6025,77.3804,77.6763,1692742
2005-11-14,77.4438,77.4438,74.9082,75.3655,5056036
2005-11-15,75.3348,75.498,73.8543,74.3105,4694634
2005-11-16,74.3779,75.1755,74.0473,75.1102,2594040
2005-11-17,75.8326,77.8069,75.3991,77.6446,4073468
2005-11-18,78.5293,78.9993,77.5159,78.6679,3889856
2005-11-21,78.4976,79.126,77.9761,78.7965,2065882
2005-11-22,78.4976,79.126,78.2077,79.126,1917935
2005-11-23,79.0627,82.3949,78.9657,81.1726,5158265
2005-11-25,81.1726,81.7664,80.283,81.6694,1272850
2005-11-28,82.1613,82.193,79.2953,79.3923,3370692
2005-11-29,80.1473,80.4788,79.0904,79.6258,3154120
2005-11-30,80.0196,80.6165,79.325,79.423,2587459
2005-12-01,79.9168,80.3196,79.2251,79.7881,3155472
2005-12-02,79.7881,81.3409,77.7109,77.7733,4654669
2005-12-05,77.9117,78.1364,76.7192,76.7826,2964107
2005-12-06,77.3804,78.4027,76.7192,77.3151,3238470
2005-12-07,77.6109,77.9117,75.504,76.0255,2751673
2005-12-08,76.7826,78.1364,76.3255,76.9548,2712138
2005-12-09,77.3478,77.7109,76.7539,77.1864,1969021
2005-12-12,77.2151,77.9761,76.1661,76.3917,2189814
2005-12-13,76.3917,77.0122,75.4733,75.5347,2882050
2005-12-14,75.4733,75.8643,74.1828,74.9082,2931987
2005-12-15,76.0948,76.9548,75.1438,75.2368,3804126
2005-12-16,75.2368,75.2368,73.8543,73.8869,4234671
2005-12-19,74.1205,74.842,73.395,73.6207,2509750
2005-12-20,73.6207,74.842,73.2279,74.1521,3009591
2005-12-21,74.5123,75.6663,74.2165,75.504,2803187
2005-12-22,75.7633,76.7539,75.7633,76.6857,2893868
2005-12-23,77.2151,77.9395,77.1864,77.4438,2148929
2005-12-27,77.3151,77.9117,75.599,75.6663,1814494
2005-12-28,75.9938,76.5273,75.1102,75.504,1859907
2005-12-29,75.5852,76.653,75.0022,75.1755,2185112
2005-12-30,74.6737,74.9735,74.0126,74.4798,1801522
2006-01-03,75.4733,77.4745,74.6093,76.2621,3769629
2006-01-04,76.4946,77.5822,76.4946,77.1457,2626140
2006-01-05,77.1457,77.8791,76.8252,77.5515,3210520
2006-01-06,78.933,80.6808,78.4976,80.2453,4675771
2006-01-09,80.2453,81.3409,79.2953,80.8718,3111962
2006-01-10,80.1176,80.2453,78.9013,79.0627,3068571
2006-01-11,79.6258,79.6258,78.3067,78.8589,3473398
2006-01-12,79.5526,79.7228,78.3383,78.6679,2793356
2006-01-13,79.0904,79.325,78.4354,79.2251,2183487
2006-01-17,78.4689,79.1914,77.3478,77.5515,2941163
2006-01-18,76.3255,77.9395,76.3255,77.8386,2148221
2006-01-19,78.7005,80.4788,78.4027,80.283,6744098
2006-01-20,77.1151,77.2151,74.0473,74.1205,11442619
2006-01-23,74.64,74.74,72.9596,73.1279,5088421
2006-01-24,73.5554,75.1102,73.491,74.3422,3043393
2006-01-25,74.74,75.3021,74.3422,74.8104,2493245
2006-01-26,74.9082,76.1324,74.3422,75.6663,3567984
2006-01-27,75.7633,76.4214,73.9206,74.1828,3874310
2006-01-30,74.1828,74.8104,73.1932,74.546,2906663
2006-01-31,74.1205,75.599,73.6841,74.8765,3132280
2006-02-01,74.2788,75.4337,74.2165,75.1755,1813161
2006-02-02,74.7084,74.74,69.9334,71.9365,3748952
2006-02-03,72.0116,72.0116,69.5296,69.7948,5585737
2006-02-06,70.0601,70.357,67.3247,67.6839,6937201
2006-02-07,68.25,70.6558,68.0847,69.2437,4913895
2006-02-08,70.6261,71.5771,70.2946,71.5108,3656130
2006-02-09,71.8405,72.3698,70.6558,71.2486,2725090
2006-02-10,70.9853,71.5771,69.4662,71.211,2763440
2006-02-13,71.119,71.7118,69.966,71.3495,2496955
2006-02-14,71.3812,73.4297,71.3495,73.2606,4109186
2006-02-15,73.5227,74.0473,72.5628,73.9819,2049447
2006-02-16,74.1205,74.1521,72.8627,73.1932,2610276
2006-02-17,72.8627,72.8627,70.7222,70.8527,3511838
2006-02-21,70.8527,71.6078,70.1877,71.119,2123321
2006-02-22,71.7118,72.2046,71.0546,71.7791,2091254
2006-02-23,71.9225,72.3629,71.3188,71.9365,1866172
2006-02-24,71.4317,71.9365,71.119,71.5108,1646745
2006-02-27,71.6078,72.6638,71.3812,71.7118,1913946
2006-02-28,70.9546,71.7118,70.0264,70.5538,2775556
2006-03-01,70.5538,73.8869,70.5211,72.8301,4207997
2006-03-02,72.8301,74.0126,72.3006,73.1606,2737936
2006-03-03,72.5034,73.1279,72.2373,72.4728,1735940
2006-03-06,73.3526,74.0878,72.4728,72.4728,2908793
2006-03-07,72.5034,72.8627,70.8843,71.5108,2290273
2006-03-08,71.119,71.1467,69.5712,70.159,3788918
2006-03-09,70.3282,72.0433,70.159,70.159,2417629
2006-03-10,70.7222,70.7222,68.0234,68.8369,6270523
2006-03-13,68.6428,69.0397,66.6666,68.9121,5346124
2006-03-14,68.9833,71.6434,68.8369,70.2946,4663967
2006-03-15,70.5211,72.5341,70.4261,72.3391,3450792
2006-03-16,72.5341,74.2788,72.5341,73.0655,4584467
2006-03-17,73.6207,74.0126,72.7687,73.3526,3403769
2006-03-20,73.1279,73.491,72.0749,72.4728,2035837
2006-03-21,72.4005,73.4297,71.2486,71.4772,2776179
2006-03-22,70.8843,72.4728,70.8843,71.9057,2753343
2006-03-23,71.8405,72.929,71.5108,72.6291,2712774
2006-03-24,72.5628,73.9819,72.5341,73.6207,2723617
2006-03-27,73.4297,74.1205,73.0655,73.0992,2970869
2006-03-28,73.1606,74.0878,72.1353,72.3391,2137164
2006-03-29,72.929,75.1438,72.734,75.0665,4872353
2006-03-30,76.3581,76.7826,75.504,75.697,4032120
2006-03-31,76.0255,76.6233,75.2684,75.5347,2246444
2006-04-03,76.3917,78.0097,75.8999,76.8895,3500409
2006-04-04,77.5159,77.6109,76.4946,77.0488,1937827
2006-04-05,76.9231,77.0488,75.697,76.7826,2857190
2006-04-06,76.7826,78.8272,76.4946,78.37,4069864
2006-04-07,78.2423,78.4976,76.6857,77.5515,2615388
2006-04-10,77.5159,77.7436,75.599,76.5926,2144188
2006-04-11,77.7109,77.9761,75.8999,77.7109,3173675
2006-04-12,78.37,79.0904,78.1364,79.0627,3689914
2006-04-13,79.031,79.9168,78.7965,79.1914,2607902
2006-04-17,79.1914,79.9168,77.1151,77.7436,3164770
2006-04-18,78.2423,79.5526,77.4745,79.3923,4712930
2006-04-19,74.5123,75.1755,73.2892,74.1521,9416896
2006-04-20,74.1828,75.7276,74.1205,74.4184,3855694
2006-04-21,74.4184,74.5797,72.3698,72.7687,3213573
2006-04-24,72.5341,73.9502,72.269,73.6504,2874189
2006-04-25,73.395,73.8869,72.3698,72.5341,2197194
2006-04-26,72.6291,73.3526,72.5628,72.8627,2285511
2006-04-27,72.7687,72.9893,72.1353,72.4381,2178866
2006-04-28,71.9365,71.968,70.0946,70.3926,3681343
2006-05-01,69.8285,70.8843,68.9121,69.7631,4488975
2006-05-02,70.159,71.5454,69.9334,70.0601,2769189
2006-05-03,71.7118,72.5034,71.7118,72.2046,3792058
2006-05-04,72.2046,73.1279,72.0116,72.3698,2793108
2006-05-05,72.929,73.6207,72.5965,73.5227,3019913
2006-05-08,73.1279,74.6737,72.5628,74.3105,2997838
2006-05-09,73.6841,75.8643,73.491,75.3655,4571215
2006-05-10,75.0369,75.1755,73.3189,73.5227,4757893
2006-05-11,73.787,73.8206,70.0601,70.7558,7315913
2006-05-12,70.2243,72.0433,69.8285,71.3495,5120011
2006-05-15,70.6885,71.119,69.6998,70.9853,2842884
2006-05-16,70.8843,72.4728,70.2946,70.8527,3030722
2006-05-17,69.9947,70.5211,68.2827,69.2011,3581560
2006-05-18,69.008,69.7631,67.2634,67.4543,2922046
2006-05-19,68.3806,68.9121,66.632,67.3247,4671548
2006-05-22,67.2634,69.0961,66.9635,68.3806,3470566
2006-05-23,69.4019,70.4568,68.0481,68.1461,2813393
2006-05-24,68.5835,68.7409,66.4736,67.4197,3529318
2006-05-25,68.1788,69.5712,68.1461,69.4019,3422827
2006-05-26,69.5712,70.3282,69.4355,70.159,1482266
2006-05-30,69.6039,69.7631,69.2744,69.4019,1699150
2006-05-31,69.4979,69.966,69.3357,69.5296,2261774
2006-06-01,69.4355,71.3812,69.4019,71.2486,2352327
2006-06-02,72.2046,72.7014,71.211,71.7464,3264462
2006-06-05,71.3188,71.5454,70.1293,71.2486,2513650
2006-06-06,71.2486,71.5108,70.6558,71.0546,3621788
2006-06-07,71.0546,71.0546,69.5296,69.8285,2445478
2006-06-08,68.5073,69.4662,66.4736,68.8774,4338512
2006-06-09,69.3682,69.8947,66.8961,67.8897,3282783
2006-06-12,68.5073,69.4979,64.9515,65.0455,4769700
2006-06-13,65.1208,66.0995,63.7037,65.1208,3749045
2006-06-14,65.6107,66.5983,65.4009,66.3974,3331651
2006-06-15,66.5983,67.5919,66.5666,67.0278,3516931
2006-06-16,66.3332,66.632,64.9802,66.2064,4544964
2006-06-19,66.5983,66.5983,65.6424,66.0045,1956035
2006-06-20,66.0045,67.0902,65.0119,65.377,4333812
2006-06-21,65.9402,66.632,65.8125,65.9402,3742903
2006-06-22,66.0708,66.3025,64.6824,64.8863,2580817
2006-06-23,64.8863,65.9719,64.0956,65.5463,2659025
2006-06-26,65.2792,66.1728,65.1505,65.7798,1896056
2006-06-27,65.3453,66.3648,64.4597,64.8863,2855625
2006-06-28,64.9179,65.2495,62.6803,63.6641,4327386
2006-06-29,64.1302,66.1728,63.4048,65.9085,3328987
2006-06-30,66.0995,66.9308,65.479,66.4311,2401923
2006-07-03,66.4736,67.0575,66.4311,66.8338,1421113
2006-07-05,65.674,66.1411,65.0119,65.7383,2108131
2006-07-06,66.1728,67.2634,65.9402,66.2688,2364435
2006-07-07,65.6107,65.9719,64.5221,65.3128,3413314
2006-07-10,65.6107,66.0995,63.3306,63.8332,2295440
2006-07-11,63.2989,63.7976,61.9906,63.7037,4763660
2006-07-12,63.8629,64.5221,62.6091,62.6398,2952060
2006-07-13,62.1469,63.7661,61.5205,62.807,3284696
2006-07-14,62.807,63.7334,61.5849,61.6175,2834865
2006-07-17,61.7224,63.6294,61.7224,62.906,3506802
2006-07-18,63.1742,64.2548,61.6571,62.245,4029386
2006-07-19,62.5735,64.2895,62.5131,63.471,5504570
2006-07-20,69.8947,71.7118,67.7186,67.9224,11076043
2006-07-21,67.9224,68.25,66.0045,67.2634,4147127
2006-07-24,68.4776,70.7222,68.4776,69.6335,4606152
2006-07-25,69.6998,71.5454,69.6998,71.211,4550076
2006-07-26,71.8088,73.0319,71.0546,72.0433,4563829
2006-07-27,72.5341,73.3189,72.2927,72.8973,3758664
2006-07-28,73.0655,74.8104,72.9893,74.1521,4468945
2006-07-31,74.0473,75.5674,73.7603,75.0369,3275823
2006-08-01,74.4184,74.45,73.1932,74.1205,2888100
2006-08-02,74.3422,76.8895,74.0878,76.4946,4878119
2006-08-03,75.8999,77.4141,75.5674,76.9548,3599503
2006-08-04,75.8326,76.8895,74.9082,76.1661,3960996
2006-08-07,75.1755,76.6233,74.0473,76.1661,3361446
2006-08-08,76.3581,76.7539,74.64,75.2052,3174336
2006-08-09,75.6326,76.8252,75.0022,75.3021,2900010
2006-08-10,75.0665,76.1324,74.1828,75.9938,2052165
2006-08-11,75.4733,75.6663,73.7603,74.8104,2616473
2006-08-14,75.5674,76.6233,74.6737,75.8999,2638282
2006-08-15,76.3255,77.6446,75.7276,77.6109,3373937
2006-08-16,77.4745,78.7965,76.6233,78.4976,2959420
2006-08-17,77.8791,79.126,77.3151,78.2077,4127090
2006-08-18,78.2077,78.9657,77.6109,78.4689,2328320
2006-08-21,77.7733,78.1701,76.8559,77.9117,1861966
2006-08-22,77.4745,78.3383,76.4946,76.8895,2203495
2006-08-23,76.5926,77.3151,74.0126,74.8104,3749364
2006-08-24,75.0665,75.2368,74.3422,75.1755,1783722
2006-08-25,74.9735,75.6663,74.5123,74.9735,1463241
2006-08-28,74.6093,76.6857,74.2788,76.3581,2054289
2006-08-29,76.3581,77.4745,75.6663,77.2834,2665819
2006-08-30,77.8069,79.6555,77.4745,78.6679,4318622
2006-08-31,78.6679,78.7332,76.3255,77.0854,2339905
2006-09-01,77.4141,77.5822,76.0255,77.1864,1762218
2006-09-05,76.6233,77.5515,75.8643,77.4745,1621533
2006-09-06,76.3917,77.0488,74.842,74.8765,2461779
2006-09-07,74.2788,76.0255,73.4614,75.9612,3575388
2006-09-08,75.9612,78.3067,75.697,78.1364,3733818
2006-09-11,77.9761,79.7555,77.7436,79.031,3565963
2006-09-12,79.5526,81.4656,79.3923,80.4165,4723204
2006-09-13,80.283,80.283,78.4976,79.1577,3728690
2006-09-14,79.1914,81.041,79.0627,80.7777,2694034
2006-09-15,81.7041,82.3642,81.1072,81.9287,4327567
2006-09-18,82.193,84.2385,81.6298,82.2592,6073799
2006-09-19,81.8011,82.758,80.283,82.193,2915183
2006-09-20,82.5878,83.81,82.3949,83.2489,3240225
2006-09-21,82.9808,84.0751,82.4246,82.8551,2973257
2006-09-22,82.9164,83.0579,80.8401,81.7664,2808351
2006-09-25,82.193,83.3439,81.2369,83.3132,2353303
2006-09-26,83.2489,83.5467,82.0346,82.3642,2688482
2006-09-27,82.3642,82.5878,80.5758,81.0133,3374347
2006-09-28,80.9391,82.2592,80.9391,82.0673,2016690
2006-09-29,81.6011,82.9808,81.4388,82.4246,2205982
2006-10-02,81.3409,83.0579,81.3409,82.4246,2143249
2006-10-03,82.094,83.2489,81.8011,82.8224,2186673
2006-10-04,82.8224,83.7793,82.2592,83.6437,2909607
2006-10-05,83.5141,84.8966,83.0579,84.8323,2302286
2006-10-06,83.81,84.668,83.7456,84.5353,2191680
2006-10-09,84.2088,84.5353,83.6784,83.7793,1361809
2006-10-10,83.907,83.9407,82.9164,83.1846,2314990
2006-10-11,82.7254,83.2172,81.3726,82.5255,2964409
2006-10-12,82.758,84.6353,82.2592,84.3335,3064313
2006-10-13,84.8649,86.7116,84.568,86.3821,4195877
2006-10-16,86.3821,86.6185,83.8466,84.0386,3588021
2006-10-17,84.0386,84.0386,80.6165,81.9287,9474886
2006-10-18,77.1864,79.9168,76.9835,77.9395,12229826
2006-10-19,76.653,77.5822,76.0611,77.3478,4145019
2006-10-20,77.3478,78.3067,76.4946,77.8386,3200176
2006-10-23,77.6763,78.6025,76.5273,76.8895,3358379
2006-10-24,76.3917,77.6109,76.2928,77.0122,2908547
2006-10-25,76.559,78.2077,76.3255,77.6763,3349006
2006-10-26,78.3067,78.7965,77.6109,77.7733,3181166
2006-10-27,77.1864,77.4141,75.9938,76.3917,3257544
2006-10-30,76.1324,76.8559,75.3021,76.1938,3054751
2006-10-31,76.6857,76.9231,75.4733,76.0255,2528061
2006-11-01,76.4946,77.2507,74.9735,75.0665,2928029
2006-11-02,75.0022,75.0369,73.5891,74.5123,4194366
2006-11-03,74.6737,75.3991,73.2892,74.0473,3011858
2006-11-06,74.0878,75.504,73.8543,75.2684,3700884
2006-11-07,74.842,74.8765,71.8088,72.269,7895656
2006-11-08,71.8711,72.734,70.6261,70.7875,7771650
2006-11-09,70.8527,71.1784,69.3357,69.8947,6141387
2006-11-10,69.8947,70.916,69.4355,70.4865,5975343
2006-11-13,70.7558,71.4772,69.5296,69.7948,6513904
2006-11-14,70.6558,71.8711,69.7948,71.4772,6824713
2006-11-15,71.6791,74.1828,71.5454,73.395,9211401
2006-11-16,73.9502,74.9082,73.2892,74.546,6012007
2006-11-17,74.1205,74.5123,73.5891,73.787,3986406
2006-11-20,73.5227,74.4798,72.9893,74.2502,3549281
2006-11-21,74.1205,74.45,72.5034,72.6291,4023354
2006-11-22,73.5554,74.3422,73.1279,73.6841,2545966
2006-11-24,72.9893,74.3422,72.9893,74.0473,795033
2006-11-27,73.787,73.787,71.5108,72.0116,3897519
2006-11-28,71.5108,71.8711,70.1877,71.6078,4777984
2006-11-29,72.5965,72.8301,72.1066,72.3698,3460162
2006-11-30,72.17,73.4297,72.0433,73.0992,2843899
2006-12-01,72.8973,72.8973,71.3495,72.0749,4064984
2006-12-04,71.5771,72.9596,71.5771,72.4381,3060676
2006-12-05,72.7687,73.2606,72.269,72.5965,3796725
2006-12-06,72.5341,74.3422,72.0749,72.4728,6974278
2006-12-07,72.5341,72.7687,70.5211,70.6885,7194995
2006-12-08,70.8843,70.8843,69.304,69.5296,6683370
2006-12-11,69.7295,70.357,69.4019,69.9947,4503370
2006-12-12,69.6682,69.9947,68.2827,68.6152,4983246
2006-12-13,68.4776,69.0714,67.8897,68.0847,3282036
2006-12-14,68.25,68.7409,67.6839,68.2183,5668326
2006-12-15,68.7082,69.5296,68.1461,68.2827,4629752
2006-12-18,68.4429,69.6682,68.0481,68.4429,4606438
2006-12-19,67.1644,68.2827,67.1238,67.5602,3636110
2006-12-20,67.1644,68.7082,67.0278,67.2941,3259532
2006-12-21,67.2941,67.9521,66.5053,66.9971,3599094
2006-12-22,67.0902,67.389,66.536,66.7952,2748835
2006-12-26,66.7617,68.0154,66.7617,67.5246,2210789
2006-12-27,67.9224,68.8072,67.6839,67.7503,3392202
2006-12-28,67.9521,68.1461,67.486,67.7503,1737784
2006-12-29,67.6552,68.5835,67.5919,67.7849,1903367
2007-01-03,68.25,68.9447,67.5246,67.8166,5125808
2007-01-04,67.5602,68.0847,66.9635,67.7503,4984841
2007-01-05,59.5422,63.471,59.3483,62.4448,31200449
2007-01-08,62.6803,62.712,60.8614,61.3265,10774408
2007-01-09,61.192,61.5512,60.1667,60.2023,9808965
2007-01-10,59.84,60.041,59.5075,59.8707,7393264
2007-01-11,60.1034,61.1267,59.7076,60.0074,6095926
2007-01-12,60.2023,60.3695,59.0187,59.3789,7812702
2007-01-16,59.6749,59.941,59.3789,59.84,5650370
2007-01-17,60.0074,61.6175,59.7076,60.8911,9238339
2007-01-18,61.3265,61.9906,60.9238,61.6907,8749537
2007-01-19,61.6571,64.1619,61.2938,63.5324,13278692
2007-01-22,63.8956,63.9272,60.8911,61.7224,7638685
2007-01-23,61.3265,61.7541,60.6695,61.093,5441980
2007-01-24,61.0296,61.8807,60.8287,61.2207,5018048
2007-01-25,61.6907,62.3507,61.0583,61.2938,6739517
2007-01-26,61.0296,61.3265,60.041,60.6001,4986489
2007-01-29,60.7021,60.7021,59.7422,60.3695,7083253
2007-01-30,64.2895,64.714,63.3711,64.5576,15157482
2007-01-31,64.5576,65.582,63.8956,65.4483,5994687
2007-02-01,65.7066,65.8768,64.5576,65.7798,6010287
2007-02-02,65.6107,65.7066,65.1505,65.4483,3844781
2007-02-05,65.1505,65.6107,64.8209,65.5137,3332791
2007-02-06,65.5137,65.7066,64.2548,65.0455,6856743
2007-02-07,65.6107,65.6424,65.1208,65.6424,4248937
2007-02-08,65.0455,65.7066,64.622,65.479,4208673
2007-02-09,65.582,65.6107,64.1619,64.5221,4056804
2007-02-12,64.3251,64.6527,62.7763,63.1059,4723424
2007-02-13,63.0099,63.8629,62.9703,63.7661,3430632
2007-02-14,63.9569,64.0629,63.2366,63.3306,4307003
2007-02-15,63.471,63.8956,62.807,63.4394,6984245
2007-02-16,63.3711,64.1302,63.0723,63.5007,4199352
2007-02-20,63.1385,63.2059,62.6091,63.2059,3012833
2007-02-21,62.4774,62.6803,61.8173,62.3162,3716960
2007-02-22,62.3824,62.9703,62.2756,62.5131,2995765
2007-02-23,62.4774,63.2652,62.2143,63.1385,3459999
2007-02-26,63.5007,63.6641,62.9386,63.471,3379768
2007-02-27,62.5131,62.712,60.1667,61.3265,6137379
2007-02-28,61.3591,61.7224,60.6001,61.0583,3851099
2007-03-01,61.2938,63.2059,60.4992,62.0836,8014113
2007-03-02,61.852,62.8733,61.192,61.4562,4359702
2007-03-05,60.7625,61.6175,60.2735,61.0,3877576
2007-03-06,61.9134,62.5735,61.4888,62.1143,3330123
2007-03-07,61.6175,62.9386,61.2207,62.6803,8232665
2007-03-08,63.0723,63.2652,61.1524,61.4275,6533901
2007-03-09,61.7867,61.8173,60.3072,60.8911,4879787
2007-03-12,60.8614,62.1816,60.4992,61.1267,8648778
2007-03-13,60.7298,61.1267,60.0074,60.1321,6068096
2007-03-14,60.2023,60.7625,59.8707,60.6695,5085725
2007-03-15,60.3072,60.7961,60.1034,60.4002,2739928
2007-03-16,60.4686,60.4992,59.9104,59.9737,5406247
2007-03-19,60.1321,60.6001,60.0074,60.3072,4472453
2007-03-20,60.041,62.4141,59.941,62.0519,7562980
2007-03-21,61.7867,62.3162,60.3695,61.7867,7509384
2007-03-22,58.5893,59.0503,57.5372,57.6986,33931048
2007-03-23,58.2617,59.0503,57.9291,58.5279,10239897
2007-03-26,58.3606,59.2483,58.2893,59.0503,5886238
2007-03-27,59.2829,59.2829,58.4883,58.5893,6590693
2007-03-28,58.3606,59.1127,58.2617,58.4546,5836364
2007-03-29,58.4883,58.8188,58.1588,58.3883,7461048
2007-03-30,58.3249,58.6199,58.0894,58.2617,6842920
2007-04-02,58.0281,58.4883,57.6312,57.8985,6535171
2007-04-03,58.0281,58.4189,57.7599,58.2617,4757179
2007-04-04,58.5893,58.9841,58.2893,58.4189,3954493
2007-04-05,58.4189,58.7515,57.8678,57.9944,3396126
2007-04-09,58.1231,58.5279,57.6986,58.1954,2816112
2007-04-10,58.4189,58.4883,57.7273,58.2893,2914276
2007-04-11,58.3606,58.4189,57.5689,57.6649,3708031
2007-04-12,57.5372,57.7936,57.1335,57.7599,4316971
2007-04-13,58.3249,58.5893,57.463,58.4883,3317361
2007-04-16,58.5279,58.8188,58.1954,58.7515,3337574
2007-04-17,58.6565,59.6125,58.4883,59.178,5358612
2007-04-18,59.84,60.7961,59.3789,60.0747,7241204
2007-04-19,59.9104,60.6001,59.4432,59.6125,6964996
2007-04-20,60.041,60.1667,59.4739,60.041,4479830
2007-04-23,60.0747,60.2735,58.9178,58.9841,4052031
2007-04-24,59.1127,59.4739,58.0281,58.1588,6348747
2007-04-25,59.2167,59.7422,58.7515,59.0503,8217695
2007-04-26,59.0503,59.2483,58.2893,59.0187,4670089
2007-04-27,59.0187,59.1464,57.7599,57.9291,5844450
2007-04-30,57.8678,58.1231,57.1048,57.1335,4087366
2007-05-01,57.368,58.3249,57.2344,57.5689,7561516
2007-05-02,57.7599,58.3883,57.6986,57.8985,6350786
2007-05-03,57.9291,58.8494,57.7599,58.4546,8164292
2007-05-04,58.9524,60.1321,58.8494,59.6125,7181662
2007-05-07,60.0074,60.0074,58.6199,59.6125,7941320
2007-05-08,58.1588,58.9841,58.1231,58.3606,8136677
2007-05-09,58.3606,59.3156,58.3606,59.0187,5096919
2007-05-10,58.9841,60.0074,58.8703,59.178,5610064
2007-05-11,59.2483,60.5318,59.2483,60.4002,4434148
2007-05-14,60.8287,61.093,59.2483,59.8707,7453855
2007-05-15,59.84,60.1321,58.6872,59.082,6393746
2007-05-16,59.6125,60.0747,59.2829,60.0747,4209001
2007-05-17,60.234,61.8173,59.9737,61.3265,7449010
2007-05-18,61.8807,61.946,60.8614,61.946,5282929
2007-05-21,61.946,63.2366,61.6907,62.3162,8546663
2007-05-22,62.6803,62.6803,61.5205,62.3824,3308477
2007-05-23,62.2143,62.3162,61.4275,61.5849,3499480
2007-05-24,61.6571,61.7224,59.941,60.2023,6441913
2007-05-25,60.4002,61.192,60.1667,60.6338,4005527
2007-05-29,61.1267,61.3265,59.84,60.3349,3318094
2007-05-30,60.0074,60.5615,59.7422,60.2735,4252381
2007-05-31,60.8287,60.8287,59.2829,59.9737,7500090
2007-06-01,60.3349,60.7961,60.0747,60.5318,3932453
2007-06-04,60.7961,61.2295,60.2023,60.3349,4037275
2007-06-05,60.1667,60.7961,60.1667,60.3695,4585831
2007-06-06,60.1034,60.234,59.7076,59.7757,2988455
2007-06-07,59.7076,59.941,58.2893,58.3249,5189165
2007-06-08,58.4883,59.2829,57.9617,58.9841,6283187
2007-06-11,58.7851,59.178,58.1954,58.7188,3105980
2007-06-12,58.2617,59.1127,58.0568,58.5893,4995083
2007-06-13,58.6872,59.6749,58.6565,59.5809,5065848
2007-06-14,59.4739,60.4992,59.3789,60.234,4571231
2007-06-15,60.6695,60.6695,60.0747,60.4992,6837571
2007-06-18,60.4992,60.7021,59.6125,59.7757,3643622
2007-06-19,59.3789,59.7076,59.1464,59.6125,4195435
2007-06-20,59.7422,60.0747,58.9841,59.0503,4856252
2007-06-21,59.0503,60.041,58.8494,59.84,5108054
2007-06-22,59.4432,59.9104,58.9841,58.9841,3997408
2007-06-25,59.0503,59.4739,58.4189,58.7515,4224934
2007-06-26,58.8851,59.4739,58.4189,58.6565,4805450
2007-06-27,58.6199,59.0503,58.4189,58.7515,3136052
2007-06-28,58.6872,59.1127,58.4189,58.7851,2707697
2007-06-29,58.9178,58.9524,58.0568,58.3606,4334235
2007-07-02,58.1954,58.8851,58.1231,58.8188,3612838
2007-07-03,58.8494,59.0503,58.6872,58.9524,2028292
2007-07-05,58.8188,58.9178,58.1954,58.6872,3092582
2007-07-06,58.3883,59.3483,58.3606,58.8188,3470613
2007-07-09,59.1127,59.1127,58.6199,58.6872,3365691
2007-07-10,58.5279,58.6872,57.8985,58.0894,3838197
2007-07-11,58.0281,59.6749,57.8985,59.178,7374363
2007-07-12,58.9841,59.6125,58.3249,59.6125,9586551
2007-07-13,59.2483,59.3483,58.6565,59.0187,5426819
2007-07-16,59.4739,60.3349,59.3483,59.8707,5958928
2007-07-17,59.7076,60.1667,59.1464,59.1464,4007372
2007-07-18,58.8188,59.5422,58.6565,59.3483,3956690
2007-07-19,60.1667,60.4339,59.7076,60.0747,4828881
2007-07-20,59.6749,60.0074,58.6872,59.178,4702963
2007-07-23,59.3483,59.6125,58.7188,58.7851,4028307
2007-07-24,58.4883,59.0187,58.1231,58.3883,5293095
2007-07-25,58.5279,58.6199,57.9944,58.2893,3543167
2007-07-26,57.8985,58.1588,56.219,57.2047,8768198
2007-07-27,56.9711,57.1335,55.8845,55.8845,8342813
2007-07-30,56.3794,56.5466,55.6174,55.9499,6066385
2007-07-31,56.1853,56.4091,55.2888,56.0152,5925850
2007-08-01,55.461,56.0152,53.9982,55.0255,8015235
2007-08-02,55.3531,55.9499,55.0562,55.6827,5106798
2007-08-03,55.461,55.7895,53.9033,53.9033,3900037
2007-08-06,54.0765,54.6278,52.784,54.5011,7109061
2007-08-07,53.9349,54.7652,53.4154,54.2656,4399852
2007-08-08,54.405,56.3794,53.9982,56.3794,6305416
2007-08-09,55.3848,56.803,55.2254,55.4243,7125511
2007-08-10,54.6278,55.2571,53.743,54.7652,4605987
2007-08-13,55.3848,56.0152,54.5674,55.555,3995315
2007-08-14,55.8518,56.2774,54.4357,54.4357,3803652
2007-08-15,54.1379,54.5011,53.0186,53.4461,5469902
2007-08-16,53.0513,53.4461,51.4648,52.9463,6892074
2007-08-17,54.3634,54.405,52.784,53.7756,4507063
2007-08-20,53.6381,54.6278,53.4461,53.8083,3170014
2007-08-21,53.7756,54.5011,53.4154,54.2032,3806022
2007-08-22,54.7345,55.0255,54.1102,54.5357,2893724
2007-08-23,54.6633,54.9256,54.3327,54.7345,2678259
2007-08-24,54.5357,55.1928,54.4357,55.1928,3583574
2007-08-27,55.1928,55.4956,54.8296,54.9573,2823960
2007-08-28,54.8296,54.8296,53.1166,53.3085,3164611
2007-08-29,53.5114,54.2991,53.2788,54.2991,2646352
2007-08-30,55.1632,56.1518,54.9573,55.2254,4148103
2007-08-31,55.7895,56.31,55.5867,55.8845,2808567
2007-09-04,56.2774,57.3363,55.653,56.706,3845277
2007-09-05,56.4387,57.368,56.3794,56.6733,3266610
2007-09-06,56.6733,57.6986,56.4091,57.4313,3553842
2007-09-07,56.6396,58.4883,56.0776,56.4803,5322170
2007-09-10,57.0355,57.2047,55.7895,56.1181,3770695
2007-09-11,56.2774,57.5372,56.1518,57.0691,3410357
2007-09-12,56.612,57.368,56.4803,56.8444,3950277
2007-09-13,56.8118,57.0355,55.9162,56.6733,3518784
2007-09-14,56.1181,56.4387,55.5867,55.9499,3005047
2007-09-17,55.7895,55.9499,55.0938,55.4956,2758239
2007-09-18,55.8222,56.8781,55.0008,56.8118,3455640
2007-09-19,57.0355,57.8321,56.9058,57.2047,3664682
2007-09-20,57.8678,59.178,57.8678,58.7515,5219796
2007-09-21,59.082,59.3483,58.3249,58.9841,3461956
2007-09-24,59.3483,60.1667,59.2829,59.5075,3917119
2007-09-25,59.4432,61.8173,59.3483,61.3908,7511924
2007-09-26,61.8807,62.1469,61.0,61.7224,4747199
2007-09-27,61.8173,62.245,61.1267,61.6175,2728054
2007-09-28,61.3265,61.4888,59.6749,61.093,3634318
2007-10-01,61.0,62.1469,60.8287,61.9134,3081351
2007-10-02,61.7867,61.9906,61.1267,61.7224,2348105
2007-10-03,61.3265,62.4141,61.2554,61.9134,3614869
2007-10-04,61.7224,62.245,61.4562,61.9134,2577792
2007-10-05,62.2756,62.3824,61.7867,62.0222,2502127
2007-10-08,61.9906,61.9906,61.3591,61.7541,1405587
2007-10-09,61.852,61.852,60.1667,61.7541,3189828
2007-10-10,61.5205,61.7867,60.9238,61.6571,2210562
2007-10-11,61.9134,63.1059,61.7541,62.2756,3915527
2007-10-12,62.4141,63.4394,62.1469,63.0723,2543602
2007-10-15,63.7976,64.0956,63.1385,63.7661,3773406
2007-10-16,62.8733,63.7334,62.807,63.1742,4280605
2007-10-17,63.8332,63.8629,62.8416,63.6294,3213484
2007-10-18,63.4394,63.9569,63.1742,63.6641,1826918
2007-10-19,63.3711,63.471,61.2938,61.6571,4293004
2007-10-22,61.0583,61.9134,60.7021,61.8807,3364924
2007-10-23,61.9906,62.6398,61.5512,62.4774,2225868
2007-10-24,62.3507,62.5438,59.7076,61.1613,5112627
2007-10-25,63.3711,64.8863,62.906,63.6294,7135249
2007-10-26,64.1916,64.5576,62.6398,63.4394,3635825
2007-10-29,63.1385,63.1385,61.8807,62.4774,3909985
2007-10-30,62.4141,62.906,61.3591,61.6571,2561920
2007-10-31,61.8807,62.245,61.1613,61.946,2517591
2007-11-01,61.2938,61.852,59.4086,59.5075,4284125
2007-11-02,59.7076,59.8054,58.6199,59.178,3170947
2007-11-05,58.5279,59.3483,57.5026,58.3883,3378418
2007-11-06,58.5279,59.0503,57.6986,58.4883,2728817
2007-11-07,57.3363,58.2617,56.0776,56.1181,4590159
2007-11-08,57.0355,57.0355,54.2656,56.0489,4908906
2007-11-09,55.461,55.461,53.7756,54.3327,3773332
2007-11-12,53.5737,55.0255,53.5737,54.0419,3011390
2007-11-13,54.3634,55.7895,54.2032,55.6827,2997007
2007-11-14,56.1518,56.219,54.4654,54.8652,2887530
2007-11-15,54.5931,55.4956,53.9033,54.2656,2554322
2007-11-16,54.5357,54.8959,53.8755,54.7652,2560656
2007-11-19,54.4357,54.4357,52.4881,52.8839,4453851
2007-11-20,52.9463,53.4935,50.6435,52.028,4475335
2007-11-21,50.972,51.4332,49.9537,50.5376,3700975
2007-11-23,50.7721,51.8607,49.8141,51.7963,1572867
2007-11-26,51.6983,52.0952,50.2139,50.2525,3650328
2007-11-27,50.4139,50.8374,49.0294,50.5376,4523708
2007-11-28,50.8027,52.2229,49.6548,51.3045,6375069
2007-11-29,51.0413,51.9924,50.9423,51.5945,3576293
2007-11-30,53.7143,53.743,51.6342,52.6573,5941910
2007-12-03,51.9924,52.4209,50.4762,50.8731,4714431
2007-12-04,50.4762,51.7963,50.1774,51.6648,4348928
2007-12-05,52.1893,52.5821,51.5945,51.926,3906889
2007-12-06,51.9637,53.843,51.5648,53.7756,4511979
2007-12-07,53.9666,53.9666,52.784,53.743,2655413
2007-12-10,53.7756,54.3327,53.3085,54.3327,2949136
2007-12-11,54.1706,55.0562,53.1482,53.3471,3436644
2007-12-12,53.743,54.6278,52.6158,53.3818,3476250
2007-12-13,53.0186,53.9349,52.691,53.4788,3105227
2007-12-14,53.1166,53.4788,52.691,52.7514,3080559
2007-12-17,52.4209,52.8196,52.1259,52.4209,3105149
2007-12-18,52.691,53.5737,52.2843,52.8503,3652706
2007-12-19,52.8196,53.3085,52.4209,52.7514,2337675
2007-12-20,53.0186,53.2451,52.691,53.1809,2062697
2007-12-21,53.6687,54.1102,53.2788,53.743,3710941
2007-12-24,53.6381,54.1102,53.4154,53.9033,847900
2007-12-26,53.4788,54.8296,53.3085,54.5931,2065653
2007-12-27,53.9349,54.5674,53.743,53.8755,1731793
2007-12-28,54.0765,54.1102,53.2135,53.6687,2147703
2007-12-31,53.4154,53.4461,52.7514,52.8839,2603052
2008-01-02,52.784,53.2451,52.1893,52.979,4013686
2008-01-03,53.084,53.4154,52.6573,52.9156,5000274
2008-01-04,51.733,51.7627,49.0898,49.6874,7165291
2008-01-07,49.8795,49.8795,48.6633,49.3886,5304329
2008-01-08,49.5182,50.2802,48.7611,48.9591,4204088
2008-01-09,49.1531,49.2906,47.3113,48.7611,4400358
2008-01-10,48.301,49.5182,47.9695,49.2292,3980143
2008-01-11,48.6633,48.9938,47.9388,48.2733,2647422
2008-01-14,48.5712,49.3223,47.8438,48.1703,3607245
2008-01-15,47.6736,47.8765,46.8551,47.1827,3485518
2008-01-16,46.287,47.3113,46.0229,46.193,5815031
2008-01-17,46.2267,46.5246,44.0841,44.2138,5468659
2008-01-18,44.8382,45.1362,43.2232,43.9476,4976143
2008-01-22,40.2582,40.7204,38.0772,40.6205,15671845
2008-01-23,33.6673,35.1804,31.0893,33.0052,29700508
2008-01-24,33.4368,34.2848,32.7083,33.4011,15576931
2008-01-25,34.0601,35.7772,33.794,35.3704,8552274
2008-01-28,35.5129,37.1597,35.3408,37.0578,8170271
2008-01-29,37.227,38.3433,36.8935,37.2874,5067208
2008-01-30,37.0578,38.6431,36.9559,37.227,5010069
2008-01-31,36.7599,38.4097,36.5333,37.9168,5322700
2008-02-01,42.5304,42.766,41.1142,41.8357,11342128
2008-02-04,41.2399,41.5082,39.9604,40.2909,5350490
2008-02-05,39.6624,39.6624,37.9168,37.9495,5597293
2008-02-06,38.3107,38.375,36.8629,37.8208,5440775
2008-02-07,37.5239,38.2483,37.1934,37.6526,4434605
2008-02-08,37.419,37.9168,36.9559,37.126,6058620
2008-02-11,37.5823,38.6738,37.3853,38.1433,4878884
2008-02-12,38.3107,38.7698,37.7466,38.1107,4647204
2008-02-13,38.4413,38.9064,37.9831,38.6738,3666613
2008-02-14,38.7698,39.3023,37.9168,37.9495,3798267
2008-02-15,37.5823,37.8505,36.9896,37.1934,6002869
2008-02-19,37.5823,37.7178,36.9559,37.227,4583541
2008-02-20,36.8629,37.7811,36.6895,37.7811,3171999
2008-02-21,37.8505,38.1107,37.0875,37.1934,2523205
2008-02-22,37.2567,37.6179,36.5975,37.4526,6648079
2008-02-25,36.6895,36.9896,35.8445,36.7975,5212270
2008-02-26,36.5659,36.7975,36.0345,36.2997,5343977
2008-02-27,36.2008,36.269,35.7772,35.8693,3522311
2008-02-28,35.6723,35.8445,34.0958,34.2848,7416977
2008-02-29,33.989,34.1274,32.4105,32.8687,9316790
2008-03-03,33.1378,33.1378,32.0166,32.3452,7080711
2008-03-04,31.983,32.838,31.2912,32.741,9369197
2008-03-05,33.2309,33.2952,32.5095,33.0378,5242704
2008-03-06,33.2952,33.2952,32.741,32.7717,4442122
2008-03-07,32.5709,33.0378,31.7494,32.3778,4760066
2008-03-10,32.4778,32.933,31.3902,31.4516,3725365
2008-03-11,31.8483,33.0052,31.7494,33.0052,4246480
2008-03-12,32.9004,34.2531,32.8063,33.0052,4146590
2008-03-13,32.4412,32.8687,31.5505,32.5095,3166394
2008-03-14,33.0715,33.1012,31.307,31.4823,4070128
2008-03-17,30.6935,31.4189,30.0659,30.4946,5869872
2008-03-18,31.027,32.2412,30.8241,32.1146,5058250
2008-03-19,32.2115,32.3125,30.7627,30.7627,4181333
2008-03-20,30.7944,31.1219,29.6087,30.4946,6249103
2008-03-24,30.93,32.3452,30.6628,31.9513,3593598
2008-03-25,32.2115,32.5382,31.2209,32.1769,3476210
2008-03-26,33.9533,34.1274,32.3125,33.0378,10565589
2008-03-27,32.643,32.6757,30.9934,31.3219,5954678
2008-03-28,31.5505,31.6554,30.2689,30.3639,4130438
2008-03-31,30.3639,30.93,30.0027,30.6628,3566580
2008-04-01,31.3219,31.7841,30.8557,31.2209,6209884
2008-04-02,31.2209,31.7494,30.8241,31.6861,4042628
2008-04-03,31.2209,32.3452,30.8241,32.2115,4032885
2008-04-04,32.2115,32.2115,31.3219,31.879,3170290
2008-04-07,32.8687,32.9004,32.1769,32.4412,3034304
2008-04-08,32.2738,32.2738,31.1526,31.2912,3901387
2008-04-09,31.3902,31.4516,30.5658,30.6935,3198473
2008-04-10,30.6628,30.728,29.5445,30.0343,8582646
2008-04-11,29.6424,30.728,29.3446,29.8028,4596370
2008-04-14,29.8364,29.9739,29.4049,29.5445,2680773
2008-04-15,29.8028,29.8028,29.1833,29.6087,2459866
2008-04-16,29.9739,30.3965,29.505,30.3303,2990405
2008-04-17,29.6087,30.1659,29.3446,29.8364,2948160
2008-04-18,30.6628,31.0605,30.1659,30.4946,3917055
2008-04-21,30.3303,30.7627,29.9394,30.6935,3071172
2008-04-22,30.5984,30.93,29.9058,30.1659,2981267
2008-04-23,30.2689,31.7009,29.7078,31.4823,6130930
2008-04-24,30.0996,31.1219,29.8731,30.4946,4345344
2008-04-25,30.5984,30.6628,29.6087,30.4639,4491327
2008-04-28,30.3303,31.3219,29.9739,31.1882,4882902
2008-04-29,31.2209,33.1012,31.1882,32.9696,7793495
2008-04-30,33.1675,33.2635,32.5095,32.838,4069831
2008-05-01,32.838,33.2635,32.4778,33.2022,3607547
2008-05-02,33.1675,33.4635,32.6757,33.0715,3625437
2008-05-05,32.933,33.1378,32.5095,32.643,2727358
2008-05-06,32.5709,33.8623,32.0789,33.8286,3835793
2008-05-07,34.1274,34.1898,32.4778,32.6025,3435111
2008-05-08,33.0715,33.0715,32.6025,32.7083,2236605
2008-05-09,31.983,32.741,31.983,32.1769,1998212
2008-05-12,32.3125,32.643,32.0472,32.643,2330142
2008-05-13,32.7083,32.838,32.0166,32.2115,2525932
2008-05-14,32.5709,32.9696,32.2115,32.643,2717578
2008-05-15,32.4778,33.4951,32.3125,33.4011,2817779
2008-05-16,33.0715,33.5624,32.643,33.2022,2944152
2008-05-19,33.1378,34.2195,32.741,33.6267,3672894
2008-05-20,33.4635,33.4635,32.2412,32.3778,3293740
2008-05-21,32.3778,32.3778,30.7944,30.93,4947196
2008-05-22,31.2605,31.3219,30.3965,30.7627,3790271
2008-05-23,30.5658,30.93,30.0027,30.0027,2742246
2008-05-27,30.1996,30.5984,29.7374,30.1996,3394123
2008-05-28,30.5658,30.6321,29.9394,30.4322,3443418
2008-05-29,30.4322,31.2209,30.3035,30.8241,2748011
2008-05-30,30.93,31.1219,30.6628,30.7627,2192402
2008-06-02,30.6628,31.0605,29.7374,30.0996,2929550
2008-06-03,30.2363,30.3965,29.6721,30.0027,2639971
2008-06-04,30.1323,30.8241,29.7374,30.2689,3890638
2008-06-05,30.0343,30.6628,29.8364,30.4946,4695976
2008-06-06,30.1659,30.2363,29.3773,29.4396,6566541
2008-06-09,29.6721,29.7374,29.0763,29.4049,3886574
2008-06-10,29.6721,30.3303,29.505,29.7078,4080649
2008-06-11,29.7374,29.9394,29.3109,29.3446,4746239
2008-06-12,29.5445,29.8364,29.3773,29.5445,6232073
2008-06-13,29.8731,30.3965,29.7078,30.0996,2644071
2008-06-16,29.9739,30.3639,29.7374,30.0659,2389588
2008-06-17,30.1659,30.3639,29.505,29.6424,7354796
2008-06-18,29.505,29.6087,28.059,28.356,8429279
2008-06-19,28.1926,28.2876,25.0931,26.6716,13964184
2008-06-20,26.6716,26.6716,25.8166,26.1788,6439582
2008-06-23,25.0644,25.1555,24.0747,24.529,9026720
2008-06-24,24.4646,24.9249,24.0747,24.2321,5722947
2008-06-25,24.4005,25.1218,24.2955,24.7943,4167408
2008-06-26,24.4963,24.4963,23.9333,24.0747,4801239
2008-06-27,24.0065,24.3688,23.7423,24.2321,5911918
2008-06-30,24.1014,24.73,23.9006,24.1985,4409426
2008-07-01,23.9006,24.9556,23.7749,24.2955,6945946
2008-07-02,24.626,24.626,23.571,23.571,5210019
2008-07-03,23.8046,23.8373,23.2732,23.2732,3424913
2008-07-07,23.4098,23.8046,23.1742,23.4098,4348074
2008-07-08,23.4414,24.2321,23.2079,24.1688,3538169
2008-07-09,24.2321,24.3301,23.475,23.571,3268317
2008-07-10,23.5413,23.866,22.4489,22.912,6221382
2008-07-11,22.4231,23.5413,22.3241,23.0505,5851167
2008-07-14,23.8373,23.8373,22.3885,22.4231,3305318
2008-07-15,21.9916,22.6833,21.8224,22.2895,5933897
2008-07-16,22.2529,23.3444,21.9609,23.1445,4184438
2008-07-17,23.475,24.4963,22.9397,24.3301,4119223
2008-07-18,24.2955,24.826,23.9006,24.5923,3460725
2008-07-21,24.6606,24.6606,23.4414,23.675,3002106
2008-07-22,23.1445,24.4301,23.0505,24.4301,3112296
2008-07-23,24.4005,25.1218,24.1688,24.626,3225149
2008-07-24,24.5923,24.626,23.4098,23.571,2984930
2008-07-25,23.7423,24.1311,23.571,23.9006,3867036
2008-07-28,24.2955,24.2955,23.1108,23.3444,3969338
2008-07-29,23.3791,24.7626,23.2425,24.7626,4351802
2008-07-30,24.7626,25.4217,24.1688,25.3177,4777580
2008-07-31,27.7958,29.1427,26.4064,28.4885,17144961
2008-08-01,29.0111,29.214,28.2263,29.0467,5280883
2008-08-04,31.5168,32.9696,31.0605,32.3778,14947938
2008-08-05,32.5709,33.1012,31.2605,31.4823,9897955
2008-08-06,31.4189,31.4516,30.4639,31.3219,6043615
2008-08-07,31.1526,31.2209,30.0027,30.2363,6347907
2008-08-08,30.3035,31.9117,29.9394,31.7494,5379448
2008-08-11,31.6554,33.4951,31.4516,33.1378,4843027
2008-08-12,32.9004,34.0958,32.7083,33.0378,5422954
2008-08-13,32.9696,33.7633,32.3125,32.6025,3811881
2008-08-14,32.838,33.6673,32.3452,33.0378,4823091
2008-08-15,33.1378,34.6173,33.0378,34.0601,4560222
2008-08-18,34.1274,34.1274,32.4778,32.643,3569311
2008-08-19,32.3778,32.4412,31.6861,32.0472,3329725
2008-08-20,32.4778,32.4778,31.3219,31.9117,3590296
2008-08-21,31.6217,32.9004,31.2605,32.8063,3213805
2008-08-22,32.933,33.0378,32.1452,32.933,2717460
2008-08-25,32.5095,32.5709,31.3902,31.5168,2614287
2008-08-26,31.5505,31.879,31.0893,31.5168,2705412
2008-08-27,31.2912,31.8157,30.728,31.6554,2447817
2008-08-28,31.7841,31.879,31.2052,31.5505,3418481
2008-08-29,31.4189,31.4189,30.8874,31.0605,3030486
2008-09-02,31.5168,32.1146,30.93,31.3576,3968513
2008-09-03,30.9934,31.2912,30.4322,31.027,3173916
2008-09-04,30.7944,31.2605,30.0659,30.1323,4033901
2008-09-05,29.1427,30.0996,28.6518,29.8731,3980360
2008-09-08,30.3639,30.8241,29.7078,30.6935,3480763
2008-09-09,30.4946,31.3219,28.8122,28.8122,4780121
2008-09-10,28.9458,29.4733,27.1397,27.3961,7113549
2008-09-11,27.0951,27.1871,25.8343,26.7052,6499993
2008-09-12,26.2124,27.5325,26.2124,26.8062,3778735
2008-09-15,26.5409,26.6716,25.2237,25.2237,3465175
2008-09-16,25.0208,25.2237,23.571,23.866,6278414
2008-09-17,23.866,23.866,22.4834,22.4834,5573665
2008-09-18,22.9812,23.4414,21.4928,23.4098,5502943
2008-09-19,25.7156,25.7532,23.6334,24.826,7170266
2008-09-22,24.7626,25.5849,24.4005,24.9873,5163272
2008-09-23,25.0208,26.636,24.1985,24.3301,4910468
2008-09-24,24.3688,25.2237,24.1311,24.73,3534980
2008-09-25,25.0208,26.3074,24.826,25.9433,3578572
2008-09-26,24.73,25.2237,23.9006,25.1555,4328033
2008-09-29,24.4963,24.7943,21.8581,22.0232,6144279
2008-09-30,22.8487,23.6017,22.5824,23.5413,4037982
2008-10-01,23.3791,24.5923,22.912,24.529,3466529
2008-10-02,24.0747,24.0747,22.1846,22.3548,4949292
2008-10-03,23.0168,23.8046,22.0916,22.1549,3893381
2008-10-06,21.3355,21.5255,19.2237,20.2459,7460086
2008-10-07,20.8644,21.0346,18.5626,18.6288,5345003
2008-10-08,17.7322,19.3197,17.1453,17.2117,6753319
2008-10-09,17.8084,17.9994,15.0394,15.0394,6779745
2008-10-10,14.0459,16.4239,13.1878,15.4333,9147822
2008-10-13,17.4442,18.4606,16.4872,18.3607,5862237
2008-10-14,19.9183,19.9183,17.7322,18.0984,6428805
2008-10-15,17.8084,18.0647,17.0434,17.1167,5963879
2008-10-16,17.936,18.5626,16.3815,18.5022,6816206
2008-10-17,18.0647,19.6165,17.5402,18.5299,4780167
2008-10-20,18.8298,20.2786,18.6288,20.0153,3875368
2008-10-21,19.6492,20.0153,18.6615,18.7258,3254442
2008-10-22,18.2983,18.4606,16.1914,16.6139,4473297
2008-10-23,16.5199,17.3067,15.6599,16.7842,5420803
2008-10-24,15.2948,16.9761,15.0394,16.5199,4257173
2008-10-27,16.1577,17.9836,15.3274,16.6476,4741937
2008-10-28,17.7035,19.2573,16.7555,19.2573,4657735
2008-10-29,18.8298,19.2237,17.8084,17.9994,5510580
2008-10-30,18.4606,18.9613,16.4566,17.0434,6097110
2008-10-31,16.8495,18.234,16.6793,17.7035,4160179
2008-11-03,17.6055,17.6215,16.3171,16.6139,3918610
2008-11-04,17.3067,17.3067,16.7842,17.273,3543906
2008-11-05,16.8821,17.273,15.6599,15.8282,10129181
2008-11-06,15.6599,15.8836,14.8347,14.901,5524836
2008-11-07,15.1008,15.7946,14.7089,15.7946,5046420
2008-11-10,16.3171,16.3171,14.602,14.8347,3435190
2008-11-11,14.602,14.7713,13.9034,14.3051,3248612
2008-11-12,14.0459,14.4764,12.8554,13.0256,4839900
2008-11-13,12.8554,15.1008,12.8554,15.1008,5620943
2008-11-14,14.602,14.7713,13.4213,13.454,5007686
2008-11-17,13.2522,13.4847,12.793,13.1215,4270011
2008-11-18,13.2175,13.2829,12.1002,12.8554,5112658
2008-11-19,12.4644,13.0256,11.3441,11.3441,5808384
2008-11-20,11.173,11.9369,10.3525,10.3823,5662191
2008-11-21,11.2066,11.2066,9.89236,10.8118,8743801
2008-11-24,11.0126,11.8667,10.8118,11.7054,7696138
2008-11-25,12.0379,13.4847,11.6361,13.1542,7699160
2008-11-26,13.0572,13.94,12.3327,13.6867,4426052
2008-11-28,13.6124,14.602,13.454,14.2081,2309192
2008-12-01,13.9775,14.41,13.2175,13.55,5136368
2008-12-02,14.7426,14.805,13.4213,14.0795,4089273
2008-12-03,13.4213,14.5089,13.2829,14.41,4818983
2008-12-04,14.0162,14.7426,13.75,14.2428,4329209
2008-12-05,13.653,14.4764,13.3522,14.3764,4050236
2008-12-08,14.2081,14.7713,13.5807,14.5089,3934615
2008-12-09,13.9103,14.3457,13.6124,13.6867,2659384
2008-12-10,13.5807,14.0795,13.5807,13.9103,2254335
2008-12-11,13.7174,14.2428,13.3522,13.5183,3397470
2008-12-12,12.8554,13.9103,12.694,13.8153,3676852
2008-12-15,13.8153,14.1764,13.454,13.75,3041881
2008-12-16,13.8766,14.5367,13.8153,14.5367,4406179
2008-12-17,13.9103,14.8673,13.6124,14.5367,6190823
2008-12-18,14.3764,14.7089,13.8488,13.94,2708289
2008-12-19,13.94,14.805,13.9103,14.6743,4118679
2008-12-22,14.6346,14.6346,13.454,13.55,3856944
2008-12-23,13.94,13.94,13.1542,13.2829,2678922
2008-12-24,13.2829,13.5183,12.9939,12.9939,1069077
2008-12-26,13.0572,13.3868,12.9622,13.3522,1236728
2008-12-29,13.3234,13.4213,12.9197,13.3522,2093500
2008-12-30,13.3522,13.7836,13.1215,13.7174,3582237
2008-12-31,13.4213,14.7713,13.3868,14.602,4148226
2009-01-02,14.6743,15.5927,14.3457,15.3996,2632429
2009-01-05,15.2315,15.3651,14.5089,14.7713,3503653
2009-01-06,15.2008,15.6599,14.7713,15.2948,4084820
2009-01-07,14.9968,15.1512,14.4764,14.602,3441675
2009-01-08,14.2705,14.9671,14.2428,14.9345,2380953
2009-01-09,14.901,15.2642,14.3457,14.7089,2123222
2009-01-12,14.7426,15.0691,14.5367,14.8347,3071901
2009-01-13,14.8673,14.9345,14.2081,14.2428,3307056
2009-01-14,13.8488,14.0459,13.2829,13.55,3527088
2009-01-15,13.8488,14.7089,13.3234,14.602,6462656
2009-01-16,14.805,15.6599,14.41,14.9671,4294917
2009-01-20,15.8608,15.9855,14.0795,14.2081,4864053
2009-01-21,14.4764,14.8673,13.8488,14.8673,3374120
2009-01-22,14.2428,14.8673,13.9775,14.602,2742448
2009-01-23,14.3051,15.3274,13.9103,15.1681,2908087
2009-01-26,15.1681,15.5283,14.5089,14.8673,2161539
2009-01-27,14.7426,15.7292,14.6743,15.5283,2431358
2009-01-28,15.7629,16.3171,15.5283,16.2528,2401298
2009-01-29,15.9855,16.1271,15.0691,15.3651,2008142
2009-01-30,15.4333,15.4966,14.5367,14.602,2837474
2009-02-02,14.3764,15.2948,14.2428,14.9671,3431912
2009-02-03,13.5807,13.9103,12.7573,13.3234,7691737
2009-02-04,13.1878,13.1878,12.2269,12.3625,7366889
2009-02-05,12.1309,12.5574,11.3441,12.1309,8290075
2009-02-06,12.3625,13.0256,12.0666,12.793,5500154
2009-02-09,13.2829,13.8766,13.1878,13.6867,5514751
2009-02-10,13.7836,13.7836,12.7573,12.8554,6376371
2009-02-11,12.9939,13.1215,12.694,12.8554,4680353
2009-02-12,12.8554,12.8554,12.0666,12.793,3552654
2009-02-13,12.694,13.1878,12.5228,12.7573,3317116
2009-02-17,12.1656,12.4961,11.9369,12.1953,4180844
2009-02-18,12.3327,12.4287,11.7054,11.9695,3441335
2009-02-19,12.2269,12.5931,11.6361,11.9695,4927484
2009-02-20,11.7351,12.1309,11.5371,11.8954,3454271
2009-02-23,12.1002,12.694,11.8954,11.9695,3605007
2009-02-24,12.1002,12.9622,11.3441,12.7267,4225523
2009-02-25,12.5931,12.7267,11.9369,12.2269,3631749
2009-02-26,12.3971,12.694,11.8034,11.9369,2700374
2009-02-27,11.6717,11.8667,11.2066,11.6084,3326790
2009-03-02,11.3441,11.9369,11.1423,11.1423,4231848
2009-03-03,11.3441,11.7697,10.8445,10.8849,4746633
2009-03-04,11.078,11.6084,10.9789,11.3778,3488265
2009-03-05,11.2472,11.2472,10.2883,10.4505,4130946
2009-03-06,10.6218,10.7128,9.82408,10.2219,3503658
2009-03-09,10.0874,10.7128,9.9597,10.2883,2857181
2009-03-10,10.5861,11.173,10.3823,11.173,3626785
2009-03-11,11.8667,11.9695,11.4055,11.5045,5009637
2009-03-12,11.5045,12.2714,11.3778,12.1953,4748290
2009-03-13,12.6317,12.694,11.6361,12.3625,4570793
2009-03-16,12.4961,12.887,12.0379,12.0379,2867870
2009-03-17,12.0379,12.8286,11.8954,12.8286,2973312
2009-03-18,12.4287,13.8153,12.3971,13.6867,3638162
2009-03-19,13.5807,13.8488,13.1878,13.4213,2534703
2009-03-20,13.5183,13.6124,12.8554,13.0572,3710861
2009-03-23,13.4213,14.2081,13.2175,14.2081,2728248
2009-03-24,13.8488,14.3457,13.5183,13.94,2956990
2009-03-25,14.0795,14.2428,13.3868,13.8488,2854137
2009-03-26,14.0162,14.9968,13.9261,14.9968,3417355
2009-03-27,14.7713,14.901,13.8766,14.41,3516477
2009-03-30,14.0459,14.2171,13.5183,13.8488,3076642
2009-03-31,14.2081,14.2705,13.6867,13.94,3448760
2009-04-01,13.5183,14.3457,13.3868,14.2705,2602620
2009-04-02,14.4427,15.3651,14.41,15.2642,3450146
2009-04-03,14.7713,15.1008,13.6124,15.0394,4856141
2009-04-06,14.7089,15.4966,14.0162,15.468,3273516
2009-04-07,14.6346,15.2008,14.5089,14.9671,2338562
2009-04-08,14.901,15.2642,14.7713,14.9671,2416011
2009-04-09,15.3274,16.1577,15.2315,16.1577,2877007
2009-04-13,15.4966,16.0202,15.3996,15.8608,2379504
2009-04-14,15.7292,15.7629,15.1355,15.4333,3076431
2009-04-15,15.1681,16.4872,15.1681,16.0597,3784562
2009-04-16,16.3508,17.0434,15.9558,16.8149,3691472
2009-04-17,17.0434,18.5961,16.6476,18.33,7116306
2009-04-20,17.9687,18.137,17.0434,17.273,4717639
2009-04-21,17.0761,18.5299,16.9761,18.3607,4661862
2009-04-22,18.5022,19.2237,17.8084,18.6615,4312817
2009-04-23,18.5961,18.6021,17.3414,18.1706,3894985
2009-04-24,18.33,19.5868,17.842,19.1513,4988743
2009-04-27,18.8605,19.1513,18.4606,18.8298,3198872
2009-04-28,18.6615,19.4205,18.137,19.1513,3127683
2009-04-29,18.9613,19.8194,18.9257,19.6492,3389890
2009-04-30,19.6165,19.7808,17.8084,18.234,6438016
2009-05-01,18.137,18.33,16.8821,18.2646,5401055
2009-05-04,18.3953,18.9089,18.1706,18.8298,4081969
2009-05-05,18.429,19.4522,18.429,19.3513,3021362
2009-05-06,19.2909,20.9396,19.2909,20.8021,6605578
2009-05-07,20.9396,21.3662,20.1409,20.5041,5948193
2009-05-08,20.4724,21.4315,20.0153,21.4315,3985644
2009-05-11,20.6725,21.0673,20.3103,20.6725,3079206
2009-05-12,21.0673,21.0673,19.5552,20.0153,4376810
2009-05-13,19.7808,19.946,18.4606,18.6615,4927274
2009-05-14,18.7258,19.2237,18.5022,19.0563,2679614
2009-05-15,19.1207,19.8263,18.9613,19.4809,3385778
2009-05-18,19.6165,20.4073,19.5868,20.2786,4222493
2009-05-19,20.5774,20.8021,19.8104,20.5774,3406393
2009-05-20,20.7715,20.9069,19.9787,20.0786,3349006
2009-05-21,19.7184,20.045,19.087,19.4205,3034057
2009-05-22,19.5552,19.9787,19.2573,19.4522,2349858
2009-05-26,19.5868,19.8451,18.8605,19.7501,2356163
2009-05-27,19.9183,20.2786,19.4522,19.5215,2483137
2009-05-28,20.1103,20.2459,19.4522,19.8104,4326379
2009-05-29,20.2143,20.2143,19.6492,19.9787,2848508
2009-06-01,20.2786,21.0673,20.1409,20.8644,3074114
2009-06-02,20.9396,21.4315,20.438,21.1326,3786689
2009-06-03,21.2365,21.2365,20.0153,20.438,2548527
2009-06-04,20.5041,21.1672,20.4073,21.0346,2519072
2009-06-05,21.0346,21.2642,20.3429,20.5774,2247456
2009-06-08,20.2459,21.4621,20.0786,21.2365,3117374
2009-06-09,21.4621,22.719,21.2642,22.1222,3518404
2009-06-10,22.2529,22.4231,21.1326,21.664,2516289
2009-06-11,21.3662,22.8813,21.3662,22.6526,3709269
2009-06-12,22.1846,22.4489,21.5977,22.1846,2494880
2009-06-15,21.7601,21.9312,21.2642,21.3662,2650362
2009-06-16,21.2365,21.7274,20.6725,20.6725,2816488
2009-06-17,20.5774,21.0039,20.0786,20.6398,5358501
2009-06-18,20.6398,20.7715,20.3103,20.7061,4610868
2009-06-19,21.0346,21.1672,20.045,20.1409,4219649
2009-06-22,20.0153,20.3429,19.5215,19.8837,4394854
2009-06-23,20.6101,20.7408,20.2459,20.6725,6127579
2009-06-24,20.9396,21.0346,20.5448,20.8644,11281577
2009-06-25,20.7061,21.4621,20.4724,21.3355,10870172
2009-06-26,21.4315,21.9916,21.0039,21.8224,6254276
2009-06-29,22.1222,22.1222,21.2999,21.7897,4302827
2009-06-30,22.5824,22.912,21.5255,21.8581,4851781
2009-07-01,21.8888,22.4231,21.2365,21.2999,3874314
2009-07-02,21.0346,21.2365,20.3429,20.4073,3677151
2009-07-06,20.2143,20.5448,19.946,20.2143,3424476
2009-07-07,20.2143,21.0039,20.1409,20.2786,5631024
2009-07-08,20.2143,20.438,19.7501,20.0786,3820754
2009-07-09,20.3429,20.4073,19.9183,20.0153,2573429
2009-07-10,19.8104,20.2459,19.7501,19.946,2173666
2009-07-13,19.8451,19.9787,19.4809,19.9183,3814839
2009-07-14,20.0153,20.5041,19.7808,20.3429,2694811
2009-07-15,20.7408,21.8224,20.5774,21.7897,3850274
2009-07-16,20.6398,21.1672,20.2143,20.8644,4307833
2009-07-17,20.5774,20.8021,20.2143,20.7715,2952637
2009-07-20,20.7715,21.0673,20.5448,20.9069,2054863
2009-07-21,21.0346,21.0673,20.4724,20.9069,2053172
2009-07-22,20.6101,21.4315,20.6101,21.099,2050692
2009-07-23,20.9396,22.0232,20.9396,21.7274,3352080
2009-07-24,21.7601,21.7897,21.2999,21.6977,2256575
2009-07-27,21.4928,22.2895,21.4928,22.2183,2614673
2009-07-28,21.7897,22.621,21.7601,22.4834,3515218
2009-07-29,22.2529,22.3241,21.099,21.664,6552218
2009-07-30,23.6017,25.3177,23.0168,23.7096,11090863
2009-07-31,24.0372,24.0747,23.2732,23.6017,7214159
2009-08-03,23.9006,24.0747,23.3157,23.9006,4212483
2009-08-04,23.7749,24.4963,23.6017,23.866,4302344
2009-08-05,23.9006,24.1311,23.2425,23.5067,4284298
2009-08-06,23.8046,23.8046,23.3157,23.4414,2192895
2009-08-07,23.7096,24.0372,23.3444,23.5067,3869358
2009-08-10,23.1108,24.0065,23.1108,23.6334,3108794
2009-08-11,23.571,23.8046,23.0832,23.1742,2393361
2009-08-12,23.0168,23.571,22.9812,23.3157,2249873
2009-08-13,23.5067,24.2768,23.2732,24.0065,3402995
2009-08-14,23.9333,24.0372,23.1108,23.9333,3270455
2009-08-17,23.0832,23.5067,23.0832,23.2732,3429780
2009-08-18,23.3791,24.0372,23.2732,23.7749,3399720
2009-08-19,23.2732,24.1688,23.2732,24.0372,5570717
2009-08-20,23.8046,24.4005,23.8046,24.2955,3717276
2009-08-21,24.7943,25.0644,24.3688,24.9873,4095403
2009-08-24,24.826,25.1555,24.4301,24.6606,3844650
2009-08-25,24.5616,25.0644,24.5616,24.826,2506082
2009-08-26,24.826,24.9556,24.529,24.6606,3189418
2009-08-27,24.529,24.6606,24.0372,24.1985,4105107
2009-08-28,24.4005,24.73,23.5413,23.7749,4866659
2009-08-31,23.4098,23.8373,23.0832,23.675,4306813
2009-09-01,24.2628,24.5923,23.0832,23.1445,7203000
2009-09-02,23.3791,25.8166,23.0832,25.7849,11821684
2009-09-03,25.3177,25.7532,24.8596,25.393,8716340
2009-09-04,24.529,26.2124,24.529,25.486,6112439
2009-09-08,26.0134,26.4459,25.5552,26.0412,5833331
2009-09-09,26.6043,26.6716,25.8166,25.8809,4977345
2009-09-10,25.9798,26.8695,25.4217,26.2758,6733194
2009-09-11,27.0626,28.7152,26.9389,28.6201,10771618
2009-09-14,29.1833,29.7374,28.4885,28.9794,9741985
2009-09-15,29.3773,30.4322,29.3446,30.3303,7964145
2009-09-16,30.7944,31.1526,29.9394,30.1996,8434167
2009-09-17,30.2689,30.3303,29.1833,29.3773,7684991
2009-09-18,29.6087,29.6721,28.447,29.5445,6172450
2009-09-21,29.2446,29.4049,28.6518,29.1833,3372288
2009-09-22,29.5752,29.6424,28.5558,28.7478,3187386
2009-09-23,29.0763,29.0763,27.8958,27.9898,3631177
2009-09-24,28.0877,28.1926,27.0626,27.4692,4466611
2009-09-25,26.9724,27.299,26.3737,26.7388,6131654
2009-09-28,27.0031,27.9571,26.7388,27.5979,3557431
2009-09-29,27.4692,28.16,27.3307,27.7256,6641320
2009-09-30,27.7592,28.6518,26.9389,28.3223,9713671
2009-10-01,28.059,28.4885,27.5325,27.5979,7099193
2009-10-02,26.8695,27.4989,26.2124,26.3391,5943698
2009-10-05,25.8522,27.2347,25.6473,27.0626,7002370
2009-10-06,27.0626,28.3717,26.9389,27.9898,6198208
2009-10-07,28.1194,28.9458,27.9571,28.3867,6750545
2009-10-08,28.6815,28.7478,27.4692,27.6275,3881067
2009-10-09,27.4989,28.2263,27.1703,27.9571,4112991
2009-10-12,27.6275,27.9571,27.2664,27.4287,3079746
2009-10-13,27.3307,27.4989,26.9724,27.1397,3003833
2009-10-14,27.8295,27.8958,26.8369,27.7256,4466659
2009-10-15,27.4287,27.4989,26.0412,26.8062,8442870
2009-10-16,26.8062,26.8369,25.4217,25.8809,6075100
2009-10-19,26.2758,28.1926,26.1788,27.9275,7847698
2009-10-20,28.059,28.0877,27.203,27.4287,4992967
2009-10-21,27.2347,27.7958,26.9389,27.0309,5122035
2009-10-22,27.4692,27.6939,27.0626,27.4692,3869696
2009-10-23,27.7256,27.7256,26.9724,27.1703,4411859
2009-10-26,27.1703,27.6939,26.4064,26.5093,5194973
2009-10-27,26.5093,27.0951,25.6473,26.0412,8252915
2009-10-28,26.4459,27.203,25.7849,26.2461,9783169
2009-10-29,28.3223,29.5752,27.8958,28.8122,15019865
2009-10-30,29.3109,29.4733,28.0225,28.256,11582116
2009-11-02,29.5752,29.7681,29.111,29.7681,12546399
2009-11-03,29.6087,30.1996,29.3446,29.9394,10359293
2009-11-04,30.1659,30.1659,29.5752,29.6721,7050213
2009-11-05,30.0027,30.8557,29.9394,30.6935,9481634
2009-11-06,30.5301,30.8557,29.111,29.3109,11981113
2009-11-09,29.6721,29.8364,29.0763,29.6087,7313568
2009-11-10,30.0996,30.1323,28.7152,29.1833,8437701
2009-11-11,29.3773,29.4396,27.7592,28.9171,15555670
2009-11-12,28.8122,28.9458,28.447,28.7478,5611282
2009-11-13,28.8122,29.1427,28.6815,28.9458,3515784
2009-11-16,29.2782,29.2782,28.5221,28.6815,6192410
2009-11-17,28.5221,29.4733,28.5221,29.1833,10130891
2009-11-18,29.3446,29.3446,28.4183,28.5885,5670347
2009-11-19,28.1926,28.2876,27.0951,27.9571,5125030
2009-11-20,27.6939,27.7958,27.1397,27.299,4035782
2009-11-23,27.6939,28.2263,27.2664,27.3604,5405492
2009-11-24,27.4989,27.5979,26.8062,27.0031,3970708
2009-11-25,27.0309,27.4989,27.0031,27.299,2761032
2009-11-27,26.4786,27.3604,26.2124,27.0309,2937764
2009-11-30,26.7052,26.8062,25.9433,26.4064,6917041
2009-12-01,26.6043,27.3604,26.4786,27.0951,7007713
2009-12-02,27.0951,27.5325,26.7745,27.1703,4822793
2009-12-03,27.0309,27.3604,26.4786,26.4786,5337287
2009-12-04,26.9052,27.1703,26.5093,26.9724,5343135
2009-12-07,26.8062,27.203,26.7388,26.8062,3050140
2009-12-08,27.3307,28.5885,27.1397,28.4183,9854626
2009-12-09,28.4183,28.4183,27.4287,27.9898,4418412
2009-12-10,28.0877,28.2263,27.6939,27.8958,3712599
2009-12-11,27.8295,28.2263,27.8295,28.1926,3830700
2009-12-14,27.8631,27.9571,27.0783,27.3604,8437900
2009-12-15,27.2347,27.8295,27.0309,27.3604,4978546
2009-12-16,27.5325,27.7256,27.2664,27.2664,2635737
2009-12-17,26.9724,27.3158,26.7052,26.7388,3421940
2009-12-18,27.0309,28.5558,26.9389,28.1194,13039700
2009-12-21,28.3223,28.447,27.4692,27.6582,5213303
2009-12-22,27.6275,27.7256,26.4459,26.7052,6963891
2009-12-23,26.8369,27.0031,26.1164,26.1491,6581353
2009-12-24,26.4459,26.7052,26.2124,26.3074,2712894
2009-12-28,26.3737,26.636,25.2851,25.8522,5974867
2009-12-29,25.8809,26.0412,25.3504,25.7156,3174224
2009-12-30,25.7532,25.7532,25.3177,25.5552,4020519
2009-12-31,25.486,25.9146,25.2851,25.5849,3435407
2010-01-04,25.9798,26.4459,25.9433,26.2758,5389846
2010-01-05,26.2124,27.2347,25.4534,25.9146,13533361
2010-01-06,26.3737,26.5093,25.9798,26.2758,8706679
2010-01-07,26.4064,27.0031,26.2758,26.8062,9696963
2010-01-08,26.6716,26.7745,25.486,25.5849,13339969
2010-01-11,25.9798,25.9798,25.2851,25.3177,7438218
2010-01-12,25.1892,25.2237,24.1985,24.4005,7686896
2010-01-13,24.4301,25.2237,24.4301,25.0644,5830824
2010-01-14,24.9249,25.769,24.8912,25.4217,8139303
2010-01-15,25.393,25.486,24.826,24.9873,6988929
2010-01-19,24.9873,25.3504,24.5616,25.1892,4839653
2010-01-20,24.9249,24.9249,24.3688,24.6606,5060503
2010-01-21,24.826,24.9873,24.1311,24.2955,7145630
2010-01-22,24.0747,24.529,23.6017,23.7749,7545276
2010-01-25,24.2321,24.529,23.6334,23.675,6379855
2010-01-26,23.7749,24.1014,23.5413,23.7096,5331490
2010-01-27,23.7423,24.5122,23.6195,24.4005,8298182
2010-01-28,21.9312,22.4834,20.8644,21.3662,23601096
2010-01-29,21.1969,21.2365,19.9183,20.2786,18520766
2010-02-01,20.5448,20.9396,20.3103,20.8644,12183482
2010-02-02,21.0039,21.7601,20.6398,21.5977,11308237
2010-02-03,21.5562,22.4834,21.4315,22.0579,13403247
2010-02-04,21.7274,21.7601,20.7408,20.8347,12719422
2010-02-05,21.3999,21.4315,20.8644,21.099,11177418
2010-02-08,21.8224,22.0916,21.4621,21.664,7912734
2010-02-09,21.9312,22.1549,21.3999,21.5562,6221092
2010-02-10,21.5977,22.0579,21.5255,21.8581,5862902
2010-02-11,21.7601,21.9916,21.664,21.9312,5330914
2010-02-12,22.4489,24.0372,22.2529,23.571,15928043
2010-02-16,24.0372,24.1985,23.571,23.9333,7050581
2010-02-17,24.0065,24.0747,23.0505,23.4414,6713211
2010-02-18,23.3791,23.4414,23.0168,23.1108,4622715
2010-02-19,23.0505,23.3157,22.912,23.1108,3127066
2010-02-22,23.1742,23.2425,22.5508,22.6526,5102501
2010-02-23,22.621,22.6526,22.2529,22.3548,4023803
2010-02-24,22.4489,22.5508,22.2183,22.3885,3620144
2010-02-25,22.0579,22.6526,21.7897,22.5824,4734049
2010-02-26,22.2529,22.5824,22.0916,22.2895,4550712
2010-03-01,22.3548,22.4489,21.7897,22.2183,3445170
2010-03-02,22.3241,22.4834,21.9609,22.4489,4549705
2010-03-03,22.4834,23.0832,22.4834,22.6526,3794746
2010-03-04,22.7517,22.7517,22.1846,22.4231,3247675
2010-03-05,22.5824,23.0832,22.4489,22.912,3875006
2010-03-08,23.0168,23.0168,22.621,22.7803,2897696
2010-03-09,22.5181,23.1742,22.4489,22.9812,4834838
2010-03-10,22.8813,23.7096,22.8813,23.4414,3777648
2010-03-11,23.3444,23.6017,23.1108,23.1742,3443836
2010-03-12,23.1445,23.4098,22.912,23.1108,2639740
2010-03-15,23.0168,23.2425,22.621,23.1742,3895970
2010-03-16,23.1445,24.4301,23.1445,24.3301,7076375
2010-03-17,24.4301,24.4646,23.7749,23.966,3995795
2010-03-18,23.9006,24.4005,23.8046,24.2321,2830415
2010-03-19,24.3301,24.4646,23.4098,23.675,4163249
2010-03-22,23.475,24.1688,23.4414,23.9333,2644241
2010-03-23,24.1014,24.4301,23.966,24.2321,3058189
2010-03-24,24.1688,24.2628,23.866,23.9006,2321901
2010-03-25,24.2321,24.7626,23.8373,23.866,5388072
2010-03-26,23.7749,24.2321,23.571,23.6334,4648745
2010-03-29,23.8046,24.0372,23.675,23.8373,2235563
2010-03-30,23.8373,24.0747,23.5067,23.7423,2352370
2010-03-31,23.5413,23.7749,23.1108,23.1445,3273312
2010-04-01,23.4098,23.7096,23.0832,23.2732,4415015
2010-04-05,23.3157,23.675,23.0168,23.6017,3985382
2010-04-06,23.3791,24.2955,23.3444,24.0065,4735174
2010-04-07,23.866,24.0747,23.7423,23.8373,2749264
2010-04-08,23.7423,24.5616,23.571,24.4963,4956708
2010-04-09,24.4646,24.4963,24.1985,24.3688,2650413
2010-04-12,24.2955,24.7626,24.1985,24.4646,5058022
2010-04-13,24.4005,24.713,24.1688,24.4301,4158782
2010-04-14,24.6606,25.5552,24.5923,25.2851,5556154
2010-04-15,25.0931,25.5552,24.9556,25.0208,4872488
2010-04-16,24.826,24.8596,23.675,24.1014,7559707
2010-04-19,23.966,24.529,23.9006,24.3688,3152274
2010-04-20,24.4301,24.5923,24.0747,24.4646,3546624
2010-04-21,24.3688,24.4005,23.966,24.1985,3062326
2010-04-22,23.7096,23.7423,23.0168,23.3444,8807405
2010-04-23,23.4098,24.0372,23.2732,23.3791,5985490
2010-04-26,23.5413,23.7423,23.1742,23.6017,3734897
2010-04-27,23.3791,23.5413,22.6833,22.7803,5398664
2010-04-28,22.5181,22.9397,22.2183,22.814,9138811
2010-04-29,24.4963,24.7626,23.3791,23.6017,10263804
2010-04-30,23.6017,23.8046,23.0168,23.3157,6447657
2010-05-03,23.6334,23.7096,22.9397,23.4098,4691390
2010-05-04,23.2425,23.4414,22.7803,22.9397,5509927
2010-05-05,22.8813,23.1108,22.4231,22.6526,5686209
2010-05-06,22.5824,23.0505,20.6101,22.0232,8202125
2010-05-07,21.8888,22.2895,21.3662,21.7601,8404047
2010-05-10,22.6526,22.9812,22.4489,22.8813,4961215
2010-05-11,22.719,23.475,22.6526,23.0505,6513581
2010-05-12,23.0505,23.4098,22.9397,23.0168,4924001
2010-05-13,22.8487,22.9397,22.4489,22.5508,5618669
2010-05-14,22.4834,22.5181,22.0579,22.3885,6185283
2010-05-17,22.2529,22.6526,22.1846,22.5824,4114884
2010-05-18,22.8487,22.9812,22.2529,22.3548,4937763
2010-05-19,22.3241,22.7517,22.1222,22.4489,5511780
2010-05-20,21.9916,22.6526,21.7897,22.0916,7509843
2010-05-21,21.7897,22.7517,21.664,22.5508,5775856
2010-05-24,22.2183,22.5824,22.1222,22.1846,2994054
2010-05-25,21.7897,22.2895,21.4621,22.2529,4578186
2010-05-26,22.1549,22.9397,22.0916,22.2895,5129925
2010-05-27,22.719,22.8487,22.5508,22.814,3369025
2010-05-28,22.7803,22.8813,22.3885,22.5824,3052659
2010-06-01,22.3241,22.7803,22.0579,22.0916,2723838
2010-06-02,22.2895,22.6526,22.1846,22.5824,2862521
2010-06-03,22.5181,22.6833,22.2529,22.6526,3028244
2010-06-04,22.3548,22.4834,21.8888,22.0995,5140517
2010-06-07,22.0916,22.2183,21.5562,21.664,4650316
2010-06-08,21.5255,22.0232,21.4928,21.9609,4143280
2010-06-09,21.9916,22.4489,21.8888,22.0232,4257958
2010-06-10,22.3548,23.1742,22.1549,22.5508,3771157
2010-06-11,22.5508,23.7096,22.2895,23.4414,5463118
2010-06-14,23.6334,23.7096,22.912,22.9397,3327912
2010-06-15,23.1108,23.6334,23.0505,23.2732,5457838
2010-06-16,22.8813,23.6334,22.8813,23.4414,4068369
2010-06-17,23.4098,23.7096,23.0505,23.7096,4111180
2010-06-18,23.6334,23.9333,23.475,23.9333,4772765
2010-06-21,24.1014,24.3301,23.5067,23.6334,2701418
2010-06-22,23.571,24.1311,23.5067,23.7423,3792920
2010-06-23,23.675,24.2628,23.2732,24.0747,4767345
2010-06-24,23.8373,23.866,22.9397,23.0505,3722738
2010-06-25,23.1445,23.6334,22.912,23.3157,4470750
2010-06-28,23.5067,23.7096,23.2425,23.3157,3256536
2010-06-29,23.1108,23.1108,22.1846,22.4231,5246602
2010-06-30,22.3885,22.6526,21.4315,21.4928,7967088
2010-07-01,21.5562,21.6977,20.9703,21.4928,6309701
2010-07-02,21.5255,21.5977,21.099,21.3662,5618104
2010-07-06,21.7274,22.0232,21.3999,21.5562,4411175
2010-07-07,21.5977,22.4834,21.5977,22.3885,3261790
2010-07-08,22.5508,22.719,22.2529,22.5824,2542507
2010-07-09,22.5508,22.5824,22.0916,22.2895,3675832
2010-07-12,22.1846,23.2425,22.1846,23.0505,5077743
2010-07-13,23.3444,24.0065,23.1108,23.7749,5947826
2010-07-14,23.966,24.9249,23.9333,24.5923,8459140
2010-07-15,25.0644,25.5552,24.5923,25.4534,9141243
2010-07-16,25.3177,25.7156,24.4963,24.73,6182709
2010-07-19,25.1892,26.4786,24.7626,26.1164,9104109
2010-07-20,25.8166,26.7052,25.1892,26.3737,10938984
2010-07-21,26.3074,26.4064,25.6473,26.0827,7218328
2010-07-22,26.2758,26.3559,25.393,25.6809,6837231
2010-07-23,25.5552,25.9798,25.0208,25.5552,7301348
2010-07-26,25.5552,26.0827,25.3177,25.9146,6562931
2010-07-27,26.1164,26.3074,25.4534,25.5216,5501413
2010-07-28,25.4534,25.5849,25.1218,25.3177,6200004
2010-07-29,25.3504,26.4786,25.0931,25.0931,13843550
2010-07-30,25.0644,25.1892,24.5616,24.6983,9410785
2010-08-02,25.0644,25.3504,24.7943,25.1218,5462726
2010-08-03,24.8912,25.3177,24.6606,25.1218,6068409
2010-08-04,25.8809,26.9724,25.6127,26.5746,13129768
2010-08-05,26.4786,26.9724,25.8809,26.4459,6189421
2010-08-06,26.2124,26.4459,25.8166,26.3737,3777112
2010-08-09,26.5409,26.7745,26.2461,26.3074,2987996
2010-08-10,26.0827,26.636,25.8522,26.5093,5216153
2010-08-11,26.0134,26.0134,25.2574,25.393,4343160
2010-08-12,25.0931,26.7052,24.9873,26.4459,9529354
2010-08-13,26.3074,26.4459,25.1218,25.1892,7669954
2010-08-16,25.0931,25.9146,24.9873,25.7532,4602337
2010-08-17,25.9146,26.0412,25.5552,25.7156,2961620
2010-08-18,25.6809,25.9798,25.5849,25.6809,2870280
2010-08-19,25.7532,25.7532,24.626,24.8596,5926017
2010-08-20,24.7626,25.1555,24.4963,24.6606,6258354
2010-08-23,24.7943,25.0644,24.4301,24.529,5048574
2010-08-24,24.1688,24.9101,24.0372,24.5923,3798800
2010-08-25,24.3301,24.8596,24.3301,24.73,3369750
2010-08-26,24.7943,24.9249,24.5616,24.73,4269133
2010-08-27,25.1218,25.5552,24.6606,25.3177,4983708
2010-08-30,25.1892,25.2851,24.73,24.7943,3669596
2010-08-31,24.7943,25.0644,24.6983,24.7943,4639646
2010-09-01,25.2237,25.8522,25.2237,25.4781,4815491
2010-09-02,25.486,26.0412,25.2574,25.9146,3618352
2010-09-03,26.1788,26.4064,25.8809,26.1788,3229281
2010-09-07,26.1491,26.1491,25.5216,25.8166,2781262
2010-09-08,25.8522,26.4786,25.6809,26.3074,4199221
2010-09-09,26.4786,26.8369,26.1164,26.3074,3022285
2010-09-10,26.1788,26.636,25.9433,26.1164,4255851
2010-09-13,26.3737,27.3604,26.2758,27.299,5510266
2010-09-14,27.1397,27.4287,26.7745,27.203,3369220
2010-09-15,27.203,27.6275,26.7745,27.5632,4814379
2010-09-16,27.5632,27.7592,27.1703,27.7256,3706665
2010-09-17,27.8631,27.9898,27.203,27.6275,4618496
2010-09-20,27.6939,27.8631,27.3604,27.8631,3637488
2010-09-21,27.6939,27.8958,27.3307,27.4692,3341395
2010-09-22,27.3604,27.5979,27.0951,27.3307,2552582
2010-09-23,27.0031,27.7256,26.9052,27.6275,3724627
2010-09-24,27.8631,28.8122,27.7166,28.6201,5868245
2010-09-27,28.447,28.5885,28.16,28.2876,3159252
2010-09-28,28.256,28.356,27.6939,28.2876,3829985
2010-09-29,28.0225,28.3223,27.8631,28.2263,2639850
2010-09-30,28.2263,28.6201,27.6275,28.1194,3009414
2010-10-01,28.2263,28.5221,27.9898,28.2263,2827682
2010-10-04,28.0877,28.4183,27.4989,27.8958,3769965
2010-10-05,27.7592,28.5221,27.7592,28.4885,4131440
2010-10-06,28.1194,28.7478,27.8126,28.2263,4895960
2010-10-07,28.356,28.5558,27.7958,28.3223,3616894
2010-10-08,27.8958,27.8958,27.0951,27.3604,7631021
2010-10-11,27.299,27.6275,27.1703,27.3307,4341735
2010-10-12,27.203,27.3604,26.5093,26.8062,8565096
2010-10-13,26.9052,27.0626,26.636,26.7745,6081415
2010-10-14,26.6716,26.8369,25.9798,26.2461,6089576
2010-10-15,26.5409,26.636,26.0283,26.2203,5921214
2010-10-18,25.9433,26.1322,25.486,25.9987,6412606
2010-10-19,25.7532,26.4064,25.5552,26.0134,6110014
2010-10-20,26.2124,26.4459,26.0827,26.2461,3727928
2010-10-21,26.2758,26.3737,25.393,25.5849,5735850
2010-10-22,25.5552,26.1164,25.5216,25.8166,3446894
2010-10-25,25.9146,26.3737,25.8522,26.1491,2806319
2010-10-26,25.9798,26.4786,25.9146,25.9146,3860659
2010-10-27,26.1788,26.8062,26.0134,26.6716,8840390
2010-10-28,28.0877,28.7152,26.6716,26.8062,16215279
2010-10-29,26.6706,27.096,26.4756,26.9052,4393314
2010-11-01,26.8369,27.203,26.2758,26.4459,4358727
2010-11-02,26.6043,26.6716,25.9433,26.3737,10062152
2010-11-03,26.7388,26.7388,26.0412,26.5409,5191705
2010-11-04,26.7388,26.8062,26.4459,26.7052,4163047
2010-11-05,26.6716,27.0626,26.5409,27.0309,2880293
2010-11-08,26.9052,27.299,26.6043,26.8695,3153504
2010-11-09,26.9052,27.299,26.7052,27.0626,4494703
2010-11-10,26.9389,27.0626,26.5746,27.0309,3139368
2010-11-11,26.5093,26.8695,25.8166,26.7052,7728939
2010-11-12,26.5409,26.6716,26.1164,26.3391,3396033
2010-11-15,26.9052,27.0309,26.1491,26.1788,4285312
2010-11-16,26.4786,26.5093,25.6809,25.7532,4403920
2010-11-17,25.8166,26.3074,25.7532,26.0827,3867345
2010-11-18,26.4459,26.9052,26.3074,26.822,3933245
2010-11-19,26.6716,27.0031,26.4786,26.7498,4085961
2010-11-22,26.5409,26.8369,26.2124,26.6716,3399429
2010-11-23,26.3074,26.4064,25.7532,25.9146,5157825
2010-11-24,26.0412,26.3737,25.8343,26.1401,3865500
2010-11-26,25.8166,25.9798,25.7532,25.7849,1316396
2010-11-29,25.6809,25.8809,25.393,25.6127,3935736
2010-11-30,25.4217,25.7156,25.2237,25.2574,5361759
2010-12-01,25.9433,27.0309,25.7849,26.3895,10128435
2010-12-02,26.0134,26.4064,25.9433,26.2758,9305920
2010-12-03,26.1491,27.2347,25.8809,27.1703,11284110
2010-12-06,26.8695,27.3307,26.8695,27.0031,6046234
2010-12-07,27.0309,27.203,26.636,26.6716,4221749
2010-12-08,26.6716,27.2664,26.6043,27.1397,4649323
2010-12-09,27.0309,27.6761,26.8369,27.4831,4429558
2010-12-10,27.4692,28.6518,27.4287,28.4885,11893746
2010-12-13,28.5221,28.8122,27.7958,27.8958,7153463
2010-12-14,27.6582,28.1194,27.6275,27.8958,3892002
2010-12-15,27.6582,28.16,27.5325,27.9275,5312720
2010-12-16,27.9571,29.505,27.9571,29.2782,15296252
2010-12-17,29.214,29.3773,28.8517,29.2782,6718476
2010-12-20,29.2782,29.505,28.7152,29.2782,5250428
2010-12-21,29.3446,30.1996,29.111,29.6721,5401539
2010-12-22,29.5445,30.2689,29.4733,29.9739,5247094
2010-12-23,29.9739,30.1996,29.6721,29.8364,3882958
2010-12-27,29.9394,29.9739,29.2782,29.6424,2224328
2010-12-28,29.5445,29.8364,29.4396,29.5445,1735331
2010-12-29,29.505,29.7374,29.4396,29.5752,1386974
2010-12-30,29.5445,29.7374,29.4049,29.4049,1994112
2010-12-31,29.3753,29.971,29.3426,29.9098,2251662
2011-01-03,30.0027,30.4322,29.9394,30.0343,5619264
2011-01-04,30.0275,32.1948,29.8809,32.0166,15935397
2011-01-05,31.4673,32.5015,31.398,32.0621,9720643
2011-01-06,32.1384,32.2738,31.4149,31.9433,8184847
2011-01-07,31.8305,31.9206,31.0171,31.3139,6689092
2011-01-10,31.0982,31.6464,30.8726,31.0171,6896400
2011-01-11,31.0814,31.3576,30.728,30.8964,6201865
2011-01-12,30.8488,31.0745,30.4639,30.5579,6979430
2011-01-13,30.4045,30.728,30.4045,30.4717,5852204
2011-01-14,30.3303,30.8241,30.2363,30.8181,5148843
2011-01-18,30.5351,30.7459,30.2689,30.354,3376205
2011-01-19,30.2283,30.2877,29.8809,30.0592,4505265
2011-01-20,29.9394,30.0592,29.398,29.8186,4484535
2011-01-21,29.9958,30.3154,29.8444,29.9058,4016472
2011-01-24,29.8888,31.1378,29.8888,31.1219,9157821
2011-01-25,30.5509,31.1882,30.3728,31.1526,6918463
2011-01-26,31.0893,31.7147,31.0745,31.592,7402073
2011-01-27,30.9032,31.5831,30.833,31.0605,5032316
2011-01-28,31.2279,31.4287,30.4856,30.5579,3623979
2011-01-31,30.5856,31.3319,30.4817,31.2139,4423329
2011-02-01,31.3219,31.5831,31.2605,31.4149,5465258
2011-02-02,31.1298,31.4823,30.8726,31.0814,5251566
2011-02-03,31.0002,31.4189,30.8964,31.2279,4288877
2011-02-04,31.1219,31.6624,30.9359,31.6464,5867615
2011-02-07,31.7147,32.6113,31.6771,32.5302,6325394
2011-02-08,32.5173,32.5619,32.071,32.0879,4495009
2011-02-09,32.0324,32.1858,31.7761,31.8395,2618307
2011-02-10,31.6217,31.9592,31.3396,31.7009,3972180
2011-02-11,31.5653,32.0621,31.499,31.6722,4376906
2011-02-14,31.6722,31.7761,31.2605,31.4189,4014663
2011-02-15,31.2516,31.6297,31.0358,31.2348,3016247
2011-02-16,31.3743,31.49,31.1298,31.2139,2280050
2011-02-17,31.1219,31.3743,30.9934,31.3309,2645909
2011-02-18,31.398,31.7672,31.2139,31.406,3076822
2011-02-22,31.0605,31.2348,30.5579,30.6241,4632174
2011-02-23,30.5124,30.6707,29.8364,30.0996,7298233
2011-02-24,30.1571,30.347,29.9394,30.2135,4054889
2011-02-25,30.4045,30.7023,30.1828,30.7023,3404757
2011-02-28,30.8399,31.1605,30.728,31.1051,4940747
2011-03-01,31.1378,31.2813,30.6063,30.7459,4778534
2011-03-02,30.5351,31.7009,30.5351,31.6297,6432740
2011-03-03,31.7237,32.6529,31.6861,32.4204,5565917
2011-03-04,32.3215,32.3858,32.1234,32.3215,7189058
2011-03-07,32.3045,32.6025,32.0967,32.3778,6224804
2011-03-08,32.6906,33.6673,32.2738,33.4773,6442590
2011-03-09,33.3179,33.4368,33.0141,33.2219,2988101
2011-03-10,32.8143,32.9004,32.3936,32.4412,3747440
2011-03-11,32.2115,33.2952,31.968,33.2022,5001377
2011-03-14,32.7894,33.2477,32.5619,32.9983,5107694
2011-03-15,31.9987,32.8617,31.8731,32.6113,3450599
2011-03-16,32.4412,33.3694,32.3215,32.7163,6991409
2011-03-17,33.1378,33.3694,32.9171,33.1605,3388195
2011-03-18,33.5397,33.6099,33.128,33.5129,3139091
2011-03-21,33.7049,33.9067,33.5465,33.8454,4095318
2011-03-22,33.9306,34.3798,33.786,34.3452,5953405
2011-03-23,34.2948,34.8519,34.0859,34.745,4691369
2011-03-24,35.0023,35.8276,34.8341,35.792,5413980
2011-03-25,35.8276,36.1286,35.3615,35.3784,5980136
2011-03-28,35.4832,35.6149,35.3171,35.3951,4472844
2011-03-29,35.4981,35.6059,35.1884,35.5189,6093547
2011-03-30,35.6634,35.983,35.5308,35.8693,3708126
2011-03-31,35.8683,36.1819,35.6989,35.9761,2728014
2011-04-01,36.0979,36.1216,35.5397,35.7426,3046151
2011-04-04,35.7426,35.8276,35.3001,35.6634,2278289
2011-04-05,35.4031,36.0345,35.4031,35.5545,3384407
2011-04-06,35.3338,35.8178,34.8756,35.6386,2924363
2011-04-07,35.5129,35.9682,35.3951,35.6149,3587009
2011-04-08,35.6545,35.7999,35.2101,35.3101,2524315
2011-04-11,35.2933,35.6386,35.2933,35.5723,3643251
2011-04-12,35.1715,35.4467,34.9519,35.3001,3949041
2011-04-13,35.4208,35.8583,35.3487,35.5635,4324710
2011-04-14,35.2101,35.4832,35.036,35.3784,3833430
2011-04-15,35.4378,35.4734,35.2101,35.2704,3363382
2011-04-18,34.7103,35.0518,34.5283,34.9766,3071912
2011-04-19,35.1093,35.3951,34.9369,35.3171,2170594
2011-04-20,35.6386,35.7198,35.218,35.4208,4545514
2011-04-21,35.5308,35.7009,35.2704,35.5812,4057960
2011-04-25,35.326,35.8276,35.3101,35.5051,3283605
2011-04-26,35.6327,35.7999,34.2116,35.0023,8709502
2011-04-27,35.0449,35.1637,34.6233,34.9519,6159990
2011-04-28,36.1364,38.3493,35.8356,37.5595,10126666
2011-04-29,37.4833,37.517,36.5887,36.9351,5008985
2011-05-02,37.0173,37.4259,36.6895,36.6985,6054755
2011-05-03,36.6985,36.8549,36.179,36.378,4004694
2011-05-04,36.3254,36.5254,35.8771,35.9999,5392846
2011-05-05,35.9929,36.7846,35.892,36.4848,4581569
2011-05-06,36.5095,37.4615,36.467,37.0489,4903432
2011-05-09,36.9202,37.5447,36.7846,37.4843,3673057
2011-05-10,37.419,38.0069,37.3438,38.0069,3939963
2011-05-11,37.7554,38.1523,37.7554,37.9168,4174714
2011-05-12,37.7377,38.2393,37.5922,38.0316,3734340
2011-05-13,38.0069,38.1989,37.419,37.5516,1635012
2011-05-16,37.4101,37.7891,37.1113,37.2646,2808403
2011-05-17,37.1419,37.5595,36.9896,37.4526,5113813
2011-05-18,37.3933,37.9495,37.3438,37.8989,3352069
2011-05-19,38.0445,38.0445,37.6357,37.9168,1872415
2011-05-20,37.9989,37.9989,37.4753,37.6614,2063858
2011-05-23,36.9341,37.3606,36.6194,37.1518,3093810
2011-05-24,37.4101,37.7377,37.2646,37.3131,3841687
2011-05-25,37.135,37.7891,37.0578,37.4259,2830338
2011-05-26,37.2646,37.8366,37.2567,37.7377,2030930
2011-05-27,37.8366,38.3364,37.8128,38.3027,2637786
2011-05-31,38.4324,38.5541,38.1306,38.5324,3206021
2011-06-01,38.3364,38.565,37.7377,37.7377,2324703
2011-06-02,37.7466,38.1523,37.5595,38.0772,2015200
2011-06-03,37.6357,37.7466,37.2439,37.4101,4680661
2011-06-06,37.3764,37.7031,37.2181,37.3933,3323673
2011-06-07,37.4675,37.8366,37.4526,37.5516,2957306
2011-06-08,37.2349,37.4101,36.7065,36.7519,4869108
2011-06-09,36.8479,37.0578,36.6441,36.6758,6120690
2011-06-10,36.7065,36.7431,36.0087,36.467,4189165
2011-06-13,36.3867,36.7975,36.3867,36.5748,3626251
2011-06-14,36.7519,37.1775,36.6985,36.8707,4938130
2011-06-15,36.6124,36.7846,36.2403,36.2947,3503901
2011-06-16,36.3809,36.7125,36.0524,36.4214,3296648
2011-06-17,36.8866,37.0973,36.5095,36.6124,4631914
2011-06-20,36.5581,36.8075,36.4194,36.6828,2772493
2011-06-21,37.033,37.5011,36.7599,37.4753,6629167
2011-06-22,37.2646,37.4428,37.0667,37.0815,2829813
2011-06-23,36.6352,36.8549,36.4511,36.7431,4530501
2011-06-24,36.7519,36.7915,36.4017,36.5491,4704143
2011-06-27,36.5174,37.0241,36.378,36.8382,2916379
2011-06-28,36.9272,37.1934,36.7915,36.9499,3618516
2011-06-29,37.1864,37.1934,36.8549,37.0083,3469343
2011-06-30,37.0202,37.3012,36.5887,37.0696,4415059
2011-07-01,37.135,37.4428,36.9993,37.4348,6880399
2011-07-05,37.3042,37.3676,36.6758,36.7431,4416056
2011-07-06,36.7806,36.8678,36.373,36.462,4064306
2011-07-07,36.6895,36.9103,36.6609,36.8075,5372322
2011-07-08,36.4511,36.6194,36.1286,36.2947,10648420
2011-07-11,35.9435,35.9999,35.4734,35.5308,4671052
2011-07-12,35.1013,35.1963,34.8034,35.0191,6678233
2011-07-13,35.116,35.8356,35.0923,35.6059,7770182
2011-07-14,35.6545,35.8643,35.2784,35.3557,4150638
2011-07-15,35.5902,35.5902,35.116,35.3873,4189653
2011-07-18,35.1963,35.3338,34.8677,35.2101,3898061
2011-07-19,35.3854,35.6219,35.2141,35.5031,3498470
2011-07-20,35.5723,35.6327,35.3001,35.4298,2839861
2011-07-21,35.5397,35.8356,35.4111,35.6723,3922987
2011-07-22,35.6386,36.0771,35.5189,36.0434,4793157
2011-07-25,35.9197,36.7748,35.9197,36.5174,6528984
2011-07-26,36.1463,36.9776,36.1463,36.7391,4445621
2011-07-27,36.37,36.7252,35.6446,35.6812,7048709
2011-07-28,36.5611,38.2276,35.8178,37.3279,8301678
2011-07-29,36.9252,37.0063,36.1067,36.1384,6181838
2011-08-01,36.2591,36.3867,35.218,35.3704,6247796
2011-08-02,35.0617,35.4535,34.5293,34.5293,6638192
2011-08-03,34.5046,34.8677,34.0671,34.6312,6563845
2011-08-04,34.0503,34.2671,33.1615,33.216,7007751
2011-08-05,33.5792,34.0958,32.2738,33.9137,9479692
2011-08-08,32.544,33.1605,31.7237,31.7494,10014214
2011-08-09,32.3452,32.636,30.8964,32.5776,11335876
2011-08-10,31.9987,32.4699,31.499,31.6137,9354224
2011-08-11,31.7068,32.4272,31.6217,32.0621,9816796
2011-08-12,32.4946,32.4946,31.7841,32.2036,9326693
2011-08-15,32.4412,32.7004,32.2036,32.6687,4915341
2011-08-16,32.4105,32.732,32.268,32.6273,7516080
2011-08-17,32.6529,32.9004,32.3215,32.7083,5228005
2011-08-18,31.6217,31.8958,30.8794,31.1605,6240342
2011-08-19,30.9359,31.7672,30.9201,31.1695,6305329
2011-08-22,31.6385,31.7414,31.1378,31.3139,5149648
2011-08-23,31.3902,32.2036,31.3139,32.2036,4955914
2011-08-24,32.071,32.5866,31.9206,32.5382,4637220
2011-08-25,32.5709,32.8687,32.1304,32.3382,5028639
2011-08-26,32.1491,32.749,31.7256,32.543,4848722
2011-08-29,32.8617,33.1537,32.6906,33.12,3734921
2011-08-30,33.0528,33.9067,32.9409,33.6989,4559440
2011-08-31,33.9681,34.3442,33.6277,33.889,2813466
2011-09-01,33.8454,34.4322,33.4011,33.4773,2862340
2011-09-02,32.9785,33.1577,32.3669,32.5223,2994806
2011-09-06,31.592,32.1808,31.1042,32.1433,5002442
2011-09-07,32.6103,33.6782,32.6103,33.5654,5404134
2011-09-08,33.3724,33.7593,33.1121,33.3813,3816185
2011-09-09,33.0864,33.3892,32.1808,32.4758,6188834
2011-09-12,32.0918,32.8914,31.9473,32.8617,5245424
2011-09-13,33.0378,33.5654,32.9696,33.4733,4653778
2011-09-14,33.5258,34.837,33.4664,34.6331,6722932
2011-09-15,34.8697,35.5169,34.6975,35.5031,5553017
2011-09-16,35.511,36.3413,35.2981,36.271,12509044
2011-09-19,35.6624,36.2523,35.5625,36.0097,4986622
2011-09-20,36.2255,36.4214,35.7683,35.885,3163750
2011-09-21,35.8505,36.0929,34.8697,34.8954,3610750
2011-09-22,33.8356,34.2452,33.1775,33.6228,4832834
2011-09-23,33.5575,34.1414,33.4041,33.7426,3361501
2011-09-26,34.1414,34.1501,33.0805,33.8356,4204730
2011-09-27,34.5134,35.0786,33.9701,34.4867,4891850
2011-09-28,34.7638,35.0162,33.8435,33.9038,2949271
2011-09-29,34.4789,35.0488,33.6702,34.3531,3541490
2011-09-30,33.882,34.3947,33.5465,33.9117,4773611
2011-10-03,33.8989,34.3897,32.7884,32.8756,5407871
2011-10-04,32.5075,34.1661,32.0661,34.1501,4616268
2011-10-05,33.8079,34.9093,33.7109,34.7539,3894398
2011-10-06,34.651,35.8505,34.361,35.8445,3401611
2011-10-07,35.792,35.9197,35.0557,35.322,3069669
2011-10-10,35.7683,36.1948,35.6624,36.0197,2554120
2011-10-11,35.6882,36.2621,35.6713,36.0256,2279874
2011-10-12,36.271,36.7559,35.984,36.3897,3222486
2011-10-13,36.1533,36.2977,35.5802,35.9999,2135293
2011-10-14,36.3809,36.462,36.0355,36.4383,1994024
2011-10-17,36.365,36.6144,35.9445,36.0355,1915375
2011-10-18,35.9118,36.8202,35.4535,36.6095,2002458
2011-10-19,36.4214,36.5778,35.893,36.1067,2634615
2011-10-20,36.1889,36.3977,35.6436,36.0691,1951310
2011-10-21,36.3492,37.2339,36.2977,37.227,2886588
2011-10-24,37.141,37.8792,37.0063,37.5526,4367749
2011-10-25,37.2399,37.4665,36.5728,36.6431,2276072
2011-10-26,37.141,37.3191,36.5046,37.0558,2950908
2011-10-27,38.2276,38.2363,37.3606,37.6447,4933682
2011-10-28,37.6812,38.6491,37.6545,38.372,4172906
2011-10-31,37.7436,38.4987,37.7436,37.9662,2715865
2011-11-01,36.6818,36.9509,36.3047,36.4154,2680207
2011-11-02,37.031,37.2082,36.6728,36.8609,2377083
2011-11-03,37.4249,37.7406,37.0607,37.6871,2992965
2011-11-04,37.3012,37.4091,36.9658,37.1904,3015236
2011-11-07,37.0726,37.2339,36.462,37.0558,4668193
2011-11-08,37.1924,37.2171,36.6491,37.0469,3098661
2011-11-09,36.2037,36.4067,35.7336,36.0602,6728110
2011-11-10,36.6885,36.6885,36.2037,36.4471,4506934
2011-11-11,36.9311,37.4625,36.8846,37.4269,3614277
2011-11-14,37.2003,37.8395,37.1587,37.227,1796162
2011-11-15,37.0469,37.7485,36.9559,37.517,1945716
2011-11-16,37.1924,37.6545,36.7896,36.9004,2427018
2011-11-17,36.8529,37.3121,36.6579,37.2874,3885732
2011-11-18,37.517,37.5754,36.8678,36.8846,2882539
2011-11-21,36.3977,36.7212,35.9445,36.271,2742155
2011-11-22,36.1146,36.28,35.6317,36.0602,2866495
2011-11-23,35.7346,35.7346,35.232,35.3061,2594916
2011-11-25,35.2111,35.6604,35.1013,35.3645,1339539
2011-11-28,36.1809,36.7559,36.1809,36.5858,2838090
2011-11-29,36.5778,36.8272,36.2433,36.6244,3736156
2011-11-30,37.6307,38.0345,37.5268,37.7723,4059888
2011-12-01,37.6277,37.8712,37.3191,37.5595,2550894
2011-12-02,37.8722,38.0415,37.7991,37.8802,2958649
2011-12-05,38.2206,38.2206,37.5823,37.9029,2646200
2011-12-06,37.9395,38.0642,37.7753,37.895,2256237
2011-12-07,37.7317,38.1166,37.4338,37.8545,3436769
2011-12-08,37.7406,38.1672,37.5744,37.8634,4131658
2011-12-09,37.9029,38.1889,37.417,38.0563,3437586
2011-12-12,37.5595,37.8238,37.2467,37.7831,2214797
2011-12-13,37.8722,38.1089,37.2547,37.4338,2848001
2011-12-14,37.4091,37.5744,36.8242,37.1567,2279959
2011-12-15,37.417,37.5002,37.0835,37.417,2174954
2011-12-16,37.7406,37.9712,37.2844,37.5377,3609809
2011-12-19,37.5595,37.9296,37.3666,37.5377,3530597
2011-12-20,38.0178,38.27,37.4833,37.7831,3821008
2011-12-21,37.7317,37.9455,37.5338,37.7317,2598713
2011-12-22,37.8238,38.1672,37.6268,37.7317,2574598
2011-12-23,37.9029,38.365,37.7485,38.3196,3317891
2011-12-27,38.3284,38.5511,38.1256,38.4759,1004127
2011-12-28,38.5778,38.5778,37.8455,37.9612,1563522
2011-12-29,38.0178,38.1731,37.7406,37.8802,1282025
2011-12-30,37.8722,37.9822,37.605,37.6407,1410604
2012-01-03,37.7991,38.5511,37.7991,37.9118,1516275
2012-01-04,37.7248,37.8455,37.4338,37.705,2210344
2012-01-05,37.6871,38.0415,37.5239,37.9545,1965254
2012-01-06,37.8634,38.1583,37.7991,37.8545,1460861
2012-01-09,37.7406,37.8545,37.4516,37.5516,2410439
2012-01-10,37.9296,38.0415,37.5664,37.6447,2604017
2012-01-11,37.3913,37.8069,37.3834,37.4923,2729916
2012-01-12,37.6357,37.8634,37.5239,37.5447,2187739
2012-01-13,37.3259,37.8722,37.2399,37.7991,1945068
2012-01-17,37.9495,38.4155,37.9495,38.1711,1288060
2012-01-18,38.1731,38.6283,38.1326,38.5679,2234331
2012-01-19,38.6283,39.0756,38.5294,39.0668,2248054
2012-01-20,39.0153,39.0153,38.5679,38.7015,2227250
2012-01-23,38.6838,39.0241,38.4947,38.6125,1416135
2012-01-24,38.5679,38.9213,38.181,38.9213,2155432
2012-01-25,38.9213,38.9213,36.2037,36.5471,6800301
2012-01-26,36.4997,36.8955,35.9276,36.8639,4763696
2012-01-27,36.6263,37.3666,36.5234,37.2467,3042742
2012-01-30,37.3418,37.7753,37.1152,37.3744,3218117
2012-01-31,37.5545,37.8346,37.3369,37.7436,2908451
2012-02-01,37.6189,38.2296,37.5744,37.8148,3081480
2012-02-02,37.7188,37.8238,37.1468,37.2467,2659724
2012-02-03,37.4338,38.4344,37.4338,38.3284,2952815
2012-02-06,37.9545,38.1731,37.1637,37.9802,2629979
2012-02-07,37.8742,38.3987,37.8663,38.372,2120013
2012-02-08,38.3393,38.381,38.0692,38.3077,5058313
2012-02-09,38.4155,39.0084,38.1543,38.9401,3420902
2012-02-10,38.5363,38.6838,38.2206,38.5422,2431545
2012-02-13,38.7174,39.0845,38.5966,39.0331,1811136
2012-02-14,39.0014,39.2142,38.4423,38.7917,2068769
2012-02-15,38.8639,39.5863,38.7748,39.2052,3156468
2012-02-16,39.2142,40.1029,38.854,39.9525,3540512
2012-02-17,40.1346,41.525,40.1276,41.1756,5553145
2012-02-21,41.0935,41.2142,40.4452,40.57,3918112
2012-02-22,40.8064,40.8658,40.4661,40.5126,2765069
2012-02-23,40.4017,40.4661,40.1593,40.278,3788847
2012-02-24,40.3404,40.4572,40.0642,40.1919,2156144
2012-02-27,39.6941,40.9301,39.6941,40.7817,3169199
2012-02-28,40.767,40.8658,40.6195,40.752,2026576
2012-02-29,40.7174,40.8303,40.2968,40.4929,5203554
2012-03-01,40.5225,40.8658,40.3195,40.655,1797574
2012-03-02,41.1103,41.4775,41.0104,41.3478,2246566
2012-03-05,41.1825,41.2549,40.752,41.2072,2849168
2012-03-06,40.8975,42.1881,40.8975,41.8615,4151032
2012-03-07,41.7733,42.0664,41.6487,41.9763,13429438
2012-03-08,42.1791,42.9233,41.9831,42.0941,4382167
2012-03-09,42.2038,42.3592,41.1262,41.2647,4862591
2012-03-12,40.8975,41.3646,40.767,40.8064,4734807
2012-03-13,41.0361,41.7466,40.9301,41.2399,4990973
2012-03-14,41.2479,41.3874,41.0865,41.2479,3213750
2012-03-15,41.2072,41.3241,41.1025,41.2647,2491588
2012-03-16,41.527,41.527,41.1677,41.2726,3609287
2012-03-19,41.0618,41.4448,41.0538,41.1825,2756625
2012-03-20,40.9935,41.2301,40.8837,41.1262,1428316
2012-03-21,41.0955,41.332,40.9154,41.045,2939849
2012-03-22,40.9301,41.1351,40.8164,41.1025,2449357
2012-03-23,41.0618,41.4518,40.8234,41.3874,2379341
2012-03-26,41.4201,42.1395,41.3726,41.5587,3311131
2012-03-27,41.6091,42.1881,41.6091,41.8615,1976305
2012-03-28,41.7466,41.805,41.1192,41.2072,2707354
2012-03-29,41.0618,41.4023,40.7897,41.3726,1756187
2012-03-30,41.5685,41.6329,41.0905,41.52,2647138
2012-04-02,41.4448,41.6635,40.9935,41.5102,1966969
2012-04-03,41.4933,41.8357,41.1351,41.4853,2399212
2012-04-04,41.2162,41.3073,40.7967,40.9787,1761455
2012-04-05,40.767,40.9628,40.6769,40.8381,1436943
2012-04-09,40.2018,40.3502,39.8842,40.0564,2024691
2012-04-10,39.9188,40.0297,39.517,39.5357,2813380
2012-04-11,39.7228,39.8921,39.527,39.6882,2485109
2012-04-12,39.7931,40.0821,39.527,40.0464,1818154
2012-04-13,40.0464,40.1236,39.5357,39.5357,1629831
2012-04-16,39.5971,39.6971,39.1726,39.3616,2274209
2012-04-17,39.6457,40.6185,39.6457,40.4572,2832310
2012-04-18,40.2285,40.4265,39.8762,40.1167,2640167
2012-04-19,40.0742,40.4948,39.7149,39.9495,2148837
2012-04-20,40.0227,40.3602,39.7486,40.0297,1574378
2012-04-23,39.7298,39.901,39.5823,39.6882,2062786
2012-04-24,39.7714,39.9653,39.4843,39.7486,2578607
2012-04-25,40.284,42.3522,40.284,41.9188,7670808
2012-04-26,41.8615,41.894,41.4695,41.6714,5112134
2012-04-27,41.7793,41.8872,41.3389,41.4518,2754165
2012-04-30,41.3379,41.6823,41.2617,41.6823,5764864
2012-05-01,41.7733,42.5236,41.6892,42.0317,2172541
2012-05-02,41.8199,42.1464,41.6566,41.9267,2326180
2012-05-03,41.8575,41.899,41.4805,41.4953,1969874
2012-05-04,41.3162,41.4616,41.0618,41.3389,1992977
2012-05-07,41.0865,41.6487,41.0282,41.5587,2052924
2012-05-08,41.0678,41.6992,40.6847,41.5922,2438338
2012-05-09,40.8965,41.2082,40.5363,40.6016,3607519
2012-05-10,40.7174,40.7957,40.4146,40.4632,3294270
2012-05-11,40.3998,40.9301,40.3929,40.7026,3254635
2012-05-14,40.4512,40.4948,39.8842,39.901,3892509
2012-05-15,39.8109,40.4087,39.4359,40.1078,1996684
2012-05-16,40.1831,40.376,39.8268,39.8268,2073074
2012-05-17,39.8693,39.8693,39.1023,39.1023,2208099
2012-05-18,39.1657,39.3142,38.283,38.3621,3585478
2012-05-21,38.3888,39.2558,38.3463,39.1499,2316093
2012-05-22,39.1815,39.3696,38.8717,39.1102,2742628
2012-05-23,38.8064,39.4676,38.4641,39.4033,2317018
2012-05-24,39.3696,39.4111,38.7095,38.9786,3536427
2012-05-25,39.0668,39.3052,38.9925,39.2212,1644964
2012-05-29,39.3459,39.9089,39.2212,39.8842,2192538
2012-05-30,39.4447,39.5527,38.8807,39.0508,2501486
2012-05-31,38.9559,39.5734,38.664,39.2756,3957451
2012-06-01,38.5818,38.755,38.3433,38.3513,2635579
2012-06-04,38.3334,38.5848,37.9662,38.2603,2059643
2012-06-05,38.2473,39.3052,38.082,39.1895,2341069
2012-06-06,39.3795,40.1741,39.3379,40.1741,2707729
2012-06-07,40.3809,40.4997,39.3527,39.3953,2402642
2012-06-08,39.2963,39.7961,39.2815,39.7001,2771444
2012-06-11,39.9307,40.0237,38.6887,38.7402,3275118
2012-06-12,39.0935,39.3469,38.6165,39.229,3175196
2012-06-13,39.042,39.42,38.6085,38.8936,2789374
2012-06-14,38.8787,39.0668,38.3591,38.852,3044274
2012-06-15,39.0578,40.1118,38.9291,39.9604,3933632
2012-06-18,39.7001,40.372,39.6654,40.2335,2739895
2012-06-19,40.4146,40.6086,39.6744,39.7515,2460588
2012-06-20,39.7515,40.0949,39.1588,39.3795,3630094
2012-06-21,39.5367,39.5467,38.8936,38.9698,3384932
2012-06-22,38.9925,39.4843,38.8213,39.2884,6261162
2012-06-25,39.1499,39.1499,38.2126,38.3433,1846791
2012-06-26,38.4117,38.9549,38.2879,38.7807,1717826
2012-06-27,38.8609,39.2062,38.6986,38.852,1022081
2012-06-28,38.5818,38.6491,38.0553,38.5116,2832784
2012-06-29,39.0153,39.4813,38.8936,39.4813,2235267
2012-07-02,39.2963,39.5833,38.7322,38.852,2547859
2012-07-03,38.9549,39.709,38.7975,39.6654,1349242
2012-07-05,39.51,39.709,39.3309,39.4042,1700091
2012-07-06,39.0321,39.2062,38.27,38.5383,1833713
2012-07-09,38.5244,38.6738,38.2126,38.3294,2702537
2012-07-10,38.2473,38.7145,37.5397,37.7001,3201061
2012-07-11,37.6229,37.709,36.9321,37.3022,3185125
2012-07-12,36.9993,37.3022,36.5085,37.0756,1799794
2012-07-13,37.0677,37.7357,36.9896,37.709,1269371
2012-07-16,37.5397,37.5545,36.9262,37.0677,1739773
2012-07-17,37.2764,37.4942,36.7461,37.4685,2176306
2012-07-18,37.2607,38.3354,37.2399,38.284,2310383
2012-07-19,38.4117,39.2142,38.367,38.9856,2806710
2012-07-20,38.7708,38.8045,38.0345,38.1583,3628111
2012-07-23,37.511,37.7159,37.0677,37.6574,1910332
2012-07-24,37.8455,38.3572,36.9073,37.1627,2960926
2012-07-25,37.3359,39.8041,37.3359,39.229,4992124
2012-07-26,39.5547,39.5547,38.2306,38.9608,4703323
2012-07-27,38.9777,39.3379,38.8213,39.1895,3473403
2012-07-30,39.0668,39.3795,38.7402,39.1588,2027198
2012-07-31,39.1925,39.8762,39.0855,39.6614,3014543
2012-08-01,39.7891,39.8555,39.2142,39.3379,1653914
2012-08-02,39.0084,39.2903,38.7629,39.2309,1646537
2012-08-03,39.1499,39.3052,37.4259,38.6165,5459852
2012-08-06,38.6243,39.042,38.5621,38.7887,1950194
2012-08-07,39.0578,39.7318,39.0578,39.5991,1824291
2012-08-08,39.3706,39.709,39.2884,39.4042,1655071
2012-08-09,39.2963,39.5684,39.0498,39.1657,2214084
2012-08-10,39.0935,39.5013,38.9777,39.4686,2020769
2012-08-13,39.3953,39.4457,38.7065,38.8609,4873274
2012-08-14,38.9608,39.324,38.6085,39.0835,2749721
2012-08-15,39.1261,39.2884,38.6006,38.9777,1843555
2012-08-16,39.0004,39.615,39.0004,39.529,2114223
2012-08-17,39.429,39.5616,39.2062,39.2646,2884129
2012-08-20,39.1261,39.4527,38.9925,39.3469,2530098
2012-08-21,39.3469,39.6308,39.2558,39.3469,3756487
2012-08-22,39.3142,39.3469,39.0835,39.1895,1972199
2012-08-23,39.0835,39.1182,38.852,39.042,1725697
2012-08-24,38.8787,39.1518,38.5373,39.0855,2031307
2012-08-27,39.1182,39.42,38.5531,39.1499,1302062
2012-08-28,38.9856,39.3795,38.5621,39.0498,1324813
2012-08-29,39.1588,39.5467,39.0241,39.4943,1269214
2012-08-30,39.2469,39.324,38.7065,39.0241,1905478
2012-08-31,39.2232,39.3329,38.664,39.1112,1880202
2012-09-04,39.044,39.2676,38.657,39.0766,1482446
2012-09-05,39.1112,39.4072,38.7708,39.1439,1433817
2012-09-06,39.2903,40.3048,39.2903,40.3048,2250579
2012-09-07,40.28,40.5373,40.1276,40.4552,2194052
2012-09-10,40.4334,40.4552,40.0771,40.0771,1149431
2012-09-11,40.2058,40.4552,39.9357,40.3662,1939714
2012-09-12,40.5096,40.7431,40.372,40.7431,2175248
2012-09-13,40.5373,41.4933,40.5373,41.3459,2630082
2012-09-14,41.2459,41.6922,41.0728,41.6922,2637300
2012-09-17,41.5339,41.5596,41.1558,41.3864,1341453
2012-09-18,41.2529,41.4853,40.9886,41.0905,1884973
2012-09-19,41.049,41.6586,40.9827,41.527,1741992
2012-09-20,41.4091,41.4091,40.8501,41.0905,1419722
2012-09-21,41.5022,42.8284,41.5022,42.7254,3909621
2012-09-24,42.3522,42.4572,41.8892,42.1634,1873525
2012-09-25,42.3345,42.4434,41.9317,41.9317,2907067
2012-09-26,41.9812,42.0287,41.3132,41.3864,2321745
2012-09-27,41.5022,41.9227,41.3548,41.8663,1664840
2012-09-28,41.7319,41.9634,41.3706,41.7012,1763337
2012-10-01,41.8219,42.0187,41.5111,41.7576,1339154
2012-10-02,41.8308,41.915,41.3379,41.4853,1741593
2012-10-03,41.4933,42.0187,41.2132,41.9871,3250260
2012-10-04,42.0287,42.1871,41.7496,42.1375,2804146
2012-10-05,42.2355,42.6116,42.0732,42.3345,1969971
2012-10-08,42.2028,42.2692,41.8159,41.906,935030
2012-10-09,41.8575,41.899,41.3785,41.4013,1472101
2012-10-10,41.4853,41.4853,40.9005,41.2044,1544505
2012-10-11,41.4695,42.0287,41.3132,41.3132,907418
2012-10-12,41.4359,41.6586,41.2202,41.3221,1033122
2012-10-15,41.33,41.5517,41.1955,41.5339,1201286
2012-10-16,41.6586,42.0732,41.5596,42.0464,1462026
2012-10-17,42.0732,42.3187,41.8575,42.1634,977547
2012-10-18,42.1634,42.1634,41.7753,41.8723,930011
2012-10-19,41.915,42.0287,41.2865,41.4359,2008381
2012-10-22,41.237,41.6259,41.0401,41.5932,1954176
2012-10-23,41.2044,41.3053,40.8253,41.0568,2649078
2012-10-24,41.6586,42.7749,41.527,42.5512,3243356
2012-10-25,42.2771,42.5423,41.0905,41.2459,3126280
2012-10-26,41.1875,42.6541,41.1638,42.5849,2390958
2012-10-31,42.4839,42.759,41.5932,42.6303,2973389
2012-11-01,42.7165,44.4869,42.0732,43.9862,4593425
2012-11-02,44.2563,44.2563,43.4805,43.6389,3345051
2012-11-05,43.4885,44.1584,43.4321,43.9941,1846128
2012-11-06,43.8843,44.5364,43.8843,44.4553,2441031
2012-11-07,44.0911,44.384,43.5735,44.2563,2878833
2012-11-08,44.2188,44.5127,43.812,43.812,3205237
2012-11-09,43.9377,44.3207,43.7734,43.812,3599984
2012-11-12,43.812,44.2088,43.5241,44.0584,1397675
2012-11-13,43.7476,44.3385,43.713,43.9377,1335016
2012-11-14,43.9773,44.1267,43.4805,43.5558,1745317
2012-11-15,43.6389,44.0119,43.4725,43.5913,2422664
2012-11-16,43.5062,43.7636,43.055,43.6309,2303722
2012-11-19,43.9862,44.297,43.9199,44.0486,1642774
2012-11-20,43.9199,44.4315,43.7546,44.4315,2615115
2012-11-21,44.3662,44.6681,44.2415,44.4384,1233937
2012-11-23,44.6058,45.1994,44.4464,45.1717,799299
2012-11-26,44.6374,45.0847,44.5711,45.0421,1790953
2012-11-27,44.8333,45.1817,44.5611,44.5711,2134316
2012-11-28,44.384,44.9877,44.2336,44.9026,1794985
2012-11-29,45.059,45.1717,44.7749,44.9026,1772872
2012-11-30,44.9729,45.2539,44.8016,44.9213,4020276
2012-12-03,45.0679,45.155,44.7115,44.7215,1840662
2012-12-04,44.8255,45.1084,44.6601,44.7275,2309855
2012-12-05,44.7275,45.7596,44.6215,45.5202,3270931
2012-12-06,45.2757,45.4736,45.0847,45.155,2950921
2012-12-07,45.2391,45.2934,44.8492,45.0421,1513193
2012-12-10,44.8956,45.1717,44.8956,45.0847,2056835
2012-12-11,45.3391,45.5112,44.859,45.1629,2255455
2012-12-12,45.4073,45.7022,45.1312,45.1915,1366170
2012-12-13,45.1084,45.4073,44.8669,44.9649,1132456
2012-12-14,44.7582,45.05,44.5771,44.7996,1265968
2012-12-17,44.7918,45.3212,44.675,44.9867,2325475
2012-12-18,44.9946,45.5478,44.9729,45.4756,1313810
2012-12-19,45.4073,45.437,45.0133,45.0323,1340519
2012-12-20,45.0411,45.5389,44.8849,45.4756,1383092
2012-12-21,45.3212,45.3489,44.7729,45.2391,3048343
2012-12-24,44.8235,45.4073,44.8235,45.4073,729731
2012-12-26,45.3588,45.4756,44.7669,45.0411,937361
2012-12-27,44.9412,45.5894,44.8759,45.4845,1784080
2012-12-28,45.0757,45.3123,44.8076,44.8235,1456456
2012-12-31,44.7018,46.2277,44.6344,46.1486,2574303
2013-01-02,46.681,46.9531,46.1089,46.584,2712533
2013-01-03,46.6126,47.1115,46.2753,46.4287,1455845
2013-01-04,46.4287,46.8235,46.3742,46.6483,1375291
2013-01-07,46.4404,47.0075,46.3317,46.8967,2390646
2013-01-08,46.8235,46.8324,46.1406,46.3673,1409448
2013-01-09,46.4632,46.6394,46.4009,46.6206,834344
2013-01-10,46.7879,47.0867,46.6206,47.063,1520703
2013-01-11,47.2619,47.7675,47.0372,47.6587,1576979
2013-01-14,47.5607,47.8675,47.542,47.7992,1445830
2013-01-15,47.6112,47.8428,47.3361,47.6824,1188353
2013-01-16,47.533,48.0932,47.3292,48.0338,2457964
2013-01-17,48.1614,48.208,47.825,48.108,1562943
2013-01-18,48.305,49.1095,48.305,48.9117,3801781
2013-01-22,48.8187,48.9037,47.918,48.3138,2914809
2013-01-23,48.1614,48.693,46.392,48.5226,8202568
2013-01-24,48.4227,49.2986,48.4227,48.7394,2937041
2013-01-25,48.7473,48.8187,48.3802,48.5741,2071889
2013-01-28,48.6613,49.1005,48.6433,48.9117,1425901
2013-01-29,48.9274,48.9274,48.397,48.8531,1199897
2013-01-30,48.8444,48.9758,48.5969,48.6433,1201186
2013-01-31,48.59,48.8531,48.3712,48.397,1970578
2013-02-01,48.7394,49.0689,48.4871,48.7948,1597791
2013-02-04,48.4871,49.0215,48.4871,48.6433,2182108
2013-02-05,48.9037,49.831,48.9037,49.6667,2727660
2013-02-06,48.9117,49.4598,48.6433,49.2272,1754751
2013-02-07,49.2194,49.831,49.1322,49.7498,1711884
2013-02-08,49.8983,50.1278,49.0601,49.9804,1480274
2013-02-11,50.0299,50.594,49.9072,50.4782,1303361
2013-02-12,50.3872,50.6108,50.1209,50.4218,1135564
2013-02-13,50.5613,50.8958,50.3872,50.4039,1796827
2013-02-14,50.1615,50.7919,49.8983,50.6583,2130058
2013-02-15,50.8246,51.2501,50.687,50.9176,2237161
2013-02-19,50.8522,51.4312,50.783,51.4164,1835544
2013-02-20,51.3708,51.3808,50.7662,50.7741,1717432
2013-02-21,50.7285,50.7434,50.1615,50.4623,1669876
2013-02-22,50.7018,51.3481,50.586,51.3065,1565038
2013-02-25,51.3896,51.4549,49.9567,49.9655,2235196
2013-02-26,50.0625,50.4306,49.831,50.2565,3160247
2013-02-27,50.4218,51.6379,50.2565,51.4638,2295447
2013-02-28,51.3481,51.8113,51.2728,51.5658,2282567
2013-03-01,51.3411,51.6202,50.9809,51.4164,1505438
2013-03-04,51.2017,51.8053,51.0828,51.8053,1598756
2013-03-05,51.9527,52.3357,51.8053,52.1923,2139526
2013-03-06,52.3694,52.6989,52.2427,52.309,2248934
2013-03-07,52.4654,52.5811,51.8983,51.921,1686920
2013-03-08,52.1141,52.4851,51.826,52.0071,2513945
2013-03-11,51.8983,52.0884,51.8181,51.8547,2070065
2013-03-12,51.8113,51.9063,50.9483,51.5005,2541232
2013-03-13,51.6044,51.8557,51.3313,51.7903,1519079
2013-03-14,52.0101,52.0824,51.6212,51.8913,1801895
2013-03-15,51.7806,52.019,51.6292,51.6609,2661642
2013-03-18,51.1383,51.6885,50.9878,51.3055,923519
2013-03-19,51.4075,51.5905,50.971,51.3313,1056738
2013-03-20,51.5658,52.0378,51.5312,51.9389,1681476
2013-03-21,51.7627,52.1398,51.5905,51.9627,1409334
2013-03-22,52.0101,53.0869,51.9914,52.9453,2107488
2013-03-25,53.0284,53.0453,52.3298,52.6801,1425642
2013-03-26,52.9196,53.062,52.7237,52.8216,1100713
2013-03-27,52.5851,53.078,52.4446,52.9058,1082357
2013-03-28,52.8216,53.3511,52.6959,53.2937,1624590
2013-04-01,53.2451,53.4629,52.9058,53.0196,898898
2013-04-02,53.2719,53.4362,52.8395,53.0196,781693
2013-04-03,52.9196,52.9622,52.1209,52.2685,1935752
2013-04-04,52.1714,52.5931,52.0734,52.4267,1497141
2013-04-05,51.9082,52.2942,51.6609,52.1625,1269642
2013-04-08,52.0992,52.6029,51.8913,52.5791,1387790
2013-04-09,52.689,53.2125,52.5059,52.971,1190502
2013-04-10,53.062,53.8716,52.8039,53.8468,1216258
2013-04-11,53.7381,53.8716,53.3966,53.7935,1332862
2013-04-12,53.453,53.7509,52.6959,53.161,1420087
2013-04-15,52.7514,52.8039,51.4549,51.4628,1936186
2013-04-16,51.8123,52.5307,51.6212,52.406,1463537
2013-04-17,52.213,52.2398,51.5816,51.7133,1635658
2013-04-18,51.931,51.9389,50.8216,50.9008,2075899
2013-04-19,51.2323,51.8123,50.788,51.3708,1786027
2013-04-22,51.3798,51.6609,51.0313,51.4213,1008757
2013-04-23,51.4471,51.6044,50.5563,51.3985,2795007
2013-04-24,45.4508,47.526,44.3464,46.6255,10052771
2013-04-25,46.6602,47.2431,46.0545,46.9353,4394039
2013-04-26,46.9353,47.6033,46.869,47.2786,4248173
2013-04-29,47.4539,48.1031,47.3203,47.8101,2836699
2013-04-30,47.7755,47.7834,47.0679,47.6112,3263930
2013-05-01,47.448,47.8438,46.9106,46.9184,2614399
2013-05-02,46.9591,47.4607,46.8195,47.3499,2215218
2013-05-03,47.635,48.0279,47.5796,47.6834,2122160
2013-05-06,47.4697,47.9408,47.3668,47.4023,2331042
2013-05-07,47.3589,47.4924,47.1095,47.2709,3130179
2013-05-08,47.2856,47.7438,46.9689,47.448,3171160
2013-05-09,47.2786,47.5083,46.7195,47.2619,3215750
2013-05-10,46.9778,47.2619,46.6859,47.0115,2804319
2013-05-13,46.8007,47.0541,46.6691,46.7562,2702047
2013-05-14,46.6176,47.3926,46.6176,47.3499,2689987
2013-05-15,47.1788,47.635,47.1362,47.526,2690978
2013-05-16,47.526,48.1733,47.3499,47.8863,3640927
2013-05-17,47.8695,48.211,47.7271,48.1367,2757979
2013-05-20,47.9566,48.9651,47.9566,48.4821,4213913
2013-05-21,48.8404,49.1669,47.9912,48.0902,3227529
2013-05-22,48.0357,48.4484,47.6033,47.6914,3024146
2013-05-23,47.4836,48.1456,47.448,47.8438,4631811
2013-05-24,47.6914,48.3,47.3282,48.1159,3697166
2013-05-28,48.3257,49.1302,48.3079,48.7167,3038738
2013-05-29,48.5186,48.7167,48.2782,48.5454,2089246
2013-05-30,48.6573,49.0531,48.4909,48.7265,1698770
2013-05-31,48.5386,49.1392,48.2357,48.2446,2641531
2013-06-03,48.3752,48.7602,47.8002,48.1298,2649680
2013-06-04,48.0279,48.3168,47.7607,47.7834,2485464
2013-06-05,47.5954,47.7014,46.8195,46.8393,2423745
2013-06-06,46.8551,47.3746,46.7374,47.3746,2863661
2013-06-07,47.542,47.7933,47.2342,47.3926,1900457
2013-06-10,47.448,47.526,46.8937,47.1184,2596698
2013-06-11,46.8482,47.5083,46.5889,46.9274,1859526
2013-06-12,47.3213,47.3946,46.8551,47.0451,1793618
2013-06-13,47.0353,47.9071,46.8621,47.823,1984604
2013-06-14,47.7567,48.108,47.5974,47.6073,1815853
2013-06-17,47.8051,48.0862,47.73,47.9388,1935136
2013-06-18,48.0319,48.1783,47.8051,47.9517,1338372
2013-06-19,47.9388,48.014,47.4559,47.4776,2626995
2013-06-20,47.2727,47.529,46.291,46.4107,3259874
2013-06-21,46.7997,46.8551,46.1336,46.675,5155133
2013-06-24,46.2673,46.6582,45.6894,46.4821,2794071
2013-06-25,46.8096,47.1797,46.4494,47.1194,3278705
2013-06-26,47.3766,48.2347,47.2796,48.0783,3341214
2013-06-27,48.2347,48.6652,48.014,48.3643,1810581
2013-06-28,48.2693,48.777,48.0516,48.2772,5669429
2013-07-01,48.3395,48.8601,48.3395,48.4801,1468520
2013-07-02,48.2901,48.3999,47.8398,48.0783,2260124
2013-07-03,47.7646,48.1981,47.6784,47.8824,1070118
2013-07-05,48.1426,48.4633,47.9388,48.4405,1312355
2013-07-08,48.5356,48.9918,48.3732,48.3822,1411165
2013-07-09,48.5712,48.8868,48.2615,48.5256,1357023
2013-07-10,48.5256,48.9414,48.4475,48.8601,2536788
2013-07-11,49.2619,49.6964,49.2135,49.3777,2195670
2013-07-12,49.3777,49.9645,49.2204,49.7864,1618344
2013-07-15,49.7469,49.8537,49.445,49.4806,1618653
2013-07-16,49.4213,49.8191,49.3599,49.6024,1732466
2013-07-17,49.6102,49.828,49.4213,49.6884,1070879
2013-07-18,49.6449,49.7558,49.3332,49.637,1462132
2013-07-19,49.7211,50.2426,49.536,50.0467,2689213
2013-07-22,49.9467,50.1288,49.6806,50.0625,3069596
2013-07-23,49.9645,50.7503,49.9645,50.1565,2556815
2013-07-24,47.1718,47.5627,45.056,46.8621,8845641
2013-07-25,46.7829,46.8096,45.3123,45.3687,6014860
2013-07-26,45.0916,45.437,44.8362,45.3766,3881685
2013-07-29,45.1707,45.5409,44.9382,45.1609,2563379
2013-07-30,45.3499,45.6834,45.0738,45.4458,3071476
2013-07-31,45.623,46.2099,45.2618,45.8497,2910832
2013-08-01,46.0506,46.3227,45.9249,46.2613,1694291
2013-08-02,46.2613,46.9353,46.1169,46.8472,2086611
2013-08-05,46.6582,46.9274,46.5295,46.9106,1423867
2013-08-06,46.7612,47.2629,46.6918,47.1629,1980945
2013-08-07,46.9888,47.2629,46.869,47.2282,2008065
2013-08-08,47.3302,47.7953,47.0451,47.7735,2058227
2013-08-09,47.529,48.1139,47.529,47.9615,1835079
2013-08-12,47.7051,48.1278,47.4954,48.0319,2269879
2013-08-13,47.9872,48.4475,47.9299,48.3643,1681970
2013-08-14,48.2347,48.4633,48.1783,48.2615,1665696
2013-08-15,47.7478,47.7478,47.2629,47.63,3945920
2013-08-16,47.9229,48.0516,47.5814,47.7874,2405860
2013-08-19,47.638,48.1011,47.6131,47.7388,1816030
2013-08-20,47.63,47.7804,47.537,47.7051,2288075
2013-08-21,47.546,47.6637,46.6503,46.8779,3897476
2013-08-22,46.869,47.2114,46.7769,47.1035,1716742
2013-08-23,47.2362,47.529,47.0858,47.448,1316060
2013-08-26,47.3213,47.7141,47.2727,47.2876,1198103
2013-08-27,46.8551,47.1194,46.5781,46.9274,1956727
2013-08-28,46.9274,47.3302,46.9274,47.155,1565265
2013-08-29,47.0451,47.1857,46.7997,46.9888,1641266
2013-08-30,46.9591,47.0056,46.7018,46.8384,1684789
2013-09-03,47.15,47.6617,46.8641,47.065,2092092
2013-09-04,47.0145,47.15,46.7938,46.8957,2852518
2013-09-05,46.771,47.3183,46.771,46.9719,1751591
2013-09-06,46.9719,47.4994,46.6602,47.2164,2265774
2013-09-09,47.3519,48.4999,47.3519,48.1516,2835174
2013-09-10,48.299,48.5019,47.7785,47.9705,2145410
2013-09-11,47.915,48.1901,47.6191,48.1288,1304187
2013-09-12,48.2188,48.7641,48.1624,48.3415,2430846
2013-09-13,48.2921,48.3673,48.0516,48.3079,1239782
2013-09-16,48.8137,48.8987,48.5721,48.6038,2461289
2013-09-17,48.5672,49.0075,48.5672,48.9978,1840121
2013-09-18,48.9711,49.925,48.8463,49.82,3168257
2013-09-19,49.7884,50.3782,49.7726,50.1842,3078169
2013-09-20,50.3862,51.0927,50.3406,50.7711,10049584
2013-09-23,50.588,50.7711,50.4891,50.7563,1968686
2013-09-24,50.6366,50.6366,50.3782,50.4376,3228641
2013-09-25,50.2772,50.5436,50.0477,50.3149,1924278
2013-09-26,50.3308,50.5286,50.2031,50.3308,1178340
2013-09-27,50.2288,50.3782,50.0654,50.2378,997539
2013-09-30,49.8478,50.116,49.731,49.925,1689743
2013-10-01,49.9577,51.1957,49.8043,51.1957,3326226
2013-10-02,50.8849,51.0443,50.5713,51.0343,2861126
2013-10-03,50.8493,51.1076,50.7325,50.9166,2324446
2013-10-04,50.7563,51.4885,50.5811,51.4045,2353513
2013-10-07,50.9978,51.7646,50.8938,51.1957,1821390
2013-10-08,51.1779,51.2105,50.0834,50.1248,1867250
2013-10-09,50.2922,50.3505,49.545,49.933,1620456
2013-10-10,50.4039,50.9561,50.3149,50.9561,1347945
2013-10-11,50.7632,51.1492,50.7068,50.8849,1244369
2013-10-14,50.6623,51.3955,50.4039,51.3094,1671660
2013-10-15,51.0443,51.2827,50.8305,50.8592,1995727
2013-10-16,51.0601,51.2827,50.8027,51.0443,2396445
2013-10-17,50.779,51.26,50.6533,51.2194,2365620
2013-10-18,51.2758,51.358,50.9898,51.1244,3047690
2013-10-21,51.1867,51.452,51.1343,51.4351,2242901
2013-10-22,51.2827,51.4451,50.6207,50.8027,3839549
2013-10-23,51.8577,55.8182,51.0165,52.4604,10523152
2013-10-24,52.3812,52.7979,52.1923,52.5554,2143277
2013-10-25,52.6742,53.0166,52.4802,52.9582,1813761
2013-10-28,52.967,53.059,52.406,52.4981,1500617
2013-10-29,52.7889,53.0166,52.5653,52.7385,1106199
2013-10-30,52.7068,52.7889,52.0864,52.3377,1333520
2013-10-31,52.3892,52.9493,52.1923,52.5653,1388768
2013-11-01,52.6969,52.8415,52.1191,52.4524,1426221
2013-11-04,52.4604,52.8662,52.4604,52.7256,1338463
2013-11-05,52.6128,52.967,52.5653,52.6969,960378
2013-11-06,52.8751,53.1344,52.6395,52.6742,1361243
2013-11-07,52.8415,53.3184,52.4981,52.5386,1905608
2013-11-08,52.6296,53.1106,52.6296,53.068,1394048
2013-11-11,52.967,53.549,52.9176,53.3966,1227325
2013-11-12,53.3966,54.0162,53.3184,54.0072,1417803
2013-11-13,53.8073,54.212,53.6391,54.1873,1442964
2013-11-14,54.1526,54.6208,54.0339,54.2943,1292360
2013-11-15,54.4871,55.3146,54.4218,55.1285,1785031
2013-11-18,55.0602,55.3146,54.8079,55.0038,1437496
2013-11-19,54.9019,55.0681,54.2694,54.321,1332113
2013-11-20,54.4694,54.7088,54.2358,54.2943,1546487
2013-11-21,54.5248,55.0375,54.3901,54.9938,1746634
2013-11-22,54.9771,55.448,54.7812,55.3858,884800
2013-11-25,55.3462,55.6074,55.1552,55.3146,857787
2013-11-26,55.361,55.4837,54.8326,55.1285,2277327
2013-11-27,55.1947,55.457,54.9316,55.0681,1432784
2013-11-29,55.1462,55.7331,54.9236,55.3858,909437
2013-12-02,55.2779,55.5985,55.0107,55.2037,1104520
2013-12-03,54.9671,55.3541,54.6475,55.3146,1103294
2013-12-04,54.9573,55.2354,54.3367,54.5861,1614575
2013-12-05,54.4387,55.1285,54.3981,54.8415,1290330
2013-12-06,55.1462,55.7678,54.9938,55.6401,1346258
2013-12-09,55.5075,55.7074,55.1947,55.3146,1097931
2013-12-10,55.074,55.564,54.7574,54.9938,1702152
2013-12-11,54.7642,55.2631,54.5317,54.5713,1362456
2013-12-12,54.4031,54.9938,54.2397,54.79,1579996
2013-12-13,54.7812,55.1017,54.5772,54.9493,1460368
2013-12-16,54.9493,55.3323,54.7732,55.2116,1367193
2013-12-17,54.985,55.5727,54.7732,55.3472,1391289
2013-12-18,55.2799,55.8975,54.9009,55.8885,1201882
2013-12-19,55.8054,56.0509,55.6004,55.6253,2547808
2013-12-20,55.46,55.8222,55.4036,55.4213,3792198
2013-12-23,55.7548,56.4961,55.469,56.413,2065142
2013-12-24,56.2023,56.8356,56.1775,56.6832,637440
2013-12-26,56.6733,57.0118,56.5486,56.7504,1019348
2013-12-27,56.699,57.1156,56.6258,56.8801,710008
2013-12-30,56.69,57.1672,56.69,56.8108,699532
2013-12-31,56.7504,57.1385,56.7247,57.0187,766817
2014-01-02,56.9088,57.0118,55.6164,56.0329,1304017
2014-01-03,56.1676,56.2923,55.8885,55.9212,948906
2014-01-06,56.1775,56.317,55.6747,55.6847,1222850
2014-01-07,55.6847,56.1596,55.5323,55.9112,1195963
2014-01-08,55.9568,56.0429,55.5827,55.7451,1066272
2014-01-09,55.8885,56.309,55.8222,56.1775,1129983
2014-01-10,56.3269,56.3358,55.6608,55.8795,2948997
2014-01-13,55.8885,56.3814,55.1799,55.3254,1449112
2014-01-14,55.6004,56.124,55.55,56.0509,990144
2014-01-15,56.0805,56.1596,55.363,55.4313,2358130
2014-01-16,55.5026,55.7351,55.3551,55.5927,1198155
2014-01-17,55.8975,56.317,55.6747,55.8371,2265638
2014-01-21,56.5061,57.1809,56.4041,56.69,2723356
2014-01-22,53.928,55.4778,52.9483,54.4941,5194419
2014-01-23,54.6375,55.2631,54.5406,55.1957,3339860
2014-01-24,55.0443,55.0443,54.4189,54.4189,2013117
2014-01-27,54.5218,54.8069,54.1735,54.4278,1169291
2014-01-28,54.4357,54.6812,54.1566,54.3507,1694538
2014-01-29,54.0576,54.601,53.8716,54.0479,1745224
2014-01-30,54.6812,55.074,54.5317,54.8316,1394706
2014-01-31,54.1646,54.3427,53.8458,53.8973,2498618
2014-02-03,53.9775,54.0479,52.9403,52.982,1650555
2014-02-04,53.2204,53.4817,52.8999,53.2115,1084921
2014-02-05,53.1512,53.3115,52.7959,53.1284,1323425
2014-02-06,53.3036,53.6064,53.2284,53.5609,1021196
2014-02-07,53.7281,54.5841,53.5807,54.5713,1551225
2014-02-10,54.5664,55.0206,54.3347,54.9771,1297557
2014-02-11,55.0681,55.2442,54.7237,54.9316,1421331
2014-02-12,54.9671,55.6253,54.9671,55.5669,1286247
2014-02-13,55.174,55.5927,55.174,55.4778,756676
2014-02-14,55.4867,55.5927,55.3551,55.4213,701152
2014-02-18,55.5727,55.7451,55.3789,55.5669,816773
2014-02-19,55.4036,55.55,54.8405,54.8504,977947
2014-02-20,54.9009,55.1472,54.5664,55.0918,1177709
2014-02-21,55.3709,55.6004,54.9058,54.9236,944580
2014-02-24,54.8692,55.3709,54.7732,54.8781,906721
2014-02-25,54.9147,55.3551,54.8147,54.9938,941914
2014-02-26,55.0285,55.363,54.6288,55.2878,1132888
2014-02-27,55.0681,55.6747,54.9236,55.6668,1010195
2014-02-28,55.6925,56.0419,55.559,55.9222,2413061
2014-03-03,55.5827,55.8538,55.2363,55.7351,1061509
2014-03-04,56.0251,57.0187,55.9993,56.3982,1931974
2014-03-05,56.2497,56.3814,55.9043,56.0329,972874
2014-03-06,56.0904,56.4219,56.0251,56.2368,813536
2014-03-07,56.3447,56.5565,56.1151,56.2923,744305
2014-03-10,56.2121,56.309,55.8628,56.1151,857803
2014-03-11,56.1775,56.2368,55.7301,55.8222,998189
2014-03-12,53.2907,55.5026,53.0196,55.1849,1730876
2014-03-13,55.2175,55.3136,54.4208,54.4971,1464404
2014-03-14,54.1843,54.4377,53.8885,54.0379,1345858
2014-03-17,54.3704,55.2849,54.226,55.2344,1506498
2014-03-18,55.2699,56.0914,55.2512,55.7806,1240939
2014-03-19,55.7965,56.3299,55.4293,55.7628,1075604
2014-03-20,55.557,56.8237,55.3858,56.5743,1239321
2014-03-21,57.0425,57.1552,56.416,56.704,2967010
2014-03-24,56.695,56.7554,55.8708,56.0577,1203780
2014-03-25,56.2438,56.5931,55.8222,56.1696,983755
2014-03-26,56.3992,56.6683,55.2849,55.3046,1321502
2014-03-27,54.9899,55.2849,54.3011,54.6218,1361623
2014-03-28,54.7772,55.0166,54.4437,54.5733,887004
2014-03-31,54.7594,55.1443,54.4971,54.5674,1252893
2014-04-01,54.6594,55.1532,54.4614,55.0879,1258224
2014-04-02,55.1354,55.6094,54.981,55.2512,994972
2014-04-03,55.0245,55.6747,54.9533,55.2413,1263636
2014-04-04,55.4026,55.6747,54.5051,54.5436,1510193
2014-04-07,54.3892,54.9038,54.3892,54.6851,1432565
2014-04-08,54.5871,55.4115,54.4971,55.1255,1780763
2014-04-09,55.171,55.549,55.0403,55.3858,1201235
2014-04-10,55.3858,55.4758,54.2339,54.31,1084558
2014-04-11,54.0666,54.6851,53.74,53.7994,1066649
2014-04-14,54.0923,54.2923,53.6916,54.1299,993691
2014-04-15,55.171,55.2512,53.3323,53.7826,7431294
2014-04-16,53.6628,53.9092,52.7889,53.6628,2890316
2014-04-17,53.5322,53.7004,52.6821,53.5955,3141723
2014-04-21,53.2768,53.3946,52.691,53.0543,1682846
2014-04-22,53.0453,53.9092,52.8345,53.7004,2497572
2014-04-23,53.7915,54.0022,53.164,53.7183,1803218
2014-04-24,53.9439,54.122,53.4035,53.4698,1509070
2014-04-25,53.3581,53.4263,52.7889,53.0453,1276956
2014-04-28,53.5322,53.8805,52.8176,53.164,2393737
2014-04-29,53.4698,54.0379,53.2244,53.837,1358149
2014-04-30,53.837,54.1299,53.5223,53.9597,1855177
2014-05-01,51.2314,53.2501,50.8582,53.173,5678064
2014-05-02,53.079,55.9122,52.9345,55.5994,6755904
2014-05-05,55.2175,57.1959,55.1849,56.1438,8954949
2014-05-06,55.8371,56.796,55.6658,56.3556,6425059
2014-05-07,56.2378,57.0869,56.1171,56.9831,2953350
2014-05-08,56.8059,57.6114,56.7207,57.1879,2319761
2014-05-09,57.1721,57.4343,56.7129,57.0869,2272296
2014-05-12,57.1789,57.7975,57.1789,57.5461,1501586
2014-05-13,57.4818,57.9944,57.2968,57.5006,1712897
2014-05-14,57.4006,57.6629,56.9998,57.0335,1365914
2014-05-15,57.1462,57.2433,56.1883,56.3022,2190629
2014-05-16,56.3744,56.4387,55.8795,56.2685,5031837
2014-05-19,56.224,56.9227,56.0815,56.7644,1890560
2014-05-20,56.7713,56.8584,56.1438,56.4566,4250939
2014-05-21,56.6783,57.0178,56.603,56.7713,1112437
2014-05-22,56.2517,56.8237,56.0509,56.5526,1901445
2014-05-23,56.5931,57.0178,56.4476,56.8672,2855557
2014-05-27,57.0245,57.1146,56.8494,56.8841,2002593
2014-05-28,56.9652,57.0178,56.7871,56.8059,2081344
2014-05-29,56.9058,56.9474,56.7791,56.7871,1483433
2014-05-30,56.9148,57.5273,56.7554,57.2206,3542163
2014-06-02,57.1879,57.5006,57.0425,57.2047,1527477
2014-06-03,56.8148,57.2612,56.7129,56.7465,1745965
2014-06-04,56.5526,57.0781,56.5348,57.0612,1452433
2014-06-05,57.0612,57.465,56.9395,57.0088,1946219
2014-06-06,57.1285,57.4818,57.0691,57.4263,1510999
2014-06-09,57.3166,57.6916,57.3166,57.4343,1331816
2014-06-10,57.4917,57.6827,57.2879,57.458,1537473
2014-06-11,57.4175,57.555,56.9978,57.0672,1193682
2014-06-12,56.99,57.1532,56.5219,56.6643,1536367
2014-06-13,56.8731,57.2037,56.8118,56.9375,815569
2014-06-16,56.8831,57.2344,56.8386,56.8881,1128246
2014-06-17,56.792,57.0504,56.7257,56.8217,872388
2014-06-18,56.9118,57.0325,56.7187,56.802,1396965
2014-06-19,56.8386,57.1869,56.792,57.1769,1507241
2014-06-20,57.3323,57.555,57.0859,57.1869,2556487
2014-06-23,57.1632,57.4006,57.0504,57.2116,958409
2014-06-24,57.0761,57.2869,56.8731,56.896,1158023
2014-06-25,56.792,56.792,56.5051,56.7425,1067855
2014-06-26,56.8554,56.8554,56.41,56.7514,674538
2014-06-27,56.5556,56.9978,56.315,56.9375,3879013
2014-06-30,57.0325,57.1048,56.709,56.7614,3116400
2014-07-01,57.0415,57.3581,56.99,57.0948,2873064
2014-07-02,56.9217,57.1949,56.8554,57.1443,1105398
2014-07-03,57.3156,57.5372,57.1769,57.472,649200
2014-07-07,57.2779,57.6025,57.2779,57.3323,1102121
2014-07-08,57.1048,57.3056,56.2547,56.5051,3038036
2014-07-09,56.5881,56.8554,56.4773,56.7693,1376654
2014-07-10,56.3595,56.7831,56.2339,56.6555,1097595
2014-07-11,56.5476,56.5881,56.1913,56.2705,1147988
2014-07-14,56.2972,56.7187,56.2794,56.3417,1266239
2014-07-15,56.4615,56.6476,55.4383,55.8381,3019469
2014-07-16,56.0271,56.2547,55.9062,55.9924,1891270
2014-07-17,55.8301,55.9746,55.3452,55.368,1730808
2014-07-18,55.6431,56.0023,55.4837,55.8381,2161455
2014-07-21,55.8064,56.1726,55.6747,56.0529,1477565
2014-07-22,56.226,56.6327,56.1023,56.315,1295324
2014-07-23,56.3417,56.3507,55.9924,56.0766,1072132
2014-07-24,56.2705,56.2972,55.8717,55.9429,1398779
2014-07-25,55.7975,55.8064,55.3521,55.4193,929034
2014-07-28,55.3858,55.7301,55.2324,55.5994,888931
2014-07-29,55.6925,55.8381,55.1829,55.1997,1339237
2014-07-30,55.4106,55.4837,55.0632,55.2749,1190515
2014-07-31,55.0136,55.0849,54.22,54.2953,1897353
2014-08-01,54.4001,54.7326,54.1863,54.415,1325382
2014-08-04,54.4001,54.8702,54.2279,54.6643,3054313
2014-08-05,52.4524,53.5124,51.6172,52.3447,3987516
2014-08-06,51.9497,52.3882,51.6439,52.1893,3753921
2014-08-07,52.2248,53.1205,52.1724,52.2248,2648394
2014-08-08,52.3357,53.0433,52.1893,53.0246,1758738
2014-08-11,53.068,53.1205,52.6148,52.6326,1112776
2014-08-12,52.6326,52.7295,52.2248,52.5574,1441696
2014-08-13,52.7207,53.1284,52.6148,52.8899,1945093
2014-08-14,52.9661,53.0077,52.3971,52.4524,1701834
2014-08-15,52.7207,52.7504,51.7479,52.0071,3494600
2014-08-18,52.2723,52.5396,51.829,51.8488,5675160
2014-08-19,51.9112,52.5396,51.9112,52.3258,3168965
2014-08-20,52.2803,52.694,52.2348,52.5574,1664451
2014-08-21,52.4704,52.6593,52.3169,52.6068,1851614
2014-08-22,52.5881,52.597,52.1893,52.2061,1738253
2014-08-25,52.4524,52.5218,51.9973,52.027,1400756
2014-08-26,52.1308,52.1635,51.3471,51.4154,2830811
2014-08-27,51.4154,51.6172,50.6988,50.8889,2472419
2014-08-28,50.6533,50.8147,50.494,50.6197,2337373
2014-08-29,50.7652,50.8424,50.3278,50.6454,2479177
2014-09-02,50.5703,50.681,50.1872,50.3099,2663429
2014-09-03,50.2782,50.4603,50.0834,50.2565,2645500
2014-09-04,50.1872,50.4346,50.1872,50.2862,3460433
2014-09-05,50.2318,50.3999,49.9714,50.2149,2870764
2014-09-08,50.2061,52.1209,50.0734,52.027,13465445
2014-09-09,51.9112,52.1724,51.543,52.0814,3023346
2014-09-10,52.0982,52.3634,52.0171,52.1981,2072272
2014-09-11,52.0804,52.5089,52.026,52.4901,1303142
2014-09-12,52.3981,52.9266,52.1981,52.7622,2413843
2014-09-15,52.8166,52.8166,52.4624,52.6623,2143970
2014-09-16,52.5336,53.0383,52.5336,52.8939,1721997
2014-09-17,52.9186,53.2451,52.8582,53.081,2653642
2014-09-18,53.1166,53.2868,52.8415,53.1927,2277175
2014-09-19,53.3639,53.5302,52.7712,53.0553,2720412
2014-09-22,52.8939,53.0987,52.4277,52.8849,1725180
2014-09-23,52.7534,52.9612,52.6178,52.7889,1740084
2014-09-24,52.6959,53.0463,52.4901,52.9869,2058959
2014-09-25,52.9266,53.5203,52.6959,53.3639,2780747
2014-09-26,53.3906,54.4031,53.3818,54.3774,3977628
2014-09-29,53.9805,54.2893,53.6034,54.1696,2585258
2014-09-30,54.1696,54.3774,54.0142,54.2546,1907519
2014-10-01,54.3417,54.3417,53.3906,53.4491,3944673
2014-10-02,53.2106,53.3284,52.1813,52.3268,3176185
2014-10-03,52.3724,52.7138,51.9874,52.5594,2097545
2014-10-06,52.5594,52.9106,52.4189,52.7305,1632297
2014-10-07,52.4991,52.7622,51.8469,51.8469,1711307
2014-10-08,51.7953,52.8493,51.5579,52.7979,2111226
2014-10-09,52.6,52.9039,51.7696,51.837,1664521
2014-10-10,51.737,51.925,50.6108,50.6276,2399645
2014-10-13,50.6454,50.782,50.0121,50.1585,2416568
2014-10-14,50.5266,50.9532,50.1654,50.3535,2005171
2014-10-15,49.9527,50.9789,49.5489,50.8621,2976052
2014-10-16,50.0714,51.0156,50.0289,50.7424,1842197
2014-10-17,51.1007,52.2407,51.1007,52.1209,2597159
2014-10-20,51.925,52.5238,51.728,52.5158,1666399
2014-10-21,52.9443,53.5559,52.6623,53.4925,1575951
2014-10-22,53.4758,53.6816,52.7792,52.8415,1692722
2014-10-23,53.4243,53.5847,53.262,53.3728,2507364
2014-10-24,53.3728,53.7271,53.262,53.645,1866623
2014-10-27,53.6371,53.9904,53.2709,53.8468,2085379
2014-10-28,53.8825,54.9236,53.5727,54.9236,3085671
2014-10-29,54.8761,55.3116,54.6505,54.8207,2764682
2014-10-30,54.8059,55.1502,53.4837,54.9404,2865274
2014-10-31,55.2927,55.8489,55.2254,55.3026,4238099
2014-11-03,55.3116,55.7044,54.9573,55.458,3024502
2014-11-04,55.6955,57.4383,55.3946,57.2373,4731863
2014-11-05,57.0168,57.1879,54.5041,55.2679,5001630
2014-11-06,55.1997,55.2679,54.2714,54.3774,3129996
2014-11-07,54.3951,55.0117,53.6816,54.9938,3665424
2014-11-10,54.985,55.2165,54.6228,54.8207,2857522
2014-11-11,54.8484,54.8761,54.3863,54.4861,2250083
2014-11-12,54.3774,54.8207,54.316,54.6128,1830453
2014-11-13,54.7524,55.3116,54.7524,55.2393,1931174
2014-11-14,55.1997,55.9627,54.9671,55.9449,1533643
2014-11-17,55.7331,56.0716,55.6451,56.0716,2240844
2014-11-18,56.0716,56.7831,55.9627,56.5871,1626258
2014-11-19,56.5783,56.708,56.2507,56.5367,1370647
2014-11-20,56.4684,56.6832,56.231,56.2962,2284543
2014-11-21,56.8118,56.99,55.9182,55.9627,3098453
2014-11-24,56.0567,56.5634,55.9379,56.4249,1867265
2014-11-25,56.4169,56.4754,56.2131,56.2438,1216443
2014-11-26,56.2378,56.4853,56.1873,56.2131,982725
2014-11-28,56.2962,56.6545,55.9015,56.3477,850133
2014-12-01,56.3032,56.3853,56.0894,56.1072,1458280
2014-12-02,56.1072,56.321,55.9627,56.1686,1316977
2014-12-03,56.1686,56.3853,55.9379,56.0052,2175481
2014-12-04,56.0716,56.3032,55.8084,55.9015,1646565
2014-12-05,55.9795,56.0231,55.5026,55.7331,1744044
2014-12-08,55.8261,56.4081,55.7658,55.9627,1362940
2014-12-09,55.5937,55.9974,55.2254,55.9795,895182
2014-12-10,56.0052,56.0052,54.4288,54.4604,1391922
2014-12-11,54.5594,55.464,54.4784,54.5594,1747802
2014-12-12,54.2626,54.5505,53.7143,53.7143,2421280
2014-12-15,54.0488,54.2883,53.1344,53.3669,1763529
2014-12-16,53.2887,54.3337,53.1284,53.2125,2139228
2014-12-17,53.834,55.2719,53.8053,55.1622,2221605
2014-12-18,55.7311,56.1339,55.5144,56.125,2139964
2014-12-19,56.4002,56.7465,56.0142,56.4615,3785991
2014-12-22,56.4347,57.3512,56.4347,57.3512,1571454
2014-12-23,57.4452,57.851,57.3601,57.6966,1404371
2014-12-24,57.7044,58.3606,57.7044,58.0469,818789
2014-12-26,58.1261,58.3972,58.039,58.1795,851198
2014-12-29,57.9617,58.506,57.8757,58.506,1101984
2014-12-30,58.2775,58.599,58.1944,58.2102,1137783
2014-12-31,58.2191,58.3902,57.7806,57.8243,1128485
2015-01-02,58.2191,58.3843,57.2037,57.3333,1256797
2015-01-05,57.1028,57.3066,55.9974,56.0795,1900539
2015-01-06,56.0309,56.224,55.2631,55.6084,2018379
2015-01-07,56.0309,56.0309,55.1077,55.5382,1818573
2015-01-08,55.9528,56.5723,55.9271,56.4002,1435385
2015-01-09,56.61,56.7791,56.1161,56.125,1053980
2015-01-12,56.125,56.2438,54.1516,55.4719,6619027
2015-01-13,56.0409,56.6169,54.9968,55.2631,3727254
2015-01-14,54.7375,55.2284,54.4515,54.9603,1803364
2015-01-15,55.1532,55.464,54.606,54.6613,1707152
2015-01-16,54.4515,55.2363,54.3764,55.2116,1935179
2015-01-20,55.5313,55.7222,54.8791,55.1869,1902652
2015-01-21,54.9603,55.5313,54.8069,55.4353,1359120
2015-01-22,55.651,56.5149,55.3333,56.3407,1125787
2015-01-23,56.3774,56.9691,56.3774,56.4437,895327
2015-01-26,56.3052,56.8424,56.1429,56.6416,946668
2015-01-27,56.0409,56.3585,55.5907,55.9785,1130610
2015-01-28,56.4259,56.5308,55.0245,55.0325,1115216
2015-01-29,54.9503,55.1622,54.2536,55.0245,1693211
2015-01-30,54.7632,54.8949,53.7231,53.7964,2666535
2015-02-02,54.0854,54.1419,53.3471,54.1419,3250647
2015-02-03,54.4288,55.2284,54.4288,55.1779,2870784
2015-02-04,55.2976,56.6268,54.2299,55.1165,4401620
2015-02-05,55.0403,55.2542,54.4437,55.172,2756108
2015-02-06,55.1779,56.1072,55.0572,55.7371,1839735
2015-02-09,60.4259,60.5625,57.7628,58.4259,8485769
2015-02-10,58.2855,58.9455,57.944,58.8099,2836196
2015-02-11,58.7733,59.2899,58.7733,59.1078,1847163
2015-02-12,59.3691,60.3577,59.3691,60.3399,2544992
2015-02-13,60.33,60.3914,59.9589,60.2627,2661785
2015-02-17,60.0578,60.4705,59.7372,60.1578,2181559
2015-02-18,60.0331,60.1478,59.4769,59.5828,1841765
2015-02-19,59.8064,60.0489,59.4343,59.5046,2197006
2015-02-20,59.4255,60.229,59.2988,60.1964,2730683
2015-02-23,60.2122,60.2122,59.0335,59.1582,1641973
2015-02-24,59.083,59.3087,58.8,59.0751,1320543
2015-02-25,59.0335,59.0335,58.5546,58.6327,1642821
2015-02-26,58.712,59.1078,58.3972,59.0236,1804507
2015-02-27,58.8673,59.0503,58.2775,58.5636,5808742
2015-03-02,58.615,59.6165,58.615,59.3838,1729446
2015-03-03,59.185,59.4769,58.703,58.7357,1389192
2015-03-04,58.4349,58.5397,57.7263,58.3052,1567616
2015-03-05,58.5397,58.7357,58.3765,58.5546,1221680
2015-03-06,58.2448,58.4446,57.4521,57.5996,1523650
2015-03-09,57.5996,57.8054,57.2789,57.3848,1503114
2015-03-10,57.1028,57.1949,56.0489,56.314,2286980
2015-03-11,56.611,57.0168,56.507,56.5921,1535913
2015-03-12,56.0795,56.6188,56.0389,56.2873,1912709
2015-03-13,56.3872,56.6515,55.6134,56.1518,1797649
2015-03-16,56.2873,57.1899,56.231,57.0691,1192008
2015-03-17,56.7138,56.7732,56.2378,56.602,1415776
2015-03-18,56.3952,58.1171,56.3872,57.752,1658933
2015-03-19,57.5797,58.0617,57.2315,57.4818,1596500
2015-03-20,57.6579,58.3072,57.5797,57.9103,3172113
2015-03-23,57.85,58.0548,57.6411,57.6411,1044177
2015-03-24,57.7183,57.9519,57.3819,57.3908,973316
2015-03-25,57.3749,57.3819,56.5406,56.6287,1406661
2015-03-26,56.2606,56.8098,55.9152,56.6862,1104533
2015-03-27,56.6604,56.8711,55.9608,56.6515,1399853
2015-03-30,57.0612,57.5877,56.9464,57.5283,1118150
2015-03-31,57.4076,57.9707,57.3126,57.7708,1988241
2015-04-01,57.7619,57.84,57.2472,57.7708,1281450
2015-04-02,57.7708,58.4566,52.9869,54.1646,9312887
2015-04-06,53.7835,53.931,53.2571,53.2758,3996214
2015-04-07,53.2758,54.0646,53.1007,53.7173,1567166
2015-04-08,53.6361,54.122,53.2907,54.0913,1717558
2015-04-09,53.9548,54.1092,53.553,53.9982,1066177
2015-04-10,53.9389,54.2348,53.8202,54.1843,1039099
2015-04-13,54.1843,54.5812,53.6361,53.6994,1450630
2015-04-14,53.7341,53.8478,53.4223,53.644,1484097
2015-04-15,53.6906,54.0072,53.5173,53.5708,1469433
2015-04-16,53.4728,53.839,53.4728,53.6024,2234651
2015-04-17,53.2996,53.3868,52.399,52.5791,2420720
2015-04-20,52.8751,53.2471,52.8662,52.9939,1644080
2015-04-21,53.1512,53.4728,53.082,53.2314,1469367
2015-04-22,53.3868,53.5629,53.2135,53.3679,1147796
2015-04-23,53.0116,53.2571,52.7207,52.7207,1593154
2015-04-24,52.8839,52.9533,52.1487,52.4851,2104167
2015-04-27,52.7295,52.9939,52.399,52.8415,1680513
2015-04-28,52.8345,52.979,52.3199,52.5871,1146195
2015-04-29,52.4219,52.5871,51.7499,51.7656,1577343
2015-04-30,51.5133,51.8537,51.4035,51.7746,2181024
2015-05-01,52.0972,52.312,52.025,52.2358,1761528
2015-05-04,52.312,52.6593,52.2833,52.5791,1146658
2015-05-05,51.6599,52.1209,50.4326,50.7682,2704959
2015-05-06,52.2833,52.4139,50.4326,50.9087,2673004
2015-05-07,51.3748,52.3387,51.2304,51.9953,2149702
2015-05-08,52.4772,52.8572,52.3485,52.5039,1200431
2015-05-11,52.399,52.5287,51.7836,51.8162,1403312
2015-05-12,51.4995,51.7232,51.2115,51.4895,887604
2015-05-13,51.5133,51.7499,51.3144,51.3431,952545
2015-05-14,51.6599,51.9073,51.4895,51.8083,1046366
2015-05-15,51.8083,51.931,51.3331,51.3838,1500211
2015-05-18,51.3144,52.1398,51.3144,52.0972,1881044
2015-05-19,52.1903,52.2922,51.7559,51.8162,877764
2015-05-20,51.9073,52.0151,51.6519,51.8162,651225
2015-05-21,51.6885,51.9399,51.6352,51.8083,750244
2015-05-22,51.5519,51.7656,51.3658,51.6955,1212090
2015-05-26,51.4708,51.4708,50.8761,51.2214,1264158
2015-05-27,51.4272,51.4272,50.8671,51.1779,1813115
2015-05-28,51.0907,51.8815,50.9928,51.6696,986191
2015-05-29,51.7409,51.7559,51.1234,51.1234,2041843
2015-06-01,51.2046,51.9794,51.0017,51.6885,1380835
2015-06-02,51.4895,51.7656,51.0818,51.2867,1337486
2015-06-03,51.5065,51.6786,51.2304,51.5421,941122
2015-06-04,51.3331,51.6272,50.9027,50.9503,781747
2015-06-05,51.0116,51.0116,50.596,50.785,616254
2015-06-08,50.7285,50.7375,50.1625,50.3238,1024788
2015-06-09,50.4169,50.5099,50.0477,50.1714,983954
2015-06-10,50.3069,50.8671,50.1555,50.683,958678
2015-06-11,50.9513,51.1987,50.7523,51.0313,1028615
2015-06-12,50.6643,50.7197,50.0031,50.2485,1299238
2015-06-15,49.8181,50.6049,49.5302,50.5089,1361536
2015-06-16,50.5256,50.8582,50.3049,50.7097,1087787
2015-06-17,50.877,50.9858,50.1061,50.5256,1216287
2015-06-18,50.5514,51.067,50.5336,50.8948,1391829
2015-06-19,50.7444,50.8484,50.3595,50.596,2642197
2015-06-22,50.7602,51.6666,50.596,51.6132,1421775
2015-06-23,51.8696,52.0606,51.3371,51.5292,1245854
2015-06-24,51.3609,51.4758,50.7959,50.8027,850746
2015-06-25,50.9858,51.0413,50.596,50.8582,970070
2015-06-26,50.8027,50.9513,50.4989,50.8859,5042529
2015-06-29,50.2971,50.6296,49.7162,49.8003,1224891
2015-06-30,50.3872,50.3872,49.7686,49.9764,1745023
2015-07-01,50.4396,50.4396,49.8706,50.2061,949648
2015-07-02,50.3129,50.3129,50.0289,50.1248,877821
2015-07-06,49.5835,49.926,49.4895,49.8706,1024108
2015-07-07,49.7933,50.2417,49.156,50.1061,1578617
2015-07-08,50.0031,50.1872,49.4559,49.4985,1670287
2015-07-09,50.0635,50.1417,49.5925,49.6291,1449080
2015-07-10,50.0893,50.2575,49.7419,50.0971,1048778
2015-07-13,50.4475,50.9513,50.3683,50.9265,794299
2015-07-14,50.977,51.2669,50.8948,51.076,928376
2015-07-15,50.9948,51.4075,50.9196,51.3283,1300702
2015-07-16,51.5381,51.7202,51.4411,51.6756,972021
2015-07-17,51.6756,51.8419,51.067,51.2907,843750
2015-07-20,51.8518,51.929,51.4223,51.7726,1310942
2015-07-21,51.6925,51.929,51.5035,51.92,1581254
2015-07-22,51.6666,52.0428,51.6053,51.73,1113716
2015-07-23,51.832,51.8607,51.1907,51.2907,938634
2015-07-24,51.2501,52.1209,51.161,51.8607,1509084
2015-07-27,51.7103,51.7103,51.0848,51.171,1009769
2015-07-28,51.3184,51.5381,50.8484,51.5192,842944
2015-07-29,51.5569,52.0606,51.3006,51.929,780644
2015-07-30,51.8607,52.2071,51.7202,52.1734,560246
2015-07-31,52.2496,52.6088,52.0874,52.4327,1027895
2015-08-03,52.3664,52.3664,51.5737,52.0874,1088340
2015-08-04,52.024,52.688,51.929,52.4871,1671663
2015-08-05,55.2749,56.6515,55.081,55.8172,4789542
2015-08-06,55.7024,55.7825,54.7435,55.6074,2856303
2015-08-07,55.4787,55.9469,54.8692,55.9469,2559816
2015-08-10,56.1943,56.22,55.3462,55.7747,1753128
2015-08-11,55.5124,55.5985,55.0413,55.2146,1409847
2015-08-12,54.9978,56.4526,54.7365,56.3032,2082639
2015-08-13,56.2358,56.5396,55.8855,56.0766,1214225
2015-08-14,56.0013,56.7406,55.9023,56.6347,801182
2015-08-17,56.3754,56.8969,56.0439,56.8891,897783
2015-08-18,56.7504,58.5436,56.7138,57.3254,2446688
2015-08-19,57.1166,57.463,56.9048,56.9564,1470081
2015-08-20,56.696,56.7307,55.6847,55.6847,1853171
2015-08-21,55.3699,55.9023,54.4228,54.4317,2569107
2015-08-24,52.5059,55.0245,51.8795,52.9829,3521468
2015-08-25,54.1419,54.1873,52.6623,52.6791,2511512
2015-08-26,53.6104,55.1195,52.9066,55.0335,4059725
2015-08-27,55.3293,56.2675,55.1552,56.0349,2556028
2015-08-28,56.0349,56.8207,55.9469,56.2576,3080131
2015-08-31,56.1211,56.5565,55.8765,56.4961,2868218
2015-09-01,55.4323,56.2003,55.3462,55.65,4925963
2015-09-02,56.228,56.4347,55.8499,56.4091,7474301
2015-09-03,56.6515,57.0632,56.312,56.7504,7080079
2015-09-04,57.5343,57.8381,56.705,57.7945,12901420
2015-09-08,58.1568,60.7575,57.8816,60.6733,5203385
2015-09-09,61.0138,61.2374,59.5323,59.5323,5146935
2015-09-10,59.5026,60.6912,59.278,60.2181,3863426
2015-09-11,59.3522,59.4997,58.5883,58.7564,5235662
2015-09-14,58.7743,59.0187,58.3259,58.5446,2928655
2015-09-15,58.4942,59.2998,58.4763,58.8198,4018399
2015-09-16,58.7644,59.3255,58.7277,59.0979,2053210
2015-09-17,59.0979,59.3522,58.511,58.711,2563508
2015-09-18,58.1548,59.2998,57.9667,58.7644,3416156
2015-09-21,58.9198,59.5085,58.5883,58.7277,1597562
2015-09-22,58.0518,58.3873,57.8083,58.3161,1485677
2015-09-23,58.5367,59.6145,58.5209,59.3858,1765049
2015-09-24,58.9643,59.5709,58.6307,59.4808,2378386
2015-09-25,59.8916,60.7792,59.5799,60.611,2564342
2015-09-28,60.1449,60.4269,59.4383,59.4997,3115327
2015-09-29,59.4285,59.6046,58.7564,59.081,2471753
2015-09-30,59.7362,60.4101,59.5887,59.8916,5157912
2015-10-01,59.8687,60.0875,58.9395,59.3522,2396974
2015-10-02,58.702,59.9183,58.4496,59.9114,1707391
2015-10-05,60.0172,61.1563,60.0004,61.093,2288910
2015-10-06,60.8219,61.1107,60.2973,60.6011,1148878
2015-10-07,60.8386,61.2067,60.4903,61.1297,1568106
2015-10-08,61.0742,61.2334,60.4369,60.8753,1570161
2015-10-09,60.7872,61.084,60.0954,60.2438,1849075
2015-10-12,60.2181,61.0079,59.6472,60.8129,1248212
2015-10-13,60.7337,60.9723,60.3666,60.4724,993953
2015-10-14,60.3765,60.611,60.0954,60.1746,916660
2015-10-15,60.4369,60.8219,60.3834,60.6763,1429391
2015-10-16,60.8753,61.0416,60.5279,60.6665,1285082
2015-10-19,60.4181,60.6942,60.2271,60.4646,778850
2015-10-20,60.4369,61.1653,60.3834,60.8584,1709785
2015-10-21,60.9446,61.182,60.4903,60.8486,1635581
2015-10-22,60.619,62.1706,60.5744,61.7333,1773269
2015-10-23,61.9342,61.9896,61.3107,61.7333,1375274
2015-10-26,61.7333,61.8035,61.1731,61.3562,1494923
2015-10-27,61.0079,61.471,60.8486,61.2791,1134154
2015-10-28,61.4888,62.0391,61.1297,61.6353,1168746
2015-10-29,61.4621,61.856,61.3107,61.4285,1251173
2015-10-30,61.4621,61.7858,61.1384,61.286,1842794
2015-11-02,61.3562,62.0302,60.9356,61.952,1611944
2015-11-03,61.8649,62.6872,61.5927,62.5051,1526549
2015-11-04,59.6472,60.6378,56.0142,57.1443,8165789
2015-11-05,56.8474,59.3166,56.8474,59.0365,3517535
2015-11-06,59.1494,59.6046,58.7208,59.5709,1380530
2015-11-09,59.4898,59.843,58.8436,59.7362,1980367
2015-11-10,59.6392,60.044,59.3701,59.861,1691752
2015-11-11,60.0538,61.7412,59.8687,61.3285,1498804
2015-11-12,61.084,61.2938,60.708,60.8219,1117143
2015-11-13,60.4992,60.9356,59.8857,60.4646,2164752
2015-11-16,60.3666,61.4096,60.1271,61.3285,950114
2015-11-17,61.4364,62.3547,61.1731,62.234,1225373
2015-11-18,62.2934,63.0633,62.1706,63.0455,1433161
2015-11-19,63.0633,63.9155,62.7754,63.4602,1585800
2015-11-20,63.7304,63.7738,63.2246,63.2326,1575984
2015-11-23,63.2721,63.5195,62.9079,63.2721,1128215
2015-11-24,62.6784,63.4602,62.6269,63.0287,1185642
2015-11-25,63.2089,63.2089,62.7575,62.9159,1006965
2015-11-27,63.0455,63.1999,62.1706,63.0802,392626
2015-11-30,63.2534,63.2534,62.7149,62.8733,1761738
2015-12-01,63.1524,63.3444,62.7754,63.1069,1428847
2015-12-02,63.2999,63.4523,62.8912,62.9683,869183
2015-12-03,63.1811,63.2534,62.0648,62.2587,933303
2015-12-04,62.4498,63.4067,62.4498,63.1623,1822703
2015-12-07,62.8279,63.0455,61.5572,61.6452,1866771
2015-12-08,61.1197,61.5759,60.6665,61.093,1273292
2015-12-09,60.8219,61.1474,60.2023,60.708,1230054
2015-12-10,60.5744,61.383,60.518,60.7605,1255629
2015-12-11,60.3982,60.6268,59.7837,60.4537,1490742
2015-12-14,60.3636,60.8219,59.8193,60.04,1262608
2015-12-15,60.4349,61.4938,60.2953,60.9109,943699
2015-12-16,61.2544,61.5809,60.7872,61.2544,1075354
2015-12-17,61.5017,62.1083,60.4082,60.4082,1224714
2015-12-18,60.1409,60.3982,59.5205,59.5462,2371795
2015-12-21,59.7026,60.04,59.5809,59.939,672223
2015-12-22,60.2241,60.9366,59.8283,60.6852,1039144
2015-12-23,61.0484,61.1681,60.6852,60.9821,423446
2015-12-24,61.0099,61.1414,60.6852,60.8496,283210
2015-12-28,60.6753,61.0713,60.5161,60.9534,380348
2015-12-29,61.2464,61.4839,61.185,61.3591,473178
2015-12-30,61.2899,61.5809,60.9733,61.0573,483904
2015-12-31,60.7961,61.0099,60.3122,60.3122,371257
2016-01-04,59.6243,59.6243,58.699,59.1484,1033756
2016-01-05,58.5932,59.1315,57.9904,58.4992,1409657
2016-01-06,57.7748,58.6595,57.4907,57.6521,1085474
2016-01-07,56.9444,57.5273,55.9855,56.4862,1358762
2016-01-08,56.6812,57.2265,56.3922,56.6129,1462382
2016-01-11,56.9711,57.2453,56.2655,56.7168,1004183
2016-01-12,57.2106,57.3176,56.2567,57.1929,1276878
2016-01-13,57.3353,57.4046,55.6847,55.8351,996399
2016-01-14,56.0894,56.31,55.4947,55.6064,1367183
2016-01-15,54.4496,54.8781,53.9349,54.2656,1465139
2016-01-19,54.8939,54.9454,53.4481,53.8647,1639646
2016-01-20,53.2007,53.5372,52.1021,53.1838,1415914
2016-01-21,53.2194,53.9845,52.8939,53.5876,951920
2016-01-22,54.2387,54.7306,54.1121,54.6663,841206
2016-01-25,54.5674,55.3937,54.2656,54.9998,1000429
2016-01-26,55.075,55.8885,54.981,55.65,865355
2016-01-27,56.2933,58.1468,55.9232,57.0978,1864009
2016-01-28,57.2334,57.6699,56.7247,57.0425,1278590
2016-01-29,57.3176,58.8494,57.0335,58.8317,1389879
2016-02-01,58.6644,59.2077,58.3488,58.8999,1258083
2016-02-02,58.2329,58.5319,56.4002,56.6713,2407400
2016-02-03,56.9622,57.7995,56.2567,57.1672,864442
2016-02-04,57.0068,57.1929,56.225,56.6129,1055793
2016-02-05,56.3834,56.6208,55.084,55.3511,1229016
2016-02-08,54.8217,55.0513,53.9656,54.7088,1254711
2016-02-09,54.1793,55.8608,54.1696,54.8395,1388690
2016-02-10,55.2631,55.6589,53.6579,53.7222,1227067
2016-02-11,53.0324,53.5975,52.6722,53.3244,945169
2016-02-12,53.7459,54.5891,53.4649,54.4357,644155
2016-02-16,55.0433,55.9132,54.9454,55.8785,875264
2016-02-17,56.3289,57.4403,56.1626,57.3176,1061682
2016-02-18,57.4215,57.6322,56.9801,57.0791,1075067
2016-02-19,57.0791,58.2062,56.6812,58.1568,1717806
2016-02-22,58.5576,59.1484,58.3448,58.8168,2080812
2016-02-23,61.7144,64.0639,61.0673,62.3657,5609024
2016-02-24,62.4607,64.3232,62.337,64.1796,4093051
2016-02-25,64.3133,65.3613,64.0312,65.2543,2353072
2016-02-26,65.4642,66.7972,65.2543,65.958,2379365
2016-02-29,66.0817,66.3192,64.2767,64.7517,4931382
2016-03-01,62.5071,63.1584,61.0673,62.7269,8198727
2016-03-02,62.7358,62.8585,62.0222,62.8031,3135664
2016-03-03,62.7358,63.0683,62.337,62.7773,4858715
2016-03-04,63.1395,63.2217,62.3687,62.5161,2887274
2016-03-07,62.2677,62.7269,62.0916,62.5655,2476327
2016-03-08,62.3033,62.9555,62.242,62.6468,1875022
2016-03-09,62.8585,63.287,62.7091,62.9822,1857213
2016-03-10,63.287,63.9946,62.2756,62.7526,3275483
2016-03-11,63.3286,63.5839,62.8269,63.095,2768003
2016-03-14,62.9209,63.8065,62.5577,63.6571,2876208
2016-03-15,63.3731,64.3737,63.3731,63.7788,2616453
2016-03-16,63.7708,64.1658,63.2246,64.0193,2160602
2016-03-17,64.2767,65.376,64.0292,64.5428,2451750
2016-03-18,64.6824,64.718,64.2578,64.332,1643560
2016-03-21,64.1707,64.9664,63.7708,64.7991,2693687
2016-03-22,64.71,65.6146,64.4439,65.3226,2780010
2016-03-23,65.3039,65.3039,64.5626,64.8259,1532648
2016-03-24,64.7269,64.7269,64.1619,64.332,1280881
2016-03-28,64.4706,65.4939,64.4706,65.0198,1550576
2016-03-29,65.1366,65.9254,64.9238,65.6601,884228
2016-03-30,66.0224,66.8021,65.8373,66.3667,1682184
2016-03-31,66.2708,67.201,66.2708,67.0852,1670650
2016-04-01,66.731,67.874,66.4855,67.4494,2375547
2016-04-04,66.821,68.0897,66.5806,67.6354,2201969
2016-04-05,67.3247,67.5474,66.5439,67.0932,1859094
2016-04-06,67.2901,67.484,66.615,67.4315,1605248
2016-04-07,67.1475,67.2821,66.3459,66.4579,1179413
2016-04-08,66.9268,66.9981,66.529,66.6794,978719
2016-04-11,66.7943,66.9813,66.2539,66.3579,1266467
2016-04-12,66.4855,66.5883,66.1074,66.5023,1042512
2016-04-13,66.9437,66.9813,66.4756,66.7943,1363843
2016-04-14,66.8625,67.0585,66.3756,66.7407,892655
2016-04-15,66.623,67.1475,66.3579,67.0328,1282313
2016-04-18,66.7854,67.0842,66.4666,67.0753,901455
2016-04-19,67.3405,67.3494,66.9348,67.3247,780743
2016-04-20,67.2663,67.2663,66.3855,66.9536,1121131
2016-04-21,66.821,66.9486,66.3312,66.4579,740486
2016-04-22,66.1361,67.2901,66.1361,66.9625,716307
2016-04-25,66.6716,67.1287,66.6716,66.9189,676319
2016-04-26,66.9091,67.4573,66.5963,67.2663,852070
2016-04-27,66.9536,67.778,66.6794,67.3871,1481927
2016-04-28,67.0852,67.484,66.615,66.7665,760546
2016-04-29,66.529,66.731,65.774,66.633,1113594
2016-05-02,66.8814,67.3771,66.4112,67.3494,1153647
2016-05-03,67.0248,67.0248,66.1361,66.4301,1392479
2016-05-04,65.774,66.2094,65.3503,65.774,1047964
2016-05-05,65.7651,66.7042,65.6414,65.8006,1530435
2016-05-06,63.7095,63.7095,58.9425,62.5141,6275179
2016-05-09,62.4071,63.1514,62.0332,62.7605,3211471
2016-05-10,62.8031,63.5324,62.5834,62.9643,1737362
2016-05-11,62.9643,63.2157,62.0094,62.0964,2226056
2016-05-12,62.2221,63.4008,61.7293,63.0178,2091569
2016-05-13,62.903,63.19,62.3677,62.5834,2141120
2016-05-16,62.3894,63.1613,62.0926,62.7695,1969788
2016-05-17,62.62,62.7398,61.9095,61.9372,2271166
2016-05-18,61.8738,62.2133,61.194,61.5542,1364123
2016-05-19,61.4681,61.8223,60.5209,60.9,1400305
2016-05-20,61.2741,61.2741,60.803,60.9267,1832579
2016-05-23,60.7762,61.1504,60.6991,60.9524,1967527
2016-05-24,61.0336,61.849,61.0316,61.7511,1596073
2016-05-25,61.8125,62.0044,61.4413,61.4592,1303768
2016-05-26,61.4335,61.8897,61.1117,61.5037,938980
2016-05-27,61.2641,61.5937,60.7407,61.5907,1340032
2016-05-31,61.6799,61.7897,60.9129,61.3868,3976830
2016-06-01,61.1593,61.5472,60.8327,61.2028,1756909
2016-06-02,61.2028,61.2899,60.8109,60.9713,2649055
2016-06-03,60.8376,60.9524,59.9876,60.6813,4795369
2016-06-06,60.7219,61.19,60.4399,60.9436,3121457
2016-06-07,60.6912,60.8376,60.2013,60.4032,3786982
2016-06-08,60.616,61.4335,60.421,61.194,3094377
2016-06-09,61.0752,61.3701,60.5705,60.7575,1710970
2016-06-10,60.1934,60.3032,59.5809,59.7669,2312039
2016-06-13,59.6482,60.5506,59.5372,59.5799,2827273
2016-06-14,59.3384,60.1468,59.2938,59.95,1892789
2016-06-15,60.0163,60.5378,59.9233,60.2201,5078161
2016-06-16,59.848,60.5161,59.7669,60.4537,2443381
2016-06-17,60.4705,60.5596,60.0084,60.0351,4280762
2016-06-20,60.5665,61.1593,60.4982,60.9416,4439106
2016-06-21,60.9069,61.0079,60.4537,60.4626,1412796
2016-06-22,60.3804,60.5665,60.0796,60.1201,1211170
2016-06-23,60.4794,60.7733,60.3617,60.6388,1123612
2016-06-24,58.8891,59.2474,57.5986,57.7154,5310652
2016-06-27,57.2146,57.2146,55.9598,56.2438,2599200
2016-06-28,56.7168,56.895,56.0132,56.7871,2420339
2016-06-29,57.2661,57.6441,56.8247,57.556,1311246
2016-06-30,58.2825,58.8217,57.85,58.8217,2160728
2016-07-01,58.7227,59.2572,58.4556,58.8554,1314366
2016-07-05,58.3755,58.3795,57.7154,57.749,1054134
2016-07-06,57.4403,58.2675,57.1118,58.2231,2482005
2016-07-07,58.1261,58.3408,57.7391,57.9994,1043291
2016-07-08,58.5526,59.3304,58.3992,59.185,1035781
2016-07-11,59.3571,59.5075,59.0365,59.3998,1103068
2016-07-12,59.9697,60.1954,59.6303,60.0964,1325229
2016-07-13,60.3349,60.3894,60.0261,60.1468,1067032
2016-07-14,60.5161,60.7733,60.1618,60.2558,1075473
2016-07-15,60.4447,60.4447,59.8103,60.0964,1041191
2016-07-18,60.0964,60.6288,60.0964,60.23,780645
2016-07-19,60.2745,60.4151,59.8293,60.1865,858605
2016-07-20,60.2458,60.6486,60.2122,60.5665,1099151
2016-07-21,60.4794,60.7456,60.0163,60.23,806173
2016-07-22,60.1954,60.9466,60.1568,60.8545,915311
2016-07-25,60.6585,60.9326,60.5061,60.711,636554
2016-07-26,60.7635,61.0653,60.7189,61.0079,633133
2016-07-27,61.0326,61.7828,60.8169,61.755,1505875
2016-07-28,61.5392,62.1726,61.5304,62.0391,1363181
2016-07-29,61.9322,62.0302,61.5145,61.86,1050104
2016-08-01,61.8778,62.1459,61.5472,62.0846,977591
2016-08-02,61.8945,61.9688,60.9505,61.381,907238
2016-08-03,61.3434,61.7828,61.1297,61.7828,1157492
2016-08-04,61.8688,63.089,61.8263,62.6288,1972945
2016-08-05,62.7447,65.6601,62.245,65.5354,3123025
2016-08-08,65.6769,66.719,65.5354,65.9194,2378303
2016-08-09,65.9976,66.4399,65.8016,66.2312,1766386
2016-08-10,66.1678,66.3093,65.8818,66.2312,1641046
2016-08-11,66.5152,67.6345,66.4073,67.3346,1812762
2016-08-12,67.2198,67.7176,66.4349,66.4626,2182711
2016-08-15,66.4726,67.4246,66.2578,67.2673,1930238
2016-08-16,67.1575,67.483,66.6864,67.389,1481106
2016-08-17,67.2386,67.5969,66.9427,67.4791,2421636
2016-08-18,67.487,67.773,67.3465,67.7552,738850
2016-08-19,67.5305,68.1935,67.4425,68.0669,892359
2016-08-22,67.8254,68.2183,67.6216,68.2015,934733
2016-08-23,68.4766,69.0347,68.3222,68.6448,1248524
2016-08-24,68.4074,68.8517,68.2105,68.7636,1209859
2016-08-25,68.4944,68.9933,68.4569,68.8161,1072741
2016-08-26,68.7537,69.4228,68.2885,68.8339,871644
2016-08-29,68.8339,69.2277,68.5953,68.915,935859
2016-08-30,68.9675,69.2446,68.7904,69.11,1278074
2016-08-31,68.8259,68.8259,68.3707,68.6448,1581722
2016-09-01,68.6211,68.6705,67.8086,68.4766,1752671
2016-09-02,68.8161,69.5365,68.7082,69.5029,1216551
2016-09-06,69.4752,70.4311,69.11,69.8324,1568328
2016-09-07,69.681,69.9235,69.4228,69.6186,1368497
2016-09-08,69.3941,69.5365,68.9743,68.9843,1658408
2016-09-09,68.6705,69.1684,68.2628,68.343,1781117
2016-09-12,68.4479,68.9051,67.672,68.8596,1700732
2016-09-13,68.636,69.9116,68.1501,68.2075,1490963
2016-09-14,68.0431,68.1184,67.4513,67.6503,1124513
2016-09-15,67.7304,68.2242,67.7008,68.16,1711270
2016-09-16,67.8837,68.0431,67.5612,67.7937,3987314
2016-09-19,67.8126,68.4826,67.6592,67.9106,862035
2016-09-20,68.25,68.34,67.2673,67.4158,797641
2016-09-21,67.4158,67.9274,67.3009,67.8837,1415525
2016-09-22,68.3499,68.5271,68.1798,68.2945,691289
2016-09-23,68.16,68.5469,68.1005,68.2242,1423248
2016-09-26,67.874,68.2668,67.777,68.0818,682289
2016-09-27,68.0818,68.5231,67.8837,68.4143,1260365
2016-09-28,68.3866,68.9853,68.2668,68.8339,1227294
2016-09-29,68.537,69.3534,68.2668,69.212,2051825
2016-09-30,69.4622,69.4702,68.1698,68.3767,2015136
2016-10-03,68.1095,68.4746,67.3801,67.4543,1177876
2016-10-04,67.3435,67.767,66.3409,66.7081,1091635
2016-10-05,66.9605,67.1742,66.4419,66.6467,1209767
2016-10-06,66.637,67.0318,66.3796,66.9061,699422
2016-10-07,67.0407,67.0407,66.0985,66.7637,761978
2016-10-10,67.1297,67.2198,66.6923,66.9328,559021
2016-10-11,66.9238,66.9605,65.5167,65.8838,974774
2016-10-12,66.5211,67.2019,65.9283,66.1174,1760993
2016-10-13,65.9283,65.9283,64.8091,65.489,1373725
2016-10-14,65.9115,66.3756,65.7403,65.954,854641
2016-10-17,66.0273,66.3132,65.5167,65.5533,884292
2016-10-18,66.1441,66.5122,66.0461,66.154,532886
2016-10-19,66.3579,66.5122,65.8225,66.154,749147
2016-10-20,66.1074,66.2797,65.7938,65.9462,569155
2016-10-21,65.5354,66.055,65.4187,65.9927,654353
2016-10-24,66.432,67.1485,66.2173,66.7724,660028
2016-10-25,66.6467,66.8071,66.0985,66.4776,1055676
2016-10-26,66.3945,66.6963,65.9283,65.954,727045
2016-10-27,66.0362,66.2708,65.6324,65.867,1134049
2016-10-28,65.9382,66.5369,65.2099,65.284,1156629
2016-10-31,65.1762,65.4701,64.5854,65.0595,1138689
2016-11-01,65.3473,65.4137,64.3776,64.8269,723833
2016-11-02,64.8001,65.2099,64.1015,64.1569,1200313
2016-11-03,64.2796,64.8091,63.8581,63.9045,1460032
2016-11-04,65.0405,68.1441,65.0228,68.0334,2964309
2016-11-07,68.8259,69.6849,68.6973,69.6582,1570143
2016-11-08,69.7651,70.8873,69.488,70.4212,1692610
2016-11-09,69.4355,71.208,69.101,70.7795,1500462
2016-11-10,71.0853,71.5604,70.4301,70.9823,1025144
2016-11-11,70.9309,72.157,70.8269,72.0522,1495688
2016-11-14,72.157,72.9388,72.1214,72.251,1273063
2016-11-15,72.5183,73.3496,72.3273,73.3229,1550852
2016-11-16,73.3129,73.6821,72.1482,72.167,1556490
2016-11-17,72.0601,72.9913,71.6454,72.0255,1408875
2016-11-18,72.251,72.251,71.6009,71.6919,808550
2016-11-21,71.8988,72.0699,70.8736,71.5604,1342093
2016-11-22,71.7474,72.2817,71.3446,71.9889,1208986
2016-11-23,72.0343,72.6153,71.7118,71.9432,1265478
2016-11-25,71.9335,72.7874,71.9335,72.5885,438178
2016-11-28,72.4481,72.6707,72.2046,72.4836,856826
2016-11-29,72.3025,72.8775,72.2937,72.7043,751996
2016-11-30,72.7122,72.7874,71.8018,71.9335,1773262
2016-12-01,71.9335,72.4757,70.6429,70.9823,1292435
2016-12-02,70.9566,71.4238,70.546,71.2644,1058980
2016-12-05,71.5781,72.5361,71.1031,72.5361,1749946
2016-12-06,72.7796,73.7484,72.4184,73.7018,1404017
2016-12-07,73.8058,74.649,73.5474,74.64,1384444
2016-12-08,74.6866,74.9112,74.0868,74.6687,845094
2016-12-09,74.6767,74.7854,74.0769,74.2135,765714
2016-12-12,74.0671,74.1641,73.4614,74.0413,1019170
2016-12-13,74.1403,75.6356,74.0047,75.0398,699003
2016-12-14,75.1418,75.4753,74.5649,74.735,711517
2016-12-15,74.735,75.6821,74.4302,75.2408,792627
2016-12-16,75.4387,75.599,74.8161,75.1883,1789383
2016-12-19,75.1339,75.9651,74.4748,75.6653,820214
2016-12-20,75.8177,76.0988,75.3665,75.5099,591454
2016-12-21,75.599,78.9281,75.4674,75.7276,2278068
2016-12-22,75.8336,76.1255,75.0587,75.4753,709237
2016-12-23,75.3853,75.5465,75.0141,75.1962,443623
2016-12-27,75.1962,75.793,75.1794,75.2923,529151
2016-12-28,75.3665,75.4852,74.5916,74.7004,358638
2016-12-29,74.6906,75.2496,74.4105,74.7103,459789
2016-12-30,74.9795,75.1339,74.4352,74.7281,555648
2017-01-03,75.1794,75.6554,74.843,75.3665,1141366
2017-01-04,75.3219,75.6653,74.935,75.2656,863242
2017-01-05,75.0398,75.3941,73.9255,74.5036,815446
2017-01-06,74.7193,75.1962,74.3837,74.7281,652069
2017-01-09,74.7281,74.9271,74.4441,74.843,946561
2017-01-10,74.7904,74.8984,74.0413,74.4936,695597
2017-01-11,74.1948,74.745,74.1948,74.7193,579860
2017-01-12,74.4748,74.4748,73.5911,74.0868,692658
2017-01-13,74.2739,74.9073,73.9869,74.17,601812
2017-01-17,73.7553,74.0136,72.6341,72.7815,960313
2017-01-18,72.9943,73.6346,72.6153,73.6088,786828
2017-01-19,73.6434,74.1601,73.2763,73.7949,628613
2017-01-20,73.9869,74.3837,73.7721,74.2512,683753
2017-01-23,74.5036,75.2744,73.88,74.3214,948955
2017-01-24,74.4471,76.4649,74.2145,76.0424,1249444
2017-01-25,76.3502,77.023,76.1691,76.8915,1103501
2017-01-26,76.7282,76.8816,75.1418,75.1517,1440732
2017-01-27,75.1705,75.1705,73.6346,74.8074,1373886
2017-01-30,74.2739,74.8884,73.1843,73.6534,1869721
2017-01-31,73.3367,73.6534,72.0313,72.7617,1532108
2017-02-01,73.1675,73.7276,71.8948,72.1462,1695803
2017-02-02,71.9958,73.0775,71.7899,73.022,2175897
2017-02-03,74.7578,75.501,71.1724,73.5624,3816049
2017-02-06,73.3556,74.2046,72.3015,73.6801,3363857
2017-02-07,73.6711,73.9067,69.3435,69.7226,12725762
2017-02-08,70.158,71.6227,70.158,70.544,2756361
2017-02-09,70.7696,71.02,70.0936,70.1481,1930518
2017-02-10,70.2273,70.7875,69.6236,70.6508,1770450
2017-02-13,71.0299,71.5732,70.6945,70.7508,1566864
2017-02-14,70.5628,70.9477,70.247,70.9309,1410041
2017-02-15,70.8696,71.7513,70.6508,71.5811,1530059
2017-02-16,71.6404,71.7612,70.7142,70.9131,1254595
2017-02-17,70.6945,71.5474,70.5261,71.5,883261
2017-02-21,71.4267,72.5014,71.399,72.259,1190398
2017-02-22,72.1838,72.832,71.7711,71.8068,1103401
2017-02-23,72.1283,72.4481,71.011,71.5474,1188345
2017-02-24,71.1912,72.4184,70.6945,72.3619,1241111
2017-02-27,72.3451,72.4609,71.3891,71.4713,969928
2017-02-28,71.2189,71.7157,71.1377,71.1912,1582924
2017-03-01,71.9136,72.3619,71.2011,72.1036,1284478
2017-03-02,71.877,72.2125,71.2832,72.1363,1002512
2017-03-03,72.1363,72.7717,71.7335,72.6153,1166206
2017-03-06,72.0937,72.3897,71.8424,72.0937,1433973
2017-03-07,71.8068,72.2758,70.9923,71.8156,1619426
2017-03-08,71.9038,72.5806,71.7978,72.3015,1562472
2017-03-09,72.2422,73.3733,72.1323,73.3556,1342149
2017-03-10,73.2763,74.3283,73.2763,74.0136,1271168
2017-03-13,73.8138,74.4579,73.5504,74.0314,1338406
2017-03-14,73.8038,76.0354,73.6237,75.5842,2230897
2017-03-15,75.6742,77.4585,75.6653,77.2874,2126294
2017-03-16,77.3784,78.185,76.8895,77.2041,1936513
2017-03-17,77.3428,77.7505,76.7687,76.8162,1637911
2017-03-20,76.644,76.8628,75.8454,76.4333,1408916
2017-03-21,78.6569,78.8836,75.7643,75.9464,2783097
2017-03-22,76.2809,76.9686,75.5199,75.794,2060979
2017-03-23,75.7366,76.3867,75.6267,75.9295,1382072
2017-03-24,76.1275,76.4333,75.6079,75.8623,1025367
2017-03-27,75.3932,76.3452,75.028,76.1641,934120
2017-03-28,76.1641,76.5995,75.9622,76.1641,938768
2017-03-29,76.1641,76.4986,76.0741,76.2809,1096881
2017-03-30,76.2809,77.0033,76.2502,76.9538,1301631
2017-03-31,76.7074,78.4422,76.5173,78.176,2331586
2017-04-03,78.176,78.3294,76.6352,76.9182,1382940
2017-04-04,76.5085,77.1627,76.3917,76.6352,1342032
2017-04-05,76.8716,77.2408,75.8721,76.0067,1127500
2017-04-06,76.0741,76.8529,75.599,76.3452,734128
2017-04-07,76.3175,76.6877,75.882,76.3917,1168131
2017-04-10,76.4531,76.5114,75.8623,75.9009,612541
2017-04-11,75.8721,75.8721,75.3001,75.6653,884265
2017-04-12,75.6179,75.6831,74.7934,75.1122,831086
2017-04-13,75.2566,75.3932,74.6123,74.657,912044
2017-04-17,74.8311,75.3843,74.7627,75.3288,658207
2017-04-18,75.122,75.416,74.7854,74.9321,701866
2017-04-19,75.0102,75.692,75.0102,75.5941,786344
2017-04-20,75.8721,76.3917,75.6079,76.2552,703927
2017-04-21,76.1818,76.2353,75.794,75.9107,840574
2017-04-24,76.8628,77.042,76.4531,76.8162,593838
2017-04-25,76.8628,77.6496,76.8628,77.4239,831827
2017-04-26,77.4862,77.9583,77.3428,77.4159,638190
2017-04-27,77.4942,78.1661,77.4418,78.0384,577985
2017-04-28,78.0771,78.1305,77.3517,77.9484,1198977
2017-05-01,78.2225,78.5491,77.8673,78.1226,810942
2017-05-02,78.2225,78.3947,77.4328,77.9049,910754
2017-05-03,77.6496,78.3205,77.6496,78.3116,746984
2017-05-04,78.266,78.6936,77.4328,78.0681,1001822
2017-05-05,79.2745,79.51,75.8,76.5629,2400629
2017-05-08,76.4333,76.6837,75.3556,75.794,1959720
2017-05-09,75.8,76.8796,75.692,76.8628,1213644
2017-05-10,76.7351,77.7693,76.1928,77.7693,1385593
2017-05-11,77.3784,78.8489,76.644,77.3962,1024149
2017-05-12,77.1161,77.3161,76.3352,76.3552,725451
2017-05-15,76.6173,77.0617,76.4531,76.5995,649756
2017-05-16,76.5173,76.8162,75.8,75.892,1252476
2017-05-17,75.2724,75.4922,73.9701,74.2145,1463535
2017-05-18,73.6415,74.0769,73.1546,73.2873,1437046
2017-05-19,73.4891,73.6237,72.2016,73.2873,1733676
2017-05-22,74.3035,75.3743,74.0146,75.1942,1627658
2017-05-23,75.1942,75.1942,74.1511,74.45,1081291
2017-05-24,74.3956,74.6667,73.4169,74.549,1046902
2017-05-25,74.9578,75.4605,74.2512,74.5956,1484724
2017-05-26,74.6034,75.0012,74.0502,74.2235,1051150
2017-05-30,75.0845,76.1008,74.5678,75.1022,1452666
2017-05-31,75.1399,75.8,74.74,75.7742,2309618
2017-06-01,76.1185,77.6584,75.7019,77.6496,1644204
2017-06-02,77.5962,78.6936,77.2458,78.5392,1454906
2017-06-05,78.5105,79.2923,78.3205,79.1637,1188235
2017-06-06,79.0727,79.7535,78.4491,79.3003,1104934
2017-06-07,79.5922,79.7624,77.6763,78.1404,1270234
2017-06-08,77.9227,78.6422,77.2596,78.5668,917258
2017-06-09,78.6569,79.5832,77.4239,78.1305,1294549
2017-06-12,77.7416,78.1661,77.1627,78.0771,1806827
2017-06-13,78.6778,79.2171,78.0771,78.4422,1316256
2017-06-14,78.4324,78.4324,77.036,77.3754,960603
2017-06-15,76.8459,77.1834,76.4531,76.9875,1083729
2017-06-16,77.1834,77.4199,76.8559,77.2358,1285835
2017-06-19,77.5406,78.6778,77.4199,78.5868,858825
2017-06-20,78.4056,78.4324,77.8663,78.1671,801591
2017-06-21,78.4689,78.7469,78.2423,78.6223,1206791
2017-06-22,78.6302,79.9544,78.3581,79.6426,1139937
2017-06-23,79.6891,80.9213,79.3913,80.8104,1800442
2017-06-26,80.9123,81.2736,80.5848,80.6115,831868
2017-06-27,80.7392,80.949,79.9722,79.9722,868766
2017-06-28,80.376,80.8371,80.0553,80.3473,1215667
2017-06-29,80.3097,80.4997,78.5788,79.132,1576311
2017-06-30,79.3151,79.8278,79.026,79.0776,1348333
2017-07-03,79.3061,79.5684,79.0183,79.026,518059
2017-07-05,79.1607,79.513,78.7906,79.1607,894175
2017-07-06,79.043,79.0518,78.0296,78.368,944030
2017-07-07,78.7242,79.8643,78.6688,79.6001,661252
2017-07-10,79.1706,79.8643,79.1706,79.5269,601710
2017-07-11,79.6614,80.0266,79.029,79.9079,526429
2017-07-12,80.4116,80.949,80.1443,80.8193,637883
2017-07-13,80.7579,81.0568,80.281,80.5284,749818
2017-07-14,80.4462,80.8193,80.0186,80.7837,505627
2017-07-17,80.6215,80.7302,80.281,80.4818,487786
2017-07-18,80.3097,80.656,79.7723,80.6382,592731
2017-07-19,80.9668,82.0544,80.7015,81.8505,796802
2017-07-20,81.8505,82.0444,81.3409,82.0148,579270
2017-07-21,82.0444,83.3458,81.7218,82.5274,1186251
2017-07-24,82.5186,83.0381,82.187,82.662,606086
2017-07-25,82.8638,83.418,82.6433,83.3181,734278
2017-07-26,83.428,84.0475,83.1716,83.7288,753344
2017-07-27,83.8654,84.1652,83.3103,84.0654,803512
2017-07-28,83.8654,84.4869,82.9618,82.9708,1113789
2017-07-31,83.1618,83.3726,81.8149,82.67,1104146
2017-08-01,83.0084,84.0307,82.8718,83.8278,796584
2017-08-02,83.7833,83.8654,82.3345,82.4423,709040
2017-08-03,82.5186,83.2836,82.2434,82.4136,1066071
2017-08-04,83.5012,85.4705,81.7139,82.3899,2287542
2017-08-07,82.3721,82.3721,80.8104,81.321,1433599
2017-08-08,81.3023,81.5794,80.4997,80.7579,1084809
2017-08-09,80.3473,80.7105,79.9544,80.6927,849004
2017-08-10,80.0929,80.3839,79.2894,79.3061,988291
2017-08-11,79.4537,80.5185,79.2814,79.7535,884096
2017-08-14,80.3284,81.0301,80.2276,80.7757,749582
2017-08-15,80.8846,81.0232,80.1366,80.1543,982680
2017-08-16,80.272,80.7936,78.8045,80.4017,1698707
2017-08-17,79.8999,80.6025,79.3913,79.4348,1404288
2017-08-18,79.3061,80.6472,78.7242,79.6516,1300119
2017-08-21,79.0518,79.8999,78.1146,79.4992,1542592
2017-08-22,79.7278,79.7723,78.4324,78.7806,1399399
2017-08-23,78.5511,79.7376,77.6277,78.5955,3890642
2017-08-24,78.8045,79.0518,78.3215,78.8687,954377
2017-08-25,79.0964,79.7455,78.8045,79.2072,957309
2017-08-28,79.3319,80.1929,79.3319,79.5912,796247
2017-08-29,79.2171,79.4992,78.9143,79.2636,966513
2017-08-30,79.2973,79.9812,78.8786,79.9178,627932
2017-08-31,80.1366,80.5234,79.8375,80.3374,1392326
2017-09-01,80.5383,80.5808,79.8812,80.1107,680501
2017-09-05,79.8465,80.1296,78.6975,79.0083,699078
2017-09-06,79.0083,79.043,77.8386,78.1483,1190594
2017-09-07,78.2136,78.8143,77.5932,78.7242,1103893
2017-09-08,78.4947,78.5511,77.5406,77.602,1736789
2017-09-11,78.1058,79.6793,77.8128,79.323,1106069
2017-09-12,79.5269,80.1643,78.9647,79.9899,915195
2017-09-13,79.7624,79.7624,78.3314,78.3769,836438
2017-09-14,78.0939,78.5521,77.3962,77.5358,1044421
2017-09-15,77.5446,78.4144,77.2577,78.3581,1962629
2017-09-18,78.6135,78.7728,78.185,78.3581,1097140
2017-09-19,78.6233,78.8332,78.1661,78.6896,839677
2017-09-20,78.8163,78.8332,77.8356,78.5145,670502
2017-09-21,78.4422,78.4957,77.6614,77.9107,513747
2017-09-22,77.8554,77.9544,77.1647,77.2675,813827
2017-09-25,77.132,77.3605,76.2125,76.5431,567898
2017-09-26,76.6807,76.8281,75.9563,76.1038,816117
2017-09-27,76.4056,77.4159,76.1858,77.0953,957287
2017-09-28,76.7905,77.2388,76.6273,76.7183,738716
2017-09-29,76.9291,77.8,76.645,77.8,1038444
2017-10-02,77.6792,78.6896,77.5159,78.6896,1134033
2017-10-03,78.5965,78.6422,78.1513,78.5521,659175
2017-10-04,78.6521,78.842,78.3413,78.5055,624562
2017-10-05,78.5333,79.328,78.4699,78.8332,817175
2017-10-06,79.6594,82.2187,79.5239,81.9891,2310718
2017-10-09,82.089,82.5483,81.511,81.6764,1081377
2017-10-10,82.0791,82.2464,81.3666,81.6595,899082
2017-10-11,81.7397,82.0464,81.3843,81.8258,621299
2017-10-12,81.7585,82.7134,81.4834,82.3186,798516
2017-10-13,82.5036,82.6482,82.0563,82.4364,742949
2017-10-16,82.4364,82.5225,81.8435,81.9159,636487
2017-10-17,81.6674,81.8605,81.1549,81.4744,642615
2017-10-18,81.7218,81.7585,80.7243,81.6674,785701
2017-10-19,81.4487,82.567,81.319,82.182,667272
2017-10-20,82.8431,83.1152,82.1741,82.5036,1239752
2017-10-23,82.8244,82.8955,82.3087,82.4463,614810
2017-10-24,82.5036,83.3103,82.2275,82.7134,505632
2017-10-25,82.475,82.9598,82.182,82.5483,624062
2017-10-26,82.6234,82.8955,81.8693,82.76,448060
2017-10-27,82.9134,84.1425,82.5225,83.5922,764824
2017-10-30,83.5022,83.5744,82.6482,82.8431,791552
2017-10-31,82.7967,83.2301,82.5313,82.9965,818674
2017-11-01,83.5467,84.0961,82.6482,83.0162,861606
2017-11-02,82.8054,83.0549,82.3374,82.5225,1154582
2017-11-03,83.8951,87.0293,82.8658,86.3979,1720219
2017-11-06,86.19,86.2277,84.5106,84.7274,1511513
2017-11-07,84.7007,84.9293,84.0435,84.4364,740640
2017-11-08,84.3256,85.3528,83.7853,84.9391,734038
2017-11-09,84.3345,84.4364,83.6586,83.9792,684905
2017-11-10,83.6784,84.3345,83.418,83.4834,638055
2017-11-13,83.0549,84.1148,83.0549,83.7576,853242
2017-11-14,83.3013,83.5844,82.7323,83.4379,829848
2017-11-15,83.3993,83.9891,82.6937,82.8609,880132
2017-11-16,83.0718,83.6101,82.5483,83.3903,1001937
2017-11-17,83.0549,83.8268,82.8857,83.3726,1268022
2017-11-20,83.7576,84.9668,83.6536,84.6383,546013
2017-11-21,84.8758,85.6486,84.675,84.7472,1134768
2017-11-22,84.8848,84.8848,83.6101,84.1801,554768
2017-11-24,84.3732,84.8877,84.3256,84.665,256330
2017-11-27,84.8946,85.4735,84.6284,85.142,566196
2017-11-28,85.3706,86.7452,85.3429,86.6562,991733
2017-11-29,86.5265,87.048,86.1703,86.3247,866041
2017-11-30,86.4474,86.7739,86.005,86.2682,933185
2017-12-01,86.1703,86.3326,84.4364,85.2816,1095630
2017-12-04,85.6576,86.1703,85.3805,85.8298,1427639
2017-12-05,85.3618,85.9782,82.9688,83.1074,1558360
2017-12-06,82.9134,84.2256,82.7323,83.6863,811245
2017-12-07,83.5022,86.1316,83.2914,85.0707,2343365
2017-12-08,85.6843,85.9229,84.4939,84.8144,1291952
2017-12-11,84.6284,85.0322,84.2831,84.6383,1343238
2017-12-12,84.7184,86.1178,84.1702,85.5913,952098
2017-12-13,85.5349,86.7996,85.2568,86.1138,989660
2017-12-14,86.4661,86.4661,84.8778,84.9896,1141554
2017-12-15,85.3765,86.5305,85.0193,85.8664,1560983
2017-12-18,85.9774,87.2757,85.9774,87.1005,1699609
2017-12-19,87.2945,87.8487,85.9684,85.9871,1933221
2017-12-20,86.2692,86.4394,84.8066,84.8976,1130087
2017-12-21,84.9698,85.4696,84.2168,84.4552,883189
2017-12-22,84.4552,84.4642,83.5517,83.6636,607083
2017-12-26,83.718,83.9475,83.2676,83.5794,661077
2017-12-27,83.5606,83.808,82.9698,83.6991,602620
2017-12-28,83.8466,84.2969,82.8867,83.4874,1188711
2017-12-29,83.6991,83.818,82.9975,83.2756,684110
2018-01-02,83.7368,84.0138,83.0075,83.4685,868786
2018-01-03,83.3933,83.4963,82.2048,82.8778,1726176
2018-01-04,82.8609,84.4503,82.8609,83.5695,1402583
2018-01-05,84.0761,84.7897,83.5962,84.6947,737174
2018-01-08,84.5106,85.5883,84.4364,85.5586,787405
2018-01-09,85.7269,86.1703,84.7392,84.9144,883384
2018-01-10,84.7689,85.4607,84.5483,85.1539,582637
2018-01-11,85.1074,86.3069,84.9323,86.2355,880920
2018-01-12,87.5527,89.5786,87.247,89.0155,2033972
2018-01-16,89.5083,89.5271,87.8299,88.3643,1293979
2018-01-17,88.9096,90.0606,88.8146,89.6725,750249
2018-01-18,89.7923,90.012,89.2669,89.8745,1083003
2018-01-19,90.3179,90.586,89.8289,90.1526,1161200
2018-01-22,90.5395,90.586,89.433,89.7201,1055684
2018-01-23,89.7201,89.7201,88.8334,89.1926,877266
2018-01-24,89.5528,89.6528,88.2723,88.3454,908193
2018-01-25,89.1739,90.5128,88.8433,90.0406,1212389
2018-01-26,90.4356,91.2589,90.2713,91.2589,1059133
2018-01-29,91.358,92.9176,91.2679,91.4233,1069750
2018-01-30,91.1472,92.116,90.7127,91.9962,983460
2018-01-31,92.0487,92.4169,91.1283,91.6806,963185
2018-02-01,91.7093,92.1575,90.0406,91.3678,1605947
2018-02-02,92.9631,99.3595,92.7117,95.7568,4833961
2018-02-05,95.451,97.7025,93.162,93.162,3251257
2018-02-06,91.8675,95.0987,91.2946,94.7137,3453356
2018-02-07,94.7336,96.0161,94.3297,94.6098,2274028
2018-02-08,94.8889,94.8989,90.9998,91.0175,2215786
2018-02-09,91.729,92.4723,89.3569,91.3777,3590276
2018-02-12,92.0141,94.025,91.8438,93.3837,1349016
2018-02-13,92.9542,94.1041,92.3605,93.9676,1111844
2018-02-14,93.6726,97.0087,93.3837,96.8128,1800090
2018-02-15,97.366,98.0499,96.4447,97.8202,1837855
2018-02-16,97.556,98.696,96.8029,97.6243,1166779
2018-02-20,97.4739,98.607,97.4739,97.4739,1540702
2018-02-21,97.7915,98.3051,96.7643,96.7831,1209243
2018-02-22,97.1156,97.9311,96.123,96.5405,1227950
2018-02-23,97.1829,98.7257,97.0562,98.3843,1330678
2018-02-26,98.7554,98.894,97.9509,98.4625,1056413
2018-02-27,98.6267,99.2305,97.9112,98.2754,1308345
2018-02-28,98.3744,99.3595,97.8429,97.8429,1156490
2018-03-01,98.7752,99.1216,97.0364,98.0003,1449262
2018-03-02,97.3957,98.2655,97.0859,97.9706,887656
2018-03-05,97.7815,99.5275,97.3263,98.8741,1038667
2018-03-06,99.1809,100.23,98.9236,99.9228,1036508
2018-03-07,99.1612,100.645,99.1612,100.309,975232
2018-03-08,100.665,100.675,98.9731,99.9826,963707
2018-03-09,100.003,100.932,99.7753,100.557,1767264
2018-03-12,100.587,100.864,100.032,100.319,1440575
2018-03-13,100.695,101.664,100.13,100.675,1546835
2018-03-14,101.358,101.646,100.537,100.912,1007915
2018-03-15,100.912,101.417,100.507,100.774,1004166
2018-03-16,100.962,101.724,100.607,100.794,1393335
2018-03-19,100.309,100.992,99.7852,100.725,1109802
2018-03-20,101.002,101.734,100.705,101.319,1162921
2018-03-21,100.992,101.694,100.814,101.042,1155588
2018-03-22,100.309,100.744,99.2305,99.2899,1113453
2018-03-23,99.597,99.864,96.5891,96.5891,1053486
2018-03-26,97.7815,98.6267,97.2027,97.9806,1388848
2018-03-27,98.4981,99.2206,97.5025,98.1093,2169977
2018-03-28,97.8716,98.5278,96.2576,96.2932,937095
2018-03-29,96.7831,98.0399,96.3824,97.5224,993841
2018-04-02,97.2591,97.9112,95.5649,96.8128,1560204
2018-04-03,97.4927,98.5673,96.6959,97.1829,1430755
2018-04-04,96.1329,98.5673,96.0359,98.2359,1730792
2018-04-05,99.0425,99.7553,98.2854,98.8049,1521781
2018-04-06,97.9607,98.607,96.0538,96.313,1166495
2018-04-09,96.9988,97.9607,96.8424,96.9988,1099926
2018-04-10,98.1765,99.864,97.9607,99.6169,1160212
2018-04-11,99.0622,100.27,98.5673,99.6955,835506
2018-04-12,100.24,100.912,99.7453,100.319,788025
2018-04-13,100.369,100.567,99.3785,99.7553,592640
2018-04-16,99.9826,101.378,99.0226,100.884,802773
2018-04-17,101.18,102.733,100.952,102.486,862234
2018-04-18,102.665,103.654,102.239,103.209,778583
2018-04-19,102.674,103.189,102.378,102.546,898642
2018-04-20,102.853,103.238,102.021,102.408,776548
2018-04-23,102.665,103.436,101.556,101.724,823583
2018-04-24,101.863,103.08,100.884,101.546,1183621
2018-04-25,101.18,101.536,100.418,101.349,884278
2018-04-26,101.507,102.209,101.111,101.734,591804
2018-04-27,101.754,102.121,101.071,102.021,995293
2018-04-30,102.249,102.743,101.388,101.734,971435
2018-05-01,101.734,101.784,98.9534,100.467,1306015
2018-05-02,100.675,101.042,99.5473,99.6955,1036110
2018-05-03,99.5871,99.9826,97.7025,99.7553,1990051
2018-05-04,99.9826,101.081,97.3066,100.052,2567461
2018-05-07,100.517,100.547,98.7654,99.3983,1743869
2018-05-08,99.3883,100.467,99.0028,99.9028,1227561
2018-05-09,99.9327,100.21,97.6243,97.9706,2015476
2018-05-10,98.4684,100.884,98.4131,100.725,1638729
2018-05-11,100.577,100.655,99.5771,100.359,1150375
2018-05-14,100.418,101.269,99.2106,99.4679,1338051
2018-05-15,99.1216,100.082,98.8841,100.003,1236891
2018-05-16,99.9626,100.339,99.27,99.3883,1045633
2018-05-17,98.7654,99.1018,98.2754,98.4131,1211375
2018-05-18,98.2854,99.0819,98.0696,98.5575,2627326
2018-05-21,99.2106,100.467,98.9335,100.369,1444223
2018-05-22,100.962,101.694,100.309,101.239,2120911
2018-05-23,100.616,102.665,100.369,102.665,1384937
2018-05-24,102.269,102.863,101.932,102.674,1452135
2018-05-25,102.893,103.298,102.001,102.408,979782
2018-05-29,101.942,102.269,101.042,101.586,1401409
2018-05-30,101.704,102.486,101.388,101.397,1147973
2018-05-31,101.804,101.804,99.3096,99.4281,3968689
2018-06-01,100.042,101.081,99.7952,101.051,884598
2018-06-04,101.091,101.912,100.754,101.804,697863
2018-06-05,101.883,104.139,101.427,104.05,1449204
2018-06-06,104.0,105.217,103.308,105.198,1793036
2018-06-07,105.277,105.307,103.179,103.94,1488584
2018-06-08,103.95,104.574,103.03,104.01,852714
2018-06-11,103.94,104.564,103.743,104.218,791295
2018-06-12,104.564,104.99,103.862,104.911,750611
2018-06-13,105.237,106.019,104.713,105.247,758912
2018-06-14,105.455,106.504,105.455,105.98,883780
2018-06-15,105.761,106.731,104.97,106.574,1820343
2018-06-18,105.693,107.543,105.684,107.465,955687
2018-06-19,106.594,107.831,106.435,107.761,1129826
2018-06-20,107.889,108.572,107.236,107.919,784720
2018-06-21,108.532,109.423,107.969,108.919,913473
2018-06-22,109.106,110.136,108.979,109.513,1880284
2018-06-25,109.423,109.672,107.375,107.989,1152488
2018-06-26,107.929,108.315,107.405,107.445,1242220
2018-06-27,107.742,107.969,106.911,107.375,1209452
2018-06-28,106.979,109.186,106.851,108.979,1049654
2018-06-29,109.275,109.642,108.196,108.285,1476993
2018-07-02,107.831,108.455,106.93,108.415,936995
2018-07-03,108.849,109.483,107.712,107.851,697347
2018-07-05,108.405,109.453,107.87,109.305,1095159
2018-07-06,109.176,110.523,109.009,110.176,879902
2018-07-09,110.473,110.523,108.979,110.066,1004671
2018-07-10,110.977,111.343,109.959,110.383,1125730
2018-07-11,110.869,112.857,110.176,111.947,2984320
2018-07-12,112.343,112.531,111.977,112.373,873230
2018-07-13,112.373,113.234,111.77,112.373,631909
2018-07-16,112.71,113.036,112.047,112.907,861053
2018-07-17,112.69,114.026,112.422,113.926,1059157
2018-07-18,113.907,114.748,113.016,114.629,988744
2018-07-19,114.036,114.451,113.521,113.709,793642
2018-07-20,113.629,113.887,112.927,113.224,744553
2018-07-23,113.342,113.59,112.69,113.551,633197
2018-07-24,113.531,113.857,112.353,113.026,1046760
2018-07-25,112.749,115.51,112.749,115.421,1106089
2018-07-26,115.282,116.569,115.183,116.42,860884
2018-07-27,116.163,116.322,114.619,114.876,1490039
2018-07-30,114.381,114.886,111.79,112.096,965598
2018-07-31,112.462,113.204,111.937,112.857,995220
2018-08-01,112.769,113.689,111.68,112.492,1141332
2018-08-02,111.917,113.481,111.77,113.066,1325510
2018-08-03,108.167,111.551,107.622,109.473,2172806
2018-08-06,109.176,111.176,109.176,110.938,1480122
2018-08-07,111.64,113.085,111.453,112.59,1106665
2018-08-08,113.105,113.124,111.086,111.493,1096622
2018-08-09,111.146,113.471,110.947,113.007,1230315
2018-08-10,112.719,113.551,112.393,112.6,597180
2018-08-13,112.937,114.036,112.274,112.907,816658
2018-08-14,113.046,113.264,112.234,112.59,1012443
2018-08-15,112.155,112.67,111.007,111.907,838474
2018-08-16,112.442,113.304,112.442,112.867,847282
2018-08-17,112.877,115.075,112.6,114.431,963831
2018-08-20,115.47,116.925,115.47,116.302,1052913
2018-08-21,116.232,117.024,115.688,115.857,489570
2018-08-22,115.876,116.094,115.302,115.777,686463
2018-08-23,115.857,116.529,115.777,116.361,573026
2018-08-24,116.856,118.191,116.322,117.855,1031385
2018-08-27,118.054,118.677,117.331,118.409,1045338
2018-08-28,118.706,119.548,118.498,118.924,978947
2018-08-29,118.924,119.885,118.726,119.755,596762
2018-08-30,119.973,120.23,118.341,118.667,1167575
2018-08-31,118.181,119.598,117.964,119.428,1057563
2018-09-04,118.686,119.271,117.924,119.251,758864
2018-09-05,118.954,119.32,117.924,118.558,830265
2018-09-06,119.191,119.448,117.984,118.716,815442
2018-09-07,118.716,119.063,117.697,117.994,928309
2018-09-10,118.608,118.785,117.894,118.321,728688
2018-09-11,118.321,118.954,117.994,118.578,679501
2018-09-12,118.143,118.488,116.569,117.232,924124
2018-09-13,117.539,118.518,117.539,117.865,719782
2018-09-14,119.181,119.221,117.875,118.449,877435
2018-09-17,118.756,118.756,117.41,118.211,1056387
2018-09-18,117.855,119.953,117.855,118.321,950373
2018-09-19,118.221,118.468,115.797,116.342,689755
2018-09-20,116.677,117.855,116.123,117.816,664132
2018-09-21,117.816,120.152,117.717,119.973,2410267
2018-09-24,119.301,120.952,118.38,120.508,1459191
2018-09-25,120.547,121.705,120.498,121.369,1360768
2018-09-26,121.449,121.765,120.082,120.299,1249406
2018-09-27,120.221,121.122,119.973,120.092,495407
2018-09-28,119.815,121.784,119.685,121.586,890349
2018-10-01,122.397,122.863,119.369,119.755,1251213
2018-10-02,119.458,120.211,117.727,118.538,1506088
2018-10-03,119.132,119.885,118.4,118.478,852080
2018-10-04,118.171,118.221,116.807,117.667,725710
2018-10-05,117.549,118.648,116.549,117.331,697268
2018-10-08,117.251,117.281,114.688,115.391,675182
2018-10-09,115.153,116.519,114.856,116.282,778508
2018-10-10,116.015,116.064,112.65,112.749,1071991
2018-10-11,112.422,113.194,110.046,110.196,1096237
2018-10-12,111.73,112.887,110.918,112.343,936206
2018-10-15,112.096,112.997,110.849,112.115,836980
2018-10-16,112.68,115.965,112.323,115.638,797400
2018-10-17,115.965,115.985,113.976,115.44,621007
2018-10-18,115.342,116.628,114.798,115.728,1018779
2018-10-19,116.005,116.707,115.104,115.253,1008370
2018-10-22,115.55,115.718,113.808,114.936,641971
2018-10-23,113.659,115.153,112.333,114.243,691875
2018-10-24,114.006,116.41,111.6,111.72,1012615
2018-10-25,112.214,114.54,112.086,113.649,861285
2018-10-26,112.353,113.352,110.66,111.818,855532
2018-10-29,113.007,113.956,108.018,109.355,1169171
2018-10-30,109.542,111.62,108.315,111.423,1169945
2018-10-31,112.779,115.708,112.254,114.511,1169237
2018-11-01,114.748,115.965,113.402,115.658,1022873
2018-11-02,116.707,121.022,115.807,120.399,2323923
2018-11-05,119.855,120.23,113.214,115.905,1841899
2018-11-06,115.53,117.717,115.095,117.628,999782
2018-11-07,118.251,120.478,117.677,120.23,954785
2018-11-08,119.657,121.219,118.993,121.092,876053
2018-11-09,120.933,121.439,119.558,121.132,1008871
2018-11-12,120.962,120.962,118.231,118.657,615023
2018-11-13,119.152,120.874,118.419,118.568,913004
2018-11-14,118.954,121.686,116.994,120.289,1128066
2018-11-15,120.201,121.546,118.964,120.903,1015388
2018-11-16,120.369,121.893,119.865,121.468,872955
2018-11-19,121.062,121.399,117.776,118.014,774755
2018-11-20,115.678,117.944,115.153,115.45,1169097
2018-11-21,116.361,116.964,115.075,115.985,820828
2018-11-23,114.906,116.539,114.906,116.193,265047
2018-11-26,117.064,118.984,116.836,118.984,923582
2018-11-27,118.39,121.686,118.39,120.815,1356675
2018-11-28,121.171,123.427,120.557,123.397,1056305
2018-11-29,123.09,124.337,122.676,123.873,824993
2018-11-30,123.506,124.2,121.863,122.646,1463187
2018-12-03,124.427,125.05,123.289,125.01,1158035
2018-12-04,124.783,125.169,121.309,121.526,1714483
2018-12-06,120.25,121.369,117.202,121.229,1347415
2018-12-07,120.952,121.171,118.073,119.142,1369760
2018-12-10,118.716,121.646,117.4,121.102,1043683
2018-12-11,122.447,122.723,120.785,120.972,1022241
2018-12-12,121.853,123.615,121.646,121.696,1026977
2018-12-13,121.982,123.13,119.775,121.122,876155
2018-12-14,119.973,120.606,117.667,118.835,698231
2018-12-17,118.785,119.291,115.163,115.658,1109073
2018-12-18,116.015,116.647,112.997,114.381,1315251
2018-12-19,114.283,115.352,111.313,111.71,1089269
2018-12-20,111.433,112.254,106.751,108.395,1276818
2018-12-21,108.395,111.235,104.832,104.842,2777428
2018-12-24,104.1,105.426,102.259,102.259,840217
2018-12-26,102.763,105.396,101.586,105.267,1310583
2018-12-27,103.852,105.514,101.764,105.494,869462
2018-12-28,105.584,106.672,104.337,105.337,697027
2018-12-31,106.078,107.969,105.693,107.969,1120554
2019-01-02,106.861,108.761,106.633,107.722,1149379
2019-01-03,106.633,107.335,103.803,103.94,996782
2019-01-04,105.544,109.562,105.158,108.455,980856
2019-01-07,108.395,109.602,107.602,108.959,1300635
2019-01-08,109.691,112.145,109.126,112.145,1523839
2019-01-09,111.997,112.67,108.979,109.018,1569791
2019-01-10,108.206,110.413,107.899,110.314,1110405
2019-01-11,109.691,110.513,108.799,108.869,1195720
2019-01-14,108.425,109.186,107.86,108.028,1265405
2019-01-15,107.989,109.009,107.385,108.652,1267759
2019-01-16,108.612,109.691,107.445,107.494,1332701
2019-01-17,107.572,108.692,106.297,106.741,1211725
2019-01-18,107.188,109.038,107.048,108.483,1321199
2019-01-22,108.138,108.742,106.871,107.415,1244232
2019-01-23,108.128,108.483,106.861,107.405,791516
2019-01-24,107.712,108.078,106.731,107.732,758492
2019-01-25,108.722,109.602,108.395,109.038,793034
2019-01-28,107.791,108.176,106.702,108.138,634552
2019-01-29,108.078,108.979,107.485,108.602,911876
2019-01-30,108.465,109.959,108.435,109.602,991486
2019-01-31,109.443,110.423,109.265,109.701,1045322
2019-02-01,110.186,111.838,109.652,111.086,1261682
2019-02-04,110.977,112.847,110.621,112.65,1704748
2019-02-05,112.68,112.927,111.532,112.027,1004722
2019-02-06,112.017,113.244,111.907,113.016,966990
2019-02-07,112.422,112.442,110.542,111.333,1099420
2019-02-08,121.923,128.375,120.883,127.038,4719948
2019-02-11,127.048,128.147,125.801,125.941,2027990
2019-02-12,126.011,129.811,126.011,128.771,1943066
2019-02-13,128.979,129.424,127.979,129.157,1255308
2019-02-14,129.157,129.474,128.098,128.742,1019060
2019-02-15,129.829,130.364,129.067,130.087,1147874
2019-02-19,129.454,130.908,129.434,130.354,824721
2019-02-20,130.611,131.285,129.998,130.651,1137938
2019-02-21,130.8,131.058,129.602,129.869,1045680
2019-02-22,130.334,131.433,130.048,131.354,1004506
2019-02-25,131.898,132.769,131.423,132.522,791137
2019-02-26,132.482,133.402,132.482,132.927,1204273
2019-02-27,132.689,134.223,132.689,134.194,806722
2019-02-28,134.383,135.44,133.926,134.313,1538867
2019-03-01,134.897,135.679,134.233,134.769,722860
2019-03-04,135.897,135.986,132.354,133.244,1159118
2019-03-05,133.225,133.639,132.363,132.898,861924
2019-03-06,132.918,133.056,131.215,131.641,735989
2019-03-07,131.868,131.988,130.146,130.908,945027
2019-03-08,129.414,130.384,127.593,130.295,754448
2019-03-11,129.731,133.225,129.731,132.749,1080182
2019-03-12,133.046,133.472,131.413,131.562,980165
2019-03-13,132.185,133.125,131.305,132.324,862649
2019-03-14,132.869,132.869,131.492,131.997,1385804
2019-03-15,131.908,133.412,131.77,132.522,1159715
2019-03-18,132.442,133.006,131.265,132.382,765644
2019-03-19,133.066,133.066,131.888,132.344,703117
2019-03-20,132.245,132.68,130.513,130.701,861368
2019-03-21,130.928,133.096,130.79,132.522,751613
2019-03-22,131.928,132.66,130.206,130.641,767154
2019-03-25,130.641,130.938,129.286,130.641,777730
2019-03-26,131.799,132.373,130.968,132.285,1155304
2019-03-27,132.285,133.264,130.711,131.315,978765
2019-03-28,131.413,132.382,130.671,131.146,911185
2019-03-29,131.779,132.492,131.295,132.304,952681
2019-04-01,133.323,134.243,132.096,133.155,744091
2019-04-02,133.689,134.126,132.64,133.462,703336
2019-04-03,134.213,135.323,133.432,134.076,1016044
2019-04-04,134.452,134.51,131.671,132.562,469703
2019-04-05,133.165,133.264,132.185,132.542,1093850
2019-04-08,132.532,132.779,131.433,132.512,614036
2019-04-09,132.412,133.313,131.641,132.66,803188
2019-04-10,132.869,134.51,132.769,134.462,685713
2019-04-11,134.956,135.233,133.926,134.788,960478
2019-04-12,135.193,135.383,133.966,134.966,777308
2019-04-15,134.769,135.41,134.213,135.283,490265
2019-04-16,135.53,136.54,135.153,136.44,758144
2019-04-17,136.629,137.331,135.173,135.333,572804
2019-04-18,135.807,136.421,134.966,135.095,638143
2019-04-22,134.847,136.253,134.283,135.787,703836
2019-04-23,135.887,137.964,135.59,137.638,952651
2019-04-24,137.291,139.063,137.291,138.498,1174410
2019-04-25,137.875,137.875,135.43,137.134,944859
2019-04-26,137.271,138.251,136.371,137.826,802686
2019-04-29,137.47,137.638,136.351,136.877,756268
2019-04-30,137.074,137.074,135.203,136.54,706929
2019-05-01,136.59,136.827,134.471,134.491,1121134
2019-05-02,134.313,135.016,133.016,134.136,1080453
2019-05-03,134.946,139.855,132.532,135.333,1659870
2019-05-06,133.195,134.432,131.166,134.066,1073683
2019-05-07,132.709,133.779,132.422,133.541,1088992
2019-05-08,133.522,135.669,133.046,134.788,859183
2019-05-09,133.729,136.964,133.056,136.847,1459918
2019-05-10,136.154,139.925,136.074,139.855,1558523
2019-05-13,136.847,137.271,134.343,134.966,1273039
2019-05-14,135.46,136.817,135.193,136.263,1109331
2019-05-15,135.53,136.897,134.817,136.797,844707
2019-05-16,137.44,140.369,137.193,139.815,899914
2019-05-17,138.488,139.835,138.173,138.469,1722698
2019-05-20,137.984,138.608,136.807,138.421,1165559
2019-05-21,139.083,141.012,139.083,140.142,1050220
2019-05-22,139.468,144.15,139.468,143.803,1391187
2019-05-23,142.646,144.734,141.389,141.784,1918777
2019-05-24,142.586,142.883,140.647,141.923,781453
2019-05-28,142.151,143.428,140.567,141.716,1349576
2019-05-29,141.142,142.091,139.993,140.647,700230
2019-05-30,140.775,143.18,140.775,142.566,920429
2019-05-31,141.152,141.993,139.974,141.299,858072
2019-06-03,141.359,143.368,141.26,143.298,1434210
2019-06-04,144.012,148.0,143.922,147.88,1630757
2019-06-05,148.791,151.998,148.584,151.355,1536525
2019-06-06,151.375,152.038,149.741,151.691,916844
2019-06-07,152.275,154.323,151.691,154.136,676215
2019-06-10,154.146,154.788,151.879,152.195,1082043
2019-06-11,152.849,153.423,150.791,151.285,881854
2019-06-12,151.632,152.205,150.741,151.998,967763
2019-06-13,153.156,153.611,150.533,151.245,807933
2019-06-14,151.295,152.295,150.128,151.632,952796
2019-06-17,152.315,155.075,151.819,154.937,1231014
2019-06-18,155.223,157.015,154.68,156.105,1254913
2019-06-19,156.263,157.757,155.115,157.481,1112816
2019-06-20,159.123,160.073,156.609,157.767,1409374
2019-06-21,158.054,158.371,156.015,156.105,1708376
2019-06-24,156.392,158.262,155.382,156.589,809154
2019-06-25,156.867,157.718,155.155,155.253,1013127
2019-06-26,156.263,157.866,155.758,155.897,1133525
2019-06-27,156.392,156.966,154.709,155.63,747469
2019-06-28,156.005,157.846,154.551,157.659,3099896
2019-07-01,158.876,159.608,155.501,157.796,1016021
2019-07-02,157.796,159.747,157.114,159.163,1297759
2019-07-03,159.023,161.36,159.023,161.112,450303
2019-07-05,160.924,161.409,159.103,161.38,634176
2019-07-08,160.36,160.547,159.163,159.845,613930
2019-07-09,159.727,161.241,158.559,161.092,979497
2019-07-10,161.716,162.924,161.014,161.458,936747
2019-07-11,161.706,161.795,159.568,161.785,809645
2019-07-12,162.032,162.962,161.528,162.894,539357
2019-07-15,162.894,163.765,162.191,163.398,692792
2019-07-16,163.705,164.012,161.735,162.181,660910
2019-07-17,160.747,161.804,159.934,160.904,549249
2019-07-18,161.131,162.221,160.271,162.171,624443
2019-07-19,163.249,163.249,159.617,159.707,775907
2019-07-22,160.28,161.785,159.895,160.727,478955
2019-07-23,161.428,161.567,159.33,161.528,513064
2019-07-24,161.3,161.3,158.321,158.48,1057873
2019-07-25,158.539,160.093,157.757,159.727,678928
2019-07-26,160.36,161.082,159.598,160.844,573947
2019-07-29,161.528,161.528,159.133,159.578,836465
2019-07-30,159.023,160.133,156.946,156.976,1071951
2019-07-31,157.252,158.678,156.095,156.936,1095876
2019-08-01,156.966,158.796,155.422,155.778,1593323
2019-08-02,154.59,162.904,152.067,160.824,1832103
2019-08-05,158.4,159.836,157.094,159.548,1543056
2019-08-06,160.043,162.795,160.043,162.221,951890
2019-08-07,161.518,164.882,160.241,164.536,1254625
2019-08-08,165.743,169.376,165.466,169.296,1005659
2019-08-09,168.94,168.999,166.209,166.703,743987
2019-08-12,165.902,167.188,164.675,165.971,998354
2019-08-13,165.743,167.624,165.674,166.476,869400
2019-08-14,164.329,165.387,161.667,161.745,1206422
2019-08-15,161.944,163.805,160.914,162.685,711495
2019-08-16,163.585,165.219,162.942,163.892,991222
2019-08-19,165.753,167.842,164.705,167.248,677467
2019-08-20,166.911,167.575,165.486,165.833,465590
2019-08-21,167.614,169.474,166.98,169.435,813622
2019-08-22,169.435,169.771,168.247,168.999,905602
2019-08-23,168.317,169.207,165.229,165.723,937640
2019-08-26,166.773,168.692,166.773,168.654,765116
2019-08-27,168.871,169.92,167.565,168.792,1159139
2019-08-28,168.07,168.614,166.693,168.554,694384
2019-08-29,170.009,171.919,169.751,171.315,592474
2019-08-30,172.305,172.354,170.236,171.078,732087
2019-09-03,170.216,170.84,168.465,168.881,897415
2019-09-04,169.949,170.256,168.405,169.167,764147
2019-09-05,166.881,167.11,162.755,164.141,3322294
2019-09-06,164.793,166.159,164.052,165.279,2738961
2019-09-09,165.615,165.753,161.994,162.301,1142257
2019-09-10,161.35,161.35,154.224,155.471,2205742
2019-09-11,155.461,157.272,155.323,156.312,1571981
2019-09-12,157.471,158.747,156.055,157.639,2055309
2019-09-13,157.451,159.727,157.094,158.509,1151857
2019-09-16,157.708,158.549,157.174,157.539,1230610
2019-09-17,158.034,160.528,157.946,160.192,1375453
2019-09-18,160.29,160.757,158.173,159.836,1012294
2019-09-19,159.974,160.894,158.519,158.866,802041
2019-09-20,159.252,160.518,157.688,157.698,1477578
2019-09-23,157.747,160.767,157.747,159.836,1278647
2019-09-24,161.181,163.844,160.202,160.567,1289386
2019-09-25,160.37,163.221,159.42,162.824,769687
2019-09-26,162.705,163.922,162.191,163.556,808360
2019-09-27,163.892,163.892,160.864,161.508,652622
2019-09-30,161.458,162.508,161.053,161.716,987543
2019-10-01,161.735,162.081,156.777,156.985,1423385
2019-10-02,156.322,156.322,154.126,156.015,1754866
2019-10-03,155.382,156.57,153.966,156.263,1174889
2019-10-04,156.916,159.657,156.055,159.598,1005909
2019-10-07,159.41,159.796,158.193,159.213,850539
2019-10-08,160.192,164.378,158.955,162.013,1992276
2019-10-09,162.695,163.635,161.528,162.319,1015983
2019-10-10,161.697,162.013,160.083,161.33,747687
2019-10-11,163.388,163.576,158.965,158.965,1361755
2019-10-14,158.955,160.46,158.786,158.796,1121623
2019-10-15,159.073,161.904,158.975,161.043,717006
2019-10-16,161.795,163.972,160.39,163.932,1221655
2019-10-17,164.675,167.9,163.775,166.733,1212752
2019-10-18,167.357,167.505,164.526,166.09,862136
2019-10-21,166.663,167.258,165.319,167.0,860521
2019-10-22,167.0,167.416,160.28,160.42,947715
2019-10-23,160.577,160.864,159.43,160.43,1154312
2019-10-24,157.698,158.658,149.651,154.907,3000416
2019-10-25,155.046,156.302,153.699,155.066,988376
2019-10-28,156.342,156.342,153.67,154.501,1113374
2019-10-29,153.699,156.362,153.689,156.322,898698
2019-10-30,156.461,157.352,155.61,156.906,1149154
2019-10-31,157.509,159.213,150.217,157.806,2814629
2019-11-01,158.509,159.855,157.836,158.995,1014005
2019-11-04,159.637,159.816,152.097,152.374,1534344
2019-11-05,151.582,152.235,146.119,149.058,3183895
2019-11-06,149.058,151.018,148.297,150.484,1359182
2019-11-07,151.502,155.51,151.048,153.898,1659022
2019-11-08,153.68,156.619,153.373,156.51,1254927
2019-11-11,154.036,155.066,151.958,152.909,1254344
2019-11-12,152.759,153.076,151.355,152.879,1315679
2019-11-13,152.374,155.67,152.374,153.334,1196940
2019-11-14,152.472,154.769,151.988,153.462,694258
2019-11-15,153.878,154.066,152.245,153.779,963004
2019-11-18,153.779,155.095,153.205,154.64,973599
2019-11-19,155.59,158.024,154.917,157.509,978083
2019-11-20,157.579,159.627,156.223,157.836,1099813
2019-11-21,157.252,158.163,155.917,156.609,1022974
2019-11-22,156.837,157.846,156.065,157.371,744616
2019-11-25,158.034,158.46,156.035,157.242,825548
2019-11-26,157.441,159.39,156.372,157.836,3112647
2019-11-27,158.331,159.271,157.509,158.846,820294
2019-11-29,158.094,159.35,157.747,158.757,458022
2019-12-02,158.262,158.559,154.026,156.589,924537
2019-12-03,155.857,157.421,154.62,156.422,1060765
2019-12-04,157.094,157.985,156.402,156.689,1056707
2019-12-05,156.253,156.53,152.165,152.245,1788622
2019-12-06,152.345,153.472,151.602,152.482,1578068
2019-12-09,153.027,154.363,152.077,153.235,1215696
2019-12-10,153.185,153.739,152.215,152.69,1779748
2019-12-11,153.235,154.046,152.977,153.502,2312984
2019-12-12,153.849,155.253,153.284,154.293,1978763
2019-12-13,153.462,154.907,152.265,152.899,1619008
2019-12-16,154.204,155.243,153.195,153.739,1483698
2019-12-17,154.363,156.599,153.225,153.353,1607000
2019-12-18,154.076,154.69,151.434,151.849,1747906
2019-12-19,151.809,154.244,151.245,153.472,2653721
2019-12-20,154.511,155.016,152.729,153.373,3614233
2019-12-23,154.759,155.105,153.839,154.521,1458302
2019-12-24,154.373,154.69,153.839,154.016,277348
2019-12-26,154.204,154.907,153.324,153.719,606775
2019-12-27,153.928,154.175,153.166,153.789,599169
2019-12-30,153.542,153.651,152.422,153.334,858135
2019-12-31,153.264,153.68,152.422,153.502,941835
2020-01-02,154.491,154.63,153.146,153.966,1424402
2020-01-03,152.442,156.777,151.829,156.58,1010295
2020-01-06,156.164,159.123,155.382,159.013,1621489
2020-01-07,158.014,158.569,157.184,157.856,1187391
2020-01-08,158.034,158.995,157.223,158.024,1455732
2020-01-09,158.796,161.726,158.796,160.697,1345476
2020-01-10,160.834,160.834,158.836,159.37,709022
2020-01-13,159.964,163.211,159.213,162.755,1374103
2020-01-14,162.301,162.775,159.865,160.35,1071049
2020-01-15,160.43,163.725,160.3,162.448,954715
2020-01-16,163.478,164.932,162.271,164.675,963779
2020-01-17,165.684,168.158,163.863,167.773,1292732
2020-01-21,166.931,169.148,166.338,168.554,1453118
2020-01-22,169.672,169.999,168.712,169.306,753655
2020-01-23,169.761,169.949,167.95,168.654,719634
2020-01-24,169.474,171.246,169.119,171.157,702370
2020-01-27,169.287,169.9,167.673,169.564,729951
2020-01-28,170.226,171.76,169.623,170.583,850031
2020-01-29,170.959,171.682,170.296,170.92,469673
2020-01-30,169.029,171.692,169.029,171.543,621579
2020-01-31,170.741,170.998,168.207,168.614,870032
2020-02-03,169.227,169.761,167.614,167.693,753716
2020-02-04,168.742,171.038,168.357,169.871,850784
2020-02-05,170.365,170.988,168.129,168.317,1277391
2020-02-06,168.465,171.593,167.733,170.444,1141789
2020-02-07,171.612,177.095,170.375,170.959,1546508
2020-02-10,170.523,175.699,170.523,175.343,1162339
2020-02-11,177.035,178.123,175.64,175.729,1166714
2020-02-12,175.235,176.312,172.849,175.908,1234909
2020-02-13,175.304,176.551,174.611,175.392,699815
2020-02-14,175.135,175.739,173.948,175.679,926149
2020-02-18,175.571,176.769,174.968,176.105,783634
2020-02-19,176.531,178.123,176.085,177.312,826085
2020-02-20,177.213,178.589,174.354,176.798,947667
2020-02-21,176.332,177.016,175.045,176.482,1013331
2020-02-24,173.254,176.372,172.235,173.186,871576
2020-02-25,173.711,174.808,169.643,169.672,1094606
2020-02-26,170.385,171.968,168.08,169.316,851983
2020-02-27,167.13,168.357,160.757,160.815,1370167
2020-02-28,157.084,158.628,152.195,157.826,3016635
2020-03-02,159.033,165.319,158.301,165.259,1585340
2020-03-03,165.872,170.138,163.498,166.703,1539148
2020-03-04,168.881,173.799,168.297,173.779,1176277
2020-03-05,170.187,172.681,169.584,171.9,1352775
2020-03-06,167.614,168.574,164.249,167.594,1722251
2020-03-09,157.451,162.685,154.353,157.826,2103571
2020-03-10,161.697,162.675,155.204,162.627,1915788
2020-03-11,158.826,159.44,151.869,153.561,1333363
2020-03-12,143.922,146.189,130.068,135.213,2563973
2020-03-13,143.18,148.237,137.954,148.197,2207177
2020-03-16,132.542,143.556,132.432,138.915,2526453
2020-03-17,141.913,150.246,137.905,142.814,2027988
2020-03-18,136.6,142.498,130.344,141.736,1477960
2020-03-19,141.498,148.07,139.578,143.19,1703295
2020-03-20,142.171,143.536,127.01,130.661,2759889
2020-03-23,129.899,130.493,115.5,119.122,2115304
2020-03-24,123.477,130.651,121.873,125.119,2084644
2020-03-25,124.793,129.771,123.863,127.831,2398387
2020-03-26,129.514,143.16,128.622,142.508,1692460
2020-03-27,138.598,139.419,127.752,129.177,1864267
2020-03-30,129.998,130.731,124.515,127.553,2161478
2020-03-31,127.247,129.049,124.714,127.118,2945745
2020-04-01,122.646,123.714,118.191,120.606,2396868
2020-04-02,120.132,125.257,119.301,124.724,1295517
2020-04-03,124.1,125.861,120.488,121.102,1406003
2020-04-06,126.336,135.707,125.821,134.759,1850045
2020-04-07,138.658,141.844,136.034,136.223,1551071
2020-04-08,137.826,143.002,137.184,141.349,1097802
2020-04-09,142.725,146.783,141.171,146.209,1293071
2020-04-13,143.745,145.991,138.786,139.855,859660
2020-04-14,142.765,146.526,142.546,146.109,858767
2020-04-15,143.18,144.07,141.419,142.141,906471
2020-04-16,142.388,146.516,141.726,146.079,802254
2020-04-17,148.93,151.058,147.97,150.879,984582
2020-04-20,149.307,152.215,148.257,148.594,781125
2020-04-21,145.575,146.416,138.064,138.381,1474930
2020-04-22,141.824,146.317,140.003,144.991,1001355
2020-04-23,146.426,148.01,144.536,146.92,1259577
2020-04-24,147.86,148.02,144.991,146.119,1459421
2020-04-27,147.089,149.157,146.139,147.713,583500
2020-04-28,148.98,149.424,138.895,139.093,2303707
2020-04-29,140.597,143.487,138.688,142.438,1762164
2020-04-30,141.884,141.903,137.291,137.539,1316522
2020-05-01,135.333,136.897,132.422,132.779,1257346
2020-05-04,132.689,135.076,131.048,135.016,1883334
2020-05-05,135.727,137.213,134.52,134.679,1059512
2020-05-06,135.62,135.817,129.384,129.404,1693889
2020-05-07,131.156,131.988,129.592,130.265,2616775
2020-05-08,124.813,129.711,119.162,125.544,5522510
2020-05-11,124.377,127.326,123.229,124.467,2496803
2020-05-12,125.763,127.505,124.535,125.505,2063972
2020-05-13,125.417,126.663,121.181,122.793,2655115
2020-05-14,121.458,122.12,118.934,121.775,1662152
2020-05-15,120.864,123.516,119.875,123.437,1225579
2020-05-18,126.218,129.949,126.148,129.612,1761727
2020-05-19,130.978,132.918,129.929,131.067,1724941
2020-05-20,131.373,133.373,129.829,132.552,1660069
2020-05-21,132.829,133.829,131.008,131.205,1254066
2020-05-22,131.067,131.305,128.257,128.355,1067968
2020-05-26,131.829,133.541,131.106,131.403,1809076
2020-05-27,132.185,132.185,127.435,128.187,1976844
2020-05-28,129.612,132.452,128.652,129.939,1395141
2020-05-29,130.344,130.76,127.02,129.424,2513705
2020-06-01,130.256,133.809,129.523,132.888,1317966
2020-06-02,133.155,133.848,131.809,133.561,1487285
2020-06-03,135.036,141.706,134.213,141.429,2892684
2020-06-04,140.26,142.843,139.915,142.715,2294124
2020-06-05,145.209,149.257,144.724,149.098,1351596
2020-06-08,149.197,152.809,148.643,151.424,1981042
2020-06-09,150.177,150.355,144.812,145.169,1278848
2020-06-10,144.991,145.416,141.032,141.764,3121215
2020-06-11,137.618,138.084,130.117,130.136,2597506
2020-06-12,135.58,137.271,132.602,135.114,2541292
2020-06-15,131.908,133.512,130.087,132.185,1904690
2020-06-16,137.024,138.905,135.253,136.371,1894876
2020-06-17,136.263,137.925,133.155,134.58,1084684
2020-06-18,133.452,136.57,133.452,135.847,1116558
2020-06-19,136.648,137.261,133.066,133.442,3093939
2020-06-22,133.432,135.777,132.255,135.63,1839276
2020-06-23,136.777,137.164,135.44,135.53,1223618
2020-06-24,134.807,135.53,131.918,133.858,1489586
2020-06-25,132.719,135.163,131.048,135.006,1570045
2020-06-26,135.026,135.43,130.948,133.353,4092771
2020-06-29,134.116,134.116,131.75,132.739,852470
2020-06-30,132.986,135.42,132.986,134.649,1268933
2020-07-01,134.046,134.283,130.344,130.661,1852145
2020-07-02,132.275,133.659,129.553,129.821,1503367
2020-07-06,131.235,131.849,130.414,130.701,1567960
2020-07-07,129.226,129.504,125.901,125.961,1945627
2020-07-08,125.951,127.89,125.594,126.97,1559732
2020-07-09,126.683,127.553,123.407,125.821,1321698
2020-07-10,124.793,125.317,122.606,123.397,1999456
2020-07-13,124.594,127.267,124.0,125.951,2470323
2020-07-14,125.327,127.989,124.437,127.772,1220518
2020-07-15,128.742,131.136,128.732,129.306,947133
2020-07-16,128.484,129.602,127.92,129.444,1271058
2020-07-17,130.523,133.056,129.949,132.295,1266681
2020-07-20,131.839,132.572,129.454,130.344,1843757
2020-07-21,131.008,133.056,130.898,132.611,1116258
2020-07-22,132.314,136.421,131.898,135.699,1191167
2020-07-23,135.847,140.142,135.827,138.588,1707233
2020-07-24,138.518,138.598,135.303,136.183,1425688
2020-07-27,136.263,137.935,135.956,136.411,1120852
2020-07-28,135.183,136.006,130.473,131.463,1578788
2020-07-29,132.62,135.066,132.412,134.56,872375
2020-07-30,132.047,133.906,130.591,133.749,563189
2020-07-31,134.253,134.452,131.75,134.343,731841
2020-08-03,135.163,135.737,132.096,132.165,942833
2020-08-04,132.947,134.51,131.433,132.195,1260469
2020-08-05,132.937,134.086,132.076,132.918,1436017
2020-08-06,132.502,138.43,132.502,138.411,2075167
2020-08-07,141.933,146.04,136.401,138.628,2943884
2020-08-10,138.381,138.855,135.402,136.668,1531979
2020-08-11,136.61,137.925,134.729,137.281,1518229
2020-08-12,136.897,140.627,136.837,139.331,986548
2020-08-13,138.192,140.775,137.164,140.26,745248
2020-08-14,139.221,139.905,138.221,139.687,733182
2020-08-17,140.072,141.646,140.072,141.606,1021782
2020-08-18,141.814,144.12,141.349,143.942,1433645
2020-08-19,144.14,145.575,143.685,144.595,1340795
2020-08-20,142.863,145.793,142.636,145.684,1113250
2020-08-21,145.249,146.089,144.437,145.971,826471
2020-08-24,145.565,147.99,145.565,147.97,942663
2020-08-25,148.405,149.237,147.91,148.721,680888
2020-08-26,149.227,149.227,146.693,147.346,869417
2020-08-27,148.237,148.317,145.436,145.872,1476325
2020-08-28,145.763,147.94,145.624,147.584,790417
2020-08-31,147.07,149.177,146.366,148.693,1469056
2020-09-01,148.247,148.257,146.703,147.773,1003414
2020-09-02,148.0,151.799,147.534,150.938,939480
2020-09-03,150.414,151.068,146.139,147.534,1056795
2020-09-04,148.04,149.384,145.327,147.07,1416920
2020-09-08,145.249,148.0,144.457,146.526,1124123
2020-09-09,148.07,149.297,146.763,147.574,713359
2020-09-10,147.475,148.92,144.189,144.477,979603
2020-09-11,146.079,148.267,145.664,147.86,1283072
2020-09-14,149.048,152.215,149.048,151.156,1625260
2020-09-15,151.948,152.879,151.552,151.938,575399
2020-09-16,152.819,154.056,152.165,152.225,925268
2020-09-17,149.851,153.532,148.771,153.274,1426768
2020-09-18,152.156,153.393,150.889,152.432,1530460
2020-09-21,150.246,150.246,146.633,147.85,1427030
2020-09-22,148.415,152.502,147.673,152.394,921655
2020-09-23,152.275,152.987,147.406,147.495,1099928
2020-09-24,146.95,148.127,145.179,146.99,1074738
2020-09-25,145.981,149.791,145.496,149.217,643961
2020-09-28,151.018,153.472,150.444,151.78,1200534
2020-09-29,152.404,154.026,152.384,152.769,719281
2020-09-30,152.829,153.136,151.235,151.948,839873
2020-10-01,153.096,153.918,150.524,151.928,738391
2020-10-02,148.93,152.7,148.93,152.047,611717
2020-10-05,153.096,153.719,151.741,152.632,744481
2020-10-06,153.363,154.303,151.76,152.097,797018
2020-10-07,153.542,155.53,152.661,155.343,859811
2020-10-08,156.659,158.638,156.659,157.728,704773
2020-10-09,159.281,161.994,158.925,161.627,1315455
2020-10-12,162.319,163.605,160.864,163.101,674104
2020-10-13,162.914,164.428,160.43,161.092,984803
2020-10-14,162.191,163.478,161.112,161.765,450240
2020-10-15,160.757,169.514,160.747,166.268,1869108
2020-10-16,166.1,167.476,164.536,165.596,1162436
2020-10-19,166.129,167.98,164.457,164.892,751757
2020-10-20,164.882,166.278,163.556,163.665,922166
2020-10-21,165.159,166.486,164.209,165.199,546947
2020-10-22,165.566,166.159,163.605,163.825,752772
2020-10-23,167.812,171.434,166.386,169.356,1063237
2020-10-26,167.139,167.663,164.179,166.96,872399
2020-10-27,166.703,169.811,166.595,167.02,881909
2020-10-28,163.902,165.139,159.242,159.38,1152674
2020-10-29,158.826,160.261,155.897,157.836,1182355
2020-10-30,155.52,156.797,151.453,153.156,1128275
2020-11-02,155.056,159.657,154.937,158.41,1124683
2020-11-03,160.518,164.042,160.271,160.854,999116
2020-11-04,161.082,161.231,155.223,155.363,1453274
2020-11-05,158.074,160.43,155.54,155.857,1133380
2020-11-06,157.242,160.647,156.204,159.37,1024220
2020-11-09,166.615,170.256,164.665,164.992,1316181
2020-11-10,164.803,165.358,160.815,161.647,1011206
2020-11-11,163.805,164.735,162.052,164.477,550699
2020-11-12,163.348,164.477,161.35,162.319,424237
2020-11-13,164.082,167.08,163.468,165.209,508886
2020-11-16,167.02,168.534,165.932,168.514,594079
2020-11-17,166.743,167.575,164.189,164.329,794557
2020-11-18,164.695,164.922,162.091,162.241,560193
2020-11-19,161.458,164.042,160.261,163.922,413603
2020-11-20,164.111,165.279,160.854,162.111,1295051
2020-11-23,162.864,164.556,161.034,164.141,680850
2020-11-24,165.645,167.238,165.179,166.546,889373
2020-11-25,166.663,169.979,166.011,166.793,1236645
2020-11-27,168.247,169.306,167.04,168.08,296818
2020-11-30,167.258,169.207,165.002,166.209,1562166
2020-12-01,167.436,168.05,164.526,165.209,1240590
2020-12-02,165.329,166.416,163.785,165.743,744776
2020-12-03,165.516,167.208,163.368,165.803,800963
2020-12-04,166.268,167.1,164.259,165.119,836270
2020-12-07,165.159,166.625,164.665,165.169,472148
2020-12-08,164.082,167.505,163.111,167.139,1302861
2020-12-09,168.06,169.653,166.753,167.545,584785
2020-12-10,167.693,168.881,165.349,166.536,873579
2020-12-11,165.239,165.991,161.765,163.171,2276383
2020-12-14,164.17,165.229,161.32,161.468,1956149
2020-12-15,162.518,164.339,161.844,163.508,1649670
2020-12-16,163.556,164.309,160.33,162.418,1602403
2020-12-17,163.111,165.793,162.358,165.091,1359294
2020-12-18,164.615,166.416,164.179,165.664,2044548
2020-12-21,163.012,163.835,158.776,160.776,980599
2020-12-22,160.617,163.358,160.35,162.934,737855
2020-12-23,163.528,165.743,163.398,164.082,650484
2020-12-24,164.467,164.655,162.854,163.942,245616
2020-12-28,165.339,165.843,163.309,164.862,632249
2020-12-29,165.942,166.1,161.914,162.438,474662
2020-12-30,162.992,164.329,162.388,162.478,576782
2020-12-31,162.191,165.576,162.032,165.466,499162
2021-01-04,166.04,166.585,161.151,162.982,1018477
2021-01-05,163.358,164.16,161.281,162.131,800597
2021-01-06,162.081,166.941,161.251,166.08,939859
2021-01-07,166.308,168.782,166.04,166.476,767112
2021-01-08,166.693,169.949,166.693,169.861,853261
2021-01-11,168.514,170.049,168.099,169.009,644600
2021-01-12,168.95,170.82,168.277,169.554,962131
2021-01-13,168.742,169.949,167.872,169.406,461368
2021-01-14,169.059,172.235,167.357,168.792,613361
2021-01-15,168.851,169.623,166.506,168.871,586107
2021-01-19,170.118,170.118,166.873,167.159,1458521
2021-01-20,167.09,168.554,165.922,168.267,627513
2021-01-21,168.07,168.435,165.872,167.653,699431
2021-01-22,167.456,169.425,166.229,169.029,465213
2021-01-25,170.009,170.484,168.02,169.039,516857
2021-01-26,168.99,169.356,165.773,167.9,472955
2021-01-27,166.556,170.216,165.635,166.931,660119
2021-01-28,167.04,168.217,165.119,165.249,885154
2021-01-29,166.347,168.455,162.567,163.032,1022927
2021-02-01,164.141,170.949,164.141,169.91,896850
2021-02-02,170.643,175.036,170.019,173.968,912686
2021-02-03,174.135,175.818,172.354,174.601,664184
2021-02-04,175.115,177.916,174.205,177.312,1126992
2021-02-05,177.481,178.47,172.602,177.193,1052122
2021-02-08,177.689,178.946,176.235,177.629,944913
2021-02-09,177.936,178.976,176.502,178.203,721182
2021-02-10,179.044,179.44,177.609,178.401,672079
2021-02-11,179.015,179.015,176.155,176.896,709069
2021-02-12,176.866,177.826,175.215,176.195,741546
2021-02-16,177.155,179.44,175.63,178.43,708443
2021-02-17,177.53,178.233,176.175,176.896,466897
2021-02-18,176.362,178.41,175.669,178.046,605999
2021-02-19,178.846,179.895,177.669,177.836,595854
2021-02-22,176.609,177.679,175.591,175.689,780249
2021-02-23,176.382,176.382,172.444,173.75,593079
2021-02-24,173.75,177.569,173.75,176.205,662120
2021-02-25,176.125,176.739,174.7,175.659,611298
2021-02-26,176.125,176.531,170.761,170.761,984682
2021-03-01,171.978,178.006,171.622,177.539,800087
2021-03-02,177.223,177.739,174.958,175.006,973329
2021-03-03,174.72,175.333,172.74,173.531,597514
2021-03-04,174.027,174.304,169.109,170.206,965920
2021-03-05,172.324,174.798,170.484,174.057,689900
2021-03-08,173.918,178.016,173.216,174.393,580715
2021-03-09,174.788,175.571,172.008,172.265,716913
2021-03-10,173.908,174.403,171.266,172.977,848599
2021-03-11,173.522,175.669,172.938,173.731,547515
2021-03-12,174.492,175.026,172.364,174.998,511605
2021-03-15,175.699,177.739,174.215,177.669,529202
2021-03-16,177.292,178.352,175.649,178.293,495248
2021-03-17,178.777,179.025,176.559,177.164,831228
2021-03-18,175.135,178.44,174.71,177.233,602049
2021-03-19,177.609,180.271,175.928,178.995,1337665
2021-03-22,178.995,182.369,178.757,181.439,1036845
2021-03-23,181.677,183.082,178.52,179.648,928493
2021-03-24,178.985,181.014,176.769,176.866,554686
2021-03-25,177.471,180.103,176.689,179.846,671603
2021-03-26,180.875,185.358,180.262,185.239,627575
2021-03-29,183.705,186.229,182.271,184.537,1615051
2021-03-30,184.022,184.597,181.617,182.31,507398
2021-03-31,183.082,185.111,182.31,183.725,696899
2021-04-01,184.002,185.111,182.686,184.032,595654
2021-04-05,185.497,188.406,184.418,186.931,798845
2021-04-06,185.427,186.011,183.488,184.359,649285
2021-04-07,185.012,187.308,184.16,185.546,631924
2021-04-08,185.843,186.398,184.131,186.071,612608
2021-04-09,186.418,186.862,185.101,186.665,618385
2021-04-12,185.219,186.278,182.785,183.468,789836
2021-04-13,182.865,184.487,181.429,184.15,715337
2021-04-14,184.467,184.467,181.538,183.033,709434
2021-04-15,183.131,185.279,182.666,183.844,593694
2021-04-16,185.141,185.141,183.508,184.26,616030
2021-04-19,184.764,184.764,182.845,183.34,585748
2021-04-20,181.796,182.518,180.41,181.014,607348
2021-04-21,181.528,182.983,180.974,182.181,697908
2021-04-22,181.647,184.15,180.777,183.112,525202
2021-04-23,184.547,186.447,182.963,185.596,553287
2021-04-26,185.556,185.932,183.864,185.814,540663
2021-04-27,185.031,186.447,184.427,185.378,660401
2021-04-28,185.596,186.585,183.805,184.26,537274
2021-04-29,184.874,185.664,184.527,184.884,464205
2021-04-30,184.112,184.814,182.656,183.973,746559
2021-05-03,184.437,184.685,182.815,184.418,754489
2021-05-04,183.715,184.467,181.736,182.261,594106
2021-05-05,182.923,182.923,180.747,181.489,458791
2021-05-06,181.172,184.112,180.301,183.705,841901
2021-05-07,184.912,194.818,184.884,194.493,1474912
2021-05-10,195.323,198.501,194.631,195.789,1088761
2021-05-11,193.849,197.402,193.8,197.076,1000055
2021-05-12,195.462,196.007,189.723,189.861,1011691
2021-05-13,190.99,193.829,189.466,192.988,862012
2021-05-14,194.453,198.263,193.077,197.234,532715
2021-05-17,195.977,197.699,194.978,196.027,396780
2021-05-18,196.66,197.095,194.601,194.611,412865
2021-05-19,192.394,194.453,191.583,194.166,528335
2021-05-20,195.037,199.302,194.047,198.471,663246
2021-05-21,199.015,199.837,196.789,197.471,614281
2021-05-24,198.491,199.718,197.491,198.174,538277
2021-05-25,198.303,200.737,197.719,199.153,751338
2021-05-26,197.768,199.49,197.659,197.996,534240
2021-05-27,198.313,200.312,198.263,198.896,961901
2021-05-28,199.895,201.302,199.381,200.589,708490
2021-06-01,201.479,201.796,198.511,200.42,560988
2021-06-02,203.894,205.814,201.628,202.816,717644
2021-06-03,202.113,205.734,201.439,205.022,1293840
2021-06-04,205.894,206.833,204.023,205.121,563099
2021-06-07,205.23,205.962,202.38,202.914,604905
2021-06-08,204.457,206.625,203.033,205.567,726632
2021-06-09,205.348,205.962,204.043,204.31,525325
2021-06-10,204.587,207.872,204.567,207.695,427068
2021-06-11,208.792,208.792,205.378,207.427,480197
2021-06-14,207.061,208.11,205.3,207.229,411696
2021-06-15,207.822,207.952,206.171,206.774,422042
2021-06-16,207.17,207.17,204.033,205.557,822826
2021-06-17,205.338,209.426,205.23,206.715,986477
2021-06-18,205.774,206.358,202.627,202.943,1054466
2021-06-21,204.418,208.446,203.21,207.14,761292
2021-06-22,208.446,210.554,206.843,209.723,1432717
2021-06-23,209.139,210.258,207.852,209.099,614851
2021-06-24,210.762,210.871,208.872,210.326,551213
2021-06-25,210.376,211.85,210.336,211.365,1125559
2021-06-28,211.831,211.91,210.268,210.871,545002
2021-06-29,211.03,212.929,210.96,212.722,526147
2021-06-30,212.563,213.563,211.752,212.563,585461
2021-07-01,213.306,215.106,212.999,214.433,481461
2021-07-02,215.265,217.778,214.533,216.66,656077
2021-07-06,217.758,218.965,215.64,218.611,770314
2021-07-07,218.868,220.342,216.848,220.025,468523
2021-07-08,216.175,219.808,216.146,217.917,716356
2021-07-09,219.569,220.372,217.214,220.085,523386
2021-07-12,220.154,220.569,218.362,218.818,435992
2021-07-13,219.362,219.778,217.304,217.818,400942
2021-07-14,219.075,220.202,218.095,218.511,489557
2021-07-15,218.184,219.53,217.134,218.234,449647
2021-07-16,218.125,219.214,215.453,215.64,594968
2021-07-19,212.949,214.374,211.049,212.315,590269
2021-07-20,213.523,215.206,212.791,214.276,742251
2021-07-21,215.087,215.334,213.345,215.087,495676
2021-07-22,214.354,215.8,213.246,215.77,427808
2021-07-23,217.164,217.897,215.543,217.324,462956
2021-07-26,216.977,218.431,216.373,218.274,460163
2021-07-27,217.037,218.174,215.226,217.284,513425
2021-07-28,217.521,218.055,216.244,217.115,562619
2021-07-29,219.569,220.362,218.758,219.362,537367
2021-07-30,218.848,220.045,218.848,219.501,669343
2021-08-02,220.422,221.955,219.292,219.511,580489
2021-08-03,219.886,220.856,218.591,220.549,427090
2021-08-04,220.559,221.262,217.641,218.372,694177
2021-08-05,218.571,219.412,216.473,217.888,620348
2021-08-06,220.826,227.318,219.798,224.013,1277685
2021-08-09,224.013,226.646,223.39,223.667,734044
2021-08-10,223.765,225.874,223.765,225.191,618009
2021-08-11,226.111,226.111,222.301,222.667,568233
2021-08-12,222.717,226.013,222.271,225.983,869508
2021-08-13,226.813,228.507,226.27,228.427,628898
2021-08-16,227.962,230.397,227.2,230.268,590589
2021-08-17,229.278,230.218,228.604,229.783,590090
2021-08-18,229.437,231.011,228.22,229.288,662771
2021-08-19,227.26,234.246,227.23,232.722,891781
2021-08-20,232.573,235.285,231.752,235.265,1233358
2021-08-23,235.958,236.433,233.791,234.306,712410
2021-08-24,234.276,235.523,233.484,234.394,596740
2021-08-25,235.166,237.789,234.633,236.572,891765
2021-08-26,236.957,238.69,235.68,238.254,491226
2021-08-27,239.253,239.719,237.274,238.016,763809
2021-08-30,238.214,239.957,238.026,239.728,389686
2021-08-31,240.065,240.065,237.621,239.402,1093274
2021-09-01,239.392,239.402,237.68,238.65,632670
2021-09-02,239.6,241.262,238.096,241.174,564164
2021-09-03,240.669,241.559,239.748,240.015,569573
2021-09-07,239.313,240.877,238.393,240.035,675147
2021-09-08,240.214,241.975,239.837,241.579,411644
2021-09-09,241.886,242.094,238.897,239.185,986756
2021-09-10,240.679,240.679,237.699,237.888,636158
2021-09-13,239.185,239.709,235.73,236.977,862124
2021-09-14,237.957,238.046,234.84,236.75,816968
2021-09-15,236.779,240.58,235.364,239.857,1139764
2021-09-16,240.699,240.847,237.166,238.234,466023
2021-09-17,236.631,238.323,232.573,233.425,1483700
2021-09-20,230.565,231.989,228.307,230.308,683207
2021-09-21,231.842,232.712,229.387,231.555,746985
2021-09-22,233.454,237.047,232.832,235.117,912805
2021-09-23,236.047,238.976,235.977,236.166,452862
2021-09-24,235.592,237.789,235.077,236.71,647326
2021-09-27,236.68,236.879,234.286,234.83,477532
2021-09-28,233.484,233.484,229.367,229.734,728921
2021-09-29,230.455,233.157,230.168,231.682,599274
2021-09-30,232.732,234.137,228.387,228.397,643540
2021-10-01,229.812,231.712,226.517,230.367,573073
2021-10-04,228.961,230.021,226.052,227.576,598191
2021-10-05,228.407,230.782,226.556,228.357,657422
2021-10-06,227.041,229.901,224.755,229.822,782223
2021-10-07,231.355,235.176,231.02,232.861,574899
2021-10-08,233.503,233.959,231.999,232.772,414126
2021-10-11,232.415,233.553,231.435,231.682,353963
2021-10-12,232.198,235.909,231.288,235.285,612758
2021-10-13,235.879,237.354,235.612,237.234,683086
2021-10-14,239.491,242.183,238.531,240.976,675068
2021-10-15,242.748,244.212,235.345,235.79,897520
2021-10-18,234.968,239.145,234.336,238.976,686696
2021-10-19,239.827,242.261,239.452,240.995,452136
2021-10-20,241.856,242.915,240.649,242.271,447026
2021-10-21,243.222,245.539,242.668,244.112,480241
2021-10-22,244.499,246.142,244.112,245.319,290437
2021-10-25,244.805,245.399,241.491,241.767,540937
2021-10-26,242.816,244.369,241.421,241.658,394010
2021-10-27,242.698,247.22,242.698,245.835,834708
2021-10-28,242.441,245.529,242.441,243.955,657016
2021-10-29,242.925,245.3,241.856,244.399,844290
2021-11-01,243.995,243.995,240.461,240.897,494790
2021-11-02,241.866,247.824,241.866,247.28,934691
2021-11-03,247.388,248.764,244.636,248.407,514451
2021-11-04,248.2,250.416,245.854,247.18,605359
2021-11-05,247.953,248.744,240.312,243.272,948256
2021-11-08,245.26,245.973,239.243,245.072,668510
2021-11-09,246.27,248.922,244.349,245.222,761451
2021-11-10,244.262,247.537,238.966,242.885,467734
2021-11-11,244.865,245.716,242.865,243.668,434679
2021-11-12,244.429,248.289,243.995,247.21,866625
2021-11-15,246.923,248.507,246.31,247.023,483379
2021-11-16,247.23,250.386,247.053,249.774,511148
2021-11-17,250.693,250.693,246.517,247.784,569127
2021-11-18,248.17,252.96,246.746,252.921,795756
2021-11-19,253.939,254.415,248.467,248.844,650038
2021-11-22,249.536,254.088,249.288,251.307,803246
2021-11-23,251.663,254.85,249.447,252.782,588652
2021-11-24,251.852,257.433,251.852,256.889,1013892
2021-11-26,253.623,256.572,248.576,249.308,558585
2021-11-29,252.307,257.997,249.941,255.128,894313
2021-11-30,253.871,254.573,248.397,248.912,1777241
2021-12-01,252.247,253.831,241.421,241.807,1084163
2021-12-02,241.915,250.378,241.915,248.26,893608
2021-12-03,248.844,251.683,241.53,243.825,788764
2021-12-06,246.31,250.921,245.112,246.389,1081761
2021-12-07,249.298,251.743,248.684,250.664,646447
2021-12-08,251.188,251.683,248.447,249.417,596521
2021-12-09,249.823,256.572,249.823,254.811,801118
2021-12-10,255.839,260.996,255.375,260.461,732309
2021-12-13,260.501,261.154,257.295,258.849,484265
2021-12-14,257.66,259.184,253.851,255.929,626632
2021-12-15,256.602,259.244,254.375,258.977,640929
2021-12-16,259.67,263.153,256.711,258.126,818301
2021-12-17,255.632,258.066,252.654,255.523,1133538
2021-12-20,252.712,254.474,248.664,252.347,717773
2021-12-21,254.365,258.156,252.654,257.977,800959
2021-12-22,258.246,261.481,256.186,260.917,478736
2021-12-23,261.104,262.648,257.73,259.244,573863
2021-12-27,260.214,265.311,258.927,265.182,479119
2021-12-28,264.677,266.31,263.787,266.063,505725
2021-12-29,268.042,269.704,265.884,268.942,803086
2021-12-30,269.369,269.843,267.201,267.32,327845
2021-12-31,267.201,269.339,266.725,267.923,307740
2022-01-03,267.528,267.607,261.531,263.717,684665
2022-01-04,263.292,263.885,259.393,261.124,596971
2022-01-05,259.887,261.541,255.345,255.513,529186
2022-01-06,255.226,257.72,252.901,254.108,636176
2022-01-07,254.197,255.375,248.882,249.041,594302
2022-01-10,248.329,252.544,246.389,252.475,581889
2022-01-11,252.207,253.237,248.25,252.495,528637
2022-01-12,253.118,254.86,251.792,253.287,589800
2022-01-13,252.96,254.801,247.21,247.418,1026244
2022-01-14,245.736,248.289,243.965,247.646,883772
2022-01-18,245.232,245.389,241.609,242.084,1110039
2022-01-19,242.213,244.548,240.61,240.857,907913
2022-01-20,241.381,242.915,234.919,235.533,632829
2022-01-21,236.492,239.303,233.523,233.899,767220
2022-01-24,231.614,236.542,226.813,236.185,1264971
2022-01-25,233.306,235.483,226.873,230.792,1023232
2022-01-26,232.168,232.544,222.865,224.389,2151211
2022-01-27,226.458,228.754,219.045,219.995,1529386
2022-01-28,221.044,224.152,216.443,223.964,1046629
2022-01-31,223.765,229.11,223.765,228.714,895187
2022-02-01,228.565,229.397,224.944,228.575,876347
2022-02-02,229.288,234.78,229.13,234.355,1036621
2022-02-03,231.911,234.86,231.911,232.336,735360
2022-02-04,231.268,235.413,230.594,232.296,917202
2022-02-07,231.959,235.256,230.782,233.326,694323
2022-02-08,232.722,234.375,230.921,233.109,574492
2022-02-09,234.453,237.334,234.108,235.186,1009715
2022-02-10,226.468,228.457,216.858,218.778,1863112
2022-02-11,218.204,221.084,210.296,212.999,1865657
2022-02-14,212.999,215.255,208.149,210.841,1675343
2022-02-15,214.087,220.282,214.087,219.798,2030952
2022-02-16,217.69,219.035,213.384,217.927,1427880
2022-02-17,216.947,217.471,212.82,212.909,1051584
2022-02-18,213.176,216.571,211.495,214.78,1112084
2022-02-22,213.206,215.62,208.436,210.119,975707
2022-02-23,210.603,212.484,204.617,204.754,918912
2022-02-24,199.748,215.206,199.638,214.286,1561651
2022-02-25,214.423,220.192,212.108,219.511,1049689
2022-02-28,216.274,217.838,214.196,217.364,962194
2022-03-01,216.244,217.591,211.692,213.206,1341633
2022-03-02,213.691,220.896,213.019,219.599,1365345
2022-03-03,220.539,221.252,216.917,218.491,803184
2022-03-04,216.314,220.174,214.543,219.867,1087878
2022-03-07,219.342,219.906,213.196,213.503,1076576
2022-03-08,213.019,216.65,210.406,211.158,890246
2022-03-09,215.216,220.154,215.087,218.62,824932
2022-03-10,215.65,221.272,215.65,219.214,796474
2022-03-11,221.391,223.479,218.551,218.688,946134
2022-03-14,219.491,222.053,215.176,216.482,851954
2022-03-15,218.511,222.993,217.878,222.4,1082221
2022-03-16,224.28,226.783,218.521,224.489,747199
2022-03-17,224.498,228.634,223.637,228.387,945378
2022-03-18,231.178,232.395,228.347,230.674,2201429
2022-03-21,230.238,231.94,228.774,229.664,1278714
2022-03-22,230.674,232.525,229.515,229.684,1163564
2022-03-23,227.596,227.833,224.023,224.429,635440
2022-03-24,225.359,228.674,224.449,228.644,685926
2022-03-25,229.594,230.757,228.19,229.991,485337
2022-03-28,230.158,232.732,228.911,232.682,631922
2022-03-29,234.533,236.027,232.425,235.562,527868
2022-03-30,234.958,238.413,234.84,238.283,694608
2022-03-31,238.116,243.4,237.037,239.689,1355465
2022-04-01,241.134,242.124,233.206,235.67,779727
2022-04-04,235.533,237.631,235.047,237.403,533946
2022-04-05,235.968,238.749,234.433,235.008,675401
2022-04-06,232.346,237.838,232.346,236.601,759936
2022-04-07,236.443,240.263,235.977,238.788,626051
2022-04-08,238.966,239.402,236.562,236.977,532058
2022-04-11,235.315,235.463,230.445,230.931,552405
2022-04-12,231.405,234.404,229.085,229.961,543692
2022-04-13,230.328,233.999,229.921,233.801,744870
2022-04-14,234.078,235.047,230.634,230.772,581450
2022-04-18,229.13,231.515,226.526,227.586,465469
2022-04-19,227.586,232.331,227.527,231.792,429016
2022-04-20,233.959,236.567,232.687,234.523,516029
2022-04-21,235.384,236.899,229.981,230.515,634833
2022-04-22,229.724,230.832,222.23,222.598,737310
2022-04-25,221.886,222.776,217.718,222.717,776911
2022-04-26,222.826,223.637,216.858,217.057,847941
2022-04-27,217.521,218.244,213.365,213.899,1400872
2022-04-28,215.75,221.926,214.75,220.846,737172
2022-04-29,219.115,220.134,211.0,211.475,1117468
2022-05-02,212.86,215.047,208.595,212.544,834270
2022-05-03,212.592,215.473,210.371,212.959,633545
2022-05-04,213.176,217.561,210.436,217.105,611457
2022-05-05,214.433,214.81,206.541,208.209,1168893
2022-05-06,205.744,207.515,202.568,204.37,1239162
2022-05-09,201.746,203.2,198.144,199.985,1193504
2022-05-10,202.39,203.497,199.252,200.747,953616
2022-05-11,199.787,204.467,198.828,199.856,1070956
2022-05-12,198.965,202.28,197.174,199.451,1605063
2022-05-13,204.914,214.393,204.834,213.059,1980086
2022-05-16,211.03,212.563,207.268,207.328,1169078
2022-05-17,211.405,211.405,207.645,211.178,951605
2022-05-18,208.862,209.224,200.529,203.34,1140095
2022-05-19,202.943,211.375,201.182,208.08,1564681
2022-05-20,210.029,210.703,203.502,208.1,1913255
2022-05-23,212.029,212.761,208.313,210.584,1034750
2022-05-24,208.832,213.533,207.388,212.425,1017438
2022-05-25,212.474,214.069,210.452,211.227,1377378
2022-05-26,213.256,216.927,212.514,215.62,834562
2022-05-27,217.718,220.708,217.541,220.698,533176
2022-05-31,217.927,219.297,215.655,217.461,1270547
2022-06-01,218.898,220.212,213.429,215.363,516463
2022-06-02,214.859,222.044,213.682,221.786,637406
2022-06-03,219.857,224.537,218.852,223.212,1041517
2022-06-06,224.785,225.537,217.878,218.955,580176
2022-06-07,216.868,219.773,215.61,219.669,511331
2022-06-08,218.145,218.64,215.245,215.601,419988
2022-06-09,215.314,216.601,212.029,212.029,513806
2022-06-10,208.545,209.496,205.23,207.081,580200
2022-06-13,202.34,203.395,199.51,200.509,911652
2022-06-14,201.463,204.215,200.003,201.989,899318
2022-06-15,204.125,205.179,199.019,201.791,699069
2022-06-16,197.589,198.413,193.907,195.721,852586
2022-06-17,196.456,203.341,196.237,201.523,1968335
2022-06-21,203.391,205.405,202.645,203.847,1135230
2022-06-22,204.255,210.574,202.765,208.447,948417
2022-06-23,209.153,211.428,208.716,209.709,634269
2022-06-24,211.527,216.098,211.527,215.918,970230
2022-06-27,215.77,217.032,212.466,215.71,602712
2022-06-28,215.998,217.155,208.825,208.875,475715
2022-06-29,208.517,208.686,205.437,208.368,488276
2022-06-30,205.963,209.689,205.557,208.239,758537
2022-07-01,207.255,209.103,205.239,208.716,506391
2022-07-05,205.209,210.852,203.917,210.852,743271
2022-07-06,211.984,216.073,211.21,215.512,772599
2022-07-07,215.532,219.198,215.184,217.986,720877
2022-07-08,216.068,216.554,213.186,213.256,590176
2022-07-11,211.895,215.273,211.527,212.064,650670
2022-07-12,212.104,214.031,205.993,206.818,731057
2022-07-13,203.489,211.269,203.221,209.66,570893
2022-07-14,205.963,209.118,205.279,208.408,430979
2022-07-15,211.309,213.693,209.997,213.624,505912
2022-07-18,213.832,213.832,209.809,210.514,440911
2022-07-19,213.157,217.21,212.531,216.862,553381
2022-07-20,216.694,217.756,215.302,215.62,633755
2022-07-21,215.532,220.816,215.532,220.777,492283
2022-07-22,221.055,221.462,218.815,219.724,389563
2022-07-25,219.734,222.356,218.064,222.058,591664
2022-07-26,221.075,222.992,220.603,222.814,556330
2022-07-27,223.44,229.003,221.934,228.755,605326
2022-07-28,229.987,235.739,229.068,234.785,954497
2022-07-29,235.829,238.054,234.795,237.041,816026
2022-08-01,235.262,237.448,234.587,235.093,896449
2022-08-02,236.017,237.438,232.679,235.918,650839
2022-08-03,236.305,238.471,235.168,236.901,622620
2022-08-04,236.832,239.008,235.372,238.134,950624
2022-08-05,241.422,249.827,236.991,248.585,1717785
2022-08-08,247.432,248.337,242.321,246.538,1026661
2022-08-09,245.863,249.42,244.542,247.632,888329
2022-08-10,251.168,253.285,248.516,251.357,764888
2022-08-11,251.526,252.713,250.513,250.642,817467
2022-08-12,252.142,254.318,250.731,254.308,903264
2022-08-15,253.245,255.023,252.251,253.712,473818
2022-08-16,253.225,256.126,252.718,254.923,400568
2022-08-17,252.341,254.621,251.228,253.761,460140
2022-08-18,254.586,256.811,253.453,254.576,489099
2022-08-19,254.199,254.199,251.352,251.605,616465
2022-08-22,248.158,249.186,246.558,247.046,447838
2022-08-23,245.018,247.026,243.921,244.572,371506
2022-08-24,245.396,248.347,244.797,247.016,711129
2022-08-25,247.83,252.867,247.154,252.728,703641
2022-08-26,252.708,253.692,246.678,246.708,807693
2022-08-29,244.006,247.562,243.27,245.466,466429
2022-08-30,246.936,247.289,242.485,243.538,518309
2022-08-31,245.276,245.276,241.482,241.83,795031
2022-09-01,241.61,242.664,238.168,242.584,668669
2022-09-02,244.65,246.638,241.054,242.187,597896
2022-09-06,242.197,242.972,238.75,241.988,812225
2022-09-07,242.604,248.834,242.396,247.93,577199
2022-09-08,246.876,249.022,246.092,248.734,520318
2022-09-09,249.44,249.807,247.075,248.595,645002
2022-09-12,250.364,252.033,249.708,251.864,728939
2022-09-13,247.721,249.221,243.335,244.482,740805
2022-09-14,242.728,244.861,239.508,241.512,996831
2022-09-15,240.774,240.794,236.16,237.375,901880
2022-09-16,236.518,238.751,234.674,238.412,1254644
2022-09-19,236.06,240.111,235.606,239.778,700125
2022-09-20,239.14,239.528,236.957,238.721,572058
2022-09-21,239.329,243.037,236.997,237.076,658519
2022-09-22,235.601,236.289,231.206,231.256,733738
2022-09-23,229.053,229.541,224.927,228.006,694502
2022-09-26,228.475,229.282,223.731,225.066,667362
2022-09-27,227.468,228.236,222.933,224.917,676294
2022-09-28,227.448,229.751,225.455,228.864,714951
2022-09-29,227.209,227.299,222.559,224.558,659006
2022-09-30,225.156,227.867,222.943,223.232,1078409
2022-10-03,226.621,229.761,225.186,228.216,880396
2022-10-04,231.924,235.492,231.345,234.645,609274
2022-10-05,231.973,237.405,231.754,236.08,477703
2022-10-06,235.89,237.356,232.781,233.429,460949
2022-10-07,231.365,231.365,227.409,229.093,555901
2022-10-10,229.97,229.97,225.704,226.272,404106
2022-10-11,225.226,226.163,221.822,223.511,668377
2022-10-12,224.707,225.53,222.554,222.594,711428
2022-10-13,219.176,225.176,216.295,224.628,785917
2022-10-14,225.146,225.146,212.059,212.577,1109537
2022-10-17,216.594,221.468,216.594,220.013,835424
2022-10-18,224.727,226.751,221.817,224.558,566413
2022-10-19,223.083,224.553,221.338,223.113,473457
2022-10-20,222.335,223.721,219.066,220.441,655979
2022-10-21,220.591,226.332,218.707,225.634,731210
2022-10-24,227.917,234.894,227.917,234.276,737710
2022-10-25,235.392,239.508,234.126,238.89,685850
2022-10-26,238.223,240.595,237.635,239.508,797276
2022-10-27,241.641,243.774,240.714,241.382,857292
2022-10-28,242.827,249.625,242.2,249.296,994078
2022-10-31,248.05,251.04,244.811,248.887,1128722
2022-11-01,249.934,250.153,241.741,242.09,971868
2022-11-02,241.661,246.455,239.11,239.11,679735
2022-11-03,237.027,238.771,234.724,237.395,923114
2022-11-04,251.11,257.677,243.226,254.03,1871216
2022-11-07,254.818,256.692,252.182,254.688,820982
2022-11-08,255.027,259.592,252.565,255.954,778545
2022-11-09,255.017,255.137,251.818,252.785,768438
2022-11-10,259.203,260.589,256.433,258.755,910113
2022-11-11,259.144,259.163,244.95,248.708,2216815
2022-11-14,249.296,254.758,249.296,250.123,688460
2022-11-15,252.296,252.466,247.931,249.585,706710
2022-11-16,250.273,255.595,250.108,254.918,601813
2022-11-17,253.791,255.974,251.891,254.668,554916
2022-11-18,257.27,263.12,256.153,262.074,934761
2022-11-21,261.775,264.466,260.958,261.516,517006
2022-11-22,262.991,264.675,261.957,264.187,622132
2022-11-23,264.606,266.559,264.247,265.124,448578
2022-11-25,266.41,268.024,265.273,267.546,212816
2022-11-28,266.021,267.645,264.187,265.104,900687
2022-11-29,263.958,265.483,262.672,263.589,708449
2022-11-30,262.811,271.682,262.811,271.303,1353985
2022-12-01,272.509,274.254,270.396,270.885,750454
2022-12-02,267.875,273.207,267.875,271.802,604537
2022-12-05,268.891,271.353,266.305,267.346,529155
2022-12-06,267.964,269.101,262.413,265.293,675641
2022-12-07,265.393,268.413,262.821,265.911,616554
2022-12-08,267.875,269.205,266.041,268.901,451888
2022-12-09,268.612,270.376,264.591,264.695,466920
2022-12-12,266.38,270.107,264.466,269.948,442507
2022-12-13,274.094,274.094,264.326,266.27,930161
2022-12-14,267.21,273.07,263.96,265.83,970660
2022-12-15,263.23,263.635,256.11,257.14,700243
2022-12-16,253.77,255.07,252.145,252.44,1191041
2022-12-19,253.24,255.96,252.5594,254.59,644860
2022-12-20,255.42,256.75,253.85,255.82,419197
2022-12-21,256.92,260.03,256.4,257.5,432741
2022-12-22,256.33,256.33,251.47,255.42,610736
2022-12-23,255.48,256.955,254.48,256.63,230629
2022-12-27,257.56,257.56,254.6245,256.63,271105
2022-12-28,256.11,257.3,253.55,253.8,290468
2022-12-29,255.98,259.735,255.9789,258.81,322090
2022-12-30,257.73,257.8199,254.84,257.71,360900
2023-01-03,258.29,259.6,255.56,257.4,531518
2023-01-04,259.4,260.67,256.065,258.02,646541
2023-01-05,256.94,257.46,254.26,255.12,497957
2023-01-06,258.86,265.09,256.66,263.84,359308
2023-01-09,264.45,268.13,260.29,260.61,492067
2023-01-10,260.96,262.396,259.66,262.35,411569
2023-01-11,258.3,264.5,257.1271,264.34,830361
2023-01-12,265.78,266.62,262.53,264.71,884658
2023-01-13,260.79,266.56,260.01,266.01,556296
2023-01-17,265.95,267.56,262.46,263.29,749495
2023-01-18,263.87,264.425,256.52,256.86,533430
2023-01-19,255.46,256.755,251.65,252.53,829241
2023-01-20,252.65,255.46,251.0,255.31,488307
2023-01-23,255.12,258.88,253.92,256.82,419485
2023-01-24,255.57,257.3,252.16,256.23,418802
2023-01-25,254.49,259.02,254.265,258.57,479159
2023-01-26,260.95,261.46,255.5,257.25,620245
2023-01-27,256.68,257.72,254.0,254.4,507960
2023-01-30,253.65,255.19,251.95,252.24,732789
2023-01-31,253.27,257.03,252.67,257.01,713689
2023-02-01,255.51,260.5725,253.89,259.77,583025
2023-02-02,260.54,261.02,254.33,255.92,856817
2023-02-03,255.29,258.38,254.38,256.44,588753
2023-02-06,255.54,259.555,254.95,258.24,619989
2023-02-07,255.73,258.9,251.25,257.8,778472
2023-02-08,256.61,260.0199,255.275,258.0,633545
2023-02-09,259.5,261.63,257.13,257.15,817459
2023-02-10,264.54,273.0,262.23,271.52,1397984
2023-02-13,272.0,273.8,268.62,271.57,993515
2023-02-14,270.85,272.13,268.25,270.42,690355
2023-02-15,269.09,272.01,269.055,272.01,719370
2023-02-16,270.11,271.14,266.39,267.36,596942
2023-02-17,267.54,271.19,265.5,269.42,785572
2023-02-21,269.0,269.27,266.15,268.42,676266
2023-02-22,268.56,268.98,262.8,264.11,818540
2023-02-23,265.7,266.11,262.125,264.0,852386
2023-02-24,261.91,263.335,259.76,261.8,840438
2023-02-27,264.47,265.095,261.635,262.94,561679
2023-02-28,262.66,265.02,262.26,262.81,732174
2023-03-01,261.22,263.57,260.685,263.35,544394
2023-03-02,262.73,264.5,261.26,263.56,436045
2023-03-03,264.92,266.6,264.11,266.56,495407
2023-03-06,267.85,269.74,267.05,268.0,498556
2023-03-07,269.21,269.7099,264.01,265.96,706806
2023-03-08,266.86,268.245,265.655,267.59,494553
2023-03-09,268.75,271.01,264.985,265.18,550171
2023-03-10,264.96,265.56,260.74,261.48,546274
2023-03-13,259.25,264.345,257.89,261.15,840749
2023-03-14,263.29,267.37,261.69,266.25,890743
2023-03-15,263.17,263.5,255.85,258.72,1030203
2023-03-16,261.31,269.28,260.8548,268.58,952582
2023-03-17,268.91,269.5,262.145,264.24,1475738
2023-03-20,265.0,270.295,264.945,268.11,743281
2023-03-21,270.83,273.03,268.91,271.66,781485
2023-03-22,271.0,273.11,267.35,267.54,463636
2023-03-23,267.67,272.25,266.005,268.16,601511
2023-03-24,268.16,271.94,265.95,271.68,625324
2023-03-27,273.52,275.83,273.055,274.2,521229
2023-03-28,274.2,275.15,272.305,272.88,559717
2023-03-29,275.24,277.63,274.52,276.81,498941
2023-03-30,280.0,282.16,278.95,281.65,825969
2023-03-31,283.16,286.24,282.69,286.13,730601
2023-04-03,283.81,286.21,283.74,285.43,672558
2023-04-04,286.21,286.21,282.26,285.9,650137
2023-04-05,286.01,286.21,283.08,286.14,1043371
2023-04-06,283.95,284.56,281.94,283.46,795330
2023-04-10,283.0,283.94,281.42,283.62,590877
2023-04-11,283.0,284.735,282.56,283.5,625063
2023-04-12,284.72,287.42,283.18,285.72,639296
2023-04-13,287.21,289.74,285.76,289.4,755682
2023-04-14,289.93,292.15,288.97,291.46,969457
2023-04-17,291.39,292.295,289.465,290.92,656528
2023-04-18,292.23,293.32,289.03,290.5,563732
2023-04-19,289.69,289.78,287.45,288.87,513123
2023-04-20,287.7,288.76,286.0656,287.72,600054
2023-04-21,289.73,292.98,288.85,292.75,615279
2023-04-24,293.0,294.5399,291.45,293.4,501758
2023-04-25,293.62,293.62,289.0,289.3,564717
2023-04-26,286.86,289.21,286.65,287.69,610209
2023-04-27,288.86,293.8,287.415,293.65,841077
2023-04-28,292.58,293.64,288.77,291.4,886966
2023-05-01,292.5,295.095,292.43,294.57,460923
2023-05-02,293.94,294.6575,290.17,293.16,665788
2023-05-03,295.0,295.0,288.48,288.62,595591
2023-05-04,288.13,292.67,287.84,290.41,968799
2023-05-05,285.12,288.86,276.98,281.56,1501288
2023-05-08,284.01,287.16,282.8,284.9,1096083
2023-05-09,284.53,287.13,283.92,286.57,590257
2023-05-10,288.03,291.36,287.2,289.55,545954
2023-05-11,289.91,289.91,287.05,288.42,461118
2023-05-12,290.13,293.3,289.32,292.96,610145
2023-05-15,292.6,293.61,288.99,291.88,508641
2023-05-16,291.59,292.42,290.45,291.38,455860
2023-05-17,293.2,293.51,289.22,292.65,651324
2023-05-18,290.97,296.88,290.97,296.53,654082
2023-05-19,298.5,299.43,297.14,297.45,727788
2023-05-22,296.43,297.67,293.14,293.76,792087
2023-05-23,291.57,291.7,285.005,285.43,751714
2023-05-24,284.82,285.08,281.88,283.58,595643
2023-05-25,284.68,284.905,281.87,282.0,946737
2023-05-26,283.87,287.735,283.61,284.57,932085
2023-05-30,284.8,287.505,283.21,285.03,1052798
2023-05-31,285.3,286.8499,281.58,281.92,2279470
2023-06-01,281.92,282.84,279.82,282.22,912647
2023-06-02,281.49,284.02,280.89,282.73,1361486
2023-06-05,285.02,286.535,283.07,283.25,681383
2023-06-06,282.7,283.41,275.88,278.25,982160
2023-06-07,278.25,281.15,278.12,280.86,650302
2023-06-08,280.32,280.62,278.22,279.21,1193589
2023-06-09,279.97,280.1,276.75,277.99,716236
2023-06-12,278.43,281.33,276.995,281.3,736831
2023-06-13,281.39,282.175,278.23,279.99,695237
2023-06-14,279.11,280.41,276.605,278.31,1375354
2023-06-15,277.98,282.66,277.4325,282.27,889422
2023-06-16,283.0,284.7,279.56,280.25,1303084
2023-06-20,279.95,280.67,277.525,279.11,744923
2023-06-21,278.89,282.645,276.795,281.16,927486
2023-06-22,281.75,283.72,280.52,283.68,679673
2023-06-23,281.87,282.46,276.4,278.61,4768388
2023-06-26,279.92,282.78,279.535,280.39,526346
2023-06-27,281.29,285.0309,280.9256,283.88,549009
2023-06-28,282.12,285.07,281.23,283.54,442547
2023-06-29,284.55,288.96,284.36,288.59,539078
2023-06-30,290.74,294.35,289.41,293.28,875154
2023-07-03,290.89,292.76,289.33,292.76,328360
2023-07-05,291.32,293.03,289.14,292.74,945805
2023-07-06,291.06,296.325,289.89,295.62,811740
2023-07-07,293.12,294.225,291.68,291.87,654625
2023-07-10,292.36,296.21,292.36,294.97,512721
2023-07-11,295.49,297.21,294.57,296.3,665458
2023-07-12,296.26,298.115,294.17,294.86,749766
2023-07-13,295.73,297.31,291.92,292.16,644354
2023-07-14,289.82,292.155,289.18,291.06,598567
2023-07-17,290.39,292.41,290.15,291.49,544809
2023-07-18,291.29,291.7,288.94,290.71,405789
2023-07-19,291.48,293.1731,289.01,291.96,452425
2023-07-20,291.76,295.82,290.85,295.51,611243
2023-07-21,296.64,298.39,295.92,296.19,530983
2023-07-24,296.69,296.79,294.36,295.56,362597
2023-07-25,295.16,298.165,294.58,297.96,365597
2023-07-26,297.03,297.6684,293.42,295.4,608592
2023-07-27,296.04,296.82,291.51,291.69,773645
2023-07-28,291.83,294.8,290.77,291.05,899032
2023-07-31,290.68,290.68,283.0,286.63,1800529
2023-08-01,288.79,291.0,286.78,288.13,882721
2023-08-02,287.15,289.24,285.3301,287.65,651246
2023-08-03,284.86,289.51,283.4,287.71,799371
2023-08-04,293.13,294.1,278.465,278.85,1307849
2023-08-07,280.15,282.88,276.93,280.41,895414
2023-08-08,280.08,283.6,277.58,277.8,747479
2023-08-09,277.63,283.68,277.26,281.22,1085411
2023-08-10,281.92,283.95,280.535,281.99,838638
2023-08-11,282.0,286.21,282.0,285.96,645464
2023-08-14,286.57,288.1656,284.415,285.04,651719
2023-08-15,284.83,285.645,281.14,281.29,472063
2023-08-16,281.07,284.15,280.985,281.64,798605
2023-08-17,283.33,284.48,277.22,277.46,848620
2023-08-18,276.19,279.68,276.03,277.68,1310067
2023-08-21,277.92,279.24,276.09,277.16,476724
2023-08-22,278.13,278.875,275.54,275.89,764693
2023-08-23,276.74,278.15,275.63,277.79,624733
2023-08-24,278.39,279.92,275.48,275.6,438799
2023-08-25,276.79,280.09,276.79,278.78,456755
2023-08-28,278.87,281.675,278.59,280.88,430621
2023-08-29,281.33,283.0,280.49,282.03,566617
2023-08-30,282.43,284.87,281.86,283.19,395682
2023-08-31,284.74,284.74,282.31,283.57,815538
2023-09-01,284.09,284.7725,282.24,283.68,438537
2023-09-05,283.91,284.16,280.97,281.07,441714
2023-09-06,280.55,282.4,278.7,280.92,531919
2023-09-07,281.17,284.7,280.9927,282.41,774049
2023-09-08,282.59,284.95,280.2201,282.5,826040
2023-09-11,282.77,284.24,281.7,283.51,531081
2023-09-12,282.36,283.64,280.76,281.3,453078
2023-09-13,281.37,282.08,278.52,280.08,544000
2023-09-14,280.71,285.34,280.15,284.83,517421
2023-09-15,283.73,285.74,282.625,283.21,1038348
2023-09-18,283.42,289.01,281.87,287.4,786291
2023-09-19,287.81,287.99,284.43,285.8,619173
2023-09-20,286.52,288.71,285.485,285.74,684174
2023-09-21,284.51,285.27,279.13,279.17,490534
2023-09-22,278.78,281.1,277.62,277.74,572731
2023-09-25,277.04,279.04,275.605,276.66,509811
2023-09-26,275.4,276.485,273.23,273.5,613400
2023-09-27,274.01,275.37,271.23,272.98,539687
2023-09-28,273.85,276.33,273.84,274.19,478493
2023-09-29,274.91,274.94,271.61,272.24,715702
2023-10-02,271.4,273.35,271.09,272.92,496959
2023-10-03,272.29,273.8571,269.645,271.49,526871
2023-10-04,271.9,274.83,271.785,274.23,558361
2023-10-05,273.72,275.3,273.0,273.23,459426
2023-10-06,272.15,277.6,271.1,276.14,442647
2023-10-09,279.75,287.04,279.65,286.31,669513
2023-10-10,286.18,287.64,283.84,285.05,583644
2023-10-11,285.35,287.68,284.225,287.6,440711
2023-10-12,288.63,291.16,286.98,288.28,450907
2023-10-13,288.98,289.8921,285.61,288.15,463716
2023-10-16,290.28,294.92,290.28,293.32,838816
2023-10-17,291.18,291.36,288.14,289.85,614074
2023-10-18,289.22,291.64,287.55,288.22,443069
2023-10-19,286.47,287.75,281.45,281.94,594442
2023-10-20,283.21,285.46,281.14,281.25,936608
2023-10-23,280.41,282.63,278.84,279.43,607317
2023-10-24,280.24,283.16,278.97,281.44,474501
2023-10-25,282.05,284.265,280.33,280.51,409268
2023-10-26,279.58,280.07,273.41,274.84,723505
2023-10-27,274.01,276.56,271.73,272.39,574254
2023-10-30,273.65,277.14,272.38,276.22,458405
2023-10-31,278.01,280.0,276.1937,278.46,618240
2023-11-01,278.56,283.64,277.62,280.5,895305
2023-11-02,280.24,281.81,276.45,281.17,1018888
2023-11-03,294.0,299.44,290.0,299.42,1307053
2023-11-06,299.0,305.12,298.625,304.58,1377504
2023-11-07,306.04,308.16,304.13,304.98,888606
2023-11-08,306.85,310.58,306.355,309.19,1063040
2023-11-09,309.23,311.53,306.82,308.8,859530
2023-11-10,308.88,311.1174,305.735,311.02,642452
2023-11-13,311.0,312.55,308.57,309.64,465019
2023-11-14,310.22,312.93,307.59,312.26,609451
2023-11-15,312.5,315.93,311.905,314.12,962646
2023-11-16,312.49,317.34,312.22,317.26,652645
2023-11-17,320.0,320.0,317.04,318.25,694921
2023-11-20,318.0,320.13,315.55,319.43,619299
2023-11-21,320.09,320.86,318.35,319.99,426564
2023-11-22,321.76,322.53,318.74,319.52,441524
2023-11-24,320.0,320.84,318.005,320.84,275908
2023-11-27,320.89,321.11,318.58,320.67,599268
2023-11-28,321.02,321.42,317.75,318.46,634627
2023-11-29,320.42,321.49,318.64,319.04,653244
2023-11-30,318.51,322.98,317.59,322.87,1317344
2023-12-01,323.66,325.895,322.56,325.32,708354
2023-12-04,323.02,324.46,320.85,323.66,786205
2023-12-05,323.66,324.955,321.62,324.56,546058
2023-12-06,325.28,325.28,321.72,322.47,557481
2023-12-07,323.45,325.385,322.22,323.36,536272
2023-12-08,324.0,325.18,322.56,324.52,871435
2023-12-11,326.0,327.7,324.88,326.41,512806
2023-12-12,328.0,329.83,326.73,328.96,464454
2023-12-13,329.81,329.81,325.21,326.94,783306
2023-12-14,326.0,326.0,314.625,315.82,1375155
2023-12-15,310.9,315.05,308.2,310.5,2127220
2023-12-18,311.64,315.04,311.64,314.96,848641
2023-12-19,316.28,316.31,311.365,312.97,1019253
2023-12-20,311.95,313.71,308.82,309.39,696705
2023-12-21,308.41,310.945,307.09,310.55,484803
2023-12-22,312.01,312.4144,308.68,309.85,330751
2023-12-26,308.18,310.95,308.18,310.0,377443
2023-12-27,309.17,311.1299,309.17,310.42,415125
2023-12-28,311.58,311.9771,310.53,311.07,311706
2023-12-29,311.5,313.89,311.385,313.09,499124
2024-01-02,312.36,314.48,310.54,311.64,800172
2024-01-03,312.96,314.235,310.53,312.0,720206
2024-01-04,313.09,314.29,311.71,311.75,739152
2024-01-05,311.71,312.185,307.31,309.16,492792
2024-01-08,310.36,313.02,308.61,312.86,525368
2024-01-09,311.7,312.8533,309.435,312.01,629607
2024-01-10,312.46,315.115,312.02,315.04,418656
2024-01-11,315.47,316.03,312.73,314.28,624892
2024-01-12,315.29,316.34,313.67,316.31,692334
2024-01-16,315.64,317.15,314.08,315.65,499927
2024-01-17,315.72,317.87,315.72,317.03,446110
2024-01-18,317.17,321.04,316.8,320.97,724485
2024-01-19,323.02,328.06,322.08,326.28,736382
2024-01-22,327.44,328.15,324.78,324.99,797334
2024-01-23,325.84,329.54,325.24,329.47,596231
2024-01-24,329.83,330.93,328.17,328.35,559700
2024-01-25,329.54,330.84,326.825,328.59,392649
2024-01-26,328.0,329.2699,326.08,326.1,487026
2024-01-29,325.1,328.23,325.07,326.75,622752
2024-01-30,325.86,328.08,325.65,327.52,791867
2024-01-31,326.58,326.59,319.49,319.5,832444
2024-02-01,319.5,325.21,318.8,325.15,533056
2024-02-02,324.72,329.99,324.72,327.62,568948
2024-02-05,326.6,326.61,323.63,325.3,670400
2024-02-06,324.91,326.955,321.46,325.38,706600
2024-02-07,328.5,328.915,326.34,327.93,543580
2024-02-08,330.0,330.39,326.15,328.35,941508
2024-02-09,323.82,333.0,323.17,330.89,1203365
2024-02-12,330.0,330.8,319.55,320.09,907150
2024-02-13,319.75,321.76,314.84,319.22,747509
2024-02-14,319.81,320.11,316.34,319.39,496758
2024-02-15,318.86,325.11,318.42,323.9,725080
2024-02-16,324.16,324.16,319.4,320.49,548700
2024-02-20,319.34,326.07,318.2,323.04,641711
2024-02-21,325.04,325.985,321.99,324.82,430231
2024-02-22,327.75,332.76,325.78,331.04,563492
2024-02-23,331.33,333.61,330.15,330.27,442229
2024-02-26,331.75,332.4,327.965,328.55,553112
2024-02-27,328.29,328.78,326.22,328.68,352272
2024-02-28,328.82,332.11,328.07,331.25,370107
2024-02-29,332.63,334.68,328.13,330.39,1064371
2024-03-01,330.88,335.88,330.03,335.56,463274
2024-03-04,335.05,335.8,332.835,335.77,507536
2024-03-05,335.32,335.6799,329.66,331.81,574520
2024-03-06,334.96,339.63,334.0,337.53,771971
2024-03-07,338.25,338.295,333.99,334.2,529192
2024-03-08,333.87,337.38,332.3616,335.41,622350
2024-03-11,331.98,338.12,329.7,338.03,491862
2024-03-12,338.61,340.8,336.07,340.42,645037
2024-03-13,341.0,344.85,339.41,343.68,875809
2024-03-14,344.54,344.63,340.665,342.69,799555
2024-03-15,339.94,344.67,339.04,344.19,1231144
2024-03-18,345.01,347.0826,339.82,340.03,749611
2024-03-19,341.52,347.13,341.005,345.8,756907
2024-03-20,346.5,347.21,344.43,346.03,686451
2024-03-21,346.54,349.74,345.25,349.17,457121
2024-03-22,350.0,351.33,348.49,348.56,374402
2024-03-25,347.38,349.13,346.96,347.92,411076
2024-03-26,347.7,350.1008,347.02,347.61,451776
2024-03-27,350.5,353.53,348.94,353.41,537552
2024-03-28,353.95,355.39,351.9,354.98,705394
2024-04-01,353.81,354.43,351.43,353.59,492211
2024-04-02,352.67,354.1988,350.02,352.07,529352
2024-04-03,351.78,354.1399,350.12,350.35,719924
2024-04-04,353.26,355.32,347.75,347.93,706423
2024-04-05,348.94,352.64,348.15,352.3,421962
2024-04-08,351.99,354.14,350.165,352.03,393713
2024-04-09,352.46,353.155,348.0793,352.96,404286
2024-04-10,350.09,350.09,346.03,347.45,569974
2024-04-11,348.75,351.62,348.62,348.74,411349
2024-04-12,345.77,347.55,343.455,343.81,413844
2024-04-15,347.63,347.63,338.38,338.58,777984
2024-04-16,339.94,341.585,338.22,340.11,530262
2024-04-17,342.2,343.17,339.21,340.51,540359
2024-04-18,341.78,342.59,337.32,339.46,493683
2024-04-19,341.07,341.07,337.1589,339.76,1392951
2024-04-22,341.42,347.86,339.76,345.23,1026875
2024-04-23,345.97,350.09,344.92,345.55,721323
2024-04-24,344.52,346.8999,343.86,345.11,616829
2024-04-25,345.2,349.68,343.01,349.02,926159
2024-04-26,348.52,349.28,346.23,346.48,595466
2024-04-29,347.01,349.08,345.74,347.69,563820
2024-04-30,346.7,347.07,338.535,339.15,1220823
2024-05-01,338.04,340.0749,335.67,336.0,1099634
2024-05-02,336.81,337.01,332.98,336.24,1377498
2024-05-03,352.13,356.17,347.395,353.7,1151473
2024-05-06,355.26,355.26,345.2701,349.64,1129343
2024-05-07,353.67,358.2,351.35,358.17,801088
2024-05-08,359.81,361.68,358.24,359.02,765043
2024-05-09,358.47,360.58,358.08,360.11,526156
2024-05-10,361.17,364.0629,360.45,362.85,611221
2024-05-13,363.21,364.47,356.3,358.0,1064482
2024-05-14,359.66,362.99,358.84,361.05,975433
2024-05-15,360.96,366.84,360.96,365.03,543887
2024-05-16,366.07,367.81,365.07,366.41,453331
2024-05-17,369.59,369.59,366.21,367.8,423929
2024-05-20,366.93,368.46,366.69,368.43,290998
2024-05-21,368.74,370.62,367.89,369.74,607209
2024-05-22,370.0,372.01,369.205,371.07,410264
2024-05-23,369.84,369.84,362.55,363.35,584414
2024-05-24,364.26,365.82,363.4101,364.6,518466
2024-05-28,363.58,364.69,358.5087,359.89,602876
2024-05-29,358.44,360.3599,357.05,357.11,584829
2024-05-30,357.03,361.09,356.895,359.69,697630
2024-05-31,360.27,365.16,356.77,364.91,1174965
2024-06-03,363.51,366.495,360.79,366.4,585658
2024-06-04,366.19,369.49,365.235,369.22,701561
2024-06-05,371.0,372.01,365.27,370.65,639975
2024-06-06,370.8,370.8,367.18,370.47,395703
2024-06-07,370.72,373.75,369.91,371.06,400032
2024-06-10,370.69,373.97,370.0,373.8,582748
2024-06-11,373.57,377.04,371.61,376.9,668186
2024-06-12,379.99,380.79,377.3,379.35,679792
2024-06-13,378.81,381.6,373.225,376.71,573637
2024-06-14,370.76,376.055,370.0,375.41,593721
2024-06-17,376.0,382.915,375.815,382.82,538236
2024-06-18,383.47,384.63,379.755,383.6,598195
2024-06-20,383.43,385.67,382.59,384.6,879173
2024-06-21,385.9,386.34,382.85,386.04,1043888
2024-06-24,386.17,390.9,385.53,388.16,702444
2024-06-25,388.69,391.65,387.41,390.36,857255
2024-06-26,387.37,387.37,380.72,384.23,658841
2024-06-27,385.88,387.97,384.15,386.4,611908
2024-06-28,386.75,389.87,385.31,386.05,1737726
2024-07-01,389.08,389.08,384.66,386.37,427801
2024-07-02,387.07,388.17,384.99,386.76,368083
2024-07-03,386.32,388.33,385.06,385.8,277114
2024-07-05,387.17,387.18,384.51,386.87,859650
2024-07-08,388.31,391.495,388.0,390.57,696525
2024-07-09,391.22,392.34,389.64,390.72,627079
2024-07-10,392.52,392.52,387.98,391.05,636579
2024-07-11,390.36,392.8002,386.53,388.69,604886
2024-07-12,389.3,394.5,388.84,390.16,482627
2024-07-15,390.34,394.6,390.06,394.39,535002
2024-07-16,395.56,398.88,394.74,396.07,514368
2024-07-17,395.06,396.035,391.1,393.71,523795
2024-07-18,393.99,395.72,392.39,394.46,397266
2024-07-19,396.85,396.85,388.77,390.19,809346
2024-07-22,392.27,396.28,390.77,396.15,596488
2024-07-23,396.32,399.6196,395.805,396.55,444689
2024-07-24,395.05,395.355,389.51,390.6,541739
2024-07-25,393.15,395.0448,385.17,385.65,827626
2024-07-26,385.6,395.85,385.6,393.71,408125
2024-07-29,394.11,397.75,393.92,395.42,351179
2024-07-30,397.63,402.56,393.97,395.33,544222
2024-07-31,398.24,400.9,395.88,398.92,678373
2024-08-01,399.86,403.53,394.23,398.58,857177
2024-08-02,399.52,410.67,396.11,410.3,1293684
2024-08-05,400.01,410.7675,396.7,399.64,1407944
2024-08-06,401.36,411.9,401.36,402.85,1562170
2024-08-07,407.69,412.64,404.07,404.34,950328
2024-08-08,405.85,412.88,403.2,412.18,484183
2024-08-09,411.5,413.28,406.59,410.76,340434
2024-08-12,410.76,414.03,408.92,412.76,486311
2024-08-13,413.55,417.43,411.84,412.0,782880
2024-08-14,411.2,419.57,411.2,418.59,1022827
2024-08-15,420.38,424.55,418.38,421.94,630821
2024-08-16,422.55,423.47,418.98,421.37,438176
2024-08-19,422.01,423.26,420.38,422.44,411952
2024-08-20,424.41,426.87,423.61,426.38,425909
2024-08-21,425.84,429.32,424.09,425.72,708459
2024-08-22,426.78,427.4203,423.05,424.46,660506
2024-08-23,426.54,430.76,425.56,430.4,680885
2024-08-26,431.29,433.28,428.28,430.23,475165
2024-08-27,430.83,433.51,430.535,432.36,626008
2024-08-28,433.96,436.45,433.0474,435.21,418696
2024-08-29,435.0,439.14,435.0,437.15,393173
2024-08-30,438.61,443.88,437.15,442.04,940972
2024-09-03,446.51,448.98,437.22,440.37,924327
2024-09-04,440.37,440.44,435.03,437.45,1004484
2024-09-05,436.79,437.35,431.555,437.31,568147
2024-09-06,436.47,439.0665,430.45,431.5,732493
2024-09-09,434.19,440.39,432.53,438.87,1073458
2024-09-10,439.01,442.44,437.56,438.1,761702
2024-09-11,436.55,436.55,428.89,435.89,952057
2024-09-12,433.96,441.22,433.48,439.8,1016499
2024-09-13,439.26,442.38,438.27,441.76,543799
2024-09-16,443.2,445.21,441.03,443.18,611573
2024-09-17,443.06,444.38,437.55,438.91,714901
2024-09-18,438.13,440.41,433.24,436.58,604780
2024-09-19,440.0,440.92,437.14,438.81,903869
2024-09-20,437.35,442.89,436.57,442.57,1360553
2024-09-23,443.11,447.47,441.4,447.11,449514
2024-09-24,448.2,450.54,443.1401,450.13,675732
2024-09-25,451.45,452.0,448.5,450.49,490431
2024-09-26,449.62,451.3,447.5343,448.11,496761
2024-09-27,447.26,448.06,444.1,446.36,515615
2024-09-30,447.13,450.95,444.79,449.63,692536
2024-10-01,449.81,449.87,446.28,449.08,504130
2024-10-02,447.13,450.24,446.4201,449.5,362174
2024-10-03,448.2,449.58,443.82,449.11,612075
2024-10-04,449.25,450.54,445.6206,450.3,627220
2024-10-07,449.62,452.515,448.48,449.19,621570
2024-10-08,452.52,458.91,452.48,457.91,700575
2024-10-09,457.76,467.89,455.38,466.55,676088
2024-10-10,466.55,467.45,461.46,464.63,701008
2024-10-11,465.99,469.01,463.71,467.94,531283
2024-10-14,469.83,475.97,468.96,472.99,487536
2024-10-15,476.12,477.89,473.03,473.41,577089
2024-10-16,471.65,476.83,469.4201,476.55,426600
2024-10-17,479.04,480.2799,476.37,477.62,484425
2024-10-18,476.07,476.82,473.65,475.2,651118
2024-10-21,475.96,478.5,475.51,477.1,627792
2024-10-22,472.7,476.1405,469.98,470.18,615470
2024-10-23,469.96,472.36,466.1,467.08,839845
2024-10-24,466.77,468.2499,464.3347,465.38,399885
2024-10-25,465.38,466.99,461.58,462.32,335728
2024-10-28,465.73,465.73,453.8001,457.39,682402
2024-10-29,458.21,460.88,457.53,458.23,770837
2024-10-30,458.2,458.395,452.79,453.0,659092
2024-10-31,452.0,453.95,448.87,449.35,1033597
2024-11-01,452.02,456.64,451.9405,453.89,1098320
2024-11-04,456.12,460.54,455.465,458.18,511449
2024-11-05,458.07,462.955,458.07,462.09,551400
2024-11-06,479.28,479.78,464.417,469.13,742541
2024-11-07,470.23,471.61,465.955,469.95,795158
2024-11-08,486.055,506.72,484.39,504.6,1185681
2024-11-11,505.6,507.82,496.92,496.96,806002
2024-11-12,499.67,501.7493,493.01,497.45,750884
2024-11-13,496.75,499.81,493.43,496.7,543473
2024-11-14,496.0,498.78,492.305,493.7,553772
2024-11-15,487.1592,494.52,487.1592,489.0,726244
2024-11-18,490.685,494.38,486.61,490.35,664306
2024-11-19,488.93,489.94,484.53,487.46,484333
2024-11-20,490.0,493.52,485.18,492.6,588912
2024-11-21,494.66,496.2712,491.3,494.84,688968
2024-11-22,497.5,502.46,496.37,500.9,520517
2024-11-25,500.0,502.025,487.19,488.37,2619876
2024-11-26,495.13,498.0,491.03,496.58,611077
2024-11-27,496.05,502.19,496.05,500.66,755669
2024-11-29,501.875,503.62,499.185,499.7,460651
2024-12-02,498.96,499.79,495.44,496.7,818495
2024-12-03,498.005,498.31,493.09,497.76,697173
2024-12-04,497.015,500.28,495.77,497.87,1047544
2024-12-05,499.0,500.86,494.29,494.97,1278491
2024-12-06,493.865,495.0,485.7127,489.96,1510645
2024-12-09,488.67,488.67,476.14,478.91,1460381
2024-12-10,480.47,482.26,475.73,477.02,997793
2024-12-11,476.27,482.67,476.11,478.11,985144
2024-12-12,479.56,482.69,468.78,469.92,1142906
2024-12-13,472.4,472.4,466.3,469.79,984277
2024-12-16,470.62,472.3694,465.31,467.26,1159991
2024-12-17,463.56,466.035,460.13,461.75,1544405
2024-12-18,464.175,468.26,460.03,462.68,1274859
2024-12-19,465.375,469.95,462.975,463.81,897695
2024-12-20,460.26,472.57,460.0,469.94,2508271
2024-12-23,468.915,470.245,463.5954,469.77,652462
2024-12-24,469.67,472.46,468.29,472.45,235380
2024-12-26,470.19,472.075,468.75,471.31,292348
2024-12-27,466.9,470.62,465.57,467.33,364829
2024-12-30,464.72,465.74,459.26,463.59,422835
2024-12-31,463.615,464.9841,460.37,462.23,455355
2025-01-02,463.4,465.22,457.71,459.23,570890
2025-01-03,460.73,463.509,458.76,461.84,525618
2025-01-06,460.415,460.5,450.18,456.45,1179790
2025-01-07,458.86,462.9099,454.68,455.15,856951
2025-01-08,457.36,463.0,455.93,462.73,719776
2025-01-10,457.95,461.025,453.785,455.26,604399
2025-01-13,452.94,458.85,452.2278,456.77,917395
2025-01-14,457.03,461.3299,454.32,460.84,512043
2025-01-15,463.19,464.999,457.1,460.08,812351
2025-01-16,461.235,465.64,461.12,462.7,460564
2025-01-17,463.66,468.34,462.89,464.86,621315
2025-01-21,466.89,468.17,464.82,467.84,976460
2025-01-22,468.095,475.2,466.2,471.92,848109
2025-01-23,473.01,476.29,469.3975,476.05,600367
2025-01-24,475.84,480.805,474.31,479.18,866575
2025-01-27,476.43,482.15,465.72,468.27,1316869
2025-01-28,470.305,471.1,463.4577,465.24,706362
2025-01-29,465.895,469.84,463.26,463.41,630285
2025-01-30,468.76,475.105,468.5293,472.61,545082
2025-01-31,472.84,473.89,467.313,469.25,691694
2025-02-03,464.33,474.1,463.2,473.37,889595
2025-02-04,470.8,473.54,468.745,471.38,622125
2025-02-05,475.47,481.22,471.5,481.02,494603
2025-02-06,483.09,483.175,478.2901,482.1,345931
2025-02-07,483.56,485.97,478.33,479.31,426766
2025-02-10,480.28,484.73,478.7275,481.76,634855
2025-02-11,480.77,481.0,473.01,474.58,552639
2025-02-12,467.995,472.62,463.27,466.9,718689
2025-02-13,466.89,470.59,461.39,466.05,1369560
2025-02-14,472.0,472.58,436.83,438.14,1545196
2025-02-18,434.3767,439.64,423.79,425.98,1674500
2025-02-19,427.235,439.31,426.0,439.08,1397622
2025-02-20,438.775,439.52,430.16,434.51,988409
2025-02-21,432.94,433.16,420.14,421.9,1180054
2025-02-24,420.95,424.25,418.99,420.7,712890
2025-02-25,424.32,428.44,421.51,426.47,893762
2025-02-26,425.705,429.82,424.76,426.27,638491
2025-02-27,426.385,432.73,426.385,429.55,827409
2025-02-28,433.36,441.63,430.97,440.22,1619997
2025-03-03,439.05,440.68,423.16,427.35,938740
2025-03-04,424.39,428.39,421.12,423.06,713927
2025-03-05,421.3545,427.36,419.9,426.1,559645
2025-03-06,422.245,428.31,417.17,423.31,1283826
2025-03-07,421.7,425.795,416.35,423.13,856782
2025-03-10,420.075,422.415,412.01,415.67,1114687
2025-03-11,415.02,416.99,410.5,411.73,992481
2025-03-12,415.17,417.0115,410.59,412.88,908623
2025-03-13,412.575,416.75,404.14,414.12,1034383
2025-03-14,416.01,418.29,412.69,417.96,714642
2025-03-17,415.925,423.895,415.4,421.59,856548
2025-03-18,420.96,423.43,419.44,421.9,567213
2025-03-19,420.73,424.97,420.005,424.36,495082
2025-03-20,419.19,425.16,419.19,422.28,556878
2025-03-21,421.61,424.885,419.09,422.71,1140629
2025-03-24,427.42,430.37,424.49,429.34,575434
2025-03-25,430.065,435.45,427.99,429.19,612620
2025-03-26,430.455,436.29,428.73,431.23,598342
2025-03-27,430.435,433.56,427.0,432.33,660655
2025-03-28,431.67,434.49,431.67,432.99,833467
2025-03-31,431.51,439.77,431.51,437.81,1224343
2025-04-01,436.1,439.67,433.99,435.99,1014163
2025-04-02,436.15,439.58,430.44,436.99,823068
2025-04-03,427.935,441.21,427.935,435.5,1497751
2025-04-04,431.575,439.875,401.71,402.13,1726411
2025-04-07,401.47,416.695,388.9,403.12,1958378
2025-04-08,407.0,418.19,390.14,394.72,1311756
2025-04-09,393.91,419.94,391.09,417.19,1563525
2025-04-10,413.55,420.085,404.73,414.87,1061381
2025-04-11,415.03,424.635,410.7,422.37,789904
2025-04-14,425.29,429.105,423.35,426.45,999648
2025-04-15,429.047,431.7436,427.59,430.64,691389
2025-04-16,426.18,430.7,418.895,420.45,619756
2025-04-17,422.71,426.36,419.41,420.95,651944
2025-04-21,415.61,418.33,408.27,412.35,567296
2025-04-22,419.27,421.37,414.22,419.79,842031
2025-04-23,423.935,429.6399,422.18,424.16,601369
2025-04-24,422.89,429.25,421.53,428.14,425120
2025-04-25,428.25,430.59,425.54,430.22,436272
2025-04-28,428.61,433.83,428.51,431.01,661687
2025-04-29,431.36,438.14,430.22,435.76,509867
2025-04-30,434.58,441.55,430.98,440.39,795170
2025-05-01,440.64,444.37,438.77,439.16,981662
2025-05-02,417.35,420.77,397.0,406.42,2341037
2025-05-05,405.97,407.17,399.06,405.37,1156983
2025-05-06,400.51,413.79,400.5,412.64,1023315
2025-05-07,412.14,418.02,411.32,415.15,949050
2025-05-08,417.56,418.2,409.21,410.37,940778
2025-05-09,411.14,411.57,404.22,406.5,940556
2025-05-12,410.0,413.13,401.36,412.91,1034692
2025-05-13,413.565,418.22,411.94,413.28,849979
2025-05-14,415.5,418.525,411.61,415.2,924260
2025-05-15,417.5,425.7,417.5,425.58,906564
2025-05-16,424.29,425.355,420.7,424.18,1659004
2025-05-19,422.3,427.175,422.3,425.29,771550
2025-05-20,425.44,426.405,422.0,422.93,653131
2025-05-21,422.1,428.865,421.09,426.44,1116454
2025-05-22,427.265,428.56,420.75,421.72,623787
2025-05-23,418.545,421.3,416.97,418.92,563172
2025-05-27,422.89,425.21,419.83,420.44,923916
2025-05-28,421.605,425.0,417.9,420.83,1098744
2025-05-29,421.73,421.73,412.36,418.43,864532
2025-05-30,416.65,418.0,409.67,415.38,3176673
2025-06-02,415.18,419.2315,413.15,419.17,767204
2025-06-03,418.99,425.08,416.93,422.21,1196327
2025-06-04,424.345,424.52,417.37,417.4,1068153
2025-06-05,419.745,419.745,413.22,416.12,993032
2025-06-06,418.73,421.22,416.58,417.92,594798
2025-06-09,417.795,417.795,411.7601,412.77,616388
2025-06-10,413.21,414.135,410.48,412.24,677353
2025-06-11,413.03,413.03,407.48,409.07,840911
2025-06-12,412.04,414.51,407.83,413.07,643726
2025-06-13,410.75,413.51,406.97,408.1,718103
2025-06-16,408.25,412.33,406.41,407.46,1015364
2025-06-17,407.25,408.52,404.03,406.41,862950
2025-06-18,407.3,407.5299,403.92,404.74,971982
2025-06-20,406.08,411.2,404.37,406.25,1457810
2025-06-23,407.68,410.87,404.865,410.87,1268140
2025-06-24,411.8,419.695,409.73,418.35,979102
2025-06-25,417.845,420.39,416.67,419.0,661104
2025-06-26,420.5,421.33,411.6,415.27,724803
2025-06-27,415.405,419.24,414.74,418.66,908812
2025-06-30,419.905,421.93,417.73,420.46,1477867
2025-07-01,420.12,427.4,417.57,425.65,1220886
2025-07-02,424.825,424.825,416.54,422.27,826719
2025-07-03,422.205,426.34,421.16,424.84,494717
2025-07-07,424.99,428.0,423.85,426.37,610106
2025-07-08,423.09,425.29,415.79,417.36,896240
2025-07-09,416.445,418.98,415.12,417.88,698859
2025-07-10,415.0,419.86,414.235,417.72,701892
2025-07-11,415.99,418.76,415.1042,416.03,720381
2025-07-14,415.12,417.27,413.2075,413.62,638077
2025-07-15,413.68,416.27,408.6,408.73,817870
2025-07-16,411.445,416.41,410.57,416.29,973517
2025-07-17,417.475,422.5,413.865,421.04,793619
2025-07-18,422.26,424.14,420.345,420.46,741405
2025-07-21,419.6,424.75,417.015,420.91,642438
2025-07-22,421.795,424.075,419.27,421.27,542563
2025-07-23,420.23,423.7599,419.64,422.17,615760
2025-07-24,423.72,425.5283,421.75,424.83,569593
2025-07-25,424.84,428.32,424.295,428.0,633218
2025-07-28,427.44,430.5,425.4025,429.97,974090
2025-07-29,429.395,436.27,427.29,433.95,814099
2025-07-30,433.515,437.56,433.0,436.07,1101580
2025-07-31,437.4,441.72,436.42,438.98,1440681
2025-08-01,440.74,440.74,429.71,436.71,1176433
2025-08-04,435.845,446.15,435.845,439.97,1043667
2025-08-05,440.0,442.795,433.73,434.05,1205873
2025-08-06,434.755,442.73,433.04,442.12,669367
2025-08-07,445.0,446.7375,440.49,445.1,1143530
2025-08-08,451.765,458.34,434.64,453.41,1617481
2025-08-11,456.68,466.24,454.125,460.94,1539036
2025-08-12,463.6,474.105,461.735,471.2,1636539
2025-08-13,471.9,472.0,467.775,470.2,913651
2025-08-14,467.0,468.12,461.04,461.61,976093
2025-08-15,461.5,462.31,457.46,460.31,1274701
2025-08-18,459.27,462.39,459.2,461.18,733187
2025-08-19,461.19,467.86,459.98,460.41,1140940
2025-08-20,461.85,463.73,459.47,462.13,834338
2025-08-21,460.22,463.36,457.99,462.43,789945
2025-08-22,465.325,466.75,460.82,461.91,610670
2025-08-25,461.435,464.805,458.9,460.68,496142
2025-08-26,459.01,461.0,451.63,455.62,2148581
2025-08-27,457.09,466.49,455.17,464.41,729643
2025-08-28,462.965,470.54,462.065,470.1,972707
2025-08-29,470.0,474.2,469.08,472.46,960951
2025-09-02,469.96,479.23,466.7,479.0,1615002
2025-09-03,477.95,479.44,470.26,474.16,796324
2025-09-04,476.06,478.89,475.575,478.62,608390
2025-09-05,480.0,480.185,475.29,478.98,631399
2025-09-08,477.01,478.82,474.17,478.37,935224
2025-09-09,477.08,478.8,473.03,477.93,597642
2025-09-10,479.21,484.09,476.5,481.7,701151
2025-09-11,481.235,492.22,480.28,490.3,1046639
2025-09-12,486.36,487.97,481.29,481.71,793132
2025-09-15,480.04,485.56,479.75,482.43,885274
2025-09-16,481.96,484.23,475.25,476.84,1021520
2025-09-17,477.29,479.785,475.78,477.85,721083
2025-09-18,477.0,478.4435,471.435,474.55,791435
2025-09-19,477.73,478.7,471.68,476.21,1676705
2025-09-22,476.0,477.52,471.46,471.47,789976
2025-09-23,472.21,474.16,468.78,470.72,1067112
2025-09-24,471.095,471.095,455.0,455.13,957580
2025-09-25,456.16,457.8298,454.3159,455.73,776655
2025-09-26,458.64,458.64,454.43,456.52,551661
2025-09-29,459.47,459.655,452.92,454.18,760469
2025-09-30,454.25,458.01,453.21,457.29,708156
2025-10-01,455.275,458.31,453.16,456.93,731662
2025-10-02,454.36,454.36,447.66,448.03,723960
2025-10-03,447.975,458.91,447.975,452.9,583869
2025-10-06,453.5,458.42,453.05,457.13,610392
2025-10-07,458.0,459.01,453.96,458.5,660092
2025-10-08,459.44,465.45,458.61,462.26,804440
2025-10-09,461.42,462.27,455.34,457.63,538093
2025-10-10,459.82,462.0,455.34,456.3,831380
2025-10-13,456.185,459.6899,454.77,456.25,487418
2025-10-14,459.22,464.345,457.07,460.62,597705
2025-10-15,460.595,462.0899,437.7,438.94,1281868
2025-10-16,441.01,441.1601,434.47,437.21,829193
2025-10-17,437.265,445.74,437.265,445.0,540062
2025-10-20,444.75,448.84,444.7,448.44,410656
2025-10-21,452.25,452.25,446.94,448.1,395529
2025-10-22,447.045,450.185,445.1801,446.86,528336
2025-10-23,445.73,447.9317,443.395,444.83,773435
2025-10-24,445.005,445.3,438.62,438.98,1070044
2025-10-27,439.615,444.24,437.69,443.99,584994
2025-10-28,441.09,445.12,439.68,440.21,520212
2025-10-29,439.775,440.925,431.25,432.18,710127
2025-10-30,430.48,438.71,429.67,431.98,1306600
2025-10-31,419.65,419.65,404.84,406.71,1961099
2025-11-03,404.8,406.39,391.21,391.5,2287560
2025-11-04,390.5,396.05,389.01,394.24,1841684
2025-11-05,391.0,397.2062,390.695,394.49,1885289
2025-11-06,393.44,395.91,387.77,389.1,1542003
2025-11-07,388.19,394.605,388.15,390.75,1057213
2025-11-10,391.305,394.745,389.27,394.0,1374386
2025-11-11,393.4,394.68,390.59,391.96,1175822
2025-11-12,393.475,397.5399,391.04,391.97,1128081
2025-11-13,390.745,391.5499,382.09,383.38,1341765
2025-11-14,383.19,384.95,376.745,379.98,2273815
2025-11-17,378.25,381.49,374.53,377.69,1829532
2025-11-18,375.83,379.42,371.56,372.36,1599782
2025-11-19,371.4,373.14,368.17,371.51,1231683
2025-11-20,374.89,376.16,365.7497,367.04,1570197
2025-11-21,368.8,372.38,366.405,368.99,2308580
2025-11-24,369.54,369.54,365.4,368.33,2580947
2025-11-25,369.63,373.53,366.565,369.51,1883108
2025-11-26,371.79,373.42,368.73,369.5,1670422
2025-11-28,370.14,371.96,365.43,369.68,744126
2025-12-01,369.1,375.34,368.2,373.35,1756283
2025-12-02,375.25,377.82,371.26,377.56,1711830
2025-12-03,377.365,379.44,374.43,375.69,2002776
2025-12-04,375.63,377.485,370.27,371.49,1423730
2025-12-05,372.165,375.53,369.05,374.39,1934857
2025-12-08,373.06,373.39,369.34,371.41,1082268
2025-12-09,372.595,374.94,369.28,371.33,1617024
2025-12-10,369.87,373.675,367.2,370.73,1519269
2025-12-11,374.0,376.0329,366.47,368.05,1007367
2025-12-12,369.455,370.56,363.37,364.7,1378419
2025-12-15,364.25,365.59,361.32,364.84,1654922
2025-12-16,364.515,366.99,359.36,363.83,2013947
2025-12-17,367.05,379.61,366.4901,374.49,2285161
2025-12-18,374.49,375.46,370.5,373.74,2204196
2025-12-19,374.5,375.0,368.76,369.97,4330550
2025-12-22,370.32,375.39,369.66,372.7,1375133
2025-12-23,373.88,380.1,372.0,378.38,1035699
2025-12-24,377.06,377.56,375.7409,376.48,253388
2025-12-26,375.985,377.86,375.0001,377.04,333311
2025-12-29,378.75,379.22,375.11,377.28,743989
2025-12-30,376.05,384.9,375.1001,383.94,1533423
2025-12-31,384.475,385.6088,382.435,383.32,1395107
2026-01-02,383.56,384.2,380.02,381.02,786052
2026-01-05,383.42,387.62,381.29,382.68,1094922
2026-01-06,383.5,383.93,378.665,381.06,1006634
2026-01-07,383.54,383.65,377.21991,377.49,840973
2026-01-08,376.705,389.76,376.5,381.89,1236784
2026-01-09,381.355,384.53,379.06,383.14,1084958
2026-01-12,382.0,386.74,381.655,385.64,996944
2026-01-13,384.765,391.06,381.095,391.0,1273286
2026-01-14,389.99,390.57,385.2,389.23,1220555
2026-01-15,391.16,396.69,389.99,394.44,1328943
2026-01-16,393.77,402.91,392.01,400.61,2132163
2026-01-20,397.0,403.22,390.65,391.08,1815443
2026-01-21,393.08,400.26,392.87,394.95,1192401
2026-01-22,396.95,399.06,394.84194,397.49,713572
2026-01-23,396.965,402.0,394.735,401.66,795757
2026-01-26,403.965,407.24,398.93,401.07,1207289
2026-01-27,399.01,407.69,396.0436,406.08,1013879
2026-01-28,406.22,410.0,401.113,405.08,1249615
2026-01-29,405.54,405.74,396.03,403.15,1089053
2026-01-30,400.035,403.095,397.48,402.54,957674
2026-02-02,401.85,407.21,398.58,403.68,1012649
2026-02-03,403.07,409.7,400.745,409.47,1255733
2026-02-04,410.0,420.0,407.55,416.3,1730570
2026-02-05,415.4,419.06,412.165,417.15,981936
2026-02-06,418.66,422.27,412.24,422.18,1053070
2026-02-09,420.62,423.41,418.12,422.59,1153656
2026-02-10,420.625,423.8375,417.2,419.69,1213093
2026-02-11,422.0,423.81,417.215,421.13,1123982
2026-02-12,449.61,471.17,448.43,453.44,2748645
2026-02-13,453.0,462.8,448.32,461.76,1489351
2026-02-17,464.07,468.1,457.76,457.76,1480550
2026-02-18,457.49,458.94,448.48,451.6,1053187
2026-02-19,452.09,456.16,448.21,453.68,738355
2026-02-20,453.45,465.77,452.63,462.76,1444761
2026-02-23,460.1,467.31,458.18,465.03,1297700
2026-02-24,465.39,471.67,460.7,470.85,878727
2026-02-25,467.725,474.185,464.28,471.33,976600
2026-02-26,471.905,473.46,468.825,471.95,920334
2026-02-27,470.445,482.39,470.445,482.26,1461058
2026-03-02,482.0,490.24,482.0,486.11,1046859
2026-03-03,482.58,485.0,475.73,480.22,811393
2026-03-04,477.04,481.62,472.26,478.21,736599
2026-03-05,474.3,475.3175,466.43,467.16,958336
2026-03-06,464.69,466.745,457.71,460.76,880513
2026-03-09,457.82,458.91,452.89,458.03,1268918
2026-03-10,457.09,466.03,455.98,464.11,1111674
2026-03-11,462.68,465.17,458.88,462.56,1013820
2026-03-12,460.325,468.42,458.71,462.63,1039901
2026-03-13,466.405,476.72,465.76,473.12,1537233
2026-03-16,474.0,477.1715,470.16,470.79,1025468
2026-03-17,470.75,473.12,466.62,469.09,790844
2026-03-18,466.36,472.38,465.41,467.28,1256028
2026-03-19,465.775,469.93,458.59,459.16,1333959
2026-03-20,458.21,460.975,450.8,452.35,2054713
2026-03-23,457.095,461.86,454.29,456.64,1036147
2026-03-24,456.86,459.06,451.505,454.75,1130387
2026-03-25,455.895,457.56,438.33,451.01,1201324
2026-03-26,448.03,454.17,447.66,450.01,1002521
2026-03-27,450.0,450.75,430.415,438.32,1176675
2026-03-30,441.72,441.72,425.38,426.78,915953
2026-03-31,430.0,435.61,424.98,433.97,1022147
2026-04-01,432.21,437.58,430.07,434.13,852414
2026-04-02,431.92,440.05,430.36,438.96,845194
2026-04-06,438.99,442.89,437.99,441.39,629855
2026-04-07,440.98,445.57,439.11,442.45,528999
2026-04-08,446.23,448.54,443.3626,447.73,867994
2026-04-09,445.81,446.45,438.25,442.5,758719
2026-04-10,441.28,442.23,432.935,433.69,843824
2026-04-13,434.25,439.91,433.01,439.91,739793
2026-04-14,438.09,442.91,435.65,440.08,749936
2026-04-15,438.78,442.45,436.79,440.21,714208
2026-04-16,441.0,444.74,439.13,444.46,693593
2026-04-17,443.69,445.86,440.53,441.96,1423940
2026-04-20,444.44,450.0,444.44,446.92,841181
2026-04-21,449.86,449.86,442.47,445.48,824970
2026-04-22,444.47,448.555,439.02,441.66,764265
2026-04-23,442.97,444.825,440.04,443.17,704353
2026-04-24,441.32,444.5881,436.98,438.26,674856
2026-04-27,434.93,437.185,431.1,431.6,864142
2026-04-28,432.39,435.61,430.48,434.74,882607
2026-04-29,434.57,437.13,424.0517,429.23,922843
2026-04-30,430.22,440.815,428.32,439.03,1155558
2026-05-01,440.99,441.95,435.88,435.9,618133
2026-05-04,434.65,440.89,433.5018,437.59,746273
2026-05-05,437.99,444.24,436.03,438.0,851708
2026-05-06,435.01,436.905,426.7,433.66,1441571
2026-05-07,430.95,435.94,429.78,433.2,1121080
2026-05-08,417.0,424.4,381.25,383.99,3101642
2026-05-11,389.34,399.6,388.6,392.17,2008971
2026-05-12,396.1,400.27,390.895,391.39,1663455
2026-05-13,390.9,400.14,386.79,397.89,1368509
2026-05-14,402.0,403.505,392.35,399.33,975053
2026-05-15,396.8,400.08,391.31,393.28,1176620
2026-05-18,397.35,411.01,395.195,410.27,1971400
2026-05-19,409.98,411.69,398.19,398.73,1091003
2026-05-20,398.06,403.77,392.46,395.92,1259965
2026-05-21,393.78,400.96,390.8001,400.24,1589711
2026-05-22,402.37,407.085,399.85,404.08,957116
2026-05-26,403.05,413.4099,401.04,410.48,1354788
2026-05-27,410.39,413.08,407.555,408.71,705000
2026-05-28,408.78,416.55,405.13,411.54,1141335
2026-05-29,409.72,411.4,401.85,403.28,2105684
2026-06-01,407.0,415.561,405.2,411.58,1067397
2026-06-02,414.57,417.01,406.0,415.42,888795
2026-06-03,413.45,416.205,408.27,408.39,922285
2026-06-04,412.78,416.338,410.08,410.72,783647
2026-06-05,411.23,412.9,407.45,410.34,910372
2026-06-08,408.7,410.07,401.62,406.8,1165641
2026-06-09,405.73,415.61,403.66,414.07,1087092
2026-06-10,415.0,418.9699,411.62,411.64,1089243
2026-06-11,411.44,413.99,403.99,410.35,994460
2026-06-12,413.13,413.83,407.77,412.25,602521
2026-06-15,412.99,415.0,408.29,411.72,1345350
2026-06-16,410.67,416.455,401.97,404.93,1025417
2026-06-17,403.29,407.2139,397.5,400.7,1339201
2026-06-18,400.6,400.6,392.4201,395.17,2444915
2026-06-22,397.03,401.23,390.605,392.23,1512648
2026-06-23,391.8,395.81,389.41,389.44,966584
2026-06-24,390.3,403.46,389.02,400.6,1204812
2026-06-25,399.585,408.8,396.66,397.01,1080935
2026-06-26,396.39,403.6399,395.09,402.89,1304153
2026-06-29,403.02,417.0,401.145,412.6,1329220
2026-06-30,411.41,418.99,408.08,415.29,1459158
2026-07-01,414.35,422.54,413.5,418.94,948369
