date,open,high,low,close,volume
1996-01-02,19.5422,19.8113,19.5422,19.8113,189314
1996-01-03,19.8113,19.8113,18.9286,18.9623,1688602
1996-01-04,18.2033,18.6565,18.1271,18.6565,2051999
1996-01-05,18.6565,18.8118,18.5784,18.6228,395561
1996-01-08,18.702,18.7713,18.5784,18.5784,467785
1996-01-09,18.6228,18.6565,18.3181,18.3508,698859
1996-01-10,18.2834,18.5427,18.1271,18.2033,729047
1996-01-11,18.1608,18.3181,18.0479,18.0479,415309
1996-01-12,18.0479,18.1271,17.857,18.0479,341385
1996-01-15,18.0479,18.2182,18.0104,18.0905,212735
1996-01-16,18.0479,18.0905,17.9004,18.0479,515744
1996-01-17,18.0479,18.431,17.9758,18.3923,1198526
1996-01-18,18.5427,19.0048,18.431,18.9623,486973
1996-01-19,18.9623,19.3878,18.9623,19.272,482458
1996-01-22,19.3541,19.3541,19.1177,19.1988,395561
1996-01-23,19.1988,19.1988,19.0414,19.0414,300759
1996-01-24,19.0048,19.3541,18.9286,19.1177,246590
1996-01-25,19.083,19.1988,19.083,19.1542,579228
1996-01-26,19.1542,19.1988,19.083,19.1988,437315
1996-01-29,19.1988,19.4659,19.1988,19.4283,199756
1996-01-30,19.4659,19.4659,19.3541,19.4283,209066
1996-01-31,19.4283,19.6213,19.3541,19.5777,172948
1996-02-01,19.6213,19.8479,19.6213,19.8479,345621
1996-02-02,19.8113,19.8479,19.6935,19.7381,135424
1996-02-05,19.7381,20.4911,19.7381,20.4911,332928
1996-02-06,20.4911,20.6088,20.4574,20.5712,370452
1996-02-07,20.6088,20.6088,20.118,20.3813,221195
1996-02-08,20.3436,20.5712,20.2298,20.3436,380893
1996-02-09,20.2298,20.3813,20.118,20.2635,909617
1996-02-12,20.3001,20.3436,20.2298,20.3001,625784
1996-02-13,20.3813,20.4574,20.3001,20.4198,434497
1996-02-14,20.3436,20.3813,20.1923,20.3436,989183
1996-02-15,20.2635,20.4574,20.2635,20.2635,163076
1996-02-16,20.2635,20.2635,20.118,20.2635,502487
1996-02-20,20.1556,20.1556,19.9944,20.118,156587
1996-02-21,20.118,20.2298,19.9657,20.1556,331226
1996-02-22,20.1923,20.3436,20.1556,20.3436,221195
1996-02-23,20.3001,20.3813,20.0388,20.118,374681
1996-02-26,20.118,20.118,19.5777,19.6213,333207
1996-02-27,19.6213,19.6213,19.272,19.272,252795
1996-02-28,19.3878,19.5777,18.9286,18.9286,540297
1996-02-29,18.9366,19.0107,18.8623,19.0107,426597
1996-03-01,19.0107,19.087,18.9366,19.087,279319
1996-03-04,19.087,19.3146,19.0543,19.2433,328128
1996-03-05,19.1681,19.1681,18.9366,19.0543,187336
1996-03-06,19.087,19.1255,19.0543,19.0543,201167
1996-03-07,19.0107,19.2047,18.9366,19.2047,228249
1996-03-08,19.1681,19.2047,18.9366,18.978,305556
1996-03-11,18.8979,19.2799,18.8979,19.2047,271420
1996-03-12,19.087,19.2047,19.0107,19.087,547631
1996-03-13,19.0543,19.0543,18.8623,18.9366,326718
1996-03-14,18.8979,19.1255,18.8979,19.0107,440700
1996-03-15,19.0107,19.0107,18.6704,18.6704,404025
1996-03-18,18.7099,18.8979,18.6298,18.8979,348440
1996-03-19,19.087,19.3611,19.087,19.3146,432235
1996-03-20,19.4362,19.5164,19.3611,19.4362,236999
1996-03-21,19.5164,19.5916,19.4362,19.4808,318816
1996-03-22,19.5164,19.6697,19.4808,19.5916,220633
1996-03-25,19.6293,19.7509,19.55,19.5916,336593
1996-03-26,19.5916,19.6697,19.55,19.5916,175774
1996-03-27,19.6697,19.7084,19.5916,19.6697,216400
1996-03-28,19.6697,19.7084,19.5164,19.5164,172665
1996-03-29,19.55,19.5916,19.3611,19.5916,457911
1996-04-01,19.6293,19.6293,19.4362,19.4808,137121
1996-04-02,19.4808,19.4808,19.2433,19.3957,253928
1996-04-03,19.3146,19.4808,19.2433,19.4808,158564
1996-04-04,19.4362,19.4362,19.1681,19.2433,433652
1996-04-08,19.087,19.1255,18.8979,18.9366,103827
1996-04-09,18.8623,18.8623,18.6704,18.6704,360290
1996-04-10,18.6298,18.6704,18.4764,18.4764,223452
1996-04-11,18.3923,18.3923,18.0905,18.1608,231634
1996-04-12,18.1271,18.1608,17.9004,17.9004,255620
1996-04-15,17.9004,17.9758,17.7838,17.9758,350415
1996-04-16,17.9758,17.9758,17.8203,17.8629,488383
1996-04-17,17.9758,18.2033,17.9004,17.9004,615344
1996-04-18,17.9361,18.0479,17.9361,18.0479,210192
1996-04-19,18.0479,18.0905,17.9361,17.9361,209343
1996-04-22,18.0104,18.239,17.9361,18.239,215272
1996-04-23,18.239,18.7841,18.239,18.7841,373269
1996-04-24,18.9366,18.978,18.7099,18.7436,391607
1996-04-25,18.7436,18.8979,18.7436,18.8188,181980
1996-04-26,18.8623,19.0107,18.7841,18.9366,356342
1996-04-29,18.9366,19.087,18.9366,19.087,304142
1996-04-30,19.087,19.087,18.8979,19.0543,197496
1996-05-01,19.0107,19.087,18.978,19.0107,121883
1996-05-02,18.9366,18.978,18.8979,18.8979,128372
1996-05-03,18.8188,18.8623,18.7436,18.7841,144460
1996-05-06,18.7841,18.8623,18.6704,18.7436,262388
1996-05-07,18.7436,18.8188,18.5942,18.6298,198340
1996-05-08,18.5507,18.5507,18.3181,18.3923,202012
1996-05-09,18.3923,18.5091,18.239,18.239,456216
1996-05-10,18.3181,18.5507,18.3181,18.5507,249694
1996-05-13,18.5507,18.5507,18.3586,18.3586,256180
1996-05-14,18.3586,18.8188,18.3586,18.8188,259564
1996-05-15,18.8979,19.087,18.8623,19.087,249413
1996-05-16,18.978,19.2047,18.9366,19.1255,310917
1996-05-17,19.2047,19.2433,19.1255,19.1255,231071
1996-05-20,19.1681,19.2433,19.0107,19.087,156587
1996-05-21,19.0107,19.0543,18.8979,18.8979,117088
1996-05-22,18.9366,19.55,18.8979,19.55,448320
1996-05-23,19.5916,19.7509,19.4808,19.4808,209066
1996-05-24,19.557,19.5916,19.3304,19.3304,74203
1996-05-28,19.368,19.4808,19.2522,19.2879,225427
1996-05-29,19.2879,19.4085,19.2126,19.2879,155462
1996-05-30,19.2522,19.2879,19.087,19.1751,227407
1996-05-31,19.4442,19.6697,19.1751,19.4085,1151411
1996-06-03,19.3304,19.5916,19.3304,19.5916,445498
1996-06-04,19.7885,20.4198,19.7509,20.3733,8290093
1996-06-05,20.8355,21.074,20.684,21.074,2051151
1996-06-06,21.074,21.1104,20.7187,20.7622,1294742
1996-06-07,20.6088,21.0323,20.5267,21.0323,758673
1996-06-10,20.9908,21.2659,20.9908,21.2243,834568
1996-06-11,21.1868,21.3777,21.1868,21.3025,297940
1996-06-12,21.2659,21.4618,21.2659,21.3777,511798
1996-06-13,21.3451,21.3451,20.9908,21.1104,663591
1996-06-14,21.1104,21.2243,21.074,21.1104,562583
1996-06-17,21.074,21.3025,20.9908,21.2243,622964
1996-06-18,21.2659,21.2659,21.0323,21.1104,578949
1996-06-19,21.074,21.074,20.876,20.876,514340
1996-06-20,20.876,20.9908,20.7187,20.9908,736665
1996-06-21,21.1521,21.2659,21.074,21.074,598418
1996-06-24,21.074,21.1868,21.0323,21.1521,322483
1996-06-25,21.1868,21.2243,21.1521,21.1868,528722
1996-06-26,21.1521,21.1868,21.1521,21.1868,118218
1996-06-27,21.074,21.1104,20.9542,21.074,583179
1996-06-28,21.074,21.1104,21.0323,21.1104,592210
1996-07-01,21.074,21.1868,21.074,21.1104,319380
1996-07-02,21.1104,21.3025,21.1104,21.1868,336026
1996-07-03,21.1868,21.2243,21.1521,21.1868,333770
1996-07-05,21.1104,21.1104,20.876,20.876,288068
1996-07-08,20.7622,21.074,20.7622,20.9542,819055
1996-07-09,20.9542,21.1868,20.9542,21.1104,582335
1996-07-10,21.1521,21.1868,20.9542,20.9542,359161
1996-07-11,20.876,20.9106,20.3733,20.5267,436184
1996-07-12,20.4911,20.876,20.4485,20.6088,645249
1996-07-15,20.5267,20.5267,20.3279,20.3733,843878
1996-07-16,20.3733,20.3733,19.7509,19.7885,1108809
1996-07-17,19.832,21.3777,19.832,21.3777,1738820
1996-07-18,21.6924,22.2287,21.5706,22.1169,925414
1996-07-19,22.0742,22.1169,21.6924,21.8013,491771
1996-07-22,21.8467,21.8467,21.3451,21.4618,199476
1996-07-23,21.4618,21.6123,20.9908,21.0323,303017
1996-07-24,20.9542,21.4163,20.876,21.1104,479922
1996-07-25,21.1868,21.1868,21.074,21.074,853753
1996-07-26,21.1104,21.1104,20.9908,21.1104,944319
1996-07-29,21.1104,21.1104,20.9908,21.0323,149251
1996-07-30,21.0323,21.2659,20.9908,21.2659,750489
1996-07-31,21.2243,21.4618,21.2243,21.3025,326997
1996-08-01,21.3451,21.4163,21.2243,21.4163,296811
1996-08-02,21.4925,21.5706,21.3777,21.5706,370166
1996-08-05,21.6567,21.6924,21.4925,21.6567,158286
1996-08-06,21.6567,21.9249,21.6123,21.9249,162230
1996-08-07,21.8843,22.197,21.8843,22.197,287500
1996-08-08,22.197,22.4286,22.197,22.3079,509538
1996-08-09,22.3444,22.4286,22.2287,22.2722,75047
1996-08-12,22.2287,22.4286,22.1525,22.386,388509
1996-08-13,22.3444,22.4286,22.3079,22.386,198623
1996-08-14,22.4286,22.5414,22.386,22.5414,177462
1996-08-15,22.5414,22.7402,22.4662,22.4662,466374
1996-08-16,22.4662,22.5047,22.2287,22.3079,177748
1996-08-19,22.2287,22.2287,22.1169,22.197,100444
1996-08-20,22.197,22.3444,22.197,22.3079,272549
1996-08-21,22.2722,22.4286,22.1525,22.4286,216681
1996-08-22,22.3444,22.6562,22.3079,22.6562,310634
1996-08-23,22.7007,22.7739,22.5414,22.6562,229945
1996-08-26,22.6205,22.6562,22.5839,22.6205,155177
1996-08-27,22.6205,22.6562,22.5839,22.6205,315432
1996-08-28,22.6205,22.7007,22.6205,22.6205,88588
1996-08-29,22.5839,22.6285,22.473,22.473,317124
1996-08-30,22.473,22.473,22.3147,22.3573,207937
1996-09-03,22.2782,22.3939,22.1594,22.3573,325587
1996-09-04,22.3939,22.3939,22.2376,22.3147,141350
1996-09-05,22.2782,22.3939,22.2782,22.3939,349853
1996-09-06,22.3147,22.473,22.3147,22.3573,392738
1996-09-09,22.4286,22.473,22.3573,22.4286,207937
1996-09-10,22.473,22.473,22.203,22.2376,250259
1996-09-11,22.2376,22.5484,22.2376,22.5484,444933
1996-09-12,22.5484,22.7472,22.5484,22.6285,160257
1996-09-13,22.671,22.9729,22.671,22.9382,76175
1996-09-16,22.9729,23.1311,22.8986,22.9382,268874
1996-09-17,22.9382,23.0163,22.9382,22.9729,120468
1996-09-18,22.9382,22.9382,22.671,22.8254,244897
1996-09-19,22.8254,22.9382,22.8254,22.9382,179722
1996-09-20,23.055,23.4855,23.0163,23.4855,688140
1996-09-23,23.4072,23.6863,23.2083,23.6863,339414
1996-09-24,23.5616,24.0652,23.5616,23.9851,533521
1996-09-25,23.9851,24.0277,23.8743,23.8743,435623
1996-09-26,23.8327,24.1108,23.8327,23.9109,159974
1996-09-27,23.9554,24.0652,23.8327,23.9851,293707
1996-09-30,24.2206,25.0023,24.1869,25.0023,414740
1996-10-01,25.0023,25.123,24.7659,25.123,489228
1996-10-02,25.1607,25.2012,24.9262,24.9262,314023
1996-10-03,24.9262,24.9262,24.6915,24.845,177182
1996-10-04,24.7659,24.845,24.6491,24.6491,404304
1996-10-07,24.7272,24.7272,24.5323,24.6915,428282
1996-10-08,24.6915,24.6915,24.57,24.6124,155462
1996-10-09,24.6124,24.6124,24.4215,24.57,145024
1996-10-10,24.5323,24.57,24.4561,24.4561,94800
1996-10-11,24.4917,24.8024,24.4917,24.7272,192699
1996-10-14,24.6915,24.6915,24.57,24.57,245180
1996-10-15,24.57,24.6124,24.3859,24.4215,255901
1996-10-16,24.4215,24.6491,24.3859,24.57,456786
1996-10-17,24.57,24.6491,24.5323,24.6124,241513
1996-10-18,24.57,24.6124,24.5323,24.57,266338
1996-10-21,24.57,24.57,24.3859,24.4917,389638
1996-10-22,24.57,24.6915,24.5323,24.57,198907
1996-10-23,24.5323,24.5323,24.1108,24.1108,306122
1996-10-24,24.1108,24.1108,23.7961,23.9109,487535
1996-10-25,23.8743,24.4917,23.8743,24.4215,477663
1996-10-28,24.4561,24.6124,24.3414,24.4215,566823
1996-10-29,24.3859,24.5323,24.3414,24.4561,374400
1996-10-30,24.57,24.7659,24.57,24.7272,367346
1996-10-31,24.7659,25.1607,24.7659,25.1607,514902
1996-11-01,25.0776,25.123,24.8816,24.9676,279033
1996-11-04,25.0023,25.3941,25.0023,25.2329,264650
1996-11-05,25.2329,25.2775,24.9262,25.0023,1032907
1996-11-06,25.0023,25.4684,25.0023,25.4368,474275
1996-11-07,25.3941,25.3941,25.311,25.3941,510672
1996-11-08,25.311,25.4368,25.311,25.4368,222323
1996-11-11,25.4368,25.5842,25.4368,25.4684,182262
1996-11-12,25.4684,25.5842,25.3576,25.3941,241513
1996-11-13,25.4684,25.4684,25.2329,25.311,378350
1996-11-14,25.311,25.5842,25.2775,25.5031,346185
1996-11-15,25.6266,25.7385,25.5475,25.704,177182
1996-11-18,25.123,25.6266,25.0023,25.6266,787737
1996-11-19,25.6266,25.7791,25.6266,25.7791,585155
1996-11-20,25.704,26.0166,25.704,25.9354,278469
1996-11-21,25.98,26.1709,25.8968,26.1362,158000
1996-11-22,26.2155,26.2501,26.0601,26.0601,489513
1996-11-25,26.0601,26.0601,25.8613,25.8613,286654
1996-11-26,25.8613,26.1362,25.8613,25.9354,278753
1996-11-27,25.9424,26.0671,25.8316,25.8662,231634
1996-11-29,25.9097,26.0671,25.9097,26.0235,77305
1996-12-02,25.9869,25.9869,25.5099,25.7524,421515
1996-12-03,25.7524,26.0671,25.7118,25.7524,376653
1996-12-04,25.6773,25.787,25.5099,25.5921,294835
1996-12-05,25.5921,25.7118,25.5535,25.6336,379479
1996-12-06,25.6336,25.6336,25.2775,25.4368,901998
1996-12-09,25.4368,25.5099,25.3576,25.4753,265494
1996-12-10,25.5099,25.6773,25.3576,25.4021,144741
1996-12-11,25.2398,25.2775,24.7717,24.8104,326997
1996-12-12,24.7717,24.7717,24.2641,24.4215,760926
1996-12-13,24.3859,24.845,24.3414,24.845,396973
1996-12-16,25.0023,25.4021,25.0023,25.2012,533805
1996-12-17,25.123,25.2398,25.0399,25.2012,638477
1996-12-18,25.2398,25.4021,25.2012,25.3576,710992
1996-12-19,25.3576,25.5535,25.319,25.4753,527597
1996-12-20,25.7118,25.7118,25.5535,25.6336,497410
1996-12-23,25.5921,25.8316,25.5921,25.6773,235300
1996-12-24,25.6773,25.6773,25.5099,25.5099,130624
1996-12-26,25.5099,25.5535,25.4753,25.5535,152356
1996-12-27,25.5535,25.5921,25.5099,25.5921,236714
1996-12-30,25.5921,25.7118,25.5535,25.6336,414178
1996-12-31,25.6336,26.0235,25.5921,25.9097,238969
1997-01-02,25.8316,25.8662,25.2398,25.4021,382864
1997-01-03,25.4368,25.4753,25.123,25.4753,407408
1997-01-06,25.5535,25.787,25.5535,25.6336,239814
1997-01-07,25.5535,25.6336,25.4753,25.5099,347032
1997-01-08,25.5535,25.5535,24.464,24.8104,926826
1997-01-09,24.7717,24.8104,24.1108,24.3859,1911212
1997-01-10,24.1869,24.4215,24.1108,24.3414,870121
1997-01-13,24.464,24.656,24.3859,24.4977,639327
1997-01-14,24.5393,24.6194,24.4215,24.464,342232
1997-01-15,24.4215,24.4215,24.2206,24.2998,405150
1997-01-16,24.3414,24.656,24.3414,24.4215,983538
1997-01-17,24.464,24.6194,24.1869,24.3414,1410410
1997-01-20,24.4215,24.7312,24.3859,24.5393,598131
1997-01-21,24.464,24.845,24.3414,24.7312,663311
1997-01-22,24.6975,24.6975,24.4977,24.5393,274806
1997-01-23,24.7312,24.7717,24.2998,24.2998,396973
1997-01-24,24.3414,24.464,23.9474,24.0652,606036
1997-01-27,24.1435,24.2206,24.0652,24.0652,478507
1997-01-28,24.1108,24.2206,24.0652,24.0652,466941
1997-01-29,24.0652,24.1435,23.9109,23.9474,291448
1997-01-30,24.0277,24.2998,23.9474,24.1869,663591
1997-01-31,24.2998,24.6194,24.2641,24.5393,364241
1997-02-03,24.3414,24.4977,24.0277,24.464,436184
1997-02-04,24.4977,24.5393,24.1435,24.2206,280451
1997-02-05,24.2641,24.2641,23.711,23.7555,409101
1997-02-06,23.711,23.711,23.3657,23.4438,358317
1997-02-07,23.6783,23.9109,23.6783,23.8663,867578
1997-02-10,23.9474,24.0652,23.8663,23.9851,1236613
1997-02-11,23.9851,24.1108,23.8663,23.9474,847264
1997-02-12,23.8663,24.0277,23.8663,23.9474,653715
1997-02-13,23.9851,24.0277,23.7891,23.9109,585155
1997-02-14,23.8663,23.9109,23.711,23.8663,798450
1997-02-18,24.0277,24.0277,23.711,23.7891,891277
1997-02-19,23.7891,23.7891,23.5556,23.6022,328975
1997-02-20,23.5556,23.5556,23.2785,23.3657,417849
1997-02-21,23.3657,23.4438,23.2785,23.329,429418
1997-02-24,23.2785,23.4775,23.243,23.243,588819
1997-02-25,23.2785,23.2785,22.4286,22.5047,637352
1997-02-26,22.5047,22.6205,22.4662,22.5414,615908
1997-02-27,22.5047,22.7472,22.473,22.5839,606882
1997-02-28,22.5839,23.0233,22.5839,22.7047,1163543
1997-03-03,22.9065,22.9806,22.7888,22.9452,1064225
1997-03-04,22.9452,22.9452,22.7888,22.8254,496848
1997-03-05,22.8254,23.1004,22.8254,23.1004,717761
1997-03-06,23.1816,23.3004,23.1391,23.3004,499385
1997-03-07,23.3004,23.6546,23.3004,23.5339,545658
1997-03-10,23.5783,23.7327,23.4568,23.612,628886
1997-03-11,23.5339,23.8466,23.4568,23.612,578949
1997-03-12,23.5783,23.612,23.337,23.4141,536347
1997-03-13,23.337,23.3805,23.1598,23.2221,532680
1997-03-14,23.2558,23.5339,23.2221,23.4568,318251
1997-03-17,23.5339,23.7327,23.3805,23.7327,426875
1997-03-18,23.7327,23.9257,23.4141,23.612,490362
1997-03-19,23.5783,23.8466,23.5783,23.8109,452272
1997-03-20,23.8109,23.8109,23.5339,23.6922,637352
1997-03-21,23.6922,23.9257,23.612,23.9257,730177
1997-03-24,23.8109,24.3215,23.8109,24.28,609140
1997-03-25,24.2413,24.3641,24.1256,24.1652,372989
1997-03-26,24.2413,24.6332,24.1652,24.5164,446343
1997-03-27,24.5977,24.6332,23.8466,23.889,270855
1997-03-31,23.889,24.0078,23.6922,23.8109,467223
1997-04-01,23.7674,23.889,23.612,23.8109,418693
1997-04-02,23.7327,23.7327,23.2221,23.4568,441267
1997-04-03,23.3805,23.3805,22.9065,22.9806,163926
1997-04-04,22.8254,23.9257,22.6285,23.8466,803812
1997-04-07,23.7674,24.4433,23.7327,24.0871,598980
1997-04-08,24.0078,24.0871,23.889,24.0445,640739
1997-04-09,24.0445,24.0445,23.6922,23.7327,403740
1997-04-10,23.7327,23.9257,23.7327,23.8466,250259
1997-04-11,23.8466,23.8466,23.337,23.3805,316561
1997-04-14,23.3805,23.5783,23.1391,23.5783,195523
1997-04-15,23.7674,23.9257,23.612,23.6922,270287
1997-04-16,23.6546,24.6332,23.5783,24.5531,1107678
1997-04-17,24.5531,24.6698,24.3997,24.6698,701112
1997-04-18,24.6698,25.4238,24.6698,25.2269,1071562
1997-04-21,25.2626,25.8108,25.2626,25.697,644690
1997-04-22,25.697,27.0369,25.5842,26.5984,1111065
1997-04-23,26.4411,26.5984,26.2076,26.3699,1103446
1997-04-24,26.2897,26.5173,25.6603,25.7317,593056
1997-04-25,25.9731,26.6815,25.9731,26.5984,1244801
1997-04-28,26.5984,26.5984,26.163,26.5608,748797
1997-04-29,26.5984,26.5984,26.2501,26.3273,383427
1997-04-30,26.2897,26.4055,26.2501,26.2897,1020216
1997-05-01,26.2897,26.8399,26.2501,26.5608,906797
1997-05-02,26.5608,27.5445,26.5173,27.3911,573305
1997-05-05,27.306,27.306,26.0532,26.5984,854597
1997-05-06,26.5984,26.7944,26.4411,26.7607,839361
1997-05-07,26.7607,26.7607,26.3699,26.4055,608574
1997-05-08,26.3699,27.0783,26.3699,26.9151,811431
1997-05-09,27.0369,27.1467,26.8735,26.9151,369610
1997-05-12,26.8735,27.3455,26.8735,27.114,508137
1997-05-13,27.0783,27.1931,27.0369,27.114,591930
1997-05-14,27.1931,27.2278,26.9151,27.0002,917235
1997-05-15,26.9151,26.9151,26.4055,26.4055,578949
1997-05-16,26.4055,26.4411,25.8968,26.0848,1046737
1997-05-19,26.0532,26.1305,26.0166,26.0848,358032
1997-05-20,26.0532,26.6459,26.0166,26.4836,703933
1997-05-21,26.4836,26.8399,26.2897,26.8399,740048
1997-05-22,26.8735,26.8735,26.5608,26.5984,507287
1997-05-23,26.5984,26.7607,26.5608,26.7212,288348
1997-05-27,26.7212,26.9151,26.5984,26.7944,451138
1997-05-28,26.7607,26.7607,26.5173,26.5173,290036
1997-05-29,26.6459,26.8092,26.6124,26.6459,351543
1997-05-30,26.6124,26.8092,26.5311,26.7677,564560
1997-06-02,26.8528,26.8528,26.3699,26.4124,245740
1997-06-03,26.4124,26.4906,26.2897,26.3699,387376
1997-06-04,26.2897,26.3352,26.1362,26.1709,327563
1997-06-05,26.1709,26.4124,26.0601,26.2501,621268
1997-06-06,26.2897,26.3699,26.1362,26.2501,582335
1997-06-09,26.1709,26.3699,26.0601,26.0918,559767
1997-06-10,26.0166,26.0166,25.5842,25.704,788295
1997-06-11,25.7385,26.0601,25.7385,25.9354,1026988
1997-06-12,25.98,26.1709,25.9354,26.1362,723121
1997-06-13,26.1362,26.2501,26.0918,26.2155,1020776
1997-06-16,26.2155,26.3699,26.2155,26.3352,1230408
1997-06-17,26.3699,26.8528,26.2155,26.6895,1467965
1997-06-18,26.7212,27.1278,26.5677,27.0516,1004696
1997-06-19,27.0863,27.9363,27.0863,27.8809,1990491
1997-06-20,27.9155,28.1569,27.8383,28.1184,1174261
1997-06-23,28.1569,28.1569,27.6413,27.9927,926826
1997-06-24,28.0351,28.1352,27.7947,27.9927,560891
1997-06-25,27.9155,28.3895,27.8957,27.9788,690394
1997-06-26,27.9788,27.9927,27.7592,27.7789,533243
1997-06-27,27.7947,28.1352,27.7592,28.1352,306966
1997-06-30,28.0718,28.0718,27.6642,27.7789,362828
1997-07-01,27.7017,28.1569,27.681,27.8809,501642
1997-07-02,27.8809,28.1184,27.8383,28.1184,684187
1997-07-03,35.7426,36.1384,34.6364,34.7967,6872060
1997-07-07,34.8332,35.4527,34.7551,35.3548,3432223
1997-07-08,35.3082,35.983,35.3082,35.9613,2312412
1997-07-09,35.983,36.458,35.9613,36.274,2410315
1997-07-10,36.1384,37.0102,36.1384,36.6985,3186198
1997-07-11,36.6134,36.7776,36.4353,36.6134,2156954
1997-07-14,36.6134,36.6333,36.2592,36.373,1856755
1997-07-15,36.4115,36.4115,35.9613,36.0187,2310435
1997-07-16,36.0365,36.1928,35.6635,35.7278,1721892
1997-07-17,35.7426,35.7426,35.2093,35.2499,1769295
1997-07-18,35.23,35.2726,34.7967,34.9194,975071
1997-07-21,34.8332,34.9945,34.6215,34.8332,720584
1997-07-22,34.9194,35.23,34.6364,35.2093,1383894
1997-07-23,35.429,35.983,35.429,35.8604,1535680
1997-07-24,35.7059,35.804,35.5527,35.6922,1158466
1997-07-25,35.7278,35.8604,34.956,35.1746,966606
1997-07-28,35.1944,35.5051,35.1944,35.429,1685215
1997-07-29,35.4072,35.7842,35.3745,35.7842,2748600
1997-07-30,36.0593,36.7341,36.0593,36.4719,1639225
1997-07-31,36.4719,36.5382,36.3166,36.4115,899175
1997-08-01,36.0593,36.1928,35.8604,35.8604,1529759
1997-08-04,35.9049,35.9049,35.3745,35.5862,1123196
1997-08-05,35.5527,36.095,35.5279,35.9178,1215456
1997-08-06,35.9178,36.1721,35.9049,36.0593,629170
1997-08-07,36.0593,36.2175,35.9049,36.0187,1597188
1997-08-08,35.9049,36.0187,35.5685,35.9049,687852
1997-08-11,35.983,36.458,35.9396,36.458,616757
1997-08-12,36.7341,36.9756,36.6985,36.6985,734972
1997-08-13,36.848,36.9756,36.5382,36.7114,803249
1997-08-14,36.7925,37.1853,36.7925,37.1309,783784
1997-08-15,37.1656,37.2071,36.2947,36.2947,1010340
1997-08-18,36.373,36.5916,35.983,36.5719,1071562
1997-08-19,36.646,37.4852,36.646,37.4852,602083
1997-08-20,37.405,37.5654,37.2882,37.5654,341952
1997-08-21,37.6048,37.9166,37.4437,37.5871,595595
1997-08-22,37.507,37.7286,37.0686,37.7286,767133
1997-08-25,37.8028,37.9622,37.3644,37.5277,293990
1997-08-26,37.6048,37.8028,37.4278,37.7286,650611
1997-08-27,37.7286,37.784,37.3644,37.4852,1296148
1997-08-28,37.4575,37.7128,37.411,37.5871,1269627
1997-08-29,37.5931,37.5931,37.1309,37.1546,927669
1997-09-02,37.1546,37.7356,37.1546,37.5357,1144361
1997-09-03,37.5357,37.9463,37.5357,37.9463,799864
1997-09-04,38.0076,38.1431,37.9691,38.1087,515183
1997-09-05,38.1878,38.1878,37.5357,37.5564,531831
1997-09-08,37.5931,38.1087,37.5931,38.1087,516317
1997-09-09,38.0877,38.2432,37.9691,38.1224,325306
1997-09-10,37.9691,38.0076,37.5732,37.5931,304990
1997-09-11,37.5564,37.6662,37.3318,37.3318,831182
1997-09-12,37.3921,37.7692,37.3714,37.7356,970274
1997-09-15,37.7692,38.2432,37.6545,37.6662,472580
1997-09-16,37.7543,39.2188,37.7543,39.0368,426875
1997-09-17,39.1249,39.6137,39.1031,39.1031,389068
1997-09-18,39.1031,39.3376,39.0368,39.1406,946012
1997-09-19,39.198,39.6345,39.1783,39.496,737224
1997-09-22,39.4732,39.6532,39.1783,39.3584,441832
1997-09-23,39.3227,40.0867,39.2337,40.0867,493181
1997-09-24,40.0293,40.5873,39.9055,39.9749,532393
1997-09-25,39.7304,39.9531,39.1249,39.6137,819617
1997-09-26,39.674,39.8719,39.1031,39.198,1249313
1997-09-29,38.0076,38.1087,37.791,37.9087,802403
1997-09-30,37.8335,38.5499,37.8335,38.5192,585722
1997-10-01,38.4846,38.5192,38.166,38.2867,1106549
1997-10-02,38.3659,38.7587,38.1878,38.7448,733842
1997-10-03,39.0011,39.0011,38.2649,38.6835,946861
1997-10-06,38.7587,39.1031,38.7587,38.9052,497975
1997-10-07,38.826,38.923,38.4618,38.7181,857139
1997-10-08,38.6835,38.7587,38.3421,38.6597,1093854
1997-10-09,38.6173,38.9348,38.3659,38.647,1205862
1997-10-10,38.5648,38.6173,38.1224,38.166,653715
1997-10-13,38.2432,38.5192,38.0877,38.1087,680521
1997-10-14,38.2867,38.3985,38.1224,38.2214,668951
1997-10-15,38.1878,38.3421,37.7692,37.9315,886199
1997-10-16,37.9691,38.2432,37.7692,37.8533,687852
1997-10-17,37.7692,38.2867,37.7356,38.2095,1372610
1997-10-20,38.2867,38.3214,37.9691,38.2214,932188
1997-10-21,38.166,38.4411,37.8869,38.0076,1047021
1997-10-22,37.9315,37.9315,36.5996,36.6985,2174447
1997-10-23,36.3789,36.5629,35.99,35.99,718610
1997-10-24,36.2235,36.3234,35.3548,35.4527,906797
1997-10-27,35.1133,35.2854,33.0284,33.1263,869552
1997-10-28,32.2179,33.6646,32.0121,33.5301,858546
1997-10-29,34.0387,34.7551,34.0387,34.4157,926263
1997-10-30,34.1188,34.5383,33.9833,34.3207,497975
1997-10-31,34.392,34.7967,34.392,34.671,401200
1997-11-03,35.23,35.9396,35.2093,35.9396,825260
1997-11-04,35.7059,36.2235,35.7059,36.2235,452547
1997-11-05,36.2235,36.3027,35.99,35.99,297654
1997-11-06,35.9049,35.9049,35.1746,35.4072,803249
1997-11-07,34.2742,34.8332,34.2742,34.671,900024
1997-11-10,34.7551,34.7967,34.2742,34.3207,468069
1997-11-11,34.3583,34.4365,33.6419,33.9041,850363
1997-11-12,33.7279,33.8417,33.4004,33.445,898331
1997-11-13,33.3668,33.6646,33.0859,33.5648,951656
1997-11-14,33.6419,33.8625,33.445,33.8625,339128
1997-11-17,33.9397,34.2355,33.9397,33.9615,828361
1997-11-18,33.9615,33.9833,33.5301,33.6844,935853
1997-11-19,33.6844,33.9833,33.6419,33.6844,270576
1997-11-20,33.7646,34.0831,33.6419,33.6419,357185
1997-11-21,33.9615,34.0387,33.7438,33.9041,523932
1997-11-24,33.8062,34.4929,33.8062,33.9615,748514
1997-11-25,33.9833,34.392,33.8853,34.196,785761
1997-11-26,34.9668,35.52,34.9054,35.3993,434776
1997-11-28,35.6852,36.081,35.6408,35.8822,258718
1997-12-01,36.0187,36.2384,35.8387,35.8822,437031
1997-12-02,35.9178,36.2175,35.4774,35.5862,695752
1997-12-03,35.5991,35.5991,35.0015,35.1608,448037
1997-12-04,35.0846,35.5862,35.0846,35.244,434497
1997-12-05,35.2023,35.6189,35.1272,35.4972,518008
1997-12-08,35.3993,35.6852,35.3993,35.6852,610549
1997-12-09,35.5991,35.8604,35.3795,35.7229,563432
1997-12-10,35.7001,36.0365,35.6852,36.0187,349287
1997-12-11,35.8604,36.1384,35.8387,36.0593,462992
1997-12-12,36.0593,36.5223,36.0593,36.4927,373833
1997-12-15,36.5916,36.6985,36.3354,36.3898,355210
1997-12-16,36.4789,36.4789,35.1608,35.1796,711554
1997-12-17,35.52,35.9396,35.4774,35.9396,453113
1997-12-18,35.8604,35.9613,35.4597,35.5862,521673
1997-12-19,35.0469,35.0846,34.3266,35.0242,523367
1997-12-22,35.1053,35.5991,34.9668,35.1449,275930
1997-12-23,35.2577,35.2577,34.4849,34.4849,368755
1997-12-24,34.4849,34.8847,34.4849,34.7194,172948
1997-12-26,34.8055,34.9668,34.7194,34.7194,53325
1997-12-29,35.0846,35.6852,35.0846,35.6408,244051
1997-12-30,35.6852,36.2384,35.4774,36.2384,370732
1997-12-31,36.1928,36.8747,36.0593,36.6333,226274
1998-01-02,36.7995,36.9518,36.3166,36.6193,344208
1998-01-05,36.5382,37.0765,36.5382,36.9518,233046
1998-01-06,36.9518,37.1082,36.7995,37.0171,707038
1998-01-07,36.9518,39.0218,36.842,39.0218,854033
1998-01-08,38.9427,38.9427,37.9909,38.2283,1243667
1998-01-09,38.1957,38.2283,37.1923,37.3921,571332
1998-01-12,36.9518,37.6118,36.9518,37.3921,1051813
1998-01-13,37.3921,37.5139,37.1923,37.4694,1648536
1998-01-14,37.5564,37.5732,37.3091,37.4575,343362
1998-01-15,37.4694,37.5732,37.2724,37.2724,719174
1998-01-16,37.4278,37.4921,37.2507,37.3576,815101
1998-01-20,37.4278,37.5564,37.2724,37.5564,508696
1998-01-21,37.5564,38.2095,37.5139,38.2095,992570
1998-01-22,38.1284,39.3445,37.9909,38.8675,1215456
1998-01-23,38.8675,39.1328,38.7033,38.8675,1188651
1998-01-26,38.8675,39.4445,38.8675,39.2633,1184702
1998-01-27,39.2633,39.8768,39.1031,39.4445,1001027
1998-01-28,39.5037,39.8066,39.4445,39.6819,863625
1998-01-29,39.3663,39.9669,39.3663,39.4445,463552
1998-01-30,39.4445,39.4445,38.9427,39.0665,363956
1998-02-02,39.6592,40.1787,39.6058,40.1787,807483
1998-02-03,40.0966,40.4428,40.0046,40.3597,391607
1998-02-04,40.3825,41.5126,40.3024,41.3354,552992
1998-02-05,41.3354,41.3988,40.6744,41.0,1151972
1998-02-06,41.0,41.6323,41.0,41.3988,436184
1998-02-09,41.3779,41.5126,41.0138,41.1573,1418028
1998-02-10,41.1009,41.9736,41.1009,41.8718,521108
1998-02-11,41.8351,41.8718,41.2553,41.4343,1709197
1998-02-12,41.4136,41.8718,41.0138,41.6868,349570
1998-02-13,41.6115,41.754,41.278,41.754,1221943
1998-02-17,41.3779,41.8124,41.3354,41.4878,528441
1998-02-18,41.4136,41.6868,41.2009,41.473,484152
1998-02-19,41.4878,41.6115,41.278,41.5758,226274
1998-02-20,41.851,42.1934,41.7372,42.1697,487818
1998-02-23,42.131,42.3675,41.8718,42.0509,277625
1998-02-24,42.0509,42.0509,41.278,41.5561,260128
1998-02-25,41.6323,43.1058,41.6323,42.7237,714658
1998-02-26,42.8108,44.121,42.8108,44.0428,1392919
1998-02-27,44.0428,44.2862,43.544,44.2862,535780
1998-03-02,44.1615,44.1823,43.6124,43.6638,665848
1998-03-03,43.362,43.362,42.7237,43.1859,483592
1998-03-04,43.1462,43.1462,42.4081,42.9731,264930
1998-03-05,43.0978,43.4124,42.6139,43.0177,468914
1998-03-06,43.2224,43.9685,43.1335,43.9685,269725
1998-03-09,38.1878,39.6265,35.6268,37.5495,7712834
1998-03-10,37.507,37.6325,35.9119,36.551,6148089
1998-03-11,36.3502,36.9439,35.429,36.9439,5663095
1998-03-12,37.1923,37.1923,36.1464,36.4512,2178679
1998-03-13,35.7496,36.7044,35.7496,36.5155,3243188
1998-03-16,36.6253,36.6253,36.0127,36.186,2036762
1998-03-17,36.2315,36.8272,35.1272,35.2657,3471441
1998-03-18,34.7907,34.9668,33.6299,34.4632,4487708
1998-03-19,34.29,35.2657,33.9833,34.9054,3491752
1998-03-20,34.9481,34.9481,34.0624,34.3138,3768534
1998-03-23,33.9833,34.6087,33.3787,34.4632,4273558
1998-03-24,34.386,34.386,33.8259,34.29,1447654
1998-03-25,33.9615,34.2098,33.7438,33.8259,1833059
1998-03-26,33.7853,33.9615,33.5855,33.6646,944319
1998-03-27,33.8259,33.8259,33.1056,33.1807,1110220
1998-03-30,33.1807,33.3044,32.9393,33.2233,554122
1998-03-31,33.2599,34.6215,33.2599,34.4434,1816131
1998-04-01,34.3652,35.0846,34.0624,35.0698,1561920
1998-04-02,34.9798,34.9798,33.9041,34.29,2053404
1998-04-03,34.3138,34.9481,34.2652,34.6215,2622481
1998-04-06,34.6215,34.6215,33.8259,33.9833,362266
1998-04-07,33.9833,35.23,33.8625,34.8927,2988978
1998-04-08,34.7907,34.7907,33.9833,34.106,1530322
1998-04-09,34.2218,34.386,34.0247,34.0911,1158178
1998-04-13,34.1871,34.7047,34.1871,34.5443,582049
1998-04-14,34.5443,34.7264,34.3988,34.671,264930
1998-04-15,34.6502,34.7907,34.0624,34.2425,1329441
1998-04-16,34.2098,34.2098,33.8259,33.9397,651461
1998-04-17,33.9833,33.9833,33.6844,33.8259,566823
1998-04-20,33.7438,33.8625,33.5855,33.6092,536347
1998-04-21,33.5221,33.8062,33.4004,33.7279,942060
1998-04-22,33.7438,34.7491,33.7062,34.4849,900587
1998-04-23,34.3988,34.5839,34.3138,34.5009,565122
1998-04-24,34.5256,34.5256,34.0387,34.1248,731304
1998-04-27,34.0387,34.3138,33.445,33.7646,480483
1998-04-28,33.9279,34.2098,33.7279,34.1871,458475
1998-04-29,34.2098,34.2652,33.8625,34.002,334048
1998-04-30,33.8853,34.29,33.7646,33.8853,300193
1998-05-01,33.8853,34.8263,33.8853,34.5009,836826
1998-05-04,34.5009,34.5839,33.9041,34.5009,521673
1998-05-05,34.4235,34.6502,34.0624,34.1683,421515
1998-05-06,34.1683,35.5051,33.8625,35.1677,2345135
1998-05-07,35.2023,35.2023,34.0624,34.4235,784905
1998-05-08,34.386,34.8719,34.386,34.5443,545658
1998-05-11,34.5009,34.8263,34.4632,34.4849,347879
1998-05-12,34.29,34.5256,34.2218,34.2652,283551
1998-05-13,33.9397,34.3652,33.9397,34.29,239534
1998-05-14,34.29,35.3548,34.2218,34.6215,604339
1998-05-15,34.6502,34.7047,34.106,34.4632,767415
1998-05-18,34.386,34.5443,34.1465,34.2218,229660
1998-05-19,34.3138,34.8927,34.3138,34.4632,965485
1998-05-20,34.4849,34.5582,34.1871,34.386,1015700
1998-05-21,34.386,34.7491,34.3484,34.4434,558351
1998-05-22,34.3652,34.565,34.2652,34.5256,393863
1998-05-26,34.6087,34.7047,34.1465,34.1465,288068
1998-05-27,34.0624,34.1871,33.7853,33.9397,602083
1998-05-28,34.002,34.2218,33.9279,34.0624,369887
1998-05-29,34.2158,34.5166,34.2158,34.4929,1008929
1998-06-01,34.4365,34.9194,34.3395,34.7551,428850
1998-06-02,34.6215,34.9194,34.4702,34.9194,332362
1998-06-03,34.9945,34.9945,33.4727,34.0317,1065917
1998-06-04,34.0694,34.4929,33.7913,34.4702,725945
1998-06-05,34.4702,34.9194,34.3207,34.8194,719174
1998-06-08,34.7551,34.9945,34.5582,34.6769,547918
1998-06-09,34.6769,34.6769,34.4365,34.6364,496565
1998-06-10,34.6364,34.6364,34.1327,34.1742,863907
1998-06-11,34.1742,34.1742,32.9452,33.0492,765722
1998-06-12,32.9808,33.3124,31.7588,33.3124,1254951
1998-06-15,33.1056,33.1471,32.5246,32.5673,286654
1998-06-16,32.6424,32.6988,32.2179,32.3872,605473
1998-06-17,32.6988,33.5498,32.5019,32.588,521108
1998-06-18,32.6632,32.8295,32.3872,32.6227,262954
1998-06-19,32.588,32.6227,32.0962,32.2022,526189
1998-06-22,32.0962,32.0962,31.2759,31.8627,317124
1998-06-23,31.9003,32.0962,31.5381,31.9627,632556
1998-06-24,31.9627,32.686,31.7024,32.686,578667
1998-06-25,32.5019,32.5019,31.9627,32.1408,346185
1998-06-26,32.0962,32.2842,31.7776,31.9844,677415
1998-06-29,32.0646,32.2179,31.9003,32.0052,551584
1998-06-30,32.0437,33.1877,31.8202,33.1877,2874996
1998-07-01,32.9047,32.9047,32.3248,32.5019,1458098
1998-07-02,32.588,33.2669,32.4436,32.967,1018523
1998-07-06,32.8948,33.2302,32.8077,33.2302,507847
1998-07-07,33.2302,33.8695,32.785,33.7349,1027549
1998-07-08,33.7062,33.911,33.352,33.8922,912718
1998-07-09,33.8922,34.5927,33.8922,34.2495,1200782
1998-07-10,34.2742,34.956,34.2742,34.7551,1570388
1998-07-13,34.8422,34.8787,34.2742,34.4157,687012
1998-07-14,34.3395,34.3395,33.7913,33.9348,629452
1998-07-15,33.8695,33.8695,32.5019,33.1669,826667
1998-07-16,31.8627,31.8627,31.2759,31.3383,3506138
1998-07-17,28.9635,29.5314,28.8001,29.1712,7592644
1998-07-20,29.186,30.3695,29.1712,29.9302,1891457
1998-07-21,29.9302,29.9837,29.4264,29.4681,1759415
1998-07-22,29.5442,29.6115,28.8219,28.9417,1356811
1998-07-23,28.8001,28.9999,27.3534,27.6948,1849986
1998-07-24,27.8383,27.9155,27.5592,27.5959,1334237
1998-07-27,27.5098,27.5098,27.114,27.4998,690111
1998-07-28,27.4554,27.4554,25.7445,26.2283,1862680
1998-07-29,26.3135,26.6321,25.9097,26.0671,1010902
1998-07-30,26.1066,26.4283,26.0848,26.1066,699703
1998-07-31,26.1927,26.3135,25.9651,26.0671,725384
1998-08-03,26.0671,26.0671,25.4615,25.6456,633684
1998-08-04,25.6603,25.7247,23.8109,24.464,1594084
1998-08-05,24.4433,24.4433,23.7753,24.1177,1265394
1998-08-06,24.1177,24.1177,23.4141,23.9801,511798
1998-08-07,24.1395,24.8243,24.1395,24.6778,991437
1998-08-10,24.464,24.464,23.5122,23.711,766568
1998-08-11,23.1737,23.329,22.5255,22.9511,1682396
1998-08-12,23.2717,23.7327,23.1737,23.4775,831182
1998-08-13,23.3736,23.4903,23.0084,23.2083,731592
1998-08-14,23.2925,23.329,22.5255,22.6285,699421
1998-08-17,22.5484,22.6048,21.9902,22.3316,1195426
1998-08-18,22.4078,23.055,22.4078,22.8689,711554
1998-08-19,22.8689,22.8689,22.286,22.3633,735251
1998-08-20,22.473,22.5839,22.1673,22.203,781524
1998-08-21,22.0445,22.1446,21.1234,22.1446,1154232
1998-08-24,22.2287,22.8481,21.8843,22.103,1300660
1998-08-25,22.286,23.1737,22.286,22.7047,1377971
1998-08-26,22.491,22.5255,21.6053,21.6844,1224481
1998-08-27,21.3619,21.446,20.6247,20.7187,1510290
1998-08-28,20.8423,21.0403,20.4377,20.8829,872090
1998-08-31,20.9621,21.2312,20.0873,20.5188,1231259
1998-09-01,20.4377,21.3619,20.4377,21.2312,1618069
1998-09-02,21.3619,21.5499,20.4198,20.4911,1152252
1998-09-03,20.2348,20.5564,19.7509,20.2348,1289942
1998-09-04,20.3159,20.3159,19.5422,19.7826,819335
1998-09-08,19.9132,20.1556,19.3462,19.7311,1294742
1998-09-09,19.7826,20.9255,19.7826,20.9255,2605834
1998-09-10,20.397,20.6247,20.118,20.397,1620042
1998-09-11,20.3526,20.3526,19.6293,19.6697,1083979
1998-09-14,19.9498,20.0735,19.2047,19.3017,2309023
1998-09-15,19.264,19.7826,19.2205,19.7084,1531448
1998-09-16,19.8697,19.9894,19.4659,19.9894,1220814
1998-09-17,19.9132,20.217,19.6697,19.9785,1093854
1998-09-18,19.9132,20.8423,19.9132,20.397,2015603
1998-09-21,20.3279,20.8226,20.2348,20.7622,1699324
1998-09-22,20.8423,21.1451,20.4198,20.5188,1091033
1998-09-23,20.8829,21.7893,20.8829,21.7706,4193431
1998-09-24,21.6924,22.5839,21.635,22.0742,2514143
1998-09-25,21.9556,22.3147,21.8547,22.2782,1626818
1998-09-28,22.2782,23.2717,22.2782,22.7591,1263419
1998-09-29,22.9282,23.3508,22.7591,23.329,1019367
1998-09-30,23.2488,23.7555,23.2488,23.6309,1799200
1998-10-01,23.4695,23.9801,23.2291,23.6546,2433449
1998-10-02,23.8743,24.2413,23.4695,24.2413,1813589
1998-10-05,24.1582,24.4433,23.7327,24.285,1637534
1998-10-06,24.4433,24.4433,24.0811,24.3414,1100062
1998-10-07,24.4433,24.7272,23.6783,23.7753,2361785
1998-10-08,23.5783,23.5783,22.5839,23.4695,1131379
1998-10-09,23.5122,23.8327,22.9659,23.0677,1383044
1998-10-12,23.3072,23.7555,22.9065,22.9452,1485461
1998-10-13,22.9806,23.1895,22.6205,22.9806,997077
1998-10-14,23.1004,23.4568,22.9806,23.3864,1269340
1998-10-15,23.3072,24.1177,23.2488,23.9406,1609890
1998-10-16,24.0811,25.1527,24.0365,25.0479,1565591
1998-10-19,25.0093,25.8968,24.9539,25.6139,1308845
1998-10-20,25.6139,25.8968,25.2269,25.3794,1021625
1998-10-21,25.4545,25.4753,24.6915,24.8885,363956
1998-10-22,24.9746,25.13,24.6915,24.9539,398378
1998-10-23,24.9875,25.3794,24.8678,25.13,537761
1998-10-26,25.2091,25.4961,24.9262,25.027,385965
1998-10-27,25.1527,25.7594,25.1527,25.3259,630014
1998-10-28,25.2913,26.2076,25.2685,25.4545,699421
1998-10-29,25.4159,25.7791,25.1774,25.7187,338849
1998-10-30,25.697,25.98,25.6831,25.8177,382583
1998-11-02,25.7594,26.163,25.7594,26.0671,910181
1998-11-03,26.1849,26.4411,25.8404,25.8404,674875
1998-11-04,25.9177,26.8933,25.8968,26.8319,772492
1998-11-05,26.7459,27.0713,26.4678,26.9289,418693
1998-11-06,26.9289,26.9289,26.5113,26.6688,248845
1998-11-09,26.6688,27.1467,26.4678,26.9151,1136179
1998-11-10,26.9151,27.2011,26.5243,26.6459,577540
1998-11-11,26.7102,26.7102,25.7791,25.8968,505875
1998-11-12,25.8968,25.98,25.4159,25.9582,1008646
1998-11-13,25.98,26.4055,25.8968,26.2838,740611
1998-11-16,26.3699,26.3699,25.9998,26.3194,1008646
1998-11-17,26.2214,26.5243,26.163,26.2838,716352
1998-11-18,26.3194,26.3432,25.8613,26.0394,992570
1998-11-19,26.0848,26.0988,25.9177,25.9998,695474
1998-11-20,26.2214,26.3194,25.9354,26.1225,1278090
1998-11-23,26.263,27.0516,26.1849,26.7102,804097
1998-11-24,26.4678,26.8735,26.3432,26.5243,562583
1998-11-25,26.5984,27.1634,26.454,26.539,525910
1998-11-27,26.539,26.539,26.35,26.3906,235020
1998-11-30,26.3135,26.7607,26.2897,26.4352,1048716
1998-12-01,26.3906,26.6191,26.3699,26.4124,1114167
1998-12-02,25.9869,26.0077,23.9851,25.1774,3395540
1998-12-03,25.1774,25.3338,24.1582,25.2962,2226075
1998-12-04,25.5318,26.2699,25.5318,25.6831,2399029
1998-12-07,25.7385,26.0314,25.0479,25.889,705068
1998-12-08,25.9651,26.0314,25.6199,25.6603,257034
1998-12-09,25.6199,25.8256,25.027,25.2775,580077
1998-12-10,25.3576,25.3794,24.2355,24.3414,1500695
1998-12-11,24.2998,24.2998,23.3004,23.3449,1748132
1998-12-14,23.3004,23.8663,23.2034,23.5042,853188
1998-12-15,23.429,23.5042,22.8185,22.9729,1530887
1998-12-16,22.9729,24.2355,22.7659,23.889,1545277
1998-12-17,23.8525,24.2355,23.7555,23.8327,648071
1998-12-18,23.7555,23.9751,23.6863,23.8327,683902
1998-12-21,23.7891,23.8663,23.5616,23.711,566823
1998-12-22,23.6704,23.7891,23.3004,23.5478,940935
1998-12-23,23.5863,23.5863,22.2643,22.6048,1566437
1998-12-24,22.6948,22.9312,22.6948,22.8185,166742
1998-12-28,22.8541,23.429,22.386,23.2785,1093286
1998-12-29,23.2785,23.3004,23.039,23.1004,462992
1998-12-30,23.145,24.0365,23.145,23.7555,524494
1998-12-31,23.711,23.8327,23.429,23.7891,238969
1999-01-04,24.0584,24.6055,23.429,23.5042,1120939
1999-01-05,23.5042,23.9554,23.5042,23.8327,896644
1999-01-06,22.3633,22.6048,21.635,22.5484,5239319
1999-01-07,22.386,22.5047,22.0021,22.1229,2541792
1999-01-08,22.1229,22.1673,20.6583,21.2312,2389721
1999-01-11,21.2659,21.6123,21.2659,21.4311,874062
1999-01-12,21.349,21.3619,21.0473,21.2659,1342134
1999-01-13,20.9463,20.9621,20.0873,20.8829,2372512
1999-01-14,20.8829,21.0473,20.3279,20.3526,1598599
1999-01-15,20.4377,20.5564,20.3279,20.4574,1414079
1999-01-19,20.7394,20.8295,20.1686,20.3279,656536
1999-01-20,20.3159,20.397,19.9281,20.1249,578388
1999-01-21,19.8023,19.9725,19.3541,19.8023,1348907
1999-01-22,19.7242,19.8023,19.3541,19.5986,1697628
1999-01-25,19.5986,19.9894,19.5986,19.8835,517443
1999-01-26,19.8835,20.1923,19.5422,19.5777,1149997
1999-01-27,19.5223,19.5986,18.7486,18.8277,920339
1999-01-28,18.8277,18.8277,18.4694,18.7099,1658979
1999-01-29,18.7486,18.8277,18.423,18.5427,742585
1999-02-01,19.1988,20.7394,19.1542,20.3733,2648155
1999-02-02,20.397,20.9463,20.0072,20.8958,1421700
1999-02-03,20.8958,21.9625,20.8958,21.3302,2555898
1999-02-04,21.4084,21.5904,21.2312,21.2867,1610448
1999-02-05,21.535,21.635,21.3302,21.5579,843032
1999-02-08,21.4925,21.6993,21.2312,21.5579,791683
1999-02-09,21.5112,21.5579,20.8622,21.062,1491950
1999-02-10,21.0244,21.0473,20.4911,20.6395,843878
1999-02-11,20.6762,20.6762,19.8192,20.2862,2619099
1999-02-12,20.3279,20.4574,19.8479,19.9281,406280
1999-02-16,20.0072,20.2862,19.557,19.8023,896644
1999-02-17,19.8023,19.8023,19.458,19.5986,598131
1999-02-18,19.7242,19.8835,19.644,19.8023,561454
1999-02-19,19.8835,20.1686,19.7638,20.0072,694344
1999-02-22,20.1686,20.1686,19.6213,20.0528,854033
1999-02-23,20.1249,20.2497,19.4808,20.214,958427
1999-02-24,20.4911,20.6395,20.3526,20.4198,636507
1999-02-25,20.405,20.5188,19.9132,20.4446,488100
1999-02-26,20.5188,20.6692,20.3684,20.405,349570
1999-03-01,20.3159,20.3813,20.0299,20.217,528441
1999-03-02,20.1774,20.4644,19.9132,19.9894,1308845
1999-03-03,19.9894,20.2784,19.6857,19.7509,1347494
1999-03-04,19.8697,20.8355,19.8697,20.5712,2395078
1999-03-05,20.5188,20.5851,19.7509,20.3001,1037422
1999-03-08,20.3436,20.3813,20.0528,20.1774,530987
1999-03-09,20.2071,20.2784,20.0299,20.0942,317404
1999-03-10,20.0942,20.118,19.8479,19.9132,799582
1999-03-11,19.9894,20.0942,19.8479,19.9785,779263
1999-03-12,20.1409,20.7899,20.1409,20.684,918079
1999-03-15,20.7474,21.2659,20.7474,21.2659,762059
1999-03-16,21.3777,21.8091,21.2787,21.4855,1098085
1999-03-17,21.4855,21.6053,21.3619,21.5272,721711
1999-03-18,21.3619,21.5846,21.2787,21.5272,304990
1999-03-19,21.5272,21.5272,20.9542,21.0403,606036
1999-03-22,21.0403,21.0403,20.4644,20.6305,354647
1999-03-23,20.5851,20.6692,20.1409,20.2071,375525
1999-03-24,20.217,20.505,20.1774,20.2348,393303
1999-03-25,20.2348,20.3813,20.0072,20.1556,529291
1999-03-26,20.1774,20.1774,19.4808,19.6213,907351
1999-03-29,19.7826,19.935,19.7311,19.9132,897204
1999-03-30,19.7509,19.7509,19.2799,19.4808,980434
1999-03-31,19.5639,19.935,19.4808,19.6064,836260
1999-04-01,19.6064,19.7688,19.5422,19.6619,490923
1999-04-05,19.644,19.8113,19.5422,19.6213,546501
1999-04-06,19.644,19.7084,19.2383,19.2522,560891
1999-04-07,19.1988,19.2383,18.7643,18.992,1131656
1999-04-08,19.0246,19.0543,18.8623,18.9138,176056
1999-04-09,18.9484,19.2205,18.9138,18.992,458757
1999-04-12,18.9138,19.8697,18.8841,19.8479,633684
1999-04-13,19.8479,20.1774,19.4165,19.4808,530703
1999-04-14,19.3146,20.3813,19.2383,20.0942,912153
1999-04-15,20.3001,21.0403,20.3001,20.6692,791683
1999-04-16,20.9542,21.6924,20.9106,21.4727,848107
1999-04-19,21.5499,22.3444,21.5043,22.0021,1898794
1999-04-20,22.0021,22.0021,21.1174,21.1601,645535
1999-04-21,21.3222,21.8091,21.1601,21.2184,702807
1999-04-22,21.1798,21.2184,20.9334,21.0403,434497
1999-04-23,21.0403,21.1798,20.8503,20.9977,624371
1999-04-26,21.074,21.2035,20.9542,20.9759,1039963
1999-04-27,21.7706,21.7706,20.6305,20.6692,1503519
1999-04-28,20.6692,21.3619,20.6692,21.1798,1329720
1999-04-29,21.2184,21.4727,20.9759,20.9977,550731
1999-04-30,21.2035,21.3619,20.7701,20.9334,827233
1999-05-03,21.2184,21.4855,21.1601,21.4084,699421
1999-05-04,21.4855,22.103,21.446,21.6567,1346648
1999-05-05,21.5706,21.7349,21.3619,21.6053,503052
1999-05-06,21.6053,21.8319,21.446,21.6567,665284
1999-05-07,21.6567,22.2999,21.6567,21.8091,930219
1999-05-10,21.8091,22.0802,21.8091,22.0169,974506
1999-05-11,22.103,22.1169,21.6924,21.7963,784905
1999-05-12,21.8547,22.3444,21.6924,22.0802,1284296
1999-05-13,22.0169,22.5561,22.0169,22.491,821590
1999-05-14,22.491,22.5047,22.103,22.1921,2028014
1999-05-17,22.1921,22.2445,21.7706,21.918,618165
1999-05-18,22.0021,22.3444,21.9754,22.2445,648921
1999-05-19,22.3316,22.5691,22.1921,22.491,1677597
1999-05-20,22.5918,23.0807,22.5918,22.7966,2088393
1999-05-21,22.8768,24.1869,22.8768,24.0009,1978644
1999-05-24,23.8595,23.8812,23.047,23.2488,1813877
1999-05-25,23.2855,23.5339,22.9579,23.0016,580077
1999-05-26,23.0807,23.1668,22.671,23.047,618165
1999-05-27,22.9282,23.0936,22.4286,22.5127,902845
1999-05-28,22.5334,22.7007,22.1921,22.2495,1015139
1999-06-01,22.2287,22.5334,22.1921,22.2287,710708
1999-06-02,22.2287,22.5771,22.1921,22.3504,762342
1999-06-03,22.3504,22.473,21.8091,21.8784,822718
1999-06-04,22.0238,22.2495,22.0238,22.1446,688420
1999-06-07,22.2287,22.5988,22.203,22.203,611393
1999-06-08,22.2287,22.4286,22.1229,22.2495,431108
1999-06-09,21.8972,21.8972,21.3222,21.5499,723406
1999-06-10,21.635,21.635,21.2035,21.2392,748514
1999-06-11,21.2787,21.5043,21.1174,21.2035,398099
1999-06-14,21.2035,21.5706,21.2035,21.3619,445779
1999-06-15,21.3222,21.8972,21.3222,21.5499,503052
1999-06-16,21.6726,22.2287,21.6726,22.1921,1141251
1999-06-17,22.2643,22.7007,22.2643,22.3079,1047583
1999-06-18,22.3079,22.3316,21.8091,21.8091,600958
1999-06-21,21.8972,21.8972,21.1521,21.4668,461014
1999-06-22,21.635,21.6567,21.1521,21.2392,433080
1999-06-23,21.258,21.6924,21.2184,21.4084,499385
1999-06-24,21.4084,21.4084,20.782,20.8295,600392
1999-06-25,20.8146,21.6053,20.8146,21.5706,995948
1999-06-28,21.6053,22.1229,21.3451,21.5272,1123196
1999-06-29,21.5706,22.0892,21.446,22.0892,998208
1999-06-30,22.0892,22.1446,21.7706,21.8319,435342
1999-07-01,21.918,22.1229,21.7567,22.1229,647787
1999-07-02,22.203,22.3079,22.1673,22.3079,320792
1999-07-06,22.3079,22.8828,22.103,22.6562,634247
1999-07-07,23.5478,24.57,23.1311,24.472,3848094
1999-07-08,24.3928,24.3928,23.7555,24.1395,1926726
1999-07-09,24.3077,24.3077,23.5616,23.6704,768264
1999-07-12,23.711,24.1869,23.4616,24.1652,526752
1999-07-13,24.0811,24.1028,23.7327,23.8525,288908
1999-07-14,23.8525,24.2068,23.7327,24.0158,481046
1999-07-15,24.2068,24.57,24.1869,24.4293,479072
1999-07-16,24.4917,25.0023,24.4917,24.9262,792244
1999-07-19,24.8816,24.9806,24.2068,24.37,806917
1999-07-20,24.37,24.37,23.8743,24.0158,550731
1999-07-21,24.3077,24.6194,24.3077,24.6194,1377121
1999-07-22,24.37,24.8608,24.2068,24.6411,748514
1999-07-23,24.6411,24.7717,24.4917,24.6194,398940
1999-07-26,24.37,24.5096,24.0365,24.0811,352673
1999-07-27,24.0811,24.2641,23.896,24.1652,284398
1999-07-28,23.9921,24.1652,23.7327,23.8327,509257
1999-07-29,23.711,24.0365,23.5478,23.8109,523367
1999-07-30,23.7327,23.9109,23.6249,23.7555,460449
1999-08-02,23.6704,23.7555,23.2785,23.3221,563432
1999-08-03,23.2785,23.4616,23.0313,23.4616,730177
1999-08-04,23.5478,23.5478,23.055,23.055,381452
1999-08-05,23.055,23.055,22.8481,22.8689,296246
1999-08-06,22.8254,22.8254,22.7007,22.7402,274806
1999-08-09,22.7591,22.8254,22.5771,22.7402,535780
1999-08-10,22.7185,22.8026,22.5127,22.7809,574436
1999-08-11,22.7809,23.055,22.7809,22.9876,270005
1999-08-12,23.1529,23.1964,22.8481,22.8481,514622
1999-08-13,22.9065,22.9659,22.6562,22.8828,358317
1999-08-16,22.8828,22.9659,22.6562,22.7007,147560
1999-08-17,22.6562,23.2153,22.6562,23.1064,632556
1999-08-18,23.1064,23.2153,22.7591,22.9282,230790
1999-08-19,22.8481,22.8481,22.3504,22.7007,240378
1999-08-20,22.7809,22.8689,22.6868,22.7591,131193
1999-08-23,23.055,23.896,22.9659,23.6863,757824
1999-08-24,23.9109,24.7382,23.8109,24.5461,1214322
1999-08-25,24.5461,24.656,24.2413,24.37,798170
1999-08-26,24.4433,24.4433,24.1869,24.2355,264650
1999-08-27,24.2156,24.2355,23.8179,24.0009,315711
1999-08-30,23.9614,24.2355,23.9614,23.9801,479922
1999-08-31,23.9614,24.1108,23.8812,24.0009,390195
1999-09-01,23.9406,24.1435,23.8595,24.0652,262672
1999-09-02,24.0009,24.0009,23.3449,23.5478,685876
1999-09-03,23.6783,23.7961,23.5943,23.6783,620424
1999-09-07,23.711,23.711,23.2785,23.3004,943472
1999-09-08,23.2785,23.3004,23.0084,23.1816,497975
1999-09-09,23.0936,23.1311,22.7591,22.9876,637628
1999-09-10,23.0313,23.4616,23.0084,23.2034,1180467
1999-09-13,23.1529,23.1816,23.0313,23.1529,430825
1999-09-14,23.1529,23.1529,22.7185,22.7185,181980
1999-09-15,22.7591,22.8689,22.4286,22.4513,354647
1999-09-16,22.3939,22.3939,21.4381,21.7488,851777
1999-09-17,21.7488,22.3079,21.7488,21.7488,1886378
1999-09-20,21.8091,21.8091,21.2115,21.251,415309
1999-09-21,20.9621,21.062,20.6909,21.0244,2219308
1999-09-22,21.062,21.062,20.6088,20.7117,820745
1999-09-23,20.7316,20.7316,19.9894,20.0873,559203
1999-09-24,20.0735,20.118,19.7242,19.8479,1062533
1999-09-27,19.8192,20.4841,19.8192,20.217,469199
1999-09-28,20.3001,20.505,20.1409,20.2001,827796
1999-09-29,20.118,20.4257,19.8617,19.8617,714376
1999-09-30,19.9498,21.3302,19.9498,21.0403,744846
1999-10-01,20.9621,20.9621,19.8192,19.9498,742585
1999-10-04,19.9498,20.4446,19.9281,20.3813,454527
1999-10-05,20.3159,20.3159,19.2799,19.4085,802124
1999-10-06,19.4946,19.6213,19.3304,19.5303,670078
1999-10-07,19.6213,20.0735,19.5303,19.9063,805227
1999-10-08,19.7826,20.3001,19.7826,20.3001,544529
1999-10-11,20.4644,20.876,20.2348,20.6395,529291
1999-10-12,20.6395,20.6395,18.6061,19.5303,2601035
1999-10-13,19.2047,19.2799,18.4951,18.5575,1102884
1999-10-14,18.4616,18.9543,18.3725,18.6872,897204
1999-10-15,18.6872,18.6872,18.0409,18.4397,698575
1999-10-18,18.4397,18.7841,18.1676,18.6061,486686
1999-10-19,18.5427,18.8682,17.9975,18.0252,635381
1999-10-20,18.3508,18.6635,17.9598,18.1676,1132789
1999-10-21,18.0409,18.415,17.9975,18.2112,1589286
1999-10-22,18.6228,18.9138,17.6294,18.1043,1371194
1999-10-25,18.2112,18.2112,17.6294,17.857,872376
1999-10-26,17.8787,18.226,17.7551,18.1271,1278654
1999-10-27,18.1271,18.2904,17.9975,18.1459,2424138
1999-10-28,18.1676,18.415,18.1676,18.3508,1287121
1999-10-29,18.2677,18.2677,17.4462,18.1676,1750389
1999-11-01,18.1885,18.2112,18.0905,18.1459,852341
1999-11-02,18.1676,18.2112,17.9975,18.1271,393303
1999-11-03,18.2112,18.2904,17.9975,18.2112,870400
1999-11-04,18.226,18.2904,18.0409,18.2112,1093854
1999-11-05,18.2904,18.3309,18.0628,18.1043,285805
1999-11-08,18.1043,18.1043,17.7154,17.7363,622112
1999-11-09,17.7996,17.857,17.3019,17.7996,512644
1999-11-10,17.7996,18.2904,17.7996,18.1676,745694
1999-11-11,18.1885,18.5427,17.2207,17.4038,1372325
1999-11-12,17.2534,17.6729,16.7566,17.6511,2150746
1999-11-15,17.6511,17.9004,17.5423,17.8352,599829
1999-11-17,17.7996,18.3725,17.5423,18.3309,752746
1999-11-18,18.2677,19.0751,18.2677,18.9138,832311
1999-11-19,18.5784,19.5115,18.5784,19.1404,1043917
1999-11-22,19.0751,19.1839,18.6565,18.7099,666125
1999-11-23,18.6635,18.7317,18.3181,18.4397,511798
1999-11-24,18.4003,18.4694,18.0104,18.0905,242075
1999-11-26,18.0905,18.1746,18.0104,18.0252,98749
1999-11-29,17.951,17.951,17.3365,17.7551,578388
1999-11-30,17.6729,18.7376,17.6729,18.7376,684470
1999-12-01,18.6368,18.6565,18.0905,18.4694,1102884
1999-12-02,18.5942,18.7238,18.5091,18.5942,861088
1999-12-03,18.6704,19.5115,18.6704,19.4085,973101
1999-12-06,19.2799,19.3462,18.423,19.1097,889584
1999-12-07,18.992,19.0543,17.5076,17.8421,2744935
1999-12-08,17.7551,17.8421,17.2207,17.2207,2729127
1999-12-09,17.2534,17.2534,15.6731,16.8348,2870482
1999-12-10,17.007,17.4672,16.9634,17.2207,1191753
1999-12-13,17.1762,17.191,16.6309,16.8852,1633021
1999-12-14,16.9634,17.191,16.7783,16.9634,1263981
1999-12-15,16.9853,17.007,16.8348,16.9001,1374580
1999-12-16,16.9853,17.7551,16.8348,17.0466,1349469
1999-12-17,17.0664,17.2395,16.6953,16.7566,1164390
1999-12-20,16.7151,16.7566,16.0482,16.339,820177
1999-12-21,16.3014,16.9269,16.0263,16.5428,1198809
1999-12-22,16.5428,16.6309,16.4815,16.6309,718610
1999-12-23,16.6745,17.3019,16.6745,17.1317,540016
1999-12-27,17.2207,17.4672,17.0664,17.383,582616
1999-12-28,17.3365,17.4255,17.1762,17.2801,412205
1999-12-29,17.3365,17.5937,17.2534,17.5294,327845
1999-12-30,17.6086,18.1529,17.571,17.9598,716634
1999-12-31,17.9281,18.1123,17.8203,18.0252,429980
2000-01-03,18.1123,18.1123,17.383,17.6373,429138
2000-01-04,17.8857,18.3438,17.7996,17.8629,846979
2000-01-05,17.8629,18.2834,17.7996,17.8421,782090
2000-01-06,17.6729,17.6729,17.3365,17.5076,833720
2000-01-07,17.5937,18.1746,17.5937,17.9281,1204169
2000-01-10,18.0104,18.0905,17.6729,17.7154,842465
2000-01-11,17.6729,18.4694,17.6591,18.0252,657950
2000-01-12,18.1123,18.1746,17.8421,17.8421,389638
2000-01-13,17.8857,18.0707,17.7768,17.8421,354085
2000-01-14,17.8421,18.0104,17.7551,17.7551,472021
2000-01-18,17.3019,17.5076,16.9853,17.383,555244
2000-01-19,17.2534,17.3167,16.7358,16.8348,904535
2000-01-20,16.9269,17.1554,16.3806,16.9269,944882
2000-01-21,17.0901,17.4038,16.7783,17.4038,755566
2000-01-24,17.4038,17.5937,16.2213,16.2549,863065
2000-01-25,16.3806,16.4459,15.5099,15.9244,824411
2000-01-26,16.0482,16.0906,15.0913,15.965,1325208
2000-01-27,16.0075,16.7992,16.0075,16.6745,1713152
2000-01-28,16.7151,16.9853,16.5092,16.6953,837104
2000-01-31,16.7151,16.7566,16.2549,16.7566,671206
2000-02-01,16.9269,16.9269,16.3806,16.7566,1247618
2000-02-02,16.8348,16.8645,16.4251,16.6745,992282
2000-02-03,16.8852,16.9496,16.4815,16.6507,850935
2000-02-04,16.7151,17.2534,16.7151,17.2534,866167
2000-02-07,17.5076,18.0479,16.5092,16.6309,1515934
2000-02-08,16.5428,16.6745,16.339,16.4815,557792
2000-02-09,16.4815,16.5092,15.965,16.1253,608293
2000-02-10,16.1124,16.1787,15.7166,15.773,1093003
2000-02-11,15.773,15.8631,15.5099,15.6285,1623991
2000-02-14,15.6514,15.7374,15.5306,15.5306,1156491
2000-02-15,15.4692,15.5099,14.922,15.0694,2012216
2000-02-16,15.0101,15.5653,15.0101,15.4237,890994
2000-02-17,15.3406,15.5306,15.2961,15.4475,304427
2000-02-18,15.3406,15.3614,14.8864,15.0101,1075511
2000-02-22,15.0101,15.5099,15.0101,15.3188,708452
2000-02-23,15.2555,15.3822,15.2139,15.2417,476249
2000-02-24,15.4326,15.4742,15.206,15.4554,1042504
2000-02-25,15.4554,15.5583,15.0348,15.2684,941214
2000-02-28,15.2684,15.4742,15.0764,15.0981,532961
2000-02-29,15.1398,15.4554,15.1398,15.2417,466091
2000-03-01,15.206,15.206,14.6609,14.7459,626914
2000-03-02,14.4857,14.7627,14.3402,14.6609,1837289
2000-03-03,14.7459,14.929,14.7459,14.929,786598
2000-03-06,15.1398,16.2747,15.1398,16.148,1609038
2000-03-07,16.148,16.4172,15.6671,15.7087,2035068
2000-03-08,15.8077,16.1046,15.6671,15.9017,900024
2000-03-09,15.8492,15.9848,15.8077,15.9848,850935
2000-03-10,15.9848,15.9848,15.7236,15.8334,745409
2000-03-13,15.8077,15.9363,15.7236,15.8077,540861
2000-03-14,15.9017,16.6507,15.8077,16.4172,1093571
2000-03-15,16.339,17.6591,16.148,17.6591,1213479
2000-03-16,17.6867,18.415,17.6254,18.3785,1408717
2000-03-17,18.1676,18.7149,18.1676,18.5635,1361887
2000-03-20,18.5091,18.5427,17.1554,17.7076,853753
2000-03-21,17.7838,18.415,17.7838,18.1676,1602828
2000-03-22,18.2904,18.3309,17.8926,18.0192,1124610
2000-03-23,17.8055,17.9558,17.4117,17.5166,558634
2000-03-24,17.4959,17.9975,17.4959,17.9975,961250
2000-03-27,18.1271,18.1271,17.7708,17.9144,759519
2000-03-28,17.9975,18.0628,17.6591,17.7076,800429
2000-03-29,17.8699,17.9144,17.5572,17.5937,1057173
2000-03-30,17.6591,18.226,17.6254,17.8352,1566155
2000-03-31,17.9144,18.1043,17.6591,17.8055,2393668
2000-04-03,17.8055,17.8055,17.2277,17.6433,1172006
2000-04-04,17.6591,18.799,17.5937,18.5862,1478405
2000-04-05,18.5091,19.1751,18.415,18.5862,1034602
2000-04-06,18.8841,19.3017,18.8623,18.9484,789140
2000-04-07,19.0246,19.2205,18.4467,18.4467,585722
2000-04-10,18.4467,18.8327,18.4467,18.7564,593624
2000-04-11,18.8327,19.2205,18.8327,19.0246,420386
2000-04-12,19.087,19.9785,19.0246,19.2205,1245927
2000-04-13,19.4283,21.0244,19.3017,20.2071,1875654
2000-04-14,20.1686,20.6525,19.8914,19.9944,1633584
2000-04-17,20.2497,21.6123,20.2497,21.4727,2306486
2000-04-18,21.4727,21.8715,21.1946,21.8013,2182908
2000-04-19,21.7626,21.8903,21.446,21.4925,692934
2000-04-20,21.4925,22.7966,21.3619,22.5414,1342697
2000-04-24,23.047,23.804,23.0016,23.6982,2356426
2000-04-25,23.6309,24.8965,23.2785,24.4136,3059799
2000-04-26,24.4136,24.4136,23.1737,23.4855,2770321
2000-04-27,23.2083,24.6915,23.2083,24.5768,1996979
2000-04-28,24.6491,24.9399,23.7397,23.8386,2047763
2000-05-01,23.9327,24.8539,23.9327,24.7272,1263138
2000-05-02,24.7272,25.2962,24.2206,24.5393,2089523
2000-05-03,24.5393,24.5393,23.7624,23.9109,1025291
2000-05-04,24.1177,24.7272,23.9327,24.6915,1186395
2000-05-05,24.5977,24.7272,24.3077,24.472,1048716
2000-05-08,24.4136,25.0399,24.2641,24.6915,1059148
2000-05-09,24.5977,25.0399,24.4136,25.0399,1250157
2000-05-10,24.9618,25.1527,24.7659,25.0399,1006957
2000-05-11,25.0399,25.5248,25.0399,25.3576,1385585
2000-05-12,25.3576,25.8613,25.3338,25.4615,1611863
2000-05-15,25.5475,25.7594,25.0776,25.3794,1074103
2000-05-16,25.4615,25.7118,25.2775,25.6525,847264
2000-05-17,25.6773,26.9151,25.5475,26.6608,2726874
2000-05-18,26.7459,27.2278,26.2976,26.448,1660106
2000-05-19,26.448,26.7677,25.9295,26.6381,1548094
2000-05-22,26.6381,26.6381,25.9097,26.1562,997645
2000-05-23,26.5757,26.5757,25.8177,25.889,1507752
2000-05-24,25.7594,26.448,25.69,25.889,889865
2000-05-25,25.787,25.9928,24.8311,25.1774,1325768
2000-05-26,25.2546,25.6831,24.6194,24.8747,1003850
2000-05-30,24.9676,25.319,24.9469,25.319,1120371
2000-05-31,25.319,26.0166,25.2546,25.9097,1174541
2000-06-01,25.9097,26.7162,25.9097,26.5677,1790168
2000-06-02,26.6538,26.8023,26.5914,26.7607,705908
2000-06-05,26.7162,26.7162,26.3135,26.5677,496281
2000-06-06,26.5677,27.3247,26.5243,27.1357,2470410
2000-06-07,27.399,27.5168,26.9932,27.0783,1824594
2000-06-08,26.9932,26.9932,26.2155,26.2501,1788761
2000-06-09,26.5044,27.1783,26.4411,26.922,1667442
2000-06-12,26.7607,27.121,25.1527,25.4892,3607995
2000-06-13,25.5535,25.5535,23.711,24.9262,4089889
2000-06-14,24.8965,25.6831,24.8965,25.2151,2320313
2000-06-15,25.2329,25.3654,25.1083,25.1774,978454
2000-06-16,25.2546,25.2546,24.7272,25.2012,1029526
2000-06-19,25.1963,25.2151,24.0078,24.5977,1357089
2000-06-20,24.18,24.18,22.8907,23.8179,1968766
2000-06-21,23.9327,23.9327,22.7007,22.8254,1988232
2000-06-22,22.5691,22.9135,22.2287,22.8481,1790450
2000-06-23,22.8481,23.9692,22.8481,23.711,1072689
2000-06-26,23.5478,23.6546,23.2488,23.3993,994539
2000-06-27,23.1004,23.2925,22.6562,22.9135,1199374
2000-06-28,22.9135,22.9135,22.2782,22.5047,800429
2000-06-29,22.4286,22.5334,22.0021,22.491,1052946
2000-06-30,22.4286,22.491,22.2782,22.4078,1800049
2000-07-03,22.3147,22.3147,21.8091,22.197,372140
2000-07-05,22.1099,22.4078,21.7706,22.2495,1489130
2000-07-06,22.3147,22.8689,22.3147,22.473,1243105
2000-07-07,22.473,22.5988,22.1525,22.491,825260
2000-07-10,22.491,22.491,22.1525,22.3444,877169
2000-07-11,22.2495,22.5691,22.0445,22.4286,1647128
2000-07-12,22.5047,22.9511,22.491,22.6205,877450
2000-07-13,22.6205,23.6783,22.6205,23.6546,1360474
2000-07-14,23.9474,24.18,23.711,24.0732,1554020
2000-07-17,23.9851,23.9851,23.4775,23.8386,885632
2000-07-18,23.8595,23.9327,23.2291,23.5478,751054
2000-07-19,23.6783,23.6783,23.2717,23.3567,491207
2000-07-20,23.6783,24.6915,23.6783,24.5768,1394893
2000-07-21,24.4977,24.561,23.7624,23.9851,733842
2000-07-24,23.9851,24.8311,23.889,24.4789,1388408
2000-07-25,24.4789,24.7272,24.4363,24.6698,1311377
2000-07-26,24.745,24.7956,24.18,24.1999,1803998
2000-07-27,24.1582,24.3928,23.6546,23.9692,934728
2000-07-28,23.9327,24.0078,23.3805,23.7624,1104570
2000-07-31,23.7624,24.2206,23.711,24.0277,1506344
2000-08-01,24.1582,25.2329,24.1177,24.9806,1004413
2000-08-02,24.9806,25.4892,24.7717,25.1083,1739391
2000-08-03,24.5977,24.8539,23.9851,24.7956,2006294
2000-08-04,24.7035,24.7035,24.3492,24.6194,806354
2000-08-07,24.9262,25.9097,24.8965,25.7187,1107958
2000-08-08,25.6396,26.3787,25.4684,26.0848,1243388
2000-08-09,26.8805,27.0082,26.2373,26.6321,1784246
2000-08-10,26.545,26.6321,25.2775,25.4486,1946761
2000-08-11,25.4486,26.6321,25.4308,26.0166,1193165
2000-08-14,26.1066,26.1066,25.319,25.5762,1228999
2000-08-15,25.599,25.6199,25.2775,25.3654,677979
2000-08-16,25.0231,25.0923,24.8539,25.0479,1423389
2000-08-17,25.0479,25.2151,24.8311,25.0479,503052
2000-08-18,25.0231,25.1963,24.8539,25.0479,1302634
2000-08-21,24.9676,25.8662,24.9676,25.3654,738921
2000-08-22,25.4308,25.4308,25.0706,25.319,732435
2000-08-23,25.319,25.4892,24.6491,25.0479,1087081
2000-08-24,24.9954,25.9295,24.9954,25.889,845003
2000-08-25,26.6964,26.7736,26.263,26.5173,1304897
2000-08-28,26.4411,26.545,26.3135,26.4411,801838
2000-08-29,26.4619,26.4619,25.8177,25.889,712968
2000-08-30,25.9651,26.7528,25.9295,26.5677,852059
2000-08-31,26.5677,27.206,26.4411,26.4619,1450197
2000-09-01,26.5173,26.7528,26.4203,26.6459,820458
2000-09-05,26.5677,27.4138,26.5677,27.2278,1637820
2000-09-06,27.0783,27.4554,26.9517,27.1783,1356239
2000-09-07,27.0516,27.4138,26.7162,27.206,1434394
2000-09-08,27.121,27.1555,26.6459,27.1357,864194
2000-09-11,27.0516,27.4554,27.0082,27.2841,612522
2000-09-12,27.2515,27.5365,27.121,27.5365,732996
2000-09-13,27.3247,27.8166,27.2278,27.3762,968018
2000-09-14,27.3762,27.8581,27.1555,27.7947,850935
2000-09-15,27.4554,27.8809,27.4554,27.6483,1483205
2000-09-18,27.58,27.6106,27.3762,27.4346,717479
2000-09-19,27.3534,27.3534,27.1357,27.1555,1160156
2000-09-20,27.0783,27.7947,27.0783,27.6691,741460
2000-09-21,27.6106,29.2424,27.6106,29.2424,1930956
2000-09-22,29.2424,30.1389,29.1119,29.7728,1600853
2000-09-25,29.7728,30.3052,29.5373,30.0707,858830
2000-09-26,30.1558,30.4091,29.9035,30.1735,1542453
2000-09-27,30.1389,30.8356,30.1389,30.517,1324642
2000-09-28,30.6466,31.7093,30.6466,31.2195,1370350
2000-09-29,31.1334,31.366,30.8167,30.9008,1343547
2000-10-02,31.0285,31.0919,30.4091,30.8167,1200219
2000-10-03,30.9008,31.9211,30.8564,31.1116,1449627
2000-10-04,31.2404,31.5579,30.9622,31.0919,1323794
2000-10-05,31.0493,31.2404,30.6664,30.9198,568507
2000-10-06,30.8564,30.9859,29.6679,29.941,1274988
2000-10-09,29.9837,30.4289,29.9608,30.2616,806917
2000-10-10,30.2616,30.6238,30.0281,30.5595,615626
2000-10-11,30.3052,30.9859,30.3052,30.9859,1763651
2000-10-12,30.9622,31.3234,30.604,31.1967,1872836
2000-10-13,31.3234,31.7093,31.2828,31.4521,1664339
2000-10-16,31.1116,31.2828,30.326,30.604,2220431
2000-10-17,30.2616,30.3488,29.0069,29.5799,2562949
2000-10-18,29.4541,29.4541,28.2173,28.2173,1982307
2000-10-19,28.3053,28.6883,27.8809,28.3053,1712019
2000-10-20,28.2173,29.7293,28.2173,29.4938,1777195
2000-10-23,29.5799,30.6841,29.5799,29.9035,2270091
2000-10-24,29.8134,29.8352,28.7724,28.9635,1159874
2000-10-25,28.9208,29.4541,28.9021,28.9635,1137585
2000-10-26,28.9635,29.1119,27.772,27.9016,1390100
2000-10-27,27.9847,28.0945,26.8241,27.2278,2254571
2000-10-30,27.2515,27.8809,27.1,27.6691,1509161
2000-10-31,28.0501,28.813,27.9214,28.5597,1074383
2000-11-01,28.52,28.6468,27.6266,27.9847,852627
2000-11-02,27.9847,28.1352,27.8383,27.963,1860424
2000-11-03,27.9214,27.9442,27.1555,27.2841,788580
2000-11-06,26.9932,27.7305,26.922,27.3762,1849702
2000-11-07,27.6266,27.8383,27.0516,27.4554,1054355
2000-11-08,27.2841,27.3762,26.7944,26.8805,627477
2000-11-09,26.8805,27.2841,26.0731,26.7944,1141533
2000-11-10,26.7944,26.8805,26.3135,26.6688,874062
2000-11-13,26.7528,26.9012,26.0166,26.1442,742024
2000-11-14,26.0731,27.2841,25.9651,27.2841,765444
2000-11-15,27.1555,27.1783,26.6459,26.8805,632556
2000-11-16,26.8241,26.8666,26.1442,26.2897,1009209
2000-11-17,26.35,26.6459,26.263,26.4985,730739
2000-11-20,26.4985,27.5048,26.4411,27.1,999056
2000-11-21,27.0516,29.3246,27.0289,29.0723,2205481
2000-11-22,28.909,29.2553,27.6106,27.7087,1119806
2000-11-24,27.7087,28.1649,27.7087,28.0144,473709
2000-11-27,28.3548,28.7794,27.9293,28.0718,798450
2000-11-28,28.0718,28.0718,27.3247,27.6106,651744
2000-11-29,27.4554,28.8674,27.3247,28.7794,824411
2000-11-30,28.6952,29.0416,28.1242,28.8001,834007
2000-12-01,28.9782,29.2058,27.3247,27.5048,1423111
2000-12-04,27.58,28.2718,27.5236,28.1649,1832494
2000-12-05,28.2718,29.2058,28.1817,29.0416,1239720
2000-12-06,28.7368,28.7368,27.8383,28.3548,1449914
2000-12-07,28.2925,28.5467,27.9086,28.4379,1706375
2000-12-08,28.527,29.4611,28.527,28.7794,810019
2000-12-11,28.7794,28.909,28.3133,28.7368,998776
2000-12-12,28.7368,29.4264,28.2718,28.527,898048
2000-12-13,28.5884,28.909,27.3247,27.3762,1101187
2000-12-14,27.3247,27.58,27.0713,27.206,1622019
2000-12-15,26.7736,27.2278,26.7736,27.0516,955607
2000-12-18,26.922,28.0144,26.922,27.8581,1030371
2000-12-19,28.3548,28.4806,27.2713,27.9442,1919951
2000-12-20,27.9442,28.1817,27.8027,28.0571,1595494
2000-12-21,28.0144,28.3766,27.8888,27.9847,874630
2000-12-22,25.6603,25.8404,25.2775,25.319,5968371
2000-12-26,25.319,26.0848,25.319,25.8613,2987853
2000-12-27,25.8108,26.8596,25.787,26.6251,1336776
2000-12-28,26.539,27.206,26.454,26.8399,1926726
2000-12-29,26.8399,29.1277,26.8399,28.3548,3669782
2001-01-02,28.4379,28.8674,27.8027,28.4379,4250139
2001-01-03,28.527,28.6527,27.5365,27.5365,4332527
2001-01-04,27.4851,28.0144,27.0289,27.2713,2849887
2001-01-05,27.7789,27.963,27.5048,27.5048,3713517
2001-01-08,27.9293,28.1242,27.492,28.0571,4454131
2001-01-09,28.0571,28.527,28.0571,28.2718,2770041
2001-01-10,28.1421,29.5502,28.1421,29.4077,3587119
2001-01-11,29.3098,30.5308,29.1712,30.1073,2728285
2001-01-12,30.042,30.042,29.384,29.6828,1164110
2001-01-16,29.6828,29.955,29.3315,29.8292,991152
2001-01-17,29.9173,30.042,29.5018,29.7155,1717100
2001-01-18,29.5502,29.5502,28.9278,29.098,1514240
2001-01-19,28.9999,29.0416,28.3133,28.4172,1780296
2001-01-22,28.3548,30.0202,28.3548,29.7857,1826002
2001-01-23,29.7016,30.7188,29.6313,30.5743,1773246
2001-01-24,30.319,30.9198,29.384,29.384,2657748
2001-01-25,29.2939,30.6604,28.7368,30.2983,2826749
2001-01-26,30.4022,30.9198,30.2765,30.4883,1796099
2001-01-29,30.3418,30.4447,29.9103,30.4369,1177931
2001-01-30,30.3418,30.3418,29.6313,29.8292,1070151
2001-01-31,29.757,30.0202,29.6115,29.6115,1787633
2001-02-01,29.5245,29.7085,29.3098,29.5799,1661518
2001-02-02,29.4938,30.0628,29.4938,29.6887,2140309
2001-02-05,29.4809,29.7728,29.3453,29.7085,1829953
2001-02-06,29.6313,29.6887,29.2741,29.5591,749921
2001-02-07,29.4463,29.6175,29.2058,29.6115,887890
2001-02-08,29.6175,30.0361,29.6175,29.7857,1093854
2001-02-09,29.5799,29.8966,29.4809,29.5314,543116
2001-02-12,29.5314,29.5314,29.0416,29.384,1098369
2001-02-13,29.384,30.4883,29.3453,30.2844,1162133
2001-02-14,30.1152,30.1974,29.6462,29.8214,1168336
2001-02-15,30.4022,30.9198,30.3567,30.616,1415210
2001-02-16,30.5239,30.8564,30.3418,30.7425,1992751
2001-02-20,30.7425,31.3234,30.5813,31.3234,1899638
2001-02-21,31.2551,32.9185,31.2551,32.3663,3053592
2001-02-22,32.4505,33.0352,32.0437,32.1111,2502288
2001-02-23,32.027,32.1942,31.168,32.1942,1861551
2001-02-26,32.1942,32.9452,31.9913,32.9452,2250056
2001-02-27,33.0195,33.0195,32.3248,32.5533,2489592
2001-02-28,32.4643,32.6564,31.8854,32.0904,2024348
2001-03-01,32.0904,32.4159,31.9073,32.3179,2955970
2001-03-02,32.3179,33.2827,32.0695,33.2827,2171058
2001-03-05,33.1936,33.7349,33.1056,33.2094,2543482
2001-03-06,33.3124,33.3321,32.9739,33.247,1263981
2001-03-07,33.247,33.445,32.9739,33.0492,2186013
2001-03-08,33.1056,33.4786,32.7632,33.4598,2148489
2001-03-09,33.3787,33.7576,33.2827,33.445,1036296
2001-03-12,33.3598,33.998,33.0352,33.0352,2173883
2001-03-13,33.2827,33.3124,31.835,31.9547,2136639
2001-03-14,31.7024,31.9409,30.8167,31.1543,1976952
2001-03-15,31.1543,31.1543,30.0202,30.4447,1802868
2001-03-16,30.3625,30.517,29.7907,29.8501,1941679
2001-03-19,29.9351,30.9276,29.9351,30.8019,1943652
2001-03-20,31.1334,31.3511,30.3775,30.3775,1972997
2001-03-21,30.2092,30.4289,29.4541,29.4541,1622019
2001-03-22,29.5373,29.6046,28.3697,29.6046,1883278
2001-03-23,30.1558,30.1895,29.2266,29.3622,1660387
2001-03-26,29.9173,30.5308,29.5878,29.6828,1817823
2001-03-27,29.757,30.0548,29.6244,29.7857,1493920
2001-03-28,29.7016,29.7016,29.2494,29.5729,1467685
2001-03-29,29.66,30.0548,29.5502,29.8421,3829189
2001-03-30,29.6828,30.5377,29.5729,29.8421,4221366
2001-04-02,29.8421,29.8659,29.5651,29.6115,6173484
2001-04-03,29.6749,29.7797,29.2266,29.6541,3223438
2001-04-04,29.7155,31.3511,29.7155,30.6991,7151944
2001-04-05,31.3046,32.2615,31.2334,31.9409,3185916
2001-04-06,31.9409,31.9409,31.4392,31.5451,2495802
2001-04-09,30.9781,31.3511,30.7732,30.8564,4918531
2001-04-10,30.893,31.7232,30.8099,31.6649,2709945
2001-04-11,31.9073,32.0764,31.5915,32.0695,2674960
2001-04-12,32.0764,32.4505,31.9696,32.3951,1544147
2001-04-16,32.2318,32.3545,31.9973,32.1942,873498
2001-04-17,32.2842,32.5533,32.1675,32.2466,1882432
2001-04-18,32.5533,33.3044,32.3951,32.7216,1804282
2001-04-19,32.6287,32.6919,32.495,32.595,1950147
2001-04-20,32.5019,32.5019,31.6569,31.9696,1541042
2001-04-23,31.5995,31.5995,30.4289,30.4962,2139742
2001-04-24,30.4962,30.9622,30.0548,30.6921,2244699
2001-04-25,30.6734,31.0493,30.416,30.9781,1260601
2001-04-26,30.9276,31.6569,30.9276,31.5312,1185831
2001-04-27,31.5312,31.5312,31.1473,31.3106,1136179
2001-04-30,31.2195,31.3511,30.9198,30.9622,942628
2001-05-01,31.2195,31.9844,31.2195,31.9547,4657838
2001-05-02,31.9211,32.2466,31.8063,32.1882,1539344
2001-05-03,32.1258,32.1258,31.3234,31.4254,995387
2001-05-04,31.2195,31.6649,30.9474,31.6439,608574
2001-05-07,31.6075,31.7845,31.5511,31.5768,769675
2001-05-08,31.5312,31.7232,31.1256,31.3877,1092441
2001-05-09,30.5377,30.5377,29.9173,30.1895,6126367
2001-05-10,30.1895,30.893,30.1449,30.8643,2259372
2001-05-11,30.8297,30.9415,30.6466,30.9068,1098648
2001-05-14,30.2765,30.5447,29.9608,30.416,2123098
2001-05-15,30.326,30.4685,30.0914,30.4685,1335081
2001-05-16,30.3625,30.796,30.1558,30.7188,1901336
2001-05-17,30.6397,31.2117,30.5813,31.0493,2010804
2001-05-18,31.2047,31.2047,30.7188,30.8564,1486594
2001-05-21,30.9474,30.9474,30.5031,30.6991,2102778
2001-05-22,30.8791,31.3046,30.7268,30.9474,2040144
2001-05-23,31.0137,31.0137,30.6397,30.6921,1917132
2001-05-24,30.61,30.61,29.4334,29.8421,3481879
2001-05-25,29.8421,30.2923,29.8065,29.9837,2209994
2001-05-29,30.2469,30.4229,29.8886,30.1815,1227026
2001-05-30,30.1221,30.5901,30.1221,30.326,1441727
2001-05-31,30.3962,30.604,29.9608,30.5901,1631328
2001-06-01,30.5901,30.6734,30.2616,30.5516,1274988
2001-06-04,30.604,31.1186,30.604,31.1116,1377971
2001-06-05,31.1967,31.3046,30.9474,31.0989,968018
2001-06-06,31.1057,31.1057,30.8099,30.9276,2506239
2001-06-07,30.9008,30.9198,30.7812,30.8564,1236051
2001-06-08,30.8564,30.8564,30.5377,30.5664,940089
2001-06-11,30.7425,30.8722,30.0628,30.3111,1398282
2001-06-12,30.3775,30.4813,29.9173,30.3348,1122066
2001-06-13,30.3695,30.3962,29.9173,29.9677,1666594
2001-06-14,29.9677,29.9677,28.4666,28.7724,3024813
2001-06-15,29.0366,29.5799,29.0366,29.4206,2004033
2001-06-18,29.4611,29.6046,28.8219,28.8813,1173132
2001-06-19,28.9495,29.2741,28.9139,29.0486,1455840
2001-06-20,29.0486,29.186,28.6754,28.6754,1238309
2001-06-21,28.716,28.716,27.8453,27.9997,2236517
2001-06-22,28.0867,28.2718,26.6191,27.0002,3747938
2001-06-25,27.5295,27.5295,26.6756,26.7459,2633765
2001-06-26,26.7033,26.9725,26.3273,26.922,3013527
2001-06-27,26.8458,27.8234,26.8458,27.7017,2221283
2001-06-28,27.7789,28.4251,27.6413,28.1649,1428754
2001-06-29,28.2479,28.2479,27.5513,27.6039,1377406
2001-07-02,27.5048,27.7017,27.4138,27.5048,935012
2001-07-03,27.5672,27.7364,27.5592,27.6335,545940
2001-07-05,27.5365,27.6691,27.4554,27.6039,1035450
2001-07-06,27.5295,27.9155,27.5295,27.8166,1949296
2001-07-09,27.8453,28.0144,27.7166,27.9442,1804282
2001-07-10,27.9155,28.0144,27.8086,27.8511,2020395
2001-07-11,27.8511,27.9927,27.1555,27.1555,1176805
2001-07-12,27.0713,27.2773,27.0229,27.1862,2070335
2001-07-13,27.2278,27.58,27.1,27.5513,607166
2001-07-16,27.58,27.8027,27.492,27.5295,719456
2001-07-17,27.5048,27.7512,27.4474,27.5168,543682
2001-07-18,27.5236,27.6106,27.2278,27.5098,1016543
2001-07-19,27.5959,27.8888,27.1862,27.3614,1255518
2001-07-20,27.3614,27.6039,27.2594,27.4415,1115291
2001-07-23,27.3762,27.4059,27.1357,27.1357,911028
2001-07-24,27.1,27.1,26.6381,26.6688,1204169
2001-07-25,26.539,26.6895,26.3273,26.539,1495901
2001-07-26,26.539,27.2773,26.4836,27.2436,1081718
2001-07-27,27.2436,28.0867,27.2436,27.7305,1782555
2001-07-30,27.681,27.8453,27.58,27.7166,699703
2001-07-31,27.6335,28.1352,27.6196,27.6563,1190064
2001-08-01,27.681,27.7017,27.5295,27.5513,968301
2001-08-02,27.6413,27.8888,27.5732,27.8383,1142098
2001-08-03,27.7947,28.0144,27.6413,27.9086,876040
2001-08-06,27.9363,28.0638,27.673,27.767,820177
2001-08-07,27.8027,27.8086,27.5236,27.58,1533141
2001-08-08,27.6335,27.6642,27.0863,27.1555,924286
2001-08-09,27.0516,27.3614,27.0229,27.1783,828361
2001-08-10,27.2278,27.3118,27.0289,27.2278,1533705
2001-08-13,27.306,27.399,26.7459,26.8458,1088774
2001-08-14,26.8458,26.8805,26.5677,26.6895,2074852
2001-08-15,26.7607,27.2594,26.7607,27.0713,1423668
2001-08-16,27.0002,27.58,26.9517,27.5592,1135892
2001-08-17,27.5592,28.0638,27.5592,28.0431,1630483
2001-08-20,28.0867,28.1569,27.8809,28.1569,1282326
2001-08-21,28.1569,28.1569,27.971,28.0638,1015700
2001-08-22,28.0144,28.0144,27.8809,27.9442,1078617
2001-08-23,27.9442,28.2322,27.8957,28.1896,1173699
2001-08-24,28.1678,28.4666,28.1095,28.3697,800995
2001-08-27,28.5053,29.2939,28.4529,29.1435,1918265
2001-08-28,29.1435,29.1435,28.813,28.9021,1420285
2001-08-29,28.5527,28.8288,28.52,28.7437,985797
2001-08-30,28.6952,28.6952,28.0867,28.1242,1132224
2001-08-31,28.1095,28.4251,27.963,28.3974,1136179
2001-09-04,28.4883,29.1989,28.4666,28.8288,1141251
2001-09-05,28.8288,28.9922,28.7011,28.9417,843313
2001-09-06,28.9417,28.9417,28.5884,28.6527,1500695
2001-09-07,28.5676,28.5884,28.2104,28.2638,1195143
2001-09-10,28.1896,28.8288,28.1569,28.3766,896355
2001-09-17,34.29,34.3207,32.6564,32.8295,12012351
2001-09-18,32.8374,33.0779,32.3179,32.8147,5646168
2001-09-19,32.8978,33.5944,32.4505,33.5944,4734291
2001-09-20,33.6785,35.3913,33.4598,35.2924,5545161
2001-09-21,35.2924,35.3013,33.8259,34.4068,5323115
2001-09-24,34.3988,34.5582,33.4865,33.813,3410775
2001-09-25,33.9397,34.8787,33.9041,33.9833,2769758
2001-09-26,33.9041,34.5166,33.8695,34.1465,2942430
2001-09-27,34.1128,35.7426,33.9902,35.6555,3148104
2001-09-28,35.8387,36.186,34.9738,34.9738,4114998
2001-10-01,35.1519,35.4527,34.6294,35.1311,3139641
2001-10-02,35.0469,36.7044,35.0469,36.4353,4643161
2001-10-03,36.4353,37.8028,35.897,37.2348,5263870
2001-10-04,37.0538,37.2655,36.3661,36.7044,5677485
2001-10-05,36.4353,37.5732,35.8178,37.228,5382931
2001-10-08,37.228,38.082,36.8816,37.2655,7445367
2001-10-09,37.228,37.9087,36.8816,37.7444,5248635
2001-10-10,37.6545,38.2927,36.7272,37.0607,8060431
2001-10-11,37.0607,37.0686,35.7842,36.4512,7378220
2001-10-12,36.4512,36.4512,35.6408,36.1028,4195407
2001-10-15,36.186,37.1596,36.186,36.8964,3460153
2001-10-16,36.8816,36.8816,35.8535,36.3661,2202943
2001-10-17,36.3661,36.4719,35.3478,35.3913,2391972
2001-10-18,35.3478,36.4195,35.1519,36.0187,4777459
2001-10-19,35.9613,37.3041,35.8387,37.2576,3977318
2001-10-22,37.1853,37.6415,36.4353,36.5442,3158828
2001-10-23,36.5442,36.7776,34.6215,34.6294,6707856
2001-10-24,33.9397,35.983,33.4232,35.9316,12958086
2001-10-25,35.8387,35.8604,34.6769,35.7911,6130317
2001-10-26,35.7426,36.2592,35.5279,35.6704,4339298
2001-10-29,36.3661,36.3661,35.3913,35.429,5587482
2001-10-30,35.331,35.3993,34.7194,34.7491,2562385
2001-10-31,34.8422,35.3616,34.392,34.6146,2966972
2001-11-01,34.5927,34.6146,34.1188,34.4929,2839728
2001-11-02,34.577,34.6294,34.2218,34.571,1691984
2001-11-05,34.571,34.7194,34.2652,34.5009,2654928
2001-11-06,33.7646,34.2574,33.4004,34.1188,7922462
2001-11-07,34.1248,34.1248,33.0709,33.2737,4827405
2001-11-08,33.3321,33.9397,33.3321,33.9199,3385384
2001-11-09,34.1128,34.1128,33.6903,33.8062,3283534
2001-11-12,33.7131,33.7853,33.4232,33.5438,1652768
2001-11-13,33.6379,33.7349,31.9913,31.9973,6122700
2001-11-14,31.9844,32.3802,31.5638,31.6946,6803785
2001-11-15,31.6075,31.6075,30.6991,30.8297,9070488
2001-11-16,30.8415,31.6876,30.8227,31.6876,23047094
2001-11-19,31.9478,33.2827,31.6946,33.2302,8660821
2001-11-20,33.1471,33.9397,32.9185,33.5084,9020270
2001-11-21,33.5084,33.5855,32.5533,32.6564,5137748
2001-11-23,32.6632,32.6632,32.5019,32.5753,3485262
2001-11-26,32.5533,32.8147,31.7093,31.7934,6379447
2001-11-27,31.9627,32.1536,31.5312,31.9627,8482794
2001-11-28,32.0349,32.5019,31.8567,32.3663,4899626
2001-11-29,32.3663,32.8077,32.3615,32.4643,11137722
2001-11-30,32.495,32.6484,32.0121,32.6484,4129674
2001-12-03,32.7147,33.0779,32.6157,33.0779,3879411
2001-12-04,33.0779,33.4786,33.0779,33.4301,3572727
2001-12-05,33.0492,33.253,32.872,33.0709,5780753
2001-12-06,33.0709,33.2302,33.0195,33.0492,4359052
2001-12-07,33.0284,33.0562,32.7998,32.9739,2985316
2001-12-10,32.9968,33.2827,32.9393,32.9968,2567463
2001-12-11,32.9393,32.9739,32.5533,32.5533,3981546
2001-12-12,32.5593,32.967,32.5593,32.9185,2278838
2001-12-13,32.9185,32.9393,32.602,32.7275,1724432
2001-12-14,32.7147,32.8978,32.588,32.8434,1291349
2001-12-17,32.5593,32.9047,32.4159,32.8799,2149898
2001-12-18,32.8799,32.9185,32.4722,32.872,1986255
2001-12-19,32.776,33.152,32.6227,33.0492,2340914
2001-12-20,33.0492,34.2979,33.0492,34.1128,4566986
2001-12-21,34.1871,34.4157,34.0981,34.3711,3689248
2001-12-24,34.3711,34.6423,34.3266,34.6007,816509
2001-12-26,34.6007,34.6769,34.3652,34.4068,1129403
2001-12-27,34.392,34.4849,34.2652,34.4849,1129403
2001-12-28,34.4849,34.665,34.4632,34.665,858265
2001-12-31,34.665,35.2023,34.665,35.0698,1950147
2002-01-02,34.858,34.858,34.0911,34.2652,3024246
2002-01-03,34.2574,34.3484,33.9833,34.3484,2777375
2002-01-04,34.3484,34.8787,34.2425,34.4929,1871426
2002-01-07,34.571,34.571,34.196,34.2355,2143412
2002-01-08,34.2425,34.3988,34.2158,34.2652,1824594
2002-01-09,34.3207,34.4493,34.3207,34.3791,1426211
2002-01-10,34.4365,34.4365,34.1871,34.196,1595494
2002-01-11,34.0911,34.0911,33.3727,33.3856,3268865
2002-01-14,33.3401,34.4365,33.2154,33.9556,3482443
2002-01-15,33.9556,34.2574,33.9556,34.1683,2743518
2002-01-16,34.1396,34.2098,33.721,33.7913,2662265
2002-01-17,33.7913,34.0624,33.7913,34.01,1666311
2002-01-18,33.9476,34.3266,33.8062,34.2277,2270091
2002-01-22,34.2574,34.6215,33.998,34.0831,1992469
2002-01-23,34.0911,34.3316,33.6092,33.6903,2314951
2002-01-24,33.6903,35.6328,33.6903,35.4972,4617489
2002-01-25,35.1272,36.7272,35.0995,36.4512,6168404
2002-01-28,36.458,37.9463,36.3661,37.689,5431743
2002-01-29,37.6545,37.6545,36.4512,37.0538,4221366
2002-01-30,37.0538,37.1993,35.6852,37.1546,7100315
2002-01-31,37.215,38.8458,37.0765,38.826,5077941
2002-02-01,38.257,38.5648,37.8335,38.1957,8628376
2002-02-04,38.1957,38.6003,37.7543,38.257,8652642
2002-02-05,38.166,38.6043,37.4852,37.5931,5111515
2002-02-06,37.5931,38.2927,37.4278,38.0235,3098167
2002-02-07,38.0877,38.1957,37.5654,37.9987,2317771
2002-02-08,37.9087,38.257,37.7692,37.9987,2422164
2002-02-11,37.9087,38.3926,37.7356,38.257,3562853
2002-02-12,38.4331,38.5192,37.9909,38.1144,3038075
2002-02-13,38.2867,38.6597,38.1957,38.4203,4417450
2002-02-14,38.3659,38.4678,38.0373,38.257,1882432
2002-02-15,37.9394,40.9456,37.9394,40.1717,8867912
2002-02-19,39.9966,40.1114,39.7601,39.9669,4322091
2002-02-20,39.9818,40.339,39.7235,40.0193,4535388
2002-02-21,40.0193,41.3572,39.9372,40.9742,4390648
2002-02-22,38.257,38.9507,36.4512,38.2432,22470119
2002-02-25,37.8266,38.1144,37.2507,37.7128,12219726
2002-02-26,37.7128,37.7128,37.0943,37.4634,6083485
2002-02-27,37.2962,37.9839,36.9608,37.9087,6319350
2002-02-28,38.0017,38.0523,37.0765,37.3714,4229546
2002-03-01,37.7039,37.7039,37.2814,37.6118,3314287
2002-03-04,37.2655,37.2724,35.7842,36.1305,10066723
2002-03-05,36.2592,37.1546,36.095,36.2889,4155064
2002-03-06,36.551,38.3134,36.4848,38.1571,4324909
2002-03-07,38.0877,38.1224,37.1784,37.3853,2955970
2002-03-08,37.6118,37.7356,36.4115,36.9756,2552510
2002-03-11,37.1162,38.2867,37.0943,37.8612,2516115
2002-03-12,37.8652,38.5429,37.6325,38.2165,3036381
2002-03-13,38.1957,39.3445,38.0146,38.3659,6478475
2002-03-14,38.449,38.6597,37.6325,37.6969,2886002
2002-03-15,37.7356,38.1087,37.6118,38.1087,2470131
2002-03-18,38.1957,38.6103,37.8652,37.9622,2283916
2002-03-19,38.0523,39.1911,38.0523,39.0368,2433449
2002-03-20,38.8982,39.198,38.7181,39.0011,1838421
2002-03-21,38.833,38.8903,37.791,38.1224,1693967
2002-03-22,38.166,38.2214,37.7039,38.0937,2717561
2002-03-25,38.0523,38.3134,37.7039,37.7039,3965747
2002-03-26,37.7039,38.1571,36.7489,37.5277,4521278
2002-03-27,37.7356,39.2772,37.7039,38.923,5565760
2002-03-28,38.923,39.7304,38.6766,39.4583,3387922
2002-04-01,39.8838,40.8228,39.6058,40.5399,4123179
2002-04-02,40.5399,41.1306,39.586,39.7996,4918531
2002-04-03,39.7996,40.4201,39.2772,39.6205,3370154
2002-04-04,39.6404,39.8333,39.5563,39.7235,2158924
2002-04-05,39.8136,40.3509,39.8136,40.0936,2508497
2002-04-08,40.0936,40.7289,40.0363,40.6903,2193914
2002-04-09,40.7437,40.903,39.48,40.06,3470872
2002-04-10,40.2361,41.1573,40.0727,41.0702,2749165
2002-04-11,41.0702,41.7015,40.9179,41.5047,3982111
2002-04-12,41.4523,41.8124,41.2009,41.3047,4315030
2002-04-15,40.706,40.706,40.0193,40.1034,4973263
2002-04-16,40.1034,40.8793,39.7996,40.7546,4446233
2002-04-17,40.6744,40.6744,39.6205,39.7512,5792883
2002-04-18,39.7601,40.0363,39.3584,39.7601,3870383
2002-04-19,39.7601,39.7601,38.8527,39.1783,3048792
2002-04-22,39.3584,40.3509,39.3445,39.8531,4414064
2002-04-23,39.867,41.0,39.6265,40.9811,3929632
2002-04-24,40.6744,41.2256,40.1569,40.6675,4167474
2002-04-25,40.5755,40.8436,40.1263,40.7724,3745398
2002-04-26,40.809,40.9327,40.2668,40.721,1895973
2002-04-29,40.623,41.3047,40.4281,40.4943,2562107
2002-04-30,41.5403,42.6199,41.48,42.1191,7327995
2002-05-01,42.2428,43.5817,42.1637,43.5213,5668179
2002-05-02,43.3759,43.9775,43.0761,43.0761,6220884
2002-05-03,43.1125,43.1462,41.8351,42.7237,6488634
2002-05-06,42.5862,42.5942,41.3641,41.7619,4561060
2002-05-07,42.0093,42.313,41.5838,41.7095,3815933
2002-05-08,41.9667,42.4902,41.7372,42.4526,2469846
2002-05-09,42.3675,43.2443,42.3339,42.5139,3253626
2002-05-10,42.5139,43.0028,42.0796,42.1478,2175574
2002-05-13,42.1478,43.6331,42.1123,43.4609,4278357
2002-05-14,43.552,44.0428,43.1335,43.1392,3184501
2002-05-15,43.1125,43.1125,42.2428,42.5358,2396204
2002-05-16,42.5436,43.2224,42.5436,42.9958,1578571
2002-05-17,42.9958,43.3234,42.5209,42.888,1828265
2002-05-20,42.9434,43.4124,42.7317,42.9523,2705431
2002-05-21,43.0315,43.6411,42.9731,43.3026,1304608
2002-05-22,43.3026,43.4857,43.0829,43.455,1767602
2002-05-23,43.5371,43.5667,42.2923,42.9958,2406084
2002-05-24,43.0761,43.0761,42.0242,42.2368,2135231
2002-05-28,42.4675,42.6139,41.9054,42.1557,2108423
2002-05-29,41.9816,42.7692,41.9599,42.7237,2277147
2002-05-30,42.6506,43.1255,42.5862,43.0978,1866063
2002-05-31,43.0761,43.2551,42.4902,42.4902,1774935
2002-06-03,42.4902,43.0761,42.2151,42.2151,1711174
2002-06-04,42.036,42.1637,40.895,41.7619,3568492
2002-06-05,41.7619,42.2923,41.6728,42.1993,3140486
2002-06-06,42.1993,42.1993,41.5334,41.6728,3325855
2002-06-07,41.6728,41.6788,41.0702,41.2196,3152339
2002-06-10,41.0702,42.5575,40.6616,42.2695,3702230
2002-06-11,42.2566,42.2616,41.8292,42.0429,2367994
2002-06-12,42.131,42.7237,42.0429,42.6506,2914212
2002-06-13,42.696,43.6201,42.5436,43.1779,3275631
2002-06-14,43.1779,43.4936,42.2992,42.7772,2081341
2002-06-17,42.7772,44.1477,42.7772,44.1397,2700921
2002-06-18,44.1477,45.4459,44.1279,45.4222,4821755
2002-06-19,45.4222,47.2854,45.2559,46.4027,9499058
2002-06-20,46.4741,46.7213,45.3519,45.5133,4649371
2002-06-21,45.1966,45.4826,44.8284,45.0698,5371645
2002-06-24,44.4752,45.3173,44.4475,44.9482,2874996
2002-06-25,44.9482,45.6518,43.355,43.4352,7966762
2002-06-26,43.3382,43.355,42.5862,42.8168,4785363
2002-06-27,42.8633,44.7948,42.8504,44.7661,5497477
2002-06-28,44.4752,45.1184,43.7786,43.7786,4503787
2002-07-01,42.7237,42.9958,41.3839,41.3988,11083270
2002-07-02,41.6036,42.1993,41.2553,41.4523,6794757
2002-07-03,41.4343,42.0172,41.3275,41.8163,4764765
2002-07-05,42.1993,43.552,42.1637,43.4609,2601603
2002-07-08,43.4352,43.5213,41.936,42.131,4582503
2002-07-09,42.2231,43.2492,42.131,42.3893,4814420
2002-07-10,42.3893,42.4169,40.8654,41.0138,5837179
2002-07-11,40.8377,40.8377,38.2214,39.8897,10785046
2002-07-12,40.0193,40.1717,38.3659,38.8755,6545623
2002-07-15,38.7033,38.7033,36.7698,37.5564,12456435
2002-07-16,37.4773,38.9427,37.3714,37.9987,9026758
2002-07-17,39.2188,39.6592,37.3496,38.5351,11075090
2002-07-18,38.6003,39.1526,38.2927,38.5192,4470775
2002-07-19,38.4331,38.4411,34.8501,34.8787,10197354
2002-07-22,34.8501,35.3745,32.6791,33.6152,15803736
2002-07-23,33.7279,35.429,33.7131,35.0242,8242694
2002-07-24,34.671,37.1229,34.0753,36.9954,8452604
2002-07-25,36.0741,37.1229,36.0741,37.1012,7787607
2002-07-26,36.8272,37.1784,35.3399,36.2315,5700617
2002-07-29,36.5155,38.1087,36.5085,37.7989,6813939
2002-07-30,37.5357,38.066,36.8747,37.6168,5352176
2002-07-31,37.2724,38.7676,37.0171,38.7676,5242428
2002-08-01,38.6835,38.8408,37.9087,38.257,4218265
2002-08-02,38.257,38.9645,37.4357,37.7692,4539622
2002-08-05,37.9463,38.2214,36.1464,36.1533,5788650
2002-08-06,36.7776,38.0877,36.7776,37.2071,6633658
2002-08-07,37.507,38.8458,37.4357,38.7746,4189201
2002-08-08,38.6954,40.5527,38.6954,40.5152,6462393
2002-08-09,40.522,41.3988,39.7829,40.8228,5606382
2002-08-12,40.7437,40.7724,39.9372,39.9669,3968287
2002-08-13,40.0233,40.2737,38.8834,39.0745,5178945
2002-08-14,39.1031,40.4428,38.3876,40.4043,4889189
2002-08-15,40.4043,40.6457,39.8066,40.4558,5470396
2002-08-16,40.3677,41.7174,40.2737,41.0267,5227471
2002-08-19,41.1869,41.3988,41.0267,41.0642,3031579
2002-08-20,40.8862,40.9742,40.1945,40.2084,5715570
2002-08-21,40.5873,40.8733,40.045,40.2737,3137952
2002-08-22,40.242,40.4558,40.0966,40.2668,3739472
2002-08-23,40.2668,40.5755,40.242,40.5269,4326601
2002-08-26,40.5269,41.9816,40.522,41.7896,6721680
2002-08-27,42.313,43.7212,42.3062,42.9038,7878170
2002-08-28,42.896,42.896,41.7827,42.0172,4831630
2002-08-29,42.0172,43.3382,41.5561,43.1335,3898877
2002-08-30,42.8801,43.7073,42.7168,43.1542,2931991
2002-09-03,42.9592,42.9592,41.7896,41.8292,3462971
2002-09-04,41.8351,42.696,41.4343,42.4031,3914116
2002-09-05,42.1854,43.1335,41.9054,42.9207,3691503
2002-09-06,43.7479,43.8399,43.0315,43.2492,3612791
2002-09-09,43.2492,44.0141,42.9434,43.9132,3271403
2002-09-10,43.7865,44.0141,43.3313,44.0141,3211305
2002-09-11,44.6216,44.6642,44.1397,44.2179,3197485
2002-09-12,44.8928,45.2559,44.4683,44.5534,5687641
2002-09-13,44.2941,44.6721,43.9685,44.2793,3098450
2002-09-16,44.3238,45.6211,44.3238,44.9779,3858253
2002-09-17,44.2793,44.3802,43.1779,43.3996,7296398
2002-09-18,43.3996,44.1951,43.3996,43.8468,3418117
2002-09-19,43.7479,44.0359,43.1335,43.2373,3500785
2002-09-20,43.2373,43.8874,43.2373,43.7568,3657929
2002-09-23,44.0141,44.8216,43.928,44.6949,3436452
2002-09-24,44.9779,45.1471,43.7122,44.3871,3782079
2002-09-25,44.3871,44.5662,43.8874,44.0646,3648344
2002-09-26,44.1556,44.5612,43.7073,44.5455,3401467
2002-09-27,44.5455,44.9779,44.1951,44.5455,2987570
2002-09-30,44.3129,44.3168,43.559,43.5817,4175094
2002-10-01,44.1003,44.1003,42.8692,43.1542,5999687
2002-10-02,43.1542,43.3996,42.888,43.0483,4634418
2002-10-03,43.0483,43.9052,42.3893,42.7841,4512250
2002-10-04,42.8692,43.0315,41.3839,41.9222,4402783
2002-10-07,41.9222,43.1779,41.7619,42.6565,3813109
2002-10-08,42.6565,42.6565,40.1717,40.3024,8696372
2002-10-09,40.1411,40.149,38.2995,39.4009,10355070
2002-10-10,39.3584,41.1148,39.0535,40.3093,5076530
2002-10-11,41.1088,41.8044,40.7546,41.286,4275815
2002-10-14,40.9742,41.6174,40.2815,40.5686,4148858
2002-10-15,40.5686,41.4523,40.06,40.5458,4978907
2002-10-16,40.5458,41.1652,40.2737,40.4121,3749349
2002-10-17,36.7194,40.4043,34.4929,35.6635,36210294
2002-10-18,35.6635,35.9316,34.0457,35.3913,17080142
2002-10-21,35.23,36.6193,35.0698,36.5293,7792115
2002-10-22,36.5293,36.7114,35.6111,36.4719,4058288
2002-10-23,35.8387,37.1993,35.8387,37.1389,3866995
2002-10-24,37.2507,38.3926,37.0171,37.3179,7065892
2002-10-25,36.9677,37.3496,36.464,36.9162,3453664
2002-10-28,36.9162,37.0686,35.6408,35.8317,4985389
2002-10-29,35.8317,36.8964,35.2577,36.6056,4752914
2002-10-30,36.4432,36.7194,35.8891,36.081,4403628
2002-10-31,36.081,36.4432,36.0187,36.2384,3040893
2002-11-01,36.2384,36.2384,35.2023,35.4072,5290110
2002-11-04,35.4072,35.6635,33.0284,33.0352,16050606
2002-11-05,33.6488,34.3988,33.2015,33.9041,8048299
2002-11-06,33.9041,35.4854,33.9041,35.2785,7976920
2002-11-07,35.3161,35.4597,34.6502,34.769,4911194
2002-11-08,34.858,35.5279,34.5256,34.6215,4027818
2002-11-11,34.6294,35.3399,34.1188,34.2218,4677581
2002-11-12,34.6146,34.6146,34.0911,34.1812,5764386
2002-11-13,34.1871,34.1871,32.0121,32.7711,12254429
2002-11-14,32.776,33.1203,31.2759,31.7994,9271655
2002-11-15,31.8063,32.3248,31.5846,32.2615,8557560
2002-11-18,32.2615,32.3248,30.6466,30.7268,10009166
2002-11-19,30.7356,31.8567,30.7356,31.7637,8591698
2002-11-20,31.9765,32.5019,31.6302,32.3248,6760337
2002-11-21,33.1263,34.4235,33.1263,33.7349,10054026
2002-11-22,33.7349,34.7907,33.6299,34.1327,7634118
2002-11-25,34.3652,34.4365,33.9615,34.0387,4755733
2002-11-26,34.5443,34.8194,34.1871,34.6502,7607312
2002-11-27,34.9233,35.2785,34.3266,34.5927,7938549
2002-11-29,34.8787,34.8787,34.1871,34.1871,2023500
2002-12-02,34.3652,34.4632,33.4865,34.1128,5029408
2002-12-03,34.1128,34.1128,33.5578,33.6903,4269610
2002-12-04,33.3401,33.9397,33.3253,33.9199,5163990
2002-12-05,33.9397,33.9476,33.2302,33.2381,4012862
2002-12-06,33.159,34.3583,32.9393,34.01,5406629
2002-12-09,34.018,34.1812,33.5855,33.6419,3515168
2002-12-10,33.6903,34.3207,33.5855,34.0911,5257660
2002-12-11,34.0911,34.5086,33.5221,34.0457,6444054
2002-12-12,33.911,33.9763,33.3124,33.4786,3318807
2002-12-13,33.4539,33.4539,32.0577,32.1882,6375215
2002-12-16,32.1111,32.7058,31.8924,32.6632,7691675
2002-12-17,32.4564,33.0492,32.0695,32.1942,3797312
2002-12-18,32.1942,33.3124,32.0577,33.2985,5301955
2002-12-19,33.2015,33.9763,33.0976,33.4677,7164638
2002-12-20,33.6299,33.8477,33.4786,33.6785,5217602
2002-12-23,33.8695,34.571,33.7913,34.571,4773228
2002-12-24,34.571,35.0539,34.571,34.8422,3337422
2002-12-26,34.8422,34.9866,34.2355,34.571,2803050
2002-12-27,34.4849,34.8787,34.4849,34.5443,2373637
2002-12-30,34.5166,34.5443,33.9476,34.3583,3050765
2002-12-31,34.2742,34.3484,33.9348,34.2218,2291251
2003-01-02,34.2218,35.2657,34.2218,35.2093,3806055
2003-01-03,35.2172,35.2172,34.769,35.0766,2898132
2003-01-06,35.1202,35.6704,35.0915,35.429,5229447
2003-01-07,35.4359,35.4359,34.5927,34.7194,4399112
2003-01-08,34.7194,35.2785,34.5086,34.665,2595400
2003-01-09,34.6977,34.8787,33.9556,34.8787,5356975
2003-01-10,34.571,35.0322,34.571,34.8719,2367427
2003-01-13,34.7343,34.8986,34.2574,34.5927,3603482
2003-01-14,34.7491,34.769,34.3652,34.4632,2704303
2003-01-15,34.4493,34.4849,33.9833,34.1535,2749728
2003-01-16,34.2218,34.5443,34.1535,34.1812,2776528
2003-01-17,34.1871,34.1871,33.5855,33.6299,3492600
2003-01-21,33.6299,33.7279,33.2906,33.3787,2456298
2003-01-22,33.3787,33.8695,31.5768,31.6569,10945303
2003-01-23,31.9913,32.8502,31.737,32.495,5576476
2003-01-24,32.4564,32.8869,31.8419,31.8419,4726676
2003-01-27,31.8924,32.0052,31.0493,31.183,3731859
2003-01-28,31.1908,32.6711,31.1908,32.4099,5218164
2003-01-29,32.1111,32.9739,32.0904,32.7058,4511687
2003-01-30,32.5753,32.6424,32.2318,32.3466,3449147
2003-01-31,32.02,32.8147,32.0052,32.2466,4777180
2003-02-03,32.2556,32.8502,32.1338,32.5753,3331500
2003-02-04,32.4861,32.8978,32.4366,32.8434,3218925
2003-02-05,32.8502,33.1126,32.495,32.6157,3288046
2003-02-06,32.602,32.6287,32.0764,32.2753,2143412
2003-02-07,32.4564,32.8077,32.2259,32.3466,2276865
2003-02-10,32.3466,32.602,31.9913,32.3951,2300843
2003-02-11,32.4218,32.4643,31.9627,32.2466,2334983
2003-02-12,32.7216,32.7414,31.8776,32.1882,3938374
2003-02-13,32.1408,32.3663,31.6302,32.2466,3265759
2003-02-14,32.2466,32.6711,31.936,32.5246,3027920
2003-02-18,32.588,32.588,31.8627,32.3872,4976652
2003-02-19,32.3872,32.9512,32.3248,32.9185,3658500
2003-02-20,32.9185,32.9739,32.0824,32.1942,3357459
2003-02-21,32.2842,32.4218,31.9844,32.1882,5097128
2003-02-24,32.1536,32.1675,31.3106,31.3303,4428173
2003-02-25,31.0849,31.6075,31.0849,31.3106,5784979
2003-02-26,31.3511,31.4817,30.4883,31.0345,5227192
2003-02-27,31.1908,31.2551,30.4962,30.8356,4908092
2003-02-28,30.517,30.893,30.517,30.7268,3706742
2003-03-03,30.8791,31.1908,30.6238,30.6991,3646650
2003-03-04,30.6466,31.2551,30.1815,30.9276,4602532
2003-03-05,29.7907,29.9837,29.2058,29.6887,14051933
2003-03-06,29.6887,29.8579,29.1197,29.7907,8111496
2003-03-07,29.7907,30.0281,29.2553,29.3246,4667994
2003-03-10,29.0069,29.2058,28.7239,28.7942,5706825
2003-03-11,28.8288,28.9021,27.9997,27.9997,5824478
2003-03-12,27.9997,28.3618,27.7364,28.2479,4898497
2003-03-13,28.4973,28.7724,28.3053,28.7298,3982957
2003-03-14,28.9922,30.1449,28.9278,29.9173,5832943
2003-03-17,29.9173,30.5447,29.4938,30.5447,7217117
2003-03-18,30.604,31.2759,30.3814,30.5377,6030723
2003-03-19,31.0692,31.2334,30.7268,30.9999,3550722
2003-03-20,30.9999,30.9999,30.0202,30.1152,4430431
2003-03-21,30.1311,30.319,28.4736,29.186,10726930
2003-03-24,29.2741,30.0123,29.186,29.9302,6688388
2003-03-25,29.9757,29.9757,29.5591,29.6887,3450560
2003-03-26,29.948,29.948,29.4206,29.66,2745495
2003-03-27,29.4334,30.4813,29.4334,30.3775,6305806
2003-03-28,30.319,30.9198,30.0767,30.6466,3908189
2003-03-31,30.4091,30.9474,30.0994,30.4091,3721982
2003-04-01,30.4962,31.1543,30.4526,30.9276,4242805
2003-04-02,31.0493,31.0692,30.0202,30.8356,4497577
2003-04-03,30.8356,31.0068,30.4962,30.6525,2439941
2003-04-04,30.6238,30.6238,29.5076,29.5076,6438414
2003-04-07,29.4264,29.9173,29.1712,29.7728,6286625
2003-04-08,29.7016,29.8816,29.2137,29.6679,3982957
2003-04-09,29.5799,29.9173,29.4878,29.6541,3743700
2003-04-10,29.6541,29.6541,28.5467,28.8446,5590587
2003-04-11,28.8961,28.9021,28.2479,28.432,5546007
2003-04-14,28.4666,28.813,28.3548,28.7942,4528619
2003-04-15,28.7942,28.9712,28.3895,28.9278,3276765
2003-04-16,29.0723,29.2741,28.8001,29.0416,4043333
2003-04-17,28.9712,29.9103,28.9417,29.7016,3905929
2003-04-21,29.7085,30.416,29.7085,30.0202,3631130
2003-04-22,30.1449,30.9415,30.1449,30.6921,4587582
2003-04-23,30.7188,31.0692,30.4229,30.796,2985593
2003-04-24,30.6991,30.8227,30.4369,30.5308,2273755
2003-04-25,30.4813,30.6604,30.1735,30.2844,2179242
2003-04-28,30.1974,30.8643,30.0361,30.6734,2345703
2003-04-29,31.7232,32.2179,31.2117,31.6519,7388095
2003-04-30,31.2195,31.6519,31.1057,31.176,2979953
2003-05-01,31.176,31.2631,30.5664,31.0414,2553080
2003-05-02,31.5312,32.0904,31.4392,31.835,4725551
2003-05-05,31.8419,32.0695,31.0562,31.366,3861636
2003-05-06,31.6649,31.9003,31.366,31.5579,4014274
2003-05-07,31.4392,31.6569,31.2977,31.5768,5806423
2003-05-08,31.3303,31.6302,31.0849,31.2047,2105886
2003-05-09,31.2047,31.5768,31.2047,31.4748,2575364
2003-05-12,31.6153,32.1942,31.366,32.0904,3050765
2003-05-13,32.0764,32.4643,31.8132,32.4436,2978263
2003-05-14,32.4297,32.6424,32.2615,32.5753,3643830
2003-05-15,32.6632,32.8225,32.1675,32.2556,3325010
2003-05-16,32.02,32.4722,31.9151,32.2179,2656623
2003-05-19,31.9003,32.0695,31.3452,31.4332,3038357
2003-05-20,31.3452,31.5579,30.9008,31.2472,3337141
2003-05-21,31.2472,31.2472,30.7268,30.8019,2683424
2003-05-22,30.8167,31.2759,30.7268,30.8722,2823933
2003-05-23,30.7812,31.7934,30.4685,31.5638,3681067
2003-05-27,31.2759,31.6649,31.1473,31.176,4348044
2003-05-28,31.366,31.3818,30.9008,31.0137,4733449
2003-05-29,31.0137,31.0849,30.6397,30.6783,4861256
2003-05-30,30.9553,31.176,30.796,31.0849,7570920
2003-06-02,31.2264,31.4392,31.0206,31.0849,3978445
2003-06-03,31.2047,31.2404,30.893,30.9415,3030453
2003-06-04,30.8356,30.9068,30.3962,30.5901,5098536
2003-06-05,30.5664,30.9781,30.3962,30.4734,4085372
2003-06-06,30.6921,30.8019,30.2676,30.2676,5448386
2003-06-09,30.2676,30.2676,29.3929,29.5966,5332994
2003-06-10,29.7293,30.1895,29.5591,30.1686,3788280
2003-06-11,30.5664,30.9068,29.9173,30.8564,3087453
2003-06-12,30.8564,31.5124,30.8564,31.0068,3716054
2003-06-13,31.1186,31.2551,30.3567,30.4883,2631792
2003-06-16,30.5743,30.8791,30.4813,30.8791,2694146
2003-06-17,30.8227,30.8227,30.2616,30.5447,4256351
2003-06-18,30.5447,30.9553,30.3111,30.893,3638181
2003-06-19,30.8494,31.3452,30.8356,31.0493,3576959
2003-06-20,31.176,31.6569,31.0493,31.459,5751123
2003-06-23,31.1908,31.366,31.0414,31.2472,2948354
2003-06-24,31.1334,31.5174,31.1186,31.3106,2996879
2003-06-25,31.1543,31.4817,30.9474,31.0285,2536431
2003-06-26,30.9474,31.0137,30.604,30.7356,2601603
2003-06-27,30.8019,30.8019,30.3962,30.416,2002625
2003-06-30,30.5031,30.6238,30.3695,30.5901,2475487
2003-07-01,30.5901,31.2977,29.2553,31.2631,3465512
2003-07-02,31.1908,31.1908,30.9118,31.1908,2163730
2003-07-03,31.0493,31.0493,30.5031,30.5031,1653338
2003-07-07,30.509,30.9068,30.4091,30.4813,2685685
2003-07-08,30.5308,30.7268,30.2676,30.7188,2772016
2003-07-09,30.5813,30.6734,30.3625,30.5377,3256446
2003-07-10,30.4447,31.1543,30.416,31.0849,4222773
2003-07-11,31.176,31.3739,30.9999,31.2551,2995471
2003-07-14,31.3165,31.3165,31.0849,31.1908,3056411
2003-07-15,31.2264,31.4392,31.0493,31.1057,2527684
2003-07-16,31.1057,31.1908,30.6466,30.9198,3696589
2003-07-17,30.9198,30.9276,30.4962,30.61,2163443
2003-07-18,30.789,31.6153,30.6664,31.5579,3456767
2003-07-21,31.5451,31.8132,30.9008,31.1334,2968666
2003-07-22,30.7268,31.7588,30.7268,31.5768,3425169
2003-07-23,31.5451,31.7163,31.1543,31.3303,2646181
2003-07-24,31.4035,31.459,30.5239,30.5377,3995087
2003-07-25,30.5664,30.9008,30.3962,30.8722,3911574
2003-07-28,31.8132,32.8948,31.6876,32.7335,10741037
2003-07-29,32.6791,32.9264,32.2179,32.7503,5565195
2003-07-30,32.6711,32.8799,32.4861,32.8077,2918731
2003-07-31,32.967,33.1748,32.6424,32.6919,2690758
2003-08-01,32.6919,32.7998,32.2556,32.5593,2194479
2003-08-04,32.6424,32.7147,32.3248,32.5246,2879506
2003-08-05,32.6087,32.6157,31.9003,32.2556,3600093
2003-08-06,32.0052,32.4722,31.7845,32.2615,2199557
2003-08-07,32.5246,32.6087,32.02,32.4643,2575650
2003-08-08,32.4366,32.4722,32.1111,32.2397,1999803
2003-08-11,32.3248,32.7216,32.0577,32.3663,2505960
2003-08-12,32.3951,32.4722,32.0904,32.4722,1754059
2003-08-13,32.4722,32.5753,32.209,32.3179,1639507
2003-08-14,32.31,33.0195,32.0437,32.9452,3596146
2003-08-15,32.9968,33.4004,32.872,32.9512,1286275
2003-08-18,33.0195,33.7576,32.9968,33.7576,2661701
2003-08-19,33.7576,34.3652,33.7576,34.0534,3912982
2003-08-20,34.0247,34.0247,33.3044,33.3935,2397621
2003-08-21,34.2742,34.5009,33.9397,34.4157,5823346
2003-08-22,34.4632,34.4702,33.5014,33.6152,2226075
2003-08-25,33.3183,33.4004,33.0709,33.3935,2225231
2003-08-26,33.3935,33.9397,33.3787,33.813,1732338
2003-08-27,33.7438,33.813,33.3856,33.5578,2151590
2003-08-28,33.5301,33.813,33.3668,33.7853,2686531
2003-08-29,33.6488,33.8982,33.5785,33.8417,1446807
2003-09-02,33.9199,34.2355,33.6299,33.9041,1796099
2003-09-03,33.9833,34.1396,33.6844,34.018,3042870
2003-09-04,34.0831,34.0831,33.5578,33.7646,1961711
2003-09-05,33.5301,33.5648,33.0619,33.4143,1956068
2003-09-08,33.4865,33.7695,33.4232,33.6726,1820926
2003-09-09,33.7576,33.7576,33.1748,33.352,1680702
2003-09-10,33.1203,33.2302,32.6424,32.8948,2829291
2003-09-11,32.9739,33.1323,32.8225,32.9393,1928419
2003-09-12,32.9393,33.0926,32.6424,32.9878,1480101
2003-09-15,32.9601,33.438,32.785,33.2669,2176704
2003-09-16,33.4004,33.6973,33.2827,33.6152,2344576
2003-09-17,33.6299,33.7279,33.4232,33.5855,1729232
2003-09-18,33.5855,33.6646,33.4004,33.5014,1684653
2003-09-19,33.4232,33.4934,32.8651,33.0492,3413321
2003-09-22,32.8225,32.8799,32.2556,32.4218,2615430
2003-09-23,31.6519,32.2397,31.0345,31.176,9019139
2003-09-24,31.176,31.176,30.4813,30.4813,6189845
2003-09-25,30.4813,30.4813,29.4206,30.0994,9355451
2003-09-26,30.3052,30.7812,30.2676,30.5377,6293682
2003-09-29,30.8722,31.1057,30.5031,30.7128,3837654
2003-09-30,30.5901,30.7495,30.3111,30.5595,2675801
2003-10-01,30.4813,30.9415,30.3775,30.9415,2199557
2003-10-02,30.8019,30.8722,30.5516,30.6238,2117732
2003-10-03,30.6238,31.0493,30.6238,30.6466,2391972
2003-10-06,30.6921,30.7128,30.2616,30.4229,2446424
2003-10-07,30.3418,30.7425,30.326,30.5901,2368280
2003-10-08,30.5901,30.6604,30.2319,30.3695,3510093
2003-10-09,30.5516,30.9198,30.4962,30.5664,2476051
2003-10-10,30.5664,30.5664,30.1627,30.326,4310803
2003-10-13,30.4962,30.4962,30.1895,30.2676,2035352
2003-10-14,30.2844,30.5595,30.1895,30.5308,3633671
2003-10-15,30.5308,30.5308,30.2092,30.3052,2322003
2003-10-16,30.2676,30.3418,29.9351,30.042,2679471
2003-10-17,30.3052,30.7268,30.3052,30.5971,4600843
2003-10-20,30.5971,30.6664,30.3883,30.6397,2534453
2003-10-21,30.4813,30.8356,30.4734,30.6734,2491286
2003-10-22,30.6734,30.6734,30.2983,30.4369,3204535
2003-10-23,30.4447,30.9068,30.3418,30.7188,3095349
2003-10-24,30.7188,30.8099,30.3962,30.8099,2215922
2003-10-27,30.8099,30.8722,30.5901,30.789,2413134
2003-10-28,30.789,31.1186,30.7188,31.0137,2369123
2003-10-29,31.3739,32.2912,31.3739,32.027,6913821
2003-10-30,32.027,32.1468,31.8063,31.8924,2652955
2003-10-31,31.8924,32.0764,31.4669,31.6876,2352759
2003-11-03,31.6876,31.9211,31.5846,31.6519,1902030
2003-11-04,31.6519,31.6519,31.3877,31.4521,3017765
2003-11-05,31.4521,31.5381,31.3303,31.5174,1763088
2003-11-06,31.1473,31.459,31.0137,31.1543,3086320
2003-11-07,31.2759,31.6876,31.1967,31.5579,3055002
2003-11-10,31.5995,31.5995,31.359,31.5312,2850736
2003-11-11,31.4887,31.8132,31.366,31.6876,2301126
2003-11-12,31.6876,32.1111,31.5579,31.9627,3398078
2003-11-13,31.9151,32.5019,31.8567,32.3951,3864740
2003-11-14,32.3951,32.4366,32.209,32.3179,2318617
2003-11-17,32.1942,32.5386,32.0577,32.1536,2479156
2003-11-18,32.0764,32.31,31.9627,32.1111,2817726
2003-11-19,32.02,32.8295,31.9478,32.5673,3327264
2003-11-20,32.5673,32.8948,32.4297,32.8869,3341089
2003-11-21,32.8869,33.0492,32.785,33.0492,3942612
2003-11-24,33.0492,33.2302,32.7632,32.9808,2379279
2003-11-25,32.9601,33.0562,32.6345,32.8978,2646181
2003-11-26,32.7503,32.9601,32.6711,32.9393,1396306
2003-11-28,32.8799,32.9185,32.7058,32.8295,643276
2003-12-01,32.9601,32.9601,32.5753,32.7563,2596526
2003-12-02,32.6632,32.6632,32.3743,32.4505,2399029
2003-12-03,32.6791,32.8295,32.4861,32.5673,2131559
2003-12-04,33.0709,33.5151,32.9264,33.445,4425353
2003-12-05,33.247,33.2599,32.8077,32.9808,2357271
2003-12-08,32.8948,33.5084,32.8651,33.4232,2050588
2003-12-09,33.5084,33.5648,32.776,33.0284,2382666
2003-12-10,33.0046,33.2827,32.9393,33.0779,1210095
2003-12-11,33.0709,33.2827,32.8978,33.1203,1772963
2003-12-12,33.1203,33.247,32.9047,33.1263,911308
2003-12-15,33.2599,33.3044,32.495,32.5168,2561255
2003-12-16,32.602,33.0422,32.595,32.9116,1761111
2003-12-17,32.9047,33.0352,32.6919,32.8978,2799948
2003-12-18,32.8225,33.1056,32.6791,33.0284,3389616
2003-12-19,33.247,33.247,32.9452,32.967,3024813
2003-12-22,33.0352,33.247,32.9739,33.1263,2928038
2003-12-23,32.9968,33.1323,32.7711,32.7998,3666960
2003-12-24,32.7998,33.3727,32.776,33.3727,1914879
2003-12-26,33.4232,33.4934,33.3598,33.4786,949684
2003-12-29,33.5221,33.7131,33.4786,33.6844,2090087
2003-12-30,33.7576,33.8477,33.5498,33.6567,2058203
2003-12-31,33.6567,33.8922,33.4934,33.8853,1873399
2004-01-02,33.7913,33.8922,33.253,33.5578,2364328
2004-01-05,33.4934,33.7062,33.253,33.7062,2752264
2004-01-06,33.7062,33.9476,33.6844,33.8853,2154412
2004-01-07,33.8853,34.4068,33.7775,34.2098,2678348
2004-01-08,34.2098,34.571,34.1128,34.3395,1825158
2004-01-09,34.0981,34.6146,34.0247,34.3484,2896724
2004-01-12,34.4157,34.4235,34.2355,34.3791,2967255
2004-01-13,34.3791,34.6977,34.3484,34.571,2343161
2004-01-14,34.6907,35.0698,34.6423,35.0015,2625308
2004-01-15,35.0015,35.415,34.8847,34.9945,2575082
2004-01-16,35.0766,35.5527,35.0163,35.5527,3540846
2004-01-20,35.5527,35.6922,35.3082,35.4447,3758656
2004-01-21,35.4447,35.7911,35.1677,35.7001,2008829
2004-01-22,35.7634,35.7634,35.4359,35.5605,1882432
2004-01-23,35.6111,35.6635,35.1449,35.3082,1371194
2004-01-26,35.3082,35.9534,35.237,35.8238,2483107
2004-01-27,35.7763,35.7763,35.2785,35.4637,1716256
2004-01-28,35.4637,35.5685,34.9798,35.0381,1523834
2004-01-29,35.0766,35.1608,34.8787,34.9798,2868792
2004-01-30,34.8986,34.9233,34.1465,34.2742,2990395
2004-02-02,34.4849,35.5358,34.4493,34.7967,3249679
2004-02-03,34.9668,35.0381,34.577,34.7343,2382099
2004-02-04,34.7343,35.6051,34.7343,35.1272,3243477
2004-02-05,35.1746,35.9534,35.1746,35.8317,2989826
2004-02-06,35.9178,36.4512,35.9178,36.373,2638846
2004-02-09,36.373,36.4432,35.983,36.3581,2099960
2004-02-10,36.2592,36.646,36.0365,36.5293,2390001
2004-02-11,36.5629,36.9439,36.3661,36.842,3034127
2004-02-12,36.842,36.8618,36.5629,36.7401,1867197
2004-02-13,36.7401,36.9439,36.6679,36.7401,2081058
2004-02-17,36.5916,37.0171,36.5916,36.9311,1916291
2004-02-18,36.9835,37.2071,36.7856,36.7856,2334983
2004-02-19,36.7925,37.1784,36.7618,36.9311,1709197
2004-02-20,37.1784,37.2724,36.8054,36.938,2006009
2004-02-23,36.8618,36.9518,35.6051,36.1305,3122148
2004-02-24,35.9771,36.2235,35.0915,35.5685,3729598
2004-02-25,35.3745,36.3166,35.3745,36.1384,2900953
2004-02-26,35.983,35.99,35.8,35.9534,2680890
2004-02-27,35.9534,36.3304,35.8317,35.8317,2266703
2004-03-01,36.095,36.4353,36.095,36.2175,1816690
2004-03-02,36.1384,36.2384,35.3616,35.3795,2877819
2004-03-03,35.3399,35.429,35.0995,35.2657,3161090
2004-03-04,35.244,35.3241,34.3711,34.6294,4475571
2004-03-05,34.2979,34.858,34.2979,34.671,2500316
2004-03-08,34.6502,34.9401,34.3059,34.3059,2228051
2004-03-09,34.2158,34.5256,34.0387,34.4365,3064594
2004-03-10,34.665,34.7967,34.392,34.6977,3219206
2004-03-11,34.5582,34.671,34.2218,34.2355,3556924
2004-03-12,34.1465,34.3791,33.9556,34.1871,3468055
2004-03-15,34.0981,34.571,34.0457,34.4157,2297176
2004-03-16,34.4157,34.4632,33.8982,34.2158,3027632
2004-03-17,34.2355,34.3207,34.106,34.2652,1955788
2004-03-18,34.3652,34.5582,34.2652,34.3266,2565774
2004-03-19,34.3316,34.571,34.1812,34.1812,2371379
2004-03-22,33.8853,34.5443,33.8853,34.5443,2570291
2004-03-23,34.4849,34.8332,34.392,34.4632,1513111
2004-03-24,34.4929,34.5324,34.0247,34.4702,2458844
2004-03-25,34.4702,34.6502,34.3652,34.3652,2257958
2004-03-26,34.2355,34.5086,34.2355,34.3711,1776348
2004-03-29,34.3791,34.4702,34.2574,34.3138,1468251
2004-03-30,34.2574,34.6581,34.2495,34.6146,2327084
2004-03-31,34.571,35.0163,34.4235,34.8847,1577156
2004-04-01,34.8986,35.1608,34.769,34.8659,1525810
2004-04-02,35.0322,35.4447,34.9194,35.2023,1697349
2004-04-05,35.1746,35.8119,35.1053,35.804,1938860
2004-04-06,35.6773,35.9534,35.422,35.9049,1921364
2004-04-07,35.8692,36.089,35.7347,35.7347,2508216
2004-04-08,35.9049,35.9534,35.6408,35.6555,1536809
2004-04-12,35.6852,35.9693,35.6852,35.7426,1134763
2004-04-13,35.8762,35.983,35.52,35.6111,1447091
2004-04-14,35.5527,35.8,35.5527,35.7139,1156209
2004-04-15,35.7634,35.8822,35.3399,35.5358,1470506
2004-04-16,35.6922,35.7713,35.5131,35.7139,1446807
2004-04-19,35.2657,35.429,35.0322,35.0915,2124223
2004-04-20,35.1746,35.3548,34.6294,34.6294,2151028
2004-04-21,34.7343,34.8332,34.3484,34.7907,2357835
2004-04-22,34.7343,35.6189,34.6581,35.6189,3777277
2004-04-23,35.5685,35.6268,35.1053,35.3161,1968766
2004-04-26,35.3161,35.3548,35.1272,35.1311,1771270
2004-04-27,35.1133,35.4637,35.1133,35.2726,2895032
2004-04-28,35.2241,35.23,34.8787,34.8787,1970745
2004-04-29,35.1449,35.2854,34.9481,35.0242,1546400
2004-04-30,34.9668,35.3013,34.9124,35.1746,2030835
2004-05-03,35.1796,35.5279,35.1519,35.429,2238773
2004-05-04,35.4527,35.4527,34.769,35.3013,2977132
2004-05-05,35.3013,35.7496,35.2657,35.5131,1960586
2004-05-06,36.1384,36.1533,35.4774,35.4774,2529941
2004-05-07,35.3863,35.5527,35.3161,35.3993,1689164
2004-05-10,35.2499,35.2854,34.7264,34.9124,1961711
2004-05-11,34.9124,34.9312,34.386,34.5443,2430627
2004-05-12,34.8986,35.1449,34.5582,35.0766,2876406
2004-05-13,35.23,35.5605,35.2093,35.3993,2579599
2004-05-14,35.3993,35.6051,35.1519,35.3399,2389721
2004-05-17,35.2657,35.2854,34.9481,35.0698,2236517
2004-05-18,35.139,35.4972,34.8986,35.422,2375048
2004-05-19,35.5862,35.8317,35.3399,35.3745,2016732
2004-05-20,35.1272,35.2924,34.8719,35.2499,2167112
2004-05-21,35.3993,35.5862,35.331,35.4597,2289560
2004-05-24,35.5804,35.8762,35.1608,35.52,2341469
2004-05-25,35.3863,36.4195,35.3795,36.3234,2959072
2004-05-26,36.2088,36.4512,36.095,36.2384,2629541
2004-05-27,36.2889,36.8618,36.2889,36.8618,2338931
2004-05-28,36.8618,36.8618,36.4848,36.551,2019833
2004-06-01,36.4927,36.7489,36.2453,36.6253,1948176
2004-06-02,36.6253,37.0805,36.6253,36.9518,2045795
2004-06-03,37.0033,37.0033,36.7559,36.8272,1966792
2004-06-04,36.8677,37.0033,36.7272,36.8549,1366397
2004-06-07,36.8618,37.215,36.8272,37.215,1739106
2004-06-08,37.1596,37.2576,36.9954,37.2576,2472103
2004-06-09,37.215,37.6048,37.1726,37.1726,2404107
2004-06-10,37.3576,37.3576,37.1309,37.3239,1671112
2004-06-14,37.1993,37.4852,37.1012,37.1993,1718790
2004-06-15,37.2962,37.3714,37.0538,37.1923,1602549
2004-06-16,37.1726,37.6812,37.1726,37.6325,2075418
2004-06-17,37.6325,37.6325,37.221,37.3714,2513858
2004-06-18,37.3793,37.6742,37.3239,37.6048,3547050
2004-06-21,37.6048,37.6048,37.1726,37.228,1666882
2004-06-22,37.1309,37.5654,37.0805,37.2882,1820926
2004-06-23,37.215,37.8108,37.1923,37.6969,1642188
2004-06-24,37.5931,37.7484,37.4486,37.5732,1776488
2004-06-25,37.5,37.6325,37.3971,37.5871,2306910
2004-06-28,37.5732,37.8186,37.3239,37.4278,2379279
2004-06-29,37.3318,38.0937,37.2417,37.8869,1768304
2004-06-30,37.6742,38.2432,37.6742,38.066,1889910
2004-07-01,37.9987,38.1144,37.791,38.06,2016163
2004-07-02,37.9987,38.0146,37.5416,37.7444,1417044
2004-07-06,37.5357,37.976,37.5198,37.8869,1806815
2004-07-07,37.8533,38.3876,37.7771,38.3876,2262330
2004-07-08,38.1729,38.5005,38.1364,38.3214,2385486
2004-07-09,38.626,38.7824,38.4331,38.633,2296050
2004-07-12,38.633,38.8181,38.5005,38.7676,1748841
2004-07-13,38.6687,38.7033,38.2035,38.3075,2116891
2004-07-14,38.3134,38.449,37.8869,37.9622,2739576
2004-07-15,37.8533,38.2035,37.6613,37.8444,1459928
2004-07-16,38.1364,38.3292,37.8869,38.1224,1523976
2004-07-19,38.2817,38.4925,38.1144,38.1957,1222508
2004-07-20,38.2035,38.6687,38.1017,38.5936,1885110
2004-07-21,38.7746,39.0218,38.3659,38.633,2180373
2004-07-22,38.4559,38.6003,37.8186,37.8533,3190285
2004-07-23,37.784,38.1224,37.4437,37.7771,1492656
2004-07-26,37.7484,37.8533,37.5357,37.7207,1675339
2004-07-27,37.6048,37.873,37.2507,37.7623,1351303
2004-07-28,37.5,38.2035,37.4921,38.066,1663774
2004-07-29,38.074,38.4203,37.3091,37.3921,2741263
2004-07-30,37.7128,37.8186,37.1478,37.2882,1869029
2004-08-02,37.2882,38.1878,37.2417,38.06,3227811
2004-08-03,37.9246,37.9246,37.4852,37.5732,1716958
2004-08-04,37.5732,37.9463,37.507,37.8266,1335226
2004-08-05,37.7484,37.8949,37.6048,37.6048,2141857
2004-08-06,37.5,37.6048,36.6679,36.7856,2136639
2004-08-09,36.9311,37.0765,36.5857,36.6391,1748559
2004-08-10,36.646,36.8964,36.5916,36.8618,1820363
2004-08-11,36.7559,37.0805,36.5719,36.8054,1801032
2004-08-12,36.2592,36.6985,35.8535,36.0127,2587358
2004-08-13,36.0187,36.2809,35.9771,36.186,1607348
2004-08-16,36.2592,36.8054,36.2453,36.4927,2181358
2004-08-17,36.5442,36.661,36.3581,36.464,1681130
2004-08-18,36.2947,36.3502,36.081,36.3354,2329766
2004-08-19,36.186,36.373,36.089,36.2947,1603683
2004-08-20,36.2315,36.464,35.998,36.4432,1333250
2004-08-23,36.3661,36.7489,36.3234,36.3977,1757161
2004-08-24,36.5085,36.5857,36.3166,36.5155,1480245
2004-08-25,36.1533,37.0538,36.1533,36.8272,1871570
2004-08-26,36.5085,36.7272,36.2671,36.6193,1456257
2004-08-27,36.6193,36.7618,36.3977,36.5996,1363435
2004-08-30,36.2592,36.8272,36.2592,36.3898,1481514
2004-08-31,36.4848,36.6134,36.1464,36.6134,1848432
2004-09-01,36.6134,36.7401,36.1928,36.5085,1775215
2004-09-02,36.3977,36.6253,36.274,36.5382,1881302
2004-09-03,36.5797,36.8192,36.3977,36.3977,1443285
2004-09-07,36.5797,36.9162,36.3502,36.4353,1850970
2004-09-08,36.4432,36.4719,35.8692,35.897,2940740
2004-09-09,35.7634,36.0653,35.7229,35.7763,3328391
2004-09-10,35.7763,35.7763,35.4447,35.5991,2681025
2004-09-13,35.6189,36.3423,35.6189,35.8762,2654081
2004-09-14,36.0127,37.1993,35.99,36.646,3009292
2004-09-15,36.2592,36.7925,36.2384,36.7194,2405234
2004-09-16,36.8618,37.1656,36.8272,37.0686,2152156
2004-09-17,37.0686,37.791,37.0686,37.6969,2903777
2004-09-20,37.4278,37.6415,37.1229,37.4852,1582800
2004-09-21,37.4634,37.9394,37.405,37.8444,2316926
2004-09-22,37.7286,37.7286,37.221,37.3318,3256591
2004-09-23,37.3793,37.507,36.9954,37.2071,1867622
2004-09-24,37.1478,37.8869,37.1478,37.7692,2498764
2004-09-27,37.6415,38.0373,37.5564,37.7692,2108990
2004-09-28,37.6415,38.0304,37.4357,37.8949,2218878
2004-09-29,37.7207,37.9463,37.5991,37.7989,2544891
2004-09-30,37.6742,38.1284,37.6742,37.8028,3211451
2004-10-01,37.3576,38.066,37.2507,38.066,3501628
2004-10-04,38.066,38.1224,37.4634,37.5198,2254853
2004-10-05,37.5277,37.6248,37.3091,37.6118,1681831
2004-10-06,37.7484,37.7484,37.2576,37.507,1360758
2004-10-07,37.4278,37.5654,37.1082,37.2348,1369502
2004-10-08,37.0171,37.2417,36.8549,36.9677,1502112
2004-10-11,36.6837,37.0102,36.6837,36.842,1361037
2004-10-12,36.7341,36.8747,36.7194,36.8618,1792852
2004-10-13,36.8747,37.0538,36.4195,36.6193,1510290
2004-10-14,36.6907,36.6907,36.0127,36.2235,1836583
2004-10-15,36.3661,36.5857,36.2008,36.4115,1756742
2004-10-18,36.2947,36.2947,35.804,35.8891,1842646
2004-10-19,35.9119,36.2008,35.5358,35.5754,1834328
2004-10-20,35.5862,35.6555,35.1202,35.4597,2248365
2004-10-21,35.4637,35.9119,35.4072,35.7555,1965946
2004-10-22,35.7763,35.9534,35.52,35.5862,1670405
2004-10-25,35.4072,35.5991,35.3399,35.3993,2067374
2004-10-26,35.3478,36.0653,35.3013,35.9465,2020540
2004-10-27,35.804,36.8618,35.804,36.6837,2921833
2004-10-28,36.5085,37.2507,36.5085,37.032,2131559
2004-10-29,37.0765,37.1784,36.5916,36.6837,2279967
2004-11-01,36.7925,37.3921,36.4789,37.1656,2873444
2004-11-02,37.2882,37.5791,36.373,36.6134,2900107
2004-11-03,37.5654,38.5132,37.5654,38.1017,5728832
2004-11-04,38.1017,38.2214,37.9691,38.1144,4474585
2004-11-05,38.2649,38.449,38.0937,38.1364,2482681
2004-11-08,38.3134,38.8903,38.1798,38.639,3763735
2004-11-09,38.7399,38.9873,38.4559,38.5648,2475487
2004-11-10,38.6687,38.9714,38.3659,38.7676,2201953
2004-11-11,38.8458,39.1654,38.7528,38.9932,2511038
2004-11-12,38.9932,39.1466,38.8408,39.0892,1727541
2004-11-15,39.1328,39.2337,38.923,39.1249,1955643
2004-11-16,39.1605,39.5257,39.0288,39.4009,2809964
2004-11-17,39.6819,40.3677,39.3871,40.0133,4457377
2004-11-18,40.0133,40.2291,39.6948,39.9531,2935234
2004-11-19,39.9531,40.0363,39.7383,39.7749,1997548
2004-11-22,39.5948,39.9531,39.5563,39.9293,2270373
2004-11-23,39.7671,40.4043,39.7671,40.2588,1751945
2004-11-24,40.0936,40.2232,39.7383,40.0797,2132550
2004-11-26,39.7304,40.0133,39.7304,39.8838,657244
2004-11-29,39.8403,40.1569,39.7304,40.0233,1991335
2004-11-30,39.8403,40.2291,39.8403,39.9293,1898794
2004-12-01,39.8403,40.4043,39.7077,40.3024,2668468
2004-12-02,40.2668,40.6309,40.1341,40.4875,1899780
2004-12-03,40.3192,40.8169,40.2153,40.7497,2057780
2004-12-06,40.7497,40.9534,40.5805,40.9387,2065959
2004-12-07,40.6903,41.2196,40.2737,40.4637,4045452
2004-12-08,40.2668,40.2668,38.9873,39.0535,4651346
2004-12-09,38.9873,39.2564,38.8834,39.1328,3367188
2004-12-10,39.8333,39.9055,38.9427,39.6592,2953009
2004-12-13,39.8403,40.5152,39.8403,40.2668,2177266
2004-12-14,40.1569,40.5805,40.1341,40.3677,3105928
2004-12-15,40.1945,40.5269,40.1638,40.4201,1441589
2004-12-16,40.4795,40.9456,40.4795,40.9387,3233458
2004-12-17,40.9387,40.9387,40.2737,40.3311,3470308
2004-12-20,40.3311,40.5458,40.0867,40.0936,1959313
2004-12-21,40.0193,40.052,39.2564,39.6345,3652572
2004-12-22,39.48,40.1341,39.48,40.0727,1655025
2004-12-23,40.1183,40.3884,40.0293,40.0936,1186395
2004-12-27,40.0867,40.2945,39.6404,39.6671,1482218
2004-12-28,39.9818,40.0727,39.5948,39.7452,2114070
2004-12-29,39.6443,39.6443,38.633,38.7181,6399759
2004-12-30,38.7181,38.9714,38.1364,38.8181,2645478
2004-12-31,38.7746,38.9348,38.5351,38.5351,1190488
2005-01-03,38.3134,38.626,37.6812,38.0304,3336577
2005-01-04,37.4278,37.9691,36.8677,37.215,5845500
2005-01-05,37.1082,38.06,37.0102,37.784,3588244
2005-01-06,37.9315,38.0373,37.5732,37.6812,3180692
2005-01-07,37.6613,37.7989,37.2882,37.6048,1624418
2005-01-10,37.6048,37.7484,37.3318,37.5139,2252599
2005-01-11,37.4278,37.4921,37.0805,37.3921,1537800
2005-01-12,37.3921,37.7623,37.3921,37.6742,1841097
2005-01-13,37.5357,37.6495,37.0805,37.1784,2431335
2005-01-14,37.0765,37.4575,36.9677,37.3179,1615669
2005-01-18,36.8618,37.4921,36.8549,37.3576,3329948
2005-01-19,37.2882,37.4437,36.8123,36.842,2852712
2005-01-20,36.6134,36.8964,36.3354,36.4115,3165178
2005-01-21,36.5797,36.7995,36.4353,36.5155,2271922
2005-01-24,36.7044,36.7776,36.3581,36.3581,2119427
2005-01-25,36.3581,36.6134,36.2235,36.3304,2127472
2005-01-26,36.4719,36.7194,36.4195,36.5996,2676933
2005-01-27,36.3977,37.1546,36.274,36.9311,2374904
2005-01-28,36.8618,37.0033,36.5629,36.6985,2144118
2005-01-31,36.8272,36.938,36.5797,36.7776,2117876
2005-02-01,36.8677,37.0171,36.6985,36.8618,2639833
2005-02-02,36.9311,37.6118,36.848,37.1012,3077853
2005-02-03,37.1478,37.1478,36.7618,36.9894,2400438
2005-02-04,37.0805,37.2507,36.9084,37.1082,2429924
2005-02-07,37.3576,37.6495,37.1162,37.6415,2728285
2005-02-08,37.5732,37.6662,37.4634,37.5,1728525
2005-02-09,37.4278,37.5654,36.9518,36.9954,2169084
2005-02-10,37.0399,37.411,36.8964,37.3576,2635743
2005-02-11,37.3576,38.1511,37.3239,38.082,2548842
2005-02-14,38.2214,38.633,38.1224,38.4559,3789268
2005-02-15,38.2095,38.6003,38.1284,38.257,2131135
2005-02-16,38.0877,38.2927,37.9987,38.2728,1194576
2005-02-17,38.1017,38.2817,37.791,37.791,1815989
2005-02-18,37.791,37.8652,37.3714,37.6048,1621598
2005-02-22,37.3239,37.5416,36.8816,36.9162,1834895
2005-02-23,37.0765,37.1309,36.8123,36.9835,2298163
2005-02-24,36.9954,37.2882,36.8964,37.1082,1386995
2005-02-25,37.1082,37.7128,37.0765,37.507,1205011
2005-02-28,37.3318,37.7692,37.3179,37.5,1512404
2005-03-01,37.5732,38.2214,37.5732,38.1087,2033379
2005-03-02,37.8186,38.1087,37.7484,37.9987,1363155
2005-03-03,37.9987,38.1729,37.7128,37.879,2051151
2005-03-04,38.066,38.2649,37.9166,38.2035,1530600
2005-03-07,38.1511,38.4618,38.066,38.3214,2576779
2005-03-08,38.5005,39.4276,38.449,38.9507,3233736
2005-03-09,38.7181,38.8597,38.4203,38.4559,1944365
2005-03-10,38.5499,38.7033,38.3362,38.449,1459505
2005-03-11,38.626,38.8121,38.3659,38.4846,1621880
2005-03-14,38.4846,38.7033,38.4252,38.5648,1814010
2005-03-15,38.6003,38.7746,38.2927,38.2927,1368089
2005-03-16,38.0235,38.2817,37.5654,37.5732,1809925
2005-03-17,37.6742,37.6742,37.0033,37.1012,2586509
2005-03-18,37.1082,37.2507,36.6056,37.1309,2763553
2005-03-21,37.2507,37.4634,36.9311,37.215,2197440
2005-03-22,37.3576,37.6495,37.0765,37.1546,2298021
2005-03-23,37.1923,37.507,36.9835,37.411,2074710
2005-03-24,39.6819,39.6819,37.7128,37.791,4716096
2005-03-28,38.066,38.3292,37.9166,38.0523,2065540
2005-03-29,38.1017,38.1798,37.6048,37.6495,2135512
2005-03-30,37.8533,38.5351,37.791,38.3926,2115339
2005-03-31,38.3985,38.5272,38.1364,38.2649,2077811
2005-04-01,38.4559,38.647,38.0443,38.4203,2162454
2005-04-04,38.5579,38.7261,38.3134,38.6103,3579072
2005-04-05,38.7528,39.3307,38.5499,39.206,2375614
2005-04-06,39.2337,39.48,38.9714,39.48,3580206
2005-04-07,39.4663,39.9818,39.4336,39.9135,2598359
2005-04-08,39.9055,40.052,39.5801,39.6137,2239618
2005-04-11,39.6205,39.9452,39.6137,39.8719,1703271
2005-04-12,39.7996,40.052,39.5257,39.9135,2190810
2005-04-13,39.8205,39.9966,39.5484,39.6948,1634569
2005-04-14,39.5948,40.1034,39.206,39.206,2998568
2005-04-15,39.0962,39.1328,38.6835,38.6835,2169223
2005-04-18,38.5648,38.5796,38.2214,38.4559,1825722
2005-04-19,38.4618,38.5192,37.9027,38.0443,2492700
2005-04-20,38.2095,38.3292,37.8533,37.9622,2099114
2005-04-21,38.1511,38.5716,37.9987,38.449,2279825
2005-04-22,38.4559,38.6043,37.9987,38.257,1370913
2005-04-25,38.7033,39.0665,38.3589,38.5064,1431715
2005-04-26,38.3876,38.5716,38.2035,38.2035,1075793
2005-04-27,38.2095,38.257,37.7484,37.9246,2143833
2005-04-28,38.9873,38.9873,38.1087,38.4411,2730966
2005-04-29,38.6766,38.9507,38.1957,38.8755,2030835
2005-05-02,38.826,39.3376,38.633,39.198,2110826
2005-05-03,39.1328,39.48,38.9427,39.0141,1969330
2005-05-04,39.1169,39.5127,38.9932,39.3445,3234864
2005-05-05,39.1654,39.4088,38.918,39.0812,1499851
2005-05-06,39.3801,39.6948,39.3801,39.4445,1464160
2005-05-09,39.4732,39.6819,39.3227,39.6137,1628649
2005-05-10,39.3307,39.4663,38.8903,39.0368,1438205
2005-05-11,38.9507,39.0962,38.7102,38.918,2496081
2005-05-12,38.9645,39.0535,38.5064,38.626,2344292
2005-05-13,38.7261,38.7587,37.7623,38.1017,2097280
2005-05-16,38.1511,38.4203,38.0523,38.1798,2024348
2005-05-17,38.1431,38.5429,37.8652,38.5132,2021950
2005-05-18,38.5132,38.7181,38.3511,38.5579,1472909
2005-05-19,38.5005,38.6687,38.2352,38.6538,1584072
2005-05-20,38.7033,39.2485,38.6597,39.1842,2312412
2005-05-23,38.9586,39.48,38.9348,39.3149,2120413
2005-05-24,39.3227,39.674,39.1466,39.5998,1647974
2005-05-25,39.2703,39.586,39.0535,39.1526,1612280
2005-05-26,39.1654,39.3445,39.0081,39.2337,1163823
2005-05-27,39.1911,39.4088,39.0962,39.3069,653014
2005-05-31,39.3801,39.7304,39.2703,39.496,1673084
2005-06-01,39.5037,39.5037,39.0368,39.2703,1431007
2005-06-02,39.2703,39.5037,39.0665,39.4336,1248041
2005-06-03,39.4336,39.674,39.2485,39.4088,1147175
2005-06-06,39.4088,39.5721,39.3227,39.5127,1104570
2005-06-07,39.5484,39.8333,39.3069,39.3871,1345381
2005-06-08,39.3584,39.4663,39.1406,39.2564,973238
2005-06-09,39.2564,40.0867,39.1031,39.9669,1893718
2005-06-10,39.9135,40.2014,39.8066,40.1263,1560228
2005-06-13,40.1341,40.5686,40.06,40.242,1876650
2005-06-14,40.2014,40.2014,39.8531,39.9372,1712439
2005-06-15,39.9452,40.1341,39.7996,40.0046,1346226
2005-06-16,39.9749,40.0363,39.7829,39.9531,1351164
2005-06-17,40.1569,40.2815,39.9055,39.9818,1920238
2005-06-20,39.9818,40.0727,39.7671,39.7908,1673226
2005-06-21,39.7452,39.8283,39.4088,39.5127,1875938
2005-06-22,39.6058,39.8403,39.5404,39.674,1452312
2005-06-23,39.6948,39.7829,39.2188,39.2188,974650
2005-06-24,39.1328,39.206,38.7746,38.826,1678159
2005-06-27,38.6954,38.8062,38.3214,38.7033,1757863
2005-06-28,38.9873,39.5721,38.8408,39.4583,1511277
2005-06-29,39.5187,39.5948,39.2188,39.5037,856012
2005-06-30,39.0892,39.7671,39.0892,39.1654,2077674
2005-07-01,39.1911,39.3307,39.0081,39.2119,1113465
2005-07-05,39.1466,39.2337,38.8834,39.0081,1215174
2005-07-06,38.9714,39.0892,38.5064,38.6687,1774235
2005-07-07,38.5716,38.918,38.3511,38.8458,1692554
2005-07-08,38.8121,39.0368,38.633,38.9586,1417044
2005-07-11,39.5187,39.5563,39.1842,39.198,2288714
2005-07-12,39.198,39.3376,38.8458,39.0448,1250019
2005-07-13,39.1328,39.291,39.0962,39.198,1248041
2005-07-14,39.1654,39.5404,39.1328,39.2337,1427342
2005-07-15,39.2337,39.5948,39.1169,39.4732,1623568
2005-07-18,39.3149,39.3227,38.923,38.9279,1089619
2005-07-19,39.0595,39.1911,38.6904,38.8458,1769861
2005-07-20,38.7399,39.3445,38.5866,39.299,1893435
2005-07-21,39.299,40.1411,39.1526,39.9135,3190848
2005-07-22,39.9749,39.9818,39.5948,39.8838,1383750
2005-07-25,39.7671,40.1717,39.7017,40.0966,1010198
2005-07-26,40.0966,40.339,39.8897,40.2737,1994019
2005-07-27,40.2668,40.4558,39.9966,40.1945,2283071
2005-07-28,40.7605,40.7605,39.8283,39.8283,2003328
2005-07-29,39.7512,39.8987,39.3069,39.3069,1881728
2005-08-01,39.4148,39.5721,39.3069,39.3307,2140871
2005-08-02,39.2485,39.3376,38.9932,39.1911,2812217
2005-08-03,39.1713,39.4513,39.1654,39.3801,2268540
2005-08-04,39.395,39.6345,39.2119,39.5257,1360617
2005-08-05,39.4445,39.5948,39.2772,39.2842,1334942
2005-08-08,39.2772,39.4732,39.1466,39.1783,1270615
2005-08-09,39.48,39.5257,39.0745,39.1328,3477221
2005-08-10,39.2337,39.5563,38.7973,38.9279,2013769
2005-08-11,38.9586,39.1654,38.9052,38.9714,1778464
2005-08-12,38.9794,39.206,38.923,39.1249,1507472
2005-08-15,39.0288,39.5404,39.0141,39.5187,1829810
2005-08-16,39.5257,39.7908,39.4148,39.6345,1693967
2005-08-17,39.496,39.6058,39.2842,39.4088,1109792
2005-08-18,39.4148,39.5257,39.2703,39.5037,1352149
2005-08-19,39.6671,39.6819,39.4197,39.48,1179342
2005-08-22,39.6205,40.0363,39.586,39.9214,1380648
2005-08-23,39.9599,40.052,39.7452,39.8283,1366397
2005-08-24,39.8897,40.0797,39.488,39.496,1777331
2005-08-25,39.3871,39.5187,39.2633,39.48,1100209
2005-08-26,39.4148,39.5801,39.1911,39.3801,1246771
2005-08-29,39.1605,39.7512,39.0962,39.674,1147175
2005-08-30,39.4336,39.6898,39.299,39.6205,1297275
2005-08-31,39.7235,39.867,39.1249,39.7601,1646422
2005-09-01,39.6592,39.9749,39.5404,39.7235,1159589
2005-09-02,39.8403,40.4875,39.7671,40.3311,5409030
2005-09-06,40.3093,40.4795,40.0867,40.435,3419387
2005-09-07,40.5072,40.712,40.435,40.6379,1743338
2005-09-08,40.5458,40.9179,40.3746,40.8733,2346123
2005-09-09,40.8169,41.2395,40.617,41.0218,1765624
2005-09-12,40.6982,40.9179,40.3093,40.5458,2390001
2005-09-13,40.5527,40.5527,39.7908,39.8136,2228621
2005-09-14,39.7996,39.9749,39.4148,39.6948,2741688
2005-09-15,39.7017,39.7304,39.3445,39.6592,2319748
2005-09-16,39.7671,40.0046,39.5563,39.9214,2792753
2005-09-19,39.9214,40.06,39.4445,39.5998,3315139
2005-09-20,39.48,39.8403,39.3871,39.5404,1595360
2005-09-21,39.4009,39.6592,38.1798,38.5579,2038738
2005-09-22,38.4411,38.5648,37.9394,38.1729,2592578
2005-09-23,38.166,38.3589,37.8612,38.0937,2462933
2005-09-26,38.1284,38.3926,37.9027,38.074,2248789
2005-09-27,37.9246,38.1431,37.5357,38.0443,2546730
2005-09-28,38.3797,38.5648,38.0523,38.2649,2361785
2005-09-29,38.3214,38.4559,37.9542,38.1729,2379701
2005-09-30,38.1364,38.5429,37.9622,38.5272,2299856
2005-10-03,38.3511,38.4114,37.9839,38.1957,2600898
2005-10-04,38.257,38.6904,38.1144,38.1798,2147361
2005-10-05,38.2728,38.5579,38.1431,38.257,2622623
2005-10-06,38.3134,38.4846,38.0076,38.3797,1708210
2005-10-07,38.5272,38.5272,37.9542,38.3134,1833197
2005-10-10,37.9987,38.4055,37.7356,37.9087,1949582
2005-10-11,37.8335,37.976,36.9835,37.228,2617403
2005-10-12,37.1082,37.5732,37.0468,37.2882,2072030
2005-10-13,37.2507,37.6969,37.2507,37.5791,2313120
2005-10-14,37.5564,37.8533,37.2507,37.8186,1258620
2005-10-17,37.8444,38.3797,37.3644,38.2927,3065015
2005-10-18,38.2927,38.4678,37.9394,38.0017,2471962
2005-10-19,38.0304,39.2188,38.0304,39.206,2916471
2005-10-20,39.0218,39.1328,37.9542,38.1511,2700921
2005-10-21,38.1017,38.2927,37.3793,37.3793,3876027
2005-10-24,37.3576,38.5716,37.3576,38.2095,2473371
2005-10-25,38.4559,38.7399,37.3853,37.5139,4094967
2005-10-26,37.5732,37.8335,37.2962,37.3921,4234060
2005-10-27,37.405,37.5732,37.0765,37.0943,2601886
2005-10-28,37.215,38.3511,37.215,38.3511,3166447
2005-10-31,38.2095,38.4678,37.6969,38.0304,3503462
2005-11-01,38.066,38.833,38.0443,38.3659,2528954
2005-11-02,38.3797,38.7261,38.3659,38.4203,3030735
2005-11-03,38.4678,38.8834,38.4678,38.647,2033517
2005-11-04,38.8121,39.2406,38.7904,39.0962,2170638
2005-11-07,39.1713,39.2564,39.0368,39.1842,1511563
2005-11-08,39.1654,39.3801,38.7676,38.918,2129022
2005-11-09,39.0218,39.8066,38.8458,39.5187,2198283
2005-11-10,39.4732,39.7671,39.2703,39.5563,1784107
2005-11-11,39.4148,39.4732,39.299,39.3584,1716817
2005-11-14,39.198,39.9214,39.1328,39.8136,1623289
2005-11-15,39.8136,39.9886,39.6265,39.7908,1717242
2005-11-16,39.9669,40.2588,39.8136,40.2084,1914030
2005-11-17,40.0293,40.2945,39.7749,40.1341,2199274
2005-11-18,40.1341,40.1341,39.5257,39.7671,3421361
2005-11-21,39.8482,40.1866,39.8482,40.149,1549083
2005-11-22,40.1034,40.3974,39.9818,40.339,2187845
2005-11-23,40.0363,40.2232,39.8482,40.045,1476576
2005-11-25,40.1183,40.3825,40.0363,40.3232,699141
2005-11-28,40.2815,40.3974,40.1341,40.2291,1658979
2005-11-29,40.4043,40.7497,40.3677,40.5805,2118018
2005-11-30,40.7546,40.8793,40.623,40.6675,2543062
2005-12-01,40.7605,41.1009,40.7605,40.9534,1946478
2005-12-02,40.91,41.0069,40.7437,40.7664,1936603
2005-12-05,40.7724,40.903,40.3677,40.7664,2798535
2005-12-06,40.7931,41.2068,40.7664,41.0642,2328355
2005-12-07,41.1148,41.1652,40.7774,40.9811,1624559
2005-12-08,40.4043,41.2068,40.4043,41.1869,2391269
2005-12-09,41.1949,41.7174,41.1652,41.5758,2681308
2005-12-12,41.4343,41.6115,41.1226,41.473,2762984
2005-12-13,41.4066,41.9054,41.4066,41.8579,2494536
2005-12-14,41.8579,42.2299,41.7095,42.0577,2307194
2005-12-15,42.0627,42.3893,41.8579,42.1774,2392677
2005-12-16,42.3547,42.5061,41.8935,41.9222,2476621
2005-12-19,41.8233,41.8233,41.3275,41.3839,1938718
2005-12-20,41.5758,41.9054,41.4591,41.6788,1553880
2005-12-21,41.8233,42.0627,41.754,41.9945,1197542
2005-12-22,42.0846,42.1697,41.8163,42.0983,1941396
2005-12-23,42.1637,42.2775,42.0716,42.14,631708
2005-12-27,42.14,42.3893,42.1123,42.1774,1025576
2005-12-28,42.3062,42.3893,42.0023,42.2992,1324642
2005-12-29,42.3754,42.5763,42.3547,42.4388,1305736
2005-12-30,42.321,42.7168,42.321,42.6099,1592112
2006-01-03,42.0023,42.6199,41.8935,42.2695,3066005
2006-01-04,42.321,42.602,42.1774,42.5763,2070617
2006-01-05,42.5358,42.6426,42.2775,42.6426,1958467
2006-01-06,42.5358,43.2076,42.3893,42.9958,2112517
2006-01-09,42.888,43.2443,42.8168,43.2076,1697069
2006-01-10,43.2076,43.4056,43.0631,43.3837,1953672
2006-01-11,43.355,43.5897,43.1699,43.544,2219586
2006-01-12,44.5325,44.5325,43.3095,43.4857,1732617
2006-01-13,43.0631,43.2076,42.8741,43.1996,2967820
2006-01-17,42.98,43.1859,42.9434,43.0265,2028860
2006-01-18,43.0265,43.1542,42.7772,42.7989,2463214
2006-01-19,42.8801,43.0483,42.7911,42.9731,2395360
2006-01-20,42.8633,43.1185,42.6633,42.7772,2412004
2006-01-23,42.8504,43.1919,42.8168,43.0691,1154089
2006-01-24,43.3382,44.2179,43.3382,44.0072,2439235
2006-01-25,43.9923,44.1279,43.7271,43.8399,2064974
2006-01-26,45.2846,45.2846,43.921,44.5257,2163299
2006-01-27,44.306,44.5038,43.9854,44.4237,2172753
2006-01-30,43.6331,43.9923,43.1699,43.9685,2969091
2006-01-31,43.8815,44.4396,43.8815,44.0428,3266182
2006-02-01,44.0428,44.6563,44.0209,44.6563,2329055
2006-02-02,44.4831,44.5939,44.1279,44.306,2294496
2006-02-03,44.306,44.5662,44.2179,44.4396,1457109
2006-02-06,44.3397,44.87,44.1823,44.8284,2223537
2006-02-07,44.8284,45.2282,44.7661,45.0441,2287586
2006-02-08,44.6216,44.8027,44.4831,44.6424,1794687
2006-02-09,44.8087,45.3677,44.5188,45.3242,2046353
2006-02-10,45.3242,45.628,45.0698,45.5717,1324503
2006-02-13,45.3321,45.6349,45.2559,45.538,1366397
2006-02-14,45.3173,46.4533,45.3173,46.2059,2767645
2006-02-15,46.0812,46.2821,45.9218,46.1475,2257113
2006-02-16,46.1475,46.5038,45.9724,46.4464,1981743
2006-02-17,46.4968,46.8144,46.3602,46.5799,2136496
2006-02-21,46.4107,46.5512,46.0149,46.288,1825438
2006-02-22,46.4601,47.1311,46.4464,46.6917,2237222
2006-02-23,46.4384,46.6779,46.1851,46.2821,2107719
2006-02-24,46.3959,46.767,46.3008,46.7353,2059900
2006-02-27,46.6056,46.7739,46.4314,46.4464,2405521
2006-02-28,46.1713,46.4464,45.3103,45.4379,4169027
2006-03-01,44.9066,45.8556,44.8631,45.7517,3215960
2006-03-02,45.6518,46.5799,45.5784,46.288,2646745
2006-03-03,46.2554,46.9619,46.192,46.6373,1943232
2006-03-06,46.7797,46.7797,45.8407,45.9218,1282882
2006-03-07,46.0229,46.3959,45.6874,46.0872,1937308
2006-03-08,45.9368,46.3602,45.8338,46.2949,2533468
2006-03-09,46.2059,46.9619,46.0743,46.5038,2433023
2006-03-10,46.5106,47.6219,46.5106,47.4596,4004113
2006-03-13,47.607,47.9613,47.3864,47.7011,2200262
2006-03-14,47.7426,48.1603,47.5367,48.1403,1623289
2006-03-15,48.1403,48.7638,47.9475,48.6776,2542777
2006-03-16,48.6776,49.1566,48.4145,49.0191,1489412
2006-03-17,49.1962,49.6494,49.0418,49.5019,2626854
2006-03-20,49.5019,49.585,48.9825,49.2239,2269529
2006-03-21,49.1566,49.6137,49.1428,49.2091,2204496
2006-03-22,49.1241,49.5426,49.0577,49.4941,1476152
2006-03-23,49.3387,49.3387,48.8429,48.9904,1831648
2006-03-24,49.0577,49.3516,48.6342,48.6776,2549125
2006-03-27,48.736,48.736,48.3462,48.5718,2950325
2006-03-28,48.4581,48.6422,48.0355,48.1603,2061166
2006-03-29,48.1533,48.8054,47.9276,48.6776,1811192
2006-03-30,48.5441,48.6272,48.1463,48.3313,1891884
2006-03-31,48.4511,48.9676,48.3462,48.4075,1766049
2006-04-03,48.5866,48.7123,48.174,48.2117,2146233
2006-04-04,48.2384,49.1962,48.1335,49.0497,2277847
2006-04-05,48.9449,49.3516,48.7846,49.217,1390946
2006-04-06,49.1358,49.2902,48.6986,49.0954,1260033
2006-04-07,49.3793,49.5505,48.9597,49.1031,1935473
2006-04-10,49.1091,49.3387,48.7974,49.2754,1216020
2006-04-11,49.2754,49.2833,48.7569,48.8429,1641063
2006-04-12,48.8429,48.9093,48.1097,48.2037,2340485
2006-04-13,48.2542,48.5589,48.1097,48.4372,1281478
2006-04-17,47.8771,48.8766,47.8771,48.8054,1131938
2006-04-18,48.9093,49.5505,48.8429,49.4584,2018139
2006-04-19,49.5149,49.9255,49.2833,49.8068,2028158
2006-04-20,49.1814,50.2669,49.1814,50.0037,2707406
2006-04-21,50.2253,50.2253,49.2675,49.9394,1518611
2006-04-24,49.7998,50.5895,49.7266,50.4924,1666594
2006-04-25,50.3638,50.3698,48.9518,48.9518,3142466
2006-04-26,47.9929,48.4877,47.9613,48.2384,3709564
2006-04-27,47.8831,48.174,47.6921,47.9772,2532622
2006-04-28,47.9772,48.0425,47.1955,47.4239,2987285
2006-05-01,47.4239,47.897,46.9193,47.6783,2260360
2006-05-02,47.6783,47.8901,47.518,47.707,2593000
2006-05-03,47.8475,48.0959,47.4596,47.9772,2943274
2006-05-04,47.8901,48.0425,47.7278,47.9682,2203506
2006-05-05,48.0355,48.5144,47.897,48.3245,1536529
2006-05-08,48.3313,48.743,47.9682,48.6125,1616798
2006-05-09,48.6202,48.6202,48.2691,48.3512,1831079
2006-05-10,48.5589,48.6055,48.0533,48.2117,1696364
2006-05-11,48.2185,48.5006,47.897,47.985,1547248
2006-05-12,47.9682,48.1603,47.1955,47.2636,1877495
2006-05-15,47.1371,47.4963,47.0845,47.4369,2328635
2006-05-16,47.4676,47.51,47.1439,47.2409,1710750
2006-05-17,47.0717,47.2182,46.4464,46.6303,1825299
2006-05-18,46.0743,47.0421,46.0743,46.7155,1678868
2006-05-19,46.7867,47.3785,46.6056,47.1182,2063425
2006-05-22,47.1241,48.1463,46.9857,47.8207,2602586
2006-05-23,47.8149,47.8544,46.6215,46.6917,2816452
2006-05-24,46.6917,46.8836,45.9852,46.5859,3237970
2006-05-25,46.4314,46.7155,46.2346,46.3216,1848295
2006-05-26,46.4314,46.6373,46.1713,46.2414,1125308
2006-05-30,46.1781,46.1781,45.7586,45.9724,1978779
2006-05-31,45.9368,46.375,45.6081,45.8486,2472388
2006-06-01,45.8556,46.2613,45.724,45.9288,3071225
2006-06-02,45.8625,46.2484,45.6705,46.1099,2286029
2006-06-05,46.2554,46.5225,45.8981,45.9447,1908528
2006-06-06,46.1169,46.3216,45.25,45.4756,1486594
2006-06-07,45.4973,45.9724,45.0591,45.0778,2509626
2006-06-08,44.8987,45.3865,44.3871,45.2619,3023265
2006-06-09,45.2906,45.5944,45.2045,45.2767,1666736
2006-06-12,45.3677,45.3757,44.5257,44.5879,1384030
2006-06-13,44.6216,44.9482,44.4831,44.6642,1926020
2006-06-14,44.1823,44.4089,43.8023,44.114,2727157
2006-06-15,43.9468,44.87,43.6044,44.6721,2264873
2006-06-16,43.9468,44.6642,43.928,44.6642,3509100
2006-06-19,44.6503,44.8631,44.1556,44.2941,1584210
2006-06-20,44.401,44.5662,44.0209,44.1279,1302072
2006-06-21,44.1003,44.6642,44.0209,44.4089,1471637
2006-06-22,44.4089,44.5612,44.1674,44.3732,1370066
2006-06-23,44.1615,44.5188,44.0209,44.1397,1366824
2006-06-26,44.1615,44.2496,43.8943,44.0715,1421131
2006-06-27,44.1337,44.5188,43.8676,44.1397,2722499
2006-06-28,44.2555,44.6563,43.928,44.211,2680890
2006-06-29,44.5188,45.4676,44.4475,45.4083,3220335
2006-06-30,45.4083,46.2663,45.1966,45.4083,2996598
2006-07-03,45.5864,45.7309,45.2421,45.6003,640592
2006-07-05,45.4222,45.5181,45.0214,45.0778,1172710
2006-07-06,45.0214,45.5717,45.0214,45.2975,1016971
2006-07-07,45.1184,45.25,44.6019,44.6949,905103
2006-07-10,44.87,45.3677,44.8216,45.2975,948548
2006-07-11,45.154,46.0149,45.0591,45.8981,972817
2006-07-12,46.0743,46.0743,45.5864,45.7081,1426211
2006-07-13,45.5133,45.813,45.3757,45.53,1353561
2006-07-14,45.3321,45.4083,44.7602,45.346,1244516
2006-07-17,45.346,45.4014,44.87,44.97,1685918
2006-07-18,45.0441,45.2282,44.4168,44.9482,1258901
2006-07-19,45.25,46.7797,45.25,46.6839,1883134
2006-07-20,46.6303,46.954,46.2207,46.2821,1204312
2006-07-21,46.4601,46.7353,46.1475,46.4236,1424096
2006-07-24,46.4236,47.0421,46.4167,46.6996,1495480
2006-07-25,46.8352,47.607,46.6442,47.4239,2191661
2006-07-26,47.2479,47.8416,46.7739,47.4457,1779874
2006-07-27,47.4883,47.9208,46.5512,46.759,2208162
2006-07-28,47.0014,47.0717,46.2277,46.665,1676468
2006-07-31,46.375,46.9342,46.3295,46.9193,2200966
2006-08-01,46.8956,46.8956,46.3959,46.7996,1999097
2006-08-02,46.9767,46.9767,46.5661,46.6136,1943232
2006-08-03,46.4314,46.4314,46.0406,46.0535,2871611
2006-08-04,46.0743,46.288,45.8625,45.9724,2395923
2006-08-07,45.9724,45.9724,45.4459,45.4756,2168376
2006-08-08,45.5449,46.1237,45.5449,45.7774,1829673
2006-08-09,46.0743,46.3682,45.538,45.5784,1662082
2006-08-10,45.5784,46.1623,45.2203,46.0069,1606359
2006-08-11,45.9724,46.0594,45.724,45.8981,1491950
2006-08-14,45.9772,46.5938,45.9772,46.1713,872090
2006-08-15,46.4236,46.767,46.288,46.6056,1199089
2006-08-16,46.8569,47.0014,46.5374,46.8352,1560653
2006-08-17,46.9263,47.1875,46.7996,47.0351,1406319
2006-08-18,46.9619,47.0271,46.6215,46.7867,1129120
2006-08-21,46.7867,46.8065,46.5225,46.6917,828361
2006-08-22,46.8224,46.9193,46.6303,46.6779,925979
2006-08-23,46.751,46.9263,46.5729,46.767,950949
2006-08-24,46.7283,46.9263,46.5512,46.6839,1032486
2006-08-25,46.5374,46.5859,46.2277,46.3602,686865
2006-08-28,46.4533,46.8431,46.4384,46.7155,1497874
2006-08-29,46.6215,46.8352,46.5295,46.7797,1196269
2006-08-30,47.1024,47.518,46.9193,47.2023,2194336
2006-08-31,47.3785,47.6714,47.2776,47.3577,1890755
2006-09-01,47.3577,47.8683,47.1371,47.6477,1832633
2006-09-05,47.8277,48.5995,47.8207,48.3808,1614260
2006-09-06,48.3808,48.6836,48.2938,48.4808,1742630
2006-09-07,48.6342,48.6342,48.0533,48.2037,853048
2006-09-08,48.3096,48.4511,48.1176,48.2384,835835
2006-09-11,48.3887,48.8964,48.274,48.8271,1055907
2006-09-12,48.8429,48.8499,47.8614,48.2254,1640216
2006-09-13,48.2037,48.2037,47.7723,48.1097,1346648
2006-09-14,47.9929,48.6718,47.9613,48.4808,1436932
2006-09-15,48.7638,49.0577,48.3393,48.373,2358680
2006-09-18,48.3462,48.6718,48.1256,48.3165,1897528
2006-09-19,48.1335,48.3997,48.0533,48.174,1585055
2006-09-20,48.3462,48.5589,48.2185,48.3096,1268920
2006-09-21,48.3165,48.3997,47.9475,48.1097,1116846
2006-09-22,48.167,48.2037,47.8831,47.9613,791398
2006-09-25,47.8207,48.4145,47.8207,48.2185,1558255
2006-09-26,48.0959,48.4372,48.0425,48.18,1523267
2006-09-27,48.2542,48.5589,48.0959,48.3887,1592252
2006-09-28,48.3096,48.5521,48.2384,48.3512,1149857
2006-09-29,48.2384,48.4649,48.082,48.2542,1067051
2006-10-02,48.4877,49.6781,48.366,49.1566,2192928
2006-10-03,49.1241,49.2457,48.8133,48.9904,1730221
2006-10-04,48.6718,49.2596,48.4214,49.217,1671249
2006-10-05,48.9973,49.1566,48.8133,48.9597,1566857
2006-10-06,48.8054,48.8429,48.2254,48.4877,2048896
2006-10-09,48.6422,48.6422,48.3313,48.4511,1348907
2006-10-10,48.4145,48.7213,48.2037,48.6422,2924233
2006-10-11,48.6422,48.8429,48.3512,48.6055,2134667
2006-10-12,48.6906,49.1725,48.6718,49.0418,2943419
2006-10-13,49.1241,49.3021,48.9251,49.2388,1456828
2006-10-16,49.2675,49.4287,49.0844,49.4159,1255938
2006-10-17,49.3239,49.3436,49.1358,49.2596,2002765
2006-10-18,49.2675,49.4792,49.1962,49.3239,2000083
2006-10-19,49.1645,49.2319,48.8212,48.9171,1215174
2006-10-20,49.0122,49.0122,48.4511,48.7717,1634288
2006-10-23,48.8212,49.035,48.6986,49.035,1892163
2006-10-24,48.5589,48.743,47.9208,48.2314,3266182
2006-10-25,48.2254,48.2314,46.751,46.8352,4459210
2006-10-26,46.8352,46.8569,45.9368,46.7213,3272531
2006-10-27,46.8144,47.0271,46.7213,46.7937,4167195
2006-10-30,46.7937,47.329,46.7937,47.1182,1903593
2006-10-31,46.9697,47.2112,46.8282,47.0638,2578328
2006-11-01,47.0351,47.799,46.8699,47.4526,2731105
2006-11-02,47.1439,47.2112,46.5374,46.7155,3798439
2006-11-03,46.8748,47.0717,46.7155,46.751,1860288
2006-11-06,46.6779,47.048,46.6215,46.8431,2379137
2006-11-07,47.0014,47.4883,46.5106,47.0717,2927191
2006-11-08,46.9619,46.9697,45.9922,46.0594,4832761
2006-11-09,46.1851,46.5859,45.7774,45.7854,2373916
2006-11-10,45.6518,45.9852,45.6003,45.8625,1858874
2006-11-13,46.095,46.942,45.9922,46.4809,3534780
2006-11-14,46.5295,47.3636,46.382,47.1658,3206510
2006-11-15,47.2409,48.373,47.2112,48.2542,4130378
2006-11-16,48.2542,48.3808,47.9208,47.9533,2173599
2006-11-17,47.7792,48.0128,47.2023,47.5724,2951741
2006-11-20,47.3636,47.5309,47.1371,47.2112,2302962
2006-11-21,47.2112,47.4002,47.0124,47.2776,2267552
2006-11-22,47.1024,47.1371,46.7353,46.8352,1389957
2006-11-24,46.7867,47.0915,46.6917,46.8224,447331
2006-11-27,46.8569,46.947,46.1396,46.2277,2459692
2006-11-28,45.9724,46.5374,45.813,46.4236,2252599
2006-11-29,46.4809,47.5309,46.4809,47.4369,2561679
2006-11-30,47.4676,47.6634,47.0014,47.4457,1632311
2006-12-01,47.2776,48.082,47.2776,47.6477,2444453
2006-12-04,47.8207,48.3808,47.799,48.2254,1482782
2006-12-05,48.2254,48.5144,48.1097,48.3393,1167630
2006-12-06,48.3393,48.4511,47.7862,47.897,1409565
2006-12-07,47.9208,48.1176,47.7278,47.8831,1683382
2006-12-08,47.8475,48.0058,47.323,47.4002,1062111
2006-12-11,47.1518,48.0425,47.1439,47.8831,1181318
2006-12-12,47.7792,47.9208,47.1371,47.1955,2345562
2006-12-13,47.2636,47.4239,46.8144,46.9193,2536993
2006-12-14,46.9342,47.329,46.8836,46.8886,2513014
2006-12-15,47.0717,47.8475,46.9114,47.6841,2434435
2006-12-18,47.6783,47.8149,47.2776,47.3448,1329441
2006-12-19,47.3517,47.8346,47.3517,47.6921,1595360
2006-12-20,47.4963,48.5006,47.4963,48.373,2030977
2006-12-21,48.5589,48.749,48.174,48.4372,1775785
2006-12-22,48.4372,48.4372,47.8149,47.9613,1089199
2006-12-26,48.1256,48.2938,47.8831,48.2542,568790
2006-12-27,48.4294,48.4808,48.2314,48.4214,833578
2006-12-28,48.2462,48.4877,48.2037,48.4511,674170
2006-12-29,48.3096,48.4145,47.9049,47.9929,993127
2007-01-03,47.9208,48.6986,47.8901,48.2938,1671673
2007-01-04,48.1176,48.2938,47.4092,47.4596,2614861
2007-01-05,46.947,47.8831,46.947,47.6921,2023925
2007-01-08,47.518,48.0662,47.3517,47.9682,1808085
2007-01-09,48.1176,48.4649,47.7565,48.2691,1600291
2007-01-10,48.373,48.7063,48.0889,48.6718,1401384
2007-01-11,48.6272,49.1566,48.5224,49.0577,1399269
2007-01-12,48.8578,49.4347,48.7638,49.3239,1641905
2007-01-16,49.1814,49.4872,49.1161,49.4723,1261587
2007-01-17,49.5286,49.5286,49.0577,49.4209,1575324
2007-01-18,49.4209,49.7998,49.3793,49.5643,1817541
2007-01-19,49.7405,49.9255,49.607,49.8275,1824308
2007-01-22,49.3723,49.7771,48.9449,49.6781,2743518
2007-01-23,49.8068,50.9121,49.7345,50.7488,2850456
2007-01-24,50.6499,50.9813,50.4074,50.8982,2608235
2007-01-25,50.7339,50.8903,50.1293,50.5411,1610448
2007-01-26,50.5488,50.6339,49.8681,49.9681,1848712
2007-01-29,50.261,50.3767,49.9255,50.1462,2170779
2007-01-30,50.2867,50.5064,50.0966,50.3084,1642609
2007-01-31,50.0115,50.4371,50.0115,50.2867,1510290
2007-02-01,50.261,50.5568,50.2085,50.5411,2726874
2007-02-02,50.8032,51.578,50.6874,51.3425,2602169
2007-02-05,51.016,51.774,50.826,51.7491,2086416
2007-02-06,51.7491,52.0599,51.5009,51.9234,2038172
2007-02-07,52.0095,52.3201,51.9303,52.1955,1784107
2007-02-08,52.2014,52.8455,52.0669,52.7328,2743803
2007-02-09,52.6012,52.7693,52.2232,52.4557,2235532
2007-02-12,52.4617,52.9218,52.4557,52.7396,3002492
2007-02-13,52.7466,53.1554,52.7109,52.8832,2082380
2007-02-14,52.8832,53.1355,52.3439,52.7981,3358884
2007-02-15,52.8397,53.1632,52.7041,53.1355,3688261
2007-02-16,53.1554,53.1998,52.995,53.1691,3411766
2007-02-20,53.2642,53.5116,53.1038,53.4849,1807665
2007-02-21,53.4552,53.6737,53.2058,53.37,1279076
2007-02-22,53.2375,53.4126,52.7773,52.9663,1458098
2007-02-23,52.6338,52.9169,52.3201,52.7536,1855066
2007-02-26,52.3885,52.8832,52.0242,52.3439,2136085
2007-02-27,51.8541,52.2014,50.7191,50.9733,3490063
2007-02-28,50.153,51.4869,49.976,50.9338,2909279
2007-03-01,50.3638,51.3979,49.976,51.2,3355440
2007-03-02,51.2,51.4781,50.7557,50.9051,2174022
2007-03-05,50.5488,51.2732,50.5488,50.7755,3103534
2007-03-06,50.9616,51.3227,50.8537,51.1051,3542819
2007-03-07,51.2297,51.3425,50.9813,51.1188,1631185
2007-03-08,51.393,51.9619,51.2158,51.6532,2606964
2007-03-09,51.8887,52.1005,51.6245,51.7818,1436932
2007-03-12,51.677,52.5625,51.6453,52.3271,1825844
2007-03-13,52.3063,52.3063,51.3227,51.5651,2867271
2007-03-14,51.5651,51.9461,50.9051,51.5997,2934392
2007-03-15,51.6117,51.9234,51.4781,51.7957,2024067
2007-03-16,51.9619,52.138,51.3979,51.4405,3695320
2007-03-19,51.6057,52.4557,51.6057,52.4082,1946054
2007-03-20,52.2558,52.6071,52.1083,52.426,1885354
2007-03-21,52.4497,53.1781,52.4082,53.1691,2727819
2007-03-22,53.1038,53.1691,52.3201,52.5497,2162631
2007-03-23,52.6338,53.7461,52.6338,53.6737,2903493
2007-03-26,53.5195,53.6421,53.0167,53.378,2138410
2007-03-27,53.1305,53.2215,52.9019,53.0524,1662223
2007-03-28,52.811,52.9169,52.4419,52.5497,1243812
2007-03-29,52.9218,53.1781,52.7179,53.0237,1985608
2007-03-30,53.1998,53.4126,52.526,52.6131,2121404
2007-04-02,52.803,53.1434,52.6269,53.089,2333574
2007-04-03,53.3998,53.8341,53.2562,53.655,1509728
2007-04-04,53.6193,53.7678,53.4265,53.4849,1353705
2007-04-05,53.5195,53.5195,53.089,53.1998,1298967
2007-04-09,53.3156,53.9084,53.3156,53.6817,1546112
2007-04-10,53.7164,53.846,53.5263,53.5907,1147321
2007-04-11,53.3918,53.462,52.3063,52.4419,2531521
2007-04-12,52.3885,53.2879,52.3271,53.2215,1634994
2007-04-13,53.1632,53.1998,52.7902,52.987,1205576
2007-04-16,53.0356,53.2969,52.6546,52.7773,1841245
2007-04-17,52.9287,53.2375,52.7328,53.2138,1534976
2007-04-18,53.0603,53.7906,52.9524,53.7164,1476373
2007-04-19,54.2992,54.2992,53.1691,53.8262,1798750
2007-04-20,54.1499,54.3942,53.9301,53.9449,2443883
2007-04-23,53.8341,54.512,53.7539,54.3111,1729794
2007-04-24,53.9084,53.9084,52.4834,52.5784,3381858
2007-04-25,52.5784,53.272,52.4617,52.9169,2704586
2007-04-26,52.8832,53.0237,52.236,52.236,2718127
2007-04-27,52.0669,53.089,52.0529,52.9169,2034505
2007-04-30,52.9169,53.1247,52.1826,52.2014,2824226
2007-05-01,52.3736,52.3736,51.8195,51.8541,3306249
2007-05-02,51.8541,52.0451,51.4108,51.5216,5121458
2007-05-03,51.7126,52.3063,51.6057,52.2984,4117405
2007-05-04,52.3736,53.097,52.1826,52.3271,2299716
2007-05-07,52.4497,53.2483,52.4497,53.1117,1942809
2007-05-08,53.0237,53.1998,52.7109,53.089,1273575
2007-05-09,53.097,53.6817,52.6962,53.5056,2743518
2007-05-10,53.3236,53.4056,52.7981,52.7981,2604891
2007-05-11,53.0663,53.1247,52.7833,53.0731,1543723
2007-05-14,52.9099,53.8341,52.9099,53.7244,2317068
2007-05-15,53.7302,54.1576,53.655,53.7836,2150321
2007-05-16,53.8737,54.4981,53.4709,54.4615,1848698
2007-05-17,54.4615,54.7514,54.3477,54.407,1908221
2007-05-18,54.4763,54.6969,54.3269,54.5821,1349469
2007-05-21,54.5821,54.9087,54.3853,54.4842,1988373
2007-05-22,54.3329,54.3477,53.6817,53.7539,2265575
2007-05-23,53.7758,53.9381,53.5195,53.6193,1582880
2007-05-24,53.4056,53.65,53.1691,53.2138,2156860
2007-05-25,53.2799,53.3631,52.9456,53.1928,2030322
2007-05-29,53.0237,53.37,52.9099,53.3156,1886971
2007-05-30,53.1355,53.7094,52.9743,53.7014,1585902
2007-05-31,53.7678,53.9301,53.563,53.5976,1706940
2007-06-01,53.7758,54.1499,53.7381,54.0092,1871570
2007-06-04,53.9449,54.4694,53.8737,54.32,1478961
2007-06-05,54.32,54.4555,53.9687,54.3111,1859714
2007-06-06,54.32,54.4902,53.9449,54.0795,1484940
2007-06-07,53.7381,54.2864,53.3294,53.3294,1700333
2007-06-08,53.3294,53.9084,52.9593,53.9084,1394191
2007-06-11,53.9014,54.0598,53.668,53.8262,1159573
2007-06-12,53.5116,53.9815,53.5116,53.556,2102778
2007-06-13,53.7244,54.2487,53.7014,54.2487,2007560
2007-06-14,54.2932,54.793,54.2864,54.6901,1285142
2007-06-15,54.8989,55.073,54.8375,54.8682,2686669
2007-06-18,54.7653,54.7653,54.2645,54.3269,2556046
2007-06-19,54.3645,54.9711,54.3566,54.6128,1305879
2007-06-20,54.6059,54.9028,54.5476,54.6623,1989645
2007-06-21,54.512,55.073,54.2645,54.7326,1473751
2007-06-22,54.5525,54.5525,54.0152,54.3408,2303664
2007-06-25,54.5574,54.9087,54.1439,54.4397,1863531
2007-06-26,54.5821,54.5821,53.8055,54.2349,1991186
2007-06-27,53.9944,55.1164,53.8055,55.0136,3309210
2007-06-28,54.9434,55.2065,54.8543,54.9939,2355438
2007-06-29,55.1443,55.4955,54.9592,55.1987,2582702
2007-07-02,55.4678,55.7825,55.3352,55.6173,1848575
2007-07-03,55.738,55.924,55.4738,55.6173,1069447
2007-07-05,55.5746,55.6954,55.4144,55.4738,2550117
2007-07-06,55.5035,55.7518,55.4391,55.6033,1780961
2007-07-09,55.648,55.8597,55.2422,55.2422,1501122
2007-07-10,54.9503,55.0136,53.8262,53.8865,2286457
2007-07-11,53.8865,54.6337,53.8865,54.4338,1363435
2007-07-12,54.3061,54.6832,53.8183,54.6832,1826143
2007-07-13,54.512,54.5821,54.1943,54.228,1879303
2007-07-16,54.0875,54.884,54.0666,54.5821,1629212
2007-07-17,54.5743,55.2986,54.4338,55.0878,1681971
2007-07-18,55.1641,55.4144,54.8009,54.9157,2569725
2007-07-19,55.1164,55.6717,55.0423,55.3857,1423111
2007-07-20,55.3699,55.648,55.066,55.08,2533468
2007-07-23,55.2828,56.1862,55.2759,56.0565,2406504
2007-07-24,55.4678,56.0001,54.6188,54.793,3173712
2007-07-25,55.3699,56.4346,55.2065,55.9299,3638747
2007-07-26,56.482,56.7889,55.1374,55.6717,3871772
2007-07-27,55.6173,55.7756,54.7256,54.7256,2879443
2007-07-30,54.5743,54.8989,54.1299,54.6682,2867286
2007-07-31,55.2759,55.5411,53.9449,53.9449,3465529
2007-08-01,53.84,54.9434,53.8055,54.793,2966281
2007-08-02,54.7801,56.2753,54.505,56.1645,2922397
2007-08-03,56.1932,56.9581,55.3145,55.3145,3068405
2007-08-06,55.9507,56.5247,55.3145,56.2911,3243219
2007-08-07,56.2911,56.5167,54.793,55.2422,3353828
2007-08-08,55.1581,55.1581,54.2932,54.9028,3975329
2007-08-09,54.6188,55.2828,52.7981,52.9287,4259979
2007-08-10,52.5625,55.2561,52.3439,55.066,4373569
2007-08-13,56.2911,56.7077,54.979,55.648,3686713
2007-08-14,55.8597,55.9774,54.4694,54.9364,2731528
2007-08-15,54.5821,55.0275,53.5699,53.5907,2504314
2007-08-16,53.4482,54.0943,52.3736,53.5412,3913974
2007-08-17,54.123,55.1918,53.9014,55.0937,3693341
2007-08-20,55.08,55.5746,54.4902,54.7722,2418493
2007-08-21,54.6258,55.4144,54.32,54.4011,4396575
2007-08-22,54.9651,55.4678,54.4902,54.6969,2622766
2007-08-23,54.8375,55.0503,54.1943,54.215,2419204
2007-08-24,54.0726,55.7825,54.0014,55.648,2076118
2007-08-27,55.5746,56.1645,55.5035,55.6874,1483792
2007-08-28,55.4391,55.4827,53.7678,53.8608,2431335
2007-08-29,54.2864,54.5971,54.0014,54.5337,2314810
2007-08-30,54.1943,55.3926,53.5263,54.979,1620183
2007-08-31,55.454,56.1416,55.2986,55.8894,3304556
2007-09-04,55.4332,55.8834,55.1164,55.5876,1695654
2007-09-05,55.171,55.5035,54.7139,54.8375,1580541
2007-09-06,54.2567,55.2145,54.1499,54.8919,2185446
2007-09-07,54.2992,55.3699,54.2992,55.1017,2222549
2007-09-10,55.5678,55.924,55.0275,55.3699,2124504
2007-09-11,55.6954,56.1099,55.2986,55.9923,1826143
2007-09-12,56.0001,56.6948,55.5966,55.7093,2910968
2007-09-13,56.1099,56.4296,55.7677,55.8063,2146095
2007-09-14,55.648,56.307,55.648,55.9102,1975256
2007-09-17,55.7597,56.0635,55.2828,55.5262,1221661
2007-09-18,55.6874,56.1249,54.9711,55.9864,1838421
2007-09-19,56.1416,56.8225,55.8834,56.6098,2103062
2007-09-20,56.6414,56.8502,56.4148,56.494,1408578
2007-09-21,56.9511,57.062,56.3614,56.3911,2061729
2007-09-24,56.2832,56.6948,55.7439,55.7825,1457952
2007-09-25,55.5549,56.6335,55.4896,56.4405,1734447
2007-09-26,56.6552,56.6552,55.4332,55.4827,2093611
2007-09-27,55.7756,55.7756,54.876,55.4896,1685354
2007-09-28,55.4391,55.9646,55.0067,55.2907,1552749
2007-10-01,55.8063,56.5602,55.3926,56.5247,1500134
2007-10-02,56.6177,56.7146,55.1778,55.4273,1808085
2007-10-03,55.3619,55.7756,55.1511,55.6836,1432280
2007-10-04,55.9181,56.3149,55.5192,56.1476,1169753
2007-10-05,56.4603,56.4603,55.5876,55.648,1048716
2007-10-08,55.7301,56.0358,55.648,55.8518,751759
2007-10-09,56.0001,56.2604,55.738,55.9774,2170919
2007-10-10,55.9705,56.1249,55.3055,55.6874,2272581
2007-10-11,56.0635,56.494,55.7825,56.1309,2945673
2007-10-12,56.2753,56.3544,55.8755,56.1783,1604737
2007-10-15,56.1309,56.6265,55.9923,56.2466,1724150
2007-10-16,56.2258,56.9511,56.021,56.9254,3173782
2007-10-17,57.062,57.6032,56.3911,56.9976,2363338
2007-10-18,56.6414,57.25,56.6414,57.0847,1591826
2007-10-19,56.8443,57.158,55.7301,55.7597,2059336
2007-10-22,55.3699,55.9864,55.0878,55.9181,1851817
2007-10-23,55.9507,56.6484,55.8003,56.3752,1359909
2007-10-24,56.7443,58.566,56.7146,58.3038,3411488
2007-10-25,58.7155,59.3339,58.3849,58.6165,2545741
2007-10-26,59.1488,59.1488,57.8526,58.0851,1941679
2007-10-29,58.3542,58.7986,57.902,58.4582,2416942
2007-10-30,58.1346,58.9153,57.9554,58.6027,1731061
2007-10-31,58.7659,59.2775,58.1782,59.2775,1693680
2007-11-01,59.1904,59.5358,58.0712,58.1495,2733416
2007-11-02,58.1495,58.4393,57.2807,58.0782,3100142
2007-11-05,58.0851,58.8361,58.0208,58.5393,1861734
2007-11-06,58.5878,59.9,58.2682,59.886,2627284
2007-11-07,60.4056,60.4056,59.3952,59.5427,4575622
2007-11-08,59.8346,60.3769,59.0924,59.4754,3917951
2007-11-09,58.9232,59.5021,58.2049,58.4582,2218034
2007-11-12,58.2415,59.0994,57.902,57.9486,2272032
2007-11-13,57.9486,59.4101,57.9486,59.3725,3588034
2007-11-14,59.8198,60.082,58.7224,58.8925,2379417
2007-11-15,58.7788,58.849,57.908,57.9554,2147923
2007-11-16,58.289,58.4206,56.5404,57.0283,4329433
2007-11-19,56.6335,57.3341,56.1022,56.1556,4172142
2007-11-20,56.1556,56.6484,55.1511,55.8676,4801866
2007-11-21,55.2907,56.1783,55.1987,55.447,3680803
2007-11-23,55.7024,56.7958,55.5114,56.7592,1105700
2007-11-26,56.6484,57.4251,55.5411,55.6767,3993539
2007-11-27,56.0775,56.1099,55.0582,55.5411,3550724
2007-11-28,55.9299,56.0635,55.3352,55.6549,3679133
2007-11-29,55.3619,56.0775,54.4763,54.6475,4257086
2007-11-30,55.1918,55.9369,54.7653,55.8518,3817096
2007-12-03,55.3214,57.5736,55.3214,57.4687,4349196
2007-12-04,57.2272,57.8526,56.8868,57.4944,3230641
2007-12-05,57.5893,58.3929,57.1084,57.3856,3460950
2007-12-06,58.0059,58.9519,57.3904,58.5798,2383816
2007-12-07,58.573,59.1133,58.0782,58.9005,2054310
2007-12-10,59.1844,59.1844,57.8803,58.3771,2228942
2007-12-11,58.3464,58.5878,55.9646,56.3831,2791693
2007-12-12,56.9649,57.8595,56.6948,57.2668,4105233
2007-12-13,57.25,57.6913,56.8225,57.1916,2060182
2007-12-14,56.9175,57.4053,56.5326,56.7077,2001637
2007-12-17,56.5741,56.9254,56.1099,56.6265,3350864
2007-12-18,56.9254,56.9739,55.9299,56.1783,2756970
2007-12-19,56.4069,56.4069,55.3055,55.7162,3835482
2007-12-20,56.0942,56.8156,56.0862,56.6098,2553798
2007-12-21,57.341,57.8595,56.6414,57.1223,2767362
2007-12-24,57.5012,58.0851,57.2737,57.7644,483592
2007-12-26,57.4755,57.6913,56.7077,57.2034,944588
2007-12-27,57.1223,57.2737,56.3149,56.5019,1399711
2007-12-28,56.5671,57.0213,56.1368,56.2337,1114153
2007-12-31,55.9299,56.4296,55.7439,55.7439,984116
2008-01-02,55.8131,56.0358,55.2828,55.7162,1877917
2008-01-03,56.0071,56.2911,55.7944,56.201,2644495
2008-01-04,56.021,56.489,55.7677,55.8973,2494405
2008-01-07,56.0862,56.2258,54.7653,55.3561,2630666
2008-01-08,55.7301,55.7301,54.0795,54.1646,2817632
2008-01-09,54.3477,56.6552,53.9746,56.6335,3491926
2008-01-10,56.2129,56.9324,56.0141,56.307,2515887
2008-01-11,55.9032,57.6329,55.6717,56.6177,3091398
2008-01-14,57.0847,57.1006,56.2673,56.3663,2357506
2008-01-15,56.4465,58.3197,56.4218,57.4885,3970073
2008-01-16,57.4825,57.9377,56.4603,56.6948,4145413
2008-01-17,56.5811,56.774,55.4827,55.6836,4978907
2008-01-18,55.6767,56.6809,55.4827,55.6874,3606883
2008-01-22,53.5412,56.1476,53.5412,55.4332,3683952
2008-01-23,53.8787,55.8003,53.8787,55.5192,4766579
2008-01-24,54.9236,55.7597,54.1082,54.8989,4037973
2008-01-25,55.3145,56.3149,54.6772,55.3402,3554077
2008-01-28,55.3055,55.8211,54.9939,55.5035,2533536
2008-01-29,55.8003,56.8036,55.7162,56.1368,3706542
2008-01-30,56.1169,58.2553,55.8131,57.3182,3640838
2008-01-31,56.3544,57.626,55.3857,56.2535,4716663
2008-02-01,55.6549,57.158,55.6549,57.049,3335316
2008-02-04,56.774,57.6379,56.7364,57.3786,1986111
2008-02-05,56.482,56.7809,55.8755,55.8755,2482132
2008-02-06,56.307,56.307,55.1374,55.2492,3542929
2008-02-07,54.8543,56.0775,54.6969,56.0775,3365765
2008-02-08,55.8894,56.3911,55.633,56.0487,3243245
2008-02-11,55.924,56.6948,55.924,56.3614,3016735
2008-02-12,56.5948,56.8156,56.0071,56.3149,2726448
2008-02-13,56.6335,56.9254,56.4405,56.8156,2544063
2008-02-14,56.9452,57.1916,56.3663,56.5404,2171987
2008-02-15,56.4346,56.9392,56.0001,56.6552,2257664
2008-02-19,57.1916,57.6457,56.8789,57.1371,2091394
2008-02-20,57.0927,57.4181,56.4346,57.4181,2946473
2008-02-21,57.6032,57.6032,56.201,56.2832,2701321
2008-02-22,56.3544,56.6028,55.2561,56.0635,2741994
2008-02-25,55.9864,56.7364,55.9646,56.7364,2918366
2008-02-26,56.3614,56.5019,55.8518,56.3663,2318939
2008-02-27,56.1416,58.3988,56.1416,57.2875,5253325
2008-02-28,58.0574,58.0574,56.2535,56.6869,2776019
2008-02-29,56.1862,56.489,55.6033,55.7231,2852339
2008-03-03,58.4503,59.1191,57.5309,58.5334,6784961
2008-03-04,58.1049,58.1049,56.2911,56.8868,5413054
2008-03-05,56.7077,57.1293,56.3357,56.9452,3092282
2008-03-06,56.6809,56.8868,56.1249,56.4405,2672999
2008-03-07,56.1099,56.8937,55.7677,56.0071,2424287
2008-03-10,56.1723,56.3831,55.5262,55.5678,2512032
2008-03-11,56.7077,56.7077,55.5035,56.482,2340876
2008-03-12,56.494,56.9105,56.1476,56.2466,2225654
2008-03-13,55.8131,56.1416,55.3055,55.8597,2987704
2008-03-14,56.1476,56.3494,54.4902,54.9711,4233784
2008-03-17,53.8787,56.7077,53.8787,56.2129,4464890
2008-03-18,57.1648,57.1648,55.7944,56.5602,3208128
2008-03-19,56.7225,57.158,55.4599,55.4599,3074708
2008-03-20,56.0408,56.1249,55.2907,55.5966,3340514
2008-03-24,55.7162,55.9507,55.2986,55.5549,2204050
2008-03-25,55.5262,56.1249,55.1511,55.9181,2361182
2008-03-26,55.5192,55.837,55.3214,55.5479,1889327
2008-03-27,55.8063,56.0001,55.1294,55.1641,2053150
2008-03-28,55.5411,55.829,55.1164,55.2422,1586314
2008-03-31,55.2689,55.6549,54.5891,55.1581,2926888
2008-04-01,55.1581,55.7301,54.5971,55.4678,2685898
2008-04-02,55.7301,56.3614,55.2986,55.9577,2247488
2008-04-03,55.9438,56.1723,55.5035,56.0862,2274896
2008-04-04,56.2406,56.3544,55.4144,55.5262,1978220
2008-04-07,56.0358,56.0695,55.1641,55.6103,2214420
2008-04-08,55.0354,55.4738,55.0067,55.3402,1387118
2008-04-09,55.4827,55.5806,54.9859,55.261,1747219
2008-04-10,55.1581,55.5035,54.9859,55.3352,1607639
2008-04-11,55.0582,55.2284,54.1369,54.2091,2042970
2008-04-14,54.2013,54.6475,54.1716,54.4694,1030716
2008-04-15,54.1943,54.1943,50.5708,50.7339,6660754
2008-04-16,51.0594,51.584,49.2516,50.4005,7273170
2008-04-17,50.357,50.7339,50.2669,50.3767,3647993
2008-04-18,51.1258,51.1258,50.3303,50.5815,2752493
2008-04-21,50.5708,50.8398,50.3351,50.3856,1838434
2008-04-22,49.9532,50.2669,49.2902,49.31,3093046
2008-04-23,49.8968,49.8968,48.5144,49.2516,4176453
2008-04-24,49.1428,51.7818,49.1091,51.4266,5001093
2008-04-25,52.8772,53.84,51.4048,52.4497,4327348
2008-04-28,52.1955,52.6071,51.7067,51.9461,3957433
2008-04-29,52.0242,52.7833,51.9688,52.5864,3460505
2008-04-30,52.4557,53.1355,52.1529,52.1529,3299939
2008-05-01,51.9896,53.0663,51.9619,53.003,3134418
2008-05-02,53.0524,53.5769,52.8178,53.1632,2094445
2008-05-05,52.7981,53.1691,52.4497,52.7693,1798970
2008-05-06,52.3142,53.1117,52.1876,52.9524,2264469
2008-05-07,52.3142,53.1355,52.1876,52.9366,2390174
2008-05-08,52.7466,53.097,52.2014,52.9287,2369027
2008-05-09,51.6117,53.1781,51.6117,52.7259,2698548
2008-05-12,52.9593,53.1632,52.42,53.1117,1720526
2008-05-13,53.097,53.7094,52.8238,53.4195,2428582
2008-05-14,53.7599,54.0598,53.2295,53.2375,2632909
2008-05-15,53.1691,53.5976,52.811,53.2562,2367080
2008-05-16,53.1494,53.6421,52.8238,53.5837,2836121
2008-05-19,53.5195,54.9028,53.4056,54.5891,3376619
2008-05-20,54.4338,54.4397,53.6897,53.7461,2337380
2008-05-21,53.7836,54.1003,52.7328,52.803,2906828
2008-05-22,52.803,53.3097,52.7041,53.0444,1978106
2008-05-23,52.7981,53.0167,52.4082,52.4082,1667583
2008-05-27,52.335,53.3097,52.2984,53.1851,2454092
2008-05-28,53.2215,53.2215,52.4914,52.9801,2645821
2008-05-29,52.7773,53.2138,52.0856,53.0603,1711360
2008-05-30,53.2375,53.7164,52.803,53.4917,2207520
2008-06-02,53.3918,53.4709,52.3815,52.7328,2105394
2008-06-03,52.8891,53.1554,52.0242,52.3588,2421297
2008-06-04,52.3588,52.3588,51.7611,52.0856,3351413
2008-06-05,52.1747,52.9287,51.7491,52.8704,2895730
2008-06-06,52.5408,52.7536,50.8032,50.826,3945261
2008-06-09,50.7893,51.2079,50.6261,51.0307,1997895
2008-06-10,50.7696,51.3227,50.5488,50.8814,2501413
2008-06-11,50.8814,51.6621,50.6568,50.6568,2786524
2008-06-12,51.003,51.7878,50.6122,50.7062,2253743
2008-06-13,51.2218,51.6532,50.7755,51.2505,2073296
2008-06-16,51.393,51.5483,50.7755,51.3227,2061555
2008-06-17,51.4405,51.4869,50.3421,50.3935,2149493
2008-06-18,50.2669,51.578,49.1725,49.6287,7109220
2008-06-19,48.9171,50.7824,48.9171,50.5765,2485081
2008-06-20,50.1719,50.4292,49.31,49.4159,4397905
2008-06-23,49.5286,50.165,49.3387,49.585,2692158
2008-06-24,49.4505,49.6217,49.0577,49.0894,1932625
2008-06-25,49.3021,50.3084,49.0894,49.8829,3560888
2008-06-26,49.5792,49.5792,47.1518,47.1578,5499764
2008-06-27,47.329,51.2158,47.0915,47.5931,3783756
2008-06-30,47.5931,47.9682,46.954,47.4239,2392320
2008-07-01,46.9114,47.6367,46.6996,47.2933,2390225
2008-07-02,47.3181,47.5931,46.7432,46.7432,3059567
2008-07-03,47.0421,47.2854,46.5799,46.8065,1382785
2008-07-07,46.7867,47.2558,46.288,46.5106,2160527
2008-07-08,46.3959,47.0717,46.2949,46.9035,3237215
2008-07-09,46.8224,47.0717,46.2663,46.2663,2583169
2008-07-10,46.0812,46.665,45.7725,46.5729,2727578
2008-07-11,45.8269,46.8352,45.4379,46.1307,2818931
2008-07-14,46.5938,46.8629,45.7438,46.1851,1879505
2008-07-15,45.9061,46.8352,45.525,46.4533,2894261
2008-07-16,46.1713,47.3369,46.0466,47.3043,2756647
2008-07-17,47.4596,47.4596,45.6597,45.9724,3672516
2008-07-18,45.8407,46.5661,45.7309,46.5374,2393175
2008-07-21,46.8224,46.8224,45.7586,46.192,1073038
2008-07-22,46.0812,47.3043,46.0297,47.2933,2206667
2008-07-23,47.4457,48.3096,47.1371,48.2858,2564747
2008-07-24,48.2691,48.3887,47.2558,47.3636,2158980
2008-07-25,47.6841,48.9597,47.5447,48.6479,4338388
2008-07-28,48.7974,49.1498,48.366,48.6776,4567924
2008-07-29,48.7291,49.1428,46.8569,47.8771,3862409
2008-07-30,48.0355,48.736,47.707,48.3808,3011616
2008-07-31,48.5589,48.9449,47.6634,47.7723,3158308
2008-08-01,48.0483,48.1533,47.1371,47.3181,2094466
2008-08-04,47.3705,47.4883,46.9697,47.0845,3403993
2008-08-05,47.3369,47.8683,47.0845,47.7218,3600645
2008-08-06,47.6841,48.4511,47.3517,48.274,4512612
2008-08-07,47.707,48.7063,47.6477,48.5006,4579549
2008-08-08,48.3571,49.6287,48.3096,49.4159,3140164
2008-08-11,49.4159,49.6287,49.0497,49.592,3400085
2008-08-12,49.4505,50.4212,49.3436,50.0829,5026551
2008-08-13,50.0659,50.4074,49.6287,49.8335,2998316
2008-08-14,49.4584,49.7919,49.0497,49.6623,3725100
2008-08-15,49.7405,50.5271,49.6564,50.4212,3573615
2008-08-18,50.6261,50.6261,49.7622,50.0899,3089427
2008-08-19,50.0175,50.0324,49.2319,49.4,2558417
2008-08-20,49.4792,49.4792,48.6836,49.1962,2783307
2008-08-21,48.7905,49.3575,48.5995,49.1892,2777867
2008-08-22,49.2833,49.6979,48.8499,49.6217,3213903
2008-08-25,49.3723,49.6424,48.9825,49.3298,3140656
2008-08-26,49.2091,49.4584,48.6718,49.1161,2957466
2008-08-27,49.0418,49.0418,48.2542,48.366,2914750
2008-08-28,48.5668,49.3298,48.4947,49.1428,2689242
2008-08-29,48.8964,49.4505,48.7291,48.8054,2696740
2008-09-02,49.3021,49.8552,48.9597,49.0954,3592995
2008-09-03,49.3436,49.5563,49.0122,49.2457,3649540
2008-09-04,48.9973,49.2675,48.6639,48.8894,4551461
2008-09-05,48.6559,50.165,48.6559,49.6564,4981834
2008-09-08,50.4212,51.1713,49.6979,50.8112,4704434
2008-09-09,51.1387,51.1387,50.0966,50.1798,3270373
2008-09-10,50.5351,50.5351,49.3387,49.6137,3835089
2008-09-11,49.6137,49.8404,48.6125,49.4654,4912175
2008-09-12,49.31,50.1293,49.1814,50.0324,4840805
2008-09-15,49.4347,50.0462,48.6422,48.7291,4050636
2008-09-16,47.2319,48.5302,46.6136,47.5021,6386683
2008-09-17,46.954,46.954,45.2045,45.346,5094439
2008-09-18,45.9922,46.3216,43.8241,46.0663,5774048
2008-09-19,46.8144,47.1658,44.3684,46.4464,5204406
2008-09-22,46.1713,46.5512,45.3757,45.4379,3298349
2008-09-23,45.4311,45.7309,44.4891,44.6424,4131230
2008-09-24,44.4891,45.0154,43.9547,44.2348,3028780
2008-09-25,44.4237,45.0778,44.3732,44.781,3332682
2008-09-26,44.3535,44.8216,43.6865,44.6563,3554266
2008-09-29,44.1902,44.8631,43.1779,43.6638,4512932
2008-09-30,43.6925,43.8241,42.3596,42.9127,3907136
2008-10-01,42.687,42.8633,40.2499,40.3093,6405161
2008-10-02,39.867,40.2361,37.8108,39.3663,8265404
2008-10-03,39.6345,41.1652,39.496,40.2291,4989839
2008-10-06,39.5948,40.0659,38.2283,39.1328,6915990
2008-10-07,39.1249,39.6948,38.2927,38.4331,7608858
2008-10-08,37.8266,38.7746,36.8964,36.9024,7218963
2008-10-09,37.3318,37.3318,34.2355,34.2355,5132590
2008-10-10,33.1807,33.1807,26.3906,29.6313,15798872
2008-10-13,32.0577,32.0577,30.1311,31.4332,5597203
2008-10-14,32.2912,33.0976,31.4392,32.0507,7672637
2008-10-15,31.6153,31.7093,29.3929,29.9837,7224619
2008-10-16,29.9837,31.9003,29.2336,31.743,6610507
2008-10-17,31.2977,32.9185,30.8227,31.5174,4930676
2008-10-20,31.7232,33.3253,31.4887,33.1807,3531976
2008-10-21,32.7563,33.5578,31.5579,31.7845,3674045
2008-10-22,31.9973,33.7279,31.3452,32.5456,6453593
2008-10-23,32.595,33.2302,30.1311,31.4748,6820339
2008-10-24,30.0835,31.6876,29.6382,30.6991,4331250
2008-10-27,30.3348,31.1334,29.5314,29.75,4434458
2008-10-28,30.2923,32.9185,29.941,32.6424,5794412
2008-10-29,32.4643,33.1748,31.9003,31.9478,4138696
2008-10-30,32.6988,33.0709,32.0349,32.9601,3865466
2008-10-31,32.785,33.5578,32.5456,33.2381,4822320
2008-11-03,33.438,33.438,32.495,33.0352,3539392
2008-11-04,33.6419,34.2652,33.5578,34.0694,3203106
2008-11-05,33.0125,34.5009,33.0125,33.0926,2713060
2008-11-06,32.9601,33.6379,30.8415,31.0493,3084641
2008-11-07,31.2828,31.5579,30.4813,31.1908,3146919
2008-11-10,31.8419,31.8627,30.6921,31.1057,2556706
2008-11-11,30.7128,30.9622,29.8214,30.1389,2426319
2008-11-12,29.75,29.75,28.539,28.6952,3240930
2008-11-13,28.8901,30.1152,27.4998,30.0548,4771061
2008-11-14,30.3814,30.3814,28.5676,28.5943,3472671
2008-11-17,28.3618,29.288,28.0064,28.1282,3426128
2008-11-18,28.0224,28.7862,26.9151,27.7235,4776756
2008-11-19,27.8888,28.3133,26.0314,26.0848,4358879
2008-11-20,26.0848,27.0713,24.0732,24.2413,7101679
2008-11-21,24.9954,27.1,24.3997,26.8883,6966657
2008-11-24,27.3455,28.3489,26.7607,27.772,5224323
2008-11-25,28.2479,28.6527,27.3762,27.971,4136448
2008-11-26,27.4554,28.5467,26.7864,28.5467,3790281
2008-11-28,28.4806,29.1119,28.3291,29.0286,1303021
2008-12-01,28.4449,28.7368,27.4207,27.4346,3974054
2008-12-02,27.7433,28.343,27.0289,27.7947,3235249
2008-12-03,27.2594,29.3622,27.2594,29.0633,4591228
2008-12-04,28.6388,29.0366,27.3455,27.7947,3756950
2008-12-05,27.5732,28.716,26.5311,28.6032,4142502
2008-12-08,29.1514,29.7422,28.6032,29.1623,3935193
2008-12-09,29.0554,29.9103,28.813,29.4878,3413704
2008-12-10,29.5373,30.1152,29.2058,29.6175,3004230
2008-12-11,29.5314,29.757,28.8367,29.0149,3284904
2008-12-12,28.527,28.8446,28.0351,28.7081,3215176
2008-12-15,28.9565,29.2741,28.2569,28.5884,2839579
2008-12-16,28.8367,30.0914,28.7298,30.0767,3564780
2008-12-17,29.7353,29.9173,29.2207,29.5076,3928984
2008-12-18,29.6749,29.8065,28.5132,28.8901,3944908
2008-12-19,29.1573,30.3883,29.098,30.0835,6820394
2008-12-22,29.948,30.5901,29.5442,30.5901,4156658
2008-12-23,30.7732,31.1186,30.1073,30.2319,2409390
2008-12-24,30.0767,30.61,30.0767,30.4289,696387
2008-12-26,30.6238,30.7128,30.3814,30.6525,753362
2008-12-29,30.6664,30.8297,30.2547,30.5447,1692732
2008-12-30,30.7495,31.6232,30.7495,31.5312,1966626
2008-12-31,31.5252,32.2466,31.4817,31.927,2010427
2009-01-02,32.402,33.1877,31.7994,33.0352,1766393
2009-01-05,33.2233,35.0995,33.2233,34.9481,4583111
2009-01-06,35.2023,35.3548,34.0317,34.3711,3829417
2009-01-07,34.1465,34.1465,33.0046,33.4301,2817381
2009-01-08,33.247,34.2425,32.9968,34.2019,3008332
2009-01-09,34.3207,34.6007,33.3598,33.5855,3376629
2009-01-12,33.4539,33.9041,33.1402,33.6844,3065799
2009-01-13,33.5151,33.7062,32.8948,33.5438,3727963
2009-01-14,33.1323,33.4865,32.8502,33.1126,3219328
2009-01-15,33.1126,33.2669,32.2259,33.1402,3015523
2009-01-16,33.6419,34.7194,33.3253,34.4702,5193564
2009-01-20,34.3988,34.6294,33.2094,33.2906,4013458
2009-01-21,33.5371,34.1396,32.9334,34.01,2935046
2009-01-22,32.686,34.5324,32.02,34.0831,4796341
2009-01-23,33.6726,33.7913,32.7414,33.0779,2730885
2009-01-26,33.3044,34.7768,33.3044,34.2425,3171737
2009-01-27,34.477,34.8125,33.9556,34.6769,2390710
2009-01-28,35.4447,35.5051,34.6146,35.244,2561004
2009-01-29,34.9401,35.2241,34.1248,34.3484,2526965
2009-01-30,34.4562,34.6907,33.7349,34.1128,3126285
2009-02-02,33.1263,33.7438,32.4297,33.0422,3228529
2009-02-03,33.5438,34.8719,33.0125,34.4365,4720313
2009-02-04,33.3598,34.5523,33.3598,33.9615,3052964
2009-02-05,33.8695,34.3533,33.6152,33.9693,4710192
2009-02-06,33.9615,34.5582,32.5386,32.7335,5955259
2009-02-09,33.2233,33.2381,32.4436,32.8948,4435899
2009-02-10,32.4643,32.8948,31.269,31.5698,3990592
2009-02-11,31.5451,32.3872,31.5124,31.9409,3652690
2009-02-12,32.1595,33.0125,31.2828,32.8651,4934179
2009-02-13,32.8374,33.8625,32.8374,33.4539,2962137
2009-02-17,32.6087,32.7503,31.5846,31.8924,4109355
2009-02-18,32.027,32.7414,31.9073,32.2466,3335359
2009-02-19,32.4366,32.8869,32.0646,32.2259,3930644
2009-02-20,32.0577,32.4505,31.1057,31.4966,4443403
2009-02-23,31.5124,31.5511,29.948,29.9757,4209378
2009-02-24,30.1558,31.0068,29.7985,30.5377,5131657
2009-02-25,30.4526,30.4526,28.8536,29.0554,6802129
2009-02-26,29.2623,29.2623,27.8581,27.9442,4707086
2009-02-27,27.4287,27.4287,26.454,26.4836,6007458
2009-03-02,25.9651,26.1927,25.027,25.13,6905200
2009-03-03,25.3794,25.4417,24.7659,24.9746,5889717
2009-03-04,25.1607,26.0988,25.1607,25.7524,5906371
2009-03-05,25.3032,25.3259,24.6194,24.8024,5546051
2009-03-06,24.9676,25.3724,23.9692,24.4857,4496181
2009-03-09,24.6124,25.2329,24.18,24.3492,4538752
2009-03-10,24.7956,25.3497,24.2641,25.2626,5162207
2009-03-11,25.4753,25.6396,24.5323,24.7529,4096832
2009-03-12,24.7659,25.9097,24.4561,25.8404,3642404
2009-03-13,25.9998,26.1442,25.2626,25.9226,3448927
2009-03-16,25.9731,27.7433,25.9731,27.114,5235626
2009-03-17,27.2515,27.2515,26.448,27.2139,4443474
2009-03-18,27.114,27.8581,26.3273,27.5168,4310667
2009-03-19,27.8383,27.8511,27.2278,27.5098,2924113
2009-03-20,27.4138,27.9155,27.015,27.1634,5534302
2009-03-23,27.7235,28.9782,27.5236,28.9782,5974168
2009-03-24,28.7298,30.4289,28.7298,29.9302,6344127
2009-03-25,29.941,30.9781,29.8501,30.8019,7800064
2009-03-26,30.8564,32.4366,30.7425,32.4159,4842248
2009-03-27,32.0824,32.402,31.7845,31.9151,3958418
2009-03-30,31.2759,31.5638,30.509,30.8297,3973966
2009-03-31,31.1334,31.6727,30.7653,30.9325,4241738
2009-04-01,30.509,31.8696,30.3052,31.6302,4241140
2009-04-02,32.2615,32.9808,32.0121,32.3663,4251322
2009-04-03,32.3386,32.6484,30.8415,31.176,6352011
2009-04-06,30.9702,34.0317,30.8356,33.9833,7825376
2009-04-07,33.5371,34.1871,32.495,32.495,5990937
2009-04-08,32.5533,32.7711,31.7093,31.9409,5566288
2009-04-09,32.8978,32.8978,31.6569,31.7163,5607057
2009-04-13,31.7845,32.209,31.2264,31.9073,2507459
2009-04-14,31.7024,32.1111,31.2977,31.8627,2607403
2009-04-15,32.0349,33.5301,31.9003,32.3248,2461308
2009-04-16,32.4366,33.5648,32.1536,33.4539,2619012
2009-04-17,33.5648,34.2019,33.2827,33.8922,5192964
2009-04-20,33.4598,33.9763,32.9512,33.3183,3491528
2009-04-21,33.2302,33.9902,33.1203,33.9397,4835707
2009-04-22,33.7438,34.7047,33.4301,33.8695,3621980
2009-04-23,34.0387,34.6769,33.8922,34.6423,3210515
2009-04-24,34.7343,35.1608,34.2742,34.6364,2950352
2009-04-27,34.3711,35.2241,34.1248,34.5839,3653430
2009-04-28,34.3138,34.9233,33.9199,34.2158,3478329
2009-04-29,34.3533,34.6215,34.2218,34.4702,4781547
2009-04-30,34.6769,35.1053,33.9348,34.2742,4035823
2009-05-01,34.2652,34.9738,34.2019,34.9738,2644542
2009-05-04,34.8927,35.4447,34.762,35.429,2415385
2009-05-05,35.3863,35.5862,35.1519,35.4072,2094919
2009-05-06,35.7278,35.9771,35.2499,35.5932,2856054
2009-05-07,35.6189,35.6189,34.2652,34.6215,4197648
2009-05-08,34.858,35.8238,34.8501,35.8238,3343385
2009-05-11,35.3478,35.5131,34.7491,34.9401,2064092
2009-05-12,35.0242,35.1944,34.3266,35.0163,2992755
2009-05-13,34.5256,34.577,33.9476,34.2979,2674840
2009-05-14,34.4157,34.7264,34.2979,34.6146,2531730
2009-05-15,34.4849,34.6502,33.9556,34.0911,2800112
2009-05-18,33.0709,33.911,32.776,33.813,5487267
2009-05-19,33.7576,34.565,33.4232,34.2277,4137825
2009-05-20,34.565,35.2093,34.4562,34.858,4265126
2009-05-21,34.4929,34.7907,33.8922,34.1248,4587351
2009-05-22,34.3059,34.5086,33.9693,34.0457,2192306
2009-05-26,33.7775,35.1856,33.7775,34.7343,3869466
2009-05-27,34.4632,34.7343,34.002,34.018,2989515
2009-05-28,33.721,34.2495,33.5084,33.998,4015152
2009-05-29,34.0317,34.0317,33.0125,33.7576,3681748
2009-06-01,34.0247,34.8332,33.5855,34.4305,4152599
2009-06-02,34.4157,34.5839,33.9476,34.2218,5090672
2009-06-03,33.8982,34.1871,33.5151,33.721,3211166
2009-06-04,33.8062,34.196,33.7775,34.1535,3672603
2009-06-05,34.5443,34.6294,34.01,34.2979,4095221
2009-06-08,34.2574,34.7343,33.9476,34.5256,2927671
2009-06-09,34.5009,34.6828,33.7576,34.2652,2757360
2009-06-10,34.4068,34.6423,33.5944,33.9556,3761961
2009-06-11,34.1683,34.577,33.9763,34.1465,3202950
2009-06-12,33.9199,34.7491,33.8853,34.5383,2807267
2009-06-15,34.1465,34.29,33.4786,33.8417,3231057
2009-06-16,33.8764,34.1188,33.159,33.2094,2689832
2009-06-17,33.1126,33.6231,32.9512,33.3935,2608455
2009-06-18,33.4934,33.7438,33.152,33.5785,2412379
2009-06-19,33.8695,33.8695,33.3044,33.3935,3552131
2009-06-22,33.2154,33.3321,32.9185,33.0619,2660370
2009-06-23,33.2015,33.2015,31.9973,32.0824,4495891
2009-06-24,32.1942,32.5246,31.7509,31.8202,6658761
2009-06-25,32.0121,33.0926,31.8291,32.8799,3804916
2009-06-26,32.7216,33.0046,32.5019,32.582,3479127
2009-06-29,32.6157,33.1323,32.6157,33.0619,3023845
2009-06-30,32.9264,32.9512,32.2694,32.3802,4440952
2009-07-01,32.3328,32.8502,32.3328,32.6711,3487186
2009-07-02,32.2753,32.3545,31.5045,31.5045,3305356
2009-07-06,31.2828,31.8419,31.1908,31.7717,3330796
2009-07-07,31.6439,31.9478,30.6397,30.6466,3523048
2009-07-08,30.6841,31.0562,30.616,30.9118,5303569
2009-07-09,31.0493,31.0493,30.5516,30.7356,2301178
2009-07-10,30.5239,30.8643,30.4022,30.6734,2787901
2009-07-13,30.6841,31.4105,30.4685,31.3739,3331327
2009-07-14,31.3739,32.1675,31.2759,32.0577,3696036
2009-07-15,32.2694,32.7711,32.0577,32.6227,3230491
2009-07-16,32.595,33.5648,32.588,33.3856,2816157
2009-07-17,33.3856,33.4301,32.9116,33.2737,2508675
2009-07-20,33.2985,33.7695,33.1402,33.7349,2033170
2009-07-21,33.9763,33.9763,32.9452,33.3935,2833504
2009-07-22,32.9116,33.8695,32.785,33.4073,3425695
2009-07-23,32.9512,32.9601,32.0349,32.7928,4724744
2009-07-24,31.7024,32.1111,30.9008,31.1116,6470096
2009-07-27,30.8861,31.1116,30.1389,30.7732,3960677
2009-07-28,30.5901,31.1908,30.416,31.076,4071411
2009-07-29,30.8643,31.9211,30.8643,31.8696,4084627
2009-07-30,32.02,32.6711,32.02,32.209,3309100
2009-07-31,32.2397,32.595,31.5638,31.5995,3943360
2009-08-03,31.9003,32.7275,31.5451,32.6711,4622564
2009-08-04,32.7632,33.247,32.4802,33.1471,4088777
2009-08-05,33.0779,33.2094,32.6424,33.0976,4026665
2009-08-06,33.1669,33.8417,33.0284,33.3124,3057514
2009-08-07,33.4143,34.4305,33.1877,34.1396,3744012
2009-08-10,34.0831,34.0831,33.445,33.7349,2855606
2009-08-11,33.4539,33.8625,33.0195,33.0562,3390823
2009-08-12,32.8948,34.2979,32.8374,34.0457,3540257
2009-08-13,33.9615,34.1742,33.6299,33.9763,3428321
2009-08-14,33.911,34.2355,33.1936,33.5785,3040103
2009-08-17,33.2985,33.3124,32.7216,33.1471,3379123
2009-08-18,33.1748,33.6419,32.9739,33.5221,3419340
2009-08-19,33.2827,34.01,33.2827,33.9397,4334349
2009-08-20,34.0624,34.1871,33.6231,33.813,3290879
2009-08-21,34.2495,35.4447,33.8853,35.415,4471191
2009-08-24,35.4527,35.5131,34.7768,35.1311,3466360
2009-08-25,35.3863,35.422,34.9481,34.9866,3007894
2009-08-26,35.0698,35.139,34.4305,34.665,3821872
2009-08-27,35.1053,35.331,34.577,34.9668,2982107
2009-08-28,35.2023,35.2023,34.4365,34.6364,1932280
2009-08-31,34.3533,34.762,34.2019,34.6007,2713179
2009-09-01,34.5523,35.0242,34.2098,34.6007,4358783
2009-09-02,34.477,34.5166,33.7062,33.9615,3201175
2009-09-03,34.0247,34.2821,33.6488,33.9833,2614385
2009-09-04,33.8922,34.5166,33.813,34.5166,3436598
2009-09-08,34.6769,34.7194,34.3484,34.5166,3450952
2009-09-09,34.4365,34.8194,34.3533,34.4562,3257256
2009-09-10,34.3266,34.6007,34.1327,34.577,2414763
2009-09-11,34.7194,34.858,34.4493,34.7343,2523230
2009-09-14,34.6215,34.9945,34.4632,34.9312,3136708
2009-09-15,34.7343,35.2023,34.5383,35.0995,2488945
2009-09-16,35.2577,35.4072,34.6294,35.3399,3236164
2009-09-17,35.2657,36.1097,34.9738,35.8822,6137510
2009-09-18,35.9534,36.848,35.8178,36.7341,5752740
2009-09-21,36.4115,36.7194,36.2384,36.3502,3057367
2009-09-22,36.4719,36.5293,36.0741,36.373,2946130
2009-09-23,36.5085,37.032,36.373,36.5442,3646870
2009-09-24,36.557,36.5797,36.1384,36.1721,2841097
2009-09-25,36.0365,36.3977,35.9119,36.1533,1731497
2009-09-28,36.1641,36.8549,36.1641,36.7194,2269379
2009-09-29,36.7114,37.6812,36.7114,37.3921,3968088
2009-09-30,37.5357,37.5357,36.464,36.6837,3051519
2009-10-01,36.4927,36.6253,35.4359,35.4972,4678347
2009-10-02,35.7059,36.3027,35.422,35.5754,4760099
2009-10-05,35.7555,35.9613,35.415,35.7763,3242216
2009-10-06,35.8692,36.1237,35.7763,36.095,2703998
2009-10-07,36.0365,36.1533,35.6051,35.7496,2899767
2009-10-08,36.0514,36.4115,35.7911,35.8465,4889778
2009-10-09,35.6189,36.3304,35.6189,36.3304,2078250
2009-10-12,36.4353,36.5719,36.0593,36.2088,1500056
2009-10-13,36.095,36.2453,35.8604,36.0653,2665500
2009-10-14,36.2384,36.4353,35.9693,36.2592,3574053
2009-10-15,36.2384,36.3661,35.9178,36.186,3603277
2009-10-16,35.7426,36.1464,35.5991,36.0127,4301027
2009-10-19,36.1721,36.551,35.897,36.2889,3557536
2009-10-20,36.1237,36.1237,35.0539,35.2924,5826571
2009-10-21,36.5857,36.6391,35.0995,35.1519,6102538
2009-10-22,35.0381,35.4972,34.9738,35.4359,3085720
2009-10-23,35.5685,35.6189,34.9866,35.2023,3516042
2009-10-26,35.3399,36.2592,35.244,35.897,5755652
2009-10-27,36.0593,36.2889,35.8387,36.081,5405036
2009-10-28,36.0514,36.2809,35.7001,35.7229,4366914
2009-10-29,35.7229,35.9119,35.3745,35.8535,3914955
2009-10-30,35.6635,36.2235,35.4914,35.5358,4421236
2009-11-02,35.6189,36.0306,35.4527,35.8317,3377899
2009-11-03,35.8465,35.8465,35.1796,35.5279,4453914
2009-11-04,35.6635,36.274,35.4774,35.7842,3869454
2009-11-05,36.0127,36.7044,35.9693,36.6837,4651120
2009-11-06,36.6391,37.1596,36.0365,37.1229,3531211
2009-11-09,37.9691,38.3797,37.7286,38.2283,4006204
2009-11-10,38.06,38.3511,37.9839,38.2501,3486467
2009-11-11,38.4411,38.9348,38.3659,38.8597,3401493
2009-11-12,38.8597,38.9348,38.5351,38.7102,2939722
2009-11-13,38.7676,39.3445,38.5351,39.1783,3196174
2009-11-16,39.3445,40.0233,39.1911,39.7017,3868947
2009-11-17,39.6404,39.8205,39.4513,39.7156,1922886
2009-11-18,39.7077,39.8283,39.1406,39.3584,2724181
2009-11-19,39.4009,39.4336,38.4055,38.633,3028120
2009-11-20,38.626,39.0448,38.4925,38.9873,2482334
2009-11-23,39.1842,39.7908,39.1842,39.7304,1756810
2009-11-24,39.6532,39.7749,39.2842,39.6592,1826750
2009-11-25,39.674,39.7235,39.3871,39.6265,1702456
2009-11-27,38.923,39.1783,38.3421,38.9873,1196830
2009-11-30,39.0595,39.0595,38.5499,38.8458,2812850
2009-12-01,38.923,39.3663,38.923,39.1713,4382685
2009-12-02,38.9645,39.6948,38.9645,39.1783,2905251
2009-12-03,39.3445,39.6443,38.9052,38.923,2861787
2009-12-04,39.4148,40.1787,39.1466,39.6205,5920910
2009-12-07,39.5257,39.9669,39.5257,39.7671,2187804
2009-12-08,39.4336,39.6404,38.8408,38.9932,3268205
2009-12-09,38.923,39.1654,38.2095,38.5648,3021435
2009-12-10,38.6538,39.0141,38.639,38.8408,2457325
2009-12-11,39.0368,39.395,38.9932,39.1031,2674269
2009-12-14,39.3871,40.3884,39.3376,40.1411,3312318
2009-12-15,40.1411,40.1411,39.4336,39.5641,2353250
2009-12-16,39.6205,39.8205,39.3514,39.4336,2577995
2009-12-17,39.3307,39.488,39.1249,39.2772,2962425
2009-12-18,39.5948,39.7601,39.2406,39.496,4455191
2009-12-21,39.6898,40.149,39.6898,39.8482,1773405
2009-12-22,40.0659,40.2588,39.6948,39.7749,1582208
2009-12-23,39.7829,39.9214,39.488,39.6058,1714062
2009-12-24,39.6443,39.8987,39.6443,39.7235,328790
2009-12-28,39.6671,40.2885,39.6671,40.2885,2025422
2009-12-29,40.4043,40.623,40.2361,40.2945,1476121
2009-12-30,40.0797,40.5269,40.052,40.2885,1108469
2009-12-31,40.4428,40.4795,39.5484,39.5948,1214930
2010-01-04,39.7671,40.3132,39.7671,40.3024,2059841
2010-01-05,40.1945,40.7289,40.1945,40.3677,2370407
2010-01-06,40.2668,40.5606,40.1114,40.5269,2810384
2010-01-07,40.3449,41.0871,40.2084,40.9456,6055317
2010-01-08,40.6675,41.1869,40.5152,40.721,2196993
2010-01-11,40.9387,41.0792,40.5458,40.7605,1941179
2010-01-12,40.6309,40.8228,40.2668,40.8011,2103641
2010-01-13,40.9387,42.2299,40.9387,42.03,3479072
2010-01-14,41.9945,42.4081,41.5194,42.036,2605564
2010-01-15,41.8648,41.9736,41.2009,41.5561,2353869
2010-01-19,41.5481,42.2566,41.2326,41.7827,3135667
2010-01-20,41.4216,41.6174,40.7664,41.3196,2368889
2010-01-21,41.2196,41.3572,40.1034,40.1787,3418534
2010-01-22,40.2499,40.3024,39.3663,39.4336,2782125
2010-01-25,39.8719,39.8719,39.2406,39.48,3185254
2010-01-26,39.4395,40.0133,39.198,39.7156,2650176
2010-01-27,39.5127,40.3746,39.4088,40.2232,3924212
2010-01-28,40.2885,40.5458,39.5037,40.149,3406596
2010-01-29,40.3746,40.4498,39.9135,40.1183,3295701
2010-02-01,40.3192,41.1869,40.2737,41.0564,4745923
2010-02-02,41.0267,41.2553,40.5072,41.2395,4089308
2010-02-03,41.0069,41.6461,40.9534,41.473,2770855
2010-02-04,41.2068,42.8108,40.3093,41.0415,8699160
2010-02-05,41.0792,41.465,40.0936,40.8733,3619052
2010-02-08,40.9456,41.6254,40.5269,41.0939,3308758
2010-02-09,41.5194,42.5061,41.2395,42.2151,3837960
2010-02-10,42.1557,42.1774,41.3572,41.4967,3356074
2010-02-11,41.4878,42.1191,41.1148,42.1123,2698426
2010-02-12,41.7015,41.8579,41.286,41.7461,3588250
2010-02-16,42.0914,42.2923,41.7619,42.2231,3359205
2010-02-17,42.3339,42.4981,42.1073,42.4902,2753308
2010-02-18,42.3339,43.6044,42.2923,43.6044,4644754
2010-02-19,43.3026,43.8023,43.1996,43.3916,3902573
2010-02-22,43.3996,43.9854,43.3689,43.7122,2436775
2010-02-23,43.5817,44.114,43.3916,43.4124,2484771
2010-02-24,43.5737,43.9468,43.3689,43.7271,2623565
2010-02-25,43.362,43.3759,42.6426,43.3234,3900760
2010-02-26,43.3382,43.5371,42.7911,43.4273,4813404
2010-03-01,43.4827,44.8216,43.3472,44.6642,3453907
2010-03-02,44.6276,45.1312,44.5188,44.5939,2994677
2010-03-03,44.6156,44.679,43.9132,44.1744,3516099
2010-03-04,44.1556,44.87,44.0072,44.7176,4828239
2010-03-05,44.9561,45.6211,44.9303,45.525,1944400
2010-03-08,45.525,45.6794,45.1896,45.4826,1795250
2010-03-09,45.339,45.7378,45.1471,45.3677,2583490
2010-03-10,45.2698,45.8694,45.2124,45.7586,2000518
2010-03-11,45.7586,45.9368,45.2767,45.8981,1837299
2010-03-12,45.8823,46.0535,45.2619,45.3677,2640951
2010-03-15,45.3519,45.628,45.2282,45.5864,2453654
2010-03-16,45.6705,46.0,45.5717,45.813,2196844
2010-03-17,45.9922,46.3148,45.7655,46.0069,2097906
2010-03-18,46.095,46.1475,45.8823,46.1099,2112363
2010-03-19,46.2137,46.5106,46.0149,46.4601,6125385
2010-03-22,46.2613,46.3365,45.9368,46.0336,3034216
2010-03-23,46.1099,46.3008,45.9595,46.2137,3023751
2010-03-24,46.1781,46.3216,45.8823,46.0336,2385380
2010-03-25,46.375,46.5038,46.0336,46.0594,2213152
2010-03-26,46.0872,46.5582,46.0872,46.4533,2481175
2010-03-29,46.5859,46.8282,46.4464,46.6303,2848537
2010-03-30,46.751,46.751,46.3216,46.5859,2012559
2010-03-31,46.3533,46.6996,46.2137,46.4809,2778225
2010-04-01,46.8224,47.2182,46.6373,46.9619,2231435
2010-04-05,47.1024,47.2776,46.9193,47.0845,1948131
2010-04-06,46.9263,46.9263,46.4601,46.5938,2022176
2010-04-07,46.3602,46.7155,46.1781,46.2346,2831655
2010-04-08,46.2059,46.2613,45.8199,46.1475,2293642
2010-04-09,46.1307,46.9193,46.1237,46.8886,2558661
2010-04-12,46.8886,47.2319,46.8569,46.942,1959230
2010-04-13,46.8224,47.3448,46.5038,47.2409,2507152
2010-04-14,47.3785,47.3923,46.6719,47.3864,1943411
2010-04-15,47.2409,47.4963,47.0271,47.3636,1863579
2010-04-16,47.2993,47.3705,46.382,46.767,2447225
2010-04-19,46.5582,47.1371,46.5038,47.0845,1901994
2010-04-20,47.2241,47.9276,47.1182,47.799,2285860
2010-04-21,47.614,48.4808,47.4526,48.4649,2114295
2010-04-22,48.174,48.9597,48.0533,48.9023,2606123
2010-04-23,48.94,48.94,48.3126,48.9013,1612382
2010-04-26,48.939,49.3575,48.8054,48.8637,0
2010-04-27,48.749,48.749,47.5645,47.6219,2816155
2010-04-28,49.2457,49.4792,48.0276,48.6776,4701870
2010-04-29,48.8964,49.4426,48.4877,49.1814,2527979
2010-04-30,49.1308,49.4209,48.0425,48.082,2855925
2010-05-03,48.3571,49.1814,48.2799,49.0844,1926226
2010-05-04,48.5441,48.5441,46.942,47.2558,3031192
2010-05-05,46.9263,47.5724,46.9263,47.4092,2210841
2010-05-06,47.2112,47.2993,42.7772,45.7725,3600924
2010-05-07,45.6081,45.8486,44.1902,44.5455,3945665
2010-05-10,45.9724,46.382,45.1748,45.9922,4010227
2010-05-11,45.1689,46.5729,44.9561,46.0,2663492
2010-05-12,46.0,46.6996,45.9595,46.6056,1536571
2010-05-13,46.4236,46.7432,45.9288,46.0594,1279982
2010-05-14,45.6656,45.9288,44.5118,44.8631,2050115
2010-05-17,44.8087,45.4311,44.2179,45.1312,2101996
2010-05-18,45.4973,45.7774,44.5455,44.5534,2489024
2010-05-19,44.2981,44.6346,43.5064,44.1397,2776870
2010-05-20,43.3234,43.5737,42.2992,42.5505,3579864
2010-05-21,41.8421,43.3689,41.5126,43.3313,4279616
2010-05-24,43.1058,43.5817,42.6565,42.71,2991462
2010-05-25,41.7461,43.2373,41.6115,43.0978,5708386
2010-05-26,43.4609,43.7212,42.5942,42.6565,4835381
2010-05-27,43.0315,43.2828,42.6793,43.261,3161587
2010-05-28,43.355,43.4995,42.7237,42.8741,2967244
2010-06-01,42.6506,43.3155,42.1774,42.2071,2865062
2010-06-02,42.3339,43.1462,42.2923,43.1125,3743044
2010-06-03,43.2759,43.928,43.0097,43.1919,2615792
2010-06-04,42.2853,42.4675,41.1435,41.286,2661229
2010-06-07,41.3701,41.3779,40.4498,40.4715,3249601
2010-06-08,40.2153,40.7357,39.9293,40.6744,2923410
2010-06-09,40.8506,41.6036,40.6309,40.8011,2649617
2010-06-10,41.4066,41.9439,41.286,41.8579,2174442
2010-06-11,41.4216,42.3477,41.2009,42.313,2286784
2010-06-14,42.6506,43.0374,42.2616,42.3477,2661217
2010-06-15,42.4754,42.9731,42.3477,42.8801,3803464
2010-06-16,42.8246,43.4352,42.7692,43.2977,3126307
2010-06-17,43.7568,43.8676,43.1058,43.5964,2480241
2010-06-18,43.6411,44.0646,43.552,44.0072,2848489
2010-06-21,44.6216,44.7018,43.2443,43.4124,2754693
2010-06-22,43.3095,43.7122,42.6139,42.71,2626773
2010-06-23,42.6099,42.896,42.14,42.4813,2260680
2010-06-24,42.3417,42.5763,41.6115,41.7372,2884308
2010-06-25,41.8351,41.8648,41.1494,41.5403,3548630
2010-06-28,41.6868,42.0983,41.2968,41.4136,3073574
2010-06-29,40.8298,41.0069,39.1406,39.3584,5039840
2010-06-30,39.1249,39.5434,38.5449,38.5936,5314590
2010-07-01,38.5132,38.633,37.9246,38.3876,4884808
2010-07-02,38.5351,38.7676,38.1224,38.3511,3280238
2010-07-06,38.7399,38.8062,37.976,38.3659,3381806
2010-07-07,38.5796,39.4276,38.4678,39.4088,3952428
2010-07-08,39.8066,39.9531,39.3307,39.8205,2815608
2010-07-09,39.6345,39.674,38.8527,39.3069,2298516
2010-07-12,38.5866,38.8458,38.3876,38.6687,3125807
2010-07-13,39.0448,39.4088,38.8458,39.1713,3188089
2010-07-14,39.5948,40.7605,39.5948,40.3974,4995847
2010-07-15,40.9179,40.9179,39.8066,40.1263,2995818
2010-07-16,39.9818,40.0867,38.6597,38.8062,2890910
2010-07-19,39.0535,39.48,38.9873,39.3376,3044003
2010-07-20,38.8458,39.9531,38.6173,39.9214,2594666
2010-07-21,40.435,40.6082,39.395,39.7156,2215511
2010-07-22,40.2084,41.1009,40.0867,41.0415,4251755
2010-07-23,41.0069,41.4591,40.9456,41.2326,3843679
2010-07-26,41.3492,41.8579,41.1148,41.851,2641994
2010-07-27,42.1073,42.1073,41.1306,41.2136,2182358
2010-07-28,41.2196,41.6649,40.9742,41.3909,2330870
2010-07-29,42.1697,42.5358,40.9811,41.4284,3473771
2010-07-30,41.1088,41.7312,40.5458,41.568,3269798
2010-08-02,42.1637,42.1637,41.2919,41.9736,2331506
2010-08-03,41.7827,42.1073,41.5334,41.7699,1882582
2010-08-04,41.754,42.2071,41.6946,42.1934,2235724
2010-08-05,41.9599,42.2992,41.8351,42.1854,2828042
2010-08-06,41.8351,42.6356,41.8044,42.5436,3355381
2010-08-09,42.696,42.71,42.2299,42.602,2851470
2010-08-10,42.0093,42.2992,41.4066,41.9292,3073853
2010-08-11,40.8169,41.1781,40.1411,40.3509,3061264
2010-08-12,39.8136,40.3974,39.7749,40.0727,2837755
2010-08-13,39.9372,40.2945,39.8838,40.0966,3073066
2010-08-16,40.0659,40.0659,39.4276,39.86,2723018
2010-08-17,40.0659,41.2632,39.9669,40.7724,2675660
2010-08-18,40.5805,41.3572,40.5805,41.278,3634781
2010-08-19,41.0792,41.2919,40.2815,40.4498,3304952
2010-08-20,40.5399,40.7497,40.0293,40.6675,2811383
2010-08-23,40.895,41.0564,39.9531,40.0363,2720804
2010-08-24,39.5641,39.6532,38.9427,39.2267,2824631
2010-08-25,39.0081,39.3871,38.3985,39.206,3646363
2010-08-26,39.0081,39.4445,38.626,38.7181,3508462
2010-08-27,39.0141,39.3801,38.3589,39.3307,2468728
2010-08-30,39.2703,39.4088,38.4559,38.4559,2946003
2010-08-31,38.2966,38.6222,37.9334,38.3629,4268479
2010-09-01,38.918,40.2084,38.647,40.0966,3610071
2010-09-02,40.3509,40.8862,40.1569,40.8793,3291094
2010-09-03,41.2326,41.4523,40.623,40.9861,2876504
2010-09-07,40.6536,40.6982,40.0659,40.0797,2877534
2010-09-08,39.9966,40.4281,39.9966,40.3024,2533624
2010-09-09,40.8733,40.8793,40.2361,40.4715,2528795
2010-09-10,40.5805,41.7461,40.5686,41.6323,3513363
2010-09-13,42.2566,42.5139,41.6036,41.6868,3038224
2010-09-14,41.6868,41.6868,41.2553,41.3572,2118791
2010-09-15,41.2473,41.5264,40.9742,41.1088,2857927
2010-09-16,41.0415,41.2136,40.8228,40.9534,2089383
2010-09-17,41.286,42.0172,41.1148,41.7619,3849766
2010-09-20,41.8648,42.4902,41.6323,42.3547,2738499
2010-09-21,42.2488,42.5822,42.0983,42.2368,2422918
2010-09-22,42.2488,42.6356,41.8648,41.8718,2056539
2010-09-23,41.5838,42.3962,41.5403,41.8579,2606276
2010-09-24,42.3824,42.9661,42.2488,42.7692,3133199
2010-09-27,42.7386,42.9661,42.6713,42.7237,3913895
2010-09-28,42.7168,42.98,42.2299,42.896,3218908
2010-09-29,42.6506,43.0028,42.4447,42.6713,3630218
2010-09-30,43.0918,43.7607,42.5763,42.979,3624679
2010-10-01,43.4203,43.5964,42.6713,42.7692,3982900
2010-10-04,42.6277,43.0315,42.4169,42.6099,3035310
2010-10-05,43.0691,44.1674,43.0691,43.9854,3599525
2010-10-06,44.0496,44.4317,43.8598,44.0072,3537027
2010-10-07,44.3732,44.4237,43.7409,44.0496,3436400
2010-10-08,44.121,44.5534,43.9775,44.1556,2191317
2010-10-11,44.1279,44.2348,43.8943,43.9547,1623529
2010-10-12,43.9339,44.0359,43.2224,43.7786,2393012
2010-10-13,44.0646,44.3327,43.7944,44.0853,2404289
2010-10-14,44.0933,44.3535,43.5817,43.833,2306932
2010-10-15,44.3614,44.5455,43.7073,43.8598,2601604
2010-10-18,43.9854,43.9854,43.1919,43.6796,2987661
2010-10-19,43.0908,43.552,42.6099,42.8375,3634394
2010-10-20,42.9889,43.5143,42.9889,43.3472,2529253
2010-10-21,43.5064,44.1615,43.455,43.7479,2172231
2010-10-22,43.7716,44.0002,43.5371,43.8815,1634003
2010-10-25,44.0496,44.114,43.1335,43.1779,3536418
2010-10-26,43.0434,43.6411,42.7911,43.4857,3384570
2010-10-27,43.5293,43.6638,43.0552,43.5064,3485367
2010-10-28,43.9854,44.3732,43.5064,44.121,3110711
2010-10-29,44.1941,44.8216,44.103,44.8146,2515364
2010-11-01,44.9997,45.7081,44.7018,45.0214,2213223
2010-11-02,45.5459,45.8526,45.3757,45.7882,2197346
2010-11-03,45.6794,45.8981,44.9997,45.5647,2037253
2010-11-04,45.8625,46.4027,45.6151,46.2663,2821330
2010-11-05,46.2346,46.4968,46.1544,46.3148,1330476
2010-11-08,45.9772,46.4968,45.2619,46.3148,1571149
2010-11-09,46.5512,46.5582,45.8556,46.2741,1769009
2010-11-10,46.1237,46.382,45.8338,46.2346,1801370
2010-11-11,45.8823,45.8912,45.2124,45.4162,2070030
2010-11-12,45.0076,45.0828,44.4089,44.5879,1724719
2010-11-15,44.6563,45.064,44.3535,44.6642,1511620
2010-11-16,44.4614,44.5325,43.6124,43.8815,2160205
2010-11-17,44.1397,44.1744,43.6678,43.9854,1622787
2010-11-18,44.3802,44.9353,44.3732,44.7097,1711353
2010-11-19,44.774,44.9215,44.2981,44.8423,1462218
2010-11-22,44.5612,44.774,43.6479,44.1477,2522247
2010-11-23,43.544,43.735,42.9958,43.4471,2875637
2010-11-24,43.544,44.1744,43.4056,44.0933,2026487
2010-11-26,43.7865,44.1674,43.7004,43.7786,869618
2010-11-29,43.4056,43.6044,42.7692,43.3996,2572094
2010-11-30,43.0483,43.928,43.0117,43.7202,4134341
2010-12-01,44.4752,45.0076,44.3168,44.9066,3100311
2010-12-02,44.9917,45.5053,44.8987,45.3865,2444965
2010-12-03,45.2282,45.4014,44.5879,44.8087,4038721
2010-12-06,44.8156,45.3519,44.6642,45.1689,2291875
2010-12-07,45.4905,45.6656,45.3173,45.6349,2487335
2010-12-08,45.6438,45.7309,45.4379,45.6211,2363936
2010-12-09,45.8071,45.8071,44.961,45.0907,3114399
2010-12-10,45.3242,45.6003,45.2203,45.4826,2159918
2010-12-13,45.5864,45.628,45.1609,45.3677,2651955
2010-12-14,45.525,45.9852,45.4222,45.8694,1780842
2010-12-15,45.7081,45.7725,45.0907,45.1896,2793887
2010-12-16,45.2609,45.7745,45.1015,45.7745,1456282
2010-12-17,45.7378,45.813,45.3865,45.4529,2943035
2010-12-20,45.628,45.6705,45.2421,45.4222,1700932
2010-12-21,45.6151,45.9665,45.4905,45.724,2675150
2010-12-22,45.8071,46.192,45.6597,46.1713,2379990
2010-12-23,46.1307,46.375,45.8823,45.9922,2066083
2010-12-27,45.8694,45.913,45.7081,45.8199,1292849
2010-12-28,45.8764,46.1475,45.7309,45.9447,1402515
2010-12-29,46.0753,46.199,45.8309,45.9922,1744130
2010-12-30,45.911,46.0446,45.6498,45.6814,1592632
2010-12-31,45.6665,45.9981,45.4983,45.9258,1520429
2011-01-03,46.0229,46.3889,46.0229,46.1851,2319159
2011-01-04,46.1781,46.3454,45.8625,46.3295,2715526
2011-01-05,46.1851,46.6056,45.9288,46.5729,2422226
2011-01-06,46.6581,47.9613,46.6215,47.6367,3144353
2011-01-07,48.0662,48.736,47.793,48.2462,3595544
2011-01-10,47.9475,47.985,47.323,47.4457,2145706
2011-01-11,47.6219,47.799,47.0717,47.0845,1922518
2011-01-12,47.2023,47.799,47.2023,47.4369,2394921
2011-01-13,47.7792,47.8277,46.947,47.1518,2210844
2011-01-14,47.1182,47.6841,46.9935,47.6555,2195563
2011-01-18,47.4526,49.5079,47.4002,49.1338,4895843
2011-01-19,49.1338,49.3011,48.6145,48.8667,1882474
2011-01-20,48.8964,49.6217,48.6342,49.607,2932809
2011-01-21,49.8681,49.8681,49.1091,49.2902,2545112
2011-01-24,49.2596,49.4209,48.5372,48.8499,2562333
2011-01-25,48.7974,49.2952,48.5916,49.2754,2670763
2011-01-26,49.3575,49.3645,48.4294,48.7777,2649361
2011-01-27,48.939,49.5356,48.6718,49.0705,1672277
2011-01-28,49.1308,49.4584,47.7278,47.9049,2708649
2011-01-31,48.2127,49.1615,48.1047,49.1241,3256323
2011-02-01,49.4584,49.8484,49.31,49.8137,2090329
2011-02-02,49.6939,49.8711,49.3852,49.5356,1524865
2011-02-03,49.4654,49.6227,49.0161,49.4723,1276577
2011-02-04,49.407,49.4426,49.0379,49.3169,1280809
2011-02-07,49.4654,50.0829,49.3852,49.8681,1842853
2011-02-08,49.8622,50.4292,49.5792,50.3935,1678156
2011-02-09,50.9773,51.392,50.0363,50.9506,2791846
2011-02-10,50.5351,50.8121,49.9354,50.445,2146868
2011-02-11,50.2926,50.445,49.9077,49.9799,2299563
2011-02-14,49.9106,50.1036,48.5995,48.6986,3887040
2011-02-15,48.366,49.1358,48.3017,49.0122,2376890
2011-02-16,49.1278,49.2942,47.709,48.5876,3628330
2011-02-17,48.3997,49.3219,48.2601,48.8459,1825165
2011-02-18,48.8459,49.2219,48.752,48.9864,2070370
2011-02-22,48.5818,48.6659,47.5941,47.8931,2219417
2011-02-23,47.8653,48.2601,47.0163,47.4369,3323022
2011-02-24,47.4151,48.2918,46.8669,47.8287,3403299
2011-02-25,47.9811,48.2532,47.3438,47.4676,2575071
2011-02-28,47.4913,48.2434,47.1687,47.6001,3061052
2011-03-01,47.8406,48.3284,46.8708,47.0144,2388257
2011-03-02,47.0014,47.611,46.9351,47.4299,2134769
2011-03-03,47.7367,48.4699,47.707,48.1938,2377503
2011-03-04,48.2167,48.3313,47.0104,47.608,1773268
2011-03-07,47.6734,48.0098,46.6858,46.9658,1901696
2011-03-08,46.8996,47.9573,46.8996,47.7515,2382182
2011-03-09,47.6644,48.1383,47.328,48.0464,1435606
2011-03-10,47.9563,48.177,47.3141,47.335,2540909
2011-03-11,47.326,47.6565,46.9183,47.1835,1974947
2011-03-14,46.8521,47.3695,46.6522,47.3438,2732512
2011-03-15,46.1524,47.5447,45.8081,47.2092,3664645
2011-03-16,47.1162,47.1162,46.1159,46.3592,3567860
2011-03-17,47.2626,47.9336,47.0797,47.4418,5855357
2011-03-18,48.083,48.185,47.1064,47.794,4252741
2011-03-21,48.4204,48.9468,48.3126,48.7213,1173421
2011-03-22,48.6035,48.8944,48.4125,48.5342,3011979
2011-03-23,48.2601,48.5224,47.9445,48.3798,4094704
2011-03-24,48.5342,48.7213,48.1553,48.5818,1776838
2011-03-25,48.6183,48.8706,48.083,48.8489,2307988
2011-03-28,48.9468,49.0705,48.4699,48.4788,2371171
2011-03-29,48.5085,48.8489,48.1226,48.6966,2222738
2011-03-30,48.8331,49.0131,48.2334,48.9637,3763134
2011-03-31,49.1378,49.9235,48.9686,49.3506,4894343
2011-04-01,49.3189,50.0125,49.3189,49.5544,2687981
2011-04-04,49.689,49.7434,48.4294,49.2486,2792356
2011-04-05,49.2339,49.5316,48.842,48.9548,1915320
2011-04-06,49.2091,49.2091,48.5164,49.0774,4481322
2011-04-07,48.8874,49.3971,48.7697,49.2179,3343674
2011-04-08,49.3743,49.4209,48.94,49.0894,2701676
2011-04-11,49.2486,49.878,49.1853,49.5396,2196883
2011-04-12,49.2506,49.7167,49.1685,49.4575,2567945
2011-04-13,49.5544,49.5802,48.2334,48.4204,3815716
2011-04-14,48.0751,48.2671,47.5724,48.2334,3396176
2011-04-15,48.367,48.6816,47.9732,48.2334,1907728
2011-04-18,47.6407,47.8247,47.1152,47.5487,2703294
2011-04-19,47.5279,47.8544,47.4229,47.707,1944146
2011-04-20,48.3838,48.9162,47.9831,48.6569,2331900
2011-04-21,48.7054,48.7301,48.1622,48.5886,1350527
2011-04-25,48.5945,48.5945,48.1057,48.3749,869888
2011-04-26,48.6422,49.3368,48.5718,49.1765,2016312
2011-04-27,49.1765,50.3638,49.0063,49.5019,2887274
2011-04-28,49.2249,49.7355,49.1853,49.6504,2746167
2011-04-29,49.3902,50.2332,49.2219,50.0611,2117991
2011-05-02,50.3025,50.5835,49.878,50.4994,3535965
2011-05-03,50.8834,51.3831,50.6291,51.1911,3547524
2011-05-04,51.2969,51.585,50.6172,50.7369,3168574
2011-05-05,50.5261,50.9566,50.3035,50.4886,2583895
2011-05-06,50.8922,51.2732,50.5668,50.7161,2567681
2011-05-09,50.822,51.3583,50.4133,51.003,1607755
2011-05-10,51.1535,51.4345,50.9793,51.1674,1771880
2011-05-11,51.1674,51.4722,50.8517,51.1455,1971728
2011-05-12,51.0991,51.7205,51.0258,51.4345,2071044
2011-05-13,51.4295,51.668,50.8834,51.0427,1849156
2011-05-16,50.9031,51.1742,50.6339,50.9793,1963221
2011-05-17,50.8447,51.2901,50.5113,50.7873,2535833
2011-05-18,50.7646,51.1298,50.6706,50.9091,2276518
2011-05-19,51.0249,51.4642,50.8922,51.2822,2829546
2011-05-20,51.1001,51.1911,50.6706,50.7567,2411207
2011-05-23,50.2797,51.5186,50.2659,51.2653,4843778
2011-05-24,51.3148,51.771,51.1387,51.6186,4173416
2011-05-25,51.3148,51.4642,50.8754,51.0911,3873251
2011-05-26,50.8112,51.1911,50.4944,51.0427,3262186
2011-05-27,51.107,51.5106,51.0823,51.4642,1731301
2011-05-31,51.7007,51.9391,51.3306,51.7778,3415929
2011-06-01,51.5503,51.6858,50.5113,50.5588,2815042
2011-06-02,50.5113,50.9091,50.3351,50.5965,2395560
2011-06-03,50.0916,50.8447,49.8761,50.3599,2042427
2011-06-06,50.1759,50.6469,50.0125,50.0996,3310761
2011-06-07,50.3124,50.7943,50.1917,50.2362,2041746
2011-06-08,50.1759,50.3658,49.9394,50.0659,1871287
2011-06-09,50.0996,50.7943,49.9394,50.4826,2355441
2011-06-10,50.1917,50.3351,49.5683,49.5773,2942049
2011-06-13,49.8849,50.5508,49.7494,50.3827,2234451
2011-06-14,50.9328,51.2732,50.7339,51.1298,2675991
2011-06-15,50.6379,51.1822,50.3124,50.3599,2781475
2011-06-16,50.4836,51.4157,50.2807,51.3306,3371419
2011-06-17,51.6344,52.1193,51.2079,51.3069,3414105
2011-06-20,51.1742,52.2083,51.1742,52.1282,2087741
2011-06-21,52.2865,53.0731,52.2163,52.7813,3889623
2011-06-22,52.4379,53.3819,52.4379,52.7476,3267272
2011-06-23,52.1549,52.6131,51.6344,52.4764,3032054
2011-06-24,52.5824,52.8772,51.8442,52.6209,3858393
2011-06-27,52.6745,53.3047,52.5101,53.1147,2547702
2011-06-28,53.2058,54.0647,53.0731,54.0152,2661130
2011-06-29,54.0963,54.9057,53.9618,54.5694,2643037
2011-06-30,54.7256,55.4342,54.5684,54.9988,3599874
2011-07-01,55.1898,55.9141,55.0383,55.7785,2651931
2011-07-05,55.8131,55.9586,55.0463,55.5074,2637741
2011-07-06,55.4767,55.9982,55.261,55.5192,2163086
2011-07-07,54.6355,55.3095,53.9786,54.3249,7227854
2011-07-08,53.6966,53.9281,53.1573,53.8954,4142286
2011-07-11,53.5165,53.8045,53.1355,53.3819,3408749
2011-07-12,53.4116,53.4205,52.8437,52.997,2629592
2011-07-13,53.0821,53.3344,52.6448,52.7396,3279304
2011-07-14,52.9773,53.002,51.6947,51.9648,4862466
2011-07-15,52.1193,52.1193,50.6291,51.2475,5352918
2011-07-18,51.1614,51.2564,50.4242,51.0497,3991560
2011-07-19,51.1852,51.3791,50.7547,51.0832,3954036
2011-07-20,52.0965,52.2539,51.3613,51.5364,2845680
2011-07-21,51.8442,52.2539,51.7581,51.9886,3834644
2011-07-22,51.9076,51.9076,51.1911,51.7631,2123413
2011-07-25,51.4295,51.8837,51.1614,51.6433,2636284
2011-07-26,51.8749,52.0441,51.5009,51.8669,4205739
2011-07-27,51.582,51.7501,49.3298,49.7088,5915797
2011-07-28,49.4238,49.4733,47.7852,48.1453,5462678
2011-07-29,47.6941,48.5174,47.2519,47.9959,4969867
2011-08-01,47.2874,47.7198,46.3128,47.2726,4992008
2011-08-02,46.769,47.2676,45.6201,45.6201,4685477
2011-08-03,45.4608,45.7388,44.2951,45.2936,5292496
2011-08-04,44.8067,45.0698,43.7716,43.8706,6475327
2011-08-05,44.1941,44.8146,43.5807,44.0052,8088093
2011-08-08,43.2086,43.7112,41.0395,41.0395,7329711
2011-08-09,41.4255,42.32,39.9392,42.2271,7752739
2011-08-10,41.466,41.7155,39.6522,39.7245,9601496
2011-08-11,39.7245,41.5977,39.5781,41.0652,11539594
2011-08-12,41.2483,41.3948,40.2767,41.1543,7531503
2011-08-15,41.3899,42.3279,40.9,42.0726,6697140
2011-08-16,41.7065,42.9197,41.5184,42.2271,4881578
2011-08-17,42.4506,42.7168,41.5878,41.8421,3984443
2011-08-18,40.907,40.907,39.4256,39.6889,5336415
2011-08-19,39.1466,39.8353,39.0141,39.0655,4709549
2011-08-22,39.9788,40.152,39.5374,39.6809,4907858
2011-08-23,39.8353,40.8238,39.6542,40.8238,4522993
2011-08-24,40.6744,41.8985,40.4855,41.8124,3018473
2011-08-25,42.0053,42.2378,40.7911,41.0258,3517632
2011-08-26,40.7744,42.0053,40.1094,41.7659,2557958
2011-08-29,42.1794,43.2146,42.1794,43.1809,1690875
2011-08-30,43.0157,43.8478,42.5525,43.5638,2421723
2011-08-31,43.8498,44.3495,43.4689,43.7321,2238780
2011-09-01,43.7538,44.1941,42.7494,42.8069,2737187
2011-09-02,41.9984,42.2081,41.4086,41.468,2284680
2011-09-06,40.3142,41.4493,40.0133,41.3641,3789457
2011-09-07,42.0212,42.6326,41.6975,42.5268,2955717
2011-09-08,42.3408,42.7989,42.0894,42.2586,3293320
2011-09-09,41.6184,41.9559,41.1632,41.48,3907134
2011-09-12,41.1236,41.9736,41.0742,41.9736,3549786
2011-09-13,41.8193,42.3873,41.3859,41.9479,2891379
2011-09-14,42.2378,42.9652,41.3137,42.3616,3070761
2011-09-15,42.8217,43.4609,42.6822,43.3729,2021656
2011-09-16,43.4896,44.311,43.454,43.8943,3148068
2011-09-19,43.0077,43.3996,42.7337,43.1384,3674492
2011-09-20,43.4134,43.6568,43.0077,43.1145,3240235
2011-09-21,42.8712,43.1977,41.5393,41.5481,2970057
2011-09-22,40.4093,41.3859,40.2925,40.9397,4422698
2011-09-23,40.6586,41.7145,40.5439,40.8743,3587428
2011-09-26,41.3315,42.0212,41.0989,41.9648,4037546
2011-09-27,42.8593,43.5897,42.5189,42.8286,2856857
2011-09-28,42.8712,43.3729,41.6798,41.7145,3529077
2011-09-29,42.4081,43.1899,41.8658,42.6496,3012098
2011-09-30,42.1617,42.7168,41.7659,41.7729,3344058
2011-10-03,41.4284,42.136,40.7259,40.7337,3303465
2011-10-04,40.2341,41.4433,40.1361,41.3859,3557925
2011-10-05,41.4126,41.7312,41.1078,41.4433,5116175
2011-10-06,41.4433,41.8895,40.9475,41.8658,3183404
2011-10-07,42.2586,42.7989,41.7569,42.2844,3607802
2011-10-10,43.1452,43.8142,43.0582,43.8063,1865189
2011-10-11,43.4698,44.1327,43.3392,43.9161,2534295
2011-10-12,44.1634,44.7018,44.0853,44.2951,2374468
2011-10-13,43.9468,44.0209,42.9652,43.4976,3005001
2011-10-14,44.2714,44.3713,43.3214,43.6825,2773422
2011-10-17,43.2541,43.6164,43.0157,43.1068,2880995
2011-10-18,42.9899,43.8063,42.8286,43.555,3996951
2011-10-19,43.4827,43.8221,43.2393,43.2996,3096976
2011-10-20,43.5054,43.6164,42.8593,43.3214,2390812
2011-10-21,43.7627,44.6939,43.738,44.686,2398963
2011-10-24,44.8374,45.4628,44.5582,45.0995,2623429
2011-10-25,44.97,45.7942,44.7453,45.2945,4237592
2011-10-26,45.0698,45.5201,43.1384,44.5188,3729531
2011-10-27,45.9457,46.4147,44.9987,46.1504,2994031
2011-10-28,46.2247,46.4711,45.8606,46.375,2989291
2011-10-31,46.2227,47.0114,45.6735,46.2376,3349447
2011-11-01,45.0461,45.1876,43.7004,44.017,3864401
2011-11-02,44.7503,45.0234,44.4029,44.6939,2263266
2011-11-03,45.0124,46.0594,44.9541,45.9427,2592724
2011-11-04,45.7715,45.916,45.1708,45.7774,1641299
2011-11-07,45.7111,46.6779,45.535,46.6313,2025307
2011-11-08,46.8244,46.95,46.0603,46.8629,2062805
2011-11-09,46.1237,46.4107,45.5746,45.8655,5363844
2011-11-10,46.6185,46.8916,46.2861,46.4908,2644522
2011-11-11,47.0816,47.7752,46.9837,47.4843,1936320
2011-11-14,47.3636,47.607,47.0737,47.1192,2276264
2011-11-15,46.8244,47.9029,46.8154,47.5991,1802782
2011-11-16,47.1192,47.6871,46.7126,46.8154,2702920
2011-11-17,46.6225,46.6313,45.0937,45.535,3099571
2011-11-18,45.7071,45.8991,45.1233,45.4389,3579157
2011-11-21,44.5435,44.778,43.2363,44.1367,3980244
2011-11-22,43.8429,43.928,43.1502,43.555,3619435
2011-11-23,43.1592,43.4758,42.7999,42.8078,3025348
2011-11-25,42.6496,43.8172,42.5792,43.168,1247637
2011-11-28,44.1537,44.7938,44.0339,44.301,2704947
2011-11-29,44.4277,44.8641,44.301,44.5515,2650286
2011-11-30,45.4539,46.3405,45.3539,46.1177,3659654
2011-12-01,45.9515,46.8689,45.8101,46.3256,2391197
2011-12-02,46.6749,46.7403,46.0366,46.0516,2195121
2011-12-05,46.6522,47.0154,46.0594,46.4007,2484942
2011-12-06,46.4751,46.7907,46.2404,46.3088,2821490
2011-12-07,45.9902,46.1237,45.631,45.6913,3330280
2011-12-08,45.521,45.907,44.9235,45.0124,2569910
2011-12-09,45.1302,45.8101,45.0372,45.5746,2268305
2011-12-12,45.2945,45.6081,44.9957,45.2391,1692812
2011-12-13,45.3252,45.8032,44.5198,44.689,2125989
2011-12-14,44.5118,44.9235,44.4465,44.5662,2828434
2011-12-15,44.8809,45.1145,44.6533,44.7216,2250985
2011-12-16,45.0758,45.4389,44.4544,44.9789,3997415
2011-12-19,45.2718,45.544,44.4781,44.5762,1601988
2011-12-20,45.1788,46.0239,45.1788,45.8576,1905538
2011-12-21,45.9902,46.3523,45.7002,46.1416,2349096
2011-12-22,46.1327,46.8689,46.0753,46.7096,1789741
2011-12-23,46.9342,47.2766,46.5859,47.2706,1710896
2011-12-27,47.0816,47.6506,46.9935,47.5635,1391502
2011-12-28,47.4774,47.5734,46.943,46.9757,1595492
2011-12-29,47.1192,47.6437,47.1024,47.5903,1097838
2011-12-30,47.4943,47.8029,47.2419,47.2616,1298163
2012-01-03,48.0177,48.1316,47.4012,47.4012,2230136
2012-01-04,47.1419,47.5269,46.8302,47.3755,1719541
2012-01-05,46.9935,47.0816,46.3088,46.9935,2220848
2012-01-06,46.943,47.048,46.6442,46.7907,2976742
2012-01-09,46.8996,47.0242,46.5384,46.7986,1715113
2012-01-10,47.1815,47.5961,47.0104,47.3675,2219217
2012-01-11,47.1351,47.4606,47.0964,47.2854,1847005
2012-01-12,47.3211,48.3907,47.3211,48.2829,1823855
2012-01-13,48.0365,48.0365,47.4516,47.5487,1494600
2012-01-17,47.9058,48.5273,47.8416,48.183,2124622
2012-01-18,48.1216,48.7291,47.8307,48.6222,1595087
2012-01-19,48.7618,49.7543,48.6222,49.5446,2409337
2012-01-20,49.585,49.7128,49.3506,49.6087,2851797
2012-01-23,49.7454,49.9908,48.745,48.8816,2182603
2012-01-24,48.6145,48.6145,48.2532,48.4867,1781833
2012-01-25,48.0365,48.3333,47.5635,48.1553,3384496
2012-01-26,48.1216,48.2127,47.6437,47.9345,3381010
2012-01-27,47.7021,47.799,47.2953,47.4437,1770732
2012-01-30,46.9342,47.2607,46.8045,47.0321,2874755
2012-01-31,46.947,47.3815,46.8154,46.9133,3091882
2012-02-01,47.1351,48.6392,47.1351,47.8791,4800750
2012-02-02,46.8758,47.6298,46.7748,47.1112,3753430
2012-02-03,47.5823,47.6704,47.0271,47.1162,3765426
2012-02-06,46.8916,47.5328,46.8758,47.518,2133079
2012-02-07,47.5328,48.4105,47.4833,48.3551,2104394
2012-02-08,48.4184,49.034,48.3897,48.8924,2535198
2012-02-09,48.9478,49.0161,48.5095,48.6559,1641970
2012-02-10,48.362,48.4027,48.0859,48.3323,940107
2012-02-13,48.462,48.8004,48.2987,48.7291,1646489
2012-02-14,48.5599,48.6539,48.2274,48.6539,1100101
2012-02-15,48.7223,48.7223,48.1186,48.2007,1741713
2012-02-16,48.3482,48.362,47.7041,48.2254,2194247
2012-02-17,48.5273,48.6469,48.0602,48.5521,1392437
2012-02-21,48.5857,48.7945,48.1918,48.372,1792789
2012-02-22,48.2591,48.7628,48.1354,48.5273,2010191
2012-02-23,48.372,48.7321,48.3056,48.5857,1618411
2012-02-24,48.6232,49.5286,48.5362,48.8291,1794241
2012-02-27,48.4867,49.3565,48.4867,48.934,1719480
2012-02-28,48.9251,48.934,48.5362,48.8024,1429776
2012-02-29,48.8904,49.1288,48.6035,48.737,2524979
2012-03-01,49.2368,49.2368,48.6232,49.0676,1689554
2012-03-02,48.9478,49.0894,48.5599,48.6966,1616378
2012-03-05,48.6649,48.9251,48.5758,48.838,1756473
2012-03-06,48.4867,48.8607,48.4362,48.6232,3274558
2012-03-07,48.739,48.9557,48.5273,48.8607,2328377
2012-03-08,49.1585,49.585,48.9478,49.1952,1920135
2012-03-09,49.2694,49.3645,48.8687,49.0418,2076432
2012-03-12,49.1863,49.5208,48.9726,49.4218,1404294
2012-03-13,49.601,50.2491,49.3813,50.1491,2029825
2012-03-14,50.0582,50.6112,49.9354,50.5716,2496656
2012-03-15,50.5231,50.5301,50.0344,50.4984,2202445
2012-03-16,50.5628,50.7092,50.3104,50.5153,3639120
2012-03-19,50.6022,50.7745,50.2936,50.4173,1456688
2012-03-20,50.0749,50.1947,49.6988,49.7652,1782895
2012-03-21,49.7899,49.9601,49.4723,49.5703,1381986
2012-03-22,49.31,49.8077,49.0507,49.6831,1999507
2012-03-23,49.7731,49.8879,49.2189,49.3565,1689911
2012-03-26,49.594,50.2134,49.594,50.1393,1613282
2012-03-27,50.2768,50.3203,49.7731,49.8147,1529545
2012-03-28,49.7484,49.9354,49.3179,49.585,1955715
2012-03-29,49.2942,49.692,48.9251,49.6187,1660121
2012-03-30,49.9087,50.1343,49.5406,49.7672,1833045
2012-04-02,49.8632,50.6706,49.6761,50.3738,2066656
2012-04-03,50.7893,50.7893,49.7395,50.1233,1948772
2012-04-04,49.8958,50.2313,49.7395,50.0749,1787667
2012-04-05,49.8315,49.879,49.5208,49.594,1366266
2012-04-09,49.1348,49.1348,48.8123,48.9152,2101667
2012-04-10,48.8549,48.8549,48.4947,48.6728,2953215
2012-04-11,49.0507,49.2694,48.9073,49.0507,1411190
2012-04-12,48.9726,50.0265,48.9726,49.9433,1592883
2012-04-13,49.879,50.1166,49.5534,49.5534,1505488
2012-04-16,49.7731,50.0344,49.5703,49.7395,3509958
2012-04-17,49.9522,50.5201,49.7128,50.3381,1326300
2012-04-18,50.443,50.7596,50.2046,50.4608,1535423
2012-04-19,50.3104,50.4005,49.6097,49.7226,1445642
2012-04-20,49.8226,50.451,49.8226,50.3648,1802395
2012-04-23,50.0344,50.3589,49.6761,50.1788,1906815
2012-04-24,50.1709,51.1723,50.1709,51.1198,2763691
2012-04-25,51.7758,53.6026,50.8724,51.3455,3230475
2012-04-26,51.386,52.0708,51.2317,51.6987,2965138
2012-04-27,51.958,52.3835,51.7758,51.9491,2562598
2012-04-30,51.6858,51.8502,51.3702,51.571,1615861
2012-05-01,51.6354,51.9926,51.2959,51.7136,2321604
2012-05-02,51.3158,51.6542,51.2564,51.6196,2076169
2012-05-03,51.5483,51.5889,51.1051,51.2109,1666289
2012-05-04,51.021,51.2861,50.439,50.439,1535540
2012-05-07,50.2768,50.4697,50.0996,50.3421,1850820
2012-05-08,50.0265,50.0829,49.6356,50.0096,2264621
2012-05-09,49.6247,49.9522,49.2813,49.4505,2162287
2012-05-10,49.7217,49.9028,49.3675,49.4673,1116284
2012-05-11,49.2209,49.3763,48.6609,48.8192,2932510
2012-05-14,48.5214,49.2299,48.2819,48.9815,2267626
2012-05-15,48.8746,49.0082,48.6609,48.7282,2503139
2012-05-16,49.1358,49.1518,48.5471,48.5471,1861881
2012-05-17,48.5945,48.7282,47.6744,47.6744,1713791
2012-05-18,47.8712,48.0206,47.2489,47.327,1771539
2012-05-21,47.4953,48.0849,47.3755,48.0672,1632447
2012-05-22,48.1354,48.5471,47.9365,48.1603,1933834
2012-05-23,48.0849,48.2978,47.3844,48.2334,1531874
2012-05-24,48.5471,48.5876,47.799,48.373,2936219
2012-05-25,47.8624,48.7024,47.8624,48.1176,1284883
2012-05-29,48.2749,48.7113,48.2749,48.5125,1422837
2012-05-30,48.1523,48.7855,48.1443,48.4047,1665493
2012-05-31,48.4422,48.7341,48.2344,48.3274,2525641
2012-06-01,47.8297,47.8712,47.23,47.23,1818783
2012-06-04,47.3003,47.5338,46.8035,46.9757,2074464
2012-06-05,46.8362,47.2222,46.5482,47.1222,1558095
2012-06-06,47.3755,48.2185,47.1449,48.1928,3531743
2012-06-07,48.6926,49.2892,48.6709,48.8192,1813678
2012-06-08,48.6352,49.1595,48.5382,49.1595,1585631
2012-06-11,49.4505,49.6247,48.7113,48.7618,1402885
2012-06-12,49.0082,49.3526,48.7915,49.2952,2049163
2012-06-13,49.1438,49.5673,48.9241,49.1438,2332180
2012-06-14,49.2625,50.2342,49.0161,49.789,2672722
2012-06-15,50.1185,50.3381,49.8879,50.3233,2113377
2012-06-18,50.0936,50.7824,50.0275,50.6004,1185290
2012-06-19,50.8734,51.4672,50.7082,51.1931,1684525
2012-06-20,51.201,51.4494,50.8577,51.2356,2351661
2012-06-21,51.2277,51.4315,50.815,50.8655,2028844
2012-06-22,51.1455,51.2692,50.725,51.0891,1871450
2012-06-25,51.0545,51.0545,50.3965,50.5698,2032336
2012-06-26,50.7439,50.7586,50.0027,50.2441,1884579
2012-06-27,49.9601,51.3514,49.9601,51.1051,1312722
2012-06-28,50.725,50.8408,50.3311,50.7745,1646415
2012-06-29,51.2999,52.4745,51.2999,52.4676,2075027
2012-07-02,52.5181,52.6823,51.9441,52.2627,1580245
2012-07-03,52.3132,52.7921,52.2073,52.5952,806482
2012-07-05,52.4607,52.7486,52.3568,52.5874,1123070
2012-07-06,52.1836,52.2796,51.8215,52.2073,1096907
2012-07-09,52.2153,52.4043,51.9254,52.3201,1021679
2012-07-10,52.4944,52.8822,51.6532,51.8857,1240081
2012-07-11,51.9926,52.0095,51.5009,51.672,1482082
2012-07-12,51.3979,51.5889,50.8814,51.1298,1252485
2012-07-13,51.4227,52.4676,51.3049,52.4676,1383777
2012-07-16,52.2539,52.4448,51.861,52.2242,1076543
2012-07-17,52.2884,52.8872,51.7908,52.7456,1202896
2012-07-18,52.5635,53.6263,52.5635,53.5679,1253482
2012-07-19,53.3651,53.753,53.0544,53.564,1387146
2012-07-20,53.0207,53.7441,52.987,53.2672,1164561
2012-07-23,52.6735,52.8664,52.3736,52.4448,2257181
2012-07-24,52.2153,52.9019,51.7611,52.7882,2876764
2012-07-25,52.8901,52.9554,52.0095,52.5685,2850730
2012-07-26,53.5966,53.8529,52.8,53.3027,3510821
2012-07-27,53.5402,54.319,53.2008,54.124,2881555
2012-07-30,54.0004,54.9454,53.557,54.9117,3070728
2012-07-31,54.693,54.8435,54.3684,54.4496,2541704
2012-08-01,54.6088,54.8563,54.1142,54.1556,1986029
2012-08-02,53.9825,54.2457,53.2444,53.9668,1840339
2012-08-03,54.9107,54.976,54.5377,54.5951,1794214
2012-08-06,54.8563,54.883,54.3714,54.5437,1528646
2012-08-07,54.8365,55.3847,54.6712,55.2749,1651286
2012-08-08,55.1027,55.9477,54.9057,55.8063,2186525
2012-08-09,55.6063,56.3861,55.5332,56.2585,2111392
2012-08-10,56.0784,56.3772,55.8914,56.3465,1183054
2012-08-13,56.205,56.5584,55.7093,56.483,1711709
2012-08-14,56.7631,56.772,56.1249,56.2268,1032507
2012-08-15,55.9724,56.303,55.8063,56.1635,1079373
2012-08-16,56.1625,56.6691,56.1319,56.5851,1255865
2012-08-17,56.6919,57.055,56.5177,57.0164,1496329
2012-08-20,57.064,57.4815,56.9818,57.3766,1778641
2012-08-21,57.4647,57.7427,57.064,57.1837,2352765
2012-08-22,57.0076,57.159,56.0695,56.212,2640275
2012-08-23,55.9072,56.0982,55.2749,55.4896,2746075
2012-08-24,55.4095,55.9705,55.2501,55.8914,2120983
2012-08-27,56.0041,56.1981,55.6143,55.651,1590550
2012-08-28,55.5074,55.5886,54.9028,55.4817,2583163
2012-08-29,55.6974,55.9626,55.5579,55.7657,1707914
2012-08-30,55.5163,55.6884,55.1671,55.1918,1498543
2012-08-31,55.5124,55.9379,55.1681,55.4599,1279197
2012-09-04,55.4639,55.6143,54.7514,55.3501,1398552
2012-09-05,55.3174,55.5886,54.88,55.1611,1990858
2012-09-06,55.6143,56.484,55.5411,56.1319,1928668
2012-09-07,56.1386,56.1981,55.6687,55.8656,1562182
2012-09-10,55.8914,55.9002,55.448,55.5975,1864745
2012-09-11,55.6884,55.9962,55.5074,55.9072,1325940
2012-09-12,56.1981,56.6098,56.0298,56.3307,1591475
2012-09-13,55.3659,55.7973,54.2715,55.5649,3686649
2012-09-14,55.4817,55.7469,54.6455,54.9998,2873620
2012-09-17,54.8543,55.3085,54.7356,55.1264,2239230
2012-09-18,55.0513,55.4639,54.7752,55.4639,1947571
2012-09-19,55.4639,55.6063,54.8445,55.4728,2322947
2012-09-20,55.2818,55.5579,54.9513,55.5074,1754790
2012-09-21,55.4728,55.7746,55.3926,55.4639,2622835
2012-09-24,55.1433,55.4025,54.5218,55.1918,1667642
2012-09-25,55.3412,55.3847,54.4457,54.5515,1859374
2012-09-26,54.5921,55.1374,54.5743,54.888,1738150
2012-09-27,55.1928,55.3125,54.7029,55.1204,1136988
2012-09-28,54.8959,55.2689,54.3863,55.0869,1336067
2012-10-01,55.2264,56.3534,55.0601,56.0378,2396828
2012-10-02,56.2199,56.3139,55.6063,56.2673,1829076
2012-10-03,56.3465,56.5928,56.0695,56.4514,1922715
2012-10-04,56.6375,57.159,56.5464,57.0403,2959491
2012-10-05,57.4053,57.8803,57.2054,57.5528,1956829
2012-10-08,57.4143,57.6843,57.1837,57.2875,1625936
2012-10-09,57.3054,57.6843,56.9591,57.2144,1529902
2012-10-10,57.2232,57.2232,56.4376,56.5602,1662000
2012-10-11,56.9511,57.4053,56.8571,56.9195,929430
2012-10-12,56.9818,57.5389,56.7938,57.064,1115263
2012-10-15,57.055,57.6646,57.055,57.5983,1065916
2012-10-16,57.7348,58.5274,57.72,58.3424,1327859
2012-10-17,58.4493,58.7015,58.1276,58.5423,1239774
2012-10-18,58.4493,59.0816,58.3097,58.9786,992256
2012-10-19,58.5828,58.6511,57.9684,58.2682,1550192
2012-10-22,58.2593,58.4038,57.72,58.2108,1165104
2012-10-23,57.8041,58.0396,57.1708,57.7596,1433830
2012-10-24,58.2593,58.8668,57.1164,57.4885,2183340
2012-10-25,58.0465,58.2593,56.7335,57.251,1747202
2012-10-26,57.2578,57.7863,56.3307,56.4049,2955107
2012-10-31,56.6552,57.8952,56.2911,56.9581,2359168
2012-11-01,57.0728,57.7527,56.6771,57.153,2062352
2012-11-02,57.4765,57.8041,57.1461,57.1985,1764701
2012-11-05,56.865,57.341,56.4693,57.1837,1499594
2012-11-06,57.2351,58.7392,57.1609,57.9456,3192794
2012-11-07,57.1867,57.1867,54.3586,55.3125,4368005
2012-11-08,55.1374,55.4223,54.2398,54.2487,3027047
2012-11-09,54.1409,54.88,53.6056,54.4011,2464063
2012-11-12,54.4011,54.7029,53.5976,54.233,2033451
2012-11-13,54.0142,54.6712,53.8797,54.2073,2012281
2012-11-14,54.1409,54.4664,52.5774,52.7279,1976461
2012-11-15,52.6269,52.8268,52.3083,52.434,2580400
2012-11-16,52.434,52.9693,52.0738,52.71,3120549
2012-11-19,53.2532,53.6727,53.089,53.664,1748699
2012-11-20,53.5976,54.0321,53.3294,53.9668,1818233
2012-11-21,54.3408,54.3754,53.9241,54.2992,1806134
2012-11-23,54.4496,54.7029,54.2834,54.6605,916412
2012-11-26,54.3942,54.6525,54.1152,54.3487,2104213
2012-11-27,54.3853,55.1374,54.233,54.6346,1877051
2012-11-28,54.3853,55.3026,54.2101,55.2442,1575810
2012-11-29,55.3976,55.8834,55.2026,55.737,1592560
2012-11-30,56.2713,56.2713,55.5649,55.7785,2252991
2012-12-03,55.9626,56.0545,55.0008,55.0176,1655660
2012-12-04,55.0096,55.8458,54.7742,55.737,2263025
2012-12-05,55.6806,56.1556,55.0523,55.829,2126523
2012-12-06,55.7736,56.2545,55.4292,56.2545,2363043
2012-12-07,56.3327,56.6167,55.923,56.4742,1271744
2012-12-10,56.2802,57.065,56.0635,56.9017,1417572
2012-12-11,57.1273,57.6299,56.7759,56.8255,1902399
2012-12-12,57.0253,57.6725,56.8492,56.9906,1463323
2012-12-13,57.0413,57.1708,56.2901,56.3426,1743255
2012-12-14,56.2545,56.3327,55.5212,55.8647,1847987
2012-12-17,56.0635,56.5424,55.8092,56.1396,2239864
2012-12-18,56.1396,57.3182,56.1396,57.2905,1918873
2012-12-19,57.2262,57.8476,56.9017,57.4518,1383374
2012-12-20,57.2825,57.7941,57.2351,57.7032,1620937
2012-12-21,56.9382,57.6299,56.9382,57.3954,3079557
2012-12-24,57.1925,57.6457,56.9906,57.4448,1181841
2012-12-26,57.4518,57.6903,56.8096,56.8838,1386445
2012-12-27,56.9115,57.1273,56.0635,56.6512,1537291
2012-12-28,56.1912,56.6167,55.7736,55.829,1576654
2012-12-31,55.6213,56.6265,55.0878,56.5137,2011457
2013-01-02,57.526,57.6903,56.482,57.0086,2575627
2013-01-03,57.0927,57.4608,56.7315,56.8166,2218559
2013-01-04,57.057,57.526,56.6829,57.5003,1545893
2013-01-07,57.7784,58.2128,56.9017,57.4271,1849758
2013-01-08,56.8838,57.4033,56.021,56.3169,2079821
2013-01-09,56.3713,56.6988,56.0378,56.0635,2268635
2013-01-10,56.3554,56.5661,56.1456,56.3634,2203447
2013-01-11,56.3911,56.5326,55.9072,56.0892,2525887
2013-01-14,56.1179,56.5494,55.8647,56.2149,1495914
2013-01-15,55.8904,56.5741,55.829,56.4336,2100295
2013-01-16,56.0892,56.1556,55.6954,55.9072,2091008
2013-01-17,55.9874,56.4653,55.829,56.1456,2575052
2013-01-18,56.3554,56.5424,55.837,56.4405,2234035
2013-01-22,56.4188,57.3627,56.3247,57.1609,2444920
2013-01-23,56.3931,57.5993,56.0288,57.4637,2652414
2013-01-24,57.526,57.622,56.9442,57.057,2227024
2013-01-25,57.1609,57.1609,56.5326,56.6512,2075810
2013-01-28,56.6512,56.7759,55.4144,55.6747,2952557
2013-01-29,55.7637,56.2624,55.4362,55.837,3418237
2013-01-30,55.638,56.2387,55.2937,55.4767,3491476
2013-01-31,55.1928,55.3125,54.315,54.3942,3675334
2013-02-01,54.5961,54.7959,54.1923,54.4694,3261077
2013-02-04,54.0905,54.5337,53.8153,53.84,2177316
2013-02-05,54.2587,54.7623,53.9381,54.2587,2923445
2013-02-06,54.1833,54.6218,54.0726,54.5287,3214338
2013-02-07,54.5861,55.078,54.4694,54.9325,3146445
2013-02-08,54.877,55.3135,54.877,55.2689,1892648
2013-02-11,55.1621,55.4065,55.0096,55.2937,1729888
2013-02-12,55.4767,55.6657,55.1204,55.4767,1188075
2013-02-13,55.5786,55.8191,54.8078,54.9929,1747000
2013-02-14,54.7079,55.3996,54.5861,55.0255,2200239
2013-02-15,54.7712,54.974,54.6891,54.886,1961010
2013-02-19,54.9839,55.4381,54.9009,55.3629,2333460
2013-02-20,55.3135,55.9864,55.2026,55.2294,2039364
2013-02-21,55.1621,55.1621,54.4694,54.6732,1719505
2013-02-22,54.7376,55.4629,54.7246,55.1681,1798555
2013-02-25,55.3728,55.7508,54.1489,54.1489,1837773
2013-02-26,54.412,54.5287,53.8935,54.412,1585659
2013-02-27,54.3002,55.455,54.2101,55.1681,2049012
2013-02-28,55.455,55.8003,55.1848,55.3906,2468708
2013-03-01,55.1452,55.5579,54.5377,55.2541,2574432
2013-03-04,55.0601,55.1621,54.1399,54.2932,2370259
2013-03-05,54.5684,55.0077,54.3961,54.7376,2331905
2013-03-06,54.7801,55.0869,54.512,54.7801,2529671
2013-03-07,54.9256,55.4075,54.8316,55.0423,2157515
2013-03-08,55.2362,55.6777,55.2362,55.6243,2091811
2013-03-11,55.6153,55.8815,55.5736,55.7597,2373881
2013-03-12,55.7924,56.0031,55.6153,55.8528,1269746
2013-03-13,55.9042,56.8542,55.8073,56.6552,2299983
2013-03-14,56.7978,57.1273,56.5781,56.9581,1847298
2013-03-15,56.772,58.0465,56.6948,58.0198,5202454
2013-03-18,57.5299,58.1642,57.4725,57.7071,2023239
2013-03-19,57.8952,57.9515,57.3015,57.715,1481449
2013-03-20,57.9743,58.1812,57.7744,57.8872,1404586
2013-03-21,57.5716,57.9743,57.1184,57.3459,1180702
2013-03-22,57.4637,57.715,57.2173,57.3885,979056
2013-03-25,57.5805,57.7902,57.154,57.2658,1567126
2013-03-26,57.5805,58.4898,57.5805,58.4344,2187568
2013-03-27,58.1385,59.0311,57.8001,58.9519,2417612
2013-03-28,58.9242,59.2091,58.575,59.1597,2011001
2013-04-01,59.1173,59.4863,58.6878,58.9519,2449841
2013-04-02,59.1924,59.2091,58.2969,58.5274,1526113
2013-04-03,58.6175,59.4863,58.5344,59.1844,2829475
2013-04-04,59.2775,60.0167,59.142,59.9365,2997911
2013-04-05,59.3942,60.5223,59.3102,60.3492,4011937
2013-04-08,60.5045,60.6214,60.0246,60.4808,1878130
2013-04-09,60.6034,60.6281,60.1008,60.3492,1665486
2013-04-10,60.5045,60.9468,60.4234,60.5223,2391360
2013-04-11,60.7489,61.2823,60.6371,61.0983,1945986
2013-04-12,60.741,60.8706,60.2868,60.8132,1231650
2013-04-15,60.5936,60.6034,59.4863,59.7317,1968200
2013-04-16,60.1472,60.3917,59.6576,60.1205,1443874
2013-04-17,59.8138,59.984,58.6452,59.132,2878793
2013-04-18,59.132,59.2014,58.3849,58.9242,1849560
2013-04-19,58.9786,59.9108,58.9639,59.8564,2586479
2013-04-22,59.8564,59.984,59.2845,59.69,1224618
2013-04-23,60.0167,60.548,59.5862,60.2868,1287412
2013-04-24,60.8637,62.2876,59.9464,62.2115,3297216
2013-04-25,62.253,63.2207,61.4436,62.8151,2554049
2013-04-26,62.8784,63.0604,62.5637,62.6063,1522482
2013-04-29,62.8082,63.2297,62.4401,63.2118,1397392
2013-04-30,63.1247,63.9065,63.1247,63.8728,2089553
2013-05-01,63.6275,64.4953,63.5176,63.7967,2197632
2013-05-02,63.7967,64.5546,63.6373,64.3518,1837709
2013-05-03,64.6744,64.9425,64.4042,64.8,1691372
2013-05-06,64.9515,65.6015,64.8762,64.986,1981071
2013-05-07,64.9583,65.1959,64.8584,65.1127,1966756
2013-05-08,65.1463,65.6352,65.0019,65.6115,1219010
2013-05-09,65.5659,65.9123,65.3581,65.4917,1465989
2013-05-10,65.5174,65.838,65.1623,65.7213,1011331
2013-05-13,65.5412,65.8618,65.2344,65.4017,970288
2013-05-14,65.5916,66.6367,65.5501,66.588,1120825
2013-05-15,66.2259,67.0275,65.838,66.9839,1159374
2013-05-16,66.9592,67.1273,66.4624,66.6367,1649912
2013-05-17,67.6666,70.2305,67.6666,69.3113,6950744
2013-05-20,69.3371,69.6665,68.7254,68.8195,4241474
2013-05-21,68.7958,69.53,68.4524,68.6968,4433897
2013-05-22,68.7324,68.9718,68.114,68.1902,4009752
2013-05-23,67.7923,68.8245,67.6321,68.5236,1496355
2013-05-24,68.2347,69.2767,68.0824,69.0461,1285746
2013-05-28,69.3815,70.095,69.3815,69.7606,1474713
2013-05-29,69.2846,70.0,68.8502,69.5675,1730120
2013-05-30,70.2632,71.3665,70.2632,70.9401,2093265
2013-05-31,70.6738,71.4278,70.0109,70.0109,2099891
2013-06-03,70.0861,70.6343,69.4974,70.564,1729231
2013-06-04,70.4057,70.7589,69.807,70.0356,1530788
2013-06-05,69.7883,70.5809,69.1352,69.2123,1410759
2013-06-06,69.234,70.0267,68.7611,69.8902,2121588
2013-06-07,70.1424,71.3754,70.1424,71.2745,1668164
2013-06-10,71.5209,71.6338,70.9321,71.1616,1765400
2013-06-11,70.5966,71.1429,70.3988,70.4997,1576985
2013-06-12,70.9598,71.0162,70.1039,70.1939,1140584
2013-06-13,70.2484,71.4971,70.1039,70.4057,2111501
2013-06-14,70.2969,71.1023,70.1861,70.4245,1183811
2013-06-17,70.7688,71.6338,70.7491,71.0945,1177614
2013-06-18,71.1983,71.6664,70.7589,71.3181,1446280
2013-06-19,71.2607,71.6485,70.4997,70.5086,1378271
2013-06-20,69.9307,70.66,69.6368,69.6507,1712983
2013-06-21,70.1514,70.3324,69.5418,69.5498,3271339
2013-06-24,69.1876,69.5052,68.5553,68.8848,1751577
2013-06-25,69.3993,69.4478,68.5236,68.58,1840603
2013-06-26,69.25,69.7793,69.1163,69.5418,1788107
2013-06-27,70.0584,70.9044,69.9901,70.7035,1121196
2013-06-28,70.5274,71.0162,70.1514,70.3592,1336278
2013-07-01,70.3414,71.3754,70.1108,70.8262,1069724
2013-07-02,70.5966,70.7302,69.5052,69.8248,1375360
2013-07-03,69.6695,70.6937,69.4547,70.465,837767
2013-07-05,70.7391,71.3497,70.5541,71.3339,782078
2013-07-08,71.7485,72.3976,71.4358,72.3016,1784248
2013-07-09,72.6598,73.0775,72.2255,72.6767,1243011
2013-07-10,72.6767,74.0867,72.6598,73.8413,2013252
2013-07-11,74.528,74.6824,74.2391,74.5617,1572800
2013-07-12,74.631,74.8773,74.0373,74.7913,2049635
2013-07-15,74.9881,75.3127,74.7834,74.9981,1237268
2013-07-16,75.1752,75.2503,74.063,74.1036,1522485
2013-07-17,74.2688,74.6736,74.1461,74.436,1372491
2013-07-18,73.7127,75.0742,73.7127,74.8773,1799099
2013-07-19,74.6063,75.1198,74.6063,75.0792,1648516
2013-07-22,75.3444,75.4631,75.0248,75.1475,1102534
2013-07-23,75.6344,75.8797,74.9704,75.4216,2022022
2013-07-24,77.2056,79.0166,75.9362,76.7277,3639596
2013-07-25,76.7377,76.9584,76.2448,76.8228,1634529
2013-07-26,76.5081,76.9494,76.2448,76.9494,1894799
2013-07-29,76.6634,77.7826,76.6536,77.6559,1895159
2013-07-30,77.9765,78.6178,76.8317,77.274,2455828
2013-07-31,77.2403,78.8691,77.1542,78.224,3456636
2013-08-01,78.5555,79.4391,78.5555,79.0996,2748219
2013-08-02,80.2683,81.7952,79.2719,80.6295,6262678
2013-08-05,80.6295,81.2499,80.3078,81.0797,2051055
2013-08-06,80.9768,81.4419,80.5434,80.6196,1789523
2013-08-07,80.1783,81.4676,80.1783,81.427,1624116
2013-08-08,81.6487,81.9287,81.1895,81.2419,1811308
2013-08-09,81.2322,81.4874,80.757,81.1431,1776663
2013-08-12,81.0708,81.2934,80.6295,80.666,1351750
2013-08-13,80.9689,81.2152,80.2406,80.9451,1983718
2013-08-14,80.9046,81.0797,80.4613,80.6096,1569193
2013-08-15,79.8556,80.5829,79.4034,79.6934,1877201
2013-08-16,79.5103,80.4187,79.4034,79.8883,1868684
2013-08-19,79.7745,80.7096,79.6429,79.6518,1737554
2013-08-20,79.6934,80.2761,79.6103,79.6518,1963585
2013-08-21,79.5103,80.4454,79.4668,79.8715,1508695
2013-08-22,80.1287,80.6028,79.7914,79.8983,1202504
2013-08-23,79.8883,80.4613,79.7488,80.3553,1895459
2013-08-26,80.5612,80.8511,80.0931,80.3385,1222518
2013-08-27,80.2148,80.7413,78.879,78.9641,1506754
2013-08-28,79.0828,79.4846,78.685,78.9809,1563348
2013-08-29,79.0918,79.9655,78.683,79.5974,1041763
2013-08-30,79.6884,79.8448,78.6653,78.9245,1181995
2013-09-03,79.913,80.3563,79.4509,79.6627,1436835
2013-09-04,79.5063,80.6502,79.5063,80.0269,1528412
2013-09-05,80.0693,80.1674,79.7705,80.0269,1299492
2013-09-06,80.1526,80.2584,78.9641,79.6478,1208450
2013-09-09,79.8448,80.2584,79.8448,79.9833,1180072
2013-09-10,79.9467,81.0174,79.7548,80.7829,1611634
2013-09-11,80.8818,81.3528,80.8274,81.3528,1666221
2013-09-12,81.2914,82.181,81.2914,81.8891,1239207
2013-09-13,82.1523,82.3423,81.4666,82.2771,1039563
2013-09-16,83.0014,83.8227,82.6442,83.6445,1120724
2013-09-17,83.5833,84.5351,83.4803,84.4619,1023272
2013-09-18,84.4372,84.7222,83.3427,84.3283,1524282
2013-09-19,84.3451,84.7666,83.8405,83.8672,1064532
2013-09-20,84.0729,84.0799,82.187,82.3671,2821739
2013-09-23,82.3671,82.7372,81.6002,81.992,1719404
2013-09-24,82.1464,82.5076,81.905,82.0712,1460475
2013-09-25,82.1464,82.2127,81.6567,81.8802,1230840
2013-09-26,81.8486,82.5006,81.7368,82.4294,967181
2013-09-27,82.2037,82.5303,81.804,82.3255,900654
2013-09-30,81.6397,81.905,81.3865,81.4766,1356352
2013-10-01,81.4181,82.2771,81.2657,82.2314,1041278
2013-10-02,81.9742,82.0277,80.7313,81.4092,1679689
2013-10-03,81.334,81.334,79.2115,79.6142,1846288
2013-10-04,79.6211,80.0031,79.1274,79.8201,1424824
2013-10-07,79.4786,81.7368,79.3916,81.2389,2137977
2013-10-08,81.0857,81.2569,80.1347,80.4801,1695568
2013-10-09,80.4889,80.9491,79.8289,80.4889,1508401
2013-10-10,81.1311,83.0587,81.1025,83.0499,1367385
2013-10-11,83.0934,84.171,83.0172,84.1323,1126704
2013-10-14,83.5643,84.7053,83.1023,84.5154,893750
2013-10-15,84.5351,84.5995,83.0934,83.2656,1319262
2013-10-16,83.8405,84.4372,83.6781,84.4045,1178265
2013-10-17,84.2581,86.1619,83.9345,86.1619,1457575
2013-10-18,86.2807,86.8991,85.9184,86.8902,1313867
2013-10-21,87.0208,87.0733,85.4385,85.7057,1284074
2013-10-22,86.1016,87.1514,86.0739,86.7883,1189608
2013-10-23,87.673,90.4148,87.4622,90.2932,2288181
2013-10-24,90.6315,92.3929,90.3951,91.9367,2069071
2013-10-25,91.7567,93.0411,91.3994,92.7046,1757922
2013-10-28,92.4632,92.6681,92.0625,92.2533,1231769
2013-10-29,92.281,92.7314,91.443,92.6482,1404370
2013-10-30,92.8353,93.1074,91.6913,92.0378,1255680
2013-10-31,92.1515,92.9669,91.7567,91.9536,2172135
2013-11-01,92.011,93.5645,91.9724,92.481,2276766
2013-11-04,92.7572,93.4359,92.6958,92.9302,1316499
2013-11-05,92.7956,93.7881,92.5631,93.331,921485
2013-11-06,93.5002,94.0049,92.8937,93.7604,905874
2013-11-07,93.8168,94.4798,92.866,92.949,1272938
2013-11-08,93.0044,94.7192,92.8937,94.7015,969481
2013-11-11,94.2849,94.3225,93.7506,94.2373,1047037
2013-11-12,94.0949,94.1048,93.2191,93.519,1074985
2013-11-13,93.2281,93.4903,91.2154,93.4805,1848355
2013-11-14,94.0761,94.2373,93.3399,94.1909,1202453
2013-11-15,93.7704,93.8455,92.6769,93.6763,1268967
2013-11-18,94.4898,95.2487,94.1712,94.5857,1560676
2013-11-19,94.7192,95.0825,93.9762,94.3037,1260786
2013-11-20,94.2373,94.6431,93.6329,93.903,1040480
2013-11-21,94.369,94.9964,94.275,94.7282,1852437
2013-11-22,94.4056,95.9849,94.369,95.787,1435812
2013-11-25,95.883,96.2353,94.9232,95.51,2336383
2013-11-26,95.51,96.1095,95.51,95.7583,2376768
2013-11-27,96.1888,98.2836,96.0037,98.0035,1900375
2013-11-29,98.0234,98.4122,96.7429,96.9081,842832
2013-12-02,96.8299,97.3405,95.9662,96.1492,1054291
2013-12-03,96.2739,97.4187,95.883,96.7627,1973859
2013-12-04,96.2936,96.9863,94.3136,95.0359,2092691
2013-12-05,94.6618,95.6247,94.1245,94.2196,1441256
2013-12-06,94.6521,94.9033,93.9584,94.8173,2228949
2013-12-09,94.7372,94.9033,93.8931,94.556,1525677
2013-12-10,94.4719,95.0825,94.2373,94.7015,1249770
2013-12-11,94.845,95.0459,92.2169,92.4721,2373346
2013-12-12,92.5829,93.1549,92.2079,92.9015,2187904
2013-12-13,93.0223,93.9584,92.7145,93.6674,1045840
2013-12-16,93.704,94.5957,93.2281,94.3136,1549972
2013-12-17,94.4452,94.7105,94.0435,94.2373,1390058
2013-12-18,94.5462,95.8928,93.2745,95.8553,2404003
2013-12-19,95.8364,96.1789,94.7282,95.0923,1598208
2013-12-20,95.1824,97.2614,94.8638,96.5203,4130254
2013-12-23,97.2198,97.4386,96.3223,96.7715,1326129
2013-12-24,96.7904,98.2639,96.7904,98.2242,663466
2013-12-26,98.3924,99.6748,98.3133,99.19,1140786
2013-12-27,99.3578,99.9319,98.1559,98.616,1052632
2013-12-30,98.6358,98.9525,97.6414,97.9837,844237
2013-12-31,98.2539,98.6952,97.9254,98.5369,1122993
2014-01-02,98.1945,98.4221,96.9863,97.4089,1260002
2014-01-03,97.4089,98.4023,97.4089,97.6809,1487088
2014-01-06,98.0531,98.9723,97.5751,97.8769,1485134
2014-01-07,97.8868,98.8239,97.3405,98.4419,1937832
2014-01-08,98.2342,99.2,97.7383,99.0712,1491122
2014-01-09,99.338,100.002,99.1207,99.4572,2245566
2014-01-10,99.7744,100.279,98.9129,100.1,1746964
2014-01-13,100.169,101.06,99.1504,99.4572,1397260
2014-01-14,100.042,100.723,99.0613,100.673,1603133
2014-01-15,100.703,101.871,100.606,101.377,1272865
2014-01-16,101.427,101.951,101.0,101.733,1013416
2014-01-17,101.714,102.059,101.317,101.684,1033890
2014-01-21,102.406,103.574,101.921,102.534,1152206
2014-01-22,103.01,103.564,102.238,103.465,1413679
2014-01-23,102.723,103.791,100.98,101.03,1660208
2014-01-24,100.367,100.387,97.5751,97.5751,2525819
2014-01-27,97.5751,97.9739,95.8464,96.928,1961944
2014-01-28,97.5751,97.6899,96.0037,96.2936,2521921
2014-01-29,95.5377,97.0051,95.0459,96.4044,1955783
2014-01-30,102.04,102.04,96.3223,97.4286,2407044
2014-01-31,96.6944,100.259,96.3125,99.3777,2418052
2014-02-03,99.8532,100.773,96.4431,97.4286,3089782
2014-02-04,95.4872,96.2936,93.8931,95.3051,3177162
2014-02-05,94.7015,96.3323,94.3314,95.787,1927442
2014-02-06,96.0631,97.014,95.8364,96.54,1337201
2014-02-07,97.2911,99.7744,97.1614,98.8634,1971352
2014-02-10,98.6358,98.8634,97.3208,98.2836,2007124
2014-02-11,98.2936,100.941,98.2736,100.526,1956555
2014-02-12,100.636,101.753,100.496,101.564,1743554
2014-02-13,100.626,102.633,100.596,102.238,1138975
2014-02-14,102.079,103.87,101.476,103.425,1435037
2014-02-18,103.663,103.94,102.871,103.217,1265158
2014-02-19,103.168,104.395,102.267,102.396,1279388
2014-02-20,104.029,104.237,102.327,103.732,1154346
2014-02-21,104.464,104.464,102.485,103.603,1194440
2014-02-24,103.851,106.047,103.851,105.028,1562516
2014-02-25,104.919,105.492,102.743,102.93,1847608
2014-02-26,103.207,103.801,102.069,102.119,1830426
2014-02-27,102.466,103.801,102.109,103.752,1589891
2014-02-28,103.445,105.295,103.287,104.642,1613692
2014-03-03,103.672,105.265,103.455,104.632,1496658
2014-03-04,106.324,107.66,106.276,107.393,2043499
2014-03-05,107.67,107.809,106.393,106.888,1293365
2014-03-06,106.888,107.334,106.453,106.918,1373277
2014-03-07,107.363,108.383,107.057,107.433,1395913
2014-03-10,106.849,107.057,105.512,106.096,1423385
2014-03-11,106.276,106.413,105.068,105.245,1058527
2014-03-12,104.851,106.018,104.118,105.829,1215984
2014-03-13,105.949,107.304,104.395,104.554,1692186
2014-03-14,104.524,105.959,104.355,104.978,1621340
2014-03-17,105.255,106.047,104.721,105.899,1573012
2014-03-18,106.305,107.245,106.236,107.175,1081207
2014-03-19,107.472,108.373,105.552,106.226,1937019
2014-03-20,106.116,106.859,105.552,105.75,1344851
2014-03-21,106.69,106.829,104.988,105.345,3830745
2014-03-24,105.502,105.779,103.663,104.632,1357237
2014-03-25,105.285,105.819,104.861,105.562,1218316
2014-03-26,105.75,106.76,105.148,105.168,1260200
2014-03-27,104.741,104.841,103.445,103.682,1687463
2014-03-28,104.167,105.979,104.098,105.285,1094901
2014-03-31,105.999,106.997,105.979,106.68,1164984
2014-04-01,106.473,107.185,106.126,107.156,1629552
2014-04-02,107.067,108.511,106.829,107.7,1639247
2014-04-03,107.977,108.155,107.344,108.056,824528
2014-04-04,108.531,108.927,104.147,104.345,2819063
2014-04-07,104.237,105.128,103.06,103.098,1567253
2014-04-08,103.03,103.425,101.694,102.772,1370244
2014-04-09,103.197,104.078,102.544,104.009,1597010
2014-04-10,104.068,104.306,101.218,101.267,1391872
2014-04-11,101.18,102.317,100.783,100.833,1573154
2014-04-14,101.812,102.683,100.97,102.01,1244238
2014-04-15,102.287,103.098,100.387,102.792,1427550
2014-04-16,103.356,104.464,102.772,104.267,1406616
2014-04-17,104.958,105.642,101.407,105.455,1019280
2014-04-21,105.512,105.939,105.068,105.632,951835
2014-04-22,106.047,106.69,103.514,103.544,2050386
2014-04-23,103.069,105.672,101.277,105.168,1921939
2014-04-24,105.235,105.455,102.317,103.01,2257228
2014-04-25,102.99,102.99,102.149,102.851,2003462
2014-04-28,103.267,103.534,101.812,102.96,1676719
2014-04-29,103.307,104.464,102.93,104.137,1469977
2014-04-30,103.841,105.295,103.475,105.038,1469729
2014-05-01,104.801,105.068,103.979,104.276,1559285
2014-05-02,104.078,104.871,103.732,104.385,938630
2014-05-05,104.068,104.978,103.752,104.564,1230132
2014-05-06,104.128,104.444,103.317,103.395,827427
2014-05-07,103.811,104.681,103.148,104.544,1040643
2014-05-08,104.612,105.385,104.345,104.811,1095741
2014-05-09,104.612,104.731,103.861,104.671,800182
2014-05-12,104.948,106.077,104.919,105.839,1031083
2014-05-13,105.979,106.76,105.642,106.393,1050892
2014-05-14,106.473,106.473,105.148,105.225,730336
2014-05-15,105.186,105.255,102.93,103.02,1248272
2014-05-16,103.04,103.247,102.267,102.772,1704333
2014-05-19,103.06,103.544,102.337,103.445,1264338
2014-05-20,102.91,103.356,101.574,101.733,1147425
2014-05-21,101.911,102.851,101.911,102.248,1362444
2014-05-22,102.258,102.782,102.02,102.456,889317
2014-05-23,102.743,103.831,102.426,103.752,1120286
2014-05-27,103.692,104.019,103.04,103.87,1096660
2014-05-28,104.741,105.732,104.267,104.583,1592972
2014-05-29,104.039,104.622,103.663,104.524,1575048
2014-05-30,104.217,105.889,104.078,105.682,1337548
2014-06-02,105.474,106.324,104.88,106.047,1088890
2014-06-03,105.325,106.166,104.791,105.622,2022370
2014-06-04,105.632,106.413,105.138,106.305,1428687
2014-06-05,106.256,107.67,106.096,107.532,1410324
2014-06-06,107.739,108.313,107.482,107.829,1144589
2014-06-09,107.601,108.62,107.185,108.214,1062750
2014-06-10,107.839,107.849,106.968,107.601,1086410
2014-06-11,106.918,107.334,106.256,106.295,1119567
2014-06-12,105.849,106.086,103.732,103.93,1787971
2014-06-13,104.326,105.562,104.039,105.038,1124193
2014-06-16,104.671,106.206,104.671,105.692,1276163
2014-06-17,105.532,105.939,104.801,105.275,860012
2014-06-18,105.215,105.799,104.484,105.582,963882
2014-06-19,105.682,106.859,105.355,106.374,1143958
2014-06-20,107.047,107.917,106.68,107.324,1864210
2014-06-23,107.443,107.443,106.246,106.562,806255
2014-06-24,106.047,106.592,104.841,104.861,911780
2014-06-25,104.811,105.196,104.484,104.948,831077
2014-06-26,105.038,105.038,103.94,104.711,707293
2014-06-27,104.504,104.988,104.296,104.929,1026333
2014-06-30,105.295,105.315,103.821,104.019,1079832
2014-07-01,103.761,105.415,102.841,104.741,1445812
2014-07-02,104.365,105.038,103.94,104.118,1138667
2014-07-03,104.554,105.632,104.395,105.365,623832
2014-07-07,105.206,105.206,104.257,104.444,833742
2014-07-08,104.237,104.741,103.247,103.781,1240419
2014-07-09,104.167,104.524,103.623,104.177,794321
2014-07-10,102.792,104.958,102.792,104.286,924730
2014-07-11,104.534,105.999,103.989,105.789,834682
2014-07-14,105.702,106.71,105.552,106.383,1065993
2014-07-15,106.7,107.67,106.473,107.077,1206215
2014-07-16,107.314,107.492,106.69,107.116,905783
2014-07-17,106.453,107.829,106.393,106.592,923455
2014-07-18,106.948,108.155,106.8,107.71,808453
2014-07-21,107.591,108.956,107.284,108.798,1468278
2014-07-22,109.145,110.431,108.877,110.015,1414929
2014-07-23,108.66,111.292,108.63,110.084,1252327
2014-07-24,110.431,111.579,109.56,111.242,1375611
2014-07-25,110.768,111.599,110.708,110.915,1095083
2014-07-28,111.292,111.717,110.074,111.134,1451346
2014-07-29,110.915,111.292,109.738,109.867,1219803
2014-07-30,110.481,110.598,108.966,109.451,1182104
2014-07-31,108.61,108.699,106.968,107.175,1662483
2014-08-01,106.879,108.561,106.839,107.759,1185274
2014-08-04,107.393,107.799,106.276,107.265,1577822
2014-08-05,107.047,108.897,106.859,106.997,1414832
2014-08-06,106.086,106.256,104.851,105.196,1394803
2014-08-07,105.899,106.403,104.335,104.612,1497474
2014-08-08,104.998,106.908,104.821,106.849,1447836
2014-08-11,107.166,107.849,107.106,107.353,815524
2014-08-12,107.433,108.146,106.8,106.968,885206
2014-08-13,107.363,109.303,107.086,108.838,873741
2014-08-14,109.026,109.51,108.64,108.709,834101
2014-08-15,109.135,109.55,107.532,108.581,998396
2014-08-18,109.243,110.371,109.243,110.184,836502
2014-08-19,110.481,110.778,109.937,110.431,762232
2014-08-20,110.441,111.658,110.214,111.47,1075544
2014-08-21,111.796,111.796,111.015,111.352,840338
2014-08-22,111.589,111.866,110.808,110.955,788977
2014-08-25,111.599,111.708,110.847,111.342,773962
2014-08-26,111.352,111.371,110.441,110.638,893249
2014-08-27,110.925,111.183,110.371,110.975,848723
2014-08-28,110.431,111.212,110.431,110.935,780724
2014-08-29,110.955,111.648,110.827,111.242,928476
2014-09-02,112.272,112.519,111.767,112.4,1175547
2014-09-03,112.875,112.875,111.599,111.856,986500
2014-09-04,112.272,112.449,111.075,111.242,1185489
2014-09-05,111.322,111.599,110.798,111.529,1146231
2014-09-08,111.529,112.222,111.499,111.549,1217056
2014-09-09,111.836,113.162,111.569,112.321,1327124
2014-09-10,112.222,113.964,112.202,113.667,1307450
2014-09-11,113.31,113.637,113.003,113.449,1078976
2014-09-12,113.439,113.954,113.123,113.667,1042360
2014-09-15,113.459,114.459,113.251,114.142,852565
2014-09-16,113.795,115.587,113.746,115.369,833006
2014-09-17,116.259,116.556,115.369,115.903,930544
2014-09-18,116.002,116.259,115.517,115.794,1080662
2014-09-19,116.566,117.387,116.457,116.863,2082726
2014-09-22,116.279,116.863,115.29,115.34,1154654
2014-09-23,114.923,114.923,112.568,112.638,1344791
2014-09-24,112.459,113.885,112.272,113.667,1145659
2014-09-25,114.211,114.449,112.272,112.688,1192539
2014-09-26,113.983,115.714,113.598,115.369,1128149
2014-09-29,114.756,116.151,114.172,115.389,1219398
2014-09-30,115.557,116.23,114.805,115.21,1590367
2014-10-01,114.182,114.409,111.717,111.925,1792606
2014-10-02,112.103,112.578,110.618,110.955,1543303
2014-10-03,111.648,112.855,111.609,112.311,1253862
2014-10-06,112.865,113.37,111.222,111.708,1042465
2014-10-07,111.143,111.212,108.917,108.956,1176330
2014-10-08,108.907,110.56,107.917,110.471,1145136
2014-10-09,110.254,110.648,108.126,108.432,882638
2014-10-10,107.849,109.65,107.582,108.422,1370369
2014-10-13,108.59,109.49,106.136,106.206,1122629
2014-10-14,106.69,109.817,106.572,108.581,1321851
2014-10-15,107.265,108.017,103.366,106.047,2247765
2014-10-16,104.335,107.136,103.663,106.315,1330657
2014-10-17,107.116,109.283,107.116,108.808,1210402
2014-10-20,108.491,109.066,107.887,109.006,1113230
2014-10-21,108.868,110.351,107.849,110.284,1665659
2014-10-22,111.045,112.429,108.927,109.402,2196283
2014-10-23,111.143,113.251,109.777,112.964,2132528
2014-10-24,112.935,114.429,112.381,114.349,1185348
2014-10-27,114.389,114.508,113.043,114.349,1500138
2014-10-28,115.487,117.407,115.013,117.358,1897380
2014-10-29,117.525,118.971,116.962,118.594,2002162
2014-10-30,117.734,120.455,116.942,120.049,2035339
2014-10-31,121.276,121.741,119.94,120.593,1716472
2014-11-03,120.465,120.533,119.099,119.762,1434429
2014-11-04,120.553,121.949,119.624,121.137,1515976
2014-11-05,121.771,121.939,119.802,120.505,1548926
2014-11-06,120.356,121.237,119.615,120.742,1382495
2014-11-07,120.762,120.782,118.357,119.001,2089504
2014-11-10,118.664,119.05,117.902,118.594,1245656
2014-11-11,118.783,120.376,118.714,119.653,703556
2014-11-12,119.06,119.634,118.337,118.921,901009
2014-11-13,119.03,120.693,119.03,119.969,1109281
2014-11-14,119.178,120.049,118.694,118.971,1367035
2014-11-17,118.971,119.455,118.594,118.812,879290
2014-11-18,119.089,120.95,118.723,120.713,1373606
2014-11-19,120.089,120.495,119.385,120.266,1136518
2014-11-20,119.615,121.237,119.347,121.039,873190
2014-11-21,122.334,122.919,121.346,121.652,1222486
2014-11-24,121.494,123.097,121.346,123.018,821515
2014-11-25,122.879,124.443,122.879,123.77,1345490
2014-11-26,123.77,124.472,123.582,124.304,912434
2014-11-28,124.354,125.235,123.631,123.839,1002250
2014-12-01,123.631,124.007,121.87,121.939,1578516
2014-12-02,122.167,123.641,122.038,123.126,2427541
2014-12-03,123.493,124.721,123.275,123.869,1328355
2014-12-04,123.66,124.274,122.226,122.879,1081654
2014-12-05,125.848,130.707,125.639,129.777,2442293
2014-12-08,129.777,130.034,128.144,128.786,2683009
2014-12-09,127.193,130.093,126.896,129.667,1488493
2014-12-10,129.163,129.578,126.699,126.808,1826421
2014-12-11,127.313,128.985,126.739,128.015,1303614
2014-12-12,127.125,127.125,124.374,124.404,1393590
2014-12-15,125.334,126.155,123.453,124.681,1413026
2014-12-16,124.087,128.441,124.077,126.352,1952121
2014-12-17,126.362,127.243,124.739,126.185,1737895
2014-12-18,127.688,130.548,127.668,130.508,1605426
2014-12-19,130.647,132.458,130.528,131.725,2628420
2014-12-22,132.112,134.426,132.022,133.764,1363812
2014-12-23,134.426,134.596,132.804,132.943,1063624
2014-12-24,133.141,134.229,132.933,133.338,475278
2014-12-26,133.507,134.081,133.081,133.141,625213
2014-12-29,132.606,133.17,131.972,132.754,905870
2014-12-30,132.269,132.794,131.685,132.468,1079316
2014-12-31,132.468,132.834,129.38,129.52,1821625
2015-01-02,130.291,131.053,127.006,128.688,2329829
2015-01-05,127.797,128.698,125.175,125.946,6561758
2015-01-06,126.026,128.262,124.414,126.689,3552269
2015-01-07,127.46,130.746,127.313,130.657,2697189
2015-01-08,131.666,134.546,131.637,133.695,3946747
2015-01-09,133.962,135.0,133.378,134.219,2152314
2015-01-12,134.269,134.962,132.497,133.537,1808371
2015-01-13,134.446,136.159,132.646,133.566,1695936
2015-01-14,131.934,133.982,130.944,133.655,1595367
2015-01-15,134.09,134.942,132.774,133.833,1655080
2015-01-16,133.735,134.883,132.993,134.733,1327860
2015-01-20,135.881,136.159,132.893,135.08,1247290
2015-01-21,134.289,136.337,133.932,135.526,1657150
2015-01-22,136.169,138.117,135.307,137.535,1284580
2015-01-23,137.445,138.187,136.762,137.238,1133321
2015-01-26,137.395,137.455,135.684,136.664,1239722
2015-01-27,135.14,136.06,134.012,134.397,1644387
2015-01-28,135.476,136.634,133.605,133.695,2242998
2015-01-29,136.0,138.939,135.07,138.761,2548783
2015-01-30,137.356,139.909,137.029,137.93,2688112
2015-02-02,138.177,140.245,135.901,139.899,1666824
2015-02-03,139.295,142.115,138.544,141.007,2319545
2015-02-04,140.75,143.422,140.602,142.214,1852621
2015-02-05,143.441,144.104,142.284,143.233,1243661
2015-02-06,144.302,144.302,142.135,142.591,1199169
2015-02-09,142.165,144.361,141.493,143.184,1895455
2015-02-10,144.827,145.044,143.55,144.906,1440496
2015-02-11,144.471,146.736,144.342,146.112,1996024
2015-02-12,147.023,147.657,146.272,146.994,1417185
2015-02-13,147.083,147.251,145.935,146.866,1103041
2015-02-17,146.38,147.726,145.985,147.251,1201879
2015-02-18,145.826,147.34,145.549,147.33,1342487
2015-02-19,147.45,149.547,147.163,149.497,1190347
2015-02-20,149.043,151.378,148.923,151.308,1552553
2015-02-23,150.884,151.348,149.686,149.844,1362496
2015-02-24,149.21,150.111,148.489,149.547,1357091
2015-02-25,149.646,149.814,147.053,148.172,1532976
2015-02-26,147.736,148.607,146.282,146.736,1455670
2015-02-27,146.519,147.855,146.112,146.212,1432777
2015-03-02,146.122,147.984,145.985,147.45,2668065
2015-03-03,146.322,146.944,143.56,144.371,2484343
2015-03-04,144.074,144.897,143.313,144.658,1390753
2015-03-05,144.501,145.262,143.66,144.065,1217124
2015-03-06,143.194,143.194,140.819,141.513,2019095
2015-03-09,141.056,142.878,140.939,142.304,1435524
2015-03-10,141.176,141.63,139.721,139.721,1544891
2015-03-11,140.335,140.939,139.385,139.444,1440283
2015-03-12,139.652,141.186,139.652,141.166,1687131
2015-03-13,140.622,141.888,137.94,139.008,1773383
2015-03-16,139.592,142.501,139.592,142.372,1503411
2015-03-17,141.216,142.482,141.216,142.204,1273904
2015-03-18,141.72,144.144,140.74,143.66,1837645
2015-03-19,143.58,144.55,142.699,143.393,1382485
2015-03-20,143.56,144.797,142.996,143.461,4980022
2015-03-23,143.817,144.718,143.441,143.54,1328762
2015-03-24,142.976,143.976,142.234,143.006,1080663
2015-03-25,143.303,143.501,140.423,140.433,1348596
2015-03-26,139.474,141.106,138.603,140.542,1312781
2015-03-27,140.393,141.957,140.206,141.581,1628082
2015-03-30,142.194,144.332,141.878,143.501,1181310
2015-03-31,142.878,143.69,142.047,142.047,1333172
2015-04-01,141.235,142.324,139.513,141.65,1643046
2015-04-02,141.76,143.6,141.393,142.64,1033293
2015-04-06,141.62,144.124,141.473,143.58,1429403
2015-04-07,143.797,145.252,143.451,143.728,1090211
2015-04-08,143.204,145.481,142.996,144.906,1157848
2015-04-09,144.877,145.748,143.877,145.203,842675
2015-04-10,145.371,146.419,144.847,145.865,715606
2015-04-13,145.578,146.409,144.322,144.342,1075339
2015-04-14,144.204,145.025,143.086,144.025,789053
2015-04-15,144.57,145.084,143.718,144.025,727636
2015-04-16,143.56,144.887,142.798,144.154,1035465
2015-04-17,143.115,143.184,140.899,141.294,1277532
2015-04-20,142.224,144.025,141.977,143.51,959290
2015-04-21,144.461,144.57,143.006,143.363,1117604
2015-04-22,143.253,143.402,141.74,142.996,875198
2015-04-23,142.491,144.668,142.194,143.65,982292
2015-04-24,143.373,143.52,142.294,142.749,713053
2015-04-27,142.966,143.748,141.186,141.275,1395745
2015-04-28,141.176,142.037,140.206,141.61,1283281
2015-04-29,142.966,144.154,139.731,140.393,1583656
2015-04-30,139.572,140.156,134.813,135.891,2794204
2015-05-01,136.654,137.712,136.11,137.663,1288076
2015-05-04,137.812,138.899,137.228,137.515,1166234
2015-05-05,137.375,138.079,134.733,135.239,1410363
2015-05-06,135.871,136.475,134.496,135.259,1430828
2015-05-07,135.259,135.98,134.743,135.397,1218498
2015-05-08,136.762,138.098,136.554,137.94,1058679
2015-05-11,137.88,138.968,137.663,137.96,845947
2015-05-12,137.613,137.663,136.485,137.148,1074111
2015-05-13,137.118,137.802,136.861,136.971,933332
2015-05-14,138.137,139.305,137.702,139.118,1039525
2015-05-15,139.158,140.186,138.821,139.425,756835
2015-05-18,139.335,140.008,138.939,139.434,798800
2015-05-19,139.592,140.671,139.068,140.226,1082125
2015-05-20,140.662,141.463,139.869,140.829,1239814
2015-05-21,141.363,142.759,141.186,142.224,1223925
2015-05-22,141.819,142.115,140.799,141.166,1084179
2015-05-26,141.106,141.106,139.464,139.839,976321
2015-05-27,140.602,140.859,139.493,140.552,980931
2015-05-28,140.126,142.422,139.829,142.324,1416504
2015-05-29,141.542,142.571,140.345,141.166,2152852
2015-06-01,141.076,142.611,140.365,141.838,1499504
2015-06-02,141.176,142.976,139.622,142.204,1419253
2015-06-03,142.412,143.155,141.73,142.135,1340920
2015-06-04,141.443,142.204,139.968,140.216,1068699
2015-06-05,139.652,139.949,138.791,139.483,1047274
2015-06-08,139.255,139.819,138.771,138.909,1063062
2015-06-09,138.978,139.949,138.474,139.425,1057696
2015-06-10,139.998,141.096,138.721,140.592,1433709
2015-06-11,140.829,142.808,140.789,142.601,1041866
2015-06-12,141.522,143.086,141.086,142.808,1158466
2015-06-15,141.581,142.392,140.997,141.858,1042088
2015-06-16,141.027,144.985,141.027,143.194,982884
2015-06-17,143.64,144.897,142.868,144.431,937551
2015-06-18,144.817,147.123,144.758,146.459,1297280
2015-06-19,145.845,147.173,145.845,146.361,2191529
2015-06-22,147.013,147.717,146.638,146.736,1082909
2015-06-23,146.906,147.4,145.194,145.738,1409554
2015-06-24,145.638,146.025,144.451,144.748,979951
2015-06-25,145.104,145.529,143.65,143.768,1004763
2015-06-26,144.025,144.401,143.165,143.441,2297644
2015-06-29,142.621,143.283,140.671,140.71,1190038
2015-06-30,141.888,142.115,140.255,140.662,1015552
2015-07-01,141.552,142.354,141.027,141.997,828166
2015-07-02,142.501,142.956,140.463,141.413,1100503
2015-07-06,140.403,141.503,140.206,141.196,1091815
2015-07-07,141.73,143.214,140.226,143.115,1112456
2015-07-08,142.096,143.432,142.067,142.501,1001829
2015-07-09,144.56,145.441,144.144,144.273,1385576
2015-07-10,145.688,147.153,145.164,146.657,1315999
2015-07-13,148.092,148.626,147.201,148.349,1063173
2015-07-14,148.221,149.715,148.112,149.418,1319490
2015-07-15,149.151,149.923,148.736,149.517,1117569
2015-07-16,150.18,150.804,149.399,150.616,988859
2015-07-17,150.081,150.714,149.25,149.873,893119
2015-07-20,150.338,151.051,149.863,150.587,989762
2015-07-21,149.983,150.27,147.183,147.905,940147
2015-07-22,147.885,148.3,146.984,147.469,1020998
2015-07-23,147.746,148.607,146.439,146.766,1378697
2015-07-24,146.459,147.183,145.598,146.142,750356
2015-07-27,145.371,145.638,143.787,144.154,1094296
2015-07-28,144.916,145.925,143.64,144.867,1786124
2015-07-29,151.288,156.514,148.241,153.812,3503871
2015-07-30,153.288,156.077,152.832,155.553,1868334
2015-07-31,155.94,155.94,153.168,153.426,1964751
2015-08-03,153.278,153.732,151.328,152.664,1518462
2015-08-04,153.04,153.595,152.169,152.634,1570064
2015-08-05,153.445,154.762,153.327,154.029,1263900
2015-08-06,154.237,154.396,152.268,153.298,987306
2015-08-07,153.158,153.693,151.675,153.089,983560
2015-08-10,154.425,155.93,154.079,155.396,933943
2015-08-11,153.643,154.049,152.674,153.643,865986
2015-08-12,152.516,152.773,150.388,152.149,1306189
2015-08-13,152.614,153.97,152.535,153.288,705813
2015-08-14,153.436,154.633,152.743,154.465,810910
2015-08-17,153.95,155.069,152.822,154.949,773134
2015-08-18,154.692,155.89,154.623,155.623,820157
2015-08-19,155.138,156.83,153.95,155.74,1155193
2015-08-20,154.792,154.792,153.03,153.03,1261983
2015-08-21,151.803,152.307,146.499,146.638,2239342
2015-08-24,135.307,147.113,135.08,141.917,2586721
2015-08-25,144.629,145.708,141.056,141.6,1985505
2015-08-26,144.371,146.084,141.126,145.826,1669867
2015-08-27,147.261,149.666,145.915,148.894,1311391
2015-08-28,148.429,149.19,146.579,147.538,1098848
2015-08-31,147.498,147.775,145.768,145.885,1094700
2015-09-01,143.243,144.084,141.532,142.047,1807853
2015-09-02,143.422,146.697,142.976,146.687,1213318
2015-09-03,146.638,148.726,146.429,146.716,1184025
2015-09-04,145.194,145.481,143.481,144.638,1344162
2015-09-08,146.934,149.993,146.609,149.725,1931967
2015-09-09,151.388,151.645,147.855,148.142,854775
2015-09-10,147.32,148.656,146.994,147.677,1174041
2015-09-11,147.271,150.22,146.906,150.2,1040946
2015-09-14,150.111,150.427,148.933,149.557,978213
2015-09-15,149.923,152.377,149.131,151.793,1149572
2015-09-16,153.05,153.178,151.248,152.367,1042963
2015-09-17,153.021,154.623,151.793,152.139,1342416
2015-09-18,149.676,152.219,149.676,150.567,2634346
2015-09-21,150.854,152.842,150.744,151.685,1106482
2015-09-22,149.131,150.121,148.389,149.379,995835
2015-09-23,149.636,150.032,147.954,149.18,948072
2015-09-24,147.865,149.3,145.845,148.616,1237309
2015-09-25,149.547,150.23,146.906,147.568,1069225
2015-09-28,146.469,147.528,144.827,144.945,1194909
2015-09-29,144.945,146.045,144.194,145.718,879798
2015-09-30,147.163,149.053,146.569,147.895,1401055
2015-10-01,147.924,148.27,144.965,147.697,1587454
2015-10-02,146.112,149.349,145.441,149.29,1238901
2015-10-05,150.764,152.614,150.022,151.822,1367306
2015-10-06,151.803,152.723,149.953,150.101,1224987
2015-10-07,151.101,152.694,150.407,152.565,1288969
2015-10-08,151.685,154.89,150.804,154.841,1278292
2015-10-09,154.742,157.582,154.316,156.622,1666907
2015-10-12,157.423,158.404,156.276,157.888,1487172
2015-10-13,157.463,158.532,157.048,157.73,1139812
2015-10-14,157.572,157.671,154.633,154.89,795857
2015-10-15,155.513,155.712,153.624,155.099,1251808
2015-10-16,155.91,156.325,154.722,155.84,1297254
2015-10-19,155.099,155.603,154.059,155.563,676255
2015-10-20,154.782,156.237,154.336,155.444,903326
2015-10-21,156.562,156.909,154.959,155.167,855672
2015-10-22,155.98,160.699,155.246,159.967,1443476
2015-10-23,160.492,161.283,159.185,160.245,1032867
2015-10-26,160.422,161.273,159.511,160.639,1447854
2015-10-27,160.045,162.114,160.045,160.926,2116229
2015-10-28,170.217,172.841,168.209,169.763,4527150
2015-10-29,168.13,171.297,167.962,169.367,2162242
2015-10-30,170.04,170.1,167.309,167.309,1542903
2015-11-02,167.942,169.159,167.536,168.912,1246563
2015-11-03,168.516,168.704,166.22,166.319,1056462
2015-11-04,166.893,167.913,165.201,165.904,1221754
2015-11-05,166.122,167.081,165.261,166.122,789352
2015-11-06,165.755,166.122,163.163,163.974,1595423
2015-11-09,163.4,164.153,161.382,161.896,1240835
2015-11-10,161.323,162.688,160.402,161.738,1041507
2015-11-11,161.926,162.946,161.649,161.936,961159
2015-11-12,161.54,162.322,160.302,160.659,1042629
2015-11-13,159.938,161.629,159.165,159.353,1077417
2015-11-16,160.302,166.399,159.878,166.309,1998291
2015-11-17,167.526,167.526,164.964,165.875,1487355
2015-11-18,166.152,167.942,166.012,167.645,948366
2015-11-19,168.338,168.813,166.804,167.765,1156530
2015-11-20,168.744,169.446,168.279,168.852,1395334
2015-11-23,168.872,169.308,167.319,167.378,998078
2015-11-24,166.458,168.07,165.914,167.526,1151255
2015-11-25,168.022,169.1,167.309,168.032,991040
2015-11-27,168.299,169.1,166.982,168.615,509875
2015-11-30,169.07,169.08,166.409,166.794,1714452
2015-12-01,167.438,169.476,167.002,167.616,1157677
2015-12-02,167.279,168.08,165.943,166.181,838142
2015-12-03,166.429,166.804,162.866,163.806,1325990
2015-12-04,164.202,168.417,164.133,168.209,996627
2015-12-07,168.229,168.645,167.151,168.249,790795
2015-12-08,166.963,169.07,166.419,168.259,1356441
2015-12-09,167.497,168.754,165.618,166.953,1548624
2015-12-10,167.111,168.447,167.081,167.765,1752780
2015-12-11,166.102,167.458,165.598,166.468,1781386
2015-12-14,167.022,168.694,165.765,167.418,1405262
2015-12-15,168.269,169.813,167.883,168.1,2162761
2015-12-16,169.853,170.941,167.616,169.813,1590419
2015-12-17,169.97,170.475,168.496,168.516,2731750
2015-12-18,167.793,167.793,165.034,165.408,3249336
2015-12-21,166.448,169.209,166.012,169.159,1528738
2015-12-22,169.98,170.614,167.962,169.476,979546
2015-12-23,170.397,170.397,169.466,170.04,547982
2015-12-24,169.496,170.921,169.376,170.13,257250
2015-12-28,169.99,170.277,168.823,170.03,468292
2015-12-29,170.762,171.663,170.524,171.346,688547
2015-12-30,171.267,171.702,169.873,170.1,526140
2015-12-31,169.556,170.594,167.833,168.991,615220
2016-01-04,166.438,167.873,165.835,167.793,1649447
2016-01-05,168.11,172.592,168.11,172.187,2572473
2016-01-06,170.178,172.88,170.04,170.446,2100325
2016-01-07,168.16,169.753,166.458,168.328,2386890
2016-01-08,168.972,169.803,166.369,166.517,1679805
2016-01-11,167.765,168.892,166.022,168.328,1982124
2016-01-12,169.199,169.556,167.813,169.07,1129102
2016-01-13,169.149,169.536,165.161,165.408,1228099
2016-01-14,165.408,166.913,163.658,166.052,1186799
2016-01-15,162.005,165.637,161.372,164.864,1712765
2016-01-19,166.794,167.586,164.281,167.131,2469715
2016-01-20,164.538,165.705,160.175,163.371,2057609
2016-01-21,164.192,164.786,161.965,162.193,1152702
2016-01-22,163.974,165.063,162.866,164.776,957965
2016-01-25,164.757,165.181,162.549,162.717,1103904
2016-01-26,162.411,163.549,160.085,163.311,1646434
2016-01-27,162.371,163.301,159.155,159.481,1802752
2016-01-28,157.859,162.173,156.622,161.203,2323108
2016-01-29,162.371,165.865,161.104,165.598,2046771
2016-02-01,166.804,169.813,165.211,168.823,1593769
2016-02-02,167.289,169.298,166.864,167.745,1273297
2016-02-03,168.793,170.07,167.22,169.833,1471991
2016-02-04,168.981,169.96,165.835,166.784,1732432
2016-02-05,167.101,168.773,165.865,166.893,2023727
2016-02-08,165.311,168.19,164.677,166.122,1892514
2016-02-09,164.825,168.595,164.687,167.626,1439165
2016-02-10,168.002,169.605,167.546,168.536,1132207
2016-02-11,165.656,166.972,161.163,164.597,1666647
2016-02-12,165.161,166.072,161.5,162.223,1782004
2016-02-16,163.213,166.359,161.203,164.874,2296840
2016-02-17,166.112,171.059,165.063,170.08,1370954
2016-02-18,170.644,173.375,170.05,172.435,1494079
2016-02-19,171.98,172.395,170.08,170.624,1705804
2016-02-22,170.723,173.068,170.604,172.088,1216375
2016-02-23,171.851,172.979,170.694,171.208,901166
2016-02-24,170.704,170.851,168.299,170.06,1140221
2016-02-25,170.791,173.404,170.227,173.375,903804
2016-02-26,173.434,174.058,172.494,172.751,959087
2016-02-29,172.544,175.066,171.97,172.751,1303225
2016-03-01,173.761,174.969,172.919,174.255,1351532
2016-03-02,174.048,174.988,172.395,173.741,869662
2016-03-03,173.296,173.938,170.14,172.662,1265197
2016-03-04,172.227,172.929,170.791,171.712,1436111
2016-03-07,170.831,171.801,167.487,167.765,1569540
2016-03-08,166.646,168.655,166.329,167.913,1865532
2016-03-09,169.199,169.259,167.586,167.813,1546537
2016-03-10,168.14,169.863,167.526,167.823,1292661
2016-03-11,169.773,171.881,169.109,170.634,1119689
2016-03-14,170.02,170.891,168.684,169.476,1089241
2016-03-15,169.001,172.504,168.516,172.267,1014612
2016-03-16,171.228,172.919,170.743,172.177,977221
2016-03-17,172.207,172.791,170.901,171.574,1394706
2016-03-18,172.277,174.73,171.682,174.345,1502243
2016-03-21,173.771,175.64,173.642,174.512,934349
2016-03-22,174.492,175.383,173.978,174.662,801854
2016-03-23,174.315,175.809,174.245,175.206,1097539
2016-03-24,174.048,174.969,173.681,174.532,821908
2016-03-28,174.542,175.63,174.542,175.136,693572
2016-03-29,174.582,176.828,174.582,176.759,613600
2016-03-30,177.264,178.728,177.144,178.59,1369809
2016-03-31,178.837,179.301,177.333,177.848,2093591
2016-04-01,176.69,180.439,175.829,180.015,1243645
2016-04-04,180.469,181.578,179.778,180.796,819936
2016-04-05,180.419,183.231,180.419,181.786,971415
2016-04-06,181.39,181.993,180.419,181.617,1911340
2016-04-07,181.103,181.529,179.451,180.222,950630
2016-04-08,181.212,181.529,179.816,180.242,888870
2016-04-11,180.332,181.301,179.291,179.311,886795
2016-04-12,179.778,180.678,179.301,179.915,785610
2016-04-13,180.351,180.895,178.857,180.756,746115
2016-04-14,181.013,181.37,179.618,179.855,563047
2016-04-15,179.431,181.459,178.609,181.419,1047633
2016-04-18,181.529,182.34,180.925,182.26,739480
2016-04-19,182.439,182.805,181.033,181.172,889758
2016-04-20,181.598,182.182,181.033,181.162,982745
2016-04-21,180.628,181.232,179.598,179.738,929916
2016-04-22,179.945,181.222,179.084,180.419,950095
2016-04-25,179.965,180.579,179.321,180.401,777205
2016-04-26,180.529,183.339,180.529,182.954,1547566
2016-04-27,186.021,187.812,180.222,186.021,1643296
2016-04-28,185.585,186.635,184.25,184.794,1107379
2016-04-29,184.724,185.467,183.785,185.368,1043780
2016-05-02,185.912,187.496,184.981,187.228,1157050
2016-05-03,186.417,188.534,185.794,188.356,1062439
2016-05-04,187.476,189.406,187.02,189.236,1426459
2016-05-05,189.346,190.533,189.119,190.474,1224806
2016-05-06,190.276,192.472,190.157,192.413,914114
2016-05-09,192.592,193.758,191.404,192.879,924103
2016-05-10,193.284,195.57,192.957,195.392,1006880
2016-05-11,195.402,196.293,192.443,192.612,973323
2016-05-12,192.819,196.658,192.819,195.886,1488347
2016-05-13,195.036,195.452,191.868,192.325,1317541
2016-05-16,192.325,194.422,191.424,193.888,746733
2016-05-17,194.075,194.739,190.701,191.988,1183160
2016-05-18,191.641,193.729,191.157,192.443,878791
2016-05-19,190.958,191.434,188.435,189.712,1034823
2016-05-20,190.78,191.444,189.771,191.167,811448
2016-05-23,191.196,191.474,190.336,190.651,670732
2016-05-24,191.107,193.758,191.107,192.917,686364
2016-05-25,193.908,194.205,192.572,192.612,682210
2016-05-26,192.295,193.037,191.721,192.295,572014
2016-05-27,192.126,192.889,191.751,192.69,648181
2016-05-31,192.69,193.67,189.83,191.117,1142281
2016-06-01,190.127,192.68,189.89,192.472,1022581
2016-06-02,192.582,192.977,191.364,192.572,754711
2016-06-03,192.265,194.896,190.741,194.205,962253
2016-06-06,194.244,195.135,193.888,194.442,626637
2016-06-07,194.521,195.54,194.521,194.679,775754
2016-06-08,194.689,196.707,194.235,196.45,660716
2016-06-09,195.996,197.421,195.54,197.301,511053
2016-06-10,196.342,197.232,195.689,196.173,505313
2016-06-13,195.52,196.303,193.928,194.075,543696
2016-06-14,192.809,195.916,192.809,195.738,555304
2016-06-15,196.48,196.737,195.48,196.016,601582
2016-06-16,195.5,195.946,193.413,195.579,800265
2016-06-17,195.827,195.827,191.533,193.413,965567
2016-06-20,195.045,195.629,194.006,194.185,723063
2016-06-21,195.115,195.243,193.838,193.918,471821
2016-06-22,194.58,194.956,193.848,193.948,603278
2016-06-23,195.49,195.49,192.987,193.768,614624
2016-06-24,188.614,194.026,187.98,191.998,3528483
2016-06-27,191.226,193.481,189.613,193.254,1650509
2016-06-28,194.165,195.125,192.145,195.075,1180811
2016-06-29,196.025,196.41,194.946,196.064,1241468
2016-06-30,196.658,201.369,196.143,200.596,1646403
2016-07-01,200.795,201.656,199.538,200.151,836783
2016-07-05,199.934,200.576,199.112,199.924,1066482
2016-07-06,200.012,200.408,198.785,200.082,943520
2016-07-07,199.835,200.369,198.37,199.014,836554
2016-07-08,199.894,200.518,198.815,200.309,1990172
2016-07-11,200.616,202.001,199.983,200.299,1449638
2016-07-12,200.715,200.932,198.766,198.984,1057664
2016-07-13,199.597,200.329,199.004,200.131,1663023
2016-07-14,201.369,201.457,199.311,199.597,1348252
2016-07-15,200.339,200.339,199.251,199.864,1933730
2016-07-18,200.478,200.488,199.181,199.301,1005526
2016-07-19,199.468,202.259,196.867,199.924,2359732
2016-07-20,200.576,201.476,199.894,200.835,1422966
2016-07-21,201.062,201.082,196.074,196.945,1160351
2016-07-22,196.44,198.499,195.827,198.182,902152
2016-07-25,198.023,198.023,196.312,197.736,1017275
2016-07-26,197.826,198.43,196.697,197.074,1135075
2016-07-27,200.398,200.616,195.135,196.56,1577516
2016-07-28,196.55,197.549,194.609,196.055,1350915
2016-07-29,196.055,196.687,195.47,195.49,852567
2016-08-01,194.828,196.48,194.749,195.54,1328627
2016-08-02,195.54,197.638,194.838,197.381,1177804
2016-08-03,197.608,198.113,196.56,197.371,899114
2016-08-04,197.865,198.509,196.767,197.064,607859
2016-08-05,197.351,198.053,196.906,197.608,668193
2016-08-08,197.509,197.509,194.56,195.016,810823
2016-08-09,195.283,195.669,194.877,195.579,543693
2016-08-10,195.738,196.361,194.976,196.006,709214
2016-08-11,196.41,197.054,195.372,196.727,909032
2016-08-12,196.727,197.173,195.827,196.945,619364
2016-08-15,196.857,199.034,196.58,198.37,762200
2016-08-16,197.608,198.043,195.312,195.926,690232
2016-08-17,196.173,197.431,195.46,197.271,1165753
2016-08-18,197.222,197.638,196.47,196.876,528872
2016-08-19,196.303,197.212,195.599,196.233,738090
2016-08-22,196.183,197.509,195.609,196.994,638846
2016-08-23,197.509,197.568,193.314,193.581,1147784
2016-08-24,192.967,193.67,191.483,193.126,1063021
2016-08-25,191.661,194.085,190.87,193.433,916468
2016-08-26,193.709,194.619,191.334,192.087,892724
2016-08-29,191.83,193.67,191.611,193.126,649976
2016-08-30,193.314,193.739,192.057,192.69,786040
2016-08-31,192.532,192.552,191.206,192.225,779106
2016-09-01,192.334,193.066,190.543,191.998,712208
2016-09-02,192.462,193.601,192.215,193.244,653203
2016-09-06,193.334,194.729,192.907,194.659,725354
2016-09-07,193.967,193.986,192.275,192.899,863921
2016-09-08,192.175,193.175,191.761,192.799,656957
2016-09-09,191.394,191.878,189.603,189.653,883710
2016-09-12,188.832,191.137,187.346,190.573,1034575
2016-09-13,189.444,190.563,188.594,188.832,914675
2016-09-14,188.702,189.741,188.594,189.256,985859
2016-09-15,189.089,192.325,188.633,191.581,742477
2016-09-16,191.285,192.067,190.86,191.226,1251670
2016-09-19,191.464,192.433,191.206,191.374,805430
2016-09-20,192.334,192.839,191.542,192.265,638250
2016-09-21,192.383,195.817,192.315,195.599,829362
2016-09-22,196.599,196.847,195.55,196.213,970362
2016-09-23,195.46,197.134,194.729,196.707,862420
2016-09-26,196.293,197.261,195.767,196.658,675832
2016-09-27,196.925,198.172,196.293,197.618,591357
2016-09-28,197.935,197.935,196.39,197.499,682724
2016-09-29,196.886,196.886,192.413,193.591,1086859
2016-09-30,194.145,194.986,190.86,193.918,1126791
2016-10-03,193.037,195.183,192.907,194.956,794602
2016-10-04,195.233,195.382,192.325,192.879,727862
2016-10-05,194.531,194.531,192.354,192.572,624518
2016-10-06,192.917,195.115,192.175,194.135,1016625
2016-10-07,193.621,195.639,192.472,195.223,1168411
2016-10-10,195.609,196.56,195.372,196.332,777126
2016-10-11,195.956,196.183,194.59,195.075,753075
2016-10-12,194.886,197.499,194.828,196.54,1029453
2016-10-13,195.579,198.39,194.936,197.885,1014949
2016-10-14,198.727,199.171,197.242,198.4,1018888
2016-10-17,198.33,199.745,198.33,198.597,749221
2016-10-18,199.696,199.775,198.271,198.884,542187
2016-10-19,198.776,198.934,197.074,197.698,804495
2016-10-20,197.786,198.36,196.123,197.014,693568
2016-10-21,195.669,196.074,194.502,195.609,804953
2016-10-24,196.837,197.539,196.074,196.183,665440
2016-10-25,196.56,199.428,196.223,198.974,1734845
2016-10-26,205.664,207.939,203.011,206.682,2712862
2016-10-27,206.622,206.642,203.021,204.267,1626497
2016-10-28,204.446,208.463,204.446,206.979,1844818
2016-10-31,207.632,208.226,206.672,207.533,1295805
2016-11-01,207.988,208.839,206.048,207.019,1301550
2016-11-02,206.742,209.077,206.178,207.236,1062366
2016-11-03,207.533,207.939,203.684,204.426,1887875
2016-11-04,204.525,205.851,203.853,204.159,1297618
2016-11-07,206.534,208.612,206.188,208.522,1206179
2016-11-08,208.612,209.463,207.612,208.345,1089302
2016-11-09,221.861,226.572,216.745,219.615,3134860
2016-11-10,225.761,226.472,219.941,222.208,2416948
2016-11-11,222.416,224.77,220.862,224.326,1480047
2016-11-14,225.247,229.362,224.9,227.571,1928030
2016-11-15,227.729,228.283,223.039,224.276,2029155
2016-11-16,224.553,225.197,221.545,222.406,1396483
2016-11-17,222.752,223.346,220.991,221.753,931137
2016-11-18,221.594,222.95,221.149,222.465,1072196
2016-11-21,223.099,223.9,222.109,223.207,1079300
2016-11-22,224.206,225.255,223.979,224.81,1127338
2016-11-23,225.464,225.761,223.227,224.414,977162
2016-11-25,224.643,225.741,224.365,225.264,578410
2016-11-28,223.742,227.334,222.396,225.631,981124
2016-11-29,225.474,230.016,225.247,228.214,1147202
2016-11-30,228.541,229.005,226.265,226.265,1409220
2016-12-01,226.364,227.581,225.404,226.562,932671
2016-12-02,227.047,228.224,226.028,228.194,663903
2016-12-05,229.135,229.262,224.78,225.097,1342319
2016-12-06,224.453,225.691,222.96,225.424,1449415
2016-12-07,224.987,225.374,223.346,224.78,1483103
2016-12-08,224.78,224.86,215.35,216.22,3130818
2016-12-09,215.696,218.25,215.369,216.874,1847993
2016-12-12,212.5,212.5,200.755,211.085,3212196
2016-12-13,211.017,213.074,209.641,210.65,1616521
2016-12-14,211.027,214.519,210.69,211.114,1516900
2016-12-15,211.956,213.559,210.877,211.007,1147082
2016-12-16,211.085,212.907,210.126,210.76,1762323
2016-12-19,211.679,212.916,209.779,212.412,1220583
2016-12-20,212.807,214.064,212.421,213.866,935442
2016-12-21,214.262,214.381,212.025,212.085,1009708
2016-12-22,212.481,213.292,211.481,212.58,980187
2016-12-23,210.56,213.194,210.333,211.926,936751
2016-12-27,212.807,213.174,211.314,212.174,527093
2016-12-28,212.174,212.54,210.65,210.977,542223
2016-12-29,211.214,212.679,211.114,211.601,592076
2016-12-30,211.818,212.243,210.77,211.551,814780
2017-01-03,212.936,213.965,212.075,213.638,1296228
2017-01-04,213.965,215.569,213.579,213.975,730113
2017-01-05,213.935,215.943,213.174,214.668,979770
2017-01-06,214.588,216.013,214.47,215.33,680703
2017-01-09,215.429,216.41,214.381,214.499,773595
2017-01-10,214.173,214.479,211.669,212.045,1496448
2017-01-11,212.659,213.589,209.334,210.64,1255864
2017-01-12,210.473,210.847,207.256,208.443,1274325
2017-01-13,208.315,210.086,207.82,209.364,1107974
2017-01-17,209.908,209.908,206.85,207.81,1076781
2017-01-18,207.791,210.176,207.375,209.423,949416
2017-01-19,210.353,212.649,209.295,211.362,1063428
2017-01-20,212.045,212.095,209.889,211.124,950457
2017-01-23,211.936,212.243,209.324,210.75,856675
2017-01-24,208.662,211.887,206.909,211.561,1137063
2017-01-25,212.125,212.174,209.215,209.967,1179678
2017-01-26,208.503,209.967,203.654,206.475,2747533
2017-01-27,206.534,213.381,206.534,209.047,2142083
2017-01-30,209.295,210.877,207.226,208.74,1396965
2017-01-31,207.276,208.948,205.574,208.375,1644498
2017-02-01,208.038,209.344,207.127,208.137,1262955
2017-02-02,207.741,209.334,207.306,209.057,1007320
2017-02-03,209.255,211.868,208.77,210.453,1427153
2017-02-06,210.65,212.322,210.501,211.778,1206750
2017-02-07,211.314,212.718,211.114,211.917,898167
2017-02-08,211.848,212.303,211.244,211.392,1068921
2017-02-09,211.551,214.104,210.997,213.589,1203175
2017-02-10,213.381,215.162,212.907,214.885,1044032
2017-02-13,215.626,218.151,215.122,217.478,1131802
2017-02-14,217.409,218.606,216.874,217.953,869601
2017-02-15,217.527,220.111,217.349,219.754,813251
2017-02-16,219.764,221.653,219.031,221.515,1045577
2017-02-17,221.386,221.94,220.021,221.555,855551
2017-02-21,220.348,222.683,219.853,222.049,911288
2017-02-22,221.346,221.515,220.131,221.01,1044496
2017-02-23,220.398,221.94,219.764,221.832,796902
2017-02-24,221.565,223.109,220.615,222.89,896059
2017-02-27,223.395,226.898,222.94,226.126,1145734
2017-02-28,225.107,225.858,223.326,224.75,1720688
2017-03-01,225.454,226.394,223.643,223.692,2087843
2017-03-02,223.662,224.029,221.466,221.921,1284316
2017-03-03,221.861,222.525,221.02,221.792,948694
2017-03-06,221.317,222.445,220.902,221.782,1022250
2017-03-07,221.396,222.673,220.991,222.544,1004669
2017-03-08,222.752,223.742,221.921,222.366,740030
2017-03-09,222.822,223.444,222.316,222.86,669657
2017-03-10,223.267,223.514,221.336,222.386,749810
2017-03-13,222.336,223.435,221.624,223.128,822160
2017-03-14,222.316,223.089,221.614,222.535,504652
2017-03-15,222.554,223.157,221.97,222.593,828363
2017-03-16,222.752,222.87,218.853,219.358,1184847
2017-03-17,220.131,223.405,219.734,222.97,1341672
2017-03-20,223.454,224.088,221.555,221.852,577230
2017-03-21,222.475,222.475,218.507,218.853,882179
2017-03-22,218.863,220.922,218.28,220.15,742078
2017-03-23,220.021,220.348,218.3,218.655,654126
2017-03-24,218.408,218.952,215.983,216.25,825007
2017-03-27,215.252,215.786,212.897,215.302,1061473
2017-03-28,214.658,217.25,213.935,216.537,802926
2017-03-29,216.043,216.29,214.618,215.914,671646
2017-03-30,215.706,218.388,215.034,218.24,934502
2017-03-31,217.933,218.111,216.983,217.131,1056911
2017-04-03,216.894,217.784,216.181,217.102,735500
2017-04-04,216.35,217.339,215.846,216.944,768871
2017-04-05,217.27,218.932,215.33,215.549,1049542
2017-04-06,215.449,216.844,214.688,216.053,771139
2017-04-07,218.853,219.21,216.726,217.993,791597
2017-04-10,217.874,219.517,217.26,218.497,780808
2017-04-11,218.388,220.159,217.488,220.071,744163
2017-04-12,219.971,219.971,218.22,218.517,613447
2017-04-13,218.22,220.742,218.22,219.279,809559
2017-04-17,219.387,222.089,219.338,221.94,822087
2017-04-18,221.515,223.464,221.307,222.01,979548
2017-04-19,222.346,223.138,221.436,222.515,761009
2017-04-20,222.613,224.553,222.307,223.534,725904
2017-04-21,223.781,225.898,223.563,224.85,879581
2017-04-24,227.274,228.006,226.018,227.432,1160931
2017-04-25,226.532,227.888,225.848,226.532,1685760
2017-04-26,228.046,228.234,221.911,226.472,1920756
2017-04-27,227.264,228.066,225.878,226.789,1107054
2017-04-28,227.205,227.621,224.226,224.563,938042
2017-05-01,224.83,225.047,223.039,223.059,853235
2017-05-02,223.167,224.296,222.297,223.969,966810
2017-05-03,223.593,224.453,222.703,224.137,672750
2017-05-04,224.078,224.613,222.416,224.365,978722
2017-05-05,224.82,227.334,224.127,227.215,787960
2017-05-08,227.037,227.591,226.452,227.432,678584
2017-05-09,227.392,227.918,227.007,227.759,802394
2017-05-10,228.194,229.184,225.394,226.512,854560
2017-05-11,225.581,226.462,224.77,225.988,688637
2017-05-12,225.641,226.562,225.017,225.918,573460
2017-05-15,225.591,226.868,225.434,226.651,725091
2017-05-16,226.512,227.641,225.484,225.848,601427
2017-05-17,224.434,227.066,224.167,224.84,1128527
2017-05-18,224.523,227.284,222.198,225.374,1132193
2017-05-19,226.443,228.58,226.038,228.125,785275
2017-05-22,230.886,231.895,227.679,227.719,1163927
2017-05-23,228.234,229.529,226.958,228.828,877809
2017-05-24,229.362,231.519,229.174,231.331,849022
2017-05-25,231.984,234.478,231.44,234.181,917751
2017-05-26,234.181,235.468,233.974,234.607,605618
2017-05-30,234.538,234.903,232.756,233.904,640315
2017-05-31,234.645,236.655,233.379,236.655,1683139
2017-06-01,236.19,236.883,234.775,236.1,916776
2017-06-02,236.249,237.575,235.745,236.932,750748
2017-06-05,236.912,236.952,234.251,234.261,555880
2017-06-06,233.577,235.112,231.944,232.044,738018
2017-06-07,232.825,233.776,231.964,233.409,773438
2017-06-08,233.508,235.666,232.964,234.725,775089
2017-06-09,234.488,235.646,233.696,235.249,680465
2017-06-12,235.122,235.122,232.46,234.597,789019
2017-06-13,234.428,236.773,233.508,236.09,623002
2017-06-14,236.447,240.524,236.437,237.971,865318
2017-06-15,236.516,237.852,234.626,237.03,784750
2017-06-16,237.674,238.04,236.714,236.982,802560
2017-06-19,238.356,240.188,237.457,239.455,660050
2017-06-20,239.187,240.662,238.386,238.436,535946
2017-06-21,238.476,239.574,237.357,238.545,628910
2017-06-22,238.169,238.466,235.389,235.428,692147
2017-06-23,235.299,236.952,235.299,235.923,740924
2017-06-26,236.269,238.208,234.31,234.568,917439
2017-06-27,234.141,235.853,233.854,233.993,596172
2017-06-28,235.209,236.744,234.715,236.071,441788
2017-06-29,236.279,236.279,231.697,233.587,702539
2017-06-30,234.418,236.219,234.211,235.269,634412
2017-07-03,236.042,237.724,235.219,236.16,297912
2017-07-05,236.249,239.277,236.229,238.535,483258
2017-07-06,238.337,239.534,236.11,237.297,589323
2017-07-07,238.07,241.722,237.654,240.098,684377
2017-07-10,239.741,241.533,238.783,239.901,554284
2017-07-11,240.118,241.028,238.416,240.712,571954
2017-07-12,241.602,242.958,241.028,241.919,582931
2017-07-13,242.266,243.117,241.295,241.82,519998
2017-07-14,241.909,243.334,241.672,242.71,629441
2017-07-17,242.72,244.036,241.276,242.691,665156
2017-07-18,242.898,244.463,241.612,242.166,514544
2017-07-19,242.315,243.146,242.009,242.8,424030
2017-07-20,242.8,243.384,241.415,242.651,564704
2017-07-21,241.612,243.127,240.237,243.127,628032
2017-07-24,243.334,244.086,242.928,243.107,579328
2017-07-25,244.196,244.521,241.632,241.989,772746
2017-07-26,242.156,243.185,237.714,241.82,890266
2017-07-27,242.166,242.206,237.357,238.97,1434919
2017-07-28,239.317,242.206,238.495,242.038,641827
2017-07-31,242.77,243.779,241.098,241.148,699398
2017-08-01,241.335,242.602,241.068,242.523,734864
2017-08-02,242.403,244.57,242.068,244.541,824608
2017-08-03,244.69,246.431,242.968,246.332,656995
2017-08-04,246.431,246.758,245.096,246.758,712541
2017-08-07,246.995,247.203,246.095,247.055,760935
2017-08-08,246.847,247.629,246.61,247.282,672394
2017-08-09,248.223,250.923,247.599,250.27,1068140
2017-08-10,251.112,251.696,247.649,247.946,944213
2017-08-11,248.45,249.983,246.629,246.798,765326
2017-08-14,247.659,249.192,246.758,248.727,750110
2017-08-15,248.588,248.806,247.45,248.49,497983
2017-08-16,248.698,248.698,246.61,247.421,1016139
2017-08-17,247.47,248.183,245.61,245.738,621893
2017-08-18,246.511,246.698,244.848,245.244,601424
2017-08-21,245.343,245.65,242.246,245.333,560042
2017-08-22,246.531,250.637,246.144,250.033,669066
2017-08-23,249.034,249.826,247.886,248.143,451667
2017-08-24,248.252,248.965,246.808,247.025,427889
2017-08-25,248.341,248.895,247.035,247.727,669818
2017-08-28,248.351,248.975,245.778,246.421,535019
2017-08-29,248.094,249.766,247.085,249.034,514450
2017-08-30,249.112,249.489,248.173,249.302,331076
2017-08-31,249.954,250.904,248.371,250.38,749583
2017-09-01,250.231,250.479,247.292,247.292,601033
2017-09-05,249.222,249.222,246.332,246.59,688285
2017-09-06,247.392,247.392,243.997,244.016,590960
2017-09-07,244.244,244.71,243.165,244.561,548282
2017-09-08,244.531,246.658,243.759,246.015,936455
2017-09-11,247.075,248.193,246.56,247.708,831987
2017-09-12,247.332,248.708,246.907,247.402,535602
2017-09-13,246.768,247.292,245.134,245.323,561976
2017-09-14,245.056,245.254,243.492,244.403,611891
2017-09-15,244.463,245.798,243.799,245.63,932664
2017-09-18,245.63,254.091,243.602,253.862,2016061
2017-09-19,254.031,257.454,252.962,256.029,1535669
2017-09-20,255.96,259.008,255.723,257.584,1154782
2017-09-21,257.445,258.493,256.366,257.949,591243
2017-09-22,258.978,260.265,257.751,258.988,696802
2017-09-25,258.939,259.047,256.525,258.81,778993
2017-09-26,259.038,262.096,258.91,261.917,1002056
2017-09-27,262.194,264.253,261.996,263.867,960347
2017-09-28,262.838,263.302,261.175,261.799,730176
2017-09-29,262.422,264.737,261.028,264.649,672438
2017-10-02,265.38,266.716,264.203,266.668,542623
2017-10-03,266.568,268.883,265.875,267.746,627424
2017-10-04,267.677,269.151,266.945,268.765,622108
2017-10-05,268.498,269.735,267.647,269.21,587748
2017-10-06,269.458,269.883,268.468,269.833,415061
2017-10-09,270.032,271.337,269.794,270.319,791703
2017-10-10,271.09,271.09,268.656,269.833,694533
2017-10-11,270.249,271.694,269.458,271.526,473995
2017-10-12,271.457,274.94,271.357,274.751,776036
2017-10-13,275.178,275.325,272.495,272.654,838255
2017-10-16,273.168,273.732,270.713,272.08,570560
2017-10-17,271.832,272.169,270.199,270.723,636011
2017-10-18,271.05,271.05,267.548,268.596,938950
2017-10-19,268.596,269.616,265.43,269.181,720038
2017-10-20,270.209,271.0,268.616,270.981,659324
2017-10-23,271.744,273.267,270.446,270.486,796739
2017-10-24,269.982,270.933,268.815,270.476,1050035
2017-10-25,276.553,282.015,275.712,280.332,1679693
2017-10-26,281.471,281.471,271.882,274.118,1150050
2017-10-27,274.128,275.048,272.99,273.811,699091
2017-10-30,273.07,274.395,271.535,272.634,510401
2017-10-31,273.168,273.574,271.724,271.862,502974
2017-11-01,271.991,272.743,270.436,270.596,631452
2017-11-02,270.339,277.324,270.339,277.206,773812
2017-11-03,277.047,279.046,275.168,277.473,562823
2017-11-06,276.74,279.165,276.226,277.67,398649
2017-11-07,277.77,280.254,277.77,279.006,555248
2017-11-08,278.996,279.857,278.274,278.996,602907
2017-11-09,278.611,279.234,274.217,275.158,575965
2017-11-10,274.584,275.642,273.722,274.257,425990
2017-11-13,273.871,275.018,270.833,274.564,713171
2017-11-14,273.337,276.473,272.426,276.404,566990
2017-11-15,276.671,278.116,275.622,275.899,865547
2017-11-16,276.325,277.107,275.513,276.483,478943
2017-11-17,275.552,276.058,272.881,273.05,497935
2017-11-20,273.138,277.107,272.96,276.82,764649
2017-11-21,277.918,280.511,276.958,279.917,768390
2017-11-22,278.957,279.273,276.246,277.799,504176
2017-11-24,278.561,279.53,277.967,278.472,296804
2017-11-27,278.631,279.857,277.859,279.283,556201
2017-11-28,280.768,284.439,280.391,283.252,989531
2017-11-29,283.459,283.618,281.52,282.094,853090
2017-11-30,282.391,284.933,280.361,282.776,3298370
2017-12-01,283.33,284.063,274.098,276.533,1188638
2017-12-04,278.462,279.7,277.314,277.354,1279745
2017-12-05,278.284,278.571,274.564,274.791,633726
2017-12-06,274.988,278.047,274.861,277.047,682272
2017-12-07,277.097,280.441,277.047,279.313,709817
2017-12-08,279.847,282.074,277.77,282.074,741534
2017-12-11,281.935,283.479,280.431,281.085,730292
2017-12-12,282.608,284.162,281.559,283.568,1059737
2017-12-13,283.301,287.081,283.301,284.656,808661
2017-12-14,285.587,286.171,282.698,283.262,980135
2017-12-15,284.726,287.141,283.805,286.517,1444948
2017-12-18,287.011,287.121,283.083,284.597,731662
2017-12-19,284.903,285.983,283.37,283.45,656561
2017-12-20,284.172,284.706,282.756,282.985,643000
2017-12-21,283.815,284.004,280.628,281.015,886429
2017-12-22,282.173,282.173,280.274,280.351,615067
2017-12-26,280.955,282.796,280.304,280.411,540435
2017-12-27,281.174,282.718,280.638,282.549,507371
2017-12-28,283.173,284.696,282.252,284.499,408216
2017-12-29,284.459,285.34,283.262,283.262,466711
2018-01-02,283.627,283.984,279.807,281.688,774764
2018-01-03,281.242,283.538,281.134,283.004,782400
2018-01-04,282.945,284.893,282.015,284.746,631080
2018-01-05,285.27,286.309,283.509,284.429,913245
2018-01-08,285.132,285.477,283.845,284.469,716025
2018-01-09,285.38,288.803,284.893,286.448,898161
2018-01-10,285.477,285.607,282.746,283.875,732570
2018-01-11,285.063,285.824,284.469,285.686,534386
2018-01-12,286.091,291.366,285.784,290.832,764803
2018-01-16,292.919,294.137,288.239,288.437,798521
2018-01-17,290.693,293.295,289.149,293.008,664379
2018-01-18,292.998,294.137,289.782,290.059,648739
2018-01-19,291.83,292.721,290.416,291.97,945808
2018-01-22,291.712,292.167,289.357,290.832,792467
2018-01-23,290.91,291.029,288.566,289.288,708056
2018-01-24,289.258,291.92,288.575,289.268,924750
2018-01-25,292.306,300.845,290.228,299.915,1500377
2018-01-26,300.934,309.682,298.678,309.672,1403620
2018-01-29,310.088,314.946,309.198,312.254,1489395
2018-01-30,309.405,314.966,307.792,313.264,1405630
2018-01-31,314.362,317.637,313.403,314.274,1428477
2018-02-01,314.274,322.249,313.997,316.421,1576839
2018-02-02,314.61,317.628,310.73,310.8,1273442
2018-02-05,308.019,313.323,291.87,297.49,1648635
2018-02-06,289.882,303.635,288.872,302.221,1859886
2018-02-07,301.568,315.738,300.865,311.602,2272024
2018-02-08,312.314,315.065,298.549,299.044,1635789
2018-02-09,307.02,311.917,307.02,307.02,1895144
2018-02-12,308.791,315.025,305.199,311.413,1392170
2018-02-13,309.266,317.806,309.266,316.876,973405
2018-02-14,319.448,323.386,315.975,322.654,1664626
2018-02-15,325.78,329.452,324.891,329.364,1427166
2018-02-16,328.472,331.164,327.365,328.552,1037950
2018-02-20,325.266,327.76,321.685,323.338,1259119
2018-02-21,325.139,328.839,323.396,323.753,1448981
2018-02-22,324.643,325.366,320.704,321.735,912768
2018-02-23,323.011,324.455,321.318,324.396,915600
2018-02-26,325.96,328.414,324.979,327.691,546807
2018-02-27,327.285,331.689,326.307,326.384,949169
2018-02-28,326.959,329.68,322.793,323.05,1104044
2018-03-01,324.03,324.722,311.196,313.333,1583225
2018-03-02,311.71,319.151,309.602,317.618,1239167
2018-03-05,315.668,319.775,312.541,319.23,1498186
2018-03-06,319.824,320.557,315.539,316.529,981022
2018-03-07,312.938,321.665,311.423,321.111,939442
2018-03-08,322.279,322.397,318.746,320.685,707023
2018-03-09,321.498,323.931,318.499,323.713,845119
2018-03-12,326.671,326.671,317.241,319.171,1013719
2018-03-13,320.607,322.793,317.43,318.806,1022968
2018-03-14,320.991,321.041,313.006,314.897,876497
2018-03-15,315.619,317.153,313.403,315.539,1145927
2018-03-16,315.411,317.757,313.135,313.501,1370511
2018-03-19,313.116,319.923,311.917,319.36,1084589
2018-03-20,319.686,323.812,319.093,321.813,684856
2018-03-21,322.13,324.614,320.26,321.478,655747
2018-03-22,319.24,320.398,313.036,313.7,832039
2018-03-23,315.451,330.522,314.59,320.131,1714237
2018-03-26,324.05,329.452,323.545,328.898,1085598
2018-03-27,329.601,331.907,321.526,323.396,1228960
2018-03-28,324.515,324.663,316.391,319.171,997317
2018-03-29,320.33,325.286,319.23,323.248,1163447
2018-04-02,323.367,324.455,313.6,319.903,1124980
2018-04-03,320.675,321.862,315.391,320.388,1105613
2018-04-04,314.985,327.335,312.957,327.226,1025128
2018-04-05,328.701,334.103,326.414,333.351,1224142
2018-04-06,330.265,332.976,323.575,325.653,1165890
2018-04-09,327.384,328.691,321.001,321.823,1038686
2018-04-10,326.207,326.741,318.389,321.031,1120809
2018-04-11,320.013,325.256,319.468,320.952,858329
2018-04-12,323.169,327.335,322.991,325.95,752466
2018-04-13,327.355,327.731,322.872,324.594,780496
2018-04-16,326.959,327.741,324.693,325.683,908779
2018-04-17,326.701,329.601,324.0,328.72,1345133
2018-04-18,330.669,332.817,327.85,331.183,676483
2018-04-19,331.263,333.203,329.769,331.471,731066
2018-04-20,332.847,332.847,328.364,329.512,705644
2018-04-23,330.235,332.253,326.899,329.7,957304
2018-04-24,331.56,332.718,308.009,316.192,2035946
2018-04-25,312.017,315.411,294.444,307.97,2316703
2018-04-26,310.176,314.688,303.458,309.198,1476627
2018-04-27,308.316,308.653,297.046,297.975,1592408
2018-04-30,299.143,302.289,297.51,298.154,1188154
2018-05-01,298.322,298.836,279.927,284.429,3549475
2018-05-02,284.429,292.227,282.599,284.369,2338377
2018-05-03,283.242,295.918,281.49,292.276,2148204
2018-05-04,290.209,291.85,288.446,290.573,1073189
2018-05-07,292.227,295.669,290.98,293.622,1267261
2018-05-08,295.669,305.743,294.691,304.853,2220059
2018-05-09,305.714,307.04,302.002,303.31,1263012
2018-05-10,305.17,306.0,301.647,302.192,1328536
2018-05-11,302.429,302.706,300.321,301.201,893055
2018-05-14,301.063,301.478,294.512,295.076,1288071
2018-05-15,293.82,299.37,292.909,296.254,1349517
2018-05-16,297.946,300.835,296.482,297.343,1061181
2018-05-17,297.323,301.588,296.897,300.46,1094674
2018-05-18,301.054,305.813,300.914,304.626,1280463
2018-05-21,306.179,308.247,304.536,306.783,793801
2018-05-22,305.674,305.674,299.243,300.44,1681938
2018-05-23,299.173,304.022,298.292,303.893,891393
2018-05-24,303.705,308.811,302.844,308.157,1499714
2018-05-25,308.316,309.168,305.694,307.327,1130966
2018-05-29,305.664,306.941,299.707,302.26,1147603
2018-05-30,303.775,307.386,301.568,306.991,791795
2018-05-31,305.664,307.188,302.379,303.003,2296721
2018-06-01,304.457,306.831,304.457,306.634,951538
2018-06-04,306.644,309.602,306.01,309.266,736833
2018-06-05,309.761,309.859,305.209,305.921,933953
2018-06-06,308.891,313.383,308.891,311.503,1462649
2018-06-07,312.868,316.075,312.581,314.154,805948
2018-06-08,315.015,315.214,312.374,314.688,913728
2018-06-11,314.56,315.778,310.226,310.702,929231
2018-06-12,312.165,312.165,304.052,306.06,1317332
2018-06-13,305.901,307.832,303.567,304.636,999589
2018-06-14,304.813,306.644,298.787,299.737,1221802
2018-06-15,299.737,301.014,296.264,298.796,1657478
2018-06-18,298.094,300.558,297.412,299.608,1004197
2018-06-19,296.273,298.015,290.87,291.633,1203076
2018-06-20,292.107,292.811,289.525,290.009,1076005
2018-06-21,288.951,291.683,285.527,291.287,1776482
2018-06-22,292.721,294.097,289.367,289.989,1027920
2018-06-25,287.507,292.661,287.15,291.534,1335240
2018-06-26,291.95,292.85,287.17,287.467,1212871
2018-06-27,288.011,291.079,284.796,284.903,1133612
2018-06-28,285.043,287.833,281.589,285.953,946823
2018-06-29,286.645,290.753,285.706,285.934,747979
2018-07-02,284.766,288.981,283.083,287.011,685191
2018-07-03,287.992,290.029,286.013,286.982,361565
2018-07-05,287.645,288.556,283.934,286.448,729403
2018-07-06,285.637,288.149,283.538,285.627,742744
2018-07-09,286.675,293.028,286.319,291.514,930060
2018-07-10,291.563,293.176,290.456,292.83,862065
2018-07-11,290.96,292.336,289.05,289.712,775724
2018-07-12,293.335,299.687,291.821,299.351,1309020
2018-07-13,297.313,299.5,293.909,298.995,1526705
2018-07-16,299.944,301.538,297.422,297.659,653819
2018-07-17,298.242,299.707,297.076,298.481,820822
2018-07-18,299.37,301.478,297.837,300.815,991326
2018-07-19,300.094,301.478,298.312,301.251,921441
2018-07-20,299.895,302.26,298.698,301.024,733118
2018-07-23,301.706,301.706,293.977,294.274,847538
2018-07-24,297.49,300.885,288.585,293.81,2073135
2018-07-25,288.071,290.743,272.545,274.603,4815520
2018-07-26,272.753,274.613,266.785,274.425,3450520
2018-07-27,275.048,281.193,275.048,280.314,2309024
2018-07-30,279.393,280.304,273.337,273.98,1369651
2018-07-31,275.712,281.184,273.871,279.224,1855200
2018-08-01,278.799,280.144,276.681,279.6,1588958
2018-08-02,276.661,278.917,275.722,277.552,994690
2018-08-03,277.314,277.532,274.148,276.236,757618
2018-08-06,275.522,276.039,271.704,274.534,1072864
2018-08-07,274.781,276.75,272.288,274.385,1164329
2018-08-08,274.494,274.891,272.525,274.098,727057
2018-08-09,274.791,274.811,269.359,270.803,1780794
2018-08-10,270.269,273.851,268.825,270.703,1062864
2018-08-13,270.626,272.664,269.765,271.357,964664
2018-08-14,272.258,275.325,271.367,273.07,1021791
2018-08-15,271.882,272.466,269.487,270.873,1136437
2018-08-16,271.585,272.931,270.646,271.327,1006158
2018-08-17,270.626,274.891,270.199,273.564,1213211
2018-08-20,274.148,277.463,273.475,276.483,1259299
2018-08-21,275.791,277.602,275.642,277.087,1778908
2018-08-22,276.077,278.027,275.712,276.226,1059800
2018-08-23,275.622,278.472,274.831,276.553,1516675
2018-08-24,276.533,279.749,276.533,278.086,1045552
2018-08-27,279.145,280.748,278.195,280.026,681863
2018-08-28,280.323,280.638,278.156,280.294,854861
2018-08-29,279.254,280.481,276.493,277.206,1321940
2018-08-30,277.136,279.432,276.364,278.7,1085156
2018-08-31,277.611,279.204,277.047,278.511,1115452
2018-09-04,277.73,278.72,276.394,277.7,1178551
2018-09-05,277.067,278.195,275.949,276.869,693036
2018-09-06,281.48,281.916,277.146,281.48,1255066
2018-09-07,281.065,281.193,278.443,280.401,793810
2018-09-10,280.738,283.647,278.591,283.578,1903366
2018-09-11,282.628,284.983,281.589,282.698,1342990
2018-09-12,281.807,284.033,281.262,283.222,964038
2018-09-13,283.192,287.418,279.927,283.103,1277562
2018-09-14,283.469,287.121,282.736,286.754,898188
2018-09-17,286.844,290.633,286.448,290.209,1195414
2018-09-18,290.563,296.789,290.563,296.372,1404190
2018-09-19,296.402,297.718,290.159,291.346,1954130
2018-09-20,290.91,291.9,276.8,281.232,2645124
2018-09-21,282.727,287.308,282.489,286.151,1814274
2018-09-24,286.121,286.527,283.727,285.617,874412
2018-09-25,286.141,293.662,285.617,293.335,1251224
2018-09-26,294.374,295.334,292.107,293.503,1603028
2018-09-27,293.226,295.611,291.563,295.542,1377455
2018-09-28,295.215,296.372,293.997,296.115,1088774
2018-10-01,296.779,298.025,294.928,297.165,891335
2018-10-02,297.718,298.242,296.59,297.412,811747
2018-10-03,298.579,300.163,296.244,296.372,940433
2018-10-04,296.502,297.066,294.493,296.818,844134
2018-10-05,297.243,299.807,295.373,298.916,1164279
2018-10-08,297.333,299.4,295.392,297.62,831666
2018-10-09,296.63,296.848,293.028,293.147,936318
2018-10-10,292.266,292.771,286.319,288.348,1555356
2018-10-11,286.507,287.862,276.394,277.68,1474362
2018-10-12,280.728,282.589,275.188,282.104,1469027
2018-10-15,282.806,287.278,282.46,285.151,961012
2018-10-16,285.924,291.425,284.646,291.187,1270082
2018-10-17,290.703,291.683,288.407,288.773,1176917
2018-10-18,287.338,289.475,283.855,287.565,1046297
2018-10-19,287.141,289.465,286.022,287.061,1498327
2018-10-22,287.872,287.872,284.893,286.21,819313
2018-10-23,282.469,288.971,279.501,283.746,1432772
2018-10-24,289.585,290.189,266.054,266.716,2589017
2018-10-25,267.063,267.765,250.519,251.914,2935013
2018-10-26,249.232,253.724,245.907,251.794,2113077
2018-10-29,255.069,255.545,236.16,239.139,2701631
2018-10-30,237.803,243.759,234.795,243.631,2629040
2018-10-31,246.075,248.965,244.136,244.413,1662181
2018-11-01,245.838,255.308,245.571,254.862,1938726
2018-11-02,256.159,259.236,254.011,255.456,1966885
2018-11-05,256.94,261.492,256.346,260.731,1389462
2018-11-06,259.76,264.243,259.76,263.807,2065125
2018-11-07,264.995,266.825,261.611,266.766,1636764
2018-11-08,267.439,269.21,260.799,265.024,1566854
2018-11-09,262.966,267.983,261.255,266.598,842972
2018-11-12,266.459,266.459,258.751,258.968,976169
2018-11-13,258.533,260.482,254.734,255.298,1573038
2018-11-14,257.415,258.593,252.269,252.586,1640110
2018-11-15,251.25,256.486,249.292,254.13,1028772
2018-11-16,252.883,256.801,251.844,254.388,1095833
2018-11-19,254.704,254.704,248.668,251.23,1877350
2018-11-20,245.154,250.033,241.533,248.955,1600430
2018-11-21,250.122,252.803,248.618,249.786,1423739
2018-11-23,248.261,250.676,247.569,248.737,443408
2018-11-26,250.122,252.655,246.105,248.094,1108298
2018-11-27,246.551,247.035,238.9,242.898,1821053
2018-11-28,243.7,246.312,242.176,245.511,1306229
2018-11-29,245.561,245.887,241.098,243.205,1780595
2018-11-30,244.264,244.561,238.882,243.611,4274131
2018-12-03,245.967,248.845,242.84,245.076,2295852
2018-12-04,243.918,244.848,233.053,234.191,3086107
2018-12-06,230.896,240.899,230.183,240.899,2873286
2018-12-07,240.851,244.67,239.367,241.415,1873216
2018-12-10,244.283,254.951,244.283,253.289,3211592
2018-12-11,257.811,261.552,247.639,251.21,2052957
2018-12-12,253.23,255.742,252.626,253.17,1565503
2018-12-13,252.785,253.615,248.895,251.063,1853374
2018-12-14,248.391,250.479,245.036,246.254,1179574
2018-12-17,244.808,246.58,239.781,241.128,1102136
2018-12-18,242.958,245.154,238.347,240.841,1073942
2018-12-19,240.712,245.421,235.19,237.476,1399976
2018-12-20,235.646,237.14,226.582,228.363,1625633
2018-12-21,223.346,227.086,219.21,220.495,3258651
2018-12-24,218.013,219.536,211.966,212.065,868922
2018-12-26,212.342,218.467,209.621,218.051,1745142
2018-12-27,216.587,224.623,213.698,224.573,1336675
2018-12-28,226.255,230.817,224.108,227.066,1357146
2018-12-31,228.066,231.46,226.591,229.539,1185965
2019-01-02,226.067,231.114,222.228,230.926,1747365
2019-01-03,229.422,229.689,223.366,224.87,1817770
2019-01-04,228.125,232.41,227.304,232.36,1203161
2019-01-07,232.083,235.606,229.649,234.181,1481302
2019-01-08,235.646,237.506,232.46,235.239,1154778
2019-01-09,235.19,237.327,233.844,236.348,776336
2019-01-10,235.339,241.702,234.655,241.513,1134824
2019-01-11,239.247,240.148,236.635,239.99,712842
2019-01-14,240.435,246.391,238.92,243.681,1048403
2019-01-15,243.977,245.501,239.387,242.72,1029889
2019-01-16,242.928,242.928,239.604,239.712,713361
2019-01-17,238.91,250.142,238.614,247.529,1534733
2019-01-18,249.618,253.556,248.965,250.973,1607732
2019-01-22,250.182,251.467,246.312,248.143,566943
2019-01-23,250.192,256.266,249.35,253.289,1096106
2019-01-24,253.704,254.674,250.172,252.913,915788
2019-01-25,256.169,257.068,254.041,255.742,1030925
2019-01-28,252.923,257.297,251.093,257.118,812826
2019-01-29,257.05,263.857,256.247,262.57,1659019
2019-01-30,262.956,265.42,258.83,263.214,1436938
2019-01-31,258.286,266.726,252.616,258.286,2156932
2019-02-01,259.562,261.492,255.456,255.862,1686981
2019-02-04,255.882,261.432,255.535,261.265,1403992
2019-02-05,262.471,263.58,257.435,261.008,897597
2019-02-06,260.948,263.996,260.769,262.848,947929
2019-02-07,261.996,263.54,258.493,261.066,930726
2019-02-08,260.047,263.125,259.216,263.045,775022
2019-02-11,263.302,265.37,262.887,263.837,1270503
2019-02-12,265.064,267.082,263.896,266.271,725466
2019-02-13,268.032,268.161,265.054,265.54,1337863
2019-02-14,263.956,264.371,261.63,263.025,899151
2019-02-15,265.647,269.092,264.856,269.002,991644
2019-02-19,268.072,269.705,266.756,269.349,694563
2019-02-20,269.814,270.369,268.369,270.16,1093756
2019-02-21,270.319,270.446,267.696,269.487,649577
2019-02-22,271.09,271.941,269.2,271.764,652043
2019-02-25,272.96,273.118,269.715,270.189,582531
2019-02-26,269.902,272.06,269.002,269.735,563346
2019-02-27,268.923,270.486,267.677,269.932,859430
2019-02-28,269.388,274.425,269.2,272.931,1102530
2019-03-01,273.911,274.257,268.844,270.14,839247
2019-03-04,270.646,273.267,265.52,266.478,748852
2019-03-05,267.122,268.221,265.717,266.251,709412
2019-03-06,266.688,268.211,263.916,263.996,581326
2019-03-07,263.56,263.56,257.01,260.205,1388618
2019-03-08,259.334,259.948,256.406,259.76,676459
2019-03-11,257.87,262.966,256.573,262.828,806152
2019-03-12,263.006,263.55,258.296,259.018,1079661
2019-03-13,258.87,264.153,258.296,262.768,952733
2019-03-14,262.096,263.749,258.216,258.623,854294
2019-03-15,258.196,259.334,254.228,255.268,2870181
2019-03-18,255.446,259.621,254.724,258.741,1279063
2019-03-19,259.85,262.293,254.674,255.089,1093704
2019-03-20,255.089,256.763,252.745,254.575,923315
2019-03-21,253.517,257.623,253.407,256.476,650569
2019-03-22,256.019,256.019,251.517,252.596,881901
2019-03-25,253.2,254.169,251.181,252.833,592086
2019-03-26,254.704,255.416,248.42,250.231,1137562
2019-03-27,250.192,252.735,247.816,248.42,860222
2019-03-28,249.579,251.884,248.331,251.33,1147645
2019-03-29,253.032,254.753,252.319,253.774,993285
2019-04-01,255.198,259.444,255.198,258.019,806570
2019-04-02,258.246,259.364,256.593,257.277,576505
2019-04-03,257.791,257.791,248.985,251.093,1404017
2019-04-04,251.824,257.059,251.073,255.089,1199579
2019-04-05,258.652,260.127,256.247,260.067,780231
2019-04-08,258.85,260.928,257.415,260.641,645456
2019-04-09,259.097,259.988,256.693,257.405,514441
2019-04-10,256.96,257.781,253.605,254.635,822803
2019-04-11,256.079,261.601,255.565,261.085,703200
2019-04-12,261.927,266.716,261.927,266.429,1177862
2019-04-15,263.758,266.984,263.739,263.758,503975
2019-04-16,264.025,265.687,263.223,265.084,646783
2019-04-17,266.815,267.132,262.323,262.413,707425
2019-04-18,262.877,265.994,261.789,264.649,579610
2019-04-22,263.729,266.648,262.403,266.271,525781
2019-04-23,270.803,277.592,270.546,275.415,1783633
2019-04-24,272.555,273.386,261.917,263.55,2591641
2019-04-25,262.996,264.589,257.613,262.798,1379453
2019-04-26,263.412,268.112,261.334,266.508,1012715
2019-04-29,266.935,270.793,265.904,269.2,1013950
2019-04-30,271.526,273.634,269.705,272.881,989061
2019-05-01,272.911,275.722,272.001,272.317,877327
2019-05-02,271.545,274.029,269.853,272.901,1092217
2019-05-03,273.96,275.068,273.267,274.9,1035597
2019-05-06,270.616,275.178,269.932,274.247,583217
2019-05-07,272.535,272.812,267.835,271.437,777405
2019-05-08,271.317,274.405,270.813,273.495,709430
2019-05-09,270.883,278.878,270.269,277.67,1195935
2019-05-10,277.314,283.33,276.681,283.153,1506423
2019-05-13,277.69,279.293,275.028,278.136,1048607
2019-05-14,278.453,282.351,277.196,278.294,1335329
2019-05-15,276.573,279.343,274.207,277.196,658618
2019-05-16,278.878,288.348,278.383,286.814,1111497
2019-05-17,285.073,290.583,283.845,288.684,1245153
2019-05-20,288.298,296.531,288.031,296.105,1516548
2019-05-21,296.649,298.876,291.425,297.659,1471755
2019-05-22,297.193,298.441,295.898,298.015,1011486
2019-05-23,295.275,295.749,290.019,292.811,1186609
2019-05-24,294.087,296.323,291.583,293.74,768832
2019-05-28,292.623,294.394,289.535,290.139,1508304
2019-05-29,288.763,289.645,285.854,288.031,618502
2019-05-30,288.951,292.929,288.951,291.613,1168072
2019-05-31,287.902,291.0,286.547,286.665,706311
2019-06-03,286.438,291.514,286.438,290.159,789655
2019-06-04,291.029,296.61,290.93,295.185,842797
2019-06-05,296.749,299.638,295.442,299.44,743671
2019-06-06,299.45,299.954,297.183,297.59,629452
2019-06-07,298.619,301.895,297.125,300.885,1068505
2019-06-10,305.337,306.04,293.246,294.284,1151767
2019-06-11,295.689,295.689,281.896,284.281,1696298
2019-06-12,284.726,288.585,283.538,288.159,816105
2019-06-13,289.475,291.396,284.004,290.802,1404392
2019-06-14,291.583,293.493,289.822,292.504,812785
2019-06-17,293.85,293.85,290.286,292.543,605600
2019-06-18,293.632,298.194,292.543,296.056,718319
2019-06-19,296.105,298.322,294.988,297.936,739117
2019-06-20,306.1,306.604,300.351,306.1,1264909
2019-06-21,307.118,307.158,303.19,304.536,1160073
2019-06-24,305.17,306.763,303.794,303.893,379971
2019-06-25,304.586,305.753,302.002,303.596,591540
2019-06-26,303.705,305.09,300.657,301.291,624715
2019-06-27,301.667,302.201,298.985,300.875,677937
2019-06-28,300.825,306.198,299.173,305.437,891584
2019-07-01,307.228,307.228,300.489,301.132,789626
2019-07-02,302.329,306.258,301.745,306.0,579169
2019-07-03,307.228,307.782,305.07,307.455,372339
2019-07-05,306.773,307.465,303.27,307.415,344460
2019-07-08,306.297,308.059,304.863,306.258,398968
2019-07-09,305.586,308.138,303.547,308.0,509566
2019-07-10,308.316,310.8,306.13,306.327,478265
2019-07-11,306.811,310.315,306.287,307.158,760422
2019-07-12,308.415,311.582,305.586,311.503,692585
2019-07-15,312.047,312.205,306.466,307.475,660783
2019-07-16,307.792,308.881,305.337,306.11,661587
2019-07-17,305.486,306.397,302.092,304.379,600577
2019-07-18,304.379,304.407,301.618,303.587,674842
2019-07-19,305.773,307.138,303.615,304.536,932358
2019-07-22,303.458,306.307,302.824,305.526,639551
2019-07-23,308.435,308.613,301.478,306.258,1679629
2019-07-24,306.15,325.92,304.022,324.198,2005013
2019-07-25,327.038,339.328,325.484,335.331,1997921
2019-07-26,334.252,335.093,330.392,333.243,948388
2019-07-29,333.263,336.528,331.689,336.002,739087
2019-07-30,334.874,335.885,330.165,333.618,638301
2019-07-31,331.817,334.617,325.623,326.661,1169092
2019-08-01,326.384,331.174,325.109,326.157,698715
2019-08-02,326.137,328.008,320.003,322.506,657702
2019-08-05,319.3,327.82,316.629,324.059,1024538
2019-08-06,330.876,336.002,329.136,334.874,1065431
2019-08-07,332.698,343.533,331.183,341.654,1572269
2019-08-08,344.592,352.043,343.543,348.787,1517863
2019-08-09,348.639,354.18,344.682,350.262,948775
2019-08-12,348.006,353.548,347.264,352.785,929939
2019-08-13,355.011,356.704,348.739,350.381,1060924
2019-08-14,345.572,347.423,340.654,341.654,922298
2019-08-15,343.157,346.017,339.932,345.256,746725
2019-08-16,347.7,349.084,344.829,347.778,890268
2019-08-19,351.459,352.162,349.491,349.837,580155
2019-08-20,349.876,352.469,348.135,348.827,547131
2019-08-21,351.786,352.766,346.453,348.956,692873
2019-08-22,349.293,353.052,346.531,351.677,677410
2019-08-23,349.283,352.717,340.09,341.712,712051
2019-08-26,344.207,346.76,341.712,346.601,471785
2019-08-27,347.432,347.432,341.812,344.265,434735
2019-08-28,343.484,348.243,341.406,343.988,606437
2019-08-29,347.868,348.649,344.325,347.798,662570
2019-08-30,350.312,351.034,347.135,347.748,612548
2019-09-03,344.692,347.106,342.682,346.196,704499
2019-09-04,348.481,351.786,346.789,351.716,662687
2019-09-05,354.497,354.497,346.888,348.273,738863
2019-09-06,350.629,352.509,348.105,348.907,565409
2019-09-09,348.729,349.164,336.765,337.586,1341378
2019-09-10,334.499,336.953,323.733,336.864,1617874
2019-09-11,336.943,341.218,335.765,340.447,1212131
2019-09-12,343.177,346.997,339.397,346.482,818433
2019-09-13,347.878,348.659,344.572,345.028,742511
2019-09-16,349.608,353.686,346.284,352.38,1042138
2019-09-17,352.39,357.663,348.966,355.259,1214718
2019-09-18,357.089,359.266,352.003,358.04,1272987
2019-09-19,357.555,360.94,355.318,356.308,1085083
2019-09-20,357.249,358.297,349.224,349.293,3690612
2019-09-23,349.283,353.191,347.037,350.182,1038087
2019-09-24,352.42,355.308,347.748,350.549,1196745
2019-09-25,351.993,356.111,350.182,355.784,1426253
2019-09-26,356.912,364.185,354.517,362.542,1329157
2019-09-27,361.611,363.264,349.886,352.143,1180170
2019-09-30,353.291,359.168,353.291,355.575,924556
2019-10-01,356.685,357.753,348.807,348.927,1103635
2019-10-02,347.571,349.658,340.811,343.89,1529539
2019-10-03,343.741,346.264,340.821,345.64,884767
2019-10-04,346.551,351.163,344.929,350.045,1008471
2019-10-07,349.134,352.063,348.125,349.035,628669
2019-10-08,347.224,353.082,344.969,349.55,776086
2019-10-09,351.608,352.29,347.244,348.777,1338114
2019-10-10,348.689,351.993,347.738,349.837,1060514
2019-10-11,353.359,353.359,340.327,343.642,1662856
2019-10-14,344.068,350.352,344.068,347.64,695109
2019-10-15,347.531,349.589,342.604,343.385,785174
2019-10-16,343.385,346.423,342.782,345.977,585024
2019-10-17,345.82,347.234,337.646,337.992,1140172
2019-10-18,339.011,339.169,329.888,331.669,2341814
2019-10-21,334.509,335.983,331.857,332.411,1246788
2019-10-22,329.661,336.933,329.185,334.291,1269811
2019-10-23,333.935,335.628,330.482,335.093,1239748
2019-10-24,330.145,341.742,322.753,338.606,1430025
2019-10-25,339.249,339.833,327.186,327.295,1701027
2019-10-28,328.008,330.581,326.612,328.76,1477439
2019-10-29,328.691,332.184,328.117,329.354,789810
2019-10-30,330.195,336.528,329.433,335.925,895407
2019-10-31,335.261,337.566,332.372,334.39,884812
2019-11-01,335.231,337.695,333.134,334.054,1237454
2019-11-04,335.508,335.508,321.091,323.199,2157640
2019-11-05,322.566,325.573,318.696,320.527,2597315
2019-11-06,321.783,326.701,320.754,326.384,1284271
2019-11-07,326.374,327.592,323.653,325.82,1261997
2019-11-08,325.336,332.708,325.336,332.134,879016
2019-11-11,330.739,333.688,329.591,332.035,589293
2019-11-12,331.49,334.578,331.471,333.658,551929
2019-11-13,334.37,337.507,332.54,335.578,554970
2019-11-14,335.054,339.279,335.054,337.448,661949
2019-11-15,340.06,341.376,337.933,338.378,964638
2019-11-18,337.636,339.803,337.23,338.417,984520
2019-11-19,339.368,340.16,334.509,335.418,842027
2019-11-20,335.408,338.665,334.34,334.894,827798
2019-11-21,334.667,335.865,330.245,330.362,877902
2019-11-22,331.273,332.075,328.987,331.253,664590
2019-11-25,332.352,332.985,330.976,331.787,1090933
2019-11-26,332.302,338.339,331.263,335.695,1395837
2019-11-27,334.242,336.923,332.659,334.777,653195
2019-11-29,334.232,335.132,332.243,334.984,326759
2019-12-02,334.984,336.142,325.296,325.416,946553
2019-12-03,323.951,327.681,322.566,326.771,1512349
2019-12-04,328.305,331.273,326.771,326.831,744402
2019-12-05,328.225,328.651,325.583,327.968,844219
2019-12-06,329.185,331.52,327.879,328.314,994817
2019-12-09,328.314,329.106,322.466,326.671,1208080
2019-12-10,326.681,330.452,326.681,328.037,1093385
2019-12-11,329.215,332.203,328.166,332.055,603276
2019-12-12,332.114,333.153,327.582,329.383,774615
2019-12-13,328.117,330.926,326.434,328.205,909528
2019-12-16,327.889,329.185,326.474,328.245,1021719
2019-12-17,328.472,330.709,327.127,329.324,791463
2019-12-18,329.057,330.007,322.249,322.536,1202908
2019-12-19,322.615,327.088,321.872,325.88,1533812
2019-12-20,327.523,329.68,324.169,329.393,1611551
2019-12-23,331.887,334.133,329.948,331.49,684949
2019-12-24,332.154,332.411,329.304,330.522,240896
2019-12-26,331.046,332.312,329.492,331.363,454420
2019-12-27,331.847,332.332,328.938,329.888,374738
2019-12-30,331.106,334.004,330.332,332.401,604369
2019-12-31,331.63,332.312,326.384,327.553,953445
2020-01-02,327.998,338.724,327.206,338.724,918816
2020-01-03,350.569,357.881,348.887,357.109,2731053
2020-01-06,361.81,364.007,354.794,357.891,2237377
2020-01-07,355.794,358.732,353.389,357.069,919346
2020-01-08,358.228,361.177,349.589,352.607,1378191
2020-01-09,352.864,355.685,351.549,354.597,778902
2020-01-10,354.597,357.099,352.113,356.516,1237295
2020-01-13,357.803,359.733,356.922,358.842,701555
2020-01-14,357.862,358.218,355.269,356.792,777718
2020-01-15,356.802,363.571,356.802,362.107,683272
2020-01-16,363.403,366.243,361.464,365.472,881121
2020-01-17,366.313,366.313,360.237,361.83,1299778
2020-01-21,361.275,362.987,356.101,360.088,1492087
2020-01-22,360.414,362.175,357.308,357.406,907578
2020-01-23,357.862,363.433,356.882,363.294,1154557
2020-01-24,364.739,365.857,362.048,363.433,775003
2020-01-27,360.296,362.799,357.842,360.978,698657
2020-01-28,362.335,365.659,356.348,363.631,708272
2020-01-29,366.144,366.144,360.098,364.372,671895
2020-01-30,355.288,366.62,351.559,366.48,1467572
2020-01-31,365.026,365.996,354.32,356.695,1141034
2020-02-03,349.798,352.34,345.453,346.383,1382237
2020-02-04,349.124,350.332,342.821,344.532,1107274
2020-02-05,345.286,351.282,341.673,350.232,856122
2020-02-06,349.214,349.214,345.206,346.383,903145
2020-02-07,346.027,348.699,343.87,344.167,829937
2020-02-10,343.811,346.66,340.554,345.937,752693
2020-02-11,347.165,354.22,346.443,350.459,732618
2020-02-12,350.055,351.608,346.611,350.163,982336
2020-02-13,349.194,352.776,347.63,350.421,891101
2020-02-14,351.331,353.883,349.501,353.241,666924
2020-02-18,350.133,354.854,348.283,354.647,851535
2020-02-19,355.408,356.516,348.491,348.679,908008
2020-02-20,347.828,350.065,343.326,345.899,1045187
2020-02-21,344.692,349.738,342.188,348.857,921075
2020-02-24,342.148,349.668,341.881,343.494,1043689
2020-02-25,345.096,345.453,323.792,324.91,1526637
2020-02-26,327.335,331.768,319.527,319.537,977701
2020-02-27,314.917,322.833,310.622,316.896,2149624
2020-02-28,305.853,315.224,300.074,314.283,3056453
2020-03-02,315.827,322.012,307.613,321.121,1618707
2020-03-03,321.121,332.5,314.441,314.808,1263896
2020-03-04,320.704,332.589,315.886,331.61,1248993
2020-03-05,324.455,326.89,311.443,313.273,1270281
2020-03-06,305.19,317.223,301.855,314.401,1424332
2020-03-09,293.345,306.534,267.607,299.4,1418257
2020-03-10,310.375,320.3,307.396,320.062,1911337
2020-03-11,311.047,315.728,298.055,303.794,1553116
2020-03-12,283.835,295.285,276.473,277.631,2642928
2020-03-13,290.228,301.667,276.77,300.578,2414315
2020-03-16,262.442,287.141,262.442,270.072,1590594
2020-03-17,275.592,305.743,274.851,305.199,2211277
2020-03-18,287.685,311.433,285.39,308.702,1861830
2020-03-19,306.931,308.692,276.701,283.756,1790905
2020-03-20,287.615,287.833,262.61,271.447,1850462
2020-03-23,268.418,270.713,251.666,257.919,1566781
2020-03-24,267.835,271.437,260.571,268.834,1731972
2020-03-25,269.319,288.615,266.668,275.592,1690507
2020-03-26,277.76,307.673,277.76,306.971,1491521
2020-03-27,298.074,304.656,288.239,298.332,1574490
2020-03-30,303.378,308.623,295.185,299.827,1320105
2020-03-31,295.482,297.233,287.091,289.168,2073384
2020-04-01,280.858,296.273,277.75,293.394,1283312
2020-04-02,288.536,300.805,288.328,300.371,1111111
2020-04-03,299.994,301.578,296.58,299.717,873570
2020-04-06,305.853,320.428,305.367,317.618,1096247
2020-04-07,327.543,328.117,310.582,311.106,1149560
2020-04-08,315.678,321.735,312.611,315.084,961579
2020-04-09,319.794,324.119,316.015,321.755,1167505
2020-04-13,321.813,326.434,319.36,323.862,668984
2020-04-14,329.452,336.419,326.87,333.351,668650
2020-04-15,330.719,330.809,321.615,329.047,745297
2020-04-16,328.394,332.936,327.157,330.926,920458
2020-04-17,337.953,341.317,331.63,340.534,1294294
2020-04-20,338.002,338.695,328.314,328.701,727878
2020-04-21,325.86,331.253,317.578,318.914,851060
2020-04-22,324.159,328.344,320.141,326.88,707595
2020-04-23,326.841,328.779,320.734,320.962,1155635
2020-04-24,323.031,325.753,317.321,324.287,586397
2020-04-27,326.831,331.441,325.426,329.541,799947
2020-04-28,333.806,335.865,327.473,329.274,728386
2020-04-29,317.825,331.777,306.911,317.153,2139145
2020-04-30,313.056,317.232,308.682,316.035,1190047
2020-05-01,312.492,315.628,309.919,313.531,889076
2020-05-04,311.908,312.531,305.614,308.297,603121
2020-05-05,309.168,317.261,308.009,314.184,623433
2020-05-06,316.005,316.836,308.257,308.731,597011
2020-05-07,312.502,312.531,308.444,309.791,620580
2020-05-08,309.899,314.461,308.435,313.145,695669
2020-05-11,311.65,314.985,310.395,312.977,965073
2020-05-12,314.322,317.806,310.989,311.096,1149147
2020-05-13,310.088,311.393,303.765,306.267,722556
2020-05-14,304.16,304.189,293.72,298.114,1173963
2020-05-15,297.52,309.751,296.531,307.396,1750038
2020-05-18,315.559,319.063,308.306,316.519,977693
2020-05-19,316.182,320.349,312.215,312.561,590096
2020-05-20,317.271,317.271,305.566,306.208,941101
2020-05-21,306.397,314.956,305.604,313.58,767395
2020-05-22,314.392,314.392,309.118,311.483,757462
2020-05-26,318.459,318.597,309.148,309.84,1274228
2020-05-27,313.481,328.305,311.75,327.79,977928
2020-05-28,331.076,333.341,327.157,327.553,762019
2020-05-29,326.187,327.038,320.952,321.725,1165722
2020-06-01,322.14,328.374,316.974,317.38,1285255
2020-06-02,319.013,320.398,311.977,313.907,1512550
2020-06-03,316.519,323.149,314.411,322.456,1697110
2020-06-04,323.011,327.226,320.704,322.249,718822
2020-06-05,329.452,332.649,326.04,328.354,1312573
2020-06-08,327.84,335.231,327.741,334.767,689232
2020-06-09,332.946,332.946,327.275,328.769,1082846
2020-06-10,327.523,330.245,324.852,327.533,631640
2020-06-11,316.727,323.189,307.93,308.099,1006356
2020-06-12,315.491,315.491,300.489,304.903,852392
2020-06-15,298.252,303.329,296.145,301.024,1244373
2020-06-16,311.433,316.222,304.982,311.67,1117195
2020-06-17,310.79,314.095,307.683,309.325,638889
2020-06-18,306.793,308.564,303.408,305.05,772772
2020-06-19,309.058,309.592,299.817,300.084,1286969
2020-06-22,299.38,302.913,297.135,302.874,873234
2020-06-23,304.111,304.239,294.463,294.761,1020897
2020-06-24,292.364,293.028,287.23,289.772,1267993
2020-06-25,288.288,290.376,282.173,289.615,1339441
2020-06-26,288.595,293.77,286.913,289.722,1340405
2020-06-29,292.563,296.61,291.138,296.61,764876
2020-06-30,296.264,296.799,292.167,295.076,805236
2020-07-01,296.462,298.639,294.186,295.749,768773
2020-07-02,298.629,300.647,296.215,297.5,656080
2020-07-06,300.46,300.905,296.353,299.837,770206
2020-07-07,297.659,299.924,291.445,292.227,772111
2020-07-08,291.771,294.226,286.754,289.001,946429
2020-07-09,287.585,288.229,274.019,274.445,1801989
2020-07-10,275.622,282.391,275.255,280.264,1567891
2020-07-13,282.589,284.646,278.631,280.61,1087334
2020-07-14,279.55,283.954,275.959,283.657,1229765
2020-07-15,288.051,291.712,286.013,288.674,1246392
2020-07-16,287.437,293.681,284.578,291.445,1211639
2020-07-17,293.553,295.324,291.366,294.512,1609491
2020-07-20,294.424,294.434,289.149,289.367,960616
2020-07-21,294.017,296.699,290.238,295.789,1049876
2020-07-22,294.264,303.685,293.7,303.31,981608
2020-07-23,303.31,305.921,299.173,300.47,723330
2020-07-24,302.112,305.981,297.787,300.113,715714
2020-07-27,298.509,299.193,293.582,295.631,599954
2020-07-28,295.532,305.16,295.532,300.281,739465
2020-07-29,303.438,303.962,298.035,302.577,1353921
2020-07-30,301.399,316.212,300.42,312.908,1556388
2020-07-31,312.908,313.452,305.417,311.937,1210181
2020-08-03,311.533,313.076,308.891,310.582,628352
2020-08-04,311.553,312.215,307.97,311.937,560916
2020-08-05,312.828,317.628,311.937,316.459,590141
2020-08-06,314.808,316.401,312.374,313.224,750471
2020-08-07,313.69,318.647,312.394,316.035,1531867
2020-08-10,317.083,322.753,317.083,322.239,1058529
2020-08-11,325.553,331.52,324.852,328.107,1591014
2020-08-12,329.383,330.155,323.99,325.753,663480
2020-08-13,323.248,327.117,321.972,324.999,513694
2020-08-14,323.723,330.007,323.318,328.314,413126
2020-08-17,328.027,330.165,324.901,326.107,654540
2020-08-18,326.067,326.257,323.713,324.03,519914
2020-08-19,323.456,326.642,322.684,324.327,508484
2020-08-20,324.01,324.832,322.526,323.129,352809
2020-08-21,323.743,325.494,322.912,324.277,459248
2020-08-24,325.079,330.669,324.812,330.581,434207
2020-08-25,331.135,331.203,327.711,329.205,473654
2020-08-26,327.76,329.096,324.436,327.671,632681
2020-08-27,329.641,335.201,328.314,334.964,697301
2020-08-28,335.201,335.935,329.868,332.263,532787
2020-08-31,330.789,331.986,329.205,330.205,578919
2020-09-01,327.84,330.462,324.901,328.057,559021
2020-09-02,326.554,337.576,325.78,335.745,685655
2020-09-03,337.953,339.368,327.602,329.828,821713
2020-09-04,331.54,334.489,325.129,326.761,606330
2020-09-08,327.582,327.582,322.11,322.456,686611
2020-09-09,330.274,330.352,324.475,327.127,631623
2020-09-10,327.473,328.701,317.49,318.073,579323
2020-09-11,321.001,327.85,319.686,326.612,507723
2020-09-14,328.424,329.294,325.436,326.207,573619
2020-09-15,325.326,327.632,322.615,325.78,543156
2020-09-16,325.039,334.321,323.585,331.046,778404
2020-09-17,328.789,332.976,325.84,331.402,374845
2020-09-18,328.819,333.371,328.819,329.136,715821
2020-09-21,325.693,326.316,312.671,314.085,741962
2020-09-22,315.481,321.398,315.084,320.744,676457
2020-09-23,322.348,325.129,314.708,316.182,820573
2020-09-24,315.628,316.796,309.533,312.967,596953
2020-09-25,312.394,317.637,311.256,316.133,670529
2020-09-28,318.577,321.498,316.816,317.588,588321
2020-09-29,316.876,318.459,312.69,313.501,506746
2020-09-30,314.392,314.907,300.954,304.082,1228256
2020-10-01,305.873,309.425,298.154,300.518,1751247
2020-10-02,297.907,303.735,295.996,302.577,1432761
2020-10-05,304.407,305.753,300.024,300.885,915058
2020-10-06,308.741,308.741,297.708,297.787,1192403
2020-10-07,299.173,304.14,299.173,302.518,1057780
2020-10-08,302.844,308.247,302.844,308.119,619284
2020-10-09,308.415,310.8,302.27,303.873,1256070
2020-10-12,303.141,307.268,301.885,305.13,865897
2020-10-13,303.705,306.901,300.568,301.301,660309
2020-10-14,300.153,306.11,300.133,303.497,1161913
2020-10-15,302.172,304.803,300.944,303.428,886078
2020-10-16,304.526,308.157,304.14,304.783,1446028
2020-10-19,304.596,307.346,299.57,300.054,804412
2020-10-20,302.379,302.409,297.125,297.857,815837
2020-10-21,296.897,298.629,294.838,297.213,861119
2020-10-22,298.055,303.3,292.019,292.019,1440074
2020-10-23,294.117,298.352,292.998,297.273,1155118
2020-10-26,294.344,301.054,290.782,298.629,1362088
2020-10-27,297.49,297.827,291.138,291.187,1122372
2020-10-28,288.743,293.246,282.925,283.043,1267299
2020-10-29,281.935,286.913,280.718,281.797,1308190
2020-10-30,280.341,283.291,274.811,279.313,1273282
2020-11-02,283.815,288.149,282.143,285.884,884092
2020-11-03,288.476,295.996,288.476,293.78,897370
2020-11-04,298.787,312.521,297.817,304.199,1747387
2020-11-05,305.04,305.803,294.988,296.273,1463383
2020-11-06,294.681,294.868,285.884,290.446,982281
2020-11-09,303.606,306.11,289.218,290.376,1797142
2020-11-10,291.761,305.427,290.563,303.131,984463
2020-11-11,303.567,303.577,294.948,298.748,612861
2020-11-12,296.858,297.6,291.396,295.145,765078
2020-11-13,296.936,301.785,295.986,300.42,511954
2020-11-16,303.972,304.15,300.143,301.419,575963
2020-11-17,299.113,304.309,298.441,301.331,772461
2020-11-18,303.358,304.962,299.083,299.36,1231721
2020-11-19,299.944,300.578,295.799,298.272,734975
2020-11-20,297.699,298.995,294.157,295.334,806057
2020-11-23,298.025,299.934,294.444,295.392,704527
2020-11-24,298.302,302.251,297.333,298.768,953072
2020-11-25,298.846,302.765,296.709,300.964,724914
2020-11-27,301.508,301.745,295.611,296.333,490627
2020-11-30,295.611,296.689,289.654,292.681,1192362
2020-12-01,294.541,300.044,291.02,291.554,912138
2020-12-02,291.554,292.127,288.298,289.288,794895
2020-12-03,289.684,295.086,289.248,293.81,1024569
2020-12-04,294.394,297.927,293.503,297.48,820306
2020-12-07,297.076,297.213,288.833,291.454,936321
2020-12-08,291.227,298.866,290.88,292.394,789124
2020-12-09,292.563,295.047,290.554,294.107,754363
2020-12-10,292.524,295.996,288.437,288.971,1204381
2020-12-11,288.634,291.663,285.706,291.039,888458
2020-12-14,292.414,293.77,288.556,288.556,723250
2020-12-15,288.882,291.128,288.308,289.05,932301
2020-12-16,290.9,294.444,289.822,292.444,1027881
2020-12-17,292.691,297.263,290.179,291.148,1338179
2020-12-18,291.069,295.295,289.722,293.513,2750606
2020-12-21,289.545,290.406,283.479,288.169,1475771
2020-12-22,288.011,288.367,285.38,286.923,996366
2020-12-23,288.833,293.246,288.13,291.128,812784
2020-12-24,291.059,291.534,287.517,290.109,343589
2020-12-28,290.99,295.047,289.822,293.404,623736
2020-12-29,295.145,295.354,289.664,291.445,541898
2020-12-30,291.9,295.858,291.761,293.018,545452
2020-12-31,293.018,295.285,290.98,295.057,537545
2021-01-04,294.434,294.601,282.995,285.419,1309094
2021-01-05,285.884,289.031,284.676,287.19,970625
2021-01-06,284.656,292.514,283.915,289.654,983708
2021-01-07,287.408,289.465,283.271,283.311,1374568
2021-01-08,283.33,284.281,277.502,279.195,2158931
2021-01-11,278.65,285.597,278.047,285.4,1261211
2021-01-12,285.517,289.09,284.192,288.11,1109078
2021-01-13,288.556,290.495,285.3,289.97,1591869
2021-01-14,292.464,299.064,292.404,293.404,1420589
2021-01-15,293.108,293.899,289.465,291.217,1841282
2021-01-19,293.879,294.364,288.417,288.575,1405126
2021-01-20,290.486,291.524,287.635,289.298,1018099
2021-01-21,288.041,290.316,287.002,287.457,1007603
2021-01-22,286.616,291.069,285.22,288.714,1021600
2021-01-25,290.189,295.522,288.446,289.862,1518010
2021-01-26,290.296,290.88,283.242,283.815,1017416
2021-01-27,283.598,286.685,281.916,282.985,1434769
2021-01-28,282.866,286.814,282.054,283.737,1444351
2021-01-29,280.401,280.411,273.92,277.512,1713588
2021-02-01,279.283,284.806,278.492,283.053,1364753
2021-02-02,285.467,292.543,284.696,290.486,2298945
2021-02-03,289.06,292.384,288.328,291.207,1002340
2021-02-04,291.93,294.097,290.228,292.286,1341359
2021-02-05,293.74,294.998,289.1,289.308,1189228
2021-02-08,291.454,292.039,288.644,290.613,1640774
2021-02-09,289.525,296.936,288.615,294.157,1338949
2021-02-10,294.998,294.998,292.801,294.007,875098
2021-02-11,292.988,294.561,289.654,290.139,1051467
2021-02-12,289.06,291.95,286.725,287.942,675662
2021-02-16,287.457,288.684,281.392,281.659,1045432
2021-02-17,281.529,287.814,278.957,287.764,1081291
2021-02-18,286.428,289.288,285.706,288.417,742958
2021-02-19,288.981,289.367,286.893,287.823,1242270
2021-02-22,285.744,289.98,284.696,288.496,1303159
2021-02-23,290.95,294.898,286.28,289.218,1294523
2021-02-24,290.346,294.818,287.497,292.167,1179524
2021-02-25,291.454,296.769,290.306,292.326,1439692
2021-02-26,291.623,291.97,283.717,283.776,1188346
2021-03-01,284.636,289.377,284.636,285.537,1108650
2021-03-02,285.577,292.384,285.34,290.703,1852432
2021-03-03,290.426,296.739,289.932,291.02,871966
2021-03-04,291.376,295.661,287.348,289.465,1470291
2021-03-05,290.683,294.304,287.18,292.771,1035403
2021-03-08,295.185,301.785,293.404,297.353,1332011
2021-03-09,295.611,296.283,289.258,290.248,1340327
2021-03-10,291.217,293.959,287.882,291.89,1012699
2021-03-11,291.296,292.939,289.238,291.316,898269
2021-03-12,294.294,295.096,292.791,293.632,957915
2021-03-15,295.789,298.431,295.037,297.47,859037
2021-03-16,297.47,299.123,293.157,297.57,838016
2021-03-17,298.559,306.724,298.559,302.172,1134698
2021-03-18,301.795,307.05,301.795,306.437,1050729
2021-03-19,307.04,307.9,300.261,300.301,2062546
2021-03-22,299.707,307.158,299.015,305.724,1220116
2021-03-23,304.656,308.821,304.656,305.654,1195207
2021-03-24,306.624,312.69,306.624,307.485,1107854
2021-03-25,308.584,313.303,307.742,312.512,1055895
2021-03-26,312.611,314.451,307.128,310.405,1081448
2021-03-29,311.067,317.331,311.067,314.411,932968
2021-03-30,314.322,315.925,312.868,313.957,917824
2021-03-31,312.928,315.559,311.602,314.897,1039864
2021-04-01,314.303,316.292,312.631,313.531,879065
2021-04-05,314.164,322.051,314.164,321.715,1198541
2021-04-06,319.112,323.328,318.261,322.209,818571
2021-04-07,323.733,325.227,320.952,324.94,959365
2021-04-08,323.98,328.235,323.98,327.038,996266
2021-04-09,327.622,331.451,327.275,330.769,1033747
2021-04-12,330.819,333.638,328.592,331.48,752789
2021-04-13,329.808,331.076,328.859,329.452,802832
2021-04-14,330.065,334.103,329.482,332.579,757594
2021-04-15,332.609,336.299,331.393,335.281,874209
2021-04-16,337.21,338.427,334.38,337.062,1919151
2021-04-19,337.626,337.863,333.539,335.331,840161
2021-04-20,335.478,337.24,333.895,335.815,822535
2021-04-21,335.795,337.181,334.252,336.192,769530
2021-04-22,334.826,335.865,332.54,334.143,748310
2021-04-23,333.698,334.499,330.916,332.797,1041251
2021-04-26,332.807,333.727,327.463,328.671,917318
2021-04-27,328.275,331.66,326.939,330.689,758674
2021-04-28,331.076,331.076,327.473,329.225,784773
2021-04-29,332.757,344.592,332.372,342.702,1357587
2021-04-30,344.265,347.234,342.712,344.859,1310664
2021-05-03,342.524,353.023,342.524,351.242,1070626
2021-05-04,352.835,358.555,351.726,358.168,1160145
2021-05-05,358.505,363.156,358.505,362.909,1130458
2021-05-06,363.898,365.779,358.347,360.049,1102513
2021-05-07,359.207,362.632,356.348,360.613,986294
2021-05-10,363.215,368.39,363.215,363.71,734815
2021-05-11,361.968,363.968,356.091,358.347,981059
2021-05-12,358.664,361.543,353.31,353.339,1027662
2021-05-13,353.023,362.68,352.736,360.059,781980
2021-05-14,360.978,362.819,360.157,361.572,778325
2021-05-17,362.433,364.551,361.315,362.789,666960
2021-05-18,361.81,363.621,358.564,358.664,756391
2021-05-19,358.327,360.978,353.696,360.88,704341
2021-05-20,361.147,364.175,361.087,361.898,808655
2021-05-21,362.472,366.827,359.266,360.444,701499
2021-05-24,362.622,363.858,358.604,362.117,586699
2021-05-25,362.463,364.255,359.346,359.99,699221
2021-05-26,359.346,360.336,355.527,356.812,716487
2021-05-27,360.276,361.217,356.131,360.444,1024886
2021-05-28,360.82,361.978,357.119,357.496,589209
2021-06-01,360.771,361.582,356.872,357.249,782118
2021-06-02,357.249,361.237,356.378,358.802,507428
2021-06-03,358.614,358.97,356.15,358.119,797690
2021-06-04,365.273,370.359,364.412,368.865,1350506
2021-06-07,367.786,369.341,361.791,363.334,1151560
2021-06-08,363.531,364.343,359.703,362.612,627663
2021-06-09,362.612,364.432,360.207,364.076,705800
2021-06-10,366.411,367.054,362.413,363.987,758799
2021-06-11,365.323,366.955,361.731,366.47,651130
2021-06-14,363.928,364.551,360.959,363.72,885919
2021-06-15,366.807,368.727,365.214,366.411,703051
2021-06-16,369.518,369.518,363.146,363.7,904073
2021-06-17,364.699,365.333,357.823,360.267,754284
2021-06-18,357.546,361.771,356.882,358.782,2443014
2021-06-21,361.335,366.016,359.97,364.749,914996
2021-06-22,365.817,365.817,362.572,364.046,503084
2021-06-23,364.066,364.066,359.683,361.801,726477
2021-06-24,363.551,363.551,359.129,361.227,660130
2021-06-25,360.553,366.817,359.633,364.769,2999277
2021-06-28,364.838,364.838,359.92,361.741,578222
2021-06-29,361.344,362.74,351.756,352.063,1178290
2021-06-30,353.033,356.555,353.033,355.111,628235
2021-07-01,356.189,359.534,355.071,359.207,459950
2021-07-02,359.504,362.562,356.952,360.751,345957
2021-07-06,359.603,360.009,354.447,359.237,617403
2021-07-07,358.931,363.551,357.426,362.76,558327
2021-07-08,360.454,363.482,359.514,361.474,412159
2021-07-09,363.958,364.956,360.93,363.314,365761
2021-07-12,361.691,363.928,359.86,361.85,461055
2021-07-13,362.117,365.422,358.881,358.979,723963
2021-07-14,358.95,360.019,355.298,355.615,1068858
2021-07-15,354.043,357.347,353.439,355.784,502516
2021-07-16,357.059,357.604,353.072,354.507,797048
2021-07-19,353.102,354.023,342.613,346.868,886990
2021-07-20,347.501,354.437,347.501,351.726,932697
2021-07-21,352.825,355.001,351.647,353.191,647346
2021-07-22,352.547,352.785,350.095,351.043,562415
2021-07-23,352.36,353.429,350.549,353.043,489634
2021-07-26,349.728,351.222,347.165,350.065,732600
2021-07-27,350.322,356.704,350.272,353.903,586542
2021-07-28,355.151,356.635,351.608,351.866,577932
2021-07-29,354.497,361.374,354.497,357.288,1039702
2021-07-30,356.278,358.0,353.913,354.714,660377
2021-08-02,355.497,358.95,353.439,353.558,405992
2021-08-03,353.082,357.249,350.45,356.101,681799
2021-08-04,354.547,355.675,348.352,349.064,656915
2021-08-05,350.44,351.192,348.827,350.509,359552
2021-08-06,351.618,354.665,351.618,353.815,369569
2021-08-09,353.448,353.448,351.459,352.726,364807
2021-08-10,351.974,354.724,350.658,354.379,657641
2021-08-11,355.477,358.901,353.943,357.723,338959
2021-08-12,358.94,358.94,352.736,355.537,583754
2021-08-13,355.556,356.952,354.428,354.804,380827
2021-08-16,354.16,360.375,351.311,360.187,696254
2021-08-17,360.583,363.254,357.536,360.197,946355
2021-08-18,358.129,359.119,354.724,354.854,421388
2021-08-19,353.854,356.645,351.628,352.825,479091
2021-08-20,351.964,356.318,351.043,354.695,507614
2021-08-23,356.645,356.812,354.359,354.617,485523
2021-08-24,356.111,356.111,353.973,354.467,326237
2021-08-25,354.647,356.081,353.389,354.359,426404
2021-08-26,353.835,358.644,352.528,358.367,756969
2021-08-27,360.237,361.572,356.753,358.02,564461
2021-08-30,357.941,362.404,357.109,360.751,551498
2021-08-31,360.504,361.038,357.327,360.83,797154
2021-09-01,361.018,361.018,357.793,358.158,518024
2021-09-02,358.178,361.514,358.178,361.414,678235
2021-09-03,360.89,361.384,358.604,359.089,386720
2021-09-07,356.744,358.692,351.866,352.172,885720
2021-09-08,352.063,355.724,351.687,353.666,570928
2021-09-09,353.596,355.031,350.035,350.114,1283281
2021-09-10,351.173,351.41,346.274,347.481,682047
2021-09-13,349.084,350.876,343.226,347.086,660255
2021-09-14,348.432,349.164,342.584,345.156,864786
2021-09-15,345.433,350.529,344.859,349.084,623177
2021-09-16,350.095,350.44,342.732,343.128,595413
2021-09-17,344.325,349.094,340.534,343.701,1938120
2021-09-20,340.486,345.076,338.714,342.287,646890
2021-09-21,342.307,343.811,338.447,338.695,545406
2021-09-22,340.544,343.92,339.358,342.009,597085
2021-09-23,344.522,346.215,341.742,344.355,861335
2021-09-24,345.582,350.469,345.047,349.044,620308
2021-09-27,349.975,354.577,349.975,350.539,624754
2021-09-28,350.045,354.25,349.738,351.598,781840
2021-09-29,352.073,359.159,349.154,356.199,776789
2021-09-30,356.792,357.833,353.171,353.429,1000276
2021-10-01,354.972,356.111,349.818,354.17,598993
2021-10-04,354.894,360.424,354.734,358.832,910869
2021-10-05,358.555,364.323,357.001,362.967,580579
2021-10-06,361.81,370.419,359.713,370.271,856015
2021-10-07,370.943,376.672,370.943,375.554,709444
2021-10-08,376.068,383.629,374.881,382.442,703487
2021-10-11,382.758,389.17,380.59,385.816,805295
2021-10-12,385.282,387.28,381.818,382.788,728693
2021-10-13,382.204,382.639,376.405,381.431,683985
2021-10-14,383.005,385.479,381.67,382.659,524526
2021-10-15,383.768,389.309,383.768,387.973,677639
2021-10-18,386.538,389.408,385.202,386.528,430553
2021-10-19,388.181,391.872,385.489,391.842,454287
2021-10-20,391.288,394.493,390.081,393.396,346787
2021-10-21,392.525,395.83,389.556,395.247,406419
2021-10-22,396.147,398.71,392.89,398.62,533967
2021-10-25,398.046,400.411,396.028,399.016,482916
2021-10-26,387.241,391.298,385.342,389.16,1620631
2021-10-27,387.775,388.636,380.235,380.897,1028471
2021-10-28,373.456,374.228,347.531,351.935,2049474
2021-10-29,345.423,352.944,345.423,350.549,1376783
2021-11-01,350.332,354.052,346.334,348.224,792594
2021-11-02,350.332,351.569,343.801,346.601,951237
2021-11-03,343.484,348.125,342.969,347.491,688221
2021-11-04,346.67,352.825,346.67,349.995,1007708
2021-11-05,354.25,359.693,351.826,357.565,1127098
2021-11-08,358.178,358.634,353.626,356.476,533903
2021-11-09,356.902,359.109,353.883,357.713,561207
2021-11-10,356.991,360.039,354.617,355.338,573162
2021-11-11,354.3,354.844,350.332,353.221,484496
2021-11-12,352.894,354.131,351.677,352.934,503048
2021-11-15,353.765,354.834,352.557,353.281,979929
2021-11-16,353.726,354.477,347.947,347.976,816309
2021-11-17,348.807,350.105,347.145,347.343,799737
2021-11-18,347.738,347.738,339.436,344.849,1466283
2021-11-19,345.057,347.878,341.198,346.531,804012
2021-11-22,347.818,358.515,346.72,356.358,960909
2021-11-23,356.792,361.364,355.249,357.406,790776
2021-11-24,357.585,361.414,354.052,354.617,618622
2021-11-26,347.709,352.143,346.66,348.877,531816
2021-11-29,350.202,353.636,347.551,351.262,540631
2021-11-30,349.006,349.678,343.316,343.781,1294931
2021-12-01,344.582,347.838,340.931,341.001,722393
2021-12-02,343.425,350.678,342.861,347.491,710901
2021-12-03,347.521,353.004,347.521,352.687,757334
2021-12-06,356.021,362.068,354.824,358.722,1112101
2021-12-07,357.901,359.811,355.556,357.446,932663
2021-12-08,358.307,362.038,357.139,358.842,474291
2021-12-09,357.366,363.047,355.695,362.562,764761
2021-12-10,362.899,366.5,360.731,365.719,487320
2021-12-13,365.877,373.496,365.56,371.893,918071
2021-12-14,371.22,376.812,370.072,370.805,920039
2021-12-15,371.309,374.189,368.806,373.368,681865
2021-12-16,374.713,377.553,372.081,373.269,731963
2021-12-17,374.011,375.06,371.112,372.023,1156135
2021-12-20,370.795,371.736,361.711,364.62,873394
2021-12-21,366.084,374.713,365.639,373.041,809958
2021-12-22,373.041,375.514,373.041,374.337,725628
2021-12-23,375.04,378.632,374.535,375.684,619402
2021-12-27,376.001,379.275,375.704,378.672,367498
2021-12-28,377.187,382.352,376.505,379.78,312342
2021-12-29,379.78,381.174,378.682,379.443,370688
2021-12-30,380.196,382.145,378.662,378.988,381416
2021-12-31,378.483,382.62,378.453,381.491,420164
2022-01-03,381.374,382.481,377.226,379.977,671818
2022-01-04,381.957,392.119,381.957,391.269,751511
2022-01-05,385.409,393.811,384.559,389.299,1088313
2022-01-06,391.832,394.069,388.715,391.546,775513
2022-01-07,392.584,395.374,390.378,394.653,921931
2022-01-10,399.165,400.976,393.494,396.434,1033002
2022-01-11,391.97,395.908,389.804,394.83,613871
2022-01-12,395.544,396.434,387.983,389.834,725290
2022-01-13,389.834,394.108,388.685,391.882,675063
2022-01-14,391.555,398.185,390.18,397.641,949818
2022-01-18,397.522,398.185,390.19,395.85,786093
2022-01-19,397.245,403.083,395.701,395.87,578487
2022-01-20,395.711,398.581,391.259,391.683,856458
2022-01-21,393.999,401.727,392.089,393.069,941656
2022-01-24,392.267,398.917,389.042,397.255,1322389
2022-01-25,393.95,399.729,387.35,397.374,1002229
2022-01-26,396.721,402.865,393.445,397.423,1127445
2022-01-27,384.134,385.569,366.016,368.608,1824181
2022-01-28,365.115,375.257,364.016,374.723,934439
2022-01-31,371.329,372.695,361.592,364.571,1158559
2022-02-01,364.561,366.57,359.366,365.243,911499
2022-02-02,362.107,366.56,359.99,365.639,775956
2022-02-03,367.134,369.399,362.7,368.43,685941
2022-02-04,366.936,369.518,361.711,364.422,540246
2022-02-07,365.204,370.191,362.899,367.786,547663
2022-02-08,368.895,374.525,366.303,373.853,616364
2022-02-09,374.634,379.126,374.15,378.82,713049
2022-02-10,377.246,380.78,374.456,376.515,919473
2022-02-11,377.474,395.444,374.793,393.564,1798486
2022-02-14,391.279,391.615,377.266,384.975,1734969
2022-02-15,381.601,383.312,374.822,379.226,799199
2022-02-16,379.443,388.577,379.255,387.993,1101944
2022-02-17,387.112,395.582,385.766,392.376,900970
2022-02-18,391.773,393.712,385.439,385.619,1493790
2022-02-22,389.18,390.802,381.304,385.103,729721
2022-02-23,386.746,388.913,379.295,380.523,675904
2022-02-24,389.922,397.096,384.371,389.794,1570936
2022-02-25,389.22,406.774,389.22,405.379,1273335
2022-02-28,409.971,438.301,409.594,437.509,2631352
2022-03-01,439.675,452.302,439.067,451.322,2260198
2022-03-02,447.037,452.748,431.492,448.641,1803461
2022-03-03,447.661,450.324,436.747,444.98,1441208
2022-03-04,449.383,467.986,445.296,463.662,1704473
2022-03-07,467.472,485.68,467.006,472.943,2427259
2022-03-08,471.172,472.786,443.505,444.504,2474090
2022-03-09,436.895,452.055,432.868,445.208,1749134
2022-03-10,445.772,458.269,437.207,439.952,1458222
2022-03-11,442.991,445.148,431.125,431.729,1188373
2022-03-14,434.698,438.013,426.708,436.796,923519
2022-03-15,438.894,443.674,432.293,443.129,836253
2022-03-16,425.912,438.468,411.869,419.984,1898023
2022-03-17,426.526,430.434,420.172,424.308,988794
2022-03-18,423.557,428.87,419.905,423.467,1845405
2022-03-21,430.681,443.574,427.584,441.921,1307217
2022-03-22,442.427,443.307,433.946,441.624,749172
2022-03-23,443.307,447.265,437.885,442.238,593357
2022-03-24,442.308,450.372,441.407,449.809,672111
2022-03-25,448.611,455.607,448.611,453.38,485592
2022-03-28,449.106,451.025,439.942,442.12,668244
2022-03-29,430.137,445.889,426.861,441.634,903268
2022-03-30,444.781,451.708,443.792,448.581,630644
2022-03-31,445.257,453.133,442.021,442.535,654983
2022-04-01,441.902,450.096,439.408,450.027,706638
2022-04-04,450.659,451.763,439.71,447.552,720812
2022-04-05,445.772,458.645,445.772,449.254,582333
2022-04-06,450.234,461.529,450.114,456.627,814890
2022-04-07,455.181,467.69,454.222,465.839,769701
2022-04-08,467.807,472.261,454.534,458.803,919124
2022-04-11,461.494,466.016,456.864,457.299,878436
2022-04-12,458.457,461.791,454.504,458.427,639271
2022-04-13,463.098,465.136,455.507,459.655,569001
2022-04-14,463.573,465.325,458.481,462.306,1132197
2022-04-18,462.306,468.411,457.236,460.703,575357
2022-04-19,460.822,468.887,458.625,459.545,548250
2022-04-20,461.03,464.216,457.635,458.546,609907
2022-04-21,459.782,460.653,438.384,438.805,957894
2022-04-22,439.092,451.876,439.018,442.714,734850
2022-04-25,439.339,440.334,429.602,439.369,614646
2022-04-26,440.022,447.74,435.797,437.875,620766
2022-04-27,439.527,445.969,435.163,435.163,847264
2022-04-28,432.423,445.063,427.861,440.506,1124707
2022-04-29,442.921,444.633,433.442,434.797,955667
2022-05-02,432.541,439.972,427.395,434.026,767963
2022-05-03,439.795,448.478,435.084,446.523,1087626
2022-05-04,448.819,459.14,445.554,457.725,800605
2022-05-05,458.388,465.3,452.357,461.772,1576254
2022-05-06,459.515,464.542,452.886,463.79,935238
2022-05-09,461.079,462.029,447.612,449.225,890155
2022-05-10,447.71,451.569,442.451,445.257,933751
2022-05-11,444.97,453.569,440.409,441.804,813842
2022-05-12,443.425,446.186,438.063,446.059,952022
2022-05-13,446.998,449.69,442.654,448.087,582995
2022-05-16,453.796,456.488,448.206,453.282,592822
2022-05-17,453.777,457.368,448.725,454.469,587077
2022-05-18,454.419,457.438,446.533,450.104,766110
2022-05-19,444.673,448.641,434.599,443.802,766706
2022-05-20,445.465,446.162,432.937,438.686,643713
2022-05-23,441.971,453.47,441.624,451.985,567488
2022-05-24,450.808,467.491,450.808,466.165,802490
2022-05-25,466.205,469.453,462.267,462.721,600652
2022-05-26,465.799,471.498,461.742,462.534,768513
2022-05-27,462.981,467.847,459.435,467.559,650425
2022-05-31,462.802,465.503,453.734,464.788,1774689
2022-06-01,464.599,468.701,455.638,461.094,804073
2022-06-02,462.901,463.825,446.633,459.723,1159331
2022-06-03,459.028,475.346,459.028,475.117,878450
2022-06-06,476.011,480.65,474.214,475.605,590704
2022-06-07,475.545,488.953,473.451,488.714,748059
2022-06-08,484.503,488.198,468.85,469.238,858950
2022-06-09,467.063,468.046,459.286,459.772,849392
2022-06-10,456.227,462.673,449.92,460.666,971426
2022-06-13,456.644,462.593,454.449,457.548,1337107
2022-06-14,456.843,459.812,445.495,451.37,824151
2022-06-15,453.158,459.504,444.646,455.333,880383
2022-06-16,451.558,455.621,444.527,445.967,1062434
2022-06-17,443.961,448.669,433.105,440.912,1378027
2022-06-21,446.746,461.62,445.564,460.616,785851
2022-06-22,451.132,460.856,449.93,455.491,543641
2022-06-23,455.333,457.519,446.395,453.138,618667
2022-06-24,456.873,461.252,452.502,460.548,813361
2022-06-27,458.243,465.693,458.139,463.646,546320
2022-06-28,464.947,470.598,461.014,461.51,587210
2022-06-29,464.818,464.818,456.197,458.67,590924
2022-06-30,454.995,476.786,454.995,475.317,1364226
2022-07-01,475.317,484.578,470.41,483.063,611267
2022-07-05,475.803,476.935,452.359,461.202,1263012
2022-07-06,461.73,481.662,460.333,478.594,905821
2022-07-07,476.737,483.55,475.252,476.121,616902
2022-07-08,477.372,479.924,475.356,477.163,383533
2022-07-11,475.365,478.494,469.387,472.277,500586
2022-07-12,473.439,475.157,464.301,465.692,538515
2022-07-13,461.808,473.665,460.846,462.037,535141
2022-07-14,455.77,458.611,451.648,455.869,575325
2022-07-15,459.852,460.028,451.916,458.064,1461848
2022-07-18,459.852,461.232,445.153,446.205,711035
2022-07-19,441.08,455.145,440.117,454.28,756554
2022-07-20,454.886,457.637,449.066,452.969,598086
2022-07-21,451.232,452.046,445.749,450.714,532112
2022-07-22,454.26,460.11,446.951,448.778,870694
2022-07-25,448.818,456.615,448.043,450.238,832200
2022-07-26,450.069,452.016,441.29,441.626,707374
2022-07-27,442.55,444.626,438.399,442.779,749737
2022-07-28,435.409,452.78,430.92,451.37,1023693
2022-07-29,454.608,476.537,452.959,475.644,1207327
2022-08-01,478.097,484.851,469.009,472.396,939822
2022-08-02,478.564,485.039,468.985,477.779,692344
2022-08-03,476.737,480.818,467.817,478.475,850887
2022-08-04,478.723,482.849,474.268,474.79,659405
2022-08-05,472.446,475.127,466.194,474.343,525937
2022-08-08,475.693,476.816,462.608,466.854,618397
2022-08-09,470.768,478.902,469.794,470.509,672064
2022-08-10,471.264,471.77,466.352,469.923,716176
2022-08-11,470.778,471.096,464.639,467.113,695171
2022-08-12,467.321,476.498,466.029,476.319,706541
2022-08-15,474.72,486.093,471.86,483.56,590182
2022-08-16,482.03,485.278,479.944,482.199,504225
2022-08-17,479.438,492.93,479.348,489.162,857868
2022-08-18,490.632,493.819,487.097,489.529,596009
2022-08-19,488.784,489.886,484.523,487.413,610749
2022-08-22,484.682,489.787,480.451,480.898,611871
2022-08-23,479.557,482.318,476.404,479.597,454633
2022-08-24,481.901,486.962,481.286,485.566,616838
2022-08-25,485.665,491.238,483.47,491.118,377909
2022-08-26,491.736,495.105,483.1,483.523,450063
2022-08-29,478.46,487.55,475.52,484.201,501126
2022-08-30,484.988,485.138,477.055,479.337,575622
2022-08-31,479.536,480.992,475.39,476.407,727481
2022-09-01,474.384,479.845,473.427,478.729,565943
2022-09-02,482.387,483.762,473.168,475.37,513821
2022-09-06,475.221,482.586,475.141,478.151,571153
2022-09-07,476.218,486.603,474.394,486.164,514051
2022-09-08,485.457,488.198,479.709,488.108,586847
2022-09-09,487.849,493.739,484.659,489.782,706938
2022-09-12,489.424,489.483,479.86,480.703,921505
2022-09-13,477.982,485.781,463.709,467.377,839339
2022-09-14,471.244,483.593,470.284,483.274,1161268
2022-09-15,481.131,486.145,476.955,483.473,760500
2022-09-16,481.759,486.233,478.709,483.593,1119240
2022-09-19,481.59,490.939,479.457,486.454,845817
2022-09-20,486.444,494.437,479.437,492.364,878671
2022-09-21,503.816,513.783,490.978,491.238,1250945
2022-09-22,491.138,498.972,480.663,494.816,1210785
2022-09-23,490.251,490.251,472.51,477.234,880642
2022-09-26,475.799,480.424,470.796,472.799,659360
2022-09-27,475.759,477.603,469.679,472.57,1027163
2022-09-28,473.95,484.241,462.742,482.088,951451
2022-09-29,479.068,480.503,462.972,468.922,913971
2022-09-30,464.955,472.43,464.955,468.762,1138330
2022-10-03,474.862,488.307,472.43,484.101,913622
2022-10-04,486.802,495.474,485.397,488.656,989027
2022-10-05,485.387,487.879,479.088,482.845,622955
2022-10-06,482.118,484.689,479.397,483.623,606945
2022-10-07,483.553,494.876,481.42,494.447,1101323
2022-10-10,497.168,507.314,496.351,502.161,1380248
2022-10-11,502.46,512.856,501.593,505.63,839262
2022-10-12,506.452,506.452,490.57,490.749,975963
2022-10-13,486.473,501.384,484.769,499.779,925077
2022-10-14,494.058,495.329,461.576,462.653,1648463
2022-10-17,465.663,477.115,464.716,473.516,1126350
2022-10-18,478.41,508.201,477.394,505.121,1859348
2022-10-19,503.168,515.078,499.856,509.218,1347168
2022-10-20,510.065,514.779,507.47,510.743,880993
2022-10-21,510.862,523.61,507.813,520.929,1057772
2022-10-24,525.873,532.869,522.539,524.218,869576
2022-10-25,518.279,526.251,515.736,525.005,766342
2022-10-26,530.567,533.437,523.142,529.231,944568
2022-10-27,510.882,536.029,506.317,533.736,1695195
2022-10-28,538.291,554.428,529.241,546.295,1321117
2022-10-31,542.996,551.826,542.164,547.192,1092600
2022-11-01,547.8,548.288,532.491,534.105,1307432
2022-11-02,532.281,537.893,528.075,528.544,1115647
2022-11-03,526.291,529.585,523.73,523.77,1203966
2022-11-04,524.258,525.414,508.321,521.039,1246118
2022-11-07,521.318,535.8,518.836,532.999,807259
2022-11-08,531.574,540.339,530.567,539.138,654737
2022-11-09,538.869,541.391,531.045,531.374,603677
2022-11-10,538.989,538.989,521.985,529.829,1224136
2022-11-11,516.254,517.112,488.576,491.068,2274975
2022-11-14,494.357,498.414,476.875,480.144,2193713
2022-11-15,483.394,508.311,478.334,499.062,1909081
2022-11-16,497.347,505.994,494.397,503.457,1070598
2022-11-17,503.268,518.068,503.148,517.132,954147
2022-11-18,517.122,523.052,514.122,518.696,866409
2022-11-21,519.982,530.677,518.766,526.122,864478
2022-11-22,528.155,532.002,521.696,522.912,637494
2022-11-23,522.703,524.029,516.653,520.61,555487
2022-11-25,526.87,529.79,522.08,527.83,254357
2022-11-28,524.72,530.53,522.44,524.88,490632
2022-11-29,524.87,529.7,523.2,528.35,385674
2022-11-30,527.95,534.89,524.46,533.29,786568
2022-12-01,534.62,535.42,521.6,530.3,568254
2022-12-02,528.58,549.87,527.39,545.6,843649
2022-12-05,539.52,543.19,533.845,541.43,671112
2022-12-06,543.8,543.8,528.36,531.81,576662
2022-12-07,532.18,540.94,529.898,540.21,583059
2022-12-08,545.0,546.75,539.26,540.55,378796
2022-12-09,539.0,545.73,528.83,528.94,589617
2022-12-12,530.5,535.89,525.92,535.18,540520
2022-12-13,537.01,537.06,523.34,525.59,853678
2022-12-14,528.75,537.67,524.95,531.78,575919
2022-12-15,532.73,533.37,522.61,528.49,483255
2022-12-16,527.17,532.38,521.61,529.87,1429134
2022-12-19,529.58,538.0,526.46,532.52,783745
2022-12-20,533.63,540.81,528.17,529.57,642058
2022-12-21,531.0,540.56,529.78,538.79,518639
2022-12-22,539.0,542.1,526.38,531.37,434599
2022-12-23,531.71,536.25,529.875,534.77,475826
2022-12-27,538.0,544.04,537.0,541.19,454538
2022-12-28,543.45,545.37,540.24,540.41,718112
2022-12-29,540.22,544.22,538.205,542.0,487209
2022-12-30,542.93,546.87,539.51,545.61,564872
2023-01-03,544.92,547.8,537.9,540.33,615240
2023-01-04,535.87,540.35,522.3704,526.45,939793
2023-01-05,526.53,533.7099,522.94,528.52,766654
2023-01-06,529.81,540.845,505.05,521.42,1084733
2023-01-09,518.03,518.03,488.12,495.41,1853180
2023-01-10,496.97,502.31,490.95,495.79,902249
2023-01-11,496.2,499.355,489.49,492.93,944004
2023-01-12,491.71,494.0,485.89,487.98,1097818
2023-01-13,474.4,474.4,454.785,461.43,2608938
2023-01-17,463.34,465.23,453.73,455.57,1934738
2023-01-18,453.73,454.08,445.5101,446.06,1927399
2023-01-19,448.15,453.0099,442.21,442.31,1376815
2023-01-20,445.99,452.3,440.09,450.76,2130941
2023-01-23,451.97,454.48,448.333,450.87,1055036
2023-01-24,452.21,462.99,448.0,459.31,1119054
2023-01-25,457.79,466.0,457.67,463.29,1141675
2023-01-26,458.0,473.204,438.99,443.47,3119174
2023-01-27,433.18,443.9895,430.935,437.65,2143633
2023-01-30,445.01,448.65,436.49,439.28,1531185
2023-01-31,441.42,448.07,435.63,448.04,1320546
2023-02-01,445.45,449.02,442.12,442.59,901288
2023-02-02,439.44,444.675,436.0,440.86,1236731
2023-02-03,451.0,454.4552,440.02,440.64,1388411
2023-02-06,443.07,453.74,442.97,448.96,1321325
2023-02-07,448.0,454.13,443.49,452.15,1098528
2023-02-08,451.0,456.89,450.35,456.06,961608
2023-02-09,455.81,461.92,452.4,453.85,951890
2023-02-10,457.12,464.33,456.43,463.86,968027
2023-02-13,467.81,470.99,458.99,464.28,922191
2023-02-14,467.88,470.92,465.87,467.51,1253044
2023-02-15,465.92,468.09,458.93,460.94,828135
2023-02-16,458.21,468.53,456.37,465.35,968165
2023-02-17,465.44,470.67,462.78,470.63,830121
2023-02-21,474.78,479.15,468.57,473.95,1272818
2023-02-22,473.96,481.5,473.95,478.73,1289167
2023-02-23,477.55,482.34,472.705,476.26,995411
2023-02-24,472.65,478.0,468.55,470.91,629295
2023-02-27,470.63,474.1,467.37,470.07,681547
2023-02-28,470.49,471.74,463.31,464.11,764469
2023-03-01,461.97,465.67,459.25,462.55,588850
2023-03-02,460.33,468.88,460.33,468.27,549323
2023-03-03,470.18,470.6982,464.52,467.38,726868
2023-03-06,466.62,474.4,465.96,470.22,761274
2023-03-07,470.86,475.97,470.68,472.2,923283
2023-03-08,472.0,475.63,460.92,465.25,1089050
2023-03-09,469.63,469.63,458.2,459.04,834940
2023-03-10,458.53,463.19,457.19,459.78,772293
2023-03-13,454.69,462.87,453.715,457.74,1237246
2023-03-14,457.9,459.98,449.23,453.66,1782986
2023-03-15,448.97,456.38,439.87,448.9,1513271
2023-03-16,449.11,455.97,448.0,450.15,1080595
2023-03-17,449.81,450.16,441.305,443.6,1599300
2023-03-20,445.27,452.31,445.005,449.26,662434
2023-03-21,453.79,454.66,447.07,449.98,680128
2023-03-22,450.22,452.4,443.085,443.6,726223
2023-03-23,444.01,446.06,440.71,444.44,1123898
2023-03-24,445.08,456.2,443.0,455.25,1006400
2023-03-27,459.09,459.8,455.18,458.25,626760
2023-03-28,458.31,461.5,457.59,459.0,476830
2023-03-29,459.38,462.58,457.495,461.57,584223
2023-03-30,460.46,462.92,458.5,460.98,541518
2023-03-31,462.98,463.32,459.45,461.72,640613
2023-04-03,463.3,471.55,462.65,469.19,577564
2023-04-04,468.73,471.94,465.0,468.1,495274
2023-04-05,467.22,473.6,467.22,470.91,707031
2023-04-06,474.68,476.26,468.29,470.39,575862
2023-04-10,470.98,478.17,470.98,476.54,594820
2023-04-11,476.12,476.12,467.525,468.27,657095
2023-04-12,467.43,474.7299,466.03,472.77,574938
2023-04-13,472.0,476.065,469.67,474.16,540005
2023-04-14,470.55,473.09,468.765,472.57,501938
2023-04-17,472.99,477.68,471.38,474.79,598425
2023-04-18,475.74,483.4,475.74,479.47,756224
2023-04-19,480.46,482.7909,476.2,477.07,482811
2023-04-20,478.4,478.4,472.07,474.18,511686
2023-04-21,475.72,475.72,468.83,471.99,1519458
2023-04-24,471.16,472.6305,466.5,470.92,593594
2023-04-25,470.11,470.11,464.42,465.47,691418
2023-04-26,462.69,464.3281,449.07,449.09,1413000
2023-04-27,452.48,459.675,443.0,457.68,1370998
2023-04-28,460.37,461.57,455.525,461.27,708800
2023-05-01,461.95,466.0299,459.59,462.72,630312
2023-05-02,460.83,460.84,448.58,448.81,770369
2023-05-03,447.53,452.28,443.57,443.71,520165
2023-05-04,443.28,445.275,435.2,442.23,645682
2023-05-05,443.46,448.45,441.93,446.81,474749
2023-05-08,448.33,450.95,441.87,442.24,418159
2023-05-09,443.0,445.09,440.87,442.31,462234
2023-05-10,443.1,445.0,438.7,443.03,559606
2023-05-11,438.9,440.31,433.18,435.85,699017
2023-05-12,437.09,441.8099,434.77,438.76,749498
2023-05-15,438.75,440.08,436.0,439.37,491027
2023-05-16,439.99,440.3445,435.45,435.63,448897
2023-05-17,439.0,448.4,437.58,447.34,758396
2023-05-18,446.07,446.92,437.75,443.6,518619
2023-05-19,445.36,446.3,440.79,443.31,463787
2023-05-22,442.09,445.18,438.435,443.07,508740
2023-05-23,441.17,445.87,440.26,443.03,578496
2023-05-24,443.03,446.35,441.38,441.44,664637
2023-05-25,438.33,439.95,429.1,433.51,910608
2023-05-26,432.62,441.51,432.62,438.32,865024
2023-05-30,434.89,441.12,432.33,438.16,875989
2023-05-31,437.81,441.36,434.62,435.49,1500830
2023-06-01,436.77,439.23,433.53,438.51,792525
2023-06-02,441.92,447.13,438.74,443.83,1025126
2023-06-05,446.99,446.99,442.05,445.55,843954
2023-06-06,447.5,449.37,444.175,448.1,696060
2023-06-07,447.89,454.5,444.25,453.35,814339
2023-06-08,453.74,457.84,452.4,455.47,630336
2023-06-09,456.45,459.71,454.19,454.26,640865
2023-06-12,453.96,453.96,448.235,453.51,781848
2023-06-13,450.18,453.83,445.16,451.15,609852
2023-06-14,450.89,453.4392,446.16,447.9,510179
2023-06-15,449.69,454.78,446.76,452.87,544560
2023-06-16,453.1,458.91,452.6,458.35,1179077
2023-06-20,458.95,460.69,454.09,454.34,510337
2023-06-21,454.23,462.63,454.1727,462.47,495389
2023-06-22,460.95,460.985,455.81,458.06,454399
2023-06-23,458.14,460.11,452.63,454.05,554957
2023-06-26,449.59,449.9281,442.8,448.02,744249
2023-06-27,448.24,451.44,445.34,448.44,535160
2023-06-28,448.79,450.57,440.67,442.66,618912
2023-06-29,442.76,451.44,442.4,451.22,531168
2023-06-30,453.15,459.51,449.905,455.8,766990
2023-07-03,453.11,458.84,452.22,458.16,239579
2023-07-05,457.83,459.63,453.12,459.05,369275
2023-07-06,458.45,460.68,454.04,455.98,673827
2023-07-07,454.99,455.84,450.765,452.45,577477
2023-07-10,452.59,455.545,451.36,452.59,494670
2023-07-11,453.91,462.0,453.17,460.75,688164
2023-07-12,461.44,461.495,453.18,453.35,691073
2023-07-13,452.29,457.96,450.76,457.03,552821
2023-07-14,455.95,456.24,449.75,450.64,604307
2023-07-17,451.87,457.0,449.3485,454.24,861496
2023-07-18,456.69,460.64,440.5,442.68,1263136
2023-07-19,442.42,445.83,438.645,442.28,933713
2023-07-20,447.53,455.16,443.19,454.36,978240
2023-07-21,454.11,457.06,451.9001,453.42,593349
2023-07-24,453.91,455.33,451.4,452.21,551465
2023-07-25,445.46,457.29,444.05,457.19,846299
2023-07-26,457.17,459.82,454.02,457.16,896234
2023-07-27,442.72,446.985,431.605,445.31,1719839
2023-07-28,445.86,452.4,445.5,449.68,1127039
2023-07-31,450.5,450.5,442.5,445.0,1031050
2023-08-01,445.89,449.66,445.0,448.15,576746
2023-08-02,447.89,448.44,444.37,447.47,830741
2023-08-03,447.19,447.99,441.61,442.61,758514
2023-08-04,444.02,444.77,437.67,438.54,583999
2023-08-07,437.87,439.36,433.11,436.66,1289313
2023-08-08,436.0,438.42,432.31,432.9,664791
2023-08-09,433.0,437.57,432.46,435.55,1547885
2023-08-10,434.35,434.735,429.64,430.27,800632
2023-08-11,430.27,432.655,429.67,431.05,734040
2023-08-14,431.23,432.89,429.01,429.45,516709
2023-08-15,427.79,428.42,421.73,423.17,583671
2023-08-16,422.48,428.545,422.48,427.29,518162
2023-08-17,428.17,432.25,428.1,429.17,576201
2023-08-18,428.13,437.54,428.12,430.17,716439
2023-08-21,429.17,434.72,429.07,433.69,542468
2023-08-22,434.5,438.215,434.01,437.73,598001
2023-08-23,438.95,440.01,433.37,434.52,558696
2023-08-24,434.21,437.69,432.12,432.18,518370
2023-08-25,432.46,433.25,428.5,429.56,436488
2023-08-28,429.34,431.325,428.52,431.15,505283
2023-08-29,429.91,431.19,426.0,430.06,541185
2023-08-30,431.22,436.0,430.995,434.8,478673
2023-08-31,436.0,437.44,433.06,433.09,503615
2023-09-01,435.23,437.11,434.865,435.62,423860
2023-09-05,435.01,435.9,431.0,431.08,470436
2023-09-06,431.59,432.025,423.44,423.64,602486
2023-09-07,425.64,431.44,425.64,430.99,718522
2023-09-08,430.83,430.83,420.95,422.72,768088
2023-09-11,423.31,425.11,416.71,425.0,843302
2023-09-12,423.52,426.205,421.775,424.08,581611
2023-09-13,426.0,431.93,424.51,426.31,472651
2023-09-14,424.99,432.435,424.18,432.32,543963
2023-09-15,432.46,435.74,431.47,433.49,1034233
2023-09-18,435.87,442.6,435.028,440.52,692746
2023-09-19,440.26,441.655,435.55,435.97,597532
2023-09-20,437.43,443.86,435.64,440.18,432686
2023-09-21,439.7,441.07,436.76,437.11,768104
2023-09-22,434.52,436.0325,424.4,424.9,850477
2023-09-25,423.32,428.965,420.12,425.57,676647
2023-09-26,423.98,426.9,421.62,426.58,617463
2023-09-27,427.31,438.04,427.04,437.24,987056
2023-09-28,441.39,443.23,438.615,439.5,997397
2023-09-29,439.9,442.53,438.15,440.19,790137
2023-10-02,440.41,445.75,440.41,442.22,889353
2023-10-03,442.21,443.57,433.66,434.31,844538
2023-10-04,430.79,431.75,420.12,422.29,900180
2023-10-05,422.16,424.26,419.86,420.07,792117
2023-10-06,419.0,425.32,414.56,423.24,947747
2023-10-09,448.8,474.48,448.73,471.61,2864339
2023-10-10,473.86,474.98,462.63,465.12,1383621
2023-10-11,467.25,474.64,466.31,473.37,865807
2023-10-12,474.0,479.42,471.07,477.31,1084448
2023-10-13,482.39,490.99,480.3501,490.15,1465367
2023-10-16,492.18,495.0,482.58,489.07,959993
2023-10-17,487.81,496.89,483.89,489.0,1175488
2023-10-18,493.0,495.99,488.29,490.76,740177
2023-10-19,488.58,493.43,487.63,489.94,671954
2023-10-20,492.13,494.77,485.6,485.7,920383
2023-10-23,486.27,487.9,480.441,480.6,802024
2023-10-24,484.21,487.14,477.98,478.44,771937
2023-10-25,482.41,486.3,480.04,483.26,1062055
2023-10-26,486.5,492.0,474.01,477.78,1545694
2023-10-27,474.99,478.52,468.9,473.07,805731
2023-10-30,473.67,475.0,467.4,468.68,1032670
2023-10-31,470.33,471.9,463.84,471.43,1089651
2023-11-01,474.75,474.75,467.1416,468.26,841141
2023-11-02,465.32,476.1,463.69,475.77,1353393
2023-11-03,475.8,477.0,470.13,470.58,785829
2023-11-06,472.62,474.37,469.7006,471.0,636803
2023-11-07,473.3,473.3,464.77,467.7,1009749
2023-11-08,467.67,469.58,459.52,460.48,952858
2023-11-09,461.25,462.4499,457.16,461.09,971391
2023-11-10,461.55,464.24,458.335,463.27,758545
2023-11-13,464.03,466.21,462.03,464.38,1020334
2023-11-14,463.0,468.68,460.57,466.83,1064848
2023-11-15,466.0,467.84,462.75,464.99,649583
2023-11-16,466.15,467.08,462.845,463.88,429884
2023-11-17,464.34,466.27,463.21,464.17,519874
2023-11-20,464.52,467.915,462.87,465.82,594175
2023-11-21,465.82,472.02,462.51,471.07,448961
2023-11-22,468.71,472.94,467.76,471.45,589909
2023-11-24,471.5,473.61,470.338,471.52,191235
2023-11-27,470.81,470.81,465.56,468.39,482282
2023-11-28,470.53,473.57,468.81,470.08,550530
2023-11-29,470.28,471.4106,464.44,467.41,554503
2023-11-30,469.22,476.27,468.39,475.16,701255
2023-12-01,476.39,480.575,475.11,479.84,696188
2023-12-04,478.49,480.56,474.96,480.33,1079102
2023-12-05,480.43,480.43,475.28,476.61,637020
2023-12-06,475.21,481.14,475.21,480.29,446461
2023-12-07,482.22,483.6577,476.34,477.48,530513
2023-12-08,478.72,479.8384,475.36,476.25,411324
2023-12-11,476.97,480.925,476.91,478.76,429348
2023-12-12,479.55,481.69,477.47,479.25,379413
2023-12-13,480.43,486.395,478.98,485.01,778318
2023-12-14,479.59,480.0,461.69,463.66,1205481
2023-12-15,460.6,462.48,455.0,461.05,1746553
2023-12-18,462.27,466.76,460.51,465.42,757955
2023-12-19,465.04,467.33,462.59,464.16,600063
2023-12-20,462.71,463.85,457.14,457.16,598454
2023-12-21,458.6,461.89,458.29,459.22,484021
2023-12-22,461.45,465.43,461.45,463.13,362295
2023-12-26,462.56,465.755,462.4015,464.5,419959
2023-12-27,462.9,465.85,462.5991,464.22,378382
2023-12-28,463.4,467.41,463.2,465.68,387689
2023-12-29,466.21,468.93,465.02,468.14,403460
2024-01-02,469.19,476.36,467.27,470.09,742526
2024-01-03,474.44,483.83,470.84,474.88,773573
2024-01-04,481.31,483.78,471.65,471.73,791720
2024-01-05,472.72,472.72,467.2,469.89,511544
2024-01-08,466.03,475.4,465.21,475.26,658961
2024-01-09,475.3,477.82,470.0,472.23,617523
2024-01-10,472.0,477.08,471.11,471.95,499277
2024-01-11,472.61,473.05,465.33,467.34,544619
2024-01-12,468.77,481.46,468.77,481.08,701359
2024-01-16,481.5,482.17,476.03,477.9,734619
2024-01-17,477.34,482.9,473.58,473.88,612218
2024-01-18,475.14,476.22,468.52,474.63,875832
2024-01-19,475.37,475.37,469.3556,470.48,1369200
2024-01-22,469.42,470.77,466.29,466.62,871234
2024-01-23,466.54,470.8864,464.82,467.92,1083846
2024-01-24,466.62,472.99,462.81,463.92,1194765
2024-01-25,446.6,449.0,426.0,434.55,2293245
2024-01-26,435.74,439.27,431.52,437.96,1147626
2024-01-29,440.0,442.555,435.15,438.31,857137
2024-01-30,443.0,445.06,437.33,443.5,2324819
2024-01-31,445.38,449.7,444.54,446.76,3213837
2024-02-01,446.77,447.77,442.7,446.22,2179403
2024-02-02,445.78,447.74,441.5,446.58,1616606
2024-02-05,443.93,445.82,440.235,442.28,1656039
2024-02-06,442.0,449.92,440.94,448.17,587889
2024-02-07,448.17,453.93,448.17,453.9,748257
2024-02-08,452.86,454.15,449.81,451.22,527816
2024-02-09,452.11,455.56,450.52,454.92,906752
2024-02-12,455.0,455.64,451.31,451.47,723449
2024-02-13,453.76,455.575,443.15,446.17,1020165
2024-02-14,447.5,450.0,443.0,446.37,1002245
2024-02-15,447.25,451.66,446.45,450.0,974710
2024-02-16,450.37,452.87,448.01,450.96,1016425
2024-02-20,453.22,460.54,452.85,453.91,1367775
2024-02-21,454.68,461.09,453.76,460.0,1284686
2024-02-22,458.68,459.4394,451.51,457.05,1801373
2024-02-23,455.82,461.56,455.54,461.1,574672
2024-02-26,462.27,465.75,458.88,459.34,618601
2024-02-27,457.58,459.27,454.0,458.36,421081
2024-02-28,459.61,462.08,457.21,458.95,534692
2024-02-29,458.38,461.5,455.4101,461.02,927199
2024-03-01,461.0,461.0,453.82,454.9,1272613
2024-03-04,456.0,461.225,455.4518,460.08,692838
2024-03-05,463.23,464.58,457.96,458.26,1250601
2024-03-06,458.16,463.835,457.875,461.07,546179
2024-03-07,459.21,459.5947,454.255,456.4,796373
2024-03-08,455.01,459.89,453.135,459.5,475584
2024-03-11,459.48,462.24,458.35,459.25,552494
2024-03-12,456.55,460.9,454.53,458.84,1213627
2024-03-13,458.56,462.2,458.03,458.23,698532
2024-03-14,458.0,461.39,457.23,460.86,669882
2024-03-15,457.88,464.39,457.88,461.75,1000053
2024-03-18,461.0,463.515,459.05,462.39,540801
2024-03-19,465.0,467.5,462.63,467.48,726841
2024-03-20,468.63,471.41,466.62,470.75,617300
2024-03-21,471.94,473.56,467.3,467.49,798061
2024-03-22,468.97,471.29,467.595,468.75,615412
2024-03-25,471.32,472.0,467.905,469.32,447012
2024-03-26,469.5,473.06,468.6,469.91,503957
2024-03-27,472.83,477.89,471.96,477.36,823088
2024-03-28,479.0,480.7523,478.0,478.66,632461
2024-04-01,478.39,478.82,470.92,471.35,794737
2024-04-02,472.09,473.99,465.01,466.36,801674
2024-04-03,465.33,467.6,456.81,457.01,1271663
2024-04-04,458.0,464.65,455.6,459.48,2219357
2024-04-05,457.51,459.015,452.5,454.5,1533817
2024-04-08,456.12,457.955,454.81,456.36,1509680
2024-04-09,452.83,455.095,450.43,454.66,855424
2024-04-10,452.6,458.76,449.77,457.91,983054
2024-04-11,456.59,459.93,454.78,457.83,692836
2024-04-12,462.03,468.205,455.82,456.11,1045967
2024-04-15,461.96,464.61,446.22,451.29,2007756
2024-04-16,453.08,456.15,450.05,450.35,953356
2024-04-17,452.92,453.85,448.435,452.05,818188
2024-04-18,449.88,456.6999,449.88,452.5,846252
2024-04-19,455.59,463.5,453.065,462.64,1213882
2024-04-22,464.93,472.45,462.07,470.98,1006341
2024-04-23,473.58,476.765,470.41,474.68,1365417
2024-04-24,475.09,477.12,470.78,474.57,1124259
2024-04-25,468.77,490.6,465.0,488.06,1365354
2024-04-26,487.56,488.35,477.71,480.45,1371947
2024-04-29,481.5,486.28,480.745,486.22,753660
2024-04-30,486.45,488.0623,483.53,485.03,908975
2024-05-01,485.12,490.2673,483.41,486.37,1157284
2024-05-02,484.91,488.48,474.33,475.0,1372953
2024-05-03,475.65,477.52,465.23,469.09,1443462
2024-05-06,470.34,471.26,467.31,468.86,862320
2024-05-07,470.69,474.85,468.96,473.75,734316
2024-05-08,474.61,475.76,471.36,471.61,866622
2024-05-09,471.54,474.52,471.54,473.43,868961
2024-05-10,474.26,476.3,472.42,474.8,579024
2024-05-13,475.2,480.725,475.2,476.65,507088
2024-05-14,477.75,479.21,473.85,474.07,505807
2024-05-15,471.85,473.23,466.325,469.65,682330
2024-05-16,470.32,472.42,467.63,470.69,842408
2024-05-17,471.87,471.87,468.2054,470.22,966743
2024-05-20,471.9,472.09,468.09,468.94,689391
2024-05-21,470.72,473.96,468.57,471.9,579642
2024-05-22,470.97,475.34,470.35,474.69,556380
2024-05-23,472.08,475.05,466.24,467.21,947079
2024-05-24,465.45,467.52,464.86,466.43,420855
2024-05-28,465.13,465.13,455.06,455.5,848468
2024-05-29,453.6,453.76,446.19,446.39,1340834
2024-05-30,448.48,450.16,444.83,446.52,1256961
2024-05-31,446.3,451.93,445.315,450.77,2867163
2024-06-03,449.2,453.4,448.84,449.33,1085656
2024-06-04,449.29,450.25,447.35,448.39,530701
2024-06-05,447.66,448.18,441.3,442.37,993902
2024-06-06,442.4,446.37,441.5,444.78,673554
2024-06-07,443.85,445.85,439.82,440.04,716688
2024-06-10,440.0,441.87,435.07,435.77,1013997
2024-06-11,434.25,436.0,428.97,429.82,1385091
2024-06-12,430.23,432.31,424.4,427.15,1326191
2024-06-13,426.58,426.81,420.25,423.42,1393804
2024-06-14,422.09,424.11,418.6,424.09,1085612
2024-06-17,423.04,431.04,422.19,429.78,1033523
2024-06-18,430.29,432.89,424.95,425.83,963090
2024-06-20,425.56,436.8,425.56,434.48,863827
2024-06-21,431.74,433.53,427.015,432.09,1889011
2024-06-24,433.9,437.7,428.84,430.67,1077528
2024-06-25,430.91,431.555,428.43,428.48,724367
2024-06-26,430.33,433.229,427.11,431.49,779469
2024-06-27,432.54,437.6,431.99,434.91,981633
2024-06-28,436.31,438.1,433.95,435.95,1103091
2024-07-01,437.6,440.5,433.225,435.0,719103
2024-07-02,434.72,437.48,433.66,437.37,504040
2024-07-03,436.98,438.51,434.85,437.09,303984
2024-07-05,437.09,437.09,432.49,434.73,436706
2024-07-08,435.15,436.1268,429.41,430.25,728019
2024-07-09,430.0,430.39,423.68,423.73,910409
2024-07-10,422.69,426.59,422.69,426.24,717706
2024-07-11,425.06,433.2,424.66,432.02,761214
2024-07-12,435.0,437.69,431.63,432.24,692103
2024-07-15,434.01,436.45,431.065,431.92,624407
2024-07-16,431.21,436.05,431.2,435.16,641320
2024-07-17,434.71,441.83,433.94,440.17,1140202
2024-07-18,437.44,445.86,437.44,439.61,891221
2024-07-19,442.55,442.55,434.8,437.94,720019
2024-07-22,437.6,438.87,435.105,438.1,790727
2024-07-23,439.44,443.64,437.0,442.3,681265
2024-07-24,444.44,445.9533,437.02,442.12,1301242
2024-07-25,460.93,472.83,458.93,470.57,2050784
2024-07-26,477.56,484.445,472.1101,480.3,1164624
2024-07-29,481.05,482.54,475.24,477.29,877422
2024-07-30,476.58,489.06,475.02,486.73,745118
2024-07-31,486.54,489.38,482.85,484.32,1454434
2024-08-01,485.8,494.65,483.405,493.36,997831
2024-08-02,495.98,505.0,485.7,494.55,1045802
2024-08-05,497.48,506.83,486.2881,492.63,967467
2024-08-06,493.23,495.5,485.955,486.53,741621
2024-08-07,483.36,495.045,480.68,489.75,739967
2024-08-08,487.67,495.3199,484.86,491.32,544388
2024-08-09,492.47,495.8582,487.0,494.34,519172
2024-08-12,495.49,502.69,492.0,501.66,922796
2024-08-13,501.49,502.51,496.45,502.38,780962
2024-08-14,501.47,507.5299,500.825,505.0,720133
2024-08-15,504.63,505.235,501.32,503.7,611761
2024-08-16,504.42,507.73,502.12,506.66,580332
2024-08-19,506.75,508.47,503.52,504.87,344265
2024-08-20,504.5,508.06,500.52,508.04,452948
2024-08-21,508.91,509.42,504.87,506.86,527255
2024-08-22,506.21,511.87,506.21,509.63,500873
2024-08-23,510.0,510.4,505.241,509.34,555059
2024-08-26,510.36,512.335,508.81,512.0,515215
2024-08-27,512.05,513.9085,508.0,512.44,433961
2024-08-28,515.56,517.475,510.14,513.56,638763
2024-08-29,514.0,521.52,512.195,519.35,509560
2024-08-30,516.5,523.62,516.17,523.21,712851
2024-09-03,522.65,526.66,520.51,522.69,810744
2024-09-04,524.01,528.76,520.2,523.68,580085
2024-09-05,524.74,525.802,516.33,519.39,384348
2024-09-06,519.39,522.89,514.73,515.0,535692
2024-09-09,517.0,525.0987,517.0,524.21,642061
2024-09-10,525.52,527.01,519.32,519.97,561552
2024-09-11,517.47,518.45,508.13,515.93,650279
2024-09-12,512.59,519.05,512.59,518.54,473592
2024-09-13,517.34,521.525,516.09,519.78,292828
2024-09-16,524.16,527.5,519.545,521.27,338525
2024-09-17,515.0,521.9072,513.22,520.75,423048
2024-09-18,520.75,526.715,516.9401,521.63,532791
2024-09-19,522.73,523.17,517.44,522.26,468507
2024-09-20,521.09,526.82,518.23,525.13,1330363
2024-09-23,525.24,534.61,523.55,533.14,524045
2024-09-24,531.03,533.77,526.52,529.86,528096
2024-09-25,532.18,533.0,525.09,528.11,437258
2024-09-26,524.33,530.6,523.205,524.31,426076
2024-09-27,523.49,528.93,521.97,526.79,528782
2024-09-30,526.75,528.94,521.895,528.07,957185
2024-10-01,528.18,555.5657,525.7801,543.88,1200760
2024-10-02,544.49,547.2299,538.29,538.87,691043
2024-10-03,539.85,543.6,535.0,537.58,443737
2024-10-04,535.82,538.56,534.06,536.74,393951
2024-10-07,536.26,539.3,531.46,533.97,436202
2024-10-08,536.01,536.62,531.64,532.65,422542
2024-10-09,531.55,534.53,528.77,532.23,428542
2024-10-10,532.21,532.21,525.88,527.09,372883
2024-10-11,529.01,531.0,526.53,528.7,325156
2024-10-14,530.65,535.0,527.8301,534.07,334134
2024-10-15,535.27,536.12,525.875,526.93,710690
2024-10-16,525.08,531.67,525.0,531.43,541216
2024-10-17,525.17,529.435,522.12,527.97,909233
2024-10-18,528.21,530.93,525.6,530.79,1245937
2024-10-21,533.73,536.89,525.83,529.65,579743
2024-10-22,529.8,529.8,517.82,520.2,677435
2024-10-23,522.11,522.9,515.44,516.4,919711
2024-10-24,515.91,531.0,515.7401,523.68,1310520
2024-10-25,525.83,527.7464,518.57,519.35,516098
2024-10-28,519.27,519.27,511.45,512.15,680701
2024-10-29,512.5,512.6575,504.01,504.05,582072
2024-10-30,504.05,509.37,501.85,505.34,799181
2024-10-31,505.61,511.695,504.06,509.02,908242
2024-11-01,513.9,513.9,506.33,506.95,497886
2024-11-04,507.79,510.9899,502.14,507.44,455730
2024-11-05,508.94,513.19,505.48,512.9,695563
2024-11-06,529.35,529.35,515.44,523.14,965807
2024-11-07,525.92,525.92,517.45,520.58,671768
2024-11-08,523.37,531.2699,522.2336,528.99,495835
2024-11-11,532.505,539.76,532.505,533.7,538462
2024-11-12,535.79,536.15,529.91,531.39,650229
2024-11-13,529.87,529.9,518.84,520.42,773461
2024-11-14,521.0,521.0,492.13,500.34,1187626
2024-11-15,497.28,504.235,490.87,493.99,1428579
2024-11-18,494.01,498.32,487.64,488.68,876011
2024-11-19,494.14,497.94,489.65,491.02,795309
2024-11-20,490.14,492.9499,487.44,491.98,533501
2024-11-21,493.255,496.9,489.17,496.41,609791
2024-11-22,497.365,500.0,494.31,496.87,507535
2024-11-25,491.9234,493.99,478.42,485.27,1805930
2024-11-26,485.59,491.74,482.565,488.43,849287
2024-11-27,488.0,492.42,488.0,489.08,583432
2024-11-29,489.59,490.62,486.6,489.65,336736
2024-12-02,488.09,489.18,481.91,484.75,479605
2024-12-03,485.17,486.295,483.13,485.21,683900
2024-12-04,482.71,487.8429,481.06,486.62,804726
2024-12-05,486.0,486.59,478.14,479.57,932686
2024-12-06,479.61,480.05,470.55,473.65,915772
2024-12-09,470.5979,482.0068,470.5979,479.17,930263
2024-12-10,478.01,480.68,473.29,480.18,789633
2024-12-11,480.22,480.855,474.0,475.62,1058530
2024-12-12,476.365,486.22,473.77,481.51,1317362
2024-12-13,479.46,484.015,477.67,480.0,699634
2024-12-16,478.24,484.65,477.485,482.6,859441
2024-12-17,482.21,486.89,478.39,480.29,747294
2024-12-18,480.0,483.5,467.12,467.66,839191
2024-12-19,465.88,470.97,462.81,467.13,730309
2024-12-20,465.41,474.4,464.35,469.54,1283886
2024-12-23,469.455,470.255,464.1225,467.2,581858
2024-12-24,465.93,471.79,465.9,471.09,235079
2024-12-26,471.1,474.02,469.67,472.23,294709
2024-12-27,469.62,474.65,469.0264,471.35,376022
2024-12-30,469.055,469.055,465.1835,466.52,440216
2024-12-31,466.57,470.5183,465.31,469.29,439907
2025-01-02,472.03,476.09,466.2783,468.01,598346
2025-01-03,467.99,469.61,466.46,467.82,624523
2025-01-06,465.0,466.22,453.96,455.14,873418
2025-01-07,455.14,458.545,450.81,452.39,1100021
2025-01-08,456.02,464.62,453.96,462.21,746599
2025-01-10,461.5,464.375,455.425,458.69,626425
2025-01-13,458.825,477.39,458.69,472.38,964536
2025-01-14,473.96,475.98,471.575,475.5,554115
2025-01-15,477.0,477.7,470.19,472.3,646439
2025-01-16,470.77,481.33,470.77,481.19,706639
2025-01-17,480.805,483.43,477.355,482.38,1091623
2025-01-21,490.0,507.67,489.54,504.45,1310320
2025-01-22,504.0,505.26,497.17,502.41,1326544
2025-01-23,504.995,507.64,493.23,499.77,780191
2025-01-24,497.885,500.0,496.66,497.02,556443
2025-01-27,501.02,507.38,497.0,503.23,738231
2025-01-28,501.04,502.912,485.48,486.64,1036746
2025-01-29,485.28,492.76,480.245,481.54,873545
2025-01-30,472.0,485.0,469.7273,483.37,1468496
2025-01-31,484.685,488.1,478.5,487.27,795031
2025-02-03,488.0,493.33,481.66,487.75,763381
2025-02-04,486.11,487.785,481.42,482.39,525931
2025-02-05,485.15,486.0043,470.93,472.34,1079969
2025-02-06,471.265,472.745,462.24,466.55,789945
2025-02-07,468.25,474.145,465.87,468.58,820005
2025-02-10,469.29,477.08,468.53,474.37,804829
2025-02-11,474.56,475.83,468.42,473.84,539054
2025-02-12,472.25,477.47,469.26,470.86,807079
2025-02-13,471.765,474.74,453.62,455.06,1245401
2025-02-14,453.995,453.995,434.15,438.9,2036150
2025-02-18,444.975,448.9499,439.445,441.36,1074602
2025-02-19,444.485,451.08,430.0,433.45,1784680
2025-02-20,429.08,439.0,426.24,438.11,1218926
2025-02-21,438.425,450.09,437.83,447.96,1677678
2025-02-24,450.62,456.51,449.205,449.94,1507574
2025-02-25,451.445,462.56,450.84,461.01,1241318
2025-02-26,458.605,458.905,452.7301,454.87,738919
2025-02-27,457.68,464.0,455.88,459.97,1131008
2025-02-28,463.22,464.93,455.93,461.74,901027
2025-03-03,466.39,473.8099,463.16,473.41,1255892
2025-03-04,470.935,480.88,463.14,463.83,1335757
2025-03-05,468.26,479.635,466.59,474.2,1188734
2025-03-06,475.995,477.065,465.1972,475.2,941680
2025-03-07,472.225,491.1,472.225,486.52,1027327
2025-03-10,486.52,510.21,483.71,495.45,1567057
2025-03-11,494.0,495.45,484.805,494.11,1555026
2025-03-12,488.98,492.0,474.5,475.1,1136643
2025-03-13,478.6799,492.6,471.89,490.59,1330620
2025-03-14,488.62,497.36,483.07,484.93,1402947
2025-03-17,484.48,492.99,484.19,490.5,748298
2025-03-18,491.29,494.2,488.23,489.81,620073
2025-03-19,492.31,497.66,486.0,491.52,846818
2025-03-20,491.415,492.835,487.015,489.23,685626
2025-03-21,489.665,494.79,483.9877,490.72,2084847
2025-03-24,491.5,495.5,489.0949,495.08,626701
2025-03-25,498.0,509.42,496.0,506.62,991509
2025-03-26,508.5,510.91,504.7702,507.14,821127
2025-03-27,512.94,518.69,511.91,513.82,928995
2025-03-28,516.85,516.85,507.13,512.19,730609
2025-03-31,512.0,518.89,508.475,512.01,981890
2025-04-01,515.5,517.31,509.38,513.1,710782
2025-04-02,512.5,514.5,508.04,512.18,750845
2025-04-03,513.0,525.0,512.5,515.17,1056006
2025-04-04,516.775,516.775,484.89,485.52,1692564
2025-04-07,480.0,495.0,472.9637,481.57,1967372
2025-04-08,499.71,503.01,487.58,491.97,1226373
2025-04-09,483.555,519.5,480.9,512.3,1608385
2025-04-10,510.965,521.55,503.285,516.09,1071871
2025-04-11,517.4043,537.75,514.19,533.99,1179025
2025-04-14,531.105,538.685,525.71,535.82,714372
2025-04-15,535.05,536.5475,528.0,529.36,927069
2025-04-16,537.77,544.0,534.13,537.51,1381558
2025-04-17,530.43,544.76,530.08,540.39,1102427
2025-04-21,539.88,540.0,526.445,531.33,1342948
2025-04-22,484.75,494.2,450.13,464.08,4788433
2025-04-23,466.66,478.8199,460.36,472.65,1929171
2025-04-24,471.245,471.245,462.48,463.07,1805297
2025-04-25,465.345,473.49,458.35,473.2,1329484
2025-04-28,476.0,487.0,475.55,483.31,1817329
2025-04-29,484.015,487.115,480.0,482.1,977355
2025-04-30,483.555,487.82,475.54,486.5,1312646
2025-05-01,485.2,488.17,482.088,486.67,1194027
2025-05-02,491.535,498.53,478.77,491.42,1728644
2025-05-05,494.0,496.21,489.48,493.33,830409
2025-05-06,491.815,493.09,484.98,487.48,655190
2025-05-07,487.82,488.7,481.0,486.04,875412
2025-05-08,487.585,489.84,483.63,484.37,920966
2025-05-09,484.5,485.12,475.88,482.62,639686
2025-05-12,480.64,482.79,471.55,479.16,1292098
2025-05-13,479.98,479.98,470.63,470.67,883925
2025-05-14,461.375,465.0,453.01,456.3,1272823
2025-05-15,459.65,470.89,459.25,469.05,1116163
2025-05-16,470.12,473.56,466.38,473.17,1148389
2025-05-19,474.495,476.12,469.28,471.12,959074
2025-05-20,470.65,477.87,469.89,476.6,1001786
2025-05-21,480.35,481.11,472.34,473.9,902975
2025-05-22,471.53,475.651,468.98,472.88,922364
2025-05-23,472.97,472.97,468.2864,471.46,679237
2025-05-27,471.99,475.66,470.3,475.47,868705
2025-05-28,477.49,478.09,473.7,475.32,924352
2025-05-29,473.265,480.25,468.5,479.39,864033
2025-05-30,478.415,485.99,475.0601,484.77,1304485
2025-06-02,481.715,483.85,478.92,483.38,765350
2025-06-03,483.735,488.63,481.75,488.22,578461
2025-06-04,488.555,495.9,488.05,491.29,766889
2025-06-05,492.695,492.95,484.53,488.12,634320
2025-06-06,488.845,491.43,486.56,489.41,372476
2025-06-09,489.1,492.11,483.76,491.36,617716
2025-06-10,491.385,491.53,486.635,488.8,535908
2025-06-11,484.595,488.71,472.02,488.46,895249
2025-06-12,488.5,497.32,487.945,497.13,635177
2025-06-13,504.0,519.43,503.2,516.72,1843953
2025-06-16,511.0,515.0,495.58,497.52,1168662
2025-06-17,501.51,505.85,498.059,503.97,764299
2025-06-18,504.42,506.5999,493.58,494.65,792680
2025-06-20,497.805,499.86,488.0,497.7,916352
2025-06-23,501.55,508.32,496.4412,499.67,978833
2025-06-24,494.64,495.12,481.28,484.0,930618
2025-06-25,488.0,488.46,483.84,486.92,724829
2025-06-26,489.21,497.04,487.68,493.66,876453
2025-06-27,490.0,494.68,489.26,494.0,874362
2025-06-30,495.5,501.08,493.96,499.98,644139
2025-07-01,499.455,504.81,496.38,503.53,651573
2025-07-02,493.5,499.02,489.52,498.9,817524
2025-07-03,499.72,505.19,498.61,504.2,381831
2025-07-07,506.52,509.6,503.2001,507.92,653555
2025-07-08,502.52,506.93,500.835,504.85,669571
2025-07-09,505.995,508.405,502.2955,507.94,608961
2025-07-10,506.405,514.93,504.9796,513.87,624131
2025-07-11,512.835,515.195,508.02,514.6,748973
2025-07-14,516.27,523.76,513.33,521.11,790441
2025-07-15,520.41,523.46,516.15,516.82,539574
2025-07-16,517.27,520.78,514.0601,519.7,483661
2025-07-17,520.575,525.52,518.64,523.83,621049
2025-07-18,523.405,528.27,515.64,519.04,874064
2025-07-21,518.525,523.98,514.39,515.29,832867
2025-07-22,536.01,567.1234,535.52,563.79,2395123
2025-07-23,563.14,568.67,551.805,568.5,1251078
2025-07-24,566.75,576.86,566.5801,568.48,974954
2025-07-25,568.51,570.155,563.305,569.74,635756
2025-07-28,570.0,570.0,563.64,568.62,679713
2025-07-29,570.92,573.3,568.19,573.22,682782
2025-07-30,572.13,573.8099,568.711,572.81,661769
2025-07-31,571.4,577.38,568.8901,576.61,850666
2025-08-01,577.135,587.88,572.95,586.44,1006502
2025-08-04,585.405,592.16,584.125,589.75,970347
2025-08-05,590.125,594.68,586.01,589.95,905822
2025-08-06,589.785,593.48,586.7,589.29,992555
2025-08-07,582.03,588.23,580.0,587.38,626641
2025-08-08,586.75,591.07,579.15,581.11,749480
2025-08-11,579.15,583.775,575.45,580.24,744795
2025-08-12,580.0,581.625,577.62,580.8,643893
2025-08-13,583.16,586.8866,576.22,582.09,745676
2025-08-14,582.5,585.285,580.935,583.72,543334
2025-08-15,583.5,586.75,580.9186,583.96,667579
2025-08-18,586.5,592.225,583.5403,584.82,922401
2025-08-19,584.0,589.48,582.2225,586.23,470841
2025-08-20,589.86,595.32,587.77,592.54,610481
2025-08-21,593.225,598.83,591.313,597.21,610288
2025-08-22,598.84,600.99,591.3674,592.44,616735
2025-08-25,592.52,595.4,586.05,586.74,478197
2025-08-26,588.115,595.85,588.115,593.02,1002304
2025-08-27,594.275,594.55,585.03757,586.61,679475
2025-08-28,586.95,587.94,580.9,587.9,479159
2025-08-29,587.99,591.5718,587.08,590.04,528588
2025-09-02,592.475,596.1647,585.26,589.32,635899
2025-09-03,586.3,588.0,577.69,581.01,463170
2025-09-04,581.94,581.94,576.0,579.76,505548
2025-09-05,580.025,581.165,574.82,580.8,633710
2025-09-08,574.0,582.13,571.365,581.9,814129
2025-09-09,579.705,580.49,571.44,571.63,482591
2025-09-10,570.02,580.84,570.0,579.87,547458
2025-09-11,578.98,585.76,578.0,582.95,901131
2025-09-12,580.59,583.13,575.18,575.96,717913
2025-09-15,574.4142,576.47,571.115,574.54,804620
2025-09-16,575.95,587.24,575.95,579.36,1104597
2025-09-17,579.46,585.0,576.3901,577.08,790271
2025-09-18,575.79,576.98,568.32,573.75,798950
2025-09-19,569.12,576.15,565.5,573.03,1478380
2025-09-22,572.075,577.6475,570.26,576.15,566750
2025-09-23,576.525,580.665,571.08,577.08,656281
2025-09-24,580.72,589.6,577.0,586.27,784174
2025-09-25,589.8,593.75,582.485,585.77,1074102
2025-09-26,587.24,594.96,586.85,594.52,511016
2025-09-29,598.72,604.125,591.51,593.99,777141
2025-09-30,595.48,610.12,593.1,609.32,803097
2025-10-01,608.745,610.85,603.01,605.42,558360
2025-10-02,604.0,607.2635,601.96,605.01,453946
2025-10-03,606.585,610.64,605.3,609.54,435952
2025-10-06,609.0,619.71,609.0,618.52,540307
2025-10-07,622.9,627.8099,618.395,621.63,838233
2025-10-08,630.115,638.54,625.55,637.95,939163
2025-10-09,638.0,640.901,631.37,635.01,1007665
2025-10-10,635.245,635.245,619.4101,623.49,660101
2025-10-13,622.23,624.055,616.9,618.88,452758
2025-10-14,619.16,627.41,618.07,626.93,437591
2025-10-15,624.61,627.05,600.0838,608.93,666900
2025-10-16,611.8,611.8,597.595,598.98,781930
2025-10-17,596.72,601.645,591.68,594.5,825196
2025-10-20,598.88,602.9,596.21,602.0,1084102
2025-10-21,588.63,604.89,571.36,599.35,1750875
2025-10-22,598.945,605.9599,595.65,596.48,1122830
2025-10-23,598.92,609.82,598.01,605.74,655583
2025-10-24,607.87,608.5,597.08,605.58,564834
2025-10-27,604.87,605.65,595.0,595.95,501263
2025-10-28,594.08,598.945,591.24,595.05,714928
2025-10-29,589.99,594.215,582.51,584.99,723541
2025-10-30,585.84,591.73,577.74,578.6,1103098
2025-10-31,580.41,586.63,575.82,583.45,840195
2025-11-03,580.26,581.19,571.68,575.41,657827
2025-11-04,573.73,579.59,568.4,577.14,494370
2025-11-05,572.89,579.53,569.74,570.5,535803
2025-11-06,571.245,578.04,569.95,571.96,610823
2025-11-07,571.65,571.97,562.44,568.61,646062
2025-11-10,564.805,567.06,557.39,562.98,1075772
2025-11-11,564.27,570.79,559.0,566.74,743405
2025-11-12,564.33,569.1501,558.4,558.57,669774
2025-11-13,560.825,563.41,556.84,558.0,828402
2025-11-14,557.0,562.03,553.365,558.0,742576
2025-11-17,559.44,563.08,556.29,563.03,913005
2025-11-18,564.175,573.305,564.175,566.76,1047053
2025-11-19,560.78,567.2,557.46,565.0,665424
2025-11-20,568.74,573.2632,563.51,567.35,688174
2025-11-21,568.08,571.67,563.08,566.7,943949
2025-11-24,563.33,566.27,560.0,565.56,731697
2025-11-25,566.69,574.5,565.7,569.42,919543
2025-11-26,570.74,582.6,567.08,567.11,445835
2025-11-28,567.35,573.68,566.63,572.25,421752
2025-12-01,568.5,568.5,543.66,545.51,795036
2025-12-02,546.68,551.275,545.17,546.97,779359
2025-12-03,549.38,554.52,546.49,553.32,889964
2025-12-04,553.37,560.0,551.555,553.0,753134
2025-12-05,551.76,552.28,544.16,548.97,785551
2025-12-08,549.0,553.615,546.51,553.56,706019
2025-12-09,554.12,557.7382,550.25,550.63,411023
2025-12-10,548.755,558.61,546.52,555.36,680045
2025-12-11,557.2,568.66,556.93,560.04,618246
2025-12-12,563.19,571.6,560.5,569.76,784474
2025-12-15,569.3,575.79,568.571,575.79,448889
2025-12-16,574.2,574.2,565.84,568.72,488152
2025-12-17,562.015,572.3,557.59,564.19,761812
2025-12-18,564.0,569.93,558.06,559.52,950163
2025-12-19,559.0,570.96,557.975,568.46,1329782
2025-12-22,570.3,585.28,568.9,584.66,530052
2025-12-23,585.6,586.0,576.7,580.06,564760
2025-12-24,581.14,587.2911,581.14,582.35,202613
2025-12-26,582.71,582.71,575.4501,577.37,230390
2025-12-29,578.345,580.7589,576.88,577.78,250063
2025-12-30,579.0,580.12,574.31,574.57,526276
2025-12-31,576.635,577.0,570.02,570.21,419626
2026-01-02,569.92,585.85,564.5,585.66,477415
2026-01-05,593.96,611.37,591.195,611.32,941893
2026-01-06,613.6,619.2,606.82,610.61,997986
2026-01-07,615.695,617.99,574.51,577.01,1674529
2026-01-08,616.505,638.84,585.95,590.79,3608001
2026-01-09,590.68,619.785,590.68,618.82,1450100
2026-01-12,624.685,635.76,623.38,629.32,1262566
2026-01-13,637.63,639.79,619.68,625.5,1153772
2026-01-14,626.095,654.52,624.855,653.14,1480940
2026-01-15,640.37,658.41,632.98,654.61,965718
2026-01-16,658.89,669.68,657.26,666.9,969323
2026-01-20,666.0,674.75,653.02,657.3,1000516
2026-01-21,659.29,669.63,654.655,664.16,1011259
2026-01-22,661.32,671.1,660.0,670.44,602166
2026-01-23,672.845,677.3,668.51,672.95,597948
2026-01-26,671.45,671.45,659.11,660.97,1024553
2026-01-27,649.65,683.01,636.0,678.74,1363626
2026-01-28,675.75,690.74,664.0,689.13,1222584
2026-01-29,698.94,705.445,686.05,695.35,1064621
2026-01-30,688.03,697.67,681.1,692.26,953190
2026-02-02,685.02,690.47,675.4,685.02,1180269
2026-02-03,694.45,707.66,685.5,704.98,942708
2026-02-04,705.75,709.39,677.39,689.75,1732021
2026-02-05,680.73,704.1799,679.0,696.5,845704
2026-02-06,699.98,711.88,699.53,709.11,635159
2026-02-09,712.1125,715.61,698.0,698.02,694076
2026-02-10,702.32,702.32,684.37,685.0,956318
2026-02-11,683.015,688.1099,674.75,678.83,865349
2026-02-12,680.75,696.72,679.92,695.06,887441
2026-02-13,696.735,709.0,696.26,702.57,676157
2026-02-17,702.59,708.0,698.7336,701.12,614507
2026-02-18,710.0,725.55,702.49,724.83,1194639
2026-02-19,727.255,745.55,727.255,736.87,1008423
2026-02-20,734.89,737.7471,718.01,723.56,744144
2026-02-23,721.26,731.4525,719.42,725.39,567200
2026-02-24,726.56,734.58,710.47,727.73,735000
2026-02-25,728.5,728.5,691.0303,703.65,1634900
2026-02-26,703.25,713.81,700.17,710.9,587967
2026-02-27,719.0,727.29,714.81,724.38,895871
2026-03-02,743.725,768.22,739.81,768.02,1474378
2026-03-03,768.5,774.0,751.87,759.11,1304764
2026-03-04,757.05,758.2772,737.75,753.84,1205145
2026-03-05,749.25,751.94,734.355,740.01,919555
2026-03-06,742.345,758.68,738.01,756.13,772869
2026-03-09,763.0,765.58,744.57,747.34,910397
2026-03-10,740.08,744.97,730.19,734.98,642315
2026-03-11,730.0,742.1,728.5701,733.18,622720
2026-03-12,733.51,746.18,726.575,736.3,753636
2026-03-13,740.49,746.89,728.3379,733.71,481854
2026-03-16,733.71,737.395,726.17,735.96,604690
2026-03-17,734.0,736.87,720.8001,724.03,764788
2026-03-18,729.45,731.175,720.0,724.84,545689
2026-03-19,717.1008,728.0,707.01,714.15,849922
2026-03-20,710.9,717.34,701.0,706.95,1718224
2026-03-23,704.0,706.73,678.745,680.0,1226263
2026-03-24,670.01,689.29,668.2,682.16,730962
2026-03-25,688.0,692.79,681.8001,691.21,579723
2026-03-26,689.65,696.93,687.475,691.99,543200
2026-03-27,692.26,693.845,677.96,679.0,581874
2026-03-30,689.04,693.01,663.925,671.59,927445
2026-03-31,679.86,685.52,667.2801,682.24,551308
2026-04-01,689.34,702.18,684.75,697.0,551454
2026-04-02,700.7,708.55,698.19,702.5,613281
2026-04-06,701.0,703.06,687.95,695.79,792547
2026-04-07,690.14,696.785,686.39,690.5,608490
2026-04-08,681.53,690.79,673.5,687.47,1300699
2026-04-09,689.7,698.53,685.0,690.57,777236
2026-04-10,685.34,687.0,665.0,673.73,499992
2026-04-13,677.72,683.869,677.01,681.31,515986
2026-04-14,678.46,681.68,674.549,680.13,535514
2026-04-15,680.66,682.88,676.0,678.59,547387
2026-04-16,679.1,680.41,669.895,672.77,670485
2026-04-17,671.34,677.75,663.02,665.26,745380
2026-04-20,667.0,673.34,653.36,656.98,787928
2026-04-21,640.0,652.9999,610.39,611.13,1632025
2026-04-22,611.1,615.0,583.5,589.62,1304944
2026-04-23,592.57,596.5,583.23,587.66,1387121
2026-04-24,582.32,582.78,569.0,575.11,1041198
2026-04-27,577.0,588.26,569.56,575.28,932245
2026-04-28,581.96,582.99,570.66,577.82,585908
2026-04-29,578.0,582.13,567.3299,572.41,683931
2026-04-30,574.14,580.74,573.25,579.48,649737
2026-05-01,578.745,580.86,568.09,568.14,647148
2026-05-04,567.31,577.5,565.19,567.0,708092
2026-05-05,570.05,570.5,553.41,558.6,923670
2026-05-06,558.97,560.62,551.25,559.6,772801
2026-05-07,559.23,561.32,548.3,552.27,841481
2026-05-08,554.97,555.03,544.2401,549.52,742676
2026-05-11,546.0,554.2481,544.12,548.21,667698
2026-05-12,550.0,559.46,546.57,558.3,684924
2026-05-13,554.35,554.35,544.1,551.8,568213
2026-05-14,553.54,555.97,547.285,548.65,524720
2026-05-15,548.72,552.8,539.14,540.69,648912
2026-05-18,540.0,552.75,539.0,550.0,1286227
2026-05-19,552.95,557.09,550.08,556.34,829898
2026-05-20,556.06,556.06,547.565,552.17,966274
2026-05-21,553.62,555.96,546.76,551.58,799528
2026-05-22,552.54,557.69,550.49,555.58,652267
2026-05-26,557.73,558.99,550.34,556.8,607115
2026-05-27,552.35,555.49,548.55,551.34,520732
2026-05-28,552.26,560.55,551.34,559.29,1060239
2026-05-29,561.31,563.93,551.03,563.68,1975853
2026-06-01,559.93,559.93,538.62,539.22,1321747
2026-06-02,535.17,538.4253,531.8,536.59,1333447
2026-06-03,533.54,538.43,525.73,526.06,1220882
2026-06-04,532.5,545.43,531.33,545.17,1014259
2026-06-05,550.0,551.96,540.165,544.4,1069825
2026-06-08,542.03,546.8599,531.5,540.81,1033213
2026-06-09,538.35,548.75,537.44,548.67,968157
2026-06-10,552.9,552.92,541.0,542.14,751210
2026-06-11,543.87,559.7,541.3778,552.52,896876
2026-06-12,553.0,554.06,546.99,550.33,800971
2026-06-15,542.35,546.07,536.74,544.73,1073731
2026-06-16,545.9,554.2,544.35,551.21,741415
2026-06-17,549.0,558.7999,544.35,550.15,709547
2026-06-18,552.14,553.5,515.38,521.5,2402885
2026-06-22,515.59,516.07,503.68,507.33,1122977
2026-06-23,519.07,519.63,509.48,513.22,790758
2026-06-24,515.14,517.1298,502.77,503.01,1222611
2026-06-25,501.0,512.435,498.75,499.33,775307
2026-06-26,501.75,507.2799,498.13,500.03,1584491
2026-06-29,502.0,503.81,493.84,496.02,1149509
2026-06-30,499.76,509.57,495.1,509.31,1293486
2026-07-01,514.44,525.31,511.08,519.95,902135
