date,open,high,low,close,volume
1996-01-02,15.1341,15.5964,15.1341,15.5103,684867
1996-01-03,15.5509,15.928,15.5509,15.928,903862
1996-01-04,15.928,15.928,15.5964,15.6795,1070071
1996-01-05,15.636,15.8032,15.5964,15.636,754768
1996-01-08,15.5964,15.6795,15.5509,15.636,128078
1996-01-09,15.6795,15.7646,15.4707,15.632,396694
1996-01-10,15.5103,15.5509,15.2202,15.2618,543833
1996-01-11,15.2202,15.2618,14.9668,15.2202,555815
1996-01-12,15.3004,15.3004,14.9668,15.0519,463905
1996-01-15,15.1341,15.3004,15.1341,15.1747,433113
1996-01-16,15.1747,15.2618,15.0519,15.1747,585628
1996-01-17,15.1341,15.2618,15.0519,15.2202,925860
1996-01-18,15.1747,15.1747,14.8836,14.9262,1229928
1996-01-19,14.6323,14.757,14.3402,14.6323,1735873
1996-01-22,14.6758,14.9262,14.6323,14.8836,961054
1996-01-23,14.8401,15.0114,14.8401,14.9668,677531
1996-01-24,14.9668,15.1747,14.9262,15.1747,996743
1996-01-25,15.1341,15.2202,15.0519,15.1341,577320
1996-01-26,15.1341,15.5509,15.1341,15.4271,641361
1996-01-29,15.3885,15.5964,15.342,15.5103,891890
1996-01-30,15.4271,15.5964,15.3004,15.5964,661154
1996-01-31,15.5964,15.636,15.4271,15.636,781412
1996-02-01,15.5964,15.636,15.4271,15.5103,458286
1996-02-02,15.5103,15.5964,15.1341,15.3004,504245
1996-02-05,15.3004,15.5103,15.1747,15.4707,544568
1996-02-06,15.4707,15.4707,15.0905,15.2618,875023
1996-02-07,15.2202,15.636,15.1747,15.636,1315949
1996-02-08,15.5509,15.8874,15.4707,15.8448,469043
1996-02-09,15.636,16.1368,15.636,15.9735,891643
1996-02-12,15.9735,16.3893,15.9735,16.3893,1011893
1996-02-13,16.224,16.3487,16.0527,16.3041,1227228
1996-02-14,16.0953,16.1784,15.8032,15.9735,824429
1996-02-15,15.9429,16.0695,15.6478,15.6944,598091
1996-02-16,15.6083,15.6478,15.1876,15.3984,1746874
1996-02-20,14.9787,15.1876,14.8084,15.1469,2311965
1996-02-21,15.1469,15.3122,15.1035,15.2737,2562253
1996-02-22,15.3984,15.8617,15.3548,15.8617,878195
1996-02-23,15.9913,16.0695,15.6478,15.9043,820269
1996-02-26,15.8617,15.9913,15.6478,15.9043,705147
1996-02-27,15.9043,15.9043,15.735,15.8211,565338
1996-02-28,15.8211,15.9913,15.6083,15.6083,732767
1996-02-29,15.5281,15.6944,15.3548,15.6083,606404
1996-03-01,15.735,15.7766,15.5667,15.7766,543586
1996-03-04,15.8617,16.118,15.8617,15.9913,726414
1996-03-05,15.9913,16.118,15.8617,16.118,399867
1996-03-06,16.0299,16.118,15.9429,15.9913,578540
1996-03-07,15.9043,15.9043,15.735,15.7766,506926
1996-03-08,15.5281,15.7766,15.44,15.6478,911932
1996-03-11,15.5667,15.735,15.4815,15.735,681689
1996-03-12,15.6478,16.118,15.5667,15.8617,793388
1996-03-13,15.8617,16.0299,15.735,16.0299,695859
1996-03-14,15.9913,16.2833,15.8211,16.2408,757457
1996-03-15,16.1546,16.1972,16.0695,16.118,1237991
1996-03-18,16.2408,16.3655,16.1972,16.3655,637445
1996-03-19,16.3655,16.4516,16.2408,16.3239,758428
1996-03-20,16.3239,16.4101,16.1546,16.2408,1084245
1996-03-21,16.1972,16.2833,16.0299,16.1546,766747
1996-03-22,16.1546,16.6199,16.1546,16.5784,1188608
1996-03-25,16.7862,16.8277,16.4516,16.4516,2233266
1996-03-26,16.5784,16.8743,16.5566,16.6199,1345772
1996-03-27,16.5784,16.6595,16.4516,16.4516,508147
1996-03-28,16.3239,16.4922,16.2833,16.4516,1527624
1996-03-29,16.5328,16.5328,16.4101,16.4516,604449
1996-04-01,16.4516,16.998,16.4516,16.9149,993077
1996-04-02,16.7446,16.8743,16.704,16.8277,628164
1996-04-03,16.7862,17.0832,16.7446,16.9555,526230
1996-04-04,16.8743,16.9555,16.7862,16.8277,1092556
1996-04-08,16.5784,16.704,16.3655,16.6199,959343
1996-04-09,16.6199,16.7862,16.5328,16.6199,1125554
1996-04-10,16.4922,16.5784,16.4101,16.4516,728128
1996-04-11,16.4101,16.5328,16.3239,16.5328,577320
1996-04-12,16.4922,16.5328,16.3239,16.4101,1109423
1996-04-15,16.4101,16.4516,16.3239,16.4516,1125554
1996-04-16,16.4101,16.7446,16.3655,16.6595,750126
1996-04-17,16.6199,16.7862,16.5328,16.6199,581467
1996-04-18,16.6199,16.7446,16.4516,16.6595,882356
1996-04-19,17.0832,17.4168,17.0406,17.3346,1103551
1996-04-22,17.1663,17.2079,16.9555,17.1228,894335
1996-04-23,17.1228,17.4622,17.0832,17.4622,859867
1996-04-24,17.4168,17.4168,17.1228,17.2485,395960
1996-04-25,17.1663,17.2079,16.998,17.0832,591002
1996-04-26,17.1228,17.4168,17.0832,17.2485,386671
1996-04-29,17.1663,17.2079,17.0406,17.0832,301613
1996-04-30,17.0832,17.1228,16.998,17.0406,550918
1996-05-01,17.0406,17.1228,16.998,17.0406,372986
1996-05-02,17.0406,17.0832,16.998,17.0832,618873
1996-05-03,17.0832,17.1228,16.998,16.998,449734
1996-05-06,17.0406,17.0832,16.8743,17.0832,984032
1996-05-07,16.998,17.0406,16.8277,16.9555,592470
1996-05-08,16.8941,17.0188,16.8119,16.9376,823693
1996-05-09,16.8941,17.1911,16.8525,17.0188,440935
1996-05-10,17.105,17.3584,17.0654,17.2742,825407
1996-05-13,17.105,17.2742,17.0188,17.2317,761370
1996-05-14,17.1911,17.4039,17.1911,17.3584,496902
1996-05-15,17.3584,17.5722,17.2317,17.5306,600785
1996-05-16,17.5306,17.5306,17.3584,17.4464,526967
1996-05-17,17.488,17.8682,17.4464,17.6137,788008
1996-05-20,17.785,17.8682,17.6603,17.8682,730082
1996-05-21,17.8246,17.9513,17.8246,17.9513,625712
1996-05-22,17.6999,17.9919,17.6137,17.9513,725192
1996-05-23,17.9513,18.1245,17.9513,17.9513,494212
1996-05-24,17.9513,18.0789,17.9156,18.0789,763808
1996-05-28,17.9513,18.0374,17.8246,17.9156,675332
1996-05-29,17.9156,17.9513,17.785,17.8246,354654
1996-05-30,17.7375,17.9919,17.6999,17.9513,786786
1996-05-31,17.785,17.8246,17.4464,17.5306,599317
1996-06-03,17.4039,17.6137,17.3584,17.6137,475151
1996-06-04,17.6137,17.6137,17.5306,17.5722,459017
1996-06-05,17.488,17.5722,17.4039,17.488,399138
1996-06-06,17.488,17.488,17.0188,17.105,1221860
1996-06-07,16.5992,17.0188,16.5992,16.9772,1465545
1996-06-10,17.0654,17.0654,16.8941,16.9772,1211348
1996-06-11,16.9376,17.105,16.8941,16.9772,770168
1996-06-12,16.9772,17.2317,16.8941,17.0654,408427
1996-06-13,17.0654,17.0654,16.7664,17.0188,675090
1996-06-14,16.9376,16.9772,16.7664,16.7664,838120
1996-06-17,16.8119,16.9376,16.7664,16.7664,706618
1996-06-18,16.7664,16.8941,16.7664,16.8525,362716
1996-06-19,16.8525,16.8941,16.6842,16.8525,599317
1996-06-20,16.8525,16.8941,16.512,16.5566,458528
1996-06-21,16.5566,16.7664,16.512,16.6842,1118464
1996-06-24,16.7664,16.9772,16.6842,16.9376,963017
1996-06-25,16.8941,16.9772,16.8119,16.8119,880645
1996-06-26,16.8525,16.9376,16.7248,16.7664,731553
1996-06-27,16.7664,16.8119,16.7248,16.8119,571211
1996-06-28,16.8941,16.8941,16.4724,16.512,1310583
1996-07-01,16.5992,16.6397,16.219,16.4724,841049
1996-07-02,16.4724,16.4724,16.3447,16.3853,834443
1996-07-03,16.2596,16.3853,16.2596,16.3447,538700
1996-07-05,16.0913,16.1714,15.9656,16.0448,313839
1996-07-08,16.1329,16.1714,16.0081,16.0448,463417
1996-07-09,16.0448,16.3447,16.0081,16.2596,642091
1996-07-10,16.1329,16.219,15.8785,16.1329,710774
1996-07-11,16.1714,16.3447,16.0081,16.0081,361253
1996-07-12,16.0081,16.0913,15.6666,15.8369,522320
1996-07-15,15.7518,15.7518,15.2856,15.4103,1028519
1996-07-16,15.3726,15.5795,15.1183,15.3262,1227228
1996-07-17,15.4103,15.4964,15.1994,15.245,879909
1996-07-18,15.3262,16.0081,15.3262,15.8369,931972
1996-07-19,15.7924,15.9191,15.4539,15.6241,548964
1996-07-22,15.6666,15.7102,15.3726,15.4103,622045
1996-07-23,15.4964,15.6666,15.2856,15.3726,1079846
1996-07-24,15.245,16.0081,15.245,15.9191,1397100
1996-07-25,15.9191,16.1714,15.9191,15.9656,1445012
1996-07-26,16.0448,16.5566,16.0081,16.4269,591738
1996-07-29,16.3447,16.4724,16.2596,16.2992,512795
1996-07-30,16.2992,16.5566,16.2596,16.5566,533814
1996-07-31,16.5566,16.7664,16.512,16.6842,437762
1996-08-01,16.5992,17.105,16.5992,17.0188,706377
1996-08-02,17.1911,17.4464,17.1475,17.2742,579522
1996-08-05,17.1911,17.2742,17.1911,17.2742,309926
1996-08-06,17.1475,17.2742,17.105,17.2317,672639
1996-08-07,17.2317,17.4039,17.1911,17.2742,1168078
1996-08-08,17.2989,17.5098,17.2573,17.5098,1012138
1996-08-09,17.4712,17.5949,17.2989,17.5563,566563
1996-08-12,17.4296,17.6831,17.4296,17.6831,741573
1996-08-13,17.5949,17.6831,17.4296,17.4712,777989
1996-08-14,17.4712,17.6445,17.4712,17.5098,1034877
1996-08-15,17.5563,17.5563,17.2989,17.2989,608359
1996-08-16,17.2989,17.5098,17.2989,17.5098,648446
1996-08-19,17.4296,17.5949,17.3415,17.5563,410134
1996-08-20,17.4712,17.7207,17.4712,17.5949,530631
1996-08-21,17.5563,17.5563,17.4296,17.5098,594184
1996-08-22,17.3831,17.5563,17.3415,17.4296,844227
1996-08-23,17.3415,17.4712,17.2989,17.4296,379339
1996-08-26,17.3415,17.3831,17.1287,17.2573,359295
1996-08-27,17.2129,17.3415,17.1287,17.2573,327768
1996-08-28,17.2129,17.2989,17.2129,17.2573,300880
1996-08-29,17.2129,17.2129,16.9179,17.0446,446314
1996-08-30,16.998,17.0446,16.8307,16.8307,511080
1996-09-03,16.7001,16.9179,16.5734,16.8743,483950
1996-09-04,16.9179,17.0446,16.7446,17.0446,410625
1996-09-05,16.9594,16.9594,16.8307,16.9179,438738
1996-09-06,16.998,17.2573,16.9179,17.1287,477353
1996-09-09,17.2573,17.5098,17.2573,17.4712,441179
1996-09-10,17.5563,17.5949,17.5098,17.5563,696840
1996-09-11,17.5563,17.7207,17.5098,17.7207,458528
1996-09-12,17.7207,17.8552,17.6445,17.7207,297704
1996-09-13,17.8998,18.0641,17.8998,18.0641,319697
1996-09-16,18.0641,18.2344,17.9384,18.0641,582205
1996-09-17,18.1117,18.1117,17.8552,18.0641,504245
1996-09-18,17.981,18.0206,17.7662,17.8552,447773
1996-09-19,17.8088,18.0641,17.7207,17.8998,426753
1996-09-20,17.9384,18.1552,17.8998,18.1552,1499031
1996-09-23,17.8998,18.1117,17.8998,18.0206,1022410
1996-09-24,18.0206,18.2344,17.9384,18.1918,793145
1996-09-25,18.1552,18.2809,18.1117,18.2344,575364
1996-09-26,18.1918,18.4066,18.174,18.2809,962032
1996-09-27,18.1918,18.3205,18.1117,18.2809,440198
1996-09-30,18.2344,18.5789,18.2344,18.5343,1031451
1996-10-01,18.4066,18.4066,18.2809,18.2809,681932
1996-10-02,18.4066,18.4907,18.2809,18.4066,663117
1996-10-03,18.4066,18.7462,18.4066,18.7462,1044401
1996-10-04,18.7462,18.8333,18.6204,18.7462,456089
1996-10-07,18.7046,18.7462,18.6204,18.6204,371274
1996-10-08,18.5789,18.7917,18.5789,18.6204,507172
1996-10-09,18.6204,18.7046,18.1552,18.5343,659443
1996-10-10,18.4066,18.6204,18.366,18.6204,409892
1996-10-11,18.6204,18.7462,18.6204,18.7046,371027
1996-10-14,18.665,19.0025,18.665,18.9183,294275
1996-10-15,18.9183,18.9589,18.7462,18.7917,685355
1996-10-16,18.8333,19.0451,18.7462,19.0451,546522
1996-10-17,19.0896,19.6895,19.0451,19.3421,706377
1996-10-18,19.3895,19.3895,19.1788,19.3421,302834
1996-10-21,19.3421,19.3895,19.2569,19.3421,356603
1996-10-22,19.3421,19.3421,19.2164,19.3015,309680
1996-10-23,19.2164,19.4301,19.1788,19.4301,402560
1996-10-24,19.4301,19.4717,19.1976,19.3895,593941
1996-10-25,19.3015,19.4301,19.3015,19.3015,290616
1996-10-28,19.4301,19.643,19.3421,19.4301,799989
1996-10-29,19.4301,19.5153,19.2569,19.4301,1042698
1996-10-30,19.4717,19.4717,19.1788,19.3015,618628
1996-10-31,19.2164,19.5153,19.1292,19.4301,444601
1996-11-01,19.4717,19.6895,19.4717,19.643,472222
1996-11-04,19.7261,19.7261,19.4717,19.643,478325
1996-11-05,19.6895,19.7687,19.643,19.6895,253457
1996-11-06,19.6895,19.7261,19.6024,19.7261,392049
1996-11-07,19.7519,20.2221,19.7053,20.0963,625712
1996-11-08,20.0112,20.0963,19.8805,20.0963,187220
1996-11-11,20.0963,20.4378,20.0518,20.3952,593941
1996-11-12,20.3497,20.4378,20.1835,20.3091,717613
1996-11-13,20.2221,20.4814,20.1835,20.3952,287189
1996-11-14,20.2646,20.3497,20.1389,20.2221,508147
1996-11-15,20.2221,20.2221,20.0518,20.0963,707593
1996-11-18,20.1389,20.2221,20.0112,20.1835,540164
1996-11-19,20.2221,20.2646,20.1835,20.2221,432382
1996-11-20,20.2221,20.3091,20.1389,20.3091,325561
1996-11-21,20.3952,20.5675,20.2646,20.523,586112
1996-11-22,20.5675,20.7378,20.3952,20.6061,577320
1996-11-25,20.523,20.8684,20.523,20.8258,589543
1996-11-26,20.8258,20.9912,20.7378,20.911,648935
1996-11-27,20.911,21.3356,20.911,21.1228,545063
1996-11-29,21.1228,21.1674,20.9912,20.9912,126854
1996-12-02,20.911,21.3356,20.6952,21.1674,804141
1996-12-03,21.0367,21.3356,20.8258,20.8258,654069
1996-12-04,20.6537,20.8684,20.5675,20.6537,1228208
1996-12-05,20.6952,20.8684,20.6952,20.7793,730821
1996-12-06,20.5675,20.6537,20.3952,20.523,885046
1996-12-09,20.523,20.7378,20.523,20.7378,356365
1996-12-10,20.7378,20.7378,20.5675,20.5675,263732
1996-12-11,20.4814,20.523,19.8805,19.8805,1105264
1996-12-12,19.9627,20.0112,19.3687,19.6242,1721204
1996-12-13,19.4509,19.6697,19.3687,19.4509,622783
1996-12-16,19.4509,19.6242,19.4113,19.534,618380
1996-12-17,19.3687,19.4113,19.0243,19.0243,969612
1996-12-18,18.9797,19.1976,18.7194,18.8521,939545
1996-12-19,18.8521,19.1976,18.8095,19.1084,1444768
1996-12-20,19.6242,19.6242,19.2797,19.3687,1346754
1996-12-23,19.3213,19.6697,19.2371,19.3687,475398
1996-12-24,19.4509,19.4945,19.3213,19.4945,311150
1996-12-26,19.4945,19.7053,19.4945,19.5806,283771
1996-12-27,19.5806,19.6697,19.4113,19.4509,220227
1996-12-30,19.534,19.6242,19.4945,19.5806,327526
1996-12-31,19.4945,19.4945,19.2371,19.2371,476378
1997-01-02,19.1976,19.1976,18.661,18.8521,1065421
1997-01-03,18.8521,19.1976,18.8521,19.152,557276
1997-01-06,19.2797,19.3687,18.9797,19.0659,839578
1997-01-07,19.0243,19.1084,18.8947,18.9381,856690
1997-01-08,18.9381,18.9381,18.3374,18.3829,1190083
1997-01-09,18.4235,18.4235,17.9513,18.1661,2336654
1997-01-10,17.9513,18.6818,17.9513,18.5957,2077575
1997-01-13,18.5561,18.5957,18.466,18.5085,988191
1997-01-14,18.7194,18.7194,18.5085,18.5561,700995
1997-01-15,18.5085,18.5561,18.2502,18.2978,1143635
1997-01-16,18.2978,18.4235,17.9117,18.3829,2292410
1997-01-17,18.4235,18.9797,18.4235,18.9381,1259247
1997-01-20,18.9381,19.1084,18.8095,19.0243,1728536
1997-01-21,18.9381,19.0243,18.8521,18.9381,1342605
1997-01-22,18.8521,18.8947,18.5561,18.5561,1478981
1997-01-23,18.5957,18.767,18.5957,18.5957,1188121
1997-01-24,18.5957,18.7194,18.5085,18.6392,998451
1997-01-27,18.6392,18.6392,18.5085,18.5085,732767
1997-01-28,18.6818,18.6818,18.5085,18.5085,515239
1997-01-29,18.5561,18.5957,18.2978,18.3829,1019961
1997-01-30,18.466,18.466,18.1661,18.2076,2042127
1997-01-31,18.2978,18.3829,18.2502,18.3374,1677696
1997-02-03,18.4235,18.5085,18.2978,18.3829,464399
1997-02-04,18.466,18.466,18.2076,18.2978,570225
1997-02-05,18.3829,18.5085,18.1661,18.2502,715417
1997-02-06,18.2502,18.2978,18.1661,18.2502,523789
1997-02-07,18.2502,18.3829,18.2076,18.2502,569012
1997-02-10,18.2978,18.3829,18.174,18.2502,427242
1997-02-11,18.2502,18.2502,18.1661,18.2076,1010185
1997-02-12,18.2978,18.4235,18.2502,18.3374,936126
1997-02-13,18.4957,18.8422,18.4957,18.7956,1391484
1997-02-14,18.8807,18.9283,18.755,18.755,950062
1997-02-18,18.7956,19.0105,18.755,18.9689,859141
1997-02-19,18.8807,19.1866,18.8422,19.0105,1334041
1997-02-20,19.0105,19.143,18.9283,18.9689,702955
1997-02-21,18.9689,19.0986,18.9283,19.0986,641361
1997-02-24,19.058,19.2708,19.0105,19.1866,1073726
1997-02-25,19.2708,19.3549,19.1866,19.2302,1133380
1997-02-26,19.2708,19.2708,19.058,19.2302,716151
1997-02-27,19.2708,19.2708,19.143,19.2302,450217
1997-02-28,19.1866,19.5262,19.143,19.3143,713955
1997-03-03,19.2708,19.443,19.2302,19.4015,471479
1997-03-04,19.3549,19.3549,19.1866,19.1866,583679
1997-03-05,19.1866,19.6202,19.1866,19.5262,1105754
1997-03-06,19.4886,19.4886,19.2302,19.3549,1270249
1997-03-07,19.3143,19.4886,19.3143,19.443,715417
1997-03-10,19.4015,19.5716,19.3549,19.5716,739860
1997-03-11,19.5716,19.7885,19.4015,19.6608,760145
1997-03-12,19.6608,19.7885,19.3143,19.4886,701237
1997-03-13,19.4015,19.443,19.3143,19.3143,801457
1997-03-14,19.3143,19.5262,19.3143,19.4886,734732
1997-03-17,19.443,19.7023,19.3143,19.6608,407201
1997-03-18,19.6202,19.7885,19.1866,19.3549,597361
1997-03-19,19.3143,19.4015,19.1866,19.4015,485658
1997-03-20,19.3143,19.3143,18.8807,18.9283,404025
1997-03-21,19.0986,19.0986,18.8422,18.8807,707593
1997-03-24,18.9283,19.2302,18.8422,19.1866,620090
1997-03-25,19.1866,19.1866,18.7956,18.7956,485416
1997-03-26,18.7956,19.0105,18.755,18.9689,796079
1997-03-27,19.143,19.143,18.9283,18.9283,941992
1997-03-31,18.755,18.9283,18.6254,18.6254,829557
1997-04-01,18.4066,18.4957,18.1522,18.366,585382
1997-04-02,18.2344,18.4066,18.0206,18.0621,491770
1997-04-03,17.978,18.0206,17.8958,17.9344,1099163
1997-04-04,17.8058,17.8464,17.7602,17.8058,878195
1997-04-07,17.6761,18.1522,17.6761,18.0206,635003
1997-04-08,17.978,17.978,17.6761,17.8464,831277
1997-04-09,17.8464,17.9344,17.7167,17.7602,362959
1997-04-10,17.6761,17.7602,17.5484,17.6355,499836
1997-04-11,17.5009,17.5484,17.1138,17.2445,660672
1997-04-14,17.1584,17.1584,16.7693,16.903,1235301
1997-04-15,16.903,17.3742,16.8565,17.3316,1900612
1997-04-16,17.2901,17.6355,17.1138,17.589,1850254
1997-04-17,17.5484,17.8464,17.4622,17.8058,700020
1997-04-18,17.9344,18.4066,17.8958,18.2809,1173703
1997-04-21,18.2809,18.4502,18.1117,18.1522,821007
1997-04-22,18.1117,18.4957,18.0206,18.4502,906066
1997-04-23,18.4957,18.7066,18.1918,18.2809,713222
1997-04-24,18.3205,18.6254,18.2809,18.366,502529
1997-04-25,18.366,18.4957,18.1918,18.2809,635003
1997-04-28,18.2809,18.366,18.2344,18.2809,618873
1997-04-29,18.4502,18.5828,18.4323,18.4957,619856
1997-04-30,18.5828,18.755,18.5393,18.755,762344
1997-05-01,18.7956,18.9283,18.6254,18.9283,702704
1997-05-02,18.9283,19.4015,18.9283,19.3549,588315
1997-05-05,19.4015,19.4886,19.143,19.4886,653334
1997-05-06,19.4886,20.0032,19.4886,19.8321,1022653
1997-05-07,19.8321,20.0032,19.5262,19.5716,585876
1997-05-08,19.4717,20.035,19.4262,19.9468,978899
1997-05-09,20.035,20.0756,19.5548,19.9914,551410
1997-05-12,20.1211,20.2517,19.9914,20.0756,488350
1997-05-13,20.1211,20.2071,19.7737,19.9468,570478
1997-05-14,19.9914,20.0756,19.8181,20.0756,629135
1997-05-15,20.0756,20.2517,19.8597,20.2071,356119
1997-05-16,20.1211,20.2071,19.9468,20.1686,735212
1997-05-19,20.0756,20.1686,20.035,20.1211,334857
1997-05-20,20.035,20.035,19.5548,19.9063,647715
1997-05-21,19.9063,20.035,19.2539,19.4717,1045626
1997-05-22,19.5153,19.5548,19.3391,19.4262,1077645
1997-05-23,19.4717,19.9063,19.4717,19.8181,647952
1997-05-27,19.8181,19.9063,19.5548,19.8597,674354
1997-05-28,19.8597,19.8597,19.6024,19.643,393273
1997-05-29,19.6895,20.035,19.643,20.035,496415
1997-05-30,19.9468,20.2913,19.9063,20.1686,591738
1997-06-02,20.0756,20.0756,19.7737,19.8597,354654
1997-06-03,19.7737,19.9468,19.7311,19.9063,311150
1997-06-04,19.8181,19.8181,19.3865,19.5153,345855
1997-06-05,19.3865,19.7737,19.3865,19.643,310164
1997-06-06,19.6024,19.9914,19.6024,19.9914,438247
1997-06-09,19.9914,20.1211,19.8181,19.9063,307722
1997-06-10,20.035,20.035,19.8597,19.9063,683887
1997-06-11,19.9063,20.1686,19.9063,20.035,431402
1997-06-12,20.1211,20.5537,20.0756,20.5537,580738
1997-06-13,20.5091,20.816,20.4705,20.5537,941992
1997-06-16,20.7249,20.903,20.6417,20.816,718838
1997-06-17,20.7249,20.7249,20.426,20.4705,688529
1997-06-18,20.4705,20.4705,20.1686,20.2517,692931
1997-06-19,20.2517,20.5982,20.2517,20.5091,528680
1997-06-20,20.5537,20.5982,20.0756,20.0756,952020
1997-06-23,20.0756,20.2517,19.9063,19.9468,678998
1997-06-24,19.9468,20.7704,19.7737,20.7249,742308
1997-06-25,20.5982,20.7704,20.2913,20.4438,783861
1997-06-26,20.3576,20.4705,19.9063,20.1686,480038
1997-06-27,20.2913,20.3369,20.1429,20.1429,367115
1997-06-30,20.0756,20.2913,19.8597,20.1686,877225
1997-07-01,20.1211,20.6863,20.1211,20.4705,590271
1997-07-02,20.5091,20.5091,20.1686,20.3576,478325
1997-07-03,20.5091,20.6863,20.5091,20.5329,284501
1997-07-07,20.4705,20.7249,20.3369,20.4705,425044
1997-07-08,20.3834,20.6903,20.3171,20.5982,407936
1997-07-09,20.7249,20.9674,20.6863,20.816,889448
1997-07-10,20.8793,21.0743,20.7249,21.0743,451688
1997-07-11,21.0743,21.206,20.9872,21.1842,632803
1997-07-14,21.1624,21.2704,21.0337,21.0743,413556
1997-07-15,21.0743,21.1842,20.903,21.1842,405490
1997-07-16,21.2704,21.5534,21.206,21.5079,786303
1997-07-17,21.6405,21.6405,21.3574,21.4861,475884
1997-07-18,21.4861,21.5079,21.2704,21.2704,1082532
1997-07-21,21.2496,21.3118,21.1209,21.1624,926844
1997-07-22,21.1209,21.5079,21.1209,21.4425,521596
1997-07-23,21.3782,21.6188,21.3574,21.5534,501061
1997-07-24,21.5297,21.6405,21.5079,21.5534,598828
1997-07-25,21.594,21.7692,21.5534,21.6405,395469
1997-07-28,21.7692,21.9425,21.7434,21.7434,293791
1997-07-29,21.7692,22.1404,21.7226,22.0068,405000
1997-07-30,22.0068,22.2414,21.985,22.2206,520368
1997-07-31,22.179,22.2899,22.0276,22.2018,505951
1997-08-01,22.2018,22.3958,22.1176,22.3571,608116
1997-08-04,22.3097,22.3571,22.2206,22.2206,278639
1997-08-05,22.2018,22.4601,22.2018,22.2899,420651
1997-08-06,22.3097,23.4154,22.2899,23.3035,890424
1997-08-07,23.2896,23.3084,22.9204,22.9907,687306
1997-08-08,22.6601,22.8155,22.3769,22.4195,438738
1997-08-11,22.4384,22.573,22.3769,22.573,544811
1997-08-12,22.573,22.6373,22.2018,22.2206,497152
1997-08-13,22.2453,22.3769,21.9583,22.1602,490303
1997-08-14,22.1404,22.2206,21.985,22.0068,590031
1997-08-15,21.8325,22.0068,21.6138,21.6138,615454
1997-08-18,21.3525,21.9217,21.3525,21.8959,488350
1997-08-19,21.9583,22.3097,21.8325,22.1176,482487
1997-08-20,22.1404,22.6601,22.0533,22.6601,591002
1997-08-21,22.7017,22.7017,22.0533,22.0741,415758
1997-08-22,21.9583,22.1404,21.7226,22.1176,466589
1997-08-25,22.1404,22.3977,22.0533,22.1176,343653
1997-08-26,21.9583,22.0068,21.8325,21.9583,658469
1997-08-27,21.8573,22.3769,21.6792,22.3571,670690
1997-08-28,22.3769,22.3769,22.0068,22.0533,527950
1997-08-29,21.9583,22.2691,21.8761,21.9583,565338
1997-09-02,21.985,22.8363,21.985,22.7284,597607
1997-09-03,22.6601,22.9907,22.6373,22.6799,584408
1997-09-04,22.7679,22.7947,22.6601,22.6601,487377
1997-09-05,22.6799,22.8363,22.6373,22.7284,419915
1997-09-08,22.8155,22.8363,22.573,22.6601,467823
1997-09-09,22.6156,23.055,22.5978,22.7947,377379
1997-09-10,22.7017,22.7491,22.1404,22.1602,1261210
1997-09-11,21.791,21.8325,21.3118,21.8108,1537157
1997-09-12,21.7226,22.1404,21.6613,22.0741,605677
1997-09-15,22.0741,22.1602,21.9583,22.0068,395960
1997-09-16,22.0948,22.6373,22.0948,22.573,644292
1997-09-17,22.5066,22.7017,22.2691,22.3097,504975
1997-09-18,22.3571,22.6373,22.3097,22.5522,553122
1997-09-19,22.5522,22.573,22.184,22.2899,901910
1997-09-22,22.2899,22.573,22.2899,22.4859,657975
1997-09-23,22.4859,22.4859,22.0741,22.0948,685114
1997-09-24,22.0068,22.2453,21.8325,21.8573,611539
1997-09-25,21.8325,21.9583,21.5297,21.7434,884068
1997-09-26,21.7434,22.2018,21.6792,22.1404,946391
1997-09-29,22.1176,22.2899,22.0276,22.2206,174515
1997-09-30,22.184,22.184,21.7226,21.8573,919997
1997-10-01,21.8108,21.8959,21.5693,21.8959,694397
1997-10-02,21.8959,22.4859,21.8761,22.4641,855222
1997-10-03,22.6373,22.7017,22.0068,22.2018,695859
1997-10-06,22.3097,22.3571,22.0533,22.2691,343899
1997-10-07,22.2206,22.4859,22.1404,22.4859,338523
1997-10-08,22.3977,22.3977,22.1404,22.184,452180
1997-10-09,22.1404,22.4859,22.0276,22.3571,357587
1997-10-10,22.3097,22.3977,22.184,22.3571,208000
1997-10-13,22.4384,22.4859,22.1176,22.1602,310164
1997-10-14,22.2453,22.2453,21.8108,22.0068,405738
1997-10-15,21.9217,22.2206,21.8761,22.0948,539434
1997-10-16,22.1404,22.3977,21.791,21.8108,405490
1997-10-17,21.4801,21.7642,21.2654,21.5297,648446
1997-10-20,21.5029,21.6138,21.3525,21.594,465370
1997-10-21,21.5029,21.7,21.4801,21.6613,880645
1997-10-22,21.7434,21.791,21.4386,21.4623,873798
1997-10-23,21.2208,21.2208,20.8536,20.9407,956906
1997-10-24,21.2654,21.2654,20.8298,20.8734,573650
1997-10-27,20.6981,20.7417,19.0451,19.1788,741573
1997-10-28,18.9145,19.937,18.6927,19.9191,1845855
1997-10-29,20.0032,20.022,19.3935,19.6113,1023384
1997-10-30,19.5222,19.8281,19.347,19.4143,604204
1997-10-31,19.5222,19.8281,19.5222,19.7399,718591
1997-11-03,19.9191,20.0032,19.7607,19.7607,565095
1997-11-04,19.7607,19.8716,19.6964,19.8716,490303
1997-11-05,19.8716,20.0874,19.6776,19.6776,487124
1997-11-06,19.643,20.1003,19.643,19.9468,391072
1997-11-07,19.643,19.9468,19.4687,19.7519,649425
1997-11-10,19.6638,19.9063,19.5776,19.6202,375432
1997-11-11,19.6638,19.7519,19.5519,19.5776,393760
1997-11-12,19.4886,19.5301,19.0025,19.0283,961793
1997-11-13,19.0283,19.1609,18.6768,18.8293,837383
1997-11-14,18.8293,18.9381,18.6768,18.9381,827598
1997-11-17,19.1134,19.246,18.9847,19.2054,1611943
1997-11-18,19.246,19.3549,19.1609,19.3094,1915035
1997-11-19,19.2886,19.3777,18.9381,19.246,948835
1997-11-20,19.1609,19.5519,19.1392,19.4687,1578946
1997-11-21,19.5984,19.6865,19.5103,19.6865,1363863
1997-11-24,19.5984,19.6865,19.4886,19.643,1554994
1997-11-25,19.7261,19.9676,19.6638,19.9468,630118
1997-11-26,19.9914,20.4348,19.9914,20.0795,834443
1997-11-28,20.2091,20.3646,20.1686,20.322,271062
1997-12-01,20.2963,20.6952,20.2963,20.6497,526478
1997-12-02,20.6011,20.916,20.5833,20.8912,651870
1997-12-03,20.8912,20.8912,20.4962,20.6952,454134
1997-12-04,20.7793,20.8258,20.1468,20.2319,467089
1997-12-05,20.1468,20.6952,20.0152,20.4092,759905
1997-12-08,20.3398,20.5635,20.2557,20.2775,606897
1997-12-09,20.2557,20.322,19.9914,20.1003,596628
1997-12-10,20.0795,20.1686,19.8399,19.9676,384467
1997-12-11,19.9914,20.035,19.7519,19.8181,1061510
1997-12-12,19.8181,19.8399,19.5984,19.8399,910469
1997-12-15,19.9261,20.125,19.9261,19.9914,515483
1997-12-16,19.9914,20.035,19.7519,19.9063,385694
1997-12-17,19.9914,20.2646,19.9914,20.125,755498
1997-12-18,20.0795,20.0795,19.5984,19.8399,568272
1997-12-19,19.2886,19.7261,19.2886,19.5984,899954
1997-12-22,19.6865,19.8181,19.5103,19.6638,573900
1997-12-23,19.5776,19.7737,19.5519,19.6638,470752
1997-12-24,19.5984,19.7737,19.5519,19.643,305767
1997-12-26,19.643,19.8181,19.643,19.6865,117559
1997-12-29,19.7737,19.9468,19.6638,19.8845,379098
1997-12-30,20.035,20.518,19.9261,20.518,286461
1997-12-31,20.4348,20.4348,20.035,20.035,796079
1998-01-02,19.9914,20.2091,19.9914,20.1686,331435
1998-01-05,20.2963,20.4348,20.2557,20.322,700995
1998-01-06,20.2963,20.3398,20.125,20.2319,391801
1998-01-07,20.2557,20.4092,20.125,20.2091,555566
1998-01-08,20.2091,20.2091,19.9261,19.9468,535525
1998-01-09,19.8597,19.8597,18.9381,19.0283,604449
1998-01-12,18.5917,19.0283,18.5917,19.0283,898728
1998-01-13,19.1134,19.1134,18.5007,18.6966,775787
1998-01-14,18.8293,19.1134,18.8095,19.0936,705147
1998-01-15,19.2886,19.6865,19.1609,19.3549,944678
1998-01-16,19.5103,19.7261,19.4015,19.6865,426511
1998-01-20,19.8597,20.1468,19.7519,20.125,482487
1998-01-21,20.035,20.2557,19.9261,19.9914,557762
1998-01-22,19.8597,19.9261,19.7261,19.8399,550676
1998-01-23,19.7737,19.8597,19.0698,19.0698,1583107
1998-01-26,19.1134,19.7053,19.0936,19.643,2374293
1998-01-27,19.7737,20.2557,19.7261,20.0152,509863
1998-01-28,19.9468,20.1468,19.7261,19.8597,729592
1998-01-29,19.8597,19.9914,19.7737,19.9063,2302680
1998-01-30,19.9261,20.2091,19.9063,20.125,971077
1998-02-02,20.1686,20.7378,20.1686,20.7378,663845
1998-02-03,20.6497,20.7378,20.518,20.714,438738
1998-02-04,20.6764,21.0011,20.6289,20.916,1563800
1998-02-05,20.8912,21.3525,20.8912,21.0011,1080571
1998-02-06,21.0456,21.5693,21.0456,21.5693,577808
1998-02-09,21.6138,21.6613,20.9555,21.2416,1153665
1998-02-10,21.2416,21.3742,21.0456,21.1119,920485
1998-02-11,21.2604,21.394,21.1763,21.3277,628400
1998-02-12,21.4069,21.6692,21.0297,21.6494,578782
1998-02-13,21.4713,21.5167,21.2742,21.3158,744018
1998-02-17,21.4069,21.5821,21.3832,21.5167,377873
1998-02-18,21.5167,21.8494,21.4713,21.8246,461951
1998-02-19,21.7356,21.7781,21.5613,21.5821,406466
1998-02-20,21.7781,21.8692,21.5375,21.8692,867941
1998-02-23,22.3097,22.3097,22.0662,22.1354,1248989
1998-02-24,22.2176,22.4859,22.1354,22.4195,1192522
1998-02-25,22.4859,22.7066,22.176,22.2641,940777
1998-02-26,22.4384,23.1451,22.4384,23.1451,676308
1998-02-27,23.059,23.059,22.7531,22.8591,602980
1998-03-02,22.7947,22.9254,22.5522,22.7284,486154
1998-03-03,22.6601,22.9254,22.6423,22.9016,409892
1998-03-04,22.9016,23.0154,22.8383,22.9966,441419
1998-03-05,22.9472,23.2778,22.9254,23.0154,503014
1998-03-06,22.9472,23.1907,22.9472,23.1035,686821
1998-03-09,22.8383,23.1451,22.8383,23.0154,753792
1998-03-10,22.6156,23.1035,22.6156,23.0758,983302
1998-03-11,22.6601,23.256,22.6601,23.1035,706377
1998-03-12,23.1035,23.1035,22.7947,23.0758,788983
1998-03-13,23.0758,23.1035,22.7531,22.7531,911442
1998-03-16,22.7729,23.5866,22.7729,23.5866,1343576
1998-03-17,23.4995,23.4995,22.9472,23.0758,847892
1998-03-18,23.0758,23.2956,23.0154,23.2956,691707
1998-03-19,23.346,23.5183,23.1451,23.5183,442645
1998-03-20,23.6777,23.7005,23.256,23.4995,695859
1998-03-23,23.4362,23.8064,23.3223,23.8064,525995
1998-03-24,23.7212,23.8746,23.6331,23.8746,602742
1998-03-25,24.0756,24.1578,23.8538,23.8538,700995
1998-03-26,24.0499,24.1825,23.937,23.937,758681
1998-03-27,23.9815,23.9815,23.4114,23.6331,452180
1998-03-30,23.6331,23.8064,23.1451,23.4362,719086
1998-03-31,23.5183,24.1578,23.5183,23.9598,462202
1998-04-01,23.9598,24.2478,23.8064,24.2478,456089
1998-04-02,24.2478,24.5161,24.2478,24.3795,562168
1998-04-03,24.4665,24.5577,24.1578,24.2696,431157
1998-04-06,24.2696,24.2696,23.937,23.937,376408
1998-04-07,23.8538,24.228,23.7598,24.1578,467089
1998-04-08,24.0756,24.1399,23.9192,24.0954,517921
1998-04-09,24.0954,24.426,24.0756,24.426,386183
1998-04-13,24.3627,24.4439,23.9815,24.1578,728128
1998-04-14,24.1578,24.8685,24.0954,24.7794,924152
1998-04-15,24.7309,24.9517,24.5577,24.8685,1137775
1998-04-16,24.821,25.3099,24.7309,24.9111,1384878
1998-04-17,25.0427,25.8356,24.8685,25.7465,898728
1998-04-20,25.6584,25.9227,25.4832,25.8128,915596
1998-04-21,25.7465,25.8356,25.6356,25.8356,1431816
1998-04-22,25.7465,25.9227,25.6584,25.8999,571458
1998-04-23,25.8128,25.9227,25.2189,25.2853,1355309
1998-04-24,25.2853,25.3099,24.6894,24.8437,1029252
1998-04-27,24.6894,24.7566,24.5577,24.7566,879663
1998-04-28,24.7794,24.9299,24.6894,24.9111,723725
1998-04-29,24.9111,24.9299,24.7309,24.8437,617896
1998-04-30,24.8685,25.0902,24.8685,24.9299,997971
1998-05-01,24.9299,25.1526,24.7794,25.1526,265920
1998-05-04,25.1526,25.4377,25.1298,25.2853,717613
1998-05-05,25.4832,25.6148,25.1971,25.3515,565338
1998-05-06,25.3099,25.3515,24.7794,24.821,350983
1998-05-07,24.818,25.1674,24.7933,24.8635,457068
1998-05-08,24.9467,25.5722,24.8398,25.3703,735463
1998-05-11,25.5268,25.6544,25.3901,25.6148,603716
1998-05-12,26.5473,27.0333,26.4998,26.6789,3190663
1998-05-13,26.2325,27.0541,26.1889,27.0541,1962937
1998-05-14,26.9878,27.166,26.7215,26.9472,1505134
1998-05-15,26.9472,27.1412,26.7928,26.874,1654721
1998-05-18,26.5473,26.8106,26.5473,26.7928,719814
1998-05-19,26.7017,27.0729,26.6789,26.9878,1307398
1998-05-20,26.9472,27.0729,26.7215,26.7928,710285
1998-05-21,26.874,26.874,26.4532,26.7453,418693
1998-05-22,26.7017,26.8106,26.6325,26.6789,374941
1998-05-26,26.6789,26.6789,26.0781,26.0781,507902
1998-05-27,25.991,26.1019,25.5268,25.6802,911192
1998-05-28,25.7465,26.0781,25.6802,26.0583,669950
1998-05-29,26.2781,26.3444,25.8356,25.8356,866955
1998-06-01,25.7465,26.2781,25.7029,25.9672,691223
1998-06-02,26.3226,26.4532,26.1019,26.2781,581234
1998-06-03,26.5899,26.5899,26.0138,26.1889,1283695
1998-06-04,26.1889,26.1889,25.7921,25.9474,756474
1998-06-05,26.1474,26.5899,26.0138,26.5899,1224783
1998-06-08,26.5899,26.6532,26.4532,26.5473,464638
1998-06-09,26.4998,26.8106,26.4998,26.5899,777501
1998-06-10,26.1474,26.2781,25.4802,25.507,1530314
1998-06-11,25.3051,25.7267,25.3051,25.4357,1485333
1998-06-12,25.3515,25.5268,24.4597,24.9259,1336002
1998-06-15,24.7754,24.7754,24.1954,24.5062,766987
1998-06-16,24.5973,24.8398,24.4597,24.727,1051741
1998-06-17,24.7933,25.2139,24.5973,24.6606,1136066
1998-06-18,24.6388,24.7754,24.4597,24.5527,646736
1998-06-19,24.5527,24.5745,22.9095,23.2253,3407210
1998-06-22,22.955,23.3322,22.5572,22.5572,1987871
1998-06-23,22.955,23.3322,22.9303,23.3322,1204746
1998-06-24,23.3322,23.5737,23.3035,23.5302,645263
1998-06-25,23.5737,23.7509,23.355,23.3768,594431
1998-06-26,23.355,24.0667,23.355,23.6658,785565
1998-06-29,23.7509,24.2854,23.6866,23.7509,831514
1998-06-30,23.8846,24.7062,23.7509,24.6606,1214278
1998-07-01,24.6814,24.9467,24.6606,24.818,980613
1998-07-02,24.727,24.818,24.6814,24.818,660912
1998-07-06,24.8635,24.9942,24.818,24.9942,983786
1998-07-07,25.0407,25.0407,24.818,24.8398,465624
1998-07-08,24.818,24.8833,24.818,24.8635,458286
1998-07-09,24.7933,24.818,24.0667,24.0875,3379107
1998-07-10,23.9727,24.2854,23.842,24.1756,863531
1998-07-13,24.1756,24.1756,24.1073,24.1073,520855
1998-07-14,24.1954,24.7933,24.1954,24.7062,851555
1998-07-15,24.6814,25.1674,24.6814,24.818,1519068
1998-07-16,24.7754,24.9467,24.3716,24.3716,1114551
1998-07-17,24.1954,24.2598,23.7103,23.7509,980118
1998-07-20,23.7509,24.0667,23.6658,23.9311,567789
1998-07-21,23.8846,23.9727,23.7994,23.8846,591494
1998-07-22,23.7994,23.8846,23.5737,23.6658,812695
1998-07-23,23.5737,23.6213,23.0036,23.157,927327
1998-07-24,23.1975,23.4886,23.0422,23.2253,1021675
1998-07-27,23.1323,23.1323,22.5106,22.955,825407
1998-07-28,22.865,23.0244,22.1602,23.0244,734970
1998-07-29,23.1323,23.3035,22.0018,22.7561,1274891
1998-07-30,22.865,23.4648,22.865,23.3035,563874
1998-07-31,23.3996,23.5302,22.0493,22.468,687801
1998-08-03,22.468,22.6026,22.1602,22.3364,546761
1998-08-04,22.3799,22.6878,21.9375,21.9553,1607793
1998-08-05,21.8919,22.0226,21.1159,21.5167,926844
1998-08-06,21.5772,21.9523,21.5772,21.7999,416977
1998-08-07,21.9335,22.4245,21.4425,22.0226,741573
1998-08-10,22.0226,22.1136,21.6454,21.687,686083
1998-08-11,21.5079,21.596,20.7289,21.1535,892618
1998-08-12,21.1079,21.5336,21.0862,21.4663,622783
1998-08-13,21.4663,22.1136,20.9506,21.0625,742787
1998-08-14,20.9743,21.0407,19.4391,20.1507,2117656
1998-08-17,20.2419,21.0407,20.2419,20.9506,774073
1998-08-18,21.0209,21.2416,20.9308,21.2416,639402
1998-08-19,21.197,21.4861,20.907,21.3326,840800
1998-08-20,21.3326,21.3326,20.8209,21.1763,963017
1998-08-21,21.0407,21.1079,20.1953,20.417,764298
1998-08-24,20.417,20.6417,20.1755,20.3497,1234073
1998-08-25,20.6863,20.7289,20.3952,20.5497,1006515
1998-08-26,20.4626,20.6417,20.2419,20.6417,804875
1998-08-27,20.5943,20.6625,19.6162,19.6865,725930
1998-08-28,19.7261,19.9944,19.0362,19.147,931237
1998-08-31,19.2371,19.347,18.1245,18.1879,761117
1998-09-01,18.1245,18.7194,17.5167,18.5679,1338688
1998-09-02,18.5917,18.9689,18.3918,18.3918,783610
1998-09-03,18.3472,18.9471,18.1017,18.8807,1020208
1998-09-04,18.9025,19.4143,18.4116,18.7917,1038536
1998-09-08,18.9025,19.5014,18.767,19.4846,756233
1998-09-09,19.4846,19.5262,18.9233,19.2134,549700
1998-09-10,18.9025,19.0105,17.6315,18.0087,994294
1998-09-11,17.9226,18.7194,17.7424,18.7194,1025104
1998-09-14,19.0817,19.4846,19.0817,19.2371,689998
1998-09-15,19.2371,19.7925,19.1688,19.7479,679730
1998-09-16,19.8399,20.2419,19.0362,19.4143,1071043
1998-09-17,19.2371,19.2371,18.5679,18.855,521102
1998-09-18,18.855,18.9471,18.4531,18.5917,1546930
1998-09-21,18.4531,18.5917,18.3918,18.5679,412334
1998-09-22,18.6818,18.7917,18.5215,18.5471,887487
1998-09-23,18.6818,18.9689,18.5917,18.9233,698063
1998-09-24,18.9917,19.3687,18.767,18.9025,1504159
1998-09-25,18.5917,18.7917,18.1017,18.767,1243610
1998-09-28,18.5917,20.13,18.5917,19.8597,1637365
1998-09-29,20.0597,20.4626,20.0597,20.1953,1333804
1998-09-30,19.9716,20.13,19.3272,19.4598,679247
1998-10-01,19.347,19.347,18.5917,18.6343,1168817
1998-10-02,18.767,19.0105,18.4531,18.8134,1644945
1998-10-05,18.8382,19.347,18.7194,18.8134,860846
1998-10-06,18.6343,19.4143,18.6343,18.8807,1375595
1998-10-07,18.9025,19.5934,18.855,19.2569,1150479
1998-10-08,19.1213,19.1946,18.4739,18.7917,873798
1998-10-09,18.7462,20.2419,18.5471,20.1507,1207679
1998-10-12,20.1755,20.4854,19.6162,19.7261,1452340
1998-10-13,19.7687,19.7687,19.2569,19.3687,873072
1998-10-14,19.4143,19.4846,19.2134,19.2134,913154
1998-10-15,19.1688,21.8454,19.1688,21.399,1213299
1998-10-16,21.7514,21.7514,21.2208,21.4425,777989
1998-10-19,22.2899,22.2899,21.399,21.7078,907775
1998-10-20,21.308,21.5336,21.0862,21.308,1331597
1998-10-21,21.3782,21.3782,20.5497,20.6417,661402
1998-10-22,20.6189,20.6189,20.0834,20.1953,968146
1998-10-23,20.1755,20.2419,19.4391,20.0389,1521758
1998-10-26,19.9716,20.3052,19.4391,19.7479,1033408
1998-10-27,19.5262,20.0152,19.2797,19.2797,1759574
1998-10-28,19.347,19.4391,18.9025,19.0105,882601
1998-10-29,19.1025,19.7261,18.9471,19.7261,2678111
1998-10-30,19.7023,20.5309,19.6608,20.417,873559
1998-11-02,20.8417,21.1763,20.3735,20.9743,899220
1998-11-03,20.8862,21.3782,20.8862,21.1317,613981
1998-11-04,21.1317,21.4663,21.0862,21.2604,510596
1998-11-05,21.0407,22.1136,20.9971,22.1136,751103
1998-11-06,21.9681,22.1068,21.8811,22.0622,617896
1998-11-09,22.0157,22.0394,21.2742,21.5693,405490
1998-11-10,21.5693,21.59,20.9833,21.008,353428
1998-11-11,21.008,21.0297,20.6497,20.8041,643797
1998-11-12,21.0297,21.2534,20.6011,20.9407,642337
1998-11-13,21.1209,21.4554,20.8952,21.1891,444601
1998-11-16,21.2288,21.6792,21.2288,21.6792,478325
1998-11-17,21.6792,22.1068,21.6138,21.7028,880155
1998-11-18,21.5693,21.8811,21.5465,21.8623,664574
1998-11-19,21.8811,21.9681,21.3456,21.8623,861091
1998-11-20,21.8623,21.9473,21.7692,21.9059,444601
1998-11-23,22.0157,22.4641,21.9939,22.4384,691469
1998-11-24,22.3325,22.7363,22.1522,22.1522,827852
1998-11-25,22.2176,22.4384,22.1938,22.3325,573164
1998-11-27,22.3958,22.4641,22.2374,22.2641,133942
1998-11-30,22.0622,22.2374,21.9059,21.9473,818075
1998-12-01,21.8811,22.0157,21.7474,21.8157,884068
1998-12-02,21.7226,21.9681,21.1891,21.5693,821501
1998-12-03,21.6138,21.6792,21.2288,21.299,539434
1998-12-04,21.4347,21.8365,21.3891,21.4347,566079
1998-12-07,21.5257,22.1522,21.4989,22.1068,514255
1998-12-08,22.0157,22.0157,21.2534,21.4109,789233
1998-12-09,20.714,20.8496,20.5586,20.7843,1233584
1998-12-10,20.7843,21.3456,20.714,20.8952,876488
1998-12-11,20.8298,20.8496,20.3319,20.514,968393
1998-12-14,20.426,20.5833,20.1349,20.4032,694645
1998-12-15,20.0874,20.1795,19.8181,19.9994,792400
1998-12-16,19.9994,20.2458,19.6202,19.9102,750365
1998-12-17,19.9994,20.6497,19.9994,20.6497,690734
1998-12-18,20.6497,20.6497,19.9776,20.0448,1188121
1998-12-21,19.6202,20.6011,19.5934,20.2685,1150726
1998-12-22,20.2893,20.4705,19.9776,19.9776,955196
1998-12-23,20.0874,20.8952,20.0874,20.8496,816359
1998-12-24,20.8496,21.0535,20.7586,21.0535,187220
1998-12-28,20.9833,21.0297,20.6764,20.7586,565095
1998-12-29,20.8041,21.7226,20.8041,21.4554,630846
1998-12-30,21.4554,21.4554,21.0743,21.1209,408913
1998-12-31,21.1674,21.1674,20.8496,20.8734,717613
1999-01-04,20.8496,21.5693,20.7586,21.4781,1049058
1999-01-05,21.4781,22.3325,21.3891,21.8157,945665
1999-01-06,21.7226,22.2374,21.6138,22.2374,555566
1999-01-07,22.1068,22.1522,21.5693,21.8811,638913
1999-01-08,21.9473,22.8274,21.9247,22.7809,1011162
1999-01-11,22.6878,23.2303,22.086,22.2374,1265854
1999-01-12,22.1522,22.3325,21.7474,21.7692,1028029
1999-01-13,21.1674,21.5693,20.8734,20.9407,1503668
1999-01-14,20.8496,21.2099,20.5833,20.714,1342605
1999-01-15,20.9407,21.1436,20.6764,20.9833,1091821
1999-01-19,21.2534,21.299,20.6289,20.8496,856935
1999-01-20,20.6289,20.7843,20.2221,20.2893,577567
1999-01-21,20.4497,20.8734,20.2893,20.4032,939302
1999-01-22,20.4032,20.4032,19.8637,19.9508,1068359
1999-01-25,20.0448,20.2221,19.8181,19.8904,1110890
1999-01-26,19.8181,19.9994,19.7261,19.7261,1245076
1999-01-27,19.8637,19.9994,19.3727,19.4183,1268049
1999-01-28,19.5054,19.6202,19.3272,19.3935,1987871
1999-01-29,19.2371,19.3727,19.1025,19.2797,727393
1999-02-01,19.347,19.347,19.058,19.1946,729096
1999-02-02,19.1213,19.2797,19.1025,19.1688,1904275
1999-02-03,19.147,19.1946,18.9917,19.0332,842022
1999-02-04,19.1213,19.5262,18.9233,18.9233,3884571
1999-02-05,19.1213,19.9994,19.058,19.6202,2680799
1999-02-08,19.8181,19.8181,19.5716,19.5934,816115
1999-02-09,19.6865,19.7261,19.4183,19.5262,981838
1999-02-10,19.6202,19.8904,19.347,19.5054,1000411
1999-02-11,19.5054,19.9548,19.5054,19.8499,1274653
1999-02-12,19.6895,19.9548,19.5984,19.643,908995
1999-02-16,19.7766,19.8013,18.8293,19.2371,1158792
1999-02-17,19.3272,19.4846,18.763,18.8293,1396376
1999-02-18,18.8986,19.147,18.3344,18.3344,2094431
1999-02-19,18.3789,18.6927,18.174,18.4036,1804309
1999-02-22,18.2423,18.9183,18.2423,18.5828,1001390
1999-02-23,18.6472,19.0332,18.5393,18.8986,1345772
1999-02-24,18.6927,19.3727,18.6472,18.9431,1278559
1999-02-25,18.8521,18.9689,18.6472,18.763,910956
1999-02-26,18.9689,18.9689,18.6472,18.8095,923421
1999-03-01,18.8719,18.8719,18.4472,18.6293,744257
1999-03-02,18.5611,18.6927,18.4907,18.6046,1007502
1999-03-03,18.5125,18.5611,18.1552,18.3591,942479
1999-03-04,18.5125,18.763,18.3591,18.7154,873798
1999-03-05,18.8293,19.2797,18.8293,19.2797,767957
1999-03-08,19.2569,19.3015,18.8719,19.0332,1034383
1999-03-09,19.0105,19.2371,18.9689,19.0105,652358
1999-03-10,19.2371,19.3727,18.8293,19.3727,690734
1999-03-11,19.5054,19.5054,18.6472,18.7838,1001875
1999-03-12,18.7838,19.4183,18.7838,19.1946,1365331
1999-03-15,19.2371,19.4638,19.0332,19.1688,715905
1999-03-16,19.1213,19.4183,18.9183,18.9867,830289
1999-03-17,18.6046,18.6046,18.174,18.466,1725845
1999-03-18,18.6046,18.8095,18.466,18.763,1101851
1999-03-19,18.5393,18.6472,18.1117,18.4472,1694808
1999-03-22,18.466,18.5125,18.3126,18.4235,825164
1999-03-23,18.4907,18.5828,17.886,17.9454,1536175
1999-03-24,17.886,18.1552,17.8364,17.9731,3241013
1999-03-25,17.9285,18.5125,17.9087,18.4472,1224055
1999-03-26,18.3789,18.4235,18.2166,18.2423,852049
1999-03-29,18.2631,18.8719,18.174,18.8095,798032
1999-03-30,18.7362,18.8719,18.4472,18.7838,911932
1999-03-31,19.2797,19.3015,18.4907,18.5125,1309111
1999-04-01,18.4472,18.5393,18.0374,18.0374,1809688
1999-04-05,17.9731,18.7362,17.9731,18.4235,1697006
1999-04-06,18.1948,18.3344,17.9731,17.9731,1095738
1999-04-07,17.9731,18.0156,17.5167,18.0156,1422770
1999-04-08,17.9731,18.2898,17.9731,18.1117,1514179
1999-04-09,18.0621,18.0621,17.3207,17.3633,1251434
1999-04-12,17.6088,17.8592,17.4544,17.8364,2018663
1999-04-13,17.8127,18.3789,17.7929,18.3591,1147791
1999-04-14,18.4472,19.7766,18.0621,19.4846,1585552
1999-04-15,20.0488,21.8108,20.0488,21.2654,4365832
1999-04-16,21.3604,21.3604,20.907,21.1575,2212242
1999-04-19,21.4515,22.8511,21.4515,22.5304,3369572
1999-04-20,22.3958,22.4641,21.6752,21.8573,2500908
1999-04-21,21.7642,21.8108,21.2208,21.5425,776278
1999-04-22,21.5425,21.5425,20.907,21.0209,983550
1999-04-23,20.9743,21.6049,20.9506,21.5167,909242
1999-04-26,21.4257,21.7642,21.3118,21.3832,936126
1999-04-27,21.4713,21.8573,21.2654,21.4951,937102
1999-04-28,21.8108,22.8511,21.7395,22.3543,1830465
1999-04-29,23.0303,23.5697,22.9402,23.4154,2215176
1999-04-30,23.6163,23.7272,23.1411,23.4609,1856859
1999-05-03,23.3728,24.7903,23.2956,24.6764,1630522
1999-05-04,24.6982,24.6982,23.9776,24.0717,1453567
1999-05-05,24.0717,24.3152,24.0449,24.3152,2039190
1999-05-06,24.2023,25.2476,24.0221,25.2021,1765934
1999-05-07,25.0239,25.2268,24.7497,25.2268,1230164
1999-05-10,25.1556,25.2268,24.7497,25.0684,1270007
1999-05-11,25.0239,25.0684,24.818,24.9299,1359459
1999-05-12,25.0427,25.1378,24.4845,25.0239,1746624
1999-05-13,25.112,25.407,24.9299,25.3189,1132400
1999-05-14,25.2268,25.7029,25.1378,25.2021,1263898
1999-05-17,25.2021,25.2021,24.2478,24.6131,1452099
1999-05-18,24.5448,24.5705,23.7944,23.9984,1564294
1999-05-19,23.9776,24.1578,23.5905,23.6817,1034141
1999-05-20,23.7054,23.7272,23.1807,23.3184,810257
1999-05-21,23.1589,23.2738,22.9778,23.1372,1099648
1999-05-24,23.0897,23.8846,23.0471,23.0689,906560
1999-05-25,23.1164,23.4995,23.0471,23.0471,852290
1999-05-26,22.9778,22.9778,22.2978,22.6601,705147
1999-05-27,22.573,22.573,21.9335,22.0018,960571
1999-05-28,22.0493,22.2058,21.9761,22.0493,605677
1999-06-01,21.9553,23.0471,21.8454,23.0471,1323287
1999-06-02,23.0264,23.0689,22.7066,22.7729,803649
1999-06-03,22.6799,23.0471,22.6799,22.8858,576346
1999-06-04,22.865,23.2926,22.8422,23.2926,426269
1999-06-07,23.3411,23.5905,22.8858,23.0897,466589
1999-06-08,23.0689,23.0689,22.6601,22.865,345123
1999-06-09,22.7729,22.8224,22.1404,22.2245,427490
1999-06-10,22.2245,22.5215,22.2058,22.4116,678998
1999-06-11,22.477,22.9095,22.3195,22.3889,627668
1999-06-14,22.477,23.4114,22.477,23.3184,568027
1999-06-15,23.1589,23.5697,23.1589,23.2926,517686
1999-06-16,23.3411,23.3411,22.955,23.2738,285483
1999-06-17,23.1589,23.1589,22.8858,23.0471,377627
1999-06-18,22.9303,23.1164,22.8422,23.0689,730331
1999-06-21,22.9778,23.0471,22.5027,22.6799,328499
1999-06-22,22.5938,22.6373,22.3195,22.4116,354890
1999-06-23,22.2493,23.2738,22.1652,23.2738,926109
1999-06-24,23.3688,23.4995,22.4116,22.4314,813425
1999-06-25,22.2493,22.6373,22.2493,22.4116,505706
1999-06-28,22.477,22.6156,22.3701,22.3701,723241
1999-06-29,22.2493,22.2493,22.0701,22.0948,635244
1999-06-30,21.9761,21.9761,21.4347,21.4574,2010844
1999-07-01,21.4781,21.9335,21.4574,21.7999,1107714
1999-07-02,21.8197,22.3889,21.8197,22.0948,466108
1999-07-06,22.0493,22.0701,21.7514,21.7742,807560
1999-07-07,22.0226,22.0226,21.6405,21.7999,785074
1999-07-08,21.7266,22.0493,21.7266,21.887,1267561
1999-07-09,21.9761,22.5215,21.9761,22.3195,1335263
1999-07-12,22.1176,22.1176,21.7999,22.0493,531861
1999-07-13,21.9761,22.1404,21.9147,21.9335,669220
1999-07-14,21.8454,21.9147,21.4347,21.5257,500578
1999-07-15,21.7999,22.2058,21.7999,21.887,1400530
1999-07-16,22.0701,22.3453,21.9761,22.2978,2022818
1999-07-19,22.1652,22.184,21.7999,22.0493,692931
1999-07-20,22.1652,22.184,21.8672,21.8672,373473
1999-07-21,21.8672,22.1404,21.6652,21.6652,690487
1999-07-22,21.6652,22.3195,21.4781,22.2245,997478
1999-07-23,22.184,22.2058,21.4347,21.5693,816359
1999-07-26,21.594,21.887,21.5485,21.8672,712967
1999-07-27,21.8672,22.0701,21.8197,21.8672,786057
1999-07-28,21.7078,22.0701,21.6138,21.9761,1072024
1999-07-29,21.7999,21.8454,21.5485,21.7514,1373886
1999-07-30,21.6652,21.7742,21.594,21.6652,1049543
1999-08-02,21.9335,22.4116,21.887,22.2058,853267
1999-08-03,22.1176,22.477,21.9335,22.184,828331
1999-08-04,22.1652,22.4562,22.1404,22.3195,2698152
1999-08-05,22.3701,22.6799,22.2493,22.573,1011893
1999-08-06,22.573,22.959,22.573,22.9343,1467497
1999-08-09,22.9828,23.3223,22.6601,22.8907,1272206
1999-08-10,22.8037,22.8037,22.4116,22.4116,1401992
1999-08-11,22.4809,23.1629,22.3701,23.1194,1050512
1999-08-12,23.0521,23.0946,22.6423,22.6839,545063
1999-08-13,22.7561,22.8689,22.5978,22.7769,555815
1999-08-16,22.4809,22.8037,22.4314,22.7066,395960
1999-08-17,22.6601,23.0521,22.4116,23.0521,555566
1999-08-18,23.0303,23.0946,22.9828,23.0521,854000
1999-08-19,23.0086,23.1629,22.9125,23.1451,694884
1999-08-20,23.2589,23.9855,23.2372,23.9855,1290044
1999-08-23,24.0113,24.4893,23.7816,24.4893,1861007
1999-08-24,24.3072,24.3072,23.4184,23.6955,1066159
1999-08-25,23.6233,23.6233,23.35,23.3728,772613
1999-08-26,23.1629,23.2372,22.8462,22.9828,700995
1999-08-27,22.9828,23.2115,22.959,23.0086,544568
1999-08-30,22.9125,22.9125,22.4116,22.4562,764298
1999-08-31,22.3889,22.4314,21.9523,21.9523,823203
1999-09-01,21.9335,22.4116,21.8672,22.3701,966438
1999-09-02,22.2721,22.8689,22.1602,22.8037,831514
1999-09-03,22.8907,23.3728,22.8907,23.0946,998212
1999-09-07,23.0946,23.1629,22.9828,23.1194,816359
1999-09-08,23.0303,23.2589,22.8907,23.2589,672152
1999-09-09,23.0729,23.0729,22.7907,23.0086,423335
1999-09-10,23.0946,23.4846,22.9828,23.442,673621
1999-09-13,23.3966,23.6955,23.2986,23.6697,447039
1999-09-14,23.2986,23.3966,22.9828,23.1629,679730
1999-09-15,23.1629,23.3728,23.0086,23.0086,830055
1999-09-16,22.8037,22.959,22.5027,22.8462,510841
1999-09-17,22.9343,23.1907,22.7066,22.7313,828331
1999-09-20,23.0303,23.2115,22.8462,23.0521,635978
1999-09-21,22.8462,22.9828,22.1602,22.5254,825647
1999-09-22,22.5254,22.5254,22.0493,22.1602,655291
1999-09-23,22.1404,22.2058,21.6366,21.7028,1300070
1999-09-24,21.7028,21.7474,21.2446,21.3604,775541
1999-09-27,21.3851,21.7226,21.3851,21.5653,1049292
1999-09-28,21.2911,21.3356,20.8378,21.0407,1111377
1999-09-29,21.0407,21.4989,20.903,21.2911,1142169
1999-09-30,21.2446,22.2493,21.1763,21.9335,894821
1999-10-01,21.7949,21.9335,21.5217,21.8672,639402
1999-10-04,21.8672,22.3701,21.8415,22.2978,499836
1999-10-05,22.2493,22.3245,21.6088,21.8672,529902
1999-10-06,21.6613,21.9335,21.4297,21.6792,923902
1999-10-07,21.6792,22.573,21.6792,22.4809,549449
1999-10-08,22.5254,22.9828,22.4314,22.7313,553610
1999-10-11,22.6423,22.6601,22.184,22.2245,271795
1999-10-12,22.1404,22.184,21.8415,21.9087,645757
1999-10-13,21.7474,22.0226,21.3356,21.3604,504245
1999-10-14,21.2704,21.5465,20.7417,21.2446,935888
1999-10-15,21.2446,21.2446,20.6764,20.8378,694151
1999-10-18,20.8378,21.3604,20.6981,21.3604,647225
1999-10-19,21.4515,21.4989,20.9506,21.0862,422602
1999-10-20,21.0169,21.0862,20.6061,20.8378,841292
1999-10-21,20.6981,20.9714,20.4705,20.8832,1180791
1999-10-22,20.5635,21.2446,20.426,20.9971,880645
1999-10-25,20.8378,21.3851,20.8378,21.2911,801205
1999-10-26,21.2446,21.8672,21.2446,21.3851,1222591
1999-10-27,21.2911,21.7028,21.2911,21.6088,539192
1999-10-28,21.9335,21.9761,21.6088,21.8841,729592
1999-10-29,21.9761,22.2721,21.8672,22.1602,629135
1999-11-01,22.184,22.184,21.7028,21.8415,409892
1999-11-02,21.6613,22.2493,21.5465,21.59,1171750
1999-11-03,21.5653,21.8841,21.4515,21.8197,624247
1999-11-04,21.8841,22.2493,21.8197,22.0701,533081
1999-11-05,22.1136,22.1136,21.9523,22.0226,678510
1999-11-08,22.0226,22.0226,21.5217,21.59,568760
1999-11-09,21.887,21.9335,21.4257,21.59,747679
1999-11-10,21.4951,21.7226,21.4257,21.6792,682663
1999-11-11,21.5425,21.7949,21.5425,21.7226,635978
1999-11-12,21.8415,22.0226,21.7028,21.7949,1160257
1999-11-15,21.8197,22.276,21.7474,22.1176,1032674
1999-11-17,22.0493,22.3245,21.887,22.2552,1006768
1999-11-18,22.3493,22.3493,21.9335,22.0493,634754
1999-11-19,22.0741,22.1176,21.7949,22.1176,596873
1999-11-22,21.887,22.0018,21.6792,21.8415,662135
1999-11-23,21.887,21.887,21.1733,21.2911,1183233
1999-11-24,21.4257,21.7474,21.2911,21.4951,387647
1999-11-26,21.4257,21.4762,21.197,21.2654,164245
1999-11-29,21.0585,21.1535,20.9427,21.0585,937837
1999-11-30,20.9674,21.7028,20.9674,21.5425,776278
1999-12-01,21.3356,21.5425,21.1277,21.2654,485178
1999-12-02,21.0585,21.9553,21.0585,21.7028,966192
1999-12-03,21.7028,22.3919,21.7028,22.187,861333
1999-12-06,21.9761,22.0741,21.4762,21.4951,590271
1999-12-07,21.4069,21.4515,20.9238,20.9238,862309
1999-12-08,21.0585,21.1079,20.6725,21.0119,718110
1999-12-09,21.0367,21.0585,20.5754,20.6239,916816
1999-12-10,20.714,21.0367,20.417,20.9912,1044166
1999-12-13,21.0585,21.4069,21.0119,21.1277,624979
1999-12-14,21.1277,21.7742,21.0833,21.7028,934662
1999-12-15,21.6088,22.0741,21.4257,21.6792,1086695
1999-12-16,21.7028,21.7949,21.5425,21.7949,723241
1999-12-17,21.887,22.0226,21.59,21.7949,1391484
1999-12-20,22.0018,22.0018,21.3832,21.4515,732524
1999-12-21,21.3574,21.6613,21.2416,21.2911,1168078
1999-12-22,21.3356,21.6792,21.2911,21.3574,493729
1999-12-23,21.4069,22.1652,21.3832,21.8672,720064
1999-12-27,21.8415,22.187,21.6366,22.0226,900444
1999-12-28,21.9553,22.8075,21.9553,22.666,821739
1999-12-29,22.6244,23.1551,22.5572,22.969,686336
1999-12-30,22.8976,23.1709,22.7393,22.8976,528680
1999-12-31,22.8075,23.0154,22.7858,23.0154,343165
2000-01-03,23.0382,23.0382,21.9335,22.0741,1344306
2000-01-04,21.9761,22.0493,21.2654,21.3118,1441586
2000-01-05,21.3356,22.1652,21.3356,22.1176,2029173
2000-01-06,22.1176,23.7054,22.1176,23.1709,2629221
2000-01-07,23.3362,23.7232,23.2659,23.5905,1985422
2000-01-10,23.4946,23.4946,22.7393,22.8551,1399789
2000-01-11,22.7591,22.8551,22.4156,22.7591,1367039
2000-01-12,22.7591,23.4064,22.7591,23.1085,1421548
2000-01-13,23.1709,23.934,23.1293,23.6817,2070724
2000-01-14,23.6371,23.7232,22.9432,23.1709,2341054
2000-01-18,22.8551,23.0818,22.6244,22.6244,1979557
2000-01-19,22.3919,22.6026,21.8415,22.187,1934095
2000-01-20,22.276,22.276,21.1535,21.2911,1063469
2000-01-21,21.3832,21.8197,21.0119,21.5653,1873479
2000-01-24,21.7474,21.887,21.197,21.3356,1379994
2000-01-25,21.4257,21.6366,20.417,20.809,2088076
2000-01-26,20.8734,21.3832,20.7843,21.1277,2105674
2000-01-27,21.3356,21.6366,21.2654,21.3832,1857101
2000-01-28,21.3118,21.3118,20.1429,20.8536,1376329
2000-01-31,20.8734,20.9427,20.1637,20.2557,1364840
2000-02-01,20.3458,20.6903,20.2775,20.6239,1442319
2000-02-02,20.5091,20.5309,20.0914,20.2557,661154
2000-02-03,20.2557,20.325,19.9102,20.1429,766499
2000-02-04,20.2557,20.2557,19.8181,19.8904,978652
2000-02-07,19.9102,19.9102,19.1252,19.2421,1622218
2000-02-08,19.3094,19.4054,18.9917,19.0817,1022893
2000-02-09,18.9431,19.0817,18.76,18.76,1445987
2000-02-10,18.9431,18.9917,18.4383,18.5759,1235052
2000-02-11,18.6699,18.7106,17.7236,17.8909,1713138
2000-02-14,18.0701,18.6254,17.7711,18.6254,1940200
2000-02-15,18.6254,19.4262,18.5293,19.3094,1703853
2000-02-16,19.6826,19.6826,19.1976,19.4262,1328178
2000-02-17,19.6469,19.8321,19.1816,19.4598,1456495
2000-02-18,19.3895,19.3895,18.763,18.9283,1133380
2000-02-22,18.9283,19.8558,18.9283,19.5054,878449
2000-02-23,19.2975,19.9429,19.1342,19.7835,1440363
2000-02-24,19.6925,19.6925,18.4205,18.6293,1617085
2000-02-25,18.6472,18.6472,17.9998,18.1829,1698234
2000-02-28,18.2809,18.6293,18.0206,18.1829,1913562
2000-02-29,18.1631,18.3036,17.8632,18.3036,1697006
2000-03-01,18.2076,18.2076,17.6315,17.9117,993077
2000-03-02,17.6999,17.8632,17.2821,17.4662,703934
2000-03-03,17.491,18.763,17.4207,18.1829,2359141
2000-03-06,17.886,17.978,17.3494,17.7929,1206948
2000-03-07,17.5128,17.6573,17.0486,17.2365,1117241
2000-03-08,17.0486,17.3069,16.9109,17.0742,1421058
2000-03-09,16.9109,17.004,16.4477,16.8891,1184952
2000-03-10,16.9109,17.491,16.7248,17.3069,952511
2000-03-13,17.0486,17.3069,16.7248,17.0278,899707
2000-03-14,17.098,17.397,16.8891,17.0486,843008
2000-03-15,16.8654,18.6739,16.7733,18.6046,1746381
2000-03-16,18.5085,19.5776,18.4868,19.5776,1743938
2000-03-17,18.9966,19.1084,18.3957,18.5611,1530061
2000-03-20,18.6293,19.2737,18.6293,18.9283,934908
2000-03-21,18.9025,19.5984,18.763,19.3421,1210855
2000-03-22,19.25,19.25,18.3512,18.4631,1048565
2000-03-23,18.1631,18.8333,18.0453,18.6739,1227719
2000-03-24,18.763,18.9025,18.5611,18.7412,1154394
2000-03-27,18.6293,18.6927,18.2532,18.3512,670204
2000-03-28,18.1631,18.9709,18.1631,18.4383,1120665
2000-03-29,17.978,18.9709,17.978,18.855,962289
2000-03-30,18.8807,19.9944,18.855,19.6925,1303974
2000-03-31,19.7835,19.7835,19.1084,19.3895,1780353
2000-04-03,19.0411,19.6697,19.0411,19.6469,1323287
2000-04-04,19.9261,20.6151,19.6469,19.9429,2203687
2000-04-05,20.0389,20.3398,19.3687,19.5262,1127265
2000-04-06,19.6925,19.9261,19.4143,19.5776,1158553
2000-04-07,19.4846,19.7835,19.2737,19.2975,835429
2000-04-10,18.9511,19.5519,18.9025,19.25,1669875
2000-04-11,19.3193,20.5447,19.3193,20.0389,1436943
2000-04-12,20.1547,21.3118,20.1547,21.1733,2265280
2000-04-13,21.5465,21.5465,20.7338,20.7793,1818242
2000-04-14,20.8496,20.8496,19.6469,19.7123,1339664
2000-04-17,19.5054,19.9944,19.3895,19.735,1108931
2000-04-18,19.5984,19.8053,18.855,18.9709,1214764
2000-04-19,19.1342,19.1342,18.7154,18.763,1093541
2000-04-20,19.0411,19.9676,19.0411,19.6469,1529088
2000-04-24,19.6242,20.6151,19.6242,20.1349,1577239
2000-04-25,19.9261,20.8258,19.8558,20.7338,1554515
2000-04-26,20.7338,20.7338,19.9429,20.1547,1223324
2000-04-27,20.2477,20.3171,19.735,19.9261,1163675
2000-04-28,19.7835,20.6151,19.7835,20.1547,833713
2000-05-01,19.9261,20.2913,19.8321,20.2023,721037
2000-05-02,20.1082,20.4784,20.0389,20.1547,1479225
2000-05-03,19.7835,19.9013,19.5054,19.5054,1308863
2000-05-04,19.5519,20.1082,19.5262,19.7835,819539
2000-05-05,19.6697,20.6417,19.6242,20.4348,1127265
2000-05-08,20.325,20.8378,20.3012,20.4883,904349
2000-05-09,20.4883,21.0495,20.4408,20.7199,1406389
2000-05-10,20.7199,21.1436,20.325,20.3696,860360
2000-05-11,20.5329,21.0713,20.514,20.8378,538216
2000-05-12,20.8378,20.8624,20.2805,20.5833,770900
2000-05-15,20.4883,21.3782,20.4883,21.2149,827118
2000-05-16,21.2149,21.2149,20.6537,21.1436,988439
2000-05-17,21.0495,21.0495,20.6289,20.6981,492024
2000-05-18,20.6289,20.8862,20.4883,20.6981,832491
2000-05-19,20.2557,20.6289,20.2557,20.6011,679730
2000-05-22,20.5329,20.9555,20.4408,20.6011,600537
2000-05-23,20.6981,20.6981,20.022,20.3497,1151212
2000-05-24,20.3497,20.816,20.3497,20.5329,1226744
2000-05-25,19.9716,19.9994,18.763,19.1816,2300240
2000-05-26,19.1816,19.3213,18.7838,19.0659,794613
2000-05-30,19.1609,19.4143,18.8768,19.3687,803409
2000-05-31,18.855,19.0411,18.5047,18.5047,1361666
2000-06-01,18.5293,18.6254,17.9226,18.6254,2252575
2000-06-02,18.4779,18.855,18.3422,18.6699,1889122
2000-06-05,18.6699,18.7838,18.1552,18.2978,989658
2000-06-06,18.2978,18.3166,17.9681,18.0621,1087184
2000-06-07,18.2007,18.2452,17.9048,17.9919,1108931
2000-06-08,17.9414,18.1117,17.8276,17.877,1094754
2000-06-09,17.9048,17.9226,17.78,17.9048,1076667
2000-06-12,17.9226,18.271,17.9048,18.1552,1312534
2000-06-13,18.2452,18.3166,17.5484,17.7097,1321578
2000-06-14,17.5484,18.0839,17.5484,17.9681,1274653
2000-06-15,17.9226,17.9414,17.3633,17.5484,942479
2000-06-16,17.2901,17.5217,17.2197,17.397,1238962
2000-06-19,17.3168,17.4088,16.5199,16.6397,1767891
2000-06-20,16.616,16.7327,15.8686,16.2438,2170451
2000-06-21,16.4269,16.4764,15.5895,15.727,2813764
2000-06-22,15.727,16.2645,15.5191,16.0527,2059240
2000-06-23,16.0527,16.1714,15.8211,16.0784,1750291
2000-06-26,16.1714,16.1714,15.8686,16.0527,1772776
2000-06-27,16.0527,16.8031,15.9151,16.6842,3208745
2000-06-28,16.6842,17.2445,16.2438,16.9149,3408189
2000-06-29,16.8941,17.2009,16.4991,16.8031,1799175
2000-06-30,16.8239,16.8743,16.4071,16.5446,2136472
2000-07-03,16.6397,17.1752,16.616,17.1515,880645
2000-07-05,16.8941,17.1515,16.5684,16.7535,1675261
2000-07-06,16.709,16.709,16.3576,16.4071,1782309
2000-07-07,16.4991,16.6842,16.2438,16.4991,2545630
2000-07-10,16.2438,16.616,16.1714,16.2883,1720470
2000-07-11,16.2645,16.9842,16.2645,16.9842,1223814
2000-07-12,16.9179,17.1287,16.616,16.7327,1149743
2000-07-13,16.709,17.3633,16.709,17.1515,1189345
2000-07-14,17.2009,17.2901,16.6842,16.9179,1079112
2000-07-17,16.8495,16.8743,16.3348,16.4071,1648613
2000-07-18,16.3813,16.4764,16.219,16.2883,1241891
2000-07-19,16.1922,16.4269,15.8686,15.9389,1084982
2000-07-20,15.632,16.0121,15.5191,15.727,1678428
2000-07-21,15.8211,16.0784,15.7518,15.9864,1880812
2000-07-24,15.9864,16.0121,15.6835,15.8448,1378529
2000-07-25,15.8686,16.0527,15.5895,15.8785,1737587
2000-07-26,15.7973,15.8686,15.4746,15.4746,1434010
2000-07-27,15.4915,15.8211,15.3984,15.4241,1563308
2000-07-28,15.4499,15.4746,15.1668,15.1895,1352374
2000-07-31,15.2856,15.3984,15.1668,15.1895,2238151
2000-08-01,15.2856,15.3074,15.0292,15.2163,1984444
2000-08-02,15.1895,15.3984,15.0955,15.3074,1667428
2000-08-03,15.3074,15.6132,15.1233,15.2163,1609993
2000-08-04,15.2163,15.2618,14.9579,15.0955,1363619
2000-08-07,15.0034,15.9864,14.9827,15.7518,1941431
2000-08-08,15.833,15.928,15.6666,15.8904,1147051
2000-08-09,15.833,16.2566,15.8082,16.0913,1975403
2000-08-10,15.8785,15.9477,15.5003,15.5697,1410312
2000-08-11,15.5697,16.0913,15.5459,16.0408,1126289
2000-08-14,15.9735,16.0408,15.6201,15.9983,764540
2000-08-15,15.9477,16.3981,15.8518,16.2794,1122867
2000-08-16,16.3041,16.612,16.2309,16.3725,1162213
2000-08-17,16.4685,16.7248,16.118,16.1844,1591663
2000-08-18,16.023,16.2794,16.023,16.2309,859629
2000-08-21,16.1368,16.2101,16.023,16.023,1238476
2000-08-22,15.9477,16.1586,15.9477,16.1368,935152
2000-08-23,16.023,16.118,15.8785,15.928,979890
2000-08-24,15.738,16.023,15.738,15.9043,995031
2000-08-25,15.8082,16.2566,15.7607,16.118,511564
2000-08-28,16.3487,16.3487,16.0646,16.1586,756233
2000-08-29,16.0408,16.0408,15.7854,15.833,1034383
2000-08-30,15.8082,15.833,15.4539,15.5459,912906
2000-08-31,15.5459,15.7854,15.2648,15.2737,1294928
2000-09-01,15.3588,15.3588,15.1945,15.2539,1871525
2000-09-05,15.2648,15.4539,15.1707,15.3846,1976620
2000-09-06,15.4311,15.9735,15.3846,15.7142,1348706
2000-09-07,15.4063,15.4063,15.0995,15.2648,2172161
2000-09-08,15.2648,15.3588,14.8886,14.9401,1387816
2000-09-11,14.8401,15.245,14.8401,15.0074,1312051
2000-09-12,14.9619,15.1707,14.9619,15.0737,1286380
2000-09-13,15.0737,15.3588,14.3244,14.9827,2304878
2000-09-14,14.9827,15.0539,14.7273,14.7501,1495851
2000-09-15,14.7698,14.7698,14.3709,14.3709,1426439
2000-09-18,14.3709,14.3937,13.8987,14.1789,1724139
2000-09-19,14.1571,14.1571,13.7344,13.9215,1635413
2000-09-20,13.8987,13.9453,13.5711,13.6899,1821169
2000-09-21,13.7592,14.0888,13.7077,13.8542,1441831
2000-09-22,13.8987,14.3244,13.8295,13.9928,1058578
2000-09-25,14.1343,14.1343,13.7819,13.7819,812695
2000-09-26,13.7592,13.8987,13.6156,13.6156,1535689
2000-09-27,13.6156,14.2551,13.6156,14.2037,1796482
2000-09-28,14.2037,14.6551,13.9928,14.6045,1392453
2000-09-29,14.5144,15.2648,14.466,14.9619,1657654
2000-10-02,14.8886,14.9619,14.6283,14.8619,1257053
2000-10-03,14.8154,15.5459,14.6758,15.1509,1590923
2000-10-04,14.9154,15.8785,14.9154,15.5003,2149428
2000-10-05,15.738,15.738,15.1707,15.2648,1033408
2000-10-06,15.1707,15.8518,15.1707,15.245,904112
2000-10-09,15.3122,15.8518,15.2896,15.339,1214525
2000-10-10,15.3588,15.6666,15.1261,15.2648,1272941
2000-10-11,15.0539,15.5281,14.9401,14.9827,1971977
2000-10-12,14.8886,14.9154,14.3244,14.3709,1770089
2000-10-13,14.3244,14.4174,14.067,14.3244,1354822
2000-10-16,14.3244,14.5788,14.2037,14.562,2679087
2000-10-17,14.7005,14.9619,14.1343,14.1789,1149743
2000-10-18,14.2037,14.4174,14.1571,14.3244,1004074
2000-10-19,14.3709,14.562,14.067,14.5372,1434252
2000-10-20,14.466,14.562,14.1106,14.1343,1799664
2000-10-23,14.1343,14.4174,14.0156,14.2037,1464809
2000-10-24,14.2037,14.7926,14.1789,14.7501,2179735
2000-10-25,14.4174,14.5144,14.1571,14.3017,1299577
2000-10-26,14.3481,14.9619,14.3017,14.7698,1775952
2000-10-27,14.7005,15.0737,14.3481,15.0737,1232120
2000-10-30,14.9827,16.5378,14.9827,16.516,2504820
2000-10-31,16.516,16.9376,16.3725,16.8199,2276772
2000-11-01,16.8199,17.008,16.4437,16.6338,1950960
2000-11-02,16.7248,17.1515,16.5862,16.9634,2097852
2000-11-03,16.8683,17.1515,16.516,17.1257,1127021
2000-11-06,17.0316,17.1752,16.8446,16.9634,709552
2000-11-07,16.9842,17.2197,16.8683,17.0574,571696
2000-11-08,17.0901,17.5444,16.7813,17.3742,1019961
2000-11-09,17.2821,17.3039,16.6644,17.1831,1333551
2000-11-10,17.0188,17.2079,16.6842,16.8525,802677
2000-11-13,16.9228,17.2573,16.7813,16.8763,1076182
2000-11-14,16.8031,17.1376,16.709,17.0654,837133
2000-11-15,17.1623,17.5444,17.1138,17.2573,953728
2000-11-16,17.2573,17.2573,16.3537,16.616,1769116
2000-11-17,16.616,17.0446,16.4021,16.4724,1383420
2000-11-20,16.1844,16.2596,15.7102,15.9477,3672161
2000-11-21,15.9477,16.118,15.735,15.8785,1775218
2000-11-22,15.829,15.829,15.5241,15.7854,1005790
2000-11-24,15.829,15.9735,15.8032,15.8785,408913
2000-11-27,15.8032,15.8518,15.3816,15.7854,1475320
2000-11-28,15.6884,15.8785,15.4746,15.5924,1188855
2000-11-29,15.6884,15.8518,15.6389,15.7854,1359221
2000-11-30,15.8518,15.9735,15.6389,15.8518,1544733
2000-12-01,15.8032,16.4219,15.8032,16.3764,1470433
2000-12-04,16.3537,17.1138,16.3041,16.9466,1599729
2000-12-05,16.8763,17.3277,16.6842,17.2573,2407290
2000-12-06,17.1138,17.1831,16.6397,16.8031,1113090
2000-12-07,16.8031,16.8031,15.7854,15.9735,2992429
2000-12-08,16.118,16.7327,16.118,16.5912,1449655
2000-12-11,16.5199,16.5446,16.1388,16.3537,1037319
2000-12-12,16.1844,16.7813,16.1388,16.1636,1430345
2000-12-13,16.3041,16.3041,15.6884,15.735,2475725
2000-12-14,15.7607,16.1844,15.3301,16.0448,2782239
2000-12-15,16.1388,16.1844,15.7102,15.7607,2373074
2000-12-18,15.8518,16.3537,15.829,16.0448,1513446
2000-12-19,16.0646,16.7813,15.8518,16.5912,1216967
2000-12-20,16.8277,16.8763,15.9735,16.1388,1845363
2000-12-21,16.1636,16.5912,16.118,16.5446,1670605
2000-12-22,16.4962,17.2079,16.3279,17.2079,1294691
2000-12-26,17.1138,17.1831,16.6397,17.1376,1066159
2000-12-27,17.1376,17.8504,16.7813,17.8018,1668408
2000-12-28,17.6831,18.0403,17.1138,17.9919,1641038
2000-12-29,18.0403,18.0403,17.5444,17.6137,1117733
2001-01-02,17.78,17.8246,17.2079,17.2821,2782239
2001-01-03,17.2821,17.4207,16.8277,17.3039,2145762
2001-01-04,18.0156,18.5858,17.7285,18.5433,3780197
2001-01-05,18.6343,18.7046,17.8018,18.2532,2670768
2001-01-08,18.1631,18.6343,18.1631,18.466,1576262
2001-01-09,18.1146,18.1393,17.5633,17.8018,2162630
2001-01-10,17.399,17.6643,16.903,17.589,2460825
2001-01-11,17.7285,17.7285,16.8031,17.0654,2152366
2001-01-12,17.1831,17.1831,16.6644,17.0654,1148042
2001-01-16,16.8763,17.5167,16.6397,17.5167,1285893
2001-01-17,17.4464,17.5444,16.903,17.0901,1574553
2001-01-18,17.1831,17.2317,16.7327,17.1138,1390746
2001-01-19,16.994,16.994,16.4962,16.709,1377304
2001-01-22,16.709,17.0446,16.3537,16.8763,1685523
2001-01-23,16.8763,17.3039,16.8763,16.9694,874044
2001-01-24,16.8277,17.2079,16.8031,17.1623,1204260
2001-01-25,17.1138,17.5633,17.0446,17.4712,1715586
2001-01-26,17.589,17.6385,17.0446,17.1831,1638096
2001-01-29,17.095,17.4346,16.994,17.2871,1022164
2001-01-30,17.3792,17.4742,16.9901,17.4168,3243212
2001-01-31,17.6483,17.7029,17.3415,17.5633,3997734
2001-02-01,17.8166,17.9285,17.5672,17.8166,2412179
2001-02-02,17.78,18.2452,17.78,18.1373,3100226
2001-02-05,18.0621,18.755,17.9681,18.7274,2618471
2001-02-06,18.7194,18.9183,18.5007,18.9183,2615289
2001-02-07,18.8333,18.9183,18.5215,18.6204,1570879
2001-02-08,18.7877,18.9589,18.4433,18.8986,4549387
2001-02-09,19.0154,19.1976,18.8639,18.8807,2285571
2001-02-12,18.8807,19.1906,18.6927,19.1213,2090035
2001-02-13,19.0738,19.4351,19.0411,19.0856,1328666
2001-02-14,19.1688,19.3895,19.0154,19.147,1246294
2001-02-15,19.1174,19.5578,19.1174,19.5578,2732861
2001-02-16,19.4984,19.5014,18.8293,19.0203,1185188
2001-02-20,19.0203,19.3935,19.0203,19.1738,1403949
2001-02-21,19.0778,19.1976,18.8669,18.9589,2075119
2001-02-22,19.0411,19.3687,18.8669,19.152,1735625
2001-02-23,19.4717,19.4717,18.6392,18.9847,1479714
2001-02-26,19.2708,19.6558,19.2539,19.6242,1379502
2001-02-27,19.635,19.6826,19.3094,19.4984,1084245
2001-02-28,19.539,19.7885,19.5182,19.5984,2078548
2001-03-01,19.635,19.7885,19.3391,19.6281,1764959
2001-03-02,19.5776,20.13,19.5776,20.0874,1390499
2001-03-05,20.2419,20.5754,20.1903,20.4814,1795017
2001-03-06,20.4814,20.5943,20.3646,20.4814,1115775
2001-03-07,20.4962,21.0585,20.4962,21.0585,2546859
2001-03-08,21.0833,21.2822,20.4626,21.2742,3908769
2001-03-09,21.2178,21.2822,20.7962,21.2822,1953647
2001-03-12,21.0535,21.0961,20.8041,20.9743,2218847
2001-03-13,20.9714,20.9714,19.8499,20.1953,2302921
2001-03-14,20.0558,20.125,19.3687,19.6162,2551004
2001-03-15,19.5578,19.635,19.3272,19.4598,1511246
2001-03-16,19.1342,19.635,19.1342,19.1342,2348874
2001-03-19,19.0411,19.8152,19.0411,19.6162,2916416
2001-03-20,19.4054,20.1349,18.9847,19.3777,2163121
2001-03-21,19.2134,19.2134,18.6392,18.7728,1970275
2001-03-22,18.6966,18.6966,17.488,18.0641,2163359
2001-03-23,17.7751,17.9246,17.4594,17.6266,4040750
2001-03-26,17.6445,18.1017,17.5633,17.8682,3124420
2001-03-27,18.2126,18.2126,17.6483,18.0047,2923512
2001-03-28,17.9117,18.0335,17.3702,18.0156,1654478
2001-03-29,18.0156,18.174,17.6088,17.785,2214686
2001-03-30,17.886,17.886,17.4782,17.6761,1788420
2001-04-02,18.0581,18.5165,17.9156,18.177,3129306
2001-04-03,18.1631,18.1631,17.4712,17.5633,2059240
2001-04-04,17.7929,18.8134,17.7929,18.3591,3658223
2001-04-05,18.4274,18.9323,18.4274,18.8491,1384387
2001-04-06,18.8134,18.8134,18.1423,18.4155,1312282
2001-04-09,18.565,19.1976,18.5215,18.5759,2025509
2001-04-10,18.8907,19.4984,18.7322,19.2975,2494788
2001-04-11,19.2886,19.3687,18.9095,19.152,2058750
2001-04-12,19.1788,19.443,18.6392,19.2708,1895477
2001-04-16,19.156,19.7479,19.0203,19.2332,1736359
2001-04-17,19.2015,19.3687,18.8293,19.25,1635413
2001-04-18,19.1788,20.1725,18.9847,19.9548,1838039
2001-04-19,20.2319,20.2369,19.6925,20.1874,3989908
2001-04-20,20.422,20.6011,20.1953,20.2685,2893687
2001-04-23,20.2091,20.6903,20.0389,20.2419,2384068
2001-04-24,20.2477,20.7417,20.2131,20.2775,1869323
2001-04-25,20.0389,20.4814,20.0389,20.4814,1825333
2001-04-26,20.4814,21.0535,20.3616,20.8417,1521264
2001-04-27,20.518,21.0249,20.518,20.5982,2555407
2001-04-30,20.5982,20.6725,20.2369,20.3834,2422450
2001-05-01,20.3834,20.5537,20.2725,20.3834,2305365
2001-05-02,20.3458,20.7882,20.2517,20.7378,2221535
2001-05-03,20.7378,20.7625,20.422,20.7249,1731962
2001-05-04,20.518,21.2099,20.426,21.1485,2121562
2001-05-07,21.1277,21.4574,20.9585,20.9872,2068284
2001-05-08,21.197,21.3574,21.0833,21.2288,1217211
2001-05-09,21.0249,21.4574,21.0119,21.303,1629548
2001-05-10,21.2534,21.6792,21.2178,21.5485,1457474
2001-05-11,21.4109,21.4425,21.1228,21.4029,1210855
2001-05-14,21.5257,21.791,21.3703,21.791,1720235
2001-05-15,21.7999,21.9444,21.687,21.9444,2116678
2001-05-16,21.9177,22.8858,21.9147,22.8858,2678843
2001-05-17,22.8224,23.0897,22.4116,22.8462,3814414
2001-05-18,22.8462,22.8462,22.4562,22.7987,1943140
2001-05-21,22.8037,23.0689,22.6096,23.0124,1257786
2001-05-22,22.9174,22.9174,22.6294,22.9174,1651544
2001-05-23,22.8037,22.8858,22.4195,22.473,1615129
2001-05-24,21.8365,22.1068,21.2178,21.5861,3986976
2001-05-25,21.5861,21.7564,21.5465,21.5564,1959754
2001-05-29,21.4515,21.8494,21.4515,21.7316,1162452
2001-05-30,21.7564,21.8157,21.3742,21.4465,1138505
2001-05-31,21.3326,21.7,21.3326,21.4861,1520534
2001-06-01,21.3891,21.3891,20.8704,21.1733,2250134
2001-06-04,20.8704,21.3406,20.8704,21.2911,2272862
2001-06-05,21.295,21.5653,20.7843,21.4465,1398811
2001-06-06,21.295,21.6088,21.2742,21.3277,977684
2001-06-07,21.1407,21.6574,21.1317,21.399,1434252
2001-06-08,21.3742,21.4109,21.1031,21.1624,838361
2001-06-11,21.1624,21.1624,20.7417,20.9357,1587999
2001-06-12,20.9308,20.9674,20.6952,20.903,1176885
2001-06-13,20.8298,21.2099,20.8298,20.9793,924152
2001-06-14,20.8912,20.911,20.3903,20.422,1502691
2001-06-15,20.1755,20.523,20.1637,20.1637,2121809
2001-06-18,20.1686,20.2805,19.939,20.1122,1203768
2001-06-19,20.1755,20.4744,20.1507,20.4408,2072436
2001-06-20,20.4438,21.2534,20.4438,20.5537,1018989
2001-06-21,20.4666,20.5408,20.0597,20.3784,1296160
2001-06-22,20.2893,20.3992,19.8499,19.9063,1307398
2001-06-25,19.9994,20.0389,19.6509,19.8053,1185436
2001-06-26,19.7479,20.1874,19.5153,20.0032,1445987
2001-06-27,19.9588,20.2597,19.9142,20.0795,1386106
2001-06-28,20.0963,20.322,20.0152,20.0389,1733422
2001-06-29,19.939,20.4438,19.8677,20.3171,1422277
2001-07-02,20.2319,20.5833,19.9815,20.4854,1385375
2001-07-03,20.2893,20.3696,20.0182,20.3369,824914
2001-07-05,20.2963,20.6625,20.1607,20.5091,1098913
2001-07-06,20.6061,20.6061,19.9468,20.0112,1035114
2001-07-09,20.0112,20.4626,20.0112,20.4309,1074223
2001-07-10,20.4814,20.5537,20.1349,20.1547,1027047
2001-07-11,20.1547,20.4814,20.0518,20.2279,1050762
2001-07-12,20.1755,20.7704,20.0756,20.7338,1188855
2001-07-13,20.5982,20.7586,20.3369,20.4705,1536916
2001-07-16,20.3864,20.4814,20.13,20.1973,1441101
2001-07-17,20.0597,20.3458,20.0389,20.2319,1192765
2001-07-18,20.1953,20.7496,20.0963,20.7101,953728
2001-07-19,20.9674,21.3326,20.8793,21.1209,1682834
2001-07-20,21.1209,21.2178,20.8298,21.0793,1934337
2001-07-23,21.0833,21.1209,20.5903,20.6467,1235301
2001-07-24,20.6289,20.6289,19.9102,20.0389,1227967
2001-07-25,19.9815,20.8496,19.9815,20.8496,1241652
2001-07-26,20.6675,20.7912,20.3171,20.7912,1120421
2001-07-27,20.714,21.1031,20.5635,20.8734,1288829
2001-07-30,20.8734,20.9466,20.2893,20.6189,1271474
2001-07-31,20.6585,21.2376,20.6585,21.2376,1119442
2001-08-01,21.1407,21.3485,20.8496,21.1119,954221
2001-08-02,21.3891,21.5564,21.0585,21.4425,907048
2001-08-03,21.3891,21.4425,21.2604,21.4178,711998
2001-08-06,21.2742,21.5079,21.2742,21.3326,793879
2001-08-07,21.4109,21.4515,21.2496,21.3703,636222
2001-08-08,21.3703,21.6326,21.0663,21.1031,813425
2001-08-09,21.1674,21.1674,20.8734,21.0169,900934
2001-08-10,21.1079,21.2862,20.8328,21.2327,1059319
2001-08-13,21.2416,21.3406,21.0297,21.3277,1383172
2001-08-14,21.3485,21.4297,21.1733,21.3782,614962
2001-08-15,21.2248,21.5167,21.1079,21.1159,1146824
2001-08-16,21.1485,21.1802,20.7536,21.0625,1018250
2001-08-17,20.7962,21.0991,20.4438,20.7378,2090275
2001-08-20,20.6813,20.6813,20.1547,20.4438,2865579
2001-08-21,20.3458,20.7378,20.3319,20.6011,2563226
2001-08-22,20.6981,20.903,20.422,20.8258,1199849
2001-08-23,20.816,20.9714,20.6329,20.8378,650156
2001-08-24,20.911,21.4148,20.8684,21.3326,1195946
2001-08-27,21.3406,21.5693,21.2782,21.3604,945174
2001-08-28,21.2604,21.2604,21.008,21.0585,805116
2001-08-29,20.911,21.2911,20.6813,20.7665,843008
2001-08-30,20.6813,21.008,20.5635,20.5873,939059
2001-08-31,20.4536,21.2099,20.4536,21.0743,1392954
2001-09-04,21.0495,21.594,20.8952,21.4257,1398571
2001-09-05,21.3604,21.5375,21.2248,21.3703,2097609
2001-09-06,21.2704,21.4148,21.1079,21.1119,2305613
2001-09-07,21.0862,21.1079,20.13,20.1973,2328831
2001-09-10,20.1973,20.2893,19.7123,19.8152,2172161
2001-09-17,17.9156,18.6392,17.5633,17.5633,2350344
2001-09-18,17.6217,18.1522,17.2901,17.5217,2407048
2001-09-19,17.7167,17.8166,16.7397,17.3742,4139986
2001-09-20,17.2129,17.2129,16.32,16.3279,1954872
2001-09-21,16.3309,16.3309,15.1826,15.8518,3233428
2001-09-24,16.3952,16.7535,16.2794,16.7446,1538863
2001-09-25,16.8031,17.098,16.3348,16.7763,2267483
2001-09-26,16.7763,16.8793,16.4853,16.5486,1426925
2001-09-27,16.5328,16.7763,16.4348,16.7664,1932383
2001-09-28,16.8615,17.8166,16.8525,17.8166,2090519
2001-10-01,17.7711,17.8166,17.1911,17.7335,1799909
2001-10-02,17.6445,18.0087,17.6088,17.9642,1052476
2001-10-03,17.9642,18.4907,17.7751,18.4433,1756151
2001-10-04,18.4155,18.4383,18.1325,18.3096,1324515
2001-10-05,18.3829,18.8491,18.1829,18.4957,1366307
2001-10-08,18.3066,18.3166,17.9513,18.0335,1149743
2001-10-09,17.7978,18.4868,17.7978,18.3066,996989
2001-10-10,18.0087,18.9095,17.9731,18.8095,1949741
2001-10-11,18.8491,19.8597,18.7501,19.735,2075363
2001-10-12,19.4717,19.6281,19.2886,19.3301,2488682
2001-10-15,19.2332,19.5262,19.0075,19.2421,1198386
2001-10-16,19.3935,19.5896,18.9867,19.4054,1208656
2001-10-17,19.5678,19.8231,18.9145,19.1392,1990799
2001-10-18,19.0896,19.2777,18.8263,18.9025,1544975
2001-10-19,19.1816,19.2164,18.6739,18.855,2220069
2001-10-22,18.7728,19.6638,18.7274,19.5896,2132815
2001-10-23,19.543,19.7449,19.2569,19.547,1693835
2001-10-24,19.4717,19.6736,19.1609,19.4717,1896205
2001-10-25,19.4143,19.8013,19.1213,19.8013,2420488
2001-10-26,19.7211,19.9994,19.5054,19.9508,1373886
2001-10-29,19.8597,19.8677,19.2777,19.4143,1295417
2001-10-30,19.1392,19.2371,18.8807,18.955,1456742
2001-10-31,19.0243,19.1816,18.8095,19.0154,1045389
2001-11-01,18.9323,19.6281,18.7274,19.4687,1490716
2001-11-02,19.547,20.3784,19.4351,20.035,2495043
2001-11-05,20.0795,20.3646,19.7211,20.0795,1820922
2001-11-06,20.0756,20.5635,19.9013,20.5329,1133133
2001-11-07,20.4626,20.5635,20.3012,20.4962,1676717
2001-11-08,20.4962,20.5408,20.2913,20.3171,1378285
2001-11-09,20.2963,20.5903,20.1161,20.4626,1209878
2001-11-12,20.2131,20.2557,19.9221,20.0389,1308863
2001-11-13,20.1795,20.7665,20.1795,20.7338,1087913
2001-11-14,20.903,21.2149,20.8456,21.1079,1018500
2001-11-15,21.1624,21.4515,21.0209,21.2604,1883259
2001-11-16,21.2604,21.3574,21.1209,21.2288,938817
2001-11-19,21.2178,21.5861,21.2178,21.5425,1062252
2001-11-20,21.3742,21.5079,21.197,21.399,1598503
2001-11-21,21.2288,21.3742,21.1031,21.1713,873798
2001-11-23,21.1407,21.5336,21.0793,21.4861,312129
2001-11-26,21.394,21.5129,21.1031,21.3574,1113326
2001-11-27,21.3158,21.4347,21.1407,21.2416,1132152
2001-11-28,21.1624,21.1624,20.8456,20.8456,1429853
2001-11-29,20.8832,21.0961,20.6813,20.9407,999682
2001-11-30,21.0011,21.3574,20.9615,21.1079,1040741
2001-12-03,20.9615,20.9793,20.6497,20.8209,2818404
2001-12-04,20.8041,21.0793,20.5715,21.0495,970588
2001-12-05,21.0743,21.7266,21.0743,21.6692,1231879
2001-12-06,21.5336,21.8108,21.3356,21.5297,1269762
2001-12-07,21.2248,21.4623,20.8456,20.8981,3918048
2001-12-10,20.8981,20.8981,20.13,20.2319,4401758
2001-12-11,20.3121,20.716,20.2419,20.5091,1582616
2001-12-12,20.6061,20.6061,20.1161,20.1211,1814086
2001-12-13,19.8845,20.0597,19.6113,19.7449,3387911
2001-12-14,19.7449,20.0182,19.5548,19.5896,1933359
2001-12-17,19.7449,19.939,19.7053,19.9063,1478742
2001-12-18,20.1161,20.4744,20.0795,20.4092,2939884
2001-12-19,20.4092,20.4913,20.1003,20.2685,2480381
2001-12-20,20.1725,20.6061,20.1725,20.3319,1316691
2001-12-21,20.413,20.413,19.8499,19.8558,2265039
2001-12-24,19.8637,20.1389,19.8637,19.9716,543100
2001-12-26,19.9221,20.0597,19.7449,19.939,1896205
2001-12-27,20.0182,20.0706,19.8181,19.939,1181769
2001-12-28,19.9815,20.1389,19.8845,20.0706,879909
2001-12-31,20.1003,20.6289,20.0597,20.3012,1857350
2002-01-02,20.2131,20.2181,19.929,20.1637,1236271
2002-01-03,20.0032,20.5715,19.9191,20.5042,1449896
2002-01-04,20.5042,21.1733,20.4913,21.1277,1484368
2002-01-07,21.1031,21.303,21.0011,21.0961,1067379
2002-01-08,21.0209,21.0991,20.7665,20.8041,1575529
2002-01-09,20.8832,21.0337,20.6497,20.7011,1101598
2002-01-10,20.6417,20.6417,19.8399,20.0389,1984444
2002-01-11,20.0152,20.0152,19.5984,19.7093,2105674
2002-01-14,19.7449,19.7637,18.9431,19.0025,2271638
2002-01-15,19.1788,19.3509,18.8441,18.9867,2092232
2002-01-16,18.6472,18.8441,18.2532,18.2898,3068450
2002-01-17,17.1752,17.9513,16.7288,17.882,8272155
2002-01-18,17.6691,17.7929,17.5841,17.7077,3306510
2002-01-22,17.6691,17.978,17.6355,17.7464,2058016
2002-01-23,17.7097,18.2532,17.7029,18.2452,1711674
2002-01-24,18.2452,18.5521,18.1879,18.371,2469130
2002-01-25,18.3344,18.9233,18.2344,18.8807,2086365
2002-01-28,18.7838,18.8639,18.5679,18.6392,1356285
2002-01-29,18.4868,18.6828,18.1691,18.2631,1615368
2002-01-30,18.271,18.6125,18.1552,18.5719,2077575
2002-01-31,18.5719,19.0778,18.4502,19.0738,1564532
2002-02-01,18.9748,19.2371,18.8491,18.8857,1784511
2002-02-04,18.8441,18.9183,18.466,18.5215,1195705
2002-02-05,18.6085,18.763,18.174,18.2007,1717784
2002-02-06,18.2255,18.4868,18.0156,18.3374,2664182
2002-02-07,18.3374,18.4531,17.9384,18.2631,1638349
2002-02-08,18.3126,18.5521,18.1373,18.3918,1636632
2002-02-11,18.6293,19.3143,18.6293,19.1946,2459105
2002-02-12,19.2797,19.3094,18.9283,19.1025,1891570
2002-02-13,19.156,19.4262,19.0362,19.1976,1307648
2002-02-14,19.2371,19.4232,19.0243,19.1252,1467001
2002-02-15,19.1213,19.7963,19.1213,19.4232,2126455
2002-02-19,19.3817,19.5014,18.8491,18.8491,1234317
2002-02-20,19.3421,19.5014,19.1054,19.4015,1501470
2002-02-21,19.4638,20.1953,19.4638,19.635,2290206
2002-02-22,19.5806,20.1122,19.5548,19.9548,1743206
2002-02-25,19.9776,20.125,19.8152,20.0963,1434252
2002-02-26,20.1122,20.4032,19.939,20.2091,1654235
2002-02-27,20.3091,20.6981,20.1953,20.2725,1864927
2002-02-28,20.2725,20.9833,20.2725,20.3319,2252575
2002-03-01,20.422,21.0961,20.3398,20.8298,2413647
2002-03-04,20.9833,21.5772,20.9466,21.4951,2703038
2002-03-05,21.206,21.2822,20.7199,20.7496,1761537
2002-03-06,20.6537,21.206,20.6537,21.1031,1348952
2002-03-07,21.206,21.4465,20.8981,21.3832,1537890
2002-03-08,21.6792,21.7,21.4554,21.5297,3409164
2002-03-11,21.4574,21.59,21.3525,21.4574,1688943
2002-03-12,21.4515,21.6652,21.2822,21.5861,1438900
2002-03-13,21.5772,21.5861,21.295,21.303,1791106
2002-03-14,21.2416,21.8197,21.2416,21.6494,1890590
2002-03-15,21.7148,21.9375,21.6366,21.8841,1660830
2002-03-18,21.787,22.0988,21.787,21.9295,1618792
2002-03-19,22.0276,22.176,21.9335,22.082,1461144
2002-03-20,22.0582,22.7017,22.0582,22.3839,4176653
2002-03-21,22.3325,22.3493,21.5425,21.6692,2895644
2002-03-22,21.6692,21.7028,21.2822,21.3238,1581886
2002-03-25,21.2208,21.2782,20.8298,20.8586,1813103
2002-03-26,20.9466,21.5613,20.9466,21.3456,1326470
2002-03-27,21.4425,22.0582,21.4386,21.8959,1642990
2002-03-28,21.9375,22.0582,21.7395,21.7395,1616347
2002-04-01,21.7395,21.7395,21.1921,21.5772,955678
2002-04-02,21.5772,21.6227,21.3326,21.5564,932214
2002-04-03,21.7148,21.8573,21.303,21.3356,2625795
2002-04-04,20.8684,20.9357,20.523,20.8912,1799175
2002-04-05,21.0456,21.4762,21.0297,21.2416,1113326
2002-04-08,21.0862,21.394,20.9238,21.3406,1960734
2002-04-09,21.3356,21.4861,21.1674,21.4465,1474584
2002-04-10,21.4465,21.8296,21.3574,21.7434,1578212
2002-04-11,21.7474,21.8959,21.4861,21.4861,1318645
2002-04-12,21.5772,21.6722,21.3851,21.5217,1120174
2002-04-15,21.5564,21.5772,21.308,21.308,990635
2002-04-16,21.3832,21.9335,21.3832,21.9087,1666697
2002-04-17,21.8365,21.9523,21.7356,21.7356,1789882
2002-04-18,21.7356,21.7781,20.7467,20.9912,3520871
2002-04-19,21.2604,21.4465,21.0961,21.1842,1582130
2002-04-22,21.2822,21.2822,20.8456,20.8912,1398811
2002-04-23,20.8912,20.9615,20.6289,20.6863,1733422
2002-04-24,20.7249,21.0456,20.6239,20.716,2156764
2002-04-25,20.6725,20.6725,20.2725,20.5279,1604130
2002-04-26,20.5903,20.8456,20.5794,20.6329,1217708
2002-04-29,20.6329,20.6903,20.2725,20.2913,1406149
2002-04-30,20.3319,20.8456,20.3121,20.714,1508557
2002-05-01,20.6725,20.8684,20.2517,20.6813,2573252
2002-05-02,20.7101,21.2911,20.6981,21.206,1688212
2002-05-03,21.2604,21.3653,21.0249,21.3326,983550
2002-05-06,21.3238,21.5485,21.2822,21.3891,2422194
2002-05-07,21.4989,22.0365,21.4623,21.8415,1781571
2002-05-08,22.1444,22.4067,22.0454,22.1899,2139894
2002-05-09,22.1266,22.4601,22.1266,22.2018,1270492
2002-05-10,22.2097,22.276,22.0662,22.1266,1172974
2002-05-13,22.1306,22.3245,21.887,22.2641,1112842
2002-05-14,22.4641,22.8075,22.4245,22.7858,1420326
2002-05-15,23.1411,23.5331,22.9907,23.1253,3184793
2002-05-16,23.0303,23.2253,22.8818,22.969,1527869
2002-05-17,22.9728,23.0946,22.7907,23.0036,1091821
2002-05-20,23.0244,23.0422,22.7017,22.9174,1480446
2002-05-21,23.0422,23.2253,22.8363,22.863,1336241
2002-05-22,22.7017,22.9996,22.7017,22.9828,1303243
2002-05-23,22.9828,23.3768,22.8274,23.2708,2073406
2002-05-24,23.2738,23.5183,23.0422,23.1323,855955
2002-05-28,23.1807,23.2253,22.8224,22.8779,850335
2002-05-29,22.8037,22.8818,22.5472,22.666,977684
2002-05-30,22.6244,22.7641,22.3245,22.4601,1407128
2002-05-31,22.4017,22.9095,22.3295,22.8155,1592393
2002-06-03,22.9828,22.9828,22.1266,22.1266,1516871
2002-06-04,22.1652,22.3097,21.787,21.9879,1396861
2002-06-05,22.0454,22.565,22.0226,22.5572,1358735
2002-06-06,22.4809,22.6205,22.1444,22.1522,1180304
2002-06-07,22.1522,22.5176,22.0533,22.3839,1014830
2002-06-10,22.4245,22.9174,22.3958,22.8422,1007007
2002-06-11,23.0818,23.2203,22.4443,22.4601,1577239
2002-06-12,22.4809,23.0244,22.3661,23.0154,1836325
2002-06-13,23.063,23.1253,22.7491,22.7858,1648121
2002-06-14,22.7858,22.8224,22.2018,22.7205,1574796
2002-06-17,22.8155,23.4609,22.8155,23.4609,1540089
2002-06-18,23.4609,23.5331,23.1589,23.4034,2167762
2002-06-19,23.4609,23.7678,23.2451,23.6609,2876817
2002-06-20,23.6421,23.9776,23.6421,23.8984,3017365
2002-06-21,23.8984,23.9142,23.5827,23.7005,2728705
2002-06-24,23.7766,23.9142,23.5104,23.8152,2779299
2002-06-25,23.934,24.1756,23.9024,23.9311,2375271
2002-06-26,23.6609,23.937,23.4154,23.7549,2436625
2002-06-27,23.8192,24.0529,23.5431,23.5945,2524615
2002-06-28,23.5945,24.6982,23.5945,24.6982,3816127
2002-07-01,24.6982,24.6982,23.9776,24.3627,3152046
2002-07-02,24.2558,24.3508,24.0627,24.3112,3144217
2002-07-03,24.236,24.5329,23.35,23.9113,2554430
2002-07-05,23.9113,24.727,23.837,24.6764,961552
2002-07-08,24.619,25.0199,24.619,24.9111,2049706
2002-07-09,24.8586,25.0823,24.2003,24.2003,3112201
2002-07-10,24.2984,24.7358,23.9024,23.9727,3749157
2002-07-11,23.937,24.236,23.35,23.35,3944208
2002-07-12,23.3866,23.6609,23.0758,23.157,3389617
2002-07-15,23.1551,23.1551,21.8068,22.5878,3736204
2002-07-16,22.4017,22.666,21.5722,22.2176,2485260
2002-07-17,22.7363,22.9432,22.276,22.4601,2350096
2002-07-18,22.4245,22.863,22.184,22.3889,2449822
2002-07-19,21.8246,21.8296,20.5754,20.6061,4543768
2002-07-22,20.5873,20.6725,19.4509,19.6608,4261457
2002-07-23,19.5984,20.2221,19.3509,19.5806,3381063
2002-07-24,19.3935,21.308,19.2935,21.1891,2749968
2002-07-25,21.1921,22.6423,20.9674,22.5146,6896556
2002-07-26,22.5027,22.6096,21.9444,22.3453,3420169
2002-07-29,22.4067,23.739,22.4067,23.7272,2890759
2002-07-30,23.5827,23.6163,22.3195,22.4275,2868755
2002-07-31,22.4245,22.9016,22.0662,22.9016,3450713
2002-08-01,22.9016,23.2926,22.4017,22.8037,2462776
2002-08-02,22.8818,22.8818,21.2564,21.5297,2446395
2002-08-05,21.8365,22.184,21.4663,21.596,3533823
2002-08-06,21.9425,22.8729,21.9059,22.4898,2895395
2002-08-07,22.7858,23.1085,22.0741,23.065,2410716
2002-08-08,22.9778,23.4114,22.7491,23.3866,1955845
2002-08-09,23.2333,23.4738,22.8729,23.2629,2136717
2002-08-12,22.8313,23.2896,22.569,23.1293,1447941
2002-08-13,22.9056,23.3758,22.7284,22.8037,2128899
2002-08-14,22.8075,23.0342,21.7226,23.0154,3938582
2002-08-15,23.0521,23.253,22.573,23.0264,1813841
2002-08-16,23.0264,23.1629,22.4898,22.9056,1837302
2002-08-19,22.8976,23.5529,22.7858,23.5183,2090519
2002-08-20,23.3084,23.3124,22.8105,22.9472,1964644
2002-08-21,23.0521,23.1669,22.6205,23.0244,2194892
2002-08-22,22.959,23.4579,22.9016,23.3084,1347487
2002-08-23,23.3084,23.3084,22.7066,22.7205,2189758
2002-08-26,22.8105,22.955,22.3919,22.9016,1720235
2002-08-27,23.0124,23.2589,22.7284,22.8105,1760799
2002-08-28,22.7907,22.7907,22.1682,22.3156,1386598
2002-08-29,22.2176,22.7561,21.9811,22.4116,1319373
2002-08-30,22.5254,22.9966,22.4116,22.6156,1789645
2002-09-03,22.5146,22.579,21.8761,22.1098,2009866
2002-09-04,22.1098,22.3977,22.0018,22.3977,1596799
2002-09-05,21.9059,22.0068,21.5167,21.5425,2596477
2002-09-06,21.783,22.1068,21.6494,21.7,3632078
2002-09-09,21.4029,21.9444,21.394,21.8573,2151135
2002-09-10,21.8672,21.9632,21.3198,21.6009,2673472
2002-09-11,21.7356,21.8038,21.5217,21.5821,1228208
2002-09-12,21.2208,21.2604,20.7793,20.8684,2726259
2002-09-13,20.6585,20.6863,20.2419,20.6863,2096876
2002-09-16,20.5091,20.7199,20.3289,20.6625,1117241
2002-09-17,20.7793,20.8793,20.2775,20.3903,2229107
2002-09-18,20.1755,20.417,19.9191,20.3052,1956585
2002-09-19,19.9944,20.3576,19.836,19.8528,1517356
2002-09-20,20.022,20.2775,20.0072,20.1795,2860205
2002-09-23,20.1161,20.1725,19.6558,19.9716,2116192
2002-09-24,19.4143,19.5776,18.9055,19.0243,3287203
2002-09-25,19.0778,19.3509,18.8669,18.9917,3169393
2002-09-26,19.1946,19.2886,18.9095,19.0896,3695874
2002-09-27,19.0105,19.3094,18.3789,18.5165,4146096
2002-09-30,18.1661,18.1661,17.6869,17.9642,3403548
2002-10-01,18.1829,19.1054,18.0879,19.0738,3619861
2002-10-02,18.6293,19.0778,17.9958,18.0453,3592240
2002-10-03,18.1473,18.5165,18.0047,18.1017,3656270
2002-10-04,18.1829,18.3591,17.1831,17.5722,2498462
2002-10-07,17.5009,17.7711,17.1228,17.196,2616019
2002-10-08,17.4039,17.9117,16.7901,17.7207,3184062
2002-10-09,17.4424,17.5217,16.6378,16.6436,2949905
2002-10-10,16.8001,18.4472,16.7575,18.4472,3741330
2002-10-11,18.7066,19.6776,18.6125,19.4143,3350995
2002-10-14,19.1946,19.1976,18.7917,18.8986,2200513
2002-10-15,18.9025,20.2775,18.9025,20.2775,2756085
2002-10-16,20.2775,20.417,19.1054,19.147,3133952
2002-10-17,19.6964,20.7744,19.6964,20.4666,3210206
2002-10-18,20.1686,20.2963,19.6558,19.9854,2964809
2002-10-21,19.9914,21.2416,19.6024,21.2208,3767729
2002-10-22,20.8011,20.9585,20.2221,20.2913,2906148
2002-10-23,20.1161,20.5903,19.6964,20.1725,1431816
2002-10-24,20.1607,20.3171,19.4351,19.534,2515815
2002-10-25,19.2886,19.7737,18.9917,19.6984,2376736
2002-10-28,19.836,19.836,19.1342,19.2837,1860528
2002-10-29,19.2332,19.3094,18.3166,18.6472,3117332
2002-10-30,18.6472,18.8441,18.3472,18.7728,2090519
2002-10-31,18.7917,19.058,18.6125,18.9025,1112602
2002-11-01,18.8669,19.7637,18.7917,19.6776,2225200
2002-11-04,19.8558,20.0963,19.4915,19.5678,2492098
2002-11-05,19.5678,19.8766,19.4351,19.6242,1702629
2002-11-06,19.6964,20.1795,19.5222,20.1686,1316205
2002-11-07,20.1637,20.1835,19.4915,19.539,1023138
2002-11-08,19.5806,19.9221,19.0025,19.1688,1302266
2002-11-11,19.156,19.2213,18.5828,18.6878,1034625
2002-11-12,18.6927,19.5262,18.6085,19.3817,2031858
2002-11-13,19.3341,19.6925,18.9471,19.1788,2106901
2002-11-14,19.3975,19.8231,19.3094,19.7835,900689
2002-11-15,19.6638,19.9944,19.5806,19.8439,1104534
2002-11-18,19.9429,19.9815,19.3817,19.3895,1350172
2002-11-19,19.3935,19.7172,19.0936,19.4687,1648859
2002-11-20,19.534,19.6984,19.1816,19.6242,1050274
2002-11-21,17.9414,19.4796,17.8998,19.4687,9868206
2002-11-22,19.4638,19.7172,18.9095,18.9689,4019734
2002-11-25,18.9095,19.3301,18.7234,19.0856,1749067
2002-11-26,19.0778,19.156,18.7877,19.0411,2527057
2002-11-27,19.1342,19.9102,19.0332,19.9013,1909406
2002-11-29,20.026,20.3398,19.9854,20.3012,1151946
2002-12-02,20.5002,20.5329,19.5519,19.7519,1960981
2002-12-03,19.7568,19.8231,19.4183,19.5222,1652031
2002-12-04,19.5222,19.6162,19.053,19.4113,1213787
2002-12-05,19.4598,19.4598,19.0619,19.2302,985502
2002-12-06,18.8907,19.6242,18.8669,19.4846,1145110
2002-12-09,19.2569,19.5182,19.1392,19.1906,1589705
2002-12-10,19.2569,19.4796,19.053,19.4796,1233584
2002-12-11,19.3777,19.8013,19.1946,19.6162,1326711
2002-12-12,19.5182,19.8053,19.3727,19.7519,2104948
2002-12-13,19.7519,19.8637,19.5836,19.6638,1988357
2002-12-16,19.6638,20.514,19.6638,20.514,2434423
2002-12-17,20.4626,20.6239,20.3537,20.4536,2195869
2002-12-18,20.1637,20.2646,19.9063,20.0032,2631174
2002-12-19,19.9627,20.2279,19.7766,19.8439,1409321
2002-12-20,19.9854,20.3576,19.9854,20.2279,1741739
2002-12-23,20.2893,20.3735,19.9994,20.0963,1440857
2002-12-24,20.0874,20.2279,20.0666,20.0666,327768
2002-12-26,20.1042,20.4744,20.0072,20.125,958864
2002-12-27,20.1507,20.3735,20.0488,20.0488,1380977
2002-12-30,20.0874,20.413,20.0112,20.3121,1472636
2002-12-31,20.3903,20.4744,19.9548,20.3289,1466274
2003-01-02,20.4348,20.9714,20.3091,20.9506,1701653
2003-01-03,20.9674,20.9971,20.7744,20.9288,1346262
2003-01-06,20.9585,21.3525,20.9585,21.2654,1871525
2003-01-07,21.2822,21.3198,21.0456,21.1209,1602173
2003-01-08,21.0663,21.1119,20.6952,20.7199,1893522
2003-01-09,20.816,21.1842,20.7665,21.1575,1829239
2003-01-10,21.0793,21.5029,21.0407,21.3456,1719740
2003-01-13,21.5861,21.5861,21.1209,21.1209,1824594
2003-01-14,21.0991,21.3356,21.0991,21.197,1765934
2003-01-15,21.2208,21.2208,20.8378,21.0209,1645925
2003-01-16,21.0209,21.5861,21.0209,21.3326,2135245
2003-01-17,21.2822,21.4257,21.0793,21.1277,1379013
2003-01-21,21.2288,21.2564,20.6377,20.6377,1071543
2003-01-22,20.6091,20.7536,20.3121,20.3537,1434989
2003-01-23,20.3903,20.714,20.322,20.6467,1472636
2003-01-24,20.4744,20.5329,20.0756,20.0874,1173214
2003-01-27,20.0914,20.1042,19.4301,19.4886,1553533
2003-01-28,19.5262,19.8399,19.4984,19.8103,1261446
2003-01-29,19.5182,19.9815,19.3064,19.8321,1986154
2003-01-30,19.836,19.836,19.1946,19.2134,2198558
2003-01-31,18.9511,19.9914,18.9471,19.7925,2661483
2003-02-03,19.7795,20.2725,19.7399,19.9063,1599972
2003-02-04,19.8013,19.8103,19.539,19.7687,1203768
2003-02-05,19.7737,20.1835,19.7053,19.7795,1314247
2003-02-06,19.7172,19.8152,19.4747,19.5578,1007007
2003-02-07,19.6638,19.7172,19.2658,19.3341,1144854
2003-02-10,19.3341,19.539,19.1342,19.4915,1061510
2003-02-11,19.4915,19.5984,19.0778,19.2262,1185188
2003-02-12,19.2114,19.4015,19.0451,19.053,1256810
2003-02-13,19.058,19.2886,19.0075,19.2213,1087670
2003-02-14,19.2262,19.5103,18.9709,19.3865,1261940
2003-02-18,19.4351,19.9944,19.4301,19.836,1225281
2003-02-19,19.8152,19.8637,19.4687,19.5934,922439
2003-02-20,19.5934,19.639,19.2371,19.2658,1024609
2003-02-21,19.2886,19.6736,19.156,19.6024,1297376
2003-02-24,19.5896,19.5934,19.1174,19.1252,1440857
2003-02-25,18.9639,19.0025,18.4116,18.9847,2822556
2003-02-26,18.9867,19.3094,18.9709,19.0698,1376568
2003-02-27,19.0698,19.3213,18.9639,19.1648,1362880
2003-02-28,19.1906,19.4143,18.9145,18.9847,1668903
2003-03-03,19.0856,19.3301,18.8807,18.8947,1367039
2003-03-04,18.8214,18.8521,18.2384,18.267,2208573
2003-03-05,18.267,18.267,17.7207,18.174,2434909
2003-03-06,18.1473,18.1522,17.7097,17.7127,2098589
2003-03-07,17.7127,18.1245,17.5098,17.8552,1918699
2003-03-10,17.8592,17.9226,17.4979,17.5395,1497314
2003-03-11,17.5395,17.7097,17.4346,17.4464,1994223
2003-03-12,17.7077,17.8592,17.4346,17.785,3247365
2003-03-13,17.9592,18.3868,17.9344,18.3868,2490883
2003-03-14,18.3868,18.6343,18.2037,18.4472,2136472
2003-03-17,18.4066,19.0362,18.1948,18.9867,2081969
2003-03-18,19.0856,19.5153,19.0738,19.3935,1643476
2003-03-19,19.5153,19.5153,19.1738,19.4113,1979801
2003-03-20,19.4113,19.5103,19.0362,19.4015,1341375
2003-03-21,19.5896,20.4784,19.5896,20.4536,2290206
2003-03-24,20.4576,20.4576,19.3895,19.4945,2259660
2003-03-25,19.5054,19.7093,19.3549,19.5222,1443299
2003-03-26,19.5262,19.5776,19.1688,19.3272,1384387
2003-03-27,19.1688,19.25,18.8807,19.0986,1860768
2003-03-28,19.0025,19.0856,18.8521,19.0332,1853432
2003-03-31,18.271,18.859,18.271,18.4433,2543922
2003-04-01,18.5561,19.1054,18.3512,18.9323,2409981
2003-04-02,19.2302,19.5776,19.2015,19.4509,1668408
2003-04-03,19.4549,19.4549,18.9055,18.9095,4007266
2003-04-04,19.0243,19.0698,18.6828,18.8719,3916580
2003-04-07,19.2302,19.4351,19.1054,19.143,3231717
2003-04-08,19.1252,19.147,18.657,18.76,2428800
2003-04-09,18.8006,18.859,18.371,18.4066,2652932
2003-04-10,18.4235,18.7877,18.371,18.7808,1676717
2003-04-11,18.9233,19.1688,18.665,18.665,1708010
2003-04-14,18.665,18.8441,18.5759,18.7728,2300971
2003-04-15,18.7234,18.9639,18.4502,18.9639,1632719
2003-04-16,19.0243,19.0659,18.5789,18.6125,1349683
2003-04-17,18.6175,18.8986,18.5828,18.8521,2024037
2003-04-21,18.955,19.0896,18.7274,18.8293,1765692
2003-04-22,18.8006,19.4054,18.6878,19.3727,2237909
2003-04-23,19.2886,19.6826,19.1906,19.5776,2019889
2003-04-24,19.5776,19.6202,19.0332,19.4232,1811883
2003-04-25,19.4232,19.4232,18.76,18.8947,1752246
2003-04-28,18.9847,19.543,18.9689,19.4945,1242626
2003-04-29,19.5776,19.7172,19.3935,19.6608,2185355
2003-04-30,19.6064,20.0152,19.4143,19.8499,2391894
2003-05-01,19.7925,19.8528,19.4301,19.8152,2604049
2003-05-02,19.8152,20.026,19.7737,20.0182,2258195
2003-05-05,20.0182,20.0636,19.8281,19.9191,1398571
2003-05-06,19.9627,20.1082,19.7766,19.9508,1754685
2003-05-07,19.9508,19.9508,19.4143,19.6865,2561268
2003-05-08,19.4351,19.5054,19.0451,19.1906,1951452
2003-05-09,19.3509,19.5014,19.1906,19.3975,1731719
2003-05-12,19.3777,19.7835,19.1688,19.7023,1901585
2003-05-13,19.7023,19.8716,19.5578,19.7093,2098341
2003-05-14,19.8152,19.8321,19.3193,19.4549,2245968
2003-05-15,19.4549,19.8281,19.4549,19.6608,2466683
2003-05-16,19.6469,19.7519,19.5984,19.6826,1740755
2003-05-19,19.6826,19.6895,19.3094,19.3391,1842934
2003-05-20,19.3629,19.8053,19.1054,19.3391,2407290
2003-05-21,19.2371,19.4479,19.058,19.4479,2478656
2003-05-22,19.443,19.6509,19.3272,19.5896,2200513
2003-05-23,19.6925,19.7568,19.4351,19.5984,1292491
2003-05-27,19.4945,19.9854,19.3777,19.9429,1461873
2003-05-28,19.9508,19.9508,19.735,19.9191,1880323
2003-05-29,19.9261,20.0636,19.5836,19.6865,2710373
2003-05-30,19.6865,20.0072,19.6242,19.8964,2360603
2003-06-02,19.9994,20.2913,19.9261,20.0518,2159206
2003-06-03,20.1211,20.1835,19.9261,20.1637,2509949
2003-06-04,20.1953,20.7101,20.1835,20.6952,2277261
2003-06-05,20.5715,20.8684,20.2913,20.4814,2546119
2003-06-06,20.5982,20.7704,20.3171,20.3319,2275304
2003-06-09,20.3319,20.3646,19.9468,19.9776,1470670
2003-06-10,20.0795,20.2517,20.0112,20.125,1602662
2003-06-11,20.1725,20.4576,20.0488,20.4576,1717296
2003-06-12,20.6189,20.9466,20.5537,20.8793,2444686
2003-06-13,20.9288,20.9872,20.5388,20.6497,1641038
2003-06-16,20.7011,21.008,20.6863,21.008,1425453
2003-06-17,21.0713,21.2704,20.8862,21.2446,2002778
2003-06-18,21.2496,21.2496,20.8832,20.9466,1952179
2003-06-19,20.9506,21.0713,20.8456,20.9674,2324678
2003-06-20,21.295,21.308,20.9674,21.0991,2652206
2003-06-23,21.0991,21.0991,20.6625,20.816,2490393
2003-06-24,20.816,20.9288,20.7843,20.8684,2710373
2003-06-25,20.8684,21.008,20.7625,20.816,2686416
2003-06-26,20.7912,21.2248,20.7843,21.1485,1943867
2003-06-27,21.1119,21.1119,20.7882,20.8624,1355796
2003-06-30,20.8586,20.9872,20.7101,20.7586,2053372
2003-07-01,20.7586,20.7586,20.13,20.3289,3507911
2003-07-02,20.3289,20.4784,20.2913,20.4576,2449822
2003-07-03,20.4576,20.4576,20.1082,20.1082,1287844
2003-07-07,20.2091,20.6625,20.2091,20.5586,1522736
2003-07-08,20.518,20.6189,20.3735,20.5497,1317176
2003-07-09,20.518,20.5794,20.322,20.413,1073000
2003-07-10,20.413,20.413,20.0488,20.2091,1710204
2003-07-11,20.3052,20.4497,20.2685,20.3864,1671347
2003-07-14,20.5388,20.7289,20.4626,20.4626,1572598
2003-07-15,20.5635,20.7101,20.4962,20.5388,1638349
2003-07-16,20.5754,20.6813,20.3834,20.5279,1162710
2003-07-17,20.5794,20.9674,20.5586,20.9615,2407290
2003-07-18,20.9615,21.4989,20.9615,21.4425,2846025
2003-07-21,21.4425,21.7028,21.4217,21.684,2255507
2003-07-22,21.6722,22.0701,21.59,22.0701,2388231
2003-07-23,22.0948,22.1522,21.6494,21.9217,1792575
2003-07-24,21.9295,22.4601,21.9087,22.0948,2860448
2003-07-25,22.1938,22.7066,22.1711,22.7017,2913244
2003-07-28,22.6839,22.7066,22.4195,22.6156,2759257
2003-07-29,22.7205,22.7641,22.276,22.7591,1750781
2003-07-30,22.8037,22.8689,22.6472,22.8689,1548155
2003-07-31,22.9095,23.5034,22.8976,23.1035,2526807
2003-08-01,23.0342,23.0342,22.6076,22.7393,1703363
2003-08-04,22.7393,22.7393,22.3661,22.5472,2697418
2003-08-05,22.5522,22.5522,22.3027,22.3067,1489251
2003-08-06,22.2325,22.3769,22.0741,22.187,2653170
2003-08-07,21.3525,21.8068,21.3525,21.6652,3267162
2003-08-08,21.7642,22.086,21.7603,21.985,1636877
2003-08-11,21.9444,22.1682,21.8494,21.9879,2248412
2003-08-12,21.9979,22.2453,21.8692,22.2414,2040175
2003-08-13,22.2453,22.2493,22.0493,22.1552,1181769
2003-08-14,22.1552,22.5978,22.0741,22.4443,1322803
2003-08-15,22.5878,22.5918,22.3027,22.4562,646487
2003-08-18,22.4562,22.8224,22.4116,22.8155,1608039
2003-08-19,22.8155,23.0422,22.7907,23.0124,2228377
2003-08-20,22.969,22.9996,22.8422,22.8729,1191795
2003-08-21,22.8779,23.1551,22.8313,22.9966,1521999
2003-08-22,22.9966,23.1164,22.6373,22.6512,1202546
2003-08-25,22.6452,22.6452,22.3325,22.5472,968881
2003-08-26,22.5027,22.5304,22.0662,22.4275,1749310
2003-08-27,22.4275,22.4275,22.276,22.3195,1061510
2003-08-28,22.3195,22.5878,22.0533,22.5304,1148530
2003-08-29,22.4809,22.5304,22.2949,22.4641,1701653
2003-09-02,22.4562,22.6839,22.2552,22.6839,2183399
2003-09-03,22.6839,22.8729,22.5432,22.863,2044569
2003-09-04,22.863,22.8689,22.4275,22.5878,1522979
2003-09-05,22.4601,22.5384,22.276,22.4116,1007985
2003-09-08,22.4116,22.7491,22.374,22.6799,961793
2003-09-09,22.5027,22.5344,22.1899,22.2899,1835104
2003-09-10,22.1938,22.2374,21.7742,21.8197,1587505
2003-09-11,21.8494,22.0741,21.6792,21.8454,1674767
2003-09-12,21.8454,22.3364,21.6652,22.2691,1498781
2003-09-15,22.2691,22.3611,21.687,21.9425,1843171
2003-09-16,21.887,22.3364,21.8494,22.3295,1482648
2003-09-17,22.3295,22.3295,21.8365,22.1552,2622625
2003-09-18,22.1602,22.473,22.1602,22.473,1398571
2003-09-19,22.473,22.5472,22.3611,22.4443,1589213
2003-09-22,22.3453,22.3453,21.9879,22.0454,1842191
2003-09-23,22.1938,22.3195,22.0909,22.3195,1989087
2003-09-24,21.9681,22.0533,21.5821,21.6613,2947708
2003-09-25,21.6722,21.7226,21.3851,21.4713,1989337
2003-09-26,21.4713,21.5217,21.2742,21.3703,1420326
2003-09-29,21.4989,21.7395,21.3604,21.7266,1497805
2003-09-30,21.7316,21.7316,21.1031,21.3653,1869323
2003-10-01,21.3653,21.6792,21.2782,21.6692,2339589
2003-10-02,21.7564,21.887,21.6009,21.8197,839090
2003-10-03,21.8197,22.4978,21.8197,22.1216,1308863
2003-10-06,22.1216,22.3661,22.0741,22.3245,923902
2003-10-07,22.3245,22.5027,22.2176,22.4898,1261940
2003-10-08,22.4898,22.565,22.3067,22.4354,965950
2003-10-09,22.4354,22.6967,22.276,22.4116,1309363
2003-10-10,22.3611,22.5254,22.176,22.2018,1077152
2003-10-13,22.2978,22.6373,22.2978,22.6156,750615
2003-10-14,22.6076,22.7363,22.3769,22.5176,1170769
2003-10-15,22.6631,22.7729,22.4898,22.6294,1846834
2003-10-16,22.5432,22.8075,22.5254,22.6423,1660594
2003-10-17,22.6423,22.8313,22.6334,22.7809,2799098
2003-10-20,22.7809,22.9056,22.6561,22.7769,1855638
2003-10-21,22.8511,22.8907,22.7858,22.8105,1538131
2003-10-22,22.8105,22.8105,22.1711,22.5027,1977359
2003-10-23,22.4938,22.8313,22.4384,22.7947,1322058
2003-10-24,22.7947,22.8818,22.6244,22.8818,1585798
2003-10-27,22.8818,23.065,22.8075,22.9402,1207679
2003-10-28,22.9402,23.2629,22.8937,23.2629,1398571
2003-10-29,23.2629,23.3688,23.0086,23.346,1277581
2003-10-30,23.346,23.8044,23.346,23.8044,2121077
2003-10-31,23.8044,23.9519,23.5569,23.5866,1841215
2003-11-03,23.5866,23.8786,23.5866,23.8242,1791186
2003-11-04,23.8242,23.8668,23.6697,23.7816,1494852
2003-11-05,23.7816,23.8242,23.5213,23.739,1131909
2003-11-06,23.5697,23.7005,23.3827,23.6777,1611943
2003-11-07,23.6777,23.9311,23.6777,23.846,1787195
2003-11-10,23.846,23.8538,23.5034,23.5431,964237
2003-11-11,23.5431,23.934,23.5431,23.7272,1286619
2003-11-12,23.7272,23.8746,23.5985,23.8578,1385375
2003-11-13,23.833,23.8816,23.748,23.8113,1317176
2003-11-14,23.6697,24.0321,23.6697,23.7678,1310086
2003-11-17,23.7678,23.7678,23.445,23.4886,1554024
2003-11-18,23.5213,23.5619,23.253,23.253,1117981
2003-11-19,23.1907,23.4579,23.0729,23.4282,1213787
2003-11-20,23.3866,23.4787,23.0244,23.1907,804384
2003-11-21,23.1669,23.4282,23.1253,23.2411,1205474
2003-11-24,23.3639,23.8242,23.3639,23.7944,1473122
2003-11-25,23.7766,23.9984,23.6955,23.7727,1614149
2003-11-26,23.7727,24.036,23.748,24.0162,1114307
2003-11-28,24.0162,24.0805,23.9192,23.9232,426511
2003-12-01,24.231,25.104,24.231,25.0071,2994634
2003-12-02,24.9556,24.9556,24.6319,24.6894,1687479
2003-12-03,24.6894,24.8833,24.3686,24.7111,2718928
2003-12-04,24.6894,24.9556,24.6656,24.9387,1333312
2003-12-05,24.9031,25.0328,24.6012,24.6606,1347983
2003-12-08,24.6606,25.1388,24.6606,25.0684,1651306
2003-12-09,25.1476,25.5872,25.0654,25.5644,2401665
2003-12-10,25.5644,25.6109,24.9764,25.0566,1723657
2003-12-11,24.9556,25.2357,24.8457,25.21,1319132
2003-12-12,25.3139,25.6941,25.1476,25.6683,1401750
2003-12-15,25.8168,25.997,25.5812,25.6584,1653497
2003-12-16,25.7267,25.7921,25.5644,25.6633,1248007
2003-12-17,25.7029,25.8682,25.507,25.8682,1344554
2003-12-18,25.8564,26.1841,25.7752,26.1395,1546204
2003-12-19,26.1098,26.1345,25.7831,25.8524,1345772
2003-12-22,25.8851,26.1435,25.8851,26.0801,1071043
2003-12-23,25.9474,26.1276,25.8524,25.9584,1105020
2003-12-24,25.896,26.0415,25.8603,25.8999,298190
2003-12-26,25.9188,26.1474,25.9188,26.1474,398161
2003-12-29,26.1721,26.3572,25.9811,26.3572,854000
2003-12-30,26.3572,26.3572,25.7791,26.0038,1496829
2003-12-31,26.1435,26.2177,25.997,26.1929,1008234
2004-01-02,26.1929,26.38,25.986,26.0375,900195
2004-01-05,26.1217,26.4285,26.0177,26.4285,1169061
2004-01-06,26.2256,26.3088,25.889,26.1643,1040741
2004-01-07,26.1643,26.1643,25.6495,26.0375,1139486
2004-01-08,26.0306,26.2721,25.9188,26.2464,789233
2004-01-09,26.1643,26.1643,25.6495,25.6802,1065915
2004-01-12,25.6802,25.987,25.5722,25.9811,1048069
2004-01-13,25.9811,26.0801,25.7347,25.9396,1328424
2004-01-14,25.9049,26.2632,25.896,25.991,1073986
2004-01-15,26.0801,26.3315,25.8821,25.9128,1278807
2004-01-16,25.9396,26.0544,24.9813,25.1378,3088732
2004-01-20,25.1378,25.2803,24.7794,24.818,2206383
2004-01-21,24.818,24.8635,24.4845,24.724,2177047
2004-01-22,24.6498,24.6606,24.1954,24.2598,1756886
2004-01-23,24.4043,24.4617,24.0271,24.0321,1359221
2004-01-26,23.8113,24.2192,23.7905,24.1884,1434744
2004-01-27,24.1884,24.2815,24.1073,24.1399,2263331
2004-01-28,24.2003,24.3963,23.9727,23.9727,1834611
2004-01-29,23.9945,24.1113,23.646,23.743,1730735
2004-01-30,23.7678,23.9519,23.6737,23.8242,1975403
2004-02-02,23.842,24.0271,23.7272,23.743,1639086
2004-02-03,23.7549,23.8538,23.3411,23.3827,1372908
2004-02-04,23.3866,23.548,23.1847,23.2738,1576509
2004-02-05,23.3184,23.7905,23.3184,23.6233,1683075
2004-02-06,23.7232,24.036,23.6281,24.0162,1598745
2004-02-09,24.0162,24.3627,24.0033,24.2192,1401992
2004-02-10,24.2192,24.523,24.1528,24.4043,1225036
2004-02-11,24.3458,24.8457,24.3072,24.8309,2079037
2004-02-12,24.6101,24.8348,24.5478,24.5973,1459432
2004-02-13,24.6319,24.7062,24.1113,24.1399,1200098
2004-02-17,24.2003,24.3755,24.1795,24.3112,922192
2004-02-18,24.231,24.2558,23.934,24.0567,885046
2004-02-19,24.1399,24.7438,24.1399,24.2766,1149265
2004-02-20,24.3646,24.4557,23.8786,24.0954,1025832
2004-02-23,24.0954,24.1954,23.934,24.1073,1323780
2004-02-24,24.1073,24.3963,23.9311,24.0915,1517847
2004-02-25,24.0915,24.5191,24.0567,24.3508,1778642
2004-02-26,24.3508,24.3508,24.0399,24.0567,1223082
2004-02-27,24.2102,24.4617,23.9142,24.0113,1681368
2004-03-01,24.0875,24.3547,24.0567,24.3032,1288829
2004-03-02,24.2598,24.3152,24.0033,24.0113,1006025
2004-03-03,23.9519,24.0113,23.7678,23.9489,869152
2004-03-04,23.9024,24.0805,23.7816,23.9945,956171
2004-03-05,23.934,24.036,23.6539,23.9459,2057278
2004-03-08,24.0271,24.1578,23.846,23.8944,961302
2004-03-09,23.9489,24.0805,23.5134,23.6905,1910873
2004-03-10,23.6905,23.7678,23.0036,23.0471,1445012
2004-03-11,22.8313,23.454,22.7561,23.0729,2115942
2004-03-12,23.1758,23.748,23.0986,23.6035,1818975
2004-03-15,23.5827,23.5827,22.9254,23.1411,1646904
2004-03-16,23.4034,23.5619,23.0818,23.2471,1524440
2004-03-17,23.4232,23.5391,23.3688,23.4322,1234807
2004-03-18,23.3263,23.35,22.8976,23.1323,1565503
2004-03-19,23.2203,23.3223,22.9728,22.9828,1258273
2004-03-22,22.8105,22.8105,22.4245,22.6839,1529581
2004-03-23,22.8313,23.1164,22.6561,22.7443,1163191
2004-03-24,22.5938,22.8105,22.5176,22.579,1433526
2004-03-25,22.6967,23.346,22.6472,23.1194,1339420
2004-03-26,22.7066,23.1323,22.7066,22.9868,1372173
2004-03-29,23.1975,23.7905,23.1975,23.5985,1229432
2004-03-30,23.5431,23.743,23.449,23.7005,1256073
2004-03-31,23.7509,24.0399,23.5905,23.8538,2046287
2004-04-01,23.9945,24.3923,23.934,24.2062,1516134
2004-04-02,24.6101,24.727,24.3211,24.5775,1325247
2004-04-05,24.325,24.5418,24.2904,24.5418,1385123
2004-04-06,24.4845,24.5418,24.3369,24.5161,1065670
2004-04-07,24.5161,24.5161,24.1795,24.2736,1144625
2004-04-08,24.6894,24.7497,24.3112,24.4389,1333066
2004-04-12,24.4617,24.6932,24.4617,24.5418,695134
2004-04-13,24.7438,24.7536,24.2598,24.2598,1068845
2004-04-14,24.2003,24.4755,23.9984,24.3112,1441586
2004-04-15,24.8953,25.4664,24.7536,24.8398,3364440
2004-04-16,24.8755,25.3417,24.6894,25.0654,2115942
2004-04-19,25.1526,25.4149,25.0615,25.3357,2109342
2004-04-20,25.4278,25.5604,24.9387,24.9517,1563800
2004-04-21,25.0566,25.116,24.7438,25.0962,1416663
2004-04-22,24.9556,25.7267,24.9556,25.5812,1398326
2004-04-23,25.5298,25.5298,24.9764,25.3941,1873722
2004-04-26,25.3941,25.5872,25.2684,25.3357,1006025
2004-04-27,25.4664,25.6683,25.2971,25.4377,1396861
2004-04-28,25.3664,25.3664,24.6498,24.6854,1906965
2004-04-29,24.7705,24.9338,24.1578,24.3923,3019320
2004-04-30,24.5062,24.6348,24.2478,24.2646,1522252
2004-05-03,24.426,24.4507,24.0201,24.2062,2029173
2004-05-04,24.2023,24.4131,24.0033,24.1825,2387980
2004-05-05,24.24,24.3587,24.0201,24.2854,1410546
2004-05-06,24.1033,24.2508,24.0073,24.2023,1635172
2004-05-07,24.2003,24.2192,23.5431,23.5697,1697251
2004-05-10,23.4034,23.5134,22.9966,23.2411,1772045
2004-05-11,23.2333,23.5391,23.2333,23.4886,1052962
2004-05-12,23.3639,23.5104,22.964,23.4648,1410312
2004-05-13,23.4648,23.934,23.3966,23.7598,2194159
2004-05-14,23.6905,23.9232,23.4648,23.7727,1479714
2004-05-17,23.7727,23.7727,23.2303,23.3084,1718519
2004-05-18,23.4688,23.5213,23.2451,23.35,1346262
2004-05-19,23.6281,23.8944,23.2115,23.2738,1823859
2004-05-20,23.3639,23.5213,23.1937,23.2778,1066404
2004-05-21,23.6083,24.0667,23.5569,23.842,1943627
2004-05-24,23.941,24.2023,23.6163,23.7678,1015317
2004-05-25,23.7678,24.2646,23.4846,24.2438,1244584
2004-05-26,24.2438,24.429,24.0875,24.3152,803897
2004-05-27,24.5289,24.8022,24.4339,24.4845,1262179
2004-05-28,24.5705,24.5824,24.2192,24.4617,1182019
2004-06-01,24.3835,24.5527,24.329,24.4507,879180
2004-06-02,24.6498,24.714,24.3627,24.6448,746213
2004-06-03,24.6498,24.6498,24.2598,24.2598,900934
2004-06-04,24.5062,24.7794,24.4795,24.622,1114801
2004-06-07,24.8141,25.0407,24.7536,24.9991,921709
2004-06-08,24.9991,24.9991,24.8022,24.9893,988439
2004-06-09,24.9863,25.0902,24.8437,24.8803,992103
2004-06-10,25.0615,25.0734,24.8685,24.9467,580738
2004-06-14,24.9517,24.9517,24.4845,24.5111,1069579
2004-06-15,24.7358,24.8755,24.4617,24.5577,1366549
2004-06-16,24.5893,24.7111,24.3587,24.6606,1428385
2004-06-17,24.6656,24.6982,24.5111,24.6536,511564
2004-06-18,24.6576,25.3595,24.6498,25.1644,1432055
2004-06-21,25.3466,25.3466,25.0427,25.0823,970344
2004-06-22,25.0407,25.2476,24.8507,25.1724,927327
2004-06-23,25.2021,25.5515,24.6932,25.4377,936619
2004-06-24,25.3783,25.4703,25.21,25.21,1006279
2004-06-25,25.2139,25.407,25.0784,25.2853,1790616
2004-06-28,25.3664,25.3901,25.0615,25.1388,1059067
2004-06-29,25.1793,25.7307,25.1476,25.7149,1405657
2004-06-30,25.6287,25.7029,25.4357,25.5693,1097447
2004-07-01,25.5722,25.6723,24.8022,25.0615,1592152
2004-07-02,24.9556,24.9893,24.5943,24.7754,811231
2004-07-06,24.719,24.9467,24.6348,24.8913,1617569
2004-07-07,24.7536,24.9259,24.6982,24.7873,907775
2004-07-08,24.6814,25.1248,24.5289,24.724,982572
2004-07-09,24.7705,25.206,24.7655,25.0199,1280030
2004-07-12,25.0784,25.2189,24.8547,25.1605,774813
2004-07-13,25.0684,25.2515,24.9991,25.1298,597852
2004-07-14,24.9556,25.4664,24.9031,25.2268,831514
2004-07-15,25.206,25.3664,24.8803,24.8803,968393
2004-07-16,25.0823,25.0823,24.4389,24.4389,2218113
2004-07-19,24.4389,24.4755,24.131,24.236,2349845
2004-07-20,24.1795,24.228,23.934,24.1439,1845616
2004-07-21,24.24,24.329,23.7638,23.7638,1224783
2004-07-22,23.7272,23.8697,23.3768,23.7638,2322229
2004-07-23,23.7638,23.9073,23.5619,23.6817,1109423
2004-07-26,23.6499,23.7727,23.5866,23.7103,1986154
2004-07-27,23.7638,24.0805,23.646,23.9815,1062490
2004-07-28,23.833,24.131,23.7103,24.0529,1622704
2004-07-29,24.1033,24.4389,24.1033,24.3211,1029005
2004-07-30,24.3646,24.3646,24.0567,24.1201,998451
2004-08-02,24.0529,24.3884,23.9024,24.3369,947366
2004-08-03,24.2102,24.2598,23.9727,24.2023,926347
2004-08-04,24.0805,24.5893,23.9142,24.4557,1115532
2004-08-05,24.4429,24.4439,23.7103,23.739,915596
2004-08-06,23.2956,23.3916,23.0818,23.1669,1746624
2004-08-09,23.1669,23.449,23.1035,23.2986,998212
2004-08-10,23.4034,23.7994,23.3758,23.7994,1190320
2004-08-11,23.7005,23.8984,23.442,23.846,1305934
2004-08-12,23.8044,23.8064,23.2778,23.3411,1359950
2004-08-13,23.3411,23.4322,22.9966,23.1807,1393189
2004-08-16,23.2589,24.0399,23.2589,24.0399,1545467
2004-08-17,24.0529,24.3112,24.0399,24.1795,1115048
2004-08-18,24.1399,24.4487,24.036,24.4339,801457
2004-08-19,24.3835,24.426,24.1884,24.3547,785074
2004-08-20,24.3835,24.523,24.3458,24.4617,1161974
2004-08-23,24.4439,24.4617,24.0993,24.0993,1339911
2004-08-24,24.2192,24.4507,24.2102,24.4003,830055
2004-08-25,24.429,24.7309,24.1627,24.619,896533
2004-08-26,24.5161,24.7438,24.5111,24.6656,702704
2004-08-27,24.6606,24.6656,24.426,24.5062,1170769
2004-08-30,24.4439,24.6348,24.3646,24.3923,689998
2004-08-31,24.4439,24.5973,24.3112,24.4507,1180061
2004-09-01,24.4043,24.6101,24.2815,24.325,1473122
2004-09-02,24.4043,24.8913,24.4043,24.8873,1044166
2004-09-03,24.7873,24.9813,24.7873,24.8309,1135815
2004-09-07,24.9991,25.0407,24.7754,24.8833,1270741
2004-09-08,24.8141,24.8755,24.6012,24.622,695859
2004-09-09,24.7111,24.8457,24.4993,24.5577,1056868
2004-09-10,24.4845,24.5527,24.2102,24.5289,1069336
2004-09-13,24.5478,24.6982,24.523,24.622,1063956
2004-09-14,24.5161,24.5478,24.1627,24.3884,1315224
2004-09-15,24.2598,24.4755,24.2558,24.329,1370219
2004-09-16,24.329,24.619,24.329,24.4617,1476054
2004-09-17,24.4665,24.626,24.325,24.325,1133133
2004-09-20,24.3032,24.5478,24.2438,24.2904,1401992
2004-09-21,24.3923,24.5775,24.1914,24.3587,1060294
2004-09-22,24.3211,24.3211,24.1201,24.1439,1313274
2004-09-23,24.1884,24.2023,23.8816,24.0033,1295417
2004-09-24,24.1399,24.4617,24.0449,24.4102,982572
2004-09-27,24.4102,24.4993,24.2023,24.3369,1012138
2004-09-28,24.3369,24.7705,24.329,24.714,1873479
2004-09-29,24.6131,25.0684,24.5527,25.0684,1192280
2004-09-30,24.9031,25.3189,24.9031,25.0734,2527057
2004-10-01,25.1209,25.3901,24.9863,25.3901,1461382
2004-10-04,25.4278,25.596,25.3595,25.4505,1503668
2004-10-05,25.4278,25.4882,25.1892,25.2853,1001633
2004-10-06,25.3664,25.497,25.3051,25.4545,1399789
2004-10-07,25.3664,25.4317,25.104,25.116,917799
2004-10-08,25.116,25.116,24.8586,24.9387,939059
2004-10-11,24.9556,25.1388,24.8586,24.9764,600299
2004-10-12,24.9338,24.9338,24.5893,24.818,1217941
2004-10-13,24.9199,24.9199,24.0954,24.1073,1459927
2004-10-14,24.3755,24.6498,24.3755,24.5161,2215915
2004-10-15,24.4845,24.916,24.4171,24.7705,1489251
2004-10-18,24.7992,24.9517,24.5854,24.7705,668978
2004-10-19,24.8755,24.9893,24.3032,24.3458,984524
2004-10-20,24.3508,24.6319,24.325,24.5577,1610726
2004-10-21,24.4507,24.8547,24.2192,24.619,1814815
2004-10-22,24.916,25.1209,24.6012,24.6012,1496829
2004-10-25,24.4993,24.9299,24.3963,24.9299,1592637
2004-10-26,24.9764,25.3357,24.8953,25.3357,2491129
2004-10-27,25.3595,25.7267,25.1388,25.7267,2350831
2004-10-28,25.5911,25.5911,25.2387,25.5476,2227157
2004-10-29,25.5515,26.1058,25.5476,26.0801,1670121
2004-11-01,25.8356,26.085,25.6802,26.0415,2032108
2004-11-02,26.0415,26.3088,25.894,26.0415,1505873
2004-11-03,26.2672,26.5949,26.0415,26.4414,3320691
2004-11-04,26.4285,27.0591,26.3444,27.0403,2796897
2004-11-05,27.0363,27.2472,26.7047,26.9304,2448843
2004-11-08,26.5849,26.8957,26.5849,26.8413,1467743
2004-11-09,26.8452,27.269,26.8234,27.1244,1693835
2004-11-10,27.1492,27.1966,26.9621,27.0047,1815797
2004-11-11,27.0085,27.3827,26.869,27.3075,1338194
2004-11-12,27.3125,27.4135,27.1709,27.4095,1807234
2004-11-15,27.4095,27.4619,27.2086,27.359,1188121
2004-11-16,27.2294,27.4927,27.1452,27.1927,1349683
2004-11-17,27.2086,27.8045,27.2086,27.3541,1682103
2004-11-18,27.555,27.656,27.4273,27.5421,1221126
2004-11-19,27.6382,27.6382,27.1244,27.4135,1064939
2004-11-22,27.4541,27.6134,27.256,27.5758,952995
2004-11-23,27.5728,27.5936,27.3491,27.4441,1537402
2004-11-24,27.4777,27.661,27.3917,27.5758,1036336
2004-11-26,27.555,27.9025,27.5421,27.7935,521345
2004-11-29,27.7935,27.8747,27.4817,27.8203,1476537
2004-11-30,27.7599,27.8639,27.6045,27.6045,1022410
2004-12-01,27.6421,28.0688,27.6252,28.048,1133867
2004-12-02,28.048,28.048,27.7044,27.8203,1920896
2004-12-03,27.6986,27.7767,27.4729,27.661,1867124
2004-12-06,27.5976,27.7599,27.555,27.7302,2202714
2004-12-07,27.7302,27.7599,26.8452,26.9709,2933281
2004-12-08,27.0511,27.0947,26.7403,27.0135,1550601
2004-12-09,26.9423,26.9849,26.4879,26.9165,2668821
2004-12-10,27.3778,27.3778,26.5949,26.6275,2423666
2004-12-13,26.8779,27.1452,26.6928,27.1452,1755178
2004-12-14,27.1452,27.5421,27.1412,27.4777,1401500
2004-12-15,27.4135,27.6856,27.4135,27.6252,1176640
2004-12-16,27.7164,27.7302,27.3679,27.4729,1464809
2004-12-17,27.4135,27.4689,27.1412,27.166,2773680
2004-12-20,27.269,27.5936,27.256,27.3699,864265
2004-12-21,27.555,27.8203,27.4273,27.8203,1664015
2004-12-22,27.7807,27.9569,27.7024,27.8084,1742227
2004-12-23,27.7549,27.847,27.6738,27.8163,1434989
2004-12-27,27.9173,27.9707,27.6896,27.7044,1027298
2004-12-28,27.6896,27.8905,27.6213,27.8905,755259
2004-12-29,27.8905,27.9648,27.7599,27.8292,795097
2004-12-30,27.9213,27.9252,27.7599,27.8668,649909
2004-12-31,28.0123,28.142,27.8292,27.8866,854000
2005-01-03,27.9381,27.9648,27.4313,27.5144,1258516
2005-01-04,27.4867,27.4867,26.7888,26.8898,1565024
2005-01-05,26.874,27.1541,26.5107,26.5107,1706782
2005-01-06,26.5107,26.9907,26.4206,26.8858,1708010
2005-01-07,26.8858,27.2372,26.874,27.0215,2099805
2005-01-10,27.0135,27.2294,26.7809,26.9472,1364598
2005-01-11,26.9472,26.9472,26.4612,26.7176,1723657
2005-01-12,26.6532,27.0363,26.4532,27.0363,1490959
2005-01-13,27.0403,27.2086,26.8452,26.9591,2460328
2005-01-14,26.9561,27.0858,26.8206,27.0511,1116017
2005-01-18,27.0245,27.1541,26.7136,27.0858,1231386
2005-01-19,27.1878,27.3491,27.0819,27.2134,1292256
2005-01-20,27.2134,27.3451,27.0007,27.1838,2385285
2005-01-21,27.3699,27.4966,27.2808,27.3629,2222013
2005-01-24,27.4659,27.5679,27.2294,27.2294,1574796
2005-01-25,27.3917,27.8341,27.3917,27.6134,2401421
2005-01-26,27.8005,27.8252,27.656,27.7599,1404684
2005-01-27,27.8005,27.8747,27.6421,27.7886,1796482
2005-01-28,27.8292,27.8866,27.4729,27.7678,1318161
2005-01-31,27.9213,28.138,27.8866,28.138,2033572
2005-02-01,28.134,28.335,28.0796,28.2955,2121077
2005-02-02,28.335,28.4884,28.1588,28.4884,2591095
2005-02-03,28.4884,28.4884,28.2241,28.4122,1953647
2005-02-04,28.4122,28.7825,28.4083,28.7825,1976382
2005-02-07,28.7825,29.0309,28.7458,28.9676,1714607
2005-02-08,28.8854,29.1101,28.7825,29.0843,2583521
2005-02-09,29.0269,29.0269,28.6468,28.8032,1706051
2005-02-10,28.8032,29.1517,28.8032,29.0269,1400279
2005-02-11,28.9854,29.4506,28.8626,29.1913,1664986
2005-02-14,29.1715,29.2496,29.023,29.1942,1118955
2005-02-15,29.2576,29.508,29.1645,29.4931,1468724
2005-02-16,29.2318,29.508,29.1031,29.407,2002285
2005-02-17,29.3774,29.4585,29.1793,29.1793,1301045
2005-02-18,29.2536,29.3813,29.1447,29.2457,1291757
2005-02-22,28.9854,29.1981,28.7299,28.7299,1757866
2005-02-23,28.9478,29.3051,28.8438,29.3051,1246294
2005-02-24,29.2536,29.4585,29.1101,29.4209,1741004
2005-02-25,29.4328,29.9,29.3606,29.8446,2311965
2005-02-28,29.8446,29.8446,29.2754,29.4358,2702547
2005-03-01,29.6011,29.8416,29.5655,29.6407,1657654
2005-03-02,29.6149,29.6802,29.314,29.4506,1570155
2005-03-03,29.4961,29.7396,29.3912,29.5991,1492428
2005-03-04,29.8654,30.2208,29.8485,30.0485,1856859
2005-03-07,30.0168,30.1564,29.9049,30.0613,2221286
2005-03-08,30.0613,30.3029,30.0515,30.195,2323948
2005-03-09,30.2494,30.5751,30.1336,30.1336,2534149
2005-03-10,30.1336,30.2306,29.4872,29.9545,1802595
2005-03-11,30.0613,30.2772,29.806,29.8446,1515893
2005-03-14,29.9762,30.2078,29.7842,29.9941,1833878
2005-03-15,30.0999,30.1821,29.8693,29.8693,1592637
2005-03-16,29.8693,29.8733,29.1289,29.3892,3625238
2005-03-17,29.3912,29.6971,29.1793,29.5337,2101525
2005-03-18,29.5397,29.6802,29.2605,29.3436,3584901
2005-03-21,29.3774,29.4001,28.9111,29.2219,2239126
2005-03-22,29.2536,29.703,29.1447,29.2318,1752488
2005-03-23,29.1517,29.1863,28.8151,28.8478,2446887
2005-03-24,28.8478,29.1151,28.7617,28.9676,2144292
2005-03-28,28.9348,29.1517,28.8349,28.8943,1410546
2005-03-29,28.8982,29.1981,28.4162,28.4162,2277507
2005-03-30,28.6389,29.1031,28.5963,29.0467,2113740
2005-03-31,29.1377,29.3526,29.0893,29.2605,1582130
2005-04-01,29.3684,29.4961,28.7864,28.8072,3039360
2005-04-04,28.8072,29.0695,28.7458,29.0012,2420488
2005-04-05,28.9754,29.0972,28.8715,29.0348,2279943
2005-04-06,29.1715,29.3308,29.1239,29.2407,1435237
2005-04-07,29.2407,29.3912,29.0893,29.3219,1105264
2005-04-08,29.3348,29.3684,28.6735,28.6745,2398732
2005-04-11,28.7161,28.7211,27.9648,28.3013,3766266
2005-04-12,28.2331,28.626,27.9025,28.6003,2769521
2005-04-13,28.6181,28.6181,27.8123,27.9381,1955845
2005-04-14,27.9876,28.0014,26.9967,27.2472,3215100
2005-04-15,27.0363,27.1996,26.5047,26.5809,3251028
2005-04-18,26.5721,26.9126,26.3088,26.768,3672161
2005-04-19,26.9215,27.3372,26.8898,27.269,2287520
2005-04-20,27.2986,27.4441,26.869,26.8997,3614237
2005-04-21,27.3075,27.646,26.9709,27.5976,2230576
2005-04-22,28.2281,28.2281,27.359,27.656,2594758
2005-04-25,27.7371,28.2727,27.6986,28.0054,2030156
2005-04-26,27.8203,27.8837,27.1927,27.1927,2905659
2005-04-27,27.1966,27.2917,26.8452,27.1076,3095814
2005-04-28,27.2134,27.4481,27.0403,27.0541,3039852
2005-04-29,27.3629,27.7975,27.2086,27.6382,2228623
2005-05-02,27.646,28.0103,27.6292,27.8203,2344231
2005-05-03,27.8005,28.1132,27.7044,27.8797,1412012
2005-05-04,27.8797,28.2419,27.8707,28.2241,2877804
2005-05-05,28.2241,28.4746,27.948,28.1964,2280926
2005-05-06,28.1103,28.3261,27.9648,28.1836,2421955
2005-05-09,27.7767,28.0886,27.7599,28.0638,1983712
2005-05-10,27.9668,27.9668,27.4353,27.5589,2322960
2005-05-11,27.5758,27.6213,27.0819,27.4481,2371113
2005-05-12,27.7638,27.7638,26.6245,26.7047,2674685
2005-05-13,26.6147,26.7988,26.0544,26.39,3248828
2005-05-16,26.38,26.5949,26.2503,26.5285,2470347
2005-05-17,26.5077,27.0007,26.3028,26.9849,2013040
2005-05-18,27.0699,27.661,27.0433,27.5144,1611943
2005-05-19,27.5144,27.5144,27.066,27.2372,1324021
2005-05-20,27.259,27.259,26.8522,27.0433,1122375
2005-05-23,27.0987,27.6164,27.0769,27.4353,1171257
2005-05-24,27.2878,27.4164,27.0729,27.3342,1666944
2005-05-25,27.256,27.256,26.8156,27.0007,1521024
2005-05-26,27.0987,27.161,26.9709,27.0433,939059
2005-05-27,27.064,27.1165,26.8957,26.9849,1127265
2005-05-31,26.8779,26.9215,26.6067,26.7542,1199615
2005-06-01,26.6701,27.3372,26.6701,27.2086,1195946
2005-06-02,27.0819,27.161,26.8106,27.0729,1313274
2005-06-03,26.9967,27.2204,26.7176,26.768,1647147
2005-06-06,26.771,26.8284,26.6889,26.7453,1334534
2005-06-07,26.8997,27.1412,26.6978,26.7255,1840235
2005-06-08,26.8234,26.9086,26.6147,26.675,1369237
2005-06-09,26.675,26.675,26.085,26.5335,1789400
2005-06-10,26.6185,26.776,26.5077,26.6483,1318401
2005-06-13,26.6483,26.9512,26.5601,26.7176,1447207
2005-06-14,26.6325,26.8056,26.6225,26.7502,1523710
2005-06-15,26.9621,26.9621,26.6928,26.8957,1161242
2005-06-16,26.9621,27.649,26.9621,27.4015,1841215
2005-06-17,27.6986,27.6986,27.2511,27.2511,1918206
2005-06-20,27.1244,27.1492,26.8611,26.9254,1089867
2005-06-21,26.9423,26.9621,26.6364,26.7542,976955
2005-06-22,26.9423,27.0175,26.6572,26.7047,1086695
2005-06-23,26.7255,26.7948,26.0702,26.2137,1342352
2005-06-24,26.1681,26.1889,25.6802,25.7683,1833148
2005-06-27,25.8603,26.1217,25.6198,25.8356,2525348
2005-06-28,26.0038,26.4454,25.9584,26.2365,1572356
2005-06-29,26.2365,26.3226,26.1019,26.1058,1455517
2005-06-30,26.0346,26.1761,25.6465,25.6762,1713632
2005-07-01,25.8772,25.9356,25.6633,25.7791,1401750
2005-07-05,25.7347,25.8079,25.5298,25.7465,1413728
2005-07-06,25.6941,25.8079,25.4802,25.4802,1294201
2005-07-07,25.0872,25.3901,24.9675,25.3664,2385542
2005-07-08,25.5564,25.9396,25.51,25.8039,1532754
2005-07-11,26.0038,26.385,25.9722,26.385,2476705
2005-07-12,26.385,26.4384,25.9276,26.282,1687235
2005-07-13,26.3186,26.3978,25.9356,26.0633,1445497
2005-07-14,26.1841,26.5206,26.1543,26.2593,1303729
2005-07-15,26.3088,26.484,26.1721,26.2553,1055163
2005-07-18,26.1979,26.3978,26.0702,26.1137,918527
2005-07-19,26.3186,26.5533,26.2365,26.4612,1584331
2005-07-20,26.4612,26.9254,26.3186,26.9046,1417147
2005-07-21,26.8957,26.9165,26.3444,26.3572,1168078
2005-07-22,26.39,26.8779,26.287,26.8284,2146006
2005-07-25,26.869,26.9353,26.5335,26.5335,1665232
2005-07-26,26.5335,26.5374,25.8821,26.3028,2642664
2005-07-27,26.4919,26.7928,26.4612,26.7809,1579938
2005-07-28,26.9561,27.1709,26.7215,27.0819,1561109
2005-07-29,26.9423,27.0769,26.6067,26.6067,1400771
2005-08-01,26.7364,26.8156,26.5949,26.6245,1068606
2005-08-02,26.7284,27.0511,26.7176,26.9591,1280763
2005-08-03,26.8562,27.2174,26.7988,27.166,1056135
2005-08-04,27.166,27.1878,26.6027,26.6275,1252163
2005-08-05,26.6275,26.6611,26.373,26.4493,1533736
2005-08-08,26.38,26.5651,26.2781,26.3572,912423
2005-08-09,26.4493,26.5423,26.373,26.4701,1017766
2005-08-10,26.5374,26.6483,26.3107,26.4166,1746874
2005-08-11,26.475,26.8611,26.4493,26.8413,1574303
2005-08-12,26.7582,26.7988,26.282,26.4206,1412506
2005-08-15,26.4266,26.5849,26.2365,26.5107,750126
2005-08-16,26.4493,26.5047,25.9722,25.9762,1434498
2005-08-17,25.9762,26.1019,25.7791,25.9762,1094754
2005-08-18,25.8524,25.9396,25.6386,25.8277,1511736
2005-08-19,26.089,26.39,25.9088,26.2285,2269684
2005-08-22,26.2285,26.4454,26.0217,26.1929,1300551
2005-08-23,26.1543,26.1929,25.7149,26.0415,2888797
2005-08-24,26.0217,26.089,25.7921,25.8524,2808624
2005-08-25,25.8405,25.8772,25.5911,25.6762,1570879
2005-08-26,25.6802,25.6802,25.4574,25.5436,1907454
2005-08-29,25.4753,25.7633,25.3051,25.7465,1647391
2005-08-30,25.6495,25.6723,25.3664,25.599,1782800
2005-08-31,25.599,25.7683,25.3832,25.7683,2712817
2005-09-01,25.7395,25.896,25.6584,25.7307,1585798
2005-09-02,25.7752,25.8277,25.4882,25.7395,1329157
2005-09-06,25.797,25.9227,25.6198,25.7237,1969782
2005-09-07,25.7347,25.9316,25.7267,25.797,2121322
2005-09-08,25.797,25.8772,25.599,25.7347,2292166
2005-09-09,25.7435,25.7435,25.497,25.6723,1696277
2005-09-12,25.6683,25.8485,25.6327,25.7752,1789152
2005-09-13,25.7683,25.797,25.4109,25.4109,1504407
2005-09-14,25.4317,25.4882,25.2437,25.3267,2145519
2005-09-15,25.3317,25.3832,25.0784,25.1556,1551334
2005-09-16,25.2357,25.4377,24.9813,25.4278,2878781
2005-09-19,25.3267,25.3664,25.0823,25.2803,2296323
2005-09-20,25.3625,25.51,24.5943,24.6932,3280110
2005-09-21,24.5111,24.5161,24.0162,24.1914,3688295
2005-09-22,24.1281,24.2854,23.8192,24.2192,2472062
2005-09-23,24.2854,24.5023,24.036,24.3686,3099242
2005-09-26,24.4933,24.5943,24.0113,24.1201,2729435
2005-09-27,24.0993,24.1795,23.7905,23.934,2825256
2005-09-28,23.846,23.9489,23.6609,23.7054,2560295
2005-09-29,23.7272,23.941,23.4886,23.9311,2657093
2005-09-30,23.8538,24.2598,23.7766,24.2142,2609187
2005-10-03,24.2558,24.2558,23.7816,23.7994,2287769
2005-10-04,23.8064,23.9113,23.454,23.4817,1396861
2005-10-05,23.4817,23.4817,23.1035,23.1253,3025179
2005-10-06,23.2253,23.3966,22.8511,22.964,2348628
2005-10-07,23.1372,23.5302,23.1372,23.445,2680065
2005-10-10,23.442,23.445,23.0303,23.0986,1913319
2005-10-11,23.1164,23.1847,22.8422,22.8907,2215915
2005-10-12,22.8511,23.0847,22.7641,22.8937,1646412
2005-10-13,22.8383,23.1194,22.7947,22.9966,2157740
2005-10-14,23.0946,23.3084,22.9996,23.2629,1808218
2005-10-17,23.2629,23.3639,23.1669,23.3223,1266583
2005-10-18,23.3223,23.4064,23.1551,23.1551,1233584
2005-10-19,23.1372,23.3639,22.964,23.3411,1620992
2005-10-20,23.3411,24.0627,23.2589,23.6331,3242226
2005-10-21,23.9905,24.5854,23.837,23.842,4164915
2005-10-24,24.0113,24.2904,24.0033,24.1954,2598431
2005-10-25,24.1399,24.2815,23.6817,23.7232,2898817
2005-10-26,23.6569,24.0825,23.6569,23.8538,2348387
2005-10-27,23.7905,23.934,23.6866,23.7005,1463344
2005-10-28,23.8242,24.3032,23.7509,24.3032,1575283
2005-10-31,24.3587,24.6606,24.3547,24.5359,2348628
2005-11-01,24.5062,24.622,24.329,24.5161,1803818
2005-11-02,24.4993,24.8715,24.4171,24.7794,3886521
2005-11-03,24.8803,25.0239,24.5289,24.5329,2333718
2005-11-04,24.619,24.6724,24.2944,24.4617,1868097
2005-11-07,24.426,24.6814,24.3835,24.5577,2957966
2005-11-08,24.3686,24.5191,24.1241,24.1914,1899878
2005-11-09,24.2003,24.4507,24.0954,24.1756,1312051
2005-11-10,24.2003,24.8309,24.0113,24.6448,1929942
2005-11-11,24.6448,24.8022,24.5478,24.6319,1143398
2005-11-14,24.5062,24.8141,24.4665,24.7309,1832417
2005-11-15,24.7655,24.9259,24.7309,24.7903,1507824
2005-11-16,24.8457,24.9299,24.4665,24.5527,1405419
2005-11-17,24.5062,24.719,24.4439,24.719,1350909
2005-11-18,24.9764,24.9813,24.7022,24.9199,1412506
2005-11-21,24.9199,25.2853,24.9111,25.2515,1805281
2005-11-22,25.2684,25.4416,25.1644,25.407,2206383
2005-11-23,25.2931,25.4278,25.1852,25.2635,1151709
2005-11-25,25.1892,25.3357,24.9942,25.0407,799016
2005-11-28,25.0328,25.0427,24.8141,24.8507,2027469
2005-11-29,25.0566,25.2635,24.9387,25.1209,2905419
2005-11-30,25.1793,25.2803,24.8437,24.8457,2124742
2005-12-01,24.9556,25.2318,24.916,25.1209,1809929
2005-12-02,25.0684,25.0684,24.8755,24.8873,1117981
2005-12-05,24.7873,24.8635,24.5418,24.6101,1628080
2005-12-06,24.7616,24.8873,24.6448,24.6576,1221368
2005-12-07,24.7497,24.7497,24.3587,24.4439,1253872
2005-12-08,24.4705,24.5329,24.2192,24.2854,1333551
2005-12-09,24.3458,24.3587,23.85,23.8668,2804472
2005-12-12,23.8668,23.8944,23.4232,23.6697,4113827
2005-12-13,23.6697,23.7866,23.5034,23.646,3342453
2005-12-14,23.3728,23.5134,23.0264,23.2659,3993088
2005-12-15,23.2025,23.2659,22.955,23.1629,2529264
2005-12-16,23.3084,23.3184,23.1035,23.1847,3537735
2005-12-19,23.3035,23.5827,23.1975,23.3827,3481516
2005-12-20,23.4064,23.5866,23.2303,23.2589,1949491
2005-12-21,23.4114,23.5391,23.2926,23.355,2206383
2005-12-22,23.36,23.7638,23.355,23.6233,2023309
2005-12-23,23.7678,23.7994,23.6123,23.7212,1228208
2005-12-27,23.8044,23.9558,23.5985,23.6331,1406389
2005-12-28,23.6331,23.743,23.5104,23.6421,1032431
2005-12-29,23.6737,23.7905,23.6233,23.6817,1349683
2005-12-30,23.6817,23.7272,23.5431,23.6905,1869811
2006-01-03,23.8192,23.833,23.2659,23.7272,2529009
2006-01-04,23.7272,24.0825,23.6866,24.0627,3068197
2006-01-05,24.0805,24.2438,24.0221,24.136,3038871
2006-01-06,24.2904,24.426,24.1825,24.426,3165727
2006-01-09,24.4439,24.6498,24.3884,24.6498,4516147
2006-01-10,24.5478,24.5478,24.3458,24.4171,2617000
2006-01-11,24.325,24.3646,24.0993,24.3072,2090035
2006-01-12,24.3369,24.3369,23.7816,23.9232,2918127
2006-01-13,24.231,24.2736,23.9073,23.9232,2431729
2006-01-17,23.748,23.9142,23.748,23.7678,2292900
2006-01-18,23.7727,23.8944,23.4886,23.5737,1963913
2006-01-19,23.9815,24.1201,23.7549,23.7549,2193916
2006-01-20,23.8192,23.8192,23.2411,23.3263,3103650
2006-01-23,23.3124,23.9905,23.3124,23.8192,3309935
2006-01-24,23.9855,24.1399,23.934,24.0321,2337633
2006-01-25,24.136,24.334,24.0201,24.1489,1793065
2006-01-26,24.2508,24.4043,24.1399,24.2854,2789316
2006-01-27,24.4043,24.4705,24.2102,24.3369,2391894
2006-01-30,24.2944,24.3152,23.9142,24.2438,2149181
2006-01-31,24.3032,24.3755,24.1528,24.3458,3129548
2006-02-01,24.3458,24.3458,24.036,24.1578,2394586
2006-02-02,24.2003,24.2062,23.5302,23.7272,4488530
2006-02-03,23.7232,23.7866,23.4846,23.5134,1751761
2006-02-06,23.4579,23.5649,23.2956,23.4738,1725361
2006-02-07,23.4946,23.5866,23.2471,23.2857,1706051
2006-02-08,23.2303,23.4817,23.1293,23.445,2274567
2006-02-09,23.4648,23.9489,23.4648,23.6331,2939642
2006-02-10,23.5302,23.8152,23.355,23.6866,1608527
2006-02-13,23.6281,23.8668,23.4579,23.8292,2510682
2006-02-14,23.8292,24.7062,23.7816,24.6101,3652851
2006-02-15,24.2944,24.5023,24.1667,24.3963,2446641
2006-02-16,24.2984,24.626,24.1795,24.622,2507263
2006-02-17,24.6686,24.6814,24.5527,24.5775,1808218
2006-02-21,24.6448,24.6536,24.2944,24.4171,1629306
2006-02-22,24.5478,24.7497,24.2508,24.426,3296974
2006-02-23,24.4993,24.4993,24.2231,24.3072,2522416
2006-02-24,24.3587,24.4617,24.2478,24.3152,1908922
2006-02-27,24.3458,24.6814,24.3458,24.6498,2689351
2006-02-28,24.6498,25.0378,24.5478,24.8051,5734578
2006-03-01,25.011,25.5336,24.9467,25.3783,3772868
2006-03-02,25.2021,25.4664,25.1002,25.4466,2764638
2006-03-03,25.2635,25.5644,25.1644,25.4703,3627925
2006-03-06,25.5436,25.5515,25.3357,25.4624,2321012
2006-03-07,25.3545,25.4832,25.2476,25.2763,2865337
2006-03-08,25.2763,25.2763,24.8259,25.112,2981188
2006-03-09,25.108,25.1476,24.8507,24.916,1583842
2006-03-10,25.0199,25.1605,24.916,25.0902,1806749
2006-03-13,25.1892,25.3625,25.116,25.1644,1468231
2006-03-14,25.2021,25.4802,25.2021,25.4624,1395642
2006-03-15,25.596,25.9632,25.596,25.9396,2559076
2006-03-16,25.9396,26.3147,25.9396,26.1643,2874620
2006-03-17,26.1643,26.1841,25.8524,25.9049,2461065
2006-03-20,25.8851,26.0633,25.7505,25.889,1321090
2006-03-21,25.8485,25.9811,25.7069,25.8356,2730413
2006-03-22,25.7791,25.9356,25.7791,25.8316,2140389
2006-03-23,25.8356,25.9128,25.6802,25.7465,1196680
2006-03-24,25.7237,25.9049,25.4703,25.8316,1893279
2006-03-27,25.7149,25.7395,25.502,25.5644,1586523
2006-03-28,25.5644,25.7465,25.4466,25.6465,2321256
2006-03-29,25.6465,25.9514,25.5812,25.894,1346754
2006-03-30,25.7921,25.991,25.6683,25.8435,1548155
2006-03-31,25.8039,25.991,25.7069,25.9188,1759341
2006-04-03,25.9227,26.287,25.9227,26.1098,2898089
2006-04-04,26.0415,26.4048,25.8999,26.377,2715506
2006-04-05,26.3147,26.4879,26.1217,26.4384,2079277
2006-04-06,26.4285,26.4454,26.1583,26.3315,1361421
2006-04-07,26.3484,26.4582,25.8197,25.8485,1480446
2006-04-10,25.9088,25.987,25.7555,25.7713,1116750
2006-04-11,25.8999,26.0306,25.603,25.6198,1235052
2006-04-12,25.7029,25.9811,25.6356,25.894,1342106
2006-04-13,25.896,26.1098,25.7583,25.9316,982572
2006-04-17,25.889,26.0633,25.8277,25.9722,1199375
2006-04-18,25.9722,26.0474,25.8168,25.8168,3553616
2006-04-19,25.6802,26.0009,25.6584,25.8435,3278647
2006-04-20,26.39,26.9561,26.2672,26.9472,6404289
2006-04-21,27.158,27.4867,27.1165,27.2511,4603896
2006-04-24,27.0907,27.3412,26.8234,27.2838,2969458
2006-04-25,27.2838,27.5144,27.158,27.4481,3657495
2006-04-26,27.5045,27.6936,27.4659,27.5629,3944938
2006-04-27,27.3748,27.8431,27.2778,27.5332,2440778
2006-04-28,27.5303,27.6342,27.3451,27.4619,2836493
2006-05-01,27.6382,27.8005,27.4897,27.4897,2580832
2006-05-02,27.4897,27.8569,27.4055,27.7767,2456171
2006-05-03,27.7767,28.0252,27.7164,27.9648,2310009
2006-05-04,27.9648,28.1806,27.8123,27.8509,2331519
2006-05-05,27.8905,27.948,27.8084,27.9341,2612356
2006-05-08,27.8431,27.9836,27.8431,27.9025,1975165
2006-05-09,27.8203,27.9668,27.7371,27.948,1291757
2006-05-10,27.9648,28.0726,27.7935,28.0123,2157740
2006-05-11,28.0756,28.1291,27.8837,27.9668,1690415
2006-05-12,27.9648,27.9668,27.4659,27.5332,2176800
2006-05-15,27.5303,27.5303,26.9878,27.2778,1978090
2006-05-16,27.2778,27.5203,27.0769,27.4401,1704094
2006-05-17,27.2372,27.359,26.7988,26.9215,2419511
2006-05-18,27.0007,27.158,26.4018,26.6849,1677456
2006-05-19,26.9749,26.9749,26.5651,26.7809,2156272
2006-05-22,26.7364,26.7403,25.7267,26.3147,2946240
2006-05-23,26.4493,26.6928,26.2909,26.3345,2293391
2006-05-24,26.3345,26.4919,25.9128,26.3444,2764878
2006-05-25,26.5473,26.675,26.3345,26.4285,1634442
2006-05-26,26.5849,26.6325,26.377,26.5721,1198883
2006-05-30,26.39,26.4266,25.997,26.1643,1741739
2006-05-31,26.2593,26.5681,26.0801,26.3226,1554024
2006-06-01,26.1979,26.577,26.0346,26.577,1449896
2006-06-02,26.577,26.7502,26.4126,26.6789,1375595
2006-06-05,26.577,26.5809,26.1276,26.2503,1967581
2006-06-06,26.7988,26.7988,26.1395,26.3928,3295757
2006-06-07,25.3664,26.4948,25.1764,26.1929,2513375
2006-06-08,25.9316,26.3088,25.1852,26.2464,4042702
2006-06-09,26.1435,26.2365,25.8603,26.1058,1683319
2006-06-12,26.1474,26.39,25.894,25.9474,1942163
2006-06-13,25.7555,26.0544,25.5208,25.6633,2515325
2006-06-14,25.5722,25.9474,25.5436,25.9396,1993977
2006-06-15,26.0217,26.7215,25.997,26.6532,2269435
2006-06-16,26.5206,26.6483,26.3028,26.4879,1994464
2006-06-19,26.5156,26.5503,25.6941,25.8168,3075043
2006-06-20,25.8168,25.997,25.7069,25.7831,1895969
2006-06-21,25.8247,26.1583,25.7465,25.9722,2278238
2006-06-22,26.0544,26.2019,25.8247,26.1721,1500983
2006-06-23,26.0702,26.6027,26.0306,26.2761,1661323
2006-06-26,26.3692,26.6789,26.3572,26.6532,1161488
2006-06-27,26.6147,26.6849,25.9514,26.0177,1849772
2006-06-28,26.0177,26.089,25.8079,26.0504,1140708
2006-06-29,26.3088,26.7334,26.2217,26.7215,1873969
2006-06-30,26.8364,27.064,26.6978,27.0047,2153097
2006-07-03,27.1452,27.2056,27.0293,27.1313,646736
2006-07-05,27.1363,27.1412,26.8234,26.9423,1340152
2006-07-06,26.8819,27.0135,26.5582,26.7502,1588482
2006-07-07,26.6453,26.8819,26.5245,26.6147,1632240
2006-07-10,26.7809,27.2372,26.6978,27.2056,1717784
2006-07-11,27.2056,27.3342,27.1541,27.2472,2109342
2006-07-12,27.266,27.3748,26.8234,26.8492,1351153
2006-07-13,26.6325,26.7502,25.9188,25.9316,2989744
2006-07-14,25.9356,25.9356,25.507,25.8039,2160182
2006-07-17,25.6723,26.0504,25.6633,25.894,2091746
2006-07-18,25.9049,26.0583,25.6386,25.9672,1260477
2006-07-19,26.2137,26.7582,26.1435,26.7136,2364271
2006-07-20,26.6107,26.8106,26.2137,26.2632,1947295
2006-07-21,26.3028,26.3028,25.2971,25.3703,2916416
2006-07-24,25.6327,25.8168,25.4149,25.7831,2536836
2006-07-25,25.7831,25.9564,25.4416,25.9227,2751925
2006-07-26,25.8603,25.9128,25.5436,25.6109,2767569
2006-07-27,25.6148,25.6287,24.9893,25.0823,3461722
2006-07-28,25.0823,25.4357,25.0823,25.3743,1951932
2006-07-31,25.2853,25.3267,25.0615,25.1764,1761777
2006-08-01,25.1764,25.1764,24.8398,25.015,1574303
2006-08-02,25.1764,25.5564,25.112,25.3664,2025509
2006-08-03,25.108,25.7752,25.108,25.6069,1464562
2006-08-04,25.6287,25.9227,25.5515,25.6109,1767891
2006-08-07,25.6148,25.7713,25.4357,25.7029,1136560
2006-08-08,25.5872,25.7752,25.3595,25.3625,1623679
2006-08-09,25.4416,25.5515,25.2476,25.2635,1719983
2006-08-10,25.2803,25.3881,25.0784,25.3545,1693097
2006-08-11,25.2021,25.402,25.0566,25.0902,924640
2006-08-14,24.719,25.6495,24.719,25.3397,922692
2006-08-15,25.5722,25.896,25.4466,25.8682,1253140
2006-08-16,26.1019,26.4285,26.0474,26.4285,1684544
2006-08-17,26.5651,26.5651,26.0583,26.085,2232282
2006-08-18,26.2217,26.2909,26.0415,26.0583,1423748
2006-08-21,25.986,26.1345,25.9632,26.0781,1032177
2006-08-22,26.1276,26.1841,25.8356,25.9128,1254362
2006-08-23,25.9356,25.9356,25.6386,25.797,881380
2006-08-24,25.8772,25.9227,25.507,25.6723,774073
2006-08-25,25.4931,25.7029,25.4931,25.596,733259
2006-08-28,25.6436,25.8039,25.5476,25.7465,1151946
2006-08-29,25.8039,25.8435,25.4416,25.7831,1357018
2006-08-30,25.7347,25.9316,25.7187,25.7752,680959
2006-08-31,25.8485,26.0583,25.7555,25.9227,1075691
2006-09-01,26.0633,26.4018,25.987,26.3315,1368508
2006-09-05,26.3186,26.3226,26.0583,26.2325,1807971
2006-09-06,26.1643,26.2672,26.0474,26.1098,2301707
2006-09-07,26.0702,26.3315,25.9762,26.1681,2375512
2006-09-08,26.1681,26.5949,26.1513,26.5651,1734159
2006-09-11,26.5473,26.5473,26.282,26.4919,2954301
2006-09-12,26.4919,26.967,26.4384,26.9383,2950148
2006-09-13,26.9383,27.3541,26.8156,27.1452,2205407
2006-09-14,26.9621,27.1076,26.7582,27.0511,2136231
2006-09-15,27.166,27.3075,26.9621,27.0047,2319540
2006-09-18,27.0769,27.2808,26.8452,27.0858,1326711
2006-09-19,27.0363,27.1412,26.9046,27.1076,1432055
2006-09-20,27.2728,27.6382,27.1966,27.5976,2028682
2006-09-21,27.7638,27.7638,27.1452,27.2511,2164341
2006-09-22,27.1996,27.259,26.9423,27.0511,1401750
2006-09-25,27.0819,27.3778,27.0085,27.3293,2047263
2006-09-26,27.3342,27.7728,27.3342,27.7302,2323216
2006-09-27,27.6292,27.7262,27.4927,27.5421,2065591
2006-09-28,27.5976,27.9103,27.4867,27.8609,2451042
2006-09-29,27.5045,27.8341,27.4401,27.4441,2112279
2006-10-02,27.5372,27.5421,27.166,27.3877,1222591
2006-10-03,27.1927,27.4273,27.0819,27.2838,1616838
2006-10-04,27.166,27.55,27.0858,27.4579,1694808
2006-10-05,27.4135,27.6164,27.3748,27.5837,1433275
2006-10-06,27.4135,27.7124,27.3827,27.6986,1208410
2006-10-09,27.5976,27.8797,27.5976,27.747,922931
2006-10-10,27.7262,27.7728,27.3541,27.6856,1447703
2006-10-11,27.661,27.9648,27.555,27.943,1604614
2006-10-12,28.0054,28.1548,27.943,28.142,1447941
2006-10-13,28.0924,28.142,27.9648,28.0588,882115
2006-10-16,27.9341,28.4221,27.9341,28.335,1760799
2006-10-17,28.2865,28.2895,27.9608,28.2281,1545712
2006-10-18,28.3924,28.5142,27.9341,28.0103,1731962
2006-10-19,27.8203,27.8252,27.5203,27.7024,2929128
2006-10-20,27.8371,27.9648,27.5758,27.9301,2331031
2006-10-23,27.9608,28.3627,27.9608,28.3449,1872992
2006-10-24,28.3143,28.5578,28.0886,28.1548,2353033
2006-10-25,28.2597,28.2727,27.9173,28.0964,1350909
2006-10-26,28.2865,28.2865,27.9252,28.1132,1394904
2006-10-27,28.0252,28.0252,27.7728,27.8837,2146492
2006-10-30,27.8945,28.3093,27.8431,28.2113,1796482
2006-10-31,28.1262,28.3479,27.9173,27.9836,1996668
2006-11-01,27.9301,28.2766,27.7421,27.7421,2196361
2006-11-02,27.5421,27.9381,27.5421,27.8084,1785492
2006-11-03,27.7223,27.9608,27.5005,27.555,1848790
2006-11-06,27.5976,27.9103,27.555,27.7767,1853927
2006-11-07,27.8707,28.0252,27.7837,27.8797,1428636
2006-11-08,27.6252,27.7728,27.4927,27.5203,1596799
2006-11-09,27.5203,27.6778,27.3164,27.3372,1582369
2006-11-10,27.5144,27.652,27.3679,27.5303,1382442
2006-11-13,27.5807,27.948,27.5332,27.8945,1757375
2006-11-14,27.9025,27.9975,27.5758,27.9064,1416663
2006-11-15,27.9747,28.1717,27.8747,28.0796,1272690
2006-11-16,28.2152,28.3597,28.0054,28.2955,2011087
2006-11-17,27.7164,27.7371,26.5582,26.8492,8016490
2006-11-20,26.5473,26.8196,26.4018,26.5077,4816047
2006-11-21,26.4582,26.675,26.2959,26.6185,3494226
2006-11-22,26.5206,26.8026,26.5206,26.6107,1866876
2006-11-24,26.4919,26.6225,26.4919,26.5721,519393
2006-11-27,26.4701,26.4998,26.089,26.287,2584735
2006-11-28,26.2177,26.3662,26.0979,26.2464,3298197
2006-11-29,26.3484,26.3662,26.2137,26.3444,4498795
2006-11-30,26.3444,26.4532,26.2256,26.3088,2215176
2006-12-01,26.4652,26.484,26.1583,26.3444,2460825
2006-12-04,26.3484,26.8056,26.3484,26.7542,2431977
2006-12-05,26.8196,27.2838,26.8196,27.1492,3008318
2006-12-06,27.0481,27.2086,26.9304,26.9304,1996911
2006-12-07,26.9967,27.1026,26.874,26.8779,1078872
2006-12-08,26.7988,27.0245,26.7631,26.9086,1215011
2006-12-11,26.9126,26.9353,26.6978,26.7502,1172974
2006-12-12,26.7334,26.7364,26.4334,26.6067,2926194
2006-12-13,26.6889,26.7364,26.4701,26.5047,1840483
2006-12-14,26.5601,26.9126,26.5107,26.8056,3256659
2006-12-15,26.8997,27.0481,26.8206,27.0363,2055329
2006-12-18,27.1244,27.1244,26.874,26.8957,1185436
2006-12-19,26.8997,27.0819,26.7888,27.0729,1571127
2006-12-20,27.0591,27.0591,26.7928,26.7928,1454298
2006-12-21,26.8779,26.8779,26.5077,26.6067,1135085
2006-12-22,26.5206,26.5206,25.7831,26.287,2595492
2006-12-26,26.2909,26.5949,26.2217,26.5681,906560
2006-12-27,26.5721,26.6275,26.4582,26.6067,1378037
2006-12-28,26.5107,26.675,26.484,26.4879,856448
2006-12-29,26.4879,26.5107,26.2415,26.2721,828822
2007-01-03,26.2672,26.6185,26.2058,26.4048,1887651
2007-01-04,26.4493,26.475,26.1889,26.3978,1719252
2007-01-05,26.282,26.5047,26.1979,26.484,2196847
2007-01-08,26.4493,26.4493,26.2285,26.3088,1770089
2007-01-09,26.5047,26.7928,26.3692,26.675,2597452
2007-01-10,26.6789,26.771,26.4384,26.7136,1374376
2007-01-11,26.7136,27.2372,26.7136,27.1788,2166053
2007-01-12,27.1026,27.5461,27.0819,27.4401,1789152
2007-01-16,27.4401,27.6382,27.4401,27.5303,1356777
2007-01-17,27.5332,27.7728,27.359,27.751,1910142
2007-01-18,27.6778,27.6936,26.9215,27.0085,4489747
2007-01-19,27.2134,27.2878,26.8324,27.064,3321665
2007-01-22,26.9591,27.0363,26.6928,26.7888,1569666
2007-01-23,26.7928,27.0433,26.7364,27.0215,1544488
2007-01-24,27.0175,27.2056,26.9046,27.0987,1843659
2007-01-25,27.1878,27.1996,26.8026,26.8779,1730246
2007-01-26,26.7888,26.7928,26.4126,26.6453,2225930
2007-01-29,26.6789,26.8779,26.5809,26.7453,1451608
2007-01-30,26.8452,26.865,26.6067,26.865,1221126
2007-01-31,26.865,27.2134,26.865,27.1214,2202950
2007-02-01,27.0907,27.8945,27.0858,27.747,4052479
2007-02-02,27.7599,27.8341,27.4966,27.7024,1975403
2007-02-05,27.5679,27.6164,27.3263,27.4401,1406389
2007-02-06,27.4401,27.8292,27.4401,27.7886,1999346
2007-02-07,27.8203,28.0103,27.8203,27.9608,1916500
2007-02-08,27.8509,27.948,27.6421,27.656,1299335
2007-02-09,27.7599,27.9925,27.747,27.7807,1806993
2007-02-12,27.8163,28.1509,27.7807,27.8005,1988357
2007-02-13,27.9707,28.2687,27.943,28.1509,2077995
2007-02-14,28.0103,28.146,27.8509,28.0726,1481836
2007-02-15,27.9836,28.146,27.9836,28.1004,1066159
2007-02-16,28.142,28.2281,27.8569,27.9064,1999598
2007-02-20,27.6856,28.0054,27.3966,27.9025,2069990
2007-02-21,27.8569,27.9648,27.6936,27.9301,1709232
2007-02-22,28.0252,28.038,27.5461,27.5936,1682585
2007-02-23,27.5936,27.7599,27.3748,27.7124,1928232
2007-02-26,27.9025,28.0103,27.6826,27.8203,2180363
2007-02-27,27.646,27.646,26.5285,27.0403,3294287
2007-02-28,27.0403,27.4659,27.0047,27.1026,3001967
2007-03-01,26.874,27.1927,26.4701,27.0007,2119440
2007-03-02,26.9086,27.0433,26.675,26.7948,3200925
2007-03-05,26.7948,26.9849,26.5473,26.6275,2185862
2007-03-06,26.771,27.0947,26.7017,26.9621,2093627
2007-03-07,26.8522,27.0047,26.7364,26.8056,1424240
2007-03-08,26.8997,27.3342,26.8611,27.2086,1714607
2007-03-09,27.3699,27.8668,27.3491,27.8084,2839185
2007-03-12,27.7371,28.2549,27.7371,28.1132,3447058
2007-03-13,28.146,28.4706,27.6678,27.7371,5759750
2007-03-14,27.8045,28.0014,27.3679,27.9252,2785162
2007-03-15,27.948,28.3597,27.9252,28.2202,1789738
2007-03-16,28.2113,28.434,27.9608,28.2469,2660023
2007-03-19,28.2469,28.8012,28.1806,28.7637,4111647
2007-03-20,28.8438,29.2358,28.8438,29.1427,4484124
2007-03-21,28.9942,29.5655,28.919,29.5129,2387249
2007-03-22,29.5169,29.5437,29.3398,29.407,2214336
2007-03-23,29.3011,29.6189,29.2576,29.5733,1922854
2007-03-26,29.5515,29.5783,29.0606,29.5783,1768425
2007-03-27,29.3556,29.4585,29.1715,29.2853,1613903
2007-03-28,29.2457,29.2457,28.8151,28.923,1706538
2007-03-29,29.1447,29.215,28.6221,28.8894,2252255
2007-03-30,28.8586,29.1517,28.525,28.7637,2672758
2007-04-02,28.7637,28.9348,28.6142,28.8814,1705803
2007-04-03,28.9824,29.2358,28.8111,29.1329,1541060
2007-04-04,29.1329,29.2536,29.023,29.1793,1282371
2007-04-05,29.0606,29.1517,28.9754,29.0735,1538626
2007-04-09,29.3644,29.7842,29.2407,29.3813,1671833
2007-04-10,29.2982,29.319,28.8854,29.0012,2092474
2007-04-11,29.0893,29.1517,28.7735,28.8676,2133782
2007-04-12,28.8943,29.1942,28.7161,29.1942,1498308
2007-04-13,29.1913,29.1913,28.9398,29.0467,963017
2007-04-16,29.1645,29.5337,29.1101,29.5001,1648916
2007-04-17,29.4546,29.4585,28.9478,28.9586,2379667
2007-04-18,28.9586,29.0972,28.7547,29.014,3195302
2007-04-19,29.2605,31.0492,29.014,30.8879,7027355
2007-04-20,30.9166,30.9166,30.5711,30.7859,4384173
2007-04-23,30.6484,30.8681,30.588,30.6928,2737501
2007-04-24,30.6127,30.7246,30.2118,30.3721,2435894
2007-04-25,30.3989,30.7127,30.3989,30.675,2002285
2007-04-26,30.5236,30.6552,30.3167,30.4415,1792575
2007-04-27,30.4435,30.5909,30.1069,30.5711,1779774
2007-04-30,30.5711,30.5958,30.1039,30.1069,3005387
2007-05-01,30.1148,30.1564,29.8138,29.9723,2224467
2007-05-02,29.9376,30.4613,29.9327,30.2831,1663781
2007-05-03,30.2524,30.6998,30.2524,30.6928,2362594
2007-05-04,30.679,30.7285,30.3791,30.6038,1318401
2007-05-07,30.685,31.0413,30.6256,31.0126,1588978
2007-05-08,30.7493,30.7582,30.4523,30.6256,1620744
2007-05-09,30.585,30.9393,30.5592,30.9393,1721452
2007-05-10,30.7127,30.8305,30.3167,30.4157,2004155
2007-05-11,30.4909,30.6306,30.3167,30.5365,1984690
2007-05-14,30.4731,30.7582,30.4039,30.4761,1534185
2007-05-15,30.5958,30.9255,30.4731,30.5533,1575283
2007-05-16,30.6038,30.7335,30.3949,30.6889,1715773
2007-05-17,30.6484,30.971,30.6434,30.8879,1829967
2007-05-18,31.1185,32.2361,30.9295,31.8342,5691565
2007-05-21,31.5342,32.0431,31.3343,31.9034,4601658
2007-05-22,31.7599,31.944,31.656,31.8649,2056547
2007-05-23,31.8649,32.1599,31.6164,31.6511,1853432
2007-05-24,31.4502,31.5966,31.2037,31.3225,3513539
2007-05-25,31.363,31.5966,31.3225,31.5481,1692366
2007-05-29,31.5036,31.5848,31.1364,31.2601,1767399
2007-05-30,31.1364,31.5194,30.8879,31.5066,2608175
2007-05-31,31.467,31.5342,31.1591,31.173,2316120
2007-06-01,31.173,31.5036,31.07,31.2472,2063393
2007-06-04,31.0848,31.2641,30.9007,31.1789,2567384
2007-06-05,31.0324,31.2947,30.9968,31.2373,1777658
2007-06-06,31.2423,31.2423,30.8879,31.0007,2787359
2007-06-07,30.8077,31.0007,30.191,30.191,2714039
2007-06-08,30.195,30.4087,29.9376,30.3672,1503424
2007-06-11,30.2524,30.4435,30.0267,30.3633,1682834
2007-06-12,30.3633,30.3821,29.8416,29.8446,2071946
2007-06-13,30.0831,30.3721,29.9099,30.3721,1256810
2007-06-14,30.3088,30.6434,30.3088,30.487,1134108
2007-06-15,30.8879,31.0235,30.6176,30.675,1951319
2007-06-18,30.6968,30.9255,30.5632,30.6088,1072024
2007-06-19,30.4207,30.6324,30.2831,30.6088,1409083
2007-06-20,30.6889,30.9097,30.3633,30.3633,1724139
2007-06-21,30.3543,30.6364,30.0881,30.5236,1191301
2007-06-22,30.3494,30.5958,30.0395,30.1039,2478656
2007-06-25,30.1425,30.4642,30.0267,30.2038,2035141
2007-06-26,30.4207,30.6364,30.1425,30.2306,2393603
2007-06-27,29.9801,30.8453,29.9515,30.8117,2424398
2007-06-28,30.6552,30.685,30.4039,30.4959,2537327
2007-06-29,30.6216,31.4986,30.5909,31.1393,3680717
2007-07-02,31.3432,31.565,31.2373,31.4838,1706051
2007-07-03,31.4442,31.4986,31.3027,31.3105,616428
2007-07-05,31.3105,31.8174,31.3105,31.6807,1894499
2007-07-06,31.5036,31.6085,31.4274,31.5234,1355059
2007-07-09,31.5996,31.8698,31.5164,31.8649,2004239
2007-07-10,31.6481,31.7847,31.3789,31.3838,2260848
2007-07-11,31.3838,31.6639,31.3432,31.4838,1833637
2007-07-12,31.557,32.051,31.4838,32.051,2296567
2007-07-13,31.8896,32.3222,31.8342,32.241,1274399
2007-07-16,32.1213,32.5221,32.0213,32.2015,1721692
2007-07-17,32.4311,32.9785,32.3846,32.9705,3296004
2007-07-18,32.5747,32.9705,32.1965,32.9023,3177700
2007-07-19,31.7689,33.3131,31.7599,32.9349,6201874
2007-07-20,33.2388,33.3289,32.7043,32.9825,6407951
2007-07-23,33.0468,33.7229,32.8548,33.6278,3351144
2007-07-24,33.2082,33.6496,32.9864,33.22,4336780
2007-07-25,33.4051,33.4259,32.4925,32.8706,4087812
2007-07-26,32.5153,32.6301,31.3393,31.7897,4958978
2007-07-27,31.7689,31.9787,30.9057,31.1146,4149770
2007-07-30,31.0938,31.7511,30.971,31.6431,2815717
2007-07-31,31.7649,32.0381,31.173,31.2037,3331923
2007-08-01,31.2769,32.3648,30.9393,32.2984,5847552
2007-08-02,32.336,32.6132,31.951,32.1431,2527057
2007-08-03,32.2331,32.3846,31.2096,31.2096,3060429
2007-08-06,31.4541,31.9372,30.7958,31.9372,4056873
2007-08-07,31.6085,32.0629,31.2215,31.7728,2984212
2007-08-08,31.7421,31.8738,31.066,31.2987,5019062
2007-08-09,30.5751,30.7829,29.4625,29.5337,3700301
2007-08-10,29.3348,30.7166,29.0606,30.4613,3462116
2007-08-13,30.685,30.9344,30.2959,30.7958,3021755
2007-08-14,30.9502,31.0324,29.5733,29.5733,2182908
2007-08-15,29.4585,29.7574,28.8191,28.8715,2788216
2007-08-16,28.7329,29.4585,27.7421,29.1913,5652864
2007-08-17,30.2168,30.3454,29.1745,29.6079,4421316
2007-08-20,29.703,30.0703,29.5833,30.0197,2243037
2007-08-21,30.2168,30.2444,29.6664,29.8138,1850254
2007-08-22,30.0197,30.3791,29.8416,29.9396,2623116
2007-08-23,30.0079,30.1336,29.403,29.7772,2490883
2007-08-24,29.6624,30.2959,29.6149,30.2732,2155049
2007-08-27,30.1633,30.2613,29.9237,29.9703,1265116
2007-08-28,29.8446,29.9603,29.1377,29.1645,1545227
2007-08-29,29.4328,30.0613,29.3398,30.0237,2277745
2007-08-30,29.703,30.2306,29.6921,30.0703,2042372
2007-08-31,30.4415,30.585,29.8693,30.0079,1612198
2007-09-04,30.1336,30.2732,29.7674,30.1247,1476054
2007-09-05,29.8218,29.9603,29.4625,29.8525,1970516
2007-09-06,30.0079,30.3494,29.7506,30.199,1663273
2007-09-07,29.8446,29.8446,28.9942,29.0893,1787444
2007-09-10,29.1942,29.4209,28.7419,29.1981,2404851
2007-09-11,29.3962,29.7129,29.3011,29.6842,1766421
2007-09-12,29.6407,30.6642,29.6229,30.4801,3788557
2007-09-13,30.8345,30.9542,30.5325,30.6889,2397024
2007-09-14,30.6127,30.6928,30.0317,30.2118,2354987
2007-09-17,30.1564,30.4315,30.0574,30.1425,1523223
2007-09-18,30.3167,30.9918,29.9881,30.971,2490883
2007-09-19,31.2947,31.9134,31.1967,31.6609,3466604
2007-09-20,31.5877,31.6263,30.7206,30.7493,2498462
2007-09-21,30.9671,31.2115,30.685,30.685,3704672
2007-09-24,30.8077,31.1046,30.5147,30.5147,2653422
2007-09-25,30.4415,30.8027,30.2732,30.7542,1643970
2007-09-26,30.8779,31.1789,30.6968,30.9295,2174356
2007-09-27,31.0126,31.4174,30.7542,31.1591,2067605
2007-09-28,31.0156,31.1591,30.7958,30.9097,2478906
2007-10-01,30.9057,31.6224,30.9057,31.467,1679651
2007-10-02,31.2897,31.3393,30.8879,31.1967,2059969
2007-10-03,31.0126,31.3967,30.974,31.2096,1884962
2007-10-04,31.2641,31.6768,31.074,31.4502,1449896
2007-10-05,31.7897,32.2529,31.5996,32.1321,1838526
2007-10-08,31.951,32.1213,31.5066,31.6887,1408107
2007-10-09,31.7125,32.1025,31.6036,31.9836,1409083
2007-10-10,31.9748,32.2658,31.7352,32.0163,1445987
2007-10-11,32.1747,32.634,31.8342,31.9678,1677939
2007-10-12,32.1213,32.3717,31.9204,32.348,1254362
2007-10-15,32.4271,32.7082,31.656,31.9074,1640061
2007-10-16,31.8698,32.3222,31.7125,32.1479,2172897
2007-10-17,32.3222,32.5271,31.5164,31.7897,1932921
2007-10-18,31.0938,31.7075,30.7542,30.8374,4423023
2007-10-19,30.7285,30.9205,30.3365,30.3365,4793805
2007-10-22,30.0445,30.6088,29.9723,30.4681,3125639
2007-10-23,30.7246,30.9146,30.2772,30.5958,2224225
2007-10-24,30.4761,30.5909,30.191,30.483,2763418
2007-10-25,30.5365,30.7285,29.9376,30.0445,3339993
2007-10-26,30.3335,30.3633,29.9941,30.0881,1771800
2007-10-29,30.2732,30.3851,30.1108,30.3088,2321012
2007-10-30,30.2236,30.2831,29.7278,29.802,2292662
2007-10-31,29.9703,30.585,29.7812,30.58,2299744
2007-11-01,30.4801,30.4801,29.7842,29.8485,2351073
2007-11-02,30.2444,30.2444,29.6129,29.9801,1808947
2007-11-05,29.7674,29.9603,29.412,29.6495,2102182
2007-11-06,29.8654,30.2256,29.4506,30.1682,1820683
2007-11-07,29.7544,29.8178,28.8349,28.8349,2484529
2007-11-08,28.8586,29.4209,28.5706,29.3051,3048092
2007-11-09,28.8982,29.0062,28.3181,28.3429,3153502
2007-11-12,28.2331,28.6003,28.0123,28.0222,2525455
2007-11-13,28.3429,28.434,27.9025,28.0688,3210455
2007-11-14,28.2955,28.3181,27.8509,27.8569,3094722
2007-11-15,27.7371,28.1875,27.3491,27.5589,3218120
2007-11-16,27.6896,27.8203,27.0175,27.3263,3637717
2007-11-19,27.262,27.3827,26.7334,26.771,2928424
2007-11-20,26.7582,27.359,26.675,27.1026,2846529
2007-11-21,26.7453,27.1214,26.6849,26.7631,2823292
2007-11-23,26.9907,27.2728,26.7809,27.2086,839233
2007-11-26,27.1878,27.8005,26.8898,27.0047,2663786
2007-11-27,27.0858,27.3372,26.5651,27.0047,4094557
2007-11-28,27.0333,28.0886,27.0333,28.0836,5064814
2007-11-29,27.9341,28.7685,27.7421,27.9876,2755194
2007-11-30,28.2687,28.2687,27.6778,28.0836,4047176
2007-12-03,27.8866,28.2499,27.8609,27.9975,2720051
2007-12-04,27.8866,28.0886,27.6986,27.8509,1736847
2007-12-05,28.1638,28.1638,27.943,28.134,2489155
2007-12-06,28.1262,28.3479,27.9747,28.2281,2053749
2007-12-07,28.4538,28.8586,28.2865,28.7547,1619325
2007-12-10,28.9715,29.0764,28.7211,28.9854,1241652
2007-12-11,29.014,29.0309,28.0014,28.043,2275055
2007-12-12,28.6142,28.8478,28.1132,28.4796,2088275
2007-12-13,28.4924,28.8943,28.2983,28.8438,2740925
2007-12-14,28.3885,28.8191,28.3885,28.3924,2403782
2007-12-17,28.4162,28.4241,27.7837,27.8203,2780583
2007-12-18,28.146,28.5042,27.8084,28.4122,3253962
2007-12-19,28.6181,28.6181,27.9519,28.1064,2216271
2007-12-20,28.2727,28.626,28.0688,28.5626,2168788
2007-12-21,28.8388,29.3842,28.4924,29.3436,3500379
2007-12-24,29.3476,29.5437,29.2576,29.3774,479518
2007-12-26,29.2813,29.4358,29.0012,29.4001,1023162
2007-12-27,28.1262,29.0428,28.1262,28.8854,3193688
2007-12-28,29.1823,29.2645,28.6686,28.8151,1840693
2007-12-31,28.7953,28.9586,28.6745,28.7329,1655092
2008-01-02,29.0467,29.0467,27.8668,28.0688,2940370
2008-01-03,28.1925,28.2281,27.6213,27.751,3043268
2008-01-04,27.5679,27.6164,27.1996,27.2728,3059782
2008-01-07,27.6015,27.7044,26.8779,27.4135,4312547
2008-01-08,27.6015,27.8203,26.6532,26.6849,4897443
2008-01-09,26.1345,26.7888,25.9434,26.6067,6183523
2008-01-10,26.5681,26.8611,25.9762,26.6364,4547140
2008-01-11,26.4454,26.4454,25.8247,25.8564,5086340
2008-01-14,26.0217,26.5473,25.9128,26.4206,3162062
2008-01-15,25.9227,26.2464,25.4664,25.4664,3856456
2008-01-16,25.5782,25.7791,25.0566,25.1892,5960756
2008-01-17,26.0038,27.0433,25.5268,25.6287,7793414
2008-01-18,25.5604,26.1345,24.8398,25.3901,6269206
2008-01-22,24.1825,25.5782,24.1795,25.1644,6986337
2008-01-23,24.4755,26.1841,23.9687,26.1543,6029429
2008-01-24,26.085,26.6928,25.8277,26.0929,4810703
2008-01-25,26.5077,26.8997,25.6495,25.7752,4471924
2008-01-28,25.9049,26.4126,25.5604,26.39,3661796
2008-01-29,26.6067,26.865,26.3107,26.4048,3580656
2008-01-30,26.3444,26.967,26.0306,26.1395,3775652
2008-01-31,26.0217,27.2778,25.7891,26.7453,4353115
2008-02-01,26.9967,27.5253,26.8957,27.4897,2841716
2008-02-04,27.7164,27.7886,27.1076,27.1739,3394126
2008-02-05,26.6572,26.9878,26.3226,26.3226,2220919
2008-02-06,26.6245,27.0007,26.3345,26.4493,2310448
2008-02-07,26.1681,26.6067,26.0672,26.3226,2913737
2008-02-08,26.1543,26.484,25.9474,26.3345,2426295
2008-02-11,26.1841,26.6364,26.1395,26.5107,2038551
2008-02-12,26.4384,26.9383,26.3147,26.6225,2863882
2008-02-13,27.0007,27.1709,26.6027,26.8234,3382650
2008-02-14,26.7888,26.8026,26.1841,26.2632,3434698
2008-02-15,26.1929,26.2909,25.7237,26.1217,4840359
2008-02-19,26.475,26.8234,26.2959,26.6928,3170089
2008-02-20,25.5693,26.2217,25.5693,26.0583,4084074
2008-02-21,26.2177,26.3692,26.0009,26.1841,4278797
2008-02-22,26.3444,26.3662,25.7395,26.3394,2742712
2008-02-25,26.4266,27.0047,26.2503,27.0047,3143291
2008-02-26,26.9086,27.1739,26.6453,26.9046,3394286
2008-02-27,26.7948,27.0433,26.5681,26.6661,4037645
2008-02-28,26.3523,26.5423,25.8168,26.1345,6161985
2008-02-29,25.991,26.0098,25.2021,25.3595,4080651
2008-03-03,25.3783,25.6465,25.2387,25.6386,4333705
2008-03-04,25.3664,25.51,24.7438,25.0734,5108060
2008-03-05,25.1644,25.4574,25.0427,25.2605,6043118
2008-03-06,24.9764,25.2635,24.7903,24.8141,4629501
2008-03-07,24.5705,24.5775,23.8242,23.9598,6782942
2008-03-10,24.0321,24.0321,23.4232,23.5213,7007317
2008-03-11,24.2558,24.4389,23.6371,24.4389,5732339
2008-03-12,24.3458,24.8803,24.2438,24.4705,3126488
2008-03-13,24.1825,24.9111,23.8538,24.7843,4824101
2008-03-14,24.8715,24.9595,23.748,24.1439,6074987
2008-03-17,23.6123,24.2646,23.3827,23.7272,6236104
2008-03-18,24.426,24.9111,23.9024,24.523,4504604
2008-03-19,24.8259,25.0328,23.8944,23.8944,3679923
2008-03-20,23.9232,24.3409,23.7766,24.1528,3871679
2008-03-24,24.0993,25.2763,23.9727,24.7754,3367468
2008-03-25,24.9517,25.1328,24.6656,24.9813,1968010
2008-03-26,24.8685,24.9942,24.3409,24.4557,2928567
2008-03-27,24.5656,24.7536,24.0875,24.3755,2866136
2008-03-28,24.523,24.523,24.036,24.2508,2888130
2008-03-31,24.0805,24.8437,24.0805,24.7566,4327512
2008-04-01,24.7903,25.5872,24.6131,25.5872,4007406
2008-04-02,25.3901,26.2672,25.3901,25.8277,6611170
2008-04-03,25.6851,26.4018,25.507,25.9632,4073165
2008-04-04,26.0346,26.6789,25.889,26.5156,3705378
2008-04-07,26.768,26.768,26.0138,26.0979,3563458
2008-04-08,26.0217,26.1643,25.8197,26.1305,3013294
2008-04-09,26.2365,26.3444,25.7921,25.8851,1851271
2008-04-10,25.8356,26.2325,25.6584,26.0633,2782481
2008-04-11,25.8128,26.2137,25.7029,25.8485,2426900
2008-04-14,26.0672,26.0672,25.6287,25.6544,2436306
2008-04-15,25.7465,25.9811,25.5812,25.7891,2158012
2008-04-16,25.9564,26.9709,25.894,26.9709,4850242
2008-04-17,26.7848,27.0135,26.2285,26.4919,3479285
2008-04-18,27.0699,27.2134,26.5423,27.1709,3282604
2008-04-21,26.8858,27.0135,26.484,26.7403,3478478
2008-04-22,26.5949,26.7176,26.0781,26.4948,3662552
2008-04-23,26.5949,26.7848,25.7435,25.8851,2762790
2008-04-24,25.8722,26.2087,25.5722,26.0504,2786491
2008-04-25,26.2177,26.5651,26.0138,26.5285,2105077
2008-04-28,26.6483,27.2204,25.7633,25.9474,2850860
2008-04-29,25.8603,26.0346,25.4198,25.502,2943047
2008-04-30,25.4377,25.8079,24.9724,25.108,4690042
2008-05-01,25.0654,25.6683,24.724,25.5336,4737958
2008-05-02,25.6495,26.0138,25.497,25.7149,4677113
2008-05-05,25.6762,25.9188,25.3941,25.8722,2866501
2008-05-06,25.8603,26.0217,25.4832,25.9088,3436459
2008-05-07,25.9188,26.2137,25.7395,26.0138,1897444
2008-05-08,25.6762,25.8772,25.4802,25.8197,1665717
2008-05-09,25.4278,25.6851,25.2565,25.3981,1635585
2008-05-12,25.5604,25.7891,25.0823,25.7752,2288381
2008-05-13,25.6723,26.0266,25.6723,26.0266,1974572
2008-05-14,26.1395,26.7542,26.0009,26.5721,3036696
2008-05-15,26.6364,26.9215,26.3147,26.8452,3010853
2008-05-16,26.768,27.1927,26.768,27.0987,2964584
2008-05-19,27.0769,27.0769,26.3612,26.4612,2575037
2008-05-20,26.1889,26.5651,26.1889,26.4266,2172880
2008-05-21,26.4582,26.5285,25.8316,25.9434,3634521
2008-05-22,26.1435,26.3028,25.8603,26.0504,2233270
2008-05-23,26.0544,26.0633,25.4802,25.5604,3264499
2008-05-27,25.5693,25.6436,25.2318,25.4545,2848387
2008-05-28,25.603,25.9227,25.3743,25.9227,2527182
2008-05-29,25.6544,26.1276,25.5396,25.9434,2409588
2008-05-30,26.0801,26.2365,25.6633,25.7891,2650213
2008-06-02,25.6941,25.7465,25.402,25.5644,2147821
2008-06-03,24.8953,25.4377,24.8953,25.1209,4323259
2008-06-04,25.1328,25.6584,25.0734,25.3099,3063382
2008-06-05,25.5604,25.8197,25.3545,25.8197,2075776
2008-06-06,25.6495,25.6495,25.0328,25.0516,3534430
2008-06-09,25.1674,25.2189,24.6131,24.9071,3088093
2008-06-10,24.5824,24.7754,24.3369,24.6894,3116248
2008-06-11,24.6131,24.8457,24.4845,24.5478,2843100
2008-06-12,24.5478,24.724,24.2646,24.4487,4372603
2008-06-13,24.5478,25.3881,24.5062,25.3545,4774270
2008-06-16,25.1793,25.4416,25.0654,25.3099,2830955
2008-06-17,25.402,25.5476,25.1426,25.1971,2126482
2008-06-18,25.0902,25.0902,24.6536,24.8259,2282543
2008-06-19,24.8141,25.1248,24.6131,24.9427,2488313
2008-06-20,24.7536,24.9387,24.3369,24.5359,3431844
2008-06-23,24.6894,24.8635,24.429,24.7933,2177745
2008-06-24,24.7309,24.7536,24.1033,24.1756,3309180
2008-06-25,24.1884,24.3963,24.0915,24.1716,3988604
2008-06-26,23.9459,23.9855,23.3827,23.4034,3261609
2008-06-27,23.4034,23.5827,23.2451,23.3827,2746273
2008-06-30,23.3688,23.6866,23.0689,23.4738,5090356
2008-07-01,23.253,23.5985,23.0729,23.5252,4447517
2008-07-02,23.6817,23.7183,22.7313,22.7679,4653388
2008-07-03,22.9095,23.063,22.3611,22.7591,2799793
2008-07-07,22.8689,23.1372,22.569,22.7679,3162952
2008-07-08,22.5611,23.0758,22.5027,23.0342,4653388
2008-07-09,23.1085,23.2589,22.3661,22.3701,4439586
2008-07-10,22.6205,23.1451,22.3799,22.6739,5772744
2008-07-11,22.4314,22.8511,22.1098,22.67,4792906
2008-07-14,23.1511,23.1511,22.4562,22.5611,4086918
2008-07-15,22.3493,23.065,22.2295,22.8274,5181501
2008-07-16,22.6937,23.355,22.4601,23.355,6487415
2008-07-17,23.941,25.1793,23.941,24.9724,4228079
2008-07-18,24.9427,25.5336,24.6101,24.8685,5116930
2008-07-21,25.0278,25.0932,24.5745,24.9427,4351247
2008-07-22,24.8022,25.2635,24.6982,25.206,5717249
2008-07-23,25.2882,25.6356,25.0378,25.4377,6376908
2008-07-24,25.407,25.4931,24.9239,24.9556,4358052
2008-07-25,25.0932,25.2515,24.6894,24.7438,4347357
2008-07-28,24.714,24.8755,24.2766,24.3795,3551848
2008-07-29,24.5289,24.8437,24.0033,24.6536,4141387
2008-07-30,24.8437,25.2318,24.714,25.2318,3547913
2008-07-31,25.0684,25.3267,24.724,24.8101,2778619
2008-08-01,24.8507,24.9764,24.1884,24.1954,1842415
2008-08-04,24.1578,24.1795,23.7766,23.8578,2370803
2008-08-05,24.0201,24.7536,23.9905,24.7536,3134493
2008-08-06,24.7309,25.4248,24.7309,25.3515,4735809
2008-08-07,25.0654,25.7237,24.8685,25.0784,5061085
2008-08-08,25.1556,25.9356,24.8586,25.9128,3778720
2008-08-11,25.8197,26.4612,25.6248,26.3345,4053937
2008-08-12,26.1929,26.5374,26.1474,26.287,2434322
2008-08-13,26.2137,26.2781,25.3357,25.9514,3666716
2008-08-14,25.8039,25.9474,25.497,25.8485,3511142
2008-08-15,25.8653,26.479,25.5208,26.4166,2891647
2008-08-18,26.5721,26.5849,26.2087,26.287,3454118
2008-08-19,26.1137,26.3276,25.6723,25.8128,2349434
2008-08-20,25.6723,25.9762,25.5436,25.9514,1852512
2008-08-21,25.797,25.8316,25.3417,25.5693,2939921
2008-08-22,25.5644,25.8485,25.3664,25.5515,2949771
2008-08-25,25.4753,25.497,24.7933,25.0962,3142485
2008-08-26,25.0734,25.2605,24.8755,25.2605,2487109
2008-08-27,25.2476,25.4466,25.21,25.3357,1461256
2008-08-28,25.5336,26.0474,25.4466,25.986,3331601
2008-08-29,25.894,26.0098,25.7029,25.7187,1999810
2008-09-02,26.2217,26.9907,26.0217,26.7136,5062197
2008-09-03,27.161,27.6986,26.9878,27.2986,5734653
2008-09-04,27.161,27.161,26.2137,26.8156,4580274
2008-09-05,26.6225,26.7364,26.1435,26.6275,4062608
2008-09-08,26.6325,27.1165,26.4652,26.9423,3920797
2008-09-09,26.8413,27.1927,26.4126,26.4334,4340701
2008-09-10,26.6532,26.8779,26.2909,26.5473,5981611
2008-09-11,26.1643,27.3164,26.0415,27.2778,4191921
2008-09-12,27.1026,27.751,26.9789,27.7262,3833783
2008-09-15,26.7848,28.2499,26.7848,27.262,4192784
2008-09-16,26.8611,27.652,26.2058,27.555,5476242
2008-09-17,27.0215,27.2986,26.0741,27.2086,6510682
2008-09-18,27.5203,28.0796,26.1435,27.5372,10348113
2008-09-19,27.4966,28.5963,27.3164,27.4015,7360344
2008-09-22,27.1363,27.751,26.39,26.5107,3854457
2008-09-23,26.5107,26.7988,25.4109,25.4545,5106664
2008-09-24,25.3515,25.3515,24.1884,24.4429,6320530
2008-09-25,24.5191,25.3625,24.2598,25.0239,4113221
2008-09-26,24.6062,25.1852,24.5745,25.1378,3088936
2008-09-29,24.7794,25.2219,23.36,23.5866,5623365
2008-09-30,24.0825,24.0825,23.5569,23.8628,4079489
2008-10-01,23.6569,24.1795,23.1907,23.7005,3639172
2008-10-02,23.6866,23.6866,22.7363,22.7858,3563506
2008-10-03,23.0729,23.5134,22.5027,22.5472,3800918
2008-10-06,22.3413,22.5146,21.0862,22.3701,4905585
2008-10-07,22.569,22.6839,20.5943,20.7249,6119426
2008-10-08,20.3319,22.0909,20.2477,20.8536,6264193
2008-10-09,20.8952,21.4663,19.3015,19.3391,5152202
2008-10-10,18.8095,20.031,17.8504,18.9431,6821578
2008-10-13,19.534,20.9555,19.0698,20.8624,4413857
2008-10-14,21.4148,21.7,20.0666,20.5675,5136365
2008-10-15,20.2458,20.2458,17.9414,18.2007,4456105
2008-10-16,17.78,20.903,17.78,20.903,9875256
2008-10-17,19.3975,20.7793,19.3975,19.7053,5029770
2008-10-20,19.937,20.6625,19.643,20.6625,3056554
2008-10-21,21.0625,21.299,20.2023,20.3171,4385049
2008-10-22,20.1953,20.1953,18.4343,19.1054,4824384
2008-10-23,19.3094,20.022,18.0929,18.9639,5043762
2008-10-24,17.7464,19.0332,17.6009,18.4531,3560840
2008-10-27,18.2423,19.1174,17.9344,17.9513,3504994
2008-10-28,18.4957,19.5896,17.5909,19.5776,4768385
2008-10-29,18.8947,20.3646,18.8947,19.5836,4120086
2008-10-30,20.0834,20.2913,19.2935,20.13,2403932
2008-10-31,20.0072,20.5586,19.7123,20.2844,2873434
2008-11-03,20.1468,20.7249,20.0874,20.4705,1903688
2008-11-04,20.8684,21.2416,20.6189,21.0793,3090451
2008-11-05,20.816,21.0495,19.6895,19.7261,3427498
2008-11-06,19.5262,19.7795,18.1195,18.276,6203772
2008-11-07,18.371,19.1738,18.2126,19.152,3750655
2008-11-10,19.7687,19.836,18.5393,18.8422,2629777
2008-11-11,19.0738,19.1292,18.267,18.767,4762087
2008-11-12,18.4116,18.7154,18.0295,18.0789,4168390
2008-11-13,18.2255,19.8528,17.8364,19.7925,5216794
2008-11-14,19.5806,19.6281,18.5125,18.5679,2907001
2008-11-17,18.4383,18.9917,18.0403,18.0453,3721461
2008-11-18,17.9998,18.6046,17.5949,18.1473,3601188
2008-11-19,17.9849,18.3066,16.7733,16.8525,3899885
2008-11-20,16.6803,17.2237,15.0787,15.1301,6629618
2008-11-21,15.4915,15.8448,14.7045,15.7607,8296576
2008-11-24,16.0201,17.4979,16.0201,17.0574,5751260
2008-11-25,17.2989,17.7602,16.7001,17.399,3580618
2008-11-26,17.0316,17.9681,16.8446,17.9552,2607971
2008-11-28,17.8325,18.1146,17.6761,17.9681,1155747
2008-12-01,17.0832,17.3831,16.1388,16.1972,4234881
2008-12-02,16.4299,17.1228,16.3239,17.101,3065599
2008-12-03,16.7733,17.7503,16.5486,17.6315,3288586
2008-12-04,17.105,17.7424,16.9337,17.2129,2936222
2008-12-05,17.0148,17.8552,16.3813,17.7978,3238639
2008-12-08,18.177,18.955,18.1473,18.7412,3904672
2008-12-09,18.565,19.0105,18.1423,18.2007,2888204
2008-12-10,18.4116,18.6006,17.9048,18.3096,2856028
2008-12-11,18.276,18.4631,17.2317,17.4346,3179951
2008-12-12,17.2197,18.1661,16.7693,17.9552,3407875
2008-12-15,18.1581,18.2848,17.4979,17.8166,3022801
2008-12-16,18.2452,18.8807,17.882,18.8006,3169696
2008-12-17,18.5759,18.8214,18.0335,18.2037,3940024
2008-12-18,18.1879,18.3205,17.4088,17.4712,3686464
2008-12-19,17.5909,17.9919,16.8991,16.9634,6833125
2008-12-22,17.2009,17.295,16.0081,16.2487,9924320
2008-12-23,16.5021,16.5862,15.833,15.928,5788537
2008-12-24,15.9983,16.0992,15.8369,15.8874,2532888
2008-12-26,16.0121,16.1666,15.6884,16.118,2084673
2008-12-29,16.1884,16.1884,15.6974,15.8874,3494662
2008-12-30,15.9597,16.5566,15.8518,16.5566,3679648
2008-12-31,16.4803,17.4464,16.4803,17.3584,4529739
2009-01-02,17.3672,17.8958,17.0614,17.8166,3118924
2009-01-05,17.6831,17.9285,17.387,17.7077,2903825
2009-01-06,17.882,18.5957,17.8058,18.4235,3928195
2009-01-07,18.3166,18.3166,17.5672,17.6523,3674188
2009-01-08,17.5672,18.0977,17.387,18.0789,2546394
2009-01-09,18.1809,18.3096,17.6048,17.7167,2859390
2009-01-12,17.6385,17.7207,17.2871,17.4207,2529378
2009-01-13,17.3108,17.3672,16.903,17.0614,4681873
2009-01-14,16.704,16.9466,16.3685,16.4764,3831195
2009-01-15,16.4516,17.2742,16.219,16.9426,6437760
2009-01-16,16.219,17.1663,16.219,16.9515,6404594
2009-01-20,16.8069,16.9466,16.0992,16.2022,9166126
2009-01-21,16.4962,16.612,15.8656,16.5516,8370584
2009-01-22,16.0577,16.3764,15.8686,16.0735,6430497
2009-01-23,15.7568,16.3041,15.6291,15.9775,4157602
2009-01-26,16.1636,16.4605,15.6974,15.8943,4066469
2009-01-27,16.023,16.2566,15.6746,16.0121,5002859
2009-01-28,16.3605,16.8793,16.219,16.7357,4295633
2009-01-29,16.5407,16.6882,16.0527,16.1131,3198928
2009-01-30,16.0913,16.1586,15.3054,15.3776,4641083
2009-02-02,15.2093,15.5241,14.8926,15.339,3353603
2009-02-03,15.4152,15.5667,15.0687,15.1381,8936892
2009-02-04,15.2648,15.2688,14.8836,14.9222,7097592
2009-02-05,14.8966,15.5587,14.7649,15.4063,5868056
2009-02-06,15.3984,16.0864,15.3984,16.0081,3485404
2009-02-09,15.9775,16.4269,15.825,16.0606,3522816
2009-02-10,15.9429,16.2438,15.1876,15.2964,5016984
2009-02-11,15.4192,15.5281,15.0827,15.2856,3086208
2009-02-12,15.1381,15.1747,14.5729,15.1035,4372036
2009-02-13,15.0213,15.0787,13.9116,14.8124,3845015
2009-02-17,14.4323,14.7233,14.067,14.067,4916914
2009-02-18,14.0205,14.166,13.6572,13.9453,4633135
2009-02-19,14.2393,14.3561,13.6008,13.679,5828972
2009-02-20,13.5286,13.8255,12.9287,13.3662,7858270
2009-02-23,13.6028,13.6028,12.7,12.7168,6275650
2009-02-24,12.8089,13.3831,12.6021,13.287,5807398
2009-02-25,13.3355,13.4137,12.9455,13.0851,5348978
2009-02-26,13.1118,13.4642,12.8218,12.8614,4246517
2009-02-27,12.6209,13.0524,12.5397,12.708,4455529
2009-03-02,12.5535,12.6535,12.2288,12.2892,6480507
2009-03-03,12.4961,12.5813,12.1169,12.1903,8843553
2009-03-04,12.3714,12.8495,12.2932,12.6485,6380005
2009-03-05,12.2744,12.3446,11.5191,11.6537,8707885
2009-03-06,11.7487,12.1734,11.5191,12.0358,11754318
2009-03-09,11.9408,12.2249,11.8566,12.0695,8111179
2009-03-10,12.212,13.387,12.212,13.3741,7607289
2009-03-11,13.4989,13.5919,13.2732,13.4642,6477538
2009-03-12,13.4365,14.1383,13.3355,14.0512,9497758
2009-03-13,13.5286,13.6552,13.3494,13.4989,10730980
2009-03-16,13.6513,13.7987,13.4167,13.4741,7209790
2009-03-17,13.4711,13.8987,13.2583,13.8987,4884793
2009-03-18,13.9413,14.4462,13.6324,14.3175,5624218
2009-03-19,14.454,14.5442,14.2135,14.359,5035532
2009-03-20,14.3838,14.4916,14.1106,14.1997,7990208
2009-03-23,14.4966,15.1381,14.3313,15.1381,3789260
2009-03-24,15.1381,15.2856,14.8619,14.9698,4027289
2009-03-25,14.9698,15.5697,14.5887,15.0866,5844620
2009-03-26,15.2282,15.9775,15.2163,15.8369,5055118
2009-03-27,15.4449,15.4449,14.5264,15.0539,9610755
2009-03-30,14.8668,15.1133,14.454,15.0827,9604806
2009-03-31,15.2618,15.3548,14.8926,15.0955,5220022
2009-04-01,14.9114,16.215,14.5689,16.1468,8961680
2009-04-02,16.4892,17.3455,16.2833,17.2049,9186925
2009-04-03,16.7813,18.2294,16.7813,18.2294,9870577
2009-04-06,18.0741,18.177,17.8632,18.1146,7301303
2009-04-07,17.7929,17.8998,17.1475,17.5098,8500636
2009-04-08,17.5801,17.6603,17.1346,17.5395,6513718
2009-04-09,17.9117,18.4205,17.7711,18.3987,4096400
2009-04-13,18.267,18.6343,17.8166,18.4631,4035812
2009-04-14,18.2978,18.5789,17.9156,18.0533,4066803
2009-04-15,18.0206,18.1809,17.8632,18.1809,6374040
2009-04-16,18.276,18.9431,18.0245,18.8639,7398563
2009-04-17,18.8768,18.8807,18.0621,18.5293,5616994
2009-04-20,18.5471,18.5471,17.4296,17.6721,6974247
2009-04-21,17.5098,17.8958,17.2871,17.8552,6088730
2009-04-22,17.5098,18.5263,17.5098,18.0335,4627244
2009-04-23,18.0403,18.1879,17.3168,17.7751,4135191
2009-04-24,17.7711,18.7274,17.7711,18.6006,4806005
2009-04-27,18.3344,18.3987,17.8166,18.0117,3826224
2009-04-28,17.8058,17.9117,17.5534,17.6929,4273949
2009-04-29,17.9117,18.2502,17.9087,18.0493,3268926
2009-04-30,18.2631,18.4383,17.8414,18.0206,4012524
2009-05-01,17.9919,18.2215,17.8206,18.0087,3622365
2009-05-04,18.1017,19.058,17.9889,19.0243,4438758
2009-05-05,19.1084,19.1252,18.4819,18.7234,3785452
2009-05-06,18.9145,18.9511,18.4531,18.7917,4515589
2009-05-07,18.7194,19.1946,17.7029,17.8958,6204571
2009-05-08,18.0335,18.3205,17.8088,18.2978,4506551
2009-05-11,18.0403,18.1325,17.6266,17.8127,3849156
2009-05-12,17.9552,18.0403,17.5355,17.877,4008406
2009-05-13,17.5771,17.5909,17.0901,17.1376,4871125
2009-05-14,17.0742,17.5583,17.0316,17.3494,2995781
2009-05-15,17.4424,17.6691,17.1099,17.2663,3572771
2009-05-18,17.4424,18.0581,17.4128,18.0335,2978482
2009-05-19,17.9998,18.4274,17.9048,18.271,3854880
2009-05-20,18.3957,19.143,18.2938,18.6175,6932428
2009-05-21,18.4502,18.4502,17.8276,18.0117,4864154
2009-05-22,18.0839,18.466,17.981,18.2582,2214473
2009-05-26,18.1809,18.5165,17.9344,18.4205,4956668
2009-05-27,18.4116,18.5433,17.8909,17.9246,2964608
2009-05-28,18.1423,18.1918,17.5672,18.0374,3756783
2009-05-29,18.1879,18.1918,17.8018,18.1918,3106008
2009-06-01,18.4779,18.9381,18.3422,18.8382,2899996
2009-06-02,18.755,18.8333,18.6175,18.6699,3745697
2009-06-03,18.5125,18.5759,17.9642,18.2452,4036953
2009-06-04,18.3126,18.5125,18.1195,18.4116,3182908
2009-06-05,18.763,18.8214,18.2255,18.4274,4234229
2009-06-08,18.3542,18.4116,17.7553,18.1245,3862944
2009-06-09,18.2076,18.6966,18.0641,18.6254,3692556
2009-06-10,18.767,18.7808,18.1017,18.5125,5068907
2009-06-11,18.5611,18.8441,18.5343,18.5957,2917631
2009-06-12,18.7194,18.7194,18.3621,18.4631,5190840
2009-06-15,18.3868,18.3868,17.882,17.9919,2973259
2009-06-16,18.1423,18.1423,17.5909,17.6217,4166479
2009-06-17,17.5633,17.8552,17.3455,17.6929,3553906
2009-06-18,17.7127,17.9681,17.5306,17.5672,3373306
2009-06-19,17.6643,17.7097,17.387,17.5167,5033851
2009-06-22,17.3039,17.392,17.0316,17.0446,5196008
2009-06-23,17.0574,17.0782,16.8119,16.9812,4959149
2009-06-24,17.0871,17.7553,17.0832,17.5801,5040161
2009-06-25,17.5217,17.9414,17.387,17.9344,3342620
2009-06-26,17.8998,17.9889,17.7335,17.8246,4311324
2009-06-29,17.8246,18.0641,17.6385,17.9414,2772802
2009-06-30,17.981,18.177,17.7751,17.9592,4144885
2009-07-01,17.9414,18.1285,17.788,17.9156,3079685
2009-07-02,17.5949,17.9156,17.2445,17.2445,2649455
2009-07-06,17.1831,17.6445,17.0109,17.6009,3381750
2009-07-07,17.6137,17.6137,17.008,17.0278,3687752
2009-07-08,17.0654,17.2158,16.9268,17.1099,4277023
2009-07-09,17.2395,17.3544,17.0486,17.2277,2163199
2009-07-10,17.0901,17.2871,16.8615,17.1584,3235044
2009-07-13,17.1346,17.872,17.0148,17.8246,4877043
2009-07-14,17.8206,18.1691,17.7236,18.0533,3253616
2009-07-15,18.3244,18.8639,18.3166,18.859,4928803
2009-07-16,19.2886,20.2517,19.2708,20.1607,12267971
2009-07-17,20.0597,20.518,19.9676,20.2775,5883462
2009-07-20,20.4309,20.7289,20.2685,20.6417,5362854
2009-07-21,20.8378,21.2327,20.1973,20.6329,5473883
2009-07-22,20.4666,21.005,20.4626,20.7625,3118018
2009-07-23,20.7625,21.5079,20.6725,21.4663,5216342
2009-07-24,21.3277,21.5029,21.0456,21.5029,2729580
2009-07-27,21.4574,21.8068,21.3653,21.6049,2509791
2009-07-28,21.4178,21.5772,21.1921,21.4989,2364346
2009-07-29,21.2782,21.4762,20.9833,21.2248,3670200
2009-07-30,21.4515,22.4384,21.4109,22.2592,6082027
2009-07-31,22.176,22.7531,22.176,22.5027,4356264
2009-08-03,22.7491,23.2857,22.6452,23.2471,3490865
2009-08-04,23.1411,23.355,22.9868,23.3362,3461795
2009-08-05,23.4322,23.5034,22.959,23.3688,4217750
2009-08-06,23.346,23.3768,22.8551,22.9778,4066759
2009-08-07,23.1709,23.1709,22.7313,22.9966,5434511
2009-08-10,22.9303,22.9303,22.4314,22.5384,4248703
2009-08-11,22.4067,22.6839,22.3295,22.565,3670289
2009-08-12,22.4601,22.8779,22.4195,22.7205,6658841
2009-08-13,22.7313,23.0758,22.6561,22.8689,4515490
2009-08-14,22.7363,22.8689,22.1028,22.3325,2792090
2009-08-17,22.1682,22.1682,21.5821,21.6722,4050197
2009-08-18,21.7,21.8623,21.4148,21.6652,4053414
2009-08-19,21.4297,22.0196,21.3782,21.8623,5066438
2009-08-20,21.8623,21.9811,21.5425,21.7434,2864593
2009-08-21,21.985,22.3799,21.8108,22.3195,2790302
2009-08-24,22.4512,22.5978,22.0988,22.1552,2369168
2009-08-25,22.3413,22.6739,22.1602,22.2097,3215606
2009-08-26,22.1602,22.3977,21.887,21.985,3220602
2009-08-27,21.9523,22.666,21.7078,22.5828,6315155
2009-08-28,22.7245,23.0818,22.4601,22.8858,6066274
2009-08-31,22.6026,22.6937,22.4067,22.6631,3154365
2009-09-01,22.5304,22.8551,22.0662,22.1266,4264938
2009-09-02,22.0196,22.1711,21.8108,22.0662,4111860
2009-09-03,22.2146,22.2146,21.8761,22.1404,3391702
2009-09-04,22.1176,22.468,21.887,22.4562,3849142
2009-09-08,22.5384,22.7491,22.4017,22.6601,5540953
2009-09-09,22.6205,23.1709,22.4354,23.0986,6217318
2009-09-10,23.0729,23.355,22.8729,23.3124,5835772
2009-09-11,23.4114,23.5866,23.2065,23.445,3858938
2009-09-14,23.2926,23.7103,23.1253,23.6955,2606568
2009-09-15,23.7005,24.3835,23.5569,24.3072,5480287
2009-09-16,24.5705,24.7309,24.4131,24.5023,7040305
2009-09-17,24.5289,24.6428,24.0825,24.2508,5788999
2009-09-18,24.3072,24.5527,24.2736,24.4043,4330362
2009-09-21,24.0667,24.5527,23.9073,24.4211,4811377
2009-09-22,24.724,24.727,24.4845,24.5973,3243074
2009-09-23,24.7022,24.7022,24.1399,24.1578,4361756
2009-09-24,24.2736,24.3963,23.7994,23.941,2578086
2009-09-25,23.7678,23.941,23.4579,23.5866,2928259
2009-09-28,23.748,24.24,23.6539,24.0399,2556811
2009-09-29,24.036,24.3508,23.9815,24.0321,2465282
2009-09-30,24.0499,24.1489,23.5767,23.8152,5576766
2009-10-01,23.8113,23.8697,23.1125,23.1411,3657581
2009-10-02,22.8858,23.2896,22.6136,23.0194,2881173
2009-10-05,23.1253,23.5827,22.9966,23.5391,2613047
2009-10-06,23.5391,24.0627,23.3184,23.739,3415252
2009-10-07,23.739,23.8628,23.5034,23.6777,1661608
2009-10-08,23.9232,24.2904,23.85,24.228,2961435
2009-10-09,24.2558,24.4487,24.1073,24.4439,1918593
2009-10-12,24.4429,24.7438,24.4211,24.5943,1991842
2009-10-13,24.4617,24.8398,24.4339,24.8101,1999829
2009-10-14,25.0031,25.3051,24.9813,25.1724,3520599
2009-10-15,24.4845,25.4574,24.4845,25.3981,6479718
2009-10-16,25.3229,25.3229,24.8457,25.0823,4592668
2009-10-19,25.0278,25.4931,25.0278,25.3545,2632626
2009-10-20,25.3357,25.3357,24.8022,25.0427,2471515
2009-10-21,25.0427,25.3139,24.3627,24.4131,3860868
2009-10-22,24.4131,24.8991,24.1201,24.8259,3077433
2009-10-23,24.8437,24.9427,24.1479,24.2766,2684590
2009-10-26,24.2766,24.6062,23.6569,23.8152,3511852
2009-10-27,23.7549,24.334,23.7351,24.1399,4356934
2009-10-28,24.136,24.3716,23.3758,23.4232,5451617
2009-10-29,23.6866,23.9192,23.5431,23.8984,5085008
2009-10-30,23.8113,23.8113,22.865,23.0847,3975450
2009-11-02,23.2164,23.6233,22.9996,23.5183,4719068
2009-11-03,23.3124,23.7866,22.9828,23.7212,3179356
2009-11-04,23.9459,24.0162,23.5331,23.5905,2719860
2009-11-05,23.7905,24.2815,23.7103,24.2142,2484640
2009-11-06,23.9776,24.3508,23.8152,24.0567,2602620
2009-11-09,24.2478,24.9031,24.2023,24.9031,2636739
2009-11-10,24.8398,25.0615,24.714,24.9427,2641984
2009-11-11,25.1556,25.2565,24.8715,25.0328,1999701
2009-11-12,24.9991,25.0407,24.4665,24.6428,2658537
2009-11-13,24.7111,24.8991,24.4487,24.6932,2361629
2009-11-16,24.8437,25.2268,24.8437,25.1328,2270513
2009-11-17,25.011,25.1605,24.8685,25.0654,1811010
2009-11-18,25.116,25.116,24.5824,24.7566,2697482
2009-11-19,24.619,24.619,24.1033,24.3369,2989978
2009-11-20,24.1756,24.3587,24.0033,24.24,2670395
2009-11-23,24.4597,25.0199,24.4597,24.7655,4809663
2009-11-24,24.7062,24.8953,24.4211,24.4845,3294586
2009-11-25,24.5973,24.9427,24.5111,24.821,1434666
2009-11-27,24.236,24.5775,24.0627,24.2736,999489
2009-11-30,24.1884,24.5062,24.0805,24.3152,2244130
2009-12-01,24.5705,24.6982,24.4439,24.5111,2274742
2009-12-02,24.5478,24.9863,24.4171,24.7754,2630753
2009-12-03,24.8586,24.8803,24.3646,24.3795,2022318
2009-12-04,24.7438,24.8101,24.426,24.7022,5206498
2009-12-07,24.619,24.8803,24.5824,24.6814,2374801
2009-12-08,24.5023,24.5418,23.9945,24.0756,2878295
2009-12-09,24.1201,24.3409,23.7905,24.3211,2486940
2009-12-10,24.4339,24.6012,24.0221,24.1528,3035775
2009-12-11,24.3112,24.3112,23.739,23.937,3518663
2009-12-14,24.0993,24.4487,23.9945,24.4211,2626893
2009-12-15,24.2815,24.5418,24.0073,24.0627,2551975
2009-12-16,24.2231,24.3884,24.1241,24.2508,2136336
2009-12-17,24.2192,24.2192,23.8242,23.8578,1618528
2009-12-18,24.0321,24.0993,23.5866,23.6421,3719476
2009-12-21,23.7598,23.9945,23.6697,23.8242,1669290
2009-12-22,23.9489,24.1667,23.8292,24.0875,1705247
2009-12-23,24.1954,24.2736,23.9113,24.2598,1530592
2009-12-24,24.2815,24.4429,24.24,24.3716,405052
2009-12-28,24.3458,24.6131,24.2854,24.4597,2787412
2009-12-29,24.4439,24.5478,24.2062,24.2854,2106029
2009-12-30,24.1479,24.4102,24.036,24.2438,1719750
2009-12-31,24.325,24.325,23.9311,23.9489,940186
2010-01-04,24.2598,24.8101,24.136,24.7933,2949320
2010-01-05,24.7111,25.015,24.7111,24.8101,2760132
2010-01-06,24.719,25.3664,24.719,25.1971,3701265
2010-01-07,25.1002,25.3229,24.9111,25.3139,2981417
2010-01-08,25.2515,25.3625,25.0684,25.2635,3294782
2010-01-11,25.3189,25.3664,25.0784,25.2357,2430460
2010-01-12,24.9595,25.0902,24.6131,24.8873,2724492
2010-01-13,25.0328,25.1674,24.719,25.1476,2099948
2010-01-14,25.699,26.0544,25.5436,25.6891,5481403
2010-01-15,25.6683,25.7633,25.2268,25.3881,3673489
2010-01-19,25.4505,26.2909,25.3743,26.2781,4072698
2010-01-20,26.1217,26.2325,25.4753,25.8277,5175724
2010-01-21,25.0654,25.5604,24.1399,24.1795,13380618
2010-01-22,24.2598,24.9299,24.1033,24.5161,7277506
2010-01-25,24.8547,25.1328,24.7705,24.9893,4360805
2010-01-26,24.8309,25.0823,24.4845,24.5359,3235623
2010-01-27,24.4705,24.4705,23.8905,24.3508,3985971
2010-01-28,24.4705,24.4705,23.6421,24.1439,3659230
2010-01-29,24.2854,24.6131,23.9905,24.0073,4896493
2010-02-01,24.2478,24.3627,24.0875,24.3547,3333873
2010-02-02,24.3152,24.7536,24.0954,24.523,2649900
2010-02-03,24.3795,24.6894,24.0805,24.2231,3621757
2010-02-04,24.0162,24.1201,23.5431,23.6213,3535056
2010-02-05,23.5827,23.934,23.2986,23.8697,5303795
2010-02-08,23.8786,24.0805,23.4886,23.5985,3756559
2010-02-09,23.8816,24.3587,23.7054,24.2023,3744867
2010-02-10,24.1795,24.5745,23.8786,24.4439,4376034
2010-02-11,24.3755,24.7111,24.1489,24.6428,3513010
2010-02-12,24.3211,24.8507,24.1716,24.6932,3606676
2010-02-16,24.9517,25.1298,24.7616,25.1298,2337179
2010-02-17,25.0784,25.3466,24.9863,25.2882,3479953
2010-02-18,25.2684,25.4703,25.1388,25.4109,2432796
2010-02-19,25.2763,25.7267,25.1605,25.5644,2459875
2010-02-22,25.5872,25.6584,25.2515,25.3941,2061196
2010-02-23,25.3317,25.3901,24.9813,25.1388,2362297
2010-02-24,25.2515,25.5644,25.0902,25.407,2904069
2010-02-25,24.8913,25.0615,24.7655,24.9813,4602726
2010-02-26,24.9517,25.2684,24.8991,25.1764,2475556
2010-03-01,25.2387,25.5476,25.0615,25.5208,2471467
2010-03-02,25.6327,25.7237,25.4109,25.6109,3034419
2010-03-03,25.6851,26.0929,25.5911,25.7505,2991492
2010-03-04,25.6941,25.9396,25.5722,25.7395,2826488
2010-03-05,25.9356,25.9811,25.8247,25.894,2810488
2010-03-08,25.9564,26.0781,25.8485,26.0009,2282434
2010-03-09,25.8851,26.0038,25.6465,25.7465,1937204
2010-03-10,25.7683,26.1841,25.497,26.0633,3317988
2010-03-11,25.9088,25.9088,25.6723,25.894,2337910
2010-03-12,26.1276,26.4493,26.0346,26.2503,3049955
2010-03-15,26.3186,26.4414,26.2019,26.385,2108863
2010-03-16,26.4088,26.4998,26.2177,26.4454,2143278
2010-03-17,26.4266,27.0363,26.3978,26.9621,2946955
2010-03-18,26.8898,26.8898,26.39,26.4879,3594314
2010-03-19,26.5601,26.7502,26.4612,26.5651,3825029
2010-03-22,26.3444,26.8324,26.2217,26.7928,2417953
2010-03-23,26.8284,27.0403,26.6364,27.0245,1471149
2010-03-24,26.8452,26.967,26.5949,26.771,2210310
2010-03-25,26.8997,27.0293,26.4532,26.4652,2574273
2010-03-26,26.5681,27.1452,26.5374,27.0333,3259008
2010-03-29,27.1244,27.262,26.7888,26.9046,2209423
2010-03-30,26.9591,27.166,26.7136,27.0245,1459835
2010-03-31,26.9304,27.066,26.6928,26.7582,2785393
2010-04-01,26.9907,27.2204,26.9907,27.2086,1824545
2010-04-05,27.262,27.4619,27.0729,27.3778,1658082
2010-04-06,27.3629,27.7599,27.3451,27.656,2574212
2010-04-07,27.5174,27.9707,27.4897,27.5976,3064512
2010-04-08,27.5045,27.8203,27.359,27.7935,3634633
2010-04-09,27.847,28.1004,27.7549,28.1004,3651741
2010-04-12,28.142,28.2419,28.0519,28.1836,3305796
2010-04-13,28.1638,28.4221,27.9025,28.3627,2637120
2010-04-14,28.3627,28.4578,28.1192,28.438,4452067
2010-04-15,28.538,28.6389,27.9064,28.53,5004518
2010-04-16,28.538,28.7369,28.0836,28.2983,4196876
2010-04-19,28.2766,28.7617,28.1509,28.7211,4023041
2010-04-20,28.7913,28.9586,28.5834,28.8072,2813459
2010-04-21,28.6735,28.919,28.4964,28.8388,2347332
2010-04-22,28.6468,28.7547,28.3766,28.7419,4477417
2010-04-23,28.7369,29.1645,28.5428,29.1595,3317251
2010-04-26,29.1377,29.3734,28.927,28.9348,0
2010-04-27,28.9715,29.0388,28.1875,28.2113,3655484
2010-04-28,28.3558,28.6785,28.1638,28.6062,3142823
2010-04-29,28.8309,29.1745,28.6647,29.1487,3164927
2010-04-30,29.2269,29.5565,28.7864,28.7913,3952269
2010-05-03,28.9754,29.2021,28.8012,29.1645,3558729
2010-05-04,28.8111,28.9546,27.751,28.0123,4930216
2010-05-05,27.7935,27.9143,27.3778,27.6045,5411397
2010-05-06,27.262,27.555,24.9111,26.4919,5920234
2010-05-07,26.3692,27.0047,25.9188,26.0979,5640734
2010-05-10,27.3372,27.5045,26.8997,27.4481,3744705
2010-05-11,27.1076,27.5005,26.9621,27.1788,3480291
2010-05-12,27.3342,27.6896,27.158,27.6738,2184129
2010-05-13,27.5421,27.8005,27.266,27.3214,2188447
2010-05-14,27.0433,27.1244,26.4048,26.6275,2408596
2010-05-17,26.7631,27.3679,26.5206,27.0511,5284935
2010-05-18,27.2728,27.847,26.8324,26.8492,4834814
2010-05-19,26.6889,26.7809,25.894,26.3315,6333489
2010-05-20,25.6148,25.8564,25.1852,25.1852,7643872
2010-05-21,24.6498,25.7395,24.5943,25.6465,6423317
2010-05-24,25.5722,25.5832,25.1674,25.1724,5329779
2010-05-25,24.231,25.4624,24.1439,25.4545,4757474
2010-05-26,25.7069,25.7069,25.1426,25.3099,7871235
2010-05-27,25.8821,26.6275,25.6584,26.6275,4630855
2010-05-28,26.5503,26.6147,26.1395,26.2137,5079542
2010-06-01,25.9188,26.2632,25.5872,25.5872,3773523
2010-06-02,25.7267,26.4948,25.7029,26.484,4120498
2010-06-03,26.5107,26.6572,25.9584,26.1681,4249175
2010-06-04,25.4278,25.8019,25.2021,25.2803,4456212
2010-06-07,25.2853,25.5515,24.7358,24.7616,6288892
2010-06-08,24.7566,25.497,24.6606,25.4198,6624144
2010-06-09,25.6327,25.8772,25.1932,25.3317,6656355
2010-06-10,25.7267,26.0583,25.6356,25.9049,5816081
2010-06-11,25.6851,26.5651,25.6851,26.5047,5611727
2010-06-14,26.7255,26.8413,26.1929,26.2137,5004315
2010-06-15,26.4998,26.8364,26.4126,26.8284,2624664
2010-06-16,28.0252,28.0252,27.1244,27.2244,7286934
2010-06-17,27.3748,27.3877,26.4701,27.066,5443279
2010-06-18,27.0591,27.5303,27.0591,27.2728,4261045
2010-06-21,27.7024,27.9341,27.166,27.3342,2746426
2010-06-22,27.3966,27.5203,26.7988,26.8156,3295172
2010-06-23,26.8324,26.9304,26.3147,26.6325,3558711
2010-06-24,26.4334,26.4532,25.7752,25.8197,3697292
2010-06-25,25.8603,26.0633,25.5168,25.7555,6392668
2010-06-28,25.8653,25.9762,25.5268,25.7307,2367585
2010-06-29,25.2763,25.2763,24.8051,24.9556,4263154
2010-06-30,24.9497,25.3803,24.6428,24.715,2888702
2010-07-01,24.6348,25.0932,24.4211,24.9764,5825297
2010-07-02,25.0427,25.2357,24.5161,24.7843,2832799
2010-07-06,25.0615,25.3139,24.5289,24.7794,3790336
2010-07-07,24.719,25.8039,24.6724,25.8039,3882336
2010-07-08,26.1681,26.4285,25.9188,26.287,4242638
2010-07-09,26.2365,26.6245,26.1583,26.4384,2650382
2010-07-12,26.3612,26.377,25.8603,26.0929,4094999
2010-07-13,26.3186,26.8364,26.2781,26.7284,4169176
2010-07-14,26.6027,26.8611,26.0801,26.3978,5122112
2010-07-15,26.3928,26.6849,26.0217,26.4285,3525089
2010-07-16,26.3345,26.38,25.4753,25.5564,4123985
2010-07-19,25.6762,25.8316,25.1892,25.4278,4132159
2010-07-20,25.1476,26.4879,25.1476,26.4454,6825732
2010-07-21,26.6483,26.8026,26.2781,26.5107,5057766
2010-07-22,26.776,27.3293,26.5987,27.0047,3697668
2010-07-23,26.9967,27.7044,26.9304,27.6778,3111500
2010-07-26,27.7599,27.9173,27.5461,27.9025,4019664
2010-07-27,28.1588,28.4439,28.0252,28.146,6200638
2010-07-28,27.9796,28.3063,27.9796,28.1638,3005607
2010-07-29,28.3063,28.5428,27.7549,28.1548,3245236
2010-07-30,27.7935,28.522,27.7599,28.4221,3144666
2010-08-02,28.6825,29.1645,28.6349,29.0972,3109630
2010-08-03,28.8111,29.0428,28.5924,28.6468,3052212
2010-08-04,28.7547,29.018,28.7161,28.9982,2447378
2010-08-05,28.8586,28.9854,28.4706,28.7419,3752517
2010-08-06,28.3845,28.6745,28.038,28.4538,3256216
2010-08-09,28.5626,28.7043,28.3885,28.5458,2046575
2010-08-10,28.3261,28.5626,28.0796,28.3667,2734138
2010-08-11,27.7935,27.7935,27.2936,27.4313,2768172
2010-08-12,27.0135,27.4164,26.9046,27.3491,2273479
2010-08-13,27.2086,27.4015,27.1125,27.1274,1764554
2010-08-16,26.9383,27.3214,26.7809,27.2134,1792741
2010-08-17,27.5253,27.9213,27.5253,27.7124,2769857
2010-08-18,27.7044,27.7044,27.2878,27.5144,2729279
2010-08-19,27.3541,27.4095,26.6107,26.8324,2914860
2010-08-20,26.5949,26.8156,26.479,26.7582,2510700
2010-08-23,26.9304,27.0699,26.5721,26.5987,1488751
2010-08-24,26.3147,26.475,26.1979,26.2721,3248977
2010-08-25,26.1513,26.7582,25.8247,26.6483,3997219
2010-08-26,26.8106,27.1838,26.6611,26.7255,3025714
2010-08-27,26.8997,27.4579,26.5809,27.4541,2552839
2010-08-30,27.2936,27.3699,26.7888,26.7928,2564352
2010-08-31,26.6938,27.0541,26.5651,26.9333,3345231
2010-09-01,27.3412,27.9836,27.2134,27.8866,2815264
2010-09-02,27.9836,28.2014,27.9173,28.1964,1661440
2010-09-03,28.4162,28.7299,28.4162,28.63,2942860
2010-09-07,28.4162,28.4627,27.8569,27.9341,3568581
2010-09-08,27.9341,28.4221,27.9064,28.2727,2854589
2010-09-09,28.626,28.626,28.3063,28.3558,1757016
2010-09-10,28.4538,29.0467,28.4409,28.9546,4155571
2010-09-13,29.2605,29.4209,29.2111,29.311,3680735
2010-09-14,29.1427,29.2982,29.0269,29.1863,3029274
2010-09-15,29.0933,29.412,28.7577,29.3051,2861605
2010-09-16,29.1595,29.5871,29.0933,29.5515,3626052
2010-09-17,29.5783,29.7544,29.3258,29.4783,3045328
2010-09-20,29.6129,29.8366,29.4585,29.7278,3053528
2010-09-21,29.6317,29.7574,29.3051,29.5337,4251884
2010-09-22,29.4872,29.8288,29.4872,29.4902,3529963
2010-09-23,29.2982,29.5921,29.0933,29.2318,2530921
2010-09-24,29.6664,29.9435,29.4872,29.8326,2364006
2010-09-27,29.8366,29.9515,29.6971,29.7772,1631460
2010-09-28,29.8871,29.9941,29.311,29.9277,3169618
2010-09-29,29.7674,30.0703,29.6763,29.8258,3334720
2010-09-30,30.0703,30.2682,29.5951,29.7842,4364022
2010-10-01,30.0703,30.0703,29.7347,29.9049,1484912
2010-10-04,29.7674,29.896,29.4961,29.5565,3133132
2010-10-05,29.9099,30.4207,29.7674,30.2732,3367099
2010-10-06,30.1821,30.6682,30.1821,30.588,2999426
2010-10-07,30.679,30.685,30.2405,30.4989,2279603
2010-10-08,30.483,30.8681,30.4642,30.7711,1837490
2010-10-11,30.8374,30.9255,30.5751,30.685,1873696
2010-10-12,30.5286,30.9502,30.3821,30.8879,2599042
2010-10-13,31.0324,31.3472,31.0324,31.1908,2595098
2010-10-14,31.173,31.3185,31.0413,31.2294,3643560
2010-10-15,31.5194,31.6431,31.0235,31.4076,3732542
2010-10-18,31.4442,31.5303,31.2561,31.4541,2400440
2010-10-19,30.9869,31.4174,30.7909,31.0007,3185304
2010-10-20,31.066,31.8946,30.8483,31.6927,3034930
2010-10-21,31.2215,31.656,31.074,31.367,4079829
2010-10-22,31.6609,31.6609,31.1967,31.2709,2694228
2010-10-25,31.462,31.9134,31.3472,31.6402,2841414
2010-10-26,31.3838,31.7807,31.2007,31.6263,3088394
2010-10-27,31.2165,31.4541,31.0284,31.4076,2454204
2010-10-28,31.6036,31.7471,31.1364,31.3393,2297570
2010-10-29,31.2027,31.5689,31.1373,31.3808,2499006
2010-11-01,31.5521,31.856,31.1967,31.367,3524286
2010-11-02,31.7263,31.9678,31.6224,31.7649,2370526
2010-11-03,31.7847,32.0005,31.462,31.8698,2923022
2010-11-04,32.1925,32.4875,32.1321,32.3756,2873809
2010-11-05,32.348,32.6657,32.1817,32.5954,3113489
2010-11-08,32.3064,32.4707,32.1817,32.3608,2623765
2010-11-09,32.4044,32.4925,31.8896,32.0163,2125692
2010-11-10,32.0005,32.047,31.5521,31.9204,3598703
2010-11-11,31.656,32.1113,31.561,31.956,2666661
2010-11-12,31.5442,31.8302,31.2601,31.4125,2470137
2010-11-15,31.4719,31.8609,31.3878,31.4472,2811124
2010-11-16,31.2115,31.2501,30.6928,30.9205,3082323
2010-11-17,30.9542,31.3541,30.8305,31.1274,2758975
2010-11-18,31.5274,31.9204,31.5036,31.7263,2413510
2010-11-19,31.6709,31.8055,31.467,31.6609,2309220
2010-11-22,31.4502,31.7303,31.0978,31.6481,1825065
2010-11-23,31.2165,31.2679,30.8305,31.0612,2105781
2010-11-24,31.2641,31.8392,31.2641,31.8263,1861307
2010-11-26,31.4917,31.9134,31.4502,31.7599,1504954
2010-11-29,31.5036,31.8946,31.1789,31.8302,3122294
2010-11-30,31.5422,32.1193,31.4016,31.9006,5108104
2010-12-01,32.336,32.7082,32.3182,32.6736,2838213
2010-12-02,32.637,32.8518,32.5351,32.8092,3078448
2010-12-03,32.6211,33.1358,32.6003,33.0587,2463424
2010-12-06,32.9072,32.9349,32.6399,32.7082,2320373
2010-12-07,33.0419,33.1358,32.8627,32.9161,2930086
2010-12-08,32.8933,33.0587,32.5657,32.6657,2460785
2010-12-09,32.83,32.83,32.5351,32.7508,2163621
2010-12-10,32.9072,33.1072,32.8052,33.0992,2386119
2010-12-13,33.1596,33.2616,32.9211,32.9211,2979549
2010-12-14,33.0151,33.3843,32.926,33.2744,2554351
2010-12-15,33.2082,33.7921,33.2022,33.5912,3389482
2010-12-16,33.5447,33.5447,33.1498,33.3289,4301516
2010-12-17,33.4011,33.614,33.1556,33.5526,5635894
2010-12-20,33.4585,33.7506,33.4546,33.6971,2161256
2010-12-21,33.7525,33.9377,33.711,33.7456,2407501
2010-12-22,33.8466,33.8951,33.6407,33.8119,1228956
2010-12-23,33.7971,33.9584,33.7288,33.8743,1184523
2010-12-27,33.7229,34.0426,33.6704,33.9664,1281660
2010-12-28,33.9377,34.391,33.9307,34.3059,2363792
2010-12-29,34.3059,34.5563,34.3059,34.4534,1773783
2010-12-30,34.3465,34.484,34.1941,34.3059,1926992
2010-12-31,34.3099,34.6088,34.2385,34.396,1843498
2011-01-03,34.5751,34.7969,34.495,34.6493,2275325
2011-01-04,34.6335,34.6493,33.9119,34.1346,2862548
2011-01-05,34.0703,34.4148,33.9723,34.3257,3030696
2011-01-06,34.3099,34.3623,34.096,34.2029,3229165
2011-01-07,33.9832,34.1782,33.4685,33.6793,4052534
2011-01-10,33.5823,33.907,33.1844,33.7872,3754693
2011-01-11,33.808,33.9525,33.5081,33.5605,2922911
2011-01-12,33.7793,34.0288,33.7179,33.9624,2007391
2011-01-13,33.8743,33.9902,33.706,33.7694,1620636
2011-01-14,33.8466,34.0872,33.6407,34.0178,2100842
2011-01-18,34.0782,34.1871,33.9723,34.0376,2606985
2011-01-19,34.0564,34.1258,33.5932,33.8703,4195694
2011-01-20,32.9319,33.5081,32.2173,33.2873,7428898
2011-01-21,33.5823,33.9307,33.4724,33.61,4356730
2011-01-24,33.6496,34.096,33.5823,34.0822,3777378
2011-01-25,34.0129,34.3504,33.8555,34.196,2854492
2011-01-26,34.3663,34.9552,34.2525,34.6909,3500231
2011-01-27,34.3663,34.5771,34.1465,34.3346,3079235
2011-01-28,34.4574,34.9186,33.9377,34.0534,5407908
2011-01-31,34.1346,34.7781,34.095,34.482,5244375
2011-02-01,34.6781,35.278,34.6781,35.1909,3891704
2011-02-02,35.0394,35.1077,34.7434,34.8374,2021953
2011-02-03,34.7969,35.1345,34.5405,35.0216,2210994
2011-02-04,35.0265,35.2037,34.7573,35.1235,1605270
2011-02-07,35.2166,35.5413,35.1315,35.2245,3769860
2011-02-08,35.2205,35.5481,35.1997,35.4858,2239701
2011-02-09,35.3017,35.4551,35.0433,35.3868,2039543
2011-02-10,35.2166,35.9263,35.1117,35.8036,2544660
2011-02-11,35.6412,36.2846,35.6017,36.1628,2482451
2011-02-14,36.1658,36.3569,36.1074,36.2044,2493939
2011-02-15,36.1114,36.3668,36.0005,36.149,3149126
2011-02-16,36.0728,36.4213,36.052,36.2876,2867368
2011-02-17,36.2391,36.6588,36.149,36.5974,2048550
2011-02-18,36.7925,36.9627,36.4628,36.8776,3280736
2011-02-22,36.3045,36.4707,35.5709,35.6195,3344391
2011-02-23,35.6284,35.8827,34.8374,35.4116,4252696
2011-02-24,35.3997,35.7046,34.6493,35.1631,3173594
2011-02-25,35.4858,35.9055,35.3066,35.765,3378093
2011-02-28,35.8313,36.3005,35.8174,36.1619,3269536
2011-03-01,36.3609,36.4797,35.861,35.9015,4544537
2011-03-02,35.758,36.2787,35.755,36.0025,3808524
2011-03-03,36.3797,36.7489,36.3707,36.7192,2526803
2011-03-04,36.6122,36.7449,35.9619,36.2362,2710570
2011-03-07,36.3857,36.6766,35.5333,35.8036,3557182
2011-03-08,35.9471,36.4757,35.6749,36.3441,1972177
2011-03-09,36.2124,36.3351,35.7412,36.0203,2106982
2011-03-10,35.6838,35.7204,35.1869,35.369,3321641
2011-03-11,35.1997,36.0005,35.1631,35.7946,2939221
2011-03-14,35.6996,36.0778,35.4937,35.9411,2209720
2011-03-15,34.8938,35.77,34.782,35.5125,3656565
2011-03-16,35.3344,35.6155,34.6493,34.9909,4421526
2011-03-17,35.6017,36.2876,35.5007,35.663,5024823
2011-03-18,36.145,36.3975,35.755,35.7778,4944520
2011-03-21,36.3609,36.3857,36.0896,36.1628,1825779
2011-03-22,36.3935,36.4015,35.9847,36.0382,2521746
2011-03-23,35.9145,36.247,35.5937,36.1213,2336167
2011-03-24,36.3233,36.4055,35.9669,36.2787,1548933
2011-03-25,36.4123,36.8211,36.3233,36.5944,2305672
2011-03-28,36.7568,36.8171,36.5212,36.5678,2428663
2011-03-29,36.5727,37.0834,36.4183,37.0627,3240580
2011-03-30,38.6405,39.5057,38.3336,39.2513,11611535
2011-03-31,39.09,39.2582,38.9217,38.9533,4671201
2011-04-01,39.0929,39.5027,38.7256,38.9097,3878100
2011-04-04,38.9513,39.5888,38.9415,39.477,3533768
2011-04-05,39.3403,40.0144,39.0602,39.4195,3221939
2011-04-06,39.6254,39.7482,39.3621,39.4463,2730801
2011-04-07,39.4384,39.6759,39.0939,39.3017,2444553
2011-04-08,39.4423,39.5621,38.692,39.0068,2197348
2011-04-11,39.0592,39.279,38.6623,38.8425,1920236
2011-04-12,38.5227,38.7603,38.2426,38.3604,2361059
2011-04-13,38.5762,38.6356,37.4764,37.7516,4291216
2011-04-14,37.6407,38.0011,37.521,37.8378,3121836
2011-04-15,37.9526,38.0585,37.5725,37.903,4242087
2011-04-18,37.4121,37.521,36.8776,37.3904,3259135
2011-04-19,37.4418,38.1229,37.3904,38.1051,2741375
2011-04-20,38.6425,38.8514,38.2921,38.6762,3929448
2011-04-21,38.7078,39.1692,38.4277,38.7198,2630663
2011-04-25,38.8177,38.8692,38.1278,38.2268,1943296
2011-04-26,38.497,38.7386,38.2782,38.4475,1982569
2011-04-27,38.5395,38.5742,37.817,38.295,2732570
2011-04-28,38.2782,38.5831,38.2396,38.5177,1552682
2011-04-29,38.701,38.7554,38.3495,38.7326,2700584
2011-05-02,38.8702,39.0672,38.4633,38.5139,1871530
2011-05-03,38.5525,38.6207,37.3686,37.6823,3119968
2011-05-04,37.6715,37.8398,36.735,36.9825,2831455
2011-05-05,36.8093,37.3765,36.7321,36.9201,2886891
2011-05-06,37.5052,37.8398,37.029,37.2191,3533778
2011-05-09,37.2647,37.7249,37.1627,37.5824,1831537
2011-05-10,37.7645,38.008,37.5913,37.7882,1903554
2011-05-11,37.7882,37.7982,36.8815,37.0498,2833572
2011-05-12,37.034,37.0716,36.4509,36.937,2777599
2011-05-13,36.9053,37.0716,36.1619,36.4272,2478606
2011-05-16,36.3005,36.934,36.1926,36.4886,2781834
2011-05-17,36.3707,36.447,35.7492,35.9897,3484843
2011-05-18,36.1272,36.74,35.9164,36.6776,2717159
2011-05-19,36.8617,37.0884,36.3797,36.6132,1906718
2011-05-20,36.5984,36.5984,35.8224,36.249,2098372
2011-05-23,35.7907,35.8174,35.4363,35.6838,2562271
2011-05-24,35.7878,36.0411,35.3036,35.3809,2463607
2011-05-25,35.2443,36.0886,35.2443,35.9561,2490818
2011-05-26,35.9035,36.0926,35.5709,35.863,2351772
2011-05-27,36.0501,36.3569,35.9758,36.153,1513567
2011-05-31,36.4737,36.6122,36.149,36.5202,2316736
2011-06-01,36.4093,36.4935,35.7096,35.7244,2749000
2011-06-02,35.6709,36.0807,35.2908,35.4809,2451819
2011-06-03,34.979,35.1127,34.7464,34.9691,2651076
2011-06-06,34.9474,35.1691,34.6049,34.6266,1700648
2011-06-07,34.9424,35.5165,34.877,35.279,3753178
2011-06-08,35.0909,35.0959,34.6979,34.7711,2613384
2011-06-09,34.8662,35.3036,34.7276,35.1037,1763839
2011-06-10,35.0176,35.0315,34.5642,34.6306,2596689
2011-06-13,34.6889,34.8157,34.3386,34.5207,2529751
2011-06-14,34.9384,35.3582,34.9384,35.2057,1756783
2011-06-15,34.7513,34.979,34.2781,34.5732,2870669
2011-06-16,34.4732,34.8662,34.0713,34.6286,3010479
2011-06-17,34.881,35.1037,34.7049,34.8928,4102230
2011-06-20,34.784,35.2998,34.7513,35.174,1858150
2011-06-21,35.4492,36.1886,35.3364,36.1243,2259878
2011-06-22,36.1243,36.4846,35.9075,36.1272,2698018
2011-06-23,35.5443,35.8541,35.0997,35.8224,2989223
2011-06-24,35.8224,35.9867,35.5225,35.8897,7899531
2011-06-27,35.7056,36.0233,35.1691,35.8006,3372901
2011-06-28,36.0193,36.4223,35.762,36.4223,3182352
2011-06-29,36.5618,36.8053,36.1996,36.7044,2756805
2011-06-30,36.8539,37.4596,36.7133,37.3814,2635883
2011-07-01,37.4596,37.8842,37.2409,37.818,1913706
2011-07-05,37.715,37.7803,37.4676,37.6705,2416454
2011-07-06,37.7942,38.4525,37.7071,38.0901,4105489
2011-07-07,38.5069,38.6425,38.3278,38.4445,2580504
2011-07-08,37.8922,37.9783,37.617,37.9298,3466190
2011-07-11,37.2933,37.5378,37.0004,37.1666,2547864
2011-07-12,37.0627,37.3398,36.935,36.9944,2682374
2011-07-13,37.2349,37.4408,36.9419,37.027,2781379
2011-07-14,37.0458,37.1537,36.3569,36.4183,4124376
2011-07-15,36.5846,36.9518,36.4757,36.9192,2830583
2011-07-18,36.8429,36.8429,36.3045,36.5222,3369928
2011-07-19,36.7222,37.0212,36.635,36.7449,3357772
2011-07-20,36.7965,36.9281,36.5192,36.7865,2043325
2011-07-21,37.6943,37.7378,36.9588,37.0458,3455784
2011-07-22,37.0538,37.2943,36.5054,36.6172,3484022
2011-07-25,36.2926,36.934,36.148,36.4599,3590905
2011-07-26,36.4301,36.443,35.5799,35.6561,4148653
2011-07-27,35.4927,35.6284,34.9602,34.9998,3073417
2011-07-28,35.1345,35.5621,34.7593,34.8117,2957935
2011-07-29,34.3673,34.9612,34.1931,34.6681,3038729
2011-08-01,35.1671,35.2878,34.0921,34.5464,3646231
2011-08-02,34.3297,34.6583,33.6348,33.6446,4418043
2011-08-03,33.7793,34.0713,32.7964,34.0298,6318735
2011-08-04,33.5596,33.5596,31.957,31.9797,6665470
2011-08-05,32.5875,32.7696,31.3897,32.0658,7405441
2011-08-08,31.3482,31.7758,29.8614,30.2544,8246898
2011-08-09,30.7295,32.1549,30.1821,32.0658,6621492
2011-08-10,31.1482,31.4738,30.2386,30.3019,6065248
2011-08-11,30.4315,31.4194,30.2544,31.071,7829616
2011-08-12,31.5838,31.6402,31.0047,31.1324,6057085
2011-08-15,31.3729,31.7986,31.166,31.7787,4786605
2011-08-16,31.4056,31.5293,30.8661,31.1898,3438948
2011-08-17,31.3838,31.848,31.0156,31.2313,3060690
2011-08-18,30.3355,30.3811,28.9754,29.2021,5503202
2011-08-19,28.7795,29.5437,28.538,28.5706,4944801
2011-08-22,29.1715,29.3664,28.4954,28.5963,3248901
2011-08-23,28.7181,29.5041,28.5617,29.5041,3493228
2011-08-24,29.3714,29.8614,29.1595,29.8178,2712429
2011-08-25,29.8178,30.1732,29.32,29.4823,2183228
2011-08-26,29.5891,30.1474,28.6745,30.0009,3279369
2011-08-29,30.4207,31.3235,30.3949,31.3105,3199679
2011-08-30,31.1106,31.9134,31.075,31.7193,3973007
2011-08-31,31.954,32.2005,31.5501,31.7669,3894292
2011-09-01,31.8114,31.9965,31.0858,31.1205,4094762
2011-09-02,30.5177,30.6988,30.4207,30.5127,5405343
2011-09-06,29.6703,30.3851,29.5743,30.3633,5451816
2011-09-07,30.8355,31.1205,30.8186,31.1106,5768104
2011-09-08,30.9156,31.2809,30.8393,31.0413,5885522
2011-09-09,30.6552,30.679,30.1336,30.3197,5270538
2011-09-12,29.9791,30.4642,29.6703,30.3276,4380457
2011-09-13,30.5256,31.071,30.3237,30.978,3153926
2011-09-14,31.1809,31.9114,30.6166,31.5234,3843918
2011-09-15,31.848,32.2331,31.7233,32.1153,2336902
2011-09-16,32.2618,32.6706,32.1599,32.6181,4418873
2011-09-19,31.9282,32.3538,31.5234,32.2331,4245481
2011-09-20,32.4064,32.8221,31.945,32.1549,3881551
2011-09-21,32.1015,32.1965,30.483,30.4999,4100972
2011-09-22,29.5001,29.5437,28.5825,29.0745,5186272
2011-09-23,28.826,29.2774,28.3191,28.5448,5178119
2011-09-26,28.8943,30.0693,28.4073,30.0425,5100536
2011-09-27,30.8849,31.5877,30.5157,30.9087,5246846
2011-09-28,30.9829,31.0452,29.6337,29.6565,3797243
2011-09-29,30.7493,30.7493,29.4446,30.0069,3951046
2011-09-30,29.4773,29.9475,29.2427,29.3051,4315596
2011-10-03,29.0319,29.6832,28.4419,28.4874,5605029
2011-10-04,28.0668,29.3556,27.551,29.312,4526336
2011-10-05,29.5119,30.3197,29.1229,30.1811,3416548
2011-10-06,30.0287,30.6176,29.5278,30.5751,3803595
2011-10-07,30.6324,30.9631,30.0395,30.4771,2931427
2011-10-10,31.1373,31.7906,31.0908,31.7065,2137335
2011-10-11,31.5689,31.8649,31.3808,31.6085,2130872
2011-10-12,31.9242,32.5351,31.9074,32.249,2726102
2011-10-13,31.8382,32.3202,31.5907,32.2123,2687975
2011-10-14,32.6994,33.1101,32.4064,33.0626,2077235
2011-10-17,33.0052,33.1368,32.1599,32.2846,2899431
2011-10-18,32.2212,33.6744,32.052,33.4843,3094964
2011-10-19,33.3883,33.5952,32.4737,32.6994,3874296
2011-10-20,33.2507,33.5724,32.4707,33.4645,3716787
2011-10-21,33.996,34.7405,33.8901,34.7068,3920518
2011-10-24,34.8286,35.1938,34.6741,35.0077,4991401
2011-10-25,34.881,35.1157,34.1851,34.2327,2935832
2011-10-26,34.8682,35.4225,34.3207,35.1997,3104117
2011-10-27,36.146,37.3121,35.861,36.8845,3926491
2011-10-28,36.5866,37.327,36.4143,37.0676,3310836
2011-10-31,36.5302,36.5302,35.8134,35.8422,3098358
2011-11-01,34.4604,35.9372,34.4604,35.0899,3520004
2011-11-02,35.5195,36.2252,35.4007,35.9579,1841790
2011-11-03,36.4985,36.8993,35.9847,36.7707,2179634
2011-11-04,36.541,36.8261,35.9055,36.7133,1662863
2011-11-07,36.8023,37.0627,36.1272,36.8717,1862931
2011-11-08,37.0558,37.3992,36.537,37.3101,1906193
2011-11-09,36.2332,36.4064,35.4007,35.661,3329833
2011-11-10,36.0273,36.3035,35.5125,35.9887,2452818
2011-11-11,36.5866,36.9786,36.5678,36.7795,2118204
2011-11-14,36.643,36.7707,36.1628,36.4391,2652126
2011-11-15,36.251,36.7321,36.0273,36.4638,2222133
2011-11-16,35.8412,36.2372,35.4037,35.4571,3712065
2011-11-17,35.3562,35.7076,34.2197,34.5286,4035946
2011-11-18,34.788,35.1691,34.482,34.8958,2245043
2011-11-21,34.389,34.4178,33.8575,34.1584,3191924
2011-11-22,34.0278,34.486,33.6605,33.9258,4426910
2011-11-23,33.5219,33.6694,33.1418,33.214,2199346
2011-11-25,33.0705,33.5625,33.0052,33.1666,777001
2011-11-28,34.3514,34.7533,34.2099,34.4604,2249345
2011-11-29,35.0374,35.0899,34.495,34.7068,3041128
2011-11-30,36.0382,36.6489,35.8649,36.6311,3062394
2011-12-01,36.3985,36.643,35.9669,36.1312,2269437
2011-12-02,36.1194,36.3084,35.3096,35.4304,3659939
2011-12-05,36.0223,36.3391,35.3264,35.5481,3452456
2011-12-06,35.5303,36.0015,35.276,35.669,2305276
2011-12-07,35.5443,35.6739,35.1157,35.3422,3536303
2011-12-08,35.2265,35.2858,34.4088,34.495,3395603
2011-12-09,34.0584,35.2146,33.8951,35.0414,3530092
2011-12-12,34.5583,34.6266,34.1851,34.4474,2267497
2011-12-13,34.7375,35.0949,33.707,33.9644,3502930
2011-12-14,33.7476,33.9584,33.3427,33.4793,3433203
2011-12-15,33.9832,34.0624,33.2428,33.4447,3377639
2011-12-16,33.7713,34.2851,33.4793,33.7585,3501391
2011-12-19,33.8139,33.996,32.8933,33.0329,2708578
2011-12-20,33.4585,33.9684,33.3745,33.7229,4864281
2011-12-21,33.8783,34.3257,33.621,34.297,2533279
2011-12-22,34.3435,34.5019,34.1129,34.3811,3366631
2011-12-23,34.4554,34.877,34.3811,34.8602,1453645
2011-12-27,34.7731,35.2482,34.7237,35.0483,1253884
2011-12-28,35.1157,35.1651,34.498,34.5583,1672351
2011-12-29,34.5831,35.0899,34.4178,35.0611,1495252
2011-12-30,35.1147,35.1591,34.8543,34.8543,1334089
2012-01-03,35.6076,36.0125,35.468,35.5303,1765924
2012-01-04,35.5225,35.761,35.3056,35.6076,1741192
2012-01-05,35.272,35.3304,34.7622,35.2888,2741727
2012-01-06,35.1928,35.4601,35.1651,35.3829,1501050
2012-01-09,35.4007,35.4719,35.0335,35.2057,2050016
2012-01-10,35.6561,36.1768,35.6125,35.9579,1839600
2012-01-11,35.86,36.151,35.8234,36.151,1905460
2012-01-12,36.2114,36.7727,36.0906,36.738,1634174
2012-01-13,36.6094,36.7439,36.0708,36.5331,1725138
2012-01-17,37.0409,37.1706,36.5688,36.7539,1655543
2012-01-18,36.8449,37.5616,36.7667,37.5269,2515288
2012-01-19,37.2973,37.3181,36.2094,36.633,4816375
2012-01-20,36.6044,37.2389,36.6044,37.1171,2914375
2012-01-23,37.0894,37.1518,36.74,36.8717,1626436
2012-01-24,36.4905,36.9914,36.4183,36.9449,2156772
2012-01-25,36.7667,37.4428,36.5906,37.327,1636618
2012-01-26,37.5487,37.9427,36.9488,37.0815,2287727
2012-01-27,37.0409,37.3705,36.7637,37.1785,1893882
2012-01-30,36.7083,37.3992,36.5737,37.3468,1927759
2012-01-31,37.4874,37.5705,36.9588,37.3933,2585540
2012-02-01,37.8694,38.2515,37.6952,37.9298,2765158
2012-02-02,37.9813,37.9813,37.4468,37.4874,1587775
2012-02-03,37.9783,38.2208,37.8625,38.0823,2619165
2012-02-06,37.8486,37.9674,37.7516,37.9377,1165111
2012-02-07,37.808,38.1505,37.5645,38.1031,1650836
2012-02-08,38.0863,38.2782,37.7259,38.2426,1465951
2012-02-09,38.2357,38.4425,38.0575,38.4168,2211550
2012-02-10,38.0575,38.0575,37.6437,37.917,1784475
2012-02-13,38.1555,38.3307,37.917,38.0229,1239742
2012-02-14,38.007,38.1417,37.4408,37.7863,2327340
2012-02-15,38.0703,38.0703,37.5348,37.7823,1927836
2012-02-16,37.8358,38.4455,37.7665,38.396,1672446
2012-02-17,38.5891,38.8365,38.4535,38.7,1924140
2012-02-21,38.3624,38.7742,38.1872,38.6366,3390060
2012-02-22,38.789,39.1344,38.5327,38.5643,2438276
2012-02-23,38.5187,38.8583,38.4307,38.7346,1202169
2012-02-24,38.6653,38.8851,38.4337,38.5109,1535981
2012-02-27,38.308,39.1434,38.1031,39.0424,2114296
2012-02-28,38.9801,39.3503,38.793,39.0404,2524798
2012-02-29,39.0375,39.1286,38.205,38.3326,2785813
2012-03-01,38.4535,39.0592,38.4337,38.9247,1938163
2012-03-02,38.9473,39.2374,38.694,38.8583,1327970
2012-03-05,38.694,38.7742,38.3119,38.4911,1559308
2012-03-06,37.904,38.2119,37.8239,37.9823,1852012
2012-03-07,38.0625,38.1991,37.8288,38.0387,2417574
2012-03-08,38.4425,39.2374,38.396,39.0424,2448667
2012-03-09,39.0672,39.3364,38.8999,38.9701,1783637
2012-03-12,39.0494,39.3325,38.9335,39.1048,1550453
2012-03-13,39.3661,39.6611,39.2236,39.6186,2044152
2012-03-14,39.5621,39.7373,39.174,39.3543,1821633
2012-03-15,39.4265,39.477,39.177,39.3364,2428640
2012-03-16,39.5166,39.7076,39.2117,39.3147,3344893
2012-03-19,39.2156,39.8105,39.2156,39.6839,4248756
2012-03-20,39.3879,39.567,39.2028,39.4601,2874004
2012-03-21,39.4433,39.7611,39.2275,39.5443,1872277
2012-03-22,39.3196,39.3265,38.889,39.0494,1670457
2012-03-23,39.1008,39.5582,38.8019,39.3413,1791284
2012-03-26,39.6274,40.0838,39.4166,40.0808,1911883
2012-03-27,40.1471,40.4678,40.0937,40.2213,1920101
2012-03-28,40.2343,40.4975,39.6442,39.8145,2750749
2012-03-29,39.4908,40.2579,39.4908,40.1995,2463177
2012-03-30,40.4956,40.4956,40.0808,40.2481,1642084
2012-04-02,40.1768,41.0825,40.157,41.037,3746068
2012-04-03,40.839,40.9014,39.7037,40.1947,5165292
2012-04-04,39.9026,39.9274,39.3741,39.4552,5222095
2012-04-05,41.0449,41.4013,40.0313,40.2155,10137927
2012-04-09,39.9086,40.1768,39.571,39.5928,6274197
2012-04-10,39.5264,39.6482,38.5851,38.686,7697634
2012-04-11,39.2028,39.8581,39.1186,39.7165,3576466
2012-04-12,39.8047,40.8014,39.675,40.6777,3989109
2012-04-13,40.4638,40.5847,40.161,40.2135,3346717
2012-04-16,40.842,40.9558,40.1243,40.7064,2945578
2012-04-17,40.9875,41.4845,40.8548,41.3102,2918768
2012-04-18,41.0182,41.5419,40.8172,41.3637,3762337
2012-04-19,41.5755,42.8059,40.9123,42.4317,8720124
2012-04-20,42.5554,42.9286,42.1318,42.5506,4783332
2012-04-23,42.2565,42.4476,41.7576,42.4357,3991997
2012-04-24,42.5208,42.9178,42.4703,42.8465,4320519
2012-04-25,43.1296,43.8046,43.0128,43.7611,2790358
2012-04-26,43.5533,44.4551,43.4354,44.1986,2944687
2012-04-27,44.4155,44.5738,44.1403,44.3877,2043086
2012-04-30,44.4857,44.6926,44.0699,44.2125,2448802
2012-05-01,44.1403,45.2301,44.0997,44.9619,3923688
2012-05-02,44.6312,45.0796,44.5649,45.0292,2861641
2012-05-03,44.9441,45.3519,44.7589,45.0341,2569707
2012-05-04,44.7807,44.8451,44.2858,44.3927,2792611
2012-05-07,44.1125,44.9619,44.0868,44.9083,2386446
2012-05-08,44.7758,45.0886,44.3362,44.9876,2929549
2012-05-09,44.3086,45.0747,44.0433,44.75,3554246
2012-05-10,45.1964,45.2034,44.556,44.6629,2307827
2012-05-11,44.4382,44.9301,44.3224,44.4382,2453179
2012-05-14,43.9334,44.1452,43.5008,43.5572,3349437
2012-05-15,43.4306,43.7641,43.0366,43.1653,3320080
2012-05-16,43.2682,43.7017,42.9286,42.9822,1887919
2012-05-17,43.0435,43.1197,41.725,41.7566,2519080
2012-05-18,42.1041,42.1368,41.0123,41.2112,3198161
2012-05-21,41.4547,42.1248,41.24,42.0467,2231258
2012-05-22,42.2427,42.5476,41.7121,41.9299,1955592
2012-05-23,41.5487,42.7693,41.3389,42.5802,3829000
2012-05-24,44.1739,44.1828,43.1899,44.0225,23875528
2012-05-25,43.7265,44.2036,43.3602,43.5839,2281844
2012-05-29,44.1858,44.755,44.0472,44.3976,2337928
2012-05-30,43.968,44.0255,42.9702,43.1989,3540054
2012-05-31,43.2603,43.9927,42.7951,43.6938,2957513
2012-06-01,42.403,42.8732,41.7022,41.8032,3506088
2012-06-04,41.7804,41.819,40.8638,41.3023,3320808
2012-06-05,41.1152,41.8883,41.0974,41.816,2285479
2012-06-06,42.2011,43.0068,42.1862,43.0068,1894737
2012-06-07,43.7413,44.1264,43.2523,43.3296,4250318
2012-06-08,43.2603,43.8532,42.99,43.7948,1374251
2012-06-11,44.263,44.3224,42.998,43.0692,2439979
2012-06-12,43.282,44.0433,43.0148,44.0017,1693375
2012-06-13,43.6631,43.772,42.9098,43.0484,1530015
2012-06-14,43.1019,43.2781,42.504,42.987,2562502
2012-06-15,43.2909,44.0433,43.1741,43.9977,2388495
2012-06-18,43.7354,44.3086,43.6473,44.26,1368724
2012-06-19,44.4589,45.0708,44.4461,44.8539,1833901
2012-06-20,44.7856,45.1538,44.4937,44.7896,1634826
2012-06-21,44.8193,44.9539,43.1949,43.2642,2009870
2012-06-22,43.8532,44.2392,43.2405,44.0185,3921846
2012-06-25,43.6007,43.6007,42.7415,42.8039,12333279
2012-06-26,43.0068,43.7017,42.7267,43.4454,2499480
2012-06-27,43.2315,43.8958,43.2315,43.7107,1552867
2012-06-28,43.5137,43.7988,42.9406,43.7186,2576909
2012-06-29,44.4501,44.849,44.2808,44.8282,1823309
2012-07-02,44.9083,44.9083,43.8384,44.2254,2102974
2012-07-03,44.1363,44.4551,43.8997,44.3036,1290264
2012-07-05,44.0997,44.8282,43.9403,44.5599,1466772
2012-07-06,44.0185,44.7272,43.872,44.5956,2099021
2012-07-09,44.5125,44.5956,43.5097,43.6631,2434592
2012-07-10,43.7156,44.1175,42.9286,43.1474,1479585
2012-07-11,43.1573,43.1741,42.1704,42.6119,3309314
2012-07-12,42.1952,42.7743,41.8715,42.5198,1781770
2012-07-13,42.7801,43.6978,42.7801,43.6513,2417618
2012-07-16,43.4662,43.6731,42.9198,43.1425,1562418
2012-07-17,43.3325,44.0651,43.0534,43.9927,2142805
2012-07-18,43.7077,44.2956,43.7077,44.0185,1982370
2012-07-19,46.1487,47.3841,45.134,47.293,10018246
2012-07-20,46.704,48.4155,46.2368,48.0958,7083155
2012-07-23,46.8554,47.5187,46.5347,46.7882,4947653
2012-07-24,46.9,46.9,45.4736,45.8596,3441991
2012-07-25,46.0754,46.315,45.3311,45.4073,3139731
2012-07-26,46.3804,46.3804,45.5904,45.7171,2848557
2012-07-27,46.0388,46.7564,45.9518,46.6466,2920331
2012-07-30,46.5773,47.2524,46.507,46.8832,1707351
2012-07-31,46.8198,46.9485,46.2041,46.2368,2562793
2012-08-01,46.4378,46.9267,45.6468,45.6468,2202925
2012-08-02,45.3083,45.6389,44.7194,45.4736,2516686
2012-08-03,46.2487,46.3298,45.8062,46.1279,2527993
2012-08-06,46.0853,46.6971,45.9696,46.4258,2430820
2012-08-07,46.7367,47.2118,46.3447,47.1109,2479094
2012-08-08,46.8881,47.3464,46.1378,47.1792,2299456
2012-08-09,47.0366,47.5087,46.904,47.293,1244867
2012-08-10,47.0317,47.0693,46.6377,47.0693,1531822
2012-08-13,47.0762,47.1346,46.3546,46.7802,1082928
2012-08-14,46.8168,47.0693,45.922,46.0655,2007925
2012-08-15,45.9932,46.5209,45.8468,46.4664,1161436
2012-08-16,46.6179,46.8436,46.2239,46.7317,1061515
2012-08-17,46.9535,46.9921,46.7367,46.8248,1464256
2012-08-20,46.6466,46.808,46.2041,46.3586,1645462
2012-08-21,46.3586,46.5169,45.5122,45.6389,2216741
2012-08-22,45.3993,47.1604,45.3825,47.1574,2887486
2012-08-23,46.9485,47.0139,46.1793,46.2764,2384491
2012-08-24,46.2625,46.4892,45.9339,46.3546,1791670
2012-08-27,46.4971,46.6337,46.1002,46.4456,2181275
2012-08-28,46.2625,46.4338,46.1417,46.2417,1595736
2012-08-29,46.3051,46.6723,45.9744,46.5971,1684621
2012-08-30,46.3922,46.5298,45.9834,46.0705,1921449
2012-08-31,46.4664,46.8346,46.1229,46.7228,1528398
2012-09-04,46.5921,46.709,45.7082,45.9339,1892722
2012-09-05,46.0299,46.2675,45.6221,46.1913,1713271
2012-09-06,46.5397,47.9948,46.4378,47.9898,3058773
2012-09-07,47.9898,48.2859,47.1485,48.0522,3131186
2012-09-10,48.7193,49.5974,48.565,49.1737,3673262
2012-09-11,49.2301,49.4697,48.7471,49.2054,2315613
2012-09-12,49.3588,49.6251,48.948,49.1649,2570347
2012-09-13,49.245,50.8109,49.1787,50.3547,2889177
2012-09-14,50.4447,50.907,50.1725,50.4615,2981378
2012-09-17,50.1982,50.5487,50.0171,50.318,1612554
2012-09-18,50.318,50.318,49.6013,49.8766,1755599
2012-09-19,49.8637,50.0884,49.3638,49.7854,1982312
2012-09-20,49.4162,50.3022,49.2648,50.2705,2611548
2012-09-21,50.6576,50.6625,49.8498,49.9339,2958661
2012-09-24,49.6865,49.836,49.2965,49.6063,1450191
2012-09-25,49.7825,49.8766,48.8332,48.8451,1662834
2012-09-26,48.855,49.1787,48.4422,48.6659,1475739
2012-09-27,48.8401,49.2777,48.5412,48.9352,1190614
2012-09-28,48.5264,48.9262,48.074,48.7689,1246103
2012-10-01,48.953,49.3964,48.7233,49.0668,1840489
2012-10-02,49.1697,49.2232,48.4086,48.6788,1056193
2012-10-03,48.5778,49.5351,48.4838,49.5221,2222349
2012-10-04,49.7083,49.9637,49.3272,49.6944,1749324
2012-10-05,50.2052,50.2834,49.6984,50.0884,2029510
2012-10-08,49.9082,50.123,49.4252,49.9893,1494718
2012-10-09,49.9557,49.9557,49.0767,49.1391,1256146
2012-10-10,48.8778,49.249,48.5868,48.9896,1810402
2012-10-11,49.4648,49.7172,49.0282,49.0282,1204159
2012-10-12,49.0847,49.3272,48.1611,48.5116,1707059
2012-10-15,48.5699,49.3688,48.3115,49.3242,1456214
2012-10-16,49.6796,50.4903,49.2351,50.0359,2105656
2012-10-17,50.1329,50.9585,49.8726,50.5219,2654128
2012-10-18,50.4754,50.9585,49.9379,50.5754,2431827
2012-10-19,50.7239,50.8109,49.6568,49.9933,2171432
2012-10-22,49.826,50.2507,49.4054,49.9805,905183
2012-10-23,48.6511,49.3964,48.2897,49.0619,1732702
2012-10-24,49.3925,49.9933,49.2351,49.7558,2082418
2012-10-25,50.0983,50.1092,49.046,49.2688,1500401
2012-10-26,49.2688,49.5311,48.8956,49.3104,1235697
2012-10-31,49.4509,49.8914,49.2401,49.7221,1765303
2012-11-01,50.3972,51.785,49.8498,51.7276,2210715
2012-11-02,52.2097,54.5418,50.908,50.9317,1595909
2012-11-05,50.8981,51.7682,50.6536,51.7187,1170740
2012-11-06,51.8414,52.5482,51.6899,52.3106,2890556
2012-11-07,52.2888,52.3056,51.0732,51.4792,1543331
2012-11-08,51.488,51.7899,50.1764,50.1894,1936091
2012-11-09,50.0844,50.5872,49.826,50.0884,1568372
2012-11-12,50.2834,50.614,49.8182,50.128,2185609
2012-11-13,49.7033,50.5704,49.6251,50.1191,1259161
2012-11-14,50.2784,50.4021,49.4994,49.635,2096984
2012-11-15,49.6113,49.9527,48.7333,49.1787,1766804
2012-11-16,49.2301,49.4014,48.565,49.337,1762783
2012-11-19,50.0439,51.4296,50.0439,51.2237,2273822
2012-11-20,51.1307,51.883,50.8021,51.8642,2284481
2012-11-21,51.8553,52.0354,51.586,51.9533,1446812
2012-11-23,52.279,52.6769,52.0899,52.6432,504144
2012-11-26,52.279,52.5651,52.1305,52.4868,1674057
2012-11-27,52.368,52.5265,52.0572,52.2324,3088263
2012-11-28,51.7049,52.1383,51.1762,52.0186,3348477
2012-11-29,52.2374,52.5215,51.8018,52.3284,2259505
2012-11-30,52.3196,53.2886,52.0394,53.0253,3662135
2012-12-03,53.3361,53.3401,51.5376,51.6088,3731060
2012-12-04,51.6296,51.9919,50.9456,51.3395,3030778
2012-12-05,51.2951,51.7187,50.7941,50.9713,3554571
2012-12-06,51.0644,52.6353,50.6704,52.5689,3312444
2012-12-07,52.0622,52.6353,51.2565,51.7899,3729639
2012-12-10,51.7049,53.0758,51.6435,52.8462,2596702
2012-12-11,53.0155,53.64,52.7908,53.3559,3185728
2012-12-12,53.6578,53.6578,52.9937,53.149,3237804
2012-12-13,53.2213,53.6994,53.0155,53.4291,3471699
2012-12-14,55.0585,56.6997,54.6655,55.4436,8171315
2012-12-17,55.7118,56.2444,54.9258,55.5583,5040679
2012-12-18,55.8039,56.865,55.5723,56.5245,4843556
2012-12-19,56.478,56.6264,55.9633,55.9909,3008964
2012-12-20,56.4195,57.3916,56.284,57.3471,3052720
2012-12-21,56.668,57.2917,56.4621,56.865,7924723
2012-12-24,56.7066,57.8212,56.4918,57.7103,2206914
2012-12-26,58.1162,58.1261,57.4906,57.4986,3182732
2012-12-27,57.1808,58.3706,56.0998,56.8047,7930976
2012-12-28,56.4007,57.066,55.9019,56.6215,6126870
2012-12-31,56.4423,57.9826,56.3819,57.7549,5248714
2013-01-02,59.0338,59.9148,58.6428,59.118,7472942
2013-01-03,59.1744,59.3031,58.5359,58.7804,6176933
2013-01-04,58.8873,59.5714,58.5676,59.5198,4572691
2013-01-07,59.3723,59.4288,58.4894,58.9962,6267652
2013-01-08,59.0101,59.9455,58.1162,59.8376,10671044
2013-01-09,60.0366,60.9136,59.9455,60.3335,8171028
2013-01-10,60.7077,60.7582,59.7367,60.4948,7396435
2013-01-11,60.5206,60.973,60.1296,60.6355,6679246
2013-01-14,59.9554,60.9186,59.7406,60.1811,6878775
2013-01-15,59.6852,60.378,59.4436,59.7999,5709501
2013-01-16,59.507,59.606,58.4617,59.3675,11315113
2013-01-17,59.5406,60.9186,59.3625,60.581,10036446
2013-01-18,60.772,61.2323,60.772,60.9086,13096804
2013-01-22,60.9354,61.3323,60.1851,60.9274,13678644
2013-01-23,60.7493,61.3472,60.5345,61.1977,27644322
2013-01-24,61.0195,62.3549,60.8196,61.4382,24513356
2013-01-25,62.3587,63.1497,60.881,61.5323,30486859
2013-01-28,59.1794,60.486,58.5309,59.7406,19199249
2013-01-29,59.7406,60.2959,59.3675,60.1939,12130139
2013-01-30,60.0781,60.9898,59.6346,59.8376,4699094
2013-01-31,59.3853,59.8237,58.7903,58.8339,5666023
2013-02-01,59.4654,60.1296,58.8695,59.9792,23631442
2013-02-04,59.6248,59.8603,59.0437,59.2892,13617930
2013-02-05,59.502,59.9277,58.4617,59.0477,14462889
2013-02-06,58.8616,59.2585,58.4003,59.0299,10950132
2013-02-07,59.214,59.3159,58.041,58.8764,18155806
2013-02-08,58.8833,59.4337,58.6309,59.2635,10216732
2013-02-11,59.3763,59.61,58.9447,59.4654,9434476
2013-02-12,59.0566,59.0566,57.7955,58.2271,10487388
2013-02-13,58.4706,59.6396,58.4399,59.3595,8935990
2013-02-14,59.1596,59.4704,58.8517,59.3159,5654941
2013-02-15,59.6446,59.7703,59.0982,59.4842,4074654
2013-02-19,59.1694,59.4189,57.8302,57.9084,6956793
2013-02-20,57.9756,58.0657,56.3523,56.3592,6044516
2013-02-21,55.9959,55.9959,54.9437,55.7474,5131221
2013-02-22,55.8781,56.7284,55.7554,56.7066,3838046
2013-02-25,56.9363,57.3392,55.8375,55.8474,4633423
2013-02-26,55.987,57.0254,55.987,56.8611,4033277
2013-02-27,56.6126,58.038,56.5106,57.7143,2436897
2013-02-28,57.8212,58.235,57.6945,57.7143,3151898
2013-03-01,57.2768,58.038,56.8739,57.7717,2163431
2013-03-04,57.6895,58.136,57.5064,58.1063,1837691
2013-03-05,58.2874,58.6914,58.1954,58.3805,1952600
2013-03-06,58.6765,58.6765,57.7499,58.0459,3031517
2013-03-07,58.1667,58.2706,57.8163,58.0549,2254728
2013-03-08,58.3756,58.9397,58.0588,58.8665,2455281
2013-03-11,58.7754,59.12,58.6765,59.0516,2030826
2013-03-12,58.9447,59.6941,58.9447,59.6297,3030490
2013-03-13,59.594,60.7166,59.5535,60.6513,3091635
2013-03-14,60.772,61.3828,60.6939,60.9631,2275431
2013-03-15,60.9136,61.5015,59.6148,60.5572,3715822
2013-03-18,59.5714,60.7988,59.4565,60.4682,1559925
2013-03-19,60.7305,60.7394,59.8079,60.3741,2020666
2013-03-20,60.581,60.9324,60.3592,60.4344,2017360
2013-03-21,59.6248,60.0266,58.8339,58.8428,2371416
2013-03-22,58.7072,59.2447,58.1113,58.2746,1719629
2013-03-25,58.426,58.4865,56.8443,57.3867,2695772
2013-03-26,57.7282,58.2439,57.3609,57.444,2786120
2013-03-27,57.0304,57.3015,56.5443,57.1808,2185027
2013-03-28,57.1451,57.4678,56.9462,57.4055,2457950
2013-04-01,57.4016,57.6302,57.0887,57.4986,3870094
2013-04-02,57.7499,57.848,57.0838,57.3015,1962155
2013-04-03,57.449,57.449,56.6542,56.8789,3192167
2013-04-04,57.0154,57.8094,56.7859,57.3916,2135477
2013-04-05,56.4523,56.8937,55.987,56.4523,2063241
2013-04-08,56.3959,56.5898,55.9543,56.3413,2370621
2013-04-09,56.3641,56.9808,56.3097,56.8482,2988636
2013-04-10,57.0472,57.8044,56.9224,57.7143,2429061
2013-04-11,57.7282,59.1992,57.6975,58.9745,2536300
2013-04-12,58.6914,58.9041,58.0747,58.3924,1609976
2013-04-15,57.9311,58.0499,56.3147,56.3365,2890251
2013-04-16,56.8739,57.7193,56.6126,57.6659,3059980
2013-04-17,57.1679,57.4214,56.4621,56.7433,2565007
2013-04-18,58.1399,60.8592,58.1399,60.2771,5577628
2013-04-19,60.2811,60.9631,59.8277,60.6839,4208198
2013-04-22,60.6988,61.7342,60.3474,61.5184,2579939
2013-04-23,61.6916,62.0906,61.3372,62.0569,1858922
2013-04-24,62.145,62.5142,61.8619,62.138,2080940
2013-04-25,62.5706,63.6763,62.3449,62.9586,2258396
2013-04-26,62.8923,62.9319,61.8193,62.1143,1335393
2013-04-29,62.4211,63.0903,62.0906,63.0102,1297606
2013-04-30,63.0428,63.1527,62.4162,63.0606,1908541
2013-05-01,62.4994,63.0388,62.1945,62.237,2501707
2013-05-02,62.527,63.806,62.2776,63.6417,1921665
2013-05-03,64.5415,65.3927,64.289,65.2611,2381240
2013-05-06,65.2017,65.2017,64.5464,65.0374,1334926
2013-05-07,65.0928,65.7343,65.0473,65.664,1187011
2013-05-08,65.8194,66.7667,65.568,66.7508,2245281
2013-05-09,66.5479,66.7459,66.0817,66.2341,2058913
2013-05-10,66.1767,66.5202,65.8768,66.3252,1257663
2013-05-13,66.1114,66.2569,65.5888,65.9184,887072
2013-05-14,66.046,67.4992,65.9788,67.4765,1450903
2013-05-15,67.1557,67.9229,66.9389,67.326,1915526
2013-05-16,67.1606,67.7248,66.8646,66.93,1151488
2013-05-17,67.4299,68.3723,67.0825,68.3505,1332568
2013-05-20,68.1406,68.1931,67.0439,67.5804,1502290
2013-05-21,67.7833,68.6009,67.5675,68.395,1638774
2013-05-22,68.3723,69.2027,67.3765,67.7872,1501949
2013-05-23,66.8795,67.9446,66.4202,67.4992,1298455
2013-05-24,66.9716,67.7378,66.4064,67.4863,1278725
2013-05-28,68.3723,68.6316,67.1606,67.7011,1321222
2013-05-29,67.218,67.9535,66.9439,67.5972,892323
2013-05-30,67.7209,67.8239,67.0053,67.2536,940806
2013-05-31,66.9667,67.3557,66.0945,66.0945,1279721
2013-06-03,66.4638,66.8182,65.4908,66.7508,1537801
2013-06-04,66.6499,67.218,65.7719,66.0728,1315262
2013-06-05,65.86,66.0272,64.5137,64.5365,1331717
2013-06-06,64.1752,65.2225,64.1326,65.0878,1032754
2013-06-07,65.8718,66.839,65.6254,66.6627,1588395
2013-06-10,67.127,67.127,65.8718,66.3776,739563
2013-06-11,65.3135,66.1965,64.9839,65.3631,1023961
2013-06-12,65.9837,66.1282,64.8345,64.9572,951219
2013-06-13,64.7404,67.0874,64.7404,66.8102,1923320
2013-06-14,66.4202,67.0053,65.8768,66.1965,1068373
2013-06-17,66.6924,67.5329,66.4202,67.1745,1296118
2013-06-18,67.1458,67.4487,66.736,67.3675,1199627
2013-06-19,67.2586,67.6506,66.3094,66.3351,1164301
2013-06-20,65.4076,65.7293,64.3732,64.5771,2475466
2013-06-21,65.368,65.4215,63.5239,64.0733,2431410
2013-06-24,64.0405,64.0584,62.4865,63.1131,1787593
2013-06-25,64.1881,64.6464,63.1527,63.6129,1510930
2013-06-26,63.9792,64.5217,63.2081,64.1138,1771416
2013-06-27,64.584,64.7672,63.8336,64.1287,1812387
2013-06-28,63.8604,64.001,63.0309,63.2081,5413874
2013-07-01,63.2754,64.6256,63.0606,63.8704,1583607
2013-07-02,63.6229,64.4663,63.5733,64.1485,1631357
2013-07-03,63.312,64.5187,62.2133,64.3643,858075
2013-07-05,64.7879,65.7025,64.7879,65.5858,1497853
2013-07-08,65.962,66.1114,65.1056,65.9282,1397865
2013-07-09,66.4915,67.4665,65.852,67.3507,1993955
2013-07-10,67.3725,67.5576,66.8478,67.1458,1352902
2013-07-11,68.4702,68.6365,67.611,67.9951,2057835
2013-07-12,67.9486,68.0337,67.2082,67.8665,1841125
2013-07-15,67.9822,67.9961,67.4299,67.5536,988257
2013-07-16,67.5754,67.5922,66.3282,66.6261,1323941
2013-07-17,66.9716,67.5289,66.8568,67.4992,1503487
2013-07-18,67.4665,69.476,67.2042,68.8444,3179986
2013-07-19,68.8741,69.2463,68.4237,68.487,2041802
2013-07-22,68.4208,69.3265,68.3861,68.7345,2343593
2013-07-23,69.177,69.4196,68.395,68.4742,1559485
2013-07-24,68.6603,68.7919,67.1992,67.5883,1979855
2013-07-25,67.5922,68.3277,67.5329,68.2989,1310088
2013-07-26,68.201,68.201,67.2874,67.6012,1213535
2013-07-29,68.0792,69.4789,67.7328,69.3443,1799372
2013-07-30,69.3077,69.5511,68.8444,69.2898,1518787
2013-07-31,69.4888,69.8224,68.8474,69.0335,1467678
2013-08-01,67.2358,71.2795,67.2358,70.0382,1121844
2013-08-02,69.9204,70.3698,69.0384,69.867,1159687
2013-08-05,69.5413,69.9451,69.1375,69.6561,1681539
2013-08-06,69.5205,69.5551,68.6504,69.4562,1536590
2013-08-07,69.2463,69.6759,68.887,69.3077,1223859
2013-08-08,69.9837,70.2916,69.271,69.8986,1843606
2013-08-09,69.7442,70.2946,69.4562,69.8452,955873
2013-08-12,69.5463,69.9353,69.2205,69.6898,1737811
2013-08-13,69.4789,70.5292,69.28,70.3035,1537145
2013-08-14,70.3847,70.5796,69.9531,70.1322,1537934
2013-08-15,69.5373,69.5373,68.3723,68.5801,1339747
2013-08-16,68.2683,68.8414,68.0516,68.5048,1595047
2013-08-19,68.3089,68.8187,67.6061,67.7288,1217406
2013-08-20,67.7872,69.1275,67.7288,68.6633,1869105
2013-08-21,68.592,69.3443,68.1574,68.7267,1027180
2013-08-22,68.8602,69.3077,68.1852,69.1731,764687
2013-08-23,69.2998,70.155,68.5425,70.0798,1624623
2013-08-26,70.253,70.3391,69.0038,69.2205,995828
2013-08-27,68.3673,68.6771,67.81,68.1406,1244918
2013-08-28,67.7833,68.111,67.2131,67.2735,1896524
2013-08-29,67.0785,67.9139,67.0705,67.4615,1635048
2013-08-30,67.8367,68.1495,67.4765,67.7011,863545
2013-09-03,68.4841,69.0691,67.5843,67.8991,1148609
2013-09-04,67.7674,68.8602,67.5329,68.6504,1308781
2013-09-05,68.6098,69.6898,68.395,69.3482,739734
2013-09-06,69.5284,69.6185,68.0564,68.788,1493652
2013-09-09,68.9108,69.9531,68.9108,69.8224,966238
2013-09-10,70.3361,70.7044,70.0659,70.7044,1435572
2013-09-11,70.649,71.1488,70.4619,71.0182,933028
2013-09-12,70.9192,71.4962,70.1105,70.347,1031762
2013-09-13,70.5341,70.8231,70.0481,70.1639,1057795
2013-09-16,71.3557,71.6507,70.9845,71.3557,995455
2013-09-17,71.3557,71.5002,70.939,71.422,1016895
2013-09-18,71.1202,72.5575,70.6678,72.4802,1285427
2013-09-19,72.4713,72.9841,72.2179,72.5623,1065618
2013-09-20,72.5623,74.3867,71.7705,71.818,1640022
2013-09-23,71.7705,71.7705,70.542,70.5747,2172097
2013-09-24,70.6905,71.3478,70.4925,70.5984,1842045
2013-09-25,70.8033,71.4131,70.5708,71.1172,2061039
2013-09-26,71.3121,72.1071,71.1756,71.9744,1057704
2013-09-27,71.4586,71.8318,71.2151,71.3874,1517887
2013-09-30,70.9716,72.4287,70.8647,72.397,1737188
2013-10-01,72.1852,72.4802,71.7437,72.0447,1373260
2013-10-02,71.5002,71.9694,71.2063,71.9694,1543953
2013-10-03,71.7833,72.0536,71.2993,71.9002,1783666
2013-10-04,71.7625,73.8591,71.6903,73.8145,2137096
2013-10-07,72.894,73.5136,72.3526,72.5257,2133414
2013-10-08,72.5257,72.5723,70.2817,70.3272,2015235
2013-10-09,70.3935,70.9291,69.4324,70.1827,2582692
2013-10-10,71.1439,71.6804,70.745,71.1568,2664104
2013-10-11,71.2102,72.0357,71.0864,72.0189,2105259
2013-10-14,71.4686,71.905,71.134,71.7586,1433347
2013-10-15,71.7537,71.9645,71.2191,71.4774,1055294
2013-10-16,72.2179,72.5723,71.514,71.7972,2225213
2013-10-17,73.3186,75.4726,72.2347,75.3617,3553512
2013-10-18,75.7458,76.2734,74.9648,75.9151,3134527
2013-10-21,75.719,76.4635,75.3518,76.2872,1951019
2013-10-22,76.8139,78.0661,76.2437,77.8027,2105820
2013-10-23,77.873,77.9423,77.0208,77.0722,1661493
2013-10-24,77.1979,77.582,76.8623,77.5127,837568
2013-10-25,77.5127,78.5837,77.3514,78.5689,1319964
2013-10-28,78.5739,78.6372,77.8958,78.1284,1159507
2013-10-29,78.263,80.1973,78.263,80.1269,1915450
2013-10-30,80.4606,80.8941,77.3702,78.4551,2751457
2013-10-31,78.76,79.9804,78.6768,79.1272,2117521
2013-11-01,78.9559,79.2133,78.4759,78.9351,1697686
2013-11-04,79.2628,79.3083,78.4571,79.245,1406864
2013-11-05,79.0213,79.6706,78.4402,79.1836,1276580
2013-11-06,79.0213,80.1052,79.0213,79.2222,1992143
2013-11-07,79.435,79.8745,77.7235,77.8552,2040331
2013-11-08,78.0116,78.7817,77.7374,78.6828,2546564
2013-11-11,78.756,79.3757,78.6876,78.9401,1727323
2013-11-12,78.9481,79.3083,78.5986,79.0975,1419643
2013-11-13,78.7322,80.1299,78.6828,80.0052,2263703
2013-11-14,80.1725,80.4388,79.6192,80.4239,1193432
2013-11-15,80.7743,80.9891,80.028,80.1299,1578026
2013-11-18,80.1616,80.4022,79.7855,80.018,1067067
2013-11-19,79.8369,80.3882,79.7557,80.0715,721809
2013-11-20,80.018,80.0418,78.7866,78.9559,1543049
2013-11-21,79.4439,79.6983,79.0698,79.4489,1537892
2013-11-22,79.5647,79.8369,79.1133,79.6458,1556702
2013-11-25,79.6568,80.407,79.6568,79.8181,1124185
2013-11-26,79.8141,80.6071,79.636,80.2239,1115030
2013-11-27,80.2566,80.411,79.7607,79.9666,1049335
2013-11-29,80.1725,80.42,79.631,79.7607,455096
2013-12-02,79.8805,80.4022,79.4568,79.5964,1117297
2013-12-03,79.0113,79.4103,78.1433,78.7224,1549213
2013-12-04,78.746,79.9952,78.746,79.2905,2226297
2013-12-05,78.8777,79.435,78.3729,78.7768,1333702
2013-12-06,80.1725,81.4563,79.2945,81.4009,2185956
2013-12-09,81.5523,81.9027,80.6219,80.9149,1634838
2013-12-10,80.9149,81.4731,80.5724,81.1861,1273212
2013-12-11,81.0801,81.1366,78.651,79.0252,2508853
2013-12-12,78.9659,79.9904,78.8916,79.6983,2074295
2013-12-13,79.7033,80.2289,78.9975,79.2727,1561575
2013-12-16,79.2727,79.8666,78.655,79.047,2201437
2013-12-17,79.4875,79.7349,78.8352,79.5736,2061504
2013-12-18,79.636,80.4476,78.3927,80.2705,2214168
2013-12-19,80.1141,80.5268,79.8854,80.3031,1655777
2013-12-20,80.1804,81.1861,80.0745,80.8752,5231685
2013-12-23,81.2069,81.2158,80.2011,80.3882,1584735
2013-12-24,80.4388,81.296,80.4388,81.286,430399
2013-12-26,81.4009,81.6316,81.1465,81.5079,703524
2013-12-27,81.7276,81.7276,81.1465,81.3752,903374
2013-12-30,81.392,81.8335,81.0851,81.6741,1171227
2013-12-31,81.8077,82.369,81.5831,82.1958,1198587
2014-01-02,82.1245,82.47,81.7038,81.88,1578851
2014-01-03,82.08,82.3829,81.8553,82.0849,939404
2014-01-06,82.1819,82.3313,81.0079,81.2594,1805502
2014-01-07,81.296,81.9721,80.6169,81.591,2693805
2014-01-08,81.7128,82.4294,81.2118,82.1106,2315028
2014-01-09,82.2185,82.8689,82.0186,82.3967,2729758
2014-01-10,82.5858,83.0045,82.1819,82.5908,2411613
2014-01-13,82.3057,82.9224,81.1247,81.3662,3010107
2014-01-14,81.7226,82.7749,81.2822,82.7233,2214547
2014-01-15,82.8877,83.0094,82.5224,82.6442,2468764
2014-01-16,79.1232,82.2869,79.1232,81.3286,3800753
2014-01-17,81.9473,83.3074,81.689,82.1156,4218575
2014-01-21,82.4818,83.0045,81.9572,82.3363,2699349
2014-01-22,82.4056,82.6392,80.8644,81.1109,3281123
2014-01-23,80.9149,81.4899,80.511,80.9891,2834622
2014-01-24,80.2705,80.4764,78.6906,78.6956,2867454
2014-01-27,78.8777,79.9468,78.1917,79.3915,3208530
2014-01-28,79.3469,80.023,78.751,79.0618,2345822
2014-01-29,78.8916,80.118,78.7224,79.3965,1835526
2014-01-30,79.6142,80.4576,79.2539,80.028,1373040
2014-01-31,78.9609,79.9508,78.6253,79.0292,3139570
2014-02-03,79.0975,79.4529,76.5634,76.6525,2961813
2014-02-04,77.0208,77.7651,76.6218,76.8049,2235998
2014-02-05,76.2249,76.9772,75.329,76.7971,2605930
2014-02-06,76.894,77.7067,76.6298,77.5404,1914172
2014-02-07,78.263,79.1133,78.2214,79.1094,1880487
2014-02-10,79.1796,80.1349,78.756,79.7033,2319845
2014-02-11,79.7557,80.8752,79.528,80.2379,2298532
2014-02-12,80.6219,81.0703,80.2804,80.506,1571250
2014-02-13,80.1725,81.4009,79.8043,81.1366,1585776
2014-02-14,81.1366,82.1156,81.0851,81.8641,1643154
2014-02-18,81.6702,81.689,80.7031,80.8644,3022730
2014-02-19,80.7199,82.0572,80.6931,81.3286,1975725
2014-02-20,81.301,82.1245,80.91,82.0661,1944331
2014-02-21,82.075,82.962,82.0473,82.5482,2599000
2014-02-24,82.3878,83.0431,81.9621,81.9721,1949753
2014-02-25,81.8761,83.4816,81.8741,82.9451,1931020
2014-02-26,82.7797,84.4012,82.7165,83.9676,2048403
2014-02-27,83.8241,84.6408,83.1341,84.218,1824034
2014-02-28,84.3685,86.1513,84.2428,86.0137,3312737
2014-03-03,84.0151,86.2384,84.0151,85.6841,1857628
2014-03-04,86.8502,87.1372,86.383,87.0441,1557147
2014-03-05,86.96,87.3748,86.5671,86.7571,1373320
2014-03-06,86.8551,87.5183,86.7165,87.0213,1125993
2014-03-07,87.1075,87.4965,86.6255,86.9927,1771038
2014-03-10,86.6601,87.3223,86.3632,87.0887,1126042
2014-03-11,87.3936,87.3936,85.8464,85.8712,2037819
2014-03-12,85.7523,86.1008,85.3039,85.7523,1846309
2014-03-13,86.1889,86.4354,84.5725,84.7496,1175726
2014-03-14,84.6051,85.2683,84.4587,84.6002,1396038
2014-03-17,84.8645,85.7425,84.6714,85.2,1919126
2014-03-18,85.4237,86.4394,85.4109,86.0691,1406590
2014-03-19,86.476,86.6155,84.5457,84.8506,1719444
2014-03-20,84.5586,85.2723,84.3547,84.6714,2108777
2014-03-21,85.4237,86.1473,84.5833,84.8338,3478468
2014-03-24,85.2604,85.3921,83.5855,84.0063,1160021
2014-03-25,84.4101,84.8249,83.6559,83.8558,1788766
2014-03-26,84.0943,84.3497,82.7837,82.7837,1716241
2014-03-27,82.7937,83.0292,81.7582,82.4056,1383411
2014-03-28,82.6214,83.3549,82.3511,82.962,1164628
2014-03-31,83.7934,84.7783,83.4866,84.1161,1871928
2014-04-01,84.8209,85.5356,84.0815,85.5,1257690
2014-04-02,85.2901,86.083,84.9842,85.7692,1676948
2014-04-03,85.7692,86.9837,85.2871,85.8107,1408237
2014-04-04,87.1629,87.646,85.5306,85.985,3261730
2014-04-07,85.7721,85.976,83.6023,83.9409,2676016
2014-04-08,83.8598,84.4051,82.7353,83.6935,2137377
2014-04-09,83.7786,85.204,83.3549,85.0802,1646876
2014-04-10,85.2089,85.3,82.557,82.5908,2123957
2014-04-11,81.8889,82.9451,81.5781,81.6602,1579444
2014-04-14,82.2423,82.4779,81.3623,81.9889,1499749
2014-04-15,82.0225,82.2423,80.5189,81.976,2156673
2014-04-16,82.6086,83.449,81.9572,83.3222,2339473
2014-04-17,86.9551,86.96,85.4277,86.7205,4126283
2014-04-21,86.1285,86.7046,85.3881,85.4524,2901395
2014-04-22,85.599,86.083,85.3367,85.3733,2044567
2014-04-23,85.5068,86.1384,85.1852,85.3465,1774834
2014-04-24,85.495,85.6306,84.4665,84.5725,1767282
2014-04-25,84.2923,84.4765,83.3776,83.9023,1643400
2014-04-28,84.2508,84.5952,82.6392,83.248,1821398
2014-04-29,83.6301,84.1131,83.1253,83.9092,1135489
2014-04-30,83.6023,84.3497,83.5905,84.1834,1285089
2014-05-01,83.9775,84.4398,83.5855,83.7558,907425
2014-05-02,83.6559,85.0308,83.5549,84.8605,1743620
2014-05-05,84.7258,85.3079,84.1656,85.1674,1021230
2014-05-06,84.6664,85.4297,83.9132,84.9882,1426603
2014-05-07,85.3465,86.4799,84.7872,86.4076,1862747
2014-05-08,86.2137,86.762,85.0555,85.6306,1376275
2014-05-09,85.6158,85.8712,84.9882,85.7821,1151822
2014-05-12,86.3008,87.1025,85.8187,86.9967,789485
2014-05-13,86.9471,87.0363,86.1889,86.2602,1088885
2014-05-14,86.2017,86.5551,85.6514,85.7563,992736
2014-05-15,85.6385,85.7069,84.1983,84.9041,1070138
2014-05-16,84.9961,85.3207,84.1785,85.2248,1686278
2014-05-19,85.4762,86.5789,85.2248,85.5256,1130447
2014-05-20,85.6306,86.0493,85.2951,85.3703,1765513
2014-05-21,85.5168,86.3275,85.3831,86.0216,1359665
2014-05-22,85.9504,86.3968,85.6385,85.6603,792366
2014-05-23,85.6257,86.8264,85.6257,86.7522,693583
2014-05-27,87.0363,87.1283,86.3008,86.4304,1556109
2014-05-28,86.5937,87.651,86.3542,87.3599,1665313
2014-05-29,87.4381,87.6846,86.3878,87.6846,1197136
2014-05-30,87.6549,88.5092,87.3184,87.9469,1235566
2014-06-02,88.033,88.5804,87.6668,88.2627,705380
2014-06-03,87.8617,88.2528,87.6549,87.9994,953733
2014-06-04,87.9637,89.3208,87.2886,88.9388,1803414
2014-06-05,88.8101,88.9041,87.7311,88.6309,1130309
2014-06-06,89.0912,89.793,89.0021,89.3931,1001320
2014-06-09,89.2674,89.7178,89.1437,89.4812,963169
2014-06-10,89.1615,89.8276,88.6765,89.793,956409
2014-06-11,89.207,89.8445,89.1179,89.7,874894
2014-06-12,89.5921,89.7564,88.7131,88.8101,1471633
2014-06-13,88.921,89.3208,88.6487,89.1081,577765
2014-06-16,88.8942,89.1001,88.033,88.5706,986701
2014-06-17,88.3507,89.0457,88.141,88.3507,831697
2014-06-18,88.2261,88.9932,87.8024,88.82,1286935
2014-06-19,88.7407,89.019,88.5537,88.6567,974343
2014-06-20,88.921,89.6386,88.6863,89.2317,1727211
2014-06-23,89.3752,89.4674,88.8635,89.1535,687551
2014-06-24,88.8279,89.6465,88.3507,88.5804,1204369
2014-06-25,88.7407,89.8108,88.7407,89.1991,1409087
2014-06-26,89.303,89.3208,88.0864,88.3775,1094870
2014-06-27,87.9469,89.0813,87.9469,89.019,1689418
2014-06-30,92.4617,92.923,90.9967,91.6787,3345525
2014-07-01,91.7045,92.0529,91.1046,91.1145,1557090
2014-07-02,90.9779,91.3926,90.7027,90.8789,1060610
2014-07-03,91.0274,91.7658,90.9057,91.6787,661529
2014-07-07,91.1759,91.2046,90.4305,90.9057,1425666
2014-07-08,90.6878,91.1145,90.183,90.2286,1100344
2014-07-09,90.6502,90.7769,90.0474,90.6602,973438
2014-07-10,89.7178,90.6502,89.4298,90.4681,1361688
2014-07-11,90.3127,90.8225,89.793,90.7492,803546
2014-07-14,90.9403,91.1501,90.6948,90.7314,723507
2014-07-15,91.0472,91.3926,89.6019,89.6831,1733404
2014-07-16,90.2088,90.3741,89.411,89.793,2333324
2014-07-17,89.4386,91.5045,89.4386,90.6018,2168006
2014-07-18,90.8225,91.8322,90.7126,91.4124,1602259
2014-07-21,90.9967,91.5312,90.8314,91.066,1578912
2014-07-22,91.3045,92.0905,91.158,91.6619,1333036
2014-07-23,91.6867,92.3498,91.4946,91.7401,1701890
2014-07-24,91.6134,92.1994,91.355,91.6134,1048170
2014-07-25,91.6134,91.8322,90.9601,91.1214,721454
2014-07-28,91.3045,91.457,90.5394,91.0274,1100258
2014-07-29,90.9502,90.9779,89.3931,89.4298,1638626
2014-07-30,89.5386,90.1732,88.8279,89.1803,1456107
2014-07-31,88.921,88.921,86.5225,86.5304,1818523
2014-08-01,85.9365,86.9214,85.7287,86.5453,1614995
2014-08-04,86.4264,87.6796,86.4264,87.5223,1135782
2014-08-05,86.9293,87.5539,86.2423,86.471,1214177
2014-08-06,86.3314,87.1718,86.2186,86.767,1359904
2014-08-07,87.3847,87.549,86.2384,86.373,1182924
2014-08-08,86.5759,87.7123,86.2473,87.641,871906
2014-08-11,87.8281,88.033,87.1818,87.1906,860986
2014-08-12,87.2658,87.544,86.8768,87.3441,637167
2014-08-13,87.8569,88.4735,87.2006,88.4191,931594
2014-08-14,88.2261,88.4666,87.9469,88.2261,990898
2014-08-15,88.4478,89.1892,87.9251,88.5458,1007853
2014-08-18,88.5537,89.2605,88.519,89.1892,1113022
2014-08-19,89.3396,89.8722,89.2159,89.5753,930384
2014-08-20,89.2862,89.6297,88.9486,89.3208,1073499
2014-08-21,89.6119,90.183,89.3208,89.7742,1061040
2014-08-22,89.793,89.9475,89.4812,89.5386,736611
2014-08-25,89.793,90.3216,89.7,90.2652,1052016
2014-08-26,90.5394,90.5394,89.9919,90.3661,995588
2014-08-27,90.2286,90.4493,89.5465,89.8445,981215
2014-08-28,89.6019,90.2286,89.4486,89.9385,865837
2014-08-29,90.1642,90.2562,89.8356,90.1286,887629
2014-09-02,90.3394,90.4037,89.5465,89.8276,980090
2014-09-03,90.0731,90.2286,88.9932,89.0912,1341527
2014-09-04,89.2159,89.7465,88.9586,89.1269,912590
2014-09-05,89.1803,89.2951,88.8447,89.2674,1209949
2014-09-08,89.1615,89.9088,88.9684,89.2516,749359
2014-09-09,89.3396,89.4208,88.033,88.1845,955803
2014-09-10,88.0588,88.7041,87.5994,88.622,918682
2014-09-11,87.9825,88.4735,87.745,88.1676,1028836
2014-09-12,88.1241,88.3241,87.0887,87.4065,1084843
2014-09-15,87.4421,87.7172,86.8818,87.4203,1133798
2014-09-16,87.4589,88.3686,86.9046,87.7757,1854595
2014-09-17,88.1845,88.82,87.9073,88.3507,1551762
2014-09-18,88.5092,89.303,88.3686,88.9388,1208026
2014-09-19,89.2674,89.8108,88.7675,88.7774,1666581
2014-09-22,88.8447,89.0625,87.3401,87.4065,1549996
2014-09-23,87.2164,87.5183,86.7086,86.7918,1535410
2014-09-24,86.9788,87.9073,86.8818,87.7836,1342724
2014-09-25,87.2243,87.3797,86.4126,86.4126,1145151
2014-09-26,86.2829,86.9788,86.2384,86.868,875924
2014-09-29,86.3542,87.5015,86.1147,87.3144,1255780
2014-09-30,87.1441,87.2808,85.9632,86.1186,1826163
2014-10-01,86.0186,86.0186,83.0243,83.6805,3459854
2014-10-02,83.5499,84.0023,82.2472,83.6805,1970204
2014-10-03,84.0587,84.7734,83.4915,83.9775,1647921
2014-10-06,84.722,84.722,83.4182,83.7271,1072941
2014-10-07,83.344,83.344,81.5623,81.5999,2682109
2014-10-08,81.6137,83.0639,81.0178,82.962,3255595
2014-10-09,83.1649,83.2846,81.2406,81.4286,2518643
2014-10-10,81.3198,82.0394,80.3081,80.3487,2289005
2014-10-13,80.2289,80.5397,77.1197,77.2979,2856841
2014-10-14,77.5315,78.7718,76.7841,77.7325,2908229
2014-10-15,76.697,79.2945,75.733,79.0113,3870250
2014-10-16,75.0975,80.3249,75.0975,79.5964,4681516
2014-10-17,80.7031,82.4611,80.3882,81.9721,3946100
2014-10-20,82.2007,83.7271,81.7582,83.6855,2756751
2014-10-21,84.322,85.9186,84.0221,85.8107,2740037
2014-10-22,86.4572,86.8907,84.612,84.7962,3355280
2014-10-23,85.7861,86.0444,84.9694,85.3129,1955572
2014-10-24,85.2951,85.8425,84.317,85.7335,1844709
2014-10-27,84.5546,84.8506,83.6935,84.3072,2399049
2014-10-28,85.3733,86.1761,84.9001,85.5306,2565293
2014-10-29,85.3603,85.5474,83.5143,84.0686,4279692
2014-10-30,83.9231,84.6754,83.5143,84.1983,1562714
2014-10-31,85.2604,89.5198,84.7258,89.1615,6166065
2014-11-03,89.311,89.6465,87.4965,87.7074,2751875
2014-11-04,87.6549,87.8915,86.3492,86.8768,1956216
2014-11-05,87.7311,89.9563,87.3936,89.8524,3384901
2014-11-06,90.0474,90.573,89.2159,90.5027,2265902
2014-11-07,90.1009,91.1214,89.1713,90.8591,2071411
2014-11-10,90.7126,91.0472,90.191,90.573,1402736
2014-11-11,90.573,90.9125,89.9158,90.1573,1604964
2014-11-12,90.1474,90.281,89.2159,89.5465,2364214
2014-11-13,89.7,90.8967,89.1437,90.1474,2254246
2014-11-14,90.1009,90.6116,89.3574,89.5465,1828967
2014-11-17,89.5921,90.6304,89.3208,90.183,1244653
2014-11-18,90.0315,91.6698,89.7564,91.556,2052733
2014-11-19,91.652,92.7112,91.355,92.5251,3095245
2014-11-20,92.2568,93.4902,92.0529,93.3773,1600497
2014-11-21,94.4404,95.6065,93.8387,94.584,2938263
2014-11-24,94.6899,95.0947,94.1841,94.6899,2696020
2014-11-25,94.5088,95.4897,94.5088,94.6038,1552912
2014-11-26,94.488,95.3432,94.2227,95.2759,1035176
2014-11-28,95.855,96.4173,95.0671,96.0797,1464535
2014-12-01,95.4996,96.9547,95.2086,96.5628,3638509
2014-12-02,97.1487,97.5981,95.7214,96.2262,2066692
2014-12-03,96.4558,98.2069,96.2262,98.0495,1811957
2014-12-04,97.9921,98.8879,97.7179,98.2465,2337211
2014-12-05,98.4237,99.0067,97.708,97.8852,1739753
2014-12-08,97.6783,98.3455,97.3437,97.8852,2055215
2014-12-09,97.0725,99.1354,97.0725,99.1057,2028035
2014-12-10,98.7098,99.0661,96.8191,96.9934,1741729
2014-12-11,96.9934,98.5019,96.8191,97.7763,1706867
2014-12-12,97.0913,97.6883,96.534,96.543,3121721
2014-12-15,96.7805,97.7179,94.971,95.7778,2935189
2014-12-16,95.4373,97.1883,94.879,95.1413,2215387
2014-12-17,95.3244,97.9634,95.1511,97.6179,2212221
2014-12-18,98.5613,99.7491,97.9139,99.7093,1719382
2014-12-19,100.689,100.828,99.7093,100.085,2440319
2014-12-22,100.413,101.016,99.8287,100.828,1874517
2014-12-23,101.085,101.956,100.996,101.482,1159968
2014-12-24,101.66,101.818,101.184,101.511,616698
2014-12-26,101.61,102.234,101.274,101.709,688787
2014-12-29,101.412,102.382,101.284,102.086,989249
2014-12-30,101.68,102.154,101.511,101.729,960109
2014-12-31,101.996,102.62,101.452,101.521,1447686
2015-01-02,101.521,102.036,99.9471,100.739,1011889
2015-01-05,99.7292,100.017,97.7763,98.1386,2199344
2015-01-06,98.69,98.9473,96.543,97.9238,1947552
2015-01-07,97.9535,98.68,97.2181,98.3356,2694287
2015-01-08,99.3531,101.313,98.789,100.947,2363424
2015-01-09,101.105,101.353,99.1255,99.6894,1821483
2015-01-12,99.7093,100.155,98.7394,99.3531,1647248
2015-01-13,99.8675,101.105,98.5811,99.6994,1885848
2015-01-14,98.5117,99.7292,97.7476,99.6894,2909744
2015-01-15,100.63,102.768,98.7196,99.3333,3535734
2015-01-16,99.7889,101.402,98.8384,101.184,2147630
2015-01-20,101.491,101.898,99.3136,100.195,2370331
2015-01-21,99.8973,100.848,99.3333,100.145,1672590
2015-01-22,100.442,101.878,99.3829,101.6,1343022
2015-01-23,101.452,101.452,100.027,100.047,1084877
2015-01-26,99.7491,100.195,98.9077,100.056,1141384
2015-01-27,99.2443,100.145,98.4831,99.2245,1419110
2015-01-28,99.2938,99.9968,97.1487,97.3824,1532004
2015-01-29,97.5002,99.2641,96.7508,99.1156,1740663
2015-01-30,97.8456,99.2641,97.8456,97.8951,3083536
2015-02-02,97.1586,98.4831,96.5716,98.2465,1809756
2015-02-03,99.4323,100.017,98.296,99.6497,1512683
2015-02-04,99.5114,100.551,98.8186,99.8874,1252259
2015-02-05,100.551,101.56,100.056,101.174,1540131
2015-02-06,101.085,101.898,100.63,101.382,1304737
2015-02-09,101.165,101.382,99.3136,99.6109,1983010
2015-02-10,100.66,100.769,99.1849,100.235,1144267
2015-02-11,100.085,100.66,99.6596,100.235,883643
2015-02-12,101.125,102.58,100.63,102.322,1851528
2015-02-13,102.64,104.015,102.342,103.976,1424506
2015-02-17,102.907,104.075,102.54,103.58,1980055
2015-02-18,103.194,104.095,102.728,104.045,1298802
2015-02-19,103.263,104.421,103.055,103.719,1078023
2015-02-20,103.342,104.461,102.224,104.213,1529610
2015-02-23,103.59,104.421,103.421,104.145,1529938
2015-02-24,104.303,104.461,103.729,104.273,1129293
2015-02-25,103.937,104.55,103.57,103.797,1233076
2015-02-26,103.609,104.283,103.352,103.877,1098613
2015-02-27,103.897,104.361,103.095,103.669,1583481
2015-03-02,104.323,104.719,103.748,104.689,1651389
2015-03-03,104.323,104.361,102.976,103.293,1404802
2015-03-04,102.669,104.777,102.264,103.649,1915227
2015-03-05,103.877,104.055,103.105,103.689,1105998
2015-03-06,102.778,103.392,102.026,102.164,1237466
2015-03-09,102.342,102.946,101.956,102.303,1610515
2015-03-10,101.274,101.353,100.263,100.273,1823954
2015-03-11,100.333,100.481,99.0859,99.1453,1809876
2015-03-12,99.2542,101.224,99.1255,101.165,1119621
2015-03-13,100.729,101.076,99.6894,100.373,1341229
2015-03-16,100.739,101.412,100.423,101.333,1238826
2015-03-17,100.63,101.085,99.591,100.085,1266981
2015-03-18,99.4816,102.234,98.2069,101.135,2395458
2015-03-19,100.501,100.848,99.4621,99.6109,1155267
2015-03-20,100.125,101.412,99.4225,100.868,1765372
2015-03-23,100.739,101.224,99.7292,99.7392,1464518
2015-03-24,99.7193,100.353,99.2938,99.2938,1333509
2015-03-25,99.4716,99.9769,97.9139,97.9832,1483594
2015-03-26,97.1487,97.9921,96.9161,97.4704,1277424
2015-03-27,97.806,98.6602,97.2863,98.198,1388001
2015-03-30,98.789,99.5512,98.2861,98.8681,1437729
2015-03-31,98.1782,99.7292,97.8654,99.3136,2086860
2015-04-01,99.5114,99.5114,97.9535,98.8582,1843253
2015-04-02,98.3455,99.1948,98.1782,98.4732,1613243
2015-04-06,98.0594,99.0661,97.7961,98.7494,1249269
2015-04-07,98.68,99.6894,98.3851,99.0364,1348038
2015-04-08,98.8088,99.8287,98.8088,99.591,1839389
2015-04-09,99.7093,100.65,99.2641,100.571,1336696
2015-04-10,100.848,101.264,99.9769,101.076,1599164
2015-04-13,100.996,101.62,100.611,101.105,1526279
2015-04-14,101.036,101.174,99.9371,100.403,1454528
2015-04-15,100.739,100.887,99.7889,100.085,2100099
2015-04-16,102.64,102.669,99.7989,99.8575,2829731
2015-04-17,99.1255,100.423,98.8186,99.8088,2511708
2015-04-20,100.432,100.828,99.2839,100.283,2170559
2015-04-21,100.521,100.541,99.3333,99.9968,1341156
2015-04-22,100.047,100.601,99.2938,99.7292,990095
2015-04-23,99.5711,99.9172,99.2443,99.4716,971124
2015-04-24,99.4621,99.8973,97.9921,98.3455,1963588
2015-04-27,98.4148,98.6504,97.0725,97.2467,2463117
2015-04-28,97.1299,97.4902,96.2648,97.2181,2222031
2015-04-29,96.7706,97.9337,96.5241,97.8654,1990385
2015-04-30,97.1111,98.2861,96.9072,97.5783,2517614
2015-05-01,97.6555,99.0067,97.4012,98.8979,1720414
2015-05-04,99.0364,99.5313,98.9077,99.0958,1238598
2015-05-05,99.769,99.957,97.52,97.5882,1613015
2015-05-06,98.0594,98.1188,97.1685,97.8159,1603285
2015-05-07,97.8852,99.769,97.52,99.3729,2450132
2015-05-08,100.65,101.858,100.215,101.204,1794274
2015-05-11,100.967,101.709,100.393,100.442,1949530
2015-05-12,99.957,100.442,99.1354,99.1651,1411693
2015-05-13,99.1849,99.7889,98.3058,99.591,1747960
2015-05-14,100.413,101.184,99.8575,101.085,1728187
2015-05-15,101.036,102.392,100.67,102.352,1429742
2015-05-18,102.352,102.352,101.412,102.036,2086603
2015-05-19,102.016,102.462,101.372,101.62,1676626
2015-05-20,101.62,101.966,100.848,101.145,1453902
2015-05-21,100.868,101.729,100.848,101.293,751838
2015-05-22,101.353,101.768,101.016,101.284,840556
2015-05-26,100.917,101.274,99.769,100.175,1664357
2015-05-27,100.541,101.472,100.403,101.254,1622498
2015-05-28,100.858,101.68,100.462,101.56,1392899
2015-05-29,101.313,101.768,100.759,101.125,1358607
2015-06-01,100.808,101.738,100.423,101.204,1022233
2015-06-02,101.036,101.59,100.303,100.848,869855
2015-06-03,101.452,101.67,100.749,101.62,1260384
2015-06-04,101.145,101.729,100.848,101.076,1591486
2015-06-05,100.709,101.264,100.065,101.016,1183206
2015-06-08,100.907,100.986,100.393,100.779,1189319
2015-06-09,100.947,101.748,100.571,101.293,1211421
2015-06-10,101.818,102.956,101.62,102.442,2239912
2015-06-11,102.877,103.817,102.056,103.392,2043895
2015-06-12,103.233,103.362,102.6,103.045,1315154
2015-06-15,102.184,102.64,101.59,102.006,877775
2015-06-16,101.818,102.679,101.62,102.501,1456264
2015-06-17,102.758,103.243,101.748,103.095,2857758
2015-06-18,103.511,104.481,103.204,104.105,1888535
2015-06-19,103.54,104.283,103.233,103.659,2500849
2015-06-22,104.273,104.847,104.065,104.421,1019577
2015-06-23,104.709,104.897,104.065,104.521,1329521
2015-06-24,104.511,104.719,104.173,104.243,2170759
2015-06-25,104.361,104.777,104.015,104.045,1366752
2015-06-26,104.401,104.471,103.937,104.283,850063
2015-06-29,103.521,103.669,101.531,101.61,1127982
2015-06-30,102.234,102.501,101.085,101.382,1262095
2015-07-01,102.312,102.996,101.828,102.956,1421748
2015-07-02,103.531,103.679,101.838,102.412,1067330
2015-07-06,101.462,102.481,100.917,101.719,1613444
2015-07-07,101.926,101.926,100.175,101.68,1857077
2015-07-08,100.66,101.165,99.8774,99.9471,1739280
2015-07-09,101.333,101.501,99.5213,99.5313,1945118
2015-07-10,100.848,101.65,100.333,101.55,1543622
2015-07-13,102.719,103.045,102.462,102.966,1668661
2015-07-14,102.956,104.163,102.926,103.937,1341012
2015-07-15,103.679,104.263,103.204,103.372,1709582
2015-07-16,103.481,104.501,98.5613,98.8186,6060992
2015-07-17,100.333,100.333,98.68,98.8088,3792918
2015-07-20,98.9375,98.9771,97.7763,97.9733,2429447
2015-07-21,98.198,98.5811,95.3155,95.6154,4296367
2015-07-22,95.5383,96.138,94.8116,95.5095,2762022
2015-07-23,95.5095,95.5966,92.8774,93.3407,3432385
2015-07-24,93.2586,93.316,90.2939,91.2392,3521674
2015-07-27,90.7413,91.2046,89.802,90.4761,3130020
2015-07-28,91.0185,94.7265,90.6948,94.488,3486248
2015-07-29,94.6414,96.3113,94.4206,95.9361,3002713
2015-07-30,95.8649,96.0995,95.0581,95.8827,1396063
2015-07-31,96.3212,96.6498,95.5877,95.7778,1541587
2015-08-03,94.8314,96.0529,94.6315,95.3244,1737496
2015-08-04,95.4373,95.8451,93.8387,94.1445,1809438
2015-08-05,95.1611,95.5095,93.8941,94.194,1366525
2015-08-06,94.2039,94.4692,93.0161,93.2872,1700307
2015-08-07,92.9695,93.2308,91.9866,92.1559,1792387
2015-08-10,92.8586,94.5364,92.5705,94.5364,1349505
2015-08-11,93.4149,93.4625,92.043,92.5805,1666743
2015-08-12,91.8955,92.4122,90.6602,92.2568,4022354
2015-08-13,92.4617,92.5705,91.7301,91.7846,1387736
2015-08-14,91.8955,92.923,91.6698,92.8398,1516529
2015-08-17,92.4122,93.1834,92.0905,92.4617,1779756
2015-08-18,92.5903,93.7347,92.5439,92.731,2736679
2015-08-19,92.0242,92.3142,90.573,90.8878,2453040
2015-08-20,90.3563,90.7938,88.5537,88.5537,2596610
2015-08-21,87.3926,88.0558,86.1137,86.1969,2867839
2015-08-24,81.6018,85.0782,80.6882,81.8068,4419123
2015-08-25,84.1211,84.1211,80.706,80.7327,3339144
2015-08-26,82.181,82.659,80.6882,82.5492,4501772
2015-08-27,83.9419,84.9921,82.7045,84.4032,5171792
2015-08-28,84.1043,85.4594,84.1043,85.2208,1928509
2015-08-31,84.7348,85.7098,84.0231,84.4933,1933133
2015-09-01,82.7045,83.0214,80.5209,80.999,2744795
2015-09-02,82.3265,82.9332,81.2366,82.9332,2817428
2015-09-03,83.4034,84.1379,82.959,83.3331,1660098
2015-09-04,82.171,83.2065,81.8325,82.7363,2423944
2015-09-08,84.1804,85.4881,83.8102,85.4782,1928057
2015-09-09,86.3275,86.7888,85.0932,85.2149,3299105
2015-09-10,85.205,86.3542,84.7447,85.691,2385110
2015-09-11,85.3891,85.8127,84.6081,85.7643,1660770
2015-09-14,85.398,85.8039,83.1183,83.4905,2703633
2015-09-15,83.4905,84.5299,83.057,83.5975,2690329
2015-09-16,83.7221,84.5566,83.6351,84.2992,2061139
2015-09-17,84.2992,85.1574,83.444,83.7558,2448885
2015-09-18,82.558,83.343,82.2274,82.6313,2504583
2015-09-21,82.951,83.6429,82.4818,82.8619,1338113
2015-09-22,81.781,82.079,80.2823,81.2366,2148316
2015-09-23,81.3554,81.7296,79.627,79.7469,1916311
2015-09-24,78.9579,79.3231,77.3117,78.1274,4193277
2015-09-25,78.6164,79.1202,77.6988,78.3294,1699568
2015-09-28,77.5889,77.88,74.8371,74.9331,2619703
2015-09-29,75.0945,76.5377,74.9262,76.212,2800963
2015-09-30,77.2217,78.2254,77.1019,77.7532,3302488
2015-10-01,73.5354,79.9586,73.5354,79.9171,4039157
2015-10-02,78.9579,82.2176,78.3382,82.1612,2618600
2015-10-05,82.8531,84.1043,82.6402,83.8756,2226042
2015-10-06,83.8914,84.4121,82.6867,82.8174,2652094
2015-10-07,82.3739,83.6519,82.0027,83.6251,2491042
2015-10-08,83.4994,85.111,83.1629,84.9179,1458900
2015-10-09,84.8545,85.5326,84.2438,85.0932,1911820
2015-10-12,85.7098,86.6393,85.1308,86.3097,2051056
2015-10-13,85.6009,86.9392,85.009,86.1701,2511122
2015-10-14,85.8741,87.1006,85.7959,86.2918,2528829
2015-10-15,86.7264,88.1212,85.398,88.0132,3669247
2015-10-16,88.8447,91.548,88.6567,89.3208,4280502
2015-10-19,88.6963,89.8108,88.139,89.7178,1461492
2015-10-20,89.7089,90.7938,89.3298,89.8999,1619175
2015-10-21,90.1998,90.3038,88.6665,89.2317,2231660
2015-10-22,90.1009,92.2291,89.8623,91.8777,2815963
2015-10-23,92.6636,92.9883,91.9776,92.2192,1744230
2015-10-26,92.3241,92.6448,91.6955,92.1647,1442659
2015-10-27,91.7401,92.3944,90.9967,91.2679,1483145
2015-10-28,91.7401,92.5339,91.066,92.5161,1173344
2015-10-29,92.5705,92.8141,91.841,92.4716,1240336
2015-10-30,92.7408,92.9052,91.9322,92.4617,1714119
2015-11-02,92.4221,92.8319,91.6421,92.2291,1643397
2015-11-03,92.2756,92.9131,91.9134,92.3944,1142885
2015-11-04,92.7943,92.8586,92.0331,92.0994,823877
2015-11-05,91.9678,92.238,90.8314,91.5134,1026735
2015-11-06,91.1947,91.8777,90.6116,91.6421,1137447
2015-11-09,91.3926,91.4402,89.6465,90.5216,1003720
2015-11-10,90.2186,90.6304,89.311,89.9841,1479209
2015-11-11,90.3216,90.7314,89.7366,90.4137,1136775
2015-11-12,89.5198,89.9841,88.2785,88.2785,2139696
2015-11-13,88.3914,90.2939,87.9647,89.7178,2178248
2015-11-16,89.793,90.869,89.1803,90.7126,1985392
2015-11-17,90.669,91.6955,90.2652,90.5027,1552148
2015-11-18,90.5918,92.9983,90.3563,92.7488,2391777
2015-11-19,92.7488,93.0437,91.5402,91.9776,1407285
2015-11-20,92.0994,93.5001,91.9222,93.0913,1979661
2015-11-23,93.4249,94.3553,92.8042,93.8387,2247250
2015-11-24,93.0071,94.3632,93.0071,93.8575,1303106
2015-11-25,94.2425,94.9987,93.7535,94.7265,1295013
2015-11-27,94.5741,94.9226,93.9039,94.5088,552371
2015-11-30,94.6513,94.7553,93.5367,94.0841,1753653
2015-12-01,94.68,95.0859,94.1544,94.9987,1133296
2015-12-02,94.4968,94.9809,93.5001,93.7347,1119391
2015-12-03,93.7733,94.3177,92.4716,92.8141,1272170
2015-12-04,92.9883,94.6602,92.8676,94.2881,1213530
2015-12-07,93.6792,94.194,92.7943,93.4149,1124634
2015-12-08,92.4716,93.0071,91.3491,91.4224,1762380
2015-12-09,91.4224,92.1737,89.501,90.3563,2288043
2015-12-10,90.1642,90.5305,89.4298,89.7663,1856488
2015-12-11,88.4992,88.9486,87.5648,87.8499,2003824
2015-12-14,87.6974,88.0518,86.2037,86.959,2490322
2015-12-15,87.84,88.4646,87.6192,87.6886,1413800
2015-12-16,88.2508,89.2674,87.6708,89.1713,1782091
2015-12-17,89.4486,89.5663,87.352,87.4133,1780063
2015-12-18,87.1916,87.3777,85.6415,85.6781,2031806
2015-12-21,86.2413,86.6403,85.8533,86.5136,1351544
2015-12-22,87.1135,88.233,86.8086,87.8787,997223
2015-12-23,88.427,89.4386,88.3013,89.1892,930437
2015-12-24,88.9308,89.6831,88.9308,89.3208,417830
2015-12-28,89.1535,89.2674,88.4646,88.8942,765036
2015-12-29,89.7089,89.8188,88.9388,89.4911,760351
2015-12-30,89.2674,89.6119,88.7229,88.7774,820872
2015-12-31,88.427,88.9833,87.9043,87.9311,1006245
2016-01-04,86.5512,87.1916,85.4742,87.1639,1839105
2016-01-05,87.7618,88.3765,86.7224,87.4747,1575104
2016-01-06,85.8117,86.4888,85.3574,85.8385,2033421
2016-01-07,84.5922,86.4354,84.2448,84.7546,2919005
2016-01-08,85.1337,85.992,83.7934,84.0785,2224508
2016-01-11,84.3873,85.1723,83.4014,84.0409,2458107
2016-01-12,84.8229,85.0298,83.451,84.6368,1484247
2016-01-13,85.4029,85.6336,82.7581,82.7957,2382408
2016-01-14,83.0084,83.7469,81.5059,83.2579,2585051
2016-01-15,81.5405,82.174,80.3833,81.7751,2306998
2016-01-19,82.572,82.9718,79.9914,81.5059,3728819
2016-01-20,80.4813,84.2538,80.1012,83.2123,5546325
2016-01-21,82.7481,84.2368,80.6249,81.7919,4840376
2016-01-22,82.562,84.3636,82.1542,82.8936,2091137
2016-01-25,82.5818,83.0382,80.907,81.0693,1824242
2016-01-26,81.3969,83.0084,81.0693,82.3779,1389990
2016-01-27,82.2453,83.8558,81.7751,82.572,2121185
2016-01-28,83.0084,83.6757,81.8384,81.9423,2637982
2016-01-29,82.5006,84.6536,82.1076,84.6368,2658351
2016-02-01,83.3846,85.3287,82.9718,85.0555,1964914
2016-02-02,84.5041,84.5041,82.4521,82.7857,1838571
2016-02-03,83.8994,84.6636,81.7484,84.6269,2058652
2016-02-04,84.8229,85.7019,84.1716,85.1525,1637972
2016-02-05,84.807,85.2693,82.4908,82.6362,1735638
2016-02-08,82.0473,82.1076,79.0678,79.7696,2165115
2016-02-09,78.8559,81.5761,78.6322,80.9624,1761314
2016-02-10,81.5692,82.9392,81.0069,81.2742,1393780
2016-02-11,79.5033,80.7308,78.7134,79.4321,2018946
2016-02-12,80.1359,81.9849,79.7419,81.6632,1583405
2016-02-16,82.8045,83.435,81.6592,83.3034,1347437
2016-02-17,84.2408,85.2594,83.0807,84.8555,2071316
2016-02-18,85.0347,85.3743,84.0894,84.5804,1686498
2016-02-19,84.5556,85.5198,83.6766,85.4198,1782657
2016-02-22,86.5275,87.5381,85.6247,86.3948,1445951
2016-02-23,86.2354,86.3384,84.5883,84.7437,1410934
2016-02-24,83.6163,85.5792,83.0272,85.4643,912670
2016-02-25,85.8474,86.6967,84.4635,86.6531,1160742
2016-02-26,87.2966,87.939,86.9649,87.6786,1207971
2016-02-29,87.5113,88.2904,86.1889,86.2255,1601900
2016-03-01,87.1352,89.7663,86.5719,88.9486,1683734
2016-03-02,88.625,89.0912,87.9221,88.7259,1058014
2016-03-03,88.3933,90.0019,87.744,89.5921,2151088
2016-03-04,89.9247,91.942,89.6119,91.5402,2321133
2016-03-07,90.9601,92.4122,90.7859,92.3498,1846124
2016-03-08,91.449,91.6867,90.5305,90.669,1433036
2016-03-09,91.2847,91.7401,90.5572,91.355,1284689
2016-03-10,91.6421,93.0913,90.9601,91.9222,1009838
2016-03-11,93.0259,93.999,92.7012,93.7931,1656438
2016-03-14,93.2012,93.8743,92.8963,93.5565,983745
2016-03-15,92.8586,93.7535,92.5617,93.5753,917258
2016-03-16,93.0913,95.266,93.0071,95.2185,1256823
2016-03-17,95.4808,97.9921,95.4808,97.7278,2003699
2016-03-18,97.9337,98.789,96.534,97.2567,2942594
2016-03-21,97.9337,98.7394,96.7211,97.2467,2429684
2016-03-22,97.1685,98.4435,96.9646,98.1089,1862079
2016-03-23,97.2665,97.9733,96.5914,97.4902,1368381
2016-03-24,96.6498,97.411,95.9025,97.3051,1551891
2016-03-28,97.7179,97.9238,97.1398,97.7278,1168541
2016-03-29,97.1685,98.7988,97.0132,98.779,1148931
2016-03-30,99.1255,100.125,98.9177,99.9471,1832514
2016-03-31,99.9471,100.105,99.2542,99.581,1610830
2016-04-01,98.6602,101.204,98.4633,101.036,1627047
2016-04-04,101.076,101.145,99.7193,100.205,1556743
2016-04-05,99.581,100.065,99.0562,99.5213,1476910
2016-04-06,99.4621,100.215,98.8384,100.105,909219
2016-04-07,99.4521,99.8874,98.3256,98.8186,1031360
2016-04-08,99.1552,100.165,99.1552,99.8874,797151
2016-04-11,100.095,100.799,99.6795,99.769,993157
2016-04-12,100.115,101.085,99.4621,100.877,975495
2016-04-13,101.323,102.086,100.709,102.036,1189953
2016-04-14,101.6,102.332,101.6,102.274,1198938
2016-04-15,102.422,103.075,102.174,103.036,1438454
2016-04-18,102.719,103.56,102.372,103.402,1728016
2016-04-19,103.837,104.323,103.421,104.105,1641905
2016-04-20,104.371,104.491,103.214,103.679,1784183
2016-04-21,99.7889,100.937,98.3455,98.5019,4076499
2016-04-22,99.4521,101.293,98.9573,101.105,2401979
2016-04-25,100.937,101.214,100.007,100.581,1064560
2016-04-26,101.284,101.748,100.947,101.432,1708284
2016-04-27,101.729,102.382,100.571,100.927,1395933
2016-04-28,99.9371,101.303,99.6208,100.739,1810613
2016-04-29,100.393,100.699,98.0218,98.6207,2584386
2016-05-02,98.4237,99.3631,97.3922,99.3531,1556201
2016-05-03,98.3356,98.4633,97.3724,97.8258,1459080
2016-05-04,96.9161,97.6883,96.4855,96.9934,1189047
2016-05-05,97.3922,97.8456,96.6944,96.9834,907008
2016-05-06,96.5628,97.1111,96.0896,97.1111,1307577
2016-05-09,96.9458,97.033,96.1866,96.3301,1167466
2016-05-10,96.6498,97.5585,96.1568,97.4804,911883
2016-05-11,97.4902,97.9139,96.2727,96.3113,1810587
2016-05-12,97.033,97.3051,95.3432,96.3796,1260691
2016-05-13,96.4558,96.8884,95.4521,95.653,1726190
2016-05-16,96.0995,97.3922,96.0045,96.9646,1660440
2016-05-17,96.6746,97.0626,95.6431,95.9361,1368586
2016-05-18,95.8649,96.64,95.0859,95.3719,2226619
2016-05-19,95.0284,95.6065,94.1039,94.7087,1287015
2016-05-20,95.362,95.9559,94.971,95.2086,1010908
2016-05-23,95.1908,95.7778,94.8512,95.4095,1656834
2016-05-24,95.5383,96.9547,95.4373,96.6112,1210045
2016-05-25,97.0626,97.4804,96.5628,97.121,892975
2016-05-26,97.1398,97.7278,96.4756,96.5628,764870
2016-05-27,96.8003,97.4606,96.1964,97.3526,816945
2016-05-31,97.4012,97.5981,96.1094,96.5528,2015850
2016-06-01,96.2064,97.0132,95.4709,96.8191,1114426
2016-06-02,96.2549,97.0032,95.8362,97.0032,847620
2016-06-03,96.8884,96.9735,95.8074,96.543,1493222
2016-06-06,96.9161,97.5981,96.5528,96.926,1043938
2016-06-07,96.9547,97.1398,96.2648,96.6212,1381378
2016-06-08,96.8785,99.7591,96.3975,99.4621,2128311
2016-06-09,98.8186,99.0562,98.1881,99.0067,2999887
2016-06-10,98.4237,98.5019,97.52,97.9535,1400672
2016-06-13,97.6685,97.9535,96.4944,96.5628,1498991
2016-06-14,96.2064,96.6944,95.4095,96.0045,1362715
2016-06-15,96.1964,96.4944,95.4808,95.5778,1178408
2016-06-16,94.6899,95.9361,94.194,95.8827,940610
2016-06-17,95.9263,97.0626,95.5877,96.9834,2015589
2016-06-20,97.9733,98.3851,97.121,97.1883,1369630
2016-06-21,97.4012,97.4012,96.6845,96.8785,1306476
2016-06-22,97.1685,97.1685,96.534,96.6598,1360244
2016-06-23,98.3554,99.7591,98.1089,99.7193,2318109
2016-06-24,96.9072,96.9072,91.6332,92.1103,4262416
2016-06-27,90.9125,90.968,87.9341,88.4784,3846937
2016-06-28,89.6119,90.1573,88.2379,90.1573,2165370
2016-06-29,91.3926,92.0994,91.056,91.8856,1765470
2016-06-30,91.9608,93.3685,91.4402,93.3685,2446057
2016-07-01,93.5288,94.584,93.2972,93.7149,1488253
2016-07-05,93.1655,93.1734,91.2679,92.0331,2117879
2016-07-06,91.6233,92.3666,91.1947,92.334,1619053
2016-07-07,92.5903,93.0349,91.9134,92.3766,1726508
2016-07-08,93.3951,95.5778,93.221,95.3056,1839459
2016-07-11,95.5877,95.9659,95.3996,95.5778,995829
2016-07-12,96.4361,98.1683,96.2064,97.4506,1566068
2016-07-13,97.8258,98.2168,96.8003,98.1386,1381429
2016-07-14,98.4633,98.6306,97.1398,97.3824,1515913
2016-07-15,97.7476,98.1485,96.9458,97.9733,1496063
2016-07-18,97.7278,98.1683,97.3626,97.9921,970567
2016-07-19,97.3922,97.708,96.6212,97.1586,1588582
2016-07-20,97.5397,98.7592,97.2379,98.6602,2633414
2016-07-21,97.7278,98.7494,96.4459,97.3437,2386884
2016-07-22,97.3437,97.3437,96.1964,96.534,1906053
2016-07-25,96.1292,96.2351,95.3808,95.5581,1863604
2016-07-26,95.9945,95.9945,95.1809,95.7124,2548977
2016-07-27,95.8174,95.8174,94.8116,95.1037,1813560
2016-07-28,94.7829,95.3056,93.9812,94.5741,2017145
2016-07-29,94.1257,94.3553,92.9983,93.8743,2350909
2016-08-01,93.3219,94.194,92.9983,93.8387,1831390
2016-08-02,94.0376,94.0376,92.6537,92.9507,1643564
2016-08-03,93.3506,93.5842,92.238,93.5367,2694579
2016-08-04,93.509,93.9812,93.1002,93.3219,1430171
2016-08-05,93.7832,94.1198,93.5565,93.6298,1186408
2016-08-08,94.0088,94.2325,93.6496,94.0376,1345982
2016-08-09,93.9129,94.6899,93.7634,93.9317,1161109
2016-08-10,94.2227,94.5642,93.6882,94.2227,1223306
2016-08-11,94.3454,94.8414,93.99,94.2693,1217919
2016-08-12,94.1445,94.391,93.3318,93.5932,1086223
2016-08-15,93.7258,94.2791,93.6208,94.0188,1152535
2016-08-16,94.0544,94.8216,93.2774,93.2774,1430155
2016-08-17,93.2872,93.6298,92.6072,93.221,1381160
2016-08-18,93.221,93.5654,93.0161,93.3863,1152179
2016-08-19,92.8963,94.382,92.8963,94.2593,1211133
2016-08-22,93.99,94.7553,93.603,94.6899,1276190
2016-08-23,95.266,96.0896,95.0383,95.7976,1490860
2016-08-24,95.6431,96.4173,95.3907,95.748,2009359
2016-08-25,95.4808,96.4855,95.4373,96.0708,1015638
2016-08-26,96.2727,96.8785,94.869,95.1611,1033021
2016-08-29,95.3056,97.1012,95.3056,96.8291,1446377
2016-08-30,96.6112,96.9161,96.0045,96.5628,1151727
2016-08-31,96.3796,96.3796,94.8888,95.2759,1546974
2016-09-01,95.4095,95.6629,94.584,95.3719,1032914
2016-09-02,96.0619,96.3697,95.6828,96.34,736311
2016-09-06,96.631,97.1685,96.3113,96.8488,1468020
2016-09-07,96.534,97.0032,95.7778,96.0529,1486581
2016-09-08,95.8748,96.1866,94.7453,94.7651,1158289
2016-09-09,94.1198,94.1198,90.678,90.768,2598243
2016-09-12,90.4305,92.6834,90.3741,92.4904,1774678
2016-09-13,91.5402,91.75,90.5216,91.0372,1583754
2016-09-14,90.9601,91.2392,89.9653,90.6116,1220755
2016-09-15,90.6216,91.4402,90.3394,91.1145,1332873
2016-09-16,90.5651,90.7314,89.802,90.191,2207496
2016-09-19,90.8314,91.3926,90.4761,90.968,1406822
2016-09-20,90.3661,91.75,90.3661,91.1313,1464411
2016-09-21,91.6134,92.2954,91.1313,92.2192,1271114
2016-09-22,93.1556,93.7931,92.626,92.8319,1277541
2016-09-23,92.8042,93.3773,92.5073,92.9408,1832247
2016-09-26,92.7666,92.9507,91.8044,91.9222,1031566
2016-09-27,91.7945,92.3666,91.3837,92.2093,1433847
2016-09-28,92.626,93.5565,92.1371,93.211,1445371
2016-09-29,93.2774,93.5654,91.7658,91.85,1292145
2016-09-30,92.3854,93.4625,92.3854,93.0161,1907215
2016-10-03,92.9408,93.6396,92.9408,93.0913,1498112
2016-10-04,93.4149,93.6792,91.6134,91.841,1734061
2016-10-05,92.0727,92.4617,91.3926,91.4224,1013756
2016-10-06,91.2581,92.1271,91.0947,91.9678,1198584
2016-10-07,87.4697,87.7489,83.2569,84.3566,7883888
2016-10-10,84.8773,85.491,83.8974,84.4625,3610793
2016-10-11,83.9221,83.9221,82.3571,83.0698,4619739
2016-10-12,83.148,83.2995,82.2829,82.7421,2412488
2016-10-13,81.9047,83.1223,81.2762,82.9055,2892683
2016-10-14,83.4727,83.7984,83.2945,83.341,2719002
2016-10-17,83.341,83.5915,83.0144,83.3926,2131473
2016-10-18,84.3735,84.4437,83.5093,83.5281,1463883
2016-10-19,83.5361,83.8618,82.9422,83.3034,2407191
2016-10-20,83.4202,85.0218,83.2569,83.3926,2675540
2016-10-21,82.274,83.3312,81.4306,83.1401,2630005
2016-10-24,83.4727,84.1557,83.4282,83.9122,2205339
2016-10-25,81.4929,82.8531,80.6743,82.0958,4820654
2016-10-26,81.9047,83.3569,81.9047,83.2658,2795441
2016-10-27,83.7261,84.2636,83.4628,84.0141,2545861
2016-10-28,84.0953,85.0763,83.0431,83.5825,2291523
2016-10-31,84.0141,84.0953,83.5281,83.8162,2414466
2016-11-01,83.9221,84.23,82.573,83.4628,2471579
2016-11-02,83.5657,84.5883,83.1312,83.1401,2475013
2016-11-03,83.4806,83.8251,82.4898,82.573,1830676
2016-11-04,82.8174,84.2933,82.3849,83.5281,1698460
2016-11-07,84.7447,84.9783,84.2122,84.9119,2296447
2016-11-08,84.8041,86.0335,84.5071,85.6266,1872214
2016-11-09,83.4756,86.7393,82.1354,86.1226,3568770
2016-11-10,86.6848,88.7645,86.5681,87.5529,3127629
2016-11-11,87.0561,87.9153,86.3047,86.5591,2228149
2016-11-14,87.1273,87.5361,85.982,86.8116,2215340
2016-11-15,86.856,87.255,86.3226,86.9749,1968105
2016-11-16,86.7304,87.2837,86.6393,87.0917,1810535
2016-11-17,87.4619,87.5163,86.8521,87.3164,1237766
2016-11-18,86.9749,86.9749,85.9722,86.0335,1379511
2016-11-21,86.368,87.0639,86.1423,86.9372,1999426
2016-11-22,87.1728,87.4075,86.7928,87.3243,1674636
2016-11-23,87.2986,88.2933,87.0917,88.2023,1423605
2016-11-25,88.2409,88.6923,87.9865,88.6923,533914
2016-11-28,88.5012,88.53,87.4619,87.9865,1373696
2016-11-29,87.9865,88.9804,87.5965,88.5735,1624156
2016-11-30,88.9892,89.1981,86.6115,86.7026,2992119
2016-12-01,87.1441,87.4896,85.7277,86.077,2704180
2016-12-02,86.1226,86.3136,85.0922,85.4841,2307130
2016-12-05,86.1879,87.6608,86.0681,86.7581,1808564
2016-12-06,86.7482,87.0947,86.3314,86.9659,1502540
2016-12-07,87.0461,88.7645,86.9561,88.7369,1750005
2016-12-08,88.7369,90.0811,88.4666,89.8474,1653104
2016-12-09,89.9118,90.5394,89.405,89.7494,1499395
2016-12-12,89.5416,90.2474,88.3577,89.1605,1691169
2016-12-13,88.6923,88.9268,87.353,87.7162,2352498
2016-12-14,87.7341,88.4666,86.6848,86.9194,1744618
2016-12-15,86.9471,87.7796,86.4314,86.856,1863871
2016-12-16,86.8284,87.3985,86.5681,86.6927,2268291
2016-12-19,86.8194,87.5529,86.7393,86.9659,1630245
2016-12-20,87.0015,87.1273,86.368,86.4404,1569534
2016-12-21,86.2157,86.9471,85.9068,86.6492,1316624
2016-12-22,86.7106,86.7581,85.7989,85.8593,1302854
2016-12-23,85.8979,85.8979,84.7774,85.5812,2009467
2016-12-27,85.9068,86.7026,85.7563,86.6313,1327998
2016-12-28,87.0739,87.1926,85.493,85.5643,1266545
2016-12-29,85.591,86.1503,85.5643,86.1423,1272547
2016-12-30,86.2533,86.3136,85.3733,85.6435,1381540
2017-01-03,86.2533,86.7393,85.4742,86.0869,1502591
2017-01-04,86.5037,88.1419,86.4314,87.9153,1476471
2017-01-05,87.1828,87.3243,86.2255,86.4216,1430026
2017-01-06,86.5591,86.8937,86.1226,86.3968,1526655
2017-01-09,85.9068,87.1828,85.6524,87.0827,1608885
2017-01-10,86.8284,87.353,86.4641,87.1174,1569733
2017-01-11,86.9927,87.3708,86.3878,87.3342,1294351
2017-01-12,87.1728,87.648,86.5849,87.5529,1136554
2017-01-13,87.5163,87.7608,86.9194,87.0561,1347720
2017-01-17,86.5769,86.8382,85.5208,86.7393,2491201
2017-01-18,86.7393,87.5361,86.4592,87.3896,2372827
2017-01-19,88.429,89.4604,86.768,88.1231,3737376
2017-01-20,88.6012,90.2186,88.4577,89.4772,3103218
2017-01-23,89.2427,90.6602,89.209,90.6018,2589762
2017-01-24,91.0472,92.6924,90.7769,92.0064,2504589
2017-01-25,92.3766,92.4518,91.1759,91.355,2331699
2017-01-26,91.8589,92.1905,91.066,92.0529,1761093
2017-01-27,91.9044,92.3053,91.4856,92.2093,1475523
2017-01-30,92.334,92.334,90.7769,92.2192,2208520
2017-01-31,91.9322,92.0628,89.7396,90.3939,2845200
2017-02-01,90.0653,91.066,89.4772,90.8878,1818525
2017-02-02,90.8393,91.355,90.4215,90.9057,2181365
2017-02-03,91.3837,91.4224,90.7591,91.2313,1019637
2017-02-06,90.669,91.2749,89.9741,90.3127,1776893
2017-02-07,90.4215,91.1214,90.1732,90.3939,1199480
2017-02-08,90.4582,90.6304,89.9919,90.4761,1138678
2017-02-09,90.5572,90.8225,90.191,90.5027,803665
2017-02-10,90.5651,91.2392,90.4037,90.869,1034318
2017-02-13,91.2313,91.5134,90.9601,91.1145,1085936
2017-02-14,91.2046,91.9608,90.8037,91.7945,1693888
2017-02-15,91.6421,92.2568,91.5659,92.0994,929631
2017-02-16,92.3766,92.5517,91.6332,92.3498,968637
2017-02-17,92.2954,92.8873,91.4124,92.8873,1439258
2017-02-21,93.0071,93.5842,92.8676,93.4625,2494349
2017-02-22,92.9131,93.7634,92.8488,93.2872,2150515
2017-02-23,93.6792,93.6792,92.731,93.1002,1676477
2017-02-24,92.6735,93.7832,92.5003,93.7535,1486289
2017-02-27,93.5367,93.8189,92.7943,92.9596,1266328
2017-02-28,92.8488,93.2398,92.5251,92.9408,1407838
2017-03-01,93.8663,94.2039,93.509,93.7347,1852287
2017-03-02,93.7446,93.7446,92.8319,92.8963,1541656
2017-03-03,92.9408,93.6208,92.2657,92.6072,1187265
2017-03-06,92.5161,92.5251,91.6035,91.8222,1022766
2017-03-07,91.7658,91.8688,91.3491,91.449,1335595
2017-03-08,91.3243,102.976,91.0472,96.926,13891283
2017-03-09,96.1766,96.1766,92.0242,93.3951,6336900
2017-03-10,94.3177,94.8414,92.5073,92.6349,3303885
2017-03-13,92.7943,93.221,92.1815,93.1734,1586340
2017-03-14,92.9785,92.9785,92.0529,92.3142,1332000
2017-03-15,93.3595,94.7365,92.731,94.4108,1972006
2017-03-16,94.9611,94.9611,93.4803,94.0286,1316581
2017-03-17,94.7186,95.266,93.801,94.8116,3276362
2017-03-20,94.584,95.9263,92.8774,95.7976,2836299
2017-03-21,95.6253,96.4073,94.7553,94.8018,2265523
2017-03-22,94.7265,94.7265,93.1388,94.6038,2252861
2017-03-23,94.3078,95.6926,93.9129,94.9314,2026422
2017-03-24,94.8216,95.1413,93.9712,94.1742,1415424
2017-03-27,93.2398,94.382,92.7408,94.2039,1750295
2017-03-28,94.2325,95.5481,93.9812,95.2363,1195594
2017-03-29,95.1611,96.1292,94.869,95.9757,1260914
2017-03-30,95.6828,96.138,95.4174,95.4808,1557731
2017-03-31,95.2086,95.748,94.3177,95.3432,1362733
2017-04-03,95.7312,95.8451,94.5364,95.3432,1452465
2017-04-04,95.3432,95.5383,94.8512,95.0581,1338154
2017-04-05,95.266,96.8003,94.869,95.266,1833885
2017-04-06,95.4373,96.0529,95.2561,95.5185,1374386
2017-04-07,95.4095,96.3697,95.4095,96.2262,1230662
2017-04-10,96.0797,96.5628,95.5095,95.9945,1134797
2017-04-11,95.7214,96.2816,95.1413,96.2351,1272186
2017-04-12,95.7312,95.7312,94.8414,95.3244,1294411
2017-04-13,95.266,95.5581,94.6216,94.7453,944976
2017-04-17,95.1037,95.6926,94.6701,95.6253,947515
2017-04-18,95.1413,95.6154,94.6701,95.0383,1265813
2017-04-19,95.2363,96.0045,94.9809,95.266,1296598
2017-04-20,95.855,96.7409,94.6899,96.534,2458175
2017-04-21,96.7904,97.2279,96.1192,96.1192,2253611
2017-04-24,98.0218,98.198,96.9934,98.002,2310752
2017-04-25,98.1584,100.779,98.1584,100.551,2581674
2017-04-26,100.62,100.62,99.4423,100.244,1468559
2017-04-27,100.323,101.61,100.075,100.986,1891070
2017-04-28,100.769,100.769,99.6407,99.6695,1153686
2017-05-01,99.5014,99.779,99.0067,99.3037,778576
2017-05-02,99.5213,102.52,98.9968,99.3136,1222385
2017-05-03,99.175,99.5114,98.9473,99.076,1022076
2017-05-04,99.1849,100.065,99.0958,99.7193,1214576
2017-05-05,99.8088,101.036,99.6596,100.313,1337909
2017-05-08,99.9471,100.125,98.5019,98.7592,1438534
2017-05-09,98.7988,99.0067,97.9436,98.2168,1382000
2017-05-10,98.296,98.8582,97.9921,98.2168,1146402
2017-05-11,97.7377,98.1287,96.7904,97.8753,1239252
2017-05-12,97.7179,97.8852,97.2665,97.5496,549541
2017-05-15,97.5882,98.7494,97.5882,98.3356,802037
2017-05-16,98.2861,98.4237,97.6783,97.8357,659262
2017-05-17,97.1685,97.52,95.9847,96.0529,1420935
2017-05-18,96.1766,96.64,95.5283,95.9757,1457081
2017-05-19,95.7214,97.5585,95.7214,97.1883,1187264
2017-05-22,97.3922,97.6081,96.6845,96.9161,1053479
2017-05-23,96.9646,97.51,96.6212,97.1685,872251
2017-05-24,97.2467,97.8555,96.7023,97.3824,576123
2017-05-25,97.5981,97.9238,97.0528,97.3526,1471954
2017-05-26,97.1784,98.0396,96.9646,97.6685,729890
2017-05-30,97.4408,97.4408,96.4261,96.9646,1070758
2017-05-31,97.1398,97.1398,96.245,96.8587,1863490
2017-06-01,96.9735,100.601,96.8884,99.4027,2414389
2017-06-02,99.3829,100.769,98.9869,100.551,1443377
2017-06-05,100.165,100.511,98.6504,98.69,1170739
2017-06-06,98.2267,98.8681,98.0218,98.7098,1381474
2017-06-07,98.8781,99.0364,97.9436,98.2168,2102963
2017-06-08,97.7763,98.3554,97.121,98.2861,1416144
2017-06-09,98.4237,100.105,98.4237,100.105,1775967
2017-06-12,100.165,100.947,99.8973,100.293,2412022
2017-06-13,100.225,101.61,100.037,101.61,1490796
2017-06-14,101.709,101.729,101.115,101.55,980460
2017-06-15,100.601,101.65,100.601,101.382,1074984
2017-06-16,101.284,101.758,100.947,101.244,2395730
2017-06-19,101.56,101.61,101.066,101.194,1364016
2017-06-20,100.986,101.313,100.739,100.887,971029
2017-06-21,101.085,101.284,100.601,100.799,1507132
2017-06-22,100.877,101.026,100.541,100.699,1300907
2017-06-23,100.63,101.115,100.471,100.799,1584226
2017-06-26,100.679,101.145,100.462,100.927,806697
2017-06-27,100.62,101.303,100.62,100.62,1050352
2017-06-28,101.085,101.372,100.986,101.155,2160392
2017-06-29,101.145,101.372,99.5014,99.8575,917804
2017-06-30,100.323,100.66,99.8675,100.135,863830
2017-07-03,100.739,101.184,100.353,100.739,418958
2017-07-05,101.293,101.63,100.363,100.799,692675
2017-07-06,100.571,100.749,99.9968,100.215,949748
2017-07-07,100.491,101.214,100.115,101.085,766718
2017-07-10,100.848,101.452,100.848,101.076,1174004
2017-07-11,101.184,101.353,100.679,101.066,823869
2017-07-12,101.699,102.164,101.333,101.858,1558024
2017-07-13,101.808,102.56,101.748,102.332,995336
2017-07-14,102.57,103.036,102.284,102.719,722665
2017-07-17,102.719,103.333,102.452,102.867,512178
2017-07-18,102.758,102.887,102.105,102.857,907519
2017-07-19,103.026,103.531,102.62,103.471,1210268
2017-07-20,99.8088,99.8088,96.3796,97.1784,5139690
2017-07-21,96.7706,97.8258,96.7706,96.8686,2939218
2017-07-24,95.7976,96.3885,95.3344,95.9757,2818751
2017-07-25,96.7211,97.9337,96.4173,97.5397,2000969
2017-07-26,97.5585,97.6467,97.0913,97.2081,1152813
2017-07-27,97.2765,97.6179,96.0529,96.6845,2082442
2017-07-28,96.6845,97.023,96.0133,96.5628,1893564
2017-07-31,96.8191,96.9359,95.6065,95.855,1722341
2017-08-01,95.8649,96.1766,95.2759,95.7214,2309697
2017-08-02,95.5481,97.2963,95.4095,96.731,2168187
2017-08-03,96.9458,96.9458,94.5939,95.3155,2329635
2017-08-04,95.5679,95.8748,94.9987,95.6253,929669
2017-08-07,95.8074,96.4558,95.5778,95.748,1255334
2017-08-08,95.3522,95.5095,94.382,94.5741,1528810
2017-08-09,94.2425,94.9611,94.0188,94.5464,2088497
2017-08-10,94.0188,94.3177,92.5805,92.6834,2278872
2017-08-11,92.8873,92.8873,91.8688,92.1271,1680435
2017-08-14,93.0259,94.0188,92.5617,93.7931,1425814
2017-08-15,93.8287,94.4008,93.5189,94.1445,1456985
2017-08-16,94.3632,95.0086,93.9614,94.8888,1442976
2017-08-17,94.7186,95.0947,93.9039,93.9039,1083879
2017-08-18,93.6882,94.0643,93.2398,93.3595,1944868
2017-08-21,93.3773,93.7634,93.0349,93.6496,1477838
2017-08-22,93.8841,95.8074,93.6298,95.6065,1088770
2017-08-23,95.1215,95.4996,94.7453,94.7829,974700
2017-08-24,95.0383,95.6333,94.7553,94.8602,749310
2017-08-25,95.0947,95.1908,94.4108,94.869,944599
2017-08-28,95.0086,95.4521,94.7265,95.2462,884986
2017-08-29,94.6216,95.1413,94.2325,94.9987,947833
2017-08-30,94.7731,95.3907,94.6315,94.9512,1422876
2017-08-31,95.3155,95.5481,94.9611,95.4095,1874532
2017-09-01,95.855,95.9559,95.1987,95.653,1090747
2017-09-05,95.5383,95.758,94.4968,94.6127,1103552
2017-09-06,95.0482,95.7026,94.2979,95.2957,1662173
2017-09-07,95.462,95.462,94.2979,95.1215,1026342
2017-09-08,94.7829,95.0581,92.9319,94.7453,1323298
2017-09-11,95.5581,97.0528,95.0581,96.8587,1135949
2017-09-12,97.023,97.6367,96.534,97.5783,872320
2017-09-13,97.3249,97.4408,95.8074,96.0797,1498375
2017-09-14,96.2549,97.52,95.6629,97.3824,1479695
2017-09-15,97.1685,97.4804,96.9161,97.2181,2000476
2017-09-18,97.1398,97.8159,96.9161,97.6883,1366695
2017-09-19,97.8753,99.1255,97.6555,99.0859,1127858
2017-09-20,99.2443,99.9371,98.9473,99.5114,1576816
2017-09-21,99.3729,100.511,99.3729,99.6894,1114066
2017-09-22,99.6596,99.8575,99.1948,99.4621,1228222
2017-09-25,98.9968,100.759,98.789,99.8386,2092789
2017-09-26,100.047,100.353,98.8979,99.2344,2325071
2017-09-27,99.3531,99.6308,98.6108,98.779,1650034
2017-09-28,98.7098,99.6308,98.5019,99.5512,1741281
2017-09-29,99.4423,100.195,99.1453,99.3729,1910544
2017-10-02,99.3729,101.67,99.1552,101.531,1383296
2017-10-03,102.066,102.808,101.482,102.402,1421295
2017-10-04,102.501,103.253,102.392,102.66,1573820
2017-10-05,102.857,103.521,102.58,103.392,1205914
2017-10-06,103.253,104.401,103.045,103.609,1309820
2017-10-09,102.808,103.253,102.748,103.016,1419305
2017-10-10,103.016,103.115,102.332,102.778,1299731
2017-10-11,102.778,102.857,102.154,102.798,876228
2017-10-12,102.65,104.095,102.58,103.719,1511389
2017-10-13,104.145,104.163,103.55,103.807,1097429
2017-10-16,104.045,104.253,103.075,103.521,1444696
2017-10-17,103.481,103.857,103.134,103.323,1729233
2017-10-18,103.511,103.649,102.511,103.253,1965537
2017-10-19,101.531,105.52,100.699,104.54,2162317
2017-10-20,105.174,107.747,104.995,107.717,2477498
2017-10-23,107.638,107.846,106.758,106.916,2162021
2017-10-24,107.559,108.569,107.272,107.401,1542661
2017-10-25,107.252,107.856,106.748,107.678,1593925
2017-10-26,108.46,108.905,107.985,108.529,1116756
2017-10-27,108.381,109.628,107.252,107.866,2221033
2017-10-30,107.51,107.777,105.996,106.242,1354384
2017-10-31,106.609,107.114,106.114,106.312,1264572
2017-11-01,106.392,106.748,105.629,106.005,1246463
2017-11-02,106.184,106.282,105.658,106.242,1076510
2017-11-03,106.252,106.886,105.976,106.57,854603
2017-11-06,106.599,106.807,106.372,106.392,699326
2017-11-07,106.59,106.985,106.382,106.392,698750
2017-11-08,106.292,106.49,105.678,106.203,958977
2017-11-09,105.639,106.252,105.193,105.708,1009615
2017-11-10,105.292,105.629,105.015,105.292,989543
2017-11-13,104.907,105.49,104.797,105.183,1358975
2017-11-14,104.193,105.203,104.125,104.995,1061775
2017-11-15,104.758,104.758,103.976,104.105,1036552
2017-11-16,104.471,104.847,104.095,104.679,1519984
2017-11-17,104.669,105.095,104.273,104.501,1803950
2017-11-20,104.748,106.41,104.55,105.49,1152804
2017-11-21,106.144,106.372,105.718,105.896,865016
2017-11-22,106.164,107.015,105.817,105.827,1636361
2017-11-24,106.332,107.005,106.194,106.59,477886
2017-11-27,106.45,106.846,106.242,106.372,1302968
2017-11-28,106.738,107.817,106.738,107.747,1995713
2017-11-29,107.876,108.093,107.015,107.43,1260139
2017-11-30,107.52,108.797,107.074,107.292,2221822
2017-12-01,107.727,107.965,105.51,106.43,1678125
2017-12-04,108.243,109.183,107.272,107.945,1456395
2017-12-05,107.777,108.005,107.124,107.193,1094052
2017-12-06,107.074,107.599,106.52,106.668,973102
2017-12-07,106.52,107.144,106.392,106.599,1229244
2017-12-08,106.718,106.906,106.252,106.42,856224
2017-12-11,106.55,106.936,105.342,106.213,1033059
2017-12-12,106.262,106.728,105.896,106.392,2218964
2017-12-13,106.57,107.381,106.51,106.728,1373079
2017-12-14,106.787,107.094,103.985,104.491,2021826
2017-12-15,105.312,106.025,104.956,105.678,2763470
2017-12-18,106.154,107.005,105.906,106.618,1312128
2017-12-19,107.144,107.361,106.49,106.787,1288111
2017-12-20,106.856,107.609,106.599,106.638,1122259
2017-12-21,106.807,107.322,106.53,106.658,702684
2017-12-22,106.896,106.995,106.402,106.668,626189
2017-12-26,106.876,106.936,106.57,106.758,535100
2017-12-27,106.936,107.104,106.51,106.965,596871
2017-12-28,107.144,107.589,106.708,107.589,580746
2017-12-29,107.747,108.044,107.262,107.262,945058
2018-01-02,107.401,108.341,107.252,108.341,1018593
2018-01-03,108.341,109.073,107.559,108.509,1012693
2018-01-04,108.945,109.955,107.737,107.866,1335080
2018-01-05,108.093,109.301,107.886,109.183,1045112
2018-01-08,109.252,109.43,108.797,108.995,1372476
2018-01-09,109.301,109.42,108.479,108.539,1101219
2018-01-10,108.311,108.639,106.787,107.084,1505524
2018-01-11,107.144,108.203,106.609,107.945,1405317
2018-01-12,108.351,108.895,108.035,108.499,1597032
2018-01-16,108.856,109.252,106.648,107.114,2552912
2018-01-17,107.074,107.46,104.926,105.134,4198616
2018-01-18,106.272,112.083,105.728,108.717,4067538
2018-01-19,108.391,109.381,107.005,108.747,3205630
2018-01-22,108.569,108.945,106.836,107.223,1813898
2018-01-23,106.985,108.441,106.985,107.668,1886090
2018-01-24,107.925,109.371,107.757,109.203,2162490
2018-01-25,109.955,110.886,109.232,110.35,2675976
2018-01-26,110.618,111.568,109.856,111.538,1837050
2018-01-29,111.004,111.717,109.618,109.806,1450977
2018-01-30,109.45,109.876,108.133,108.658,1276850
2018-01-31,109.133,109.321,108.519,109.005,1524810
2018-02-01,108.489,109.044,106.104,107.985,1518184
2018-02-02,107.698,107.846,106.044,106.144,1804276
2018-02-05,105.846,107.539,102.462,102.808,2670982
2018-02-06,101.313,104.847,100.63,104.629,2605169
2018-02-07,104.531,107.183,104.183,104.787,2421466
2018-02-08,104.56,104.847,101.264,101.284,2286591
2018-02-09,102.6,103.937,99.8386,103.184,1894325
2018-02-12,103.758,105.342,103.629,104.649,1353721
2018-02-13,104.145,105.431,103.402,105.193,1550691
2018-02-14,104.521,107.262,104.223,106.797,1398250
2018-02-15,107.144,107.421,105.827,107.114,1385299
2018-02-16,106.787,108.044,106.342,107.084,1080510
2018-02-20,106.372,107.044,106.372,106.372,1047422
2018-02-21,106.43,108.509,106.292,106.56,1101183
2018-02-22,107.173,107.925,106.53,106.787,915801
2018-02-23,107.549,108.401,106.807,108.262,801256
2018-02-26,108.351,108.529,107.144,108.331,1046824
2018-02-27,108.529,108.648,106.252,106.282,1183475
2018-02-28,104.797,105.738,103.521,103.649,2956783
2018-03-01,103.194,104.273,101.67,102.382,1739932
2018-03-02,101.61,102.204,101.016,101.62,1475712
2018-03-05,100.937,104.233,100.937,103.937,2166737
2018-03-06,104.233,107.064,103.887,106.054,1661055
2018-03-07,104.867,106.292,104.797,106.005,1423024
2018-03-08,106.372,106.58,105.846,106.372,1149807
2018-03-09,107.134,108.519,106.876,108.441,1532220
2018-03-12,108.441,109.331,106.54,107.341,1402841
2018-03-13,108.025,108.599,106.43,106.995,1452027
2018-03-14,107.361,107.619,105.708,106.025,1085449
2018-03-15,106.194,106.768,105.035,105.332,1222748
2018-03-16,105.342,106.194,104.936,105.926,2614364
2018-03-19,105.47,105.866,103.807,104.352,1203457
2018-03-20,105.986,106.52,104.797,104.936,1569806
2018-03-21,105.075,106.402,104.817,105.025,1338590
2018-03-22,104.263,104.847,102.392,102.58,1357273
2018-03-23,102.709,103.689,100.828,100.917,1488139
2018-03-26,101.956,103.342,101.412,103.174,1288282
2018-03-27,103.788,105.005,102.738,103.154,1660509
2018-03-28,103.421,104.005,101.343,101.382,2187980
2018-03-29,101.719,103.729,101.432,102.857,1385413
2018-04-02,102.808,102.838,98.6702,99.7989,1632458
2018-04-03,99.9968,101.788,99.3433,101.57,2390040
2018-04-04,99.9073,102.204,99.4915,102.114,1366330
2018-04-05,102.946,103.531,102.362,102.917,1597543
2018-04-06,101.956,103.105,99.9172,100.828,1820331
2018-04-09,101.67,102.64,100.808,101.036,1377972
2018-04-10,101.956,102.52,101.313,101.719,1655859
2018-04-11,100.818,101.274,100.065,100.729,1409094
2018-04-12,101.174,101.788,100.115,101.432,2063451
2018-04-13,101.986,102.234,100.986,101.402,1286641
2018-04-16,102.194,103.243,101.818,103.016,1886992
2018-04-17,103.441,104.599,102.907,104.223,1740413
2018-04-18,104.431,104.916,103.947,104.323,2339991
2018-04-19,104.847,104.975,99.8973,101.066,2575589
2018-04-20,100.897,101.55,99.779,100.333,2138556
2018-04-23,100.273,101.224,100.175,100.343,1552596
2018-04-24,100.432,100.887,96.2162,97.4902,2573705
2018-04-25,99.0463,100.907,97.6269,99.4225,2874077
2018-04-26,99.5114,99.6308,98.0991,99.2641,1273413
2018-04-27,98.9177,99.8575,98.8186,99.5114,1109553
2018-04-30,100.007,100.363,97.4704,97.5882,1533101
2018-05-01,96.8785,98.5811,95.8649,98.5613,1428410
2018-05-02,98.68,98.8781,97.1487,97.4308,2050389
2018-05-03,97.2765,97.8951,96.1094,96.7508,1390071
2018-05-04,96.3014,98.6602,95.9847,98.0594,1295340
2018-05-07,98.1386,98.6207,97.3626,97.904,1082430
2018-05-08,97.7763,98.789,97.6555,98.3256,977089
2018-05-09,98.789,99.4125,98.2168,99.0859,1245947
2018-05-10,99.2641,99.6994,98.0495,98.2168,2108296
2018-05-11,97.9832,98.3851,92.8963,92.9596,7870341
2018-05-14,93.5288,95.3056,93.4625,95.3056,4018678
2018-05-15,95.1215,95.5581,94.2227,95.362,1931493
2018-05-16,94.3177,96.245,93.6882,95.8074,2258301
2018-05-17,95.5778,96.9161,95.5679,96.6498,1396754
2018-05-18,96.4173,97.4704,96.2915,97.1398,3057341
2018-05-21,97.6555,97.9921,97.0428,97.2081,1328526
2018-05-22,97.2081,97.4012,95.0759,95.1809,1673856
2018-05-23,94.6414,95.3155,94.1346,95.0671,1417926
2018-05-24,94.7453,95.266,93.9515,94.879,1174866
2018-05-25,94.4494,95.8174,94.1128,95.7124,1211593
2018-05-29,94.8216,95.4373,93.1298,93.5288,1748456
2018-05-30,93.9812,94.2693,92.8963,93.8841,2236408
2018-05-31,94.1198,94.2039,93.3219,93.4149,1916960
2018-06-01,94.0188,95.2759,93.3685,94.4206,1534692
2018-06-04,94.8314,95.1987,94.391,94.8116,1095336
2018-06-05,94.8414,95.2561,94.391,94.879,923586
2018-06-06,94.9038,96.3598,94.2881,96.1964,1476789
2018-06-07,96.4459,96.4558,94.7928,95.4174,1362632
2018-06-08,95.3244,96.6212,94.9038,96.4073,1561006
2018-06-11,96.1568,96.631,95.7678,96.1964,1182615
2018-06-12,96.2648,96.5528,95.0759,95.8362,2389425
2018-06-13,95.9025,96.3113,95.362,95.6154,2583688
2018-06-14,95.9025,96.4261,95.0581,96.2262,2237889
2018-06-15,96.3499,97.5783,96.1668,97.5397,3480811
2018-06-18,96.6845,97.1883,96.0331,97.1784,2137582
2018-06-19,96.3113,96.534,95.3344,96.3885,2823823
2018-06-20,96.2727,97.4308,96.2727,97.315,1956134
2018-06-21,97.0132,97.0132,95.8748,96.543,3751582
2018-06-22,96.8686,97.9921,96.7508,97.5783,4516467
2018-06-25,97.2863,97.3526,96.731,97.2863,3430756
2018-06-26,97.6685,98.8088,97.4606,97.9733,2241726
2018-06-27,98.3653,98.4336,97.1685,97.2863,2340875
2018-06-28,97.6555,98.9968,96.1668,97.8654,3061161
2018-06-29,97.8456,98.1386,95.9559,96.0045,3321369
2018-07-02,95.0759,95.6926,93.6496,95.0383,2489462
2018-07-03,95.2185,96.0995,94.2979,94.4108,864963
2018-07-05,94.3731,95.2274,94.0643,95.1511,1561650
2018-07-06,94.7453,95.653,94.3078,95.3344,1162358
2018-07-09,95.5383,96.4261,95.4174,96.1866,1265771
2018-07-10,96.3796,97.0725,95.9945,97.0032,1448712
2018-07-11,96.1766,96.9934,95.653,96.0233,1818773
2018-07-12,96.6845,96.6845,95.6154,96.1094,1595498
2018-07-13,95.7214,96.4073,95.2363,96.2549,1694779
2018-07-16,96.1192,96.2915,94.3365,94.7553,2351937
2018-07-17,94.7365,97.8159,94.488,97.5684,2345418
2018-07-18,98.4237,99.4621,97.7763,98.8186,3132734
2018-07-19,98.8186,99.0562,95.653,98.4831,2748166
2018-07-20,98.002,98.0495,97.0032,97.1784,1503805
2018-07-23,96.7607,97.2279,96.1192,96.6498,1915047
2018-07-24,96.9834,98.6207,96.6212,98.1584,1486000
2018-07-25,99.967,101.462,99.3927,101.165,2089137
2018-07-26,101.244,102.738,101.026,102.402,1602085
2018-07-27,102.066,102.264,100.452,101.313,1361059
2018-07-30,101.422,102.778,100.947,101.59,1534889
2018-07-31,101.709,102.58,101.293,102.402,1502049
2018-08-01,102.056,102.887,101.531,101.58,1248325
2018-08-02,101.204,101.699,100.551,101.204,1053823
2018-08-03,101.758,102.788,101.511,102.689,1125632
2018-08-06,102.164,102.58,101.56,102.114,923260
2018-08-07,102.312,102.57,101.68,101.788,628343
2018-08-08,101.966,101.966,100.501,101.135,861756
2018-08-09,101.174,102.284,100.501,101.541,1089770
2018-08-10,101.046,101.343,99.8187,99.9073,675667
2018-08-13,99.7591,100.056,98.1683,98.6405,1369031
2018-08-14,98.6207,99.6795,98.6207,99.3235,829650
2018-08-15,99.0364,99.6695,98.0218,99.5014,1409191
2018-08-16,100.263,100.848,99.8187,100.313,1305181
2018-08-17,100.423,101.115,99.9172,100.799,831627
2018-08-20,101.214,102.719,100.868,102.016,1601367
2018-08-21,102.244,103.947,101.976,103.283,1707719
2018-08-22,103.243,103.521,102.501,102.818,1368062
2018-08-23,102.491,103.016,101.956,102.056,1494942
2018-08-24,102.472,103.036,102.026,102.838,934701
2018-08-27,102.986,103.619,102.778,103.333,1223243
2018-08-28,103.55,103.55,101.926,102.144,1619588
2018-08-29,102.254,103.956,101.699,103.817,1512835
2018-08-30,103.531,103.531,102.442,102.877,954646
2018-08-31,102.6,103.471,102.124,102.768,1029247
2018-09-04,102.728,102.788,101.412,102.154,994472
2018-09-05,101.66,103.194,101.125,102.818,1756557
2018-09-06,103.154,104.323,102.758,104.115,1395376
2018-09-07,103.6,104.005,102.788,103.679,924514
2018-09-10,104.233,104.619,103.609,104.203,1059027
2018-09-11,103.807,105.154,103.531,104.679,1385971
2018-09-12,104.491,104.659,103.679,104.145,1306481
2018-09-13,104.975,105.788,104.441,105.015,1110711
2018-09-14,104.887,105.292,103.679,104.283,1415616
2018-09-17,104.391,105.441,104.025,105.045,1521709
2018-09-18,105.51,105.748,104.609,105.302,1073508
2018-09-19,105.678,107.144,105.312,106.975,1645303
2018-09-20,107.47,108.311,107.134,107.777,1355107
2018-09-21,108.321,108.529,107.43,107.827,3751028
2018-09-24,105.055,105.976,102.481,104.767,2577650
2018-09-25,105.075,105.193,103.164,103.699,1752146
2018-09-26,103.679,104.273,102.422,102.62,1533051
2018-09-27,102.62,102.62,101.284,101.343,1943466
2018-09-28,101.155,101.491,99.591,101.462,2642445
2018-10-01,101.956,102.56,101.65,102.036,1439263
2018-10-02,102.154,102.926,102.124,102.442,1414094
2018-10-03,102.867,103.57,100.967,101.095,2625046
2018-10-04,100.591,101.264,99.8774,100.838,1392814
2018-10-05,100.759,101.264,100.105,100.423,933868
2018-10-08,100.423,102.046,100.225,101.888,1409271
2018-10-09,93.0349,94.7553,91.3996,91.6332,11213887
2018-10-10,94.0742,94.4108,90.7294,92.5983,5552975
2018-10-11,92.3222,92.7943,89.3545,89.6049,2971180
2018-10-12,90.4057,91.1036,87.7658,88.4062,2634505
2018-10-15,88.1746,89.8752,87.738,89.3912,2533230
2018-10-16,89.8276,91.4243,89.2248,91.2779,1994462
2018-10-17,91.0838,91.6332,90.4711,91.2234,2866832
2018-10-18,92.2558,93.5466,90.5552,92.0321,3781973
2018-10-19,93.3071,94.6701,92.7586,94.2693,3675396
2018-10-22,94.4692,94.68,92.8042,94.5186,4143207
2018-10-23,93.0725,94.0188,91.3808,93.5565,3306315
2018-10-24,92.8774,93.509,90.6849,90.9066,3216992
2018-10-25,95.7026,96.8191,93.2872,96.4261,4885563
2018-10-26,95.362,96.6498,93.9712,95.5966,3039656
2018-10-29,97.6685,98.4732,94.2881,95.653,4580435
2018-10-30,95.7392,97.2467,94.9414,96.8973,3302869
2018-10-31,97.6179,98.9968,96.9161,97.708,2791161
2018-11-01,97.708,99.8287,97.708,99.2245,1588606
2018-11-02,99.3433,100.383,98.1881,99.3829,1414969
2018-11-05,99.3235,99.6894,98.5117,98.9771,1586257
2018-11-06,99.1453,99.8774,98.8186,99.8088,1005225
2018-11-07,100.403,101.878,99.1156,101.838,1398122
2018-11-08,101.353,101.738,98.7394,101.482,1101706
2018-11-09,101.046,101.412,99.3037,100.571,960914
2018-11-12,100.561,100.779,98.2663,98.4237,2327598
2018-11-13,98.6602,98.9771,97.121,97.4012,3921682
2018-11-14,98.2366,99.6208,97.7575,98.3752,1440666
2018-11-15,97.7674,100.591,97.1299,99.9769,1472799
2018-11-16,99.5611,100.877,98.8582,100.065,2357279
2018-11-19,100.244,101.521,99.7889,100.561,1382747
2018-11-20,99.2839,99.6208,97.9238,98.8781,2077582
2018-11-21,99.5412,101.234,99.2839,99.7491,1177605
2018-11-23,99.0463,100.937,98.9869,100.175,408962
2018-11-26,100.858,100.986,99.769,100.225,1853272
2018-11-27,99.6596,100.175,98.4633,98.8186,1011368
2018-11-28,99.0364,100.581,97.5882,100.511,1368196
2018-11-29,101.125,102.174,100.611,101.303,2788292
2018-11-30,101.085,102.699,101.085,102.086,2101102
2018-12-03,103.075,104.035,102.076,103.253,1292042
2018-12-04,103.115,103.421,99.4816,99.6695,1560931
2018-12-06,98.4633,98.8285,96.3697,98.8088,1857158
2018-12-07,99.1255,100.413,95.8074,96.3975,1268978
2018-12-10,96.3014,96.9547,94.4306,96.6212,1294727
2018-12-11,98.1881,98.7692,95.8074,96.2162,894008
2018-12-12,97.1398,97.8654,96.5816,96.6212,913208
2018-12-13,96.8003,97.2467,93.8287,94.2227,1725778
2018-12-14,93.3219,94.1544,91.1214,93.509,2535650
2018-12-17,93.4051,93.8387,90.178,90.6988,1592416
2018-12-18,91.3273,92.1381,89.8979,90.2988,1804184
2018-12-19,91.4481,93.0725,89.4772,90.0465,1806252
2018-12-20,91.0254,92.3894,89.692,90.6444,2492544
2018-12-21,90.9145,92.9319,89.9078,89.9445,2517230
2018-12-24,89.6821,91.5956,89.0378,89.2723,1178018
2018-12-26,89.4961,92.728,88.1607,92.6993,1403532
2018-12-27,91.7837,94.7186,91.5134,94.7087,1531852
2018-12-28,94.9611,95.9461,93.9712,94.5364,1198897
2018-12-31,95.0759,96.0896,94.5364,95.462,1245082
2019-01-02,94.3454,95.4274,93.801,94.9611,1138704
2019-01-03,94.5939,94.6899,91.1313,91.4847,1197688
2019-01-04,91.0452,94.0742,90.4117,93.2972,1929184
2019-01-07,93.2586,94.9809,92.4855,93.603,1368348
2019-01-08,94.0742,94.9038,92.9269,94.382,1764878
2019-01-09,94.6414,95.0482,93.611,94.7829,1146876
2019-01-10,94.5543,95.9025,93.9416,95.855,1087216
2019-01-11,95.1511,95.5966,94.7829,95.1135,1140468
2019-01-14,94.5939,95.8074,94.2593,95.1987,931807
2019-01-15,93.4347,95.0759,92.83,94.3177,2687435
2019-01-16,94.68,96.6598,94.194,95.748,2659657
2019-01-17,96.534,100.383,96.4558,100.244,3914723
2019-01-18,98.4534,100.095,97.4506,98.4534,2407254
2019-01-22,97.9337,98.3752,96.5628,97.4408,1568743
2019-01-23,97.4012,97.8852,94.2227,95.2858,2387199
2019-01-24,95.0284,95.8451,94.6602,95.4521,1201114
2019-01-25,96.5142,97.1398,96.3113,96.6598,1367689
2019-01-28,96.0708,96.9547,95.7214,96.8389,881357
2019-01-29,96.8973,97.6269,96.1766,97.5585,1721811
2019-01-30,98.1089,98.9177,97.1685,98.0891,1116667
2019-01-31,97.421,98.8781,97.0913,98.4633,1570474
2019-02-01,98.6602,99.3927,98.0693,98.789,1012894
2019-02-04,98.68,99.3927,97.806,99.2146,1148862
2019-02-05,99.6795,99.957,98.6108,99.9272,1289636
2019-02-06,99.4521,99.6994,98.6207,99.076,992672
2019-02-07,98.6602,99.0364,97.51,97.9139,981082
2019-02-08,97.5397,97.9238,96.5241,97.9238,1053516
2019-02-11,98.1287,98.4336,97.6081,97.7961,875987
2019-02-12,98.5019,100.541,98.1881,100.481,1158802
2019-02-13,100.858,101.719,100.195,100.749,1096489
2019-02-14,100.095,100.957,99.0166,100.155,908006
2019-02-15,101.244,101.976,100.541,101.898,1117084
2019-02-19,101.412,102.312,101.145,101.541,1047059
2019-02-20,101.63,103.649,101.333,102.452,1095050
2019-02-21,102.719,103.461,102.164,103.303,842561
2019-02-22,103.966,104.669,103.59,104.511,981514
2019-02-25,105.045,105.708,104.371,105.342,1085007
2019-02-26,105.055,105.332,104.511,104.54,829643
2019-02-27,104.343,105.52,104.025,105.213,650540
2019-02-28,105.233,105.233,104.391,105.015,1065714
2019-03-01,105.728,106.272,105.114,105.758,904595
2019-03-04,105.976,106.005,103.144,104.441,1054388
2019-03-05,104.411,104.837,103.847,103.887,916929
2019-03-06,103.947,104.511,103.362,103.689,663796
2019-03-07,103.56,103.649,101.858,103.016,1108515
2019-03-08,102.234,102.838,101.145,102.808,1078868
2019-03-11,103.204,104.401,102.907,104.391,1258397
2019-03-12,103.471,105.085,103.471,104.243,1367629
2019-03-13,104.659,104.966,103.57,104.421,1625606
2019-03-14,104.135,104.213,102.224,102.857,1527385
2019-03-15,102.709,103.649,102.332,103.204,2051257
2019-03-18,103.451,104.145,102.828,104.055,1849389
2019-03-19,104.401,105.193,103.56,104.015,1620902
2019-03-20,103.966,104.55,103.431,103.937,1574649
2019-03-21,103.748,106.194,103.669,105.649,1012576
2019-03-22,103.56,103.897,99.8675,100.056,2676052
2019-03-25,100.403,101.333,99.9371,100.403,1592396
2019-03-26,101.016,101.788,100.699,101.64,1207077
2019-03-27,101.878,103.669,101.61,103.253,1818681
2019-03-28,103.927,105.134,103.669,104.777,1803248
2019-03-29,105.045,105.976,104.975,105.856,1476631
2019-04-01,106.56,107.945,106.382,107.144,1627090
2019-04-02,107.322,108.093,106.47,107.153,1025597
2019-04-03,108.084,108.529,107.084,107.46,1369077
2019-04-04,108.173,108.797,107.43,107.866,1388145
2019-04-05,107.935,108.46,107.5,107.827,893270
2019-04-08,107.658,107.757,106.698,107.302,1053605
2019-04-09,106.758,107.717,106.312,107.183,850344
2019-04-10,107.539,108.074,107.351,107.767,830849
2019-04-11,107.767,108.103,107.163,107.401,812348
2019-04-12,108.233,108.589,107.47,108.421,937994
2019-04-15,108.677,109.331,108.311,109.232,1166586
2019-04-16,109.648,111.074,109.391,111.044,2136861
2019-04-17,111.34,111.4,109.895,110.103,1769856
2019-04-18,112.36,113.776,111.825,112.419,3989806
2019-04-22,111.291,111.806,109.618,109.955,1977754
2019-04-23,110.044,111.142,109.143,110.301,1940328
2019-04-24,110.41,110.756,109.252,109.4,1107692
2019-04-25,109.073,109.073,107.945,108.361,955915
2019-04-26,108.797,110.706,108.113,110.49,965491
2019-04-29,110.658,110.658,109.727,109.856,956192
2019-04-30,109.866,110.4,109.064,110.202,954053
2019-05-01,110.638,110.638,108.233,108.301,847338
2019-05-02,107.965,109.529,107.698,109.519,862642
2019-05-03,109.974,110.48,109.44,110.311,732019
2019-05-06,108.797,109.272,107.915,109.064,869586
2019-05-07,107.896,108.203,106.688,107.351,1297672
2019-05-08,107.005,107.52,106.402,106.946,743419
2019-05-09,106.222,106.866,105.49,106.322,1109825
2019-05-10,106.005,106.382,103.907,105.718,1428955
2019-05-13,104.115,105.362,103.659,104.777,1208650
2019-05-14,104.926,105.768,104.431,105.075,806738
2019-05-15,104.709,105.986,104.451,105.431,1139007
2019-05-16,106.114,107.381,105.668,106.362,1285942
2019-05-17,105.451,105.986,104.887,105.273,1779527
2019-05-20,104.421,104.807,101.214,101.491,2098318
2019-05-21,101.194,102.808,100.471,102.65,1833306
2019-05-22,101.996,102.332,101.353,102.174,1451840
2019-05-23,101.65,101.69,100.047,100.601,1592258
2019-05-24,101.61,101.65,100.432,101.501,1047525
2019-05-28,101.274,102.056,101.105,101.274,1558565
2019-05-29,100.877,101.362,100.145,100.957,1274667
2019-05-30,100.937,101.838,100.739,101.006,657342
2019-05-31,99.7889,100.145,98.492,98.5711,1289598
2019-06-03,98.5811,101.531,98.3653,101.531,1749494
2019-06-04,102.728,105.233,102.382,105.223,2235615
2019-06-05,105.846,106.222,103.807,105.817,2577099
2019-06-06,106.352,106.638,105.609,106.42,2737520
2019-06-07,106.965,107.905,106.55,107.361,1973687
2019-06-10,107.629,108.015,106.896,107.737,1749540
2019-06-11,108.629,110.518,108.629,110.054,1494616
2019-06-12,110.192,110.558,108.707,110.182,713886
2019-06-13,110.37,110.746,109.489,110.113,680095
2019-06-14,110.044,110.044,109.163,109.786,861598
2019-06-17,109.994,110.024,108.103,108.252,1083546
2019-06-18,108.797,109.024,107.817,108.005,1233281
2019-06-19,108.489,109.291,107.688,108.935,1228008
2019-06-20,110.192,110.528,107.846,108.499,1599028
2019-06-21,108.727,109.341,107.886,109.321,2452409
2019-06-24,109.252,110.548,109.212,110.103,1084200
2019-06-25,110.212,110.252,108.797,109.519,754746
2019-06-26,109.44,109.836,108.589,108.817,847052
2019-06-27,109.46,109.767,108.995,109.143,766128
2019-06-28,109.4,110.034,108.955,109.915,2270199
2019-07-01,110.816,111.786,110.292,111.756,797269
2019-07-02,111.974,111.974,110.46,111.232,776200
2019-07-03,110.954,112.182,110.954,112.162,481908
2019-07-05,111.262,111.35,110.232,111.103,600074
2019-07-08,110.668,111.054,108.579,109.618,1421168
2019-07-09,109.281,109.529,108.599,109.193,1251161
2019-07-10,109.737,110.113,108.479,108.707,701995
2019-07-11,108.727,109.281,107.905,109.252,1021242
2019-07-12,109.529,110.994,109.519,110.222,1185957
2019-07-15,110.33,111.202,109.984,110.866,1136441
2019-07-16,111.074,111.647,110.558,110.994,1727953
2019-07-17,111.132,111.132,109.311,109.846,1516277
2019-07-18,108.311,112.083,108.311,110.192,2139936
2019-07-19,111.271,111.974,110.538,110.678,2150317
2019-07-22,110.698,111.44,109.886,110.152,1144208
2019-07-23,110.648,112.043,110.142,112.043,2144054
2019-07-24,111.776,112.37,110.746,111.242,1730297
2019-07-25,111.37,112.162,110.736,111.281,1915070
2019-07-26,111.271,111.35,110.192,111.083,1284123
2019-07-29,110.846,112.133,110.568,111.558,1236965
2019-07-30,110.944,112.409,110.528,112.043,834050
2019-07-31,111.984,112.459,109.727,110.558,865572
2019-08-01,110.558,111.38,108.311,108.945,1162009
2019-08-02,107.529,108.925,105.866,107.529,1194012
2019-08-05,106.362,106.5,103.333,104.501,1146887
2019-08-06,105.005,105.005,103.026,104.521,1117548
2019-08-07,103.669,106.648,103.253,106.302,2301107
2019-08-08,107.915,109.964,107.737,109.866,1919425
2019-08-09,109.183,109.915,108.469,109.093,1161535
2019-08-12,108.629,108.965,106.252,106.47,1263953
2019-08-13,106.174,108.569,105.708,106.995,1043074
2019-08-14,105.263,105.936,103.937,104.263,1320325
2019-08-15,104.421,104.867,103.065,103.709,941771
2019-08-16,103.253,105.421,103.253,104.748,904408
2019-08-19,105.926,106.618,105.342,105.599,779306
2019-08-20,105.203,105.203,103.867,104.343,1320666
2019-08-21,105.391,105.866,104.531,104.728,737523
2019-08-22,104.877,105.233,103.55,104.145,636607
2019-08-23,103.748,103.995,100.263,100.789,1029901
2019-08-26,101.6,102.154,100.66,101.392,1235468
2019-08-27,102.312,102.511,101.194,101.62,1967965
2019-08-28,101.303,103.402,100.996,103.144,1153038
2019-08-29,104.421,105.085,104.115,104.183,619668
2019-08-30,105.154,105.49,104.501,104.807,806022
2019-09-03,103.867,104.639,103.065,104.461,896883
2019-09-04,105.401,105.856,104.837,105.5,1012748
2019-09-05,106.816,108.005,106.392,107.223,1106858
2019-09-06,108.025,109.856,107.579,109.539,1118415
2019-09-09,109.915,110.282,108.658,110.212,1241638
2019-09-10,110.123,110.934,109.499,110.934,992338
2019-09-11,110.914,111.528,110.182,111.34,943905
2019-09-12,111.746,111.994,110.678,111.835,900496
2019-09-13,112.251,113.429,112.241,112.915,892015
2019-09-16,111.776,111.816,108.777,109.123,1318013
2019-09-17,109.232,110.876,108.431,110.876,1531920
2019-09-18,110.944,113.103,110.5,112.963,1140223
2019-09-19,113.033,114.439,112.707,114.182,1286809
2019-09-20,114.221,114.468,112.558,112.795,1576816
2019-09-23,112.013,112.737,111.637,111.964,987317
2019-09-24,112.113,112.331,109.767,109.945,1204959
2019-09-25,110.39,110.816,109.964,110.35,713759
2019-09-26,110.202,110.776,109.281,110.35,1275520
2019-09-27,110.41,112.399,110.192,111.835,1201607
2019-09-30,112.241,112.687,111.192,112.113,890506
2019-10-01,112.627,113.696,110.232,110.548,1062058
2019-10-02,109.113,109.628,107.411,108.233,1235220
2019-10-03,107.935,108.421,105.966,108.411,732949
2019-10-04,108.549,110.588,108.549,110.311,1068656
2019-10-07,109.866,110.638,109.47,109.47,1052959
2019-10-08,108.707,108.737,106.252,106.282,1211811
2019-10-09,107.371,108.817,107.153,108.401,1570744
2019-10-10,108.173,109.628,108.103,109.42,791407
2019-10-11,111.162,113.399,110.766,112.707,1390783
2019-10-14,112.182,113.261,110.786,110.876,1241323
2019-10-15,111.489,112.201,110.568,111.835,1349232
2019-10-16,111.766,113.558,111.499,112.529,1415724
2019-10-17,112.499,114.904,112.499,114.696,1924389
2019-10-18,116.359,118.151,116.102,117.517,3187946
2019-10-21,118.25,118.834,117.537,117.943,1817168
2019-10-22,118.22,118.854,116.637,118.507,1630064
2019-10-23,118.359,119.26,117.527,117.745,1781331
2019-10-24,118.299,118.339,116.399,116.913,1210170
2019-10-25,116.517,117.616,115.904,117.349,1279050
2019-10-28,117.349,117.903,116.795,117.033,1236129
2019-10-29,117.033,118.586,116.637,118.289,1329975
2019-10-30,117.943,119.458,117.053,119.17,1337055
2019-10-31,118.735,119.17,117.883,118.359,1466841
2019-11-01,118.942,119.606,118.378,118.676,1015287
2019-11-04,119.448,121.269,119.17,121.179,1630518
2019-11-05,121.071,122.11,120.903,121.922,1595201
2019-11-06,122.001,123.011,121.377,122.754,1348917
2019-11-07,122.892,123.398,122.279,122.813,1236716
2019-11-08,123.466,123.486,121.843,122.457,908942
2019-11-11,121.715,122.932,121.537,122.694,965125
2019-11-12,122.882,124.228,122.793,123.694,888196
2019-11-13,122.734,124.14,122.566,123.754,985482
2019-11-14,123.358,123.932,122.674,123.238,777524
2019-11-15,123.783,124.159,122.586,122.992,807927
2019-11-18,122.536,123.258,121.793,122.457,1104400
2019-11-19,122.852,122.852,121.259,122.328,1340821
2019-11-20,122.031,122.318,120.121,120.13,1414608
2019-11-21,120.121,120.18,119.022,119.358,1172970
2019-11-22,119.616,119.675,118.972,119.11,859280
2019-11-25,119.774,121.665,119.25,121.357,2532169
2019-11-26,121.605,123.209,121.497,123.2,2393709
2019-11-27,123.2,123.2,121.962,122.684,968005
2019-11-29,122.576,122.902,122.051,122.378,473912
2019-12-02,122.862,123.14,121.823,122.041,1206385
2019-12-03,120.051,121.773,119.744,121.517,2119903
2019-12-04,122.635,123.832,122.17,122.595,2217389
2019-12-05,123.238,124.763,123.16,124.545,1742066
2019-12-06,126.149,127.109,125.723,125.871,1186514
2019-12-09,125.485,126.733,125.427,126.277,1228507
2019-12-10,126.209,127.09,125.367,125.803,1049946
2019-12-11,125.703,126.406,125.239,125.663,960044
2019-12-12,125.911,127.426,125.427,127.05,1139254
2019-12-13,126.852,127.604,126.277,126.307,1020138
2019-12-16,126.921,127.614,126.209,126.545,1276350
2019-12-17,125.823,126.545,125.515,126.396,1153700
2019-12-18,126.594,126.594,124.001,125.05,1302167
2019-12-19,125.139,126.119,124.189,125.753,1060720
2019-12-20,126.654,126.921,125.773,125.803,2002500
2019-12-23,125.881,126.505,125.219,126.307,1258128
2019-12-24,126.258,126.931,126.119,126.832,397665
2019-12-26,126.862,126.882,126.001,126.654,600559
2019-12-27,127.268,127.268,126.277,126.604,665550
2019-12-30,126.485,126.812,126.109,126.218,504621
2019-12-31,126.317,126.802,125.911,126.782,659691
2020-01-02,127.258,127.446,124.743,125.001,1454818
2020-01-03,123.516,124.268,123.12,123.18,1682971
2020-01-06,122.427,123.446,122.279,122.595,1610371
2020-01-07,122.13,122.774,121.595,121.635,2334966
2020-01-08,121.952,122.892,121.397,121.952,1382523
2020-01-09,122.249,122.595,121.773,122.199,1731955
2020-01-10,122.397,122.962,121.517,121.645,1789720
2020-01-13,121.309,122.872,121.061,122.714,2224089
2020-01-14,122.694,124.466,122.694,123.416,2325314
2020-01-15,123.2,125.249,122.962,124.169,1476622
2020-01-16,120.002,122.595,119.092,121.011,3464622
2020-01-17,121.141,122.279,119.507,122.031,2928819
2020-01-21,121.387,121.675,119.358,119.566,2018429
2020-01-22,119.844,120.19,119.24,119.824,1476031
2020-01-23,119.13,120.467,118.378,119.913,2299207
2020-01-24,120.249,120.427,119.299,119.487,1254835
2020-01-27,117.141,117.814,116.448,116.795,1441214
2020-01-28,117.269,118.26,116.893,117.785,1155963
2020-01-29,118.309,118.744,117.181,117.221,1203068
2020-01-30,116.032,117.061,114.854,116.933,1312203
2020-01-31,116.112,116.488,113.35,113.825,2446073
2020-02-03,114.448,115.904,113.904,115.23,2463611
2020-02-04,116.676,117.745,115.399,116.369,2357081
2020-02-05,117.389,118.814,116.439,118.586,2788450
2020-02-06,119.012,119.13,117.409,118.101,1457362
2020-02-07,117.477,117.636,116.121,116.448,1384414
2020-02-10,115.904,115.904,114.32,114.824,2046925
2020-02-11,115.34,116.775,115.102,115.805,1513802
2020-02-12,116.488,116.557,115.389,116.211,945083
2020-02-13,115.765,115.765,114.28,114.419,1329817
2020-02-14,114.458,114.874,113.508,114.112,1660363
2020-02-18,113.736,114.399,112.915,113.33,1138466
2020-02-19,113.577,113.974,113.142,113.518,1214789
2020-02-20,113.132,114.3,112.825,113.845,1817561
2020-02-21,113.489,113.795,112.885,113.419,1154081
2020-02-24,111.33,111.667,109.193,109.935,1961053
2020-02-25,110.34,110.38,104.451,104.56,2628011
2020-02-26,105.382,106.47,103.947,104.045,2167058
2020-02-27,102.64,104.085,98.789,98.8186,2397982
2020-02-28,95.8748,99.6695,95.5966,99.6308,4677232
2020-03-02,100.065,101.412,99.2542,100.442,3930366
2020-03-03,100.215,102.006,98.002,99.5711,2770066
2020-03-04,100.986,102.966,100.095,102.966,3083875
2020-03-05,100.353,100.452,96.3598,97.9139,3004280
2020-03-06,95.0581,98.0693,94.971,96.7607,2600541
2020-03-09,91.3639,98.2762,91.06,92.9091,4249789
2020-03-10,95.6333,97.2863,93.0259,97.2665,3660811
2020-03-11,94.5988,94.5988,90.8225,92.4924,2289688
2020-03-12,83.4668,88.0459,82.4482,85.7494,3125778
2020-03-13,89.9543,90.9264,85.9484,89.8376,2847637
2020-03-16,79.0984,84.4645,77.4484,78.6134,2874693
2020-03-17,80.4338,80.4338,75.9319,78.8035,3572394
2020-03-18,74.9232,76.3051,67.0577,69.5521,3262719
2020-03-19,68.8731,75.1835,66.5479,73.0247,2770096
2020-03-20,73.5483,76.7416,68.4366,76.0378,4725576
2020-03-23,74.7589,76.9059,68.2247,69.1513,3190330
2020-03-24,72.3178,78.4432,72.1269,78.258,2674072
2020-03-25,74.1778,85.4416,74.1778,81.7504,3965861
2020-03-26,82.2561,86.2147,81.0733,85.6128,2080169
2020-03-27,82.2096,83.25,80.5486,81.0733,1750429
2020-03-30,81.8829,83.1717,79.8063,81.9513,1655616
2020-03-31,81.2069,83.2965,79.2816,79.7379,1988939
2020-04-01,76.8395,78.4977,76.018,76.1992,2130214
2020-04-02,75.9151,78.5165,74.4065,76.999,4147898
2020-04-03,76.6762,77.9076,76.4625,76.7139,2539135
2020-04-06,80.4912,83.6291,80.121,82.6274,2988156
2020-04-07,84.9753,88.9684,84.9753,86.8818,2217914
2020-04-08,87.742,89.7544,86.862,89.0378,1805849
2020-04-09,90.3444,94.2455,89.8474,92.6814,2290463
2020-04-13,91.4906,92.5092,88.7249,89.3526,1632839
2020-04-14,91.461,91.461,87.9697,88.5042,2055892
2020-04-15,86.2345,87.3015,83.7449,84.3943,1354223
2020-04-16,84.7932,85.3455,82.3145,84.7932,1817002
2020-04-17,87.255,89.6762,86.9788,88.9992,1410586
2020-04-20,87.3965,88.9892,86.0068,86.8917,1096453
2020-04-21,84.6704,85.6861,83.6964,83.9449,1584691
2020-04-22,85.6128,86.6057,84.9466,85.9098,1350771
2020-04-23,86.6621,88.3745,86.2819,86.3384,1090604
2020-04-24,87.0917,88.8606,85.2951,88.4577,1868679
2020-04-27,89.0378,92.1767,88.8457,91.5639,1850468
2020-04-28,92.9973,94.5137,86.7402,87.2648,3383204
2020-04-29,88.9804,92.8715,88.5696,91.451,2741510
2020-04-30,89.8376,89.8376,86.3473,86.6333,2376079
2020-05-01,85.0782,85.2149,82.6857,83.935,1813790
2020-05-04,82.6957,83.059,81.2534,82.8194,2911484
2020-05-05,84.0865,85.5742,83.7162,84.1933,2079785
2020-05-06,85.4138,87.3292,84.2408,84.6982,1843829
2020-05-07,85.7751,86.7402,85.3841,86.1859,1762070
2020-05-08,87.8053,88.9308,87.1649,88.23,1896074
2020-05-11,87.0966,87.3659,85.9572,86.7333,1668486
2020-05-12,87.2224,87.8449,84.029,84.0567,1739658
2020-05-13,83.4608,83.9122,80.1893,80.806,1552192
2020-05-14,79.2707,82.5174,78.1095,82.464,2241092
2020-05-15,81.8414,83.3856,81.1505,83.3757,1969634
2020-05-18,87.155,88.8516,86.2829,88.1043,1669904
2020-05-19,87.5866,90.3483,86.6651,89.4178,2829718
2020-05-20,90.7799,92.3924,90.7799,92.0767,2374514
2020-05-21,91.7015,92.5073,90.7522,91.2115,3265955
2020-05-22,91.261,92.3162,90.6264,92.2578,1090885
2020-05-26,95.653,97.1983,95.1641,95.9263,1768884
2020-05-27,98.4237,100.027,97.5882,98.1782,2083601
2020-05-28,98.9573,98.9771,96.8003,98.4534,2116632
2020-05-29,97.8456,98.2663,96.4558,97.5298,2951960
2020-06-01,97.5981,99.3333,97.033,99.1453,1730373
2020-06-02,99.5611,103.55,99.5313,103.134,2869331
2020-06-03,104.709,108.163,104.095,107.134,2844768
2020-06-04,105.57,107.144,105.025,106.58,1783248
2020-06-05,109.846,111.717,108.975,109.301,2144629
2020-06-08,110.172,111.647,108.054,108.777,1587357
2020-06-09,107.332,107.599,105.253,106.876,1625803
2020-06-10,106.787,107.084,103.927,104.589,1903797
2020-06-11,101.472,101.472,95.2502,95.4996,2556801
2020-06-12,98.4049,100.105,96.0797,97.4902,1276651
2020-06-15,94.9334,99.4816,94.3959,98.9968,1114124
2020-06-16,102.105,103.441,99.5114,100.481,851356
2020-06-17,101.284,101.956,99.9172,100.591,884371
2020-06-18,99.9968,101.244,99.6994,100.155,913742
2020-06-19,102.976,103.224,98.69,99.4915,1885422
2020-06-22,99.0463,100.135,97.7476,99.4423,892767
2020-06-23,100.828,101.204,99.2542,99.4621,1144587
2020-06-24,98.2465,98.7494,96.3014,97.7377,1292053
2020-06-25,97.5882,98.7098,96.0529,98.5811,937797
2020-06-26,98.0693,98.9968,97.0626,97.9832,3770498
2020-06-29,99.0859,100.699,98.3653,99.7093,1270656
2020-06-30,100.947,102.61,99.8486,101.738,1312871
2020-07-01,101.848,102.65,100.818,102.006,1441126
2020-07-02,103.709,105.629,103.421,104.619,1454766
2020-07-06,106.332,107.292,103.461,105.391,1674383
2020-07-07,104.441,104.817,103.085,104.005,1711632
2020-07-08,103.778,104.659,100.907,102.114,1370565
2020-07-09,102.144,102.144,99.3531,100.799,1382405
2020-07-10,101.224,102.728,100.591,102.669,769889
2020-07-13,103.917,106.302,103.372,104.916,2008837
2020-07-14,104.54,107.668,103.739,107.163,1670395
2020-07-15,108.935,111.449,108.341,110.905,1597214
2020-07-16,110.528,111.192,108.727,110.548,2001012
2020-07-17,113.964,114.182,106.054,107.322,5794576
2020-07-20,108.243,108.311,104.689,104.926,2148824
2020-07-21,105.431,106.866,105.273,105.668,1610864
2020-07-22,105.283,107.44,105.015,107.134,2017867
2020-07-23,106.936,107.747,105.708,106.312,1237521
2020-07-24,106.144,107.124,105.58,106.054,997732
2020-07-27,106.084,107.034,105.183,105.738,1489836
2020-07-28,105.362,106.074,103.937,104.145,1289932
2020-07-29,105.302,106.054,103.976,105.906,1422167
2020-07-30,104.115,104.491,103.184,103.797,1159383
2020-07-31,103.719,103.867,101.63,103.263,1348611
2020-08-03,103.451,104.343,102.689,102.996,1235745
2020-08-04,102.738,104.035,102.56,103.402,1262530
2020-08-05,103.995,107.965,103.995,107.114,2216212
2020-08-06,107.193,107.846,105.906,106.896,1580758
2020-08-07,106.56,109.628,106.45,109.608,1606485
2020-08-10,109.44,111.746,109.4,111.568,872949
2020-08-11,115.22,119.13,115.142,116.527,3479947
2020-08-12,117.695,118.042,114.854,116.627,1640377
2020-08-13,115.666,116.319,114.38,114.528,1125672
2020-08-14,114.063,115.607,113.409,114.696,904582
2020-08-17,115.518,115.785,114.29,114.636,873252
2020-08-18,114.864,115.112,113.993,114.419,993305
2020-08-19,114.934,115.36,113.914,114.37,1145336
2020-08-20,113.429,114.38,113.103,113.974,763856
2020-08-21,113.726,114.39,113.063,113.964,976055
2020-08-24,114.864,116.795,114.488,116.715,763803
2020-08-25,117.141,117.319,114.964,115.478,882006
2020-08-26,115.25,116.517,115.052,115.607,643258
2020-08-27,116.577,117.151,115.706,116.429,976739
2020-08-28,116.587,117.883,115.775,117.705,909845
2020-08-31,117.685,117.883,115.617,116.052,973208
2020-09-01,115.597,119.526,115.172,119.526,1597333
2020-09-02,119.18,121.725,119.062,121.427,1530676
2020-09-03,121.229,121.497,116.864,118.349,1542245
2020-09-04,119.309,120.299,117.497,118.18,1276321
2020-09-08,117.309,117.567,115.072,116.627,1379292
2020-09-09,118.21,121.507,118.101,120.813,1856805
2020-09-10,121.209,122.803,120.843,121.199,1787715
2020-09-11,121.387,122.992,120.576,122.526,1310526
2020-09-14,123.388,126.307,123.031,125.505,1846576
2020-09-15,125.891,126.347,124.228,125.219,1463807
2020-09-16,125.357,126.258,124.347,124.387,1374717
2020-09-17,123.368,125.297,122.536,124.595,1157555
2020-09-18,123.971,124.615,120.843,121.229,1988599
2020-09-21,119.11,119.418,114.518,115.736,1495456
2020-09-22,115.438,116.825,115.012,116.458,1413240
2020-09-23,116.013,116.785,113.508,114.053,1863138
2020-09-24,114.38,115.746,112.707,114.666,1106545
2020-09-25,113.984,116.359,113.776,115.904,819172
2020-09-28,117.963,119.16,117.241,117.349,1135324
2020-09-29,117.785,118.329,115.943,115.983,714373
2020-09-30,116.755,119.13,115.844,117.666,1532763
2020-10-01,117.983,119.536,116.825,117.389,1461904
2020-10-02,115.844,119.408,115.656,118.814,1407049
2020-10-05,119.724,121.912,119.724,121.367,1514311
2020-10-06,122.427,124.387,119.883,120.051,1779050
2020-10-07,121.991,125.011,121.883,124.288,1435248
2020-10-08,127.476,131.574,126.555,130.109,3280085
2020-10-09,130.574,132.048,128.624,130.97,2161766
2020-10-12,131.425,132.128,129.663,131.138,1361221
2020-10-13,130.336,131.078,128.307,128.742,1371771
2020-10-14,128.96,130.821,128.96,129.743,981826
2020-10-15,127.772,132.336,127.712,131.802,1309117
2020-10-16,132.385,133.395,131.168,132.207,1329521
2020-10-19,132.236,133.405,129.475,129.475,1546224
2020-10-20,130.663,132.722,128.782,129.781,1747352
2020-10-21,130.099,132.514,129.119,129.188,1253506
2020-10-22,129.801,130.227,128.0,128.861,1170409
2020-10-23,130.227,131.078,129.069,129.425,1017359
2020-10-26,127.712,128.01,124.793,126.584,1248829
2020-10-27,126.387,126.941,122.694,122.784,1238345
2020-10-28,120.121,122.972,120.002,120.695,1519381
2020-10-29,120.2,124.723,119.062,123.466,1285255
2020-10-30,122.872,125.307,122.219,125.05,2284954
2020-11-02,127.09,130.989,126.079,130.297,2011487
2020-11-03,131.534,133.048,129.791,131.92,1534972
2020-11-04,130.307,131.158,126.406,128.0,1936026
2020-11-05,130.603,134.583,130.495,133.276,1220567
2020-11-06,133.454,134.553,132.088,133.751,840137
2020-11-09,141.67,144.511,135.384,137.285,1843443
2020-11-10,137.523,139.314,136.334,138.205,1179605
2020-11-11,139.116,139.116,136.72,138.037,1142291
2020-11-12,137.166,137.631,133.939,135.345,793843
2020-11-13,136.662,138.591,136.146,138.205,773928
2020-11-16,140.314,140.948,138.275,139.611,1078642
2020-11-17,138.423,139.077,135.998,138.631,947712
2020-11-18,139.423,140.196,138.077,138.185,903032
2020-11-19,137.443,139.126,136.107,138.581,770187
2020-11-20,138.335,139.245,136.76,138.413,946057
2020-11-23,139.532,140.968,138.899,140.106,850121
2020-11-24,141.66,143.293,141.165,143.145,1530232
2020-11-25,142.739,143.046,141.106,141.947,805227
2020-11-27,142.245,143.105,141.68,142.997,332707
2020-11-30,142.541,142.591,139.69,142.027,1462199
2020-12-01,144.333,145.036,143.056,144.284,1295771
2020-12-02,143.828,144.472,142.115,142.363,828082
2020-12-03,142.403,143.234,140.472,140.73,1025953
2020-12-04,141.541,142.957,141.304,142.185,1149741
2020-12-07,141.759,142.155,140.046,140.224,947713
2020-12-08,139.522,141.106,139.314,140.205,1058449
2020-12-09,140.512,141.086,138.869,140.69,991191
2020-12-10,139.79,140.74,137.997,138.681,1142369
2020-12-11,137.731,138.809,136.85,138.305,1264652
2020-12-14,139.146,139.354,136.8,137.176,1028980
2020-12-15,138.552,140.017,137.819,139.463,1250450
2020-12-16,140.186,140.64,137.592,138.275,1205114
2020-12-17,139.393,139.928,137.968,139.631,879150
2020-12-18,139.591,141.185,137.76,140.73,2498255
2020-12-21,139.017,142.066,137.721,141.373,930283
2020-12-22,141.769,141.779,139.235,140.027,1115786
2020-12-23,140.036,141.383,139.215,139.215,980066
2020-12-24,139.146,140.611,138.513,140.314,310895
2020-12-28,140.928,142.205,138.533,138.533,1193093
2020-12-29,139.156,139.383,136.75,138.285,914179
2020-12-30,138.571,139.661,138.235,138.581,1020781
2020-12-31,138.413,139.77,137.344,139.562,961100
2021-01-04,139.988,140.314,136.276,136.74,1264311
2021-01-05,137.028,140.086,136.998,139.68,1360415
2021-01-06,140.78,144.966,140.78,144.115,1934152
2021-01-07,144.888,146.431,144.6,145.946,1588466
2021-01-08,145.729,146.065,142.669,143.501,1179585
2021-01-11,142.175,145.115,141.611,144.62,1153323
2021-01-12,144.362,147.381,143.65,146.391,1107070
2021-01-13,145.996,148.094,145.066,147.095,1406850
2021-01-14,148.53,148.836,146.333,146.847,1690382
2021-01-15,145.491,146.015,141.69,143.244,3036713
2021-01-19,143.64,144.56,140.274,140.354,1967855
2021-01-20,141.274,141.67,138.156,139.878,1307551
2021-01-21,140.432,140.592,137.997,138.879,1797179
2021-01-22,134.256,137.592,133.118,133.365,2628009
2021-01-25,133.118,136.652,130.801,136.048,2005921
2021-01-26,138.107,138.611,136.098,136.444,1495657
2021-01-27,133.949,135.89,132.018,135.424,2358242
2021-01-28,136.948,138.513,134.563,134.632,1861151
2021-01-29,133.484,133.751,129.455,130.356,2014295
2021-02-01,131.464,134.444,130.564,134.107,2028598
2021-02-02,135.464,137.79,133.821,135.988,2274854
2021-02-03,135.404,136.869,134.81,135.384,1474531
2021-02-04,135.523,136.314,134.622,134.751,1737534
2021-02-05,136.078,136.414,133.701,135.582,1986194
2021-02-08,136.83,137.117,135.097,135.692,1154169
2021-02-09,135.84,136.078,132.662,132.85,1577626
2021-02-10,133.879,134.395,132.534,133.494,1358001
2021-02-11,133.979,134.781,132.603,133.593,846056
2021-02-12,132.652,134.375,132.356,134.077,958409
2021-02-16,134.989,134.989,131.99,132.91,831436
2021-02-17,131.782,133.207,130.395,132.178,947986
2021-02-18,131.642,132.84,130.831,132.405,967061
2021-02-19,132.811,133.889,132.028,132.771,1370674
2021-02-22,131.632,132.662,130.356,130.613,1882130
2021-02-23,130.93,131.94,128.326,131.128,1446239
2021-02-24,131.613,134.019,131.534,132.989,930788
2021-02-25,132.613,133.207,130.138,131.128,1063300
2021-02-26,131.514,132.118,129.871,130.98,1565813
2021-03-01,132.148,134.909,132.148,133.929,990438
2021-03-02,134.039,138.335,134.039,136.76,2307727
2021-03-03,136.75,137.374,135.592,135.642,1516873
2021-03-04,135.612,136.305,131.227,133.909,1789707
2021-03-05,134.701,138.73,134.167,138.542,1388449
2021-03-08,138.641,144.204,138.354,141.937,1743326
2021-03-09,142.769,143.858,141.581,141.907,1783972
2021-03-10,142.403,145.709,142.195,144.244,1131275
2021-03-11,144.392,144.897,141.67,141.907,1300555
2021-03-12,142.471,143.333,139.968,141.156,1360816
2021-03-15,140.63,141.363,138.621,140.918,1578772
2021-03-16,141.185,141.68,138.503,140.67,1231995
2021-03-17,141.026,142.739,140.374,142.393,1032472
2021-03-18,142.719,145.937,141.581,145.521,1296871
2021-03-19,144.946,144.996,143.075,143.214,1957493
2021-03-22,143.59,144.076,142.501,143.729,1085809
2021-03-23,143.462,145.194,142.611,143.264,1404977
2021-03-24,143.283,146.233,143.283,143.947,1169667
2021-03-25,144.214,148.154,143.185,147.985,1449885
2021-03-26,149.005,150.529,147.599,150.411,1446709
2021-03-29,150.559,151.757,149.767,151.083,1109043
2021-03-30,150.817,152.113,148.184,148.431,1457947
2021-03-31,148.055,148.758,145.62,145.976,1711373
2021-04-01,145.976,147.708,144.718,147.629,1719038
2021-04-05,147.183,149.718,147.135,149.184,2524105
2021-04-06,149.005,149.638,147.926,149.193,1691693
2021-04-07,149.174,149.54,142.641,143.759,2211720
2021-04-08,143.828,145.729,142.551,143.838,1689343
2021-04-09,144.878,146.283,144.362,146.184,1043879
2021-04-12,146.203,147.867,145.877,147.075,1293486
2021-04-13,146.382,147.125,144.986,146.767,1124127
2021-04-14,146.451,148.114,145.976,146.579,1723662
2021-04-15,147.857,149.619,147.303,149.579,1907192
2021-04-16,164.457,167.753,162.15,162.645,7306018
2021-04-19,162.774,165.1,161.17,163.971,2129821
2021-04-20,164.189,165.972,163.507,164.179,1440976
2021-04-21,165.08,168.921,164.397,168.615,1621545
2021-04-22,168.139,169.396,166.13,166.674,1279432
2021-04-23,166.615,170.09,166.348,169.674,1176777
2021-04-26,170.722,171.594,167.823,168.199,1108428
2021-04-27,167.09,168.021,166.13,167.317,1645711
2021-04-28,167.773,168.723,166.981,167.635,1246765
2021-04-29,167.783,168.466,166.654,168.258,777126
2021-04-30,167.971,168.921,165.278,166.358,1829156
2021-05-03,167.723,169.03,167.199,168.079,673389
2021-05-04,167.07,174.444,167.07,173.653,2003032
2021-05-05,172.593,174.702,172.593,173.93,707962
2021-05-06,174.87,175.068,172.841,174.95,990790
2021-05-07,174.95,175.217,173.326,174.91,742855
2021-05-10,175.909,176.711,174.642,174.692,1202161
2021-05-11,174.88,175.028,171.901,174.414,978338
2021-05-12,173.613,174.048,168.981,169.406,1294548
2021-05-13,170.268,173.88,169.169,173.484,1177886
2021-05-14,173.574,175.246,172.683,174.524,675823
2021-05-17,174.246,175.841,172.989,175.355,1074150
2021-05-18,175.642,175.9,172.583,172.633,1308632
2021-05-19,171.535,172.109,169.505,171.841,973869
2021-05-20,172.149,174.296,171.98,172.94,1059980
2021-05-21,174.148,176.345,173.821,173.88,906300
2021-05-24,175.167,175.771,173.762,174.97,718886
2021-05-25,174.83,175.682,174.346,174.524,677413
2021-05-26,173.98,174.811,173.603,174.178,787702
2021-05-27,175.355,176.503,174.84,176.167,3266342
2021-05-28,176.187,176.711,173.98,175.118,906695
2021-06-01,177.454,178.266,175.068,176.127,1259648
2021-06-02,176.841,177.325,174.326,175.722,1367506
2021-06-03,174.93,176.473,174.256,176.365,1178291
2021-06-04,177.197,177.909,176.097,177.662,537744
2021-06-07,178.166,178.286,174.752,175.375,837240
2021-06-08,174.722,174.97,172.713,174.494,1120779
2021-06-09,173.792,174.376,172.217,172.583,1018911
2021-06-10,174.118,174.118,171.989,172.851,837954
2021-06-11,173.831,174.346,172.099,172.989,571592
2021-06-14,172.643,173.029,169.614,170.891,603430
2021-06-15,171.633,172.227,170.03,171.841,822684
2021-06-16,171.168,171.772,169.772,170.258,789688
2021-06-17,170.376,170.396,164.595,166.783,1255696
2021-06-18,164.783,165.942,163.566,163.823,1823851
2021-06-21,165.456,167.773,164.823,167.248,1002348
2021-06-22,168.069,168.664,166.486,167.12,805650
2021-06-23,167.06,167.258,165.14,165.358,729134
2021-06-24,166.13,166.368,164.111,165.19,815446
2021-06-25,165.644,166.378,162.418,162.933,3479523
2021-06-28,163.566,164.259,161.28,164.131,1809068
2021-06-29,165.209,166.476,163.685,164.239,894680
2021-06-30,163.566,165.744,163.289,165.437,1173936
2021-07-01,166.575,166.991,164.813,165.634,778110
2021-07-02,165.476,166.546,164.338,166.298,623963
2021-07-06,165.644,165.862,162.438,164.685,1022435
2021-07-07,164.269,168.109,164.269,167.901,966201
2021-07-08,165.932,166.228,163.695,164.645,952049
2021-07-09,166.575,167.911,165.566,167.021,874599
2021-07-12,165.615,167.921,164.932,167.684,579923
2021-07-13,167.456,167.456,165.16,165.596,682344
2021-07-14,165.674,167.11,164.536,165.734,656940
2021-07-15,164.883,167.417,164.883,167.09,698497
2021-07-16,167.456,167.456,164.734,165.842,982665
2021-07-19,162.804,163.843,159.983,161.507,1666028
2021-07-20,150.837,155.063,148.45,154.439,4121121
2021-07-21,154.915,156.815,153.084,155.677,2099236
2021-07-22,156.043,156.864,155.251,156.389,1357116
2021-07-23,157.4,159.221,157.102,158.745,1186824
2021-07-26,160.023,160.844,158.735,160.715,1465687
2021-07-27,159.705,161.438,158.587,160.913,1786312
2021-07-28,161.012,161.556,158.557,159.171,1747495
2021-07-29,160.111,160.379,158.092,158.686,1493759
2021-07-30,158.904,160.834,158.23,159.339,1331215
2021-08-02,160.577,162.586,158.825,159.121,871792
2021-08-03,159.637,161.468,158.132,161.388,866585
2021-08-04,160.071,161.696,159.567,159.627,1244231
2021-08-05,161.032,161.676,158.636,158.775,1250061
2021-08-06,159.953,160.765,159.458,160.032,834533
2021-08-09,160.359,160.943,158.775,160.666,755491
2021-08-10,160.923,163.913,160.864,163.665,1049614
2021-08-11,163.933,166.496,162.923,166.426,1021187
2021-08-12,166.01,166.852,164.16,166.624,930405
2021-08-13,166.664,166.664,165.17,166.03,540363
2021-08-16,165.556,165.952,163.913,165.644,592198
2021-08-17,164.655,164.744,160.705,162.923,834483
2021-08-18,162.299,162.883,160.765,160.874,662761
2021-08-19,159.181,160.161,157.4,157.588,979585
2021-08-20,157.854,158.943,156.34,157.568,1157162
2021-08-23,158.102,159.627,157.578,158.775,714571
2021-08-24,159.389,159.893,158.607,159.289,664445
2021-08-25,159.617,160.052,157.548,159.795,905055
2021-08-26,159.637,159.675,157.468,157.598,677032
2021-08-27,158.359,159.319,157.904,158.26,661875
2021-08-30,159.28,159.439,158.092,158.132,506839
2021-08-31,157.854,158.152,155.181,156.023,1272957
2021-09-01,156.003,156.112,153.064,154.271,1081731
2021-09-02,154.519,156.32,154.222,155.133,1060671
2021-09-03,154.776,155.419,151.925,152.222,1148367
2021-09-07,146.194,150.262,145.709,147.075,2075899
2021-09-08,146.154,148.025,145.322,147.689,2835082
2021-09-09,145.63,152.173,145.63,151.153,2436343
2021-09-10,151.469,152.44,149.628,149.648,1305448
2021-09-13,151.093,151.569,148.272,149.154,1084820
2021-09-14,149.886,149.886,146.669,147.015,989203
2021-09-15,146.787,148.272,146.649,147.381,1023951
2021-09-16,147.391,147.51,145.758,146.491,794047
2021-09-17,145.461,146.401,143.115,143.501,1930688
2021-09-20,140.958,143.313,140.62,143.075,1165309
2021-09-21,144.056,144.64,142.066,142.453,873315
2021-09-22,143.581,144.046,141.947,142.056,972351
2021-09-23,143.205,144.718,143.075,143.283,1064089
2021-09-24,143.363,145.887,143.026,145.293,1168306
2021-09-27,145.54,146.985,144.68,144.888,1002897
2021-09-28,144.738,145.729,142.471,142.858,921720
2021-09-29,142.462,144.234,141.67,142.541,995045
2021-09-30,143.343,143.888,139.849,139.858,1114060
2021-10-01,140.472,142.066,138.681,140.828,1225797
2021-10-04,140.818,142.679,139.314,140.828,1448667
2021-10-05,141.462,143.769,140.354,142.641,1301477
2021-10-06,141.403,143.64,139.928,143.511,1354165
2021-10-07,144.858,148.322,144.67,147.154,1765569
2021-10-08,147.144,147.966,146.095,147.411,998612
2021-10-11,148.362,150.331,147.886,148.51,1301140
2021-10-12,148.392,149.916,147.669,149.43,1468222
2021-10-13,150.361,151.619,148.648,151.271,1316585
2021-10-14,152.38,155.548,151.638,155.379,1616061
2021-10-15,156.122,158.072,155.043,156.766,1400141
2021-10-18,155.924,156.34,153.856,153.924,1861758
2021-10-19,154.796,155.597,153.736,155.429,1287007
2021-10-20,157.023,157.636,153.113,156.894,1778384
2021-10-21,153.46,161.517,153.46,161.358,2600660
2021-10-22,158.854,161.309,157.944,158.142,1578517
2021-10-25,158.617,158.617,154.993,156.538,1858759
2021-10-26,156.578,158.983,156.043,158.29,1027484
2021-10-27,158.25,159.231,156.726,157.944,1071991
2021-10-28,158.537,160.121,158.092,159.389,1299217
2021-10-29,158.627,160.379,155.895,157.033,2114103
2021-11-01,156.884,157.676,154.845,155.519,805003
2021-11-02,156.587,158.706,155.885,158.31,1370599
2021-11-03,157.686,160.003,156.508,159.221,1243803
2021-11-04,159.299,160.646,158.686,159.656,773209
2021-11-05,160.299,162.002,159.241,159.497,1013394
2021-11-08,159.665,161.18,158.528,158.884,1154570
2021-11-09,159.033,160.933,158.052,158.458,1173175
2021-11-10,158.607,160.349,157.508,157.766,2998890
2021-11-11,157.538,157.894,155.567,156.558,2023245
2021-11-12,156.815,158.913,156.231,158.646,3134142
2021-11-15,158.973,159.923,157.28,159.913,1112136
2021-11-16,160.379,163.883,159.913,161.794,1528999
2021-11-17,161.25,162.042,160.389,161.26,1019457
2021-11-18,161.408,161.824,159.033,159.349,933822
2021-11-19,159.429,159.883,157.418,157.864,808726
2021-11-22,158.448,160.003,158.23,158.3,596779
2021-11-23,158.359,159.349,156.835,157.468,924246
2021-11-24,156.766,157.29,155.123,155.815,862273
2021-11-26,152.252,153.489,150.282,152.727,708150
2021-11-29,153.994,155.519,153.33,154.449,1302026
2021-11-30,152.954,154.935,150.985,151.321,2366448
2021-12-01,153.46,156.103,150.559,150.639,1117259
2021-12-02,151.479,156.884,151.371,156.083,1195139
2021-12-03,155.885,158.993,155.519,157.428,1535882
2021-12-06,159.637,163.249,159.27,161.388,1279814
2021-12-07,163.279,164.764,162.626,163.2,1182738
2021-12-08,163.368,164.14,160.527,161.774,943977
2021-12-09,161.082,162.032,160.151,161.012,837756
2021-12-10,162.448,162.665,159.864,160.349,1116068
2021-12-13,160.289,161.526,159.141,159.805,963917
2021-12-14,159.745,160.587,159.003,159.458,853372
2021-12-15,160.013,162.873,158.943,162.794,1019342
2021-12-16,164.289,167.278,163.537,166.19,1621907
2021-12-17,165.794,166.18,161.408,161.546,2412478
2021-12-20,159.26,159.26,155.331,157.716,882230
2021-12-21,158.894,161.299,158.349,160.893,1106057
2021-12-22,160.379,163.705,160.379,162.675,1071392
2021-12-23,163.229,165.209,163.229,163.971,722491
2021-12-27,164.932,166.842,164.437,166.595,633328
2021-12-28,166.842,168.683,166.803,168.021,621223
2021-12-29,167.743,169.089,167.496,168.041,657081
2021-12-30,168.209,169.584,167.803,167.931,647312
2021-12-31,167.703,169.782,167.258,169.248,687640
2022-01-03,168.911,169.713,166.466,167.446,843234
2022-01-04,167.179,169.782,167.149,168.079,1836190
2022-01-05,168.891,174.039,168.06,169.901,1781949
2022-01-06,170.01,170.09,166.744,167.466,973449
2022-01-07,167.278,167.347,164.328,164.605,1134713
2022-01-10,163.923,164.397,161.854,163.111,1411986
2022-01-11,163.655,165.892,161.834,165.684,659533
2022-01-12,166.368,166.446,163.943,165.338,1235388
2022-01-13,166.278,167.961,165.14,165.694,1178075
2022-01-14,162.448,164.962,161.131,161.952,1506849
2022-01-18,160.003,160.893,157.32,160.755,1667712
2022-01-19,162.21,162.21,158.448,158.557,1312065
2022-01-20,158.201,159.775,156.201,156.746,1729227
2022-01-21,154.697,156.548,151.321,151.876,4415964
2022-01-24,147.223,152.737,146.372,152.163,1634518
2022-01-25,149.372,152.746,147.005,151.143,1417858
2022-01-26,152.024,153.509,149.342,150.648,1287180
2022-01-27,152.4,153.588,149.184,150.549,1373917
2022-01-28,150.351,152.024,147.471,151.965,939287
2022-01-31,150.757,153.618,150.312,153.31,1569438
2022-02-01,153.42,154.786,152.42,154.439,1585929
2022-02-02,154.845,156.181,153.034,154.707,2477915
2022-02-03,153.48,156.211,152.994,153.836,1750113
2022-02-04,152.499,153.262,149.47,150.163,1313192
2022-02-07,149.916,151.945,149.628,150.005,1639809
2022-02-08,150.875,151.727,150.044,151.391,1184441
2022-02-09,153.192,154.469,152.944,154.083,1468387
2022-02-10,152.886,154.637,150.213,150.965,1323253
2022-02-11,150.341,151.876,147.035,147.125,1166943
2022-02-14,146.817,147.669,145.234,146.511,1171894
2022-02-15,148.966,150.104,147.985,148.836,940325
2022-02-16,148.936,149.728,147.57,149.064,852542
2022-02-17,147.877,148.58,146.609,146.867,758377
2022-02-18,147.154,148.332,146.589,147.441,1071141
2022-02-22,147.619,147.619,143.393,144.52,1243813
2022-02-23,145.046,145.322,137.829,138.542,1608524
2022-02-24,135.503,136.484,132.613,135.692,2487137
2022-02-25,136.582,139.532,135.107,139.017,1842869
2022-02-28,136.572,136.85,130.554,131.494,3302443
2022-03-01,130.148,131.108,122.912,124.644,3518071
2022-03-02,125.485,127.842,123.586,126.891,3228192
2022-03-03,127.97,128.94,124.347,126.169,2689556
2022-03-04,124.05,124.674,121.061,122.13,2433892
2022-03-07,120.833,121.219,112.775,112.815,3398247
2022-03-08,113.311,120.398,109.687,116.013,4147866
2022-03-09,120.705,121.595,119.497,120.239,2646032
2022-03-10,117.775,120.239,117.369,119.408,2092056
2022-03-11,119.844,121.259,118.161,118.468,1613132
2022-03-14,120.18,123.14,119.507,120.16,1816173
2022-03-15,120.537,123.13,120.071,121.556,1679066
2022-03-16,122.872,127.218,122.467,125.991,2137880
2022-03-17,123.634,126.792,123.456,126.792,1935255
2022-03-18,127.336,129.465,125.407,129.01,2563597
2022-03-21,128.584,129.237,126.248,127.02,1532156
2022-03-22,128.307,129.395,127.564,128.544,1368869
2022-03-23,127.386,128.921,126.614,126.852,1162149
2022-03-24,127.406,128.495,126.772,127.614,816873
2022-03-25,127.327,127.911,126.446,127.564,1267784
2022-03-28,127.752,127.752,125.417,127.654,1408176
2022-03-29,131.425,135.89,130.693,133.899,2196336
2022-03-30,132.514,133.009,130.079,130.989,1249036
2022-03-31,130.524,131.514,129.089,129.148,1716097
2022-04-01,130.91,132.108,129.337,132.038,1007678
2022-04-04,131.386,132.0,130.079,131.415,1008571
2022-04-05,130.643,131.554,129.287,130.465,1579943
2022-04-06,129.267,132.434,127.95,132.168,1381566
2022-04-07,131.435,132.9,129.415,132.178,1111029
2022-04-08,132.415,133.395,130.307,130.583,1338560
2022-04-11,130.119,132.801,129.475,129.821,1636229
2022-04-12,130.138,131.207,125.901,126.822,1718565
2022-04-13,126.634,128.96,126.406,128.673,1412148
2022-04-14,129.525,130.356,126.189,126.387,3065700
2022-04-18,125.595,126.545,124.328,124.635,1082748
2022-04-19,124.941,128.366,124.882,127.732,1337469
2022-04-20,128.554,131.019,128.534,129.771,1451604
2022-04-21,133.841,135.513,130.95,131.197,2463552
2022-04-22,132.969,136.078,128.604,130.9,3299151
2022-04-25,130.534,130.534,124.199,127.446,2576337
2022-04-26,127.822,132.207,124.04,124.05,1965138
2022-04-27,124.635,129.099,124.635,127.712,1583696
2022-04-28,128.97,129.475,125.693,128.931,1366943
2022-04-29,128.831,129.999,125.753,126.109,3355391
2022-05-02,125.515,129.168,124.446,129.069,2263400
2022-05-03,128.822,131.95,128.703,131.256,1877389
2022-05-04,131.256,135.464,129.723,135.325,1334636
2022-05-05,133.227,133.593,128.287,129.643,1075315
2022-05-06,128.604,128.604,124.407,126.644,1315567
2022-05-09,125.159,127.732,124.53,125.852,1434855
2022-05-10,127.426,128.238,122.071,123.774,1134219
2022-05-11,123.486,126.139,122.556,123.04,999751
2022-05-12,122.407,124.179,119.458,122.071,1320851
2022-05-13,123.04,124.219,120.527,121.121,1031973
2022-05-16,120.259,120.996,116.805,119.25,1282898
2022-05-17,122.526,124.199,121.264,123.07,1105694
2022-05-18,121.447,121.744,117.844,118.349,1094245
2022-05-19,117.745,122.749,116.993,121.427,1266554
2022-05-20,120.764,122.427,116.547,118.468,1808552
2022-05-23,120.13,121.695,117.933,121.565,1087103
2022-05-24,121.635,121.635,119.153,120.23,986218
2022-05-25,120.121,122.368,119.551,122.16,940742
2022-05-26,123.566,125.753,122.17,125.021,1947079
2022-05-27,126.209,129.217,125.457,128.713,1326501
2022-05-31,126.476,127.06,123.338,125.209,2823128
2022-06-01,126.584,126.703,122.744,124.1,921631
2022-06-02,124.971,127.604,124.387,127.486,729682
2022-06-03,126.307,126.782,123.744,124.189,821869
2022-06-06,124.892,127.233,124.09,125.842,694870
2022-06-07,124.387,127.742,123.654,127.476,908382
2022-06-08,125.871,132.632,125.337,125.723,2404777
2022-06-09,125.119,127.09,122.714,122.734,1372698
2022-06-10,119.784,119.814,114.656,114.726,1782252
2022-06-13,111.697,113.142,109.836,112.152,1295573
2022-06-14,112.013,112.246,108.015,110.38,2048806
2022-06-15,112.291,113.914,110.321,112.469,1525194
2022-06-16,108.639,108.935,106.232,107.401,1320484
2022-06-17,107.737,109.752,105.976,108.905,1885056
2022-06-21,110.836,111.044,108.727,109.479,1291629
2022-06-22,107.846,113.038,107.52,111.598,1444594
2022-06-23,111.548,113.499,110.628,113.201,1272118
2022-06-24,114.112,119.873,113.929,119.784,2336824
2022-06-27,120.655,120.888,118.27,120.071,1699668
2022-06-28,120.537,122.293,117.656,118.062,2133830
2022-06-29,117.299,117.552,114.598,116.023,1601544
2022-06-30,114.32,114.932,111.905,113.181,2271657
2022-07-01,112.727,116.769,112.459,116.666,1312691
2022-07-05,114.34,117.577,112.707,117.557,1653044
2022-07-06,118.359,118.784,115.815,118.19,1662569
2022-07-07,118.23,118.945,115.389,117.893,1528620
2022-07-08,117.497,118.522,116.131,116.676,1126850
2022-07-11,115.399,116.023,112.722,113.013,1218898
2022-07-12,113.053,116.507,112.915,114.854,1105961
2022-07-13,112.558,115.132,111.464,114.538,1036213
2022-07-14,112.479,113.894,111.311,113.677,834328
2022-07-15,116.082,116.379,114.069,115.617,917617
2022-07-18,116.032,116.775,113.261,113.746,1786949
2022-07-19,115.973,118.666,115.448,118.556,1340259
2022-07-20,118.566,119.606,117.191,118.884,1184599
2022-07-21,118.982,122.021,118.22,121.705,1816145
2022-07-22,129.871,132.732,125.277,126.436,2617111
2022-07-25,125.981,127.441,124.199,125.585,1934035
2022-07-26,124.13,125.693,122.17,124.941,1741629
2022-07-27,123.238,126.703,122.229,125.645,1846979
2022-07-28,126.189,129.207,126.189,129.039,1324100
2022-07-29,129.029,129.247,127.139,127.98,1330219
2022-08-01,127.07,128.921,125.833,128.0,907739
2022-08-02,127.515,127.515,125.219,125.367,1478905
2022-08-03,125.249,127.01,123.793,126.941,1014918
2022-08-04,127.258,127.386,125.635,126.832,847839
2022-08-05,125.417,127.684,125.006,126.069,1110594
2022-08-08,127.604,129.153,126.703,126.99,948431
2022-08-09,126.284,126.801,124.981,126.513,981562
2022-08-10,130.243,133.913,129.557,132.829,1361229
2022-08-11,134.033,135.395,132.411,132.63,1071318
2022-08-12,133.326,135.167,132.71,134.828,787165
2022-08-15,134.5,136.639,134.057,135.664,741830
2022-08-16,134.968,137.191,134.779,136.48,765291
2022-08-17,134.58,135.117,132.67,133.476,1010854
2022-08-18,133.535,134.182,131.894,132.769,884791
2022-08-19,131.994,132.224,129.954,131.238,776406
2022-08-22,129.109,129.109,126.175,126.553,1108083
2022-08-23,126.314,128.572,126.314,126.97,764191
2022-08-24,126.791,128.025,126.045,127.329,786612
2022-08-25,128.482,131.516,128.383,131.456,719856
2022-08-26,131.606,131.606,125.289,125.369,755121
2022-08-29,124.424,126.284,123.738,125.27,510450
2022-08-30,127.448,128.612,126.105,127.1,1222382
2022-08-31,128.443,128.607,125.747,126.304,1582693
2022-09-01,124.981,125.24,122.892,123.877,1148251
2022-09-02,125.836,127.587,122.375,123.101,1345771
2022-09-06,124.822,125.21,122.295,123.032,1317340
2022-09-07,123.628,127.582,123.28,127.159,2127846
2022-09-08,125.707,127.169,124.295,127.08,1159688
2022-09-09,127.746,128.383,126.294,127.428,1166466
2022-09-12,128.393,131.228,128.383,130.88,1025633
2022-09-13,126.592,126.752,123.678,123.827,1213843
2022-09-14,123.002,123.469,118.267,119.52,1945664
2022-09-15,119.66,122.216,119.033,119.799,1291373
2022-09-16,116.427,116.984,114.776,116.855,2145115
2022-09-19,116.208,118.894,116.059,118.595,977722
2022-09-20,117.103,117.103,115.323,116.039,1087490
2022-09-21,115.591,116.238,112.667,112.697,1095283
2022-09-22,112.329,112.329,110.499,111.324,970154
2022-09-23,110.409,111.812,109.743,111.722,1255125
2022-09-26,111.901,112.483,109.937,110.578,930286
2022-09-27,111.792,111.861,109.196,110.469,1212746
2022-09-28,111.871,113.413,110.538,112.697,1511277
2022-09-29,111.225,111.344,109.524,111.016,910639
2022-09-30,111.404,112.766,109.981,110.101,1170167
2022-10-03,111.841,114.726,111.841,113.582,1373857
2022-10-04,115.412,118.777,115.402,118.516,1590029
2022-10-05,116.825,120.356,116.775,119.59,1483257
2022-10-06,119.132,120.306,116.576,117.103,1701491
2022-10-07,115.77,116.298,112.965,113.761,1058376
2022-10-10,108.082,111.837,107.097,110.16,2968263
2022-10-11,109.753,112.08,109.255,110.17,2042900
2022-10-12,110.867,110.867,109.012,109.106,1348672
2022-10-13,107.216,113.075,106.891,111.623,1786179
2022-10-14,112.926,113.483,109.315,109.743,1491333
2022-10-17,112.528,113.89,111.618,112.707,1217165
2022-10-18,115.88,117.456,114.985,116.119,1127484
2022-10-19,115.223,115.522,112.398,114.03,1266138
2022-10-20,112.518,114.646,106.828,107.833,3344694
2022-10-21,109.017,112.896,108.171,111.991,2174935
2022-10-24,112.806,113.612,111.155,111.354,1373273
2022-10-25,111.792,113.304,111.672,112.359,1712204
2022-10-26,112.483,113.592,111.046,112.219,1081235
2022-10-27,112.836,114.343,111.513,111.762,923622
2022-10-28,111.782,113.776,111.414,113.552,1226693
2022-10-31,113.025,114.661,112.592,113.572,1723303
2022-11-01,114.776,115.203,112.428,113.393,1033935
2022-11-02,113.443,114.368,109.409,109.494,1322376
2022-11-03,107.554,110.26,106.848,109.126,1102839
2022-11-04,111.603,115.283,111.333,114.845,1535544
2022-11-07,115.85,115.989,113.871,115.721,1382569
2022-11-08,116.407,117.521,114.845,115.84,1128803
2022-11-09,115.55,115.84,113.8532,114.18,759604
2022-11-10,120.26,124.88,119.96,124.81,1513754
2022-11-11,125.84,131.0,125.7,130.09,2106314
2022-11-14,128.98,129.955,127.6,127.96,1891203
2022-11-15,130.59,133.39,127.465,129.5,1639410
2022-11-16,129.21,129.97,128.22,128.99,1352799
2022-11-17,126.91,127.14,124.57,126.66,1051261
2022-11-18,128.82,130.27,127.33,128.47,999423
2022-11-21,127.5,130.15,127.5,129.05,1223925
2022-11-22,130.0,132.08,129.18,131.99,1525550
2022-11-23,132.22,133.805,131.8701,133.06,1078920
2022-11-25,132.35,133.37,132.17,133.36,320312
2022-11-28,132.3,133.19,130.04,130.3,1049317
2022-11-29,130.7,132.6,130.66,131.83,1648686
2022-11-30,131.64,135.46,130.87,135.22,2036671
2022-12-01,136.4,136.98,133.98,134.96,794895
2022-12-02,133.1,137.7,132.96,137.3,776606
2022-12-05,135.36,135.91,133.8,134.59,924766
2022-12-06,134.95,135.84,130.575,132.04,885362
2022-12-07,131.3,131.96,128.8,129.44,1670622
2022-12-08,130.24,130.85,129.335,130.36,1099111
2022-12-09,130.45,131.71,130.045,130.41,718847
2022-12-12,130.57,132.38,130.0401,132.32,1038318
2022-12-13,136.93,137.72,133.13,134.07,1171205
2022-12-14,133.67,135.0801,131.5,132.77,880843
2022-12-15,130.43,130.43,128.13,128.77,1084506
2022-12-16,127.24,127.78,125.25,126.17,1658582
2022-12-19,126.04,126.95,124.8,125.63,682027
2022-12-20,125.21,126.2108,123.55,124.76,1106768
2022-12-21,125.73,127.8,125.73,127.15,909518
2022-12-22,125.29,125.88,123.222,125.86,722749
2022-12-23,125.25,126.79,124.92,126.72,458223
2022-12-27,126.49,127.8114,126.03,126.42,701918
2022-12-28,127.01,127.54,124.25,124.27,640589
2022-12-29,125.37,126.85,125.02,126.4,648846
2022-12-30,125.22,126.01,124.17,125.74,648835
2023-01-03,126.79,127.425,125.09,126.84,1001095
2023-01-04,128.85,130.22,127.91,129.97,763043
2023-01-05,126.54,126.54,122.525,123.11,1610674
2023-01-06,124.86,128.87,123.6,128.5,1231736
2023-01-09,128.68,131.06,127.075,128.87,1299616
2023-01-10,127.0,129.85,126.874,129.78,981553
2023-01-11,131.99,132.505,129.68,132.09,1417524
2023-01-12,132.49,132.61,130.53,131.62,1044537
2023-01-13,130.39,132.78,130.36,132.4,871214
2023-01-17,132.36,132.64,129.55,130.62,1689720
2023-01-18,131.53,132.0,127.71,127.78,1973340
2023-01-19,125.78,126.53,123.32,123.6,2904385
2023-01-20,133.37,133.37,125.75,131.0,4117580
2023-01-23,130.1,132.3,128.79,130.3,1788239
2023-01-24,130.24,132.045,127.7,130.97,1259520
2023-01-25,129.08,129.33,127.77,128.15,1578498
2023-01-26,125.75,128.48,125.465,127.7,2149869
2023-01-27,127.31,128.65,127.02,127.35,1564091
2023-01-30,127.04,129.57,126.95,127.65,1333296
2023-01-31,128.35,130.47,127.65,130.34,2276246
2023-02-01,130.42,133.3,129.68,132.01,1661332
2023-02-02,132.04,134.9378,130.25,134.43,1327129
2023-02-03,132.72,133.39,129.85,130.73,1007197
2023-02-06,129.27,129.78,128.5,129.44,987451
2023-02-07,128.96,131.64,128.63,131.27,1380430
2023-02-08,129.92,132.06,129.6,130.38,1050199
2023-02-09,132.26,132.83,127.86,128.86,961414
2023-02-10,127.98,128.355,125.74,126.23,1104789
2023-02-13,126.95,128.86,126.04,128.74,992186
2023-02-14,128.69,130.955,128.65,129.78,1147125
2023-02-15,129.03,131.16,128.26,131.04,910986
2023-02-16,128.29,131.1,127.955,129.15,1075687
2023-02-17,128.81,130.12,128.4,129.91,1255476
2023-02-21,130.25,130.25,126.09,126.2,1495487
2023-02-22,126.62,128.82,126.61,128.67,1252099
2023-02-23,129.47,130.1,126.27,128.17,1137835
2023-02-24,125.75,129.81,125.295,129.71,1263335
2023-02-27,131.39,132.71,131.09,131.61,1226702
2023-02-28,131.19,133.51,131.19,132.06,1535285
2023-03-01,131.26,134.7,131.02,133.23,2650969
2023-03-02,132.15,135.51,131.9601,134.84,1641697
2023-03-03,136.11,137.51,134.59,137.46,1288078
2023-03-06,137.4,137.7399,133.6,133.64,1451554
2023-03-07,133.25,133.8,129.91,130.91,1609982
2023-03-08,130.79,131.73,130.1,131.21,944585
2023-03-09,131.28,132.22,126.93,127.4,1246764
2023-03-10,127.03,127.44,124.2,126.0,2400981
2023-03-13,124.44,126.72,123.66,124.71,1316256
2023-03-14,127.35,129.27,126.02,129.16,1952691
2023-03-15,127.87,128.22,123.24,125.43,1633279
2023-03-16,124.6,127.19,123.55,126.55,1356265
2023-03-17,125.68,125.84,122.26,122.49,2761427
2023-03-20,123.53,125.57,123.53,125.31,1045467
2023-03-21,127.16,127.78,126.02,126.6,791870
2023-03-22,126.22,127.045,123.59,123.61,948259
2023-03-23,123.78,125.63,122.345,123.51,940299
2023-03-24,122.77,125.48,120.9,125.44,1245931
2023-03-27,127.11,127.3,125.265,126.0,1142923
2023-03-28,126.11,126.71,125.04,126.22,1073837
2023-03-29,128.16,128.87,127.685,128.24,856688
2023-03-30,129.34,131.0,128.805,129.83,987282
2023-03-31,130.55,133.76,130.05,133.58,1497789
2023-04-03,138.12,140.22,137.26,140.04,3701024
2023-04-04,139.97,140.175,137.97,138.32,1966008
2023-04-05,137.26,139.32,137.195,138.95,1819675
2023-04-06,137.14,138.44,136.975,138.07,1461683
2023-04-10,137.7,139.25,137.16,138.34,935242
2023-04-11,139.19,141.26,138.68,139.3,1192632
2023-04-12,140.66,141.36,137.78,138.01,1306252
2023-04-13,138.96,139.46,137.79,139.29,1764332
2023-04-14,139.04,140.08,137.501,138.42,1024710
2023-04-17,138.95,141.01,138.37,140.93,978420
2023-04-18,141.67,142.46,140.71,141.61,1197160
2023-04-19,141.64,142.38,139.89,140.55,1544755
2023-04-20,139.46,141.57,139.09,141.45,2075254
2023-04-21,144.86,145.14,141.19,141.98,2746981
2023-04-24,144.99,145.51,141.9,142.96,1767725
2023-04-25,142.16,142.865,139.76,140.43,1475831
2023-04-26,139.39,140.45,136.89,137.64,1948517
2023-04-27,138.76,138.98,136.5,138.93,1695956
2023-04-28,139.06,141.37,139.06,140.26,1518169
2023-05-01,140.15,141.57,139.59,139.76,948116
2023-05-02,139.06,139.95,137.165,139.6,1264549
2023-05-03,140.34,141.38,138.19,138.34,1031865
2023-05-04,138.3,138.3,134.665,135.5,1029246
2023-05-05,136.63,138.43,136.58,138.03,987477
2023-05-08,138.19,139.26,137.45,138.68,1258626
2023-05-09,137.4,137.75,136.37,137.14,1303829
2023-05-10,139.1,139.65,135.426,136.86,1019775
2023-05-11,135.96,137.39,134.94,137.24,945997
2023-05-12,138.18,138.72,136.29,138.1,871397
2023-05-15,138.76,140.7839,138.305,140.63,1423269
2023-05-16,139.52,140.18,138.8209,139.33,1247685
2023-05-17,140.01,142.82,139.59,142.41,1212183
2023-05-18,142.52,143.22,141.24,142.57,1202754
2023-05-19,143.38,143.38,141.474,142.4,760707
2023-05-22,142.07,143.2,140.61,140.68,1017952
2023-05-23,139.47,140.06,136.82,136.88,1077691
2023-05-24,135.14,135.85,132.46,133.41,2468373
2023-05-25,133.73,133.96,131.76,133.04,2000234
2023-05-26,133.79,134.46,132.97,133.73,1070173
2023-05-30,133.92,134.76,131.955,134.35,1102734
2023-05-31,134.25,134.25,130.65,131.29,2365726
2023-06-01,131.83,135.14,131.83,134.98,1489945
2023-06-02,137.3,139.81,136.6,139.58,1294271
2023-06-05,138.47,139.5,137.9,137.92,1216143
2023-06-06,138.33,140.1775,138.0,139.22,958801
2023-06-07,138.44,142.41,138.245,141.85,1224566
2023-06-08,141.8,142.26,139.745,141.17,1417758
2023-06-09,140.52,141.355,138.77,139.67,1174011
2023-06-12,140.01,140.92,139.6,139.99,1591862
2023-06-13,140.05,141.94,140.05,141.32,2216782
2023-06-14,143.39,143.39,140.14,140.7,1932373
2023-06-15,140.62,141.63,139.57,141.27,1587903
2023-06-16,141.93,143.47,140.58,143.08,2675517
2023-06-20,141.46,142.49,141.1,142.04,1386246
2023-06-21,141.73,143.47,141.4,142.34,1532327
2023-06-22,142.83,143.325,140.56,140.77,1613063
2023-06-23,139.16,140.41,138.19,138.89,3212815
2023-06-26,139.22,141.57,138.66,141.08,1198639
2023-06-27,141.25,144.98,141.22,144.43,1119918
2023-06-28,144.29,144.84,142.665,143.3,1609432
2023-06-29,143.2,145.87,143.035,145.37,1194001
2023-06-30,146.3,149.01,146.04,148.3,1352139
2023-07-03,147.46,149.66,146.92,149.07,780594
2023-07-05,147.9,149.225,145.75,146.18,1832329
2023-07-06,144.63,145.32,142.87,145.23,1491506
2023-07-07,145.11,148.04,145.11,146.77,1546298
2023-07-10,146.48,148.86,146.04,147.9,891704
2023-07-11,149.08,150.7,148.575,150.59,1448825
2023-07-12,152.18,152.5,150.37,151.67,1381663
2023-07-13,151.79,151.81,150.42,151.51,1350237
2023-07-14,151.24,151.24,148.92,149.74,1189252
2023-07-17,149.2,151.84,148.88,151.2,1391585
2023-07-18,150.94,152.89,150.53,151.37,1258967
2023-07-19,151.56,152.21,149.38,150.26,1518995
2023-07-20,150.18,150.445,148.64,149.72,2254273
2023-07-21,146.38,152.6,145.09,149.35,2935866
2023-07-24,150.47,151.185,145.1,145.87,2230175
2023-07-25,147.76,148.52,146.3,147.01,2631019
2023-07-26,145.16,146.73,144.53,146.18,2449841
2023-07-27,146.94,147.2,144.22,144.8,1616265
2023-07-28,146.43,146.98,144.67,145.41,1573214
2023-07-31,145.75,145.75,142.83,143.9,2012595
2023-08-01,143.33,146.39,142.98,145.55,2945981
2023-08-02,143.0,143.8,141.541,141.77,2133336
2023-08-03,140.84,141.82,139.92,140.28,1413910
2023-08-04,141.6,142.77,140.52,140.57,1358252
2023-08-07,141.89,143.89,141.01,143.26,1562416
2023-08-08,140.73,144.49,140.32,143.33,1675060
2023-08-09,142.88,142.88,139.045,139.44,1719826
2023-08-10,139.77,140.65,138.75,139.45,1367082
2023-08-11,138.96,139.26,136.28,136.64,1291098
2023-08-14,136.49,140.05,136.455,139.63,1727692
2023-08-15,138.33,139.77,138.21,138.87,1263654
2023-08-16,138.96,139.8,137.5,137.64,939534
2023-08-17,138.39,139.42,137.625,138.07,1106068
2023-08-18,137.17,140.05,137.17,139.53,1594146
2023-08-21,139.45,139.87,137.49,138.6,992608
2023-08-22,139.39,139.685,137.96,138.36,890982
2023-08-23,138.83,138.8987,137.68,137.85,1331792
2023-08-24,137.75,139.7,137.21,137.25,1157488
2023-08-25,137.72,139.6,136.63,138.37,1501943
2023-08-28,138.96,140.665,138.78,138.83,1243493
2023-08-29,138.83,141.07,138.44,140.96,1123817
2023-08-30,141.02,142.14,140.72,142.04,1199861
2023-08-31,142.33,142.84,141.3,141.76,1202407
2023-09-01,142.66,143.39,141.23,142.01,1101463
2023-09-05,141.49,141.985,136.42,136.47,1772742
2023-09-06,136.94,137.985,136.19,137.05,2163515
2023-09-07,136.65,137.23,135.01,136.18,1175976
2023-09-08,135.91,136.83,135.53,135.7,1271824
2023-09-11,136.94,137.18,135.7635,136.35,854297
2023-09-12,134.39,135.24,133.525,133.84,1448546
2023-09-13,133.56,134.14,132.43,133.0,1166741
2023-09-14,134.53,134.73,133.07,134.39,1036380
2023-09-15,133.56,135.72,133.52,133.8,2213862
2023-09-18,133.54,133.825,132.29,132.49,978920
2023-09-19,132.27,132.6,130.34,132.21,1454490
2023-09-20,133.53,133.71,130.57,130.8,807704
2023-09-21,130.05,130.05,128.0,128.29,1448566
2023-09-22,128.54,131.33,128.3,130.13,1660490
2023-09-25,129.36,132.26,129.36,132.05,1174587
2023-09-26,131.31,131.86,128.53,128.61,1200005
2023-09-27,129.41,129.95,126.94,128.03,1313313
2023-09-28,128.3,131.2,127.74,130.56,935952
2023-09-29,131.8,131.87,129.55,129.8,1117888
2023-10-02,129.42,130.115,128.42,129.37,1177742
2023-10-03,127.87,130.31,127.7,128.65,1305609
2023-10-04,131.27,133.49,129.84,133.22,2719846
2023-10-05,132.64,133.81,130.1,131.33,1932250
2023-10-06,130.78,133.9689,130.2501,133.13,1556215
2023-10-09,131.73,131.88,128.54,128.76,1886092
2023-10-10,129.74,131.855,129.485,130.28,2128233
2023-10-11,132.5,133.16,130.8,132.52,1233107
2023-10-12,133.2,133.2399,128.74,130.06,825991
2023-10-13,129.85,130.45,127.89,128.46,1355130
2023-10-16,129.95,131.13,129.23,130.35,1143505
2023-10-17,128.96,132.45,128.8,131.45,1812812
2023-10-18,129.73,130.22,127.63,127.78,2319740
2023-10-19,126.0,129.26,123.89,124.34,4053133
2023-10-20,124.77,126.46,124.38,124.72,2234247
2023-10-23,124.0,125.0999,123.38,123.69,1482122
2023-10-24,125.04,125.77,121.87,122.85,1573526
2023-10-25,122.45,122.57,120.44,121.48,1133397
2023-10-26,122.16,123.55,121.75,122.01,1440046
2023-10-27,121.8,122.655,120.325,120.72,838945
2023-10-30,122.27,123.07,120.47,121.82,1161645
2023-10-31,121.97,123.3299,121.755,122.77,1970324
2023-11-01,123.09,123.74,121.62,122.97,1094237
2023-11-02,123.42,125.2,123.24,124.92,1622192
2023-11-03,126.34,129.47,126.34,128.31,1098464
2023-11-06,128.02,129.18,126.95,127.75,977866
2023-11-07,126.96,128.58,126.51,127.81,1521883
2023-11-08,127.75,129.77,127.47,129.55,1340278
2023-11-09,129.5,129.98,127.23,127.37,1170600
2023-11-10,127.87,129.04,127.14,128.81,1283633
2023-11-13,128.27,130.31,128.27,129.28,1574810
2023-11-14,131.69,134.4256,131.0,133.51,2368040
2023-11-15,133.7,135.74,133.09,133.62,2094172
2023-11-16,133.68,135.34,133.59,135.16,1274029
2023-11-17,135.75,136.03,135.155,135.87,961746
2023-11-20,135.43,136.2401,134.65,135.56,923774
2023-11-21,135.91,137.07,135.36,136.58,982738
2023-11-22,137.39,137.89,135.94,136.64,734302
2023-11-24,136.83,137.17,135.835,136.45,355933
2023-11-27,135.64,137.67,135.25,137.29,1161044
2023-11-28,137.48,138.67,136.47,138.08,1619733
2023-11-29,139.55,140.485,139.015,139.55,1252930
2023-11-30,139.78,142.08,139.11,141.99,2751117
2023-12-01,141.73,143.86,141.45,143.63,1553530
2023-12-04,143.02,144.76,142.765,143.15,2813405
2023-12-05,142.31,142.765,141.29,142.65,1902500
2023-12-06,143.86,144.65,142.39,142.7,1991965
2023-12-07,144.12,145.4,143.48,144.98,1533447
2023-12-08,144.98,145.855,143.7559,143.98,1136587
2023-12-11,144.83,146.8695,144.49,145.84,2053308
2023-12-12,146.04,146.9,145.32,145.37,1998759
2023-12-13,145.33,147.57,145.22,147.47,2579714
2023-12-14,149.6,151.16,148.97,149.15,2463453
2023-12-15,148.84,150.15,148.25,148.68,2920934
2023-12-18,148.62,149.435,147.53,148.75,2411062
2023-12-19,149.43,150.28,148.41,149.51,1926686
2023-12-20,149.43,149.51,146.21,146.32,1478634
2023-12-21,147.63,148.25,146.5,147.75,1399224
2023-12-22,148.1,149.44,147.85,148.75,1309375
2023-12-26,148.84,150.3,148.66,149.69,870619
2023-12-27,149.31,150.58,149.28,150.16,1327693
2023-12-28,150.66,150.82,150.12,150.38,817109
2023-12-29,149.97,150.69,149.3,149.55,944173
2024-01-02,147.73,148.68,146.84,147.28,1842861
2024-01-03,146.65,146.98,144.27,145.62,1739501
2024-01-04,144.84,146.19,144.37,144.91,1702490
2024-01-05,144.23,146.28,144.02,145.94,1081088
2024-01-08,146.13,147.47,145.56,147.39,1013384
2024-01-09,146.27,146.57,145.31,146.23,955425
2024-01-10,146.03,147.51,146.03,147.29,929354
2024-01-11,147.76,147.76,145.71,146.39,1453310
2024-01-12,147.05,147.7,144.635,145.55,1104702
2024-01-16,144.77,145.015,143.03,143.76,2058975
2024-01-17,142.5,144.41,142.15,143.08,1917628
2024-01-18,143.68,145.27,143.42,144.95,2154995
2024-01-19,145.86,145.86,140.71,141.39,5496030
2024-01-22,141.71,143.14,141.71,142.14,2315838
2024-01-23,142.93,143.0,140.49,142.44,1740567
2024-01-24,143.0,143.76,140.92,141.03,2555375
2024-01-25,141.83,143.125,140.995,142.79,1823058
2024-01-26,143.79,143.93,142.15,143.04,1633309
2024-01-29,142.86,143.429,141.49,142.86,1897837
2024-01-30,142.45,143.88,142.08,143.07,1389575
2024-01-31,143.39,143.395,140.4611,141.04,2334121
2024-02-01,140.61,141.8,139.17,141.5,1429659
2024-02-02,140.16,140.74,138.65,140.09,1580574
2024-02-05,138.24,138.84,137.49,137.57,2700856
2024-02-06,137.98,139.9,137.98,139.89,1559775
2024-02-07,140.57,141.03,139.05,139.37,1384155
2024-02-08,139.55,139.77,136.55,138.63,1390071
2024-02-09,138.49,139.61,137.44,139.58,1205668
2024-02-12,139.79,141.31,139.25,140.9,1557076
2024-02-13,138.5,139.24,137.43,138.74,1677925
2024-02-14,139.6,140.945,138.75,140.1,1319526
2024-02-15,140.35,142.51,140.255,142.42,1816289
2024-02-16,142.23,142.56,141.51,141.91,2060000
2024-02-20,141.69,142.0666,140.72,141.16,2568670
2024-02-21,141.44,142.67,140.77,142.65,1119426
2024-02-22,143.27,143.91,142.01,143.38,1305706
2024-02-23,143.98,144.73,143.605,144.37,892858
2024-02-26,142.0,143.11,139.885,142.34,2432858
2024-02-27,142.72,144.985,140.4505,140.91,2176000
2024-02-28,140.47,142.11,139.44,140.48,1298818
2024-02-29,140.84,142.08,140.43,141.6,1951311
2024-03-01,140.94,141.95,139.36,139.52,1972034
2024-03-04,138.89,140.0,138.52,139.22,1836828
2024-03-05,138.77,140.035,138.365,138.79,1368863
2024-03-06,139.74,141.13,139.11,140.12,1671518
2024-03-07,138.82,141.46,138.82,140.9,2068729
2024-03-08,141.38,142.29,140.565,140.73,1361008
2024-03-11,140.96,142.62,140.06,142.5,1765703
2024-03-12,142.74,143.1,141.0,141.31,1422506
2024-03-13,141.79,143.005,141.585,141.88,1893444
2024-03-14,140.96,141.63,138.48,138.96,2201408
2024-03-15,137.5,139.98,137.5,137.86,4394255
2024-03-18,137.91,140.0,137.29,139.07,2002023
2024-03-19,139.5,141.7,139.3603,141.6,2608882
2024-03-20,142.06,142.43,141.01,142.26,2189989
2024-03-21,142.53,143.93,142.3,143.61,1515854
2024-03-22,143.88,143.97,142.21,142.56,1289279
2024-03-25,142.16,142.79,140.72,141.15,1005708
2024-03-26,141.23,142.455,141.12,141.82,1059513
2024-03-27,143.0,144.6,142.21,144.54,1169480
2024-03-28,145.0,145.39,144.41,144.9,1532965
2024-04-01,145.12,145.605,142.77,143.38,1093641
2024-04-02,143.09,143.41,140.5,141.66,1051178
2024-04-03,141.7,142.94,141.105,141.73,1180107
2024-04-04,142.62,143.98,139.43,139.77,1236539
2024-04-05,139.5,139.67,138.23,139.04,1061851
2024-04-08,139.77,140.49,138.98,139.91,1347395
2024-04-09,140.74,142.3,139.41,142.2,1223001
2024-04-10,139.73,139.73,137.64,137.73,1561521
2024-04-11,138.52,139.01,137.0,137.6,2091003
2024-04-12,136.5,136.66,133.59,134.43,2097364
2024-04-15,135.9,136.84,134.205,135.02,1292643
2024-04-16,134.21,135.02,133.48,133.51,1822114
2024-04-17,134.9,135.49,134.17,134.96,1735434
2024-04-18,136.03,136.39,134.16,135.11,2318926
2024-04-19,133.01,134.65,129.55,130.84,4643208
2024-04-22,130.35,131.25,129.225,131.16,2460691
2024-04-23,130.42,131.65,129.43,130.43,2730643
2024-04-24,129.94,130.94,129.91,130.52,1896306
2024-04-25,129.88,129.92,128.255,129.23,1764069
2024-04-26,129.69,130.96,129.0,130.16,1370846
2024-04-29,130.7,131.47,130.33,130.74,859567
2024-04-30,129.78,130.88,128.7801,129.0,2208167
2024-05-01,129.53,132.855,129.33,130.95,2084889
2024-05-02,131.78,133.02,130.61,132.25,2816335
2024-05-03,133.84,134.45,132.25,132.92,1303659
2024-05-06,133.74,134.17,132.38,133.04,1159475
2024-05-07,133.75,135.0,133.4,134.21,1134395
2024-05-08,133.25,133.705,132.77,133.43,1372115
2024-05-09,133.36,134.73,132.785,134.35,1273828
2024-05-10,135.6,136.21,135.22,135.33,1079113
2024-05-13,135.8,136.21,135.3507,135.74,770767
2024-05-14,136.07,136.89,135.14,135.38,1051027
2024-05-15,136.02,136.8,134.75,135.04,918349
2024-05-16,135.0,135.78,134.7,134.78,1115356
2024-05-17,135.32,135.87,133.76,134.44,1336858
2024-05-20,134.19,135.23,133.5,133.77,1146706
2024-05-21,133.78,134.125,133.18,133.73,989369
2024-05-22,132.98,134.75,132.98,134.7,1746356
2024-05-23,134.66,135.43,130.88,131.02,1293692
2024-05-24,131.49,132.4,130.91,131.42,929256
2024-05-28,131.31,131.64,129.26,129.6,1560981
2024-05-29,128.33,128.8,127.1,127.15,1016076
2024-05-30,127.38,129.18,127.13,129.12,1322189
2024-05-31,129.1,131.99,128.5,131.41,3835704
2024-06-03,131.4,132.161,129.8899,131.66,1563581
2024-06-04,131.07,132.92,130.96,131.68,1603048
2024-06-05,131.7,133.38,130.76,133.21,1260619
2024-06-06,132.91,133.42,130.47,130.62,1606496
2024-06-07,129.43,129.515,128.015,128.41,1630476
2024-06-10,128.07,128.71,127.26,128.46,1037043
2024-06-11,128.26,130.11,127.425,129.57,1543584
2024-06-12,131.73,132.21,129.8,130.41,1293018
2024-06-13,129.91,130.145,128.53,129.79,938722
2024-06-14,128.33,128.73,126.1,127.32,1156865
2024-06-17,127.06,128.39,126.08,128.27,1185297
2024-06-18,128.18,128.92,127.13,127.86,1062904
2024-06-20,127.14,130.09,127.14,128.46,1321111
2024-06-21,128.4,128.92,126.57,128.59,1971814
2024-06-24,128.77,130.35,128.065,128.15,1721362
2024-06-25,127.39,127.52,124.48,125.22,2146909
2024-06-26,124.37,125.9,123.8353,125.25,1927288
2024-06-27,125.29,125.625,124.735,124.9,1056184
2024-06-28,124.88,126.1389,124.66,125.89,2585591
2024-07-01,126.01,126.4299,123.66,123.98,1202736
2024-07-02,124.02,125.39,123.67,124.88,1284065
2024-07-03,124.97,125.68,124.48,124.87,703007
2024-07-05,124.52,125.44,124.04,125.23,1123179
2024-07-08,125.88,127.11,125.88,127.0,1245197
2024-07-09,126.67,126.97,125.17,125.26,1071254
2024-07-10,126.5,126.875,125.3,126.64,1147446
2024-07-11,128.12,129.84,127.6,129.71,1235733
2024-07-12,130.56,131.35,129.84,130.62,950524
2024-07-15,130.28,132.63,130.28,130.88,1546206
2024-07-16,131.33,133.84,131.15,133.23,1720911
2024-07-17,133.01,135.0,132.66,133.76,2259047
2024-07-18,132.74,135.57,131.58,131.71,2434600
2024-07-19,127.5,129.07,126.405,128.04,4342564
2024-07-22,128.7,129.43,126.9005,128.37,1608278
2024-07-23,128.43,128.63,126.541,126.72,1624655
2024-07-24,127.0,127.285,125.13,125.24,1639580
2024-07-25,125.33,127.56,124.87,125.94,1497293
2024-07-26,126.23,127.61,125.56,127.55,1579781
2024-07-29,127.35,128.58,126.92,127.74,1265259
2024-07-30,126.84,128.05,126.84,127.21,1507408
2024-07-31,127.85,128.6214,126.35,126.98,2236525
2024-08-01,127.62,128.3764,125.17,125.88,1463814
2024-08-02,125.58,125.58,122.5,123.46,1250185
2024-08-05,122.19,122.19,118.96,119.39,1739161
2024-08-06,119.22,121.44,118.96,119.06,2536541
2024-08-07,119.83,121.76,118.07,118.32,2159852
2024-08-08,118.94,120.295,118.915,119.23,1601827
2024-08-09,119.02,120.045,118.41,119.24,1092940
2024-08-12,118.54,119.26,118.14,118.4,1397182
2024-08-13,118.72,119.78,118.09,119.26,1497339
2024-08-14,119.21,120.37,118.57,119.87,1348771
2024-08-15,121.29,122.73,120.8,122.07,1273619
2024-08-16,121.86,122.515,120.85,122.4,2562143
2024-08-19,122.77,123.405,122.31,123.25,1078527
2024-08-20,122.9,123.6,122.465,123.0,715430
2024-08-21,123.66,125.06,123.22,124.95,1060626
2024-08-22,125.36,125.59,124.46,125.16,1048749
2024-08-23,125.47,127.12,125.3401,126.53,1092894
2024-08-26,126.94,127.95,126.55,126.9,618873
2024-08-27,126.87,127.67,126.6,127.11,936726
2024-08-28,127.14,128.36,126.96,127.64,993483
2024-08-29,128.39,129.4794,127.15,128.84,962853
2024-08-30,129.6,130.445,128.41,129.73,2175023
2024-09-03,128.74,129.85,127.55,127.95,1451183
2024-09-04,128.06,128.6275,126.48,126.67,965693
2024-09-05,126.92,127.025,124.9,125.28,1076815
2024-09-06,125.0,126.28,124.38,124.78,1210495
2024-09-09,125.58,126.9499,125.21,126.14,1542585
2024-09-10,126.35,126.42,124.69,125.89,939812
2024-09-11,125.94,126.19,122.76,125.5,1271393
2024-09-12,125.22,125.86,123.17,125.49,1080894
2024-09-13,125.83,127.54,125.47,126.98,992958
2024-09-16,128.0,128.5,126.75,127.34,1399625
2024-09-17,127.81,128.59,127.04,127.46,1089677
2024-09-18,127.78,129.03,126.91,127.46,1305408
2024-09-19,129.31,130.37,128.65,129.23,1330356
2024-09-20,127.35,127.5,125.39,126.5,3690515
2024-09-23,127.13,127.99,126.64,127.3,1114116
2024-09-24,127.9,128.88,127.32,128.32,1202713
2024-09-25,128.6,128.63,127.1,127.84,1229941
2024-09-26,129.32,134.865,128.98,134.55,2483992
2024-09-27,135.18,137.24,134.045,134.56,1963364
2024-09-30,134.73,134.92,131.44,132.46,1866015
2024-10-01,133.17,133.44,129.89,130.74,1264307
2024-10-02,130.32,131.1,129.27,130.68,858738
2024-10-03,129.81,130.03,127.43,127.84,1191863
2024-10-04,129.05,129.49,127.38,128.57,763516
2024-10-07,127.37,128.8518,127.12,128.75,794185
2024-10-08,128.06,128.95,127.02,127.23,1821041
2024-10-09,127.84,128.85,127.18,127.44,1598707
2024-10-10,127.12,127.53,126.37,127.35,1857658
2024-10-11,127.36,128.475,127.25,128.25,850411
2024-10-14,128.21,129.09,127.905,128.5,1628445
2024-10-15,129.52,131.66,128.87,129.87,1750480
2024-10-16,130.01,131.84,129.9606,130.36,2022583
2024-10-17,131.56,132.16,128.75,131.36,2104948
2024-10-18,131.925,132.18,130.02,130.93,2174631
2024-10-21,130.53,131.24,128.61,128.82,1291691
2024-10-22,128.41,128.88,126.055,126.6,1174096
2024-10-23,126.3,126.8,125.32,126.28,1317104
2024-10-24,126.76,127.69,125.645,127.24,1305023
2024-10-25,127.32,127.83,126.36,126.45,853010
2024-10-28,128.025,128.39,127.1,127.38,1255805
2024-10-29,125.96,127.25,125.865,126.52,1418086
2024-10-30,126.5,127.55,125.5,125.67,1971572
2024-10-31,125.76,126.32,124.47,124.51,2201699
2024-11-01,124.66,125.17,123.96,124.41,1886039
2024-11-04,125.27,126.38,124.34,124.86,874427
2024-11-05,123.77,124.84,123.12,124.65,1315466
2024-11-06,128.17,128.56,124.355,125.76,3123382
2024-11-07,126.29,126.95,125.85,125.98,1065398
2024-11-08,125.02,126.5,125.02,125.52,1222932
2024-11-11,126.12,126.96,125.53,125.96,839902
2024-11-12,124.77,125.105,121.69,121.75,1435019
2024-11-13,121.955,123.56,121.57,123.42,1430272
2024-11-14,123.615,123.95,122.495,123.52,1285998
2024-11-15,123.16,123.91,122.24,122.53,1625453
2024-11-18,122.99,124.93,122.86,123.42,1786098
2024-11-19,122.39,122.505,120.945,121.08,1246187
2024-11-20,121.38,121.55,120.29,121.29,1220180
2024-11-21,121.3,122.78,120.76,122.68,1017183
2024-11-22,122.46,123.23,122.03,122.65,1173739
2024-11-25,123.16,126.09,123.16,125.79,1940448
2024-11-26,125.125,125.205,122.925,123.35,979969
2024-11-27,123.47,125.0472,123.23,123.45,984876
2024-11-29,123.46,124.54,123.19,124.37,770069
2024-12-02,124.45,126.19,123.85,125.97,1993807
2024-12-03,126.65,126.75,124.75,126.18,2536600
2024-12-04,125.47,127.04,125.29,126.83,3088918
2024-12-05,126.84,127.01,124.31,125.5,3389713
2024-12-06,126.18,126.75,124.52,125.57,2500559
2024-12-09,126.25,130.05,125.85,126.86,3125592
2024-12-10,126.42,126.53,123.5124,125.42,2139467
2024-12-11,125.605,125.705,122.45,122.59,2087530
2024-12-12,122.84,124.1,122.45,124.02,1717313
2024-12-13,123.375,124.29,122.18,124.17,2277567
2024-12-16,123.77,124.87,122.63,122.64,1963818
2024-12-17,122.035,123.07,121.25,122.06,2081757
2024-12-18,122.165,124.81,121.22,121.25,3589478
2024-12-19,120.97,122.0,119.4105,119.52,3493546
2024-12-20,119.255,121.78,118.58,120.21,3884579
2024-12-23,119.95,120.42,118.83,120.15,1470814
2024-12-24,119.56,121.23,119.56,120.98,539027
2024-12-26,120.365,121.369,120.05,121.23,1021620
2024-12-27,120.45,121.93,119.935,120.38,993129
2024-12-30,119.3317,119.77,118.5,119.09,1813076
2024-12-31,119.545,120.27,118.745,119.45,1052870
2025-01-02,119.01,119.79,115.34,115.42,2692093
2025-01-03,115.135,115.625,113.49,114.27,2285628
2025-01-06,114.97,116.7,114.52,115.07,2741630
2025-01-07,115.185,118.36,114.86,115.86,1988123
2025-01-08,115.23,115.88,113.915,115.69,1394514
2025-01-10,114.2,114.7,113.14,113.18,1475686
2025-01-13,113.44,115.17,113.0,114.8,2115830
2025-01-14,115.84,116.61,115.25,116.53,1891887
2025-01-15,118.86,119.03,116.85,117.57,2021882
2025-01-16,117.74,119.61,117.095,119.6,1443130
2025-01-17,120.09,121.16,119.72,120.24,2686311
2025-01-21,121.3,123.66,121.06,123.37,2267919
2025-01-22,123.06,123.88,122.49,122.87,2028706
2025-01-23,122.825,124.07,122.755,123.48,1433960
2025-01-24,123.5,124.74,122.54,122.78,1731363
2025-01-27,122.9,124.66,122.66,124.29,3090911
2025-01-28,123.62,124.54,122.92,123.01,1497920
2025-01-29,122.0,123.52,121.97,122.38,1969893
2025-01-30,122.73,123.3,121.51,122.75,2774455
2025-01-31,115.0,117.58,114.79,115.38,4237895
2025-02-03,113.855,114.0,110.2,111.99,3221189
2025-02-04,113.35,113.67,111.06,111.27,2401839
2025-02-05,111.68,112.8,111.0,112.57,2154246
2025-02-06,113.175,116.38,112.03,115.9,3241205
2025-02-07,115.96,116.15,114.33,114.84,1533552
2025-02-10,115.4,115.57,114.07,114.12,1571507
2025-02-11,114.09,115.23,113.7762,114.91,1059140
2025-02-12,113.185,115.5,112.75,114.8,1629626
2025-02-13,115.39,118.105,115.213,117.92,1935072
2025-02-14,118.39,119.12,117.68,117.75,1677204
2025-02-18,117.65,119.29,117.295,119.26,1550166
2025-02-19,116.68,118.0,115.45,116.79,1681055
2025-02-20,116.5,118.11,116.06,117.89,1627140
2025-02-21,117.7,117.8283,114.29,114.8,2447796
2025-02-24,114.99,115.195,113.46,113.53,1393687
2025-02-25,114.14,115.39,113.5,114.39,2263934
2025-02-26,114.58,115.79,113.61,115.04,1450661
2025-02-27,114.7,115.63,113.58,113.68,1581030
2025-02-28,114.205,115.8,112.12,113.22,3362241
2025-03-03,114.95,115.52,111.485,111.72,2401227
2025-03-04,111.32,111.75,109.15,109.29,2950740
2025-03-05,109.94,114.75,109.805,114.09,3159187
2025-03-06,113.81,116.455,113.32,115.37,2661291
2025-03-07,114.57,116.46,113.68,115.48,2170716
2025-03-10,114.405,117.88,114.0,114.69,2496616
2025-03-11,115.29,115.66,111.19,113.43,2256126
2025-03-12,113.13,114.06,110.93,110.98,1824279
2025-03-13,111.04,112.75,110.3101,111.36,1680758
2025-03-14,112.2,113.85,111.62,113.47,2147419
2025-03-17,113.225,114.46,112.63,113.84,2155979
2025-03-18,113.48,113.93,112.74,113.57,1368473
2025-03-19,114.0,114.26,112.21,113.1,1746673
2025-03-20,112.02,112.97,111.16,111.26,1836511
2025-03-21,110.25,111.49,109.33,110.73,3160761
2025-03-24,112.26,114.21,111.85,112.98,2133325
2025-03-25,112.735,113.26,111.35,111.74,1818942
2025-03-26,111.5,113.09,110.62,111.93,2056054
2025-03-27,111.2,111.54,105.64,108.36,4537269
2025-03-28,109.12,109.57,106.98,107.44,3315571
2025-03-31,106.67,109.47,105.99,109.35,2929891
2025-04-01,109.34,109.6,107.78,108.95,2094829
2025-04-02,108.3286,110.11,107.88,110.11,3836423
2025-04-03,107.35,107.53,103.89,103.99,2230149
2025-04-04,102.68,103.11,97.485,99.15,3812558
2025-04-07,96.895,101.515,95.01,96.93,3160374
2025-04-08,99.0,99.97,90.24,91.66,4942897
2025-04-09,91.01,103.63,90.97,103.11,4941044
2025-04-10,101.135,101.135,95.61,98.53,2994353
2025-04-11,97.59,101.42,96.41,100.73,1906436
2025-04-14,101.595,102.4,100.58,101.48,1460950
2025-04-15,100.73,102.12,99.27,99.61,1731959
2025-04-16,99.33,100.55,97.53,98.42,2530943
2025-04-17,98.97,100.9988,98.68,100.05,2240531
2025-04-21,99.315,100.1,98.34,99.4,1902494
2025-04-22,100.595,102.335,100.4,101.78,977998
2025-04-23,104.39,105.96,101.345,101.83,1588293
2025-04-24,101.82,104.63,101.16,104.13,1010596
2025-04-25,103.065,104.0,101.76,102.57,1938632
2025-04-28,102.855,103.845,101.95,102.96,1489543
2025-04-29,102.995,104.45,102.995,103.81,1880193
2025-04-30,110.1,110.1,106.87,108.86,4628159
2025-05-01,109.46,110.41,108.345,108.77,2870373
2025-05-02,110.49,111.44,109.225,110.49,2083879
2025-05-05,109.855,111.39,109.65,110.22,1753906
2025-05-06,109.645,110.37,107.96,108.56,1270763
2025-05-07,108.705,108.705,105.895,106.76,1600959
2025-05-08,107.49,109.92,107.15,108.61,1626515
2025-05-09,108.8,110.0,108.8,109.44,1654767
2025-05-12,113.99,117.46,113.57,114.21,1989124
2025-05-13,114.1,114.67,113.3,113.34,1857953
2025-05-14,113.37,113.47,111.1495,111.67,1739894
2025-05-15,111.155,113.13,110.79,113.06,1398264
2025-05-16,113.0,114.15,112.09,114.08,3365265
2025-05-19,112.76,114.57,112.325,114.26,1363245
2025-05-20,113.915,114.83,113.255,113.79,1372432
2025-05-21,112.674,112.98,110.98,111.24,1245708
2025-05-22,110.85,111.76,110.2501,111.21,2283452
2025-05-23,109.62,110.33,109.0001,110.08,948161
2025-05-27,111.465,112.45,110.76,112.26,1255051
2025-05-28,111.86,112.29,110.46,110.55,881578
2025-05-29,110.99,111.65,110.0,111.31,1491940
2025-05-30,110.885,110.885,109.48,110.8,3637842
2025-06-02,110.31,110.38,109.13,110.35,1529849
2025-06-03,110.24,111.51,108.81,111.37,1659558
2025-06-04,111.4,112.52,111.22,111.93,1213366
2025-06-05,112.355,112.51,110.99,111.26,1410130
2025-06-06,112.13,113.79,112.02,112.6,1063310
2025-06-09,113.145,114.32,112.985,113.46,1283399
2025-06-10,113.855,115.565,113.41,115.04,1933805
2025-06-11,114.87,115.24,112.94,113.01,1942364
2025-06-12,111.94,112.52,111.51,112.03,1291916
2025-06-13,110.565,110.77,106.08,106.3,2505217
2025-06-16,108.09,109.08,107.21,109.04,1996241
2025-06-17,108.22,108.99,107.24,107.54,1607050
2025-06-18,107.48,108.5,106.96,108.24,1789117
2025-06-20,109.15,109.22,107.66,108.67,4312238
2025-06-23,108.32,112.61,108.23,112.33,2697545
2025-06-24,114.3,115.22,113.09,113.88,2025742
2025-06-25,114.04,114.91,112.54,113.26,1308348
2025-06-26,114.0,114.71,113.395,113.78,1539242
2025-06-27,114.0,115.38,113.41,114.15,2248731
2025-06-30,113.77,114.2,113.04,113.75,1405147
2025-07-01,113.34,117.82,112.72,116.41,2055101
2025-07-02,117.06,118.91,116.42,118.59,1588971
2025-07-03,118.5975,118.94,117.71,118.28,796208
2025-07-07,117.81,117.89,115.29,115.46,1511956
2025-07-08,115.87,118.27,115.66,117.41,1563819
2025-07-09,117.965,118.74,117.105,118.19,1294919
2025-07-10,118.31,120.91,118.31,119.07,1365308
2025-07-11,117.795,117.795,116.51,117.3,817760
2025-07-14,116.15,116.595,115.02,116.36,1219347
2025-07-15,116.795,117.16,114.28,114.29,1157602
2025-07-16,114.0,115.77,113.61,115.57,1514301
2025-07-17,115.56,116.485,115.05,116.02,1824775
2025-07-18,116.1,116.405,113.415,114.53,5187061
2025-07-21,115.11,115.8175,114.29,114.52,1067299
2025-07-22,113.8,115.45,113.65,115.4,1720684
2025-07-23,116.19,117.04,115.02,116.61,1523402
2025-07-24,116.05,117.29,114.78,115.02,1711038
2025-07-25,115.495,116.15,114.755,115.95,1280174
2025-07-28,115.515,115.7,113.87,113.97,1469340
2025-07-29,114.455,115.08,112.09,112.23,2255854
2025-07-30,105.3017,110.07,105.3017,106.25,6555223
2025-07-31,105.62,107.5,105.18,105.5,3895828
2025-08-01,104.1,104.71,102.78,104.44,1989158
2025-08-04,104.69,105.72,104.55,105.0,2560095
2025-08-05,105.71,106.73,105.09,106.02,1398009
2025-08-06,106.485,106.71,104.56,105.68,2502201
2025-08-07,107.045,108.07,105.79,106.12,1865748
2025-08-08,106.15,107.44,105.58,106.95,1207003
2025-08-11,106.545,107.195,105.85,106.52,1838148
2025-08-12,106.58,109.56,106.495,108.75,1455391
2025-08-13,108.78,112.63,108.76,112.62,2048696
2025-08-14,111.105,112.07,110.3954,111.95,1270064
2025-08-15,112.19,112.55,111.16,111.8,1400251
2025-08-18,111.956,111.956,110.86,110.97,1335272
2025-08-19,111.25,113.84,111.25,112.86,1355265
2025-08-20,112.35,113.345,111.66,112.06,1091509
2025-08-21,111.19,112.065,110.77,111.57,1214260
2025-08-22,111.85,115.5,111.76,114.27,1594264
2025-08-25,113.54,113.88,111.99,112.14,1161618
2025-08-26,111.79,113.05,111.79,112.57,1566049
2025-08-27,112.37,113.37,111.83,112.13,796330
2025-08-28,112.5,112.585,110.48,111.22,1278201
2025-08-29,111.11,112.08,110.85,111.23,906817
2025-09-02,109.55,109.91,108.825,109.59,1788064
2025-09-03,109.165,109.97,108.605,109.19,1161011
2025-09-04,109.44,109.86,108.46,109.64,1642859
2025-09-05,110.495,112.01,109.11,109.98,2222294
2025-09-08,108.74,111.6,108.345,111.53,3264999
2025-09-09,110.39,110.765,108.76,109.38,2041002
2025-09-10,108.81,109.5579,108.19,108.78,1423562
2025-09-11,108.995,112.15,108.995,111.83,1505903
2025-09-12,111.225,111.8,110.36,110.72,1552318
2025-09-15,111.05,111.465,109.105,109.45,1281541
2025-09-16,109.43,109.91,107.915,108.36,1220471
2025-09-17,108.68,111.575,107.62,108.1,1492830
2025-09-18,109.03,109.26,107.99,109.02,1715188
2025-09-19,110.38,110.48,108.31,109.42,3617802
2025-09-22,108.62,109.83,107.8501,109.49,2348926
2025-09-23,109.36,109.72,105.71,106.24,2150560
2025-09-24,105.33,106.63,105.04,105.48,1686816
2025-09-25,105.285,105.44,103.635,103.92,1955057
2025-09-26,104.76,105.02,103.29,103.65,1859013
2025-09-29,104.465,105.2799,102.8994,104.02,2244886
2025-09-30,104.23,105.2,103.52,105.11,1723289
2025-10-01,104.68,105.51,103.71,104.09,1588855
2025-10-02,104.15,105.32,103.74,104.52,1333554
2025-10-03,104.35,105.38,104.005,104.43,1160214
2025-10-06,104.43,105.13,103.51,103.52,1466612
2025-10-07,103.97,104.27,101.51,101.7,1412518
2025-10-08,101.89,102.05,101.0,101.59,1519027
2025-10-09,101.85,102.04,99.485,99.6,1650616
2025-10-10,100.375,101.785,98.44,98.48,1772697
2025-10-13,99.415,99.89,98.16,98.86,1420800
2025-10-14,98.19,101.34,97.99,100.5,1362480
2025-10-15,100.47,101.36,98.855,99.56,1517784
2025-10-16,101.51,101.8357,100.04,101.01,1859007
2025-10-17,100.875,101.76,100.235,101.57,1195968
2025-10-20,101.98,102.535,101.53,102.17,1033614
2025-10-21,102.51,104.84,101.895,104.38,1790722
2025-10-22,103.825,104.29,102.0,102.16,1443741
2025-10-23,102.73,103.62,101.879,103.5,1265297
2025-10-24,104.075,104.6,103.08,103.5,1228379
2025-10-27,103.66,105.78,103.55,105.45,2209997
2025-10-28,105.92,106.71,104.95,105.31,2967211
2025-10-29,104.0,104.0,99.04,99.13,3446514
2025-10-30,98.735,100.79,97.18,97.45,2748962
2025-10-31,96.65,98.17,96.5,97.75,3132474
2025-11-03,97.48,97.57,94.32,94.96,2955398
2025-11-04,94.485,95.015,93.74,94.92,2327396
2025-11-05,94.52,96.55,94.063,96.25,2602499
2025-11-06,96.16,97.0,95.105,95.17,3974535
2025-11-07,95.17,96.51,94.89,96.25,1847162
2025-11-10,95.89,96.22,94.34,95.93,1699910
2025-11-11,96.22,96.25,95.25,95.91,1057127
2025-11-12,96.25,98.03,96.0,97.49,1565105
2025-11-13,97.705,98.77,97.62,98.11,1809138
2025-11-14,97.285,97.77,96.58,97.03,1601073
2025-11-17,96.715,97.105,95.2599,95.36,2168246
2025-11-18,95.065,95.28,93.73,94.82,3052663
2025-11-19,94.86,95.56,93.385,94.34,2350048
2025-11-20,95.77,96.0,94.46,95.2,2297840
2025-11-21,95.905,100.8,95.905,98.7,3808088
2025-11-24,98.71,98.71,96.83,97.16,3013387
2025-11-25,98.21,100.1666,97.7082,99.6,2859074
2025-11-26,99.35,100.75,99.25,99.89,1400124
2025-11-28,99.955,100.815,99.955,100.04,689823
2025-12-01,98.89,101.75,98.551,99.86,2271312
2025-12-02,100.56,100.6,99.0,100.25,1771042
2025-12-03,100.52,101.7,100.04,101.34,1720259
2025-12-04,101.38,102.0,100.33,100.67,1989528
2025-12-05,100.915,102.08,100.76,101.03,2474694
2025-12-08,100.95,101.38,100.29,100.37,2161755
2025-12-09,100.425,100.99,99.2501,99.43,1586115
2025-12-10,99.305,100.79,98.16,100.44,2121959
2025-12-11,100.46,103.28,100.46,102.76,1567547
2025-12-12,103.105,103.91,102.825,103.54,1708481
2025-12-15,104.005,104.25,102.57,103.72,1655530
2025-12-16,103.865,104.59,103.33,103.7,1879478
2025-12-17,103.42,104.71,103.0,103.72,2127667
2025-12-18,104.4,105.48,102.83,102.91,2263328
2025-12-19,102.58,103.37,102.39,102.68,3625875
2025-12-22,102.26,103.8,102.17,103.37,1475442
2025-12-23,103.87,104.0,102.32,102.67,1589216
2025-12-24,103.42,103.945,102.85,103.55,622417
2025-12-26,103.5066,104.43,103.4,104.32,936843
2025-12-29,104.39,104.78,103.71,104.25,2271808
2025-12-30,103.68,104.35,103.62,103.68,1212533
2025-12-31,103.5,103.61,102.28,102.46,1174913
2026-01-02,102.9,104.695,102.01,104.35,1810271
2026-01-05,103.745,106.34,103.01,105.21,1699641
2026-01-06,104.855,106.149,104.61,105.64,1701640
2026-01-07,105.445,105.58,103.295,103.9,1677054
2026-01-08,102.97,107.01,102.355,105.3,1541619
2026-01-09,106.07,107.6,105.4,107.41,1679243
2026-01-12,107.83,108.9,107.29,108.05,2096497
2026-01-13,108.5,109.0,106.55,107.59,1875583
2026-01-14,107.72,109.59,107.51,108.57,1549082
2026-01-15,108.94,110.5,108.4311,110.07,1549122
2026-01-16,109.27,110.6,108.97,110.22,5937905
2026-01-20,109.115,109.91,108.39,109.01,2079395
2026-01-21,109.49,112.86,109.49,112.54,1923909
2026-01-22,113.08,114.52,112.54,113.91,2062944
2026-01-23,113.28,113.404,111.26,112.29,1965279
2026-01-26,112.605,113.15,111.85,112.65,1821347
2026-01-27,112.63,113.03,110.28,110.28,2869397
2026-01-28,112.225,116.18,112.07,113.96,5740752
2026-01-29,115.47,116.6,114.1165,116.51,2797564
2026-01-30,116.56,117.5,114.83,115.63,2736990
2026-02-02,116.19,117.8,115.94,116.46,2493239
2026-02-03,116.66,121.54,116.12,119.52,2865601
2026-02-04,120.9,126.04,120.63,125.95,3384370
2026-02-05,125.95,126.47,123.43,124.42,2469001
2026-02-06,125.0123,126.74,125.0123,126.51,1719986
2026-02-09,126.5,128.05,125.03,127.59,1475041
2026-02-10,127.19,129.4,127.05,129.14,1586634
2026-02-11,128.98,131.21,128.865,131.03,1618196
2026-02-12,131.65,133.43,130.46,131.56,2556870
2026-02-13,131.16,132.625,130.73,131.34,1713733
2026-02-17,131.5,132.055,128.56,129.18,2089370
2026-02-18,129.385,129.715,126.1401,128.25,3311925
2026-02-19,126.975,127.9,123.761,124.25,2544517
2026-02-20,123.55,126.88,122.955,126.53,1838608
2026-02-23,125.58,127.16,124.41,125.35,1201528
2026-02-24,125.16,126.855,125.16,125.55,1545105
2026-02-25,125.16,126.82,122.4601,123.12,1668800
2026-02-26,123.475,124.265,121.53,123.48,1363833
2026-02-27,121.75,123.48,120.37,123.27,1892375
2026-03-02,119.0,120.87,116.73,119.2,2310846
2026-03-03,115.5,119.14,114.67,118.18,2245066
2026-03-04,119.07,120.32,116.94,117.7,2530474
2026-03-05,116.59,117.0,110.89,111.87,2305377
2026-03-06,109.94,109.94,106.14,106.7,3161428
2026-03-09,105.29,108.43,102.29,108.25,3425965
2026-03-10,108.65,109.785,105.77,105.85,3399284
2026-03-11,105.56,105.83,103.33,104.08,1807875
2026-03-12,103.435,103.535,100.64,100.73,2033495
2026-03-13,101.83,103.0097,100.675,101.89,2245491
2026-03-16,103.24,104.63,102.63,103.45,1896754
2026-03-17,104.135,104.76,103.19,103.9,1685546
2026-03-18,103.15,103.43,100.62,100.78,1851723
2026-03-19,98.59,99.555,96.06,98.38,2823902
2026-03-20,98.82,99.265,96.07,97.22,3638116
2026-03-23,101.16,103.14,99.68,102.08,3773412
2026-03-24,100.88,104.24,99.648,103.42,2540173
2026-03-25,105.335,107.175,104.15,106.69,2497701
2026-03-26,104.85,107.51,104.7075,105.31,1756174
2026-03-27,104.61,105.18,103.31,103.82,1531644
2026-03-30,104.81,105.4,103.36,103.82,1362720
2026-03-31,105.38,107.67,104.0,106.88,2438342
2026-04-01,107.49,109.15,106.245,106.47,1861322
2026-04-02,103.41,106.18,102.35,103.24,1779148
2026-04-06,102.81,104.09,102.01,103.86,1405652
2026-04-07,103.1,103.405,100.16,102.24,2372024
2026-04-08,110.56,111.01,108.85,110.47,2572859
2026-04-09,108.77,111.0,107.895,109.7,1956208
2026-04-10,110.73,111.88,109.77,110.33,1378500
2026-04-13,110.17,110.39,107.7,110.23,1819966
2026-04-14,110.58,110.74,109.37,110.54,1521718
2026-04-15,109.93,110.13,106.8,107.72,1706802
2026-04-16,116.0,116.0,111.92,112.16,2973415
2026-04-17,115.0,118.365,113.805,114.85,5825021
2026-04-20,114.17,115.245,114.04,114.73,1413032
2026-04-21,114.38,115.14,110.69,110.92,2064764
2026-04-22,112.53,113.43,111.13,111.67,1695957
2026-04-23,112.01,112.425,108.62,110.29,1680436
2026-04-24,110.23,111.025,109.32,109.8,1560829
2026-04-27,110.03,111.44,109.185,110.3,1664558
2026-04-28,109.73,110.825,107.1,107.68,2078894
2026-04-29,107.26,107.475,103.995,104.69,2516205
2026-04-30,106.29,109.12,105.425,108.5,2427235
2026-05-01,108.92,109.48,107.135,107.51,1818705
2026-05-04,106.69,107.0,103.71,104.08,2237860
2026-05-05,104.77,106.95,104.305,106.41,1041871
2026-05-06,110.23,113.0,109.36,111.53,2667552
2026-05-07,112.86,113.86,108.89,108.93,2139987
2026-05-08,109.79,111.1,108.69,109.61,1391613
2026-05-11,109.3,109.65,107.61,107.95,1180177
2026-05-12,107.43,107.795,105.5,106.38,1470120
2026-05-13,106.4,107.72,105.09,105.46,1352226
2026-05-14,106.4,107.21,105.66,105.92,1003329
2026-05-15,104.04,105.38,102.17,102.64,1530225
2026-05-18,102.65,105.16,102.33,103.66,1500044
2026-05-19,101.46,102.13,100.0,101.7,1906450
2026-05-20,101.74,105.62,100.635,104.39,3227685
2026-05-21,102.97,107.395,101.61,106.63,2036896
2026-05-22,107.49,107.995,106.17,107.78,1459767
2026-05-26,108.79,110.125,108.6,109.54,2187836
2026-05-27,112.83,113.7,112.125,112.88,2314251
2026-05-28,111.11,114.38,110.27,112.86,2060321
2026-05-29,112.64,114.06,111.84,112.98,2616929
2026-06-01,111.28,112.1,109.14,112.07,1806313
2026-06-02,112.61,114.9,112.175,113.64,1626570
2026-06-03,112.99,113.555,110.86,111.39,1525968
2026-06-04,112.8,114.29,111.845,111.96,1522666
2026-06-05,111.63,114.18,111.63,113.8,1934970
2026-06-08,113.17,113.82,112.25,112.88,1399800
2026-06-09,114.46,116.89,113.545,116.36,1811966
2026-06-10,116.51,116.86,112.88,112.97,1861141
2026-06-11,113.33,118.55,112.95,118.24,1975446
2026-06-12,120.87,121.98,118.72,119.34,1788062
2026-06-15,123.17,124.175,121.29,121.53,1588506
2026-06-16,122.6,123.37,120.58,120.65,1169159
2026-06-17,120.59,121.79,116.78,117.14,1671618
2026-06-18,118.46,120.155,117.58,118.25,4780010
2026-06-22,118.39,120.53,117.74,118.92,1605734
2026-06-23,117.36,119.53,117.33,117.7,2251184
2026-06-24,119.16,122.05,117.87,120.98,3589205
2026-06-25,122.46,125.7,121.635,122.4,1672145
2026-06-26,121.37,123.78,120.93,123.24,2550417
2026-06-29,122.22,122.22,119.79,120.91,1752558
2026-06-30,121.33,121.605,120.06,121.29,1669803
2026-07-01,120.77,123.54,120.48,122.61,1790188
