date,open,high,low,close,volume
2005-02-25,8.05734,8.51773,7.96178,8.3778,11305878
2005-02-28,8.38513,8.38513,8.00555,8.17588,6151084
2005-03-01,8.20579,8.22797,7.82779,7.99149,6119503
2005-03-02,7.88611,7.88611,7.44088,7.76036,14796109
2005-03-03,7.79006,7.82779,7.63419,7.78313,4953883
2005-03-04,7.84948,8.27283,7.82779,8.1022,9183118
2005-03-07,8.06506,8.08705,7.83493,7.88611,6566162
2005-03-08,7.79006,7.79759,7.38157,7.49327,9904178
2005-03-09,7.53011,7.6638,7.31492,7.32235,8840949
2005-03-10,7.32235,7.4186,7.08437,7.2555,11458414
2005-03-11,7.5004,7.83493,7.4186,7.58953,15942836
2005-03-14,7.51535,7.55249,7.27769,7.44841,10270587
2005-03-15,7.45574,7.61914,7.35186,7.41137,9621536
2005-03-16,7.4186,7.4186,6.54972,6.77996,17856172
2005-03-17,6.80224,6.899,6.63161,6.81759,10151544
2005-03-18,6.82443,6.85404,6.61685,6.72807,7691381
2005-03-21,6.90602,7.03981,6.77996,6.92107,6851626
2005-03-22,6.94366,7.20341,6.83978,7.0105,11424295
2005-03-23,6.96593,7.03268,6.77283,6.77283,9013512
2005-03-24,6.80224,6.95841,6.75035,6.77283,4413550
2005-03-28,6.80224,6.80224,6.55734,6.56477,11785920
2005-03-29,6.58695,6.62419,6.14884,6.19321,18500062
2005-03-30,6.22282,6.35691,6.02991,6.20807,21551480
2005-03-31,6.26758,6.43138,6.25292,6.31967,9142710
2005-04-01,6.33462,6.43138,6.23798,6.31225,9810153
2005-04-04,6.26758,6.29749,6.00753,6.21579,9794663
2005-04-05,6.26758,6.31967,6.13418,6.20093,6421404
2005-04-06,6.03764,6.20093,6.01535,6.12646,9087271
2005-04-07,6.15627,6.17113,6.05239,6.1635,6463144
2005-04-08,6.00753,6.05961,5.837,5.837,12446327
2005-04-11,5.837,6.02991,5.74025,5.96336,9878065
2005-04-12,5.93366,6.05961,5.85948,6.00753,9521523
2005-04-13,6.02278,6.06685,5.7254,5.74025,9378099
2005-04-14,5.60665,5.68083,5.30234,5.30234,14722202
2005-04-15,5.30987,5.47306,5.13122,5.22806,10371130
2005-04-18,5.13904,5.42118,5.13904,5.34671,9137274
2005-04-19,5.40632,5.62914,5.34671,5.60665,9425206
2005-04-20,5.58448,5.65141,5.30987,5.34671,7709150
2005-04-21,5.61418,5.64379,5.2652,5.47306,13443924
2005-04-22,5.52506,5.60665,5.41365,5.4803,9202344
2005-04-25,5.53248,5.65141,5.43603,5.56962,6588199
2005-04-26,5.66607,5.6738,5.23569,5.25817,9057192
2005-04-27,5.22034,5.23569,4.8269,5.07962,13463507
2005-04-28,5.02783,5.19845,4.99773,5.00545,9256225
2005-04-29,5.0722,5.10181,4.87909,4.99773,7008499
2005-05-02,5.04981,5.05734,4.89385,4.95316,6316796
2005-05-03,4.94583,5.10181,4.90127,5.03506,6616425
2005-05-04,5.07962,5.25025,5.00545,5.19845,6959761
2005-05-05,5.23569,5.24292,4.98307,5.0722,5259662
2005-05-06,5.16122,5.22034,5.10181,5.15369,3057613
2005-05-09,5.16122,5.22034,5.08675,5.19093,3986573
2005-05-10,5.06437,5.10181,4.90127,4.91612,8995458
2005-05-11,4.95316,5.10903,4.9086,5.0722,7367638
2005-05-12,5.02783,5.04239,4.74539,4.78224,10200192
2005-05-13,4.81214,4.84185,4.59695,4.68588,10444756
2005-05-16,4.69361,4.79006,4.65617,4.79006,6849600
2005-05-17,4.7754,4.92336,4.74539,4.9086,6539633
2005-05-18,4.95316,5.33234,4.94583,5.22806,11333608
2005-05-19,5.2652,5.2652,5.07962,5.17598,5910242
2005-05-20,5.17598,5.21302,5.09447,5.13904,9798627
2005-05-23,5.12418,5.20589,5.08675,5.11666,4236882
2005-05-24,5.09447,5.13904,5.02783,5.04981,6465331
2005-05-25,5.03506,5.03506,4.8269,4.84185,7332160
2005-05-26,4.84185,4.99773,4.84185,4.99773,5416800
2005-05-27,5.21302,5.30234,4.98307,5.04239,7756839
2005-05-31,5.01268,5.0198,4.9086,4.93841,6972869
2005-06-01,4.9086,5.05734,4.90127,5.04981,6172739
2005-06-02,4.94583,5.22806,4.86424,4.94583,18882209
2005-06-03,4.91612,5.11666,4.91612,4.94583,5857300
2005-06-06,4.97534,5.01268,4.85681,4.9086,10741905
2005-06-07,4.87909,5.08675,4.78224,4.98307,10268309
2005-06-08,5.0198,5.08675,4.98307,5.05734,11273297
2005-06-09,5.03506,5.08675,4.89385,4.91612,12200471
2005-06-10,4.93841,5.01268,4.89385,4.97534,4701892
2005-06-13,4.97534,5.0722,4.92336,5.04981,3299777
2005-06-14,5.02783,5.10181,5.02783,5.08675,3892476
2005-06-15,5.13904,5.40632,5.10903,5.35443,9310189
2005-06-16,5.33928,5.52506,5.32472,5.44336,8817951
2005-06-17,5.44336,5.50257,5.34671,5.36176,8499859
2005-06-20,5.36879,5.36879,5.19093,5.22806,5356520
2005-06-21,5.12418,5.22806,5.07962,5.13122,5243168
2005-06-22,5.13904,5.20589,5.0198,5.06437,6050722
2005-06-23,4.99773,4.99773,4.80452,4.8269,13036843
2005-06-24,4.69361,4.84185,4.62646,4.71558,15009702
2005-06-27,4.67845,4.73777,4.64111,4.67845,5842886
2005-06-28,4.73044,4.90127,4.73044,4.84918,5590024
2005-06-29,4.84918,4.90127,4.84918,4.87909,3978078
2005-06-30,4.87186,4.93841,4.81214,4.81948,2947742
2005-07-01,4.8269,4.90127,4.79739,4.88661,3042342
2005-07-05,4.9086,4.93841,4.86424,4.93128,3852134
2005-07-06,4.96822,5.08675,4.86424,5.04981,5951883
2005-07-07,5.0722,5.20589,5.0198,5.19093,10018684
2005-07-08,5.2652,5.317,5.22034,5.28026,6106952
2005-07-11,5.28748,5.4803,5.28748,5.45811,6313107
2005-07-12,5.46564,5.5104,5.35443,5.50257,5888436
2005-07-13,5.50257,5.53248,5.36176,5.39909,7164868
2005-07-14,5.40632,5.46564,5.16122,5.24292,6712989
2005-07-15,5.22034,5.28748,5.22034,5.22806,2784383
2005-07-18,5.1836,5.27214,5.16122,5.1836,6188108
2005-07-19,5.09447,5.49525,5.08675,5.41365,13831125
2005-07-20,5.39909,5.837,5.36879,5.77758,17117361
2005-07-21,5.77758,5.91127,5.71103,5.80719,9161241
2005-07-22,5.84443,6.04506,5.82938,6.02991,11768298
2005-07-25,6.02991,6.03764,5.7254,5.81472,9661235
2005-07-26,5.81472,6.02278,5.74025,5.88919,8359272
2005-07-27,5.94851,5.97049,5.77758,5.837,4300877
2005-07-28,5.87384,6.01535,5.85948,5.96336,5010612
2005-07-29,5.96336,6.00753,5.88136,5.90365,4975781
2005-08-01,5.85155,5.99278,5.84443,5.88136,4983849
2005-08-02,5.92573,6.26045,5.91127,6.15627,6442923
2005-08-03,6.1635,6.2453,6.05961,6.13418,6272119
2005-08-04,6.08972,6.11923,5.98564,5.99278,4228354
2005-08-05,5.97049,6.05239,5.80719,5.88136,4531355
2005-08-08,5.86651,6.22282,5.85155,6.20093,7855855
2005-08-09,6.23798,6.41633,6.23798,6.3269,9658845
2005-08-10,6.40879,6.49802,6.29749,6.35691,7289484
2005-08-11,6.34205,6.49802,6.30462,6.40157,4895596
2005-08-12,6.38642,6.4384,6.20807,6.37909,3217042
2005-08-15,6.40157,6.44584,6.26045,6.40157,6586269
2005-08-16,6.40157,6.41633,6.11191,6.11923,6474338
2005-08-17,6.08972,6.26758,6.05961,6.06685,7113266
2005-08-18,5.97782,6.02991,5.82234,5.85948,6417674
2005-08-19,5.90365,6.0005,5.85948,5.92573,4354720
2005-08-22,5.95563,6.14122,5.95563,6.06685,3985263
2005-08-23,6.05239,6.0822,5.75559,5.77758,5432803
2005-08-24,5.71103,5.7254,5.45811,5.47306,12382250
2005-08-25,5.42118,5.71103,5.42118,5.64379,6732803
2005-08-26,5.61418,5.66607,5.47306,5.60665,4588093
2005-08-29,5.57694,5.77758,5.56962,5.76273,4928977
2005-08-30,5.75559,5.76273,5.62171,5.64379,5488191
2005-08-31,5.68866,5.78491,5.56219,5.78491,5805454
2005-09-01,5.837,6.00753,5.82938,5.95563,4528417
2005-09-02,6.02278,6.07467,5.93366,5.94851,4320045
2005-09-06,5.96336,6.04506,5.91127,5.97782,3829378
2005-09-07,6.11923,6.19321,5.90365,5.94088,7494654
2005-09-08,5.96336,5.99278,5.82938,5.9187,4026446
2005-09-09,5.92573,6.05961,5.89642,6.02991,4056402
2005-09-12,6.03764,6.11191,5.93366,6.02278,5410552
2005-09-13,5.96336,6.06685,5.95563,5.97049,3660209
2005-09-14,5.96336,6.01535,5.79987,5.85155,3650818
2005-09-15,5.87384,6.00753,5.85155,5.96336,4870885
2005-09-16,5.99278,6.23064,5.99278,6.22282,6261237
2005-09-19,6.23798,6.26045,6.06685,6.08972,3857980
2005-09-20,6.07467,6.2453,5.92573,5.93366,8087187
2005-09-21,5.94851,6.15627,5.9187,5.97782,4773297
2005-09-22,5.96336,6.03764,5.76996,5.82938,3726127
2005-09-23,5.79987,6.06685,5.74807,6.05239,4070907
2005-09-26,6.05961,6.23798,5.97782,6.19321,4556218
2005-09-27,6.23798,6.23798,5.96336,6.05239,4340457
2005-09-28,6.02278,6.26758,6.02278,6.14122,3298414
2005-09-29,6.11923,6.21579,6.04506,6.11191,2449309
2005-09-30,6.07467,6.26045,6.07467,6.23064,3976853
2005-10-03,6.23064,6.30462,6.02991,6.03764,4418464
2005-10-04,6.02278,6.07467,5.79987,5.82938,6291555
2005-10-05,5.78491,5.84443,5.46564,5.47306,6944357
2005-10-06,5.52506,5.66607,5.36176,5.47306,6799368
2005-10-07,5.49525,5.62914,5.45811,5.5104,4417402
2005-10-10,5.5104,5.59923,5.36879,5.37672,5655249
2005-10-11,5.39147,5.50257,5.33234,5.34671,4774291
2005-10-12,5.32472,5.34671,5.09447,5.10181,8896364
2005-10-13,5.08675,5.10903,4.88661,5.07962,7006599
2005-10-14,5.10903,5.2652,5.05734,5.10903,7926582
2005-10-17,5.13904,5.28748,5.13904,5.28026,5702409
2005-10-18,5.28748,5.37672,5.10903,5.12418,6568758
2005-10-19,5.09447,5.25817,4.96822,5.22806,8422498
2005-10-20,5.39909,5.74807,5.03506,5.06437,11417883
2005-10-21,5.0722,5.21302,5.06437,5.19845,7220100
2005-10-24,5.20589,5.53248,5.20589,5.51753,5804084
2005-10-25,5.70311,5.90365,5.65895,5.71816,10901948
2005-10-26,5.6738,5.80719,5.60665,5.61418,5060286
2005-10-27,5.59923,5.59923,5.41365,5.4287,4126730
2005-10-28,5.46564,5.70311,5.44336,5.63666,5103350
2005-10-31,5.65141,5.76273,5.63666,5.68083,5347692
2005-11-01,5.6738,5.79987,5.62171,5.7254,6748413
2005-11-02,5.73322,5.86651,5.71816,5.79987,3663152
2005-11-03,5.82938,5.88919,5.74807,5.86651,4951459
2005-11-04,5.85155,5.86651,5.6738,5.84443,5787240
2005-11-07,5.86651,5.90365,5.65141,5.77758,4993255
2005-11-08,5.76273,5.85155,5.66607,5.77758,4097835
2005-11-09,5.76273,5.88136,5.71816,5.73322,3400050
2005-11-10,5.75559,5.79987,5.53961,5.71816,3622769
2005-11-11,5.7254,6.03764,5.7254,5.97782,4322374
2005-11-14,5.97049,5.99278,5.7254,5.73322,4470960
2005-11-15,5.61418,5.76273,5.57694,5.65895,5034553
2005-11-16,5.6738,5.79234,5.58448,5.76273,4947362
2005-11-17,5.79987,5.88919,5.7254,5.86651,3498538
2005-11-18,5.9187,5.93366,5.71103,5.73322,3990034
2005-11-21,5.7254,6.13418,5.68083,6.09685,5612573
2005-11-22,6.05961,6.10448,5.96336,6.04506,4464074
2005-11-23,6.13418,6.42355,6.13418,6.29749,7257064
2005-11-25,6.28996,6.35691,6.20093,6.25292,753766
2005-11-28,6.31225,6.37909,6.19321,6.22282,3213872
2005-11-29,6.28244,6.46831,6.28244,6.37909,4393374
2005-11-30,6.43138,6.45346,6.29749,6.36393,4945571
2005-12-01,6.40879,6.66855,6.38642,6.61685,6259309
2005-12-02,6.55734,6.58695,6.45346,6.52031,3569894
2005-12-05,6.57972,6.69064,6.53506,6.6538,3632989
2005-12-06,6.69806,6.7354,6.56477,6.6538,3317836
2005-12-07,6.64627,6.72807,6.59428,6.6538,3576686
2005-12-08,6.59428,6.6538,6.47574,6.48307,7586886
2005-12-09,6.46831,6.52753,6.37166,6.50525,2963437
2005-12-12,6.54972,6.59428,6.37909,6.39384,2678885
2005-12-13,6.34888,6.35691,6.23798,6.29749,4654280
2005-12-14,6.30462,6.37909,6.23798,6.26045,3314600
2005-12-15,6.23064,6.28244,6.14122,6.17113,3561364
2005-12-16,6.17113,6.44584,6.14122,6.30462,5926264
2005-12-19,6.31967,6.45346,6.17113,6.22282,5880199
2005-12-20,6.26045,6.34888,6.11191,6.31967,5348472
2005-12-21,6.36393,6.51268,6.36393,6.49802,4645944
2005-12-22,6.47574,6.52031,6.37909,6.49802,2987126
2005-12-23,6.52031,6.63161,6.46831,6.60893,2914733
2005-12-27,6.6023,6.6538,6.42355,6.43138,2810676
2005-12-28,6.44584,6.52031,6.40157,6.51268,1629105
2005-12-29,6.47574,6.67607,6.46831,6.63914,2463091
2005-12-30,6.59428,6.61685,6.46831,6.52031,2182918
2006-01-03,6.6023,6.72083,6.42355,6.70598,5519593
2006-01-04,6.60893,6.74302,6.57209,6.67607,4719893
2006-01-05,6.69806,6.70598,6.52753,6.64627,2315492
2006-01-06,6.69064,6.87661,6.63914,6.7354,4669056
2006-01-09,6.6838,6.8469,6.64627,6.78788,3734941
2006-01-10,6.70598,6.7657,6.60893,6.69064,3942156
2006-01-11,6.7354,6.80967,6.67607,6.7354,5077521
2006-01-12,6.69806,6.81759,6.63914,6.77283,2909046
2006-01-13,6.7354,6.86909,6.67607,6.69806,4144106
2006-01-17,6.70598,6.80224,6.66122,6.7354,2345897
2006-01-18,6.71311,6.74302,6.60893,6.6538,2503982
2006-01-19,6.71311,6.79492,6.63914,6.75035,3519820
2006-01-20,6.75758,6.78788,6.6023,6.61685,3516544
2006-01-23,6.58695,6.96593,6.58695,6.93603,4058499
2006-01-24,7.15894,7.87176,7.12181,7.6638,16306861
2006-01-25,7.59695,7.93127,7.50772,7.72302,4608309
2006-01-26,7.73094,7.84225,7.69361,7.75253,5911992
2006-01-27,7.91622,8.34749,7.91622,8.25134,10279987
2006-01-30,8.3172,8.3172,8.03347,8.05734,5526011
2006-01-31,7.98357,8.60626,7.90018,8.51773,12608595
2006-02-01,8.42732,8.59843,8.22797,8.35532,4188943
2006-02-02,8.30937,8.49683,8.07933,8.18261,5751704
2006-02-03,8.13329,8.34749,8.09359,8.17588,4054193
2006-02-06,8.20579,8.89741,8.16796,8.76906,8663799
2006-02-07,8.65271,8.70291,8.20579,8.29353,6935976
2006-02-08,8.29353,8.34057,7.96842,8.13993,6264088
2006-02-09,8.19885,8.24441,7.82779,7.8569,5278349
2006-02-10,7.81967,8.11756,7.76728,7.97624,4818726
2006-02-13,7.93127,7.94593,7.67113,7.68598,4091434
2006-02-14,7.73094,8.13993,7.68598,8.07933,5833399
2006-02-15,8.03347,8.27283,7.99149,8.23649,7790994
2006-02-16,8.00555,8.33334,8.00555,8.3172,8214279
2006-02-17,8.29353,8.3778,8.14657,8.25134,3653039
2006-02-21,8.32502,8.53209,8.29353,8.44335,2726110
2006-02-22,8.48257,8.5921,8.2858,8.55992,3386772
2006-02-23,8.63716,8.86136,8.58428,8.74807,7150969
2006-02-24,8.73867,8.8374,8.65271,8.72302,5669737
2006-02-27,8.72302,8.79204,8.46832,8.63716,7900063
2006-02-28,8.57586,8.59843,8.33334,8.44335,3246506
2006-03-01,8.45128,8.84671,8.44335,8.74807,4528002
2006-03-02,8.71024,8.7856,8.58428,8.72302,4560331
2006-03-03,8.94019,9.14825,8.80858,8.91791,6870563
2006-03-06,8.94851,9.11973,8.52516,8.65271,5860222
2006-03-07,8.5921,8.63716,8.24441,8.37067,4918312
2006-03-08,8.34057,8.59843,8.16796,8.56784,9137778
2006-03-09,8.62152,8.73233,8.44335,8.48961,4460827
2006-03-10,8.82175,8.96277,8.55992,8.93178,5868078
2006-03-13,8.95415,9.02426,8.63716,8.66806,4957076
2006-03-14,8.69737,9.00743,8.62152,8.99307,5115398
2006-03-15,9.01575,9.15399,8.80036,9.06031,5626172
2006-03-16,9.13974,9.13974,8.79204,8.8374,5345531
2006-03-17,8.88048,9.13974,8.79204,9.09785,6321553
2006-03-20,9.09785,9.38464,8.8374,8.95415,6408230
2006-03-21,8.96277,9.13974,8.67658,8.70291,4991279
2006-03-22,8.69737,9.06031,8.66806,8.97702,3690345
2006-03-23,8.94019,9.20034,8.86136,9.1945,3622747
2006-03-24,9.20034,9.43256,9.03754,9.42365,5778171
2006-03-27,9.70787,10.0921,9.50585,10.0258,12527534
2006-03-28,10.0178,10.108,9.88315,9.91979,6556789
2006-03-29,10.2406,10.713,10.1506,10.6268,14915653
2006-03-30,10.7279,10.8943,10.4149,10.4981,6094662
2006-03-31,10.5466,10.5466,10.197,10.4327,5258016
2006-04-03,10.5754,10.8487,10.4555,10.507,5681061
2006-04-04,10.5159,10.721,10.4555,10.6882,5469535
2006-04-05,10.721,10.8071,10.5684,10.7358,3715316
2006-04-06,10.721,10.9379,10.5902,10.7843,4271800
2006-04-07,10.8071,10.9299,10.3981,10.4397,6640252
2006-04-10,10.3891,10.6626,10.2614,10.6626,7088068
2006-04-11,10.708,10.8487,10.3585,10.4843,7963836
2006-04-12,10.4397,10.618,10.3585,10.5387,3662818
2006-04-13,10.507,10.708,10.308,10.6804,3543768
2006-04-17,10.708,10.8685,10.6804,10.814,5479566
2006-04-18,10.8943,11.23,10.8427,11.23,6770647
2006-04-19,11.3092,11.4745,11.0061,11.4597,8697454
2006-04-20,11.8509,11.8984,11.1636,11.2874,15843031
2006-04-21,11.4419,11.8152,11.3478,11.6528,8196289
2006-04-24,11.638,11.9143,11.5835,11.8152,7601561
2006-04-25,11.9043,12.0905,11.6816,11.734,10931821
2006-04-26,11.734,11.9479,11.6656,11.6894,7985927
2006-04-27,11.5053,11.5191,10.9091,11.1546,10052520
2006-04-28,11.1904,11.527,11.1388,11.4805,6190501
2006-05-01,11.5607,12.0222,11.5607,11.8311,6480908
2006-05-02,11.94,12.245,11.84,12.1708,8253957
2006-05-03,12.245,12.2767,11.8311,12.1558,6320917
2006-05-04,12.2212,12.4243,12.141,12.3232,6451103
2006-05-05,12.4321,12.5223,12.2608,12.4321,6253290
2006-05-08,12.3777,12.6084,12.252,12.3777,5430491
2006-05-09,12.4075,12.662,12.3609,12.4817,5528332
2006-05-10,12.4688,12.6916,12.3024,12.6698,4622308
2006-05-11,12.7233,12.8619,12.3094,12.3411,7985808
2006-05-12,12.3024,12.4471,11.6816,11.7102,7953159
2006-05-15,11.4419,11.7994,11.3695,11.6964,9157551
2006-05-16,11.7182,11.9479,11.1636,11.5142,6973632
2006-05-17,11.534,11.5676,10.7358,10.8002,13068267
2006-05-18,10.8765,11.0646,10.2258,10.3813,9043374
2006-05-19,10.3357,10.5754,10.0772,10.4149,8132609
2006-05-22,10.2793,10.3525,9.53654,9.89108,10902928
2006-05-23,10.204,10.4763,10.0376,10.0456,8348534
2006-05-24,10.0614,10.2793,9.43256,9.84948,10125037
2006-05-25,9.98216,10.5635,9.96733,10.4704,12553048
2006-05-26,10.5308,10.9616,10.4981,10.814,7209315
2006-05-30,10.8209,10.8209,10.2337,10.2614,9520269
2006-05-31,10.3159,10.7843,10.3159,10.6804,7426251
2006-06-01,10.6348,10.9616,10.5754,10.9219,6490318
2006-06-02,11.0497,11.3637,10.9171,11.116,6743328
2006-06-05,11.1388,11.2042,10.3743,10.4555,7190219
2006-06-06,10.4763,10.5684,10.0614,10.4763,9885811
2006-06-07,10.4704,10.618,9.87622,9.88315,8411358
2006-06-08,9.7861,9.93662,9.30125,9.89108,14407866
2006-06-09,10.0376,10.2793,9.74451,9.7861,7316267
2006-06-12,9.74451,9.8574,9.32274,9.37473,8165859
2006-06-13,9.36602,9.62468,8.94851,9.06912,9691437
2006-06-14,9.10439,9.40038,9.09002,9.35929,7827199
2006-06-15,9.54348,10.2614,9.54348,10.2188,9759583
2006-06-16,10.1743,10.2258,9.82373,10.1366,15465362
2006-06-19,10.1574,10.2565,9.61676,9.69895,6500355
2006-06-20,9.76531,10.1506,9.66133,9.8574,7544759
2006-06-21,9.83264,10.6882,9.83264,10.5902,10032655
2006-06-22,10.5387,10.612,10.1574,10.3585,9347004
2006-06-23,10.3297,10.713,10.2902,10.5308,5692023
2006-06-26,10.605,10.8071,10.5308,10.7685,6695552
2006-06-27,10.814,11.0151,10.5902,10.6626,7591121
2006-06-28,10.7358,10.8487,10.5466,10.8209,5768145
2006-06-29,10.9547,11.5389,10.8299,11.5142,7486777
2006-06-30,11.4973,12.1133,11.3695,12.1133,28143394
2006-07-03,12.0905,12.0905,11.84,11.9559,3597150
2006-07-05,11.9043,11.9143,11.3537,11.8667,9264683
2006-07-06,11.9143,12.0222,11.63,11.6894,6196533
2006-07-07,11.6746,11.9925,11.5607,11.6132,5113629
2006-07-10,11.7024,11.7261,11.2874,11.5676,5959743
2006-07-11,11.5538,11.6816,11.23,11.6458,5377759
2006-07-12,11.5994,11.8509,11.5607,11.6072,4728573
2006-07-13,11.5142,11.5142,10.9616,10.9972,6531497
2006-07-14,10.9972,11.1834,10.6804,11.0566,9060267
2006-07-17,11.0151,11.022,10.4645,10.5466,6972792
2006-07-18,10.605,10.7843,10.2258,10.6408,10933144
2006-07-19,10.7526,11.3181,10.6882,11.1706,8177945
2006-07-20,12.2212,12.3411,10.8071,10.9833,24110464
2006-07-21,11.0646,11.2369,10.0772,10.4397,11754415
2006-07-24,10.2258,10.5833,9.98216,10.2258,17819976
2006-07-25,10.2565,10.7022,10.1158,10.5833,11648666
2006-07-26,10.5972,10.708,10.3357,10.6626,7897764
2006-07-27,10.814,11.022,10.6268,10.6626,9218049
2006-07-28,10.6626,10.6714,10.308,10.4922,9029122
2006-07-31,10.5556,10.8209,10.3525,10.6882,8694840
2006-08-01,10.5556,10.6476,10.0852,10.3743,7550704
2006-08-02,10.3229,10.7843,10.1506,10.5209,9692837
2006-08-03,10.3981,10.5556,10.2614,10.3525,6162384
2006-08-04,10.4922,10.6476,10.004,10.0614,8414808
2006-08-07,10.0693,10.3891,9.98216,10.2793,9034400
2006-08-08,10.2406,10.3665,9.99609,10.0693,6165188
2006-08-09,10.1436,10.1882,9.7356,9.90593,14036203
2006-08-10,9.75144,9.92771,9.61676,9.82373,8247933
2006-08-11,9.74451,9.8574,9.49099,9.55536,5960777
2006-08-14,9.61676,9.7356,9.4395,9.48307,6271588
2006-08-15,9.6326,9.87622,9.49099,9.77917,7201475
2006-08-16,9.8574,10.0693,9.84254,10.0376,5294566
2006-08-17,10.0317,10.0317,9.6326,9.74451,5576147
2006-08-18,9.71678,9.88315,9.64152,9.87622,4892436
2006-08-21,9.86731,10.0693,9.69004,9.72371,5235420
2006-08-22,9.69004,9.79502,9.64152,9.72866,4229629
2006-08-23,9.76531,9.7861,9.40781,9.49099,4070968
2006-08-24,9.48307,9.53654,9.26887,9.32274,6099247
2006-08-25,9.34156,9.48307,9.29254,9.32274,3484347
2006-08-28,9.28342,9.33572,9.11201,9.21549,5623480
2006-08-29,9.6742,9.80195,9.35433,9.76531,20752612
2006-08-30,9.77917,9.77917,9.60685,9.66727,8848402
2006-08-31,9.6742,9.83264,9.6742,9.72371,6052149
2006-09-01,9.72371,10.0456,9.69895,10.0317,6193689
2006-09-05,10.0852,10.4397,9.94356,10.3357,8107865
2006-09-06,10.1743,10.2337,9.89108,10.0376,9168395
2006-09-07,9.95936,10.0258,9.66133,9.91285,7554385
2006-09-08,9.87622,9.94356,9.69895,9.72866,5279627
2006-09-11,9.6742,9.77223,9.14825,9.1945,9217587
2006-09-12,9.17142,9.44643,9.11973,9.26887,6911637
2006-09-13,9.30125,9.6742,9.30125,9.57715,6307235
2006-09-14,9.57715,9.72866,9.28342,9.32968,5977162
2006-09-15,9.36602,9.47119,9.17895,9.37473,8105310
2006-09-18,9.44643,9.95936,9.38464,9.72866,6633263
2006-09-19,9.68212,9.7356,9.39246,9.54348,4830637
2006-09-20,9.60091,9.72371,9.42365,9.48307,4234944
2006-09-21,9.49792,9.5306,9.11973,9.20034,8246572
2006-09-22,9.20875,9.30125,8.7765,8.81512,9114911
2006-09-25,8.61448,8.71024,8.3172,8.69737,10646536
2006-09-26,8.71024,9.25421,8.69737,9.20034,8851400
2006-09-27,9.16271,9.37473,8.99971,9.20034,7493842
2006-09-28,9.20034,9.23004,8.8675,9.17142,8505862
2006-09-29,9.24659,9.46227,9.24659,9.31501,5401506
2006-10-02,9.28342,9.42365,9.17895,9.29254,4867903
2006-10-03,9.20875,9.20875,8.93178,8.94851,6915679
2006-10-04,8.97702,9.21549,8.82175,9.21549,10569824
2006-10-05,9.2766,10.0376,9.26203,9.99609,14593661
2006-10-06,9.97429,10.0693,9.75144,10.0317,7570326
2006-10-09,10.0614,10.6536,9.99012,10.21,9767943
2006-10-10,10.1743,10.3447,10.0258,10.3447,8952961
2006-10-11,10.2337,10.3159,10.108,10.21,8850259
2006-10-12,10.2406,10.5159,10.1743,10.4763,5582410
2006-10-13,10.4981,10.7922,10.4149,10.605,5116921
2006-10-16,10.8547,10.8853,10.605,10.7526,6561809
2006-10-17,10.7526,10.7526,10.4071,10.5556,5759378
2006-10-18,10.5972,10.7279,10.2704,10.3813,5623604
2006-10-19,10.3525,10.9765,10.1743,10.8358,12441125
2006-10-20,10.8002,10.8427,10.618,10.7606,5501807
2006-10-23,10.721,10.8358,10.5972,10.7685,5372737
2006-10-24,10.708,11.4141,10.6714,11.3092,9900306
2006-10-25,11.2587,11.3973,11.1546,11.2814,6549514
2006-10-26,11.2874,11.4686,11.1962,11.3695,4071129
2006-10-27,11.325,11.6656,11.2508,11.2953,4623875
2006-10-30,11.2042,11.3329,11.0289,11.0804,5489840
2006-10-31,11.1636,11.2953,10.9972,11.0933,8365282
2006-11-01,11.1636,11.2508,10.9299,10.9833,6285732
2006-11-02,10.9379,11.0497,10.7774,10.8685,4467144
2006-11-03,10.9021,11.0428,10.8358,10.9616,4539227
2006-11-06,11.0497,11.4508,11.0497,11.2953,6670094
2006-11-07,11.3785,11.534,11.1706,11.2587,6557323
2006-11-08,11.1962,11.3478,11.0497,11.1546,5818735
2006-11-09,11.2122,11.5756,11.125,11.2042,7124253
2006-11-10,11.1764,11.3022,10.8853,11.0378,3782725
2006-11-13,10.9913,11.1546,10.8299,11.1082,4708647
2006-11-14,11.1764,11.2438,11.0061,11.132,4562925
2006-11-15,11.132,11.4261,11.0566,11.2745,6170430
2006-11-16,11.23,11.23,10.5387,10.5754,8153843
2006-11-17,10.612,11.23,10.612,11.0884,11216507
2006-11-20,11.3785,11.7627,11.3181,11.4141,10266407
2006-11-21,11.8509,11.94,11.4211,11.8667,5997181
2006-11-22,12.0222,12.0687,11.7024,12.0291,4729058
2006-11-24,12.1638,12.3024,11.9835,12.1133,1778795
2006-11-27,12.149,12.2133,11.8449,11.9043,4699349
2006-11-28,11.8588,11.8984,11.534,11.7182,6115940
2006-11-29,11.7182,12.1202,11.7182,12.0984,5224296
2006-11-30,11.9697,12.1341,11.7914,11.9994,4630100
2006-12-01,12.038,12.0687,11.6221,11.8152,2985343
2006-12-04,11.9043,12.8115,11.7558,12.7154,8270395
2006-12-05,12.553,12.8402,12.4075,12.7064,5572515
2006-12-06,12.6292,13.1155,12.5055,12.9213,6190045
2006-12-07,12.9213,13.2482,12.8689,13.0937,5483483
2006-12-08,12.9511,13.0392,12.7292,12.9779,6418320
2006-12-11,12.7064,12.8976,12.3094,12.5728,6806673
2006-12-12,11.9211,11.9637,11.4894,11.7627,11277923
2006-12-13,11.7994,12.2371,11.4419,12.1786,10652200
2006-12-14,12.141,12.3549,11.9835,12.1341,5642536
2006-12-15,12.1282,12.252,12.0984,12.1984,4955159
2006-12-18,12.1341,12.1786,11.7994,11.8588,3942618
2006-12-19,11.7994,12.0143,11.6221,11.9637,5793751
2006-12-20,12.046,12.1786,11.8737,11.9479,2920313
2006-12-21,11.7766,12.0222,11.7261,11.8588,2582583
2006-12-22,11.7994,11.8905,11.6746,11.7914,1328647
2006-12-26,11.742,11.9143,11.742,11.7994,1436341
2006-12-27,11.9043,12.252,11.8241,12.2064,2574954
2006-12-28,12.1708,12.4391,12.1638,12.245,3018077
2006-12-29,12.1638,12.1786,11.9637,11.9925,2051221
2007-01-03,12.1282,12.1984,11.4973,11.6528,4823478
2007-01-04,11.5389,11.7627,11.4053,11.7182,3095464
2007-01-05,11.734,11.8152,11.4973,11.734,2527011
2007-01-08,11.6528,11.9311,11.6221,11.9261,3557239
2007-01-09,11.9479,11.9637,11.6528,11.8825,3306392
2007-01-10,11.8509,12.0905,11.7687,12.038,2163116
2007-01-11,12.0905,12.3411,11.9559,12.1064,2392075
2007-01-12,12.1133,12.3411,12.0539,12.2133,2781470
2007-01-16,12.2866,12.3847,12.1064,12.1638,2994982
2007-01-17,12.1064,12.3777,12.1064,12.245,2737013
2007-01-18,12.2302,12.4549,12.0222,12.1133,3298648
2007-01-19,12.0846,12.4005,12.046,12.3341,3568547
2007-01-22,12.4243,12.5599,12.3341,12.3411,3537275
2007-01-23,12.3341,12.96,12.3341,12.9065,4341046
2007-01-24,12.4757,13.2561,12.4688,13.2184,4947865
2007-01-25,13.4869,14.0285,13.4313,13.8721,7592732
2007-01-26,13.878,14.1107,13.5958,13.7076,4664012
2007-01-29,13.8116,14.5771,13.771,14.3266,8149198
2007-01-30,14.4673,14.7772,14.3484,14.5336,6764083
2007-01-31,14.4751,14.7455,14.2652,14.4959,5055886
2007-02-01,14.6059,14.6742,14.3672,14.6682,3899880
2007-02-02,14.6217,14.6376,14.289,14.49,3385153
2007-02-05,14.4375,14.4831,14.1107,14.1642,4212165
2007-02-06,14.0592,14.3484,13.9751,14.3127,4082716
2007-02-07,14.2979,14.49,14.1246,14.2098,3068686
2007-02-08,14.1394,14.177,13.9325,14.1315,2407015
2007-02-09,14.0503,14.1107,13.7236,13.8879,3247739
2007-02-12,13.8493,14.2732,13.7384,14.0206,3500742
2007-02-13,14.192,14.7841,14.177,14.5336,5230392
2007-02-14,14.5771,14.7326,14.4127,14.4217,3694253
2007-02-15,14.4217,14.8911,14.4127,14.69,6481350
2007-02-16,14.7326,14.8821,14.5395,14.8,6482939
2007-02-20,14.7841,14.7841,14.3127,14.5187,4375311
2007-02-21,14.4751,15.0426,14.4375,15.0079,4611914
2007-02-22,15.1555,15.2318,14.7058,14.8346,2736860
2007-02-23,14.8218,15.0079,14.6812,14.8346,2016206
2007-02-26,14.9217,15.1218,14.69,14.8346,2548352
2007-02-27,14.087,14.1978,13.6057,13.7542,8498184
2007-02-28,13.7542,14.078,13.4195,13.9543,8404215
2007-03-01,13.4869,14.1246,13.47,13.9007,6683947
2007-03-02,13.778,14.0127,13.2779,13.4265,5067321
2007-03-05,13.2918,13.2918,12.4757,12.9363,5697330
2007-03-06,13.0244,13.6057,13.0244,13.576,4999826
2007-03-07,13.5898,13.8116,13.4393,13.6116,5196488
2007-03-08,13.9167,14.183,13.8037,14.1394,4802615
2007-03-09,14.3553,14.4445,14.0127,14.3415,4508532
2007-03-12,14.69,14.7416,14.1474,14.4217,8692231
2007-03-13,14.4039,14.698,13.9325,14.0127,7373175
2007-03-14,14.0365,14.5613,13.9949,14.5475,6570797
2007-03-15,14.4603,14.7772,14.3909,14.6524,3911340
2007-03-16,14.69,14.8821,14.3484,14.4127,3644894
2007-03-19,14.5771,14.9129,14.5039,14.8287,4938611
2007-03-20,14.8911,15.1782,14.7455,14.8525,5538952
2007-03-21,14.9613,15.4021,14.9,15.3872,5684938
2007-03-22,15.3218,15.4971,15.1476,15.1782,4536011
2007-03-23,15.2822,15.3872,15.1782,15.2902,4178291
2007-03-26,15.4833,15.8239,15.2674,15.609,5608870
2007-03-27,15.5962,15.5962,15.2902,15.3555,5035931
2007-03-28,15.1782,15.3506,15.0307,15.0763,3306496
2007-03-29,15.2536,15.8398,15.2318,15.7992,5229986
2007-03-30,16.0784,16.3914,15.8398,15.9913,7968017
2007-04-02,16.1448,16.1448,15.7486,16.0031,5549280
2007-04-03,16.0992,16.1894,16.0091,16.022,3855958
2007-04-04,16.0091,16.123,15.8645,16.0091,4299668
2007-04-05,16.1517,16.2696,15.9289,16.2032,5183673
2007-04-09,16.4043,16.5151,16.1319,16.1824,5236534
2007-04-10,16.0299,16.3607,15.9229,16.1755,6230830
2007-04-11,16.2112,16.3092,15.9437,16.0299,4107451
2007-04-12,16.1448,16.2854,16.0031,16.1676,3531618
2007-04-13,16.3537,16.634,16.1448,16.5687,5047452
2007-04-16,16.7242,17.0965,16.7092,17.0123,8189984
2007-04-17,16.7598,17.14,16.4191,16.7736,8726188
2007-04-18,16.7826,16.8935,16.4112,16.5083,5267827
2007-04-19,16.3696,16.6796,16.0873,16.5924,5394669
2007-04-20,16.8053,16.8935,16.6063,16.6944,3854321
2007-04-23,16.73,17.236,16.6558,17.0261,5729337
2007-04-24,16.837,16.8845,16.5459,16.6478,5261639
2007-04-25,16.9241,17.2985,16.7826,17.2648,5654626
2007-04-26,17.1916,17.2292,16.8776,16.9697,3884613
2007-04-27,16.9479,16.9479,16.6132,16.7092,3084014
2007-04-30,16.7538,16.8053,16.3755,16.4043,4458429
2007-05-01,16.4567,16.4993,15.9517,16.3696,4156252
2007-05-02,16.3458,16.73,16.2616,16.6132,2821652
2007-05-03,16.6696,16.8459,16.3914,16.8301,3927814
2007-05-04,16.9479,17.0667,16.6132,16.6201,4324707
2007-05-07,16.8528,17.0667,16.6261,16.6419,4933620
2007-05-08,16.9539,17.8897,16.939,17.8303,12247547
2007-05-09,17.7718,18.0679,17.5491,18.0155,6427707
2007-05-10,17.9412,18.163,17.5312,17.5827,5410142
2007-05-11,17.7392,18.06,17.6223,17.8204,2538997
2007-05-14,17.9719,18.0085,17.5629,17.763,3663211
2007-05-15,17.7946,17.8758,17.5045,17.755,3952414
2007-05-16,17.7877,17.9273,17.655,17.8372,4089358
2007-05-17,17.7253,17.763,17.2202,17.5985,3712070
2007-05-18,17.5985,17.9412,17.4877,17.8976,4511659
2007-05-21,17.9857,18.3344,17.9659,18.0541,4516505
2007-05-22,17.7877,17.9561,17.4321,17.4529,6173666
2007-05-23,17.6223,17.748,17.345,17.3975,4947598
2007-05-24,17.4321,17.4559,16.8301,16.939,6141155
2007-05-25,16.9539,17.4153,16.939,17.3906,4925304
2007-05-29,17.0123,17.2896,16.8935,17.14,5245212
2007-05-30,16.837,17.5738,16.5241,17.5629,7979043
2007-05-31,17.5491,17.7312,17.353,17.3599,8098226
2007-06-01,17.4529,18.1145,17.3975,17.9471,5276923
2007-06-04,17.852,17.9857,17.6758,17.763,2804492
2007-06-05,17.6817,17.7986,17.4529,17.655,3421025
2007-06-06,17.4965,17.5401,17.1173,17.2985,3274688
2007-06-07,17.1529,17.5045,16.3755,16.5765,7741978
2007-06-08,16.4567,17.0667,16.323,16.939,6379964
2007-06-11,16.2934,16.7826,15.6239,16.0873,8314752
2007-06-12,15.9349,15.9665,15.0228,15.4833,11369510
2007-06-13,15.5803,15.722,15.308,15.5427,7775582
2007-06-14,15.616,16.1606,15.5882,16.0389,5843259
2007-06-15,16.2616,16.4705,15.8735,15.9953,5584194
2007-06-18,15.9953,16.1606,15.8398,15.9289,3527229
2007-06-19,15.9161,16.1517,15.8091,16.0705,2942902
2007-06-20,16.0873,16.3607,15.8735,15.9081,3886620
2007-06-21,15.9517,15.9913,15.5269,15.7002,7644894
2007-06-22,15.6407,15.7002,15.3644,15.4763,5725535
2007-06-25,15.4902,15.6625,15.1852,15.1932,3385667
2007-06-26,15.2168,15.3278,14.8435,14.9337,4809911
2007-06-27,14.793,15.1782,14.4217,15.1555,6126154
2007-06-28,15.1852,15.5041,15.1852,15.3783,3509985
2007-06-29,15.4021,15.5803,15.3218,15.5269,5196540
2007-07-02,15.5427,16.2518,15.5427,16.1072,5155174
2007-07-03,16.1755,16.3458,16.123,16.3161,2335380
2007-07-05,16.6419,16.837,16.5151,16.8132,6942795
2007-07-06,16.8528,17.2836,16.8459,17.1529,5283597
2007-07-09,17.3312,17.4807,16.9777,16.9985,4461452
2007-07-10,16.837,17.0667,16.6874,16.73,2924579
2007-07-11,17.2985,17.4727,17.0579,17.1994,6192973
2007-07-12,17.3698,17.7718,17.3698,17.7026,4602444
2007-07-13,17.755,17.8828,17.5045,17.755,3271625
2007-07-16,17.6976,17.7174,17.3134,17.5559,4603268
2007-07-17,17.5183,17.8441,17.4965,17.6471,3182163
2007-07-18,17.5985,17.9471,17.4965,17.9343,3954890
2007-07-19,17.6471,18.0085,17.5689,17.7026,4820847
2007-07-20,17.6471,18.0451,17.3262,17.655,5621744
2007-07-23,17.8372,17.9343,16.8053,17.1083,6317868
2007-07-24,17.5312,18.4403,17.0579,17.2648,13141395
2007-07-25,17.4153,17.6619,16.4043,16.6478,10045557
2007-07-26,16.3161,16.7092,15.1932,15.609,10696614
2007-07-27,15.5645,16.0784,15.3506,15.4159,9063941
2007-07-30,15.4327,15.7586,15.4159,15.7002,6642928
2007-07-31,16.0616,16.2696,15.5338,15.5338,7976283
2007-08-01,15.4496,15.8318,15.3694,15.6407,7974719
2007-08-02,15.6556,15.9002,15.5962,15.706,6321994
2007-08-03,15.616,15.7586,14.698,14.8,7446047
2007-08-06,14.7841,14.9555,14.281,14.7455,6266840
2007-08-07,14.6138,14.8,14.2514,14.5692,4876453
2007-08-08,14.8079,15.1932,14.4831,14.6682,6081451
2007-08-09,14.4375,14.4603,12.8976,13.8037,10021914
2007-08-10,13.4541,14.5187,13.0244,14.1246,13434182
2007-08-13,14.4039,14.6742,14.2732,14.4217,5458003
2007-08-14,14.5187,14.6464,14.087,14.183,5081165
2007-08-15,14.1018,14.1642,13.5542,13.5591,5280316
2007-08-16,13.3462,13.6196,12.4619,13.4265,9243147
2007-08-17,13.7076,14.087,13.4779,13.9007,5620108
2007-08-20,13.9701,14.281,13.7314,14.078,3393446
2007-08-21,14.087,14.6059,13.9167,14.3058,3330045
2007-08-22,14.5336,15.3644,14.5187,15.2674,4290883
2007-08-23,15.3783,15.6625,15.0079,15.2991,5331171
2007-08-24,15.7486,16.7657,15.6764,16.4993,7554288
2007-08-27,16.3696,16.3835,15.9349,16.0389,2944685
2007-08-28,15.9289,15.9437,15.2396,15.2902,3534171
2007-08-29,15.3783,15.7734,15.21,15.6407,3160961
2007-08-30,15.4902,16.123,15.308,15.817,4580558
2007-08-31,15.9745,16.2854,15.8645,16.0784,3620487
2007-09-04,15.9437,16.33,15.5803,16.1388,3890161
2007-09-05,16.4112,16.4112,15.7734,16.2398,5818963
2007-09-06,16.3161,16.53,16.0705,16.2934,3637990
2007-09-07,16.1606,16.2784,15.9437,15.9953,3024318
2007-09-10,16.0616,16.1824,15.3337,15.4585,3803093
2007-09-11,15.5724,16.0873,15.4763,15.9229,3484463
2007-09-12,15.6556,15.9349,15.4159,15.4902,3603146
2007-09-13,15.6239,16.1388,15.5338,15.9161,2987458
2007-09-14,15.713,16.2696,15.609,16.1319,2231283
2007-09-17,16.0091,16.1755,15.8239,15.8923,2375747
2007-09-18,16.0299,16.6419,15.5645,16.5687,4472774
2007-09-19,16.7657,17.2153,16.7242,16.8588,3947252
2007-09-20,16.8994,17.2202,16.8212,16.9777,3253736
2007-09-21,17.146,17.4727,17.0747,17.1529,5721397
2007-09-24,17.241,17.3134,16.6419,16.7172,3232551
2007-09-25,16.5687,17.042,16.2616,16.9985,2761708
2007-09-26,17.1608,17.5183,16.9845,17.0667,3557679
2007-09-27,17.1608,17.9412,17.0905,17.4064,2609920
2007-09-28,17.3827,17.6065,17.2738,17.3262,2663751
2007-10-01,17.2738,17.7094,17.249,17.5906,2458333
2007-10-02,17.8758,18.266,17.5559,17.6758,4367482
2007-10-03,17.6471,17.6471,16.9697,17.0193,3682884
2007-10-04,16.7598,17.1757,16.4775,16.5607,3354485
2007-10-05,16.6944,16.9083,16.4399,16.7974,3659784
2007-10-08,16.7092,17.249,16.6261,16.9083,3349152
2007-10-09,17.0123,17.8828,16.9777,17.7718,3995304
2007-10-10,17.5629,17.9927,17.4243,17.5738,3362216
2007-10-11,17.6619,18.2462,16.8301,17.236,4205284
2007-10-12,16.9697,17.1846,16.7904,17.0667,2965264
2007-10-15,17.0499,17.3757,16.7598,17.0123,5748348
2007-10-16,16.939,17.0341,16.5083,16.6558,3701299
2007-10-17,16.4835,18.1075,16.1517,17.8976,14618920
2007-10-18,17.7946,19.1533,17.655,18.7502,12050474
2007-10-19,18.7255,18.9671,18.06,18.0838,7762074
2007-10-22,17.8699,19.4335,17.2153,18.9612,10090144
2007-10-23,19.2672,19.9089,18.8721,19.1187,6555395
2007-10-24,19.0305,19.3474,18.6473,19.282,7696602
2007-10-25,19.4058,20.3832,19.0395,20.0337,11019814
2007-10-26,20.2416,20.5477,19.8524,20.3328,7009741
2007-10-29,20.0119,20.5327,19.8277,20.2218,12274205
2007-10-30,19.9366,20.1307,19.3316,19.3989,6270657
2007-10-31,19.4949,19.8931,19.3781,19.7455,4264552
2007-11-01,19.4682,19.6445,18.8721,18.9374,4621252
2007-11-02,18.9839,19.698,18.7255,19.2058,4617063
2007-11-05,18.8314,19.0681,18.2838,18.6631,3306233
2007-11-06,18.8008,19.6762,18.5115,19.6366,3700375
2007-11-07,19.3613,19.4058,18.8473,18.9612,3826810
2007-11-08,19.2553,19.5673,18.4849,19.2474,4759109
2007-11-09,18.9899,19.0523,18.364,18.3937,5177098
2007-11-12,18.1075,18.3422,17.2568,17.3599,8153108
2007-11-13,17.4559,18.0917,17.1262,18.0283,4773615
2007-11-14,18.2174,18.9147,18.1878,18.47,4167632
2007-11-15,18.266,18.4472,17.6619,18.0838,7573217
2007-11-16,18.1798,18.5353,17.8303,18.3116,13422676
2007-11-19,18.1392,18.372,17.7312,18.1274,8394430
2007-11-20,18.2542,18.8721,18.1075,18.372,6804276
2007-11-21,18.0223,18.26,17.6065,17.9927,3871830
2007-11-23,18.1392,18.3195,18.0085,18.2462,1768598
2007-11-26,18.1947,18.3116,17.5183,17.5183,4301924
2007-11-27,17.5401,18.1274,17.2292,17.7253,5379495
2007-11-28,17.8441,18.8156,17.6223,18.7166,3716617
2007-11-29,18.7878,19.4761,18.372,19.1018,8954088
2007-11-30,19.183,19.6336,18.5938,18.6631,7228403
2007-12-03,18.669,19.0225,18.47,18.6918,3686615
2007-12-04,18.5503,18.677,18.2462,18.4472,3432712
2007-12-05,18.6225,18.8404,18.1214,18.8008,5439174
2007-12-06,18.7354,20.2149,18.7354,20.2149,5658951
2007-12-07,20.3704,20.7586,20.001,20.5477,4409090
2007-12-10,20.4189,20.8052,20.4189,20.6724,3505043
2007-12-11,20.6803,20.7814,19.805,19.901,3983391
2007-12-12,20.0257,20.8298,19.9763,20.6299,6146617
2007-12-13,20.4981,20.6892,20.0119,20.6299,5376411
2007-12-14,20.5477,20.5477,20.0119,20.2734,4585688
2007-12-17,20.0337,20.1773,19.1097,19.1097,7149196
2007-12-18,19.3236,19.4128,18.6304,19.2742,5147886
2007-12-19,19.2672,19.7455,19.1533,19.4276,3917810
2007-12-20,19.592,20.3179,19.384,20.312,6910105
2007-12-21,20.406,21.5359,20.2506,21.1884,17612523
2007-12-24,21.3369,22.1985,21.2626,21.8716,2304067
2007-12-26,21.7874,22.6788,21.6528,22.4144,5241646
2007-12-27,22.4847,22.7768,22.1905,22.2648,3729737
2007-12-28,22.5451,22.7688,22.2718,22.45,2745329
2007-12-31,22.5599,22.5599,21.8232,22.1232,2646724
2008-01-02,22.4371,22.5827,21.2072,21.5221,7170788
2008-01-03,21.5359,21.8064,20.9873,21.2022,4801683
2008-01-04,20.9705,21.1269,20.3832,20.6239,5641773
2008-01-07,20.4189,20.7586,19.5019,20.0832,5469144
2008-01-08,20.406,20.5565,19.3544,19.3544,6125093
2008-01-09,19.183,19.7247,18.8077,19.6336,5188144
2008-01-10,19.3613,20.4595,19.0523,20.1515,6892296
2008-01-11,20.0337,20.1921,19.5316,19.7455,4043532
2008-01-14,19.9673,20.7912,19.7455,20.6724,3692136
2008-01-15,20.3555,20.3555,19.5079,19.7078,4679399
2008-01-16,19.5079,19.9861,18.7572,18.9147,6886828
2008-01-17,19.0761,19.2196,17.4243,17.4877,8223732
2008-01-18,17.7877,18.1392,17.3044,18.0363,7939930
2008-01-22,16.9985,18.0451,15.7863,17.7026,8640257
2008-01-23,16.9627,17.7026,15.7002,17.0965,11604000
2008-01-24,17.1916,19.3474,16.7974,19.0305,9333237
2008-01-25,19.3989,19.9366,18.8156,19.1018,5087917
2008-01-28,18.7255,19.8128,18.6552,19.6445,5112728
2008-01-29,19.3068,20.7655,19.1741,19.5989,5837717
2008-01-30,19.7168,20.0911,19.191,19.4949,3739954
2008-01-31,19.084,19.6762,18.6304,19.3613,5900918
2008-02-01,19.6079,20.0515,19.1969,19.5435,6933331
2008-02-04,19.4276,19.5435,18.773,18.9543,4689335
2008-02-05,18.47,18.6473,18.1551,18.2462,3488944
2008-02-06,17.9857,18.6007,17.9857,18.1075,4309446
2008-02-07,17.9927,18.6829,17.6144,18.4917,5185340
2008-02-08,18.5503,19.1187,18.1323,18.8998,6253331
2008-02-11,18.9216,19.4276,18.8314,19.4276,3938078
2008-02-12,19.5147,19.901,19.084,19.2404,5570628
2008-02-13,19.5831,19.9861,19.1375,19.9535,3718389
2008-02-14,20.0425,20.7586,19.69,20.4743,5333610
2008-02-15,20.306,20.406,19.7852,20.1921,4695219
2008-02-19,20.8675,21.9767,20.7912,21.4835,5722145
2008-02-20,21.2626,22.2648,21.022,22.2133,5993861
2008-02-21,22.2133,22.5907,21.6914,21.7162,6541258
2008-02-22,21.9202,22.7688,21.4082,22.7164,5593707
2008-02-25,22.652,23.2363,22.2064,22.9847,5197787
2008-02-26,22.3292,23.0204,22.3292,22.6788,5150097
2008-02-27,22.6124,22.7451,22.1668,22.45,4889927
2008-02-28,22.4936,23.4314,22.2133,23.0204,5270104
2008-02-29,22.7253,22.7253,21.5527,21.6281,5720241
2008-03-03,21.6914,22.4936,21.6914,22.4282,5841269
2008-03-04,22.2331,23.3244,21.7667,22.3658,6552971
2008-03-05,22.7322,23.8294,22.652,23.6195,6584994
2008-03-06,23.6591,23.7859,23.0887,23.0967,5334809
2008-03-07,22.9451,23.5423,22.0747,22.4688,6627204
2008-03-10,22.5669,22.5669,21.432,21.4765,6475634
2008-03-11,22.3164,23.3412,22.1083,23.3026,5782913
2008-03-12,23.3412,24.6079,23.1521,24.1919,10556924
2008-03-13,23.7938,25.5536,23.6145,25.3228,8481179
2008-03-14,25.5893,25.8418,24.5999,25.1069,10418705
2008-03-17,24.493,25.4001,24.1207,24.9218,7372289
2008-03-18,25.2912,26.1993,25.1011,26.1923,8861233
2008-03-19,26.1339,26.1765,23.8067,23.8236,6485711
2008-03-20,23.8512,24.9515,23.4314,24.4187,9230533
2008-03-24,24.5999,25.6299,24.5583,25.0555,5434800
2008-03-25,25.5011,25.819,25.2367,25.3912,5096605
2008-03-26,25.6595,25.8032,25.0793,25.5477,5666570
2008-03-27,25.1436,25.3594,24.3554,24.3632,3916881
2008-03-28,24.7514,25.1664,24.5167,25.0377,6479166
2008-03-31,25.0703,25.4209,24.0593,24.5385,4327750
2008-04-01,24.8762,25.5961,23.9701,25.5159,5043650
2008-04-02,25.6655,25.9368,24.8267,25.1753,4643750
2008-04-03,25.1505,25.9527,24.9218,25.4704,5665142
2008-04-04,25.8824,27.2103,25.6734,26.6825,7661271
2008-04-07,27.7897,28.7602,27.4411,27.758,10561575
2008-04-08,27.2678,28.4611,27.1935,27.4174,6962591
2008-04-09,27.6401,27.758,25.9933,26.0873,5330216
2008-04-10,26.0012,26.9856,25.6734,26.8894,5184385
2008-04-11,26.5409,26.7914,26.0279,26.1695,3961744
2008-04-14,26.0873,26.5112,25.509,25.6734,3583193
2008-04-15,25.8586,26.5191,25.3764,26.022,4838824
2008-04-16,26.7291,28.2056,26.4468,27.863,5641993
2008-04-17,26.9558,27.8085,26.3706,27.1143,5807014
2008-04-18,27.9066,28.3244,26.8756,28.1313,5104459
2008-04-21,28.881,28.9919,27.5579,28.0838,5711017
2008-04-22,29.1483,29.1483,27.2985,27.5659,7322836
2008-04-23,26.9558,27.0816,26.1765,26.4072,7959135
2008-04-24,26.6736,26.6736,25.2912,25.7061,5845401
2008-04-25,25.7635,27.447,25.7061,27.3292,5974133
2008-04-28,27.3658,27.4758,26.4963,26.942,3435455
2008-04-29,26.4716,26.8668,25.5893,25.6903,3964233
2008-04-30,25.9844,26.3488,25.6546,25.8824,7062309
2008-05-01,25.5813,25.6734,24.285,25.2704,6719903
2008-05-02,25.406,26.3844,25.3446,25.924,6025746
2008-05-05,25.917,27.1421,25.8586,27.0163,4331010
2008-05-06,26.8261,27.551,26.7756,27.2777,4980112
2008-05-07,27.2678,27.2916,26.0577,26.1923,4861464
2008-05-08,26.6379,26.8756,26.1023,26.8598,5312366
2008-05-09,26.423,26.5112,24.9762,25.6121,6408446
2008-05-12,25.6121,25.9933,25.1199,25.819,4653747
2008-05-13,25.6853,26.5993,25.3377,26.535,4170729
2008-05-14,26.8469,26.8469,25.5249,25.6041,4837526
2008-05-15,25.8744,27.0479,25.8496,27.0073,7406474
2008-05-16,27.454,28.263,27.2025,28.1601,8052038
2008-05-19,28.2987,29.2444,27.6995,28.0392,7132267
2008-05-20,27.5877,28.1997,27.1787,28.0987,7561824
2008-05-21,28.2175,28.3928,27.2401,27.2916,6614087
2008-05-22,27.2777,28.7374,27.0816,27.6619,8853751
2008-05-23,27.4758,27.6619,25.9309,26.6519,5743529
2008-05-27,26.8162,26.9064,25.6299,26.0279,6553052
2008-05-28,26.1249,26.6141,25.6853,26.6063,9076755
2008-05-29,26.6597,26.7142,25.2704,25.4635,6177567
2008-05-30,25.6041,26.9132,25.6041,26.8073,11543080
2008-06-02,26.7826,27.3292,26.0577,26.2953,4787223
2008-06-03,26.7291,27.5877,25.8874,26.5043,6469247
2008-06-04,26.2666,27.4094,26.0161,26.942,8486742
2008-06-05,27.5659,28.3294,27.1489,28.2848,9075312
2008-06-06,28.2918,29.3781,28.1403,28.2264,6357989
2008-06-09,28.2779,29.0731,28.2264,28.9394,4619757
2008-06-10,28.4977,28.5967,27.5659,28.0471,5233757
2008-06-11,28.1927,28.5899,27.4411,27.5213,4698824
2008-06-12,27.6995,28.3076,27.0816,27.2916,6196618
2008-06-13,28.2779,29.6603,28.0046,29.3128,10483898
2008-06-16,29.4414,29.6603,28.976,29.2217,5253311
2008-06-17,29.8287,30.0763,29.0731,29.2058,4785545
2008-06-18,29.2811,29.4811,28.5621,29.082,4148353
2008-06-19,29.3781,30.2694,29.0909,30.2011,6832402
2008-06-20,29.8554,30.2832,28.7463,28.886,5729575
2008-06-23,29.0127,30.0228,28.9474,29.6673,3871875
2008-06-24,30.1287,30.3872,29.2444,29.7713,4933451
2008-06-25,29.49,30.0386,28.3848,29.6039,5230064
2008-06-26,29.5048,29.592,27.7372,28.1075,7560918
2008-06-27,28.1234,28.9088,27.9006,28.5245,6670819
2008-06-30,28.775,29.5366,28.775,29.0127,3911006
2008-07-01,28.7156,28.7156,27.4916,28.2848,6852007
2008-07-02,28.3244,28.5156,25.2832,25.406,12549784
2008-07-03,25.0377,25.917,24.1057,24.7287,4807958
2008-07-07,24.7792,25.7724,24.0821,24.6247,5109701
2008-07-08,24.6247,24.6247,22.5302,23.5423,9133597
2008-07-09,24.8476,26.2953,24.3632,24.6455,8862329
2008-07-10,24.6524,25.0624,23.4373,24.7871,7580742
2008-07-11,25.4001,26.022,24.2553,25.7556,7166188
2008-07-14,25.9309,26.3398,24.6326,25.0703,5004664
2008-07-15,24.4841,24.8634,23.3244,23.884,5579899
2008-07-16,23.9196,24.5871,23.0511,24.5583,6337395
2008-07-17,23.778,24.4999,22.342,23.0887,7352252
2008-07-18,23.0887,24.3226,22.8332,22.9144,5684767
2008-07-21,23.3908,24.493,22.8422,24.4761,5871057
2008-07-22,25.6903,25.917,22.859,24.5791,11933043
2008-07-23,24.5871,24.9138,22.9451,23.3908,8995001
2008-07-24,22.2856,23.0204,21.6984,21.7726,9552362
2008-07-25,22.2569,22.8748,21.7479,22.4936,7977322
2008-07-28,22.8273,23.4571,22.3995,22.4777,5869136
2008-07-29,23.5047,23.9701,23.1521,23.5849,8485170
2008-07-30,23.8444,24.907,23.7998,24.907,6700744
2008-07-31,24.4672,24.4672,23.1828,23.5265,7155013
2008-08-01,23.466,23.6671,22.2569,22.2984,5653359
2008-08-04,22.241,22.4371,20.001,20.1515,9485558
2008-08-05,20.312,20.9784,19.9089,20.6417,8444101
2008-08-06,20.7051,21.5647,20.6091,21.3369,5278638
2008-08-07,21.4627,21.6103,20.5239,20.815,4619878
2008-08-08,21.2626,21.2626,19.384,19.6564,6809285
2008-08-11,20.1238,20.1238,18.2462,18.5433,9416165
2008-08-12,18.7878,18.878,17.5738,17.9471,11533824
2008-08-13,18.0085,19.3068,17.9789,19.1969,7418359
2008-08-14,18.9374,19.2672,18.3274,18.9543,6065713
2008-08-15,18.5661,18.8226,18.266,18.4403,4876791
2008-08-18,18.6096,19.0225,18.0085,18.3789,6273415
2008-08-19,18.1323,18.9543,18.0363,18.7354,9301351
2008-08-20,18.9374,19.3474,18.3502,19.2404,7251362
2008-08-21,19.4217,19.4543,18.7434,19.1097,5307954
2008-08-22,18.8839,19.0453,18.3056,18.9315,6574171
2008-08-25,18.8404,18.9216,17.1757,17.3698,11237648
2008-08-26,17.345,17.7877,17.0905,17.7026,8506093
2008-08-27,17.8441,18.5353,17.8441,18.3581,5214710
2008-08-28,18.364,18.7502,18.1947,18.669,4453204
2008-08-29,18.3789,18.9147,18.3195,18.4403,4073718
2008-09-02,17.9927,17.9927,16.7172,16.8707,7922070
2008-09-03,16.9172,17.0579,15.817,16.2398,9521472
2008-09-04,16.5151,16.7826,15.4496,15.7804,11732081
2008-09-05,15.5962,16.5151,15.2902,16.3973,11307100
2008-09-08,16.6419,16.9627,15.4021,15.5041,12850784
2008-09-09,15.3278,15.3644,14.0037,14.0285,14139119
2008-09-10,14.183,16.2112,14.183,15.8556,16278458
2008-09-11,15.2,16.2854,14.8079,15.9953,9061723
2008-09-12,15.9745,17.146,15.9081,16.9777,7218064
2008-09-15,16.0567,16.4112,15.0862,15.1614,10650821
2008-09-16,14.9693,16.4349,14.6682,16.2696,10886198
2008-09-17,15.8735,15.9161,14.4831,15.0367,10993168
2008-09-18,15.4902,15.8784,14.3553,15.7288,12688797
2008-09-19,16.2854,16.9083,14.9613,16.5241,12100655
2008-09-22,16.3914,16.7092,15.6031,15.7002,7534131
2008-09-23,16.0784,16.1755,15.3218,15.5803,8860141
2008-09-24,15.2466,16.0151,15.2466,15.5496,7575254
2008-09-25,15.5962,15.9229,15.308,15.4021,6660781
2008-09-26,14.7702,14.9405,14.2098,14.5989,5473777
2008-09-29,14.0662,14.0731,11.4894,11.9261,12406824
2008-09-30,12.2064,12.7818,11.7766,12.6916,7943910
2008-10-01,12.5817,12.5817,11.5468,11.8241,8953565
2008-10-02,11.7102,11.7102,9.6534,9.66133,13873193
2008-10-03,9.6534,10.1654,8.87304,8.99971,18673187
2008-10-06,7.98357,8.42732,7.12894,8.24441,20013338
2008-10-07,8.53951,8.66806,7.15894,7.20341,14282114
2008-10-08,6.98059,7.74569,6.33462,7.06209,23054481
2008-10-09,7.16647,7.4186,6.1635,6.29749,16134605
2008-10-10,5.85155,6.4905,5.09447,5.73322,20549082
2008-10-13,6.53506,7.03981,5.98564,6.96593,12635533
2008-10-14,7.43335,7.55249,6.46039,6.64627,20573140
2008-10-15,6.6023,6.60893,5.39147,5.44336,10865472
2008-10-16,5.90365,6.88404,5.71816,6.67607,27892248
2008-10-17,6.3269,7.32967,6.12646,6.49802,17355478
2008-10-20,6.83978,7.57457,6.61685,7.56734,17727370
2008-10-21,7.29244,8.5921,7.15894,7.97624,25644052
2008-10-22,7.6638,7.76036,6.63914,7.02505,16241393
2008-10-23,7.0105,7.41137,6.45346,6.98812,17040331
2008-10-24,6.18618,7.56734,6.12646,7.12181,14755739
2008-10-27,7.28491,7.64142,6.59428,6.59428,10631083
2008-10-28,7.0105,7.49327,6.2453,7.47811,14404207
2008-10-29,7.38889,8.5921,7.26302,8.27956,16532301
2008-10-30,8.82987,9.07685,8.04833,8.8675,12838451
2008-10-31,8.64409,8.93178,8.11756,8.85393,17382123
2008-11-03,8.8374,8.94019,8.32502,8.56784,9693295
2008-11-04,8.75511,9.53654,8.65954,9.24659,13633910
2008-11-05,8.95415,9.03754,7.63419,7.69361,12023908
2008-11-06,7.55249,7.64914,6.95841,6.96593,10532504
2008-11-07,7.07705,7.3371,6.77996,7.06991,7549892
2008-11-10,7.6638,7.82779,6.86909,6.99525,5130222
2008-11-11,6.79492,7.07705,6.49802,6.78788,5731443
2008-11-12,6.61685,6.6838,5.6738,5.68083,11122016
2008-11-13,5.82938,6.61685,5.4287,6.59428,10770237
2008-11-14,6.33462,6.61685,5.90365,6.02991,9853704
2008-11-17,5.82938,6.00753,5.54763,5.69578,7746271
2008-11-18,5.79987,5.94088,5.22034,5.40632,8023868
2008-11-19,5.40632,5.49525,4.69361,4.69361,8330722
2008-11-20,4.64111,4.67845,3.8467,3.88384,13712667
2008-11-21,4.24035,4.54496,3.96554,4.52981,12167524
2008-11-24,4.70063,5.12418,4.67102,4.99059,9426255
2008-11-25,5.19093,5.73322,4.97534,5.55467,17648906
2008-11-26,5.317,6.15627,5.29481,6.15627,7424388
2008-11-28,5.98564,6.14122,5.90365,6.13418,2676875
2008-12-01,5.79234,5.94088,5.04981,5.05734,6249272
2008-12-02,5.19845,5.41365,5.02783,5.28026,11121469
2008-12-03,5.09447,5.30987,4.85681,5.28026,8793281
2008-12-04,5.16122,5.6738,5.0198,5.36176,11215751
2008-12-05,5.17598,6.0822,5.16122,6.05239,11655481
2008-12-08,6.69064,7.55249,6.6838,7.43335,17553540
2008-12-09,7.15112,8.04833,7.02505,7.32235,14608151
2008-12-10,7.65637,8.48961,7.5004,8.42732,17188706
2008-12-11,8.34057,8.82987,7.83493,7.99812,21709081
2008-12-12,7.18113,8.56784,7.05486,8.34749,12778543
2008-12-15,8.4593,8.99307,7.95356,8.02743,13408736
2008-12-16,8.12518,8.72302,7.94593,8.70291,11993200
2008-12-17,8.55992,9.84254,8.39177,9.49792,15521145
2008-12-18,9.80789,9.94356,8.7765,8.88889,14191456
2008-12-19,9.06912,9.1945,8.5921,8.70291,13474857
2008-12-22,8.69737,8.97702,7.39632,7.69361,10601152
2008-12-23,7.77461,7.94593,7.58953,7.84948,7427804
2008-12-24,7.91622,7.96178,7.58953,7.86434,1807842
2008-12-26,7.89325,8.06506,7.69361,8.01991,2097407
2008-12-29,7.92365,8.1536,7.6118,7.70836,4190884
2008-12-30,7.65637,8.16796,7.65637,8.16796,3558874
2008-12-31,8.08705,8.48961,7.93127,8.30155,4637672
2009-01-02,8.49683,9.22232,8.39177,9.17142,6675496
2009-01-05,8.99971,9.57021,8.91226,9.47614,9371601
2009-01-06,9.69895,10.0178,9.39246,9.64845,11767547
2009-01-07,9.66727,9.83264,9.16271,9.49099,10204941
2009-01-08,9.22232,10.099,9.06912,10.0772,9477023
2009-01-09,10.0772,10.099,9.25421,9.26203,6628808
2009-01-12,9.30125,9.30719,8.13993,8.22797,8895756
2009-01-13,8.22797,8.86136,8.00555,8.75511,8326546
2009-01-14,8.33334,8.43514,7.70113,7.88611,7469930
2009-01-15,7.87929,8.1536,7.21817,8.0412,11313436
2009-01-16,8.34057,8.57586,7.81194,8.30155,8317615
2009-01-20,8.23649,8.33334,7.55982,7.62676,6116129
2009-01-21,7.77461,8.40513,7.64914,8.38513,7068528
2009-01-22,8.01348,8.30937,7.72302,8.04833,7168165
2009-01-23,7.64914,8.39177,7.6118,8.08705,7551008
2009-01-26,7.97624,8.39177,7.42643,7.60438,15119223
2009-01-27,8.16796,9.06912,7.92365,8.74807,21067709
2009-01-28,9.06031,10.0456,8.90473,9.71678,17613358
2009-01-29,9.41672,9.47119,8.71024,8.79204,12837337
2009-01-30,8.79204,8.91226,7.80482,7.88611,13985675
2009-02-02,7.75253,8.3778,7.6118,8.24441,11730927
2009-02-03,8.17588,8.88889,8.17588,8.86136,11105874
2009-02-04,9.06912,9.43256,8.85393,8.95415,11082273
2009-02-05,8.96277,9.69895,8.73867,9.42365,11261046
2009-02-06,9.34156,10.3981,9.2766,10.2406,12060943
2009-02-09,10.1743,10.6882,9.66133,9.91285,9347910
2009-02-10,9.64845,10.308,9.01575,9.09785,10192279
2009-02-11,9.42365,9.80789,8.91791,9.16271,9908666
2009-02-12,8.88048,9.40781,8.69093,9.39246,9865352
2009-02-13,9.32274,9.64152,9.26203,9.45435,7692904
2009-02-17,8.91791,8.94851,8.13329,8.19123,10435465
2009-02-18,8.41226,8.45128,7.79759,7.92365,8490277
2009-02-19,8.09359,8.36324,7.72302,7.75253,8086032
2009-02-20,7.43335,7.92365,7.26302,7.78313,11928184
2009-02-23,8.1022,8.16796,6.7354,6.75758,10350776
2009-02-24,6.80224,7.14409,6.47574,7.09962,10744177
2009-02-25,7.15894,7.15894,6.6538,6.7354,9268386
2009-02-26,6.98812,7.05486,6.45346,6.48307,6922507
2009-02-27,6.33462,6.57972,6.09685,6.20093,12952541
2009-03-02,6.37166,6.42355,5.43603,5.54763,15007848
2009-03-03,5.7254,6.0005,5.5918,5.79987,11217382
2009-03-04,6.23064,6.85404,6.05239,6.66122,13818809
2009-03-05,6.3269,6.34888,5.89642,5.96336,7553968
2009-03-06,6.05961,6.31225,5.64379,5.85948,6361861
2009-03-09,5.79234,6.11923,5.73322,5.79987,5598666
2009-03-10,6.06685,6.64627,6.01535,6.61685,9753148
2009-03-11,6.67607,6.79492,6.12646,6.34888,8971909
2009-03-12,5.16855,5.40632,4.4184,5.38364,45553793
2009-03-13,5.38364,5.4803,5.16122,5.36879,12215683
2009-03-16,5.36176,5.66607,5.25025,5.36176,8815390
2009-03-17,5.19845,5.19845,4.76728,5.12418,12095157
2009-03-18,5.06437,5.53961,4.92336,5.52506,11921090
2009-03-19,5.87384,6.22282,5.78491,5.97049,17601805
2009-03-20,5.94088,6.06685,5.45079,5.56219,10526310
2009-03-23,5.94088,6.12646,5.6738,6.12646,9732742
2009-03-24,5.837,6.899,5.837,6.69064,15118172
2009-03-25,6.88404,7.11428,6.38642,6.74302,16021924
2009-03-26,6.95058,7.35186,6.93603,7.23312,15138115
2009-03-27,6.98059,7.31492,6.85404,6.94366,9808283
2009-03-30,6.42355,6.47574,5.94851,6.17113,10143287
2009-03-31,6.29749,6.79492,6.17113,6.54258,10010384
2009-04-01,6.23798,6.7657,6.07467,6.66855,9923276
2009-04-02,7.14409,7.6118,7.03268,7.53753,13055501
2009-04-03,7.3371,8.00555,7.18113,7.8569,11269587
2009-04-06,7.64142,7.64142,7.2555,7.45574,8093827
2009-04-07,7.26302,7.26302,6.72807,6.8469,12506305
2009-04-08,6.91405,7.27025,6.6838,7.24768,8101336
2009-04-09,7.55982,8.0723,7.48525,7.93841,8384833
2009-04-13,7.68598,8.40513,7.5004,8.35532,10375567
2009-04-14,8.03347,8.60626,8.03347,8.20579,9638085
2009-04-15,8.1022,8.49683,7.96842,8.44335,6156116
2009-04-16,8.73867,8.93178,8.29353,8.7765,9426138
2009-04-17,8.74807,9.06912,8.52516,8.97702,7070833
2009-04-20,8.2858,8.32502,7.96178,8.14657,10541818
2009-04-21,7.95356,8.65271,7.95356,8.63716,8379877
2009-04-22,8.51773,9.18687,8.4192,8.8675,10237843
2009-04-23,8.62152,8.69093,8.03347,8.14657,16161989
2009-04-24,8.29353,8.72302,8.20579,8.55992,12207150
2009-04-27,8.51773,8.52516,8.16033,8.27283,5936312
2009-04-28,8.13329,8.40513,7.83493,8.25134,5649445
2009-04-29,8.16796,8.88889,8.05734,8.67658,12661681
2009-04-30,8.86136,9.53654,8.76906,9.24659,11466948
2009-05-01,9.2766,9.89108,9.11973,9.70787,7117334
2009-05-04,9.80195,10.4555,9.80195,10.4397,10024612
2009-05-05,10.3159,10.4763,9.72371,9.97429,7723141
2009-05-06,10.2614,10.4645,9.80195,10.0258,10724659
2009-05-07,10.3743,10.3891,9.13974,9.30719,13869216
2009-05-08,9.72371,10.0535,9.43256,9.86433,9130337
2009-05-11,9.5514,9.5514,9.17895,9.48307,8188204
2009-05-12,9.53654,9.6326,8.96277,9.35929,6210844
2009-05-13,9.13201,9.20034,8.35532,8.40513,8612551
2009-05-14,8.47524,8.73867,8.13329,8.5921,6628931
2009-05-15,8.7765,8.86136,8.3778,8.48961,3756741
2009-05-18,8.63716,9.47614,8.57586,9.47119,8030186
2009-05-19,9.6326,10.3891,9.47614,10.1882,10751524
2009-05-20,10.3981,11.0289,10.3743,10.4555,9805973
2009-05-21,9.87622,9.90593,9.31501,9.51476,11761511
2009-05-22,9.7861,10.2614,9.60685,9.96733,8186582
2009-05-26,9.898,10.5833,9.52367,10.4922,8747306
2009-05-27,10.3813,11.2438,10.3665,10.7526,11404272
2009-05-28,10.8685,11.125,10.5308,11.0151,6826378
2009-05-29,11.3022,11.3695,10.8002,11.0933,10199248
2009-06-01,11.7261,11.9994,11.5191,11.8509,10540740
2009-06-02,11.7627,11.9311,11.4141,11.5756,9424254
2009-06-03,10.5387,10.8635,10.0852,10.4209,15086114
2009-06-04,10.2565,11.1388,10.0852,11.022,47206376
2009-06-05,11.2814,11.2814,10.3981,10.9695,15954221
2009-06-08,10.7685,11.132,10.4555,11.0151,13990232
2009-06-09,11.125,11.7182,11.1022,11.5835,16286864
2009-06-10,11.9143,12.0766,11.3973,11.8588,15378136
2009-06-11,11.9311,12.2371,11.5538,12.0766,17395460
2009-06-12,12.1202,12.3847,11.6221,11.9994,17815405
2009-06-15,11.4973,11.5389,10.7447,11.3181,14918807
2009-06-16,11.7687,12.1638,11.0715,11.3329,20556913
2009-06-17,11.325,11.63,10.7922,11.3329,14739769
2009-06-18,11.2369,11.63,10.9547,11.3329,9768834
2009-06-19,11.5538,11.8449,11.4141,11.4686,13839313
2009-06-22,11.2745,11.2874,10.2406,10.2406,12977674
2009-06-23,10.3229,10.7774,10.1366,10.6536,11391556
2009-06-24,10.9547,11.4745,10.8299,11.125,13807183
2009-06-25,10.8943,11.3478,10.721,11.2874,10459361
2009-06-26,11.0715,11.8311,11.0497,11.5142,15578760
2009-06-29,11.5994,11.6964,11.2042,11.2666,8197980
2009-06-30,11.1904,11.3329,10.7447,10.9913,11998813
2009-07-01,11.1636,11.4894,10.8547,10.9021,9310548
2009-07-02,10.6714,10.9021,10.4922,10.6476,6877611
2009-07-06,10.3981,10.3981,9.70787,9.8574,13156965
2009-07-07,10.1436,10.4981,10.0614,10.0772,14085118
2009-07-08,10.0921,10.2614,9.23004,9.60685,15775112
2009-07-09,9.84254,10.308,9.80195,10.0317,11240634
2009-07-10,9.91979,10.2258,9.74451,10.1436,10609725
2009-07-13,10.2406,10.507,9.92771,10.4922,11620295
2009-07-14,10.8635,10.9913,10.6476,10.8002,9912497
2009-07-15,11.116,11.4053,10.9616,11.3537,13201930
2009-07-16,11.6656,12.0905,11.5142,11.9261,16153586
2009-07-17,12.0618,12.2688,11.6964,12.0539,14291815
2009-07-20,12.1064,12.4985,11.9697,12.4619,12042119
2009-07-21,12.4005,12.7154,11.9835,12.4688,15007406
2009-07-22,12.149,12.3282,11.9697,12.1341,11600363
2009-07-23,12.1786,12.6223,11.742,11.8905,24890937
2009-07-24,11.8984,12.3688,11.8241,12.1638,12482290
2009-07-27,12.2688,12.6223,12.0687,12.1916,11156056
2009-07-28,12.0143,12.7292,11.9994,12.6292,15612652
2009-07-29,12.3925,12.3925,11.4597,11.6746,20928779
2009-07-30,12.0073,12.4321,11.8825,11.9697,14131568
2009-07-31,11.9697,12.3688,11.8984,12.149,11855939
2009-08-03,12.751,13.1966,12.6134,13.0689,11794696
2009-08-04,12.8897,13.1155,12.7233,12.9837,8954790
2009-08-05,13.0155,13.2126,12.645,13.166,10355554
2009-08-06,13.2422,13.4027,12.6084,12.7431,12561903
2009-08-07,12.8174,13.2184,12.7064,13.0006,10701832
2009-08-10,12.8807,12.9213,12.1984,12.3847,12366278
2009-08-11,12.2767,12.3609,11.7835,11.9777,9522460
2009-08-12,11.8073,12.2133,11.8073,11.9559,13858024
2009-08-13,12.3094,12.6134,12.0073,12.6134,13270050
2009-08-14,12.645,12.645,12.046,12.348,9241128
2009-08-17,11.734,11.8449,11.4329,11.6132,9899423
2009-08-18,11.6964,12.1708,11.5607,12.1202,8631161
2009-08-19,11.7558,12.046,11.6656,11.9479,8214141
2009-08-20,11.9835,12.3847,11.8737,12.3232,7309306
2009-08-21,12.5223,12.6976,12.4321,12.5668,7942901
2009-08-24,12.8115,12.9441,12.6223,12.6778,6523292
2009-08-25,12.8115,12.8807,12.2955,12.4005,7353367
2009-08-26,12.252,12.4471,11.9143,12.0539,9698934
2009-08-27,12.0539,12.2688,11.7024,12.2302,10154268
2009-08-28,12.4391,12.7728,12.2302,12.7154,11075917
2009-08-31,12.2767,12.4619,12.1916,12.2955,11028177
2009-09-01,12.1856,12.6035,11.7687,11.8152,12996197
2009-09-02,11.7914,12.1202,11.6656,11.742,9648983
2009-09-03,11.94,12.1202,11.7558,12.0143,7450599
2009-09-04,12.1133,12.3609,11.8449,12.348,7305016
2009-09-08,12.6362,12.8471,12.5817,12.8174,10336275
2009-09-09,12.8402,13.0313,12.6362,12.8253,9098017
2009-09-10,12.7649,13.2779,12.5599,13.263,9498137
2009-09-11,13.5165,13.5314,12.5282,12.7292,17830919
2009-09-14,12.4985,12.9283,12.2955,12.8729,12265718
2009-09-15,12.5223,13.2066,12.5223,13.0561,12916598
2009-09-16,13.2184,13.5314,13.1234,13.2779,10808693
2009-09-17,13.269,13.7839,13.1492,13.1808,10813059
2009-09-18,13.2918,13.3967,12.8689,13.2561,15253395
2009-09-21,12.8807,13.1155,12.7818,13.062,6624313
2009-09-22,13.2561,13.4115,13.1412,13.1966,7711625
2009-09-23,13.1808,13.3007,12.8342,12.8619,8654742
2009-09-24,12.9145,13.0155,12.3094,12.4817,7862776
2009-09-25,12.4321,12.5668,12.149,12.3341,7188882
2009-09-28,12.2212,12.2767,11.7102,11.7914,15332191
2009-09-29,11.8509,12.0687,11.7261,11.7835,12316919
2009-09-30,11.8509,11.94,11.3329,11.3913,16623154
2009-10-01,11.4686,11.534,10.8853,10.9091,11889403
2009-10-02,10.6348,11.0289,10.1882,10.6476,11802550
2009-10-05,10.7685,11.2745,10.6804,11.1962,9569614
2009-10-06,11.4211,11.5607,11.0061,11.1468,13670583
2009-10-07,11.1764,11.4329,11.0646,11.3092,7044739
2009-10-08,11.6528,11.7182,11.3399,11.6132,8861444
2009-10-09,11.5191,11.638,11.3022,11.4894,5378245
2009-10-12,11.5756,11.7835,11.2953,11.3399,5991444
2009-10-13,11.2953,11.4973,11.1546,11.4686,6723814
2009-10-14,11.6221,11.9559,11.6221,11.8241,11258771
2009-10-15,11.63,12.0222,11.5756,11.9835,8271629
2009-10-16,11.8825,11.8825,11.3637,11.4261,11479690
2009-10-19,11.5389,11.63,11.221,11.3785,14031421
2009-10-20,11.7687,11.8241,11.1834,11.3181,17498544
2009-10-21,11.2666,11.7994,11.1962,11.4329,12002909
2009-10-22,11.4805,11.527,10.9972,11.4597,9968141
2009-10-23,11.4973,11.6132,11.0646,11.1636,6859888
2009-10-26,11.3022,11.4686,10.8487,10.9219,8198630
2009-10-27,10.8635,10.9913,10.4763,10.6536,14248979
2009-10-28,10.605,10.618,10.0178,10.1298,13128844
2009-10-29,10.4704,10.618,10.3229,10.3585,13348024
2009-10-30,10.3297,10.3813,9.72866,9.94356,15364947
2009-11-02,10.0376,10.4071,9.70787,10.0109,15198472
2009-11-03,9.81481,10.3001,9.7356,10.2614,11257597
2009-11-04,10.4149,10.6536,10.1743,10.2188,10584689
2009-11-05,10.5387,10.708,10.2704,10.708,8662695
2009-11-06,10.4843,10.8943,10.2486,10.4555,7905091
2009-11-09,10.6268,10.9765,10.612,10.8299,6942098
2009-11-10,10.7685,10.8853,10.5833,10.7922,5236124
2009-11-11,11.0378,11.2666,10.9616,11.022,8897829
2009-11-12,11.1706,11.3329,10.9171,10.9616,8827520
2009-11-13,10.9765,11.1904,10.9091,11.116,6039606
2009-11-16,11.2874,11.7024,11.2814,11.5924,10474639
2009-11-17,11.5676,12.1984,11.4805,12.1638,15217463
2009-11-18,12.252,12.4906,12.0984,12.3411,12576845
2009-11-19,12.0766,12.149,11.7687,12.0905,9313199
2009-11-20,11.9143,12.0766,11.7488,11.9925,8622111
2009-11-23,12.2212,12.5599,12.2212,12.3341,9647147
2009-11-24,12.2767,12.4075,12.038,12.348,5773606
2009-11-25,12.4321,12.6916,12.3777,12.662,6767485
2009-11-27,12.0618,12.5055,11.94,12.3549,4021145
2009-11-30,12.5817,12.645,12.3847,12.5668,11831027
2009-12-01,12.758,13.263,12.7233,12.9511,11568094
2009-12-02,12.9897,13.367,12.9699,13.2264,10157295
2009-12-03,13.3155,13.3621,12.9699,12.9897,6957949
2009-12-04,13.1808,13.4115,12.553,12.8402,11780354
2009-12-07,12.856,13.1966,12.8115,13.0006,4591545
2009-12-08,12.9213,13.1006,12.645,12.9363,7471879
2009-12-09,12.9363,13.7156,12.8976,13.6572,11573351
2009-12-10,13.5165,13.8334,13.2126,13.2848,20581314
2009-12-11,13.2848,13.5809,13.2848,13.5314,9303313
2009-12-14,13.6641,13.6938,13.3155,13.5165,7911258
2009-12-15,13.576,13.576,13.3076,13.3531,5650783
2009-12-16,13.269,13.3462,12.9145,12.9837,11551058
2009-12-17,12.8115,13.1234,12.7728,12.8174,7288780
2009-12-18,12.8729,13.062,12.6035,12.8976,21105905
2009-12-21,12.96,13.263,12.7818,13.1234,8985414
2009-12-22,13.1234,13.2422,12.8471,13.1739,4964098
2009-12-23,13.263,13.4779,13.1492,13.4541,4664495
2009-12-24,13.4541,13.6938,13.3907,13.5314,1450056
2009-12-28,13.7076,13.7384,13.3155,13.4027,5585275
2009-12-29,13.4393,13.5165,13.0937,13.2482,2649429
2009-12-30,13.1155,13.2918,12.9837,13.2482,3679083
2009-12-31,13.2918,13.3967,13.1412,13.158,2941087
2010-01-04,13.4947,13.7384,13.3967,13.5809,4971026
2010-01-05,13.6344,13.7384,13.4541,13.5027,4609058
2010-01-06,13.5245,14.5613,13.5245,14.4831,12112290
2010-01-07,14.3821,14.4673,14.192,14.3821,10406125
2010-01-08,14.6524,15.1347,14.5267,14.9921,16214068
2010-01-11,15.2,15.2,14.4445,14.5267,7629577
2010-01-12,14.2365,14.3751,13.9097,14.1702,7040563
2010-01-13,14.3484,14.3969,13.5463,13.9473,10567090
2010-01-14,13.9167,14.0444,13.4313,13.6858,10728314
2010-01-15,13.678,13.7384,13.2264,13.3759,6955900
2010-01-19,13.5591,13.6264,13.263,13.3531,6654715
2010-01-20,13.2353,13.2918,12.8115,12.9779,7482814
2010-01-21,12.9363,13.0561,12.348,12.4005,11349968
2010-01-22,12.1856,12.7966,12.0687,12.1786,11119058
2010-01-25,12.4619,12.662,12.0073,12.1064,7789623
2010-01-26,11.9043,12.3549,11.7627,11.9211,13398901
2010-01-27,11.8737,12.2212,11.5835,11.8984,8290132
2010-01-28,11.9559,12.0687,11.3537,11.5756,9800266
2010-01-29,11.6964,11.9925,11.1834,11.2745,11775963
2010-02-01,11.4211,11.9479,11.4141,11.94,6426362
2010-02-02,12.1341,12.2302,11.7558,12.149,7100497
2010-02-03,12.0222,12.2133,11.742,11.8241,7761594
2010-02-04,11.1962,11.4805,10.9219,10.9833,14082772
2010-02-05,11.0933,11.1834,10.6268,11.132,13957216
2010-02-08,11.0884,11.2874,10.7279,11.0289,15706674
2010-02-09,11.3973,11.7102,11.3478,11.4597,10813775
2010-02-10,11.4211,11.4973,11.0646,11.1834,9508634
2010-02-11,11.1962,11.7687,11.1764,11.6746,7307304
2010-02-12,11.4329,12.0222,11.325,11.8509,8183660
2010-02-16,12.141,12.4391,11.9925,12.1786,9717434
2010-02-17,12.2212,12.252,11.8905,12.046,8747774
2010-02-18,12.0073,12.4243,11.9311,12.3777,9311223
2010-02-19,12.3232,12.5956,12.252,12.4243,8588690
2010-02-22,12.5352,12.5956,12.3411,12.4757,6285515
2010-02-23,12.3282,12.4005,11.8152,11.9479,9016033
2010-02-24,12.0143,12.1916,11.8737,12.0291,6894481
2010-02-25,11.6528,11.9994,11.527,11.9559,8726679
2010-02-26,11.9559,12.149,11.7627,12.1282,6837807
2010-03-01,12.1786,12.4619,12.0687,12.3847,6011413
2010-03-02,12.4391,12.6223,12.3777,12.4906,5596317
2010-03-03,12.5599,12.9699,12.5599,12.645,7169963
2010-03-04,12.6846,12.9511,12.5668,12.758,7493533
2010-03-05,12.9363,13.1234,12.8807,13.0155,5546674
2010-03-08,13.4313,13.5096,13.166,13.3373,8370080
2010-03-09,13.2184,13.4265,12.9957,13.166,10074805
2010-03-10,13.166,13.3907,13.0392,13.2779,5396923
2010-03-11,13.0095,13.263,12.8689,13.1966,5772407
2010-03-12,13.3155,13.5463,13.1888,13.3155,6938600
2010-03-15,13.2422,13.2848,13.0392,13.2264,4245456
2010-03-16,13.3621,13.6502,13.2918,13.5245,8356908
2010-03-17,13.6057,13.6572,13.3462,13.3531,7310814
2010-03-18,13.3215,13.4631,13.0689,13.1006,5048067
2010-03-19,13.1086,13.2066,12.8115,12.9145,6470399
2010-03-22,12.758,13.0937,12.5431,13.0244,4832380
2010-03-23,13.1888,13.367,12.9145,13.367,3706594
2010-03-24,13.2561,13.2848,13.0848,13.1234,4424428
2010-03-25,13.3155,13.367,12.7064,12.7728,5117680
2010-03-26,12.7966,13.158,12.7649,12.8689,3988473
2010-03-29,12.9441,13.3215,12.9145,13.1412,4145200
2010-03-30,13.1155,13.2422,12.7728,12.9779,3916930
2010-03-31,12.8897,13.0768,12.8253,12.9779,5232395
2010-04-01,13.1155,13.2353,12.9779,13.1492,7766561
2010-04-05,13.2848,13.6858,13.2779,13.6858,5877203
2010-04-06,13.6641,14.0662,13.6344,13.8572,6158436
2010-04-07,13.8631,13.9007,13.2066,13.4027,9190417
2010-04-08,13.2561,13.367,12.9837,13.3373,5023162
2010-04-09,13.3819,13.4779,13.1362,13.3007,4184726
2010-04-12,13.3531,13.4541,13.263,13.3621,4816540
2010-04-13,13.2779,13.47,13.2066,13.2482,2806621
2010-04-14,13.4463,13.6998,13.4115,13.67,5482817
2010-04-15,13.5898,13.67,13.3007,13.367,3961824
2010-04-16,13.2561,13.3907,12.8807,13.0095,7060687
2010-04-19,12.9065,13.1234,12.6292,13.0095,10074409
2010-04-20,13.4393,13.5165,12.6223,12.653,18842896
2010-04-21,12.751,12.751,12.1708,12.3411,15865874
2010-04-22,12.2212,12.4153,11.8984,12.3847,10721841
2010-04-23,12.4075,12.4539,12.2678,12.4311,7037580
2010-04-26,12.5134,12.7154,12.3282,12.4153,9462090
2010-04-27,12.2767,12.3282,11.7994,11.8241,11291595
2010-04-28,11.9559,12.141,11.8737,11.94,8427286
2010-04-29,12.0539,12.0846,11.7766,11.9835,8247488
2010-04-30,12.0618,12.0766,11.5994,11.6746,6534102
2010-05-03,11.8311,11.8984,11.4211,11.6816,5738653
2010-05-04,11.4686,11.5053,11.0497,11.1468,12226752
2010-05-05,10.9091,11.7558,10.7685,11.4894,11445377
2010-05-06,11.4141,11.84,10.5833,11.125,11846349
2010-05-07,11.1022,11.3973,10.6408,11.0428,12110669
2010-05-10,11.6964,11.7558,11.5053,11.6746,8231977
2010-05-11,11.4894,11.6458,11.2042,11.2042,9305471
2010-05-12,11.3329,11.4508,11.221,11.3973,9597120
2010-05-13,11.6132,12.1984,11.4261,11.7914,14064215
2010-05-14,11.5607,11.6072,11.2042,11.3181,11264815
2010-05-17,11.4261,11.4329,10.7279,11.0378,11835127
2010-05-18,11.23,11.3637,10.708,10.7685,8954269
2010-05-19,10.6408,10.8427,10.4327,10.6348,12447463
2010-05-20,10.2337,10.4149,10.0258,10.0772,9160632
2010-05-21,9.88315,10.4397,9.87622,10.4071,9245259
2010-05-24,10.3981,10.708,10.2704,10.2852,6577954
2010-05-25,9.87622,10.4922,9.74451,10.4763,10314349
2010-05-26,10.721,10.8685,10.308,10.3665,8439262
2010-05-27,10.6882,11.1022,10.612,11.0933,6599914
2010-05-28,11.0804,11.1636,10.7606,10.8943,5705677
2010-06-01,10.7279,10.9765,10.2852,10.2902,6617451
2010-06-02,10.4645,10.9913,10.3981,10.9299,7401160
2010-06-03,11.0061,11.0933,10.7685,11.0151,11004381
2010-06-04,10.6408,10.9616,10.3813,10.5556,13183967
2010-06-07,10.5833,10.721,10.1158,10.4922,15021879
2010-06-08,10.5159,10.6804,10.0376,10.2704,10441615
2010-06-09,10.4486,10.6476,10.1832,10.2188,6286208
2010-06-10,10.4843,10.5466,10.3447,10.5308,8695881
2010-06-11,10.3447,10.6268,10.308,10.605,5404773
2010-06-14,10.7774,10.9171,10.6476,10.6804,3803637
2010-06-15,10.721,11.0061,10.4763,10.9379,8088202
2010-06-16,10.8071,10.8427,10.507,10.5556,7810919
2010-06-17,10.3525,10.4922,10.1574,10.3001,9202885
2010-06-18,10.2565,10.4149,10.197,10.3743,5645142
2010-06-21,10.7279,10.8685,10.3891,10.4763,10512402
2010-06-22,10.4704,10.6408,10.2337,10.2793,5135959
2010-06-23,10.3001,10.5833,10.0109,10.4763,8149289
2010-06-24,10.4209,10.4327,10.2337,10.2902,7776003
2010-06-25,10.308,10.4981,10.1574,10.4555,4506344
2010-06-28,10.3981,10.4763,10.21,10.3297,5196408
2010-06-29,10.099,10.1436,9.77917,9.83264,9254378
2010-06-30,9.85245,10.099,9.74649,9.797,5581164
2010-07-01,9.84948,9.97429,9.57021,9.75937,8347897
2010-07-02,9.79502,9.91285,9.62468,9.6742,6169065
2010-07-06,9.89108,10.2614,9.89108,10.004,7830029
2010-07-07,10.0258,10.4397,9.95247,10.4397,6721196
2010-07-08,10.5209,10.7774,10.2337,10.7526,7646176
2010-07-09,10.6962,11.0804,10.6626,10.9913,5589446
2010-07-12,10.9457,10.9457,10.6408,10.8002,6453929
2010-07-13,10.9913,11.1388,10.9091,11.022,6189857
2010-07-14,10.9833,11.125,10.814,10.9171,4994925
2010-07-15,10.8765,10.9171,10.6714,10.8765,3436432
2010-07-16,10.8209,10.9171,10.4922,10.5556,3022346
2010-07-19,10.5635,10.6962,10.3297,10.3981,6008734
2010-07-20,10.204,10.6536,10.1743,10.5972,13004487
2010-07-21,10.6962,10.9379,10.4249,10.4763,11412060
2010-07-22,10.6268,10.9021,10.605,10.8547,6135128
2010-07-23,10.7922,11.132,10.7526,11.0428,10659141
2010-07-26,11.0428,11.3092,10.9219,11.132,8620061
2010-07-27,11.2042,11.2122,10.5833,10.605,8379690
2010-07-28,10.612,10.7526,10.5209,10.6408,4825762
2010-07-29,10.713,10.9299,10.4843,10.6804,4175533
2010-07-30,10.507,10.713,10.4486,10.6348,3825753
2010-08-02,10.8209,11.0566,10.8071,10.9299,3643863
2010-08-03,10.8635,11.0497,10.8002,10.8209,3060926
2010-08-04,10.8547,11.2042,10.8547,11.1834,4096898
2010-08-05,11.0566,11.1834,11.0378,11.0933,2849766
2010-08-06,10.9695,11.3022,10.9379,11.132,3442671
2010-08-09,11.1962,11.2814,11.0061,11.1834,2712274
2010-08-10,10.9913,11.0646,10.7447,10.9547,3199247
2010-08-11,10.6714,10.6882,10.2565,10.2793,4215873
2010-08-12,10.1158,10.3743,10.0258,10.2486,3561433
2010-08-13,10.3297,10.3357,10.1366,10.1654,2305741
2010-08-16,10.1436,10.4645,10.1298,10.3447,2909022
2010-08-17,10.5209,10.8358,10.4149,10.6476,3857308
2010-08-18,10.6476,11.0061,10.5466,10.8547,4221820
2010-08-19,10.7685,11.0566,10.5635,10.7279,4388981
2010-08-20,10.5833,10.6882,10.4922,10.6476,3623537
2010-08-23,10.721,10.7279,10.3743,10.3743,2789960
2010-08-24,10.1882,10.308,10.0693,10.0852,3285367
2010-08-25,10.004,10.2565,9.80195,10.2258,4276897
2010-08-26,10.2486,10.3585,9.87622,9.90593,3406947
2010-08-27,10.0109,10.2902,9.86433,10.2704,3189685
2010-08-30,10.2406,10.308,10.0317,10.0852,2685570
2010-08-31,10.0634,10.3545,10.0396,10.1526,2985817
2010-09-01,10.3743,10.6962,10.3001,10.6626,4027765
2010-09-02,10.6714,10.7843,10.4555,10.7843,2166217
2010-09-03,10.9547,11.0715,10.8547,10.9695,2995214
2010-09-07,10.9616,11.1022,10.8209,10.8685,4669712
2010-09-08,10.9457,11.0933,10.8853,10.9091,2959048
2010-09-09,11.0646,11.1022,10.612,10.7447,4438621
2010-09-10,10.8002,10.8299,10.5466,10.5972,3829350
2010-09-13,10.8358,10.9021,10.6626,10.7922,4520836
2010-09-14,10.612,10.9695,10.5556,10.8358,7331065
2010-09-15,10.721,10.9299,10.618,10.9219,8493525
2010-09-16,10.8765,11.2874,10.8358,11.2438,8790229
2010-09-17,11.4973,11.5756,11.0715,11.1468,6999103
2010-09-20,11.1388,11.2438,10.9695,11.2122,3005414
2010-09-21,11.0566,11.1388,10.6626,10.8427,6983313
2010-09-22,10.8685,11.0378,10.6626,10.7279,3871057
2010-09-23,10.5466,10.721,10.4645,10.6408,4321392
2010-09-24,10.8071,10.9091,10.7022,10.7526,4474190
2010-09-27,10.7358,10.8071,10.605,10.6536,4963179
2010-09-28,10.6408,10.6962,10.4149,10.507,8247029
2010-09-29,10.4249,10.5754,10.3447,10.4922,8153713
2010-09-30,10.61,10.615,10.4021,10.4743,5271898
2010-10-01,10.6348,10.9379,10.5902,10.8685,8966454
2010-10-04,10.7606,10.7843,10.5684,10.612,7485132
2010-10-05,10.8071,10.8685,10.618,10.6408,9437383
2010-10-06,10.6268,10.8427,10.5684,10.6626,6617851
2010-10-07,10.7447,10.7774,10.4981,10.6408,3625189
2010-10-08,10.6714,10.9972,10.6268,10.8765,4178945
2010-10-11,10.8765,11.0497,10.7843,10.8487,3332312
2010-10-12,10.7447,11.0884,10.6536,10.9765,6594163
2010-10-13,11.0715,11.1468,10.9299,10.9616,3825571
2010-10-14,10.9616,10.9913,10.6536,10.713,5446817
2010-10-15,10.8547,10.8853,10.4486,10.6536,5500841
2010-10-18,10.6408,10.8635,10.5902,10.8071,4685619
2010-10-19,10.5902,10.6962,10.3743,10.4327,6302793
2010-10-20,10.4704,10.8209,10.4704,10.708,4955674
2010-10-21,10.7685,10.7843,10.4555,10.6536,8295276
2010-10-22,10.721,10.7774,10.5556,10.6348,3612462
2010-10-25,10.7447,10.9695,10.6408,10.8209,4758062
2010-10-26,10.6626,10.8071,10.5308,10.6962,4382175
2010-10-27,10.5833,10.7526,10.4327,10.7358,4716004
2010-10-28,10.7685,10.8765,10.6476,10.7279,4667926
2010-10-29,10.6684,10.9339,10.6684,10.8011,5278507
2010-11-01,10.8853,11.0289,10.7774,10.8853,4516767
2010-11-02,11.0378,11.3022,11.022,11.1764,6376334
2010-11-03,11.2042,11.3329,10.9972,11.3181,5499717
2010-11-04,11.5142,11.7835,11.4261,11.6816,6601597
2010-11-05,11.7914,11.9637,11.6072,11.8311,5979102
2010-11-08,11.7558,11.9043,11.4973,11.8449,5216133
2010-11-09,11.9043,11.9777,11.5538,11.638,5760305
2010-11-10,11.5835,11.84,11.4141,11.84,5534515
2010-11-11,11.7182,12.0687,11.6746,12.046,6667397
2010-11-12,11.8984,11.9559,11.7102,11.8073,4135730
2010-11-15,11.9143,11.9211,11.7024,11.742,4221802
2010-11-16,11.5994,11.6528,11.4141,11.5538,6686501
2010-11-17,11.5389,11.9043,11.4419,11.4894,7088438
2010-11-18,11.638,11.8984,11.638,11.7687,3699769
2010-11-19,11.7627,11.9925,11.63,11.9211,3185110
2010-11-22,11.7914,11.9994,11.6221,11.9311,5140550
2010-11-23,11.734,11.8449,11.6656,11.734,4184110
2010-11-24,11.8073,11.9697,11.638,11.7024,4634231
2010-11-26,11.5994,11.7627,11.5191,11.7182,1715505
2010-11-29,11.6132,11.7687,11.4053,11.734,4527938
2010-11-30,11.5944,11.9757,11.535,11.8549,5422774
2010-12-01,12.0143,12.2133,11.9777,12.149,4331680
2010-12-02,12.141,12.3688,12.0984,12.252,7028198
2010-12-03,12.2212,12.3153,12.1064,12.2371,5792838
2010-12-06,12.1856,12.5599,12.1786,12.3847,6520195
2010-12-07,12.5876,12.7362,12.3925,12.4243,6552931
2010-12-08,12.4757,12.7362,12.3777,12.3925,6479171
2010-12-09,12.5134,12.6846,12.3153,12.4391,6158398
2010-12-10,12.4817,12.5431,12.3024,12.4005,4000585
2010-12-13,12.6362,12.7233,12.5282,12.5599,5350075
2010-12-14,12.6084,12.6976,12.5055,12.6698,4403303
2010-12-15,12.6362,12.7649,12.5728,12.662,5042653
2010-12-16,12.5876,13.3621,12.4817,13.0937,8495566
2010-12-17,13.0768,13.5165,13.0471,13.4313,11619829
2010-12-20,13.4869,13.6116,13.2561,13.3967,5515494
2010-12-21,13.3967,13.5393,13.2561,13.5314,4634079
2010-12-22,13.5393,13.678,13.4463,13.5809,2730557
2010-12-23,13.6057,13.6572,13.4947,13.5393,2318794
2010-12-27,13.5245,13.5314,13.3531,13.4463,1640009
2010-12-28,13.4313,13.5809,13.4027,13.4463,1543793
2010-12-29,13.4323,13.7028,13.3462,13.6374,2782399
2010-12-30,13.5908,13.8394,13.5908,13.683,2985897
2010-12-31,13.6532,13.6918,13.5473,13.5908,3123628
2011-01-03,13.6938,13.8939,13.67,13.778,4809427
2011-01-04,13.778,13.9255,13.3819,13.67,5105813
2011-01-05,13.576,13.9701,13.5393,13.8493,4407377
2011-01-06,13.878,14.1702,13.7839,13.9819,8003256
2011-01-07,13.9819,14.3672,13.8572,13.9394,8649721
2011-01-10,13.8196,13.9473,13.7453,13.8037,5557177
2011-01-11,13.8493,14.0662,13.8493,14.0444,3666482
2011-01-12,14.2186,14.281,14.0285,14.1018,4858625
2011-01-13,14.0731,14.2276,13.7978,13.8493,3790851
2011-01-14,13.8493,13.9325,13.4463,13.5463,6224883
2011-01-18,13.6057,13.771,13.5809,13.7631,6925800
2011-01-19,13.7384,13.7631,13.0768,13.1234,5187683
2011-01-20,12.96,13.3215,12.9511,13.3215,6323448
2011-01-21,13.3759,13.6196,13.0689,13.158,5240553
2011-01-24,13.2353,13.5542,12.8689,13.4265,8233300
2011-01-25,13.4541,13.6264,13.2126,13.6057,4585648
2011-01-26,13.6264,14.177,13.6196,14.1315,7327622
2011-01-27,14.183,14.183,13.568,13.7631,4419535
2011-01-28,13.8572,13.9473,13.3462,13.4313,5171712
2011-01-31,13.4859,13.6225,13.3641,13.5165,7453848
2011-02-01,13.5591,13.878,13.5027,13.8334,7692443
2011-02-02,13.8196,14.078,13.7384,14.0365,5824120
2011-02-03,14.0444,14.0939,13.8116,14.0503,5264677
2011-02-04,14.0939,14.2573,13.8196,14.0731,6428304
2011-02-07,14.1166,14.2979,14.0939,14.1702,4808845
2011-02-08,14.2573,14.2979,13.9473,14.087,2851955
2011-02-09,13.9751,14.1107,13.8334,13.9394,4914837
2011-02-10,13.8631,14.1107,13.778,14.0127,4253314
2011-02-11,13.9394,13.9879,13.7314,13.9751,3882654
2011-02-14,14.0503,14.5534,13.9751,14.4445,5717822
2011-02-15,14.5395,14.7702,14.4039,14.4751,4235525
2011-02-16,14.6464,15.0505,14.6286,15.0228,8149541
2011-02-18,15.2822,15.3694,14.9485,15.0149,3592798
2011-02-22,14.8148,14.8911,14.0939,14.1018,7019213
2011-02-23,14.1642,14.281,13.4779,13.7631,5724375
2011-02-24,13.7542,14.183,13.5958,13.7631,8122606
2011-02-25,13.9007,13.9325,13.6196,13.678,3620187
2011-02-28,13.8255,13.9701,13.5908,13.7028,3757397
2011-03-01,13.7899,13.8404,13.1928,13.2382,4789911
2011-03-02,13.1928,13.8325,13.1858,13.3423,7625764
2011-03-03,13.5067,13.8027,13.2967,13.7839,4558789
2011-03-04,13.7156,13.8275,13.4869,13.7236,3358960
2011-03-07,13.7978,13.8037,13.3284,13.4393,6103182
2011-03-08,13.5542,13.6938,13.3007,13.5165,4004319
2011-03-09,13.4265,13.5245,12.9957,13.4779,7053770
2011-03-10,13.2512,13.4997,12.9095,13.2512,7196030
2011-03-11,13.365,13.9473,13.365,13.777,5394786
2011-03-14,13.6998,14.0444,13.5898,13.8196,5929455
2011-03-15,13.3907,13.7076,13.0392,13.576,6231516
2011-03-16,13.5314,13.7314,13.158,13.2184,7971868
2011-03-17,13.4839,13.6176,13.3789,13.4997,5009246
2011-03-18,13.676,13.7384,13.2234,13.4373,9887222
2011-03-21,13.6404,13.6552,13.3947,13.5067,4219125
2011-03-22,13.4373,13.5878,13.3264,13.4433,2384209
2011-03-23,13.4611,13.9819,13.3947,13.7532,3703252
2011-03-24,13.878,14.0285,13.5799,13.9879,5059955
2011-03-25,14.0375,14.4068,13.9553,14.1414,6661313
2011-03-28,14.1117,14.2999,13.8572,13.9255,5022437
2011-03-29,13.9255,14.3286,13.7839,14.2999,4077371
2011-03-30,14.3989,14.4771,14.1494,14.3573,5478669
2011-03-31,14.3058,14.3563,13.9949,14.0117,4140672
2011-04-01,14.0602,14.2592,13.9553,14.0731,2983611
2011-04-04,14.1325,14.4385,14.1256,14.3692,4804973
2011-04-05,14.3692,14.798,14.2454,14.6336,4940028
2011-04-06,14.694,14.8128,14.4861,14.5217,5011267
2011-04-07,14.4861,14.5791,14.2296,14.3345,4410231
2011-04-08,14.4633,14.4633,13.9255,13.9819,2843971
2011-04-11,14.0513,14.1176,13.574,13.7532,3787327
2011-04-12,13.5878,13.668,13.4521,13.5938,3992398
2011-04-13,13.6978,13.7622,13.3868,13.5512,2825643
2011-04-14,13.5145,13.6631,13.3502,13.3868,3375301
2011-04-15,13.4086,13.4294,13.2016,13.2739,5749463
2011-04-18,13.1105,13.1531,12.759,13.0343,8690520
2011-04-19,13.574,13.9007,13.3789,13.7839,8490631
2011-04-20,14.0375,14.0453,13.6552,13.7968,4070533
2011-04-21,13.9641,13.9711,13.7443,13.8483,2867231
2011-04-25,13.9007,13.9711,13.7236,13.7899,2937443
2011-04-26,13.878,14.1582,13.7384,14.0602,5301352
2011-04-27,14.1414,14.1494,13.668,13.8939,4203123
2011-04-28,13.8869,13.9959,13.5067,13.574,9424796
2011-04-29,13.5839,13.6304,13.3789,13.576,6238178
2011-05-02,13.6106,13.6245,13.3423,13.4225,3157997
2011-05-03,13.365,13.4839,13.1254,13.265,4415152
2011-05-04,13.265,13.265,12.8491,12.9629,3595021
2011-05-05,12.8134,13.059,12.7292,12.7976,3523017
2011-05-06,12.9392,13.0026,12.5352,12.6035,6013210
2011-05-09,12.645,12.7669,12.4757,12.7292,5440781
2011-05-10,12.8491,12.8749,12.6084,12.8273,4956104
2011-05-11,12.759,12.8194,12.6708,12.759,6620183
2011-05-12,12.6144,13.065,12.6144,13.0263,6177385
2011-05-13,12.9541,13.0115,12.8273,12.9541,6995142
2011-05-16,12.858,13.161,12.6778,12.7074,6864037
2011-05-17,12.6926,12.9155,12.5886,12.7827,4326976
2011-05-18,12.7827,12.9629,12.6292,12.9095,5745605
2011-05-19,12.9155,12.9629,12.5728,12.7669,3810205
2011-05-20,12.6778,12.759,12.5599,12.5886,4049920
2011-05-23,12.4311,12.4906,12.3223,12.3837,2740961
2011-05-24,12.3915,12.6926,12.3688,12.3915,3733712
2011-05-25,12.3153,12.5728,12.2846,12.5045,2739784
2011-05-26,12.4471,12.553,12.3767,12.5352,3737032
2011-05-27,12.5282,12.8065,12.5282,12.7074,5456345
2011-05-31,12.8451,12.9373,12.5352,12.7708,4080432
2011-06-01,12.759,12.7827,12.3005,12.3331,6709299
2011-06-02,12.3331,12.6292,12.3331,12.4539,4342451
2011-06-03,12.2678,12.4679,12.2282,12.3005,4543950
2011-06-06,12.2589,12.4311,12.1331,12.1766,3671163
2011-06-07,12.246,12.3183,12.1133,12.1212,3222726
2011-06-08,12.0766,12.1926,11.9469,12.0984,6223710
2011-06-09,12.1064,12.2232,11.9677,12.149,3780156
2011-06-10,12.1341,12.3371,11.9905,12.0133,3734940
2011-06-13,12.0886,12.0886,11.6696,11.7726,3048144
2011-06-14,11.9241,12.1331,11.8261,12.043,5682085
2011-06-15,11.9806,12.1836,11.8261,11.9103,4747472
2011-06-16,11.8429,11.9023,11.3082,11.4597,7154079
2011-06-17,11.3082,11.5538,11.0527,11.2478,10937699
2011-06-20,11.1804,11.4597,11.1418,11.3825,4594225
2011-06-21,11.4973,11.7954,11.4261,11.7459,5465956
2011-06-22,11.7212,11.9549,11.6488,11.7954,3502027
2011-06-23,11.631,11.8113,11.4815,11.7954,4987294
2011-06-24,11.8202,11.9023,11.6092,11.6924,6908820
2011-06-27,11.7053,11.8113,11.5409,11.7212,3016925
2011-06-28,11.8202,11.9617,11.7598,11.9549,2532338
2011-06-29,12.0984,12.3876,12.0846,12.2708,7323261
2011-06-30,12.2806,12.347,12.1182,12.2074,4596033
2011-07-01,12.2232,12.3509,12.0291,12.3292,3032349
2011-07-05,12.3044,12.3183,12.1341,12.1994,2938376
2011-07-06,12.149,12.2312,12.0608,12.2084,2778989
2011-07-07,12.3509,12.4193,12.2312,12.3509,2787782
2011-07-08,12.1856,12.246,12.0766,12.1926,2761659
2011-07-11,12.0539,12.0539,11.8271,11.9677,3982622
2011-07-12,11.9251,12.0984,11.8558,11.9757,4256817
2011-07-13,12.0766,12.2886,11.9617,12.0291,2886396
2011-07-14,12.0905,12.1064,11.6618,11.7528,4145724
2011-07-15,11.8271,11.8875,11.6984,11.8202,3723709
2011-07-18,11.7875,11.8202,11.535,11.5934,3299330
2011-07-19,12.0133,12.1648,11.8113,12.1282,11202335
2011-07-20,12.1568,12.2084,11.9549,11.9826,3592993
2011-07-21,12.1212,12.3965,12.0608,12.3727,3904470
2011-07-22,12.3876,12.4361,12.2539,12.4283,2138695
2011-07-25,12.3727,12.3876,12.2084,12.2797,2887744
2011-07-26,12.1916,12.2143,11.8598,11.8835,5431975
2011-07-27,11.8489,11.9994,11.5934,11.6013,4871653
2011-07-28,11.5934,11.8489,11.5053,11.64,4383455
2011-07-29,11.4745,11.8449,11.3666,11.741,3937281
2011-08-01,11.8965,11.9757,11.5478,11.738,4990949
2011-08-02,11.6172,11.84,11.3953,11.3953,6573549
2011-08-03,11.4131,11.5053,10.9181,11.2339,4802870
2011-08-04,11.0319,11.0903,10.3595,10.3921,6321030
2011-08-05,9.9495,10.6606,9.80393,10.1574,7768218
2011-08-08,9.70985,9.84552,9.12736,9.12736,8070997
2011-08-09,9.35829,9.57715,8.89741,9.5514,8101816
2011-08-10,9.3277,9.5514,8.97792,9.20381,8035649
2011-08-11,9.29729,9.62567,9.01773,9.51476,6936930
2011-08-12,9.66231,9.77521,9.47515,9.52962,6072733
2011-08-15,9.62567,9.80393,9.60191,9.797,2380798
2011-08-16,9.65439,9.70985,9.39048,9.41474,4979377
2011-08-17,9.48307,9.64152,9.43058,9.4702,3280308
2011-08-18,9.19648,9.23382,8.75342,8.83651,4657072
2011-08-19,8.70203,9.03942,8.56358,8.57962,2668928
2011-08-22,8.83651,8.97792,8.40602,8.45405,4001766
2011-08-23,8.49861,8.79115,8.38592,8.76728,3525926
2011-08-24,8.64885,8.79115,8.40602,8.70737,6095012
2011-08-25,8.77462,8.88048,8.39909,8.48426,3720082
2011-08-26,8.39909,8.97,8.2858,8.95515,4393241
2011-08-29,9.1743,9.60785,9.05367,9.55536,4261762
2011-08-30,9.49,9.64152,9.33958,9.56229,3133358
2011-08-31,9.50485,9.76431,9.3875,9.56229,7699783
2011-09-01,9.51476,9.65043,9.28046,9.28937,3641813
2011-09-02,9.09299,9.09299,8.81779,8.88602,2195304
2011-09-06,8.61448,8.7047,8.38751,8.63072,3072079
2011-09-07,8.74995,9.09299,8.74243,9.00842,5953792
2011-09-08,8.95415,8.99406,8.66994,8.74243,4060636
2011-09-09,8.66083,8.66083,8.37256,8.47178,5063862
2011-09-12,8.31808,8.52882,8.16628,8.39909,4051802
2011-09-13,8.34829,8.79115,8.34135,8.6737,7277306
2011-09-14,8.75342,9.08438,8.56358,8.92424,7204507
2011-09-15,9.02426,9.42266,9.02426,9.33374,5927557
2011-09-16,9.34156,9.368,9.03199,9.17528,7992819
2011-09-19,8.97,9.15023,8.78362,9.03199,4974912
2011-09-20,9.15895,9.22034,8.827,8.827,4345005
2011-09-21,8.80481,8.86562,8.43959,8.45663,5361361
2011-09-22,8.13735,8.27372,7.58329,7.72698,11742702
2011-09-23,7.71222,8.13735,7.6741,7.81888,6669150
2011-09-26,7.88611,8.09873,7.58329,8.08378,4513076
2011-09-27,8.32769,8.57506,8.13033,8.21292,5517719
2011-09-28,8.22797,8.28669,7.66647,7.71222,3710799
2011-09-29,7.92444,8.04427,7.60586,7.82611,4950542
2011-09-30,7.70014,7.76184,7.51604,7.52387,6345840
2011-10-03,7.49238,7.6132,7.07527,7.08259,6408946
2011-10-04,6.97653,7.71955,6.65815,7.68935,11166795
2011-10-05,7.73491,8.24441,7.59834,8.20499,8590624
2011-10-06,8.21985,8.39553,8.06824,8.30244,4958605
2011-10-07,8.36582,8.39553,7.76481,7.86434,3628622
2011-10-10,8.0607,8.27956,8.04427,8.25906,3572923
2011-10-11,8.15865,8.358,8.05279,8.24441,4183032
2011-10-12,8.34235,8.7047,8.34235,8.53863,3579576
2011-10-13,8.41494,8.55902,8.1741,8.50981,2568358
2011-10-14,8.64499,8.79659,8.46455,8.66083,3269369
2011-10-17,8.68648,8.71183,8.13735,8.24441,4279220
2011-10-18,8.23569,8.77274,8.16628,8.72579,7369524
2011-10-19,8.7047,8.74243,8.46455,8.49485,6483593
2011-10-20,8.50218,8.97,8.46455,8.90375,12141177
2011-10-21,9.09299,9.19163,8.86562,9.10815,6412117
2011-10-24,9.19163,9.55437,9.19163,9.46623,5317473
2011-10-25,9.40236,9.40979,9.00842,9.14449,5685582
2011-10-26,9.2756,9.49396,8.96277,9.46623,4377204
2011-10-27,9.8366,10.199,9.76729,10.0624,7879201
2011-10-28,10.0693,10.3515,9.88711,10.3139,6982496
2011-10-31,10.0862,10.1238,9.46425,9.47218,6776327
2011-11-01,9.14449,9.38464,8.80481,9.20579,7481220
2011-11-02,9.40236,9.64052,9.22034,9.56725,5800187
2011-11-03,9.7247,10.0456,9.47911,9.87225,6446014
2011-11-04,9.74252,10.2981,9.74252,10.2228,5949560
2011-11-07,10.208,10.4327,9.90295,10.2535,4462483
2011-11-08,10.1852,10.5417,10.1772,10.3813,4109733
2011-11-09,10.0535,10.1456,9.72966,9.81779,5131972
2011-11-10,9.99609,10.1238,9.75243,9.92573,4498827
2011-11-11,10.0178,10.3981,10.0178,10.2298,3266528
2011-11-14,10.0931,10.3585,10.0931,10.3437,3243357
2011-11-15,10.2535,10.4655,10.101,10.3288,3943256
2011-11-16,10.2139,10.4496,10.0931,10.1396,4241269
2011-11-17,10.1396,10.2535,9.59101,9.69004,7066260
2011-11-18,9.80393,9.86037,9.40236,9.51079,6459906
2011-11-21,9.11597,9.38464,9.03942,9.26788,4134965
2011-11-22,9.24362,9.34156,9.04705,9.1839,3244944
2011-11-23,9.10815,9.10815,8.7047,8.71836,4045230
2011-11-25,8.7047,8.84393,8.5921,8.5921,1449827
2011-11-28,8.95415,9.32968,8.95415,9.20579,5980147
2011-11-29,9.19163,9.34156,9.03942,9.15023,2972307
2011-11-30,9.60587,10.109,9.47812,9.9941,7689208
2011-12-01,9.9733,10.101,9.82769,10.003,4283318
2011-12-02,10.1318,10.3981,10.0248,10.1852,4306846
2011-12-05,10.4071,10.5417,10.0624,10.2882,5589029
2011-12-06,10.2773,10.3911,10.0317,10.2466,3723350
2011-12-07,10.1526,10.2981,9.9723,10.2308,3220287
2011-12-08,10.1,10.1456,9.6435,9.67915,4261546
2011-12-09,9.74252,10.1,9.69598,10.0446,3271923
2011-12-12,9.86631,9.90295,9.54942,9.68212,3055240
2011-12-13,9.78115,9.92573,9.34839,9.44247,4535432
2011-12-14,9.49396,9.51971,9.15023,9.26005,3772098
2011-12-15,9.37671,9.44247,9.19163,9.36027,2935743
2011-12-16,9.16746,9.72074,9.15023,9.48208,7418587
2011-12-19,9.52764,9.61478,9.09299,9.12834,2937619
2011-12-20,9.3367,9.80789,9.3367,9.70391,3986925
2011-12-21,9.65241,9.80789,9.51377,9.77818,2627580
2011-12-22,9.85047,10.0772,9.75045,9.9723,2528760
2011-12-23,10.0168,10.1852,9.90889,10.1238,1890771
2011-12-27,10.0772,10.2308,10.0614,10.1396,1457585
2011-12-28,10.1614,10.2,9.90889,10.002,2775152
2011-12-29,10.0366,10.1238,9.9941,10.0693,2856364
2011-12-30,10.0535,10.1782,10.0366,10.0446,1667004
2012-01-03,10.307,10.7813,10.2595,10.718,4278470
2012-01-04,10.8774,11.1388,10.7408,11.0626,7424437
2012-01-05,11.0111,11.0477,10.7645,11.0022,3518393
2012-01-06,11.0339,11.1082,10.8061,11.0547,3316629
2012-01-09,11.0864,11.1844,10.9635,11.0339,3138823
2012-01-10,11.224,11.4617,11.132,11.1764,5709996
2012-01-11,11.1844,11.4617,11.0864,11.4271,3199265
2012-01-12,11.4617,11.4617,11.1914,11.3983,3764036
2012-01-13,11.1764,11.3389,10.8358,10.9784,4143623
2012-01-17,11.2636,11.3785,11.125,11.2547,2551432
2012-01-18,11.2706,11.637,11.1914,11.5894,4624179
2012-01-19,11.629,11.6528,11.4617,11.4993,3078914
2012-01-20,11.4716,11.637,11.4151,11.5736,3385859
2012-01-23,11.6458,11.9945,11.5647,11.7112,3915770
2012-01-24,11.5647,11.8281,11.4221,11.8123,4525917
2012-01-25,12.2074,12.4619,11.8815,12.2312,9243709
2012-01-26,12.3678,12.5243,12.0093,12.14,4976125
2012-01-27,12.0727,12.347,11.9211,12.3123,3307836
2012-01-30,12.0568,12.3252,11.9211,12.2074,3014461
2012-01-31,12.3193,12.4559,11.8004,12.1846,6349944
2012-02-01,12.3252,12.5916,12.2232,12.4233,4008288
2012-02-02,12.2232,12.4471,12.0509,12.1708,5526734
2012-02-03,12.4233,12.7292,12.3311,12.5916,6292392
2012-02-06,12.4827,12.5916,12.239,12.4619,3482891
2012-02-07,12.3995,12.5005,12.2232,12.3123,4263111
2012-02-08,12.3747,12.4311,12.0727,12.1331,4106225
2012-02-09,12.2549,12.3391,11.9717,12.2628,4271182
2012-02-10,12.0648,12.1182,11.7449,11.8123,3760575
2012-02-13,11.7112,11.8489,11.4924,11.6528,5232441
2012-02-14,11.6122,11.6122,11.3231,11.4765,4675445
2012-02-15,11.5894,11.5894,11.2933,11.4527,4059073
2012-02-16,11.4349,11.8033,11.4053,11.7954,5180344
2012-02-17,11.8489,11.9043,11.5815,11.6974,2480487
2012-02-21,11.7865,12.0954,11.7518,11.837,4330500
2012-02-22,11.7212,11.9133,11.0547,11.116,10798980
2012-02-23,11.1556,11.3309,10.9239,11.2458,3305791
2012-02-24,11.2636,11.4349,11.1764,11.2933,2737781
2012-02-27,11.232,11.3983,11.0339,11.3537,3849896
2012-02-28,11.3785,11.5369,11.1992,11.5231,4780059
2012-02-29,11.527,11.6588,11.2062,11.3161,4904400
2012-03-01,11.3983,11.6212,11.3231,11.4527,4706905
2012-03-02,11.4073,11.6854,11.3845,11.4953,3270155
2012-03-05,11.4439,11.4527,11.0408,11.1388,3290105
2012-03-06,10.8843,10.9784,10.6229,10.7873,4156012
2012-03-07,10.7794,10.8517,10.5784,10.7536,3124000
2012-03-08,10.8517,10.9705,10.6378,10.7615,4422364
2012-03-09,10.7615,11.115,10.708,10.9625,2521906
2012-03-12,10.9635,11.1556,10.8061,10.819,2231445
2012-03-13,10.919,11.2844,10.8635,11.2706,4395526
2012-03-14,11.2398,11.5508,11.0864,11.3389,4711963
2012-03-15,11.3082,11.4617,11.1844,11.2458,4580070
2012-03-16,11.1082,11.6488,11.0923,11.4865,7047025
2012-03-19,11.6528,12.0568,11.4993,11.837,6722373
2012-03-20,11.732,11.732,11.2844,11.6628,4810150
2012-03-21,11.6696,11.732,11.3845,11.4161,3507448
2012-03-22,11.1082,11.2329,10.8259,10.9171,4531803
2012-03-23,10.8933,11.2161,10.8407,11.2062,3847993
2012-03-26,11.3013,11.3845,11.124,11.2706,3016177
2012-03-27,11.2785,11.3845,11.1468,11.1764,2217595
2012-03-28,11.1388,11.1764,10.8041,11.0774,3277135
2012-03-29,10.9705,11.2398,10.8339,11.1914,2613329
2012-03-30,11.3637,11.3993,11.1556,11.1844,3575490
2012-04-02,11.2062,11.631,11.1716,11.429,4478314
2012-04-03,11.4369,11.4369,11.115,11.2706,2880532
2012-04-04,11.1002,11.124,10.9011,11.0329,2468252
2012-04-05,10.9705,11.1082,10.6606,10.721,2176552
2012-04-09,10.5407,10.6456,10.4119,10.4694,4038466
2012-04-10,10.4843,10.609,10.2159,10.2694,3603037
2012-04-11,10.4535,10.5862,10.3387,10.3773,2300468
2012-04-12,10.4249,10.9557,10.4249,10.9011,2464725
2012-04-13,10.8843,10.8843,10.5229,10.5486,2984667
2012-04-16,10.7467,10.8041,10.4189,10.5407,3163719
2012-04-17,10.6456,10.8745,10.6021,10.6794,2740756
2012-04-18,10.6229,10.7873,10.5942,10.6794,2984587
2012-04-19,10.3387,10.6872,10.0535,10.0931,6571707
2012-04-20,10.1238,10.1614,9.91483,9.91483,3991947
2012-04-23,9.74054,9.84948,9.58408,9.84948,3331271
2012-04-24,9.82274,9.97818,9.64152,9.82274,3355815
2012-04-25,9.97818,10.0862,9.77125,9.79204,4722490
2012-04-26,9.71083,10.101,9.66231,10.0862,3624333
2012-04-27,10.1862,10.1941,9.90791,10.0158,2747187
2012-04-30,9.97131,9.9941,9.7554,9.83264,8381742
2012-05-01,9.81283,10.0614,9.80689,9.86829,2632888
2012-05-02,9.79204,9.83264,9.6841,9.79996,2218086
2012-05-03,9.79204,9.87721,9.64152,9.70193,2636945
2012-05-04,9.61577,9.6841,9.31017,9.34542,3233448
2012-05-07,9.27946,9.36413,9.13686,9.18588,4003672
2012-05-08,9.09398,9.13686,8.90087,9.10161,3499416
2012-05-09,8.95327,9.25609,8.89375,9.17806,5236003
2012-05-10,9.31017,9.39939,9.072,9.16944,3614163
2012-05-11,9.04705,9.33858,9.04705,9.11696,2275577
2012-05-14,9.00069,9.21549,8.93831,9.14538,3433919
2012-05-15,9.11696,9.16073,8.74609,8.7856,4865969
2012-05-16,8.82364,9.01674,8.37067,8.40701,7684080
2012-05-17,8.39909,8.52338,8.18449,8.20836,3147034
2012-05-18,8.2558,8.30759,8.00902,8.02338,3803132
2012-05-21,8.07754,8.3164,8.05358,8.28333,2700839
2012-05-22,8.3164,8.39909,8.13329,8.19291,4403716
2012-05-23,8.12518,8.26273,7.91544,8.23153,5249103
2012-05-24,8.3164,8.3164,8.00149,8.13329,4991349
2012-05-25,8.14657,8.30759,8.10804,8.19965,3088604
2012-05-29,8.33264,8.44683,8.16875,8.37859,2814175
2012-05-30,8.24699,8.2763,8.07754,8.14657,3816727
2012-05-31,8.16132,8.18449,7.93127,8.10804,4745767
2012-06-01,7.88493,8.08527,7.8163,8.00902,5290597
2012-06-04,8.00902,8.24699,7.91544,8.24005,6447264
2012-06-05,8.17242,8.28045,8.03951,8.1431,4471237
2012-06-06,8.2665,8.59843,8.25055,8.50842,3255637
2012-06-07,8.66271,8.91712,8.49931,8.50842,6191392
2012-06-08,8.42732,8.5215,8.29521,8.47703,3259013
2012-06-11,8.55992,8.6325,8.06259,8.06982,4052798
2012-06-12,8.10042,8.20836,7.92365,8.00902,6529830
2012-06-13,7.95524,8.16875,7.77719,8.09289,5866445
2012-06-14,8.07754,8.19965,7.97772,8.13993,3347785
2012-06-15,8.15617,8.49247,8.14934,8.47703,4440670
2012-06-18,8.29095,8.70737,8.29095,8.59943,6160251
2012-06-19,8.65449,9.34344,8.65449,9.26005,8754983
2012-06-20,9.26005,9.3367,9.12736,9.25223,4071690
2012-06-21,9.24362,9.25223,8.66271,8.68004,4955009
2012-06-22,8.72946,8.82442,8.57506,8.60626,5334496
2012-06-25,8.4183,8.52961,8.36086,8.4702,2438155
2012-06-26,8.48426,8.81036,8.45227,8.73767,3292963
2012-06-27,8.76906,8.8787,8.58329,8.81779,2974489
2012-06-28,8.70737,8.92326,8.63815,8.89444,3804453
2012-06-29,9.18192,9.18192,8.99595,9.09685,3842908
2012-07-02,9.11973,9.3885,8.98664,9.3885,5516431
2012-07-03,9.39741,9.82472,9.38068,9.73262,3520260
2012-07-05,9.68509,9.95049,9.59101,9.7861,4190679
2012-07-06,9.65439,9.85938,9.56625,9.79402,4697565
2012-07-09,9.68509,9.79402,9.48406,9.55933,4619500
2012-07-10,9.64152,9.7861,9.38068,9.52664,5923424
2012-07-11,9.55437,9.59993,9.3885,9.45435,4551969
2012-07-12,9.42167,9.4385,9.11201,9.35533,4153886
2012-07-13,9.47713,9.74154,9.44544,9.71183,2981637
2012-07-16,9.71183,9.72569,9.48406,9.62369,2249242
2012-07-17,9.71183,9.76333,9.50881,9.58408,3285991
2012-07-18,9.53258,9.81581,9.47713,9.66231,3377006
2012-07-19,9.73262,9.88711,9.694,9.7861,3557254
2012-07-20,9.89504,9.89504,9.57517,9.64944,4020263
2012-07-23,9.35533,9.59993,9.31601,9.48406,3359485
2012-07-24,9.48406,9.67717,9.14162,9.28342,6471447
2012-07-25,9.26887,9.4385,8.94851,8.99595,4291163
2012-07-26,9.1734,9.39741,9.07586,9.35037,3757686
2012-07-27,9.44544,9.87127,9.33176,9.80789,4583742
2012-07-30,9.77818,9.99012,9.68509,9.85938,4316538
2012-07-31,9.88018,10.1148,9.85938,10.0059,5484672
2012-08-01,10.0743,10.1584,9.85047,9.97429,4061780
2012-08-02,9.83462,10.0129,9.45435,9.60587,4396936
2012-08-03,9.84452,10.0495,9.74946,9.88018,3552221
2012-08-06,9.91781,10.2674,9.88711,10.1752,4135080
2012-08-07,10.2595,10.3525,10.1356,10.1902,3486108
2012-08-08,10.0743,10.3297,10.0743,10.2387,3402197
2012-08-09,10.207,10.4367,10.1584,10.3763,2618101
2012-08-10,10.2773,10.4635,10.198,10.4367,1975396
2012-08-13,10.4535,10.4535,10.0198,10.1356,3527360
2012-08-14,10.2832,10.3466,10.0337,10.0743,2003516
2012-08-15,10.0654,10.1664,9.91781,10.1506,2640424
2012-08-16,10.1842,10.2981,10.0654,10.1584,3192158
2012-08-17,10.1584,10.3159,10.1406,10.2832,3708804
2012-08-20,10.2773,10.3595,10.1218,10.2456,3367872
2012-08-21,10.307,10.5169,10.2595,10.2981,3202157
2012-08-22,10.2387,10.2674,10.0129,10.1356,3137409
2012-08-23,9.80195,10.0822,9.54843,9.56625,4635129
2012-08-24,9.55437,9.70193,9.35037,9.6326,4257064
2012-08-27,9.64152,9.694,9.48406,9.58408,2338494
2012-08-28,9.5405,9.64152,9.44544,9.5405,2052578
2012-08-29,9.55437,9.64944,9.43058,9.50881,1936738
2012-08-30,9.40533,9.46227,9.30125,9.39741,2312074
2012-08-31,9.46227,9.59101,9.3885,9.48406,3869388
2012-09-04,9.50881,9.64944,9.11973,9.18192,5139906
2012-09-05,9.19737,9.2756,9.04239,9.07586,3424788
2012-09-06,9.15597,9.36315,9.07586,9.26887,4168660
2012-09-07,9.36315,9.66925,9.33176,9.55933,4170608
2012-09-10,9.66231,9.73262,9.48406,9.51773,4352669
2012-09-11,9.54843,9.74154,9.52664,9.53258,2992229
2012-09-12,9.46227,9.59993,9.13201,9.15597,8007546
2012-09-13,9.14162,9.66231,9.08913,9.62369,5456743
2012-09-14,9.694,10.1436,9.66925,10.098,5961537
2012-09-17,9.99699,9.99699,9.58408,9.6326,3353438
2012-09-18,9.31601,9.4494,9.1734,9.34344,5319346
2012-09-19,9.34344,9.44544,9.28046,9.40533,5686148
2012-09-20,9.28342,9.46227,9.1734,9.40533,2875703
2012-09-21,9.46227,9.51773,9.22708,9.24362,3347148
2012-09-24,9.15597,9.2756,9.0826,9.23976,3993557
2012-09-25,9.2756,9.29254,8.76075,8.76906,5761885
2012-09-26,8.77718,8.95693,8.60448,8.84195,3551458
2012-09-27,8.91226,8.93276,8.71371,8.89642,3599235
2012-09-28,8.85869,8.87116,8.73678,8.80215,2295345
2012-10-01,8.91226,8.98089,8.78659,8.84195,4248315
2012-10-02,8.94207,8.97198,8.75421,8.84195,2794717
2012-10-03,8.83254,8.87116,8.70005,8.80215,3550619
2012-10-04,8.86463,9.24837,8.85027,9.18588,4777633
2012-10-05,9.06121,9.3474,9.06121,9.32868,4099782
2012-10-08,9.21638,9.66231,9.16944,9.61478,4272514
2012-10-09,9.65439,9.86037,9.51674,9.64944,4279746
2012-10-10,9.66925,9.74252,9.42068,9.47515,3156327
2012-10-11,9.53952,9.80293,9.5316,9.694,3084875
2012-10-12,9.66231,9.73362,9.368,9.47515,3381312
2012-10-15,9.48307,9.71183,9.43652,9.67717,2683143
2012-10-16,9.75738,9.95449,9.71183,9.89602,4728666
2012-10-17,9.96932,10.0228,9.75738,9.88216,5128133
2012-10-18,9.53952,10.21,9.5316,10.1812,5218810
2012-10-19,10.0228,10.1812,9.76431,9.8366,3702668
2012-10-22,9.87325,10.1248,9.86631,10.101,2950321
2012-10-23,9.87325,10.0693,9.73362,10.0307,3746068
2012-10-24,10.0782,10.1406,9.90889,9.95449,2952249
2012-10-25,10.0158,10.1446,9.86631,10.0862,2538974
2012-10-26,10.0614,10.2188,9.89602,10.0089,2684036
2012-10-31,10.0356,10.21,9.85245,9.89602,3000768
2012-11-01,10.0941,10.719,9.8891,10.5318,6624842
2012-11-02,10.6258,10.6546,10.1318,10.3525,4544234
2012-11-05,10.2961,10.5407,10.2367,10.4239,2899817
2012-11-06,10.5803,10.9625,10.5714,10.8833,5545980
2012-11-07,10.6258,10.6912,10.2872,10.4169,5157616
2012-11-08,10.4011,10.4694,10.1248,10.2188,2749725
2012-11-09,10.1812,10.6486,10.1466,10.4099,2751396
2012-11-12,10.4694,10.5031,10.2872,10.4011,2010823
2012-11-13,10.2961,10.4625,10.1961,10.2644,2440795
2012-11-14,10.3288,10.4099,9.88216,9.95449,2950652
2012-11-15,9.94454,10.0862,9.62369,9.62369,4414282
2012-11-16,9.66231,9.74252,9.41177,9.70291,4141325
2012-11-19,9.95449,9.96932,9.74252,9.91979,2684485
2012-11-20,9.90493,9.97629,9.74252,9.89602,2678714
2012-11-21,9.95449,10.0525,9.79106,9.91979,2349708
2012-11-23,10.1714,10.2268,10.0446,10.1318,1135025
2012-11-26,10.11,10.1406,9.98614,10.11,1944281
2012-11-27,10.0782,10.209,9.75045,9.80887,3083261
2012-11-28,9.86037,9.97629,9.58309,9.95449,2643683
2012-11-29,10.0782,10.1634,9.96235,10.0525,2108758
2012-11-30,10.0525,10.2268,10.0089,10.1198,2791644
2012-12-03,10.1812,10.2188,9.80887,9.8366,2216720
2012-12-04,9.83858,10.0277,9.80887,9.91285,2283816
2012-12-05,9.94454,10.2188,9.9287,10.1554,1813661
2012-12-06,10.1248,10.2268,9.9495,9.98614,2122310
2012-12-07,10.0089,10.0782,9.86631,10.0228,2219387
2012-12-10,10.0158,10.101,9.9287,10.0089,2350713
2012-12-11,10.0862,10.3921,9.96932,10.3357,2698415
2012-12-12,10.3585,10.4239,10.1554,10.1634,3400033
2012-12-13,10.1882,10.3288,10.1248,10.2188,1885470
2012-12-14,10.2426,10.7843,10.2198,10.6338,4134204
2012-12-17,10.6546,10.8923,10.611,10.7764,2918151
2012-12-18,10.8398,11.3845,10.8398,11.0715,5435000
2012-12-19,11.1032,11.1894,10.7843,10.8398,5053195
2012-12-20,10.8507,10.8645,10.719,10.8091,3990348
2012-12-21,10.6258,10.6644,10.4981,10.6644,4282204
2012-12-24,10.5318,10.7328,10.3921,10.6486,658384
2012-12-26,10.6486,10.7427,10.5714,10.5992,1460001
2012-12-27,10.6576,10.7279,10.4298,10.5615,1794554
2012-12-28,10.4991,10.5417,10.3665,10.3665,1461565
2012-12-31,10.3129,10.8427,10.3129,10.8358,2180903
2013-01-02,11.1576,11.2913,11.0774,11.2686,2871912
2013-01-03,11.2022,11.4339,11.1666,11.2438,2329668
2013-01-04,11.229,11.5429,11.132,11.5211,2462773
2013-01-07,11.4479,11.9361,11.3923,11.8439,4563225
2013-01-08,11.742,11.9073,11.4795,11.5577,5993121
2013-01-09,11.6221,11.8915,11.5647,11.7251,3755894
2013-01-10,11.7865,11.8984,11.7082,11.7954,3128279
2013-01-11,11.7706,11.8113,11.6478,11.733,2406547
2013-01-14,11.8915,11.9826,11.6132,11.6221,4623780
2013-01-15,11.5577,11.9767,11.4479,11.9281,5990382
2013-01-16,11.837,11.8439,11.5637,11.7637,4360325
2013-01-17,11.8588,12.0321,11.733,11.9915,2816044
2013-01-18,11.9677,12.1054,11.8915,11.9281,3163671
2013-01-22,11.9608,12.1282,11.9231,12.0648,2509787
2013-01-23,12.0648,12.1856,11.9608,12.1202,2256825
2013-01-24,12.0727,12.2975,11.9173,12.0153,2587634
2013-01-25,12.0886,12.1341,11.7706,12.0242,2894598
2013-01-28,12.0083,12.0242,11.6776,11.837,3937932
2013-01-29,12.0499,12.4669,11.9231,12.1746,4972499
2013-01-30,12.0964,12.2975,11.837,11.9281,3198992
2013-01-31,11.8915,12.0964,11.8697,12.0004,2608674
2013-02-01,12.0727,12.2618,12.0242,12.15,2719326
2013-02-04,11.9826,12.1282,11.9361,11.9826,2286007
2013-02-05,12.1282,12.1282,11.9023,11.9915,2857659
2013-02-06,11.9767,12.5461,11.9361,12.347,5292432
2013-02-07,12.3401,12.4183,12.1816,12.3549,3170936
2013-02-08,12.3321,12.5936,12.2935,12.3321,2256111
2013-02-11,12.3054,12.4025,12.2618,12.3549,1840447
2013-02-12,12.3401,12.4737,12.245,12.4737,1909140
2013-02-13,12.4519,12.5371,12.3054,12.4519,2222759
2013-02-14,12.3945,12.7342,12.3777,12.6936,3966056
2013-02-15,12.6728,12.7263,12.4589,12.6223,4570388
2013-02-19,12.6292,12.751,12.4985,12.6648,3045574
2013-02-20,12.5936,12.6124,11.9677,11.9915,5110774
2013-02-21,11.9173,11.9608,11.5904,11.7488,6735394
2013-02-22,11.8281,12.0776,11.7865,11.9608,3108483
2013-02-25,12.0727,12.1054,11.5815,11.5815,3209240
2013-02-26,11.6618,11.8439,11.4171,11.6548,2217796
2013-02-27,11.6776,11.9826,11.6776,11.9231,3212939
2013-02-28,11.9539,12.1866,11.9231,12.0499,4130522
2013-03-01,11.9826,12.0568,11.5686,11.7162,4659256
2013-03-04,11.9539,12.1123,11.6132,11.8202,4272531
2013-03-05,11.9361,12.1123,11.8033,11.8499,3182846
2013-03-06,11.9361,12.2618,11.9281,12.1866,3179421
2013-03-07,12.1954,12.4273,12.1746,12.2192,2452304
2013-03-08,12.3609,12.6936,12.2797,12.5857,3177552
2013-03-11,12.5233,12.6074,12.3123,12.5055,3621715
2013-03-12,12.5055,12.6728,12.2698,12.3549,4375421
2013-03-13,12.347,12.347,11.7865,12.0321,6085703
2013-03-14,12.0153,12.0727,11.8033,11.9677,5797237
2013-03-15,11.9915,12.2192,11.9767,12.2034,4945873
2013-03-18,11.9677,12.2935,11.8588,12.1282,3024684
2013-03-19,12.1123,12.3193,11.7776,12.0816,6124241
2013-03-20,12.141,12.3777,12.045,12.3015,3916576
2013-03-21,12.1954,12.4273,12.1618,12.2975,2320276
2013-03-22,12.3549,12.4441,12.245,12.2698,2313829
2013-03-25,12.3123,12.5055,12.2698,12.4817,3864883
2013-03-26,12.547,12.6392,12.4223,12.6223,3625356
2013-03-27,12.4669,12.7362,12.3688,12.7233,2649262
2013-03-28,12.6302,12.6896,12.4985,12.6094,2437256
2013-04-01,12.6223,12.7045,12.1866,12.2598,2773165
2013-04-02,12.25,12.3302,11.6716,11.7726,3792931
2013-04-03,11.7449,11.7598,11.3221,11.53,4267966
2013-04-04,11.5072,11.8409,11.4083,11.6003,2850132
2013-04-05,11.4003,11.6637,11.2904,11.6488,3844475
2013-04-08,11.642,11.7598,11.5746,11.7202,3058552
2013-04-09,11.7895,12.244,11.7202,12.0786,3660383
2013-04-10,12.1182,12.1806,12.038,12.14,2417522
2013-04-11,12.1262,12.1945,11.8835,12.046,2782536
2013-04-12,11.9875,12.0539,11.6458,11.9023,3220146
2013-04-15,11.7528,11.7726,11.2755,11.3537,3651943
2013-04-16,11.5151,11.6202,11.3845,11.5924,2722399
2013-04-17,11.4231,11.5072,11.0884,11.3141,4923666
2013-04-18,11.3221,11.9499,11.3191,11.4231,7070146
2013-04-19,11.5597,11.6796,11.2993,11.4171,3023057
2013-04-22,11.4231,11.4309,11.0438,11.2755,3548866
2013-04-23,11.3537,11.4171,11.1072,11.3637,3916436
2013-04-24,11.3795,11.7449,11.3795,11.7024,2090142
2013-04-25,11.8152,12.1262,11.7598,11.7895,3414008
2013-04-26,11.7598,11.7895,11.5657,11.6796,3067362
2013-04-29,11.7528,11.9023,11.632,11.8469,2225981
2013-04-30,11.7895,11.9657,11.6488,11.9499,5203278
2013-05-01,11.8469,11.8469,11.5597,11.6568,3195197
2013-05-02,11.7112,11.8241,11.4003,11.7112,3029726
2013-05-03,11.9023,12.3183,11.9023,12.148,3995188
2013-05-06,12.1945,12.2094,11.9657,12.0539,2565350
2013-05-07,12.1182,12.2172,12.0123,12.1648,1551257
2013-05-08,12.2024,12.4669,12.148,12.4441,2871616
2013-05-09,12.4509,12.4737,12.2172,12.3044,1523846
2013-05-10,12.3252,12.4025,12.1262,12.3113,1894715
2013-05-13,12.2688,12.2688,12.0123,12.0628,1997749
2013-05-14,12.0628,12.143,11.9767,12.0786,1303368
2013-05-15,11.9974,12.0836,11.8409,12.0034,2523689
2013-05-16,12.0697,12.2272,11.8469,11.9499,2984869
2013-05-17,12.0628,12.2272,11.9974,12.1648,1962311
2013-05-20,12.148,12.6074,12.1182,12.5371,3915446
2013-05-21,12.555,12.8937,12.4896,12.7441,5134489
2013-05-22,12.759,12.8689,12.1718,12.3935,4243918
2013-05-23,12.2341,12.3599,12.0628,12.3252,1906410
2013-05-24,12.2024,12.3044,12.0856,12.2172,1739511
2013-05-28,12.4025,12.4589,12.2341,12.3539,1816258
2013-05-29,12.2094,12.3113,12.046,12.2341,1165832
2013-05-30,12.2876,12.3935,12.1558,12.3044,2307101
2013-05-31,12.2579,12.347,12.152,12.1916,3698424
2013-06-03,12.3252,12.347,12.1262,12.2876,3232089
2013-06-04,12.2688,12.3847,12.1331,12.347,3387239
2013-06-05,12.2777,12.3044,11.8607,11.8955,3732263
2013-06-06,11.8607,11.9875,11.6716,11.7984,3678312
2013-06-07,11.7806,12.042,11.6954,11.7806,2858569
2013-06-10,11.7598,11.8955,11.642,11.8241,2182026
2013-06-11,11.6488,11.6568,11.4479,11.5449,3813073
2013-06-12,11.6488,11.7647,11.3933,11.4745,2203905
2013-06-13,11.4745,12.0291,11.4479,11.9579,3248075
2013-06-14,12.0202,12.0925,11.7726,11.8539,1262138
2013-06-17,11.9409,12.046,11.9023,11.9261,1804851
2013-06-18,11.8321,12.038,11.8063,11.9023,2071954
2013-06-19,11.8539,11.9875,11.7806,11.8241,1784375
2013-06-20,11.6231,11.7726,11.3933,11.6231,2924329
2013-06-21,11.6716,11.7895,11.4973,11.5231,3238192
2013-06-24,11.4676,11.4904,11.0042,11.2824,3505837
2013-06-25,11.4231,11.5151,11.1478,11.4676,2371763
2013-06-26,11.6172,11.7548,11.4439,11.6646,3449906
2013-06-27,11.7548,12.145,11.7548,12.0519,3828178
2013-06-28,11.9835,12.1688,11.8984,11.9361,4069810
2013-07-01,12.138,12.2945,12.0668,12.2242,2982699
2013-07-02,12.2084,12.345,11.9925,12.2084,2609020
2013-07-03,12.1152,12.2124,12.0331,12.145,1741645
2013-07-05,12.3024,12.3173,11.9767,12.1152,2256210
2013-07-08,12.152,12.1994,12.0757,12.0846,2347658
2013-07-09,12.2153,12.3381,12.1232,12.1994,3357907
2013-07-10,12.1916,12.2846,11.9835,12.1688,2255708
2013-07-11,12.345,12.4807,12.241,12.3292,3810694
2013-07-12,12.3381,12.3678,12.1738,12.2945,2004511
2013-07-15,12.3024,12.4896,12.249,12.2846,2059118
2013-07-16,12.3381,12.3757,12.1608,12.3024,1363068
2013-07-17,12.4015,12.555,12.3024,12.4509,1869837
2013-07-18,12.3589,12.658,12.2668,12.2846,4070229
2013-07-19,12.3173,12.3242,12.1608,12.1776,1365925
2013-07-22,12.2242,12.345,12.152,12.2322,2195269
2013-07-23,12.3242,12.6668,12.2846,12.5302,2850048
2013-07-24,12.547,12.547,12.2322,12.3678,2752723
2013-07-25,12.3292,12.6035,12.241,12.5381,2034351
2013-07-26,12.4093,12.6233,12.4015,12.4896,1572027
2013-07-29,12.4263,12.5045,12.3371,12.4431,1773193
2013-07-30,12.4509,12.4847,12.249,12.4351,1274338
2013-07-31,12.4669,12.5866,12.4015,12.4589,1337903
2013-08-01,12.6144,12.7461,12.6035,12.6402,2767540
2013-08-02,12.5639,12.7302,12.4737,12.6233,1860608
2013-08-05,12.6035,12.761,12.5906,12.6668,1921371
2013-08-06,12.5956,12.648,12.3925,12.4669,1800722
2013-08-07,12.4015,12.4431,12.2846,12.3242,2011975
2013-08-08,12.4093,12.5243,12.3589,12.4163,2461870
2013-08-09,12.4589,12.8184,12.4431,12.6668,2732100
2013-08-12,12.6233,13.1362,12.6233,13.0333,3870675
2013-08-13,13.1362,13.1956,12.8967,12.9551,2068027
2013-08-14,13.1432,13.3066,13.0085,13.1234,3284471
2013-08-15,12.9383,13.0085,12.7788,12.9065,2282371
2013-08-16,12.8709,12.9827,12.7243,12.7708,1886445
2013-08-19,12.7788,12.7788,12.547,12.5956,1419772
2013-08-20,12.5718,12.8877,12.5639,12.7867,1943048
2013-08-21,12.7302,12.8045,12.4263,12.4589,2279222
2013-08-22,12.555,12.8511,12.4896,12.7956,1044629
2013-08-23,12.8511,12.9065,12.555,12.6194,2472239
2013-08-26,12.6035,12.8382,12.6035,12.6966,1817825
2013-08-27,12.5302,12.5866,12.3173,12.3242,1980455
2013-08-28,12.3757,12.5302,12.3173,12.4163,1433175
2013-08-29,12.3837,12.648,12.3678,12.4985,1881721
2013-08-30,12.4896,12.5243,12.1846,12.2153,1861292
2013-09-03,12.4529,12.6094,12.0509,12.1846,4277003
2013-09-04,12.1846,12.3599,12.1302,12.3302,2697478
2013-09-05,12.3034,12.5015,12.0984,12.3847,2258972
2013-09-06,12.4737,12.4896,12.2192,12.4509,3189104
2013-09-09,12.4985,12.9065,12.4807,12.8609,2406081
2013-09-10,12.9857,13.3215,12.9619,13.1938,4380208
2013-09-11,13.17,13.4918,12.9847,13.4661,2930343
2013-09-12,13.3561,13.4729,13.2888,13.4105,2617943
2013-09-13,13.4839,13.5255,13.3719,13.4323,1804881
2013-09-16,13.6027,13.673,13.4155,13.4492,1631588
2013-09-17,13.4918,13.8186,13.4492,13.8018,3177441
2013-09-18,13.7394,14.0681,13.5007,13.9385,6420359
2013-09-19,13.8909,13.9849,13.6522,13.6522,2582625
2013-09-20,13.667,13.7681,13.263,13.4265,5159467
2013-09-23,13.4581,13.6908,13.3383,13.3482,2962044
2013-09-24,13.263,13.4581,13.2442,13.2729,2982611
2013-09-25,13.4581,13.5482,13.263,13.3947,2198241
2013-09-26,13.4581,13.5789,13.3789,13.5086,1547139
2013-09-27,13.3641,13.4265,13.2353,13.3056,1453953
2013-09-30,13.0897,13.572,13.058,13.4739,2901583
2013-10-01,13.4265,13.7502,13.3561,13.6453,4057997
2013-10-02,13.5017,13.7592,13.5017,13.6918,2089362
2013-10-03,13.6918,13.7839,13.4323,13.4927,1922723
2013-10-04,13.5165,13.6374,13.4265,13.5789,1704224
2013-10-07,13.4413,13.5631,13.3383,13.3947,1576670
2013-10-08,13.4195,13.5255,13.2264,13.2977,1687109
2013-10-09,13.3482,13.3561,13.1066,13.2036,1524183
2013-10-10,13.3789,13.5789,13.3383,13.5334,1466357
2013-10-11,13.5482,13.6918,13.4739,13.6622,1026255
2013-10-14,13.5562,13.9523,13.5255,13.8869,1639698
2013-10-15,13.8701,14.1444,13.7978,13.878,2769935
2013-10-16,14.184,14.2484,13.8443,13.8701,3718515
2013-10-17,13.9751,14.6464,13.9017,14.4177,5143189
2013-10-18,14.4919,14.6019,14.3078,14.5781,3102962
2013-10-21,14.6019,14.8128,14.5702,14.7416,2527979
2013-10-22,14.7712,14.9119,14.693,14.8623,3321958
2013-10-23,14.6019,14.9119,14.4177,14.8534,2669429
2013-10-24,14.8703,14.9415,14.6534,14.693,2235898
2013-10-25,14.6534,14.7098,14.4078,14.4683,2488401
2013-10-28,14.4683,14.4851,14.1543,14.3929,3255950
2013-10-29,14.4683,14.5465,14.2414,14.3989,3493063
2013-10-30,14.3761,14.4603,14.1632,14.3296,2709134
2013-10-31,14.3226,14.6019,14.2138,14.4959,3448292
2013-11-01,14.5613,14.9119,14.5079,14.8623,2997989
2013-11-04,15.1912,15.307,15.0822,15.1912,3798150
2013-11-05,15.0723,15.209,14.896,15.0961,2256992
2013-11-06,15.1584,15.2802,15.0307,15.1832,1485467
2013-11-07,15.2338,15.307,14.8782,14.9207,2655036
2013-11-08,14.9633,15.5793,14.896,15.4437,3616895
2013-11-11,15.4347,15.6269,15.3852,15.5129,2151031
2013-11-12,15.4259,15.4971,15.1912,15.3288,2822670
2013-11-13,15.0624,15.3525,15.0059,15.3525,2997497
2013-11-14,15.3288,15.4169,15.1496,15.4011,2467800
2013-11-15,15.4011,15.4743,15.3228,15.3288,1352333
2013-11-18,15.3605,15.3921,15.1654,15.2516,2614934
2013-11-19,15.2565,15.5536,15.2248,15.3446,2808893
2013-11-20,15.4011,15.5051,15.1743,15.2565,1613892
2013-11-21,15.3288,15.3664,15.1426,15.2565,2083496
2013-11-22,15.0228,15.2565,15.0228,15.0535,2061567
2013-11-25,15.0535,15.0961,14.7416,14.8346,2357868
2013-11-26,14.8049,14.9207,14.6366,14.798,3191682
2013-11-27,14.8534,14.9049,14.5534,14.6266,2420900
2013-11-29,14.701,14.8128,14.5781,14.6841,1474001
2013-12-02,14.6762,14.8128,14.5465,14.6366,2189124
2013-12-03,14.595,14.7812,14.4851,14.6108,2515698
2013-12-04,14.693,15.1584,14.6534,15.0307,2838801
2013-12-05,14.9415,15.1743,14.9415,15.1426,2182547
2013-12-06,15.2981,15.3753,15.0961,15.1584,1576448
2013-12-09,15.1832,15.3753,15.1426,15.3446,1805098
2013-12-10,15.3852,15.4893,15.2338,15.2565,1298944
2013-12-11,15.2338,15.3753,15.0109,15.0377,2099683
2013-12-12,15.1654,15.1743,14.9485,15.0377,2462967
2013-12-13,15.0307,15.1654,15.0307,15.1357,1109650
2013-12-16,15.1654,15.3228,15.1129,15.2802,1885499
2013-12-17,15.1912,15.3228,15.1496,15.2624,1455444
2013-12-18,15.1743,15.2168,14.5079,14.7712,6008267
2013-12-19,14.7712,15.1278,14.7653,14.9633,2367814
2013-12-20,14.9971,15.0624,14.8782,14.9347,3212426
2013-12-23,14.9575,15.1743,14.8871,15.1654,1992568
2013-12-24,15.2496,15.6457,15.1584,15.6041,2002009
2013-12-26,15.6744,15.716,15.5793,15.5882,1711046
2013-12-27,15.5962,15.9873,15.512,15.9685,1619642
2013-12-30,15.8804,15.9993,15.6684,15.7328,2197769
2013-12-31,15.7734,15.9349,15.7566,15.8378,1446302
2014-01-02,15.7258,15.8289,15.4427,15.5625,1874589
2014-01-03,15.5962,15.6606,15.4615,15.5289,1440304
2014-01-06,15.5536,15.6041,15.0683,15.2961,2724081
2014-01-07,15.3278,15.5367,15.2396,15.3872,2103530
2014-01-08,15.3743,15.6526,15.2476,15.5793,1943925
2014-01-09,15.6606,15.6606,15.4427,15.4883,2188720
2014-01-10,15.5367,15.5367,15.3743,15.4813,1272612
2014-01-13,15.4615,15.5704,15.0029,15.0347,2895387
2014-01-14,15.1198,15.1564,14.8752,15.0347,3965332
2014-01-15,15.0941,15.197,14.9089,15.0584,2488679
2014-01-16,15.0941,15.2862,15.0584,15.1198,2814875
2014-01-17,15.1624,15.197,14.8871,14.9089,3026737
2014-01-21,14.9871,14.9871,14.5009,14.5643,3911942
2014-01-22,14.6049,14.6138,14.4286,14.5098,3108015
2014-01-23,14.4009,14.5098,14.2138,14.2414,4601566
2014-01-24,14.184,14.184,13.7394,13.7473,3436309
2014-01-27,13.8849,13.8849,13.3333,13.3601,7723968
2014-01-28,13.5126,13.7047,13.1362,13.6582,10306585
2014-01-29,13.6582,13.7473,13.3502,13.4531,5641789
2014-01-30,13.6344,13.7047,13.4057,13.5453,3461109
2014-01-31,13.366,13.5453,13.2136,13.3759,2538527
2014-02-03,13.3759,13.3759,12.8075,12.8323,4876275
2014-02-04,12.9194,13.065,12.8075,12.9363,3023402
2014-02-05,13.2136,13.2769,12.8689,13.059,3737570
2014-02-06,13.1304,13.1966,13.059,13.1304,3423584
2014-02-07,13.2442,13.3502,13.0917,13.2373,5381990
2014-02-10,13.2294,13.267,13.1442,13.2204,2281105
2014-02-11,13.9177,13.9255,13.4879,13.8681,4021098
2014-02-12,13.9503,14.184,13.9097,14.1038,3796560
2014-02-13,13.9741,14.3296,13.9641,14.3236,2761893
2014-02-14,14.3177,14.5009,14.2999,14.4861,1986994
2014-02-18,14.4445,14.6722,14.3296,14.597,3577593
2014-02-19,14.5098,14.9247,14.4939,14.588,5577622
2014-02-20,14.6633,14.688,14.3939,14.588,3028125
2014-02-21,14.6217,14.6484,14.3078,14.3177,2351240
2014-02-24,14.0642,14.1276,13.8018,13.8344,3181206
2014-02-25,13.782,13.8919,13.4373,13.7236,3470749
2014-02-26,13.8107,14.0226,13.782,13.9255,2603256
2014-02-27,13.9423,14.1364,13.8602,14.1127,2091836
2014-02-28,14.0394,14.2652,13.98,14.1364,2477746
2014-03-03,14.0147,14.0563,13.8018,13.9503,2264284
2014-03-04,14.1632,14.2414,13.9691,13.9741,3143848
2014-03-05,13.9593,14.1958,13.877,14.193,2241623
2014-03-06,14.282,14.3553,14.2138,14.3236,2756867
2014-03-07,14.291,14.3969,13.9691,14.3553,2988280
2014-03-10,14.3692,14.3692,13.8285,13.8919,3002475
2014-03-11,13.9503,14.077,13.7948,13.9423,2071641
2014-03-12,13.8423,14.0147,13.672,13.7047,1935828
2014-03-13,13.7562,13.8344,13.3502,13.3977,3518269
2014-03-14,13.3601,13.4789,13.2066,13.3917,2737343
2014-03-17,13.4967,13.682,13.3819,13.5215,2131718
2014-03-18,13.5294,13.7651,13.3917,13.7236,2559293
2014-03-19,13.7314,13.9691,13.5591,13.8849,2803645
2014-03-20,13.8513,13.9503,13.682,13.8423,1852607
2014-03-21,13.9097,14.3603,13.7869,14.3296,4367781
2014-03-24,14.4009,14.7218,14.3078,14.5098,3137035
2014-03-25,14.588,14.7841,14.5316,14.6792,4485957
2014-03-26,14.792,14.8168,14.4286,14.4286,3687497
2014-03-27,14.4237,14.6098,14.2078,14.3207,4426735
2014-03-28,14.4147,14.5385,14.1622,14.2266,2939434
2014-03-31,14.6019,14.6604,14.3969,14.5147,4282802
2014-04-01,14.6692,14.702,14.3731,14.5494,2526943
2014-04-02,14.594,14.8465,14.5603,14.7326,3612723
2014-04-03,14.702,15.2496,14.6851,15.1892,6176172
2014-04-04,15.2238,15.2565,14.8465,14.9445,3759503
2014-04-07,14.9,15.0683,14.6772,14.9783,4062885
2014-04-08,14.9871,15.2714,14.9445,15.1337,4136995
2014-04-09,15.197,15.4555,15.1198,15.3318,3084671
2014-04-10,15.2624,15.3605,14.9149,15.0347,3149998
2014-04-11,14.9683,15.1198,14.7663,15.0119,3854577
2014-04-14,15.2565,15.5407,15.0881,15.3605,5013138
2014-04-15,15.3228,15.4179,14.9613,15.3872,4218170
2014-04-16,15.4625,15.5001,15.1892,15.4179,3244478
2014-04-17,15.1486,15.5575,14.6266,14.6851,9746204
2014-04-21,14.8465,14.9237,14.6266,14.8743,4004466
2014-04-22,14.9357,15.0188,14.79,14.8376,3430062
2014-04-23,14.8911,15.1406,14.8465,15.1337,3372729
2014-04-24,15.1822,15.2406,14.9683,15.2149,3660672
2014-04-25,15.0881,15.2318,14.9079,14.9941,2189296
2014-04-28,14.9683,14.9871,14.5455,14.7474,2810250
2014-04-29,14.7663,15.1337,14.7426,14.8227,1515261
2014-04-30,14.8227,15.0119,14.6851,14.9079,3149385
2014-05-01,14.9871,15.1634,14.8812,15.0782,3051454
2014-05-02,15.1892,15.3288,14.9783,15.0782,2954664
2014-05-05,15.0347,15.0584,14.5147,14.6019,3177169
2014-05-06,14.6098,14.6534,14.49,14.5692,2153104
2014-05-07,14.5524,14.702,14.4979,14.6772,1658015
2014-05-08,14.6464,14.9783,14.594,14.6366,2348536
2014-05-09,14.6098,14.6604,14.3038,14.3643,2851458
2014-05-12,14.4821,14.9445,14.4494,14.8911,2341116
2014-05-13,14.8376,15.0119,14.6772,14.7426,3017582
2014-05-14,14.9,14.9237,14.7574,14.799,1499849
2014-05-15,14.9871,14.9871,14.5455,14.7474,2892812
2014-05-16,14.7257,14.8812,14.5147,14.8554,1893532
2014-05-19,14.7663,14.9297,14.7326,14.7822,1618495
2014-05-20,14.6772,14.7198,14.3207,14.3969,2142221
2014-05-21,14.4573,14.5385,14.2692,14.4049,1996612
2014-05-22,14.4049,14.5455,14.2266,14.2602,3743985
2014-05-23,13.8691,14.5147,13.8691,14.4979,2508480
2014-05-27,14.5306,14.6266,14.4177,14.5781,1934989
2014-05-28,14.5306,14.6188,14.2534,14.2534,2482932
2014-05-29,14.2949,14.3731,14.187,14.3207,2410690
2014-05-30,14.2781,14.286,14.0414,14.0879,2931472
2014-06-02,14.1296,14.1948,13.9602,14.0157,4976203
2014-06-03,13.9969,14.0731,13.9433,14.0157,3234246
2014-06-04,13.9701,14.2266,13.9701,14.0662,3940823
2014-06-05,14.1137,14.3207,14.0483,14.2781,3206786
2014-06-06,14.3335,14.4821,14.2444,14.4237,3691176
2014-06-09,14.4395,14.4979,14.1474,14.187,4359573
2014-06-10,14.1572,14.2266,14.0879,14.179,1736288
2014-06-11,14.0968,14.3811,14.0968,14.3335,2596171
2014-06-12,14.3425,14.3573,13.9433,14.0879,5048284
2014-06-13,14.1137,14.3504,14.0968,14.2949,3657333
2014-06-16,14.2949,14.4573,14.1097,14.179,3674241
2014-06-17,14.2781,14.6464,14.0067,14.6019,8485164
2014-06-18,14.5385,14.8376,14.5147,14.8227,7147320
2014-06-19,14.8376,14.9535,14.6464,14.7474,2037068
2014-06-20,14.7198,14.8743,14.6266,14.7198,3445652
2014-06-23,14.7474,14.8287,14.4821,14.5227,2902875
2014-06-24,14.4821,14.694,14.3266,14.3573,3531117
2014-06-25,14.4049,14.5851,14.3157,14.5187,2653434
2014-06-26,14.5563,14.6425,14.4533,14.5989,1534661
2014-06-27,14.5563,14.6662,14.3999,14.59,2524537
2014-06-30,14.5653,14.7802,14.4771,14.7396,3051506
2014-07-01,14.8277,15.0575,14.6425,14.6662,4944159
2014-07-02,14.691,14.9287,14.6662,14.8891,2603252
2014-07-03,14.898,15.1564,14.8396,15.0337,5901871
2014-07-07,14.9287,15.0267,14.8445,14.9129,2936589
2014-07-08,14.8802,15.002,14.8277,14.9347,4231329
2014-07-09,14.9603,15.0941,14.9217,14.9931,2599268
2014-07-10,14.7396,14.9435,14.7168,14.7643,1694590
2014-07-11,14.7,14.9545,14.6574,14.9435,4240209
2014-07-14,15.0109,15.0179,14.5742,14.7078,3222407
2014-07-15,14.7078,15.0337,14.6662,14.9287,4188971
2014-07-16,15.0485,15.308,14.9773,15.2328,4372561
2014-07-17,15.1099,15.2892,15.0267,15.0673,2867991
2014-07-18,15.0337,15.2892,15.0267,15.2574,2908181
2014-07-21,15.814,17.0965,15.7824,17.0371,23171958
2014-07-22,17.0133,17.9263,16.834,17.8085,13747011
2014-07-23,17.8253,17.958,17.7342,17.8937,6810670
2014-07-24,17.9739,18.0155,17.752,17.8501,4706908
2014-07-25,17.8342,17.9333,17.7184,17.7877,4751012
2014-07-28,17.8501,17.958,17.7094,17.7946,3943717
2014-07-29,17.9026,17.9026,17.5956,17.6035,5134332
2014-07-30,17.9174,17.9827,17.6302,17.6401,4578414
2014-07-31,17.4619,17.761,17.2876,17.4183,5124225
2014-08-01,17.348,17.5391,17.0291,17.1776,5037336
2014-08-04,17.761,17.7877,17.348,17.7798,5897679
2014-08-05,17.6401,17.8124,17.4519,17.6035,3840973
2014-08-06,17.5629,17.761,17.4995,17.6649,3279252
2014-08-07,17.6798,17.752,17.4619,17.5391,2831090
2014-08-08,17.4995,17.9333,17.4897,17.9174,3478305
2014-08-11,17.9907,18.0303,17.7026,17.7342,3257152
2014-08-12,17.752,17.8501,17.5629,17.8204,3300999
2014-08-13,17.8501,18.1967,17.7877,18.1808,4511421
2014-08-14,18.1888,18.2284,18.0818,18.2036,3890756
2014-08-15,18.2126,18.2492,18.0818,18.1531,5065929
2014-08-18,18.2036,18.8711,18.1709,18.8096,6408688
2014-08-19,18.8711,19.1424,18.7938,19.0563,5803839
2014-08-20,19.0414,19.1187,18.9443,19.0147,2607298
2014-08-21,19.0414,19.0711,18.7938,18.9919,2712081
2014-08-22,18.9364,19.1988,18.8354,19.1345,2833208
2014-08-25,19.0147,19.2722,18.9771,19.1187,3324580
2014-08-26,19.1008,19.4653,19.0414,19.39,3898968
2014-08-27,19.4435,19.4573,19.1008,19.285,2918274
2014-08-28,19.2544,19.2544,18.9622,18.9999,3373820
2014-08-29,19.1097,19.1345,18.9037,19.081,3107217
2014-09-02,19.1097,19.1919,19.0315,19.0563,2988387
2014-09-03,19.3969,19.6722,19.3821,19.6296,4536837
2014-09-04,19.592,20.1753,19.592,19.8732,5689458
2014-09-05,19.8386,19.9435,19.6574,19.903,2927567
2014-09-08,19.903,20.0099,19.4128,19.4741,4863213
2014-09-09,19.4939,19.6524,19.285,19.4088,4514565
2014-09-10,19.4841,19.6207,19.2454,19.3385,4796935
2014-09-11,19.2306,19.7554,19.1988,19.691,2457499
2014-09-12,19.6445,19.7148,19.4653,19.5019,2792188
2014-09-15,19.6019,19.7742,19.3553,19.4365,2506906
2014-09-16,19.3385,19.7742,19.2374,19.6574,3795360
2014-09-17,20.3238,20.6566,20.2744,20.405,7042545
2014-09-18,20.7506,20.9457,20.413,20.4873,8484339
2014-09-19,20.512,20.5219,19.8732,20.0059,6810490
2014-09-22,19.9109,19.9435,19.5495,19.6722,4132444
2014-09-23,19.695,19.791,19.5495,19.6207,3277850
2014-09-24,19.695,19.7049,18.9404,19.1652,4855298
2014-09-25,19.0909,19.1187,18.673,19.0473,4080817
2014-09-26,19.0265,19.0453,18.8473,19.0037,3241454
2014-09-29,18.8136,19.0225,18.782,18.7968,3790055
2014-09-30,18.7968,18.874,18.4809,18.6592,3871479
2014-10-01,18.6156,18.7482,18.0808,18.2254,4702624
2014-10-02,18.1462,18.4116,17.8322,18.2542,5112715
2014-10-03,18.262,18.6829,17.8234,17.8481,7960480
2014-10-06,17.9729,18.1293,17.6837,17.8234,7563928
2014-10-07,17.7154,17.9155,17.4233,17.4233,3953634
2014-10-08,17.3945,17.8481,17.1054,17.7986,5344087
2014-10-09,17.7154,17.75,17.04,17.14,4617162
2014-10-10,17.0984,17.2994,16.4547,16.4627,6272187
2014-10-13,16.636,17.0241,16.0992,16.1676,7941362
2014-10-14,16.2726,16.8182,15.8943,16.5131,8045107
2014-10-15,16.1755,16.8915,15.9031,16.743,7860736
2014-10-16,16.3577,17.4589,16.2993,17.2826,9869009
2014-10-17,17.4669,17.9075,17.2896,17.3767,5395862
2014-10-20,17.3945,17.6629,17.2896,17.4133,7573852
2014-10-21,18.1224,18.7324,17.5283,18.0719,10447626
2014-10-22,18.2126,18.5681,17.9897,18.368,10187304
2014-10-23,18.5087,18.5918,17.9659,18.2788,6263038
2014-10-24,18.2788,18.4611,18.0719,18.4116,3785857
2014-10-27,18.1709,18.269,17.9461,18.063,3863721
2014-10-28,18.2126,18.7324,18.0581,18.6324,4151490
2014-10-29,18.7898,19.1048,18.4363,18.6671,5405404
2014-10-30,18.6156,18.7086,18.368,18.6156,3244954
2014-10-31,18.7008,19.1474,18.5512,18.9889,4408475
2014-11-03,19.1474,19.1474,18.6423,18.7008,2987951
2014-11-04,18.6829,18.6829,17.9987,18.3442,3667854
2014-11-05,18.4433,18.4681,18.0293,18.2828,3490942
2014-11-06,18.3284,18.4433,18.162,18.274,4666842
2014-11-07,18.3195,18.7086,18.3195,18.5512,3101039
2014-11-10,18.5512,18.7898,18.364,18.4809,3352490
2014-11-11,18.4116,18.4611,18.1888,18.2957,2697124
2014-11-12,18.2542,18.5591,18.2284,18.4937,3081913
2014-11-13,18.5087,18.7562,18.3769,18.4403,2493404
2014-11-14,18.4284,18.782,18.2214,18.7612,3162007
2014-11-17,18.6829,18.8304,18.4859,18.6829,2812357
2014-11-18,18.7968,18.9147,18.676,18.8255,3265435
2014-11-19,18.7394,18.7482,18.2284,18.262,3613354
2014-11-20,18.1224,18.6671,17.9897,18.6671,2639977
2014-11-21,19.0037,19.189,18.8136,18.9582,3362556
2014-11-24,18.9969,19.1335,18.881,18.9394,1866792
2014-11-25,18.9483,19.4197,18.9226,19.3692,2788158
2014-11-26,19.4335,19.4543,19.2276,19.291,1519542
2014-11-28,19.2118,19.2196,18.5165,18.5987,1769263
2014-12-01,18.5918,18.5987,18.1293,18.162,3716593
2014-12-02,18.1709,18.4363,18.0333,18.0719,2440384
2014-12-03,18.3284,19.0037,18.1808,18.8651,2817843
2014-12-04,18.676,18.881,18.5305,18.7274,2144023
2014-12-05,18.7186,18.881,18.5512,18.7186,2471526
2014-12-08,18.6423,18.6829,18.2126,18.3195,2820963
2014-12-09,18.162,18.6225,18.0383,18.5769,3662993
2014-12-10,18.4937,18.4937,17.858,17.8917,2465922
2014-12-11,17.8234,17.9987,17.553,17.5827,3234963
2014-12-12,17.3945,17.5738,16.8004,16.8093,4436684
2014-12-15,16.9073,16.9985,16.2904,16.3062,6946121
2014-12-16,16.2398,16.427,15.9873,16.0755,7166687
2014-12-17,16.1081,16.6043,15.8725,16.5716,7034248
2014-12-18,16.9172,16.9172,15.5377,16.127,13739481
2014-12-19,16.1914,16.4587,16.1171,16.3062,7348440
2014-12-22,16.2814,16.3577,15.7744,15.8091,4479049
2014-12-23,15.9279,16.1834,15.7932,15.9577,2956146
2014-12-24,15.9507,16.0755,15.8437,16.0051,1339095
2014-12-26,16.127,16.2052,15.9379,15.9923,1398679
2014-12-29,15.9913,16.4429,15.9913,16.2696,2182330
2014-12-30,16.3963,16.7855,16.3963,16.6726,2910024
2014-12-31,16.7944,16.7944,16.3805,16.3894,2312427
2015-01-02,16.5033,16.7528,16.4112,16.5211,2892111
2015-01-05,16.1874,16.229,15.4327,15.5249,4187484
2015-01-06,15.5298,15.5813,14.9851,15.0763,5240077
2015-01-07,15.7804,15.8665,15.1644,15.2912,4995548
2015-01-08,15.3902,15.9823,15.2347,15.817,5812239
2015-01-09,15.813,15.9625,15.3555,15.6892,4955261
2015-01-12,15.5991,15.7466,14.792,15.0862,5672502
2015-01-13,15.0941,15.2584,14.4009,14.5375,6851862
2015-01-14,14.1127,14.3286,13.9553,14.3207,6685545
2015-01-15,14.4098,14.6178,14.187,14.2573,4588039
2015-01-16,14.2622,14.4445,14.2078,14.4009,4346490
2015-01-20,14.4702,14.5267,14.0453,14.2176,4152746
2015-01-21,14.2018,14.4999,14.0949,14.3583,5227630
2015-01-22,14.5118,14.8693,14.3583,14.8,3538713
2015-01-23,14.7218,14.7841,14.1286,14.1286,4057614
2015-01-26,14.1127,14.5484,14.0137,14.5039,6154020
2015-01-27,14.3207,14.8326,14.2018,14.6692,3941019
2015-01-28,14.9585,15.0099,14.5039,14.695,5520090
2015-01-29,14.0037,14.6088,13.7047,14.0602,9142267
2015-01-30,13.9859,14.3246,13.775,14.1464,4803716
2015-02-02,14.1562,14.2712,13.88,14.2276,4676578
2015-02-03,14.5118,15.0257,14.3207,15.0099,5635688
2015-02-04,14.8693,15.0475,14.6178,14.9495,5666217
2015-02-05,15.102,15.9725,14.9495,15.8032,7089265
2015-02-06,15.7724,16.0725,15.6992,15.7804,6077122
2015-02-09,15.7308,16.3557,15.6824,15.9151,4992007
2015-02-10,15.9625,15.9625,15.4813,15.8715,3053766
2015-02-11,16.4359,16.4359,15.5149,15.9061,3611157
2015-02-12,16.0457,16.5617,16.0457,16.4527,6161727
2015-02-13,16.5449,16.7855,16.4943,16.6122,4331441
2015-02-17,16.4943,16.628,16.2963,16.3725,3059879
2015-02-18,16.2368,16.4112,15.9823,16.0191,5523871
2015-02-19,15.9725,16.0051,15.706,15.9675,3219413
2015-02-20,15.9457,16.2368,15.8665,16.1646,2906331
2015-02-23,15.8972,16.1874,15.6892,16.1725,4250585
2015-02-24,16.1953,16.428,16.0814,16.3468,2714254
2015-02-25,16.229,16.3092,15.6734,15.6892,5415509
2015-02-26,15.7724,15.8665,15.4239,15.4417,2988528
2015-02-27,15.408,15.5734,15.0862,15.1278,4880234
2015-03-02,15.1902,15.1902,14.9198,14.9921,4000272
2015-03-03,14.9198,15.2584,14.8604,15.0327,3809584
2015-03-04,14.9585,15.3654,14.7841,15.3179,4644012
2015-03-05,15.3496,15.6318,15.102,15.5734,4922760
2015-03-06,15.5149,15.6586,15.0941,15.1337,2702063
2015-03-09,15.1822,15.2248,14.7594,14.8416,4408274
2015-03-10,14.5197,14.6009,14.187,14.2018,4075317
2015-03-11,14.3375,14.7118,14.2712,14.6178,4730747
2015-03-12,14.8326,15.2584,14.7266,15.208,4740627
2015-03-13,15.3833,15.4239,14.9039,15.1733,3445668
2015-03-16,15.0575,15.2584,14.8951,15.1902,4046887
2015-03-17,15.0575,15.5397,15.0575,15.4675,3863789
2015-03-18,15.5813,17.0173,15.3733,16.8291,11337556
2015-03-19,16.4855,16.6033,15.9823,16.4033,6160261
2015-03-20,16.428,16.7944,16.3201,16.7676,7541107
2015-03-23,16.6608,17.0509,16.5944,16.9351,4399598
2015-03-24,17.2936,17.3817,16.6944,16.8014,4814105
2015-03-25,17.249,17.3757,16.8746,16.8826,5050815
2015-03-26,16.9598,17.1074,16.4687,16.6122,4593017
2015-03-27,16.5508,16.5508,16.2557,16.2963,3892125
2015-03-30,16.3597,16.9439,16.3597,16.9004,3137263
2015-03-31,16.733,16.8538,16.5181,16.8004,4080188
2015-04-01,16.5261,16.742,16.3012,16.533,5351199
2015-04-02,16.5261,17.1509,16.3854,17.0787,3101253
2015-04-06,17.0173,17.0945,16.6657,16.733,4557312
2015-04-07,16.7092,17.1688,16.6588,16.9875,3802113
2015-04-08,17.1351,17.2965,16.7598,17.0707,3170883
2015-04-09,17.0261,17.3787,16.9598,17.3044,4102030
2015-04-10,17.242,17.3856,17.143,17.2272,1934828
2015-04-13,17.2192,17.2965,16.9875,17.1598,2456548
2015-04-14,17.251,17.5847,17.1688,17.554,4078777
2015-04-15,17.649,17.9877,17.6025,17.75,6686592
2015-04-16,17.8194,17.8738,17.4867,17.4867,4689613
2015-04-17,17.1856,17.2608,16.8826,17.0865,4711640
2015-04-20,17.2024,17.5946,17.1856,17.4539,5419178
2015-04-21,17.4867,18.1066,17.2024,17.7886,7798898
2015-04-22,17.8818,17.8818,17.6203,17.7956,3924732
2015-04-23,17.7818,18.5125,16.7251,18.372,6682478
2015-04-24,18.5483,18.5483,18.1719,18.271,4985992
2015-04-27,18.3482,18.6304,18.2145,18.271,3291231
2015-04-28,18.2888,18.7186,18.1066,18.5839,5181812
2015-04-29,18.3383,18.5125,18.1224,18.372,4192550
2015-04-30,17.9441,18.6819,17.8887,18.4967,4449759
2015-05-01,18.6908,18.7274,18.2224,18.4492,2916060
2015-05-04,18.5314,18.7562,18.3571,18.6304,3133317
2015-05-05,18.5749,18.8909,18.2224,18.3977,5271522
2015-05-06,18.5125,18.5561,18.0135,18.1293,2896155
2015-05-07,18.1293,18.3076,17.8194,18.1986,2615541
2015-05-08,18.4056,18.5967,18.3314,18.4245,2339670
2015-05-11,18.3571,18.6403,18.3076,18.3314,2778125
2015-05-12,18.3234,18.3799,18.0471,18.0719,3500951
2015-05-13,18.0977,18.3383,18.0897,18.1908,2105834
2015-05-14,18.3888,18.4739,18.2056,18.2224,3138341
2015-05-15,18.2472,18.2977,18.0719,18.1066,2016594
2015-05-18,18.0214,18.1462,17.9065,18.1293,2311551
2015-05-19,18.0808,18.1155,17.6322,17.8016,1897109
2015-05-20,17.854,17.9541,17.6292,17.8372,1905751
2015-05-21,17.8639,17.8887,17.5361,17.7026,2038910
2015-05-22,17.6867,18.363,17.4461,18.1818,4248060
2015-05-26,18.163,18.2145,17.5847,18.0283,3313817
2015-05-27,18.063,18.4739,17.9441,18.2977,2564463
2015-05-28,18.2304,18.3076,17.9967,18.1462,2050634
2015-05-29,18.1066,18.4324,18.0135,18.2304,2321603
2015-06-01,18.3888,18.4324,18.0571,18.3482,2982067
2015-06-02,18.3146,18.9661,18.3146,18.7394,3067155
2015-06-03,18.782,19.3682,18.6304,18.7978,4005560
2015-06-04,18.7186,18.8493,18.4324,18.5483,1686110
2015-06-05,18.4819,18.5749,18.2808,18.5314,2049557
2015-06-08,18.5661,18.5898,18.1293,18.2224,1839481
2015-06-09,18.2392,18.3799,18.1145,18.256,2067073
2015-06-10,18.3888,18.5353,18.2472,18.3185,3071545
2015-06-11,18.363,18.5561,18.0313,18.1066,3057215
2015-06-12,17.9967,18.256,17.8372,18.1986,2578339
2015-06-15,18.0214,18.0214,17.4965,17.763,3936173
2015-06-16,17.6956,18.0135,17.5847,17.8738,1477830
2015-06-17,17.9303,17.9639,17.5461,17.8293,1338218
2015-06-18,17.7362,18.0373,17.5283,17.9382,2131028
2015-06-19,17.9541,18.1066,17.8194,17.8818,1724393
2015-06-22,18.2888,18.5403,17.9877,18.1719,4568914
2015-06-23,18.2224,18.7394,18.0045,18.6819,5475029
2015-06-24,18.675,18.8998,18.4581,18.6403,2674520
2015-06-25,18.6661,18.7978,18.4245,18.5125,2011874
2015-06-26,18.5958,18.7978,18.3344,18.5463,4709380
2015-06-29,18.5551,18.6384,17.9402,17.9659,2461391
2015-06-30,18.1264,18.2026,17.3411,17.4253,4416838
2015-07-01,17.5045,17.7828,17.3589,17.5461,2375082
2015-07-02,17.3935,17.6124,17.0153,17.2014,3561964
2015-07-06,16.9657,17.1757,16.6796,16.8875,3936470
2015-07-07,16.737,16.9985,15.9379,16.9737,9937598
2015-07-08,16.8647,17.0053,16.4835,16.5121,4093643
2015-07-09,16.6696,16.841,16.224,16.3022,3857289
2015-07-10,16.6449,16.737,16.3943,16.5033,2420968
2015-07-13,16.6538,17.0231,16.4508,16.8578,2547711
2015-07-14,16.8796,16.9915,16.638,16.8232,1899188
2015-07-15,16.728,16.9321,16.4092,16.5865,2790103
2015-07-16,16.6538,16.728,16.4092,16.4597,2226585
2015-07-17,16.5033,16.5944,16.0834,16.126,3137166
2015-07-20,16.0379,16.2567,15.7378,15.7952,5441622
2015-07-21,15.9833,17.3411,15.9229,16.3092,10709434
2015-07-22,16.1498,16.6796,16.0477,16.5211,3751358
2015-07-23,16.7034,16.8489,16.3943,16.4667,2600020
2015-07-24,16.3607,16.427,15.7863,15.8754,4642086
2015-07-27,15.7526,16.1914,15.5952,16.0131,5518312
2015-07-28,16.1914,17.148,16.0992,16.8707,6743477
2015-07-29,16.8796,17.4015,16.728,17.3688,5536322
2015-07-30,17.4114,17.5361,17.0153,17.1668,3189124
2015-07-31,17.2252,17.3589,16.7459,16.8489,2624751
2015-08-03,16.7796,17.3589,16.5359,17.2182,3877994
2015-08-04,17.2946,17.554,16.94,17.5361,3054775
2015-08-05,17.8124,18.1264,17.6649,17.9243,3710338
2015-08-06,17.9155,18.26,17.752,17.8758,3558935
2015-08-07,17.7124,18.0511,17.4599,17.6035,2986771
2015-08-10,17.6213,18.2769,17.4391,18.2274,2945636
2015-08-11,17.9155,17.9243,17.3589,17.5857,2966300
2015-08-12,17.3935,17.3935,16.6617,17.0579,3629850
2015-08-13,17.041,17.2252,16.8796,17.148,1581603
2015-08-14,17.1668,17.6302,17.0757,17.5757,2395527
2015-08-17,17.4679,17.9837,17.2866,17.9739,2847909
2015-08-18,17.8837,18.0412,17.6401,17.7124,1873241
2015-08-19,17.5461,17.7204,17.0925,17.148,2787273
2015-08-20,17.6798,17.6798,16.4745,16.6033,3728291
2015-08-21,16.4745,16.4933,15.9061,15.9379,5365179
2015-08-24,15.6031,16.0903,14.8445,15.3654,5045480
2015-08-25,15.9833,16.0646,15.1466,15.1555,3694409
2015-08-26,15.302,15.4447,15.0307,15.3912,3087233
2015-08-27,15.7526,16.4092,15.5338,16.3785,3029809
2015-08-28,16.2151,16.8578,16.0646,16.4933,4051082
2015-08-31,16.3428,16.4745,16.1171,16.3874,2855635
2015-09-01,15.9229,16.2844,15.6872,15.811,3202676
2015-09-02,16.0992,16.3785,15.9229,16.3528,3638174
2015-09-03,16.427,16.9489,16.0279,16.1755,3711052
2015-09-04,15.9151,16.021,15.61,15.7288,3546509
2015-09-08,16.0735,16.5211,15.7784,16.5121,4123839
2015-09-09,16.8489,16.8489,16.0477,16.1408,3146560
2015-09-10,16.0735,16.234,15.811,16.0051,3509995
2015-09-11,15.8972,16.0379,15.6031,15.811,2920191
2015-09-14,15.721,15.7378,15.1168,15.2238,3986524
2015-09-15,15.2158,15.3843,15.1168,15.1386,4786181
2015-09-16,15.207,15.5437,15.0377,15.302,4218242
2015-09-17,15.2644,15.5091,15.0733,15.1386,4436594
2015-09-18,14.9703,15.1733,14.7266,15.0446,5167820
2015-09-21,15.0733,15.2922,14.8544,15.0733,4329640
2015-09-22,14.6782,14.8802,14.3177,14.5752,4911847
2015-09-23,14.687,14.7128,14.0453,14.3207,4696919
2015-09-24,14.2652,14.9069,14.18,14.7841,5375615
2015-09-25,14.8802,14.9961,14.4247,14.5098,3588477
2015-09-28,14.287,14.4029,14.0067,14.1523,2782972
2015-09-29,14.3058,14.5563,14.082,14.2702,3362201
2015-09-30,14.5079,14.6445,14.3058,14.5653,2719410
2015-10-01,14.5653,14.794,14.3296,14.5811,2694527
2015-10-02,14.3949,15.1337,14.3137,15.0941,4218468
2015-10-05,15.1337,15.4327,15.1337,15.4149,5696006
2015-10-06,15.4675,15.7704,15.3803,15.4061,4315771
2015-10-07,15.6437,16.0596,15.1932,16.0497,7522352
2015-10-08,15.9071,16.3567,15.7952,16.1774,4203604
2015-10-09,16.3923,16.4637,15.9239,16.1854,3176443
2015-10-12,16.1933,16.1933,15.9111,16.1774,2223371
2015-10-13,15.9993,16.5261,15.8655,16.2112,3079256
2015-10-14,16.5687,16.7112,16.1012,16.2358,3505974
2015-10-15,16.228,16.4795,16.1012,16.4231,2184071
2015-10-16,16.3983,16.5083,15.9993,16.0596,3934812
2015-10-19,15.9467,15.9467,15.1496,15.3456,7741972
2015-10-20,14.9307,15.725,14.9307,15.1337,6033676
2015-10-21,15.1337,15.306,14.9555,14.9981,4234626
2015-10-22,15.0941,15.7616,14.9,15.6526,3281526
2015-10-23,15.8289,16.0854,15.7288,15.8754,2484352
2015-10-26,15.8754,15.8754,15.4327,15.4893,2477274
2015-10-27,15.4407,15.6437,15.3218,15.5149,2654539
2015-10-28,15.5149,15.8982,15.3149,15.82,3773938
2015-10-29,15.6952,15.8566,15.6249,15.7368,1704154
2015-10-30,15.8467,15.8893,15.6249,15.6615,2206831
2015-11-02,15.6694,16.4557,15.5249,16.3923,3391153
2015-11-03,16.228,16.4557,15.616,15.7784,5454812
2015-11-04,15.9379,15.9379,15.3218,15.6249,3242404
2015-11-05,15.5585,15.8982,15.3803,15.5843,2302131
2015-11-06,15.4149,15.7288,15.1278,15.5585,3573553
2015-11-09,15.5585,15.608,14.9307,15.0307,2804471
2015-11-10,15.0237,15.2278,14.491,14.4999,7556369
2015-11-11,14.6346,14.6682,14.082,14.6068,4455410
2015-11-12,14.3474,14.59,14.1622,14.4573,4137794
2015-11-13,14.4999,14.7772,14.4315,14.6247,2402854
2015-11-16,14.5742,14.8287,14.3603,14.7514,2555470
2015-11-17,14.7218,14.8554,14.4831,14.6445,2468782
2015-11-18,14.8118,15.3456,14.5079,15.2783,3682179
2015-11-19,15.0763,15.4327,14.7356,15.1496,1783770
2015-11-20,15.2456,15.306,14.8366,14.9723,2290570
2015-11-23,14.9465,15.211,14.7218,14.7356,1716071
2015-11-24,14.6772,15.2536,14.6772,15.102,2669403
2015-11-25,15.102,15.1584,14.7218,14.7356,2244808
2015-11-27,14.6168,14.8911,14.5989,14.8366,959820
2015-11-30,14.8554,15.0159,14.4999,14.7445,3738553
2015-12-01,14.7614,14.8951,14.6514,14.8554,2291856
2015-12-02,14.7356,14.8366,14.5563,14.6068,2311032
2015-12-03,14.7118,14.7266,14.2078,14.3553,2927446
2015-12-04,14.4127,14.6168,14.2078,14.491,3293440
2015-12-07,14.3553,14.386,13.8889,14.1523,3542770
2015-12-08,13.8889,14.1256,13.7631,14.0414,3810716
2015-12-09,14.1176,14.4831,14.0245,14.0662,4808417
2015-12-10,14.0662,14.9821,14.0483,14.9,4113376
2015-12-11,14.59,14.8366,14.4653,14.59,3518828
2015-12-14,14.7514,15.0159,14.5811,14.6514,3675637
2015-12-15,14.7614,14.8118,14.2008,14.3603,4588216
2015-12-16,14.4999,14.4999,13.8285,14.2534,4892981
2015-12-17,14.2365,14.695,13.88,14.4227,5994215
2015-12-18,14.386,14.6594,14.3474,14.3474,6611055
2015-12-21,14.5336,14.7266,14.3692,14.6514,3123601
2015-12-22,14.6247,15.201,14.5989,15.1674,4442003
2015-12-23,15.3545,15.8655,15.1762,15.3625,4196529
2015-12-24,15.3545,15.5061,15.201,15.3961,898057
2015-12-28,15.2783,15.3218,14.9515,15.2456,2134829
2015-12-29,15.3278,15.6625,15.208,15.4595,1961460
2015-12-30,15.3278,15.5149,15.2347,15.3337,1307830
2015-12-31,15.2852,15.4733,15.1644,15.2674,2068843
2016-01-04,15.0535,15.2802,14.9277,15.1733,2933240
2016-01-05,15.198,15.3694,15.0436,15.208,3193194
2016-01-06,15.0297,15.2674,14.8941,14.9515,5623847
2016-01-07,14.6464,14.9603,14.4315,14.6792,6229285
2016-01-08,14.7643,14.797,14.1236,14.1414,4008652
2016-01-11,14.2058,14.3286,13.7482,13.8919,3601093
2016-01-12,13.9533,14.3603,13.7968,14.3127,4801642
2016-01-13,14.4653,14.5831,13.88,14.0206,4202541
2016-01-14,14.1058,14.386,13.9711,14.2692,3207021
2016-01-15,13.8582,13.9939,13.4294,13.6235,4747801
2016-01-19,13.7889,14.0968,13.6948,13.9097,5010996
2016-01-20,13.6522,13.7889,13.0897,13.568,4473092
2016-01-21,13.3264,13.8919,13.3264,13.5502,4495254
2016-01-22,13.8582,13.8919,13.4453,13.8404,5476389
2016-01-25,13.7482,13.9583,13.5849,13.6443,5375193
2016-01-26,13.8404,14.6188,13.7968,14.4653,7751265
2016-01-27,14.3127,14.7594,14.1751,14.2602,5115998
2016-01-28,14.4741,14.9347,14.2524,14.8851,4024854
2016-01-29,14.8495,15.6784,14.8495,15.6784,4632460
2016-02-01,15.616,15.616,15.1258,15.3525,4050056
2016-02-02,15.1822,15.3278,14.9603,14.9861,2909768
2016-02-03,15.208,15.9685,15.0297,15.9101,4774443
2016-02-04,15.9101,16.6003,15.8596,16.1052,4680748
2016-02-05,14.9603,16.4043,14.9603,15.5149,4113661
2016-02-08,15.3436,15.4665,14.9277,15.1902,3267737
2016-02-09,14.9347,15.1159,14.6088,14.8148,4462476
2016-02-10,14.8148,15.2594,14.8059,15.1159,3150278
2016-02-11,14.8307,15.2516,14.6464,15.0723,2964911
2016-02-12,15.3199,15.7447,15.2594,15.6625,3201428
2016-02-16,15.8843,16.0398,15.5486,15.8685,2572283
2016-02-17,16.0259,16.2854,15.814,15.9507,3072519
2016-02-18,15.9587,15.9587,15.2248,15.2852,4545142
2016-02-19,15.2516,15.3961,15.0367,15.2594,2504850
2016-02-22,15.5675,15.814,15.5149,15.6833,2642197
2016-02-23,15.5149,15.5764,14.8851,14.9603,3263798
2016-02-24,14.7455,15.2436,14.4267,15.1564,6553426
2016-02-25,15.1317,15.6536,14.5267,15.5249,4174461
2016-02-26,15.6447,15.7952,15.2951,15.4733,2593601
2016-02-29,15.5585,15.6625,15.3872,15.5407,3192109
2016-03-01,15.814,16.5498,15.609,16.4983,4364875
2016-03-02,16.6676,17.55,16.5835,17.5243,6542414
2016-03-03,17.4619,17.75,17.1222,17.1826,5070080
2016-03-04,17.0183,17.3341,16.6439,16.8895,6298884
2016-03-07,16.9677,17.6788,16.5677,17.6629,3608323
2016-03-08,17.6263,17.9174,17.239,17.3609,4637384
2016-03-09,17.5005,17.6461,17.1044,17.4035,3328223
2016-03-10,17.4133,18.1056,17.4035,18.0877,4037324
2016-03-11,18.3016,18.4314,17.8392,18.1145,2432305
2016-03-14,17.9174,18.4551,17.6085,18.2076,4486201
2016-03-15,18.0105,18.2076,17.7728,17.8758,3728519
2016-03-16,17.9421,18.5621,17.7026,18.5125,4459689
2016-03-17,18.5987,18.9612,18.2928,18.8483,4026704
2016-03-18,18.9433,19.283,18.5987,18.7037,5129869
2016-03-21,18.7304,18.9384,18.4472,18.875,2723216
2016-03-22,18.7622,19.0959,18.5769,18.9355,2092976
2016-03-23,18.9087,19.1404,18.6156,18.7236,4066407
2016-03-24,18.5493,19.1652,18.4472,19.1583,3436418
2016-03-28,19.1583,19.1998,18.875,19.0771,1634044
2016-03-29,18.9919,19.4455,18.8463,19.4157,2767281
2016-03-30,19.5959,19.7049,19.3246,19.6336,2516952
2016-03-31,19.5771,19.691,19.3196,19.3553,2393436
2016-04-01,19.0157,19.7762,18.5463,19.7762,3552209
2016-04-04,19.7762,19.9119,19.292,19.3018,3256532
2016-04-05,19.3018,19.5683,19.1741,19.3989,4371863
2016-04-06,19.3989,19.7386,19.291,19.6148,3098131
2016-04-07,19.4623,19.5177,19.0771,19.2316,2970196
2016-04-08,19.5267,19.7148,19.3474,19.5415,2147750
2016-04-11,19.6871,20.1357,19.5495,19.7574,4820473
2016-04-12,19.8534,20.1109,19.6554,20.0317,3293805
2016-04-13,20.205,20.5318,20.205,20.3516,2883985
2016-04-14,20.3338,20.5061,20.1951,20.4189,2806367
2016-04-15,20.3674,20.815,20.1951,20.8062,3392926
2016-04-18,20.6774,20.9705,20.6338,20.713,3911532
2016-04-19,20.9705,21.1517,20.8586,21.1081,4060449
2016-04-20,21.1171,21.3478,20.6873,21.0477,4759983
2016-04-21,21.2636,21.4953,20.9963,21.1854,6276881
2016-04-22,21.2726,21.5567,20.9616,21.1517,4768670
2016-04-25,21.0051,21.219,20.6685,20.7892,3582559
2016-04-26,20.8834,21.125,20.4476,21.1003,3617477
2016-04-27,20.7892,21.5567,20.6586,21.5567,3646263
2016-04-28,21.5389,21.6786,21.1081,21.1943,3392899
2016-04-29,21.219,21.6924,20.9517,21.6756,7101610
2016-05-02,21.7212,21.8548,21.5003,21.7696,5867219
2016-05-03,21.4241,21.4241,20.8665,21.1943,5707282
2016-05-04,21.0645,21.5389,20.9794,21.2884,2770565
2016-05-05,21.4439,21.5875,21.1329,21.3656,4073526
2016-05-06,21.2359,21.5875,20.9447,21.4439,2283583
2016-05-09,21.1943,21.1943,20.1951,20.2476,7466084
2016-05-10,20.3416,20.7734,20.2376,20.7229,3747364
2016-05-11,20.7378,21.0389,20.6685,20.8408,2939837
2016-05-12,20.9368,21.0477,20.3773,20.5397,3561779
2016-05-13,20.5139,20.8062,20.2942,20.6586,5432031
2016-05-16,20.7734,21.3785,20.7476,21.0389,4658134
2016-05-17,20.9963,21.0903,20.4377,20.4981,3579940
2016-05-18,20.31,20.6091,19.7762,19.904,5115693
2016-05-19,19.6554,20.5061,19.4455,20.3773,4103801
2016-05-20,20.5061,20.6299,20.1059,20.1525,3567307
2016-05-23,20.1109,20.7476,20.0377,20.616,2630475
2016-05-24,20.7476,21.0567,20.5585,20.823,4922398
2016-05-25,20.8497,21.2884,20.6417,21.1517,3052820
2016-05-26,21.4875,21.829,21.1943,21.2726,3406415
2016-05-27,21.1854,21.323,20.7892,21.1943,2551634
2016-05-31,21.2022,21.5726,21.1081,21.228,1906052
2016-06-01,21.0051,21.2726,20.8744,21.2102,1849075
2016-06-02,21.0389,21.4241,20.9814,21.4241,1793618
2016-06-03,21.4953,21.7657,21.2794,21.74,3163636
2016-06-06,21.6281,22.0202,21.6281,21.9152,2297688
2016-06-07,21.8202,22.0599,21.6706,21.9499,2090995
2016-06-08,22.5253,23.2046,22.3886,22.9382,5657559
2016-06-09,22.6807,22.7253,22.144,22.5253,4290279
2016-06-10,22.353,22.5867,22.1559,22.251,4817096
2016-06-13,22.3985,22.5253,21.9865,22.0202,4858679
2016-06-14,21.9598,22.241,21.6281,21.7112,3733318
2016-06-15,22.0865,22.4272,21.8202,22.2262,4466973
2016-06-16,22.0945,22.3212,21.8905,22.3024,2308606
2016-06-17,22.3371,22.5609,21.8726,21.9242,4224455
2016-06-20,22.2094,22.6381,22.0133,22.5609,2830562
2016-06-21,22.5689,22.7154,21.6924,21.9598,4159166
2016-06-22,22.147,22.1747,21.5805,21.6756,2952558
2016-06-23,21.9499,22.1044,21.5221,21.9776,3086504
2016-06-24,21.021,21.4241,20.4635,20.7308,7368745
2016-06-27,20.5843,20.6338,19.8098,19.9445,5167986
2016-06-28,20.1971,20.4239,19.8713,20.305,6150463
2016-06-29,20.6299,20.7437,20.2862,20.4308,2877041
2016-06-30,20.6823,21.1933,20.5535,21.1933,4803454
2016-07-01,21.3418,21.8498,21.3152,21.5231,2922068
2016-07-05,21.7944,21.7944,21.227,21.4963,3457061
2016-07-06,21.6241,22.1519,21.6171,22.0817,4380884
2016-07-07,22.1618,22.5679,22.041,22.35,3521749
2016-07-08,22.657,23.1551,22.6371,23.0451,3413533
2016-07-11,22.9838,23.3382,22.9392,23.2798,1889014
2016-07-12,23.6205,23.8304,23.4254,23.779,4152975
2016-07-13,23.8918,23.9513,23.4839,23.7532,2919263
2016-07-14,24.0226,24.1681,23.6433,23.9859,2619079
2016-07-15,23.9097,24.0989,23.8464,24.0889,2442518
2016-07-18,24.2206,24.2306,23.7027,24.2008,4320308
2016-07-19,23.4413,23.771,22.7322,23.2254,6635256
2016-07-20,22.657,22.9392,22.4718,22.8887,5806057
2016-07-21,22.9749,23.062,22.3342,22.5679,4647299
2016-07-22,22.5679,22.8728,22.4995,22.8104,3383075
2016-07-25,22.8273,23.0867,22.7144,22.8026,3067983
2016-07-26,22.4054,23.5205,22.4054,23.4581,3900385
2016-07-27,23.6136,23.7374,22.9838,23.1323,2757824
2016-07-28,23.1471,23.2878,22.8986,23.1551,2613595
2016-07-29,23.1551,23.364,22.9471,23.1987,2562532
2016-08-01,23.5116,23.5116,22.6471,22.863,2281190
2016-08-02,22.9056,22.9263,22.5381,22.8204,2356697
2016-08-03,22.6966,23.0263,22.4896,22.9927,1758808
2016-08-04,22.8728,22.9392,22.4718,22.6283,1779725
2016-08-05,22.6877,22.8808,22.5767,22.863,1211069
2016-08-08,22.8728,23.0175,22.7065,22.9392,1952735
2016-08-09,22.8104,22.9214,22.5936,22.6115,2703578
2016-08-10,22.6728,22.8026,22.2738,22.3094,2327728
2016-08-11,22.4054,22.4242,21.9737,22.1985,2507926
2016-08-12,22.1519,22.2738,21.8498,21.8766,2976265
2016-08-15,22.0995,22.5857,22.0519,22.3956,2493233
2016-08-16,22.4807,22.5679,22.0817,22.0905,1553220
2016-08-17,22.1093,22.1093,21.8092,21.9638,2640439
2016-08-18,22.0817,22.2302,21.8271,22.2302,1610925
2016-08-19,21.8568,22.1361,21.2784,21.4439,4161068
2016-08-22,21.5479,21.7558,21.3666,21.6677,2470578
2016-08-23,21.9014,22.3856,21.8528,21.8934,2373676
2016-08-24,21.8132,21.8132,21.1151,21.3478,2399486
2016-08-25,21.3062,21.5735,21.1061,21.2022,3054935
2016-08-26,21.4439,21.8568,21.219,21.3062,2259363
2016-08-29,21.4161,21.635,21.3152,21.532,1184128
2016-08-30,22.4896,22.4896,21.2538,21.3736,1966657
2016-08-31,21.2538,21.4072,21.0111,21.2972,2720544
2016-09-01,21.3736,21.4528,20.9418,21.3736,2428810
2016-09-02,21.6301,21.832,20.9507,21.0369,2608928
2016-09-06,21.1844,21.5983,20.8853,21.5983,3305845
2016-09-07,21.5063,21.7498,21.3418,21.5983,1713889
2016-09-08,21.6171,21.7231,21.3785,21.4696,2227362
2016-09-09,21.2784,21.3577,20.6823,20.7616,2949091
2016-09-12,20.5347,21.0269,20.3704,20.8724,3980962
2016-09-13,20.6051,20.6051,19.9277,20.1971,2997572
2016-09-14,20.102,20.1495,19.7128,20.1119,3886034
2016-09-15,20.102,20.5021,19.9445,20.4674,4003149
2016-09-16,20.405,20.5922,20.2822,20.3198,4619450
2016-09-19,20.5269,21.1399,20.4209,21.0191,4222523
2016-09-20,20.7437,21.0191,20.1971,20.9418,5745533
2016-09-21,21.0467,21.5063,21.0191,21.4963,3114367
2016-09-22,21.742,21.9984,21.3656,21.3824,3316276
2016-09-23,21.4161,21.7132,21.2438,21.4884,2386824
2016-09-26,21.4795,21.6587,21.2972,21.5479,2340915
2016-09-27,21.4884,22.0083,21.2784,21.9737,3034133
2016-09-28,22.0826,22.2757,21.7944,22.24,2201830
2016-09-29,22.2163,22.45,21.5973,21.831,3606017
2016-09-30,21.9905,22.0202,21.5122,21.741,4059229
2016-10-03,21.741,21.741,21.1794,21.3538,2384632
2016-10-04,21.2052,21.3696,20.7546,20.7872,3297732
2016-10-05,20.9447,21.1884,20.6655,21.1636,3720340
2016-10-06,20.9715,21.222,20.9715,21.0755,2916062
2016-10-07,21.1794,21.1794,20.7457,21.0587,1966751
2016-10-10,21.1448,21.5627,21.1448,21.3032,2045943
2016-10-11,21.2488,21.321,20.8834,20.9893,2437589
2016-10-12,21.0409,21.2586,20.8834,21.1012,1899494
2016-10-13,20.7546,20.8487,20.304,20.6308,2435032
2016-10-14,20.7546,20.9527,20.5883,20.6387,2203204
2016-10-17,20.6061,21.0843,20.4843,20.7814,2351322
2016-10-18,21.0843,21.1666,20.4535,21.0755,4595661
2016-10-19,21.5973,22.2579,21.4359,21.9539,6913229
2016-10-20,20.8744,23.2779,20.8744,23.0937,9000107
2016-10-21,23.0075,23.4244,22.6699,22.9174,4225200
2016-10-24,23.3374,23.3799,22.5847,22.6411,3630806
2016-10-25,22.8154,23.0422,22.5807,22.7708,4475537
2016-10-26,23.1017,23.4046,22.9481,23.1215,3186282
2016-10-27,23.1115,23.4334,22.8689,23.363,6751289
2016-10-28,23.2323,23.7493,23.0659,23.3374,6012269
2016-10-31,23.4938,23.9978,23.363,23.885,4752527
2016-11-01,24.1117,24.3038,23.1967,23.4938,4543430
2016-11-02,23.2858,23.7206,23.0749,23.1897,3353833
2016-11-03,23.1967,23.9156,23.1967,23.7908,4426716
2016-11-04,23.7206,24.2781,23.6493,23.9632,3210968
2016-11-07,24.3216,24.8198,24.2414,24.7376,4075457
2016-11-08,24.6405,24.8852,24.5623,24.797,3561212
2016-11-09,27.356,27.9026,26.529,27.2678,11593787
2016-11-10,27.5907,28.6542,27.2331,28.1403,7959467
2016-11-11,28.0085,28.164,27.2083,28.0759,5839828
2016-11-14,28.1561,28.9295,27.4589,28.8444,7831018
2016-11-15,28.4204,29.0166,27.6936,29.0077,6899950
2016-11-16,28.7552,29.0691,28.6759,29.0077,3528564
2016-11-17,29.0513,29.2246,28.7463,29.0345,3517212
2016-11-18,28.9206,29.1643,28.7463,29.0256,3352116
2016-11-21,29.2147,29.5771,29.2147,29.5316,3532028
2016-11-22,29.9396,30.8556,29.6781,30.6971,6611688
2016-11-23,30.3387,31.0854,30.303,31.0854,4681989
2016-11-25,31.2537,31.2884,30.8269,31.1141,1522746
2016-11-28,31.1319,31.2389,30.6417,30.8586,5073968
2016-11-29,29.7465,30.9656,29.4414,30.6417,5488321
2016-11-30,31.0596,31.6885,30.7734,30.8685,3024528
2016-12-01,31.124,31.426,30.8854,31.3201,3186997
2016-12-02,31.2181,31.931,30.9744,31.9064,3865756
2016-12-05,32.3163,33.1739,32.1817,33.164,4403609
2016-12-06,32.7917,33.8245,32.7739,33.8027,5104444
2016-12-07,34.0939,34.3811,33.7493,33.9484,4037948
2016-12-08,34.286,34.9406,33.6958,33.7215,5429063
2016-12-09,33.5997,33.6116,32.1153,32.2797,6144776
2016-12-12,32.3569,32.5252,31.8974,32.1638,4525001
2016-12-13,32.2341,32.5748,31.4786,31.6885,4205496
2016-12-14,31.5993,32.8352,31.5132,32.0707,4992610
2016-12-15,31.6171,32.5233,31.0339,32.5144,5066572
2016-12-16,32.4698,32.9907,31.8519,31.9064,4492303
2016-12-19,31.53,32.2083,31.53,31.9548,2304852
2016-12-20,32.1153,32.8194,31.8103,32.6877,3341304
2016-12-21,32.5847,32.7293,32.0885,32.4154,2052310
2016-12-22,32.3232,32.5926,32.0222,32.0975,2102257
2016-12-23,32.0272,32.2083,31.837,32.1559,1196482
2016-12-27,32.3163,32.4342,32.1677,32.2431,1082317
2016-12-28,32.5322,32.7155,31.737,31.7895,1099271
2016-12-29,31.8776,32.0064,31.436,31.6597,1629788
2016-12-30,31.6945,31.7984,31.022,31.0646,1834183
2017-01-03,31.3795,31.8499,30.8992,31.6152,2843781
2017-01-04,31.7449,33.0472,31.6785,32.9868,4298155
2017-01-05,33.065,33.5869,32.7937,33.1679,3975056
2017-01-06,33.1234,33.3274,32.1014,32.1054,2944445
2017-01-09,32.1054,32.4005,31.4616,31.5191,2338386
2017-01-10,32.1727,32.549,31.7617,32.4164,3727804
2017-01-11,32.4618,32.8283,31.7191,32.3658,3081734
2017-01-12,31.5885,31.9538,31.0042,31.2061,3972676
2017-01-13,31.2329,31.7103,31.0596,31.2815,2295923
2017-01-17,31.2419,31.4418,30.8764,31.0893,3032945
2017-01-18,31.1091,32.6075,30.7595,32.5401,6408086
2017-01-19,32.5243,32.549,31.0042,31.2507,2888161
2017-01-20,31.3964,31.6785,31.1359,31.2587,2747235
2017-01-23,31.3557,31.5152,30.4446,30.9952,4450904
2017-01-24,31.7013,32.1905,31.2973,31.6519,5382027
2017-01-25,31.0378,31.423,29.1008,29.5643,13033220
2017-01-26,29.6326,31.2061,29.5881,31.1438,10714745
2017-01-27,31.1863,31.8954,31.1091,31.6429,6014988
2017-01-30,31.4588,31.4756,29.9812,30.7001,5424892
2017-01-31,30.7595,30.822,29.1265,29.5128,6819018
2017-02-01,29.8872,30.2615,28.6493,29.2217,5692360
2017-02-02,29.284,29.8336,29.0315,29.7723,4902608
2017-02-03,29.6771,29.695,29.1177,29.5712,3729391
2017-02-06,29.798,29.9138,29.4494,29.6247,2903635
2017-02-07,29.9732,30.1823,29.3296,29.39,3563357
2017-02-08,29.5217,30.1495,29.1711,30.1327,3855329
2017-02-09,30.3407,31.8677,30.2793,31.8499,7060500
2017-02-10,32.1727,32.3302,31.8499,31.9301,5747030
2017-02-13,32.856,33.3938,32.5857,32.9244,4252585
2017-02-14,32.9244,33.0392,32.4005,33.0096,4136170
2017-02-15,33.065,33.3858,32.6937,32.7669,3826942
2017-02-16,32.7669,32.962,32.1905,32.6362,2271623
2017-02-17,32.5758,32.7421,32.1559,32.444,2253974
2017-02-21,33.1006,33.1779,32.6451,32.8214,2824410
2017-02-22,32.5926,32.7065,32.2697,32.6273,2438031
2017-02-23,32.7937,32.953,30.7001,31.0131,4394136
2017-02-24,30.5526,31.2884,30.409,31.0646,2146801
2017-02-27,31.1438,32.1727,30.5922,32.043,3751121
2017-02-28,32.0697,32.655,31.8083,31.9538,4164538
2017-03-01,32.6174,33.2898,32.5243,32.8728,4073222
2017-03-02,32.5995,32.6975,31.5647,31.5885,2714922
2017-03-03,31.6785,31.9628,31.2666,31.5696,2454420
2017-03-06,31.2329,31.3458,30.8724,31.1359,3372306
2017-03-07,31.0309,31.3557,29.695,29.7723,5420133
2017-03-08,29.8693,30.2793,29.7138,30.1238,4450883
2017-03-09,29.9564,30.5773,29.6603,29.7297,3008359
2017-03-10,29.9732,30.2793,29.596,29.6673,2402387
2017-03-13,29.7455,30.3684,29.6603,30.0337,2544076
2017-03-14,29.5712,30.3268,29.3801,30.2535,3307562
2017-03-15,30.4872,31.1675,30.106,31.1279,3036343
2017-03-16,32.453,32.453,30.7319,30.9338,4051452
2017-03-17,31.536,32.5659,31.4518,31.7281,5179148
2017-03-20,31.7617,31.947,31.2973,31.7895,1928876
2017-03-21,31.7281,31.8499,29.596,29.6425,6933175
2017-03-22,29.9644,30.5863,29.6673,30.3842,2910058
2017-03-23,30.305,30.6546,29.7089,30.1327,3035770
2017-03-24,30.2159,30.3842,29.4008,29.5881,2913979
2017-03-27,28.7413,29.6148,28.4224,29.4494,3964228
2017-03-28,29.4652,30.3842,29.4652,30.2793,2483095
2017-03-29,30.2109,30.4506,29.9366,30.1179,1962634
2017-03-30,30.0832,30.6338,30.0832,30.3011,1722914
2017-03-31,30.3803,30.7387,29.899,30.4842,2452142
2017-04-03,30.5288,30.9686,30.2407,30.7199,2463135
2017-04-04,30.5486,31.1675,30.5021,30.9556,1841797
2017-04-05,31.2151,31.6449,29.8564,29.908,3475213
2017-04-06,29.9326,30.511,29.6969,30.2495,2030838
2017-04-07,29.8901,31.1597,29.8277,30.9042,4450071
2017-04-10,30.6705,30.9032,30.1179,30.4754,2206830
2017-04-11,30.3892,30.9864,29.9584,30.8536,2602766
2017-04-12,30.1267,30.406,29.4762,29.6791,3147648
2017-04-13,29.7307,29.7831,28.8632,28.8632,3359492
2017-04-17,28.8632,29.1523,28.3581,28.7127,3631498
2017-04-18,28.3462,29.1355,28.1977,28.6542,2632460
2017-04-19,28.9314,29.3702,28.575,28.6779,3490658
2017-04-20,29.3612,30.7923,29.0166,30.6169,7359945
2017-04-21,30.914,31.0983,30.5566,31.021,4519086
2017-04-24,31.8608,32.3579,31.326,32.1083,4978140
2017-04-25,32.4054,32.6144,31.635,31.8707,3823969
2017-04-26,30.8705,32.353,30.8021,32.0905,4307842
2017-04-27,31.9905,32.1004,31.537,31.8192,2976501
2017-04-28,31.9578,32.1341,31.6538,31.6963,2066388
2017-05-01,31.8984,32.9046,31.6449,32.2747,4027850
2017-05-02,32.1865,32.8273,31.9252,32.4312,3705416
2017-05-03,32.2133,32.3262,31.1597,31.2884,3340244
2017-05-04,31.1349,31.7558,30.8121,31.4598,2679338
2017-05-05,31.6617,31.7469,30.914,31.4162,2268450
2017-05-08,31.2329,31.4162,30.9318,31.2884,1681007
2017-05-09,31.3716,31.433,30.6169,30.7199,2142716
2017-05-10,30.8378,30.8972,30.1595,30.2753,4379116
2017-05-11,30.3199,30.3456,29.5722,29.9198,3955744
2017-05-12,29.5979,29.9674,29.5722,29.9426,2019885
2017-05-15,30.3011,30.3803,29.9158,30.3011,4502247
2017-05-16,30.4754,31.0983,30.0119,30.7754,2784655
2017-05-17,29.8267,30.3972,29.3434,29.7237,3619991
2017-05-18,29.4662,29.908,29.2405,29.6969,3067542
2017-05-19,29.8901,30.3486,29.7643,30.0119,2860874
2017-05-22,30.1871,30.3199,29.5128,29.7921,3092337
2017-05-23,29.6535,31.1597,29.5653,30.9418,4343652
2017-05-24,31.4528,32.2479,30.4932,30.6873,3823478
2017-05-25,30.8705,31.0468,29.8366,30.2031,3312857
2017-05-26,30.2575,30.2664,29.485,29.5653,3880266
2017-05-30,29.3612,30.1179,29.2652,30.0644,4149069
2017-05-31,29.9842,30.2109,28.881,29.8089,18188134
2017-06-01,30.1001,30.2832,29.5227,30.1099,3344947
2017-06-02,30.0198,30.2664,29.8188,30.1367,2884812
2017-06-05,30.1099,30.5486,30.0555,30.2407,2069745
2017-06-06,30.1001,30.2307,29.7732,29.9842,2571257
2017-06-07,29.9752,30.3803,29.3702,29.7643,2921746
2017-06-08,29.7475,31.5716,29.4762,31.3161,4073733
2017-06-09,31.9162,32.0004,31.0368,31.5993,2923095
2017-06-12,31.4766,32.0202,31.2061,31.5112,2756677
2017-06-13,31.4924,32.038,31.1477,31.2973,3114403
2017-06-14,31.2815,31.433,29.9752,30.3724,4504598
2017-06-15,29.7921,30.3199,28.6859,28.8097,5196916
2017-06-16,28.8285,29.3128,28.3373,29.0999,6206017
2017-06-19,29.494,30.2407,28.7611,28.8186,6711902
2017-06-20,28.5482,29.1523,28.2828,28.8632,3733671
2017-06-21,28.9662,29.5811,28.7572,29.1613,3286962
2017-06-22,29.2929,29.5891,28.9503,29.39,2046520
2017-06-23,29.6435,30.0119,29.0384,29.3197,4848636
2017-06-26,29.4168,29.7921,28.9236,29.3702,1811798
2017-06-27,29.5554,29.9674,29.1097,29.1177,2742662
2017-06-28,29.5286,30.8408,29.5286,30.7873,3637198
2017-06-29,31.017,31.3607,30.8319,31.1577,3214258
2017-06-30,31.3775,32.1519,31.1577,31.5538,4683369
2017-07-03,31.8806,32.143,31.4578,31.9756,1504441
2017-07-05,31.8984,32.3411,31.4132,32.143,3955269
2017-07-06,32.0826,32.9372,31.7548,32.4798,4646862
2017-07-07,32.3203,32.4608,31.2023,31.6519,4717910
2017-07-10,31.4578,32.4084,31.2577,32.0301,3276966
2017-07-11,32.0202,32.2301,31.5538,31.7379,2685692
2017-07-12,31.933,32.1093,31.5182,31.7113,3374690
2017-07-13,31.7905,32.557,31.4746,32.4252,3430457
2017-07-14,32.6085,32.6461,32.0004,32.2054,2092856
2017-07-17,32.2143,32.5659,31.8984,32.3282,1951033
2017-07-18,32.2589,32.3638,31.4746,32.1687,2545887
2017-07-19,32.3035,33.0699,31.6707,33.0343,3636146
2017-07-20,32.039,33.3066,31.8707,33.2105,5128040
2017-07-21,33.1561,33.5552,33.0046,33.0511,2984247
2017-07-24,33.0511,33.2868,32.549,33.061,2507465
2017-07-25,33.5878,34.0988,33.4482,33.5641,3321126
2017-07-26,33.5878,33.6513,31.5885,32.0202,4892205
2017-07-27,32.143,32.4698,31.7815,32.1787,2351948
2017-07-28,31.9756,32.1519,30.716,30.9734,3782735
2017-07-31,31.323,31.4399,30.7705,31.2023,2664023
2017-08-01,31.3042,31.3131,30.6279,30.716,2734739
2017-08-02,30.5219,30.9636,30.1881,30.6725,2554000
2017-08-03,30.6447,31.0072,30.4862,30.7605,1426905
2017-08-04,30.8972,31.1607,30.7794,31.0755,1602387
2017-08-07,31.2715,31.843,30.9864,31.5795,2201192
2017-08-08,31.5696,32.0103,31.026,31.7331,3461951
2017-08-09,31.6241,31.7201,31.2627,31.2884,1891807
2017-08-10,31.0329,31.5696,31.017,31.2557,2275372
2017-08-11,31.0685,31.2943,30.3912,30.4348,2584049
2017-08-14,30.4862,31.2884,30.3278,31.2191,3990878
2017-08-15,31.1042,31.6607,30.9824,31.2884,1512381
2017-08-16,31.5003,32.0826,31.5003,31.8281,2305666
2017-08-17,31.5597,31.7548,30.3822,30.4426,2693954
2017-08-18,30.5516,30.5516,30.1099,30.2119,2703244
2017-08-21,30.2674,30.311,29.695,29.7217,3725173
2017-08-22,29.7138,30.105,29.5445,29.9148,6158448
2017-08-23,29.7623,30.5318,29.5623,30.3278,3501609
2017-08-24,30.3209,30.5219,30.0505,30.0644,2606267
2017-08-25,30.2417,30.6725,30.1881,30.5318,2101671
2017-08-28,30.5318,30.5922,30.2041,30.3822,1467205
2017-08-29,30.1179,30.7605,29.7821,30.407,3322663
2017-08-30,30.3575,30.8408,30.1179,30.6903,1429999
2017-08-31,30.8061,31.0755,30.2119,30.3575,2966834
2017-09-01,30.5041,30.9318,30.5041,30.6367,1694510
2017-09-05,30.8734,31.3131,29.7534,30.1267,4748066
2017-09-06,30.1783,30.7229,29.9218,30.1001,3069382
2017-09-07,30.1001,30.3209,29.3583,29.9574,3638641
2017-09-08,29.8624,30.2763,29.29,30.1446,4113057
2017-09-11,30.3011,30.4526,29.3583,29.4306,2928568
2017-09-12,29.0058,29.3583,28.373,29.3088,4128130
2017-09-13,29.1899,29.8624,29.0969,29.8168,3970840
2017-09-14,29.6326,30.3328,29.2801,29.4216,5349733
2017-09-15,29.395,29.9218,29.1563,29.3762,5021938
2017-09-18,29.4376,29.9218,29.393,29.7821,2963742
2017-09-19,29.7821,29.9416,29.2543,29.8079,2408560
2017-09-20,29.9148,30.2931,29.7534,30.0287,3962200
2017-09-21,29.907,30.1179,29.1523,29.3583,2169674
2017-09-22,29.0879,29.3306,28.777,29.2801,1618395
2017-09-25,29.1651,29.2543,28.5116,29.1989,3192707
2017-09-26,29.2365,29.6603,29.1741,29.2801,2115067
2017-09-27,29.4474,30.0555,29.0969,30.0555,2688833
2017-09-28,29.907,30.7219,29.8069,30.6031,4661663
2017-09-29,30.7179,30.7784,30.3932,30.506,2383911
2017-10-02,29.9218,31.0032,29.7119,30.8101,2120690
2017-10-03,30.9408,31.0695,30.2327,30.8517,6739455
2017-10-04,31.0557,31.6409,30.9942,31.5419,2885053
2017-10-05,31.7093,32.0826,31.3746,31.7805,3303119
2017-10-06,31.6865,32.0915,31.3389,32.0103,4339147
2017-10-09,31.9074,32.0004,31.324,31.437,3018754
2017-10-10,31.8172,32.1697,31.4974,31.533,2324259
2017-10-11,31.5419,32.2688,31.5419,31.842,3390679
2017-10-12,31.8172,32.2509,31.6935,32.0747,2604322
2017-10-13,32.7461,32.8699,32.3044,32.6767,3144776
2017-10-16,32.8095,32.8828,31.9152,32.0103,2919764
2017-10-17,32.1351,32.4628,31.9252,32.0103,2160283
2017-10-18,32.0004,32.4005,32.0004,32.2509,3776189
2017-10-19,32.0915,33.5621,31.4012,33.4354,5174666
2017-10-20,33.8424,34.5168,33.57,34.4286,4573713
2017-10-23,34.484,34.8079,34.0048,34.3642,2970563
2017-10-24,34.7207,35.1803,34.4652,35.004,2681762
2017-10-25,34.8693,34.8693,34.1523,34.2761,2980391
2017-10-26,34.5068,34.6485,34.1167,34.4187,1918237
2017-10-27,34.2167,34.4564,33.9493,34.2256,2474005
2017-10-30,33.986,34.1167,33.2839,33.3997,2663141
2017-10-31,33.2343,33.3027,32.8194,32.9313,3193194
2017-11-01,33.7473,34.3999,33.2839,33.6136,4315506
2017-11-02,33.6304,34.0146,33.1521,33.1887,2555004
2017-11-03,33.1887,33.3314,32.8095,33.1987,2580863
2017-11-06,33.3819,33.7185,33.1521,33.2839,2353981
2017-11-07,33.3759,33.3759,32.8867,33.0917,1289666
2017-11-08,32.96,33.5156,32.7461,33.4452,2239470
2017-11-09,32.9868,33.2065,32.5421,32.9134,2781477
2017-11-10,33.0096,33.3759,32.7283,32.9313,3626779
2017-11-13,32.6401,33.2858,32.6312,33.056,1626559
2017-11-14,32.8352,32.96,32.0915,32.347,2798813
2017-11-15,32.0747,32.8778,31.6865,32.7719,2869913
2017-11-16,32.8867,32.96,32.4817,32.7015,1553452
2017-11-17,32.6679,32.7996,32.3926,32.6114,1261156
2017-11-20,32.6837,33.0967,32.2509,33.0392,1170419
2017-11-21,33.367,33.4988,33.1432,33.1887,970150
2017-11-22,33.2839,33.6304,33.1611,33.3819,1348907
2017-11-24,33.4818,33.6215,33.1669,33.1799,838106
2017-11-27,33.2343,33.2433,32.454,33.065,2673936
2017-11-28,33.0838,33.1224,32.3559,32.8867,4367147
2017-11-29,32.9313,34.1879,32.9313,33.5156,3426370
2017-11-30,33.5621,34.3811,33.4086,34.0721,3222637
2017-12-01,34.1701,34.5861,33.1432,33.9156,3484707
2017-12-04,34.1791,35.7645,34.1791,35.2159,5917199
2017-12-05,34.0988,34.7207,33.8968,34.2761,2830342
2017-12-06,34.391,35.5586,34.391,34.7039,2412674
2017-12-07,34.8079,35.2595,34.6583,35.1713,2750423
2017-12-08,35.3753,36.3765,35.2427,36.02,3921322
2017-12-11,36.3666,36.3666,35.4734,36.02,2833212
2017-12-12,35.9408,36.2409,35.6764,35.9686,2392683
2017-12-13,35.915,36.525,35.5863,36.4458,2807987
2017-12-14,36.02,36.8707,35.2505,35.2595,2895604
2017-12-15,35.409,35.7735,34.9456,35.2693,6220361
2017-12-18,35.0119,36.2864,34.9664,36.1715,3100287
2017-12-19,36.2765,37.0122,36.029,36.639,3392103
2017-12-20,37.1697,38.5522,37.0826,38.3303,4541993
2017-12-21,38.5432,38.676,38.2521,38.464,2517276
2017-12-22,38.6304,38.6304,37.8709,38.2859,1442584
2017-12-26,38.4819,38.7987,38.2155,38.6582,1066365
2017-12-27,38.6582,38.6582,38.1709,38.2244,1162529
2017-12-28,38.465,38.9622,38.1848,38.9196,1530848
2017-12-29,38.9384,38.978,38.2859,38.3047,2027511
2018-01-02,38.474,39.8961,38.474,39.8415,3229953
2018-01-03,39.8337,40.72,39.495,40.508,4847910
2018-01-04,40.6744,41.1368,40.408,40.8091,2206387
2018-01-05,40.9764,40.9864,40.3367,40.4982,2518464
2018-01-08,40.7457,40.9586,40.514,40.8279,2169292
2018-01-09,40.7735,41.0121,40.0099,40.0654,3522261
2018-01-10,39.495,40.9457,39.3969,40.8972,1924900
2018-01-11,41.1458,41.9033,40.9239,41.8559,2069954
2018-01-12,42.0678,42.0866,41.43,41.7519,2125079
2018-01-16,41.9202,42.4975,40.9071,41.2805,1890992
2018-01-17,41.3271,41.8033,41.0032,41.5458,1642411
2018-01-18,41.2517,41.4756,40.6328,41.0844,1884468
2018-01-19,41.0933,41.2983,40.4724,41.225,2390065
2018-01-22,41.121,41.4756,40.5694,41.3577,2841733
2018-01-23,42.0588,42.3094,40.4982,41.1715,4622011
2018-01-24,41.6082,41.8033,40.9864,41.7063,3711692
2018-01-25,41.9549,42.1004,40.9586,41.1626,3954524
2018-01-26,41.2607,42.753,40.9161,42.1777,3820494
2018-01-29,42.1341,42.8788,41.8835,42.0262,2294634
2018-01-30,41.5548,42.2203,40.7735,41.5458,2561864
2018-01-31,41.5835,42.0529,40.0654,40.3199,3202693
2018-02-01,40.0902,40.9418,40.0654,40.4635,2270149
2018-02-02,39.9277,39.9723,38.8087,39.2097,2492238
2018-02-05,38.6879,40.3922,38.0908,38.3918,3426767
2018-02-06,37.6204,39.594,36.528,39.3345,2581298
2018-02-07,39.0306,39.8505,38.8533,39.3969,3442089
2018-02-08,39.2187,39.3623,37.966,38.0016,3103608
2018-02-09,38.5007,38.9533,37.2341,38.6958,3019129
2018-02-12,38.8909,40.0386,38.8087,39.7148,1583278
2018-02-13,39.3445,40.4169,39.1147,39.8415,3230633
2018-02-14,39.3543,41.633,39.2355,41.5548,3122677
2018-02-15,41.8123,42.036,40.7813,41.8657,2597491
2018-02-16,41.8657,44.1128,41.3517,43.8809,7121064
2018-02-20,43.3393,45.0258,43.0808,43.3927,4282818
2018-02-21,43.4551,43.8829,42.7095,42.753,2861552
2018-02-22,43.2779,43.3047,42.5134,42.6272,1865863
2018-02-23,43.8196,43.8196,41.9449,42.1578,2586721
2018-02-26,42.9402,43.27,41.8835,42.647,3994028
2018-02-27,42.5292,42.9045,42.0588,42.1945,3169873
2018-02-28,42.3273,42.6916,41.0586,41.0754,3365497
2018-03-01,42.3441,43.1492,41.3923,42.7194,4906270
2018-03-02,42.5292,43.0898,41.8371,42.9214,3736582
2018-03-05,42.6837,43.2244,41.9826,42.0172,2946312
2018-03-06,42.1678,42.4114,41.121,41.7162,5885976
2018-03-07,41.8123,42.7273,41.641,42.036,3371454
2018-03-08,42.1866,42.1866,40.4268,40.8537,3157457
2018-03-09,41.5835,41.9261,40.2882,41.1537,2742307
2018-03-12,41.3271,42.0628,41.1368,41.7261,2726758
2018-03-13,41.7162,43.1878,41.3171,41.9549,5898045
2018-03-14,42.3539,42.6738,41.633,41.8033,2900127
2018-03-15,41.8281,42.2024,40.9071,41.2339,3253800
2018-03-16,41.4201,41.8657,40.4268,41.6974,3557188
2018-03-19,41.3271,41.5458,40.1198,40.5784,2682360
2018-03-20,40.8625,41.0933,40.1426,40.3467,2315964
2018-03-21,40.514,41.4488,40.2407,41.2092,1652766
2018-03-22,40.7903,40.8219,38.0828,38.1174,3277677
2018-03-23,38.1888,38.8285,37.4886,37.5926,3134315
2018-03-26,38.2699,38.8285,37.7619,38.6691,2394587
2018-03-27,39.1384,39.4583,37.9303,38.2155,2914911
2018-03-28,38.3581,38.4027,37.5658,38.0898,1830183
2018-03-29,38.4838,39.7049,38.1888,39.4445,2583904
2018-04-02,39.3029,39.4643,38.0382,38.2155,2273491
2018-04-03,38.6443,39.491,38.6443,39.3029,2308512
2018-04-04,38.5186,39.7307,38.2333,39.6435,2547918
2018-04-05,39.8841,40.9269,39.8841,40.6249,2280357
2018-04-06,39.9277,40.2783,38.3047,38.7869,2821949
2018-04-09,39.0256,39.5614,38.8384,38.9652,2422156
2018-04-10,39.9188,40.4179,39.4276,40.2783,2369578
2018-04-11,39.2147,40.4278,39.0622,39.2147,2447958
2018-04-12,39.601,40.3615,39.3959,40.2219,1951814
2018-04-13,40.2684,40.7675,39.4682,39.7683,2450091
2018-04-16,40.0554,40.2684,39.6762,40.1426,1602715
2018-04-17,40.6675,41.5082,40.4377,41.3419,2299528
2018-04-18,41.8103,43.0254,41.7925,42.1945,4140107
2018-04-19,41.0348,42.454,40.5338,42.0578,4414282
2018-04-20,42.2282,42.2282,40.8397,41.638,2429788
2018-04-23,40.7933,41.7737,40.6437,40.7933,2289386
2018-04-24,41.2052,41.9618,40.1941,40.8021,2880854
2018-04-25,40.7031,41.8637,40.4011,41.3488,2032551
2018-04-26,41.5172,42.0756,40.8309,42.0084,2013679
2018-04-27,41.8271,41.8539,40.1436,40.6506,3363859
2018-04-30,40.6675,41.016,39.6594,39.9713,2394689
2018-05-01,39.8039,39.8039,38.5274,39.3603,3373533
2018-05-02,39.5712,40.4011,39.5712,39.8743,2353335
2018-05-03,39.7782,40.508,39.6188,39.8941,1898266
2018-05-04,39.7049,41.4983,39.2503,41.1953,1931287
2018-05-07,41.229,41.5172,40.9893,41.3884,1256492
2018-05-08,41.3725,41.8103,41.1577,41.4815,1412466
2018-05-09,41.7033,42.0519,41.5033,41.8539,1646101
2018-05-10,41.8815,43.1304,41.7835,42.6224,2533205
2018-05-11,42.8807,43.5592,42.6234,43.0343,2359615
2018-05-14,43.266,43.47,42.9432,43.3165,1298297
2018-05-15,42.9966,44.1761,42.6392,44.1118,3062983
2018-05-16,43.9167,46.118,43.9167,45.4417,3577198
2018-05-17,45.6714,46.4706,45.5041,45.8339,2611848
2018-05-18,45.6368,45.8953,45.1644,45.3703,2531012
2018-05-21,45.4942,45.4942,44.6238,45.0139,2047789
2018-05-22,45.2813,45.8071,44.9139,44.9792,1476091
2018-05-23,44.7277,45.1188,44.1306,44.3979,1922553
2018-05-24,44.6286,44.8801,44.1384,44.4147,2160094
2018-05-25,44.3187,44.4682,43.7552,44.1028,1789577
2018-05-29,43.6482,44.2444,43.2195,43.4077,1676383
2018-05-30,43.8711,44.8445,43.8711,44.5049,1880117
2018-05-31,45.4942,46.1092,43.8889,44.0948,2753283
2018-06-01,44.7188,45.2634,44.4603,44.5752,2244887
2018-06-04,44.9227,45.3159,44.1572,44.4237,2305165
2018-06-05,44.2276,44.9039,43.9196,44.7188,2171801
2018-06-06,44.799,45.2882,44.3009,45.2813,2011767
2018-06-07,45.2733,45.5655,44.6554,44.8445,2535149
2018-06-08,44.8535,45.3159,44.5049,45.2634,1317936
2018-06-11,45.4051,45.7804,44.7098,44.7534,1830057
2018-06-12,44.8535,45.2,44.1306,44.4079,2266150
2018-06-13,44.4771,44.5227,43.8176,43.8711,2394533
2018-06-14,43.8711,44.0058,43.0155,43.7206,3210102
2018-06-15,44.1118,44.2365,41.2389,41.7132,8447954
2018-06-18,41.4063,42.7144,41.3815,42.3549,3410539
2018-06-19,41.7132,41.732,40.4377,41.4627,3398557
2018-06-20,41.6568,41.9895,41.0546,41.8815,1583592
2018-06-21,41.9014,41.9014,41.124,41.4894,1800229
2018-06-22,41.8449,42.8461,41.8449,42.7293,3739497
2018-06-25,42.5134,42.7293,40.617,41.4983,3445802
2018-06-26,41.6142,42.043,40.9269,41.8351,3131416
2018-06-27,42.043,42.0578,40.7586,40.8021,1351528
2018-06-28,40.8021,41.2676,40.095,41.1082,1543154
2018-06-29,41.3755,41.8489,41.125,41.1596,1668651
2018-07-02,41.1339,41.5746,40.7388,41.3497,1561520
2018-07-03,41.5656,41.7964,40.3912,40.508,1062669
2018-07-05,41.1874,41.8767,40.9002,41.8231,1967834
2018-07-06,41.4845,41.9063,40.8923,41.5558,1536862
2018-07-09,41.633,41.9895,41.429,41.9291,1095288
2018-07-10,42.1549,42.7283,41.8965,42.4698,1662692
2018-07-11,41.9143,42.1143,41.3993,41.8687,1607646
2018-07-12,42.2896,42.3698,41.642,41.9212,1223648
2018-07-13,41.9063,42.5035,41.8231,42.3421,1158427
2018-07-16,42.1916,42.6748,41.8499,41.9667,1391936
2018-07-17,41.9063,42.4341,41.6974,41.9212,1498065
2018-07-18,42.1995,42.9966,42.1638,42.9165,1187921
2018-07-19,42.754,42.754,41.7617,41.7964,1970187
2018-07-20,41.6885,42.2252,41.5013,42.0628,1501909
2018-07-23,42.3609,43.0254,42.1578,42.8095,2263394
2018-07-24,43.9463,44.5207,42.2807,44.0008,3475433
2018-07-25,44.0355,44.4663,43.8433,44.4306,2485858
2018-07-26,44.0533,44.3851,42.146,43.3829,3257261
2018-07-27,43.6502,43.7572,42.9065,42.9867,1350082
2018-07-30,43.2205,43.572,42.4966,42.6036,1910974
2018-07-31,42.6847,42.9788,41.7271,42.1826,2682121
2018-08-01,42.2896,42.6748,40.9715,41.0458,1804571
2018-08-02,40.4803,40.7309,39.8445,39.9673,2588411
2018-08-03,40.0772,40.1208,39.1979,39.6316,2469060
2018-08-06,39.5286,39.9673,39.3533,39.7445,1695996
2018-08-07,40.1396,40.8745,40.0188,40.407,2153089
2018-08-08,40.3259,40.508,39.7989,40.2288,1453477
2018-08-09,40.1921,40.1921,39.495,39.6811,1380210
2018-08-10,39.0968,39.8802,38.5622,39.0642,3145066
2018-08-13,39.2078,39.5128,38.9047,39.1286,1997807
2018-08-14,39.3257,39.4227,38.8761,39.0552,2731220
2018-08-15,38.5176,38.6245,37.4421,38.1046,2814691
2018-08-16,38.4829,39.2256,38.3027,38.8671,1372317
2018-08-17,38.7582,39.3157,37.8362,39.1751,1746094
2018-08-20,39.39,40.3505,39.39,40.1921,3424676
2018-08-21,40.1832,40.7933,40.1832,40.3991,2316706
2018-08-22,40.4536,40.8121,39.996,40.5704,1611243
2018-08-23,40.4803,40.5704,39.4227,39.4772,1979251
2018-08-24,39.8357,40.1258,39.7346,40.0862,949858
2018-08-27,40.9279,41.3043,40.3357,41.116,1970136
2018-08-28,41.3043,41.5458,40.7289,41.017,1553211
2018-08-29,41.0894,41.6806,40.6427,41.4746,1247983
2018-08-30,41.125,41.2498,40.4259,40.8745,1208578
2018-08-31,40.713,41.2399,40.4357,40.9616,1863140
2018-09-04,40.6239,41.4746,40.1753,40.8021,2311566
2018-09-05,40.7219,41.9766,40.6576,41.9212,2427530
2018-09-06,41.9291,42.6282,41.8539,42.4243,2451555
2018-09-07,42.3253,42.548,41.4746,41.8399,2139256
2018-09-10,41.9856,42.1192,41.3141,41.3755,1275959
2018-09-11,40.8923,41.6004,40.3189,41.3755,1719140
2018-09-12,41.3755,42.4203,41.3755,42.1638,1239495
2018-09-13,42.5382,42.7421,41.9856,42.146,1374400
2018-09-14,41.6756,42.146,41.3497,41.939,1822293
2018-09-17,42.0628,42.7194,42.0628,42.2896,1488060
2018-09-18,42.3421,42.8807,41.9578,42.0212,1842262
2018-09-19,42.3074,43.0521,42.2173,42.2807,2179286
2018-09-20,42.7639,43.1502,41.125,41.5201,3928305
2018-09-21,41.5458,41.6706,40.4536,40.8477,7822429
2018-09-24,40.9616,41.9143,40.6576,40.713,2682171
2018-09-25,41.0358,41.537,40.7675,41.2062,2117083
2018-09-26,41.1339,41.2953,40.7586,40.8309,2704130
2018-09-27,41.0726,41.2329,40.61,40.9547,1982704
2018-09-28,40.9547,41.2597,40.6486,40.6486,3336198
2018-10-01,40.9467,41.4904,40.5872,41.0992,2015257
2018-10-02,40.8823,41.531,40.6486,41.3865,2844140
2018-10-03,41.6122,41.6746,41.2507,41.539,2861199
2018-10-04,41.6647,41.8815,40.7021,41.1527,2348040
2018-10-05,40.8823,41.3943,40.3249,40.8477,2948970
2018-10-08,40.7933,40.7933,40.1892,40.605,2196654
2018-10-09,40.5784,40.7487,40.2833,40.3249,2227634
2018-10-10,40.1733,40.3249,38.8958,39.0008,4632086
2018-10-11,38.9513,39.3781,38.067,38.0768,3895519
2018-10-12,38.6799,39.1306,37.6768,38.1304,3485568
2018-10-15,37.4936,37.9778,36.4944,36.5845,5712935
2018-10-16,36.7727,36.9519,35.8289,36.2141,6885356
2018-10-17,36.4112,36.6013,35.7655,36.4746,4762665
2018-10-18,37.1064,37.6917,36.2062,37.1668,7634863
2018-10-19,37.3035,37.556,36.4112,36.9083,3506008
2018-10-22,37.033,37.6461,36.7549,37.3302,3619298
2018-10-23,36.4844,36.7549,35.9438,36.5924,4979956
2018-10-24,36.4656,36.6192,34.6485,34.7158,3356311
2018-10-25,35.001,35.8289,34.9198,35.5853,3204817
2018-10-26,35.01,35.2437,34.2899,34.5158,3085096
2018-10-29,35.0356,35.3892,34.4811,34.7158,2994724
2018-10-30,34.8119,35.3506,34.498,35.0812,3321286
2018-10-31,35.4426,36.0438,35.1248,35.6219,3111958
2018-11-01,35.8725,36.7727,35.6576,36.4023,2618591
2018-11-02,36.6637,37.14,36.1438,36.7549,2410789
2018-11-05,36.6459,37.2311,36.6459,36.737,1674610
2018-11-06,36.7449,37.146,36.7449,37.0886,1502746
2018-11-07,37.4748,37.7817,37.348,37.5025,1754686
2018-11-08,37.3035,37.656,36.8221,36.944,1281343
2018-11-09,36.6548,36.8984,35.9626,36.2329,1811269
2018-11-12,36.0794,36.3221,35.2605,35.9002,2134800
2018-11-13,35.8556,36.7449,35.8289,36.2329,1953785
2018-11-14,36.4844,36.8677,35.1813,35.2951,1669736
2018-11-15,35.0723,36.2141,34.9832,35.9804,1828785
2018-11-16,35.7189,36.2013,35.6219,35.7011,1457591
2018-11-19,35.6497,35.919,35.1723,35.7566,2413306
2018-11-20,35.0624,35.3189,33.7325,34.1464,2341722
2018-11-21,34.3435,34.9732,33.9928,34.6128,1579660
2018-11-23,33.8948,34.3959,32.6927,33.6779,796677
2018-11-26,33.8057,34.2275,33.2017,33.2799,2674100
2018-11-27,32.7421,32.9868,30.0426,30.304,6819261
2018-11-28,30.4486,31.528,30.0258,31.528,6974922
2018-11-29,31.6737,31.9252,30.9982,31.4646,5320649
2018-11-30,31.2597,31.735,30.8705,31.6637,3055775
2018-12-03,32.7055,33.0858,31.8261,32.0955,3326788
2018-12-04,31.9934,32.5262,31.1953,31.2329,3210037
2018-12-06,30.2595,30.7358,29.6941,29.8099,4262309
2018-12-07,29.9634,30.7179,29.0087,29.0632,5129506
2018-12-10,28.9464,28.9998,27.5421,28.6146,3218562
2018-12-11,29.0087,29.1721,28.0828,28.1205,3509523
2018-12-12,28.5423,29.3078,28.3254,28.7849,4445179
2018-12-13,28.7384,29.5752,28.7384,29.1265,2524919
2018-12-14,28.6681,29.892,28.3988,28.9632,3323462
2018-12-17,28.9632,29.3504,28.0561,28.2363,3041665
2018-12-18,28.1471,29.0087,28.1471,28.6769,4422199
2018-12-19,28.7225,29.2444,27.5421,27.859,4670362
2018-12-20,27.8114,28.2363,26.7251,27.0677,4121960
2018-12-21,27.0846,27.7857,26.9628,27.0945,4473578
2018-12-24,26.7598,27.1213,26.1231,26.1329,986913
2018-12-26,26.2399,27.1371,26.0843,27.0945,4881649
2018-12-27,26.5261,26.9588,26.0071,26.9499,5409183
2018-12-28,27.0123,27.5193,26.8766,27.04,1883968
2018-12-31,27.0311,27.2757,26.6331,27.1945,2083257
2019-01-02,26.3964,27.7095,26.3964,27.5649,2305191
2019-01-03,27.3658,27.7005,26.8766,27.1223,1946381
2019-01-04,27.7471,28.6958,27.7471,28.5522,2492627
2019-01-07,28.7879,29.4028,28.5146,28.8522,3590670
2019-01-08,29.7742,30.2367,29.4128,29.8099,4229924
2019-01-09,30.1001,30.3397,29.1415,29.9644,2750999
2019-01-10,29.6297,30.2813,29.5217,30.2367,2063813
2019-01-11,30.0277,30.407,29.7287,30.3179,1615545
2019-01-14,30.0545,30.308,29.7643,29.893,1364985
2019-01-15,29.9544,30.1267,29.3652,29.6643,1350766
2019-01-16,29.793,30.3724,29.5474,30.1901,2015396
2019-01-17,30.1535,30.8249,29.9258,30.4358,2861295
2019-01-18,30.7794,31.2864,30.407,31.0507,3103667
2019-01-22,30.7972,32.0737,29.9356,31.6023,5152168
2019-01-23,31.8459,31.9994,30.8408,31.5211,2499190
2019-01-24,31.5657,31.6765,31.0953,31.421,2568464
2019-01-25,31.9896,32.3906,31.7558,32.0826,2596926
2019-01-28,31.7558,32.245,31.5389,32.1817,1972005
2019-01-29,32.6431,32.9956,32.354,32.4896,3384920
2019-01-30,32.8956,33.6205,32.7897,33.369,2591875
2019-01-31,32.5985,33.4314,32.4807,33.1214,3158698
2019-02-01,33.0878,33.6493,32.9422,33.6304,2065053
2019-02-04,33.4592,34.0325,33.267,33.9552,2157515
2019-02-05,33.8463,33.9038,33.3244,33.3591,1878569
2019-02-06,33.3244,33.8047,33.2591,33.4592,2717045
2019-02-07,33.2245,33.4224,32.345,32.5916,2227687
2019-02-08,32.3906,32.6975,32.1727,32.3728,2115005
2019-02-11,32.4896,32.8432,32.345,32.7709,1715908
2019-02-12,33.0878,33.7591,32.9709,33.4948,2293394
2019-02-13,33.7205,33.9206,33.1581,33.3928,1368883
2019-02-14,33.2423,33.6493,33.2423,33.2769,2210422
2019-02-15,33.5938,33.8889,33.2155,33.575,3178896
2019-02-19,33.3413,33.8602,33.3244,33.7305,2202875
2019-02-20,34.1553,35.4328,34.0078,35.3407,4192115
2019-02-21,35.2505,35.4426,34.6623,34.9356,2933483
2019-02-22,35.0782,35.4852,34.899,35.3595,2159851
2019-02-25,35.5398,35.6229,34.9168,35.1713,1710360
2019-02-26,34.9703,35.2239,34.6821,34.6921,1969025
2019-02-27,34.6158,34.7723,34.1434,34.3553,2412661
2019-02-28,34.2919,34.3098,33.7869,33.7869,1913271
2019-03-01,33.875,34.7187,33.7393,34.2821,1779854
2019-03-04,34.3009,34.5484,33.8651,34.3722,1604956
2019-03-05,34.3454,34.492,33.9928,34.1395,1340065
2019-03-06,34.1821,34.2653,33.1491,33.1679,1766845
2019-03-07,33.1145,33.1303,32.5213,32.6154,2176944
2019-03-08,32.2173,32.2351,31.2864,31.3765,2802766
2019-03-11,31.2329,32.345,31.2231,32.2925,2410596
2019-03-12,32.3985,33.061,32.3985,32.9046,2250487
2019-03-13,33.0244,33.1779,32.7897,33.0442,2153994
2019-03-14,32.8956,32.8956,31.7647,31.7925,2472061
2019-03-15,31.6865,32.444,31.5568,31.7925,3610614
2019-03-18,31.8934,32.5728,31.4894,31.6389,3728581
2019-03-19,31.7925,32.444,31.6865,32.1014,2830406
2019-03-20,32.1281,32.2351,31.1497,31.8459,2988086
2019-03-21,31.6935,32.6619,31.6122,32.4084,1803681
2019-03-22,32.047,32.245,30.6793,30.7517,2079548
2019-03-25,30.816,31.0685,30.4258,30.8071,1323893
2019-03-26,30.9507,31.2517,30.6605,30.9705,1149713
2019-03-27,31.0062,31.3944,30.8556,31.3597,1571858
2019-03-28,31.431,31.6587,31.2043,31.6043,1803505
2019-03-29,31.8598,32.443,31.8598,32.1509,2023931
2019-04-01,32.5164,32.8144,32.349,32.5164,1763562
2019-04-02,32.6619,32.7343,31.9776,32.2609,2347765
2019-04-03,32.6431,32.9442,32.1875,32.2975,2472735
2019-04-04,32.1787,32.3966,31.942,32.1163,2571462
2019-04-05,32.1875,32.7105,32.1252,32.6431,2217067
2019-04-08,32.4986,32.7203,32.0519,32.6719,1620138
2019-04-09,32.3797,32.3886,31.5399,31.6132,1641134
2019-04-10,31.6885,31.8875,31.3112,31.6043,1248553
2019-04-11,31.421,31.4776,30.5665,30.813,2499302
2019-04-12,31.0745,31.2854,30.5566,30.8744,2125095
2019-04-15,30.9854,31.2507,30.6101,30.6843,2171351
2019-04-16,30.7189,31.1032,30.6933,31.0487,1869768
2019-04-17,31.3597,31.8974,31.1032,31.1389,2336014
2019-04-18,31.2319,31.2854,30.3734,30.9576,2499932
2019-04-22,30.7111,30.9478,29.3494,29.4256,4236958
2019-04-23,29.3266,30.2001,29.3266,29.9168,3942086
2019-04-24,29.9911,30.0446,29.1523,29.6079,3336014
2019-04-25,29.6445,29.6901,28.6779,28.8067,2540009
2019-04-26,28.7978,29.0157,28.5611,28.7879,2288909
2019-04-29,28.7413,29.2484,28.5869,29.1523,2047057
2019-04-30,29.1434,29.2533,28.7413,28.879,2052132
2019-05-01,28.9156,29.0384,28.4591,28.7047,2744394
2019-05-02,28.4591,29.1157,28.3958,28.9246,1738601
2019-05-03,29.3177,30.3832,29.1157,30.1723,2557787
2019-05-06,29.4346,29.9099,29.2157,29.7089,2182554
2019-05-07,29.2801,29.4801,28.7879,29.3424,2303459
2019-05-08,29.4801,30.2832,29.2702,29.7356,2531565
2019-05-09,29.3612,29.8257,27.9491,29.5534,1961563
2019-05-10,29.3801,29.8,29.1077,29.5445,1616064
2019-05-13,28.8622,29.0058,27.9204,28.1887,1755294
2019-05-14,28.3324,28.7285,28.0848,28.5126,2100468
2019-05-15,27.9036,28.3868,27.8105,28.3324,1661183
2019-05-16,28.3512,28.6958,28.1225,28.1887,1658317
2019-05-17,27.9293,27.9491,27.2025,27.3648,1911139
2019-05-20,27.1291,27.3114,26.8004,27.0192,2270275
2019-05-21,27.0826,28.0036,27.0826,27.6491,1862718
2019-05-22,27.5748,27.5837,26.4468,26.4815,4044306
2019-05-23,25.3882,25.7982,24.6217,24.795,4445510
2019-05-24,25.0595,25.1059,24.4811,24.7495,3413939
2019-05-28,24.8504,24.9693,24.3394,24.803,3759522
2019-05-29,24.5741,24.593,24.0821,24.3564,2978011
2019-05-30,23.9572,24.2306,23.2363,23.3086,2831743
2019-05-31,23.1541,23.4284,22.8124,22.9254,4469283
2019-06-03,22.9006,23.9384,22.863,23.8918,4524722
2019-06-04,24.285,24.5365,23.9473,24.1563,4169090
2019-06-05,24.2395,24.3028,23.7661,23.883,3971867
2019-06-06,23.8284,24.0404,23.4631,23.7007,3505680
2019-06-07,23.7285,23.8374,23.3175,23.6363,3194940
2019-06-10,23.9196,24.184,23.7196,23.7562,4289401
2019-06-11,24.4038,24.5039,24.0573,24.2761,3409607
2019-06-12,24.1019,24.1563,23.6809,23.7285,2572245
2019-06-13,23.8464,24.5326,23.7285,24.3108,2845295
2019-06-14,24.0919,24.3602,23.8106,24.0919,2039220
2019-06-17,23.9018,24.3602,23.5661,23.9107,3289261
2019-06-18,24.4949,26.3558,24.3652,26.0705,6180988
2019-06-19,26.7191,27.5035,26.4983,27.0826,8864507
2019-06-20,27.4391,27.858,26.4172,26.5072,4381454
2019-06-21,26.4894,26.8726,26.2983,26.5815,7126039
2019-06-24,26.5171,26.6171,26.0517,26.5736,2745967
2019-06-25,26.7003,27.7105,26.5993,27.2272,3566237
2019-06-26,27.3836,27.9491,26.6736,27.8293,4084206
2019-06-27,28.0422,28.3363,27.5728,27.8966,2405361
2019-06-28,28.0244,28.2571,27.6193,27.7481,5007350
2019-07-01,28.474,28.474,27.8778,28.1907,2625867
2019-07-02,28.0145,28.0867,27.6569,27.7015,2421083
2019-07-03,27.7015,28.0145,27.4262,27.6847,1600345
2019-07-05,27.343,28.1621,27.2886,28.1155,2241007
2019-07-08,27.8293,28.363,27.0222,27.242,3062366
2019-07-09,27.0589,27.4262,26.5112,27.4074,2974029
2019-07-10,27.7193,27.9214,26.7548,26.8014,2797275
2019-07-11,26.8102,27.1241,26.7281,26.9479,1656287
2019-07-12,27.0965,27.757,26.9925,27.6659,1988206
2019-07-15,27.7936,28.0323,27.4817,27.9768,2567044
2019-07-16,28.0779,29.2761,27.9768,28.6205,4031621
2019-07-17,28.4908,28.5671,27.9937,28.1907,2455803
2019-07-18,28.2145,28.3552,28.0244,28.2145,2511574
2019-07-19,28.4997,29.2276,28.2521,28.9146,2542423
2019-07-22,29.2276,29.4474,28.4997,28.979,3238171
2019-07-23,28.9424,29.795,28.8612,29.493,4878064
2019-07-24,28.7958,29.594,28.7958,29.4018,2885004
2019-07-25,29.484,29.6593,29.2632,29.6128,2213074
2019-07-26,29.6317,29.995,29.484,29.9514,2575432
2019-07-29,29.9158,30.1911,29.5673,29.9614,2918647
2019-07-30,29.6673,30.2001,29.3642,30.1911,2160877
2019-07-31,30.1377,30.2931,28.8612,28.9522,2923021
2019-08-01,28.7958,29.1087,27.6659,27.8491,3243115
2019-08-02,27.6471,27.8966,26.8469,27.242,2303622
2019-08-05,26.6083,26.6825,26.1221,26.5251,3258036
2019-08-06,26.737,26.8014,26.0467,26.737,2287701
2019-08-07,26.1953,26.6597,25.826,26.5805,2108778
2019-08-08,26.6825,27.0687,26.4448,26.9311,2566087
2019-08-09,26.6736,26.7726,25.6724,25.9022,1980573
2019-08-12,25.6625,25.7645,25.1149,25.1555,1830355
2019-08-13,25.1753,26.333,25.1021,25.6159,2838333
2019-08-14,24.9743,25.1367,24.4672,24.4949,2668015
2019-08-15,24.5861,24.6237,24.0999,24.3652,2118753
2019-08-16,24.4494,25.3308,24.394,25.0851,2533633
2019-08-19,25.5427,26.0467,25.5427,25.9754,1644512
2019-08-20,25.826,26.0279,25.4971,25.6259,1890680
2019-08-21,25.9844,25.9844,25.5338,25.5526,1673793
2019-08-22,25.6259,26.1597,25.1703,25.2317,1574278
2019-08-23,25.0455,25.209,24.2098,24.385,2123401
2019-08-26,24.2098,24.7168,24.1543,24.4593,1868080
2019-08-27,24.5683,24.5683,23.6681,23.7978,2191269
2019-08-28,23.8236,24.8901,23.6047,24.394,1799772
2019-08-29,24.7891,25.3308,24.7257,24.7425,2179359
2019-08-30,25.0653,25.2892,24.6147,24.8069,2078917
2019-09-03,24.4861,24.7326,24.1543,24.4949,2224944
2019-09-04,24.8901,25.0357,24.5495,24.8722,2177376
2019-09-05,25.204,25.9022,25.1199,25.7744,2242470
2019-09-06,25.5615,25.6487,24.9931,25.1654,2036964
2019-09-09,25.3584,26.7647,25.2585,26.6171,3388591
2019-09-10,26.8014,28.3136,26.5538,28.2799,4049161
2019-09-11,28.2056,29.3454,27.5639,29.2365,3736053
2019-09-12,29.1533,29.5851,28.2343,29.3197,2890458
2019-09-13,29.7317,29.8277,28.984,29.0523,2889712
2019-09-16,28.7305,29.4652,28.5284,29.2077,2601343
2019-09-17,28.7493,28.7493,28.1897,28.4452,2440060
2019-09-18,28.0957,28.7859,27.6005,28.0422,2886763
2019-09-19,27.5639,28.5759,27.2321,28.1819,3181612
2019-09-20,28.2244,28.464,27.1401,27.8868,4051614
2019-09-23,27.2975,28.2017,27.1153,28.0046,2038973
2019-09-24,28.0046,28.0679,26.9479,27.1401,2161712
2019-09-25,26.9846,27.9768,26.9311,27.858,2323982
2019-09-26,27.6927,28.0145,26.6736,26.7459,2308150
2019-09-27,26.9945,27.4985,26.7647,27.2193,2283377
2019-09-30,27.1083,27.7659,26.9499,27.6085,1332538
2019-10-01,27.8868,28.7839,26.8212,26.8856,2798304
2019-10-02,26.6261,26.6261,25.8091,25.9972,2014465
2019-10-03,25.8942,26.4954,25.5685,26.1815,1400221
2019-10-04,26.2379,26.5805,26.0319,26.5557,1181160
2019-10-07,26.5142,26.8112,26.1359,26.2191,1442592
2019-10-08,25.8468,26.0785,25.5605,25.5873,2200858
2019-10-09,26.0061,26.2003,25.5051,26.0645,1553380
2019-10-10,26.3854,27.0995,26.3766,27.0341,2065007
2019-10-11,27.756,28.5344,27.6173,28.1461,2276501
2019-10-14,27.8392,27.9144,27.3302,27.4599,1499616
2019-10-15,27.5233,28.2175,27.1836,27.8679,2799191
2019-10-16,27.7095,28.0056,26.2716,26.7191,4602727
2019-10-17,26.8479,27.0618,25.9398,26.5973,3516797
2019-10-18,26.7924,26.9687,26.4122,26.5934,2570299
2019-10-21,27.2361,27.6956,26.432,26.5142,2722277
2019-10-22,26.6261,27.8105,26.2636,27.7659,3052451
2019-10-23,27.7471,27.9144,27.2985,27.6085,1733143
2019-10-24,27.9412,28.1075,27.4599,28.061,2037820
2019-10-25,28.1561,28.6265,28.0155,28.3958,2243723
2019-10-28,28.6463,29.1741,28.5819,28.6721,1714137
2019-10-29,28.5146,28.9324,28.3214,28.5908,1493810
2019-10-30,28.4502,28.5433,28.0155,28.5056,1287738
2019-10-31,28.2472,28.3393,27.8293,28.1273,2281112
2019-11-01,28.8414,29.5266,28.6463,29.2751,2363042
2019-11-04,29.5266,29.8792,29.1563,29.2652,1900625
2019-11-05,29.5078,29.795,29.0058,29.1177,1962374
2019-11-06,29.0058,29.0434,28.5146,28.573,1449682
2019-11-07,28.9612,29.4158,28.7473,29.2949,1892737
2019-11-08,29.1265,29.4158,28.8216,29.2949,1361637
2019-11-11,29.0157,29.8703,28.6819,29.8505,2259477
2019-11-12,29.8029,30.2674,29.6921,29.8792,3116531
2019-11-13,29.6187,30.0089,29.0355,29.0434,1908378
2019-11-14,29.0058,29.3484,28.7592,29.0256,1569599
2019-11-15,29.2652,29.8406,29.0256,29.4791,1966850
2019-11-18,29.2573,29.6089,28.9691,29.5445,1936238
2019-11-19,29.9138,30.0089,29.0721,29.1463,1858810
2019-11-20,29.0999,29.7297,28.9324,29.1821,2282389
2019-11-21,29.3048,29.6089,28.9522,29.4514,1693865
2019-11-22,29.6563,30.2397,29.6563,30.2011,1669134
2019-11-25,30.2495,31.1279,30.1644,30.8952,3112382
2019-11-26,30.9724,31.2399,30.7725,31.2121,3104597
2019-11-27,31.424,31.5003,30.9903,31.4805,1591135
2019-11-29,31.4538,31.9172,31.2171,31.2497,1556153
2019-12-02,31.424,31.9925,31.424,31.6379,2093280
2019-12-03,31.4805,31.4805,30.7695,31.2775,2750388
2019-12-04,31.536,31.8885,31.2309,31.536,1824622
2019-12-05,31.5726,32.0074,31.332,31.8984,1595818
2019-12-06,32.3797,32.7213,32.1381,32.5184,2155554
2019-12-09,33.1373,33.1511,32.4906,32.4906,2134075
2019-12-10,32.2391,32.7401,32.2203,32.3163,2480101
2019-12-11,32.2203,32.5005,32.0836,32.1846,1576051
2019-12-12,31.7667,32.7589,31.5449,32.4906,2001075
2019-12-13,32.3064,32.7778,31.9756,32.1291,2130431
2019-12-16,32.4708,32.6094,31.2864,31.4706,2824812
2019-12-17,31.5182,32.444,31.4132,32.3232,2554363
2019-12-18,32.0272,32.3322,31.6191,32.2727,2242923
2019-12-19,32.2579,32.4252,31.944,32.046,1716953
2019-12-20,32.2123,32.6193,31.8509,32.3609,5495242
2019-12-23,32.2876,32.3886,31.7311,31.8687,2014029
2019-12-24,31.9974,32.3064,31.8984,32.0836,897473
2019-12-26,32.1203,32.3698,31.8489,32.1381,617610
2019-12-27,32.2965,32.2965,31.9252,31.9886,967148
2019-12-30,32.0935,32.3777,31.7003,31.7737,1028027
2019-12-31,31.7647,32.0935,31.7003,31.7558,1790988
2020-01-02,32.0935,32.1034,31.3072,31.533,1351702
2020-01-03,31.0666,31.2439,30.7487,30.9744,1522114
2020-01-06,30.8695,31.2439,30.7863,30.8744,3416971
2020-01-07,30.8695,31.939,30.8428,31.5597,2560413
2020-01-08,31.4112,32.0272,31.3656,31.5885,2172722
2020-01-09,31.7389,31.7389,31.0012,31.2884,2175550
2020-01-10,31.3072,31.3656,30.4406,30.4962,1759322
2020-01-13,30.6279,31.4399,30.5823,31.02,1553441
2020-01-14,30.9646,31.4766,30.917,31.3567,1318033
2020-01-15,31.225,31.4448,30.6367,30.8111,1616541
2020-01-16,31.123,31.1597,30.511,30.7487,1236163
2020-01-17,31.0012,31.3468,30.4556,30.9824,2037815
2020-01-21,31.2071,31.2071,29.6485,29.7792,2424399
2020-01-22,30.0297,30.2644,29.6395,29.9168,2239019
2020-01-23,30.6457,30.7863,28.4284,29.5088,5145246
2020-01-24,29.2375,29.2375,28.2848,28.6859,3022439
2020-01-27,28.0343,28.5354,27.6897,28.3046,2971469
2020-01-28,28.7156,28.9106,28.1759,28.6413,2609489
2020-01-29,28.6315,28.9256,28.1858,28.2393,2503558
2020-01-30,28.2195,28.4086,27.6521,28.4086,1954199
2020-01-31,28.1659,28.2848,27.7689,27.8768,2873063
2020-02-03,28.0897,28.366,27.96,27.9956,1452265
2020-02-04,28.6681,28.78,27.8006,27.9264,2382304
2020-02-05,28.3234,28.4186,27.7164,28.0987,2307814
2020-02-06,28.3988,28.5284,27.3995,27.4748,2966685
2020-02-07,27.1856,27.3806,26.9658,27.0737,2704545
2020-02-10,26.8974,27.4193,26.8222,27.1569,1456577
2020-02-11,27.3618,28.0155,27.3342,27.6897,1414931
2020-02-12,27.96,28.0987,27.3222,27.4282,2159157
2020-02-13,27.25,27.5767,27.0687,27.1569,1144931
2020-02-14,27.2797,27.4846,26.3746,26.532,2060046
2020-02-18,26.4012,26.9707,26.2735,26.7934,2490405
2020-02-19,26.935,27.4381,26.8588,27.1757,2771230
2020-02-20,27.2301,27.451,26.9608,27.3806,1726651
2020-02-21,27.0737,27.7916,26.8588,27.6985,2230030
2020-02-24,26.3568,27.6807,26.32,27.353,3812282
2020-02-25,27.4282,27.549,26.1221,26.1695,2726534
2020-02-26,26.327,26.6815,25.9685,25.9923,1626241
2020-02-27,25.515,26.0834,24.6297,25.0881,2611084
2020-02-28,24.3484,25.0208,23.9493,24.8436,4471903
2020-03-02,24.8258,25.4704,24.0503,25.4605,5091068
2020-03-03,25.4872,26.1121,24.6207,24.8722,2639502
2020-03-04,25.515,25.5705,24.7782,25.515,2603069
2020-03-05,24.7504,24.8901,23.6493,23.9295,2806906
2020-03-06,23.1373,24.0969,23.0403,23.2779,3687944
2020-03-09,21.6805,21.943,18.9394,19.7682,3639530
2020-03-10,20.7398,21.1785,19.3216,21.0655,5048948
2020-03-11,20.4595,20.5149,19.3316,19.7306,3734959
2020-03-12,18.2848,19.1454,17.4282,17.4827,4809528
2020-03-13,18.779,20.411,18.678,20.3842,4237688
2020-03-16,17.8094,19.2167,16.4745,16.6806,3332944
2020-03-17,16.9043,17.1994,16.1022,16.3072,4150911
2020-03-18,15.1317,15.4505,13.9751,14.4613,3875540
2020-03-19,14.1622,17.959,14.0037,17.2688,5302527
2020-03-20,17.4371,18.8642,17.2134,17.5491,4642835
2020-03-23,17.5847,17.9026,16.1022,16.6904,3887098
2020-03-24,18.1175,19.9535,17.9402,19.4692,5684595
2020-03-25,19.7029,19.9357,17.8184,18.3512,4527762
2020-03-26,18.678,19.7682,17.6798,19.2167,3855192
2020-03-27,18.2402,19.5435,18.1175,18.9305,2937888
2020-03-30,18.882,20.7437,18.1838,20.6199,3045601
2020-03-31,20.6952,21.7508,20.2714,21.2904,3722232
2020-04-01,20.411,21.2528,20.2218,20.7239,5375171
2020-04-02,20.6556,21.2052,19.383,20.1099,2559526
2020-04-03,20.0545,20.7714,19.5514,19.8178,2196847
2020-04-06,21.0359,21.7261,20.7437,21.3468,2309625
2020-04-07,22.5461,23.0383,21.432,21.5271,2880681
2020-04-08,22.0549,22.5075,21.5735,22.1975,1360885
2020-04-09,22.6936,23.2908,22.2539,22.6312,1764711
2020-04-13,22.6411,22.8292,21.7508,22.3569,1841513
2020-04-14,22.9244,23.1689,21.7914,21.9331,1432275
2020-04-15,20.8378,20.8556,20.0347,20.6387,1719809
2020-04-16,20.7992,21.1913,20.3744,21.022,2348935
2020-04-17,21.8192,22.2826,21.329,22.1687,1888969
2020-04-20,21.3102,21.8856,20.8655,21.32,2306924
2020-04-21,20.3644,21.5369,19.4375,20.9883,5225420
2020-04-22,21.839,21.9608,20.9794,21.5735,2724489
2020-04-23,21.8658,22.9907,21.6389,22.7352,2518735
2020-04-24,22.9808,23.3789,22.1876,22.2351,2120467
2020-04-27,22.3856,23.8126,22.3381,23.5493,1760559
2020-04-28,24.1523,24.4256,22.859,23.3502,1846442
2020-04-29,24.1434,24.6722,23.9256,24.4544,2657362
2020-04-30,23.7661,23.9067,22.8292,22.9244,2325989
2020-05-01,22.5005,23.6136,22.3856,23.0571,2322891
2020-05-04,22.6115,23.3868,22.5709,22.9719,2387477
2020-05-05,23.36,23.8414,22.7828,22.8114,1445598
2020-05-06,22.3014,23.0045,22.2074,22.5559,2205244
2020-05-07,22.9808,23.4156,22.656,22.7926,1758374
2020-05-08,23.3116,24.0583,23.2076,23.9642,1404587
2020-05-11,23.1689,23.36,22.8689,22.9521,1764842
2020-05-12,23.0095,23.2928,21.943,21.9509,1815006
2020-05-13,21.4884,21.8558,20.4021,20.922,2276174
2020-05-14,20.309,21.0409,19.8079,21.0171,2047300
2020-05-15,20.9309,21.4032,20.6021,21.2726,1677235
2020-05-18,22.347,23.3254,22.2826,23.0095,2428004
2020-05-19,23.0006,23.6463,22.6897,22.849,1578398
2020-05-20,22.9808,23.8502,22.9808,23.2551,2142853
2020-05-21,23.2363,23.7186,23.2066,23.3868,1918204
2020-05-22,23.5681,23.5681,22.5659,23.0749,1742821
2020-05-26,24.0849,24.6524,23.9731,24.3414,2356062
2020-05-27,24.9258,26.0597,24.8842,25.8516,2454228
2020-05-28,25.8902,26.1933,25.305,25.4664,2648029
2020-05-29,25.1337,25.314,24.2573,25.0891,5217804
2020-06-01,25.1238,25.6357,24.8802,25.3704,1415281
2020-06-02,25.7497,26.0042,25.5645,25.6913,1329968
2020-06-03,26.1933,26.6647,25.9616,26.3448,3777079
2020-06-04,26.0597,26.6083,25.814,26.5983,2840788
2020-06-05,27.865,28.3175,27.3084,27.5233,2200152
2020-06-08,27.6927,28.1491,27.5807,27.9402,1881853
2020-06-09,27.2886,27.9026,26.9568,27.7322,2349147
2020-06-10,27.8362,27.9778,26.835,27.2213,2302882
2020-06-11,25.6259,26.4488,24.0721,24.1711,2105328
2020-06-12,25.2674,25.5685,24.3316,24.9554,1928880
2020-06-15,24.0305,25.6695,23.9156,25.2486,1639922
2020-06-16,26.5518,27.1657,26.0497,26.5706,1959598
2020-06-17,26.335,26.532,25.7784,25.8616,1364493
2020-06-18,25.7586,25.9953,25.1921,25.2852,2013119
2020-06-19,25.8714,26.1457,25.0119,25.6645,4521440
2020-06-22,25.6645,26.0141,25.4377,25.7101,2109546
2020-06-23,26.3646,26.4002,25.7199,25.7299,2002677
2020-06-24,25.4565,25.4565,24.3692,24.4356,1933760
2020-06-25,24.2573,25.2298,23.9454,25.2209,2330952
2020-06-26,24.9089,24.9891,23.9454,24.0107,3274033
2020-06-29,24.3544,24.8168,24.3068,24.5534,1768639
2020-06-30,24.488,25.1446,24.3632,24.8881,1655862
2020-07-01,24.9654,25.0079,24.0404,24.3444,1457051
2020-07-02,24.8594,25.413,24.6119,24.7742,1262851
2020-07-06,25.4615,25.509,24.2692,24.7554,1994641
2020-07-07,24.4207,24.7356,24.2504,24.4118,1659905
2020-07-08,24.4593,24.5078,23.5245,23.7532,1859790
2020-07-09,23.6958,23.8394,22.8946,23.3818,1410630
2020-07-10,23.466,24.6307,23.3581,24.6119,2093201
2020-07-13,24.9554,25.1209,24.288,24.383,1698835
2020-07-14,24.383,25.3368,24.1355,25.2516,2549846
2020-07-15,25.6803,25.9962,24.9842,25.7616,1833963
2020-07-16,25.5833,26.0319,25.3644,25.7863,2247030
2020-07-17,25.8704,26.1577,25.4704,25.5743,1061837
2020-07-20,25.2327,25.509,24.9168,25.2614,2074604
2020-07-21,25.4793,26.0606,25.1545,25.8081,2609742
2020-07-22,25.7279,26.6349,25.5932,26.4438,2443748
2020-07-23,26.5775,27.045,26.0755,26.2894,2368021
2020-07-24,26.3587,26.6677,26.0319,26.5479,1536034
2020-07-27,26.4904,27.0925,26.1141,27.0638,1712415
2020-07-28,26.9776,26.9776,26.0408,26.0705,1052807
2020-07-29,26.3191,26.7716,26.1091,26.7013,1081241
2020-07-30,26.2062,26.4726,25.8318,26.2993,1400197
2020-07-31,26.1289,26.1675,25.5743,26.1477,1432291
2020-08-03,26.2795,26.9776,26.1477,26.844,1396619
2020-08-04,26.8638,26.9212,26.4825,26.6251,1524194
2020-08-05,26.9955,27.4936,26.7667,26.8638,1218350
2020-08-06,26.7964,26.9311,26.6103,26.7013,712443
2020-08-07,26.3686,27.2074,26.1577,27.1777,1382800
2020-08-10,27.5025,28.8285,27.3391,28.7998,2022779
2020-08-11,29.6099,29.6593,28.8236,28.9136,2222852
2020-08-12,29.3612,29.4662,28.9186,29.2672,1554008
2020-08-13,28.8948,29.3157,28.7453,29.1533,1410818
2020-08-14,28.9899,29.6771,28.9324,29.5257,1491950
2020-08-17,29.5712,30.0208,29.4197,29.4574,1357740
2020-08-18,29.897,29.9138,28.8671,28.9899,1452128
2020-08-19,29.0671,29.3474,28.6938,28.78,1148427
2020-08-20,28.4096,28.9286,28.1809,28.7899,1467245
2020-08-21,28.4552,28.6195,28.064,28.2264,1108136
2020-08-24,28.5027,28.9186,28.4195,28.9038,982433
2020-08-25,28.7523,28.8671,28.1471,28.465,992541
2020-08-26,28.5225,28.7235,28.0838,28.361,966727
2020-08-27,28.571,28.8483,28.1303,28.4195,1050124
2020-08-28,28.6651,28.9988,28.5225,28.8087,1409334
2020-08-31,28.885,29.1137,28.1225,28.1611,1813836
2020-09-01,28.1225,28.7523,27.8263,28.7136,1884755
2020-09-02,28.7235,29.4484,28.5027,29.3524,2792695
2020-09-03,29.381,29.7158,28.7136,28.9136,1394221
2020-09-04,29.4108,29.6099,28.8483,29.2474,1198813
2020-09-08,28.675,28.8384,27.7699,28.0273,1952752
2020-09-09,28.2838,28.3996,27.3678,27.9887,2460157
2020-09-10,28.2462,28.2462,27.4936,27.7213,1528493
2020-09-11,27.865,28.475,27.6748,27.9788,1457861
2020-09-14,28.1423,28.8285,27.9887,28.7037,1593960
2020-09-15,28.9038,29.2375,28.6938,28.9711,1686061
2020-09-16,29.2187,29.3762,28.6195,29.0573,2084308
2020-09-17,28.7136,30.0832,28.4839,29.8198,1953943
2020-09-18,30.0297,31.0517,29.7257,30.5556,6792188
2020-09-21,29.7346,29.8881,27.4362,27.9976,2072700
2020-09-22,28.2264,28.4096,27.8114,28.0363,1686768
2020-09-23,27.9699,28.7325,27.6361,27.6649,1169259
2020-09-24,27.6361,28.1125,27.1015,27.5401,1632964
2020-09-25,27.1975,27.6699,27.0826,27.5302,1582881
2020-09-28,28.2264,28.9899,28.0174,28.6007,2460646
2020-09-29,28.1283,28.5661,27.446,27.5689,1617122
2020-09-30,27.7728,28.0313,27.2816,27.5411,1939178
2020-10-01,27.5887,28.1967,27.5887,27.9838,1417473
2020-10-02,27.3381,28.8602,27.2331,28.571,1844918
2020-10-05,28.8602,29.9842,28.571,29.8109,1735128
2020-10-06,30.2921,30.4892,29.4642,29.696,2104005
2020-10-07,30.2248,30.927,30.1099,30.7249,1542125
2020-10-08,30.9764,31.6885,30.6863,31.5904,2432330
2020-10-09,31.8796,32.0034,30.8319,31.3409,2261177
2020-10-12,31.3409,32.1024,31.2448,31.948,2078928
2020-10-13,31.735,31.8697,31.3706,31.4656,1992442
2020-10-14,31.4656,32.1589,31.4518,31.9934,2524541
2020-10-15,31.4182,32.1301,31.0428,32.1203,2029140
2020-10-16,32.1301,32.4658,31.8598,32.1203,1490522
2020-10-19,32.4074,33.0541,31.8222,31.8598,1624183
2020-10-20,30.9854,32.3708,30.3595,30.6665,4017077
2020-10-21,31.0141,31.0428,29.9842,29.999,3293264
2020-10-22,30.3506,31.0903,30.1575,30.917,2550475
2020-10-23,31.2547,31.437,30.8319,31.3409,1518120
2020-10-26,30.9854,30.9854,29.9842,30.1575,1309555
2020-10-27,30.2248,30.4744,29.9742,30.205,1346078
2020-10-28,29.5514,29.7435,29.1087,29.4078,1816733
2020-10-29,29.283,30.7734,29.1285,30.417,2397055
2020-10-30,30.205,30.5873,29.8307,30.2832,2133648
2020-11-02,30.927,30.927,30.2921,30.6763,1557242
2020-11-03,31.225,31.331,30.6961,31.0903,1788491
2020-11-04,30.9566,30.9566,29.4356,29.59,2581205
2020-11-05,29.9742,31.5617,29.9158,31.024,1588203
2020-11-06,31.5815,31.6737,30.7734,30.823,1915131
2020-11-09,32.6104,33.6116,31.8895,32.0826,2034193
2020-11-10,32.4758,33.2937,32.0925,32.6203,2321679
2020-11-11,32.6867,32.7451,32.1489,32.553,1485792
2020-11-12,32.1489,32.4222,31.3894,31.8509,1215239
2020-11-13,32.2163,33.477,32.2163,33.3037,2011371
2020-11-16,33.9196,35.915,33.9196,35.505,3453066
2020-11-17,34.7841,35.6516,34.6088,35.1803,1897463
2020-11-18,35.3912,35.608,34.2662,34.2711,1675509
2020-11-19,34.2077,34.8019,34.0156,34.4584,1233568
2020-11-20,34.2563,34.6207,33.8414,33.9097,2024976
2020-11-23,34.5068,35.0822,34.1691,34.8812,1606567
2020-11-24,35.3327,37.1697,35.2189,37.1599,2470847
2020-11-25,36.9202,36.94,35.8239,36.4389,1719778
2020-11-27,36.3726,36.5934,35.8427,36.2171,602671
2020-11-30,36.1517,36.1517,34.7762,34.8317,3877569
2020-12-01,35.8041,36.3241,35.5238,35.92,1755163
2020-12-02,35.8527,36.1181,35.5238,35.7467,1402160
2020-12-03,35.7566,36.3053,35.3367,36.1785,1537376
2020-12-04,36.5558,37.6025,36.1705,37.3619,2046452
2020-12-07,36.9876,37.3569,36.6647,36.9588,1371002
2020-12-08,36.5647,37.6025,36.5647,36.94,1246332
2020-12-09,38.1511,38.1808,36.9301,37.3055,1396782
2020-12-10,36.9876,38.6918,36.8618,38.1026,4237903
2020-12-11,38.6423,38.6423,37.0064,37.6421,2054032
2020-12-14,38.4789,38.4789,36.4676,36.4974,1568998
2020-12-15,36.8905,37.3153,36.1883,37.1509,1377141
2020-12-16,37.4976,37.5064,36.3241,36.8637,1216144
2020-12-17,37.0846,37.1579,35.8041,36.1616,2911505
2020-12-18,36.1705,36.3429,34.6395,34.7475,4612574
2020-12-21,34.1879,35.6031,34.1493,35.5437,1677335
2020-12-22,35.6031,35.7527,34.591,34.9584,1539488
2020-12-23,35.0892,35.505,34.8217,34.9882,1266389
2020-12-24,35.2457,35.4011,34.5356,34.997,555544
2020-12-28,35.1803,35.4258,34.5623,34.6108,1010434
2020-12-29,34.7475,35.5437,34.6395,34.9882,1584778
2020-12-30,35.0832,35.7953,35.0832,35.4436,943832
2020-12-31,35.4338,35.9844,35.0158,35.7121,1034759
2021-01-04,36.4786,36.9142,35.3456,35.4714,1417001
2021-01-05,35.5674,37.2431,35.519,36.7597,1240950
2021-01-06,37.7669,40.1496,37.6451,39.3563,3976542
2021-01-07,40.004,40.2941,38.5036,38.5998,2283287
2021-01-08,38.881,38.9305,37.5144,38.2511,2272193
2021-01-11,37.7471,39.1909,37.3688,38.7543,1496740
2021-01-12,38.977,40.7793,38.474,40.4694,2158160
2021-01-13,40.3922,40.3922,39.1989,39.4514,1930115
2021-01-14,39.8891,40.2823,38.9998,39.1137,1912454
2021-01-15,38.4165,38.575,37.1707,37.9699,2453522
2021-01-19,38.4938,38.9592,38.0957,38.4838,2273472
2021-01-20,38.8215,39.0542,38.2225,38.9206,2183009
2021-01-21,38.9493,39.2187,37.5054,37.5242,1876766
2021-01-22,37.0796,37.6114,36.7113,37.4856,1822443
2021-01-25,38.0194,38.0194,36.7409,37.2331,2447340
2021-01-26,37.7313,38.0294,34.997,35.4615,4365253
2021-01-27,34.7831,34.8208,33.466,34.1731,3041560
2021-01-28,34.6772,34.7643,32.856,34.0572,3122878
2021-01-29,34.8703,34.8703,32.7145,33.1947,3539681
2021-02-01,33.8721,34.1731,32.8838,33.8235,2083251
2021-02-02,34.0761,34.3375,33.6116,34.2217,1880271
2021-02-03,35.519,35.8398,35.0733,35.7031,1916667
2021-02-04,35.6981,36.2745,35.2951,36.0042,1818115
2021-02-05,36.4587,37.1658,36.3429,36.4488,1789286
2021-02-08,37.0618,37.9214,36.934,37.1955,2018279
2021-02-09,37.9897,37.9897,36.9142,37.2331,1773281
2021-02-10,37.544,37.6797,36.5072,37.1955,1640162
2021-02-11,37.2272,37.6411,36.5944,37.5639,1514048
2021-02-12,37.349,38.1838,37.1955,38.0957,1104099
2021-02-16,38.367,40.102,38.367,39.898,2596354
2021-02-17,40.0534,40.2169,39.287,39.4316,1372327
2021-02-18,39.2672,39.2672,38.0482,38.4542,1207379
2021-02-19,38.8117,39.7713,38.7543,39.5584,1308097
2021-02-22,39.3563,41.4171,39.1533,40.7209,1404421
2021-02-23,40.4982,41.525,40.1298,41.4864,1771915
2021-02-24,41.5646,42.6084,41.5646,42.4847,1547595
2021-02-25,43.171,43.171,40.7497,40.7497,1849907
2021-02-26,40.4021,40.9239,39.3365,40.2763,1957916
2021-03-01,41.64,42.7065,41.1755,42.6292,1512071
2021-03-02,42.6392,43.0937,42.2876,42.4361,1702889
2021-03-03,42.5411,43.8205,41.9994,43.2977,1927089
2021-03-04,42.9481,43.3561,40.9091,41.8539,4300453
2021-03-05,42.8333,44.595,41.427,44.286,3068982
2021-03-08,44.3237,46.9103,44.2276,46.5617,2743904
2021-03-09,46.3686,46.4944,44.9931,45.9031,2217251
2021-03-10,45.2921,47.8016,45.1268,47.2589,2458420
2021-03-11,48.2274,48.2561,46.3191,47.1816,2996946
2021-03-12,47.549,48.3343,47.2014,47.647,2332170
2021-03-15,47.9471,48.0145,45.9765,47.0262,1788012
2021-03-16,47.3262,47.3312,45.3505,45.3595,3804514
2021-03-17,45.109,46.6588,45.0416,46.4647,2631992
2021-03-18,46.533,47.6866,45.7774,45.8635,3131024
2021-03-19,45.6902,46.2418,44.1404,45.71,7304364
2021-03-22,46.0378,46.0378,44.702,45.5546,2278562
2021-03-23,44.692,45.2456,43.0462,43.3937,3250755
2021-03-24,44.3821,46.0101,44.2563,44.6246,2452254
2021-03-25,44.3721,46.3983,43.8295,46.0378,2149598
2021-03-26,46.9885,48.7998,46.3983,48.7701,2538126
2021-03-29,49.1196,50.3684,48.0343,48.161,3437924
2021-03-30,48.4423,50.0882,47.9838,49.9317,3348132
2021-03-31,50.214,50.8566,49.1394,49.4267,3758594
2021-04-01,49.0751,49.7276,48.0818,49.6306,2003103
2021-04-05,50.5506,51.2082,49.796,50.4575,1954278
2021-04-06,50.1258,50.6814,49.5524,49.9029,1958967
2021-04-07,50.3516,50.6477,49.6009,49.7366,1402441
2021-04-08,49.6604,49.8059,48.2809,49.4445,1390188
2021-04-09,49.9803,50.711,49.4939,49.8445,1704010
2021-04-12,49.9129,50.6041,49.5821,50.4675,1451600
2021-04-13,50.1743,50.4279,48.6086,49.0949,1613056
2021-04-14,49.0365,50.7556,49.0365,49.4841,2143137
2021-04-15,50.0099,50.1942,48.8127,49.5524,1986194
2021-04-16,50.3991,50.3991,49.1434,50.1466,1831757
2021-04-19,50.5457,51.334,49.1246,49.8445,2438051
2021-04-20,49.9415,50.5556,48.4323,48.8028,3565149
2021-04-21,48.4423,50.0594,48.2274,49.8346,2470265
2021-04-22,49.4355,49.7276,48.2571,49.0067,2106041
2021-04-23,49.6604,50.7794,49.1335,50.5269,1714146
2021-04-26,51.12,53.262,50.8764,53.2234,4895805
2021-04-27,53.3016,53.7294,52.6798,53.575,2692822
2021-04-28,53.7492,54.2662,53.0185,53.681,1626759
2021-04-29,54.1187,54.4603,52.9303,53.8285,1727595
2021-04-30,53.0283,54.1474,52.7758,52.7956,2620303
2021-05-03,53.7294,55.5793,53.1066,55.211,2401702
2021-05-04,55.1912,58.0145,55.0337,57.8481,3517646
2021-05-05,57.9848,59.1345,56.9816,58.3838,2734228
2021-05-06,58.9869,60.0397,58.0631,60.0297,2586783
2021-05-07,60.2139,62.045,59.2771,61.6944,2960121
2021-05-10,63.2037,64.5286,62.1233,62.2985,3673115
2021-05-11,61.0032,63.6027,60.6199,62.6491,3243065
2021-05-12,62.6391,63.1641,58.8116,59.2504,3429889
2021-05-13,59.0453,62.6787,59.0355,61.9965,3229663
2021-05-14,61.7241,62.5124,61.0626,62.0836,3566461
2021-05-17,61.7142,63.0679,61.6944,62.8442,2995969
2021-05-18,62.6777,63.2037,61.5389,61.6261,1935586
2021-05-19,59.6405,60.7011,58.3442,60.5753,2693076
2021-05-20,60.4674,60.5655,58.9305,60.3218,2675413
2021-05-21,60.6813,61.3736,59.698,59.9228,2282666
2021-05-24,59.9129,60.7596,59.4168,60.4288,2267267
2021-05-25,60.6437,60.8091,58.4819,58.5977,2905671
2021-05-26,58.5977,59.5921,57.9066,59.3286,2520223
2021-05-27,60.8676,61.2765,60.0585,60.3318,4071687
2021-05-28,60.3218,60.9537,59.2989,60.7893,2015598
2021-06-01,63.779,63.9444,61.5102,62.8046,2765565
2021-06-02,62.8046,62.8046,61.4508,62.0747,2097762
2021-06-03,61.3646,62.9897,60.6537,62.5322,2072060
2021-06-04,63.2037,63.6127,62.3956,63.1551,1313273
2021-06-07,63.0383,63.3988,61.227,62.5025,2132767
2021-06-08,62.6391,64.9762,61.9578,64.7623,2859275
2021-06-09,64.4841,65.1219,62.7758,62.8144,3346140
2021-06-10,63.9929,64.1445,62.2401,62.6689,1820709
2021-06-11,63.4472,64.0612,62.5025,63.3017,1567819
2021-06-14,62.9996,63.1075,61.2567,61.4706,2166797
2021-06-15,61.1874,61.6944,59.7564,61.5201,2259601
2021-06-16,61.2963,61.2963,58.8314,60.5753,2847380
2021-06-17,60.8972,61.1497,56.329,57.5757,3174731
2021-06-18,56.4855,57.8392,56.0863,56.3102,3701443
2021-06-21,57.3906,58.8414,56.9331,58.4631,2209333
2021-06-22,58.4334,59.0513,57.6431,58.5581,1473321
2021-06-23,59.5841,59.9515,57.9164,58.1205,1943773
2021-06-24,58.5017,59.7861,57.5757,59.3782,2029017
2021-06-25,59.4366,59.5128,58.4631,58.6572,2846704
2021-06-28,59.2791,59.3187,56.6697,57.0895,2260031
2021-06-29,57.4411,58.5551,57.0697,57.4609,1730299
2021-06-30,57.343,58.6067,57.2648,58.2918,1684220
2021-07-01,59.1038,60.0228,58.2918,59.5732,1917760
2021-07-02,59.7,60.2971,58.8988,59.388,1473438
2021-07-06,59.7,59.7336,56.3854,56.942,2422041
2021-07-07,58.1254,60.3852,57.8124,59.8772,2921875
2021-07-08,57.9848,59.3732,57.0599,58.6443,1821218
2021-07-09,59.906,61.0993,59.3484,60.1505,1915533
2021-07-12,59.5633,61.7934,59.084,61.4706,1922155
2021-07-13,61.2656,61.3636,59.6425,59.8278,1129586
2021-07-14,60.7814,61.2062,59.4029,59.8574,1134913
2021-07-15,59.3286,61.5963,59.3088,60.2674,1612996
2021-07-16,60.4338,60.6645,58.4393,58.5651,1885308
2021-07-19,56.7271,57.246,55.3486,56.6201,2794949
2021-07-20,54.9871,58.3502,53.6948,57.8124,3420458
2021-07-21,58.674,59.3782,57.8808,58.1452,1792714
2021-07-22,57.7838,58.272,56.737,57.851,2064806
2021-07-23,58.3304,58.5948,56.9965,57.7838,2051775
2021-07-26,58.0383,59.8426,57.7154,59.7198,2483202
2021-07-27,58.9671,60.317,57.7442,59.7485,1901126
2021-07-28,60.2377,60.3852,58.0283,59.9158,1649953
2021-07-29,60.9616,63.886,60.8646,63.2313,4135640
2021-07-30,62.7907,64.287,62.4094,63.0353,2015398
2021-08-02,63.5195,64.2781,61.4508,61.53,2075317
2021-08-03,61.7548,63.4364,60.9517,63.2313,1943511
2021-08-04,62.6541,63.2017,61.5637,61.5885,1479644
2021-08-05,61.5201,62.2926,60.0823,60.2674,2129213
2021-08-06,61.1666,62.0281,60.3466,61.4607,1474277
2021-08-09,61.0893,63.0115,60.6595,62.9868,1672567
2021-08-10,63.27,67.1232,63.1719,66.7915,3436347
2021-08-11,68.1423,70.009,66.6935,69.9496,3409297
2021-08-12,69.494,71.6132,68.4056,71.3389,2767809
2021-08-13,71.2517,72.7372,70.7427,71.5152,2064106
2021-08-16,69.599,70.4001,67.8273,70.0971,1862640
2021-08-17,69.5396,69.7445,65.9408,67.3579,2277261
2021-08-18,66.6737,69.2157,66.4102,67.7213,1605419
2021-08-19,65.4862,66.0092,63.8572,65.6863,2393860
2021-08-20,66.029,66.8004,64.6395,65.51,1286154
2021-08-23,66.5568,68.1809,66.1845,67.447,1642790
2021-08-24,68.9532,70.0782,68.4829,69.6277,1403043
2021-08-25,69.3841,70.52,68.7374,68.9532,1168927
2021-08-26,68.875,69.4128,67.5045,67.6124,1663281
2021-08-27,68.2383,69.9109,68.1472,69.3544,1679183
2021-08-30,69.6861,69.9476,68.6701,68.6987,1336272
2021-08-31,68.6799,68.7463,65.4615,66.0092,3329813
2021-09-01,65.7942,66.1755,63.5938,65.5685,2241333
2021-09-02,65.8764,66.3904,65.2555,65.9408,1849426
2021-09-03,66.1943,66.3954,65.0208,65.305,1264876
2021-09-07,65.0505,65.6368,64.4148,65.0119,1803584
2021-09-08,64.6781,64.9228,63.2413,64.4148,1334255
2021-09-09,64.2781,65.2753,63.5542,64.5029,1747276
2021-09-10,65.0307,66.6835,64.2187,64.3554,1699594
2021-09-13,65.412,65.412,61.1477,62.4678,2399381
2021-09-14,62.8105,62.8105,60.5417,60.6101,1694998
2021-09-15,62.6927,63.6958,61.9697,63.6127,2629491
2021-09-16,62.4876,63.6809,61.7687,62.3124,2157205
2021-09-17,61.6171,61.735,60.1317,60.5913,5579492
2021-09-20,56.9321,57.8907,55.6318,56.845,4397382
2021-09-21,57.343,57.5491,54.6435,56.4825,3289115
2021-09-22,57.8808,59.0543,56.8648,56.9123,2429581
2021-09-23,57.5689,59.1236,57.2163,57.8709,2466440
2021-09-24,57.7055,59.3732,57.5738,58.5265,1858463
2021-09-27,58.771,60.512,58.771,60.4338,1911628
2021-09-28,59.9258,61.0607,58.7037,60.4823,1841198
2021-09-29,61.1507,61.6905,58.4403,58.4888,1781909
2021-09-30,59.0097,59.6485,57.2906,57.4381,1852222
2021-10-01,57.3104,57.6639,55.5229,57.251,1630610
2021-10-04,57.2806,58.6859,57.1925,57.4679,1946566
2021-10-05,57.3004,58.8226,56.7696,58.2928,1881070
2021-10-06,57.3401,57.9095,56.0041,56.5151,1782746
2021-10-07,57.7332,59.4425,57.4579,58.3809,1592758
2021-10-08,58.5483,59.1474,57.8748,58.0373,1649092
2021-10-11,59.7069,61.1507,59.5693,59.6385,1833387
2021-10-12,59.6782,60.6407,59.3336,60.5417,1797953
2021-10-13,60.4823,61.0131,59.0781,59.9426,1303053
2021-10-14,61.1121,61.6419,60.405,60.5715,1606539
2021-10-15,61.8291,62.1817,60.718,60.7774,1918313
2021-10-18,58.371,61.4795,58.2551,61.3082,2994958
2021-10-19,61.2587,63.3998,59.6485,62.3688,4567360
2021-10-20,62.2708,65.0406,62.0925,63.9008,2594015
2021-10-21,62.6333,62.8501,60.4526,61.946,2421219
2021-10-22,62.8501,63.3017,61.425,62.3688,1422576
2021-10-25,63.2333,66.5142,62.7421,65.8942,2585920
2021-10-26,66.0903,67.6827,64.9515,66.0814,1949976
2021-10-27,65.1871,66.5419,63.3601,63.4096,1888937
2021-10-28,63.9503,65.0891,63.7433,64.3236,1386314
2021-10-29,64.893,66.4548,64.5693,64.903,1949718
2021-11-01,65.7675,65.7962,62.5748,63.066,2403661
2021-11-02,62.6629,62.6629,61.1221,61.6221,1971182
2021-11-03,61.9064,62.8838,61.3864,62.4668,1436287
2021-11-04,62.869,64.5781,62.7738,63.1343,1325043
2021-11-05,63.6553,64.8832,63.272,63.881,1647412
2021-11-08,66.2973,67.2509,65.0693,65.6685,1687632
2021-11-09,65.0793,66.0032,63.7047,64.5593,1581073
2021-11-10,64.1662,65.0357,63.0264,63.5374,1288715
2021-11-11,64.6079,66.5617,64.186,65.0693,1606402
2021-11-12,64.5613,65.7774,64.5613,64.9812,1028705
2021-11-15,64.8336,64.8732,63.1641,64.3138,1679810
2021-11-16,64.3138,64.7455,62.5164,64.1959,1641772
2021-11-17,63.1739,64.0385,61.8291,61.839,2050920
2021-11-18,61.4845,62.8204,61.3964,62.4768,1211104
2021-11-19,61.8776,62.9878,61.4934,61.9856,1467270
2021-11-22,62.9284,67.7897,62.8204,65.8358,2498064
2021-11-23,66.4844,67.4174,65.1189,66.2874,1748363
2021-11-24,65.8458,66.4448,63.9305,63.989,1399355
2021-11-26,61.3864,63.4196,59.805,62.3778,1606602
2021-11-29,62.4272,63.2155,60.0307,60.306,1806339
2021-11-30,59.9138,60.3754,58.3412,58.7344,3493293
2021-12-01,60.5021,61.3626,58.0075,58.0373,2026626
2021-12-02,58.8226,59.8446,57.8699,58.5383,1768247
2021-12-03,58.882,60.3654,57.8412,58.3126,1752358
2021-12-06,58.7344,60.0109,58.4957,58.9315,1701324
2021-12-07,60.3258,62.2708,59.894,61.0825,2113575
2021-12-08,61.328,61.5538,59.7455,60.1595,1418069
2021-12-09,59.3138,60.1297,58.5334,59.9713,1492929
2021-12-10,60.5318,60.7378,58.2145,58.9998,1717200
2021-12-13,59.294,59.5297,57.35,58.7344,1825002
2021-12-14,58.8622,61.4647,58.6463,60.2862,2561245
2021-12-15,59.2642,59.2642,55.9061,57.7718,2543558
2021-12-16,58.5383,61.9856,58.47,61.2884,2512035
2021-12-17,60.6605,62.7025,59.5297,61.229,5152598
2021-12-20,59.7852,60.2318,57.86,58.263,2029721
2021-12-21,59.2642,60.2862,58.784,59.9911,1235440
2021-12-22,60.0505,60.9735,59.6187,60.3556,1056664
2021-12-23,60.811,60.811,59.6683,60.5516,1052854
2021-12-27,60.7774,61.6607,60.006,61.6221,692770
2021-12-28,60.7774,61.7895,60.3803,61.1893,830197
2021-12-29,61.1893,61.7103,60.4823,61.2587,1205206
2021-12-30,61.4558,62.0875,60.9527,61.0319,660142
2021-12-31,61.2785,61.3974,60.6377,61.2191,654009
2022-01-03,61.4756,62.344,60.4744,60.815,1602640
2022-01-04,61.4458,62.9352,61.1597,62.6491,1745297
2022-01-05,63.3007,67.2361,62.965,65.0565,2328760
2022-01-06,65.9735,66.0052,62.7976,63.1719,1594833
2022-01-07,63.5176,64.0206,60.6081,61.4558,1971038
2022-01-10,61.9786,62.4124,58.8919,59.7594,2056074
2022-01-11,58.2798,60.1545,57.3827,60.1347,2022948
2022-01-12,61.3578,62.965,61.1507,62.7283,1737723
2022-01-13,62.452,63.3205,61.4954,61.9588,1383007
2022-01-14,61.5647,62.1856,60.6377,61.3578,1302855
2022-01-18,60.7754,60.8448,58.882,59.0791,1502044
2022-01-19,60.6576,61.4855,57.7184,58.1521,2013767
2022-01-20,58.7146,60.8101,56.1399,56.1795,3334282
2022-01-21,55.5575,55.5575,51.6132,51.731,4236384
2022-01-24,50.2208,54.3048,49.8475,53.9503,5880810
2022-01-25,50.7744,54.6702,50.7298,53.3779,6063207
2022-01-26,54.4831,54.8703,51.5439,52.3916,3639163
2022-01-27,53.5661,55.7259,53.26,53.5948,3603668
2022-01-28,53.674,54.1771,52.1004,54.1672,2185507
2022-01-31,53.7532,55.7854,53.7038,54.7594,2914369
2022-02-01,55.8536,57.0865,55.6764,56.8202,2244755
2022-02-02,56.6924,59.0265,55.7259,58.3591,2126965
2022-02-03,57.6689,59.6713,57.0371,58.0631,1959829
2022-02-04,57.5995,58.9899,57.4421,58.1323,1361582
2022-02-07,58.8028,59.0395,56.0805,57.5303,1618727
2022-02-08,58.1818,60.302,57.7481,59.7693,2580370
2022-02-09,59.9278,61.9192,59.296,61.6925,1815374
2022-02-10,60.8546,62.0479,60.1099,60.4991,1931244
2022-02-11,59.9664,61.2884,59.1285,59.8782,2508790
2022-02-14,59.9763,61.0815,59.4246,60.7655,2268660
2022-02-15,60.7952,63.2512,59.5227,62.9056,2177205
2022-02-16,62.9056,64.8,62.4421,63.4086,1776758
2022-02-17,62.9352,63.6631,62.0875,62.3738,1346467
2022-02-18,62.7481,63.9216,62.4817,63.0739,1978249
2022-02-22,63.3502,64.5435,61.9935,62.1757,2154278
2022-02-23,62.3638,63.3888,61.1448,61.3082,1649731
2022-02-24,59.3554,62.5907,58.2304,62.3926,2539353
2022-02-25,62.758,68.1829,62.5709,68.064,2936725
2022-02-28,66.7816,70.9537,66.6439,69.6128,4897032
2022-03-01,71.0131,74.3761,69.2573,71.1805,3537324
2022-03-02,72.4035,74.7119,71.0329,74.1989,2670424
2022-03-03,74.6921,76.3489,73.6166,76.0339,3086035
2022-03-04,74.6821,76.5072,74.0998,76.3191,2370931
2022-03-07,76.0824,76.3983,70.7963,71.3884,3667194
2022-03-08,70.6586,71.4122,67.8669,69.0108,2770302
2022-03-09,69.2969,72.2857,69.09,70.9636,2141119
2022-03-10,70.924,72.8333,70.1654,71.3983,2338699
2022-03-11,71.3884,73.3799,70.619,71.1319,2334544
2022-03-14,70.915,71.2894,68.4878,70.51,2455357
2022-03-15,69.8891,72.2163,68.577,72.1084,2075035
2022-03-16,73.2225,75.0129,71.2101,73.982,2804277
2022-03-17,75.1555,80.1168,74.1098,79.9495,3825712
2022-03-18,78.5878,83.2136,77.9373,83.0561,7137743
2022-03-21,84.3771,86.1131,81.9509,84.0127,2870294
2022-03-22,84.8317,85.7784,81.9905,83.0462,2087115
2022-03-23,82.9175,84.9397,82.2569,84.289,2069241
2022-03-24,84.7921,87.4649,84.7921,87.4451,2093334
2022-03-25,86.7648,88.4611,85.5219,88.263,1786077
2022-03-28,87.1787,87.4649,84.5158,85.9755,1703949
2022-03-29,83.4601,83.9731,80.1565,83.0066,2857596
2022-03-30,84.69,85.4724,82.2242,82.8283,1835008
2022-03-31,83.4225,85.3734,82.4025,82.6204,2194222
2022-04-01,84.1652,85.4526,82.8779,84.1652,2050541
2022-04-04,83.7096,84.3633,82.0361,82.7887,1646684
2022-04-05,82.8184,84.2642,81.2636,81.739,1604895
2022-04-06,81.739,82.7094,78.9167,81.3725,2299138
2022-04-07,80.7289,83.3136,80.0951,82.8283,1361394
2022-04-08,83.3532,83.8681,82.0082,82.3925,1466685
2022-04-11,82.4322,84.1306,81.645,82.8382,1486241
2022-04-12,84.185,86.6806,83.2838,83.8186,1995893
2022-04-13,84.6108,86.5624,83.3684,86.4925,1244553
2022-04-14,86.5122,88.2502,86.4925,87.4629,1673745
2022-04-18,87.4927,90.8992,87.4763,89.6317,1702816
2022-04-19,89.9387,91.2558,88.3058,91.0874,2145854
2022-04-20,90.8695,92.256,89.5623,90.6021,1877749
2022-04-21,92.454,99.396,91.4687,92.3352,4241235
2022-04-22,92.4837,94.9495,88.166,88.7404,2671455
2022-04-25,86.1557,89.2652,83.9077,88.4631,2793721
2022-04-26,88.0273,88.9979,86.5419,86.6904,2204087
2022-04-27,89.2356,89.5227,86.5122,87.2648,2466839
2022-04-28,87.7996,89.0771,85.6506,88.78,2598230
2022-04-29,89.0573,90.9587,84.5613,84.9179,2568897
2022-05-02,84.4325,84.7594,79.8482,82.8184,3226373
2022-05-03,82.7293,85.8387,81.3132,85.5219,2545156
2022-05-04,85.5665,88.6612,83.0363,88.6414,2323786
2022-05-05,88.0075,88.8543,79.7188,80.62,2804823
2022-05-06,80.2238,80.4714,76.7825,78.8869,2483249
2022-05-09,76.8469,78.2135,75.3417,76.4706,3215244
2022-05-10,77.6392,78.164,75.1139,76.3023,2461204
2022-05-11,76.7776,78.3124,74.3712,74.6386,2048784
2022-05-12,73.1928,76.025,72.6084,74.0146,2219082
2022-05-13,74.9654,77.1737,73.163,73.4106,2378836
2022-05-16,74.49,75.6734,72.7372,74.3811,2033302
2022-05-17,76.639,77.8571,75.3615,77.6887,2148977
2022-05-18,76.54,77.6887,74.7079,75.1535,2243214
2022-05-19,74.8861,76.5994,73.9659,75.0149,2086564
2022-05-20,76.3319,77.1539,73.4601,75.1733,2380039
2022-05-23,76.9559,78.1739,75.3021,77.3717,1532133
2022-05-24,75.8191,77.7976,75.3071,77.3421,1674089
2022-05-25,76.1339,80.2536,75.3417,79.8575,2083727
2022-05-26,79.8673,84.0662,79.8673,83.571,1510061
2022-05-27,84.0365,87.1064,83.9869,86.9381,1692068
2022-05-31,84.7891,86.3736,82.9868,84.5514,5527185
2022-06-01,84.3534,84.9773,80.7586,83.1552,2448993
2022-06-02,84.4325,86.0963,83.0066,84.1553,1432899
2022-06-03,83.1353,83.7146,81.9618,82.1351,1396292
2022-06-06,83.0759,83.0957,81.1448,81.5608,1368866
2022-06-07,81.2142,85.1159,81.135,84.9871,1617386
2022-06-08,83.264,84.69,79.7683,80.5606,1834521
2022-06-09,80.0456,80.1546,75.9483,76.0448,2194895
2022-06-10,74.2721,75.7378,73.3313,73.4106,1674009
2022-06-13,70.8655,71.3607,68.6996,69.895,2322586
2022-06-14,69.8257,71.2815,68.9295,70.3308,1958587
2022-06-15,71.7271,74.0246,70.0832,71.3508,2797244
2022-06-16,69.6376,71.3607,68.5482,69.1919,3049258
2022-06-17,70.509,71.9944,68.7661,71.1626,7553401
2022-06-21,73.3017,74.4603,69.8852,70.0436,2656559
2022-06-22,67.4094,68.1917,66.2805,66.7459,2216909
2022-06-23,67.1519,67.3797,63.7503,65.3397,1862071
2022-06-24,66.439,68.4394,65.8546,68.2215,2669291
2022-06-27,69.3207,69.9346,67.6719,68.6176,1322780
2022-06-28,68.9938,69.7565,66.3894,66.7063,1655825
2022-06-29,66.985,67.6817,65.1337,66.5172,1294799
2022-06-30,65.1934,66.9303,64.1384,65.8404,1641275
2022-07-01,64.9844,66.8855,63.8597,65.92,1598913
2022-07-05,63.6308,64.228,62.4862,64.1981,1764237
2022-07-06,63.581,64.5266,62.1477,64.1085,1564764
2022-07-07,66.776,67.2139,65.2332,66.2684,1992718
2022-07-08,66.9949,66.9949,64.9545,65.8503,1153904
2022-07-11,65.1337,66.98,64.8052,65.5816,1202915
2022-07-12,65.1735,67.3528,65.0441,65.3925,1506984
2022-07-13,65.2631,67.1343,64.4768,66.9452,1411985
2022-07-14,64.5962,65.7657,63.5213,65.6214,1322780
2022-07-15,66.1489,66.766,64.9247,66.7461,1037088
2022-07-18,67.831,69.0067,67.0348,67.3931,1141608
2022-07-19,65.2631,66.5769,63.9294,66.3082,2922528
2022-07-20,66.9054,67.8012,65.7608,67.7813,2696126
2022-07-21,68.6173,70.4437,67.9305,70.3989,3164758
2022-07-22,70.807,71.6033,65.5816,66.2883,2387107
2022-07-25,67.6718,69.8416,67.0945,69.6724,1971696
2022-07-26,69.6823,70.5084,68.7666,70.1501,1711263
2022-07-27,70.5482,73.0365,69.1548,72.4891,2019485
2022-07-28,72.8972,74.4449,71.7376,73.8228,1949700
2022-07-29,74.5295,77.7046,74.1652,77.5155,1754281
2022-08-01,76.6695,77.9186,75.3158,77.0178,1258742
2022-08-02,76.3111,77.7643,74.2409,76.1917,2005876
2022-08-03,76.0125,76.9183,74.9426,76.0026,1442528
2022-08-04,76.3509,78.2321,74.8779,77.1173,1634733
2022-08-05,75.9628,79.4464,75.5049,78.4113,1030370
2022-08-08,78.9288,80.3919,78.0435,78.3814,1277158
2022-08-09,78.4411,80.8996,78.0231,80.7602,1661283
2022-08-10,81.8352,82.8603,80.8697,82.6215,1335644
2022-08-11,83.348,85.5328,82.9798,83.0992,1369681
2022-08-12,82.9997,84.6619,82.3826,84.214,1105304
2022-08-15,83.0694,83.5272,81.0533,83.1589,1379877
2022-08-16,83.9552,84.9903,83.5073,84.2538,1184445
2022-08-17,82.3527,83.4177,81.6859,82.6513,1227217
2022-08-18,83.7362,84.6519,83.6964,84.0348,1036657
2022-08-19,82.8703,82.8703,80.6673,81.4171,1477939
2022-08-22,80.0237,80.9792,79.5111,79.8744,1214194
2022-08-23,80.7304,82.4423,80.3621,80.6507,1163177
2022-08-24,79.8445,81.6162,78.7404,81.009,1138609
2022-08-25,81.7754,86.5231,81.7754,86.3539,3201054
2022-08-26,86.6226,88.2052,85.1396,86.4634,2536647
2022-08-29,85.5178,87.1753,84.317,85.8363,1517946
2022-08-30,85.4482,85.4482,80.2227,81.0389,2231484
2022-08-31,80.6507,81.2977,79.108,80.3422,2370025
2022-09-01,78.4411,78.4411,74.7883,76.978,2273517
2022-09-02,78.6103,79.7699,77.4259,77.5752,1576349
2022-09-06,77.834,79.6554,77.406,78.9885,1434397
2022-09-07,78.4312,79.6654,77.2367,79.327,1118308
2022-09-08,79.2672,82.7309,78.8293,82.6016,1463616
2022-09-09,84.0348,86.538,83.7661,86.115,1673353
2022-09-12,86.1947,86.8814,82.8255,83.0992,1676611
2022-09-13,81.019,82.8902,80.4119,81.5266,2185226
2022-09-14,79.108,79.2672,73.0564,74.2011,3209072
2022-09-15,77.4458,77.4956,74.7186,75.8732,2799388
2022-09-16,74.9774,75.5149,73.8826,74.6689,4170316
2022-09-19,74.002,77.0676,73.3826,76.8287,1473560
2022-09-20,74.9874,75.7339,74.4399,75.495,1518861
2022-09-21,76.5699,77.2069,73.8527,73.8527,1231989
2022-09-22,74.8182,75.5547,71.9616,72.2204,1265070
2022-09-23,69.9958,70.6279,68.7965,69.8615,1917562
2022-09-26,69.4733,71.2649,69.1249,69.3539,1541237
2022-09-27,70.8468,71.7625,69.6077,70.4288,1661908
2022-09-28,69.8416,72.6484,69.5032,72.3,1474036
2022-09-29,72.66,72.66,69.835,70.71,1592811
2022-09-30,70.76,72.53,70.05,70.95,1377083
2022-10-03,72.06,75.945,72.06,75.39,1337268
2022-10-04,76.1,78.12,75.93,78.02,1428911
2022-10-05,77.12,78.43,76.55,77.83,1248032
2022-10-06,78.32,79.57,76.87,77.14,2077381
2022-10-07,77.04,77.4999,75.39,75.89,1143887
2022-10-10,77.15,78.24,76.6,77.72,1082929
2022-10-11,76.59,80.64,76.35,79.11,1874182
2022-10-12,79.12,79.97,78.025,78.87,1182849
2022-10-13,76.682,81.82,75.77,81.02,1787190
2022-10-14,80.89,81.085,77.54,78.06,1218542
2022-10-17,79.03,81.33,78.97,80.02,1404742
2022-10-18,81.48,82.98,80.655,81.74,1176815
2022-10-19,81.73,82.86,80.16,80.68,1616575
2022-10-20,80.67,87.19,80.0,85.65,2643933
2022-10-21,86.17,93.29,86.08,92.92,3819552
2022-10-24,92.74,96.48,92.55,96.26,3289975
2022-10-25,94.88,97.88,94.32,97.71,2244314
2022-10-26,97.97,100.39,96.42,98.04,2137260
2022-10-27,98.03,98.74,96.1,97.47,2182804
2022-10-28,95.99,97.22,94.07,94.43,2383516
2022-10-31,93.67,95.294,92.87,94.05,1677948
2022-11-01,96.37,97.02,92.865,96.71,1599546
2022-11-02,95.84,96.04,92.19,92.36,1609823
2022-11-03,91.88,93.32,91.1432,91.55,1064612
2022-11-04,95.58,96.34,92.855,95.4,1396314
2022-11-07,95.93,97.38,94.91,95.96,1031597
2022-11-08,96.24,98.25,95.535,96.77,1321978
2022-11-09,95.46,96.57,91.565,92.05,1392817
2022-11-10,95.0,96.5,93.4,96.34,1577202
2022-11-11,100.0,101.91,96.28,96.74,1940886
2022-11-14,96.27,102.97,95.38,100.4,1591296
2022-11-15,100.84,103.0,99.65,100.48,1843509
2022-11-16,98.67,100.21,97.8,99.3,1032801
2022-11-17,96.71,101.17,96.14,101.01,1285768
2022-11-18,100.92,101.2,98.38,100.64,1051840
2022-11-21,100.34,104.0,99.77,103.02,1868834
2022-11-22,103.95,106.78,103.29,106.44,1789338
2022-11-23,105.22,105.99,103.48,103.95,1360078
2022-11-25,103.86,105.37,103.36,103.98,503156
2022-11-28,102.58,104.78,101.77,102.88,1366422
2022-11-29,104.61,105.199,102.05,102.64,1106948
2022-11-30,103.62,104.03,100.65,103.93,2930146
2022-12-01,103.9,105.455,102.66,105.13,1577223
2022-12-02,104.29,109.63,103.77,109.55,2283549
2022-12-05,107.77,109.44,105.68,106.74,2425783
2022-12-06,104.2,108.935,104.2,108.27,2060857
2022-12-07,107.32,110.35,106.89,107.6,1943321
2022-12-08,109.52,110.74,108.7,110.04,2121025
2022-12-09,109.72,111.1864,108.26,108.41,1333744
2022-12-12,107.85,109.94,106.43,109.76,1548605
2022-12-13,112.49,113.12,109.75,110.38,1809271
2022-12-14,110.04,110.13,107.26,108.66,1639529
2022-12-15,106.41,106.44,100.46,101.92,2638992
2022-12-16,100.32,103.62,97.35,101.02,5312326
2022-12-19,102.4,104.37,100.28,101.54,1982762
2022-12-20,101.65,105.37,101.65,103.2,2462809
2022-12-21,104.085,107.91,102.91,104.82,38999824
2022-12-22,104.65,104.76,99.13,102.85,2710431
2022-12-23,103.6,104.1,101.26,102.59,1423505
2022-12-27,103.1,104.14,102.315,102.9,1144730
2022-12-28,103.01,103.21,99.8,99.89,1137684
2022-12-29,100.0,100.4,97.95,98.41,1438340
2022-12-30,98.1,98.33,96.71,97.7,1390361
2023-01-03,97.8,98.185,95.0,95.17,2063759
2023-01-04,94.94,99.34,94.87,98.71,2393316
2023-01-05,98.33,100.29,96.015,98.79,2111653
2023-01-06,100.16,104.62,99.7,102.69,1566815
2023-01-09,103.22,104.37,101.32,101.38,1432546
2023-01-10,101.5,107.13,101.5,106.86,1522958
2023-01-11,106.91,110.23,106.91,110.0,1657383
2023-01-12,110.45,111.2,108.66,110.37,963108
2023-01-13,109.79,112.4,109.3745,111.52,1287307
2023-01-17,111.35,113.71,109.232,110.19,1557746
2023-01-18,110.75,113.46,108.11,108.22,1545567
2023-01-19,107.9,108.85,105.95,107.33,1430903
2023-01-20,107.31,108.2,106.005,108.02,1289670
2023-01-23,107.87,110.2,106.91,107.69,1184385
2023-01-24,107.29,108.43,105.015,108.03,1441365
2023-01-25,107.07,111.21,107.07,110.41,1954738
2023-01-26,113.12,121.76,111.86,121.44,3731997
2023-01-27,120.15,123.69,117.57,118.93,2658149
2023-01-30,117.82,121.22,117.64,119.09,1830281
2023-01-31,118.17,120.68,116.97,120.64,2011793
2023-02-01,120.64,126.05,119.56,125.32,1733476
2023-02-02,125.31,125.92,122.56,125.85,1704221
2023-02-03,126.06,132.5,125.86,128.18,2223940
2023-02-06,127.63,128.17,122.47,123.51,1741879
2023-02-07,123.6,125.16,121.26,123.2,1455686
2023-02-08,122.37,125.51,121.89,124.03,1304454
2023-02-09,124.65,125.7166,120.68,121.35,1406240
2023-02-10,120.58,123.03,119.73,122.32,1206676
2023-02-13,122.18,124.53,121.07,123.75,1270383
2023-02-14,123.15,127.19,122.73,126.5,1264645
2023-02-15,125.12,125.75,121.57,125.68,1403036
2023-02-16,125.5,128.4199,125.04,126.18,1040809
2023-02-17,125.59,126.095,123.8742,124.97,1296664
2023-02-21,124.11,126.7799,121.21,121.78,1303361
2023-02-22,121.74,122.55,120.08,120.44,1418445
2023-02-23,121.16,121.84,116.99,119.01,1374299
2023-02-24,116.98,118.52,115.34,118.5,1563402
2023-02-27,120.84,123.06,119.43,121.34,1769380
2023-02-28,121.83,127.72,120.66,126.11,3346337
2023-03-01,126.85,130.57,126.47,129.12,1871020
2023-03-02,128.39,133.31,127.82,132.89,1628689
2023-03-03,133.04,136.45,132.27,136.06,1775870
2023-03-06,135.5,136.46,130.46,131.98,1993804
2023-03-07,131.43,133.3233,130.64,130.99,1270035
2023-03-08,130.7,132.73,129.51,132.61,1320771
2023-03-09,131.7,133.65,127.77,128.19,1334430
2023-03-10,128.08,128.08,119.48,120.36,2180649
2023-03-13,118.065,118.83,115.08,117.08,2346842
2023-03-14,118.73,120.815,114.76,116.29,2141533
2023-03-15,112.625,112.96,99.95,101.75,6186733
2023-03-16,100.01,106.7886,99.53,106.27,3765442
2023-03-17,105.46,105.875,103.095,103.91,6182989
2023-03-20,104.99,108.51,103.32,107.67,3283525
2023-03-21,110.12,112.5,109.09,111.05,2978914
2023-03-22,110.0,111.09,107.08,107.27,1387226
2023-03-23,107.65,111.05,105.95,107.5,1414479
2023-03-24,104.97,109.78,103.345,108.39,1539366
2023-03-27,109.92,111.4,108.48,110.69,1927285
2023-03-28,110.58,111.6801,108.91,109.23,1168999
2023-03-29,110.9,111.195,108.3,110.46,1421178
2023-03-30,111.9,113.03,110.95,111.35,943101
2023-03-31,112.14,113.465,111.12,113.06,1433507
2023-04-03,113.07,114.06,111.19,113.17,1508844
2023-04-04,112.33,113.13,101.925,103.29,2819978
2023-04-05,100.73,104.65,100.62,103.22,2424539
2023-04-06,103.17,104.235,101.19,103.43,1669523
2023-04-10,104.0,107.99,104.0,106.32,1512174
2023-04-11,107.92,108.47,106.86,108.01,1615712
2023-04-12,108.36,109.35,106.44,106.57,2082685
2023-04-13,106.79,106.9199,104.37,105.2,2005996
2023-04-14,105.07,105.83,103.475,104.46,1118507
2023-04-17,105.24,106.2899,104.53,106.04,1249981
2023-04-18,106.33,108.25,106.33,107.49,1491762
2023-04-19,107.04,107.4502,104.17,106.22,1404934
2023-04-20,103.02,115.12,103.02,111.46,3647305
2023-04-21,110.43,110.6013,106.53,110.05,1820504
2023-04-24,109.72,110.686,108.51,109.04,1448228
2023-04-25,107.07,107.58,103.97,104.0,1788931
2023-04-26,103.94,104.715,101.725,102.16,1622009
2023-04-27,102.76,104.66,101.38,104.37,1375255
2023-04-28,103.38,104.05,102.39,103.95,1246951
2023-05-01,103.9,105.385,103.5,104.43,1393469
2023-05-02,103.77,104.12,100.34,103.14,1455291
2023-05-03,103.87,105.85,101.94,102.06,1266295
2023-05-04,101.43,102.0,95.89,96.37,1913586
2023-05-05,98.0,101.14,97.93,98.2,1813959
2023-05-08,100.45,101.26,97.415,97.88,1501343
2023-05-09,96.99,98.44,96.3,97.52,1310431
2023-05-10,99.52,100.36,94.72,96.48,1831484
2023-05-11,94.3,97.32,93.745,96.99,1607232
2023-05-12,98.15,98.5,96.5,97.2,1312489
2023-05-15,97.87,98.46,97.06,98.02,936675
2023-05-16,97.33,98.01,95.275,95.48,1397461
2023-05-17,97.33,97.74,96.41,96.65,1814660
2023-05-18,95.56,98.03,94.88,97.81,1633650
2023-05-19,98.83,99.21,96.35,97.06,1295469
2023-05-22,97.71,98.31,96.57,97.19,1499141
2023-05-23,94.97,96.06,91.94,95.84,2341344
2023-05-24,94.95,94.99,92.74,93.25,1352476
2023-05-25,93.04,95.08,92.8283,94.73,1353862
2023-05-26,96.04,96.41,94.21,95.65,1285420
2023-05-30,95.1,95.5365,92.13,93.03,1454446
2023-05-31,91.7,92.67,90.549,91.9,3453621
2023-06-01,92.05,93.31,90.88,92.17,1626429
2023-06-02,95.15,98.15,94.79,97.71,1770160
2023-06-05,98.04,99.09,95.54,97.68,1497579
2023-06-06,96.7,99.495,96.7,99.3,1061529
2023-06-07,99.3,101.875,99.3,101.37,1170995
2023-06-08,102.0,102.79,99.26,100.36,986548
2023-06-09,100.42,101.43,98.62,99.22,1554407
2023-06-12,98.41,102.3,97.84,101.05,1569370
2023-06-13,103.37,107.26,102.76,107.1,1921890
2023-06-14,109.12,109.57,104.01,104.69,2031764
2023-06-15,103.77,106.03,103.76,105.96,1220596
2023-06-16,103.41,104.125,100.82,102.53,7402491
2023-06-20,101.1,101.64,99.68,100.98,1614803
2023-06-21,100.05,103.48,100.05,102.11,1314582
2023-06-22,102.11,103.19,100.58,102.42,1171184
2023-06-23,101.09,103.9774,100.43,102.68,2668826
2023-06-26,105.225,106.19,103.35,103.72,1105940
2023-06-27,104.78,107.59,104.22,106.73,1449897
2023-06-28,106.15,107.135,104.6,106.97,1283595
2023-06-29,106.72,109.49,106.385,109.14,1095158
2023-06-30,109.68,109.82,107.5635,108.93,1048471
2023-07-03,108.93,111.71,108.42,110.78,765552
2023-07-05,106.29,108.92,104.66,105.25,1772867
2023-07-06,103.74,105.69,101.81,104.02,1657791
2023-07-07,105.08,106.94,104.17,105.16,1592877
2023-07-10,103.5,106.3,103.01,105.21,917439
2023-07-11,105.36,107.245,105.36,106.8,1028999
2023-07-12,109.0,109.265,106.89,106.96,1052166
2023-07-13,107.37,108.55,106.57,107.89,912812
2023-07-14,107.83,107.83,104.92,106.36,823747
2023-07-17,105.86,107.5,105.86,106.94,922886
2023-07-18,106.62,108.87,106.32,108.72,983293
2023-07-19,108.39,108.39,104.7,105.3,1661399
2023-07-20,105.3,105.39,100.1232,102.17,2119725
2023-07-21,102.8,103.475,100.17,100.3,1289485
2023-07-24,101.07,103.38,100.525,101.98,1329321
2023-07-25,102.96,105.73,102.275,105.12,1146741
2023-07-26,104.06,105.345,102.3381,103.76,1021681
2023-07-27,103.96,104.31,102.05,102.49,1179829
2023-07-28,103.61,104.0,101.83,103.81,902111
2023-07-31,104.23,106.8099,104.23,106.58,1276963
2023-08-01,103.99,107.885,103.81,107.0,1384588
2023-08-02,105.86,107.0645,105.05,105.36,1298374
2023-08-03,105.0,107.9,103.7283,105.44,1345635
2023-08-04,105.52,106.927,103.65,103.79,1236614
2023-08-07,103.84,105.61,103.84,104.46,748578
2023-08-08,102.68,104.16,101.1,103.95,899393
2023-08-09,105.19,105.19,103.38,104.57,1251801
2023-08-10,105.31,105.91,101.36,102.09,1113435
2023-08-11,101.93,102.85,101.5,102.3,871798
2023-08-14,104.44,109.235,102.44,107.65,2683736
2023-08-15,106.5,107.0,103.89,104.21,1183527
2023-08-16,103.53,107.25,103.33,105.86,1286157
2023-08-17,107.94,109.34,105.2975,105.44,1587144
2023-08-18,104.03,106.03,103.9,105.24,995096
2023-08-21,105.02,105.8976,103.45,103.86,785766
2023-08-22,104.37,106.24,104.21,104.85,878918
2023-08-23,104.85,104.9,102.74,102.89,1716313
2023-08-24,102.2,102.36,99.92,101.05,1648529
2023-08-25,102.01,102.53,100.125,101.76,998431
2023-08-28,102.08,103.12,101.33,102.12,708607
2023-08-29,101.74,107.56,101.65,106.57,1359215
2023-08-30,106.71,107.08,105.6,106.42,699921
2023-08-31,106.42,107.33,105.7401,106.59,1217128
2023-09-01,107.96,108.26,106.1301,107.3,697200
2023-09-05,107.17,107.25,104.935,105.58,713086
2023-09-06,105.32,106.67,103.0,103.99,989397
2023-09-07,103.19,105.29,102.26,105.06,1033583
2023-09-08,103.79,104.7,102.04,102.94,989170
2023-09-11,104.34,104.79,100.16,100.34,1372945
2023-09-12,99.96,101.15,98.38,100.18,863774
2023-09-13,100.53,100.74,97.695,98.65,1128141
2023-09-14,100.48,102.74,100.0069,102.53,1845765
2023-09-15,101.89,101.9099,98.41,98.71,4207186
2023-09-18,96.39,99.78,95.525,98.11,1664215
2023-09-19,98.03,100.38,98.03,99.29,1383305
2023-09-20,100.31,102.23,100.03,100.25,1332356
2023-09-21,99.36,100.45,99.14,99.54,1473739
2023-09-22,99.93,102.86,99.885,101.1,1629402
2023-09-25,101.73,105.0491,101.44,104.39,1482483
2023-09-26,104.39,105.315,102.33,102.82,1613178
2023-09-27,103.96,106.48,103.7379,106.44,1963119
2023-09-28,106.65,107.21,105.38,105.95,1295930
2023-09-29,107.0,107.67,105.94,107.22,1472878
2023-10-02,107.45,107.9625,105.28,106.31,1239803
2023-10-03,105.46,106.86,104.8342,106.21,1220623
2023-10-04,106.06,108.1,105.51,106.56,1218527
2023-10-05,105.72,107.57,105.5,106.97,1080226
2023-10-06,107.82,109.33,106.58,108.25,1111599
2023-10-09,107.88,109.265,106.225,108.73,807105
2023-10-10,109.2,111.43,109.2,109.76,1055234
2023-10-11,109.77,111.13,109.15,110.49,912531
2023-10-12,109.32,109.51,104.68,105.82,1273808
2023-10-13,105.5,107.07,104.88,105.91,902219
2023-10-16,107.32,107.891,104.52,104.72,997592
2023-10-17,103.6,107.24,103.51,106.78,1049560
2023-10-18,105.26,105.4699,102.93,103.41,1275885
2023-10-19,104.81,108.2,98.25,99.2,3598711
2023-10-20,98.77,101.905,98.57,98.95,2007611
2023-10-23,98.61,101.11,98.32,98.75,1366025
2023-10-24,99.56,102.59,98.74,101.62,2302237
2023-10-25,101.37,101.7,99.01,99.84,1157326
2023-10-26,100.2,103.855,100.2,102.36,1641132
2023-10-27,102.84,104.555,101.66,104.11,1488820
2023-10-30,104.74,105.28,102.865,104.59,1323831
2023-10-31,104.85,107.06,104.08,106.51,1680894
2023-11-01,107.05,109.35,105.6301,109.02,1553188
2023-11-02,110.0,111.87,109.84,111.54,1152831
2023-11-03,113.81,114.18,111.835,111.87,1146368
2023-11-06,112.84,113.51,111.41,111.81,951067
2023-11-07,111.42,111.42,109.455,110.25,1204336
2023-11-08,110.45,110.72,108.8,109.17,1168341
2023-11-09,110.0,110.42,108.26,108.7,892810
2023-11-10,109.37,109.89,108.12,109.02,1058494
2023-11-13,108.66,109.0166,107.375,107.44,1380336
2023-11-14,108.87,111.19,108.17,110.75,1328407
2023-11-15,111.17,111.925,110.84,111.26,839654
2023-11-16,110.63,111.125,108.19,109.88,841375
2023-11-17,110.25,112.09,110.25,110.93,1046076
2023-11-20,111.42,112.64,111.28,111.86,865993
2023-11-21,111.69,113.56,111.51,112.66,934436
2023-11-22,112.58,113.06,111.73,112.7,633900
2023-11-24,112.59,112.97,111.14,111.5,410908
2023-11-27,111.98,115.4574,111.875,115.25,1213466
2023-11-28,115.05,116.59,113.88,114.23,1245878
2023-11-29,114.31,115.56,113.4916,115.49,936502
2023-11-30,115.85,119.55,115.37,119.18,3283249
2023-12-01,120.0,120.6,118.88,119.75,1196713
2023-12-04,118.02,120.3,117.5,118.77,1221444
2023-12-05,118.25,118.45,115.43,116.61,1375361
2023-12-06,116.03,117.955,113.61,113.68,1337097
2023-12-07,113.68,114.46,112.335,114.41,1347780
2023-12-08,114.05,115.57,113.08,113.16,971625
2023-12-11,112.07,114.945,111.795,114.77,1383030
2023-12-12,115.0,115.0,111.93,113.79,1217023
2023-12-13,113.99,116.44,111.63,115.36,1632231
2023-12-14,115.99,119.32,115.893,119.13,2265685
2023-12-15,120.2,127.76,119.185,124.52,6018528
2023-12-18,128.5,128.57,121.86,122.13,2169651
2023-12-19,122.37,123.82,121.15,123.32,1463285
2023-12-20,122.17,123.925,120.18,120.27,868344
2023-12-21,120.91,121.435,120.02,120.19,745996
2023-12-22,120.61,122.3325,120.13,121.84,679353
2023-12-26,122.05,122.47,121.21,121.25,347433
2023-12-27,121.35,122.23,120.7,120.9,751904
2023-12-28,120.42,120.67,118.73,119.08,574354
2023-12-29,118.85,119.05,117.69,118.1,769685
2024-01-02,117.83,120.53,117.75,118.91,965977
2024-01-03,117.86,121.41,116.43,119.11,1234281
2024-01-04,118.73,119.845,116.335,116.46,1304355
2024-01-05,115.93,117.97,115.37,116.22,1485004
2024-01-08,115.37,117.29,113.55,117.04,1146748
2024-01-09,116.49,116.49,112.76,113.01,1325033
2024-01-10,113.09,113.74,112.325,112.84,1157336
2024-01-11,112.75,113.68,111.07,113.12,1115221
2024-01-12,113.29,115.045,112.425,113.22,782512
2024-01-16,112.93,113.3841,111.5,111.6,1144506
2024-01-17,110.46,113.17,109.66,112.35,1265817
2024-01-18,112.81,113.89,111.55,112.69,1007362
2024-01-19,112.46,113.22,111.33,112.86,956642
2024-01-22,112.2,115.55,112.2,115.43,1967483
2024-01-23,116.38,117.73,115.49,116.14,1971033
2024-01-24,110.08,118.5594,110.0,116.54,2578309
2024-01-25,117.38,118.15,114.755,115.9,1268010
2024-01-26,116.37,117.93,115.34,116.0,996119
2024-01-29,115.57,116.93,112.84,116.86,1736178
2024-01-30,115.79,122.88,115.755,122.45,1620255
2024-01-31,122.67,122.88,120.41,120.69,1657000
2024-02-01,121.93,122.85,118.57,119.79,1470078
2024-02-02,119.38,121.28,118.95,120.16,1210069
2024-02-05,118.81,121.84,118.11,121.49,1277318
2024-02-06,121.67,122.32,120.03,120.17,1187161
2024-02-07,120.22,125.48,120.15,124.56,1466468
2024-02-08,124.65,125.745,123.54,124.84,846945
2024-02-09,125.0,125.66,124.21,124.99,1153482
2024-02-12,125.25,126.15,123.6,123.81,973113
2024-02-13,121.61,122.15,117.43,118.37,1245714
2024-02-14,118.99,120.97,118.17,119.74,906462
2024-02-15,120.04,124.35,120.04,124.11,1319314
2024-02-16,124.47,126.0,123.22,123.34,895942
2024-02-20,121.74,123.63,120.95,122.61,1014279
2024-02-21,121.79,122.46,120.66,122.05,851486
2024-02-22,121.92,125.05,121.92,124.78,797655
2024-02-23,125.52,127.82,124.55,127.01,752681
2024-02-26,127.6,131.22,127.02,131.07,998358
2024-02-27,130.86,133.65,130.77,132.97,1222614
2024-02-28,131.61,133.16,130.82,132.49,1174652
2024-02-29,133.13,134.37,132.0601,133.82,2134832
2024-03-01,134.28,137.7,132.36,133.71,1508217
2024-03-04,133.47,134.86,128.53,130.24,1349348
2024-03-05,129.15,130.45,127.14,128.5,1120487
2024-03-06,131.06,132.29,129.69,129.96,897632
2024-03-07,130.92,133.325,130.92,132.41,703668
2024-03-08,132.89,135.24,131.22,131.48,873224
2024-03-11,130.25,130.415,127.23,129.92,810071
2024-03-12,131.05,131.54,128.0027,131.34,1091630
2024-03-13,131.66,134.54,131.605,133.95,1155494
2024-03-14,133.95,135.2,131.05,132.16,967635
2024-03-15,132.3,138.949,131.62,137.9,3864581
2024-03-18,138.46,140.345,137.73,139.97,1110558
2024-03-19,140.0,141.26,139.73,140.88,1229659
2024-03-20,141.18,143.41,140.3,142.72,991040
2024-03-21,143.8,144.41,141.26,143.86,961721
2024-03-22,143.15,145.48,143.15,144.01,767240
2024-03-25,145.52,148.34,144.06,144.15,985536
2024-03-26,144.6,145.82,144.17,144.83,1063675
2024-03-27,146.22,147.14,144.81,146.99,992376
2024-03-28,147.39,148.74,146.63,148.23,956755
2024-04-01,149.0,151.34,148.05,149.26,873820
2024-04-02,149.01,149.34,145.98,147.9,917287
2024-04-03,147.76,150.5,147.37,147.73,902845
2024-04-04,148.6,149.78,146.07,146.71,768090
2024-04-05,146.15,147.66,145.63,147.27,638541
2024-04-08,147.92,148.879,146.14,147.85,619730
2024-04-09,148.88,149.6201,144.505,146.73,822993
2024-04-10,145.04,146.03,143.51,144.65,1133986
2024-04-11,144.53,145.62,142.5,144.23,1024406
2024-04-12,144.29,145.31,140.0,140.63,1278235
2024-04-15,142.29,143.04,140.75,140.97,975794
2024-04-16,139.61,140.225,137.46,139.77,1020179
2024-04-17,142.18,142.18,138.7,138.93,997314
2024-04-18,140.0,140.0,135.26,136.07,1332797
2024-04-19,136.48,137.98,135.65,136.89,983234
2024-04-22,136.93,138.6425,135.41,137.3,822554
2024-04-23,133.53,135.78,130.765,134.16,2123774
2024-04-24,141.06,144.9111,128.75,129.92,2557029
2024-04-25,129.16,133.2,127.05,133.03,1447885
2024-04-26,133.0,136.28,133.0,134.04,1053994
2024-04-29,134.1,135.19,133.29,135.07,975318
2024-04-30,133.48,133.5,129.33,130.12,1378642
2024-05-01,131.32,132.78,128.895,129.65,940880
2024-05-02,130.27,131.19,128.89,130.79,1149587
2024-05-03,131.79,135.805,131.79,135.47,1220665
2024-05-06,136.16,137.06,130.31,132.6,1818348
2024-05-07,132.6,133.48,131.755,132.71,1054506
2024-05-08,132.05,132.62,130.77,130.82,1147969
2024-05-09,131.36,135.2,131.095,134.84,883820
2024-05-10,135.11,135.56,133.54,135.18,792465
2024-05-13,135.52,135.97,134.48,134.85,977113
2024-05-14,135.15,136.37,134.8,135.07,600791
2024-05-15,135.57,137.795,135.45,136.93,1146746
2024-05-16,136.82,137.2075,134.81,134.95,1027349
2024-05-17,135.4,135.4,133.58,133.93,831920
2024-05-20,134.22,134.69,131.175,133.08,1123730
2024-05-21,133.26,134.485,132.18,134.35,772389
2024-05-22,132.54,133.74,131.44,132.73,984039
2024-05-23,133.47,134.01,132.5,133.57,1174141
2024-05-24,134.31,134.49,132.38,133.34,628884
2024-05-28,133.69,135.49,132.75,134.28,1403109
2024-05-29,133.06,135.92,131.44,131.73,928104
2024-05-30,131.16,134.52,131.0,133.5,787913
2024-05-31,133.75,133.925,131.1785,133.87,2501321
2024-06-03,134.0,134.56,131.49,132.61,743437
2024-06-04,130.83,130.95,127.11,127.24,1032599
2024-06-05,126.64,128.55,126.42,127.16,1254010
2024-06-06,126.72,128.46,126.375,128.35,1066504
2024-06-07,126.8,127.72,124.66,125.52,1308462
2024-06-10,125.01,125.2,122.36,123.67,1518079
2024-06-11,122.61,122.61,120.05,121.53,1436232
2024-06-12,123.15,123.515,120.36,120.78,1110067
2024-06-13,120.79,121.874,119.06,121.42,985236
2024-06-14,118.98,121.61,118.36,120.69,1211205
2024-06-17,120.4,126.79,120.34,126.55,2237330
2024-06-18,126.48,128.37,123.4,125.0,1637306
2024-06-20,125.02,127.05,124.475,125.68,1244757
2024-06-21,125.76,128.82,124.2954,128.18,4316874
2024-06-24,127.4,128.93,125.72,126.34,1746601
2024-06-25,127.25,127.25,123.29,123.59,1503052
2024-06-26,122.89,125.07,122.48,124.78,1501320
2024-06-27,124.78,126.34,124.35,125.05,1042155
2024-06-28,126.61,130.5999,126.58,129.5,2428798
2024-07-01,130.02,130.5999,127.4,129.15,1278359
2024-07-02,128.99,130.26,127.23,128.3,1212642
2024-07-03,128.72,129.84,127.07,127.13,737271
2024-07-05,126.71,126.965,123.78,124.42,1426937
2024-07-08,124.27,125.63,123.6001,124.27,996810
2024-07-09,122.98,125.2475,122.9298,124.25,938032
2024-07-10,124.86,127.865,124.48,127.28,1678721
2024-07-11,127.55,130.3,127.04,129.77,1359511
2024-07-12,130.28,130.745,129.1,129.22,1085042
2024-07-15,131.58,137.27,131.16,131.91,2048881
2024-07-16,130.2,133.005,128.64,132.71,1055991
2024-07-17,132.8,133.24,129.92,130.07,1496537
2024-07-18,127.46,133.42,127.15,129.13,2301857
2024-07-19,129.17,129.76,126.9149,128.44,1226004
2024-07-22,128.34,128.46,125.5,127.77,1141644
2024-07-23,126.61,127.485,125.35,126.62,1361679
2024-07-24,126.94,127.44,123.16,123.29,1068062
2024-07-25,125.01,128.67,123.76,127.6,1594211
2024-07-26,128.18,131.82,127.8,130.54,1064732
2024-07-29,130.88,131.36,129.06,130.52,1077029
2024-07-30,130.79,131.48,128.82,128.85,866481
2024-07-31,129.96,135.32,129.68,133.22,1394849
2024-08-01,132.56,133.96,124.635,126.35,1474057
2024-08-02,123.03,123.79,119.88,121.28,1342346
2024-08-05,117.76,123.55,115.0,121.41,1469855
2024-08-06,121.62,124.19,121.365,122.38,943327
2024-08-07,124.19,126.19,119.06,119.12,1168932
2024-08-08,119.92,121.38,119.66,120.21,704876
2024-08-09,120.21,120.37,118.88,119.43,803622
2024-08-12,118.83,119.67,115.75,115.97,1323777
2024-08-13,116.36,117.43,115.02,117.27,1220250
2024-08-14,116.31,117.09,113.35,115.05,1401668
2024-08-15,117.17,120.0,116.83,118.05,1603522
2024-08-16,115.52,118.52,115.42,116.7,1115599
2024-08-19,117.08,118.33,115.48,116.06,939801
2024-08-20,116.2,117.0,115.33,115.95,752721
2024-08-21,117.54,119.313,117.05,119.05,1184601
2024-08-22,118.48,119.68,118.225,118.94,873723
2024-08-23,119.24,120.99,118.62,120.88,703143
2024-08-26,122.19,124.13,121.935,122.73,1015455
2024-08-27,122.19,122.61,120.55,121.41,743685
2024-08-28,118.89,119.55,117.61,118.03,1203637
2024-08-29,118.47,120.57,117.28,118.8,1017484
2024-08-30,119.13,120.205,117.88,119.51,1174161
2024-09-03,118.05,118.15,113.2401,113.96,1714715
2024-09-04,113.97,115.35,112.31,113.12,1142431
2024-09-05,113.3,114.22,110.97,111.32,1429394
2024-09-06,111.09,112.94,110.09,111.0,1481999
2024-09-09,112.78,113.51,110.69,110.74,1877272
2024-09-10,110.55,110.94,108.07,108.74,1796353
2024-09-11,108.54,108.83,104.6,108.1,1798138
2024-09-12,109.08,110.66,107.84,110.54,1330571
2024-09-13,111.63,114.14,111.3,112.84,1031472
2024-09-16,113.11,113.39,110.8125,111.01,1449279
2024-09-17,111.83,116.21,110.9,114.49,2082924
2024-09-18,114.42,117.44,113.41,115.12,1476460
2024-09-19,118.78,120.16,117.2301,120.09,1674118
2024-09-20,116.62,119.99,116.62,119.83,6833780
2024-09-23,120.0,121.58,119.62,120.96,1395819
2024-09-24,123.25,125.81,123.125,124.67,1646184
2024-09-25,124.6,124.73,122.941,123.34,1022970
2024-09-26,126.31,127.08,124.78,125.24,1253077
2024-09-27,126.14,128.0,125.76,125.98,957397
2024-09-30,125.83,126.72,124.55,126.08,882181
2024-10-01,126.04,129.5,126.04,129.23,1120350
2024-10-02,129.57,130.67,127.22,127.6,1160038
2024-10-03,126.53,127.94,125.3,127.54,897754
2024-10-04,130.17,130.78,127.66,128.22,800427
2024-10-07,127.4,130.19,127.31,130.07,906704
2024-10-08,127.17,127.775,125.361,127.03,1053131
2024-10-09,126.24,130.46,126.235,130.18,1345310
2024-10-10,128.645,129.75,128.04,128.46,949827
2024-10-11,128.44,130.69,128.44,129.86,720987
2024-10-14,128.33,130.27,127.69,130.18,644895
2024-10-15,128.85,131.42,128.33,128.46,1294441
2024-10-16,128.63,130.02,128.03,129.86,1090134
2024-10-17,135.99,138.72,133.84,135.05,2783983
2024-10-18,136.77,137.86,135.46,136.57,1521421
2024-10-21,136.99,137.005,132.63,133.45,1241833
2024-10-22,132.74,132.74,128.13,131.8,1316757
2024-10-23,131.96,133.24,128.47,128.64,1049875
2024-10-24,128.72,130.77,127.4039,130.34,1148771
2024-10-25,130.92,131.64,128.82,129.58,916256
2024-10-28,131.51,135.99,130.59,135.72,1132656
2024-10-29,135.7,136.03,133.775,135.16,873041
2024-10-30,134.27,135.81,132.38,132.77,1135690
2024-10-31,132.53,133.79,130.42,130.5,1007059
2024-11-01,130.68,133.99,130.36,133.65,1033300
2024-11-04,133.5,135.05,132.65,133.58,1071102
2024-11-05,133.08,135.75,131.805,135.65,926664
2024-11-06,148.5,155.56,146.98,154.32,4338151
2024-11-07,154.87,155.11,147.41,147.95,1779161
2024-11-08,147.51,149.68,146.1301,148.55,1073793
2024-11-11,150.05,151.0,147.55,147.8,772852
2024-11-12,146.0,146.69,143.1401,144.35,863653
2024-11-13,143.86,144.87,141.67,141.9,1159436
2024-11-14,141.07,142.43,136.72,137.81,1634476
2024-11-15,139.07,140.47,138.2,139.41,1297847
2024-11-18,138.39,141.48,138.07,140.69,1104845
2024-11-19,139.22,140.495,138.77,140.24,1574218
2024-11-20,141.64,144.95,141.255,144.04,2190344
2024-11-21,143.72,147.18,143.18,144.96,1672631
2024-11-22,144.08,146.34,142.52,143.57,1714195
2024-11-25,144.23,146.63,143.63,144.98,1928373
2024-11-26,146.0,148.81,143.21,143.63,969047
2024-11-27,144.5,145.43,142.505,143.83,1054170
2024-11-29,144.36,146.08,144.13,145.27,552239
2024-12-02,145.24,146.05,144.48,144.81,1040577
2024-12-03,145.76,145.85,142.465,143.2,1633127
2024-12-04,143.37,143.675,140.69,141.38,1099857
2024-12-05,141.18,141.18,137.75,138.7,1445159
2024-12-06,139.0,139.075,136.72,136.9,1273872
2024-12-09,137.8,139.45,137.23,138.25,1300789
2024-12-10,137.77,137.77,134.4,135.29,1547371
2024-12-11,133.55,135.7,133.445,133.55,1489088
2024-12-12,130.86,131.8,126.63,126.91,1776414
2024-12-13,126.38,126.43,121.93,122.37,1651104
2024-12-16,120.76,123.9,120.25,121.71,2320231
2024-12-17,121.29,121.59,118.02,118.58,1562533
2024-12-18,118.58,120.81,116.66,116.76,1944865
2024-12-19,117.21,119.14,114.79,115.29,1847715
2024-12-20,114.46,116.85,114.03,115.69,4410504
2024-12-23,115.5,116.38,114.375,115.75,1278209
2024-12-24,115.12,117.48,115.08,117.06,512700
2024-12-26,116.04,117.48,115.5,117.09,757217
2024-12-27,116.34,118.3,115.28,115.77,782703
2024-12-30,115.0,115.0,113.73,113.8,893719
2024-12-31,113.62,115.07,113.4,114.07,860487
2025-01-02,114.97,115.86,111.74,111.93,1194066
2025-01-03,113.31,113.815,110.91,113.15,2229507
2025-01-06,114.54,119.95,114.54,118.64,2176741
2025-01-07,119.1,121.34,118.73,119.81,1961304
2025-01-08,119.25,119.99,115.4325,116.48,1528608
2025-01-10,115.07,117.33,114.81,116.33,1744339
2025-01-13,116.23,123.81,115.37,123.27,2704287
2025-01-14,123.36,124.25,121.71,123.52,1382255
2025-01-15,126.0,126.9599,123.96,125.14,1361158
2025-01-16,124.51,125.69,124.32,125.0,875300
2025-01-17,125.97,127.71,125.56,125.83,1359768
2025-01-21,127.88,128.5,124.345,124.69,1926293
2025-01-22,125.36,125.9,122.59,122.885,1874609
2025-01-23,121.0,125.07,117.6833,122.37,2357897
2025-01-24,126.7,126.7,122.16,122.35,1632839
2025-01-27,121.91,123.0,121.17,122.01,1443304
2025-01-28,122.75,127.26,120.66,127.05,2133913
2025-01-29,127.24,129.42,126.7,129.17,1455266
2025-01-30,129.84,130.8,128.23,130.71,1842945
2025-01-31,130.09,131.45,127.1,128.2,2064639
2025-02-03,128.56,129.81,125.41,127.92,2160935
2025-02-04,125.27,126.8,124.0,126.38,1929844
2025-02-05,126.49,129.56,125.99,129.42,1618227
2025-02-06,131.12,132.18,127.09,128.96,1621450
2025-02-07,129.74,131.025,126.135,126.71,1441242
2025-02-10,133.72,135.0,131.84,132.87,2796704
2025-02-11,134.44,137.2999,133.2,134.86,2616465
2025-02-12,133.78,134.7,132.18,132.3,2213906
2025-02-13,132.9,133.695,129.38,132.88,1898714
2025-02-14,133.31,136.23,132.82,135.83,1608497
2025-02-18,136.58,139.65,135.1257,139.06,1798565
2025-02-19,137.43,138.5525,136.22,136.76,1486642
2025-02-20,137.09,139.2,134.98,135.07,1341793
2025-02-21,135.86,135.86,130.12,130.71,1398854
2025-02-24,134.68,134.94,131.245,133.15,1905596
2025-02-25,132.99,134.39,131.06,133.48,1293374
2025-02-26,134.21,137.32,132.85,133.48,1106678
2025-02-27,134.7,136.38,133.13,133.32,1198269
2025-02-28,133.75,135.27,130.86,135.07,1695776
2025-03-03,136.78,137.83,129.56,130.5,1926157
2025-03-04,128.59,129.31,124.0001,126.37,2001580
2025-03-05,126.92,129.29,125.33,127.72,2523728
2025-03-06,126.28,127.675,124.13,125.25,1991621
2025-03-07,127.06,127.865,123.02,125.03,2180584
2025-03-10,122.37,123.21,116.99,119.4,2729058
2025-03-11,119.6,123.39,119.3581,120.76,2392770
2025-03-12,123.22,126.39,121.81,123.53,2126291
2025-03-13,123.42,126.88,122.35,123.25,2038482
2025-03-14,125.94,127.52,124.745,127.14,1562879
2025-03-17,125.85,125.945,122.41,124.94,1983665
2025-03-18,124.94,127.28,124.18,127.09,1914512
2025-03-19,127.32,128.69,126.28,128.52,1979677
2025-03-20,127.995,128.545,126.6,126.64,1763166
2025-03-21,124.2,124.7,121.07,122.67,6338135
2025-03-24,125.6,127.88,125.2,126.66,2214427
2025-03-25,127.32,128.75,126.66,128.0,1435391
2025-03-26,128.04,130.11,127.85,128.34,1245852
2025-03-27,127.63,129.74,126.54,127.99,1367872
2025-03-28,128.07,128.74,123.28,123.97,2337384
2025-03-31,123.51,125.6,121.24,125.08,1771907
2025-04-01,124.1,125.2,122.5,124.0,1217768
2025-04-02,122.965,127.57,122.36,127.36,1263424
2025-04-03,121.65,122.0597,115.91,116.06,1878302
2025-04-04,111.16,113.3499,105.64,109.21,2181147
2025-04-07,106.15,114.965,103.17,111.04,2911215
2025-04-08,114.96,117.755,108.27,110.23,3012726
2025-04-09,108.74,123.38,108.74,122.65,3412520
2025-04-10,118.7,119.19,112.6,117.49,2123040
2025-04-11,117.21,121.2,116.29,120.41,1674215
2025-04-14,122.22,122.88,118.55,118.75,1521922
2025-04-15,118.66,120.41,117.65,118.24,1073025
2025-04-16,117.43,119.78,115.98,117.21,1123456
2025-04-17,118.32,120.13,117.73,118.29,1049852
2025-04-21,117.77,118.06,112.72,113.55,1230253
2025-04-22,115.39,117.6605,114.76,117.39,1655207
2025-04-23,120.86,127.25,119.5,122.49,2021608
2025-04-24,121.74,127.85,121.69,127.38,1352265
2025-04-25,125.87,127.77,125.755,127.34,775041
2025-04-28,127.66,129.315,126.1265,127.94,884726
2025-04-29,128.2,129.63,125.48,129.28,1307065
2025-04-30,124.98,130.18,124.73,129.71,1502347
2025-05-01,129.43,132.89,129.26,130.295,1274194
2025-05-02,132.32,135.245,131.49,134.94,1021062
2025-05-05,133.82,135.3,133.09,133.12,814767
2025-05-06,132.47,133.14,131.07,131.17,905947
2025-05-07,131.345,131.975,129.4,130.7,1549702
2025-05-08,132.23,132.23,129.29,129.63,1303525
2025-05-09,130.07,131.035,128.51,130.51,753897
2025-05-12,136.1,138.175,134.41,136.53,1562938
2025-05-13,137.71,137.71,135.3,135.42,1588418
2025-05-14,134.82,135.8,133.495,133.72,1116756
2025-05-15,132.51,134.175,132.26,133.8,816750
2025-05-16,133.8,135.16,132.33,134.78,1096072
2025-05-19,133.15,136.48,132.01,136.06,1297312
2025-05-20,136.04,136.06,134.565,135.38,913658
2025-05-21,133.76,135.58,132.17,132.21,1536367
2025-05-22,131.68,131.78,129.5,129.89,1424474
2025-05-23,127.69,129.12,124.45,125.32,3180825
2025-05-27,126.39,128.79,125.19,128.74,2231550
2025-05-28,129.0,129.1,126.63,126.72,1215948
2025-05-29,127.31,127.31,123.48,125.15,1161641
2025-05-30,124.57,124.82,121.41,123.07,2196537
2025-06-02,135.6,142.42,134.14,135.71,3317759
2025-06-03,135.05,137.11,130.97,136.84,1961092
2025-06-04,136.84,137.28,134.89,134.97,1191746
2025-06-05,135.25,135.745,131.68,132.1,1284306
2025-06-06,133.58,135.0,133.07,133.56,1018735
2025-06-09,134.1,135.58,133.515,133.63,1146779
2025-06-10,133.88,135.19,133.33,133.81,1027639
2025-06-11,131.9,131.9,127.61,130.03,1888169
2025-06-12,129.61,132.23,129.04,131.85,1068103
2025-06-13,130.01,133.51,130.01,133.48,1258589
2025-06-16,134.27,134.99,131.48,132.12,1228833
2025-06-17,131.58,134.41,130.5501,133.16,1098367
2025-06-18,131.3,134.16,129.72,130.11,1927330
2025-06-20,131.43,131.67,124.56,125.9,4349290
2025-06-23,125.65,127.7099,124.8,127.43,1240564
2025-06-24,128.24,129.54,127.94,128.22,971897
2025-06-25,128.32,129.1,127.22,128.48,967886
2025-06-26,129.79,132.3,129.0,131.5,1251946
2025-06-27,131.22,132.2083,130.45,131.21,1876696
2025-06-30,130.41,130.71,127.93,128.01,1288628
2025-07-01,127.81,131.915,126.305,130.155,2002448
2025-07-02,131.61,134.34,130.925,134.06,1652092
2025-07-03,134.92,135.21,132.97,133.24,1496134
2025-07-07,132.64,134.94,132.13,133.49,953622
2025-07-08,134.28,137.43,133.3264,136.04,1033207
2025-07-09,136.11,136.545,134.78,136.08,983907
2025-07-10,137.52,139.57,136.685,137.37,1242074
2025-07-11,136.97,137.92,134.16,135.07,822411
2025-07-14,134.49,134.7,133.12,133.22,755300
2025-07-15,133.71,133.71,128.69,128.86,963085
2025-07-16,129.0,129.31,126.17,127.47,1288914
2025-07-17,127.21,131.32,127.21,131.15,1514988
2025-07-18,131.58,132.0886,130.535,131.63,928996
2025-07-21,133.56,135.8,133.0,134.53,1639598
2025-07-22,128.08,134.66,127.602,132.24,2726693
2025-07-23,133.4,133.47,130.64,130.72,1216575
2025-07-24,129.61,130.02,126.47,126.83,1298790
2025-07-25,127.41,131.01,126.16,130.83,1033641
2025-07-28,130.31,131.405,129.555,130.225,1066047
2025-07-29,129.58,129.8,126.45,127.515,1486706
2025-07-30,127.38,129.15,126.21,127.45,1251660
2025-07-31,126.66,129.06,125.3,127.56,1367248
2025-08-01,125.11,125.185,121.66,122.37,1623447
2025-08-04,122.3,122.935,120.87,121.36,1007115
2025-08-05,121.54,124.16,121.4,123.53,1114995
2025-08-06,122.89,123.92,121.93,122.23,969650
2025-08-07,124.365,125.07,121.37,122.07,909173
2025-08-08,122.93,123.87,122.16,123.02,891413
2025-08-11,122.85,123.23,119.89,122.41,1380692
2025-08-12,123.38,126.65,121.68,125.6,2069548
2025-08-13,126.01,129.8499,125.77,129.24,1725155
2025-08-14,128.38,129.6199,125.735,127.48,1048941
2025-08-15,130.45,131.0112,126.32,126.42,1017025
2025-08-18,126.32,126.94,125.15,125.91,910201
2025-08-19,126.73,128.43,125.9662,128.22,1572969
2025-08-20,127.96,128.71,125.26,125.45,1218670
2025-08-21,125.03,126.49,124.77,125.76,1550934
2025-08-22,127.195,132.84,126.23,132.68,2463815
2025-08-25,132.58,134.3,132.05,133.28,941343
2025-08-26,132.51,133.51,131.15,131.73,1405760
2025-08-27,131.17,133.065,130.95,132.7,568002
2025-08-28,133.16,133.16,130.285,131.57,727504
2025-08-29,131.44,132.71,130.54,130.92,815097
2025-09-02,129.14,130.029,127.43,129.02,1302179
2025-09-03,129.0,129.85,126.88,129.59,1149362
2025-09-04,129.43,130.94,127.44,130.86,947010
2025-09-05,131.7,136.1,131.425,134.63,1290330
2025-09-08,134.48,135.56,132.69,134.54,1385237
2025-09-09,134.73,135.475,129.97,130.29,1327972
2025-09-10,130.19,133.43,129.93,132.72,890572
2025-09-11,132.72,136.44,132.02,133.99,1324735
2025-09-12,133.63,133.98,130.58,130.65,718895
2025-09-15,130.75,132.21,129.41,131.58,1083531
2025-09-16,138.35,141.8999,135.43,139.67,2346379
2025-09-17,139.5,140.99,135.91,136.85,1546941
2025-09-18,136.16,141.25,135.25,139.84,1515395
2025-09-19,140.68,141.09,138.39,139.27,2810467
2025-09-22,140.8,140.8,136.87,139.07,1859648
2025-09-23,139.14,139.85,135.565,136.69,1491825
2025-09-24,136.51,137.75,136.095,136.37,905446
2025-09-25,135.76,138.25,134.87,136.09,929293
2025-09-26,137.07,140.13,136.615,139.63,1455287
2025-09-29,140.21,140.47,137.82,138.88,1058119
2025-09-30,138.09,139.71,137.6001,139.43,1199008
2025-10-01,138.99,141.74,138.1,141.0,1125755
2025-10-02,140.95,145.035,140.77,144.39,1304320
2025-10-03,144.97,147.0,144.3175,145.09,1286766
2025-10-06,145.2,145.925,141.49,141.63,1441654
2025-10-07,142.63,144.04,141.4101,142.73,909062
2025-10-08,143.54,146.75,142.28,146.55,683742
2025-10-09,147.275,149.47,146.555,147.78,1195891
2025-10-10,147.57,148.37,141.15,141.23,1238928
2025-10-13,144.41,147.12,143.31,145.54,881195
2025-10-14,143.42,148.54,142.475,146.98,935878
2025-10-15,147.97,148.97,145.0385,146.05,781066
2025-10-16,146.8,148.0,140.87,142.65,1126533
2025-10-17,141.67,144.39,141.45,142.75,1062993
2025-10-20,147.01,147.315,144.78,146.28,1628094
2025-10-21,146.11,156.24,146.11,153.82,2894345
2025-10-22,152.89,154.82,148.42,148.56,1471234
2025-10-23,148.59,152.08,148.13,150.72,1036041
2025-10-24,152.26,153.99,151.855,152.95,1521339
2025-10-27,153.71,158.5,151.64,158.02,1776462
2025-10-28,158.02,163.1,157.29,161.07,1534563
2025-10-29,161.55,164.7298,159.4,163.47,1080953
2025-10-30,162.67,163.25,158.01,158.18,1269159
2025-10-31,156.57,159.85,155.89,156.8,1355913
2025-11-03,156.08,156.61,153.14,155.97,1340382
2025-11-04,152.0,154.75,151.17,151.62,1311926
2025-11-05,151.64,154.86,150.032,154.13,1149184
2025-11-06,154.88,156.6399,151.88231,152.92,1304816
2025-11-07,152.4,153.55,150.29,151.94,1086162
2025-11-10,153.0,153.9,150.2197,152.43,1268424
2025-11-11,152.51,154.26,151.98,152.38,905776
2025-11-12,153.7,159.83,153.275,157.85,1640432
2025-11-13,158.0,158.845,151.81,154.59,1337196
2025-11-14,151.6,157.0,151.21,155.41,1057964
2025-11-17,154.99,158.88,154.14,155.07,1079558
2025-11-18,153.475,156.765,153.045,154.61,1179112
2025-11-19,155.0,156.36,153.36,155.46,872981
2025-11-20,156.36,159.73,152.77,153.11,888011
2025-11-21,153.23,159.43,152.539,158.16,981327
2025-11-24,159.18,161.79,156.91,161.19,1731187
2025-11-25,162.64,166.42,161.63,164.25,1167634
2025-11-26,164.2,167.07,163.75,166.62,841633
2025-11-28,167.44,168.355,166.05,167.83,641473
2025-12-01,166.1,169.4911,166.1,167.62,942558
2025-12-02,168.32,169.32,166.52,167.63,1092562
2025-12-03,167.46,172.94,167.19,171.5,1453526
2025-12-04,170.51,170.67,166.45,168.11,1726163
2025-12-05,168.2,168.2,163.865,165.22,1444067
2025-12-08,165.35,167.89,164.565,166.14,847958
2025-12-09,165.14,167.05,164.39,165.43,754228
2025-12-10,165.44,172.64,165.41,171.23,1368070
2025-12-11,171.225,173.86,170.83,173.01,1058167
2025-12-12,173.43,174.31,170.44,171.97,1289970
2025-12-15,171.48,171.745,166.0823,168.945,1837681
2025-12-16,168.19,169.59,167.36,169.13,1131204
2025-12-17,166.5,172.95,165.8,172.74,2096686
2025-12-18,172.88,176.62,172.57,174.58,1950760
2025-12-19,174.58,176.98,173.2,174.28,3313796
2025-12-22,174.52,175.95,172.74,175.76,977184
2025-12-23,175.87,178.36,175.205,177.2,941441
2025-12-24,177.33,178.06,173.985,175.38,778795
2025-12-26,175.81,176.0,174.55,175.46,472347
2025-12-29,173.93,174.24,172.25,172.88,727073
2025-12-30,173.58,173.645,170.86,171.03,746104
2025-12-31,170.41,171.765,168.48,169.45,693860
2026-01-02,171.63,176.585,171.145,176.06,929751
2026-01-05,176.33,177.5,170.13,171.83,1775255
2026-01-06,172.42,174.045,168.67,172.74,1674518
2026-01-07,172.3,172.495,167.16,167.83,1430149
2026-01-08,167.22,173.1,166.16,172.16,1040459
2026-01-09,170.34,172.43,168.0,169.27,1153219
2026-01-12,169.19,170.79,166.53,169.35,1088559
2026-01-13,170.13,172.13,169.17,169.84,1023704
2026-01-14,169.26,173.05,169.13,170.8,1511184
2026-01-15,171.78,175.63,170.4,175.11,1921258
2026-01-16,174.65,175.3,171.77,173.58,1022057
2026-01-20,173.0,173.44,170.85,171.81,979373
2026-01-21,173.7,180.57,173.65,179.83,1134622
2026-01-22,181.82,182.81,177.81,178.81,1305802
2026-01-23,178.69,181.91,177.77,181.32,1405628
2026-01-26,184.4,185.56,173.08,173.32,2191194
2026-01-27,173.42,177.53,170.2,175.65,1677846
2026-01-28,176.23,176.55,173.145,174.38,1286984
2026-01-29,177.03,182.26,175.81,181.97,1578941
2026-01-30,180.02,183.95,178.64,179.57,1392726
2026-02-02,178.63,186.62,178.168,186.55,1676554
2026-02-03,187.87,195.175,187.25,192.95,1691537
2026-02-04,193.23,199.1,191.9674,198.88,1780968
2026-02-05,195.44,199.6,190.8,193.02,1898923
2026-02-06,195.75,202.86,195.055,202.39,1290564
2026-02-09,200.89,203.98,197.0301,202.75,1190840
2026-02-10,202.58,203.48,198.46,201.12,918497
2026-02-11,205.02,208.47,203.8116,205.78,1232709
2026-02-12,205.64,207.975,195.1043,199.51,1481951
2026-02-13,189.0,194.28,185.0,191.68,2643679
2026-02-17,190.8,192.55,186.71,191.92,1119925
2026-02-18,194.06,195.6599,190.01,192.74,1137524
2026-02-19,190.52,193.56,189.71,190.58,990437
2026-02-20,190.7,193.43,187.06,193.39,1318755
2026-02-23,193.39,196.35,190.332,196.07,1221613
2026-02-24,195.94,196.145,190.7,190.87,1142587
2026-02-25,193.47,193.93,190.344,191.48,1219232
2026-02-26,191.15,193.08,188.5,192.6,804085
2026-02-27,191.14,193.215,188.05,193.13,1320860
2026-03-02,193.14,201.76,190.3801,201.54,1412981
2026-03-03,196.02,197.52,187.99,197.47,1057724
2026-03-04,198.69,199.8,193.86,193.91,1002091
2026-03-05,192.1,193.79,187.23,189.91,1228202
2026-03-06,185.83,186.34,180.295,181.58,1239960
2026-03-09,179.25,183.88,175.01,182.35,1285741
2026-03-10,181.72,184.07,179.93,182.13,794370
2026-03-11,182.84,185.29,180.73,184.26,612830
2026-03-12,181.22,181.5,174.56,175.1,1235088
2026-03-13,176.09,176.8,169.87,170.6,1317855
2026-03-16,172.85,174.64,171.17,174.28,1028132
2026-03-17,174.38,175.55,171.41,172.63,1342931
2026-03-18,171.38,174.24,168.425,168.75,1249854
2026-03-19,164.63,170.67,162.16,167.56,1604543
2026-03-20,167.81,168.495,163.19,163.95,2094111
2026-03-23,167.5,170.91,166.115,166.64,1890276
2026-03-24,166.63,170.41,164.5,169.7,1275333
2026-03-25,172.52,174.86,172.29,173.47,1198920
2026-03-26,171.44,175.06,171.44,174.42,1035238
2026-03-27,173.32,174.39,169.905,170.97,980384
2026-03-30,172.64,175.51,171.06,171.78,919424
2026-03-31,173.0,180.48,171.36,180.0,1651527
2026-04-01,181.97,184.94,181.2,182.85,1036783
2026-04-02,179.27,184.25,177.8042,180.2,937628
2026-04-06,178.64,180.75,174.22,176.53,686800
2026-04-07,175.96,179.27,174.84,177.19,1036126
2026-04-08,184.13,187.84,183.65,187.56,802437
2026-04-09,186.71,190.32,186.38,190.0,899051
2026-04-10,192.55,194.59,190.33,190.57,817630
2026-04-13,189.38,195.55,189.31,195.47,924481
2026-04-14,195.31,197.83,194.52,195.3,962537
2026-04-15,194.13,195.78,191.15,194.11,1126771
2026-04-16,194.11,197.75,194.11,195.75,783543
2026-04-17,196.05,202.585,196.02,200.32,1207192
2026-04-20,200.97,211.75,199.91,209.35,2212674
2026-04-21,211.99,225.8399,211.13,220.21,2451338
2026-04-22,224.16,228.19,222.46,227.46,1756598
2026-04-23,228.15,229.0,222.0,225.05,1712390
2026-04-24,225.13,228.07,220.66,226.79,1181645
2026-04-27,225.8,227.57,223.24,225.04,892422
2026-04-28,224.86,228.1699,220.81,226.96,1190147
2026-04-29,227.005,228.96,223.3,224.37,864629
2026-04-30,224.56,229.7799,222.13,228.66,1098792
2026-05-01,228.58,230.94,225.9,229.27,941209
2026-05-04,229.11,229.94,226.245,229.82,796601
2026-05-05,232.43,238.735,231.0,237.46,1127844
2026-05-06,240.435,243.725,238.0875,241.85,972082
2026-05-07,242.99,242.99,231.54,232.92,1142248
2026-05-08,234.55,237.34,232.05,235.1,896243
2026-05-11,235.55,238.26,234.42,235.97,755928
2026-05-12,234.32,235.1499,230.26,232.8,954261
2026-05-13,233.62,238.07,233.1,237.08,1191120
2026-05-14,238.79,238.85,232.39,234.68,937179
2026-05-15,230.05,231.33,226.75,229.34,1020068
2026-05-18,229.32,230.09,225.91,228.58,758505
2026-05-19,223.28,224.56,219.03,223.37,1251209
2026-05-20,224.52,228.49,222.34,228.3,933688
2026-05-21,228.05,232.8,227.1025,231.84,798615
2026-05-22,233.94,242.945,233.16,240.03,1187594
2026-05-26,241.68,250.68,240.73,250.49,1069415
2026-05-27,250.49,259.91,248.19,258.22,1282281
2026-05-28,257.01,261.835,250.51,260.75,1256288
2026-05-29,260.49,263.09,257.955,260.15,2119296
2026-06-01,257.33,262.24,255.2,261.59,901538
2026-06-02,263.32,273.55,260.33,271.41,1089848
2026-06-03,271.73,277.79,267.34,275.13,1052436
2026-06-04,274.58,280.4899,270.01,276.85,890067
2026-06-05,273.89,276.18,265.62,268.5,1120527
2026-06-08,270.01,270.49,265.43,267.2,1115698
2026-06-09,273.0,273.0,259.52,269.8,870352
2026-06-10,270.31,274.69,267.455,268.34,1225614
2026-06-11,271.99,281.59,270.525,279.55,805193
2026-06-12,283.74,285.88,279.65,282.76,799506
2026-06-15,288.03,288.74,270.51,272.19,1614135
2026-06-16,273.85,278.973,272.2,274.29,1239432
2026-06-17,272.33,276.385,265.2,270.13,1146172
2026-06-18,261.9,261.99,248.05,249.91,4526556
2026-06-22,250.36,253.5,249.28,250.98,1510799
2026-06-23,246.25,248.715,242.68,243.69,1678262
2026-06-24,243.61,245.1678,239.519,241.43,976801
2026-06-25,243.53,251.2,241.13,251.0,1122383
2026-06-26,245.39,249.27,241.87,245.49,1667882
2026-06-29,244.18,246.91,231.49,234.22,1247013
2026-06-30,235.54,236.1167,228.97,229.46,1404654
2026-07-01,226.112,226.86,218.73,221.76,1392810
