date,open,high,low,close,volume
1996-01-02,7.94385,8.00859,7.87322,8.00859,1107325
1996-01-03,8.02468,8.02468,7.94385,7.96386,624307
1996-01-04,7.94385,7.98652,7.85026,7.85026,711698
1996-01-05,7.75893,7.75893,7.65122,7.72067,962367
1996-01-08,7.74314,7.77953,7.74314,7.77953,136583
1996-01-09,7.75893,7.82623,7.69664,7.74314,591342
1996-01-10,7.72067,7.72067,7.47543,7.47543,1943049
1996-01-11,7.49102,7.53674,7.45256,7.53674,2875065
1996-01-12,7.58245,7.75893,7.47543,7.75893,2150801
1996-01-15,7.75893,7.85026,7.74314,7.82623,1508182
1996-01-16,7.80347,7.85026,7.67447,7.67447,1251752
1996-01-17,7.69664,7.69664,7.65122,7.67447,1560512
1996-01-18,7.65122,7.65122,7.49102,7.51388,1428633
1996-01-19,7.67447,7.67447,7.58245,7.62846,1186867
1996-01-22,7.62846,7.74314,7.62846,7.67447,1172211
1996-01-23,7.69664,7.74314,7.67447,7.72067,709609
1996-01-24,7.72067,7.98652,7.72067,7.94385,696000
1996-01-25,7.89657,8.00859,7.89657,7.96386,553138
1996-01-26,7.94385,8.11885,7.94385,8.04734,863984
1996-01-29,8.04734,8.18547,8.04734,8.11885,1000043
1996-01-30,8.11885,8.18547,8.07137,8.07137,1169075
1996-01-31,8.09482,8.11885,8.07137,8.09482,913177
1996-02-01,8.11885,8.16437,8.07137,8.16437,585579
1996-02-02,8.16437,8.20704,8.11885,8.14289,878634
1996-02-05,8.09482,8.33977,8.09482,8.33977,683964
1996-02-06,8.33977,8.38422,8.29445,8.38422,977539
1996-02-07,8.36224,8.36224,8.25472,8.25472,596051
1996-02-08,8.16437,8.27827,8.16437,8.20704,1770877
1996-02-09,8.16437,8.25472,8.16437,8.25472,665649
1996-02-12,8.27827,8.36224,8.27827,8.33977,787583
1996-02-13,8.29445,8.42875,8.29445,8.40825,391434
1996-02-14,8.40825,8.50036,8.40825,8.45249,473594
1996-02-15,8.42875,8.52528,8.42875,8.50036,668793
1996-02-16,8.47721,8.47721,8.38422,8.42875,2131436
1996-02-20,8.38422,8.38422,8.25472,8.27827,1086914
1996-02-21,8.27827,8.27827,8.14289,8.23079,1422360
1996-02-22,8.20704,8.23079,8.14289,8.18547,1167503
1996-02-23,8.16437,8.16437,7.98652,8.02468,1669877
1996-02-26,8.00859,8.11885,7.96386,8.09482,950853
1996-02-27,8.09482,8.16437,8.09482,8.14289,241245
1996-02-28,8.14289,8.18547,8.07137,8.14289,1038772
1996-02-29,8.14289,8.14289,8.06324,8.07137,581397
1996-03-01,7.98652,8.09482,7.98652,8.04734,858230
1996-03-04,8.20704,8.25472,8.14289,8.14289,901663
1996-03-05,8.16437,8.20704,8.11885,8.16437,428593
1996-03-06,8.16437,8.40825,8.16437,8.36224,1129826
1996-03-07,8.36224,8.45249,8.36224,8.40825,590817
1996-03-08,8.45249,8.45249,7.75893,7.94385,1096857
1996-03-11,7.85026,7.96386,7.85026,7.94385,687625
1996-03-12,7.94385,7.98652,7.9206,7.98652,381492
1996-03-13,7.96386,8.07137,7.96386,7.98652,1576211
1996-03-14,7.96386,8.07137,7.94385,8.07137,634773
1996-03-15,8.04734,8.40825,8.04734,8.38422,1198376
1996-03-18,8.33977,8.45249,8.31702,8.45249,435916
1996-03-19,8.50036,8.52528,8.40825,8.47721,687104
1996-03-20,8.47721,8.65418,8.45249,8.62858,1058132
1996-03-21,8.607,8.62858,8.54578,8.607,553664
1996-03-22,8.69793,8.74404,8.69793,8.71981,914743
1996-03-25,8.83645,9.10191,8.83645,9.03392,1727970
1996-03-26,8.91816,8.968,8.87353,8.968,1841525
1996-03-27,8.94436,8.94436,8.87353,8.89472,1702848
1996-03-28,8.84479,8.97545,8.8233,8.92758,1006323
1996-03-29,8.92758,8.99812,8.84479,8.95181,880726
1996-04-01,8.91061,9.20314,8.91061,9.20314,335966
1996-04-02,9.18205,9.23993,9.15694,9.18205,430158
1996-04-03,9.20314,9.20314,8.99812,9.0866,320784
1996-04-04,9.02077,9.0866,8.92758,8.92758,549991
1996-04-08,8.77425,8.84479,8.7051,8.75208,729490
1996-04-09,8.75208,8.8233,8.5756,8.61425,1271644
1996-04-10,8.59875,8.59875,8.48525,8.50929,520172
1996-04-11,8.46122,8.46122,8.07902,8.17183,1958748
1996-04-12,8.17183,8.23932,8.07902,8.19234,2572064
1996-04-15,8.17183,8.34762,8.14819,8.34762,1921591
1996-04-16,8.34762,8.39295,8.23932,8.23932,4210024
1996-04-17,8.26267,8.32585,8.14819,8.17183,1160701
1996-04-18,8.21519,8.23932,8.19234,8.21519,948765
1996-04-19,8.26267,8.61425,8.26267,8.59875,1873448
1996-04-22,8.55305,8.72825,8.55305,8.7051,711698
1996-04-23,8.66016,8.77425,8.66016,8.7051,939866
1996-04-24,8.7051,8.84479,8.7051,8.79819,928349
1996-04-25,8.75208,8.79819,8.61425,8.63691,393526
1996-04-26,8.6842,8.77425,8.61425,8.77425,413412
1996-04-29,8.72825,8.75208,8.7051,8.75208,124025
1996-04-30,8.79819,8.99812,8.77425,8.92758,2446994
1996-05-01,8.88834,8.97545,8.86696,8.91061,374163
1996-05-02,8.8233,8.88834,8.79819,8.8233,685536
1996-05-03,8.8233,8.8233,8.63691,8.66016,265840
1996-05-06,8.6842,8.6842,8.50929,8.53146,361609
1996-05-07,8.53146,8.5756,8.41452,8.4365,664081
1996-05-08,8.4365,8.63691,8.28592,8.63691,1208319
1996-05-09,8.63691,8.7051,8.63691,8.7051,494006
1996-05-10,8.79819,9.04236,8.79819,8.92758,408706
1996-05-13,8.91061,8.95181,8.91061,8.95181,535867
1996-05-14,9.02077,9.30849,9.02077,9.23993,1325546
1996-05-15,9.26563,9.30849,9.13447,9.13447,739958
1996-05-16,9.0866,9.0866,8.97545,9.0866,613314
1996-05-17,9.04236,9.15694,9.02077,9.15694,856132
1996-05-20,9.18205,9.22639,9.18205,9.20314,442197
1996-05-21,9.23993,9.28516,9.22639,9.23993,244385
1996-05-22,9.28516,9.28516,9.20314,9.22639,355329
1996-05-23,9.22639,9.28516,9.22639,9.28516,487204
1996-05-24,9.26563,9.4479,9.26563,9.4479,437486
1996-05-28,9.4479,9.4479,9.33214,9.37825,214032
1996-05-29,9.33214,9.35667,9.30849,9.30849,849857
1996-05-30,9.33214,9.35667,9.30849,9.35667,553138
1996-05-31,9.40081,9.40081,9.33214,9.33214,486677
1996-06-03,9.33214,9.37825,9.33214,9.37825,319219
1996-06-04,9.37825,9.40081,9.35667,9.40081,318171
1996-06-05,9.35667,9.47046,9.33214,9.42632,380971
1996-06-06,9.4479,9.4479,9.28516,9.33214,971789
1996-06-07,9.28516,9.33214,9.13447,9.33214,1174308
1996-06-10,9.30849,9.37825,9.30849,9.35667,896952
1996-06-11,9.33214,9.49204,9.33214,9.49204,558894
1996-06-12,9.53815,9.62154,9.53815,9.55482,1924205
1996-06-13,9.53815,9.53815,9.4479,9.49204,450045
1996-06-14,9.49204,9.55482,9.47046,9.47046,327589
1996-06-17,9.4479,9.49204,9.42632,9.49204,174783
1996-06-18,9.53815,9.57837,9.51755,9.55482,805895
1996-06-19,9.55482,9.57837,9.53815,9.55482,519648
1996-06-20,9.55482,9.55482,9.35667,9.4479,1280012
1996-06-21,9.40081,9.42632,9.26563,9.26563,1813793
1996-06-24,9.13447,9.30849,9.13447,9.28516,1073304
1996-06-25,9.30849,9.40081,9.28516,9.37825,978586
1996-06-26,9.40081,9.42632,9.37825,9.40081,702804
1996-06-27,9.3498,9.3498,9.23316,9.29976,1313503
1996-06-28,9.3498,9.3498,9.16567,9.16567,1072783
1996-07-01,9.21089,9.32429,9.11819,9.29976,1240768
1996-07-02,9.27927,9.39296,9.23316,9.25641,1219312
1996-07-03,9.29976,9.29976,9.16567,9.18872,872877
1996-07-05,9.18872,9.18872,9.07179,9.07179,134488
1996-07-08,9.03392,9.03392,8.85224,8.85224,425451
1996-07-09,8.85224,8.968,8.85224,8.87353,1193668
1996-07-10,8.87353,8.94436,8.87353,8.91816,743623
1996-07-11,8.94436,8.94436,8.53871,8.607,1229780
1996-07-12,8.65418,8.78161,8.62858,8.7356,714314
1996-07-15,8.7356,8.7356,8.53871,8.56128,1093716
1996-07-16,8.56128,8.607,8.42237,8.56128,960275
1996-07-17,8.69244,8.7356,8.51645,8.67596,1465267
1996-07-18,8.7356,8.98958,8.69244,8.98958,1416597
1996-07-19,8.94436,8.94436,8.85224,8.89472,741009
1996-07-22,8.89472,8.94436,8.85224,8.89472,352191
1996-07-23,8.85224,8.87353,8.7356,8.7356,320268
1996-07-24,8.76052,8.76052,8.607,8.62858,762985
1996-07-25,8.65418,8.78161,8.65418,8.7356,816362
1996-07-26,8.69244,8.78161,8.69244,8.7356,444286
1996-07-29,8.7356,8.80721,8.71343,8.78161,229735
1996-07-30,8.78161,8.85224,8.76052,8.85224,370498
1996-07-31,8.87353,9.04991,8.87353,9.03392,1370544
1996-08-01,8.98958,9.27927,8.968,9.25641,894332
1996-08-02,9.21089,9.57052,9.21089,9.50185,1419740
1996-08-05,9.5254,9.59308,9.40866,9.43122,947711
1996-08-06,9.43122,9.43122,9.27927,9.3498,321835
1996-08-07,9.39296,9.57052,9.39296,9.43122,1283677
1996-08-08,9.40866,9.47929,9.39296,9.39296,434870
1996-08-09,9.32429,9.47929,9.29976,9.47929,1010511
1996-08-12,9.5254,9.54698,9.39296,9.47929,938818
1996-08-13,9.47929,9.47929,9.39296,9.45575,506563
1996-08-14,9.5254,9.68824,9.5254,9.68824,1456897
1996-08-15,9.63919,10.1376,9.63919,10.1376,971789
1996-08-16,10.1729,10.267,9.99819,10.0208,1527542
1996-08-19,9.99819,9.99819,9.79223,9.83931,514933
1996-08-20,9.83931,9.83931,9.75102,9.75102,310849
1996-08-21,9.77457,9.77457,9.61369,9.75102,972315
1996-08-22,9.79223,9.90604,9.79223,9.90604,262699
1996-08-23,9.92861,10.0659,9.88248,9.99819,496621
1996-08-26,9.95217,9.95217,9.81773,9.83931,430686
1996-08-27,9.85992,9.88248,9.66273,9.68824,749377
1996-08-28,9.68824,9.81773,9.68824,9.70884,304046
1996-08-29,9.70884,9.77457,9.70884,9.72944,469411
1996-08-30,9.68824,9.79223,9.68824,9.72944,293575
1996-09-03,9.70884,9.75102,9.59308,9.72944,461559
1996-09-04,9.77457,10.0208,9.68824,9.99819,1091101
1996-09-05,9.99819,10.112,9.95217,9.99819,521740
1996-09-06,10.0443,10.0659,9.97374,10.0659,294102
1996-09-09,10.0208,10.0208,9.90604,9.97374,676641
1996-09-10,10.0208,10.0443,9.95217,9.97374,431728
1996-09-11,9.99819,9.99819,9.90604,9.97374,1134007
1996-09-12,10.0208,10.112,10.0208,10.112,489823
1996-09-13,10.0659,10.3789,10.0659,10.2445,615936
1996-09-16,10.1945,10.2896,10.0208,10.0208,769264
1996-09-17,10.0208,10.112,9.92861,9.99819,294627
1996-09-18,9.97374,10.0914,9.88248,9.95217,664081
1996-09-19,9.90604,9.90604,9.75102,9.81773,486677
1996-09-20,9.79223,9.92861,9.77457,9.92861,404516
1996-09-23,9.97374,10.2189,9.97374,10.1513,929919
1996-09-24,10.112,10.3122,10.0208,10.2445,614887
1996-09-25,10.1945,10.2189,10.1729,10.2189,292528
1996-09-26,10.2445,10.2896,10.1945,10.2445,507611
1996-09-27,10.2582,10.3701,10.2356,10.3485,192578
1996-09-30,10.3033,10.4386,10.3033,10.3485,389343
1996-10-01,10.3701,10.4386,10.2356,10.3701,875495
1996-10-02,10.4112,10.5015,10.3701,10.4779,944053
1996-10-03,10.4386,10.5015,10.3701,10.3701,747810
1996-10-04,10.4112,10.5486,10.3857,10.5486,1354846
1996-10-07,10.5486,10.5486,10.4112,10.4112,602325
1996-10-08,10.4112,10.4386,10.3033,10.3857,222406
1996-10-09,10.3857,10.4112,10.3279,10.4112,306663
1996-10-10,10.3701,10.3857,10.3279,10.3485,1108372
1996-10-11,10.4112,10.5015,10.3857,10.4554,802236
1996-10-14,10.4554,10.4779,10.4112,10.4779,660414
1996-10-15,10.5015,10.5721,10.4779,10.5015,463652
1996-10-16,10.4554,10.6859,10.4554,10.6152,422308
1996-10-17,10.6859,10.7781,10.6152,10.7781,1403515
1996-10-18,10.8605,10.9086,10.8026,10.8605,567264
1996-10-21,10.8154,10.8154,10.731,10.7781,504469
1996-10-22,10.8154,10.8154,10.6614,10.6614,232354
1996-10-23,10.6614,10.6614,10.5956,10.6614,409227
1996-10-24,10.6614,10.7546,10.6614,10.6859,242295
1996-10-25,10.7095,10.7781,10.6859,10.7095,387248
1996-10-28,10.7546,10.8379,10.731,10.8026,636867
1996-10-29,10.7781,10.9773,10.7781,10.9773,770311
1996-10-30,11.0185,11.1813,10.9989,11.1607,727924
1996-10-31,11.1607,11.4501,11.1607,11.4266,1701799
1996-11-01,11.4266,11.4501,11.2656,11.2656,876544
1996-11-04,11.2882,11.3353,11.2656,11.3353,847760
1996-11-05,11.3353,11.6816,11.3353,11.6571,1154419
1996-11-06,11.6571,11.8347,11.6325,11.8081,1271117
1996-11-07,11.763,11.8081,11.7179,11.7856,1127732
1996-11-08,11.8081,11.8994,11.763,11.8788,368938
1996-11-11,11.8347,11.9945,11.7856,11.9945,537962
1996-11-12,12.0377,12.2604,12.0377,12.0838,524354
1996-11-13,12.0602,12.0602,11.9455,11.9455,477782
1996-11-14,11.9455,12.1447,11.9455,12.0602,751478
1996-11-15,12.0838,12.0838,11.9455,11.971,459468
1996-11-18,11.971,12.1289,11.9455,12.1093,735248
1996-11-19,12.1918,12.33,12.1447,12.2378,693908
1996-11-20,12.2829,12.2829,12.1918,12.2378,255375
1996-11-21,12.2378,12.2516,12.1447,12.1447,598664
1996-11-22,12.1093,12.1918,12.0838,12.1093,483015
1996-11-25,12.1289,12.3075,12.0838,12.3075,900615
1996-11-26,12.3075,12.3536,12.2604,12.2829,1468404
1996-11-27,12.2604,12.2604,12.1692,12.2152,896952
1996-11-29,12.1692,12.2378,12.1692,12.1918,195718
1996-12-02,12.1918,12.3075,12.1692,12.2152,1510794
1996-12-03,12.2152,12.2378,11.9945,12.0171,768217
1996-12-04,11.9945,11.9945,11.4737,11.7179,3063978
1996-12-05,11.6816,11.8081,11.6816,11.7032,907942
1996-12-06,11.611,11.763,11.5668,11.7179,590289
1996-12-09,11.7179,11.8081,11.7032,11.7395,473594
1996-12-10,11.763,11.7856,11.7179,11.7856,255375
1996-12-11,11.7395,11.7395,11.5668,11.5884,421264
1996-12-12,11.611,11.6571,11.2656,11.2882,1145002
1996-12-13,11.1607,11.253,11.1126,11.2304,508653
1996-12-16,11.2304,11.5413,11.2304,11.3353,847760
1996-12-17,11.2882,11.4266,11.2656,11.404,422833
1996-12-18,11.3824,11.4266,11.3608,11.3608,467839
1996-12-19,11.404,11.5188,11.3824,11.5188,1220876
1996-12-20,11.611,11.6571,11.5188,11.6325,895905
1996-12-23,11.6325,11.6325,11.5188,11.5188,308225
1996-12-24,11.5188,11.5884,11.4943,11.5884,294102
1996-12-26,11.6325,11.6816,11.611,11.6571,473594
1996-12-27,11.6816,11.7395,11.6816,11.7395,370498
1996-12-30,11.7552,11.9377,11.7552,11.8916,549478
1996-12-31,11.8494,11.872,11.6649,11.6885,352713
1997-01-02,11.6395,11.6649,11.3285,11.3972,800664
1997-01-03,12.2987,12.8422,12.2516,12.8422,4893468
1997-01-06,12.8186,12.8186,12.5498,12.5733,4117923
1997-01-07,12.5733,12.6204,12.5292,12.5959,2629632
1997-01-08,12.5733,12.6204,12.5498,12.5959,2771449
1997-01-09,12.5733,12.6822,12.5733,12.6822,1775587
1997-01-10,12.643,12.6822,12.5733,12.5959,1422360
1997-01-13,12.6204,12.643,12.5292,12.5498,758800
1997-01-14,12.5959,12.7273,12.5733,12.7273,1087439
1997-01-15,12.8422,12.9333,12.7028,12.8872,1056041
1997-01-16,12.8872,12.8872,12.5498,12.5498,851944
1997-01-17,12.5498,13.0236,12.5498,13.002,1660983
1997-01-20,13.002,13.314,12.9775,13.314,620121
1997-01-21,13.361,13.361,13.0737,13.162,901134
1997-01-22,13.1149,13.2699,13.0737,13.2699,1346478
1997-01-23,13.2247,13.2699,13.162,13.2453,788630
1997-01-24,13.2699,13.2699,13.2012,13.2247,1389387
1997-01-27,13.2012,13.2012,12.9333,12.9333,705420
1997-01-28,12.9775,13.162,12.9775,13.0491,342766
1997-01-29,13.0933,13.1149,13.0491,13.0933,447428
1997-01-30,13.0933,13.2944,13.0491,13.2699,1097900
1997-01-31,13.2247,13.4768,13.2247,13.2247,775545
1997-02-03,13.2699,13.314,13.0933,13.2699,1521263
1997-02-04,13.2247,13.52,13.2012,13.361,895379
1997-02-05,13.2944,13.4768,13.2944,13.3376,668267
1997-02-06,13.3827,13.7447,13.3376,13.7289,1859843
1997-02-07,13.7025,13.9732,13.7025,13.8574,2057654
1997-02-10,13.9006,14.1096,13.8574,13.9006,1457418
1997-02-11,13.9506,14.2008,13.9261,14.1556,1483578
1997-02-12,14.1556,14.5117,14.1331,14.3087,3124158
1997-02-13,14.3558,14.6981,14.3087,14.3989,2599277
1997-02-14,14.3558,14.4225,14.2852,14.3313,1263269
1997-02-18,14.3087,14.607,14.3087,14.5853,840959
1997-02-19,14.5363,14.9198,14.4951,14.7678,1080636
1997-02-20,14.7678,14.7678,14.655,14.6756,2448565
1997-02-21,14.6981,14.8511,14.6981,14.7678,777638
1997-02-24,14.8149,14.9198,14.7678,14.8757,839386
1997-02-25,14.967,15.2191,14.8983,14.8983,1300953
1997-02-26,14.8757,15.0131,14.7442,14.8511,1258561
1997-02-27,14.8277,14.8757,14.7894,14.7894,798048
1997-02-28,14.7442,14.7678,14.5117,14.5363,1573596
1997-03-03,14.4951,14.5117,14.3783,14.5117,573544
1997-03-04,14.4716,14.5853,14.3558,14.3989,1168028
1997-03-05,14.3989,14.3989,14.2724,14.2852,1441196
1997-03-06,14.3313,14.5117,14.3087,14.4716,1186867
1997-03-07,14.445,14.655,14.445,14.5608,524354
1997-03-10,14.5853,14.9198,14.5853,14.8511,614887
1997-03-11,14.8983,15.0552,14.8277,15.0552,876544
1997-03-12,15.0552,15.0798,14.7442,14.7894,796478
1997-03-13,14.7678,14.7678,14.4225,14.4716,1088488
1997-03-14,14.4716,14.5363,14.1782,14.3313,1282630
1997-03-17,14.1556,14.1556,13.4984,13.881,2116266
1997-03-18,13.881,13.881,13.6161,13.6377,1510794
1997-03-19,13.5661,13.6377,13.2012,13.4768,1535389
1997-03-20,13.4317,13.4552,13.361,13.3827,1130871
1997-03-21,13.3376,13.5425,13.314,13.4061,1541146
1997-03-24,13.3827,13.7447,13.3827,13.7289,500808
1997-03-25,13.7025,13.7662,13.5661,13.6161,1022548
1997-03-26,13.5661,13.5661,13.2247,13.2944,629020
1997-03-27,13.31,13.3768,13.0579,13.1001,1421832
1997-03-31,12.9696,12.9696,12.489,12.5802,2566312
1997-04-01,12.6508,12.8588,12.5566,12.8588,936200
1997-04-02,12.8352,12.8352,12.489,12.489,776068
1997-04-03,12.4693,12.5802,12.4693,12.489,553138
1997-04-04,12.3732,12.3958,12.0602,12.3958,1194194
1997-04-07,12.4449,12.744,12.4449,12.695,674020
1997-04-08,12.6754,12.9696,12.5802,12.9039,661463
1997-04-09,12.9481,13.0795,12.8814,12.9039,862412
1997-04-10,12.9039,12.9481,12.7195,12.8814,693386
1997-04-11,12.8814,12.8814,12.5566,12.6273,908991
1997-04-14,12.6273,12.6754,12.5125,12.6273,749377
1997-04-15,13.2375,13.3768,13.1708,13.2855,1299376
1997-04-16,13.3296,13.3522,13.2169,13.2375,1187910
1997-04-17,13.2619,13.7367,13.2619,13.672,1709653
1997-04-18,13.7103,13.7367,13.4474,13.47,638437
1997-04-21,13.4229,13.5347,13.31,13.31,320784
1997-04-22,13.3296,13.7593,13.3296,13.672,571977
1997-04-23,13.7103,13.7103,13.5347,13.5593,1621213
1997-04-24,13.5817,13.8947,13.5817,13.7829,696000
1997-04-25,13.8496,14.1488,13.8054,14.1262,555755
1997-04-28,14.0811,14.1027,13.9173,13.9438,1677208
1997-04-29,14.0321,14.4882,14.0321,14.4637,1348569
1997-04-30,14.3313,14.4392,14.2852,14.2852,856659
1997-05-01,14.3558,14.6,14.3558,14.5285,598141
1997-05-02,14.5775,14.967,14.5285,14.9414,1191579
1997-05-05,14.967,15.0474,14.8277,15.0131,1019931
1997-05-06,15.0474,15.4623,14.9895,15.4192,917359
1997-05-07,15.4192,15.6016,15.3034,15.3034,1493002
1997-05-08,15.5075,15.7772,15.4623,15.532,2433388
1997-05-09,15.6467,15.6467,15.3701,15.5075,837298
1997-05-12,15.532,15.6673,15.4839,15.6467,543199
1997-05-13,15.6673,15.7312,15.6252,15.7144,629020
1997-05-14,15.7576,15.8655,15.7576,15.8204,746760
1997-05-15,15.7772,15.8449,15.7576,15.8449,911084
1997-05-16,15.8204,15.89,15.8008,15.8449,466269
1997-05-19,15.8204,15.9371,15.8204,15.9146,700186
1997-05-20,15.89,16.1441,15.8655,16.1441,685536
1997-05-21,16.2354,16.3492,16.2108,16.3492,1159656
1997-05-22,16.3492,16.3492,16.1687,16.2108,887532
1997-05-23,16.2108,16.2354,15.9597,16.1196,1501371
1997-05-27,16.0744,16.2805,16.0744,16.0744,866603
1997-05-28,16.0048,16.0519,15.8655,16.0519,984346
1997-05-29,16.0519,16.097,15.9146,16.0519,833631
1997-05-30,15.9597,16.2354,15.9146,16.1902,1317692
1997-06-02,16.1902,16.2805,16.0519,16.2805,1014176
1997-06-03,16.2805,16.5944,16.2354,16.4551,1131393
1997-06-04,16.4551,16.9613,16.3746,16.823,1540363
1997-06-05,16.823,16.871,16.5944,16.5944,1432561
1997-06-06,16.5944,16.7759,16.5944,16.6876,1597400
1997-06-09,16.6876,16.7759,16.4119,16.4551,923904
1997-06-10,16.7759,17.0907,16.6876,16.9142,1191579
1997-06-11,16.4119,16.7759,16.4119,16.7759,1001352
1997-06-12,17.0094,17.3644,16.9142,17.3644,1180063
1997-06-13,17.3644,18.0012,17.3203,17.7716,2606603
1997-06-16,17.6862,17.7275,17.3203,17.5499,859011
1997-06-17,17.5499,18.0012,17.5499,17.8628,885440
1997-06-18,17.957,18.0904,17.8177,18.0904,922593
1997-06-19,18.3671,19.6815,18.3671,19.1754,2578611
1997-06-20,19.2244,19.2244,18.679,18.8202,880208
1997-06-23,18.7742,18.7742,18.2748,18.4053,511535
1997-06-24,18.3671,18.3671,17.957,18.1865,2403297
1997-06-25,18.0012,18.1424,17.75,17.9335,1290486
1997-06-26,17.9099,18.0237,17.5959,17.7275,1062575
1997-06-27,17.7275,17.7716,17.4263,17.544,1216432
1997-06-30,17.7716,17.8628,16.8161,16.8161,2163885
1997-07-01,16.9535,17.7716,16.9535,17.4508,1296497
1997-07-02,17.4508,17.6794,17.4047,17.6794,439060
1997-07-03,18.0825,18.5427,18.0825,18.5427,795693
1997-07-07,18.4534,18.5907,18.316,18.4053,1031179
1997-07-08,18.4053,18.5201,18.0384,18.2435,733419
1997-07-09,18.2003,18.2189,17.8402,17.9099,462085
1997-07-10,17.8177,18.5427,17.7275,18.1777,731063
1997-07-11,18.1542,18.4975,18.0825,18.4279,665125
1997-07-14,18.5201,18.6132,18.4053,18.5681,715625
1997-07-15,18.6584,18.7742,18.6132,18.7516,426496
1997-07-16,19.0409,19.0409,18.7516,18.9743,646286
1997-07-17,18.9262,18.9743,18.7516,18.7958,586367
1997-07-18,18.8771,18.8771,18.4053,18.6132,685798
1997-07-21,19.1322,19.1754,18.7261,18.9017,718766
1997-07-22,18.8104,19.0851,18.7261,18.7742,1323971
1997-07-23,18.9017,18.9017,18.5907,18.7516,1689766
1997-07-24,18.7015,19.1548,18.6358,18.8546,1423141
1997-07-25,18.9017,18.9488,18.4534,18.5427,792030
1997-07-28,18.7742,19.454,18.6132,19.2009,1026732
1997-07-29,19.2912,19.7688,18.8771,19.6521,1124594
1997-07-30,19.6139,20.1799,19.4971,20.1799,1168808
1997-07-31,20.1799,20.6057,20.0652,20.3869,974141
1997-08-01,20.1799,20.1799,19.6296,19.9739,1465267
1997-08-04,19.6296,20.1309,19.6296,20.0886,1391480
1997-08-05,20.0652,20.0652,19.7198,19.7688,646549
1997-08-06,19.9042,20.3389,19.8601,20.3389,1388073
1997-08-07,20.3643,20.5616,19.7688,20.0416,1270856
1997-08-08,19.7198,19.7688,18.6132,18.9929,1265622
1997-08-11,19.0851,19.2244,18.7516,19.2244,960797
1997-08-12,19.3627,19.6139,18.835,18.9017,944835
1997-08-13,19.2716,19.4284,18.7015,19.0175,1331827
1997-08-14,19.0851,20.6292,18.9017,20.1799,3346565
1997-08-15,19.6983,20.3163,18.7261,18.7261,22512782
1997-08-18,18.8546,19.3627,18.835,19.3627,3557724
1997-08-19,19.3627,19.6521,19.2009,19.6296,2818285
1997-08-20,19.6139,19.8101,19.5442,19.8101,1499023
1997-08-21,19.8101,19.9042,19.4069,19.5442,1200998
1997-08-22,19.454,19.454,18.9262,19.2716,1244950
1997-08-25,19.2716,19.2716,18.5907,18.6358,1320573
1997-08-26,18.6358,18.8771,18.5681,18.7015,875757
1997-08-27,18.835,18.8771,18.2189,18.316,1140810
1997-08-28,18.2435,18.268,17.8628,18.1777,1021500
1997-08-29,17.9932,18.2003,17.8177,18.1346,969692
1997-09-02,18.7261,19.0175,18.679,18.9017,1618075
1997-09-03,18.9929,18.9929,18.7516,18.8104,1005279
1997-09-04,18.7958,18.7958,18.5907,18.7742,1270856
1997-09-05,19.0409,19.0409,18.4053,18.679,480134
1997-09-08,18.7742,18.8771,18.6358,18.7958,489556
1997-09-09,18.7516,18.8771,18.6132,18.679,591863
1997-09-10,18.5907,18.6358,18.1346,18.1346,767956
1997-09-11,17.8177,18.0825,17.6333,18.0168,1060747
1997-09-12,18.0825,18.5427,18.0168,18.3602,1631939
1997-09-15,18.4534,18.5907,18.2189,18.2189,1509487
1997-09-16,18.4053,19.0409,18.4053,18.9017,914743
1997-09-17,19.2716,19.2716,19.0175,19.249,1794165
1997-09-18,19.454,19.8836,19.3627,19.3627,903229
1997-09-19,19.9494,20.3643,19.8327,20.0416,1839954
1997-09-22,20.2712,20.3643,20.0886,20.2712,585059
1997-09-23,20.1799,20.4536,20.0191,20.2466,890936
1997-09-24,20.2712,20.9304,20.1799,20.8342,1120147
1997-09-25,20.588,20.6753,20.226,20.226,796998
1997-09-26,20.4536,21.8152,20.4536,21.7701,1864291
1997-09-29,21.7613,22.2871,21.5543,22.2439,1325017
1997-09-30,22.2665,22.4263,21.67,22.1988,881515
1997-10-01,22.1988,22.3106,21.7142,21.7613,472026
1997-10-02,21.827,22.1291,21.7613,22.1065,1137147
1997-10-03,22.5794,22.6932,22.3106,22.5196,970744
1997-10-06,22.6039,22.7403,22.4067,22.6726,1799925
1997-10-07,22.6726,22.7638,22.5333,22.647,855877
1997-10-08,22.3106,22.4499,21.9427,22.3567,734463
1997-10-09,22.2871,22.3106,21.8525,22.2223,543199
1997-10-10,22.036,22.3822,21.8084,22.2665,508917
1997-10-13,22.2665,22.4067,22.1723,22.2871,553138
1997-10-14,22.2871,22.3567,22.1065,22.2665,508132
1997-10-15,22.1723,22.5333,22.1723,22.2871,938558
1997-10-16,22.8551,23.0846,22.4067,22.4067,925209
1997-10-17,22.036,22.1723,21.6465,21.9201,1072527
1997-10-20,21.9427,21.9682,21.5788,21.7613,1153109
1997-10-21,21.67,22.3567,21.67,22.2871,904801
1997-10-22,22.2871,22.3106,21.8084,22.1291,484577
1997-10-23,21.8084,21.8084,21.1265,21.1265,580349
1997-10-24,21.8525,21.8525,21.1511,21.359,827354
1997-10-27,21.2639,21.3806,19.0763,19.1008,767956
1997-10-28,18.7103,20.7616,18.7103,20.379,2158125
1997-10-29,20.5792,20.7136,20.1956,20.5526,1047145
1997-10-30,20.5526,20.5526,19.8503,19.8503,845405
1997-10-31,20.0828,20.3555,19.8758,20.3094,870790
1997-11-03,20.5311,20.8264,20.4615,20.7616,683964
1997-11-04,20.6665,20.8048,20.3339,20.8048,834942
1997-11-05,20.8264,21.5543,20.7861,21.5327,990885
1997-11-06,21.4463,21.6239,21.1265,21.2198,848286
1997-11-07,21.0814,21.3806,20.7616,21.359,674807
1997-11-10,21.8525,21.8525,21.0334,21.0814,607038
1997-11-11,21.31,21.4738,21.0334,21.0598,590289
1997-11-12,20.8499,21.1736,20.7616,20.7861,586631
1997-11-13,20.7861,20.8744,20.5792,20.6223,599450
1997-11-14,20.7136,21.104,20.2633,21.104,689721
1997-11-17,21.2639,21.6013,21.0814,21.4738,503686
1997-11-18,21.4886,21.4886,20.485,20.899,1205704
1997-11-19,20.8744,21.67,20.7616,21.4003,487722
1997-11-20,21.4886,22.2665,21.4463,22.1988,699663
1997-11-21,22.2871,22.3822,21.8525,22.0164,764035
1997-11-24,22.0164,22.1065,21.1736,21.1932,700449
1997-11-25,21.2865,22.0595,21.2865,21.9928,461559
1997-11-26,22.0164,22.3342,21.9928,22.036,566483
1997-11-28,21.879,22.036,21.67,21.67,134488
1997-12-01,21.6239,22.7403,21.6013,22.6039,1226379
1997-12-02,22.6726,23.2003,22.3822,22.4067,923121
1997-12-03,22.4499,22.8551,21.67,22.6726,1482795
1997-12-04,22.7403,22.807,22.3822,22.4499,1456897
1997-12-05,22.5569,22.647,22.2665,22.2871,1030137
1997-12-08,22.4263,22.4263,22.0821,22.1498,1247046
1997-12-09,22.1723,22.1723,20.7861,21.104,2106053
1997-12-10,21.104,21.104,20.485,20.739,1211985
1997-12-11,20.739,20.739,19.5265,19.5265,1879203
1997-12-12,20.0328,20.2859,19.6659,19.8503,1583271
1997-12-15,19.9425,20.8744,19.9425,20.8499,1901706
1997-12-16,20.8744,21.1511,20.5075,20.5075,747283
1997-12-17,20.7136,20.7616,20.1956,20.3555,425189
1997-12-18,20.3555,20.6449,20.3339,20.3555,782873
1997-12-19,19.9425,19.9641,19.5531,19.713,1382321
1997-12-22,19.8032,20.8048,19.713,20.691,706468
1997-12-23,20.7616,20.7616,20.4006,20.4615,1109414
1997-12-24,20.5526,20.5526,19.9425,20.0328,461295
1997-12-26,20.0328,20.2633,20.0328,20.1475,328641
1997-12-29,20.4379,20.6449,20.2633,20.6449,1130871
1997-12-30,20.899,21.2198,20.739,21.1265,766386
1997-12-31,21.1736,21.3336,21.0814,21.2413,1293624
1998-01-02,21.3336,21.4463,20.8499,21.104,455541
1998-01-05,21.104,21.4003,20.9873,21.0814,835986
1998-01-06,21.0814,21.2198,20.691,20.691,1040076
1998-01-07,20.691,20.7861,20.0023,20.0259,1372902
1998-01-08,20.0259,20.1633,19.713,20.0475,1511842
1998-01-09,20.0259,20.1191,18.7516,18.7958,983036
1998-01-12,18.5201,19.4854,18.1159,19.1617,2185603
1998-01-13,19.3461,20.3251,19.3461,20.3005,770311
1998-01-14,20.6449,20.8264,20.3722,20.7136,1083773
1998-01-15,20.7136,20.8048,20.0259,20.0475,1123021
1998-01-16,20.1191,20.5526,20.0475,20.0475,754348
1998-01-20,20.0475,20.4154,19.761,20.3958,1184512
1998-01-21,20.3467,20.5792,19.9425,20.0475,904540
1998-01-22,20.0259,20.2328,19.8964,19.9425,1031966
1998-01-23,20.0259,20.3005,19.761,19.9887,1098686
1998-01-26,20.073,20.3958,20.073,20.0966,476472
1998-01-27,20.0023,20.739,20.0023,20.485,1100518
1998-01-28,20.5075,21.0334,20.3005,20.4379,1518645
1998-01-29,20.5311,21.1736,20.4154,20.9873,1495618
1998-01-30,20.899,20.9873,20.3722,20.4379,959226
1998-02-02,20.6223,21.3806,20.6223,21.2639,1014698
1998-02-03,21.1265,21.4886,21.0088,21.4886,769529
1998-02-04,21.5543,21.9928,21.4463,21.7142,1276618
1998-02-05,21.7142,22.0164,21.6936,21.9928,914743
1998-02-06,21.9427,22.3106,21.9427,22.3106,821597
1998-02-09,22.3106,22.3106,21.9005,21.9682,537702
1998-02-10,21.9682,22.0164,21.6239,21.6465,617244
1998-02-11,21.6465,21.9928,21.5327,21.5788,684747
1998-02-12,21.4886,21.5543,21.1736,21.4463,752518
1998-02-13,21.359,21.4003,20.9471,21.1265,621427
1998-02-17,21.359,21.7613,21.2639,21.7613,663815
1998-02-18,21.5327,22.2223,21.3806,22.0821,1896996
1998-02-19,21.9928,21.9928,21.8525,21.9427,616196
1998-02-20,21.9682,22.1498,21.879,22.1498,728970
1998-02-23,22.0595,22.5657,22.0595,22.2665,975974
1998-02-24,22.2665,22.2665,21.7613,21.8084,580349
1998-02-25,21.9427,22.6098,21.9427,22.496,505779
1998-02-26,22.6098,22.9071,22.3822,22.7717,735774
1998-02-27,22.6795,22.7481,22.3567,22.5657,442981
1998-03-02,22.7011,22.7011,22.1291,22.2665,444286
1998-03-03,22.2665,22.4499,21.9201,22.0821,799617
1998-03-04,21.9427,21.9928,21.6465,21.7142,495046
1998-03-05,21.7377,21.7613,21.4886,21.5788,469668
1998-03-06,21.5543,22.6795,21.5543,22.5657,1039030
1998-03-09,22.4696,23.2209,22.4067,22.4499,857184
1998-03-10,22.3567,23.1739,22.3342,23.1739,1478082
1998-03-11,23.3142,23.9558,23.2916,23.7958,1617023
1998-03-12,23.7262,24.8171,23.6379,24.4158,1131393
1998-03-13,24.2756,24.5669,23.8194,24.1647,798310
1998-03-16,24.0676,24.5443,24.047,24.5443,665649
1998-03-17,24.6807,24.7729,24.2756,24.6365,560467
1998-03-18,24.6365,24.6365,24.1146,24.255,552876
1998-03-19,24.4158,25.2084,24.3697,25.1389,438535
1998-03-20,25.0486,25.4595,24.6571,25.0956,934891
1998-03-23,25.2781,25.3242,24.9122,25.0044,508132
1998-03-24,25.0956,25.6902,25.0486,25.3704,752255
1998-03-25,25.3704,25.644,24.1833,24.6571,950591
1998-03-26,24.3697,24.5217,24.2981,24.4158,840438
1998-03-27,25.1389,25.1643,24.4983,24.613,1017836
1998-03-30,24.6571,24.8651,23.8557,24.6571,497663
1998-03-31,24.2226,25.1241,24.2226,24.8876,1424709
1998-04-01,24.9122,24.9122,24.5669,24.7298,650733
1998-04-02,24.8651,25.5538,24.7729,25.4595,1116221
1998-04-03,26.2316,26.2993,26.0747,26.0747,1264050
1998-04-06,26.3238,26.7839,25.5979,25.7823,917359
1998-04-07,25.7823,25.9629,25.7146,25.9207,570143
1998-04-08,26.0109,26.0109,24.9809,25.2084,608349
1998-04-09,25.3017,26.0364,25.3017,25.9874,596311
1998-04-13,26.4405,26.5082,25.8304,26.163,678734
1998-04-14,26.2316,26.5082,26.0923,26.3238,1020975
1998-04-15,26.4181,26.7584,26.3238,26.7584,538485
1998-04-16,26.7584,26.7584,26.163,26.3925,724261
1998-04-17,26.4181,26.8516,26.163,26.8094,775545
1998-04-20,26.8094,27.0605,26.4622,26.7839,460514
1998-04-21,26.7113,27.0341,26.6466,26.6711,1006585
1998-04-22,26.6711,27.1724,26.5318,26.5995,1058395
1998-04-23,26.6917,26.8516,26.3484,26.6466,615936
1998-04-24,26.7359,26.8761,25.7146,25.9629,1052897
1998-04-27,25.7823,25.8304,24.8651,25.1643,1238151
1998-04-28,25.4174,25.5763,25.2781,25.4821,653612
1998-04-29,25.7823,25.7823,25.2546,25.2781,1215386
1998-04-30,25.4595,26.2581,25.438,26.1404,795172
1998-05-01,26.2316,26.4622,26.0747,26.163,695480
1998-05-04,26.2581,26.4181,26.0531,26.0923,481966
1998-05-05,26.1159,26.1159,25.4174,25.7372,798310
1998-05-06,25.6666,25.7578,25.3458,25.5979,605207
1998-05-07,25.5538,25.5763,25.0486,25.0682,592909
1998-05-08,25.1389,25.4595,24.8876,24.9563,1093458
1998-05-11,25.0956,25.1643,24.7298,24.7494,602851
1998-05-12,24.8415,25.2084,24.7729,25.1849,498715
1998-05-13,25.1849,25.1849,24.7032,24.9809,595266
1998-05-14,25.0044,25.232,24.5443,24.5669,869742
1998-05-15,24.4747,24.8651,24.4306,24.7494,580869
1998-05-18,24.7729,25.5979,24.7494,25.0956,537179
1998-05-19,25.0486,25.5538,24.9122,25.0486,444812
1998-05-20,25.0486,25.2781,24.7298,24.9328,622215
1998-05-21,25.5979,25.7823,25.438,25.4595,742574
1998-05-22,25.3704,25.4595,25.0486,25.2546,371546
1998-05-26,25.3928,25.4595,24.8415,24.8415,426496
1998-05-27,24.5217,24.7729,24.2686,24.407,622473
1998-05-28,24.6807,24.9563,24.4649,24.9122,707777
1998-05-29,24.9122,25.2781,24.8651,25.2084,612273
1998-06-01,25.2084,25.5763,24.9122,25.0486,494006
1998-06-02,25.0956,25.2084,24.4983,24.4983,415768
1998-06-03,24.5904,24.8415,24.1569,24.1569,648641
1998-06-04,24.1569,24.3363,23.8115,24.2912,624570
1998-06-05,24.2686,25.0682,24.1785,24.8415,439323
1998-06-08,25.023,25.2546,24.8415,24.8876,332563
1998-06-09,24.6807,25.0486,24.4511,24.8651,375997
1998-06-10,24.8415,25.3017,24.6807,24.6807,389079
1998-06-11,24.5904,24.8171,24.1294,24.1971,491651
1998-06-12,24.2912,24.3834,23.6575,24.3609,435389
1998-06-15,24.1294,24.248,23.9254,23.9254,321049
1998-06-16,23.9479,24.407,23.6124,23.9704,678998
1998-06-17,23.9254,25.023,23.9254,24.6807,791501
1998-06-18,24.7729,25.232,24.7298,25.0682,624307
1998-06-19,24.8171,25.0956,24.613,24.6365,651261
1998-06-22,24.5904,25.0044,24.5904,24.7298,290441
1998-06-23,24.7298,25.3242,24.7298,25.0486,417597
1998-06-24,24.9809,25.8304,24.9809,25.5312,728450
1998-06-25,25.5312,25.7372,25.1182,25.644,700186
1998-06-26,25.7372,25.8049,25.3017,25.5057,494006
1998-06-29,25.6225,25.6225,25.3928,25.3928,581137
1998-06-30,25.4821,25.5538,25.0956,25.4595,718502
1998-07-01,25.4821,25.6225,25.3242,25.6225,692860
1998-07-02,25.6225,25.9207,25.3704,25.5979,431992
1998-07-06,25.6902,25.7823,25.5057,25.6225,354016
1998-07-07,25.6225,25.8049,25.3704,25.438,566483
1998-07-08,25.5763,26.1011,25.4821,26.0364,900356
1998-07-09,26.2846,26.2846,25.4821,25.5538,717193
1998-07-10,25.644,26.0815,25.2781,26.06,1187649
1998-07-13,25.9629,26.2659,25.7578,26.0364,433821
1998-07-14,26.0109,26.7192,26.0109,26.7192,348004
1998-07-15,26.7192,26.8154,26.469,26.7673,598664
1998-07-16,26.68,26.7457,25.9629,26.1728,687625
1998-07-17,26.2189,26.2405,25.7578,26.0364,526451
1998-07-20,26.0815,26.0815,25.3704,25.7146,696783
1998-07-21,25.8726,25.9207,25.0044,25.0956,526451
1998-07-22,25.3704,25.6666,25.1849,25.6225,1478347
1998-07-23,25.6225,25.8726,25.0956,25.4174,1184512
1998-07-24,25.3242,25.5979,25.0486,25.5057,1598711
1998-07-27,25.4174,25.4174,25.1849,25.2781,923904
1998-07-28,24.9122,25.0486,24.4511,24.9563,1234748
1998-07-29,24.9563,25.3704,24.8171,24.9122,1216432
1998-07-30,24.9563,25.3928,24.9122,25.3704,955040
1998-07-31,25.3242,25.5538,25.2546,25.438,976232
1998-08-03,25.3458,25.7578,25.2781,25.5538,1912695
1998-08-04,25.644,25.7823,24.1785,24.1785,1503204
1998-08-05,24.248,24.3138,23.4446,23.994,1631156
1998-08-06,23.994,24.613,23.8763,24.4511,763509
1998-08-07,24.4511,24.8651,24.1971,24.407,1004492
1998-08-10,24.3138,24.7494,24.2226,24.3609,871312
1998-08-11,24.1785,24.1785,23.3731,23.5545,642362
1998-08-12,23.8115,24.1294,23.7183,23.8115,1218791
1998-08-13,23.788,23.8115,23.2151,23.5545,605991
1998-08-14,23.7624,23.7624,22.647,22.8315,895379
1998-08-17,22.7403,23.2592,22.5794,23.0533,1569669
1998-08-18,23.119,23.3073,22.7638,23.2151,1586414
1998-08-19,23.2151,23.2151,22.8551,23.1915,996120
1998-08-20,23.0768,23.1454,22.7638,23.1003,1049759
1998-08-21,23.0081,23.0327,21.984,22.3272,1051327
1998-08-24,22.0281,22.4401,21.6161,21.6161,1815886
1998-08-25,21.7073,22.0987,21.203,21.2266,1581184
1998-08-26,20.8822,20.9725,20.3339,20.537,3112119
1998-08-27,19.9641,20.1034,19.2323,19.5766,1967126
1998-08-28,19.5531,19.9641,19.2568,19.6002,2562909
1998-08-31,19.7836,19.92,19.0489,19.0714,2237666
1998-09-01,19.0017,19.092,17.7716,19.0489,5346391
1998-09-02,18.9576,19.7836,18.2189,18.8615,4122367
1998-09-03,18.8615,18.9576,18.1346,18.885,3377176
1998-09-04,18.934,19.0017,18.3396,18.679,1140032
1998-09-08,19.4138,19.8758,19.1175,19.6002,1424449
1998-09-09,19.6659,19.92,19.298,19.4618,1461080
1998-09-10,18.316,18.473,18.0168,18.1346,1704674
1998-09-11,18.2003,18.679,17.9246,18.4534,2313814
1998-09-14,18.9576,19.6904,18.8615,19.4138,1295189
1998-09-15,19.3225,19.6443,19.2764,19.3922,1277137
1998-09-16,19.4138,19.8964,19.3922,19.7836,1973663
1998-09-17,19.2323,19.4138,19.0017,19.14,1466052
1998-09-18,19.0489,19.4138,19.0489,19.3225,1761723
1998-09-21,18.9576,19.3706,18.2003,18.9576,1689243
1998-09-22,19.0489,19.2097,18.885,19.0489,1475732
1998-09-23,19.6002,20.7921,19.5059,20.7469,1927873
1998-09-24,20.8342,21.1109,20.1956,20.8822,2124639
1998-09-25,20.5174,21.6386,20.2633,21.3875,1595832
1998-09-28,21.3875,21.8221,20.5616,20.9549,1786840
1998-09-29,20.9304,21.2717,20.3339,20.588,1253589
1998-09-30,20.8342,20.8342,19.9425,20.0328,1606823
1998-10-01,20.0328,20.125,19.3922,19.6659,1815099
1998-10-02,19.6904,19.8758,18.8202,19.4138,2339459
1998-10-05,19.4373,19.4373,17.6029,18.7742,1904854
1998-10-06,18.9576,19.092,17.8108,18.6584,1403253
1998-10-07,18.6584,18.885,18.0825,18.3602,1377613
1998-10-08,17.9932,18.7015,17.5803,18.6584,1616766
1998-10-09,19.4618,20.1711,18.679,20.0828,1403515
1998-10-12,20.7469,21.4307,20.1956,20.4693,1431775
1998-10-13,20.4929,21.2717,20.1711,21.203,1349355
1998-10-14,21.203,22.2155,21.0412,21.6386,1323189
1998-10-15,21.6386,22.9678,21.0677,22.9021,1808294
1998-10-16,22.9678,23.5888,22.2577,22.5333,2571803
1998-10-19,22.5794,22.6726,22.2577,22.6039,963939
1998-10-20,23.269,23.8625,23.2209,23.6379,1148400
1998-10-21,23.6771,23.6771,22.5794,23.2003,1240768
1998-10-22,23.1288,23.1288,22.0281,23.0846,966029
1998-10-23,22.9934,23.0601,21.7544,22.1644,1214862
1998-10-26,22.0751,22.2577,21.6622,22.189,1065982
1998-10-27,22.3979,22.647,21.6161,21.7544,825259
1998-10-28,21.8456,21.9585,21.6622,21.8712,678998
1998-10-29,22.1644,22.4401,21.6622,22.4195,902709
1998-10-30,22.807,23.4957,22.6932,22.9021,1137674
1998-11-02,22.9934,23.2916,22.7638,23.0395,561774
1998-11-03,23.1288,23.1288,22.647,22.8805,576950
1998-11-04,23.2209,24.0009,23.1533,24.0009,1160960
1998-11-05,23.9783,24.4815,23.4957,24.4374,745719
1998-11-06,24.3913,24.6954,23.9086,24.6954,1282630
1998-11-09,24.6954,24.6954,23.7958,24.1392,1072263
1998-11-10,24.047,24.2069,23.6124,23.8851,708297
1998-11-11,23.8625,23.8625,22.6726,22.9453,1412415
1998-11-12,23.0395,23.4309,22.5794,22.7403,736298
1998-11-13,23.2209,23.7714,22.9453,23.6379,801970
1998-11-16,24.1392,24.2981,23.269,23.5614,1033014
1998-11-17,23.6575,24.2981,23.3563,23.8851,1105751
1998-11-18,23.9322,24.1146,23.4309,23.9322,795172
1998-11-19,24.1146,24.6954,23.8194,24.5296,791501
1998-11-20,25.1565,25.6577,24.9721,25.2919,1303306
1998-11-23,25.6577,25.7048,25.1309,25.6577,1845976
1998-11-24,25.6813,25.9343,25.6391,25.6813,1153894
1998-11-25,25.7735,25.8216,25.592,25.7735,502121
1998-11-27,25.7529,25.7529,25.592,25.6813,282849
1998-11-30,25.7735,25.8648,25.2006,25.2006,1466052
1998-12-01,25.2919,25.336,25.1094,25.2477,621427
1998-12-02,25.2477,25.4341,24.9956,25.336,1634036
1998-12-03,25.5234,25.5234,24.7121,25.0181,1051586
1998-12-04,25.7048,26.0747,25.4507,25.7048,1668573
1998-12-07,25.7048,25.8648,25.592,25.6813,880726
1998-12-08,25.6136,25.7735,25.4086,25.4507,798836
1998-12-09,25.2919,25.6391,25.0417,25.3163,1169335
1998-12-10,25.3163,25.3163,24.6208,24.9485,950327
1998-12-11,24.6208,25.1565,24.4158,25.1565,1076448
1998-12-14,25.0181,25.1094,24.6453,24.9485,473331
1998-12-15,25.0417,25.0858,24.4815,24.5983,1649992
1998-12-16,24.5983,24.5983,24.0253,24.2981,848806
1998-12-17,24.4158,25.1565,24.3697,24.9721,1143958
1998-12-18,25.1094,25.386,24.7121,25.1309,1128779
1998-12-21,25.4341,26.2581,25.4341,26.0923,939337
1998-12-22,26.2581,26.7113,25.9785,26.5544,943264
1998-12-23,26.7113,26.7584,26.1884,26.5544,688682
1998-12-24,26.7113,26.7359,26.3238,26.4622,243076
1998-12-28,26.4181,26.6466,26.2581,26.2797,629020
1998-12-29,26.3484,26.3925,26.0531,26.163,1113339
1998-12-30,26.163,26.211,25.9343,26.211,2158911
1998-12-31,26.4405,26.5082,25.592,25.7981,1093458
1999-01-04,25.8883,26.4405,25.8883,26.0266,1477301
1999-01-05,26.1159,26.5838,26.1159,26.5838,1272948
1999-01-06,26.68,27.5923,26.6309,27.4088,1600543
1999-01-07,27.2273,27.4304,27.0919,27.2734,1092404
1999-01-08,27.5687,27.5687,26.7457,26.9968,1234484
1999-01-11,26.9968,27.0184,26.211,26.3719,714314
1999-01-12,26.4622,26.4622,25.9579,25.9579,869218
1999-01-13,25.4086,26.002,25.2477,25.4978,1030137
1999-01-14,25.592,25.7284,24.6503,24.9485,920760
1999-01-15,25.0181,26.4181,25.0181,26.4181,1248092
1999-01-19,26.3238,26.4622,25.5234,26.3719,964982
1999-01-20,26.2797,26.4847,25.8422,25.9785,988008
1999-01-21,26.1159,26.9507,25.8648,26.4181,3249495
1999-01-22,26.3238,26.3238,25.6391,26.163,1805423
1999-01-25,26.1159,26.7673,25.9579,26.7192,1258296
1999-01-26,26.8154,26.8154,25.6136,25.7284,1522567
1999-01-27,25.7284,25.7284,25.0632,25.2242,867910
1999-01-28,25.3163,25.9343,25.3163,25.9148,699402
1999-01-29,25.8216,26.3238,25.5234,26.2993,998734
1999-02-01,26.2316,26.2316,25.546,25.7529,749902
1999-02-02,25.6577,25.7981,25.386,25.4978,999780
1999-02-03,25.7529,26.2316,25.386,26.2316,921287
1999-02-04,26.1404,26.211,25.1094,25.178,1118048
1999-02-05,25.2006,25.3615,24.8337,25.2006,916579
1999-02-08,25.4341,25.8422,25.2006,25.7529,1138200
1999-02-09,25.5234,25.8883,25.2242,25.3163,640270
1999-02-10,25.4743,25.7981,25.336,25.7284,750425
1999-02-11,25.7529,26.8595,25.592,26.4847,1419212
1999-02-12,26.4622,26.4622,25.6136,26.2797,1251492
1999-02-16,26.3719,27.295,26.3719,26.8595,1182417
1999-02-17,26.9507,27.2038,26.4405,26.6309,1367406
1999-02-18,26.6309,27.1567,26.5387,26.8595,933063
1999-02-19,27.455,27.502,26.68,26.8154,1184512
1999-02-22,26.8154,28.4869,26.7192,28.4212,1792336
1999-02-23,28.8754,28.8754,27.7766,28.0533,1251752
1999-02-24,28.0739,28.7626,28.0533,28.1907,1782132
1999-02-25,27.963,28.2819,27.5923,27.8679,943264
1999-02-26,28.0984,28.2819,27.7315,28.2123,770311
1999-03-01,28.12,28.3957,28.0533,28.3251,770571
1999-03-02,28.5095,28.5585,28.0053,28.0739,616196
1999-03-03,28.1416,28.3741,28.0053,28.1416,518859
1999-03-04,28.1416,29.0157,28.1416,29.0157,901663
1999-03-05,29.5297,30.856,29.5297,30.6059,2898607
1999-03-08,30.9031,30.9031,29.875,30.2144,1071734
1999-03-09,30.1251,30.5362,29.617,29.7563,691290
1999-03-10,30.0761,31.063,29.824,31.063,833106
1999-03-11,31.5457,32.8121,31.5221,32.4688,2749990
1999-03-12,32.77,33.0211,31.4986,31.9566,1651040
1999-03-15,32.0519,32.77,31.7507,32.3795,896952
1999-03-16,32.3795,32.5169,31.1562,31.6143,1190270
1999-03-17,31.6143,31.6143,30.9944,31.1788,561508
1999-03-18,31.0414,31.6143,31.0414,31.5908,941172
1999-03-19,31.5908,31.5908,30.6294,30.856,1009202
1999-03-22,30.856,31.1356,30.6746,31.1356,414980
1999-03-23,30.9031,30.9031,29.5297,29.9869,1072263
1999-03-24,30.2615,30.651,29.8956,30.2615,505258
1999-03-25,30.5126,30.7206,30.3744,30.6059,534296
1999-03-26,30.6059,30.6059,29.7348,29.824,902967
1999-03-29,30.1477,30.3508,29.9172,30.237,761419
1999-03-30,30.1251,30.337,29.9869,30.2449,1121187
1999-03-31,30.337,30.4529,30.032,30.3174,994813
1999-04-01,30.4047,31.4632,30.3174,31.3034,1135582
1999-04-05,31.3034,31.5535,31.1414,31.5535,766907
1999-04-06,31.5535,32.2255,31.2072,31.4387,2703943
1999-04-07,31.6438,32.2942,31.5535,32.25,1440669
1999-04-08,32.4314,33.8177,32.3383,33.0289,1650514
1999-04-09,32.9818,33.1427,32.3647,32.8455,1069385
1999-04-12,32.663,33.3045,32.0655,33.2546,1071475
1999-04-13,33.2546,33.3732,32.611,33.0289,776855
1999-04-14,33.5341,33.5341,32.7984,33.5341,1633512
1999-04-15,33.4419,33.4419,31.9959,31.9959,1101307
1999-04-16,31.8851,32.25,31.3034,32.2255,1362962
1999-04-19,31.8272,32.0655,31.0483,31.1179,1381798
1999-04-20,31.0699,31.2798,30.5431,31.2798,788630
1999-04-21,31.2798,33.0289,30.9099,33.0289,903492
1999-04-22,32.9357,33.5341,32.3873,33.5341,860846
1999-04-23,33.4419,33.5096,32.8925,33.1663,492172
1999-04-26,33.2546,33.281,32.4109,32.9357,1067292
1999-04-27,33.1663,35.0997,33.0289,35.0997,2054776
1999-04-28,35.0997,35.0997,34.2248,34.3228,1479135
1999-04-29,34.2248,34.6888,34.2248,34.4581,1398543
1999-04-30,32.0655,32.4314,31.782,32.25,3445732
1999-05-03,32.2039,32.2716,31.5044,32.2716,1581448
1999-05-04,32.3157,32.6855,30.703,30.8216,2238980
1999-05-05,30.7962,30.9355,30.1477,30.7707,1871617
1999-05-06,30.7295,32.3873,30.4293,31.9057,2316428
1999-05-07,31.7143,32.3647,31.529,31.9959,789150
1999-05-10,32.0195,32.0655,30.8432,31.164,993503
1999-05-11,31.1414,31.2287,30.2939,31.0257,973618
1999-05-12,31.0022,31.0022,30.4047,30.5891,1259345
1999-05-13,30.6804,32.0655,30.6804,31.5535,1354061
1999-05-14,31.0483,31.1179,30.337,30.9571,1168028
1999-05-17,30.2203,30.3174,28.7468,29.1138,2365883
1999-05-18,29.0245,29.617,28.9323,29.4591,1858533
1999-05-19,29.4355,30.1251,29.4355,30.1251,859011
1999-05-20,30.0761,30.0761,29.208,29.4591,923904
1999-05-21,29.3197,29.5522,29.0009,29.0696,1240244
1999-05-24,28.7468,28.8822,27.4814,28.2368,1082989
1999-05-25,28.2368,28.4957,27.4814,28.0297,1286821
1999-05-26,28.1907,28.8822,27.4814,28.8626,1415290
1999-05-27,28.6567,28.6773,27.6629,27.7071,982252
1999-05-28,27.7766,28.1671,27.7522,28.0984,674020
1999-06-01,27.8238,28.0984,27.295,27.8679,1380231
1999-06-02,27.963,28.4506,27.5471,27.8679,707777
1999-06-03,27.6865,28.2819,27.6865,28.2819,1086389
1999-06-04,28.3741,29.047,28.0739,28.7949,1089005
1999-06-07,29.1138,29.617,28.9323,29.3197,1151541
1999-06-08,29.3197,29.4591,28.9323,29.2727,1295189
1999-06-09,30.0114,30.0114,29.4355,29.668,977015
1999-06-10,29.5728,29.5728,28.7468,29.0009,1241289
1999-06-11,28.9755,29.0902,28.6567,28.7949,1230037
1999-06-14,28.8822,28.9755,28.4722,28.6773,713009
1999-06-15,28.7468,28.7468,28.4722,28.6105,959488
1999-06-16,28.9323,29.7789,28.9323,29.7563,1040600
1999-06-17,29.668,30.1998,29.5297,29.7995,818979
1999-06-18,29.7112,30.2703,29.4817,30.1998,883341
1999-06-21,30.1251,30.7707,30.1251,30.5224,748855
1999-06-22,30.4293,30.5224,30.2703,30.4293,519122
1999-06-23,30.337,30.337,30.0761,30.1762,888840
1999-06-24,30.2203,30.2203,29.668,29.8956,757490
1999-06-25,29.9172,30.0761,29.875,29.9869,708039
1999-06-28,29.8956,30.7962,29.8956,30.497,959749
1999-06-29,30.5735,30.805,30.5509,30.6657,565436
1999-06-30,30.5735,31.6143,29.9947,31.5221,1217999
1999-07-01,31.4309,31.7507,31.1277,31.6143,821071
1999-07-02,31.7065,31.8909,31.4073,31.8684,722428
1999-07-06,31.9361,32.1863,31.7507,31.9782,731063
1999-07-07,31.8909,32.3226,31.7507,32.1863,1261700
1999-07-08,32.096,32.096,31.318,31.478,588200
1999-07-09,31.1494,31.4073,31.011,31.4073,616196
1999-07-12,31.478,31.4986,30.5048,30.8276,945356
1999-07-13,30.805,30.805,30.0928,30.1409,723734
1999-07-14,30.2282,30.5048,26.3562,27.8993,17822092
1999-07-15,27.7384,27.8993,26.1159,27.0429,9068172
1999-07-16,27.1352,27.6707,26.7005,27.502,2995424
1999-07-19,27.455,27.8767,27.4088,27.6246,2324540
1999-07-20,27.2273,27.5765,27.2273,27.4088,1677992
1999-07-21,27.3176,27.502,26.4916,26.7673,1663080
1999-07-22,26.7673,27.1567,26.6309,27.1106,1001611
1999-07-23,27.1352,27.2273,26.1884,26.2993,960535
1999-07-26,26.211,26.5387,26.1159,26.2993,837562
1999-07-27,26.4916,26.7457,26.469,26.68,707249
1999-07-28,26.6309,26.7918,26.4916,26.6309,808774
1999-07-29,26.4475,26.4475,26.211,26.2581,848286
1999-07-30,26.2993,26.4249,26.1159,26.163,1245480
1999-08-02,25.9343,26.211,25.6391,25.7284,786013
1999-08-03,25.6813,25.7284,25.1094,25.336,1220357
1999-08-04,25.386,25.8883,25.1309,25.2006,1359558
1999-08-05,25.2242,25.2703,24.7346,25.0328,765340
1999-08-06,25.1094,25.1565,24.5502,24.8259,575645
1999-08-09,24.7582,25.386,24.7346,25.178,1191579
1999-08-10,25.078,25.1094,24.255,24.7121,1188438
1999-08-11,24.7582,25.1565,24.6453,25.0328,1058657
1999-08-12,25.0544,25.5234,24.9642,25.0113,644977
1999-08-13,25.2919,26.3238,25.2919,26.1159,798836
1999-08-16,26.1884,26.5838,25.4086,25.6136,970482
1999-08-17,25.7529,26.4475,25.7529,26.4013,1371856
1999-08-18,26.211,26.4013,25.8883,26.1884,641577
1999-08-19,26.0531,26.0747,25.592,25.7284,612010
1999-08-20,25.6391,25.9343,25.4978,25.9148,676641
1999-08-23,25.9579,26.3238,25.9579,26.2581,1039292
1999-08-24,26.0531,26.5622,26.0266,26.4249,1413462
1999-08-25,25.8422,25.8422,24.6453,25.078,2718591
1999-08-26,24.9877,25.1309,23.3073,23.3279,2112075
1999-08-27,23.3495,23.6046,22.8943,23.4446,2777726
1999-08-30,23.5369,23.6046,21.879,21.9201,1977588
1999-08-31,22.1498,22.3822,22.0595,22.1065,2842882
1999-09-01,22.2871,22.6314,22.2223,22.3106,1275828
1999-09-02,22.3342,22.3342,21.8084,22.0821,1808819
1999-09-03,22.5196,24.0009,22.5196,23.119,2737957
1999-09-07,23.119,23.1454,22.9149,22.9384,1550041
1999-09-08,22.8943,23.0327,22.2223,22.2223,1480181
1999-09-09,22.1723,22.7099,21.9682,22.6314,1081682
1999-09-10,23.167,23.3073,22.5657,22.8227,1779777
1999-09-13,22.7992,22.7992,21.9427,22.0595,1163318
1999-09-14,21.4081,21.5092,21.0903,21.4081,2748159
1999-09-15,21.365,21.4081,21.0903,21.1805,2020238
1999-09-16,20.9961,21.0903,20.4929,20.6292,1443811
1999-09-17,20.6527,22.0595,20.6527,21.5543,2815405
1999-09-20,21.6465,21.9682,21.6465,21.8525,1634297
1999-09-21,21.9427,21.9928,21.1109,21.1805,1886531
1999-09-22,21.464,21.827,21.2502,21.6013,1172995
1999-09-23,21.5327,22.5196,21.5327,21.9427,1796782
1999-09-24,21.8525,23.0768,21.8525,22.756,2256513
1999-09-27,22.8462,23.0768,22.6098,22.8943,1584057
1999-09-28,23.119,23.7624,23.0533,23.5545,1858533
1999-09-29,23.7792,24.147,23.4309,23.6212,1234224
1999-09-30,23.6859,24.147,23.6859,23.9165,1282108
1999-10-01,23.9165,24.2147,23.4957,24.1892,1220617
1999-10-04,24.1215,24.9122,23.9861,24.7032,1558421
1999-10-05,24.7984,25.023,24.147,24.2608,1862986
1999-10-06,24.3511,24.5904,24.3511,24.3992,1728754
1999-10-07,24.4649,24.5904,24.1715,24.2834,1467621
1999-10-08,24.147,24.6571,24.1,24.6571,1519429
1999-10-11,24.5669,24.613,24.3305,24.4423,841216
1999-10-12,24.2402,24.2834,23.8263,24.0764,979110
1999-10-13,23.9861,24.0097,23.0846,23.2916,793336
1999-10-14,23.1288,23.4712,22.5715,23.3357,835723
1999-10-15,22.7638,22.7638,22.1135,22.1566,1217479
1999-10-18,22.1566,22.548,21.6936,22.2301,1496143
1999-10-19,22.8805,23.6212,22.8551,23.3357,1677992
1999-10-20,23.5614,25.023,23.4957,24.7494,1151282
1999-10-21,24.6571,24.9809,24.3059,24.8415,1064676
1999-10-22,25.023,25.7,25.023,25.5155,1181109
1999-10-25,25.4262,25.6489,25.0956,25.4439,1493264
1999-10-26,25.3458,25.8794,25.1643,25.3017,1165667
1999-10-27,25.3928,26.2729,25.3704,26.2277,680038
1999-10-28,26.83,28.588,26.7839,28.2436,2151325
1999-10-29,28.588,28.8626,27.9376,28.1749,1110202
1999-11-01,28.0828,28.3103,27.8453,27.8679,934104
1999-11-02,27.8238,28.6773,27.6629,28.1504,943264
1999-11-03,28.0533,28.0533,27.295,27.4088,652304
1999-11-04,27.7522,27.7766,27.2273,27.3637,1175354
1999-11-05,27.5687,28.0828,27.2734,27.2734,1657054
1999-11-08,27.2734,27.6413,27.2273,27.5687,1197594
1999-11-09,27.9376,27.9376,27.4304,27.7522,1299119
1999-11-10,27.2038,27.5245,26.8977,27.3176,828399
1999-11-11,27.3176,27.455,27.0341,27.3883,664862
1999-11-12,27.4814,28.6105,27.4304,28.4722,1229254
1999-11-15,28.5664,28.588,28.1749,28.588,759584
1999-11-17,28.6773,28.7694,28.1975,28.2211,456327
1999-11-18,28.2211,28.4045,27.8679,28.3829,503421
1999-11-19,28.3829,28.3829,27.963,28.0828,394316
1999-11-22,27.7071,27.7522,26.9419,27.0125,917359
1999-11-23,26.83,26.9664,26.5082,26.8516,666434
1999-11-24,26.7113,27.295,26.2052,27.2038,784965
1999-11-26,27.0605,27.3176,26.8977,27.2519,342247
1999-11-29,27.0125,27.0341,26.2729,26.3719,926255
1999-11-30,26.0855,27.4304,26.0452,27.1724,1484369
1999-12-01,26.7359,27.0605,26.5082,26.5995,1037724
1999-12-02,26.5318,26.8094,26.3719,26.4181,732633
1999-12-03,26.6917,27.7522,26.6917,27.5687,1522310
1999-12-06,27.6629,27.6629,26.6711,26.8516,1542455
1999-12-07,26.9419,26.9419,25.9511,26.4181,1230300
1999-12-08,27.0605,27.0605,25.4439,25.5606,1969217
1999-12-09,25.7441,26.5082,25.6489,26.3719,1102613
1999-12-10,26.83,27.5245,26.5759,27.3411,1356158
1999-12-13,27.2734,27.3411,26.7359,27.0252,964199
1999-12-14,27.0341,27.1037,26.6917,26.83,967336
1999-12-15,26.7359,26.7839,26.2729,26.3719,687366
1999-12-16,26.2729,26.2993,24.9809,25.1182,1675904
1999-12-17,25.023,25.9511,24.8171,25.6744,1560251
1999-12-20,25.7657,26.3719,25.489,25.8353,995858
1999-12-21,25.9059,26.4622,25.7441,26.3238,1129305
1999-12-22,26.0855,26.1325,25.7911,25.7911,1235012
1999-12-23,26.0855,26.2729,25.9059,26.0198,816099
1999-12-27,25.9059,26.2729,25.7441,25.9059,1023595
1999-12-28,25.8127,26.6711,25.8127,26.3719,839908
1999-12-29,26.5995,27.2734,26.5995,27.0125,696263
1999-12-30,26.9144,27.5403,26.9144,27.2117,525925
1999-12-31,27.4039,27.4961,27.0988,27.0988,303254
2000-01-03,27.0743,27.0743,25.386,25.8648,1694740
2000-01-04,25.7735,25.7735,24.1569,24.4306,1721688
2000-01-05,24.4306,25.2703,24.1971,24.872,1359817
2000-01-06,24.8484,26.1011,24.7798,25.9148,1774284
2000-01-07,26.1973,26.9595,26.0109,26.8457,1520735
2000-01-10,26.6083,27.0056,26.5622,26.6858,1356158
2000-01-11,26.7054,27.5167,26.6309,27.2117,1806729
2000-01-12,26.8457,27.8159,26.8457,27.656,1684792
2000-01-13,28.0984,28.4869,27.8827,28.3251,1852518
2000-01-14,28.6488,29.4355,28.3251,29.3197,1598450
2000-01-18,29.254,29.254,27.8159,28.3741,2583843
2000-01-19,28.3741,28.739,28.1416,28.3251,1415552
2000-01-20,28.3251,28.3251,27.6324,28.1671,1396187
2000-01-21,28.3505,28.6488,27.8827,28.5321,1724569
2000-01-24,28.5585,28.6939,27.7237,27.8827,1246521
2000-01-25,27.8827,28.9323,27.8395,28.9098,1527020
2000-01-26,28.739,29.9701,28.5801,29.9701,1058132
2000-01-27,30.1998,30.6902,29.9467,30.6902,1652350
2000-01-28,29.9947,30.084,29.0696,29.208,1669356
2000-01-31,28.8822,29.8584,28.739,29.7406,1943567
2000-02-01,29.6739,30.5735,29.3197,30.4617,1380231
2000-02-02,30.3684,30.6225,29.7867,30.5048,1580392
2000-02-03,30.5048,31.0414,29.8809,31.0414,1332866
2000-02-04,31.063,31.318,29.6974,29.9701,1491432
2000-02-07,30.0614,30.134,29.5602,29.6974,624570
2000-02-08,30.0378,31.2219,29.9034,31.2219,1605252
2000-02-09,30.6902,30.6902,29.8073,29.8584,843052
2000-02-10,29.7642,29.9241,29.0245,29.3453,974141
2000-02-11,29.4355,29.9467,28.9755,29.1363,776590
2000-02-14,29.047,29.2963,28.5095,29.208,1205704
2000-02-15,29.2963,29.8338,28.9755,29.7406,1264050
2000-02-16,29.4817,29.6739,29.208,29.4355,750167
2000-02-17,29.5366,29.7406,28.4869,28.8185,845929
2000-02-18,28.5585,28.6252,27.2567,27.4726,1832368
2000-02-22,27.447,28.4634,27.349,28.4212,1799925
2000-02-23,27.9984,28.0671,27.4961,27.4961,1317170
2000-02-24,27.0743,27.2567,26.3317,26.934,1813793
2000-02-25,26.934,27.6324,26.3317,26.6083,2126992
2000-02-28,26.6083,27.9748,26.6083,27.3254,1765380
2000-02-29,27.2351,27.447,26.6083,27.0252,1267722
2000-03-01,26.934,26.984,26.4249,26.8006,1098686
2000-03-02,26.8457,26.934,26.4916,26.7761,546594
2000-03-03,27.2117,27.4245,26.728,26.7505,1315075
2000-03-06,26.1473,26.7505,26.06,26.1237,1056041
2000-03-07,25.6813,25.8216,24.4306,24.4306,2102395
2000-03-08,24.3363,24.3609,23.1602,23.5045,3559810
2000-03-09,23.5045,24.7346,23.5045,24.7121,1381275
2000-03-10,24.8966,25.2164,24.5502,25.078,1556062
2000-03-13,24.4306,26.06,24.3138,24.9642,1630107
2000-03-14,24.8966,25.386,24.3609,24.5983,786013
2000-03-15,24.9397,27.6786,24.9397,27.0056,3410933
2000-03-16,27.8159,31.8988,27.7934,31.8272,6378362
2000-03-17,31.7369,32.7532,31.2955,32.0351,4417253
2000-03-20,31.8988,31.8988,29.9701,31.478,2922422
2000-03-21,30.5509,32.9122,30.4617,32.3647,2793950
2000-03-22,32.7307,34.5867,32.454,34.3071,2055300
2000-03-23,33.8245,37.6435,33.6087,37.2482,3514022
2000-03-24,36.8116,36.8116,34.1207,34.723,4163976
2000-03-27,35.0929,35.1115,33.129,34.1443,1794687
2000-03-28,34.8624,36.9028,34.8624,35.0684,2246569
2000-03-29,35.9336,36.6959,35.4401,35.8777,1794952
2000-03-30,35.8933,36.4055,34.6387,34.6652,1550041
2000-03-31,35.292,37.0323,35.292,35.9866,2075711
2000-04-03,36.1318,40.35,36.1318,39.4259,3151632
2000-04-04,38.2625,39.473,36.2024,37.9887,4033151
2000-04-05,37.8652,38.2202,36.7037,37.4767,1871093
2000-04-06,37.4993,37.616,35.2018,36.0092,1794687
2000-04-07,35.8473,35.8698,34.1992,34.8241,1661504
2000-04-10,34.7789,36.6831,34.4101,36.2229,2058438
2000-04-11,36.3152,36.944,35.7345,36.3613,1162009
2000-04-12,36.9646,39.5623,36.9646,37.6563,2524704
2000-04-13,37.6563,37.6563,35.965,36.0553,1546902
2000-04-14,35.965,35.965,31.6438,32.3647,3573942
2000-04-17,32.7376,34.3228,32.7376,33.5017,2810439
2000-04-18,34.1757,36.3789,34.0364,36.2229,2435744
2000-04-19,36.0337,36.0337,34.5043,34.7789,1058395
2000-04-20,34.8241,35.7119,34.7329,35.6403,978326
2000-04-24,34.9722,37.0568,34.9722,36.9891,1978375
2000-04-25,37.0097,38.7294,36.7842,38.6166,2066027
2000-04-26,38.594,38.594,36.9646,37.1245,2088526
2000-04-27,35.8473,36.8959,35.3116,36.7566,2602941
2000-04-28,36.4554,36.9646,35.5981,35.9866,1371594
2000-05-01,35.7119,38.7765,35.4078,37.616,3017145
2000-05-02,37.3315,40.0282,37.1491,38.4018,3476605
2000-05-03,38.4018,40.35,38.0349,39.4259,3551179
2000-05-04,39.3778,39.5623,38.3566,39.2219,1908251
2000-05-05,38.8668,39.937,38.3331,38.5166,1788936
2000-05-08,38.4243,40.0989,38.078,39.678,2375304
2000-05-09,39.7713,40.0282,38.2625,38.751,2039339
2000-05-10,38.751,38.9345,38.0574,38.5626,1909297
2000-05-11,39.1954,40.9768,39.1954,40.4962,2682483
2000-05-12,40.3971,42.3081,40.0783,40.9318,2883956
2000-05-15,41.2398,43.0977,41.1917,43.0977,2577300
2000-05-16,43.0977,43.6059,40.9524,41.537,2662597
2000-05-17,41.0014,42.0226,40.4962,41.7695,2122283
2000-05-18,41.7695,43.5362,41.7695,41.9569,1817453
2000-05-19,41.6046,42.2326,40.7708,42.0226,2116526
2000-05-22,42.0226,43.0977,41.6527,43.0977,2383411
2000-05-23,43.0977,45.0441,42.9133,44.3044,2622305
2000-05-24,45.6925,45.6925,43.655,44.2112,3360430
2000-05-25,43.4647,43.4647,39.167,40.6345,5011210
2000-05-26,40.6345,42.3287,40.1224,41.5792,2404607
2000-05-30,41.795,41.9569,40.144,41.1917,2441765
2000-05-31,41.6046,42.6985,40.8867,41.4232,2148973
2000-06-01,41.33,41.6046,39.0728,40.302,3120752
2000-06-02,41.2398,42.6985,40.8651,41.0799,3171776
2000-06-05,41.0543,41.0543,38.6853,39.5849,3879556
2000-06-06,39.4259,39.4259,37.7072,38.9835,2092450
2000-06-07,39.006,40.6345,39.006,40.0783,2021020
2000-06-08,39.3778,39.6339,38.6853,39.3778,1132443
2000-06-09,39.3366,39.6093,38.2841,38.4479,1240507
2000-06-12,38.5372,38.9579,37.8887,38.5803,963675
2000-06-13,38.6166,39.1954,37.9132,38.7765,980945
2000-06-14,39.3778,40.3706,39.0306,39.9615,1587458
2000-06-15,39.5623,40.7002,38.1251,40.4962,2618641
2000-06-16,40.2117,40.2117,38.1497,38.1742,2879508
2000-06-19,38.2625,39.5623,38.2625,38.6853,2295233
2000-06-20,38.7765,39.1424,37.7778,38.5626,1281847
2000-06-21,38.1742,38.1742,36.8283,37.1491,1631939
2000-06-22,37.0774,38.5372,36.7842,38.5372,2114956
2000-06-23,38.3566,38.8913,37.7975,38.1251,1716980
2000-06-26,37.9132,39.5849,37.9132,39.3366,1665173
2000-06-27,39.8448,40.302,38.9119,39.678,1500851
2000-06-28,39.006,40.3971,38.8001,39.7624,1872399
2000-06-29,39.7222,39.7222,38.7432,39.4642,1266410
2000-06-30,39.8174,39.9782,38.906,39.4642,1921857
2000-07-03,39.1591,39.2356,39.0238,39.1111,1807245
2000-07-05,39.6015,41.1132,39.6015,40.6747,1676419
2000-07-06,40.6276,40.7876,40.0214,40.5335,1665693
2000-07-07,40.7385,42.0501,40.7385,41.8353,1527280
2000-07-10,41.8794,42.7652,41.8587,42.2326,1834197
2000-07-11,42.0011,43.8826,42.0011,43.7217,2139550
2000-07-12,43.345,43.8384,40.6522,40.7876,4176797
2000-07-13,40.7385,41.1132,38.2566,39.1591,3603509
2000-07-14,38.8824,40.9072,38.8824,40.3971,1915840
2000-07-17,41.0229,41.1849,40.302,40.7307,1907987
2000-07-18,40.7385,40.817,39.6918,40.1381,1315862
2000-07-19,39.0669,40.5551,38.5087,39.8634,2179583
2000-07-20,39.9085,41.7195,39.9085,40.8867,3080463
2000-07-21,40.9768,41.2065,39.373,39.6015,1762766
2000-07-24,40.1793,40.1793,39.1111,39.3906,1345168
2000-07-25,39.3906,39.4445,37.7454,37.9976,1589816
2000-07-26,37.9495,37.9495,36.9813,37.3473,1461865
2000-07-27,37.77,38.7667,37.77,38.1889,1621213
2000-07-28,38.0702,38.4174,37.2109,37.77,1444597
2000-07-31,38.0437,38.5087,37.3473,37.3473,1277657
2000-08-01,37.4384,38.233,37.3247,37.8808,706730
2000-08-02,38.233,38.233,37.2109,37.9495,1171430
2000-08-03,38.2772,40.1381,37.9976,39.7457,1790241
2000-08-04,40.9524,41.741,40.5786,41.537,1694475
2000-08-07,41.5586,41.6282,39.6015,41.0465,1220617
2000-08-08,40.9524,41.1368,40.3274,41.072,1014436
2000-08-09,41.1132,41.1593,39.8841,40.5551,822376
2000-08-10,40.9318,42.0952,40.5786,41.2976,1262225
2000-08-11,41.6753,42.3002,41.1368,41.4909,1076448
2000-08-14,41.5792,42.208,41.1132,42.0501,1061796
2000-08-15,41.9569,41.9569,41.1849,41.4909,786013
2000-08-16,41.5792,41.9088,40.6747,40.6747,826307
2000-08-17,40.9318,42.0011,40.9318,41.6282,956087
2000-08-18,41.8587,41.8587,41.0229,41.1132,588724
2000-08-21,41.1368,41.5105,40.5786,40.7385,1239460
2000-08-22,41.0229,42.2767,41.0014,42.0756,1300428
2000-08-23,42.1619,42.8574,41.7616,42.7652,1435443
2000-08-24,42.6289,43.345,42.4679,42.6063,1324237
2000-08-25,43.0722,43.2587,42.0011,42.0952,677420
2000-08-28,42.1855,42.3218,41.5792,41.8127,758270
2000-08-29,41.7882,42.0952,41.1593,41.8794,619338
2000-08-30,41.9088,43.1389,41.8587,42.3218,747549
2000-08-31,42.0501,44.7487,42.0501,43.8129,1251752
2000-09-01,44.3691,44.6242,43.9071,44.1622,1168028
2000-09-05,44.4407,44.7487,43.8826,44.1425,789678
2000-09-06,44.0424,45.5787,44.0424,44.5094,1393312
2000-09-07,44.3691,44.79,44.1425,44.79,597092
2000-09-08,44.6526,45.6699,44.5329,45.6032,1169596
2000-09-11,44.9322,46.1398,44.9322,46.0231,1921065
2000-09-12,45.718,46.2281,45.1342,45.6925,1169075
2000-09-13,45.768,46.1143,45.0685,45.768,1053941
2000-09-14,45.8396,45.9544,45.51,45.6474,616721
2000-09-15,45.9544,45.9544,44.836,45.0901,1319785
2000-09-18,44.6526,44.7007,42.7887,43.185,1739481
2000-09-19,43.345,45.4874,43.3037,45.3501,1398543
2000-09-20,44.9322,45.0195,43.9493,44.8616,1406916
2000-09-21,43.9493,44.4407,43.9493,44.3917,1220094
2000-09-22,43.9071,44.4643,43.4156,44.1886,1899353
2000-09-26,46.5872,46.6951,45.3236,46.5351,1427064
2000-09-27,46.0437,46.2124,45.3972,45.6699,1254114
2000-09-28,46.5744,50.1118,46.5047,48.6658,2357512
2000-09-29,49.0877,49.4085,48.2931,48.4736,1099738
2000-10-02,48.3853,49.4016,47.7693,49.1122,1113862
2000-10-03,48.7453,50.0412,48.3628,49.0485,1328419
2000-10-04,48.7227,48.7227,47.2296,47.5044,1401158
2000-10-05,47.5828,48.3628,47.2777,47.3926,1155471
2000-10-06,48.0233,48.0233,45.9681,46.595,1026468
2000-10-09,46.2732,46.4733,45.611,45.9387,775288
2000-10-10,45.611,45.611,44.4476,44.4476,1216432
2000-10-11,44.0032,45.6768,44.0032,44.9528,1845976
2000-10-12,45.3099,45.456,39.6858,39.9085,3291093
2000-10-13,38.8472,42.257,38.8472,41.9647,3099558
2000-10-16,42.4758,42.8496,41.5654,42.2767,1641888
2000-10-17,42.8496,42.8898,41.5449,42.6906,1375777
2000-10-18,39.3111,41.7616,39.1189,40.8993,2408272
2000-10-19,40.7091,42.263,40.7091,40.9867,2113646
2000-10-20,40.5178,41.484,39.9704,41.0229,1852776
2000-10-23,41.1014,41.6371,40.5786,41.3575,1319527
2000-10-24,42.2933,44.0581,42.2933,43.1125,1876588
2000-10-25,43.5912,44.7615,43.5019,44.2887,1496673
2000-10-26,44.7173,44.7173,43.0977,43.551,2166501
2000-10-27,43.9277,45.0441,43.4469,44.5329,1166721
2000-10-30,44.9901,46.3821,44.4564,46.2664,1672232
2000-10-31,46.2664,46.7647,45.0519,46.4812,1174829
2000-11-01,46.4341,46.7647,45.6925,46.6097,2173568
2000-11-02,46.5744,47.5828,46.5744,47.3131,994027
2000-11-03,46.6715,47.6956,46.6175,47.1002,992191
2000-11-06,47.1179,48.2548,47.1179,47.4495,848551
2000-11-07,47.5446,48.0233,46.8079,47.6397,893025
2000-11-08,47.2042,48.1764,46.491,47.7917,1226899
2000-11-09,47.5044,49.9382,47.3984,49.8745,2624390
2000-11-10,49.7459,50.2943,48.0468,48.144,1478609
2000-11-13,47.5044,48.6051,46.5205,47.1002,1248092
2000-11-14,47.4259,47.8546,46.5744,46.9168,1332345
2000-11-15,46.5744,47.1405,45.8691,46.3429,2174871
2000-11-16,46.2438,47.9733,46.2045,47.9262,1302253
2000-11-17,47.9262,48.4736,46.6862,47.0149,1603681
2000-11-20,46.9501,46.9501,44.5261,44.6163,2219096
2000-11-21,44.6163,46.2045,43.8904,45.0843,2554011
2000-11-22,45.4188,45.9995,44.2622,45.1814,1239460
2000-11-24,45.2756,46.3429,45.2756,45.6837,424139
2000-11-27,46.9501,47.1345,46.4665,46.595,825259
2000-11-28,46.8333,48.3628,46.8333,47.8242,1201259
2000-11-29,48.1616,49.9137,47.8781,48.2715,1634036
2000-11-30,48.2715,49.4614,45.0519,48.0586,2930012
2000-12-01,47.5956,48.5785,46.7647,47.726,2007415
2000-12-04,46.9501,47.2454,46.1693,46.2202,1755964
2000-12-05,46.8559,49.6448,46.3909,49.6448,1698138
2000-12-06,49.5547,50.9751,47.7202,48.3362,2527064
2000-12-07,47.4122,48.7875,46.8,48.5472,2195811
2000-12-08,49.0877,49.7459,48.5138,48.9876,1344641
2000-12-11,48.3215,49.7381,48.3215,49.5477,1288915
2000-12-12,49.5547,49.5547,48.555,48.817,1192098
2000-12-13,48.9053,49.7459,48.4029,48.4736,1248362
2000-12-14,47.4259,47.5956,45.5699,47.2532,2415598
2000-12-15,46.2281,47.0384,45.5865,46.082,2375038
2000-12-18,46.5744,48.0586,46.4812,46.7578,2432338
2000-12-19,46.6862,47.936,45.3413,45.6925,2395971
2000-12-20,44.7173,45.7906,43.9669,44.4946,2204702
2000-12-21,45.0843,45.9387,44.5811,45.5315,1602111
2000-12-22,46.2045,46.4812,44.3456,45.456,1509225
2000-12-26,45.4492,45.456,44.7654,45.0901,958441
2000-12-27,45.7906,47.0384,44.8459,46.0153,2320877
2000-12-28,46.1143,47.7693,46.1143,47.3386,1424185
2000-12-29,47.8546,48.0527,46.3154,46.3507,1165409
2001-01-02,45.618,46.2202,44.0336,45.1342,1802805
2001-01-03,45.0441,47.0237,42.9202,46.8333,3399682
2001-01-04,45.8995,47.7114,45.2677,45.9622,2542241
2001-01-05,45.4119,45.4119,43.1389,43.1772,2438364
2001-01-08,43.1066,43.242,41.8421,42.6681,2684843
2001-01-09,42.6681,43.2871,41.5792,42.102,1950111
2001-01-10,41.7038,42.6906,41.537,42.1531,2043784
2001-01-11,42.882,43.7128,42.3002,42.8976,2019188
2001-01-12,43.2498,43.7531,41.9853,42.1697,3328771
2001-01-16,42.882,44.0208,42.3512,42.8358,2018930
2001-01-17,39.1826,41.4232,39.1826,41.0465,6297768
2001-01-18,41.3124,41.3124,38.1742,38.3802,3776986
2001-01-19,37.6905,37.9741,36.4388,36.7566,6631116
2001-01-22,36.8499,38.233,36.6831,37.4002,5105671
2001-01-23,37.8043,39.9085,37.8043,39.3278,2439931
2001-01-24,39.3278,41.1416,38.7156,40.302,3329032
2001-01-25,39.7457,41.175,39.5623,40.811,2607651
2001-01-26,40.1156,41.2898,39.9301,40.8993,2034100
2001-01-29,41.8715,42.4307,40.9524,41.6204,2366407
2001-01-30,41.33,42.4307,41.0465,42.3002,1638742
2001-01-31,42.3002,42.6357,41.5497,42.1364,3141689
2001-02-01,41.4684,42.3512,40.8562,41.3575,1988579
2001-02-02,41.3124,42.1697,41.0465,41.33,1866904
2001-02-05,41.4977,42.1443,41.2398,42.0079,1141861
2001-02-06,41.9156,41.9156,40.6826,40.8651,1410058
2001-02-07,41.795,41.9402,40.2117,40.4197,2186391
2001-02-08,40.4893,40.9768,40.4059,40.5629,1805682
2001-02-09,40.5629,41.0465,40.2381,40.302,1523352
2001-02-12,40.2117,40.8258,40.1156,40.4608,1362962
2001-02-13,40.5491,40.6669,39.6496,39.8536,1881558
2001-02-14,40.0214,40.2117,39.2287,39.3857,1290486
2001-02-15,39.2935,39.6594,38.8069,39.3366,2142170
2001-02-16,39.1826,39.8536,38.6607,39.1424,1968169
2001-02-20,38.6235,38.9423,37.1707,37.3551,2400420
2001-02-21,36.944,37.6719,36.2024,36.2024,2607651
2001-02-22,36.5752,36.7566,34.1845,36.5203,4170515
2001-02-23,36.1082,37.2403,35.6403,36.4231,3012690
2001-02-26,36.4231,37.7778,35.7119,37.7072,2761767
2001-02-27,37.7072,39.1826,37.5071,38.2841,3289785
2001-02-28,38.2841,38.6087,37.2177,37.4835,3439451
2001-03-01,37.5778,38.9982,37.0167,38.1742,3951512
2001-03-02,38.9982,39.4642,38.2684,38.5626,9385298
2001-03-05,38.2124,38.8668,37.5071,38.7667,2869832
2001-03-06,38.701,39.1424,37.41,38.0437,1972090
2001-03-07,37.8043,38.6764,37.5375,38.5852,1980989
2001-03-08,38.0634,38.5705,37.4384,38.4096,2365099
2001-03-09,37.875,37.875,36.4986,37.3168,2216215
2001-03-12,36.3789,36.3789,34.7653,34.832,3635953
2001-03-13,34.8918,36.0837,34.5573,35.9248,3930844
2001-03-14,34.3356,34.8918,32.9122,33.7078,4274916
2001-03-15,33.8323,34.7329,33.5096,34.6554,2626226
2001-03-16,33.9628,34.7996,33.388,33.6234,3270424
2001-03-19,33.6234,34.0452,32.1863,33.6145,2583580
2001-03-20,33.587,33.8834,32.301,32.4314,3453056
2001-03-21,32.6463,32.6551,29.8956,30.1615,5151723
2001-03-22,30.5048,30.7883,28.9323,30.6059,4684406
2001-03-23,31.3465,33.488,31.2543,32.8367,5048107
2001-03-26,33.1192,33.9402,33.1034,33.4096,2892595
2001-03-27,33.1358,35.3205,32.9661,34.6888,5217918
2001-03-28,34.1678,35.193,33.7146,34.6171,3316208
2001-03-29,34.1207,34.7407,34.0285,34.3159,2318264
2001-03-30,34.9654,35.4009,34.4581,34.9231,2614719
2001-04-02,34.5867,35.8777,33.9628,34.3807,2704724
2001-04-03,34.3807,34.4867,33.281,33.6645,3736953
2001-04-04,33.6557,34.0285,32.87,33.4635,4721298
2001-04-05,33.747,34.3071,33.1663,34.0285,4015355
2001-04-06,34.213,34.3287,33.3565,33.5478,4038120
2001-04-09,33.4723,34.3071,33.3732,34.2895,2984174
2001-04-10,34.5867,35.7482,34.52,34.8554,3036768
2001-04-11,35.7119,35.9003,35.2361,35.2743,2782175
2001-04-12,35.1557,35.8777,35.0222,35.5334,2283985
2001-04-16,35.5265,35.7874,34.52,34.6249,2276136
2001-04-17,35.3597,37.0167,35.0762,37.0167,5032929
2001-04-18,37.1186,39.525,36.5143,39.0875,5916018
2001-04-19,39.6918,40.762,39.1267,40.247,3565310
2001-04-20,40.1508,40.1508,38.854,39.1345,2441765
2001-04-23,38.7569,38.7569,37.5699,38.0516,1659677
2001-04-24,38.2929,38.5372,37.8043,37.8043,1337056
2001-04-25,37.8043,38.5166,37.4914,38.5166,1251230
2001-04-26,38.1427,38.701,37.9583,37.9583,1364525
2001-04-27,38.1427,39.0728,38.1339,39.0728,1466841
2001-04-30,38.4018,39.2405,38.3331,38.8069,1709913
2001-05-01,38.7156,38.9579,37.9652,38.8736,1131923
2001-05-02,39.6408,40.0056,39.1189,39.4357,1789456
2001-05-03,39.3445,39.3445,38.854,39.2287,979110
2001-05-04,38.854,40.0851,38.4381,40.0126,2315908
2001-05-07,39.7849,40.0783,39.2661,39.8232,1205181
2001-05-08,39.4877,39.5466,38.4243,38.8236,2336317
2001-05-09,38.5166,39.2405,38.4381,39.2287,1333915
2001-05-10,39.73,39.8634,39.4161,39.6093,1541405
2001-05-11,39.8536,40.0518,39.2405,39.3582,1014436
2001-05-14,39.3582,39.7849,39.1748,39.2503,1193408
2001-05-15,39.2503,40.0056,39.2503,39.7379,1506608
2001-05-16,39.6496,41.6685,39.373,41.5037,2005063
2001-05-17,41.1299,42.3218,41.1299,41.7882,1968953
2001-05-18,41.7882,42.1443,41.43,41.5193,1650514
2001-05-21,41.8273,42.5356,41.3379,42.3699,1331827
2001-05-22,42.6151,43.2793,42.3699,42.882,2196334
2001-05-23,42.5356,42.6289,41.6597,42.0756,2577300
2001-05-24,41.9941,42.4228,41.4232,41.948,1309317
2001-05-25,42.0412,42.0501,41.4536,41.7882,719025
2001-05-29,42.3434,42.3434,41.1672,41.5723,1193668
2001-05-30,41.1299,41.7882,40.451,40.5786,1882345
2001-05-31,40.762,41.1917,40.2381,41.1064,1417256
2001-06-01,40.8651,40.9072,40.3098,40.6522,1076574
2001-06-04,40.8326,41.1416,40.2381,41.0229,720204
2001-06-05,40.762,41.3212,40.762,41.122,871046
2001-06-06,40.5551,40.657,40.0126,40.4363,907028
2001-06-07,40.4442,40.5697,39.9449,40.4804,859536
2001-06-08,39.8634,40.2381,39.6408,40.1067,505122
2001-06-11,40.196,40.5697,39.8634,40.0783,714314
2001-06-12,39.7781,40.1656,39.3504,39.9782,777770
2001-06-13,39.7849,40.4608,39.5162,39.6172,675593
2001-06-14,39.1189,39.1267,38.1427,38.6166,1537747
2001-06-15,38.3115,38.5166,37.6101,38.233,2484670
2001-06-18,38.1427,38.2124,37.4669,37.9495,1310235
2001-06-19,38.5166,38.7382,37.6905,37.8201,1169335
2001-06-20,37.9583,38.4018,37.2923,37.5307,2543414
2001-06-21,37.7151,38.8913,37.5444,38.2202,2416770
2001-06-22,38.8913,38.8913,37.4002,37.7837,1445381
2001-06-25,37.5444,37.6483,36.4634,36.4634,1734378
2001-06-26,36.123,36.2671,35.6275,35.9003,3619994
2001-06-27,35.9003,36.3789,35.7119,35.8336,2338412
2001-06-28,35.7482,36.635,35.7482,35.9336,1899611
2001-06-29,36.5329,37.4669,35.7119,37.0853,3075619
2001-07-02,36.7193,38.1497,36.6831,38.028,1941998
2001-07-03,38.1497,38.6019,38.0349,38.2202,1104576
2001-07-05,38.2202,38.7432,38.0702,38.2202,1418033
2001-07-06,38.0349,38.0702,37.3011,37.3943,1692122
2001-07-09,38.2202,38.387,37.4993,38.028,1698138
2001-07-10,38.7833,38.7833,36.3731,36.4986,2092058
2001-07-11,36.6831,37.0568,35.7874,36.7193,2525886
2001-07-12,36.7272,37.7778,36.7272,37.4669,1556714
2001-07-13,37.4002,38.9835,37.4002,38.4705,1276875
2001-07-16,38.3704,38.3802,36.123,36.3397,3700970
2001-07-17,37.4669,39.3111,36.477,38.9904,3550920
2001-07-18,38.9668,38.9757,37.8583,38.4625,1070431
2001-07-19,38.7833,39.6496,38.6676,39.4524,2187955
2001-07-20,38.7833,39.373,38.4096,38.6166,1237627
2001-07-23,38.6019,39.4445,38.3017,38.9904,1901706
2001-07-24,39.006,39.0306,38.4479,38.647,993634
2001-07-25,38.4174,40.5413,38.3704,40.4962,2039077
2001-07-26,40.3795,40.3795,39.2719,39.7124,1509225
2001-07-27,39.5318,40.4678,39.5093,40.3186,989448
2001-07-30,40.3186,40.451,39.6496,40.1656,867123
2001-07-31,39.7938,40.8474,39.7938,40.297,1018097
2001-08-01,40.144,40.7307,39.8104,40.3873,821597
2001-08-02,40.9151,41.2065,40.6208,41.1416,1040994
2001-08-03,40.9524,41.0014,40.2696,40.8945,628493
2001-08-06,40.6943,41.1849,39.9243,40.2617,737869
2001-08-07,39.8291,40.4442,39.6496,40.0606,1090183
2001-08-08,39.8703,40.3647,39.2857,39.3582,994420
2001-08-09,39.3582,39.5318,38.5372,39.2857,1362702
2001-08-10,39.1954,39.2787,38.2272,39.214,940516
2001-08-13,39.4956,40.1312,39.0453,39.9782,700449
2001-08-14,40.0518,40.0851,38.6019,38.7432,1821116
2001-08-15,38.9757,39.1591,37.9417,38.4705,1312720
2001-08-16,38.4783,38.7833,37.5532,38.6676,1503204
2001-08-17,38.647,38.8991,37.4002,37.7778,1515900
2001-08-20,37.6984,38.6676,37.5856,38.6676,1047933
2001-08-21,38.6323,39.5034,37.7622,37.8201,2009251
2001-08-22,37.9976,38.3625,37.7622,38.3409,2005063
2001-08-23,38.3409,38.4783,37.8583,38.1094,1050280
2001-08-24,38.1094,38.3625,37.5944,37.9652,1477042
2001-08-27,37.7837,37.8808,37.1314,37.2678,1255028
2001-08-28,37.2756,37.7975,37.0039,37.0167,1122238
2001-08-29,37.1707,37.3315,36.3878,36.585,1937817
2001-08-30,36.5329,37.1707,35.5981,35.9866,2237150
2001-08-31,35.9866,36.842,35.9866,36.3878,1139248
2001-09-04,35.449,36.6007,35.2587,35.9169,1633904
2001-09-05,35.5981,35.8266,34.3287,35.038,3007066
2001-09-06,34.8476,34.8476,33.5782,33.7214,1693563
2001-09-07,32.8974,33.7989,32.7532,33.4026,1947628
2001-09-10,33.4026,34.1531,32.5718,33.9687,1395403
2001-09-17,29.978,33.9687,29.978,32.0439,2723043
2001-09-18,31.8507,32.1656,31.4692,32.0195,2223411
2001-09-19,32.0744,32.3795,29.4503,30.8953,2562516
2001-09-20,29.2306,30.4293,28.8754,28.9755,2382760
2001-09-21,27.3568,30.4293,27.1646,30.1615,3366452
2001-09-24,31.4387,32.2255,31.3259,32.0744,2014744
2001-09-25,32.5247,32.5247,31.3102,32.0655,2205619
2001-09-26,32.2255,32.6767,31.4387,32.1764,1546509
2001-09-27,32.3727,32.5639,31.7143,32.25,1203479
2001-09-28,32.25,34.4493,32.25,34.1845,2349398
2001-10-01,34.1757,34.1845,33.3801,33.6645,1479397
2001-10-02,33.9559,34.8153,33.5017,34.6956,1314290
2001-10-03,34.7024,35.3058,34.4955,35.0066,2175397
2001-10-04,35.0066,35.2822,33.541,34.0109,1576994
2001-10-05,34.005,34.005,32.301,33.0367,1748244
2001-10-08,32.3795,32.5982,31.5535,31.6997,1942524
2001-10-09,32.0655,32.4756,31.9361,32.1558,1398810
2001-10-10,32.0195,33.0799,31.8114,32.7532,1611140
2001-10-11,33.2055,34.2895,33.1663,33.592,2880689
2001-10-12,33.3213,33.747,32.4854,33.1192,1512231
2001-10-15,33.0888,33.1034,32.1116,32.4462,1550564
2001-10-16,32.8278,33.2408,31.4309,32.0587,2694259
2001-10-17,33.4252,34.3287,33.2055,33.2133,3626017
2001-10-18,33.2133,33.3213,32.4109,33.0515,1822030
2001-10-19,33.0436,33.0515,32.2255,32.6375,1438447
2001-10-22,32.7896,33.8245,32.7896,33.4566,1383502
2001-10-23,33.5096,34.0756,33.4791,33.6145,1564169
2001-10-24,33.9559,34.367,33.747,34.0678,1342158
2001-10-25,34.0678,35.6962,33.5263,35.4323,2367578
2001-10-26,35.4323,35.9798,35.1468,35.5677,1432167
2001-10-29,35.5128,35.5128,34.3228,34.3228,1062318
2001-10-30,34.213,34.8761,33.6312,34.3807,1610878
2001-10-31,34.5642,34.6652,33.9138,34.213,1915184
2001-11-01,34.0187,34.4788,33.5782,34.1992,2199861
2001-11-02,34.3807,34.4023,33.6145,33.9628,2126727
2001-11-05,34.3287,35.8855,34.3287,35.4265,1301339
2001-11-06,35.4265,36.6222,35.4265,36.5409,1465002
2001-11-07,36.432,37.2854,36.432,37.0774,1402860
2001-11-08,37.0853,38.1183,37.0774,37.6483,1850161
2001-11-09,37.3315,37.9064,37.1707,37.6229,1098166
2001-11-12,37.6297,37.6297,36.4466,37.5228,1049889
2001-11-13,37.9348,38.2625,37.8357,38.1663,1034716
2001-11-14,38.3115,38.7765,38.233,38.6235,1218137
2001-11-15,38.387,39.2857,38.387,39.0532,1572412
2001-11-16,39.0532,39.0532,37.9887,38.2625,1385722
2001-11-19,38.6853,39.9243,38.6539,39.9243,1744711
2001-11-20,39.7781,39.7849,38.9982,39.2356,1508831
2001-11-21,39.214,39.4789,39.214,39.3582,697831
2001-11-23,39.3582,40.1381,39.3582,40.1156,326671
2001-11-26,40.1067,40.8993,39.8841,40.8993,1602633
2001-11-27,40.5335,40.6208,39.7379,40.3412,2332782
2001-11-28,40.2696,40.6276,39.5162,39.6996,1496535
2001-11-29,39.7075,39.9243,39.4877,39.8987,1267068
2001-11-30,39.8174,39.8232,39.2661,39.319,1737256
2001-12-03,38.9119,39.0306,38.1016,38.233,2724347
2001-12-04,38.647,39.4259,38.5372,38.9904,2008594
2001-12-05,39.6662,40.4893,39.4524,39.8919,2056218
2001-12-06,39.367,40.8993,39.367,40.451,2440976
2001-12-07,40.451,41.1505,40.2195,40.7876,1690423
2001-12-10,40.7542,40.7542,40.093,40.0989,1267068
2001-12-11,40.0989,40.504,39.8174,40.0341,1018097
2001-12-12,39.6996,39.8841,38.9904,39.7222,1622521
2001-12-13,39.7222,39.7222,38.9276,38.9276,2235842
2001-12-14,38.8403,39.0306,38.1339,38.2566,1773889
2001-12-17,38.387,38.9757,38.2841,38.387,1263531
2001-12-18,38.8736,39.0384,38.5234,38.8403,1120798
2001-12-19,38.7569,39.4789,38.6607,39.1512,1272821
2001-12-20,39.1512,39.214,38.8736,39.0453,1125244
2001-12-21,38.4625,39.1345,38.1663,39.0384,1981118
2001-12-24,39.0384,39.0532,38.8736,38.8913,302603
2001-12-26,38.8403,39.2857,38.8403,38.9835,619338
2001-12-27,38.9904,39.1748,38.9835,39.0953,747810
2001-12-28,39.0953,39.4524,38.9982,39.4083,601020
2001-12-31,39.2219,39.8987,39.1886,39.3366,797916
2002-01-02,38.9668,39.3278,38.4625,39.2287,1159912
2002-01-03,39.373,39.937,39.2356,39.8232,1365055
2002-01-04,40.5335,40.9768,40.4804,40.7708,1517073
2002-01-07,42.1531,42.1923,41.4536,41.5105,2176835
2002-01-08,41.9314,41.9314,40.9867,40.9867,1776505
2002-01-09,40.9524,42.1531,40.9524,41.3437,1914135
2002-01-10,41.7038,42.6828,41.6204,41.9716,2038423
2002-01-11,42.1531,42.4542,41.902,41.9647,1604858
2002-01-14,41.7784,41.8215,41.1672,41.2898,1554097
2002-01-15,41.587,42.0814,41.5654,41.7352,1517470
2002-01-16,41.7352,41.7352,41.1505,41.2398,1791682
2002-01-17,41.4056,41.6891,41.1299,41.33,2015525
2002-01-18,41.2153,41.3899,40.8032,40.8032,1637826
2002-01-22,41.175,41.437,40.9524,41.4056,2034755
2002-01-23,41.3653,41.3731,40.8807,41.0229,1768001
2002-01-24,41.0229,41.6282,40.9524,41.0946,1628540
2002-01-25,40.9151,41.5497,40.9151,41.1849,2561864
2002-01-28,41.1917,41.2702,40.7708,40.8474,1332478
2002-01-29,40.8729,41.0014,38.6539,39.006,2235446
2002-01-30,38.8824,39.8703,38.3193,39.7555,2508091
2002-01-31,39.6496,40.5855,39.525,40.4893,1313114
2002-02-01,40.3098,40.3873,39.5397,39.9517,1068462
2002-02-04,39.9517,39.9615,38.1251,38.1663,1914396
2002-02-05,38.0516,38.3193,37.4914,37.9132,2449615
2002-02-06,38.0221,38.3409,37.4178,38.1585,2437707
2002-02-07,38.0221,39.2581,38.0221,38.6235,1742489
2002-02-08,38.4705,39.319,38.4332,39.1267,1243514
2002-02-11,38.9982,39.3111,38.7156,39.1826,1263403
2002-02-12,39.1424,39.1424,38.7156,39.0532,1019146
2002-02-13,39.061,39.5162,38.7667,39.1345,1479921
2002-02-14,39.1345,39.2356,38.4949,38.9668,1629324
2002-02-15,39.0669,39.525,38.545,39.167,2103708
2002-02-19,38.9579,38.9579,37.3011,37.5532,2131703
2002-02-20,37.561,38.2272,36.8959,37.8436,2555974
2002-02-21,37.6356,38.1663,36.6664,36.8499,2320223
2002-02-22,36.8116,36.9646,36.2229,36.8499,2153816
2002-02-25,36.7743,37.7366,36.3613,37.103,2925041
2002-02-26,37.4178,37.4512,36.5271,37.1402,2029264
2002-02-27,37.7151,39.0238,37.561,38.2272,2631724
2002-02-28,38.2202,38.9982,38.0516,38.1663,1956916
2002-03-01,38.3193,38.6922,37.8436,38.387,1809997
2002-03-04,38.4705,39.9517,38.4705,39.9155,2166634
2002-03-05,39.9155,41.3379,39.7457,40.657,2907374
2002-03-06,40.6669,41.741,40.6276,41.4909,2436008
2002-03-07,42.1158,42.7338,42.102,42.1227,3747810
2002-03-08,42.8358,43.1615,42.4601,42.5229,2224200
2002-03-11,42.5278,43.2793,42.4228,42.8976,1515373
2002-03-12,41.896,42.3287,41.3653,42.0814,2589334
2002-03-13,42.0814,42.3218,41.2898,41.4232,2258077
2002-03-14,41.2309,41.8794,41.1014,41.6685,2684442
2002-03-15,41.8587,43.6608,41.8421,43.2234,2504039
2002-03-18,43.3596,43.4784,42.2326,42.6985,1915445
2002-03-19,42.7975,43.9375,42.7975,43.3518,1882864
2002-03-20,42.8358,43.0634,42.2326,42.2326,1448390
2002-03-21,42.2404,42.5072,41.5497,42.0952,898259
2002-03-22,42.1531,42.3287,41.6821,42.1697,1182161
2002-03-25,42.1776,42.3081,41.2898,41.2976,1186473
2002-03-26,41.33,42.0854,41.3045,41.6597,1016923
2002-03-27,41.5193,42.3777,41.2614,42.1619,1456112
2002-03-28,41.9775,42.5072,41.7538,41.7695,1114646
2002-04-01,41.5193,41.5281,40.6276,41.4909,907288
2002-04-02,41.3437,41.8127,41.2614,41.4536,1329334
2002-04-03,41.747,41.747,40.4197,40.5178,2508353
2002-04-04,40.5786,40.811,40.4804,40.7797,1785272
2002-04-05,40.9602,41.6204,40.9318,41.0141,1395667
2002-04-08,40.7307,41.3379,40.657,41.072,1132311
2002-04-09,41.2614,41.6371,41.0318,41.3437,1021896
2002-04-10,41.3437,42.0011,41.3437,41.7038,1325546
2002-04-11,41.3437,41.4056,40.2029,40.2029,1768393
2002-04-12,40.504,41.072,40.504,40.817,2283855
2002-04-15,41.2614,41.2614,40.1508,40.2529,1273867
2002-04-16,40.3971,41.1064,40.3971,40.9151,1946584
2002-04-17,41.2221,41.5586,40.5551,41.4144,1742100
2002-04-18,41.1849,41.4909,40.4285,41.072,1879336
2002-04-19,41.1416,41.5792,40.811,41.4536,1219050
2002-04-22,41.1064,41.4536,40.3186,40.3873,1458855
2002-04-23,40.3873,40.5786,39.9085,40.1156,1409143
2002-04-24,40.1156,40.5786,39.6996,39.839,1253852
2002-04-25,39.6594,39.6662,39.0453,39.4083,2381843
2002-04-26,39.678,39.7624,39.0306,39.1345,1418301
2002-04-29,39.0953,39.4593,38.1585,38.1585,1573854
2002-04-30,38.1016,38.9982,38.0221,38.5528,1995120
2002-05-01,38.2036,38.6019,37.7151,38.4625,1985304
2002-05-02,38.4332,38.5283,38.1585,38.3802,2282544
2002-05-03,38.3802,38.3802,36.7341,37.4002,2836994
2002-05-06,37.3403,37.4835,35.0605,35.1203,3972049
2002-05-07,35.7874,35.862,35.3382,35.5265,2453401
2002-05-08,36.0925,36.8116,36.0925,36.6909,2142037
2002-05-09,36.5065,36.5065,36.018,36.0258,1295324
2002-05-10,35.862,36.0258,35.0301,35.0762,2072171
2002-05-13,35.2587,35.2969,34.6387,34.8554,2344821
2002-05-14,35.5265,35.7561,34.8624,35.1557,3244779
2002-05-15,35.2214,36.5329,35.2214,36.2093,4609442
2002-05-16,36.322,36.6743,36.1318,36.5409,2128691
2002-05-17,36.585,37.2756,36.585,37.1402,2420306
2002-05-20,37.0245,37.0245,35.8933,35.9169,2437048
2002-05-21,36.2858,36.5065,35.9169,36.0092,1883521
2002-05-22,36.0092,36.0553,34.8849,35.1115,3445861
2002-05-23,35.2969,35.7207,35.1704,35.6962,1567966
2002-05-24,35.7874,35.9934,35.4892,35.498,1764339
2002-05-28,35.6403,35.6795,34.3591,34.8849,1673146
2002-05-29,34.8849,35.4167,34.8849,35.0929,1162138
2002-05-30,34.9654,35.1115,34.723,34.8476,1893204
2002-05-31,35.038,35.5216,34.9153,35.0448,1831714
2002-06-03,35.193,35.3686,34.3512,34.3512,1773629
2002-06-04,34.051,34.3591,33.433,33.5017,2430114
2002-06-05,33.5646,33.9491,33.5017,33.7382,1523883
2002-06-06,33.7931,33.7989,33.2251,33.3477,2097817
2002-06-07,33.2251,33.9491,33.1898,33.7774,2133404
2002-06-10,33.7078,34.3356,33.5646,34.0364,1235927
2002-06-11,34.0913,34.4661,33.1427,33.2466,1663735
2002-06-12,33.3045,33.8245,32.9995,33.7705,1820070
2002-06-13,33.847,33.847,32.6463,32.7307,1477824
2002-06-14,32.5393,33.073,31.9782,32.6375,2096375
2002-06-17,32.7768,33.7989,32.7768,33.7705,2755750
2002-06-18,33.6145,34.0187,33.1495,33.9491,1626054
2002-06-19,33.7538,34.051,33.433,33.5017,1754135
2002-06-20,33.5017,33.6813,32.7228,32.921,1569409
2002-06-21,32.5924,33.1761,32.3727,32.5639,3675859
2002-06-24,32.5718,33.2624,32.096,32.8455,2301514
2002-06-25,33.1495,33.6391,32.5639,32.6188,1830797
2002-06-26,32.0587,32.3873,31.1179,32.25,2939039
2002-06-27,32.6375,33.587,32.4688,33.587,2655796
2002-06-28,33.3565,33.897,33.3281,33.8177,2555585
2002-07-01,33.6312,33.9687,33.281,33.3565,2795126
2002-07-02,33.2055,33.5478,32.8367,32.8455,2257949
2002-07-03,32.77,32.7896,31.2072,32.096,2296284
2002-07-05,32.4462,33.9491,32.4314,33.9491,868044
2002-07-08,33.6479,33.9981,33.2251,33.3732,1562867
2002-07-09,33.4026,33.6645,32.1558,32.301,1335229
2002-07-10,32.5247,32.921,30.9267,30.9502,1670142
2002-07-11,30.8432,31.684,30.2537,31.6212,2349923
2002-07-12,31.6212,31.8429,31.1277,31.5378,2673461
2002-07-15,31.1562,31.4916,30.4047,31.4916,3477259
2002-07-16,31.4309,32.3383,31.3917,31.9194,2948194
2002-07-17,33.129,33.5096,31.4387,32.2107,3521092
2002-07-18,32.3383,32.4178,30.8629,30.9031,2149624
2002-07-19,30.2939,30.9031,29.3541,29.6503,3264930
2002-07-22,29.5728,29.8809,27.9984,28.7234,2900573
2002-07-23,28.8185,28.8185,26.9419,27.3254,3733942
2002-07-24,26.7761,29.6896,26.3631,29.4905,4299118
2002-07-25,28.9686,29.7642,27.759,29.1521,2820901
2002-07-26,29.2727,29.6425,28.4438,29.208,1921857
2002-07-29,29.5935,31.4574,29.5935,31.4309,2015525
2002-07-30,31.011,31.9057,30.2615,31.6692,2130130
2002-07-31,31.3749,32.2255,31.0483,32.148,2219224
2002-08-01,32.0744,32.1401,31.0855,31.4387,1415945
2002-08-02,31.3534,31.4916,30.3832,30.651,1464610
2002-08-05,30.6588,30.6746,29.1521,29.2805,1428509
2002-08-06,29.7278,31.3465,29.6896,30.703,1757275
2002-08-07,31.318,31.529,30.3017,30.8502,1999307
2002-08-08,30.8502,33.0888,30.8276,33.0515,1999307
2002-08-09,32.9043,33.388,32.0038,33.1583,1639785
2002-08-12,32.7896,33.388,32.3078,33.0652,1753609
2002-08-13,32.8278,33.5096,31.8184,31.8507,2077411
2002-08-14,31.9057,33.2722,31.2367,33.2624,2364701
2002-08-15,33.2624,34.0364,33.2408,34.0364,2697665
2002-08-16,33.6645,33.9226,33.2055,33.3213,1792461
2002-08-19,33.5096,34.0991,33.3213,34.0756,1915704
2002-08-20,33.9226,33.9922,33.1495,33.2055,1602111
2002-08-21,33.3948,33.7078,32.921,33.6479,2458767
2002-08-22,33.8177,33.9324,33.3134,33.7989,1636913
2002-08-23,33.6999,33.6999,33.1663,33.4096,1289960
2002-08-26,33.5646,34.0834,33.1583,33.9628,1134793
2002-08-27,34.0364,34.1845,33.3565,33.5646,2129605
2002-08-28,33.3213,33.3281,32.4374,32.7376,1389256
2002-08-29,32.4109,32.8278,32.1254,32.7307,1408356
2002-08-30,32.6767,33.3045,32.5482,32.77,1084427
2002-09-03,32.148,32.148,30.4617,30.4685,2666132
2002-09-04,30.5578,31.1179,30.1095,30.9806,2650432
2002-09-05,30.6059,31.1562,29.9701,30.6441,2096116
2002-09-06,31.3917,31.8036,31.1788,31.5142,1325804
2002-09-09,31.164,32.0038,30.7511,31.9282,1424449
2002-09-10,31.8507,31.8684,31.0699,31.4692,1352232
2002-09-11,31.9566,31.9871,31.3034,31.478,1389648
2002-09-12,31.164,31.164,30.0242,30.2144,1510794
2002-09-13,30.1095,30.8502,29.9701,30.7707,1709913
2002-09-16,30.6372,30.7108,30.084,30.651,1363481
2002-09-17,31.164,31.3465,30.237,30.3243,1941739
2002-09-18,29.8809,31.011,29.7044,30.5431,3361480
2002-09-19,29.9525,29.9525,28.8185,28.8754,2181024
2002-09-20,28.8822,29.5935,28.8754,29.4963,2603466
2002-09-23,29.3119,29.7112,28.6341,29.5121,1973006
2002-09-24,28.7763,29.7406,28.2594,28.3741,2668227
2002-09-25,29.0098,29.6503,28.2495,29.4355,1856046
2002-09-26,29.7642,30.4773,29.4817,30.4459,1568621
2002-09-27,30.2783,30.6225,29.2306,29.26,1209889
2002-09-30,29.2658,29.8073,28.1671,29.3119,1971567
2002-10-01,29.5856,30.1536,28.9921,30.0172,3027738
2002-10-02,30.0242,30.0242,28.2368,28.4634,3046447
2002-10-03,27.8827,28.0053,26.6378,26.6466,5365361
2002-10-04,26.6466,26.7839,25.3163,25.7657,4930624
2002-10-07,25.6813,25.9962,24.5061,24.5904,2816188
2002-10-08,24.8111,26.0198,24.8111,25.7,3406089
2002-10-09,25.7,25.7,24.4226,24.5669,2944534
2002-10-10,24.5669,26.3925,24.3609,26.0198,2467138
2002-10-11,26.7457,28.8323,26.728,27.8395,4134144
2002-10-14,27.8453,28.5732,27.3098,28.3251,2306488
2002-10-15,30.0114,30.4773,29.4729,29.8171,5218180
2002-10-16,29.8171,30.134,29.2727,29.6072,2830583
2002-10-17,30.497,31.1013,30.4832,30.9502,2064326
2002-10-18,30.9502,31.529,30.4224,30.6746,2122283
2002-10-21,30.6804,31.5221,30.0761,31.3671,2573508
2002-10-22,31.3749,31.4142,30.6294,30.8128,1339153
2002-10-23,30.7295,31.1414,29.9701,31.0483,1939121
2002-10-24,31.2072,31.4073,30.3174,30.5578,1946447
2002-10-25,30.5578,31.9498,30.2076,31.9361,1908116
2002-10-28,32.3157,32.5169,31.4574,31.6761,1894776
2002-10-29,31.6359,31.6604,30.5362,31.2151,1544807
2002-10-30,31.2219,32.1322,31.2003,31.8851,1595706
2002-10-31,31.9566,32.1254,31.2543,31.3828,1589944
2002-11-01,31.3917,32.5924,31.1414,32.404,1626313
2002-11-04,32.4109,33.7214,32.4109,32.8189,1594783
2002-11-05,32.2412,33.3389,32.2412,33.0799,2525233
2002-11-06,33.2624,33.7989,32.8367,33.7146,2813312
2002-11-07,33.7214,33.7214,32.508,32.5482,2619297
2002-11-08,32.3952,33.0966,32.1951,32.3078,2656450
2002-11-11,32.3157,32.3157,31.2719,31.4574,1816276
2002-11-12,31.6438,32.1401,31.5761,31.6997,2002053
2002-11-13,31.6997,32.25,30.856,31.8036,2211504
2002-11-14,32.2412,32.8072,32.2195,32.8072,1960705
2002-11-15,32.8121,33.388,32.3727,33.3134,1815231
2002-11-18,33.4174,33.5341,32.7768,32.8455,1501510
2002-11-19,32.8533,33.5341,32.761,32.8925,1819805
2002-11-20,32.8925,34.0452,32.8925,33.8177,1447473
2002-11-21,34.1443,36.018,34.106,35.8218,2642717
2002-11-22,35.8266,35.8266,34.7024,34.7094,3762202
2002-11-25,34.7162,34.9722,33.6312,34.4405,2555451
2002-11-26,34.4493,34.4493,33.4174,33.4174,2731022
2002-11-27,33.6087,34.2807,33.587,34.2492,2229823
2002-11-29,34.3287,34.4729,34.005,34.1443,695347
2002-12-02,34.5935,34.8849,33.0073,33.5017,2759017
2002-12-03,33.2251,33.3801,32.5786,32.7532,1791682
2002-12-04,32.761,32.9122,32.1116,32.4109,1970392
2002-12-05,32.508,32.508,31.4485,31.4848,1970656
2002-12-06,31.4073,32.4178,31.318,32.1863,2034100
2002-12-09,32.1951,32.1951,31.164,31.2072,1379177
2002-12-10,31.2151,31.8507,31.1856,31.8429,1934410
2002-12-11,31.9194,32.5924,31.4692,31.5908,1221536
2002-12-12,31.5378,31.8851,31.2072,31.3308,1145919
2002-12-13,31.3376,31.3376,30.703,30.856,1409795
2002-12-16,31.0326,31.6997,31.0257,31.6761,2539489
2002-12-17,31.4848,31.7448,31.2543,31.3828,1488554
2002-12-18,31.1013,31.1013,30.237,30.4832,2095854
2002-12-19,30.2939,31.1013,29.9241,30.3017,2065764
2002-12-20,30.3096,30.7657,30.1998,30.5362,2804810
2002-12-23,30.3449,30.5813,30.0378,30.1693,2268545
2002-12-24,29.9869,30.1409,29.5522,29.7701,993369
2002-12-26,29.8171,30.7441,29.7789,29.9701,1074353
2002-12-27,29.978,30.2449,29.4287,29.4434,1579479
2002-12-30,29.4434,29.9172,29.208,29.8171,1636913
2002-12-31,29.4729,29.7789,28.9254,29.6896,1967645
2003-01-02,29.9947,30.9629,29.6896,30.9629,2159176
2003-01-03,30.5961,31.1356,30.497,30.6657,1445775
2003-01-06,30.651,31.8184,30.6225,31.684,1454013
2003-01-07,31.5535,31.8184,31.0551,31.3376,1610616
2003-01-08,31.3465,31.3465,30.3096,30.4529,2192013
2003-01-09,30.6372,31.0414,30.4901,30.5891,2427371
2003-01-10,29.6896,30.6902,29.6739,30.6225,4125509
2003-01-13,30.8629,31.4073,30.7883,30.805,3046053
2003-01-14,30.651,30.7883,30.3586,30.5304,4214865
2003-01-15,30.4126,30.6294,30.1918,30.5304,13223252
2003-01-16,30.5224,30.9443,30.4773,30.7206,4268506
2003-01-17,30.5304,31.0551,30.3979,30.9187,3541628
2003-01-21,30.9187,31.0188,30.651,30.6746,3520953
2003-01-22,30.6746,30.6746,29.9947,30.4047,6758022
2003-01-23,30.5961,31.0022,30.4293,30.9031,2743583
2003-01-24,30.8276,30.8276,30.183,30.2537,3921291
2003-01-27,29.9172,30.6746,29.9034,30.0761,3823691
2003-01-28,30.3017,30.5961,30.1998,30.5647,2374254
2003-01-29,30.5647,30.6372,29.8426,30.3508,2291440
2003-01-30,30.3508,30.3508,29.4817,29.4817,3042393
2003-01-31,29.4817,30.2615,29.3119,30.1409,2005976
2003-02-03,30.1173,30.5126,29.8426,29.9613,2361173
2003-02-04,29.9701,29.9701,28.9755,29.2658,4085871
2003-02-05,29.5602,29.5602,28.7027,28.7694,3232223
2003-02-06,28.6252,28.6773,28.0445,28.4634,3414462
2003-02-07,28.7694,28.8489,28.1062,28.1749,1972352
2003-02-10,28.2436,28.5507,27.9454,28.5017,1834328
2003-02-11,28.5095,28.8273,27.9219,28.2888,2443987
2003-02-12,28.2888,28.5419,27.7159,27.8238,1736865
2003-02-13,27.7688,27.8601,27.2038,27.656,2042604
2003-02-14,27.656,28.3829,27.3803,28.3829,1643983
2003-02-18,28.5507,28.9597,28.5419,28.7125,1624220
2003-02-19,28.7027,28.7694,28.4359,28.6851,1576211
2003-02-20,28.8323,28.9009,28.2946,28.3103,1770354
2003-02-21,28.3741,28.7763,28.276,28.7184,3009032
2003-02-24,28.5242,28.5507,27.4892,27.5343,2348879
2003-02-25,27.3568,27.7001,26.7839,27.5245,3520828
2003-02-26,27.5245,27.5471,27.1567,27.2567,2302952
2003-02-27,27.4088,28.0121,27.1567,27.8453,2117571
2003-02-28,27.9062,28.4957,27.9062,28.0533,2518299
2003-03-03,28.2436,28.5095,27.5687,27.6168,1763290
2003-03-04,27.5765,27.7864,27.0605,27.0841,2057787
2003-03-05,27.0919,27.455,26.9213,27.4088,1921857
2003-03-06,27.4088,27.4088,26.4916,26.8006,1908900
2003-03-07,26.8006,26.8094,25.8794,26.7192,3144042
2003-03-10,26.5622,26.6309,25.4262,25.5763,2613013
2003-03-11,25.592,25.8971,25.0956,25.2477,2424359
2003-03-12,25.023,25.5234,24.559,25.4978,3577474
2003-03-13,25.9579,26.8977,25.9059,26.8595,3547121
2003-03-14,27.1352,27.4304,26.6632,26.8457,2791463
2003-03-17,26.8457,28.2594,26.623,28.2594,3423750
2003-03-18,28.2819,28.5507,27.9307,28.2368,2387336
2003-03-19,28.2368,28.6252,28.0896,28.5938,1926430
2003-03-20,28.5938,29.5522,28.2053,29.3041,4422358
2003-03-21,27.2117,27.2117,24.7415,25.9629,19343743
2003-03-24,25.9707,25.9707,24.7346,25.0682,3725706
2003-03-25,24.9956,25.3458,24.7582,24.9397,4458854
2003-03-26,25.0113,25.1094,24.7886,24.7886,4293883
2003-03-27,24.7886,24.7886,24.092,24.092,4516427
2003-03-28,24.092,24.613,24.092,24.4158,3141560
2003-03-31,23.6771,24.4649,23.6771,24.1785,2575077
2003-04-01,24.3059,24.7298,24.0009,24.4649,3137629
2003-04-02,24.925,25.4086,24.8415,25.1712,2972263
2003-04-03,25.1712,25.6813,25.0113,25.0328,2649124
2003-04-04,25.2644,25.4507,25.1094,25.3017,2015136
2003-04-07,25.3017,26.3238,25.3017,25.538,2346781
2003-04-08,25.538,25.6303,25.1928,25.4017,2165196
2003-04-09,25.5057,25.6744,24.6954,24.7032,2601897
2003-04-10,24.767,25.2398,24.6571,24.9563,1924602
2003-04-11,25.4174,25.7215,24.9721,25.0113,2676072
2003-04-14,25.0113,25.3772,24.7032,25.3704,3344474
2003-04-15,23.2151,25.8049,23.2151,25.7441,4993556
2003-04-16,25.9148,26.1325,25.0632,25.2477,3272646
2003-04-17,25.2477,25.3615,25.0417,25.3615,3513369
2003-04-21,25.5312,25.7981,25.3075,25.6057,2121242
2003-04-22,25.6057,26.4181,25.3704,26.3719,2869832
2003-04-23,26.4307,26.7359,26.3317,26.5838,2253891
2003-04-24,26.5838,26.6711,26.002,26.5544,2610138
2003-04-25,26.5465,26.83,26.2405,26.3072,2383281
2003-04-28,26.3866,26.8761,26.3238,26.7673,1951684
2003-04-29,26.7673,27.0919,26.469,26.8154,1945532
2003-04-30,26.68,26.99,26.4405,26.7761,2130523
2003-05-01,26.7761,27.0056,26.1081,26.8909,2739265
2003-05-02,26.7113,27.7384,26.5995,27.6324,2249704
2003-05-05,27.6324,27.9307,27.5167,27.808,2340630
2003-05-06,27.8453,28.1975,27.5765,28.1348,2686014
2003-05-07,28.1348,28.1593,27.7071,28.0533,2287646
2003-05-08,27.8238,28.0533,27.4039,27.4177,3002490
2003-05-09,27.5559,27.8993,27.3803,27.8905,1528590
2003-05-12,27.8905,28.6174,27.759,28.5664,2013954
2003-05-13,28.5664,28.8028,28.2594,28.5419,2180497
2003-05-14,28.6939,28.739,28.0896,28.429,1578830
2003-05-15,28.6252,28.8185,28.3103,28.7234,1491690
2003-05-16,28.7234,29.1138,28.5507,28.9323,1806729
2003-05-19,28.9323,28.9323,27.808,27.8159,2075052
2003-05-20,27.8601,28.1593,27.5245,27.7688,2578740
2003-05-21,27.4961,27.6786,27.2734,27.5167,3195067
2003-05-22,27.5403,27.5629,27.2117,27.2519,2846805
2003-05-23,27.7463,28.1278,27.3637,28.0896,4072916
2003-05-27,28.0445,28.2672,27.759,28.1593,4262879
2003-05-28,28.2436,28.4869,27.8316,28.4722,3814798
2003-05-29,28.6645,28.8185,28.4722,28.5585,2996733
2003-05-30,28.6341,29.6347,28.6036,29.2805,2715065
2003-06-02,29.6974,30.3586,29.6592,30.0378,2449615
2003-06-03,30.0378,30.1536,29.6503,29.7642,2074920
2003-06-04,29.6974,30.5647,29.617,30.4773,1654440
2003-06-05,30.4773,30.7206,30.2144,30.651,2069427
2003-06-06,31.0326,31.8851,30.6147,30.7295,2758103
2003-06-09,30.5735,30.7295,29.3119,29.617,2149233
2003-06-10,29.6974,30.3292,29.6974,30.2783,1844534
2003-06-11,30.3449,30.9728,30.0702,30.9728,1537353
2003-06-12,31.1101,31.3376,30.6804,31.0551,1465531
2003-06-13,31.063,31.2287,30.651,30.8874,1441062
2003-06-16,30.9571,31.1494,30.805,31.1494,2157737
2003-06-17,31.164,31.6055,30.9355,31.2072,2494094
2003-06-18,31.2151,31.5623,30.5048,31.3308,1381405
2003-06-19,31.3308,31.3592,30.5891,30.6294,1899870
2003-06-20,30.9864,31.4142,30.5735,30.6294,4063368
2003-06-23,30.6294,30.6372,29.8662,29.9947,2493175
2003-06-24,29.9947,30.5126,29.9947,30.1026,2609748
2003-06-25,30.1095,30.2615,29.824,29.824,2694651
2003-06-26,29.824,30.1762,29.6974,30.0242,1987271
2003-06-27,30.032,30.3744,29.978,30.1409,2405389
2003-06-30,30.2144,30.7206,30.1173,30.1173,2826526
2003-07-01,30.1173,30.3292,29.5434,30.2939,2843794
2003-07-02,30.2939,30.9267,30.1536,30.8432,2859103
2003-07-03,30.6902,30.9728,30.6372,30.8276,1148273
2003-07-07,31.0326,31.629,30.9944,31.5221,1734247
2003-07-08,31.5908,32.6699,31.5691,32.3383,3512192
2003-07-09,31.9782,32.7896,31.9782,32.4923,3099819
2003-07-10,32.4923,32.5482,31.7143,32.4688,2492395
2003-07-11,32.4756,32.7159,32.1764,32.6915,1788541
2003-07-14,33.3281,34.3287,32.4109,33.6312,3205666
2003-07-15,34.3228,34.7711,34.1443,34.2424,4404694
2003-07-16,34.3424,34.5288,33.5547,34.5288,3201870
2003-07-17,34.3964,34.5573,33.7774,33.8676,3267677
2003-07-18,34.0609,34.1992,33.6479,34.1375,3757493
2003-07-21,34.1678,34.3228,33.592,33.8392,2256769
2003-07-22,33.8588,34.3228,33.7382,34.0285,2989798
2003-07-23,34.0285,34.0834,33.8245,33.9765,1775329
2003-07-24,33.9765,34.7024,33.9765,34.3896,2288039
2003-07-25,34.3807,35.1704,34.2993,35.1616,2094027
2003-07-28,35.0448,35.0448,34.673,34.8074,2380667
2003-07-29,34.7996,35.1468,34.418,34.6328,1877505
2003-07-30,34.8554,34.8554,34.4581,34.723,1703897
2003-07-31,34.723,35.4647,34.5573,35.0841,2005844
2003-08-01,35.1616,35.1616,34.0109,34.16,1467621
2003-08-04,34.16,34.2336,33.2182,34.1443,1692775
2003-08-05,34.1443,34.1443,32.9818,33.1358,2287125
2003-08-06,33.0652,33.897,32.9524,33.4791,1980859
2003-08-07,33.592,34.1295,33.3389,34.051,1378789
2003-08-08,34.1129,34.4327,33.587,33.8245,2723304
2003-08-11,33.897,34.0452,33.3732,33.7538,1238934
2003-08-12,33.7617,34.0109,33.4791,34.0109,1260781
2003-08-13,34.0109,34.0109,33.4419,33.6087,2530593
2003-08-14,33.6312,34.3424,33.5017,34.1207,1102876
2003-08-15,34.1207,34.1207,33.5263,33.8392,643015
2003-08-18,33.8902,34.16,33.8087,34.0187,816493
2003-08-19,33.5096,34.2571,33.5096,34.0913,1269944
2003-08-20,34.0913,34.3964,33.897,34.2248,2464920
2003-08-21,34.3964,34.6888,34.2993,34.4249,2590899
2003-08-22,34.4249,34.7162,34.051,34.0834,2246307
2003-08-25,33.9922,34.0913,33.6312,33.9559,850380
2003-08-26,33.592,34.1924,32.9907,33.8087,1661117
2003-08-27,33.7078,33.7146,33.1761,33.2624,1176269
2003-08-28,33.3281,33.4723,32.9426,33.3389,1197073
2003-08-29,33.2898,33.6645,33.1358,33.592,926518
2003-09-02,33.6008,34.3287,33.2466,34.3071,1370156
2003-09-03,34.3287,34.6249,34.0609,34.4327,1560251
2003-09-04,34.3964,34.4405,34.005,34.2807,1186738
2003-09-05,34.2807,34.2807,33.2055,33.3801,4051986
2003-09-08,33.5704,33.9324,33.541,33.7078,2087613
2003-09-09,33.6862,34.7094,33.6479,34.4327,3414205
2003-09-10,34.2807,34.3159,33.488,33.6145,1377613
2003-09-11,33.6724,34.3512,33.6724,33.9628,1581308
2003-09-12,33.8676,34.2178,33.747,34.106,1132443
2003-09-15,34.1295,34.1295,33.8177,34.051,1116479
2003-09-16,34.206,34.723,34.206,34.673,1594001
2003-09-17,34.7789,35.1557,34.7789,35.0841,2256769
2003-09-18,35.1076,37.0411,35.0997,36.7664,3715630
2003-09-19,36.7664,37.0774,36.1406,36.4634,3994686
2003-09-22,36.4634,36.4634,35.7796,35.8473,2497495
2003-09-23,36.0003,36.0003,35.498,35.6716,2916407
2003-09-24,35.6197,35.6472,34.8761,34.985,2154203
2003-09-25,34.985,35.2969,34.6171,34.6652,1724695
2003-09-26,34.5112,34.6956,34.1992,34.3228,3376394
2003-09-29,34.2492,34.723,34.2424,34.5112,2120058
2003-09-30,34.5112,34.8476,34.1678,34.3964,2049672
2003-10-01,34.3964,35.292,34.3964,35.1616,2249316
2003-10-02,35.2018,35.449,35.0762,35.2126,1205313
2003-10-03,35.6197,36.0769,35.55,35.6795,1472200
2003-10-06,35.6403,36.4466,35.5833,36.2524,1169075
2003-10-07,36.2524,36.4231,35.7119,36.3397,1221664
2003-10-08,36.3789,36.4554,36.0405,36.2309,1184384
2003-10-09,36.2309,37.1098,36.2309,36.6664,1571763
2003-10-10,36.6497,37.1402,36.5329,36.7664,1140553
2003-10-13,37.0725,38.1251,37.0323,38.0574,2125944
2003-10-14,38.7922,40.3971,38.4096,40.2529,8145053
2003-10-15,40.4746,40.4746,39.7457,40.0439,4369116
2003-10-16,40.0056,40.9524,39.9988,40.6522,3934499
2003-10-17,40.817,40.9867,39.9085,39.937,3644198
2003-10-20,39.9449,40.1312,39.2219,39.7457,2607260
2003-10-21,39.7555,39.7849,39.2405,39.2405,2119404
2003-10-22,39.2405,39.2405,38.1742,38.2202,3376527
2003-10-23,38.2202,38.6087,37.7622,38.4479,3394316
2003-10-24,38.4479,38.6676,37.9976,38.5372,2086435
2003-10-27,38.5372,39.4445,38.4174,38.8403,2034887
2003-10-28,38.8403,40.2696,38.8403,40.1312,3766656
2003-10-29,40.1312,40.1312,39.4956,39.9301,1496403
2003-10-30,39.9301,40.3971,39.5937,39.8703,1507918
2003-10-31,39.8703,40.2853,39.8703,40.0214,1274258
2003-11-03,40.0783,40.5855,39.8987,40.4059,1606756
2003-11-04,40.4363,40.8807,40.0282,40.0282,2934944
2003-11-05,39.9782,39.9782,38.4243,38.7833,3966295
2003-11-06,38.7833,38.9668,38.0516,38.906,2408535
2003-11-07,38.906,39.4789,38.7765,38.9276,1630636
2003-11-10,38.9276,39.0384,38.2566,38.4625,1213035
2003-11-11,38.2929,38.9982,38.2272,38.5372,1614933
2003-11-12,38.5372,38.594,38.0859,38.4861,2662466
2003-11-13,38.4861,39.2356,38.4861,39.1424,1825172
2003-11-14,39.1424,39.367,38.751,38.7922,2172257
2003-11-17,39.3366,39.3366,37.7837,38.6019,1670142
2003-11-18,38.7156,38.7432,38.0349,38.1016,1615458
2003-11-19,38.1016,38.4174,38.0153,38.1811,1118183
2003-11-20,37.8515,38.2202,37.6719,37.8887,1734896
2003-11-21,37.2618,38.0859,37.2618,37.8201,1903665
2003-11-24,37.9132,38.4861,37.8436,38.3115,1605252
2003-11-25,38.3566,38.647,38.0702,38.5234,1613626
2003-11-26,38.5705,39.1267,38.5372,39.0384,1408746
2003-11-28,39.0384,39.1345,38.6764,38.9501,461426
2003-12-01,39.1748,39.7379,39.0306,39.6594,1574249
2003-12-02,39.5034,40.093,39.4524,39.6015,1444073
2003-12-03,39.6722,39.73,38.9982,39.525,1146306
2003-12-04,39.7457,39.7713,39.3994,39.5318,1467358
2003-12-05,39.4593,39.4593,38.4861,38.5852,1831714
2003-12-08,38.5234,39.4877,38.4479,39.3445,1093061
2003-12-09,39.367,39.4445,38.5166,38.5234,1179667
2003-12-10,38.6019,38.6391,37.927,38.2684,1675639
2003-12-11,38.4381,39.0875,38.4332,38.8736,1227554
2003-12-12,39.061,39.061,38.1427,38.2772,1660983
2003-12-15,38.7156,38.8324,38.0702,38.078,1386378
2003-12-16,38.1811,38.5372,38.1811,38.4861,888711
2003-12-17,38.3331,38.3566,37.7837,38.0859,1146566
2003-12-18,38.1183,38.6391,37.927,38.4861,1153109
2003-12-19,38.4861,38.9423,38.1339,38.7432,1858407
2003-12-22,38.3704,39.0306,38.3331,38.9579,969950
2003-12-23,39.006,39.4789,39.006,39.3445,1205704
2003-12-24,39.061,39.473,38.8736,39.319,557976
2003-12-26,39.3994,39.5162,39.2503,39.3906,318823
2003-12-29,39.4445,39.7222,38.2929,39.7124,910558
2003-12-30,39.6015,39.9085,39.4445,39.9085,849199
2003-12-31,39.8536,39.937,39.5544,39.8104,811916
2004-01-02,39.7849,39.9782,39.3111,39.373,1375521
2004-01-05,40.0518,41.122,40.0126,41.0073,2557022
2004-01-06,40.7797,41.6046,40.762,41.5497,2227466
2004-01-07,41.3899,41.3967,40.6031,41.0014,2576517
2004-01-08,41.122,41.3516,40.8395,41.278,1348699
2004-01-09,41.2398,42.1158,41.1593,41.8489,1847023
2004-01-12,41.8489,42.3846,41.4056,42.208,2246435
2004-01-13,42.4228,42.726,40.3274,40.7385,5137334
2004-01-14,41.6969,42.7142,41.6527,42.6289,4496017
2004-01-15,42.8035,43.4921,42.7142,42.9957,2619684
2004-01-16,42.9957,43.0899,42.3934,42.5984,1983341
2004-01-20,42.6063,42.8289,42.1923,42.7887,1311680
2004-01-21,42.7426,43.1684,42.3846,43.1487,1295189
2004-01-22,43.0899,43.3989,42.6985,42.9055,1450088
2004-01-23,42.9055,42.9261,41.8882,42.1227,1409663
2004-01-26,41.7352,42.2326,41.6106,42.1776,1598576
2004-01-27,42.1158,42.1295,41.1299,41.2858,1759758
2004-01-28,41.3653,41.8127,40.762,40.762,1554754
2004-01-29,40.8651,41.2535,40.297,41.0073,1590337
2004-01-30,40.6826,41.3437,40.6345,41.1593,1377349
2004-02-02,41.1505,41.1505,40.504,40.6943,1171034
2004-02-03,40.7797,41.0887,40.4746,40.6522,958962
2004-02-04,40.3971,40.7002,40.1508,40.451,805114
2004-02-05,40.247,40.3186,39.8174,40.1734,1199032
2004-02-06,40.1734,40.8326,40.1312,40.7876,977539
2004-02-09,40.7002,40.7797,40.3706,40.4746,981335
2004-02-10,40.3971,41.0318,40.0056,40.7876,1112689
2004-02-11,40.5953,41.33,40.2853,41.2976,1668309
2004-02-12,41.2976,41.43,40.9945,41.43,851944
2004-02-13,41.4144,41.8421,41.0543,41.5281,1445248
2004-02-17,41.6969,41.7352,41.2398,41.6459,1106932
2004-02-18,41.5654,41.8794,41.278,41.437,1058522
2004-02-19,41.7352,41.8882,41.4977,41.5449,1325151
2004-02-20,41.5654,41.7038,41.4232,41.484,1782003
2004-02-23,41.484,41.5037,40.6826,40.8395,1140553
2004-02-24,40.8326,41.1416,40.5335,40.8807,1670014
2004-02-25,40.8807,41.437,40.6276,41.3379,843306
2004-02-26,40.969,41.1849,40.7797,40.9464,1109675
2004-02-27,40.7091,41.1849,40.7091,41.072,1469847
2004-03-01,41.1132,41.437,40.7169,40.8258,1660723
2004-03-02,40.7002,40.8562,40.1597,40.4285,1560512
2004-03-03,40.35,40.5551,40.1312,40.3873,1463958
2004-03-04,40.3186,40.7797,40.247,40.4804,1496793
2004-03-05,40.4804,41.7695,40.4746,41.4977,1853563
2004-03-08,41.278,41.4056,40.7307,40.7797,1391743
2004-03-09,40.7797,40.7797,39.8536,40.0518,1625006
2004-03-10,40.1312,40.1381,38.9207,39.0532,2242649
2004-03-11,39.0532,39.4642,38.0634,38.1016,2560555
2004-03-12,38.4861,39.061,38.2625,38.9207,2132876
2004-03-15,38.9207,38.9835,37.4512,38.1251,1287732
2004-03-16,38.8991,39.8448,38.8991,39.7555,3378743
2004-03-17,40.1312,40.969,40.0518,40.8651,2600582
2004-03-18,40.7002,40.8729,40.093,40.8032,1890845
2004-03-19,40.7876,40.9151,39.8919,39.9615,1346343
2004-03-22,39.937,39.937,39.319,39.5318,1825829
2004-03-23,39.6339,39.8016,39.3994,39.4083,1145919
2004-03-24,39.4789,39.7849,39.3504,39.373,2016311
2004-03-25,39.6339,39.9517,39.4083,39.8291,1345431
2004-03-26,39.6408,40.4363,39.5034,40.0341,2477737
2004-03-29,40.2117,40.6031,39.9782,40.5551,848153
2004-03-30,40.4285,40.5629,39.839,40.0518,2020105
2004-03-31,39.8232,39.9704,39.4593,39.8448,1725744
2004-04-01,39.937,40.093,39.6996,39.9615,1077494
2004-04-02,40.3588,40.3588,39.5318,40.1734,1794952
2004-04-05,40.1734,41.0229,39.9704,40.9867,2122283
2004-04-06,40.9867,41.2065,40.2696,40.8395,1442504
2004-04-07,40.7797,40.9219,40.302,40.5256,727267
2004-04-08,40.6276,40.9524,40.5335,40.7091,1189478
2004-04-12,40.969,41.5723,40.8945,41.5449,1693430
2004-04-13,41.5449,41.5449,39.7849,39.8536,4275701
2004-04-14,39.2503,39.2503,37.7778,38.1497,5493050
2004-04-15,38.8324,38.8324,36.9813,37.7229,4356028
2004-04-16,37.9132,38.2929,37.616,38.0349,2141510
2004-04-19,37.9132,37.9348,37.4316,37.4914,1470501
2004-04-20,37.4512,37.8269,36.8871,36.9725,1451006
2004-04-21,36.8793,36.8871,36.3094,36.6831,2382760
2004-04-22,36.5329,37.9741,36.5329,37.5307,2765429
2004-04-23,37.5444,38.5705,37.0853,38.3625,3058875
2004-04-26,38.2566,38.4479,37.9417,37.9495,2035674
2004-04-27,38.0153,38.4381,37.8808,38.2036,1331827
2004-04-28,37.8357,37.9132,37.3864,37.4669,1652483
2004-04-29,37.4669,38.1183,37.1491,37.3697,1919892
2004-04-30,37.6435,38.0153,37.2177,37.3011,2532298
2004-05-03,37.3776,37.3776,36.79,37.1569,2335274
2004-05-04,37.4178,37.8652,37.3697,37.5699,2515419
2004-05-05,37.7454,38.6764,37.6807,38.3488,2557282
2004-05-06,38.2929,38.3017,37.6719,37.927,1233176
2004-05-07,37.5307,37.5856,36.3397,36.3789,2501284
2004-05-10,35.965,36.2024,35.3382,35.7561,3106761
2004-05-11,35.7717,36.0483,35.3518,35.5599,3341594
2004-05-12,35.2743,35.814,34.8153,35.7717,3566091
2004-05-13,35.7717,36.6076,35.705,35.7962,2622692
2004-05-14,35.965,36.3789,35.5833,35.656,2470021
2004-05-17,35.656,35.656,34.6956,35.1616,2486373
2004-05-18,35.3931,35.8933,35.2969,35.8855,2019058
2004-05-19,36.4634,36.944,36.0994,36.123,1877634
2004-05-20,36.2309,36.2858,35.814,36.0405,1406527
2004-05-21,36.3094,36.7272,36.2524,36.5409,1842444
2004-05-24,36.7664,36.7842,36.2603,36.4388,957915
2004-05-25,36.4634,37.2246,36.2436,37.1707,1139375
2004-05-26,37.0725,37.5139,36.944,37.2246,994027
2004-05-27,37.4178,37.4767,36.7664,37.0097,1614539
2004-05-28,37.1098,37.1785,36.7664,37.0097,1163057
2004-06-01,37.0097,37.0411,36.4055,37.0039,1412018
2004-06-02,36.9185,37.1402,36.5663,37.0097,1392131
2004-06-03,36.7272,36.7419,36.4986,36.6222,1229254
2004-06-04,36.6743,37.1245,36.5329,36.8499,808381
2004-06-07,37.0411,37.6807,37.0167,37.6101,910818
2004-06-08,37.4512,37.561,37.2678,37.3776,1206096
2004-06-09,37.3776,37.5778,36.9813,37.0657,1445248
2004-06-10,37.1873,37.2177,36.9028,37.1186,856268
2004-06-14,37.0941,37.103,36.477,36.5143,1128383
2004-06-15,36.6909,36.9499,36.432,36.5409,1558940
2004-06-16,36.5329,36.6076,36.2229,36.3554,1145919
2004-06-17,36.4143,36.9274,36.0769,36.7272,1934146
2004-06-18,36.6154,37.459,36.477,37.1402,2204181
2004-06-21,37.3168,37.6807,37.1314,37.5139,2321400
2004-06-22,37.4384,37.7926,37.4002,37.7534,1757013
2004-06-23,37.6984,38.0938,37.6101,38.0516,2641010
2004-06-24,37.9348,38.3704,37.9348,38.2272,1868343
2004-06-25,38.1663,38.5705,37.8043,37.9132,1980595
2004-06-28,37.9348,38.0153,37.2618,37.3551,1318213
2004-06-29,37.2324,37.3473,36.9185,37.2109,1512494
2004-06-30,37.2618,37.6101,37.1098,37.4835,1389783
2004-07-01,37.3776,37.7975,36.9185,37.5139,2113122
2004-07-02,37.5139,38.1427,37.4835,37.9495,1636127
2004-07-06,37.7975,37.7975,37.1245,37.3697,1555672
2004-07-07,37.3697,37.6297,37.2246,37.3864,1903145
2004-07-08,37.5307,37.6229,36.9891,37.202,1755179
2004-07-09,37.202,37.4002,36.9499,37.3403,1875148
2004-07-12,37.3473,38.3115,37.2618,37.8436,1927742
2004-07-13,36.5663,36.5663,34.1678,34.3591,12210641
2004-07-14,34.3591,34.5935,33.7705,33.9226,5772103
2004-07-15,33.9226,34.3964,33.5096,33.5174,4128387
2004-07-16,33.8588,34.0913,32.8533,33.3389,3562299
2004-07-19,33.3389,33.4635,32.9122,33.129,2302696
2004-07-20,33.2133,33.6724,32.7896,33.6557,2412199
2004-07-21,33.6724,34.0285,33.4419,33.4723,3171776
2004-07-22,33.3281,33.3339,32.8072,33.2182,3270947
2004-07-23,33.0652,33.1358,32.3647,32.3647,3695612
2004-07-26,32.3647,32.5482,32.0038,32.148,2919543
2004-07-27,32.2568,32.8121,32.0813,32.6855,2798139
2004-07-28,32.5982,32.7307,31.789,32.4923,2695049
2004-07-29,32.5639,33.3644,32.5169,33.281,3196768
2004-07-30,33.2898,33.3281,32.4923,32.7228,1895164
2004-08-02,32.7228,33.4174,32.46,33.3801,2527064
2004-08-03,33.2898,33.4566,33.0289,33.2957,2610925
2004-08-04,33.2957,33.7862,33.1123,33.592,2124901
2004-08-05,33.7078,33.7989,32.761,32.8769,1283026
2004-08-06,32.7826,32.8121,32.2657,32.454,1752828
2004-08-09,32.4256,32.5393,32.1186,32.3314,1126686
2004-08-10,32.3383,33.0652,32.1951,32.8925,1592433
2004-08-11,32.5982,33.0123,32.4374,32.8974,1075008
2004-08-12,32.6375,32.8455,32.5639,32.6463,1058000
2004-08-13,32.6375,32.8857,32.46,32.7454,1380620
2004-08-16,32.7376,33.6813,32.7376,33.6645,1314290
2004-08-17,33.6645,34.3071,33.6557,34.1757,2513063
2004-08-18,34.1757,34.9771,34.1375,34.7789,1954558
2004-08-19,34.7024,34.9329,34.3356,34.52,1672760
2004-08-20,34.4729,34.6808,34.3228,34.6171,1570454
2004-08-23,34.6171,34.8554,34.4581,34.52,1002794
2004-08-24,34.6475,34.8074,34.3159,34.367,1360468
2004-08-25,34.2807,34.7329,34.2571,34.6888,1879203
2004-08-26,34.6249,35.0762,34.4661,34.8624,697443
2004-08-27,34.832,34.832,34.5288,34.6554,757098
2004-08-30,34.6652,34.832,34.3512,34.3591,885570
2004-08-31,34.367,34.5043,34.1531,34.5043,1584454
2004-09-01,34.5043,35.0066,34.3591,34.5504,1572545
2004-09-02,34.6249,34.6475,33.7705,34.0913,2649124
2004-09-03,34.0913,34.7574,34.0913,34.6956,1853563
2004-09-07,34.5112,35.5765,34.5112,35.193,2139426
2004-09-08,35.0841,35.2126,34.832,34.8761,977276
2004-09-09,34.8761,35.1076,34.5867,34.7094,1289960
2004-09-10,34.7094,34.9329,34.4327,34.7162,1708345
2004-09-13,34.6652,34.7869,34.4955,34.673,1481755
2004-09-14,34.6249,34.8241,34.5386,34.6652,852470
2004-09-15,34.5112,34.7407,34.3356,34.4249,1140294
2004-09-16,34.4249,34.5112,34.1531,34.3807,1343862
2004-09-17,34.4023,34.5112,34.1992,34.1992,1338231
2004-09-20,33.9922,34.1678,33.3948,33.4566,2857269
2004-09-21,33.4026,33.4419,33.0211,33.1967,3955700
2004-09-22,32.9524,33.1839,32.5247,32.5639,2918892
2004-09-23,32.6375,32.8278,32.5639,32.611,2806904
2004-09-24,32.5639,32.5924,32.3314,32.3559,2053339
2004-09-27,32.3314,32.4109,31.9871,32.2255,2367977
2004-09-28,32.2255,32.3952,32.1254,32.3314,2569061
2004-09-29,32.1322,32.2412,31.8184,32.2195,3835206
2004-09-30,32.2195,32.6993,32.148,32.6463,3669576
2004-10-01,32.6855,33.1583,32.5718,32.9818,2511757
2004-10-04,33.0583,33.1358,32.7984,32.8455,2422793
2004-10-05,32.8621,33.1034,32.7376,33.0436,1697619
2004-10-06,33.0966,33.3565,32.9749,33.3565,1454407
2004-10-07,33.3565,33.4174,33.2133,33.3732,1437272
2004-10-08,33.3477,33.5341,33.0799,33.1967,1860763
2004-10-11,33.0583,33.5646,33.0583,33.5174,1822030
2004-10-12,31.529,31.782,30.5048,31.4632,16148420
2004-10-13,31.5378,32.0744,31.4916,31.8507,5384724
2004-10-14,31.8507,31.9704,31.3034,31.3917,2657762
2004-10-15,31.4387,32.5924,31.4387,32.148,3148886
2004-10-18,32.1863,32.454,32.0891,32.454,3135670
2004-10-19,32.4374,33.0583,32.4178,32.6375,3834288
2004-10-20,32.5571,32.921,32.301,32.8857,2633029
2004-10-21,32.8925,33.4252,32.7532,33.2133,2638659
2004-10-22,33.2133,33.3281,32.87,32.921,1890457
2004-10-25,32.5639,33.073,32.4688,32.9278,1982431
2004-10-26,33.5478,33.5704,32.8455,33.2133,4048058
2004-10-27,33.2133,34.3964,32.8857,34.2492,2975669
2004-10-28,33.9491,34.4327,33.9491,34.4023,1619640
2004-10-29,34.3228,34.6554,34.1678,34.4327,1759891
2004-11-01,34.3964,34.7162,34.2424,34.6015,2265012
2004-11-02,34.572,35.0684,33.9491,34.832,4169076
2004-11-03,35.0841,35.3518,34.673,34.8761,3012563
2004-11-04,34.8241,35.3058,34.7329,35.2361,2760463
2004-11-05,35.5068,35.7962,34.9409,35.2018,3686585
2004-11-08,34.5935,34.9654,34.5504,34.8408,2348742
2004-11-09,34.9928,35.0301,34.3896,34.4661,2591822
2004-11-10,34.6328,34.6328,34.3228,34.4327,1938342
2004-11-11,34.6249,34.8153,34.4581,34.6652,1587592
2004-11-12,34.7789,34.9928,34.5436,34.9771,1430202
2004-11-15,35.0222,35.0929,34.8241,34.9654,1146700
2004-11-16,34.9654,35.0066,34.6808,34.6808,1595963
2004-11-17,34.7789,34.9722,34.5867,34.7024,1600018
2004-11-18,34.7024,34.7711,34.3964,34.5436,1731237
2004-11-19,34.5436,34.5867,33.8902,34.0609,1452835
2004-11-22,34.1207,34.2659,33.9559,34.2178,1402471
2004-11-23,34.3071,34.4327,33.9765,34.3424,1301080
2004-11-24,34.418,34.5436,34.1678,34.3071,866471
2004-11-26,34.206,34.4249,34.206,34.2993,375473
2004-11-29,34.3356,34.4493,34.1295,34.2659,1576600
2004-11-30,34.206,34.2807,33.9981,34.0609,2773803
2004-12-01,34.1295,34.4729,34.0109,34.3964,2423838
2004-12-02,34.2807,35.0222,34.2424,34.7094,2890237
2004-12-03,34.7407,35.0007,34.1757,34.3758,3003535
2004-12-06,34.1443,34.3964,33.9226,34.1531,1937942
2004-12-07,34.1129,34.3424,34.0913,34.106,1852124
2004-12-08,34.1678,34.3964,33.9843,34.3228,2079498
2004-12-09,34.3228,34.4955,33.9687,34.4661,2130654
2004-12-10,35.0841,35.0841,34.1678,34.6249,2531117
2004-12-13,34.7789,35.5422,34.7653,35.4265,2411676
2004-12-14,35.3931,36.0769,35.3294,35.9798,2896782
2004-12-15,35.9866,37.4914,35.9866,36.8341,5112605
2004-12-16,36.6497,36.8793,36.4231,36.79,1796389
2004-12-17,36.8341,37.3089,36.7272,36.842,3058875
2004-12-20,36.8733,37.0411,36.4634,36.4634,2212027
2004-12-21,36.5143,36.8793,36.3554,36.8204,3111209
2004-12-22,36.8204,37.256,36.7037,37.0097,2247092
2004-12-23,36.9028,37.202,36.8793,37.0245,936854
2004-12-27,37.0411,37.3599,36.8793,37.0097,1177447
2004-12-28,37.1873,37.4453,36.9185,37.3776,1334440
2004-12-29,37.3776,37.561,37.2403,37.4178,1004229
2004-12-30,37.2923,37.6356,37.2923,37.459,943527
2004-12-31,37.4512,37.6435,37.3943,37.5444,872353
2005-01-03,37.5444,37.5699,36.7272,37.2324,2021413
2005-01-04,37.2177,37.459,36.6418,37.0774,2849944
2005-01-05,37.0725,37.1314,36.79,36.8341,3181981
2005-01-06,36.9499,37.1931,36.8116,37.0097,3469674
2005-01-07,37.048,37.2618,36.9097,37.1245,2455499
2005-01-10,37.0323,37.1569,36.8499,37.1186,1544420
2005-01-11,37.0725,37.0774,36.6222,36.6497,1722999
2005-01-12,36.482,36.585,35.9248,35.9866,3513894
2005-01-13,35.8473,36.0769,35.4647,35.5265,3057174
2005-01-14,35.6197,35.7639,35.1616,35.6795,5096903
2005-01-18,35.0841,35.6716,34.8554,35.5599,4865335
2005-01-19,35.4804,35.4804,34.4405,34.4405,5066027
2005-01-20,34.3591,34.4405,33.8774,34.16,2975669
2005-01-21,34.106,34.4023,34.0109,34.3964,2929748
2005-01-24,34.5112,34.9231,34.3964,34.418,2171341
2005-01-25,34.5288,35.0448,34.418,34.4327,1942399
2005-01-26,34.4405,34.4405,33.6999,33.9765,2696614
2005-01-27,33.7862,33.9765,33.747,33.8392,2422659
2005-01-28,33.847,33.847,33.2182,33.4635,3443373
2005-01-31,33.7862,34.2993,33.7774,34.2492,2808734
2005-02-01,34.2492,35.0222,34.2492,34.8153,3137109
2005-02-02,34.8074,34.9153,34.4493,34.572,1859843
2005-02-03,34.572,34.5867,34.2248,34.3512,3051287
2005-02-04,34.5112,34.8476,34.3071,34.6015,2565001
2005-02-07,34.6015,34.9654,34.5112,34.9153,2338019
2005-02-08,34.7495,35.0222,34.7407,34.9771,1247180
2005-02-09,34.9771,35.1203,34.5935,34.5935,1419608
2005-02-10,34.6171,34.7996,34.6015,34.6475,1427459
2005-02-11,34.4729,35.0144,34.2248,34.9231,1738831
2005-02-14,34.8761,35.2361,34.6652,34.7329,2005976
2005-02-15,34.6956,34.9771,34.5436,34.673,1557234
2005-02-16,34.5642,34.5642,33.8774,33.9687,1728881
2005-02-17,33.9226,33.9687,33.4419,33.5704,2890891
2005-02-18,33.592,33.592,33.1495,33.2408,1756882
2005-02-22,33.2408,33.3134,32.8121,32.9043,1162534
2005-02-23,32.9043,33.0966,32.8072,32.8769,2876368
2005-02-24,32.9661,33.0123,32.5639,32.8455,1831972
2005-02-25,32.7896,33.1839,32.6767,33.1761,2530463
2005-02-28,33.6312,33.8087,33.2133,33.5174,3210245
2005-03-01,33.488,34.0834,33.4419,34.0109,2316565
2005-03-02,34.0187,34.2807,33.7931,34.0285,1772710
2005-03-03,34.0285,34.0609,33.7931,33.8834,1456236
2005-03-04,34.0364,34.5288,34.0364,34.418,1542193
2005-03-07,34.4405,34.6249,34.2492,34.367,1435828
2005-03-08,34.3758,34.4729,33.9981,34.1531,1353277
2005-03-09,34.1531,34.206,33.8392,34.0109,2579261
2005-03-10,34.1129,34.4729,34.1129,34.3964,2046011
2005-03-11,34.3228,34.3964,33.8902,34.0364,1962019
2005-03-14,34.0609,34.6956,33.9559,34.6808,1950369
2005-03-15,34.7789,34.9409,33.9628,34.0913,3458816
2005-03-16,33.897,34.52,33.7146,34.1375,2720161
2005-03-17,34.1375,34.2993,33.8245,34.2993,2316689
2005-03-18,34.4327,34.6249,34.2807,34.4581,2728924
2005-03-21,34.3964,34.3964,33.8588,33.9687,3543070
2005-03-22,33.9138,34.3896,33.5174,33.592,2695306
2005-03-23,33.592,33.592,32.761,32.8278,4488168
2005-03-24,33.0073,33.0966,32.7984,32.8455,2374254
2005-03-28,32.8974,33.2466,32.87,32.87,2281106
2005-03-29,32.7896,33.073,32.6276,32.6993,1894118
2005-03-30,32.5786,33.2546,32.5786,33.2546,1730975
2005-03-31,33.234,33.6645,33.234,33.4174,1932453
2005-04-01,33.5547,33.9981,33.0073,33.1358,2078455
2005-04-04,33.1967,33.234,32.6276,32.9907,1748244
2005-04-05,33.0289,33.3339,32.9907,33.0436,1655491
2005-04-06,33.0436,33.7146,33.0436,33.1761,2163620
2005-04-07,33.1495,33.4635,32.9426,33.1427,1424449
2005-04-08,32.7896,32.9043,32.5982,32.6375,2293666
2005-04-11,32.7532,32.8621,32.5011,32.5247,1430202
2005-04-12,32.4109,32.7228,32.1322,32.6375,2752738
2005-04-13,32.5247,32.7768,32.2255,32.2862,1973663
2005-04-14,32.2942,32.3157,31.8272,31.8773,2012775
2005-04-15,31.7143,31.9125,31.0483,31.0934,2775766
2005-04-18,31.2465,31.7448,31.0855,31.4848,1822030
2005-04-19,34.2492,35.1616,33.6008,34.1531,7321361
2005-04-20,34.2336,34.3424,33.4419,33.4566,3161706
2005-04-21,33.747,35.038,33.7382,35.038,4343340
2005-04-22,35.0007,35.3597,34.5112,34.8554,2328856
2005-04-25,34.8554,35.2361,34.8408,35.0537,2263316
2005-04-26,34.9231,35.3833,34.8554,34.8849,1873318
2005-04-27,34.7407,35.5677,34.5436,35.3764,1918712
2005-04-28,35.1557,35.2822,34.7162,34.7162,1814571
2005-04-29,34.8074,35.3518,34.52,35.3382,2438883
2005-05-02,35.2822,35.605,35.2018,35.498,1555014
2005-05-03,35.3116,35.7119,35.1616,35.3518,2972660
2005-05-04,35.498,36.322,35.2665,36.3024,2269853
2005-05-05,36.169,36.5203,35.6716,35.8698,2769485
2005-05-06,36.0405,36.0689,35.3116,35.4726,2015397
2005-05-09,35.4647,36.0553,35.4647,36.0553,1474033
2005-05-10,35.6962,35.7717,35.2743,35.449,1964504
2005-05-11,35.5981,35.7962,35.0762,35.7561,1422097
2005-05-12,36.477,36.477,35.1468,35.2439,1506738
2005-05-13,35.2439,35.605,34.9654,35.2214,1694343
2005-05-16,35.2018,35.9483,35.193,35.8777,1025815
2005-05-17,35.5765,36.3024,35.4726,36.2367,1525970
2005-05-18,36.3152,36.7566,36.3152,36.6909,1883260
2005-05-19,36.6909,36.79,36.4143,36.7341,1292831
2005-05-20,36.7498,36.7566,36.3976,36.4634,1516025
2005-05-23,36.3789,36.6909,36.3731,36.5585,1277528
2005-05-24,36.482,36.5752,36.3094,36.4388,1459640
2005-05-25,36.3094,36.4388,36.1082,36.2524,1525579
2005-05-26,36.3789,36.9097,36.2093,36.8116,1830013
2005-05-27,36.8871,36.9185,36.6154,36.7272,1117788
2005-05-31,36.7272,36.8283,36.477,36.6909,1727970
2005-06-01,36.6497,37.1873,36.635,37.0568,1495748
2005-06-02,36.9813,37.4384,36.6418,37.3697,1994204
2005-06-03,37.3776,38.3193,37.3599,38.1889,3647338
2005-06-06,38.1016,39.0728,37.875,39.0453,3301951
2005-06-07,39.0453,39.6918,38.3409,38.3488,3755923
2005-06-08,38.4479,38.8236,38.3115,38.3331,1442504
2005-06-09,38.1094,38.6087,38.0634,38.3193,2201300
2005-06-10,38.3409,38.4949,37.9652,38.1427,1731894
2005-06-13,38.0221,38.7765,37.875,38.028,937638
2005-06-14,37.4384,37.7454,37.3776,37.4669,2236624
2005-06-15,37.4669,37.7975,37.2923,37.7366,1659677
2005-06-16,37.6101,37.8201,37.4512,37.5532,2205357
2005-06-17,37.6807,37.8201,37.4512,37.5699,2108411
2005-06-20,37.3776,37.5071,36.9725,37.41,1622908
2005-06-21,37.3315,37.5375,37.1186,37.4669,1229645
2005-06-22,37.7229,37.9348,37.616,37.6229,1039160
2005-06-23,37.6101,37.7072,37.0568,37.0657,1090577
2005-06-24,36.9568,37.2246,36.8116,36.9362,1356551
2005-06-27,36.8733,37.0097,36.5065,36.944,1523749
2005-06-28,37.1873,37.8043,37.0657,37.5856,1115043
2005-06-29,37.4316,37.7072,37.3403,37.5228,907288
2005-06-30,37.5699,37.6483,36.7978,36.8793,1686104
2005-07-01,37.0323,37.4914,36.9813,37.1186,1253852
2005-07-05,37.0245,37.4512,36.8733,37.3315,1345431
2005-07-06,37.2854,37.6905,37.048,37.0568,1326196
2005-07-07,36.5329,37.103,36.4986,36.8557,1314688
2005-07-08,36.9185,37.4178,36.7664,37.3599,2077676
2005-07-11,37.5778,37.7229,37.3599,37.6807,1297417
2005-07-12,37.561,38.2408,37.4835,38.1094,1558155
2005-07-13,38.0859,38.5528,38.0859,38.4949,1420263
2005-07-14,38.6019,38.8824,38.4096,38.6764,2141121
2005-07-15,38.6019,38.9423,38.6019,38.8736,1430337
2005-07-18,38.751,39.367,38.751,39.2719,2978157
2005-07-19,39.167,39.167,38.3331,38.6391,4940041
2005-07-20,38.4174,38.8167,38.0349,38.2929,3066990
2005-07-21,38.0634,38.1183,37.1402,38.0859,3845804
2005-07-22,37.9887,38.028,37.6631,37.9652,2097426
2005-07-25,37.9064,38.4018,37.7975,38.028,1619772
2005-07-26,37.9887,38.233,37.9495,38.1811,1724695
2005-07-27,38.1811,38.2684,37.9976,38.1183,2092058
2005-07-28,38.2202,38.3331,38.0634,38.1811,1485681
2005-07-29,38.2036,38.4332,37.9583,38.0221,1830931
2005-08-01,38.0437,38.2408,37.8112,37.875,1290743
2005-08-02,37.9064,38.1251,37.8043,38.028,1346343
2005-08-03,37.9495,38.028,37.7926,37.9976,1090053
2005-08-04,37.9348,37.9495,37.4384,37.5375,1230951
2005-08-05,37.3599,37.4248,36.8645,36.9568,1514459
2005-08-08,37.1491,37.1491,36.3731,36.4908,1496673
2005-08-09,36.6831,36.9185,36.5329,36.6076,1148533
2005-08-10,36.7272,37.1186,36.5497,36.5918,1503339
2005-08-11,36.6301,36.9362,36.3152,36.79,1275043
2005-08-12,36.6909,36.9097,36.4634,36.7664,1059180
2005-08-15,36.6664,37.0568,36.5143,36.8871,1080109
2005-08-16,36.7664,36.8793,36.5752,36.6497,1677604
2005-08-17,36.5663,36.7664,36.4143,36.5203,1132184
2005-08-18,36.3613,36.3976,35.9552,36.2436,2041168
2005-08-19,36.4231,36.9274,36.2229,36.8204,1666870
2005-08-22,36.8204,37.1098,36.8204,36.9813,1645285
2005-08-23,36.9274,37.202,36.7978,36.9097,1186601
2005-08-24,36.9028,37.1785,36.6576,36.6664,1494701
2005-08-25,36.6743,36.8793,36.585,36.7978,1078541
2005-08-26,36.7135,36.8871,36.3878,36.5409,1356678
2005-08-29,36.276,36.996,36.276,36.9028,1523619
2005-08-30,36.6909,36.7566,36.322,36.6154,1339020
2005-08-31,36.6154,36.9725,36.2671,36.944,1634948
2005-09-01,36.996,37.6807,36.6909,37.3776,1970130
2005-09-02,37.4914,37.6229,37.2854,37.4835,1128121
2005-09-06,37.6435,38.233,37.6435,38.078,1582491
2005-09-07,38.0516,38.2036,37.9132,38.1339,1202823
2005-09-08,37.9064,37.9887,36.9813,37.4767,1860628
2005-09-09,37.6101,37.9976,37.5375,37.8201,637128
2005-09-12,37.7229,37.9348,37.5071,37.7072,929395
2005-09-13,37.6631,37.6631,37.0774,37.1873,1078801
2005-09-14,37.256,37.459,36.9891,37.3551,1371071
2005-09-15,37.2756,37.5228,37.0725,37.5139,1140948
2005-09-16,37.875,38.5705,37.4512,38.4783,2983779
2005-09-19,38.1497,38.2036,37.616,37.927,1326849
2005-09-20,37.9887,38.5852,37.5699,37.616,1447473
2005-09-21,37.4384,37.4384,36.5065,36.6664,1774021
2005-09-22,36.5918,37.0245,36.2858,36.944,1171165
2005-09-23,36.996,37.6032,36.8116,37.3864,1135714
2005-09-26,37.6807,37.9652,36.9891,37.0568,1075271
2005-09-27,36.9185,37.3697,36.8871,37.1569,961318
2005-09-28,37.2618,37.3697,36.3024,36.4466,1611401
2005-09-29,36.2093,37.4512,36.0769,37.41,1608782
2005-09-30,37.3168,37.9495,37.2678,37.3943,2375564
2005-10-03,37.6435,38.1339,37.5307,37.7298,1497580
2005-10-04,37.6807,38.751,37.6807,38.1016,2695049
2005-10-05,37.9887,38.1811,37.5307,37.6631,1998651
2005-10-06,37.6631,38.6087,37.6631,38.5166,2900442
2005-10-07,38.6019,38.8736,38.1663,38.4018,2623613
2005-10-10,38.3115,38.5705,38.0938,38.1585,1240114
2005-10-11,38.233,38.5283,37.8515,37.9887,1433347
2005-10-12,37.2678,38.028,37.1569,37.3403,1921857
2005-10-13,37.1098,37.6483,37.048,37.5375,2291704
2005-10-14,37.875,38.2497,37.7229,38.1585,2098344
2005-10-17,38.1427,38.4861,38.0065,38.3409,1489992
2005-10-18,39.214,39.8232,39.0669,39.3857,3656881
2005-10-19,39.6172,41.3516,39.2287,41.2398,3536523
2005-10-20,41.1995,41.741,40.9072,41.2309,3788503
2005-10-21,41.5449,41.8882,41.1593,41.6046,3165892
2005-10-24,40.6865,41.4614,40.6826,41.3437,4522965
2005-10-25,41.3516,41.3516,40.7385,40.9318,3868433
2005-10-26,40.9386,41.6597,40.817,41.3516,2833202
2005-10-27,41.3731,41.8127,41.2976,41.3516,2509535
2005-10-28,41.2702,42.1158,41.1368,42.102,3735646
2005-10-31,42.1619,42.413,41.9647,42.2149,2072831
2005-11-01,42.1776,42.1776,41.7107,41.9853,2523139
2005-11-02,42.0157,42.9487,42.0157,42.5906,2023114
2005-11-03,42.6985,42.8652,42.1443,42.4464,1922640
2005-11-04,42.2404,42.5906,42.0854,42.5906,1671185
2005-11-07,42.4993,42.7975,42.4601,42.5984,1615591
2005-11-08,42.5582,42.774,42.413,42.5072,1790505
2005-11-09,42.5151,42.9261,42.3512,42.6681,1616115
2005-11-10,42.7652,43.4921,42.6445,43.4568,2509010
2005-11-11,43.5676,44.1798,43.4862,44.1356,1940432
2005-11-14,43.4568,43.6677,43.3686,43.551,3183426
2005-11-15,43.4156,43.6922,42.8417,43.1253,2170557
2005-11-16,43.3037,43.3764,42.7819,42.8035,1670533
2005-11-17,42.9565,44.0268,42.8035,43.9748,1984261
2005-11-18,44.4868,44.6398,43.9277,44.5418,2275219
2005-11-21,44.3691,44.5565,44.171,44.4731,1896214
2005-11-22,44.2965,44.3848,43.8678,44.1798,3614498
2005-11-23,44.2553,44.8144,44.1562,44.3574,2194630
2005-11-25,44.5261,44.5261,44.1199,44.2553,797916
2005-11-28,44.3917,44.4476,44.0268,44.2622,1892157
2005-11-29,44.7173,45.3883,44.632,45.0685,2284510
2005-11-30,44.945,45.2109,43.9954,44.0983,2821815
2005-12-01,44.3368,44.7262,44.32,44.4231,1867956
2005-12-02,44.2553,44.5261,44.2112,44.3514,1623701
2005-12-05,44.2553,44.7615,44.2249,44.6772,1498883
2005-12-06,45.1716,45.7091,45.0352,45.098,2764514
2005-12-07,45.0195,45.098,44.7341,44.8851,2078978
2005-12-08,44.8851,45.0441,44.5987,44.8056,2507834
2005-12-09,44.6919,45.5787,44.6526,45.3158,1517470
2005-12-12,45.3158,45.3677,44.632,44.7566,1845449
2005-12-13,44.6398,45.5483,44.4731,45.2109,2028476
2005-12-14,44.6398,45.3236,44.6398,45.1274,2480747
2005-12-15,45.1274,45.1274,44.4643,44.4868,1420784
2005-12-16,44.7173,45.0901,44.5987,44.6242,2051240
2005-12-19,44.5261,44.5261,43.7659,43.8512,1706382
2005-12-20,44.0032,44.171,43.7442,43.7442,1538529
2005-12-21,43.9375,44.32,43.7815,43.9208,1544948
2005-12-22,43.9493,44.1199,43.707,43.9375,2029131
2005-12-23,43.9159,44.1356,43.7717,43.8992,897344
2005-12-27,43.8826,44.3514,43.3518,43.3518,965114
2005-12-28,43.3686,43.4568,43.1066,43.3911,842655
2005-12-29,43.1487,43.3596,42.726,42.7485,879161
2005-12-30,42.5984,42.7338,42.2698,42.3777,1329072
2006-01-03,43.5912,43.7217,42.361,43.551,1944230
2006-01-04,43.185,43.9493,43.0821,43.6844,2860537
2006-01-05,43.6059,43.8757,43.4156,43.7893,1823603
2006-01-06,44.0905,44.5329,43.6157,44.32,1556192
2006-01-09,44.32,44.4946,44.1425,44.3514,1434651
2006-01-10,43.7128,44.7752,43.7128,44.7654,1881430
2006-01-11,44.7095,45.3737,44.4868,45.1716,2678299
2006-01-12,44.945,45.1342,44.2337,44.32,2191749
2006-01-13,44.3632,44.3632,43.8678,43.9443,1719071
2006-01-17,43.6314,43.6756,43.3037,43.3911,1374998
2006-01-18,43.8757,45.2049,43.5294,44.9391,4151151
2006-01-19,45.098,45.2892,44.4868,44.7262,2576258
2006-01-20,44.7262,44.7262,43.9954,44.2337,2875454
2006-01-23,44.328,45.0843,44.328,44.9243,2458249
2006-01-24,45.0126,45.1902,44.7566,45.0843,2760068
2006-01-25,45.4796,46.282,45.4041,45.7846,3948372
2006-01-26,45.9162,47.006,45.9162,46.5744,4809606
2006-01-27,46.3213,46.4018,45.6925,45.7484,5314865
2006-01-30,45.8229,46.6028,45.611,46.0515,2177363
2006-01-31,46.0515,46.4733,46.0231,46.2124,1885484
2006-02-01,46.0908,46.2586,45.768,46.0083,2561075
2006-02-02,45.8995,46.0299,45.6925,45.924,1645024
2006-02-03,45.5944,46.1516,45.4874,45.8396,1960446
2006-02-06,45.9544,46.3281,45.6699,46.0908,1189742
2006-02-07,45.8995,46.0996,45.6768,45.7846,2093238
2006-02-08,46.1829,46.3821,45.6258,46.0083,1768654
2006-02-09,45.975,46.3154,45.7484,45.8161,2128296
2006-02-10,45.765,46.0603,45.5041,45.9544,1825699
2006-02-13,45.8603,46.1693,45.1902,45.2892,1486986
2006-02-14,45.4041,46.5205,45.3589,46.4086,1914003
2006-02-15,46.3213,47.1345,46.2202,46.4733,3544900
2006-02-16,46.5125,47.109,46.1693,46.9344,1729142
2006-02-17,47.006,47.2611,46.7274,47.0502,1870564
2006-02-21,47.0237,47.2532,46.7039,46.7726,1644240
2006-02-22,46.8559,48.2931,46.8559,48.1195,1950898
2006-02-23,47.7917,48.1557,47.5446,47.7506,1458463
2006-02-24,47.6956,48.0233,47.521,47.8546,1260650
2006-02-27,47.7349,48.1195,47.6956,47.7693,1205574
2006-02-28,47.5279,47.9105,47.4671,47.7594,1585891
2006-03-01,47.7781,48.144,47.6035,47.7114,1761069
2006-03-02,47.4053,48.0753,47.3071,47.8958,1568231
2006-03-03,47.6956,47.9968,47.4818,47.5828,2231131
2006-03-06,47.4671,47.5279,46.9344,46.9727,1023200
2006-03-07,46.7274,47.162,46.6175,47.1405,975712
2006-03-08,47.1179,47.3846,46.8471,47.2679,1709782
2006-03-09,47.2827,47.5446,47.212,47.2777,1687409
2006-03-10,47.3131,47.4053,46.5792,46.9727,1798878
2006-03-13,47.162,47.6495,46.6549,46.7726,1550041
2006-03-14,46.6637,47.3543,46.5577,47.2296,1929183
2006-03-15,47.162,47.37,46.8854,47.3071,1214603
2006-03-16,47.4995,47.9654,47.4671,47.7202,1268106
2006-03-17,48.0527,48.7129,47.9654,47.9821,2949900
2006-03-20,47.9585,48.2548,47.8085,48.1037,1016527
2006-03-21,48.039,48.2078,47.2198,47.2198,1832891
2006-03-22,47.1277,47.5446,47.0502,47.4495,1335095
2006-03-23,47.3543,47.4671,46.6951,46.8559,1301208
2006-03-24,46.7274,47.2454,46.5205,46.8775,1155991
2006-03-27,46.7342,46.8,46.2379,46.3674,2064716
2006-03-28,46.2438,46.7127,45.8229,45.8603,1552919
2006-03-29,45.8229,46.0515,45.6326,45.9387,1438314
2006-03-30,45.7003,46.2664,45.5315,45.5865,1355112
2006-03-31,45.7091,46.3507,45.7091,46.1889,1617678
2006-04-03,46.3821,46.9727,46.1516,46.3075,1631023
2006-04-04,45.9995,46.8922,45.8092,46.8333,1219050
2006-04-05,46.7422,46.9344,46.4596,46.6421,1159001
2006-04-06,46.6421,46.9,46.4252,46.7196,862938
2006-04-07,46.6489,46.9,45.9838,46.1143,1417256
2006-04-10,46.3595,46.5351,45.9917,46.1398,1304607
2006-04-11,46.2045,46.2526,45.1902,45.4041,1983866
2006-04-12,45.3236,45.5315,44.9901,45.098,1646988
2006-04-13,44.9077,45.2972,44.7173,45.252,1117659
2006-04-17,45.1156,46.0153,45.0195,46.0153,2327682
2006-04-18,47.6956,49.586,47.6819,49.3486,4958228
2006-04-19,48.8807,49.9137,48.8807,49.4467,2635388
2006-04-20,49.3398,50.0206,49.1338,49.4692,1717245
2006-04-21,49.5683,49.5683,49.0337,49.2545,1766953
2006-04-24,49.1122,49.2025,48.5785,48.7806,2063151
2006-04-25,48.7679,48.8807,48.1557,48.3794,1660197
2006-04-26,48.3794,48.9876,48.3794,48.6178,1548997
2006-04-27,48.507,49.4153,48.4491,49.3025,3044878
2006-04-28,49.4762,50.0873,49.3025,49.9284,2748814
2006-05-01,50.1266,50.1943,48.8738,48.8895,2496710
2006-05-02,49.0337,49.43,48.9199,49.2701,1966199
2006-05-03,49.2171,49.3486,48.9513,49.2025,2073484
2006-05-04,49.4762,49.8745,49.332,49.6684,1370678
2006-05-05,49.9137,50.3727,49.8136,50.2089,1687934
2006-05-08,49.8745,50.8073,49.8745,50.3806,1348964
2006-05-09,50.1863,50.5415,50.0579,50.2943,1184767
2006-05-10,50.3639,50.4925,50.0343,50.3727,1344773
2006-05-11,50.3188,50.3493,48.8895,48.9954,1548997
2006-05-12,48.9954,49.4085,48.4431,48.5383,2095329
2006-05-15,48.5472,49.1436,48.2371,48.6256,2336837
2006-05-16,48.6423,48.6972,48.3284,48.4814,1207668
2006-05-17,48.039,48.1498,46.6264,46.8255,3040558
2006-05-18,46.1516,47.2679,46.082,46.132,2327682
2006-05-19,46.2438,47.3464,46.2379,47.2993,3026429
2006-05-22,46.9168,47.7967,46.8922,47.3984,2709438
2006-05-23,47.4259,47.8546,47.2611,47.2611,2639052
2006-05-24,47.0845,47.7781,46.7853,47.2296,2865776
2006-05-25,47.4416,47.8692,47.109,47.577,1826091
2006-05-26,47.6269,48.1764,47.5524,48.144,1576863
2006-05-30,47.8477,47.8477,46.5273,46.5273,1245086
2006-05-31,46.7784,47.5142,46.7196,47.4671,2084607
2006-06-01,47.4671,47.9821,47.4671,47.9105,1600415
2006-06-02,48.345,48.5472,47.7418,48.4235,2432736
2006-06-05,48.345,48.345,47.1483,47.1924,1269549
2006-06-06,47.1277,47.2777,46.3674,46.9344,2119796
2006-06-07,46.8559,47.4729,46.6264,46.9501,2635388
2006-06-08,46.7784,46.8167,45.768,46.5351,3085956
2006-06-09,46.5577,46.8559,46.0603,46.1064,1688194
2006-06-12,46.1889,46.2202,44.9077,44.9322,3070780
2006-06-13,44.9077,45.0028,43.6471,43.9954,4907467
2006-06-14,43.9954,44.2387,43.0722,43.8757,3109767
2006-06-15,44.0336,45.2677,44.0336,45.1716,3071959
2006-06-16,45.1422,45.2432,44.8292,45.0028,2043784
2006-06-19,45.1058,45.2589,44.4643,44.4946,1478485
2006-06-20,44.5614,44.6614,44.0905,44.1886,1845845
2006-06-21,44.171,44.7487,44.1053,44.5496,2234135
2006-06-22,44.5496,44.6398,44.0983,44.2553,1940825
2006-06-23,43.9071,44.1425,43.5676,43.9493,1903145
2006-06-26,43.9571,44.0983,43.7579,43.9875,1681914
2006-06-27,43.3185,44.1356,43.3185,43.4647,1863244
2006-06-28,43.7217,43.7815,43.0114,43.6314,1858407
2006-06-29,44.1474,44.79,43.6471,44.7173,2392178
2006-06-30,44.9802,45.0519,44.3456,44.3985,2377787
2006-07-03,44.4868,44.5614,44.2249,44.5418,1408746
2006-07-05,44.4143,44.4143,43.7893,43.9375,1295841
2006-07-06,43.9208,44.1798,43.3116,43.4921,1830145
2006-07-07,43.3764,43.5441,42.932,43.0262,1956656
2006-07-10,43.185,43.4862,43.0398,43.0634,1682047
2006-07-11,42.9957,43.1929,42.6063,43.1547,2228514
2006-07-12,43.1547,43.4333,42.8574,42.8741,2083036
2006-07-13,42.4993,42.5356,41.5723,41.6527,3077193
2006-07-14,41.8882,42.0756,41.6459,41.9647,2772494
2006-07-17,41.8882,42.8976,41.6459,42.726,4117923
2006-07-18,43.8678,44.7173,42.5072,43.0398,6442466
2006-07-19,43.2332,45.0519,43.2332,44.8694,3479877
2006-07-20,44.945,45.1568,44.1474,44.1474,2576386
2006-07-21,44.1474,44.1798,42.8035,43.4244,3343815
2006-07-24,43.7893,44.8292,43.6844,44.7007,1662683
2006-07-25,44.6085,45.4796,44.3574,45.2972,2447651
2006-07-26,45.252,45.4492,44.945,45.0519,1466841
2006-07-27,45.1981,45.4394,44.6919,44.7615,1116616
2006-07-28,45.1342,46.3968,44.9391,46.0692,2037899
2006-07-31,45.9387,46.0378,45.6552,45.9073,1503082
2006-08-01,45.6837,45.8603,45.1814,45.4041,1689504
2006-08-02,45.4119,46.5744,45.2756,46.5205,3264407
2006-08-03,46.0692,47.6564,46.0692,47.4259,3046053
2006-08-04,48.1115,48.2303,47.1405,47.3131,2145959
2006-08-07,47.1767,47.5446,47.0149,47.2366,1362043
2006-08-08,47.2366,47.7967,47.06,47.1699,2383673
2006-08-09,47.2611,47.6564,46.6637,46.6637,2499199
2006-08-10,46.4733,46.9168,46.0908,46.7853,1476124
2006-08-11,46.5125,46.6951,46.1761,46.5498,936727
2006-08-14,46.7422,47.521,46.6951,46.7647,1333915
2006-08-15,47.3131,47.5691,47.0943,47.5691,1398412
2006-08-16,47.6731,47.9507,47.2042,47.3926,1962807
2006-08-17,47.1277,47.5368,47.0433,47.4671,1171296
2006-08-18,47.8398,48.1557,47.5691,48.1557,1354324
2006-08-21,47.4053,47.6191,46.8,46.9855,1881037
2006-08-22,46.9168,47.4416,46.9168,47.3297,1308277
2006-08-23,47.4495,47.5907,46.7853,47.0502,980153
2006-08-24,46.8471,47.0433,46.2664,46.4429,1303956
2006-08-25,46.4508,46.544,45.9622,46.282,2033058
2006-08-28,46.4086,47.006,46.2977,46.9991,1990015
2006-08-29,47.0766,47.0766,46.5577,46.7784,2311980
2006-08-30,46.748,47.3209,46.6715,47.212,1615591
2006-08-31,47.162,47.3297,46.8559,47.2366,1410450
2006-09-01,47.2827,47.5044,46.7853,47.1924,974793
2006-09-05,47.1924,47.577,47.109,47.37,865554
2006-09-06,46.9648,47.6133,46.9648,47.37,1051466
2006-09-07,47.1924,47.4495,46.8922,47.0845,1284857
2006-09-08,47.2366,47.4897,46.9344,47.3926,1165279
2006-09-11,46.7784,47.4897,46.7784,47.2993,1155596
2006-09-12,47.4671,47.9105,47.2454,47.832,1124456
2006-09-13,47.6819,48.3628,47.5907,48.2715,1027386
2006-09-14,48.1842,48.4177,47.9262,48.3628,1167371
2006-09-15,48.8404,49.1868,48.5855,48.6658,1708738
2006-09-18,48.4736,48.5138,47.6564,47.9173,1105751
2006-09-19,47.9173,48.1341,47.6643,47.8634,1124068
2006-09-20,48.039,48.4736,47.8958,48.0586,2635388
2006-09-21,48.0046,48.2715,47.3984,47.5142,1173259
2006-09-22,47.5368,47.5828,47.1277,47.37,1150105
2006-09-25,47.2366,47.9968,47.1002,47.6564,1925125
2006-09-26,47.5446,47.7967,47.2611,47.7202,1666214
2006-09-27,47.7202,48.1273,47.4729,47.99,1186738
2006-09-28,47.8242,47.9262,47.4897,47.7849,982120
2006-09-29,47.7967,48.1115,47.6495,47.6956,1139900
2006-10-02,47.0678,47.5691,47.0678,47.3543,1434261
2006-10-03,47.4671,48.3794,47.2611,48.2872,2130523
2006-10-04,48.2156,49.5389,48.1557,49.5389,2085520
2006-10-05,49.2466,49.4222,48.8346,49.2397,1501246
2006-10-06,49.2113,49.2251,48.6178,48.7806,912655
2006-10-09,48.3548,48.9199,48.3548,48.7306,1139248
2006-10-10,48.9121,49.2025,48.6344,48.8404,1643715
2006-10-11,48.5383,49.3771,48.3127,48.9592,1980204
2006-10-12,49.12,49.2946,48.7679,49.0425,1131132
2006-10-13,48.81,48.9876,48.5991,48.817,1175354
2006-10-16,49.1122,49.1779,48.8502,49.1779,1671060
2006-10-17,48.8404,48.8807,46.9442,48.4902,3543588
2006-10-18,48.4981,48.7953,48.2078,48.7875,1788278
2006-10-19,48.6502,48.6746,47.4729,47.9105,1922769
2006-10-20,48.191,48.5472,48.0046,48.0046,1973139
2006-10-23,47.8085,48.8895,47.6956,48.8807,3361868
2006-10-24,48.5785,48.7129,48.3127,48.5629,2367189
2006-10-25,48.5785,48.6178,47.8085,47.9439,2903326
2006-10-26,47.9105,48.2303,47.5907,48.2156,3858103
2006-10-27,48.0046,48.5383,47.8634,48.1616,1692513
2006-10-30,48.3716,48.8502,48.2637,48.5991,1478746
2006-10-31,48.9199,49.0945,48.867,49.0945,2541059
2006-11-01,49.0945,49.2466,48.6972,48.81,1892284
2006-11-02,48.4579,48.6826,48.1557,48.3284,1505693
2006-11-03,48.6109,48.7806,48.1273,48.4373,1230827
2006-11-06,48.6256,49.1504,48.5383,49.1024,1182809
2006-11-07,48.9513,49.1564,48.7875,48.9954,1495097
2006-11-08,48.8738,49.0631,48.3362,48.8973,1705329
2006-11-09,48.9053,48.9121,48.4295,48.6109,1431775
2006-11-10,48.7306,48.8258,48.345,48.5923,1084427
2006-11-13,48.555,49.0112,48.4491,48.5855,1231344
2006-11-14,48.6826,48.9798,48.2548,48.9199,1970784
2006-11-15,48.8404,48.9954,48.4647,48.6914,1926043
2006-11-16,48.9435,49.43,48.867,49.2113,1702717
2006-11-17,48.9719,49.0945,48.6914,48.817,1521520
2006-11-20,49.484,49.484,48.5304,49.1122,1632987
2006-11-21,49.3025,49.3398,48.8581,49.0425,2802982
2006-11-22,49.1504,49.325,49.0112,49.1122,1117918
2006-11-24,48.7806,48.8895,48.5629,48.6972,487985
2006-11-27,48.6109,48.6746,47.7035,47.7349,1569409
2006-11-28,47.5446,48.0468,47.4671,47.7594,1904712
2006-11-29,47.8477,48.4902,47.521,47.8692,2465702
2006-11-30,47.8085,47.9585,47.162,47.4897,2512275
2006-12-01,47.5446,47.5446,46.595,47.006,2394666
2006-12-04,49.1622,49.5105,48.0233,49.4928,4408885
2006-12-05,49.6076,49.6076,49.2113,49.3025,2134318
2006-12-06,49.2251,49.5164,48.9954,49.3771,2024817
2006-12-07,49.4928,50.0137,49.4526,49.5919,1798614
2006-12-08,49.5389,49.952,49.4085,49.6919,1812353
2006-12-11,49.586,49.8293,49.3162,49.5321,1614539
2006-12-12,49.4467,49.952,49.3771,49.6989,1562867
2006-12-13,50.0059,50.5071,49.9284,49.9726,1273211
2006-12-14,49.9382,50.4394,49.7381,50.3413,1390564
2006-12-15,50.6014,51.7334,50.6014,51.3577,2732459
2006-12-18,51.1752,51.3783,51.0898,51.1144,1951027
2006-12-19,51.0379,51.5804,50.878,51.5195,1715409
2006-12-20,51.5951,51.9797,51.4558,51.9227,1400376
2006-12-21,51.9609,52.0836,51.5333,51.6411,1876849
2006-12-22,51.6411,51.751,51.2125,51.3646,868563
2006-12-26,51.2125,52.0306,51.1605,51.7991,1491954
2006-12-27,52.2445,52.4044,51.9375,52.2523,745323
2006-12-28,52.2092,52.376,51.7707,51.8698,946401
2006-12-29,51.7854,51.8942,51.3783,51.549,1064805
2007-01-03,51.9855,52.1748,51.4479,52.065,3408443
2007-01-04,52.0562,52.5192,51.6343,52.4427,1997338
2007-01-05,52.3897,52.4044,52.0306,52.2807,2500766
2007-01-08,52.3436,52.8625,52.0306,52.8321,2587764
2007-01-09,52.8321,52.9988,52.1846,52.6261,2557547
2007-01-10,52.3357,53.1716,52.2229,53.0705,1974186
2007-01-11,53.3913,54.124,53.2117,54.0348,2539621
2007-01-12,54.0348,54.4919,53.8416,54.386,2732063
2007-01-16,54.4576,54.5704,53.9788,54.285,2482973
2007-01-17,54.436,55.6633,53.8837,55.0815,5095070
2007-01-18,54.436,55.2502,54.436,54.7146,2638397
2007-01-19,54.904,54.9736,54.2398,54.6842,1640704
2007-01-22,54.6136,54.6136,53.6905,53.9622,2388254
2007-01-23,53.9622,54.5204,53.8897,54.1084,2145574
2007-01-24,53.5139,54.8137,53.5139,54.8137,1604073
2007-01-25,54.7382,54.7706,53.6208,53.6758,1546509
2007-01-26,53.8102,53.9622,53.1814,53.5571,2280717
2007-01-29,53.4688,53.5433,53.0312,53.2294,1823603
2007-01-30,53.3079,53.8258,52.9871,53.6905,1711878
2007-01-31,53.4688,54.4998,53.2696,54.3075,1935461
2007-02-01,54.8137,55.1413,54.4998,54.8607,2396101
2007-02-02,55.0511,55.0815,54.4302,54.8431,1529894
2007-02-05,51.908,52.5035,50.9378,51.2743,23369438
2007-02-06,51.5039,52.4731,51.5039,52.1052,10743154
2007-02-07,52.3672,52.6055,52.1267,52.4888,4698794
2007-02-08,52.3298,52.4279,51.8403,52.1533,4200082
2007-02-09,52.321,52.5408,51.9609,52.2445,5821951
2007-02-12,52.3582,52.4279,52.0562,52.2298,2791717
2007-02-13,52.3514,52.7889,52.1846,52.6654,2686147
2007-02-14,52.8164,53.6502,52.5907,53.5649,3529265
2007-02-15,53.5571,54.0554,53.2481,53.9554,2593127
2007-02-16,53.9338,54.1712,53.4609,53.6336,2482445
2007-02-20,54.1712,54.2496,53.3491,54.0014,1485805
2007-02-21,53.7052,53.7052,53.1087,53.5806,2252197
2007-02-22,53.3815,53.6277,53.0627,53.5895,2069163
2007-02-23,53.6434,53.6434,52.5829,52.9106,2774325
2007-02-26,52.9557,53.3138,51.908,52.2807,2423392
2007-02-27,51.7569,51.8237,49.5781,49.8352,5456547
2007-02-28,49.9137,50.7122,49.5164,50.0726,4594004
2007-03-01,49.3771,50.565,48.8973,50.3188,5311135
2007-03-02,50.2089,50.8986,49.7155,49.7459,3883740
2007-03-05,50.4248,50.4248,48.4902,49.2171,3396022
2007-03-06,49.7233,50.3943,49.4692,50.3571,3938164
2007-03-07,50.1863,50.4248,49.8509,49.8665,2574292
2007-03-08,50.1118,50.6465,49.7842,50.0873,2361040
2007-03-09,50.5249,50.6769,49.6144,49.9284,2705902
2007-03-12,49.7616,50.0637,49.3575,49.3937,3621041
2007-03-13,49.0337,49.4222,47.5956,47.6035,4407707
2007-03-14,47.7849,48.5629,47.162,48.2371,4768787
2007-03-15,48.2371,48.7747,48.1694,48.6109,4843038
2007-03-16,48.7679,48.8404,48.1694,48.3548,4557761
2007-03-19,48.6109,49.2858,48.3362,48.4647,2954539
2007-03-20,48.2931,48.6658,48.246,48.3628,3297632
2007-03-21,48.4431,50.0804,48.246,49.9137,3899887
2007-03-22,49.797,49.952,49.3771,49.635,2391983
2007-03-23,50.4865,51.3223,50.2187,50.4787,3515547
2007-03-26,50.3885,50.4306,49.6851,50.2354,3549871
2007-03-27,49.8881,50.0059,49.5321,49.6684,3664083
2007-03-28,49.2858,49.7155,49.0799,49.7155,4426885
2007-03-29,50.0059,50.3413,49.325,49.7381,4537397
2007-03-30,49.844,50.0343,49.12,49.4928,2114943
2007-04-02,49.1279,49.6763,49.0799,49.4222,2399504
2007-04-03,49.7302,50.4562,49.7302,50.4562,2748532
2007-04-04,50.4474,50.6837,50.0637,50.3413,1812087
2007-04-05,50.3571,51.1429,50.1943,51.1066,2356328
2007-04-09,51.1605,51.4126,51.0487,51.2046,2641728
2007-04-10,51.1429,51.3704,50.9074,51.1144,1611140
2007-04-11,50.981,51.081,50.4865,50.5729,2639944
2007-04-12,50.5415,50.5415,50.1943,50.5327,4273337
2007-04-13,51.1909,51.1909,49.8665,50.8986,2323122
2007-04-16,51.3223,52.2357,51.3037,51.9149,4499761
2007-04-17,52.7497,52.94,52.1131,52.5192,3465904
2007-04-18,52.6654,53.2951,52.5731,52.6879,2059950
2007-04-19,52.3436,52.4593,51.9924,52.2298,2655179
2007-04-20,52.3357,53.1323,52.2897,53.1323,3226547
2007-04-23,53.6826,53.6826,52.5977,52.7497,1672831
2007-04-24,52.94,52.94,52.2298,52.6722,2094546
2007-04-25,53.0469,53.3079,52.6221,53.2951,2242096
2007-04-26,53.3491,53.3815,52.6055,52.9988,1899744
2007-04-27,52.9243,53.147,52.4123,53.1235,1539397
2007-04-30,53.4158,53.4158,52.6428,52.6428,1843028
2007-05-01,52.5977,52.9321,52.0562,52.5192,2112282
2007-05-02,52.7801,53.2951,52.5035,53.0783,1982817
2007-05-03,53.2696,53.4521,53.1323,53.4227,1443679
2007-05-04,53.506,53.5737,53.1235,53.3491,1590417
2007-05-07,53.506,53.614,53.1323,53.3736,1612090
2007-05-08,53.0705,53.196,52.7958,53.0401,1195763
2007-05-09,52.9871,53.2785,52.8095,53.2294,1398682
2007-05-10,52.9557,53.1235,51.9797,52.0689,1462110
2007-05-11,52.1454,52.4427,51.9227,52.3053,1676395
2007-05-14,52.3582,52.4367,51.5568,51.9149,1755833
2007-05-15,51.5039,52.0051,51.1066,51.1909,3693780
2007-05-16,51.5706,51.8059,50.9212,51.2488,2901693
2007-05-17,51.1291,51.5333,50.8367,51.443,2871863
2007-05-18,51.7098,52.3672,51.5882,52.2661,4030299
2007-05-21,52.1267,52.7095,51.5137,52.6487,4021002
2007-05-22,52.5731,52.6722,52.1748,52.4888,2255469
2007-05-23,52.6654,52.7242,51.9227,51.9609,2767619
2007-05-24,51.9375,52.321,50.9604,51.1673,3401249
2007-05-25,51.5951,51.7569,51.2046,51.6491,1978375
2007-05-29,51.6706,52.2092,51.4783,51.751,2318310
2007-05-30,51.5568,52.3514,51.4627,52.3131,2067568
2007-05-31,52.5829,52.7095,52.1131,52.1846,2517653
2007-06-01,52.2719,52.4946,51.8864,52.013,2327224
2007-06-04,51.3646,52.2985,51.3646,52.2661,1504155
2007-06-05,51.7266,52.5192,51.6706,52.216,3059008
2007-06-06,52.0306,52.1052,51.5882,51.7854,2758742
2007-06-07,51.4558,51.8325,50.773,50.773,2872186
2007-06-08,50.7544,51.7334,50.4865,51.7334,2737562
2007-06-11,51.6088,52.2582,51.3704,52.0993,2101131
2007-06-12,51.9609,51.9609,51.0291,51.0291,1927892
2007-06-13,51.2488,52.5408,50.2276,52.5408,2632639
2007-06-14,52.3131,52.8488,52.2298,52.5643,2513968
2007-06-15,53.0136,53.506,52.6555,53.3815,3473603
2007-06-18,53.5806,53.6983,53.0941,53.6983,2159151
2007-06-19,53.4452,53.9338,53.2569,53.8504,2000877
2007-06-20,53.9171,53.9465,53.0214,53.0214,2810254
2007-06-21,52.9243,53.2569,52.1356,53.0627,2673323
2007-06-22,52.5643,52.9175,51.9924,52.2229,2630696
2007-06-25,52.7399,53.0852,52.0306,52.1131,3197387
2007-06-26,52.2298,52.7653,51.7707,51.7923,3625833
2007-06-27,51.4028,52.5731,51.1752,52.5358,2904892
2007-06-28,52.4681,53.0401,52.168,52.7958,3010756
2007-06-29,52.8949,53.0852,51.7707,52.2807,10710446
2007-07-02,52.1846,53.196,51.7628,52.5123,9529558
2007-07-03,52.5476,53.8023,52.5408,53.7719,3814340
2007-07-05,53.7425,54.2085,53.3736,53.4904,3183914
2007-07-06,53.4904,53.5983,52.9557,53.3913,2779957
2007-07-09,53.4904,53.506,52.6948,52.7653,3712096
2007-07-10,52.5476,52.5907,51.6922,51.6922,4783272
2007-07-11,51.443,51.9531,51.2645,51.6844,3837168
2007-07-12,52.1356,52.8321,51.6491,52.6261,4430268
2007-07-13,52.8321,53.6277,52.4946,53.5208,4458854
2007-07-16,53.3569,54.0103,53.2951,53.8023,4782659
2007-07-17,55.2247,56.1341,54.436,54.9324,7553321
2007-07-18,55.576,56.3784,53.8102,54.5792,5527605
2007-07-19,55.1875,55.8752,54.131,54.5704,3814687
2007-07-20,55.2336,55.2336,52.84,53.506,4956642
2007-07-23,54.6499,55.0354,53.8975,54.1456,4793906
2007-07-24,54.7382,54.7382,52.2661,52.4731,6257011
2007-07-25,52.7399,53.4452,51.7569,52.9734,5126703
2007-07-26,51.5264,52.2661,50.7466,51.5882,7033151
2007-07-27,51.3135,52.321,50.7083,50.9908,5341644
2007-07-30,50.9152,52.2719,50.3885,52.0051,5288990
2007-07-31,52.7016,53.4001,51.1605,51.235,5243345
2007-08-01,51.8325,51.8325,49.5781,51.3646,8297198
2007-08-02,52.0306,52.5907,51.2488,52.2229,5879414
2007-08-03,52.8861,52.8861,50.5071,50.6553,6688185
2007-08-06,51.2556,52.8027,50.0343,52.7016,7134482
2007-08-07,52.2582,54.1859,51.9609,53.4001,6408052
2007-08-08,53.506,55.7427,53.3491,55.0815,7156067
2007-08-09,53.9269,54.798,51.8942,53.9338,8549049
2007-08-10,53.4688,53.4688,50.104,51.9983,11548169
2007-08-13,53.506,53.506,52.1052,52.3436,12731997
2007-08-14,52.6055,52.6428,49.8293,49.8665,8062641
2007-08-15,49.6527,49.6606,47.3984,47.7917,10839415
2007-08-16,47.5907,47.936,45.1981,47.4416,17751040
2007-08-17,49.5321,50.4474,48.3215,48.9199,9672298
2007-08-20,48.7953,49.2319,47.5524,47.832,7593095
2007-08-21,47.4995,47.8242,46.1594,46.5744,18117764
2007-08-22,47.4995,48.8502,47.2611,48.2078,10437408
2007-08-23,48.7875,49.3653,48.0046,48.6746,6631116
2007-08-24,48.5991,49.2701,48.4029,49.1504,6462218
2007-08-27,49.1436,49.3104,48.6051,48.8258,3304913
2007-08-28,46.4812,47.7506,46.282,46.748,14680929
2007-08-29,46.8559,46.9805,45.9387,46.6264,10797057
2007-08-30,46.1143,46.6175,45.3324,45.4658,8699103
2007-08-31,46.491,47.1767,46.2977,46.9,7284993
2007-09-04,47.1767,48.3628,46.9,47.8958,6193500
2007-09-05,47.2366,47.6191,46.7342,47.37,6816893
2007-09-06,47.3071,48.1557,47.2993,47.8546,4291922
2007-09-07,47.0502,47.7202,46.4018,46.5792,8329911
2007-09-10,46.8687,47.0502,45.5787,46.2379,5061450
2007-09-11,46.6175,47.37,46.4733,46.7422,5377268
2007-09-12,46.5125,47.5602,46.4164,47.1699,4798927
2007-09-13,47.5602,48.6051,47.419,48.5138,5358730
2007-09-14,48.2715,49.7754,47.9026,49.5683,7565748
2007-09-17,49.3025,49.4016,48.7306,49.1122,6265576
2007-09-18,49.5232,51.4479,49.2858,51.235,7737791
2007-09-19,50.7632,52.6654,50.7632,51.8059,6099956
2007-09-20,51.5636,51.7628,50.7289,50.7956,4025037
2007-09-21,51.0379,51.4558,50.3943,51.1517,3729368
2007-09-24,51.2743,51.6255,50.6621,50.8437,2920065
2007-09-25,50.5071,51.5333,50.4474,50.929,3532865
2007-09-26,51.3646,52.1052,51.0438,51.6922,4878852
2007-09-27,51.9699,52.6722,51.7707,52.2445,5013045
2007-09-28,52.1267,52.6555,51.7991,52.0993,2367977
2007-10-01,51.9002,53.9338,51.8786,53.8897,6035198
2007-10-02,53.506,53.506,51.9306,52.168,7868224
2007-10-03,52.0208,52.7095,51.9002,52.065,4132312
2007-10-04,52.3436,52.5731,51.908,52.1454,3273213
2007-10-05,51.7854,52.0905,51.0487,51.495,6494268
2007-10-08,51.4204,52.2445,51.2125,51.8698,2552098
2007-10-09,51.7775,52.8861,51.6491,52.8164,4809477
2007-10-10,52.8164,53.7798,52.6055,53.4982,5415858
2007-10-11,53.5895,54.745,52.8566,53.506,4842578
2007-10-12,53.506,53.7876,52.9175,53.4904,4216397
2007-10-15,53.2637,53.3236,52.2445,52.6879,6284423
2007-10-16,54.1859,57.3025,52.7653,57.0817,19422808
2007-10-17,57.3446,58.2913,55.264,57.5183,8918372
2007-10-18,57.021,57.8861,56.6756,57.7959,5097430
2007-10-19,57.6095,58.8034,56.5618,56.6599,5661557
2007-10-22,56.0664,57.7723,56.0193,57.6478,4488556
2007-10-23,57.894,58.9564,57.894,58.9564,4078152
2007-10-24,58.7494,58.7494,56.503,57.8362,9229218
2007-10-25,58.0088,59.3537,57.3103,58.0912,7065073
2007-10-26,59.2664,60.578,58.2433,60.3073,5469893
2007-10-29,60.3936,60.4769,59.1154,59.8638,3363440
2007-10-30,59.8501,61.1587,59.445,60.0786,3637262
2007-10-31,60.1081,61.1499,59.2586,60.9753,4521783
2007-11-01,59.9443,60.0257,56.3048,56.3716,10140804
2007-11-02,56.7767,57.3368,55.0265,56.8836,6990657
2007-11-05,55.7123,58.6278,55.3385,58.1049,6652477
2007-11-06,58.5523,60.6751,58.1216,60.6369,5317608
2007-11-07,60.0031,60.2032,58.1382,58.2579,6037168
2007-11-08,58.5435,59.4577,56.6599,58.773,7439508
2007-11-09,56.2823,57.8254,54.8431,56.6275,12516389
2007-11-12,56.4137,58.464,56.1517,57.1053,5856235
2007-11-13,57.7008,59.9649,57.4183,59.9502,6976050
2007-11-14,60.1081,60.3788,58.8867,58.9496,5698214
2007-11-15,59.0996,59.1947,56.7767,57.328,9518505
2007-11-16,57.7792,58.8132,55.8457,57.6704,12193244
2007-11-19,57.1916,58.464,56.3627,58.2325,9607014
2007-11-20,58.4365,59.8854,57.0602,59.1693,8512831
2007-11-21,58.7984,59.3537,57.0886,57.9323,5868254
2007-11-23,58.9015,59.7794,58.5709,59.4371,2019154
2007-11-26,59.4371,59.8776,56.4715,56.7531,6154319
2007-11-27,57.014,57.535,55.7594,57.3201,5711408
2007-11-28,57.5957,60.8576,57.3201,60.3073,8220667
2007-11-29,59.9933,60.3327,58.6346,60.0571,4877455
2007-11-30,60.8968,62.6783,60.4848,61.0636,6633982
2007-12-03,61.2304,61.8042,59.2037,59.6362,4898648
2007-12-04,59.1879,59.6883,58.7023,58.7642,4315097
2007-12-05,59.237,59.6735,57.5957,59.5607,4471238
2007-12-06,59.5371,61.1744,59.1222,61.0254,3625154
2007-12-07,61.2617,61.9622,60.5476,60.9046,3543636
2007-12-10,60.9497,63.0609,60.9497,62.8637,2952640
2007-12-11,63.0844,63.0844,59.3537,59.6068,4360509
2007-12-12,60.8301,61.402,58.667,60.0424,5175066
2007-12-13,59.6284,60.683,58.9191,60.5839,3478283
2007-12-14,60.3788,61.0704,59.2664,59.3537,3002861
2007-12-17,58.977,60.2406,58.8525,59.1477,3095889
2007-12-18,60.2484,60.2484,57.6252,59.1605,4103115
2007-12-19,59.5529,60.5476,58.9015,59.7794,2614826
2007-12-20,60.1022,61.2117,58.8446,60.6751,3232242
2007-12-21,61.2695,62.2947,60.7673,61.4913,4352655
2007-12-24,61.1842,63.0609,61.1842,62.8549,1172257
2007-12-26,62.2201,62.8695,61.6453,62.3182,1679163
2007-12-27,62.2133,62.9854,61.6277,61.7395,2037231
2007-12-28,62.2869,62.5086,61.4383,61.6767,1970157
2007-12-31,61.3804,62.6783,60.9851,62.0661,1901950
2008-01-02,61.7551,61.9818,59.7794,60.2915,3458564
2008-01-03,63.1649,66.0882,62.9912,65.2544,14423509
2008-01-04,63.8495,66.1568,62.3938,62.5409,10023856
2008-01-07,63.0441,64.0762,61.6992,62.9775,7165707
2008-01-08,63.0756,64.6413,62.1054,62.1976,8342673
2008-01-09,62.128,64.1605,60.6545,64.1527,7118149
2008-01-10,63.5484,64.704,61.3324,63.7093,7536524
2008-01-11,63.0059,64.9679,62.3496,63.2904,7377998
2008-01-14,63.7622,65.2749,62.1426,64.861,6955125
2008-01-15,61.9465,62.8234,59.7039,61.0126,10743323
2008-01-16,60.6123,63.7544,59.6206,62.2505,6654268
2008-01-17,62.5567,63.4562,57.0454,57.328,11272718
2008-01-18,57.8362,58.7553,55.2797,56.6275,11069372
2008-01-22,53.5139,59.2586,53.5139,57.2436,10005575
2008-01-23,56.9827,61.6992,54.8607,60.7271,10675085
2008-01-24,61.196,63.0059,60.1159,62.4027,10341804
2008-01-25,63.1216,63.1216,59.5283,60.0188,6896765
2008-01-28,60.0188,60.8654,58.8525,60.8654,4658765
2008-01-29,61.1499,61.5727,59.8119,61.1127,5026262
2008-01-30,60.7987,63.5141,59.445,61.2028,6741801
2008-01-31,59.7658,63.3493,59.3301,62.7705,7107293
2008-02-01,62.4261,64.5912,62.4163,64.1841,5674111
2008-02-04,63.8251,64.139,62.7145,63.2198,5404003
2008-02-05,62.4027,63.1825,61.5168,61.7228,5833973
2008-02-06,60.5898,62.8088,60.4299,61.0949,5477782
2008-02-07,61.0184,64.1763,60.6751,63.4984,6102764
2008-02-08,62.8637,63.9712,61.9818,63.0923,4041701
2008-02-11,63.4396,64.7422,62.0955,63.8182,5443423
2008-02-12,64.139,65.0504,62.5625,63.618,4286575
2008-02-13,64.1685,64.4,62.1888,63.4738,4211221
2008-02-14,63.3719,64.1685,62.6008,62.6478,4339513
2008-02-15,63.0059,64.1527,61.9622,64.1459,3845762
2008-02-19,64.6491,65.5506,62.8166,63.4984,3610603
2008-02-20,63.0363,64.9679,62.5233,64.8934,5472824
2008-02-21,65.0788,65.1582,62.8637,62.8981,4262371
2008-02-22,62.6783,63.0521,60.3994,62.434,6423235
2008-02-25,61.7395,63.9555,61.196,63.5759,5425171
2008-02-26,63.0295,63.9388,62.7235,63.2904,4956131
2008-02-27,62.7813,64.4,62.6174,63.5357,4514729
2008-02-28,62.954,63.5357,62.1574,62.4566,2809827
2008-02-29,61.8837,61.8837,59.5902,60.0424,4486965
2008-03-03,59.4371,60.216,58.0519,59.3851,4582190
2008-03-04,58.9496,60.1159,58.1667,59.6971,6221570
2008-03-05,60.0031,61.1892,58.9623,59.9208,4833476
2008-03-06,59.5902,59.7216,58.0519,58.1128,5229898
2008-03-07,57.6478,59.6146,56.7923,58.2736,5516009
2008-03-10,58.2227,58.9103,55.5465,55.5916,7599171
2008-03-11,57.376,59.7716,56.8081,59.5902,7854104
2008-03-12,59.3155,61.1587,58.9191,59.2095,4075256
2008-03-13,58.4228,61.0558,56.9905,60.5839,5753589
2008-03-14,61.1185,61.1499,56.9003,58.1844,7828089
2008-03-17,53.5433,57.8048,53.3138,57.1053,10354964
2008-03-18,58.7553,62.1123,58.0981,62.1123,8395359
2008-03-19,62.6783,63.3885,59.6068,59.9786,5665893
2008-03-20,60.0571,63.9388,59.9786,63.7927,7170011
2008-03-24,63.932,65.1307,62.8833,63.0609,6838331
2008-03-25,62.5008,64.5824,61.6836,64.2694,4346402
2008-03-26,62.9854,63.3973,61.5482,61.6129,5796295
2008-03-27,61.7169,63.4738,61.1587,61.4825,5096548
2008-03-28,61.8209,62.488,59.9502,60.1022,3939770
2008-03-31,60.2032,61.3392,59.0624,60.3867,5111840
2008-04-01,61.2559,64.9621,61.2559,64.8571,5399957
2008-04-02,64.8571,64.9855,62.9775,63.7858,5490264
2008-04-03,63.6348,64.8197,63.258,64.3431,3730245
2008-04-04,63.9899,64.9679,62.488,63.9388,5441186
2008-04-07,64.8286,65.2102,63.0295,63.315,5186662
2008-04-08,62.9912,63.5209,62.0907,62.5871,4363285
2008-04-09,62.4958,63.3493,60.7271,60.9851,5790981
2008-04-10,60.7271,62.1054,60.2092,60.991,3738684
2008-04-11,60.1395,62.2427,59.9364,60.6369,3466051
2008-04-14,60.0786,61.0254,58.7181,58.7494,4709441
2008-04-15,60.0424,61.1185,52.4427,52.9175,29374279
2008-04-16,52.9243,52.994,50.6229,52.9027,17879173
2008-04-17,52.6349,53.9386,51.6922,53.7503,8795493
2008-04-18,54.7646,55.6563,52.3436,52.3897,8926478
2008-04-21,52.0051,52.9106,51.0241,51.0732,8013032
2008-04-22,51.2046,51.601,50.153,50.1863,6796972
2008-04-23,51.2046,51.2871,49.6919,50.8613,8231724
2008-04-24,50.4562,53.3491,50.4562,52.994,7826292
2008-04-25,53.1382,55.0599,52.994,54.9893,6268223
2008-04-28,55.0354,55.8005,54.7048,55.4837,5563167
2008-04-29,55.1649,56.1263,54.8431,55.6161,4466213
2008-04-30,55.3013,56.4951,54.8206,55.6161,5581769
2008-05-01,55.1717,57.9519,53.8318,57.5957,5037624
2008-05-02,58.2069,59.5744,57.0739,57.7008,4119010
2008-05-05,57.2289,57.6331,56.0076,56.4402,3919219
2008-05-06,55.6319,58.2491,55.1717,58.0333,4137784
2008-05-07,57.014,58.2491,57.014,57.1985,3254212
2008-05-08,56.3627,56.3627,55.2188,55.5916,6599596
2008-05-09,55.264,56.2665,54.9324,55.2041,2848055
2008-05-12,55.0354,57.1288,54.2565,57.0739,3720624
2008-05-13,56.0508,57.3819,54.0181,54.1456,7773665
2008-05-14,54.745,56.1263,54.1456,55.8683,6418029
2008-05-15,55.6563,57.0886,55.313,57.0386,4363188
2008-05-16,57.2436,57.2436,55.3719,55.5995,4199134
2008-05-19,55.6319,57.1848,55.2797,55.5073,4106291
2008-05-20,55.2247,55.7839,54.2398,54.5204,3864651
2008-05-21,54.4105,55.3473,53.3354,53.3913,5224464
2008-05-22,52.9988,54.6499,52.8164,54.1152,4114892
2008-05-23,53.8102,54.0181,53.302,53.3354,3175389
2008-05-27,53.4688,54.8529,53.4688,54.3144,2210624
2008-05-28,54.386,54.6499,53.6061,54.4302,3301785
2008-05-29,54.5371,55.8085,54.3389,55.2502,2330446
2008-05-30,55.5239,55.7348,54.7646,55.0511,2594283
2008-06-02,54.8765,54.9579,53.506,54.3144,4048671
2008-06-03,54.4674,55.6319,54.0427,54.5459,10863753
2008-06-04,53.3491,54.4576,52.9321,54.1388,34053803
2008-06-05,54.6204,54.9579,53.506,54.3929,9683418
2008-06-06,53.8975,54.0946,51.9797,51.9924,9549400
2008-06-09,52.7575,53.0068,50.153,51.1752,8350942
2008-06-10,50.9908,52.7889,50.8279,52.1611,10061567
2008-06-11,52.9469,53.3354,51.9306,51.9609,8494213
2008-06-12,51.908,53.506,51.7775,52.3966,7040929
2008-06-13,52.7801,53.4305,52.013,53.4001,6316217
2008-06-16,53.0852,53.6758,52.216,52.6654,6650678
2008-06-17,53.3284,53.4364,51.5333,51.5333,6620522
2008-06-18,51.5333,51.7569,50.565,50.8907,10601900
2008-06-19,50.9447,52.5476,50.2796,52.3897,7720310
2008-06-20,50.2276,52.9871,50.1805,51.7775,8485556
2008-06-23,52.0836,52.0836,50.6229,50.8525,3781190
2008-06-24,50.6396,52.7242,50.2433,51.8864,4750911
2008-06-25,51.9855,53.2206,51.3489,51.7412,6020259
2008-06-26,50.5484,51.6167,50.3639,50.5846,5468856
2008-06-27,50.8437,50.9604,48.3284,48.9297,11561657
2008-06-30,48.7747,51.0438,48.345,48.9121,4610956
2008-07-01,48.2078,49.2397,47.0502,48.1694,9389481
2008-07-02,48.81,49.2946,46.9442,46.9933,7264390
2008-07-03,47.2366,48.3628,46.4341,47.3926,3147292
2008-07-07,48.5923,48.6178,44.3132,44.9322,10545981
2008-07-08,45.8318,47.9105,44.6242,47.4053,12204257
2008-07-09,47.5828,47.9654,45.1422,45.5257,8306377
2008-07-10,45.7327,46.8255,44.6919,46.1516,7634562
2008-07-11,45.098,46.5744,44.2337,45.5257,7247065
2008-07-14,45.9544,47.5142,42.0412,42.573,11314337
2008-07-15,44.5418,48.0586,42.6357,45.5944,20099096
2008-07-16,46.3968,51.0075,45.9544,50.7956,12390541
2008-07-17,51.751,53.3138,50.2943,52.6261,12798699
2008-07-18,53.2951,53.4688,50.4474,53.3648,7331358
2008-07-21,53.3648,53.8504,51.8864,52.1533,7123870
2008-07-22,52.1611,56.8375,51.1752,56.7443,9905438
2008-07-23,56.4853,57.2142,53.6758,54.9098,10288189
2008-07-24,54.8687,55.934,52.376,52.7164,9494029
2008-07-25,52.9469,54.7646,52.0306,53.9386,6788502
2008-07-28,53.1744,54.9177,51.4362,51.5951,5535807
2008-07-29,51.8492,55.4396,51.6844,55.3944,8025214
2008-07-30,55.4474,56.5854,53.7337,55.1325,7265833
2008-07-31,54.2163,55.6161,53.6826,54.7558,6503886
2008-08-01,54.5204,55.3219,52.7889,54.59,4868418
2008-08-04,54.3477,54.4851,52.3897,53.6502,4259404
2008-08-05,54.5135,56.3538,54.0495,56.1675,5290927
2008-08-06,55.8379,56.4265,54.949,55.6563,4776406
2008-08-07,54.8529,55.8526,53.1627,53.5208,7956544
2008-08-08,53.9386,55.258,52.1131,54.7558,5328664
2008-08-11,55.0197,56.5922,53.7719,55.8291,5818058
2008-08-12,54.8607,55.1158,51.7177,52.2523,6704048
2008-08-13,51.9609,52.6261,50.3885,50.9908,6377023
2008-08-14,50.6082,52.8861,50.2433,52.3298,5263914
2008-08-15,52.6221,53.9956,52.0905,52.9321,4170955
2008-08-18,53.1235,53.1235,51.2556,51.5264,3569763
2008-08-19,51.1605,51.7628,49.325,49.6204,5516395
2008-08-20,49.586,50.7632,48.7953,50.6465,5142185
2008-08-21,48.7679,50.6229,48.7679,50.0137,4488285
2008-08-22,50.5249,51.2125,49.7302,51.1752,3840572
2008-08-25,50.6229,51.0241,49.5105,49.5988,3917329
2008-08-26,49.6527,50.5415,49.2251,50.2943,3694166
2008-08-27,49.332,51.1291,49.332,50.773,3189778
2008-08-28,51.3312,52.4123,50.7544,52.3436,4248380
2008-08-29,51.6706,52.4946,51.4028,51.7266,2957212
2008-09-02,52.5555,53.667,51.4126,52.3672,5785440
2008-09-03,52.1611,53.506,51.8325,52.8694,5762350
2008-09-04,52.0562,52.4279,50.6837,50.9152,5939349
2008-09-05,50.3413,52.0905,49.4467,51.8786,6322136
2008-09-08,54.1456,56.3716,53.6208,55.8153,10688906
2008-09-09,55.4238,56.3264,53.0705,53.0941,8536521
2008-09-10,53.7219,54.5135,51.7412,53.196,6947342
2008-09-11,53.196,55.4915,51.081,55.416,6883834
2008-09-12,54.642,55.5239,53.6277,54.8058,7388093
2008-09-15,52.1748,55.2924,52.1748,53.147,15297635
2008-09-16,50.4474,54.8981,50.256,54.8431,11448147
2008-09-17,53.5433,53.8837,48.246,49.4928,14201363
2008-09-18,50.5071,52.5123,22.2371,45.098,90291485
2008-09-19,52.6487,52.7497,42.6985,46.2045,23542353
2008-09-22,46.6175,50.8123,43.5588,44.328,6097823
2008-09-23,43.6383,43.9493,40.0126,41.2976,8346564
2008-09-24,42.72,42.72,38.078,40.5855,7513513
2008-09-25,40.7247,45.8603,39.9243,45.8603,6137894
2008-09-26,43.185,46.2438,41.2535,46.2438,7982777
2008-09-29,43.3911,43.9571,31.529,33.6312,12573124
2008-09-30,36.6497,44.9802,36.3397,43.4784,12324789
2008-10-01,42.8211,43.3686,40.3412,42.4679,7038219
2008-10-02,43.5146,43.5146,39.5937,39.6261,5314274
2008-10-03,41.0465,43.5676,31.6516,35.8933,12798722
2008-10-06,34.0109,36.9725,28.0445,32.1038,12846057
2008-10-07,34.4327,40.3186,30.5362,30.5362,14258816
2008-10-08,29.047,34.6475,28.3898,33.3281,18653196
2008-10-09,34.8153,36.4908,31.3376,31.3376,14712900
2008-10-10,29.8073,36.8793,29.2472,33.0211,17915617
2008-10-13,35.5334,38.1427,32.1116,36.9568,9615313
2008-10-14,41.5037,44.3691,40.2117,43.3312,20976523
2008-10-15,40.35,40.5119,35.5677,35.7962,16950723
2008-10-16,36.4908,36.6909,29.7278,34.4661,19028941
2008-10-17,33.488,34.0109,30.5961,31.1562,15518396
2008-10-20,31.5457,32.0038,29.3197,30.5735,9943623
2008-10-21,30.1615,32.5639,29.617,30.2703,7369501
2008-10-22,29.1677,30.5304,26.2915,27.5629,7380443
2008-10-23,28.6773,28.945,26.0364,28.4722,9044962
2008-10-24,25.178,29.3884,25.1487,28.7468,8468305
2008-10-27,27.4382,29.5121,27.2822,27.2822,6489703
2008-10-28,28.8107,32.4374,26.7505,31.9566,10363761
2008-10-29,31.7143,33.6479,30.7883,31.318,8749705
2008-10-30,33.3045,33.6312,31.2003,32.4374,7859473
2008-10-31,32.5169,33.9491,31.8036,33.1358,5892471
2008-11-03,33.3801,33.9765,32.5169,33.4419,6207267
2008-11-04,33.3801,35.7639,33.3801,35.3597,6499154
2008-11-05,34.7495,36.4986,32.5482,32.6855,6863325
2008-11-06,32.5247,34.1129,30.4293,30.7707,7775113
2008-11-07,30.9728,33.0799,30.8795,32.8455,6300663
2008-11-10,33.0289,34.1295,30.4901,31.5142,5638655
2008-11-11,31.2465,34.3424,31.0551,32.2343,12451387
2008-11-12,30.9629,32.7376,29.8888,30.1409,6335197
2008-11-13,30.6804,32.6375,27.1861,32.2804,9893835
2008-11-14,31.4073,32.3226,29.3277,29.7278,5793680
2008-11-17,29.3197,29.8662,28.0377,28.2211,5185311
2008-11-18,27.9454,28.4722,26.1973,27.3333,8647941
2008-11-19,27.3098,27.5629,22.8462,23.1827,9132443
2008-11-20,22.6177,25.2164,21.4463,21.9281,10701775
2008-11-21,22.7844,24.5217,21.5857,24.2912,10549686
2008-11-24,25.7441,28.2053,24.4815,27.5844,9180477
2008-11-25,29.2658,29.6072,27.2646,28.8548,8645213
2008-11-26,27.2892,31.1856,26.9419,31.0699,7559400
2008-11-28,31.0699,32.4854,30.497,32.1863,2399102
2008-12-01,30.8629,31.3376,26.8909,27.0841,7664989
2008-12-02,27.4245,28.4791,26.0747,28.2289,6116179
2008-12-03,27.9896,28.2289,26.5995,27.9748,7859584
2008-12-04,27.9376,30.8717,27.4245,28.5242,7127441
2008-12-05,27.6865,30.8717,26.9419,30.7883,8335655
2008-12-08,31.7143,33.9559,31.3671,33.5341,7312855
2008-12-09,33.0211,34.8918,31.6143,31.9498,8543096
2008-12-10,32.3727,33.3213,31.1101,31.9194,5345358
2008-12-11,31.3592,32.8455,29.26,29.6347,7065312
2008-12-12,28.6645,29.5209,25.7441,28.4634,16531900
2008-12-15,28.7949,28.7949,26.2797,26.934,6831902
2008-12-16,27.3981,30.0114,26.8378,29.7485,11591801
2008-12-17,29.6974,31.7507,29.0638,30.8128,7385104
2008-12-18,31.4916,31.834,29.7044,29.8584,6378699
2008-12-19,29.0009,31.3308,29.0009,30.8432,6168759
2008-12-22,30.7511,30.9629,28.3898,28.9176,3990771
2008-12-23,29.7701,29.7935,27.913,27.9896,4162502
2008-12-24,28.7302,28.7302,27.5167,28.3025,1073061
2008-12-26,28.4957,28.6105,27.2734,27.3981,2936702
2008-12-29,27.4039,27.7001,26.0815,27.349,4126036
2008-12-30,27.3568,28.7763,27.349,28.7125,5126629
2008-12-31,28.8548,30.3586,28.2436,30.0614,4069883
2009-01-02,30.2076,31.6761,29.2306,31.4142,4267259
2009-01-05,31.3308,32.6855,30.9629,31.7448,6295371
2009-01-06,32.6551,34.206,31.834,33.8392,5911537
2009-01-07,32.8621,35.2283,31.6438,32.2716,9783746
2009-01-08,31.9704,33.2182,31.684,33.0367,7401707
2009-01-09,33.0367,33.6312,31.4309,31.7664,4375010
2009-01-12,31.7213,31.7507,29.3355,29.8073,5169238
2009-01-13,29.4287,30.1918,28.5321,29.7044,7563970
2009-01-14,28.5017,28.9323,27.9984,28.3505,5953089
2009-01-15,28.2888,30.0761,27.0988,29.047,7466444
2009-01-16,29.824,29.9378,26.6632,27.7864,11640534
2009-01-20,15.2033,15.4339,11.0283,11.3824,100288090
2009-01-21,12.1289,13.7593,11.6571,13.0491,61681217
2009-01-22,13.0403,16.7759,12.8725,16.0274,43888864
2009-01-23,15.2554,15.4192,13.4552,14.8511,25180194
2009-01-26,15.0719,16.4247,14.5853,15.6517,18220875
2009-01-27,16.0048,16.4335,14.3156,14.9963,18807330
2009-01-28,17.4185,20.0259,17.3144,19.6983,44375028
2009-01-29,18.7339,19.7198,18.1159,18.3965,16430412
2009-01-30,18.5515,19.0577,17.4419,17.7843,18478222
2009-02-02,17.496,18.3014,17.0741,17.9698,13766857
2009-02-03,18.2435,18.7339,17.2831,18.4828,14696828
2009-02-04,18.8507,19.298,17.6029,18.4446,10194774
2009-02-05,18.2061,21.365,17.7716,21.051,30215513
2009-02-06,21.7073,24.8259,21.0412,23.3073,31221783
2009-02-09,23.6379,23.9165,22.4627,23.3357,9084967
2009-02-10,22.8227,23.3357,20.0828,20.3389,17678500
2009-02-11,20.691,22.2066,20.691,21.7701,12779768
2009-02-12,20.8912,21.3179,19.6521,21.0961,12757601
2009-02-13,20.8666,21.2865,20.3389,20.6381,8774214
2009-02-17,19.5207,19.6374,17.7275,17.7411,15026502
2009-02-18,18.3464,18.4357,16.9387,18.0992,11954060
2009-02-19,18.3533,18.9262,17.1085,17.1663,8409749
2009-02-20,16.5414,17.6264,15.8988,17.3644,16430113
2009-02-23,18.4053,18.5907,16.9142,17.0446,11604113
2009-02-24,17.1585,20.7695,16.4629,20.2466,18078862
2009-02-25,20.1309,20.7616,19.0017,19.6983,16146046
2009-02-26,20.8264,22.6255,20.2712,20.7695,19430549
2009-02-27,19.3225,20.6381,18.3464,19.3127,13024079
2009-03-02,17.3821,18.6584,16.4708,16.7032,16962497
2009-03-03,17.5273,17.5656,15.7772,16.6699,17395136
2009-03-04,17.1898,17.802,16.0744,17.0388,15666906
2009-03-05,16.2893,16.3982,14.0723,14.759,19339991
2009-03-06,14.8511,15.6164,13.2541,13.7447,16592120
2009-03-09,13.3768,14.4716,12.9618,13.4621,14541217
2009-03-10,14.6304,15.9322,14.0889,15.9077,16811099
2009-03-11,15.9843,17.3518,15.3701,16.7837,15107743
2009-03-12,16.7543,18.2925,15.8204,18.2267,17215467
2009-03-13,18.4141,18.4141,16.5414,17.3203,16370545
2009-03-16,17.7333,19.4284,17.647,17.6716,15177533
2009-03-17,17.39,19.6296,17.2291,19.5599,14416899
2009-03-18,19.2411,22.3106,18.9743,22.2066,22330211
2009-03-19,22.4696,22.5863,20.4615,20.6753,16725656
2009-03-20,20.7616,20.9677,18.8507,18.8703,16101297
2009-03-23,20.2466,23.0915,19.9278,22.9071,18513863
2009-03-24,22.3646,24.5217,21.9761,22.2871,20587631
2009-03-25,22.9306,24.1,21.0903,22.7992,16910401
2009-03-26,23.2425,23.4309,22.1213,23.0228,14791896
2009-03-27,22.8885,24.1892,22.5569,23.3975,15691219
2009-03-30,22.3881,22.9678,21.3336,21.3875,17375326
2009-03-31,22.3018,24.2402,22.0909,23.5281,18491691
2009-04-01,23.0846,24.4374,22.4872,23.3357,17434867
2009-04-02,25.0328,25.0682,23.015,24.1971,23862897
2009-04-03,24.3609,25.386,23.8497,25.3615,13551710
2009-04-06,24.7582,25.8216,23.893,25.3536,15424065
2009-04-07,24.4226,25.6057,24.1215,24.6719,14911279
2009-04-08,23.8497,24.3834,23.0846,23.7624,15737429
2009-04-09,25.2644,28.1671,24.459,27.759,25280496
2009-04-13,26.9281,30.1026,26.4249,29.8338,14756318
2009-04-14,29.047,29.1923,26.2405,26.3925,19546711
2009-04-15,25.9207,27.4039,25.2242,27.2822,13741701
2009-04-16,27.4814,27.502,24.3766,26.211,23556250
2009-04-17,26.5318,27.1352,25.1849,26.0747,16797825
2009-04-20,25.232,25.4507,23.2916,23.4309,17269659
2009-04-21,21.6239,27.6707,21.4081,27.6324,27959273
2009-04-22,26.4622,28.2053,25.8127,25.9785,22299092
2009-04-23,26.3719,28.3957,25.8216,28.1278,15353324
2009-04-24,28.2819,29.0009,26.9507,28.4212,17396909
2009-04-27,27.5167,28.2819,26.4769,26.8202,14418113
2009-04-28,25.9343,26.3631,25.336,25.6057,14869894
2009-04-29,25.9962,26.8154,25.7981,26.2189,14325863
2009-04-30,26.5759,26.5759,25.6057,26.0855,13898294
2009-05-01,25.8883,26.6083,25.6666,26.2405,7607827
2009-05-04,26.728,28.7548,26.4475,28.5507,17521276
2009-05-05,27.8012,28.1416,26.6554,26.9144,13540117
2009-05-06,27.7384,30.6746,27.2351,29.9074,21246019
2009-05-07,32.3481,32.4462,27.9748,28.9176,25207892
2009-05-08,30.8874,33.6312,29.7485,33.4419,23741274
2009-05-11,32.3383,32.6463,29.617,29.719,17569655
2009-05-12,30.1409,30.4047,28.0533,29.3541,15601674
2009-05-13,29.6896,30.1026,27.7864,28.1504,15914339
2009-05-14,28.1278,30.4832,27.8993,29.9869,14678658
2009-05-15,29.9241,30.1095,29.0333,29.4355,10880418
2009-05-18,29.1521,31.9959,29.1363,31.941,35665176
2009-05-19,32.404,33.9226,31.8036,33.0289,77856743
2009-05-20,33.6813,33.9981,31.318,31.629,30255310
2009-05-21,31.5457,33.2957,31.3985,33.0966,21635128
2009-05-22,32.7159,33.2182,32.2195,32.77,10386003
2009-05-26,32.3952,33.9138,32.1705,33.897,14142506
2009-05-27,33.8588,34.3964,32.8769,33.0436,14828232
2009-05-28,33.4096,34.3896,33.3948,34.16,11907378
2009-05-29,34.4729,35.5833,33.693,35.5068,14545931
2009-06-01,35.8777,36.4986,35.2587,35.5981,14836364
2009-06-02,35.1616,36.2524,35.1115,35.9248,10266896
2009-06-03,35.6638,35.8218,34.5436,35.1076,8948787
2009-06-04,35.193,37.4512,35.1616,37.4178,11522979
2009-06-05,37.459,37.6101,35.5903,36.1318,10958826
2009-06-08,35.6962,36.8116,35.4726,36.2367,9228961
2009-06-09,36.7341,37.1931,36.0483,36.8871,8001671
2009-06-10,36.9725,36.9725,35.3205,35.8336,8686534
2009-06-11,35.8041,37.048,35.6874,36.3613,8470388
2009-06-12,36.0611,36.6076,35.862,36.3554,5403148
2009-06-15,36.1151,36.3094,35.2214,35.3686,6505938
2009-06-16,35.6874,35.8698,34.1678,34.4023,8002924
2009-06-17,34.3896,35.5068,33.6145,34.5867,9876396
2009-06-18,34.6328,35.7345,34.2248,35.605,8729879
2009-06-19,35.8698,36.8204,35.4401,36.6576,11348463
2009-06-22,36.2309,36.276,33.8902,33.9402,11729877
2009-06-23,34.2336,35.0301,33.9226,34.2728,9071962
2009-06-24,34.6015,36.0405,34.2728,35.5765,7314246
2009-06-25,35.3116,36.3976,35.0448,36.2946,6455068
2009-06-26,36.1082,37.2109,35.9336,36.944,7959898
2009-06-29,36.0689,37.3247,35.9934,37.0725,10232303
2009-06-30,37.41,37.41,35.6275,36.0769,8657384
2009-07-01,36.3024,36.5143,35.7639,36.1945,6665981
2009-07-02,35.7962,36.3731,35.3382,35.3382,7339563
2009-07-06,35.0684,35.6403,34.7329,35.6128,9271573
2009-07-07,35.4804,35.5677,34.206,34.2659,8131864
2009-07-08,34.5573,34.7711,32.7228,33.9138,12112756
2009-07-09,34.3228,35.2214,33.9324,34.52,7932768
2009-07-10,34.1845,34.3807,32.9602,33.3732,7969798
2009-07-13,33.693,35.6403,33.6312,35.5677,9665685
2009-07-14,35.139,35.5903,34.8918,35.2743,7734395
2009-07-15,35.9336,36.8283,35.6962,36.3319,10929478
2009-07-16,36.2309,36.7978,35.814,36.5143,6529908
2009-07-17,36.4908,36.9568,36.0258,36.7743,7257567
2009-07-20,36.9725,37.6563,36.4143,37.3089,8207683
2009-07-21,36.585,37.2756,35.0448,35.8698,18313514
2009-07-22,34.8624,36.7566,34.8624,36.1945,9916042
2009-07-23,36.4055,37.3473,35.6716,37.2109,10084844
2009-07-24,37.4316,37.5778,36.3485,37.3247,6457104
2009-07-27,37.2678,38.1811,36.8283,36.9568,7992199
2009-07-28,36.6301,37.0657,35.862,36.4388,6056606
2009-07-29,36.3397,37.0853,36.0483,36.9568,5368011
2009-07-30,37.3697,38.2841,37.1707,37.561,5985757
2009-07-31,37.4993,38.6607,37.1491,38.4479,8951973
2009-08-03,38.9982,40.0341,38.8001,40.0214,7805627
2009-08-04,39.9615,41.4056,39.6996,41.33,9276114
2009-08-05,41.43,41.896,40.8729,41.6204,7218847
2009-08-06,42.2492,42.3934,40.1224,40.4197,9986423
2009-08-07,40.5697,41.6046,40.4608,41.1672,7882852
2009-08-10,40.9072,41.3575,39.1826,40.1793,9208298
2009-08-11,39.7457,40.0518,38.6391,38.7294,6625457
2009-08-12,38.7226,40.2784,38.7226,39.7222,6465107
2009-08-13,40.144,40.35,39.0669,39.8291,3851204
2009-08-14,39.6996,39.8634,38.7294,38.9835,4913034
2009-08-17,37.9652,38.3566,37.4914,37.6356,6138379
2009-08-18,37.7975,39.3994,37.5944,39.1954,5783660
2009-08-19,38.4625,39.5849,38.1497,39.1886,4214269
2009-08-20,39.2661,41.4536,39.2661,41.3212,6297773
2009-08-21,41.5723,41.8421,40.5629,40.9072,6919068
2009-08-24,41.1672,41.7616,40.5697,40.7385,5600071
2009-08-25,41.2153,41.8353,40.8651,41.4536,5576263
2009-08-26,41.278,41.5792,40.5335,40.8729,5381570
2009-08-27,40.817,40.969,40.0439,40.8395,4062979
2009-08-28,41.0543,41.1917,40.2293,40.4962,3956345
2009-08-31,39.6261,40.6522,39.5162,40.1156,4580421
2009-09-01,40.0056,40.9386,38.2566,38.3272,8268112
2009-09-02,38.3949,39.0238,38.078,38.2272,6314655
2009-09-03,38.5705,38.8913,38.0349,38.8403,4661598
2009-09-04,39.0728,39.5849,38.8403,39.5318,3666240
2009-09-08,40.0126,40.302,39.1111,39.986,4018244
2009-09-09,40.0695,40.7307,39.5544,40.657,5909663
2009-09-10,40.5629,41.2976,39.839,41.2309,6465301
2009-09-11,41.2466,41.3437,40.297,40.302,4128590
2009-09-14,39.937,40.9386,39.7849,40.7385,6410147
2009-09-15,40.7708,41.278,40.2529,40.6522,5322038
2009-09-16,40.6669,41.8715,40.6669,41.8127,5286274
2009-09-17,41.4977,42.1923,40.9386,41.1132,4595166
2009-09-18,41.2535,41.8666,41.2309,41.5723,5600515
2009-09-21,40.9602,41.33,39.8987,39.9449,5557969
2009-09-22,40.5335,40.7797,40.1156,40.7169,4860643
2009-09-23,40.7944,40.7944,38.701,38.7156,6793944
2009-09-24,39.0453,39.5318,38.2684,39.1954,8302516
2009-09-25,38.9423,39.7379,38.5166,39.3033,4980816
2009-09-28,39.5034,40.4128,39.3582,40.3795,3788694
2009-09-29,40.4285,40.7091,39.8987,40.2529,4048780
2009-09-30,40.4962,40.6943,39.7379,40.2029,5385188
2009-10-01,39.986,40.2529,38.5018,38.5852,6258089
2009-10-02,37.9348,39.5397,37.7622,38.9119,6608906
2009-10-05,39.3582,40.0695,39.0238,40.0282,3844090
2009-10-06,40.2529,40.8807,39.7555,40.3647,4517415
2009-10-07,40.0783,40.817,40.0783,40.6865,4080639
2009-10-08,41.0887,41.6597,40.817,41.122,5674555
2009-10-09,40.9945,42.1855,40.9386,42.1697,5320481
2009-10-12,42.5984,42.7054,41.7352,42.1295,3226010
2009-10-13,41.9088,41.948,40.7169,40.8945,4812142
2009-10-14,41.6527,41.8489,40.0518,41.0397,9010090
2009-10-15,40.817,42.208,40.817,41.8489,5954019
2009-10-16,41.2898,41.3731,40.3795,40.451,4980159
2009-10-19,40.6669,41.1132,39.8016,39.937,5815633
2009-10-20,38.751,39.0953,36.0994,36.5663,28252364
2009-10-21,36.8116,37.5532,34.832,35.0684,19927472
2009-10-22,35.2665,35.7639,34.7024,35.6795,14271066
2009-10-23,36.0553,36.3731,34.7711,34.9329,9104351
2009-10-26,35.1203,35.1616,33.851,34.0109,7617050
2009-10-27,34.0364,34.4405,32.9357,33.0583,7879236
2009-10-28,32.9749,33.388,32.4314,32.5482,8231754
2009-10-29,32.8621,34.1992,32.8072,34.0285,9041385
2009-10-30,33.8087,33.8087,31.7595,32.0891,11197266
2009-11-02,32.2657,32.8072,31.6908,32.4462,7063723
2009-11-03,31.9057,32.761,31.7065,32.2657,6235673
2009-11-04,32.4374,32.8455,30.9267,31.063,9826505
2009-11-05,31.2003,32.77,30.7108,32.7228,10958398
2009-11-06,32.1038,32.9357,31.5761,31.684,8270824
2009-11-09,32.1186,33.4478,32.0273,33.4252,8272448
2009-11-10,33.281,33.4419,32.5718,32.7896,6268251
2009-11-11,33.1761,33.3477,32.1038,32.2804,8657517
2009-11-12,32.2039,32.3647,30.9443,31.0777,10498020
2009-11-13,31.1935,31.4221,30.7657,30.9187,9997978
2009-11-16,31.2543,31.8595,30.9187,31.1013,12513765
2009-11-17,31.3592,32.4854,31.3592,31.9959,9734808
2009-11-18,32.3727,32.7454,32.3559,32.663,8104372
2009-11-19,32.4178,32.87,31.5378,31.8684,7281333
2009-11-20,31.6761,32.0744,30.9187,31.1856,7846400
2009-11-23,31.7065,32.2195,31.3749,31.9057,6312905
2009-11-24,31.7752,31.9057,31.1788,31.7664,4390033
2009-11-25,31.7065,31.9636,31.5221,31.5691,6083596
2009-11-27,30.6657,31.2955,30.3449,30.7295,4427455
2009-11-30,30.8502,31.6692,30.7441,31.5691,8668219
2009-12-01,31.9125,32.6767,31.8429,32.6551,9054252
2009-12-02,32.6375,33.0583,32.2039,32.8974,7529697
2009-12-03,33.2466,33.2466,31.3592,31.4574,7183940
2009-12-04,32.148,32.3559,31.4574,31.8595,7064372
2009-12-07,31.7369,32.0273,31.0855,31.2151,6324644
2009-12-08,31.1562,31.478,30.9571,31.1414,4619980
2009-12-09,31.164,31.4574,30.9571,31.3376,5285204
2009-12-10,31.3671,31.7448,30.7883,31.0022,8898511
2009-12-11,31.1494,31.2287,30.0045,30.1173,12666075
2009-12-14,30.4832,30.5224,30.0761,30.5224,7625376
2009-12-15,30.3292,30.5961,30.2537,30.4224,7568916
2009-12-16,30.5735,30.9629,30.3096,30.7206,6687686
2009-12-17,30.5647,31.1277,30.3449,30.3684,7890350
2009-12-18,31.1494,31.9194,31.0934,31.7968,10108875
2009-12-21,31.9282,32.3383,31.8507,32.301,5201624
2009-12-22,32.5982,33.693,32.2255,33.5263,8822553
2009-12-23,33.7078,34.2248,33.4635,34.1207,7758082
2009-12-24,34.1295,34.52,33.9138,34.3896,1971327
2009-12-28,34.6249,34.6249,33.7617,33.9138,3697938
2009-12-29,34.106,34.2424,33.6008,33.6008,3987910
2009-12-30,33.281,33.7931,33.1761,33.5478,3156119
2009-12-31,33.541,33.747,33.2466,33.281,2532875
2010-01-04,33.488,34.2248,33.2898,33.9843,4500788
2010-01-05,34.0285,34.3964,33.6479,34.051,5223212
2010-01-06,33.9402,34.1443,33.3644,33.488,5314323
2010-01-07,33.897,34.2895,33.6145,34.0913,6898944
2010-01-08,34.213,35.0684,33.9324,34.7869,7899295
2010-01-11,35.0762,35.2361,33.7931,33.904,5573246
2010-01-12,33.5646,34.2807,33.5646,33.7862,4490734
2010-01-13,33.9226,34.2178,33.3644,34.0991,3594004
2010-01-14,33.8834,33.9559,33.0123,33.4723,5584201
2010-01-15,33.2624,33.7078,32.5011,32.611,9010191
2010-01-19,32.4923,33.1192,32.4462,33.0211,9151400
2010-01-20,33.5478,35.7874,33.541,35.3764,16373693
2010-01-21,35.3205,35.8473,34.6652,34.7574,10544583
2010-01-22,34.7024,35.0448,32.9043,33.1427,8334080
2010-01-25,33.5174,33.9559,32.9995,33.587,4656278
2010-01-26,33.5478,33.8902,32.4688,32.9278,6952580
2010-01-27,32.7768,34.0991,32.6375,34.0187,6581901
2010-01-28,34.1443,34.213,32.9749,33.5017,5402363
2010-01-29,33.747,34.0285,32.5718,32.7768,6915036
2010-02-01,33.073,33.7989,32.9357,33.7538,6299175
2010-02-02,33.7538,34.213,33.5174,34.0678,7699442
2010-02-03,34.0678,34.0991,33.7078,33.9402,6230148
2010-02-04,33.4791,33.897,32.87,32.921,9299670
2010-02-05,33.0888,33.3477,32.1186,33.1358,10942209
2010-02-08,32.9818,33.8676,32.7896,32.87,7825979
2010-02-09,33.2466,33.904,33.1123,33.7989,11082401
2010-02-10,33.7989,34.6475,33.6234,34.1207,7418207
2010-02-11,34.1295,34.6249,33.7294,34.4327,6383759
2010-02-12,34.0756,34.3287,33.7146,34.106,7647737
2010-02-16,34.2492,34.832,33.9843,34.7574,6589900
2010-02-17,34.6888,34.7407,34.0285,34.2728,5822065
2010-02-18,34.0452,34.6387,33.9981,34.572,7001761
2010-02-19,34.6083,36.3485,34.5573,35.6472,12710468
2010-02-22,35.7345,36.0405,35.4559,35.7561,7703868
2010-02-23,35.6275,35.8933,34.8849,35.0537,6760050
2010-02-24,34.0913,35.0066,33.9765,34.6888,10995173
2010-02-25,33.9491,34.4327,33.7294,34.3896,9467242
2010-02-26,34.2895,34.5288,33.9628,34.3287,6425851
2010-03-01,34.5504,34.5642,34.1845,34.3758,4359793
2010-03-02,34.4867,34.8074,34.367,34.418,4482884
2010-03-03,34.4405,34.8554,34.2807,34.3356,3598942
2010-03-04,34.4405,34.5935,34.1924,34.4729,5018146
2010-03-05,34.7653,35.0997,34.4493,34.8849,5138617
2010-03-08,34.985,35.2361,34.5867,34.7711,5523963
2010-03-09,34.7162,35.3518,34.5935,34.9928,5084023
2010-03-10,35.1616,35.1616,34.4661,34.6328,6820587
2010-03-11,34.6249,34.6475,34.0609,34.418,5070786
2010-03-12,34.5867,34.6956,34.0109,34.1295,5215719
2010-03-15,33.8834,34.2248,33.5096,34.0364,3854901
2010-03-16,34.1375,34.5642,33.7862,34.4661,7180011
2010-03-17,34.5935,35.7119,34.5642,35.3686,7491065
2010-03-18,35.4647,35.4726,34.985,35.345,4889164
2010-03-19,35.5677,35.6128,34.985,35.1203,6332150
2010-03-22,34.9928,35.1203,34.6652,34.9231,5530869
2010-03-23,34.9654,35.2969,34.8241,35.2822,4795834
2010-03-24,35.0537,35.3116,34.6808,34.6808,5200752
2010-03-25,34.9153,36.2367,34.832,35.2077,7211133
2010-03-26,35.2077,35.9003,35.0841,35.2822,4438540
2010-03-29,35.55,36.0092,35.2126,35.3686,3980030
2010-03-30,35.3116,35.4078,34.8918,34.9928,4946605
2010-03-31,34.7407,34.9231,34.3424,34.5043,7508333
2010-04-01,34.8408,35.3116,34.7789,35.139,6747672
2010-04-05,35.3294,35.4892,35.0537,35.4265,5259546
2010-04-06,35.4167,35.8041,35.1292,35.6275,6441209
2010-04-07,35.6275,35.7119,35.3931,35.4726,5441173
2010-04-08,35.292,35.5265,35.0007,35.449,4871279
2010-04-09,35.6197,36.169,35.3597,35.8933,6349001
2010-04-12,36.0769,37.0725,36.0769,36.7419,8000144
2010-04-13,36.8283,37.3011,36.4712,36.5752,7082096
2010-04-14,37.0039,37.0039,35.9414,36.5752,10585023
2010-04-15,36.6007,36.944,36.4986,36.6497,4992972
2010-04-16,36.5329,36.6909,35.0144,35.5422,10734450
2010-04-19,35.5765,36.432,35.345,36.1151,8364119
2010-04-20,34.8074,35.139,33.9765,34.6083,20691544
2010-04-21,34.4249,34.4327,32.9749,33.3801,12403054
2010-04-22,33.0211,34.0187,32.9122,33.9324,9905032
2010-04-23,33.8844,34.1943,33.6008,33.9981,7556121
2010-04-26,33.7931,33.9324,33.3948,33.4419,0
2010-04-27,33.1583,33.7146,32.6375,32.6993,9383299
2010-04-28,33.0652,33.5704,32.9043,33.281,7073074
2010-04-29,33.587,33.9765,33.3644,33.8774,6044247
2010-04-30,33.6724,33.8392,33.2055,33.2466,7901076
2010-05-03,33.2546,33.5174,33.2055,33.4723,5837734
2010-05-04,32.9278,33.281,32.3078,32.5718,7855084
2010-05-05,32.0038,33.5646,31.941,33.1839,10354528
2010-05-06,33.0799,34.1295,30.7441,32.1951,14842108
2010-05-07,32.1116,32.8278,31.4142,31.5976,12417616
2010-05-10,32.7896,33.129,32.46,33.0799,7794775
2010-05-11,32.5247,33.2408,32.5247,32.7228,6681074
2010-05-12,32.7768,32.9043,32.5247,32.7159,7952139
2010-05-13,32.606,32.7896,32.0273,32.0351,7714756
2010-05-14,31.6212,32.0439,31.3034,31.8184,8222433
2010-05-17,31.834,32.0587,31.0551,31.7507,5932652
2010-05-18,31.9871,32.0519,30.8432,31.0188,7411972
2010-05-19,30.9443,31.478,30.3586,31.0326,7045777
2010-05-20,30.3586,30.6746,29.7867,29.8171,9200352
2010-05-21,29.26,30.5126,29.2394,30.3096,11393554
2010-05-24,30.3243,30.3243,29.4817,29.4963,5552313
2010-05-25,28.9176,29.7642,28.6488,29.719,10145918
2010-05-26,29.8809,30.1095,29.1755,29.2658,7126902
2010-05-27,29.8515,30.0536,29.4669,29.9172,8976799
2010-05-28,29.7995,29.9701,29.0333,29.1755,7210425
2010-06-01,28.9597,29.1923,28.2946,28.2946,5887323
2010-06-02,28.4359,29.363,28.3957,29.3355,7100441
2010-06-03,29.6347,29.8809,29.4188,29.7406,7497789
2010-06-04,29.0009,29.0009,27.759,27.8827,10035066
2010-06-07,28.0984,28.2946,27.6786,27.7315,8946792
2010-06-08,27.8767,28.2211,27.455,28.1749,7544845
2010-06-09,28.4045,28.739,27.8159,27.8993,6035032
2010-06-10,28.3505,28.7184,27.9307,28.7027,7252544
2010-06-11,28.2946,28.8185,28.2946,28.8028,3786877
2010-06-14,28.9755,29.1521,28.2888,28.3025,6138681
2010-06-15,28.429,29.4591,28.4045,29.4188,8011817
2010-06-16,29.2472,29.4503,28.9009,29.1599,5094971
2010-06-17,29.2226,29.2893,28.429,28.7184,5419161
2010-06-18,28.8489,28.892,28.2289,28.4359,9547207
2010-06-21,28.8323,28.9098,28.2819,28.4124,6535887
2010-06-22,28.4791,28.6488,27.7766,27.8316,6049979
2010-06-23,27.8012,27.9542,27.2117,27.3715,9396394
2010-06-24,27.2351,27.3176,26.5838,26.6466,11599745
2010-06-25,27.2117,27.7766,26.8006,27.3883,14784219
2010-06-28,27.5629,27.5629,26.8595,26.99,6819874
2010-06-29,26.4249,26.6711,25.8049,25.9511,10853900
2010-06-30,25.7951,26.315,25.7785,25.847,8023054
2010-07-01,25.7823,25.9785,24.8171,25.438,10499251
2010-07-02,25.6489,25.6489,24.8171,25.078,6649879
2010-07-06,25.4743,25.9275,25.2084,25.4821,7967578
2010-07-07,27.5687,28.2946,27.3254,27.9984,23183005
2010-07-08,28.276,28.4634,27.1959,27.808,11659877
2010-07-09,27.8601,28.4634,27.5403,28.4438,7155161
2010-07-12,28.4359,28.4957,28.0377,28.3741,4271347
2010-07-13,28.7027,29.41,28.5585,29.3041,9703505
2010-07-14,29.1285,29.2658,28.5801,28.7234,7371606
2010-07-15,28.7027,29.0098,28.12,28.9254,6780233
2010-07-16,28.7302,28.8489,28.1416,28.2123,8093697
2010-07-19,28.2053,28.7125,27.968,28.5507,6819703
2010-07-20,27.8316,30.4047,27.7864,30.2144,14756250
2010-07-21,30.5362,30.5362,28.8323,28.9529,11093043
2010-07-22,29.2805,29.9378,29.2658,29.8584,6679724
2010-07-23,29.7642,30.6225,29.5297,30.4126,6098260
2010-07-26,30.4126,30.5048,30.084,30.3449,4999888
2010-07-27,30.5304,30.7108,29.7789,29.8073,6897242
2010-07-28,29.7563,30.1693,29.5121,29.7112,4420415
2010-07-29,30.0045,30.3174,29.5798,29.824,3949573
2010-07-30,29.4669,29.9467,29.3766,29.7485,4459134
2010-08-02,30.2203,30.7441,30.0702,30.6588,4373775
2010-08-03,30.5735,30.7657,30.237,30.4685,4680608
2010-08-04,30.5048,30.5735,30.1173,30.5509,4599072
2010-08-05,30.337,30.5735,30.1536,30.5362,3216826
2010-08-06,30.1477,30.237,29.4042,29.875,6361076
2010-08-09,30.0761,30.3832,29.6974,30.2615,4129777
2010-08-10,29.9525,30.2282,29.7642,29.9241,4128560
2010-08-11,29.4287,29.5434,28.4124,28.5507,7247073
2010-08-12,28.3575,28.6488,28.2436,28.5095,4456135
2010-08-13,28.4634,28.8685,28.4438,28.4957,4174029
2010-08-16,28.4957,28.5153,28.0121,28.3663,3952127
2010-08-17,28.7125,29.5856,28.5153,29.2658,7291945
2010-08-18,29.3119,29.6974,29.1285,29.363,4871673
2010-08-19,29.1521,29.2226,28.12,28.2888,6529346
2010-08-20,28.1348,28.3182,27.8159,28.1975,4051852
2010-08-23,28.4212,28.5095,27.8395,27.8453,2871492
2010-08-24,27.5343,27.6629,26.7761,26.9968,10095427
2010-08-25,26.8516,27.1184,26.5465,27.0675,6364819
2010-08-26,27.0341,27.2351,26.3798,26.6554,7610739
2010-08-27,26.8761,27.4177,26.5082,27.4039,7351835
2010-08-30,27.2351,27.4039,26.6466,26.6711,4350496
2010-08-31,26.5632,26.9183,26.2729,26.8163,5439731
2010-09-01,27.1959,27.9307,27.0605,27.8993,7221415
2010-09-02,27.8159,27.9062,27.4892,27.8453,4601477
2010-09-03,28.1593,29.0402,28.1593,28.9833,5509699
2010-09-07,28.7626,28.7851,28.0377,28.0533,3646871
2010-09-08,28.1132,28.7949,28.1132,28.5095,3240164
2010-09-09,29.0402,29.3884,28.7694,29.2472,6107062
2010-09-10,29.2394,29.5366,28.9529,28.9921,4251698
2010-09-13,29.7348,29.9299,29.41,29.6739,4570698
2010-09-14,29.5798,29.5798,28.9833,29.2226,4894398
2010-09-15,29.0245,29.7701,28.8548,29.6974,3493814
2010-09-16,29.4963,29.617,29.3119,29.5366,3399927
2010-09-17,29.7563,29.7935,29.0549,29.208,5406162
2010-09-20,29.3453,30.3292,29.2658,30.2076,5038421
2010-09-21,30.4293,30.4381,29.4355,29.5366,4316508
2010-09-22,29.4729,29.6347,28.6429,28.8548,5285033
2010-09-23,28.4791,28.8489,28.3182,28.4212,5382855
2010-09-24,28.9755,29.3678,28.9176,29.2893,4858924
2010-09-27,29.26,29.5209,28.9833,29.1834,4879431
2010-09-28,29.2727,29.2805,28.588,29.0245,4515705
2010-09-29,28.8028,28.9009,28.3575,28.5419,5443485
2010-09-30,28.8225,29.6415,28.7508,28.7891,7568245
2010-10-01,29.1285,29.5522,28.9686,29.208,4711873
2010-10-04,29.1599,29.3119,28.5153,28.6939,3559301
2010-10-05,29.047,29.6739,28.7763,29.5798,5401238
2010-10-06,29.5856,29.8584,29.4905,29.8426,3873934
2010-10-07,29.9869,30.0702,29.4729,29.5602,3396330
2010-10-08,29.7044,29.8956,29.4503,29.7995,4632334
2010-10-11,29.8073,30.3449,29.7789,30.1918,3656956
2010-10-12,30.0761,30.3684,29.6974,30.3174,4634800
2010-10-13,30.5578,30.9187,30.2449,30.6952,6612272
2010-10-14,30.651,30.7441,30.2076,30.4529,6593147
2010-10-15,30.6902,30.9629,30.1693,30.6147,6669776
2010-10-18,30.6804,31.4986,30.6147,31.4986,8147885
2010-10-19,30.3832,31.5761,29.9467,30.805,11867303
2010-10-20,30.8432,31.1277,30.651,30.9806,5467982
2010-10-21,31.1494,31.3376,30.4773,30.7579,4210548
2010-10-22,30.7795,31.2367,30.6804,30.8795,3202202
2010-10-25,31.2287,31.2367,30.651,30.7707,4057306
2010-10-26,30.6804,31.3376,30.651,31.3259,4607964
2010-10-27,31.0257,31.6692,30.8276,31.6604,5382632
2010-10-28,31.8595,31.9125,31.4142,31.4221,7822183
2010-10-29,31.4161,31.9518,31.2631,31.9214,4563595
2010-11-01,32.0116,32.1401,31.5044,31.9282,4511290
2010-11-02,32.2039,32.2343,31.9125,32.0519,4155731
2010-11-03,32.1705,32.3157,31.6438,32.3157,5043612
2010-11-04,32.5924,33.6312,32.5718,33.592,6701480
2010-11-05,34.16,35.139,34.0109,34.7574,10343804
2010-11-08,34.5642,34.5642,33.9324,34.206,5042462
2010-11-09,34.3424,34.3424,33.4939,33.6087,5371456
2010-11-10,33.6479,34.1678,33.3644,34.1443,5779421
2010-11-11,33.8245,34.4867,33.8087,34.367,4548619
2010-11-12,34.106,34.1295,33.2957,33.5478,4555805
2010-11-15,33.7931,34.2571,33.5017,33.5341,3526759
2010-11-16,33.2466,33.6145,32.7532,32.9661,6389823
2010-11-17,32.9749,32.9749,32.5393,32.8769,3987161
2010-11-18,33.4478,33.8676,33.0367,33.592,3904021
2010-11-19,33.4723,33.488,32.8621,33.2055,3853168
2010-11-22,33.0583,33.1192,32.4756,32.7159,3713607
2010-11-23,32.301,32.508,32.0587,32.1764,3985703
2010-11-24,32.2942,33.4635,32.1764,33.3948,4759222
2010-11-26,33.073,33.7294,32.8769,33.5096,3217237
2010-11-29,33.1495,33.6312,33.0289,33.4026,3860041
2010-11-30,32.9789,33.3026,32.815,33.0181,5356991
2010-12-01,33.6087,34.4729,33.5478,34.2424,6516971
2010-12-02,34.367,34.9928,34.3512,34.8692,5039761
2010-12-03,34.6249,35.0448,34.1757,34.9409,4082809
2010-12-06,34.7869,35.1076,34.6888,34.9771,2927903
2010-12-07,35.3382,35.4323,34.7407,34.7869,4545887
2010-12-08,35.0144,35.3205,34.7653,35.2969,3893848
2010-12-09,35.2743,35.2743,33.4635,34.9654,17040231
2010-12-10,35.0997,35.2283,34.1531,35.1076,7074436
2010-12-13,35.193,35.2743,34.6083,34.673,4440509
2010-12-14,34.673,35.0066,34.4493,34.5504,3269597
2010-12-15,34.5112,35.0929,34.3287,34.673,4502096
2010-12-16,34.6808,34.9409,34.2993,34.9329,3207562
2010-12-17,34.9497,35.0929,34.6554,34.7574,4351207
2010-12-20,34.9231,35.2519,34.6554,35.0841,4883405
2010-12-21,35.1782,35.7874,35.1782,35.6795,4293308
2010-12-22,35.7345,36.5497,35.6128,36.5143,6148745
2010-12-23,36.482,36.585,35.8933,36.0925,2425174
2010-12-27,35.9552,36.3613,35.7717,36.0553,1862282
2010-12-28,36.123,36.1563,35.5422,35.7717,2580960
2010-12-29,35.8492,35.9031,35.605,35.6648,2307138
2010-12-30,35.5981,35.706,35.3264,35.3666,2818380
2010-12-31,35.2695,35.5609,35.2312,35.4205,1901225
2011-01-03,35.8777,36.842,35.814,36.3976,5763304
2011-01-04,36.6497,36.6497,35.4559,35.6795,4479796
2011-01-05,35.8041,36.1563,35.5422,36.1406,5461459
2011-01-06,36.1769,36.432,35.9248,36.169,5694511
2011-01-07,36.1563,36.3878,35.2214,35.6334,4753826
2011-01-10,35.345,35.6128,35.0997,35.4647,3635768
2011-01-11,35.605,36.123,35.5334,36.0405,5092085
2011-01-12,36.2946,36.7566,36.2858,36.5203,4011715
2011-01-13,36.5203,37.1245,36.2946,37.1245,6302643
2011-01-14,36.9725,38.2202,36.9725,38.2124,8915860
2011-01-18,38.0574,38.4174,37.8043,38.2625,9562412
2011-01-19,37.1402,37.5856,36.4388,36.6909,11719316
2011-01-20,36.5203,36.635,35.9483,36.3554,9101060
2011-01-21,36.8047,36.9028,36.5409,36.8793,5975074
2011-01-24,36.8793,37.0167,36.3485,36.5409,4219299
2011-01-25,36.3094,36.4908,35.8551,36.4554,4609975
2011-01-26,36.6576,36.7664,36.0837,36.2367,4464075
2011-01-27,36.3613,36.5497,36.018,36.3662,2722269
2011-01-28,36.1622,36.7135,35.4167,35.4726,5113033
2011-01-31,35.5697,36.1916,35.5697,35.7089,4574402
2011-02-01,35.9552,36.6909,35.9248,36.4231,3835479
2011-02-02,36.2093,36.3319,35.9248,36.1318,4488679
2011-02-03,35.9866,36.1151,35.3205,35.5765,4707515
2011-02-04,35.7119,35.7119,35.1842,35.4401,4323044
2011-02-07,35.5422,36.3731,35.4804,36.169,4789875
2011-02-08,36.1406,36.3024,35.9552,36.1622,7250622
2011-02-09,36.0553,36.2309,35.6334,36.0405,6037981
2011-02-10,35.8777,36.5329,35.814,36.5203,4497054
2011-02-11,36.2436,36.4143,35.8551,35.9091,6838055
2011-02-14,35.8855,35.9552,35.5068,35.6128,3910076
2011-02-15,35.3931,35.55,34.7024,34.9329,5538895
2011-02-16,35.0762,35.3764,34.9497,35.3116,4207156
2011-02-17,34.7024,35.2126,34.6808,35.193,4128848
2011-02-18,35.1292,35.5128,35.038,35.2519,4412549
2011-02-22,34.4493,34.9329,33.8588,34.0285,6481940
2011-02-23,34.0756,34.3071,33.4723,33.8087,4160956
2011-02-24,33.7146,33.9922,33.3339,33.8392,3687186
2011-02-25,33.9765,34.3287,33.847,34.2424,4004716
2011-02-28,34.3483,34.3866,33.9422,34.1884,3004330
2011-03-01,34.1315,34.214,33.6724,33.898,4941652
2011-03-02,33.7872,33.9647,33.2516,33.6557,5258462
2011-03-03,34.108,34.4052,33.7146,33.7548,5325792
2011-03-04,33.747,33.8902,33.2133,33.488,5315902
2011-03-07,33.6999,34.1531,33.3339,33.5096,3435529
2011-03-08,33.5263,34.1295,33.4026,34.0834,3327070
2011-03-09,33.9559,34.206,33.7989,34.0285,3343279
2011-03-10,33.6557,33.6557,32.9965,33.1633,3657087
2011-03-11,33.1172,33.3634,32.9396,33.126,3395792
2011-03-14,32.8857,33.234,32.7768,33.1495,4173111
2011-03-15,32.2804,32.8533,32.148,32.663,5550269
2011-03-16,32.6188,33.1358,32.5169,32.8455,7507466
2011-03-17,33.3457,33.3457,32.5944,33.1731,4880922
2011-03-18,33.6999,34.1786,33.3124,33.9147,8859659
2011-03-21,34.2512,34.37,33.6479,33.6862,2195396
2011-03-22,33.4478,33.6724,33.3124,33.3457,3137643
2011-03-23,33.2692,33.5704,32.9318,33.4556,3551270
2011-03-24,33.592,33.7382,33.1878,33.693,2994060
2011-03-25,33.7617,33.8087,33.4478,33.6645,2931132
2011-03-28,33.7617,34.0609,33.4321,33.4321,2761161
2011-03-29,33.4232,33.8185,33.3457,33.6999,4307306
2011-03-30,33.9324,34.9987,33.8255,34.5887,5547594
2011-03-31,34.4709,34.7947,34.2492,34.4925,4396769
2011-04-01,34.7701,35.4255,34.7378,34.8967,4270809
2011-04-04,35.0124,35.2067,34.8368,35.0282,2684681
2011-04-05,35.0586,35.2655,34.9752,35.1459,3423560
2011-04-06,35.3107,35.6275,35.0821,35.5903,4064467
2011-04-07,35.498,35.6482,35.2655,35.5903,3843054
2011-04-08,35.8276,36.0278,35.2901,35.3509,3519806
2011-04-11,35.3588,35.8149,35.3588,35.449,2866962
2011-04-12,35.2509,35.5265,34.829,35.4255,4004418
2011-04-13,35.7129,35.9101,34.882,34.983,5219116
2011-04-14,34.7701,34.9379,34.516,34.6515,4322599
2011-04-15,34.6515,35.0743,34.5837,34.8526,5791918
2011-04-18,34.4278,34.7054,34.1149,34.2835,4242745
2011-04-19,34.9124,35.7217,34.7839,35.0664,9310416
2011-04-20,35.5422,35.7295,35.1459,35.3185,5305086
2011-04-21,35.498,35.5903,35.3107,35.55,3952322
2011-04-25,35.4215,35.4882,35.0124,35.2724,4295231
2011-04-26,35.6344,36.0719,35.4882,36.0573,3799872
2011-04-27,36.1347,36.1514,35.3823,35.7355,3140141
2011-04-28,35.6716,35.8718,35.4804,35.706,2317564
2011-04-29,35.6834,35.7698,35.3028,35.7257,3741983
2011-05-02,35.9023,36.1436,35.7355,35.9876,3232408
2011-05-03,35.9424,35.9572,35.5599,35.8414,2011119
2011-05-04,35.8787,35.9101,35.345,35.5903,2602969
2011-05-05,35.3588,35.5265,35.0046,35.2116,3157476
2011-05-06,35.5903,35.8718,35.5903,35.7295,3626902
2011-05-09,35.6403,35.8571,35.498,35.6805,2431911
2011-05-10,35.8639,36.2632,35.6884,36.1347,3430882
2011-05-11,36.0573,36.2986,35.7491,35.9816,3855699
2011-05-12,35.7295,35.8149,34.9752,35.706,6079321
2011-05-13,35.6972,35.8276,34.8368,34.9624,5339235
2011-05-16,34.8526,35.5981,34.8202,35.1459,4138494
2011-05-17,35.0909,35.6197,35.0046,35.6197,3362849
2011-05-18,35.6128,36.1808,35.4726,36.1347,3275984
2011-05-19,36.2986,36.5624,36.1514,36.4358,3014136
2011-05-20,36.2465,36.3505,35.9101,35.9503,3609223
2011-05-23,35.4647,35.498,35.0124,35.035,4631590
2011-05-24,35.0282,35.2263,34.3542,34.5072,5548426
2011-05-25,34.3915,34.882,34.2835,34.677,4269702
2011-05-26,34.5328,35.0203,34.37,34.7967,4101968
2011-05-27,34.8123,34.8526,34.5837,34.6848,3111715
2011-05-31,34.9899,35.2293,34.8182,35.1292,3629506
2011-06-01,34.9379,34.9379,33.386,33.4232,7518424
2011-06-02,33.4556,33.9422,33.3928,33.7617,5013078
2011-06-03,33.232,33.7146,33.1015,33.386,3761204
2011-06-06,33.2516,33.4321,32.8661,33.0338,4025651
2011-06-07,33.1378,33.3251,32.7307,32.7454,4419669
2011-06-08,32.6905,32.8072,32.3108,32.3511,4571861
2011-06-09,32.5217,33.3772,32.3511,33.2938,5328921
2011-06-10,33.0534,33.1378,32.507,32.7826,6475049
2011-06-13,32.8661,33.1878,32.5187,32.9965,3636104
2011-06-14,33.4016,34.0295,33.3124,33.8588,5410136
2011-06-15,33.4929,33.7078,32.6581,32.7503,5302486
2011-06-16,32.8278,33.3251,32.7532,33.1142,5024615
2011-06-17,33.3997,33.6547,33.1927,33.3183,5197115
2011-06-20,33.1869,33.4997,33.0093,33.3183,2466627
2011-06-21,33.4861,34.0314,33.439,33.951,3913745
2011-06-22,33.8255,34.1884,33.7294,33.7999,3695779
2011-06-23,33.3006,33.9863,33.1701,33.8696,6806612
2011-06-24,33.8784,33.9059,33.024,33.2378,6809350
2011-06-27,33.3536,34.1403,33.2084,33.9422,4281071
2011-06-28,34.054,34.2032,33.6469,33.7784,4627327
2011-06-29,34.1159,34.8634,34.0698,34.8015,4727252
2011-06-30,34.9124,34.9713,34.518,34.7525,4507702
2011-07-01,34.7878,35.4716,34.6387,35.4157,3232347
2011-07-05,35.2489,35.2881,34.7024,34.7799,4109724
2011-07-06,34.724,35.605,34.5278,35.4882,5266517
2011-07-07,35.8885,36.174,35.8885,36.0955,3485590
2011-07-08,35.4549,35.7355,35.2332,35.7129,3150455
2011-07-11,35.1586,35.448,34.263,34.3562,5210301
2011-07-12,34.21,34.8574,34.1884,34.2699,4507228
2011-07-13,34.5789,35.2057,34.3395,34.3994,4190351
2011-07-14,34.6083,34.7878,33.9991,34.0628,3533788
2011-07-15,34.2532,34.3248,33.54,33.7784,5627416
2011-07-18,33.5998,33.6547,32.8367,33.0976,6458968
2011-07-19,32.4216,32.6689,31.2661,32.3844,13281673
2011-07-20,32.5217,33.1319,32.3343,32.8278,5383179
2011-07-21,33.1701,33.7999,32.9612,33.4772,6142563
2011-07-22,33.4625,33.4625,32.7984,32.8465,3980125
2011-07-25,32.4913,33.024,32.4432,32.8543,3791833
2011-07-26,32.7964,33.0534,32.5678,32.6895,4218168
2011-07-27,32.5365,32.5698,32.0047,32.0675,6039401
2011-07-28,32.0832,32.6905,32.0832,32.1803,3683612
2011-07-29,31.8429,32.3,31.6889,31.9576,4386296
2011-08-01,32.3609,32.6168,31.3789,31.8851,5411297
2011-08-02,31.5094,31.9292,31.2367,31.2367,6198262
2011-08-03,31.2317,31.5349,30.7863,31.4888,5091670
2011-08-04,31.0561,31.166,29.6867,29.7396,9046328
2011-08-05,30.2311,30.4724,29.1991,29.8574,9400880
2011-08-08,28.8822,29.9701,26.8428,26.8496,17755110
2011-08-09,27.5589,27.9621,26.1149,27.4834,17355722
2011-08-10,26.882,26.9213,25.5783,25.6165,19093250
2011-08-11,25.9177,27.9121,25.7323,27.4186,12736385
2011-08-12,27.7286,28.2603,26.6505,26.7231,8947585
2011-08-15,26.9732,27.3901,26.7074,26.8565,9855525
2011-08-16,26.8565,27.0595,26.3484,26.6584,6979744
2011-08-17,26.7967,27.1174,26.5936,26.8262,5446365
2011-08-18,25.7695,25.8177,25.0299,25.1761,8785122
2011-08-19,24.869,25.6333,24.5512,24.5924,9168151
2011-08-22,25.2467,25.2703,24.4226,24.4825,5270090
2011-08-23,24.561,25.4841,24.1627,25.4841,5914517
2011-08-24,25.4017,26.5348,25.2154,26.2659,5844233
2011-08-25,27.1174,27.6286,25.4763,25.8854,7020895
2011-08-26,25.6165,26.5024,25.1084,26.2316,5046308
2011-08-29,26.6584,27.2351,26.6181,27.2273,3809915
2011-08-30,27.0036,27.2577,26.5632,27.0507,5200626
2011-08-31,27.2862,27.7217,27.0998,27.3705,5178176
2011-09-01,27.295,27.5589,26.8172,26.8172,5588689
2011-09-02,26.1149,26.2052,25.6361,25.6882,3872545
2011-09-06,24.6827,25.2094,24.4639,25.1094,6083081
2011-09-07,25.6381,26.4043,25.3812,26.3582,5206091
2011-09-08,26.0502,26.3013,25.5214,25.6577,5684953
2011-09-09,25.3664,25.6303,24.6738,24.6964,7735923
2011-09-12,24.2981,25.0466,23.9126,24.9701,8546574
2011-09-13,25.0299,25.4694,24.5688,25.2467,5920491
2011-09-14,25.4184,25.9559,24.6974,25.6009,5427013
2011-09-15,25.9255,26.5701,25.7695,26.5573,4349339
2011-09-16,26.9075,27.1234,26.1963,26.5357,6331390
2011-09-19,25.9609,26.0168,25.0672,25.2703,6885310
2011-09-20,25.387,25.8265,25.1702,25.1761,4771562
2011-09-21,25.2565,25.5214,24.2578,24.2578,9009407
2011-09-22,23.4878,24.2873,23.2661,24.0607,14304022
2011-09-23,23.9067,24.3815,23.738,23.8479,10743370
2011-09-26,24.201,24.8936,23.8547,24.8298,6894163
2011-09-27,25.4723,26.4956,25.4723,25.7843,9919268
2011-09-28,25.8235,25.9099,24.7758,24.8298,8389991
2011-09-29,25.4645,25.9383,24.7837,25.6303,6700255
2011-09-30,25.026,25.4723,24.8543,24.925,7759434
2011-10-03,23.6154,24.7837,23.3397,23.5447,14802213
2011-10-04,23.17,24.9014,23.1415,24.8455,11946533
2011-10-05,24.6915,25.4125,24.2442,25.1653,7771654
2011-10-06,25.0947,25.4479,24.5502,25.2801,10083449
2011-10-07,25.4861,25.5763,24.4502,24.4805,7138507
2011-10-10,25.1653,25.7588,25.1309,25.7529,5342212
2011-10-11,25.4645,25.8157,25.0309,25.6479,5697365
2011-10-12,25.8746,26.5044,25.7931,26.1963,6968747
2011-10-13,25.8314,26.1718,25.1309,25.7451,6545024
2011-10-14,26.1227,26.4435,25.5969,26.2729,5492955
2011-10-17,26.7103,27.4265,26.2189,26.2503,10097419
2011-10-18,27.9758,29.099,27.1626,29.0559,19515104
2011-10-19,28.9088,29.721,28.4634,28.6056,10247803
2011-10-20,28.6978,29.9005,28.5428,29.5856,9280080
2011-10-21,30.1163,30.3037,29.4797,30.0536,10534493
2011-10-24,30.0448,30.6657,29.9839,30.5342,5783975
2011-10-25,30.1624,30.4332,29.6984,30.031,5971987
2011-10-26,30.5951,30.6657,29.7308,30.1163,8031545
2011-10-27,31.8782,32.7346,31.683,32.4619,11823633
2011-10-28,32.1538,32.7051,31.989,32.559,6290704
2011-10-31,32.1558,32.2205,31.2896,31.3053,7868387
2011-11-01,30.2959,30.9836,29.8702,30.0368,9101162
2011-11-02,30.807,31.9812,30.6284,31.1778,7759981
2011-11-03,31.7203,31.7203,30.2301,31.2876,8347674
2011-11-04,30.7647,31.1552,30.2919,30.9894,4674039
2011-11-07,30.8746,31.4818,30.859,31.4652,4944359
2011-11-08,31.4868,32.4384,31.4868,32.3471,6871272
2011-11-09,31.4868,31.4868,30.4577,30.5637,6463299
2011-11-10,30.958,31.3034,30.5196,31.0835,5816739
2011-11-11,31.4868,32.1234,31.4868,31.9576,4964865
2011-11-14,31.7203,31.9292,31.4015,31.6987,5561208
2011-11-15,31.4818,32.0607,31.3034,31.7752,4173586
2011-11-16,31.2876,31.8184,30.907,30.9473,5151412
2011-11-17,30.6205,30.9904,29.669,29.8702,6950902
2011-11-18,30.1536,30.1624,29.567,29.8377,6208830
2011-11-21,29.1157,29.4336,28.6723,28.8243,6270616
2011-11-22,28.7351,29.2432,28.5428,28.8666,4804918
2011-11-23,28.6056,28.6723,28.1377,28.1544,4960397
2011-11-25,28.0769,28.6665,28.0072,28.0847,1811871
2011-11-28,28.2927,29.0902,28.273,28.6056,5064794
2011-11-29,28.7214,28.899,28.2868,28.3947,4764429
2011-11-30,29.4326,30.7863,29.1511,30.7255,5904855
2011-12-01,30.5028,30.6205,30.1772,30.394,4857550
2011-12-02,30.7805,31.6192,30.7206,30.9836,4046568
2011-12-05,31.4103,31.7448,30.8502,31.1336,4626416
2011-12-06,31.0601,31.4603,30.7422,31.2062,3694791
2011-12-07,31.007,32.1793,30.6097,32.043,5360935
2011-12-08,31.7526,31.7772,30.7088,30.8502,4887728
2011-12-09,31.0659,31.994,31.0365,31.7223,6217862
2011-12-12,31.1552,31.2631,30.8384,31.0522,4923335
2011-12-13,31.169,31.472,30.2076,30.651,4756568
2011-12-14,30.3773,30.7805,30.1693,30.4018,4662500
2011-12-15,30.7589,30.9207,30.2801,30.3125,3759691
2011-12-16,30.8364,31.4888,30.5529,31.0286,7565051
2011-12-19,31.116,31.2955,30.0104,30.2468,4425114
2011-12-20,30.8148,31.5417,30.651,31.3691,5556006
2011-12-21,31.473,31.5593,31.0512,31.4818,5144339
2011-12-22,31.6594,32.0106,31.473,31.8458,5037119
2011-12-23,31.939,32.096,31.6133,32.0803,2315116
2011-12-27,31.9674,32.352,31.9165,31.9165,2089236
2011-12-28,31.9027,31.9674,31.2062,31.2287,2518513
2011-12-29,31.2553,31.7918,31.2553,31.7457,2318494
2011-12-30,31.7153,31.7526,31.3553,31.3779,1997716
2012-01-03,32.2755,33.1535,32.1264,32.558,5197139
2012-01-04,32.2824,32.3206,31.7291,32.149,3812481
2012-01-05,31.8056,32.5992,31.4524,32.508,3827596
2012-01-06,32.4923,32.6493,32.1038,32.508,2982721
2012-01-09,32.607,32.6885,32.2824,32.5169,3537170
2012-01-10,32.9357,33.7146,32.8916,33.6047,6038353
2012-01-11,33.5596,33.6047,33.2388,33.5125,3660082
2012-01-12,33.6979,33.9951,33.4497,33.951,4327059
2012-01-13,33.3565,33.8696,33.124,33.4262,4167022
2012-01-17,34.0815,34.1757,33.124,33.279,7127599
2012-01-18,31.7615,31.9165,30.3734,31.0983,18238781
2012-01-19,31.2808,32.0646,31.1474,31.9616,8241613
2012-01-20,31.9616,32.3717,31.6918,32.305,4605003
2012-01-23,32.1971,32.6306,31.8458,32.5325,4303837
2012-01-24,32.1725,32.352,32.0106,32.1578,4656886
2012-01-25,31.9322,32.1578,30.8638,31.0659,11722567
2012-01-26,31.1395,31.2631,29.9957,30.187,11464693
2012-01-27,30.0124,30.6097,29.8564,30.4047,7843766
2012-01-30,30.033,30.3822,29.7446,30.2262,5048671
2012-01-31,30.5126,30.544,29.9467,30.496,5498725
2012-02-01,30.7647,31.4269,30.546,31.2965,6176531
2012-02-02,31.4603,32.043,31.2631,31.9027,5942959
2012-02-03,32.3441,33.3271,32.3108,33.1388,7595776
2012-02-06,32.614,32.8347,32.4236,32.5649,5332691
2012-02-07,32.352,32.5247,32.0263,32.4158,3824147
2012-02-08,32.4236,32.5727,32.0018,32.5492,3886419
2012-02-09,32.5403,32.7336,31.9674,31.994,5404937
2012-02-10,31.5819,31.8949,31.5103,31.6516,3046021
2012-02-13,31.9674,32.0891,31.2553,31.319,5236548
2012-02-14,31.2631,31.3553,30.4469,30.7177,5855624
2012-02-15,30.7873,31.0286,30.5676,30.7647,3599912
2012-02-16,30.499,31.4672,30.4538,31.4171,4673282
2012-02-17,31.4818,31.4818,30.7785,31.3328,5680917
2012-02-21,31.007,31.5349,31.007,31.1474,3748779
2012-02-22,31.1248,31.1248,30.7422,30.8432,3516344
2012-02-23,30.8276,31.8811,30.804,31.8056,5178307
2012-02-24,31.8899,31.994,31.4946,31.5525,4114360
2012-02-27,31.2631,32.4236,31.2219,32.2755,5370723
2012-02-28,32.2049,32.9278,31.9086,32.7111,5603017
2012-02-29,32.6444,33.4703,32.6444,32.8739,9155273
2012-03-01,32.9033,33.3389,32.7807,33.024,5394811
2012-03-02,33.0485,33.1673,32.6737,32.6817,3942155
2012-03-05,32.6218,32.6807,32.1882,32.508,2979409
2012-03-06,32.1558,32.3755,31.7654,31.8507,7498240
2012-03-07,31.9214,32.3098,31.834,32.2431,3218772
2012-03-08,32.5169,32.6817,32.2205,32.508,3377507
2012-03-09,32.615,32.97,32.3922,32.7758,2887657
2012-03-12,32.7572,32.7876,32.1264,32.4442,3410876
2012-03-13,32.7876,34.3013,32.6885,34.1531,7625139
2012-03-14,34.7348,34.9762,34.362,34.9389,7574363
2012-03-15,34.9762,35.9728,34.6397,35.6834,7096443
2012-03-16,36.6202,36.7419,35.4559,35.6226,6723022
2012-03-19,35.5138,36.1837,35.1311,35.7766,4405685
2012-03-20,35.3744,35.8933,35.2479,35.7325,4392302
2012-03-21,35.7335,35.8807,35.4323,35.4401,2952015
2012-03-22,35.3999,35.5147,34.8496,35.035,3599206
2012-03-23,35.0282,35.6618,34.9095,35.5226,3445493
2012-03-26,36.0317,36.3466,35.8218,36.0395,3751779
2012-03-27,36.0395,36.1318,35.3999,35.4167,2785383
2012-03-28,35.3254,35.5078,34.8947,35.3999,2961452
2012-03-29,35.139,35.3166,34.8005,35.2626,3616514
2012-03-30,35.5078,35.6226,35.0753,35.6079,3184473
2012-04-02,35.4726,36.0994,35.294,35.9041,3501927
2012-04-03,35.7796,35.9454,35.2695,35.9209,3484213
2012-04-04,35.4814,35.5363,34.7643,34.9016,4820115
2012-04-05,34.8947,35.1626,34.6613,34.8947,2205685
2012-04-09,34.3209,34.4405,33.9667,34.2943,4607411
2012-04-10,34.2002,34.4317,33.6351,33.6528,3988368
2012-04-11,34.1375,34.2845,33.8177,33.899,2900986
2012-04-12,33.9167,34.6289,33.8598,34.5749,3717783
2012-04-13,34.4581,34.5308,33.7862,33.7989,4239649
2012-04-16,34.0736,34.3934,33.7528,34.1855,3954907
2012-04-17,34.365,35.0046,33.4399,34.8634,8104874
2012-04-18,34.5043,35.4323,34.4483,35.1714,5929495
2012-04-19,35.0929,35.5717,35.0114,35.2391,6525661
2012-04-20,35.5853,35.8218,35.2783,35.3097,5677099
2012-04-23,34.7789,35.0428,34.6936,34.879,3760340
2012-04-24,34.9605,35.4401,34.9349,35.3911,3926027
2012-04-25,35.6766,36.0837,35.5795,35.961,4451824
2012-04-26,35.8492,36.478,35.7884,36.2808,3714745
2012-04-27,36.4564,36.639,36.1877,36.2475,3737982
2012-04-30,36.1504,36.2387,35.961,36.17,2667899
2012-05-01,36.123,36.8822,36.123,36.431,3585828
2012-05-02,36.1504,36.2996,35.961,36.123,3099387
2012-05-03,36.1965,36.4133,35.969,36.0543,3987210
2012-05-04,35.8492,36.0994,35.1076,35.3666,5040167
2012-05-07,35.2695,35.7561,35.2086,35.4255,3503902
2012-05-08,35.0527,35.3999,34.7309,35.0114,4887634
2012-05-09,34.5828,34.6113,34.0492,34.1688,5749403
2012-05-10,34.5602,34.7937,34.2747,34.3562,4014808
2012-05-11,33.8598,34.4405,33.6607,34.0982,4989285
2012-05-14,33.8844,34.0256,33.1976,33.2133,7247100
2012-05-15,33.1015,33.8177,33.0338,33.4791,5634379
2012-05-16,33.6685,33.9727,32.7051,32.7121,5983593
2012-05-17,32.6963,33.0799,32.4678,32.4756,3968765
2012-05-18,32.6414,32.8994,32.0401,32.1646,5801099
2012-05-21,32.2274,32.7209,32.0322,32.5874,3593444
2012-05-22,32.6512,33.0632,32.2353,32.4305,6280715
2012-05-23,32.1244,32.8465,31.9439,32.7886,4582691
2012-05-24,32.7522,32.8465,32.3098,32.6581,2302017
2012-05-25,32.4678,32.9298,32.4678,32.6963,2996093
2012-05-29,32.8867,33.3438,32.8709,33.3183,3732985
2012-05-30,32.9955,33.0043,32.4158,32.5816,4541052
2012-05-31,32.5325,32.6581,31.8272,32.2529,6468421
2012-06-01,31.6084,31.6967,31.1935,31.2072,5984888
2012-06-04,31.163,31.3955,30.7353,30.9286,4976419
2012-06-05,30.7942,31.3671,30.7775,31.1954,4920042
2012-06-06,31.5427,32.297,31.4808,32.1764,3925399
2012-06-07,32.7081,32.9818,32.5511,32.7542,5953104
2012-06-08,32.762,32.9907,32.5021,32.9907,5900176
2012-06-11,33.3389,33.847,33.1907,33.488,8094945
2012-06-12,33.5498,34.0011,33.3928,33.9805,5907203
2012-06-13,33.7695,34.3209,33.6832,33.899,5217165
2012-06-14,33.952,34.0982,33.5361,33.8844,6569039
2012-06-15,34.108,34.3522,33.9363,34.3228,4788851
2012-06-18,34.2512,34.2512,34.0256,34.1285,4432831
2012-06-19,34.3032,34.8859,34.1609,34.7643,3301179
2012-06-20,34.8084,34.9605,34.0903,34.3562,5909118
2012-06-21,34.4837,34.5563,33.6617,33.7607,5613424
2012-06-22,33.9825,34.3826,33.8706,34.3601,5667567
2012-06-25,33.8539,33.8618,33.2408,33.2546,5067601
2012-06-26,33.3517,33.5017,33.0603,33.2546,2854726
2012-06-27,33.4144,33.746,33.0377,33.643,3438495
2012-06-28,33.4625,34.004,33.1878,33.9745,3303877
2012-06-29,34.8554,35.2803,34.6181,35.1302,5856847
2012-07-02,35.1125,35.4274,34.7466,35.1959,2907672
2012-07-03,35.0527,35.4274,34.9742,35.345,2001914
2012-07-05,35.1125,35.4843,34.8408,35.2557,3636844
2012-07-06,34.8153,35.2234,34.5366,34.6583,3480698
2012-07-09,34.1237,34.5935,33.9363,34.369,2582849
2012-07-10,33.9285,34.6259,33.7999,33.9825,3264247
2012-07-11,33.9971,34.21,33.7999,33.9971,4560056
2012-07-12,33.7528,33.8942,33.5566,33.6842,4772837
2012-07-13,33.8539,34.7555,33.8255,34.7122,4236238
2012-07-16,34.6583,34.7927,34.2404,34.7378,3481783
2012-07-17,33.7195,33.7274,32.2746,32.5267,11839606
2012-07-18,32.297,32.8317,32.0155,32.7464,6837369
2012-07-19,32.6905,32.9907,32.4609,32.6905,5426327
2012-07-20,32.4452,32.5021,31.4808,31.5427,6259142
2012-07-23,31.0463,31.4328,30.6539,31.2592,5649050
2012-07-24,31.2847,31.3995,30.8354,31.0248,4685849
2012-07-25,31.1886,31.3376,30.803,30.8276,4959026
2012-07-26,31.166,31.3524,30.9295,31.2327,7015972
2012-07-27,31.3995,31.9125,31.2847,31.7703,6619416
2012-07-30,31.7007,31.8909,31.5515,31.6202,2788061
2012-07-31,31.7007,31.8978,31.628,31.7791,4914494
2012-08-01,31.7791,32.1705,31.5663,31.6702,5014691
2012-08-02,31.3828,31.5094,30.9668,31.1366,6309048
2012-08-03,31.6359,32.1863,31.5888,32.0303,4292408
2012-08-06,32.1234,32.1646,31.8164,31.8674,3721747
2012-08-07,31.9979,32.6532,31.9282,32.5089,5244534
2012-08-08,32.4158,32.6346,32.2892,32.5678,3763238
2012-08-09,32.5423,33.0309,32.403,32.9014,3469223
2012-08-10,32.8317,32.9818,32.6248,32.9338,2494895
2012-08-13,32.8082,33.0083,32.6159,32.8886,2278584
2012-08-14,33.1329,33.1731,32.3265,32.4374,4465315
2012-08-15,32.4609,32.6905,32.403,32.5423,3173141
2012-08-16,32.3265,32.8493,32.2892,32.715,3250911
2012-08-17,32.815,33.0309,32.7228,32.9818,3770441
2012-08-20,32.815,33.0662,32.7846,32.9818,3270817
2012-08-21,33.023,33.3153,32.815,32.9338,3857233
2012-08-22,32.9014,33.076,32.6532,32.8003,2719814
2012-08-23,32.6993,32.7846,32.2431,32.4374,3270204
2012-08-24,32.3206,32.7081,32.2117,32.609,3902651
2012-08-27,32.6845,32.7542,32.3206,32.3441,4365426
2012-08-28,32.297,32.5089,32.2039,32.3441,3066166
2012-08-29,32.3353,32.5894,32.3353,32.4452,4141248
2012-08-30,32.2746,32.5511,32.1392,32.4099,2800417
2012-08-31,32.5826,32.9416,32.5267,32.7385,3796235
2012-09-04,32.7385,33.0132,32.6346,32.8317,3963035
2012-09-05,32.8493,33.1388,32.7718,33.0132,4154532
2012-09-06,33.2918,33.8333,33.2546,33.7274,4850811
2012-09-07,33.8097,33.8618,33.6528,33.8402,5634289
2012-09-10,33.5488,34.0844,33.4871,33.7607,6377947
2012-09-11,33.6783,34.1237,33.4871,33.9186,3871646
2012-09-12,34.004,34.1237,33.7931,33.9825,3923899
2012-09-13,33.9539,34.8938,33.746,34.6996,5752660
2012-09-14,34.8702,35.1076,34.4631,34.5632,7614457
2012-09-17,34.5935,34.7122,34.4631,34.5563,5562009
2012-09-18,34.3984,34.5808,34.21,34.3826,4874494
2012-09-19,34.3984,34.5563,34.1894,34.1953,4715388
2012-09-20,33.9285,34.2649,33.7274,34.1806,3786268
2012-09-21,34.5023,34.7122,34.3601,34.3984,5712985
2012-09-24,34.1708,34.3159,33.8097,34.1482,3481582
2012-09-25,34.4631,34.6681,33.3301,33.3359,6111655
2012-09-26,33.2634,33.2977,32.8082,32.8229,5819952
2012-09-27,33.0544,33.4899,32.7846,33.2761,7699387
2012-09-28,33.1663,33.2938,32.9348,33.2133,4176997
2012-10-01,33.4497,33.742,33.1574,33.3006,4242808
2012-10-02,33.4743,33.5223,33.1172,33.3105,4063487
2012-10-03,33.4743,33.5998,33.1348,33.1976,5816942
2012-10-04,33.3251,33.7676,33.2859,33.4743,5203979
2012-10-05,33.7176,33.7843,33.1486,33.2359,6936621
2012-10-08,33.1574,33.3457,33.0603,33.2065,6745336
2012-10-09,33.2133,33.3105,32.7915,32.8405,11031741
2012-10-10,32.9024,33.1663,32.7708,32.815,5366474
2012-10-11,33.127,33.6312,33.0544,33.2564,6486316
2012-10-12,33.1005,33.1005,32.5257,32.7542,5285008
2012-10-15,32.8896,33.0475,32.6757,32.9102,4572242
2012-10-16,33.3105,34.6789,32.7464,34.4563,9801609
2012-10-17,34.6524,35.4421,34.4563,35.3754,7049049
2012-10-18,35.3676,35.6736,35.2617,35.5647,5829292
2012-10-19,35.4421,35.604,35.2028,35.3499,5019658
2012-10-22,35.2214,35.502,34.8358,35.3921,4308880
2012-10-23,34.828,34.9722,34.6211,34.7672,4434438
2012-10-24,34.9311,35.1782,34.882,35.032,4572762
2012-10-25,35.3823,35.5471,34.9938,35.3754,5027683
2012-10-26,35.2617,35.4009,34.882,35.1272,5723355
2012-10-31,35.3018,35.5883,35.1459,35.2783,3983302
2012-11-01,35.3676,35.8708,34.7005,35.657,3507593
2012-11-02,35.9277,35.9826,35.3676,35.4009,3950671
2012-11-05,35.8022,36.5595,35.657,36.3564,5832309
2012-11-06,36.4103,36.9264,36.3103,36.6713,5590063
2012-11-07,36.1572,36.2946,35.3264,35.4009,8683433
2012-11-08,35.4421,35.9984,35.1174,35.1272,6125572
2012-11-09,35.0645,35.5745,35.0174,35.0713,5636857
2012-11-12,35.1174,35.4087,35.0086,35.137,3321156
2012-11-13,34.9399,35.4333,34.828,35.0488,4342864
2012-11-14,35.1272,35.3921,34.723,34.8094,6121377
2012-11-15,34.8182,35.1174,34.7505,34.9399,5636960
2012-11-16,35.3018,35.5745,34.5112,34.9938,5854438
2012-11-19,35.3754,36.016,35.3754,35.8473,5270358
2012-11-20,35.7247,36.0405,35.5569,35.8473,3597039
2012-11-21,35.8266,36.0769,35.6344,35.9375,3380912
2012-11-23,36.1436,36.2583,36.0769,36.2347,1868870
2012-11-26,35.9199,35.9375,35.3499,35.5383,4612090
2012-11-27,35.5176,35.7933,35.2381,35.2547,5514016
2012-11-28,35.0977,35.4265,35.0645,35.3499,4663712
2012-11-29,35.5647,35.6658,35.1842,35.3018,4147925
2012-11-30,35.2685,35.4265,35.0713,35.1782,4674408
2012-12-03,35.3166,35.6736,35.1537,35.3921,5855678
2012-12-04,35.3823,35.657,35.0566,35.1459,6432768
2012-12-05,35.1606,35.5825,35.1606,35.3264,6398895
2012-12-06,35.3166,35.3823,34.8662,35.2783,4388085
2012-12-07,35.3499,35.7443,35.3097,35.7365,6168576
2012-12-10,35.9914,35.9914,35.3018,35.5745,3543604
2012-12-11,35.657,35.9444,35.5314,35.8953,4385964
2012-12-12,36.0062,36.3927,35.7933,35.9444,5007504
2012-12-13,35.9444,36.0925,35.812,35.8953,3302210
2012-12-14,35.863,36.1985,35.812,35.9758,3985573
2012-12-17,36.1572,36.7674,36.0689,36.7498,4224460
2012-12-18,36.7341,37.4394,36.6104,37.1785,5731692
2012-12-19,37.2118,37.2344,36.7674,36.8067,6111215
2012-12-20,36.8312,36.8842,36.6036,36.8469,3962414
2012-12-21,36.3829,36.7576,36.0925,36.7341,9952900
2012-12-24,36.7272,36.9264,36.6036,36.7115,1883611
2012-12-26,36.8067,36.9499,36.5948,36.7851,3437118
2012-12-27,36.8145,36.8381,36.2201,36.6635,4821307
2012-12-28,36.3691,36.8489,36.3162,36.6409,3544932
2012-12-31,36.6046,37.4453,36.4918,37.408,4907968
2013-01-02,38.1958,38.542,37.9633,38.4489,6047699
2013-01-03,38.2959,38.3616,38.0143,38.2408,5294836
2013-01-04,38.2703,39.366,38.233,39.2984,4398710
2013-01-07,39.1316,39.373,38.8491,39.3426,6160419
2013-01-08,39.2739,39.2739,38.7647,39.0757,4315502
2013-01-09,39.2228,39.5789,39.1886,39.3916,5056867
2013-01-10,39.7045,40.0901,39.6015,39.986,7341537
2013-01-11,39.9439,40.3166,39.8664,40.2499,5267100
2013-01-14,40.2323,40.6384,40.0733,40.5874,4872174
2013-01-15,40.4137,40.8444,40.2499,40.4226,6678070
2013-01-16,40.1038,40.1038,39.3249,39.6682,8433647
2013-01-17,39.8742,40.3804,39.832,40.0901,7216589
2013-01-18,40.9965,43.1075,40.9965,42.4591,13341226
2013-01-22,42.4993,44.4652,42.364,43.962,13289952
2013-01-23,43.7423,44.1454,43.4559,44.0258,6803702
2013-01-24,44.0258,44.4652,43.9159,44.1768,5258465
2013-01-25,44.167,45.0451,43.9395,44.9195,6950345
2013-01-28,44.529,45.0126,44.3897,44.8714,7409571
2013-01-29,44.788,44.8871,44.3485,44.5889,7323331
2013-01-30,44.5977,44.8214,44.4574,44.4976,5881898
2013-01-31,44.3829,44.5604,44.2465,44.2808,6971339
2013-02-01,44.6398,45.0283,44.4898,44.8469,4970214
2013-02-04,44.4898,44.7125,44.3829,44.5133,4821509
2013-02-05,44.5133,44.9587,44.2327,44.6948,3987083
2013-02-06,44.4221,44.9587,44.3829,44.8635,3885255
2013-02-07,44.9587,45.2285,44.5133,44.7459,5265918
2013-02-08,44.9018,45.1108,44.7605,44.995,5593335
2013-02-11,45.0362,45.8641,44.7537,45.0362,9145601
2013-02-12,45.1794,45.4345,45.0451,45.3,4400554
2013-02-13,45.3727,45.459,45.1892,45.4119,2983300
2013-02-14,45.2353,45.6493,45.0627,45.5149,2876438
2013-02-15,45.6729,45.9289,45.3569,45.5463,4192434
2013-02-19,45.1108,45.8327,44.7723,45.7837,4624866
2013-02-20,45.563,45.8171,45.1108,45.1392,4646420
2013-02-21,44.9646,45.1186,44.4221,44.632,4281100
2013-02-22,45.2049,45.5541,45.0862,45.5081,5756313
2013-02-25,45.5081,46.2702,44.7213,44.7213,7611533
2013-02-26,45.0126,45.3658,44.6948,45.2775,5113024
2013-02-27,45.3,45.5149,44.9802,45.3285,5429155
2013-02-28,45.254,45.6336,44.9734,45.0283,6652584
2013-03-01,44.7537,45.1628,44.3662,44.8046,4743361
2013-03-04,44.788,45.5081,44.7635,45.4345,3014748
2013-03-05,45.612,46.1683,45.612,45.7552,4825619
2013-03-06,46.0721,47.1335,45.9612,46.6755,6626327
2013-03-07,46.7009,46.8824,46.3585,46.6755,4219410
2013-03-08,46.956,47.521,46.905,47.1061,4401608
2013-03-11,46.9148,47.3053,46.6283,47.2503,2753804
2013-03-12,47.2062,47.3944,46.8285,47.0462,2315813
2013-03-13,47.0826,47.6221,47.0266,47.5917,2590015
2013-03-14,47.6701,47.8291,47.5701,47.7026,3226657
2013-03-15,47.6868,47.9752,47.5044,47.7702,7952826
2013-03-18,47.1934,47.4543,46.956,47.1934,3029647
2013-03-19,47.3944,47.5917,46.7402,47.1541,3494461
2013-03-20,47.4631,48.2617,47.371,48.1626,5279788
2013-03-21,47.936,47.936,46.8019,46.9491,3637337
2013-03-22,47.1846,47.5701,46.9491,47.5612,3333749
2013-03-25,47.8684,47.9026,46.9815,47.2002,3184699
2013-03-26,47.5044,47.8045,47.264,47.5524,3266228
2013-03-27,47.1993,47.5044,46.9216,47.4789,3953649
2013-03-28,47.521,47.68,47.1846,47.2218,4204950
2013-04-01,47.263,47.3856,46.4733,46.5381,2947820
2013-04-02,46.7823,47.0708,46.5528,46.9216,2985834
2013-04-03,46.9305,46.9981,45.3639,45.4816,5072725
2013-04-04,45.5531,45.9622,45.3364,45.6875,4182391
2013-04-05,44.891,46.0466,44.6576,46.0113,5377648
2013-04-08,46.0181,46.3213,45.6336,46.3213,3128434
2013-04-09,46.4989,47.0531,46.3154,46.7372,3718085
2013-04-10,46.9795,48.0292,46.8471,47.9026,4560821
2013-04-11,48.0008,48.5775,47.9105,48.3333,4317444
2013-04-12,48.0125,48.198,47.4631,47.7525,3058690
2013-04-15,47.5701,47.6231,46.08,46.08,3854722
2013-04-16,46.5754,46.7304,46.1525,46.5999,3190392
2013-04-17,46.08,46.281,45.2912,45.7846,3903174
2013-04-18,45.9132,46.0181,44.8841,45.1608,4325562
2013-04-19,44.842,45.5217,43.6117,45.4982,7541599
2013-04-22,45.5355,45.8004,44.9842,45.7552,3729553
2013-04-23,46.0251,46.5842,45.8739,46.5606,3332735
2013-04-24,46.697,46.8794,46.3154,46.5694,2307092
2013-04-25,46.7304,46.8638,46.4046,46.591,2352478
2013-04-26,46.4733,46.7225,45.9622,46.2408,2145037
2013-04-29,46.3772,46.5842,46.1525,46.4733,1675593
2013-04-30,46.5754,46.7902,46.4046,46.7304,2525350
2013-05-01,46.591,46.955,45.8641,45.9298,2867864
2013-05-02,46.0564,46.3537,45.8514,46.0329,2968372
2013-05-03,46.5459,47.7202,46.44,47.5122,4516707
2013-05-06,47.3278,47.7869,47.263,47.5779,2666753
2013-05-07,47.8055,47.8536,47.2395,47.6946,2128044
2013-05-08,47.6623,48.4098,47.4455,48.4019,2733218
2013-05-09,48.2469,48.4177,47.9105,48.1293,2691229
2013-05-10,48.1135,48.3088,47.7525,48.2146,2614073
2013-05-13,48.2224,49.4065,48.1538,49.2858,3136370
2013-05-14,49.3104,50.9476,49.2299,50.8162,5082251
2013-05-15,50.6435,50.8603,50.2384,50.8357,5046163
2013-05-16,50.5061,51.1811,50.414,50.9967,4359585
2013-05-17,51.2037,52.2268,51.1173,52.0758,4407692
2013-05-20,51.9717,52.165,51.6019,52.0993,3149566
2013-05-21,52.1131,52.5967,52.0179,52.0179,3721424
2013-05-22,52.1552,53.1313,51.9463,52.0758,6821397
2013-05-23,51.4509,51.9463,51.0908,51.6275,3245027
2013-05-24,51.2282,51.5804,50.8917,51.5402,3441346
2013-05-28,52.4024,53.8681,52.4024,53.666,6238594
2013-05-29,53.3589,54.4812,53.3589,53.4275,7607783
2013-05-30,53.4275,53.9426,53.2078,53.6993,5207805
2013-05-31,53.5924,54.1879,52.891,52.891,4484762
2013-06-03,53.147,53.6022,52.1199,52.995,4573378
2013-06-04,53.0332,53.6562,52.7645,52.8654,4094365
2013-06-05,52.7645,53.0086,51.7256,51.8531,5290797
2013-06-06,51.7785,52.372,51.3351,52.372,3335450
2013-06-07,52.7645,53.9672,52.6212,53.8985,3867463
2013-06-10,54.0563,54.2506,53.6414,53.8318,3712487
2013-06-11,53.0999,53.6562,52.842,52.842,4266859
2013-06-12,53.2843,53.2843,51.8089,51.8766,4037398
2013-06-13,51.7412,53.1313,51.6745,53.0754,4650659
2013-06-14,53.0234,53.3128,52.6261,52.7958,4572404
2013-06-17,53.147,53.7219,53.1235,53.4275,3675192
2013-06-18,53.6316,53.8915,53.2078,53.8014,2761726
2013-06-19,53.8847,54.232,53.2932,53.2932,4308185
2013-06-20,52.8654,53.3658,52.5516,52.7203,6130604
2013-06-21,53.3422,53.3422,51.2037,51.907,7131566
2013-06-24,51.3636,51.8011,50.5337,51.2204,4551322
2013-06-25,51.8982,52.3622,51.6431,51.8187,3497936
2013-06-26,52.2131,52.5222,51.7158,51.9384,3422746
2013-06-27,52.4211,52.7006,52.0905,52.5987,3080376
2013-06-28,52.5094,52.7085,51.6657,52.3249,3904763
2013-07-01,52.5633,53.2657,52.5633,52.7673,3030936
2013-07-02,52.6241,53.2206,52.5456,52.8546,3974943
2013-07-03,52.5094,52.8674,52.0905,52.8066,1451813
2013-07-05,53.305,54.3879,53.2589,54.3693,2637780
2013-07-08,54.7421,54.8863,54.2888,54.4125,3224217
2013-07-09,54.8785,55.2552,54.4125,55.2286,2149295
2013-07-10,55.2071,55.5093,54.6999,55.0275,2923845
2013-07-11,55.8487,56.0233,54.7538,54.9628,3869251
2013-07-12,55.107,55.5886,55.0698,55.3229,3505629
2013-07-15,55.5563,56.0007,55.5563,55.5642,3265149
2013-07-16,55.6946,55.8408,54.7686,55.1129,2579959
2013-07-17,55.2149,56.1537,55.2149,55.6878,3310647
2013-07-18,55.9134,56.2656,55.2708,56.2479,4083874
2013-07-19,56.1537,56.349,54.9628,55.5886,4048356
2013-07-22,55.5563,56.191,55.5563,56.1841,3956496
2013-07-23,56.4019,57.1386,56.3754,57.1298,3223340
2013-07-24,57.1563,57.1808,55.7662,55.9036,3352876
2013-07-25,55.7162,55.8555,55.367,55.6475,3466328
2013-07-26,55.3071,55.5886,55.0786,55.3229,3153087
2013-07-29,55.2071,55.3229,54.8863,54.9893,1976603
2013-07-30,55.2375,55.4072,54.956,55.0786,2183071
2013-07-31,55.263,56.3274,55.0982,55.9036,3711879
2013-08-01,56.2979,56.8806,56.2823,56.7306,2322036
2013-08-02,56.5294,56.7374,56.1625,56.6285,2027248
2013-08-05,56.3931,56.6403,56.1115,56.4481,1444448
2013-08-06,56.3588,56.811,56.2381,56.6894,2198686
2013-08-07,56.4313,56.5206,55.5563,55.6397,2831186
2013-08-08,55.9164,56.4481,55.6633,55.7741,1953581
2013-08-09,55.7015,56.0007,55.5347,55.625,2076659
2013-08-12,55.2777,55.4779,54.8951,55.0059,2691330
2013-08-13,55.0914,55.8408,55.0275,55.5504,1807746
2013-08-14,55.5093,55.985,55.414,55.572,1776837
2013-08-15,55.0619,55.0982,54.281,54.4056,2174583
2013-08-16,54.2183,54.8785,54.2045,54.441,2609859
2013-08-19,54.2103,54.5812,54.0093,54.0966,3178378
2013-08-20,53.9936,54.8951,53.9582,54.7686,2312151
2013-08-21,54.6106,55.1973,54.3625,54.7342,2789244
2013-08-22,54.9,56.1017,54.8529,55.9487,2413880
2013-08-23,56.1704,56.1704,55.6721,55.9036,2205363
2013-08-26,55.8634,56.4402,55.7574,55.7829,2094590
2013-08-27,55.0275,55.0275,53.5835,53.6552,3174679
2013-08-28,53.5581,53.9936,53.3344,53.5933,2081938
2013-08-29,53.4648,54.4331,53.3276,53.921,1637659
2013-08-30,53.9848,53.9848,53.3344,53.5355,2344680
2013-09-03,54.1721,54.8491,53.9592,54.2113,2763176
2013-09-04,54.2045,55.1374,54.0583,54.7646,2897332
2013-09-05,54.8579,55.4454,54.7568,54.8088,2164804
2013-09-06,54.9775,54.9775,53.5345,54.2692,2408396
2013-09-09,54.4203,54.6999,54.1054,54.6489,2374303
2013-09-10,55.0511,55.3797,54.8824,55.0815,2795214
2013-09-11,54.8706,55.2149,54.5645,54.795,2254678
2013-09-12,54.8617,54.9059,54.3291,54.4056,2061912
2013-09-13,54.5508,54.8745,54.0367,54.6058,2803579
2013-09-16,55.1571,55.572,54.7617,55.2286,2119736
2013-09-17,55.2267,55.5966,55.1619,55.4454,1901326
2013-09-18,55.42,56.0714,55.2267,55.3886,3922624
2013-09-19,55.624,55.8153,54.7725,55.0658,2879158
2013-09-20,55.0884,55.4278,54.0976,54.2742,6763878
2013-09-23,53.8769,54.1456,53.2108,53.4315,3225834
2013-09-24,53.5345,54.0181,53.0254,53.3462,3244515
2013-09-25,53.3805,54.0269,53.0352,53.5423,2636765
2013-09-26,53.5345,54.1879,53.455,53.7347,1976239
2013-09-27,53.3805,53.4383,52.9655,53.3324,1971077
2013-09-30,52.6968,53.2019,52.578,52.9655,2265663
2013-10-01,53.1941,53.7523,53.044,53.7287,2252909
2013-10-02,53.303,53.3717,52.7723,53.1176,4730133
2013-10-03,53.1087,53.3177,52.6487,52.9655,4549156
2013-10-04,52.9391,53.665,52.8821,53.5041,3015466
2013-10-07,52.8988,53.5257,52.8508,53.1244,2088955
2013-10-08,53.0931,53.1862,52.0856,52.1219,3274661
2013-10-09,52.2769,52.6113,51.7569,52.1827,3662658
2013-10-10,52.9655,54.077,52.8586,54.0583,2612597
2013-10-11,54.0181,54.3419,53.6394,54.1456,3925803
2013-10-14,53.7601,54.3154,53.5345,54.1879,3114966
2013-10-15,53.8318,54.6292,53.8072,53.9946,3297399
2013-10-16,54.3497,55.4278,54.2045,55.2041,3808770
2013-10-17,54.9344,56.0792,54.6214,56.0017,3762727
2013-10-18,56.2322,56.3165,55.8085,56.1988,2825944
2013-10-21,56.24,56.344,56.088,56.2322,1716974
2013-10-22,55.571,55.8408,53.4864,54.4076,7579313
2013-10-23,53.7748,54.7215,53.0931,54.487,5852393
2013-10-24,54.5175,55.0442,54.4076,54.7303,3767346
2013-10-25,54.8981,55.5073,54.6136,55.3719,2765164
2013-10-28,55.366,55.4995,55.1865,55.2434,2914419
2013-10-29,55.3297,56.6157,55.2688,56.5961,3433119
2013-10-30,56.7482,57.0072,56.4607,56.5706,3597441
2013-10-31,56.5382,56.8061,56.3706,56.4431,2883627
2013-11-01,56.4509,56.9355,56.4196,56.6648,2297839
2013-11-04,56.8934,57.2485,56.6511,57.1279,2541650
2013-11-05,56.9994,57.2633,56.6442,57.0327,2066282
2013-11-06,57.4565,57.5713,57.0228,57.3388,1925881
2013-11-07,57.4075,57.5713,56.2322,56.2675,3211422
2013-11-08,56.4274,58.203,56.344,57.8861,3282498
2013-11-11,57.8773,58.4267,57.6988,57.841,2524028
2013-11-12,57.636,57.7733,56.24,56.3087,5069710
2013-11-13,55.5966,57.0935,55.5966,57.0935,2391460
2013-11-14,54.4076,57.3113,54.4076,56.8856,2527596
2013-11-15,56.9267,57.0709,56.6442,56.9032,2308645
2013-11-18,56.7659,57.7331,56.709,57.1858,3074552
2013-11-19,57.1788,57.5144,56.9513,57.1102,2587445
2013-11-20,57.4163,57.7812,57.1426,57.2563,3043644
2013-11-21,57.5467,58.1265,57.482,58.0392,2179422
2013-11-22,58.2069,58.7219,57.9029,58.564,2312825
2013-11-25,58.564,58.6739,58.0156,58.0873,1974236
2013-11-26,58.0873,59.0241,58.0058,58.4414,3042370
2013-11-27,58.304,58.5836,57.9814,58.2697,2071193
2013-11-29,58.1658,58.8417,57.9107,58.4875,1685441
2013-12-02,58.6523,59.3115,58.4414,58.7131,2392605
2013-12-03,58.3923,58.5768,57.3721,57.5957,2372267
2013-12-04,57.2328,58.0617,56.548,57.0572,3693329
2013-12-05,56.8522,57.0631,56.344,56.5157,3052428
2013-12-06,57.3859,57.5467,56.8934,57.38,2297123
2013-12-09,57.7253,58.2157,57.6183,57.8479,2326847
2013-12-10,57.636,58.0058,57.3996,57.4732,2141752
2013-12-11,57.5781,57.6752,56.5785,56.6834,2687071
2013-12-12,56.7659,57.0072,56.5236,56.555,2173700
2013-12-13,56.7325,56.9267,56.0968,56.1704,2130419
2013-12-16,56.5157,56.9435,56.2763,56.4039,2859648
2013-12-17,56.4137,56.6059,55.8487,56.0556,1730456
2013-12-18,56.1783,57.5653,55.6563,57.5389,2630972
2013-12-19,57.3564,57.5389,56.9994,57.2161,2069887
2013-12-20,56.2675,57.9411,56.2675,57.636,4313105
2013-12-23,58.0156,58.5551,57.8577,58.1658,1699884
2013-12-24,58.1167,58.3119,57.9725,58.1844,563248
2013-12-26,58.4482,58.7131,58.2157,58.5836,1170564
2013-12-27,58.5463,58.8769,58.409,58.772,1202198
2013-12-30,58.9642,58.9642,58.5365,58.7386,1344253
2013-12-31,58.8671,59.3625,58.8671,59.3292,1207474
2014-01-02,59.2978,59.4656,58.9506,59.1428,2144269
2014-01-03,59.1516,60.6211,59.1516,60.3886,2547655
2014-01-06,60.6035,61.6306,60.2513,60.3818,3118293
2014-01-07,60.7859,61.1646,60.5682,60.8271,1882479
2014-01-08,60.7781,60.7939,60.0963,60.6712,1866250
2014-01-09,60.9449,61.1646,60.4907,60.9106,1606677
2014-01-10,60.888,61.0037,60.3749,60.5348,1721903
2014-01-13,60.4691,60.5426,58.8426,58.9574,2526865
2014-01-14,59.2301,59.5313,58.9083,59.3949,1872892
2014-01-15,59.6048,60.1954,59.3459,60.0806,2578789
2014-01-16,59.8619,60.0159,59.4096,59.596,1585170
2014-01-17,59.6196,60.3131,59.3213,59.4165,2911238
2014-01-21,59.6451,60.3573,59.5872,59.959,2308755
2014-01-22,60.1709,60.9046,60.1709,60.7506,2310958
2014-01-23,60.2719,60.2719,58.6425,58.822,3225303
2014-01-24,54.8255,57.0719,53.8905,56.1979,6827907
2014-01-27,56.0704,56.4333,55.0698,55.2159,5258731
2014-01-28,56.2067,56.2067,55.0914,55.6858,4432558
2014-01-29,55.0059,55.3611,54.4694,54.645,5029073
2014-01-30,55.2473,55.4965,54.9971,55.1659,3812476
2014-01-31,54.2193,54.6813,53.9514,54.1212,4771819
2014-02-03,54.1142,54.3565,52.1317,52.2248,6863342
2014-02-04,52.5516,53.3863,52.1925,52.9175,3655575
2014-02-05,52.8674,53.0881,51.9825,52.01,4900030
2014-02-06,52.1925,53.3863,52.1013,53.2932,2878801
2014-02-07,53.6296,55.2159,53.5983,55.1581,5766033
2014-02-10,55.0698,55.2306,54.7588,55.0982,3297002
2014-02-11,55.0834,55.8379,54.8775,55.577,2042296
2014-02-12,55.6525,56.0301,55.4327,55.6201,2066233
2014-02-13,55.0914,55.7132,54.9971,55.3768,3142137
2014-02-14,55.2934,55.6769,55.1737,55.6279,3345635
2014-02-18,55.0207,55.3248,54.9049,55.1502,3749583
2014-02-19,54.7392,55.7202,54.6312,55.0149,3634384
2014-02-20,55.0786,55.1502,54.1879,54.8255,2311342
2014-02-21,55.7368,55.8065,54.7666,55.3934,3674980
2014-02-24,54.3154,56.3696,54.2113,55.8379,2894404
2014-02-25,55.7898,55.7977,54.7529,54.8687,2778528
2014-02-26,54.9618,55.3425,54.3821,54.4939,3978370
2014-02-27,54.4154,55.2934,54.2045,54.4782,4223777
2014-02-28,53.1293,53.7827,52.8448,53.0881,9240163
2014-03-03,52.6221,52.8546,52.0856,52.7066,3490933
2014-03-04,53.3284,53.9848,53.301,53.6875,3241900
2014-03-05,53.8308,54.0093,53.3765,53.7581,2598328
2014-03-06,54.076,55.0982,53.8671,54.7529,4090588
2014-03-07,55.0619,55.6014,55.0619,55.0834,3505492
2014-03-10,55.0149,55.3347,54.9462,55.1315,1764882
2014-03-11,54.9128,55.0982,53.8905,54.0259,3251848
2014-03-12,53.5168,53.8572,53.3284,53.4854,2915721
2014-03-13,53.7906,53.8308,52.0768,52.1229,4980916
2014-03-14,52.1415,52.6506,51.908,52.3289,2677418
2014-03-17,52.7752,53.4295,52.7222,52.9027,2490315
2014-03-18,52.9106,53.2235,52.6752,52.8204,2830765
2014-03-19,52.8204,53.976,52.3779,53.4766,4024650
2014-03-20,53.3599,55.3425,53.3138,54.9716,4729662
2014-03-21,55.6437,56.5785,55.3768,55.6279,8153712
2014-03-24,55.9467,57.2112,55.9164,56.758,6266214
2014-03-25,56.8777,57.017,56.0704,56.7198,3699683
2014-03-26,57.1053,57.172,55.4887,55.4887,3936268
2014-03-27,55.4082,55.6681,54.3821,55.3689,5601643
2014-03-28,55.4494,56.1301,55.3836,55.9859,3113928
2014-03-31,56.5598,56.8041,56.1479,56.4382,2683623
2014-04-01,56.7158,56.7953,56.2342,56.4559,2502346
2014-04-02,56.5354,56.6413,55.9595,56.2184,3232080
2014-04-03,56.3019,56.5049,55.9046,56.3902,1900368
2014-04-04,56.7885,56.966,55.3523,55.3836,4128889
2014-04-07,55.4327,55.4807,53.8935,53.9788,3258636
2014-04-08,53.9377,53.9877,53.1706,53.4932,4532487
2014-04-09,53.664,54.6371,53.5483,54.4272,3198061
2014-04-10,54.4998,54.5321,52.8527,52.8664,3140433
2014-04-11,52.4711,52.6732,51.5872,51.7422,4054352
2014-04-14,52.4054,52.6025,51.6745,52.2925,3142029
2014-04-15,52.4455,52.528,51.2125,52.22,4435442
2014-04-16,52.7968,52.8596,52.2052,52.6732,2689574
2014-04-17,52.7467,53.5022,52.6487,53.1744,2368904
2014-04-21,53.0793,53.197,52.5574,52.7467,1937935
2014-04-22,52.7653,53.1902,52.4397,53.0391,3425318
2014-04-23,52.7889,53.6542,52.528,53.4854,2785419
2014-04-24,53.7523,53.8602,52.8272,53.3354,3752804
2014-04-25,53.1538,53.1538,51.651,51.7648,6239914
2014-04-28,51.8384,51.9267,50.8554,51.5215,5501832
2014-04-29,51.8884,52.3652,51.8796,52.2131,2058197
2014-04-30,52.1788,52.5486,51.8796,52.3897,2721894
2014-05-01,52.3828,52.6555,52.1964,52.4231,2510636
2014-05-02,52.4937,53.6002,52.3897,53.0391,3077074
2014-05-05,52.5114,52.5192,51.5372,52.0424,2862959
2014-05-06,51.8109,52.0502,51.2518,51.5686,6055063
2014-05-07,51.7736,52.1964,51.3498,52.1366,2685524
2014-05-08,52.2573,52.9165,51.9267,52.7124,3278809
2014-05-09,52.6025,52.7467,51.9267,52.6329,2353371
2014-05-12,53.0038,53.4932,52.941,53.4452,2977202
2014-05-13,53.4364,53.5561,53.2068,53.2235,3716854
2014-05-14,53.0793,53.4364,52.6193,52.6418,3249863
2014-05-15,52.4397,52.4868,50.9614,51.2929,5464739
2014-05-16,51.2213,51.5294,50.8554,51.2782,5625556
2014-05-19,51.0359,51.9423,50.9212,51.7805,2994549
2014-05-20,51.7805,51.8796,51.0418,51.3115,3949947
2014-05-21,51.6177,52.5025,51.4881,52.1543,2761392
2014-05-22,52.1366,52.6261,51.9267,52.4937,2140099
2014-05-23,52.4545,52.4937,52.1464,52.3328,2188960
2014-05-27,52.6418,53.1706,52.5859,52.8841,2609009
2014-05-28,52.8841,53.1362,52.4545,52.6113,3249463
2014-05-29,52.8753,53.145,52.528,52.7556,2781804
2014-05-30,52.528,53.1538,52.478,52.9685,2611096
2014-06-02,53.0793,53.145,52.4711,52.8037,1960569
2014-06-03,52.5408,53.4149,52.5408,53.3873,2808608
2014-06-04,53.3069,53.8602,53.1618,53.815,2421989
2014-06-05,54.0946,54.232,53.5404,53.9053,2852907
2014-06-06,54.1005,54.5577,53.9151,54.3683,2257191
2014-06-09,54.3193,54.7509,54.2153,54.54,1871135
2014-06-10,54.3683,54.5832,54.0211,54.3369,1887819
2014-06-11,54.0603,54.3036,53.815,53.9446,1803262
2014-06-12,53.9612,54.1751,53.664,53.7445,2373781
2014-06-13,53.8318,54.2585,53.6885,53.768,2588224
2014-06-16,53.6238,53.8935,53.4295,53.6306,2555519
2014-06-17,53.5404,55.3347,53.4207,54.9599,4545491
2014-06-18,54.8225,55.2296,54.5145,55.0354,3278407
2014-06-19,55.054,55.1492,54.3369,54.5489,3898472
2014-06-20,54.2585,55.1227,54.2585,55.0187,2250977
2014-06-23,55.0688,55.2149,54.54,55.2071,1400854
2014-06-24,54.9354,55.5308,54.7509,54.8157,2052823
2014-06-25,54.5753,55.3022,54.5577,55.2071,1996975
2014-06-26,55.0688,55.0688,54.232,54.9108,2273947
2014-06-27,54.6783,55.004,54.3242,54.4635,2473759
2014-06-30,54.6941,55.0197,54.334,54.8225,2661760
2014-07-01,55.1139,55.5642,54.8981,55.1502,1909464
2014-07-02,55.0982,56.0292,55.0982,55.5073,2912775
2014-07-03,55.7869,56.3794,55.7604,56.1115,1545674
2014-07-07,55.8996,55.9644,55.2954,55.8673,1677205
2014-07-08,55.6064,55.6573,55.0462,55.2572,2037798
2014-07-09,55.5161,55.882,55.3032,55.5494,2567252
2014-07-10,54.7097,55.4435,54.4635,55.1835,1788876
2014-07-11,54.1378,55.4671,54.1378,55.107,1960087
2014-07-14,55.8585,56.2763,55.8261,55.8996,2447377
2014-07-15,56.1361,56.5039,55.9154,56.3303,2712732
2014-07-16,56.4775,56.8758,56.3538,56.5834,3757809
2014-07-17,56.2076,56.6275,56.0292,56.3382,3640430
2014-07-18,56.6109,57.0719,56.3538,56.9758,4556252
2014-07-21,56.6109,57.1975,56.4853,56.8522,3633668
2014-07-22,56.967,57.2446,54.7293,57.1131,7686579
2014-07-23,57.0592,57.3839,57.0082,57.2917,2571951
2014-07-24,57.4408,58.3698,57.3172,58.3276,3492560
2014-07-25,58.0294,58.2619,57.7832,58.2393,2528372
2014-07-28,59.2321,59.5529,57.6919,58.0765,1585925
2014-07-29,58.0421,58.3208,57.7096,57.8891,1652448
2014-07-30,59.4596,59.6166,57.9235,58.5709,2154488
2014-07-31,58.1638,58.4738,57.3996,57.4143,3016597
2014-08-01,57.377,57.6438,56.8041,57.0248,2606185
2014-08-04,57.2377,57.5555,56.867,57.4408,2393686
2014-08-05,56.2244,57.3996,56.1635,56.7453,2192110
2014-08-06,56.3235,57.6762,56.3235,57.3172,2387362
2014-08-07,57.4976,57.7253,56.6491,56.8041,2473280
2014-08-08,56.867,57.377,56.6638,57.3525,1623133
2014-08-11,57.4487,57.5555,57.1288,57.2985,1514344
2014-08-12,57.1131,57.3839,56.6207,56.867,2966550
2014-08-13,57.0346,57.2917,56.8218,57.0504,2229222
2014-08-14,57.221,57.2671,56.913,57.1975,1701741
2014-08-15,57.4065,57.4976,56.4294,56.7551,2519284
2014-08-18,56.8041,57.3436,56.8041,57.2132,2411311
2014-08-19,57.1288,57.4545,57.0798,57.221,1731664
2014-08-20,57.1131,57.6193,56.9209,57.4143,2056631
2014-08-21,57.4888,57.7341,57.1886,57.6821,2118405
2014-08-22,57.5859,58.2011,57.3348,57.8086,2144007
2014-08-25,58.149,58.8651,58.1246,58.4816,1624960
2014-08-26,58.5248,59.1438,58.465,58.8465,2172941
2014-08-27,58.8465,58.9328,58.2462,58.3698,1663273
2014-08-28,58.0294,58.5709,57.9235,58.4198,1431341
2014-08-29,58.5797,58.8397,58.3374,58.7101,1442554
2014-09-02,58.9496,59.3812,58.8024,59.0045,1974218
2014-09-03,59.3713,59.4773,58.6788,58.9408,1700049
2014-09-04,59.3567,59.5842,58.8651,59.0379,2434791
2014-09-05,58.8259,59.3155,58.465,59.2233,2150699
2014-09-08,59.0143,59.5019,58.9966,59.2468,1773206
2014-09-09,58.8465,58.8749,58.149,58.3208,2354206
2014-09-10,58.4816,59.0869,58.3541,58.8397,2550140
2014-09-11,58.5248,59.5263,58.5248,59.4371,2455577
2014-09-12,59.446,60.5731,59.2399,60.3848,3883153
2014-09-15,60.4132,60.7751,59.959,60.5632,3372420
2014-09-16,60.4867,60.9625,60.3259,60.5632,2763630
2014-09-17,60.3848,61.2461,60.1042,60.9802,3429018
2014-09-18,61.2549,61.9808,61.1656,61.7287,2937473
2014-09-19,62.1113,62.5841,60.9371,61.0028,3923718
2014-09-22,60.7653,60.887,60.4495,60.7006,1700778
2014-09-23,60.6682,60.9046,60.266,60.266,1670554
2014-09-24,60.5731,61.0901,60.3161,61.0822,2182121
2014-09-25,60.8634,60.9371,60.065,60.2042,2323569
2014-09-26,60.421,60.8468,59.9002,60.5731,1853230
2014-09-29,59.9335,60.4721,59.6509,60.2434,1587881
2014-09-30,60.2817,60.6849,60.062,60.2434,2155693
2014-10-01,60.2268,60.3838,59.3184,59.3351,2411485
2014-10-02,59.3841,59.5313,58.6052,59.4646,3392073
2014-10-03,60.0061,60.5388,59.9502,60.2268,2083168
2014-10-06,60.6261,60.8704,59.8727,60.1621,1726350
2014-10-07,59.7363,59.7363,58.2864,58.3266,3339790
2014-10-08,58.4345,58.8848,57.7449,58.8671,4358824
2014-10-09,58.7798,58.9898,56.552,56.5589,5809141
2014-10-10,56.6109,57.0366,55.6691,55.6868,5179498
2014-10-13,55.7564,56.1184,54.7372,54.7509,3432853
2014-10-14,54.7902,55.6535,54.7107,55.0227,3501006
2014-10-15,53.9632,54.6362,52.6005,53.8611,5737655
2014-10-16,52.6095,54.6518,52.5466,54.1702,3132965
2014-10-17,54.8333,55.4386,54.5469,55.1443,3945996
2014-10-20,54.6273,55.2424,54.594,55.1767,1785502
2014-10-21,55.5671,56.5275,55.521,56.4451,2167613
2014-10-22,56.4147,56.4147,55.5534,55.5671,3934018
2014-10-23,56.3529,56.8051,56.0517,56.4206,2459630
2014-10-24,57.6409,60.2896,57.534,58.8269,4774420
2014-10-27,58.5101,59.3017,58.1039,59.2203,2384894
2014-10-28,59.4969,59.8972,58.9986,59.702,2458266
2014-10-29,59.8501,60.5632,59.5646,60.4122,3128907
2014-10-30,60.3347,60.7242,59.9158,60.1954,3091908
2014-10-31,60.9301,61.8464,60.9301,61.7571,3710060
2014-11-03,61.8886,62.2869,61.3804,62.0847,2328866
2014-11-04,62.019,62.7852,61.8386,62.6734,2827029
2014-11-05,62.9255,63.263,62.4105,63.1982,1652130
2014-11-06,63.314,63.778,63.0245,63.7113,1416467
2014-11-07,63.7113,63.828,63.1404,63.6819,2186637
2014-11-10,63.57,64.1881,63.4111,63.935,2396145
2014-11-11,63.6396,63.9516,63.3591,63.57,2308081
2014-11-12,63.1982,63.5023,62.8931,63.3846,2642816
2014-11-13,63.4847,63.4847,62.175,62.5919,3678311
2014-11-14,62.5595,62.8392,62.1907,62.2565,3099925
2014-11-17,61.8719,62.1819,61.7493,61.9288,2986462
2014-11-18,61.9377,62.3938,61.8209,62.0847,2092955
2014-11-19,62.0348,62.1907,61.5923,62.1005,1985314
2014-11-20,61.6316,62.7401,61.5109,62.3644,2298523
2014-11-21,63.0736,63.314,62.4037,62.6665,2449775
2014-11-24,62.6979,63.263,62.5988,63.1903,1842671
2014-11-25,63.3052,63.3846,62.9098,63.1707,1912387
2014-11-26,63.0982,63.2443,62.7705,62.9098,1295745
2014-11-28,63.0167,63.1982,62.7136,62.795,743648
2014-12-01,62.0348,62.5008,61.8386,62.2153,1933331
2014-12-02,62.5919,63.3757,62.0946,63.3591,2292122
2014-12-03,63.2963,64.2518,63.2963,64.1233,2295770
2014-12-04,63.9663,64.2792,63.4935,64.0644,2157678
2014-12-05,64.5451,65.1759,64.4657,64.8806,2231682
2014-12-08,64.8522,65.5859,64.5225,65.2465,2084162
2014-12-09,64.2292,65.1847,64.1792,65.1445,1778634
2014-12-10,65.013,65.4074,64.0811,64.1468,2998857
2014-12-11,64.5294,65.1573,63.9084,63.9977,2484274
2014-12-12,63.3453,63.7524,61.5296,61.5796,4274719
2014-12-15,62.2084,62.3938,60.8065,61.7248,3312081
2014-12-16,61.3804,62.8627,60.7849,61.3568,2752356
2014-12-17,61.6149,62.9098,61.5707,62.9019,2708147
2014-12-18,63.7524,65.0405,63.6651,65.0405,2869185
2014-12-19,65.2671,65.687,64.5079,65.2524,4378687
2014-12-22,65.2583,65.4575,64.8188,65.1936,1950934
2014-12-23,65.5055,66.1019,65.3662,65.739,2004130
2014-12-24,65.8646,66.0548,65.1847,65.53,732801
2014-12-26,65.5536,65.6998,65.374,65.3917,728317
2014-12-29,65.1199,66.2236,64.908,65.3986,964808
2014-12-30,65.2661,65.4074,64.7893,65.07,1138685
2014-12-31,65.3073,65.374,64.4362,64.4863,1541614
2015-01-02,65.07,65.1503,63.8388,64.3617,1730364
2015-01-05,63.929,64.2744,63.0727,63.2963,3974620
2015-01-06,63.0923,63.2207,61.2176,61.4864,3962041
2015-01-07,62.2437,62.3751,61.6257,62.0632,2627220
2015-01-08,62.7469,63.5033,62.6136,63.3767,1935575
2015-01-09,63.572,63.572,62.3094,62.4576,2534055
2015-01-12,62.5154,62.6646,61.4138,61.9151,2202750
2015-01-13,62.6282,63.0727,61.2588,61.7689,2758722
2015-01-14,59.748,61.2588,59.7392,60.2552,3933679
2015-01-15,60.0836,60.8055,59.7638,59.7873,2885125
2015-01-16,59.4342,60.5456,59.0261,60.5103,2629589
2015-01-20,60.9046,61.0126,59.7706,60.1326,2671884
2015-01-21,60.9301,61.6257,60.7653,61.3981,4636127
2015-01-22,61.9582,63.5269,61.5639,63.3287,4995409
2015-01-23,61.8592,61.8592,59.2958,59.4754,5896945
2015-01-26,58.6945,60.2317,58.2491,60.2013,6704888
2015-01-27,59.1713,59.9021,58.9426,59.5912,4261331
2015-01-28,59.9452,60.2317,58.5238,58.5581,5127496
2015-01-29,58.4796,59.0898,58.0048,58.9819,3247655
2015-01-30,58.2579,59.3939,57.9175,58.7435,7652388
2015-02-02,58.927,60.009,58.7524,59.9521,3175973
2015-02-03,60.2788,61.3746,60.27,61.3019,4365711
2015-02-04,61.1695,61.2235,60.4544,60.5986,3557974
2015-02-05,60.99,61.7444,60.6329,61.3578,2464614
2015-02-06,61.8837,63.1707,61.815,62.5311,4033584
2015-02-09,62.0632,62.7047,61.866,62.5645,3321745
2015-02-10,63.0,63.5582,62.6646,63.4768,2716198
2015-02-11,63.3208,63.5582,62.9598,63.2443,2137610
2015-02-12,63.4856,63.878,63.3375,63.572,5877800
2015-02-13,63.4592,63.8711,62.9765,63.1982,3088427
2015-02-17,62.0377,63.5984,61.661,63.4768,3661569
2015-02-18,63.3767,63.5641,62.491,62.638,2584170
2015-02-19,62.3526,63.1805,62.2928,62.8765,2534535
2015-02-20,62.646,63.8221,62.3751,63.772,2944632
2015-02-23,63.5494,63.7073,62.8117,63.3375,2179394
2015-02-24,63.2884,64.7982,63.2884,64.2468,3508606
2015-02-25,63.8535,63.9202,62.7047,63.1805,5377610
2015-02-26,62.327,62.6793,61.2176,61.4559,6152952
2015-02-27,61.2647,61.7189,61.1263,61.1607,3767569
2015-03-02,61.093,62.0897,61.093,62.0799,4353447
2015-03-03,61.6776,62.2839,61.5482,61.9151,2601380
2015-03-04,61.6335,61.9151,61.3392,61.7189,2953544
2015-03-05,61.712,61.712,61.1117,61.3392,2879292
2015-03-06,59.1624,62.3094,58.9819,59.8128,7320136
2015-03-09,60.009,60.7477,59.748,60.4357,3260914
2015-03-10,59.6637,59.7873,58.6042,58.6042,3679181
2015-03-11,58.7279,59.7236,58.6376,59.4921,4672501
2015-03-12,60.2013,60.9821,59.6402,60.5182,4558805
2015-03-13,60.3818,60.4034,59.6549,60.3053,3336997
2015-03-16,60.6427,61.6522,60.4857,61.5306,3224148
2015-03-17,61.4864,62.2123,61.3157,62.0711,2678190
2015-03-18,61.9327,62.491,61.5639,61.7189,3466394
2015-03-19,61.6021,61.9974,61.2313,61.4687,3729333
2015-03-20,61.7689,62.9009,61.5943,62.6282,4085880
2015-03-23,62.5223,62.7548,62.0799,62.0799,2139896
2015-03-24,61.8248,62.0632,61.3902,61.405,2256883
2015-03-25,61.3981,61.3981,60.1915,60.1915,3035714
2015-03-26,60.0335,61.0194,59.6971,60.5015,3320562
2015-03-27,60.2788,60.5614,60.115,60.3563,2334303
2015-03-30,60.1659,61.2745,60.1659,60.9419,2214939
2015-03-31,60.6623,60.8722,60.2955,60.6525,3148935
2015-04-01,60.4269,60.8399,59.8501,60.5858,3007554
2015-04-02,60.5025,61.2186,60.4269,61.0145,2328409
2015-04-06,60.5721,61.6571,60.2955,61.5776,1981561
2015-04-07,61.5276,62.1848,61.3069,62.0279,2824241
2015-04-08,62.0701,62.6656,61.9209,62.5076,2344652
2015-04-09,62.3094,62.954,62.128,62.8705,2182134
2015-04-10,62.7852,62.9883,62.4497,62.9794,2059998
2015-04-13,62.9451,63.6721,62.9275,63.2237,2173714
2015-04-14,62.9932,63.31,62.5233,63.0099,1921304
2015-04-15,63.1001,63.2836,62.9372,63.1276,2316322
2015-04-16,62.8627,63.2306,62.6812,63.0501,1427346
2015-04-17,62.6057,62.7489,62.0367,62.4242,2713447
2015-04-20,62.7489,63.0766,62.5586,62.9186,1391862
2015-04-21,63.4288,63.778,62.9186,63.2394,3048576
2015-04-22,63.2571,64.4715,63.0334,64.2832,3938141
2015-04-23,64.1988,64.7913,63.8761,64.4961,3399379
2015-04-24,64.0742,64.1076,62.7303,62.9883,5066964
2015-04-27,63.2482,64.1164,63.1188,63.4552,4598744
2015-04-28,62.9108,64.0095,62.9108,63.9094,2292039
2015-04-29,63.7604,64.4362,63.6377,64.0497,1924945
2015-04-30,63.9909,64.4961,63.31,63.6122,2598394
2015-05-01,64.2057,64.3047,63.7515,64.0497,1437464
2015-05-04,64.2558,65.0052,64.0576,64.9493,2005808
2015-05-05,64.6275,65.2534,64.5275,64.9561,3672402
2015-05-06,65.6526,65.6526,63.8525,64.3459,3212928
2015-05-07,64.4539,64.7845,64.2057,64.4793,2201896
2015-05-08,64.9885,65.1377,64.7109,64.9561,1649864
2015-05-11,64.7913,65.2534,64.3538,64.3538,2762909
2015-05-12,63.927,64.1821,63.5543,64.1399,2680355
2015-05-13,64.0664,64.4206,63.7338,64.3381,1777256
2015-05-14,64.5432,64.605,62.6881,64.1076,4093929
2015-05-15,64.2558,64.4793,63.9182,64.2155,2379947
2015-05-18,63.8369,64.9639,63.5239,64.909,2762360
2015-05-19,64.9179,65.3868,64.8816,65.2534,2468931
2015-05-20,65.1788,65.4613,64.7011,65.1229,1865268
2015-05-21,64.8738,65.2691,64.7756,65.0817,1711935
2015-05-22,64.8904,65.224,64.7756,64.8512,1782617
2015-05-26,64.6687,64.7688,63.9006,64.0183,3113177
2015-05-27,64.2558,64.9179,64.034,64.7276,2181351
2015-05-28,64.6275,65.3358,64.4206,65.2612,2486731
2015-05-29,65.1307,65.1377,64.2322,64.2832,3149520
2015-06-01,64.5275,64.6746,63.7113,63.8761,2444824
2015-06-02,63.622,63.8457,63.1001,63.6377,2741246
2015-06-03,64.0576,65.0994,63.9594,64.6275,2444793
2015-06-04,64.2979,64.6844,63.6809,63.7858,1998045
2015-06-05,64.5275,65.0326,64.2322,64.7688,3199470
2015-06-08,64.7354,65.3358,64.5882,64.9885,2879416
2015-06-09,64.9561,65.3456,64.4627,65.2867,2380978
2015-06-10,65.6163,66.978,65.3946,66.5493,3341354
2015-06-11,66.5973,66.9456,66.3756,66.6817,1527770
2015-06-12,66.5885,66.9191,66.1039,66.5169,2424423
2015-06-15,65.889,66.1628,65.3181,65.842,1869053
2015-06-16,65.5761,66.1882,65.5506,65.8566,2124978
2015-06-17,66.0637,66.2863,65.3279,65.5673,2400420
2015-06-18,65.842,66.2697,65.3181,65.9136,2137950
2015-06-19,65.3025,65.8566,64.9639,65.1229,3798243
2015-06-22,65.9391,65.9813,65.4349,65.5918,2371080
2015-06-23,65.8812,66.1628,65.7056,65.9038,2094378
2015-06-24,65.6007,66.0873,65.5104,65.7929,2945485
2015-06-25,65.9136,65.9724,64.8816,64.8816,2210811
2015-06-26,65.1602,65.3554,64.8816,65.1445,2974215
2015-06-29,64.3666,64.6569,63.1747,63.2011,2812816
2015-06-30,64.1449,64.394,63.1266,63.7888,3026659
2015-07-01,64.5568,64.6667,63.8633,64.1449,1700101
2015-07-02,63.8849,64.1301,63.2924,63.7966,1685132
2015-07-06,63.0167,63.5082,62.8274,63.4748,1537018
2015-07-07,63.3493,63.5876,61.8062,63.4827,2329608
2015-07-08,62.8617,62.9353,61.7189,61.7983,1687787
2015-07-09,62.7273,63.1943,62.0152,62.0927,3069813
2015-07-10,62.8931,63.2394,62.6626,62.9353,2471567
2015-07-13,63.8064,64.0369,63.4474,63.9712,2101947
2015-07-14,63.673,64.3028,63.673,64.2351,1848932
2015-07-15,64.4931,64.6991,64.1615,64.6089,1554953
2015-07-16,64.863,65.8184,64.863,65.6928,2899249
2015-07-17,65.5771,65.8459,65.3702,65.7595,1747175
2015-07-20,65.8999,66.3168,65.4545,66.1079,2367761
2015-07-21,65.9842,66.9269,65.7242,66.2324,2339506
2015-07-22,65.893,67.1261,65.893,66.9534,2604713
2015-07-23,67.0113,67.3154,65.8459,66.0332,2498728
2015-07-24,64.4499,64.4499,62.2299,62.4468,6275067
2015-07-27,61.7983,62.1152,60.9959,61.9906,4162977
2015-07-28,62.3222,63.109,61.9592,63.1001,3307978
2015-07-29,63.2011,63.3729,62.9019,63.31,2269029
2015-07-30,63.3336,63.9222,63.2669,63.9124,1487889
2015-07-31,63.9124,64.0605,63.3002,63.4228,2328282
2015-08-03,63.4562,63.9712,63.0167,63.9467,2427528
2015-08-04,64.0536,64.7668,63.7544,64.7422,2583225
2015-08-05,65.3466,65.7409,64.6177,64.6991,2013950
2015-08-06,64.6177,65.4457,64.5255,64.908,3235390
2015-08-07,64.7668,65.3289,64.1773,65.0405,1748989
2015-08-10,65.687,66.1079,65.4545,65.8832,2489552
2015-08-11,64.9797,65.4457,64.6343,64.9699,2460788
2015-08-12,64.242,64.3577,62.8028,63.9624,3552662
2015-08-13,63.8162,64.5756,63.8162,64.242,2311622
2015-08-14,64.0311,65.0405,64.0311,65.0042,1805963
2015-08-17,64.086,64.7982,63.8947,64.7256,2455633
2015-08-18,64.4597,65.1229,64.3283,64.9346,1708065
2015-08-19,64.548,65.1523,64.2351,64.5756,2763932
2015-08-20,63.7544,63.8064,62.8117,62.8931,3404907
2015-08-21,62.3065,62.5125,61.0959,61.2028,4901007
2015-08-24,57.1023,59.8295,55.5544,57.5418,6018401
2015-08-25,59.2546,59.7039,56.3646,56.4088,5045015
2015-08-26,57.9323,58.6847,56.9787,58.6268,4398849
2015-08-27,59.4067,60.7144,59.29,60.422,3784063
2015-08-28,60.1699,60.6221,59.6873,60.5682,2418934
2015-08-31,60.0532,60.2827,59.3979,59.5804,3158658
2015-09-01,58.0961,58.5551,57.3358,57.7253,4454372
2015-09-02,60.3533,60.3533,57.8636,58.67,2714800
2015-09-03,58.8191,59.8373,58.6533,59.1939,2789762
2015-09-04,58.4678,58.6935,57.7253,58.0156,2955137
2015-09-08,59.3822,59.8854,58.9731,59.8295,2836722
2015-09-09,60.2258,60.9301,58.9005,59.0349,2666758
2015-09-10,58.8191,59.8452,58.5679,59.3321,2864184
2015-09-11,58.9005,59.2812,58.3561,59.2458,2391897
2015-09-14,59.2458,59.4548,58.9005,59.0653,1837953
2015-09-15,59.2173,59.8197,58.9093,59.5882,4126156
2015-09-16,59.5882,59.8197,59.2017,59.7226,2988091
2015-09-17,59.8119,60.8144,58.9996,59.2223,3730319
2015-09-18,58.103,58.5679,56.9856,57.1622,5743212
2015-09-21,57.7567,58.5463,57.3702,57.8538,3079470
2015-09-22,56.7885,57.2839,56.2234,56.8394,3906222
2015-09-23,56.8787,57.1023,56.4411,56.7953,2864446
2015-09-24,56.1527,56.4589,55.577,56.1086,4207221
2015-09-25,56.8787,57.3358,56.4323,56.9453,3281661
2015-09-28,56.4,56.8041,54.9,54.9991,3678195
2015-09-29,55.1983,55.7652,54.7538,55.4739,2921628
2015-09-30,56.2489,56.3892,55.1983,55.9644,3421218
2015-10-01,55.7388,56.1057,54.9138,55.88,2630884
2015-10-02,54.3733,55.8898,53.2687,55.8898,4202542
2015-10-05,56.4579,57.331,56.3627,57.1818,4777699
2015-10-06,56.9159,57.2054,56.5795,56.7158,2022370
2015-10-07,57.2485,57.8067,56.706,57.4722,2926204
2015-10-08,57.1053,57.9323,56.9473,57.8292,1430070
2015-10-09,57.8292,57.9155,56.7453,57.2633,3154008
2015-10-12,57.0798,57.6624,56.9797,57.5467,1709608
2015-10-13,57.0798,57.5791,56.3382,56.3804,1982503
2015-10-14,56.2028,56.2921,55.3571,55.4896,3137559
2015-10-15,56.1596,57.1553,55.8898,57.0504,2442212
2015-10-16,57.4123,57.4123,56.5971,57.0504,2737404
2015-10-19,56.5716,57.0504,56.2754,56.4725,2354061
2015-10-20,56.399,57.0327,56.3382,56.8404,2839790
2015-10-21,57.0425,57.1386,55.9379,55.9458,2713866
2015-10-22,56.1743,58.2129,56.1743,57.6812,3795905
2015-10-23,57.48,57.6291,54.3644,55.9084,7674799
2015-10-26,55.9084,56.9866,55.3307,55.7202,4778029
2015-10-27,55.3209,56.4481,55.1404,56.1812,4074648
2015-10-28,56.1743,58.5944,56.1665,58.5699,4431680
2015-10-29,58.5699,58.7455,57.8146,58.102,2414594
2015-10-30,58.2001,58.4453,57.4545,57.4545,3466852
2015-11-02,57.6135,58.772,57.4722,58.5571,2188605
2015-11-03,58.2521,59.8119,58.1392,59.3301,3670055
2015-11-04,59.2596,59.6519,58.8887,59.3469,2349594
2015-11-05,59.4038,60.6859,59.1703,60.3386,3905313
2015-11-06,62.1505,62.7813,60.6702,61.3059,5118014
2015-11-09,61.4756,61.5286,60.0954,60.3033,3952180
2015-11-10,60.0277,60.4789,59.1987,59.4783,3339072
2015-11-11,59.7462,60.1797,59.4783,59.6607,3538068
2015-11-12,59.2968,59.5538,58.8054,58.8054,3509367
2015-11-13,58.564,59.0535,58.1462,58.2521,2385053
2015-11-16,57.4487,58.7808,57.4487,58.7808,2496019
2015-11-17,58.9221,59.6519,58.5483,59.1026,2235172
2015-11-18,59.2419,60.7526,59.1192,60.6859,2639651
2015-11-19,60.5996,60.8938,60.2444,60.4701,1713849
2015-11-20,60.8938,61.201,60.4632,60.5996,1915966
2015-11-23,60.5996,60.9449,60.3033,60.4701,2143907
2015-11-24,59.8452,60.4857,59.5784,60.2356,1939865
2015-11-25,60.4348,60.8105,60.0443,60.6349,1872613
2015-11-27,60.5466,60.6859,60.0443,60.6182,959304
2015-11-30,60.6261,60.8684,60.3622,60.4348,2429486
2015-12-01,60.7428,61.0116,59.9394,60.3101,2255258
2015-12-02,60.4857,60.7114,59.8854,60.2523,2965235
2015-12-03,60.3553,60.734,59.2596,59.4038,2892957
2015-12-04,59.7863,61.4275,59.4861,61.3618,2579123
2015-12-07,61.146,61.146,60.0277,60.3876,1938666
2015-12-08,59.2075,60.1533,58.9554,59.0878,3478806
2015-12-09,58.6464,58.9221,57.2152,57.3123,5519605
2015-12-10,57.3123,58.1618,57.2407,57.4976,3350001
2015-12-11,56.5226,56.7315,54.9638,55.0599,3595351
2015-12-14,55.4406,55.88,53.7071,54.7352,4305991
2015-12-15,55.3209,56.2665,55.3209,56.1311,5547829
2015-12-16,56.706,57.531,55.7064,57.1288,5387385
2015-12-17,57.0425,57.1288,54.8843,55.2905,4509501
2015-12-18,54.798,54.8068,53.8857,53.9004,4612181
2015-12-21,54.4262,54.798,54.1408,54.7627,2645534
2015-12-22,55.259,55.414,54.4095,55.2905,2638259
2015-12-23,55.5396,55.9743,55.4229,55.9212,2200349
2015-12-24,55.9212,56.1498,55.8418,55.9084,823735
2015-12-28,55.7996,56.0488,55.3121,55.931,1641219
2015-12-29,56.3165,56.8895,56.1399,56.3293,1786821
2015-12-30,56.2989,56.5236,55.6986,55.7103,1335463
2015-12-31,55.2934,56.2833,55.1335,55.5357,1832727
2016-01-04,54.2045,54.5489,53.6806,54.5145,3093794
2016-01-05,54.3713,54.9402,54.18,54.5979,1803082
2016-01-06,53.56,53.6208,52.5819,52.7831,2822231
2016-01-07,51.911,52.0032,50.2119,50.3983,3817108
2016-01-08,50.8475,50.9182,48.9836,49.0827,2317547
2016-01-11,49.3623,49.7459,48.0821,48.9081,3587238
2016-01-12,49.6037,49.7872,48.6638,49.6694,3122611
2016-01-13,50.0215,50.1795,47.4681,47.5446,2745810
2016-01-14,47.9379,48.7404,46.9855,48.0684,4415900
2016-01-15,46.4812,46.7981,44.997,46.0045,5069477
2016-01-19,46.7324,46.8059,45.8269,46.4812,5827630
2016-01-20,45.2775,46.6911,44.532,46.1408,7181216
2016-01-21,46.1947,46.8343,45.3953,45.5522,3394582
2016-01-22,46.4557,47.1591,46.1457,46.7244,3380915
2016-01-25,46.3743,46.5224,45.3521,45.3775,4328050
2016-01-26,45.6837,46.9334,45.6032,46.8059,3982558
2016-01-27,45.0058,45.6032,43.3273,43.4441,7250871
2016-01-28,43.6019,44.0709,42.4552,43.5039,5439780
2016-01-29,43.8865,46.7244,43.861,46.6401,7122024
2016-02-01,46.1545,46.3154,45.4374,45.8543,4286114
2016-02-02,44.7723,44.7723,43.6776,44.3328,5989235
2016-02-03,44.8056,45.1186,43.2685,45.0058,6290314
2016-02-04,44.9263,47.0001,44.6801,46.1231,4711646
2016-02-05,46.1231,46.8491,45.1843,45.5443,3879957
2016-02-08,44.7968,45.1088,43.9041,44.8322,4784581
2016-02-09,43.654,45.15,43.654,44.6879,5032499
2016-02-10,45.0853,46.081,44.942,44.9656,3140537
2016-02-11,43.0496,44.4133,43.0496,43.8384,4438318
2016-02-12,44.788,45.9466,44.2435,45.7631,3022971
2016-02-16,46.2035,47.9291,46.0447,47.4014,3883003
2016-02-17,47.8438,48.5756,47.2071,47.3533,3654318
2016-02-18,47.4337,47.6005,46.1496,46.5155,3705987
2016-02-19,46.1879,47.6269,45.82,47.0256,5802198
2016-02-22,47.417,48.2469,46.7981,47.5524,4318744
2016-02-23,47.5034,47.5112,46.2791,46.5567,3771977
2016-02-24,45.3236,45.4933,44.0797,45.3432,5831221
2016-02-25,45.4256,45.8122,44.8743,45.8122,4830436
2016-02-26,46.3223,46.9432,45.7926,46.3743,3187368
2016-02-29,46.438,46.5656,45.4502,45.8445,4368584
2016-03-01,46.3821,47.9379,46.3654,47.8193,3195228
2016-03-02,47.8438,48.4235,47.6005,48.2823,3165417
2016-03-03,48.298,48.6982,47.7437,48.5835,2774559
2016-03-04,48.916,49.9961,48.6158,49.0995,4089960
2016-03-07,48.4972,49.2259,48.3656,48.9592,3073445
2016-03-08,48.3833,48.6051,47.7633,47.9379,4087447
2016-03-09,48.3745,48.5324,47.6005,47.6946,4623378
2016-03-10,48.1233,48.1233,46.8814,47.3435,5199973
2016-03-11,47.9547,48.5324,47.5269,48.4972,4204541
2016-03-14,48.3656,48.656,47.9547,48.3362,3248393
2016-03-15,47.9547,48.0106,47.3836,47.4945,4146915
2016-03-16,47.317,48.041,46.9589,47.5779,6459789
2016-03-17,47.417,48.3284,47.1591,48.036,7016734
2016-03-18,48.3362,49.5449,48.2126,49.4173,7348487
2016-03-21,49.3683,50.4384,49.0485,50.1658,5461878
2016-03-22,49.6439,50.0451,49.3172,49.6773,3520272
2016-03-23,49.5958,50.259,49.3172,49.9127,6760466
2016-03-24,49.1592,49.3761,48.5756,49.1672,3773730
2016-03-28,48.7826,49.484,48.4794,48.8827,4207433
2016-03-29,48.4089,49.0827,47.7026,48.9503,2574321
2016-03-30,49.2858,50.4228,48.8316,49.2593,4241456
2016-03-31,49.1592,49.8421,49.0347,49.2593,3119658
2016-04-01,48.8562,49.791,48.5815,49.6233,2446455
2016-04-04,49.639,49.9931,49.2505,49.4958,1989143
2016-04-05,48.8316,49.0259,47.6113,48.4942,4891781
2016-04-06,48.3706,49.1004,48.2862,48.9926,2030422
2016-04-07,48.4579,48.7129,47.0384,47.2895,2912578
2016-04-08,47.8987,48.1273,47.1914,47.369,2159310
2016-04-11,47.7751,48.1361,47.4406,47.6191,1922416
2016-04-12,47.8546,48.6364,47.571,48.3971,2023252
2016-04-13,48.8228,50.3139,48.7747,50.2874,2932943
2016-04-14,50.1471,51.1369,49.9097,50.5758,2906482
2016-04-15,50.5493,50.8024,49.8185,50.1471,2942647
2016-04-18,49.9686,50.4572,49.8332,50.415,2106422
2016-04-19,50.5052,51.1556,50.3629,50.725,2741023
2016-04-20,50.9771,52.0316,50.6592,51.9816,2894902
2016-04-21,51.9816,52.4623,51.3489,51.5107,2037779
2016-04-22,51.6275,52.2573,51.5431,52.0983,1624309
2016-04-25,51.7206,52.1209,51.2537,51.6922,1766164
2016-04-26,51.8894,52.7271,51.6765,52.5947,3554231
2016-04-27,53.1009,54.4546,52.4083,53.814,4053521
2016-04-28,53.2951,53.7817,52.7232,52.8714,2881947
2016-04-29,52.4858,52.8312,51.9365,52.4447,2829461
2016-05-02,52.4858,53.0322,51.9365,52.9567,2147711
2016-05-03,52.0591,52.1287,50.6592,51.3988,3418774
2016-05-04,50.8505,51.2458,50.0765,50.5239,3819090
2016-05-05,50.5994,50.8103,50.1206,50.2874,1919387
2016-05-06,49.9843,50.3551,49.5439,50.3041,2323512
2016-05-09,50.3237,50.9358,50.0529,50.3385,1753565
2016-05-10,50.5994,51.5107,50.5239,51.442,2330420
2016-05-11,51.2635,51.5598,50.7966,50.825,1902041
2016-05-12,51.1232,51.5107,50.1785,50.5327,1853789
2016-05-13,50.4228,51.1232,49.7754,49.8587,2048996
2016-05-16,49.6566,50.6082,49.6566,50.2629,1960133
2016-05-17,50.1118,50.7151,49.5821,50.2482,2749677
2016-05-18,50.2482,51.8796,49.944,51.7687,2794809
2016-05-19,51.3714,51.8619,50.5817,51.1144,2642268
2016-05-20,51.4911,51.9619,51.2733,51.7108,2491211
2016-05-23,51.6088,51.912,51.1811,51.5598,1995218
2016-05-24,51.9619,52.7801,51.8295,52.6536,2146051
2016-05-25,52.991,53.9573,52.8056,53.6061,3085737
2016-05-26,53.5041,53.8032,52.8596,52.9223,2625754
2016-05-27,53.2078,53.3491,52.94,53.3098,2114201
2016-05-31,53.5699,53.5699,52.8056,53.0823,2732221
2016-06-01,52.4623,53.151,51.9619,52.9969,2193228
2016-06-02,52.9479,53.0322,52.5114,53.0322,1939287
2016-06-03,52.0218,52.0218,50.8701,51.3567,3952605
2016-06-06,51.5598,52.9223,51.4833,52.6536,3148888
2016-06-07,52.7733,52.7733,51.9717,51.9953,2578834
2016-06-08,51.9953,52.2925,51.6687,51.8011,3192791
2016-06-09,51.3567,51.3567,50.6042,50.7504,3362822
2016-06-10,50.0687,50.1118,49.6478,49.8185,5993807
2016-06-13,49.5909,50.5906,49.4281,49.7596,3779698
2016-06-14,49.5654,50.0687,48.7051,49.0102,4327335
2016-06-15,49.2505,49.5105,48.7129,48.7493,5018348
2016-06-16,48.3422,48.4579,47.7035,48.4421,3935895
2016-06-17,48.4275,48.967,48.3176,48.7747,4432284
2016-06-20,49.5723,50.2796,49.3202,49.3712,4513514
2016-06-21,49.6478,49.691,49.1524,49.48,3181978
2016-06-22,49.48,49.9029,49.2133,49.2349,3989571
2016-06-23,50.0687,50.7602,50.0687,50.7328,2582628
2016-06-24,47.1503,47.8546,46.2752,46.2889,6141349
2016-06-27,45.3737,45.4816,42.5896,42.7524,6280554
2016-06-28,43.6039,43.7226,42.6122,43.1586,4950475
2016-06-29,43.8374,44.2337,43.5078,44.2033,5608572
2016-06-30,44.5633,45.7003,44.5133,45.6905,7780968
2016-07-01,45.4051,46.0946,45.1324,45.6238,2955362
2016-07-05,45.0391,45.0489,44.2367,44.5731,3365703
2016-07-06,44.1072,44.2249,43.4028,44.165,4717066
2016-07-07,44.165,44.8351,43.962,44.1003,4887486
2016-07-08,44.8871,45.2696,44.8096,45.1068,3013921
2016-07-11,45.6238,46.0231,45.3707,45.4276,3207759
2016-07-12,45.9554,46.5656,45.9554,46.3625,2783590
2016-07-13,46.4635,46.6567,46.0231,46.4468,2286077
2016-07-14,47.4024,47.7947,47.1924,47.6397,4142655
2016-07-15,47.9389,48.3716,47.3552,48.2254,4699397
2016-07-18,48.2254,48.8611,48.0802,48.8268,2636130
2016-07-19,48.3186,48.8512,48.3186,48.6933,2839041
2016-07-20,48.8022,49.022,48.3264,48.9562,2167595
2016-07-21,48.9121,48.9984,48.4285,48.5579,1784783
2016-07-22,48.6648,49.3781,48.5579,49.3555,2723502
2016-07-25,49.1838,49.2927,48.7267,48.9719,1930963
2016-07-26,48.8179,49.4634,48.7433,49.4193,2065588
2016-07-27,51.1252,54.1221,51.1252,54.024,7096476
2016-07-28,54.0917,55.4887,53.8798,55.4621,4665386
2016-07-29,55.3248,56.038,55.1404,55.7408,3472206
2016-08-01,55.8692,56.5049,55.5544,55.8771,3338368
2016-08-02,55.625,56.2322,54.9785,55.3621,3275745
2016-08-03,55.3944,56.0292,55.3425,55.8035,2689362
2016-08-04,55.7319,55.9438,55.42,55.7496,2984897
2016-08-05,56.3039,57.6448,56.3039,57.5811,2541147
2016-08-08,57.6223,58.1569,57.5056,57.7763,2245046
2016-08-09,57.7763,57.995,57.327,57.4614,2217976
2016-08-10,57.5467,57.6821,57.1573,57.3623,1830129
2016-08-11,57.531,58.3012,57.2573,58.0461,1870022
2016-08-12,57.4379,57.8783,57.2446,57.8264,1334012
2016-08-15,58.1138,58.7239,58.0823,58.6494,1758110
2016-08-16,58.3266,58.8593,58.0637,58.462,2071085
2016-08-17,58.462,58.768,58.2932,58.5493,2674126
2016-08-18,58.309,58.6592,58.2167,58.515,2165319
2016-08-19,58.2579,58.7504,58.1412,58.4875,2404115
2016-08-22,58.4365,58.5061,58.0902,58.4444,1823193
2016-08-23,58.8691,58.8946,58.5885,58.7416,2069558
2016-08-24,58.7416,58.8867,58.3943,58.4875,2079454
2016-08-25,58.36,58.6308,58.2668,58.5061,1927322
2016-08-26,58.7504,59.0241,58.3364,58.5297,2973732
2016-08-29,58.7416,59.2399,58.6905,59.0045,1694944
2016-08-30,59.133,59.6313,58.8946,59.6078,1934737
2016-08-31,59.6156,59.8668,58.8593,59.5215,2993354
2016-09-01,59.7756,60.0286,58.7946,59.4184,1444231
2016-09-02,59.4871,60.064,59.184,59.8511,1715326
2016-09-06,59.6735,60.0375,59.2752,59.6313,2123256
2016-09-07,59.2223,59.8511,59.1497,59.8011,1602710
2016-09-08,59.4184,60.1493,59.3361,59.7756,3032563
2016-09-09,59.7677,60.1669,59.0633,59.0633,3383483
2016-09-12,58.6396,60.115,58.1049,59.8668,3247848
2016-09-13,59.082,59.3017,58.1932,58.6228,3187883
2016-09-14,58.5974,59.2654,58.4041,58.8269,2879596
2016-09-15,58.8269,59.7598,58.5836,59.6313,2518651
2016-09-16,59.082,59.2183,58.4444,58.7161,7942428
2016-09-19,59.1154,59.8844,58.462,58.4875,4059729
2016-09-20,59.2488,59.8668,59.0143,59.2939,2511964
2016-09-21,59.6813,60.4181,59.6735,60.2238,2359951
2016-09-22,60.575,60.6918,59.8442,60.2013,2569686
2016-09-23,59.8599,60.2925,59.6313,59.8442,2484903
2016-09-26,59.2017,59.4969,58.5709,58.7504,1854499
2016-09-27,58.462,59.6402,58.2491,59.3861,2426080
2016-09-28,59.5303,59.8177,59.0379,59.6911,2544891
2016-09-29,59.4254,60.2248,58.1569,58.4375,3043426
2016-09-30,58.9741,59.5804,58.5081,59.3263,3904583
2016-10-03,59.0103,59.8609,59.0103,59.4861,2184530
2016-10-04,59.6559,60.7987,59.6559,60.7929,3087938
2016-10-05,61.2313,62.3154,61.1244,61.9415,2385476
2016-10-06,61.9415,62.1368,61.0881,61.7709,2236384
2016-10-07,61.9494,62.1368,60.9174,61.5678,2245745
2016-10-10,62.0505,62.2986,61.2058,61.2058,2141471
2016-10-11,61.0116,61.046,59.7265,59.9315,2475847
2016-10-12,60.0482,60.4897,59.5548,60.1787,3108205
2016-10-13,59.5724,59.5724,58.0735,58.5817,2086439
2016-10-14,59.3841,59.6813,58.72,58.7984,2499602
2016-10-17,58.8054,59.0271,58.3963,58.4708,1693317
2016-10-18,59.2154,59.5127,58.9338,59.443,1672969
2016-10-19,59.699,60.5083,59.6156,60.0914,1752017
2016-10-20,60.0482,61.0901,60.0482,60.5172,2842225
2016-10-21,60.065,60.4995,59.8285,60.3896,2070747
2016-10-24,60.73,61.3049,60.4505,60.8576,2072322
2016-10-25,60.8929,61.1235,60.0786,60.3984,2835998
2016-10-26,61.1057,61.25,58.5169,59.802,3015146
2016-10-27,60.4044,61.2597,59.9649,60.3317,3056748
2016-10-28,60.4749,60.679,59.443,60.0482,1345392
2016-10-31,60.2788,60.5083,59.802,59.8187,2089033
2016-11-01,60.2092,60.6261,59.8766,60.2092,2512067
2016-11-02,59.8854,59.9315,59.2075,59.6235,2994745
2016-11-03,59.5804,60.3848,59.5724,59.9413,2568418
2016-11-04,59.9413,60.7477,59.4106,59.9727,1930309
2016-11-07,61.3108,61.6678,61.1852,61.6316,1712240
2016-11-08,61.3432,61.9327,60.7929,61.5678,1548118
2016-11-09,62.1191,64.7511,61.6767,64.3577,3259317
2016-11-10,65.223,67.4802,64.9561,65.3818,4982949
2016-11-11,64.9639,65.3132,64.3283,65.1357,2941603
2016-11-14,65.9273,67.2497,65.8174,66.8887,3986771
2016-11-15,66.4904,67.5361,66.201,67.5175,5795049
2016-11-16,65.2494,66.874,65.2494,66.354,2848190
2016-11-17,66.2255,67.4802,66.1079,66.8985,2499091
2016-11-18,66.7974,67.234,66.1756,66.8809,3131822
2016-11-21,67.2497,67.3046,66.7611,66.9593,1532070
2016-11-22,67.128,67.2575,66.1215,66.4649,2301082
2016-11-23,66.6268,67.2497,66.0656,66.6954,2078641
2016-11-25,66.6013,66.8328,66.3276,66.8328,608682
2016-11-28,66.303,66.6444,65.4251,65.4839,2202547
2016-11-29,65.6301,65.9459,65.2789,65.6125,1804445
2016-11-30,66.2609,67.2762,66.2609,67.1378,2745610
2016-12-01,67.4184,69.0047,67.4184,68.4917,3387921
2016-12-02,68.2121,68.2552,66.6444,66.8328,3842995
2016-12-05,67.289,68.109,67.0937,67.4449,2958521
2016-12-06,68.0159,68.0413,67.0849,67.8265,3286659
2016-12-07,67.6735,68.1286,67.438,68.0914,2720169
2016-12-08,68.7722,69.7865,68.1601,69.3862,1599973
2016-12-09,69.1754,69.1754,68.1934,68.6123,2368522
2016-12-12,68.6457,69.4314,68.058,68.3553,2222462
2016-12-13,68.7192,68.9507,67.7598,68.2121,2022244
2016-12-14,67.6382,68.933,67.2674,67.6322,2769926
2016-12-15,68.2023,68.7722,67.5832,68.2376,2832091
2016-12-16,68.3984,68.3984,66.8406,66.9838,3499822
2016-12-19,66.9838,67.2674,66.1147,66.7278,2354107
2016-12-20,67.3242,68.0836,66.8661,67.3144,2648170
2016-12-21,67.289,67.3674,66.5925,67.1899,1846302
2016-12-22,67.2811,67.4949,66.9407,67.3046,2347156
2016-12-23,67.3046,67.3046,66.5747,67.0457,1379350
2016-12-27,67.289,67.4096,66.9407,67.3046,1311334
2016-12-28,67.5832,67.6823,66.67,66.7974,1361498
2016-12-29,66.7886,67.0299,66.1039,66.4904,1266667
2016-12-30,66.514,66.9682,66.3168,66.5395,1494331
2017-01-03,67.6342,68.4328,67.0015,67.8511,2120208
2017-01-04,69.1253,70.536,68.9174,70.4379,3876528
2017-01-05,70.382,70.9666,69.3157,69.9297,3319058
2017-01-06,70.1505,70.7871,69.298,70.5801,2745113
2017-01-09,70.0935,70.642,69.503,69.6649,2289784
2017-01-10,69.709,70.2721,69.3549,69.607,2801060
2017-01-11,69.3912,70.9666,69.194,70.9313,3540249
2017-01-12,71.053,71.053,69.4697,70.2809,2817061
2017-01-13,70.6744,71.4788,70.6243,71.0,2559544
2017-01-17,70.3065,70.536,68.6123,68.6643,2353244
2017-01-18,68.6829,68.8223,67.5214,68.6192,2771330
2017-01-19,68.6829,68.8349,67.1045,67.4223,2618786
2017-01-20,67.6872,67.9874,67.1722,67.643,1885938
2017-01-23,67.4223,67.7726,66.7377,67.2605,1254014
2017-01-24,67.5303,69.2382,66.977,68.935,3195636
2017-01-25,64.2116,67.1212,63.7387,66.6091,7707704
2017-01-26,66.0078,66.4904,65.0512,65.5634,4955155
2017-01-27,65.4947,65.5546,64.9709,65.068,2685680
2017-01-30,64.9061,65.3417,64.3323,65.2426,2426597
2017-01-31,65.0346,65.426,64.6903,65.2426,2898277
2017-02-01,65.8214,66.2923,65.0768,65.3603,2938635
2017-02-02,64.7432,65.2985,64.2802,65.0434,2961684
2017-02-03,65.9509,66.3854,65.4947,66.3854,2663877
2017-02-06,65.9411,66.5915,65.6811,66.198,1582312
2017-02-07,66.5061,66.5306,65.9577,66.3511,2539069
2017-02-08,65.7615,66.3511,65.068,66.2226,3024552
2017-02-09,66.3854,66.9917,65.9577,66.7278,2119767
2017-02-10,66.9682,66.9917,66.2059,66.874,2280177
2017-02-13,67.2359,68.2778,67.2359,67.8844,1805946
2017-02-14,67.8844,70.016,67.8844,69.7336,3921469
2017-02-15,69.9739,70.4683,69.7689,70.1299,2094199
2017-02-16,68.9997,69.6463,68.885,69.143,2764317
2017-02-17,68.4328,69.1253,68.2876,69.0655,1403806
2017-02-21,69.1773,69.5805,68.6368,68.9448,2568391
2017-02-22,68.4917,68.8045,68.0639,68.6741,2540519
2017-02-23,68.9448,69.0076,68.0305,68.3385,1754523
2017-02-24,67.5675,68.0041,67.2261,67.596,2494220
2017-02-27,67.596,68.0217,67.5214,67.8147,2576846
2017-02-28,67.3468,68.416,67.1722,68.2454,3216953
2017-03-01,69.503,70.7361,69.503,69.9052,4864103
2017-03-02,70.0759,70.0759,68.7732,68.8105,2499083
2017-03-03,68.3209,69.039,68.2934,68.6829,2126100
2017-03-06,68.1925,68.4328,67.8923,68.1669,1783338
2017-03-07,68.2356,68.4671,67.9089,68.1502,2396653
2017-03-08,69.0478,69.347,68.3729,68.423,2444058
2017-03-09,68.8624,68.9723,68.2876,68.416,2745436
2017-03-10,68.7732,69.089,68.0972,68.416,2587188
2017-03-13,68.627,69.2519,68.0473,68.0972,2820890
2017-03-14,67.7902,67.9334,67.337,67.7559,2303527
2017-03-15,67.8775,68.5878,67.7647,68.2003,2579472
2017-03-16,68.416,69.3157,68.2532,69.0174,3289977
2017-03-17,69.089,69.1519,67.078,67.3007,4601572
2017-03-20,66.8995,67.3272,66.4531,66.5737,2808505
2017-03-21,66.9917,67.0721,65.1867,65.3328,5329529
2017-03-22,65.0062,66.1177,64.4421,65.7419,2915217
2017-03-23,65.6684,66.7367,65.3838,66.1549,3441099
2017-03-24,66.3511,66.5395,65.6762,66.1039,3135218
2017-03-27,64.6903,66.9593,64.5275,66.874,3780503
2017-03-28,66.6522,68.5259,66.5228,67.9796,3599571
2017-03-29,67.9796,68.416,67.6961,67.8991,2412746
2017-03-30,68.0982,68.9959,67.7196,68.8575,1886154
2017-03-31,68.4857,69.2961,68.3395,68.4857,1719138
2017-04-03,68.5377,68.7094,66.9201,67.8069,2272421
2017-04-04,67.5381,67.9334,67.3763,67.6951,1227545
2017-04-05,68.2552,69.2872,67.5754,67.6254,2971642
2017-04-06,67.5116,68.3219,66.9956,67.8609,1795979
2017-04-07,67.3841,68.2886,67.1172,67.7726,1183065
2017-04-10,67.7559,67.9874,66.9642,67.4636,2525157
2017-04-11,66.9642,67.5283,66.4992,67.3763,2793542
2017-04-12,67.1006,67.2565,66.4992,66.8691,2490000
2017-04-13,66.7219,67.8324,66.3972,66.4992,2285862
2017-04-17,66.6798,67.5479,66.2236,67.5116,2016410
2017-04-18,66.9113,67.2664,66.198,66.8524,2017851
2017-04-19,67.4724,67.7638,66.7641,66.9878,1939486
2017-04-20,67.5852,67.6863,66.6876,67.3763,2444897
2017-04-21,67.3586,67.7892,66.5944,66.8446,1754530
2017-04-24,68.2552,68.8301,67.8511,68.6407,2509968
2017-04-25,69.0714,69.7737,68.8998,69.3529,2843750
2017-04-26,69.6806,72.2017,69.6247,71.8779,4273734
2017-04-27,72.135,72.9777,71.7221,72.8914,3417859
2017-04-28,72.8561,73.4495,72.1507,72.1772,3153567
2017-05-01,72.6677,72.6923,71.9437,72.2105,2587118
2017-05-02,72.3439,72.4705,71.5513,71.7053,2405441
2017-05-03,71.2982,72.2105,71.0687,72.0732,2071773
2017-05-04,72.6166,72.9444,71.8221,72.0232,2240276
2017-05-05,72.2626,72.3518,71.7289,71.9182,1461055
2017-05-08,72.1772,72.3743,71.4836,71.7367,1502279
2017-05-09,71.8407,72.4705,71.6082,71.7897,1602228
2017-05-10,71.5248,71.9182,71.3885,71.8849,916090
2017-05-11,71.5641,71.7613,70.7499,71.2561,2169605
2017-05-12,70.9549,71.1187,70.3094,71.0324,1808622
2017-05-15,71.1608,71.6102,71.051,71.2227,2180076
2017-05-16,70.9647,71.4277,70.379,71.315,1556232
2017-05-17,69.9229,70.5164,68.3317,68.6681,2860680
2017-05-18,68.6309,69.242,68.2023,68.7241,1843684
2017-05-19,68.8477,69.9759,68.6221,69.5168,2618143
2017-05-22,69.8974,70.018,69.1489,69.5168,1761767
2017-05-23,69.6315,70.3947,69.2597,70.123,1210954
2017-05-24,70.2339,70.4321,69.8974,70.379,1922144
2017-05-25,70.6459,71.2315,70.4045,70.6606,1418061
2017-05-26,70.3702,70.7744,70.2084,70.533,1474152
2017-05-30,70.1367,70.4722,70.0249,70.2663,1468123
2017-05-31,70.1043,70.2741,69.452,70.0779,2110679
2017-06-01,70.4409,71.308,70.0907,71.2473,1526100
2017-06-02,70.533,71.4041,70.3094,71.1275,1458814
2017-06-05,72.1428,72.5794,71.4454,71.4601,2874389
2017-06-06,71.0128,71.7446,70.5252,71.6612,2520610
2017-06-07,71.7897,72.651,71.4886,72.597,2361477
2017-06-08,72.7972,74.3972,72.5872,73.9822,2518717
2017-06-09,74.3265,75.2801,74.2815,75.1456,2190632
2017-06-12,75.1015,75.7578,74.6179,74.9367,1854409
2017-06-13,75.5999,77.09,75.5665,76.2111,3636488
2017-06-14,75.6616,76.4092,75.2909,76.3837,1980482
2017-06-15,75.8931,76.7878,75.798,76.3925,1716874
2017-06-16,76.5818,76.623,75.6538,75.9187,3747338
2017-06-19,76.2453,77.3823,76.1266,77.0135,2270598
2017-06-20,76.7358,77.2695,76.5112,76.6947,1192620
2017-06-21,76.8467,77.0978,76.3405,76.8918,1421968
2017-06-22,76.6318,76.884,76.2022,76.2904,1389928
2017-06-23,76.3503,76.3925,74.6708,75.0505,4006810
2017-06-26,75.2389,75.6185,74.87,75.5489,1775710
2017-06-27,75.8931,76.2904,75.5086,75.6185,1437332
2017-06-28,76.5671,77.3735,76.4778,77.1322,2665530
2017-06-29,78.9902,78.9902,76.8909,77.4422,2173467
2017-06-30,77.8218,78.0464,77.2273,77.5216,1783506
2017-07-03,78.0994,79.1442,77.7953,78.688,792556
2017-07-05,78.9205,79.4718,78.229,79.0745,1743043
2017-07-06,79.0941,79.2747,78.2466,78.2809,1575393
2017-07-07,78.7106,79.0422,78.2632,78.5065,1920957
2017-07-10,78.5065,79.3973,78.3153,79.0657,2278193
2017-07-11,79.0941,79.0941,77.7806,77.9268,2293149
2017-07-12,77.7472,78.7831,77.5471,78.6105,2281136
2017-07-13,79.0068,79.673,78.5742,79.3001,1548520
2017-07-14,78.4889,79.7495,77.9082,79.5434,1813458
2017-07-17,79.4159,80.2105,79.1972,79.9652,1183166
2017-07-18,79.2579,79.7583,78.9559,79.5513,1083855
2017-07-19,79.7151,79.7151,77.1066,78.2809,4940903
2017-07-20,78.4535,79.8446,78.3741,78.5065,2417107
2017-07-21,78.0464,78.894,78.0464,78.6105,1533438
2017-07-24,78.5654,79.1874,78.4094,79.0745,1821761
2017-07-25,80.5028,80.5028,79.618,79.9476,2191130
2017-07-26,82.7895,83.1623,81.1405,81.4514,3191810
2017-07-27,81.7536,81.8321,80.4646,80.8207,2162026
2017-07-28,80.6804,80.8883,80.1722,80.493,2008240
2017-07-31,80.7442,80.8579,80.4832,80.5451,2318125
2017-08-01,80.9855,81.114,80.4165,80.8667,2063370
2017-08-02,81.1042,81.5279,80.8667,81.4004,2280182
2017-08-03,81.3563,81.8164,80.7854,81.012,1592348
2017-08-04,81.6153,82.767,81.4701,82.1607,2694884
2017-08-07,82.1352,82.3323,81.581,81.6006,1191622
2017-08-08,81.3122,82.455,81.2445,81.5113,1364265
2017-08-09,80.96,81.4701,80.5607,81.4514,2475231
2017-08-10,81.062,81.4004,79.4806,79.9143,2659281
2017-08-11,79.9388,80.8667,79.153,79.5513,2632148
2017-08-14,80.4253,81.2622,80.2576,80.7942,1679838
2017-08-15,81.3122,81.9793,80.8295,81.0561,1411950
2017-08-16,80.3547,81.2622,80.1909,80.3821,1911292
2017-08-17,80.1722,80.5607,79.0745,79.3001,2141465
2017-08-18,79.1019,80.3194,78.7831,79.8446,2218146
2017-08-21,79.7397,80.2497,79.516,79.7681,1484233
2017-08-22,80.0182,81.062,79.9731,80.8972,1287058
2017-08-23,80.1468,81.1915,80.1468,80.7353,1495074
2017-08-24,80.9688,81.581,80.6137,81.0218,1945372
2017-08-25,81.2523,81.7468,80.7167,80.753,2552879
2017-08-28,80.9051,81.2268,79.983,80.2576,1564292
2017-08-29,79.3786,79.7583,78.6409,79.4806,2537038
2017-08-30,79.5955,80.0114,79.5434,79.828,1733145
2017-08-31,80.2576,80.2576,79.6464,79.9073,2417953
2017-09-01,80.2497,81.114,80.0016,80.5028,1605563
2017-09-05,80.0271,80.6726,79.1019,79.3001,3292441
2017-09-06,79.673,79.9073,78.6713,79.1618,2403062
2017-09-07,79.1706,79.3188,77.762,78.5919,2597563
2017-09-08,78.688,80.2429,78.6263,79.9143,2349530
2017-09-11,80.9051,81.7909,80.7069,81.4956,1981316
2017-09-12,81.9184,82.4118,81.5712,82.0391,1799944
2017-09-13,81.7095,81.7095,80.9502,81.4426,2179922
2017-09-14,81.3916,81.6427,81.0463,81.2964,2873904
2017-09-15,81.3475,81.9272,80.9855,81.2445,6019487
2017-09-18,81.4338,82.0087,81.322,81.8664,1392295
2017-09-19,82.098,82.8523,81.7722,82.6601,1953174
2017-09-20,82.767,83.1171,81.8233,82.7827,1617008
2017-09-21,82.8788,83.2741,82.5217,82.8945,1394153
2017-09-22,82.7748,82.9671,82.3844,82.558,1463156
2017-09-25,82.4953,82.6345,80.9688,81.6084,1744921
2017-09-26,81.7536,81.8321,80.9943,81.1306,2036140
2017-09-27,82.1951,83.0348,81.7536,82.5404,1807943
2017-09-28,82.5482,82.8062,82.1166,82.7748,1091468
2017-09-29,82.7827,83.1456,82.4442,82.9053,1713104
2017-10-02,83.0701,83.9441,82.7306,83.5969,1367220
2017-10-03,83.3644,84.2306,83.3281,84.1638,1467509
2017-10-04,84.1168,85.1096,84.0413,84.2659,1432266
2017-10-05,84.5112,86.0179,84.2934,85.861,2267810
2017-10-06,86.2554,86.7625,85.3166,85.7325,1763797
2017-10-09,85.4764,85.5834,84.9173,85.1184,1009557
2017-10-10,85.2989,86.0808,85.1272,86.0543,1776244
2017-10-11,86.0808,86.2632,85.3843,86.1563,2095794
2017-10-12,86.1651,86.6811,85.5579,85.5834,1829957
2017-10-13,85.5834,86.7272,85.0733,86.1337,1831046
2017-10-16,86.0631,86.4702,85.3499,85.5088,1674103
2017-10-17,85.5932,85.5932,84.2267,84.3022,1668159
2017-10-18,84.5691,85.7492,84.4474,85.3421,1608720
2017-10-19,84.8731,84.9173,84.0138,84.5877,2672891
2017-10-20,85.6374,86.0964,85.0557,86.0081,2639103
2017-10-23,84.1256,84.4926,81.7674,83.4497,2656065
2017-10-24,83.8764,84.52,83.5723,83.6774,2019951
2017-10-25,83.746,83.9225,80.8393,81.6124,3683792
2017-10-26,82.0704,83.1289,82.0361,82.2088,2548535
2017-10-27,82.1323,82.2618,81.0885,81.1424,2049222
2017-10-30,80.8805,81.6192,80.7697,80.9512,2300377
2017-10-31,80.8207,81.0964,79.7985,79.8318,1870867
2017-11-01,80.2811,80.6647,79.9888,80.0496,1893040
2017-11-02,79.8937,81.0561,79.8397,80.2723,1541569
2017-11-03,80.1782,80.5273,79.9623,80.291,1243324
2017-11-06,79.8839,80.3841,79.7092,80.0829,1339931
2017-11-07,80.4234,80.649,78.2789,78.3398,1721864
2017-11-08,78.1838,79.3021,77.8189,79.0755,2180595
2017-11-09,78.6253,79.3718,78.1749,78.7655,1853520
2017-11-10,78.8175,79.0156,78.0278,78.6625,1093264
2017-11-13,78.0955,79.0893,77.9307,78.7831,1665083
2017-11-14,78.2191,79.7004,78.1485,79.2344,2295182
2017-11-15,78.4251,80.6412,78.1073,79.7092,2722314
2017-11-16,79.8318,80.7942,79.8054,80.1782,2215840
2017-11-17,79.823,80.6039,79.5091,80.1016,2226690
2017-11-20,80.1252,81.0561,79.874,80.753,1378986
2017-11-21,81.0385,81.4024,80.3704,80.753,1721683
2017-11-22,80.9237,81.1935,80.3881,80.4145,1251599
2017-11-24,80.8118,80.8118,80.0074,80.2341,616405
2017-11-27,80.2399,80.7618,79.2766,79.2766,2299785
2017-11-28,79.3109,80.9325,79.1794,80.8207,3372354
2017-11-29,81.5143,82.767,81.2454,82.1587,2626157
2017-11-30,82.4873,83.5871,82.0009,82.7404,2935816
2017-12-01,83.0073,83.2604,80.8491,82.8523,1967977
2017-12-04,84.2218,85.0291,83.8598,84.2571,3753648
2017-12-05,84.7329,84.7868,83.7705,84.0236,2739023
2017-12-06,83.8225,84.1962,83.0622,83.7539,1597115
2017-12-07,83.4164,84.4169,83.2849,84.1021,1768954
2017-12-08,84.5435,84.8231,83.85,84.7495,1424891
2017-12-11,84.6662,85.3421,84.3562,84.5269,1262033
2017-12-12,84.7868,85.6697,84.4317,85.1929,1439062
2017-12-13,85.758,87.5532,85.2195,86.0631,2958970
2017-12-14,86.2554,86.375,84.7966,85.0124,2214851
2017-12-15,85.5147,86.1563,85.0379,85.501,3141608
2017-12-18,85.9748,86.2877,85.1184,85.2195,2357167
2017-12-19,85.7756,85.9424,84.726,84.9271,1958056
2017-12-20,85.4814,85.5755,84.1354,84.2395,1749208
2017-12-21,84.831,85.8394,84.831,85.3078,1405052
2017-12-22,85.5932,85.6638,84.52,84.9772,1191262
2017-12-26,84.9692,85.292,84.154,84.5514,661090
2017-12-27,84.7584,84.9124,84.3777,84.7868,829211
2017-12-28,85.135,85.4117,84.8231,85.2381,711877
2017-12-29,85.6913,85.7776,84.9712,85.0645,1067609
2018-01-02,85.6226,85.6226,84.0962,84.2895,1697257
2018-01-03,84.4984,85.089,83.8618,84.9055,1713103
2018-01-04,85.2195,86.3083,85.1989,85.8227,1177830
2018-01-05,86.0493,86.0493,85.1684,85.9022,1302321
2018-01-08,85.8924,87.1971,85.6,86.84,1713881
2018-01-09,88.3704,88.9482,88.3704,88.3704,1859806
2018-01-10,89.5927,91.435,88.8971,90.8473,2096940
2018-01-11,91.3878,92.2413,90.7728,92.1786,1878475
2018-01-12,92.6043,93.7393,92.4738,93.4578,1693234
2018-01-16,93.9826,94.5702,92.104,92.3434,2162084
2018-01-17,92.7985,92.9938,92.0402,92.7338,2011217
2018-01-18,92.4738,92.7887,91.3878,91.5468,2819166
2018-01-19,91.9029,93.7952,91.7283,93.7668,2035398
2018-01-22,93.7099,95.0725,93.3921,94.9871,2354489
2018-01-23,94.9871,97.9812,94.9871,97.7457,3710845
2018-01-24,98.1086,99.5801,97.5701,98.2558,2466801
2018-01-25,98.3048,98.3146,95.9308,96.1319,1938590
2018-01-26,96.1319,96.6529,95.1892,96.6529,1924915
2018-01-29,96.7892,98.1871,96.7117,97.316,2151895
2018-01-30,97.1698,97.2964,95.7346,96.0074,1788369
2018-01-31,95.9975,96.692,95.5718,96.0172,2350547
2018-02-01,95.6493,96.7313,95.3246,96.1319,1653783
2018-02-02,96.1035,96.5272,93.5137,93.6628,2863035
2018-02-05,92.8172,93.9463,89.0825,89.2974,2223144
2018-02-06,87.2746,91.2496,86.6399,91.0582,3174285
2018-02-07,90.401,92.4552,90.1391,90.2117,2367261
2018-02-08,90.3411,90.5648,85.8296,85.8727,2520903
2018-02-09,87.3031,87.9044,84.3493,87.1529,2056233
2018-02-12,87.8161,89.6025,87.2491,88.7088,1554092
2018-02-13,88.079,88.8883,87.4669,88.2556,1102060
2018-02-14,87.8592,90.7188,87.719,90.5825,1443253
2018-02-15,91.0582,91.6645,89.7996,90.6012,1531771
2018-02-16,89.7918,91.8303,88.8501,91.1054,2219351
2018-02-20,90.6296,91.6567,90.0391,90.4569,1353475
2018-02-21,90.5825,92.2805,90.0665,90.6012,1409732
2018-02-22,91.1387,91.7823,89.3062,89.5122,1606496
2018-02-23,89.9429,91.1387,89.7996,91.0582,1037449
2018-02-26,91.4987,93.1125,91.1485,93.0948,1641526
2018-02-27,93.4676,94.8253,93.1027,93.3921,3768373
2018-02-28,93.4872,94.9871,92.4552,92.5112,3761663
2018-03-01,92.6877,93.1772,90.5648,91.1299,3091782
2018-03-02,90.5648,91.0582,88.5833,90.8768,3106667
2018-03-05,90.3323,92.88,90.1126,92.2413,2628172
2018-03-06,92.6121,92.8172,91.5998,91.9029,2454831
2018-03-07,90.8022,92.1599,90.7572,91.8117,1709283
2018-03-08,92.2992,92.8898,91.331,92.5298,2689588
2018-03-09,93.289,96.075,93.0389,95.7062,2981150
2018-03-12,95.872,96.1319,94.5417,94.8449,1974470
2018-03-13,95.409,95.6964,93.4391,93.5411,2503820
2018-03-14,93.86,93.86,91.9579,92.1786,1705455
2018-03-15,92.3718,93.1027,91.9029,92.2895,1869944
2018-03-16,92.6582,93.7864,92.4915,93.1311,3107602
2018-03-19,93.0389,93.345,91.3035,92.2237,1414463
2018-03-20,92.7603,92.9565,92.0402,92.5112,1156853
2018-03-21,92.7417,94.4829,92.5112,93.0859,2256051
2018-03-22,91.9677,92.1325,88.336,88.4606,2766886
2018-03-23,88.7892,89.0208,84.9683,85.1508,3261738
2018-03-26,88.4135,88.7275,88.4135,88.4135,2146199
2018-03-27,88.8687,88.9482,85.5206,86.2416,2391269
2018-03-28,86.58,86.6399,84.6818,85.6481,1624217
2018-03-29,86.3025,87.9377,86.0141,87.2835,1787086
2018-04-02,87.1618,87.4669,83.9589,85.086,1759425
2018-04-03,85.762,87.0843,85.3941,86.9342,1615234
2018-04-04,85.191,87.7376,85.191,87.4669,1372982
2018-04-05,87.9986,88.6205,87.6307,88.0162,1007227
2018-04-06,86.8459,87.2658,84.5377,85.3244,1788503
2018-04-09,85.7786,87.9898,85.7276,86.0327,1763617
2018-04-10,87.6307,88.2997,87.1706,87.4433,1773418
2018-04-11,86.376,87.2933,86.1808,86.3201,1351443
2018-04-12,87.2579,88.9844,87.2579,88.4753,1781785
2018-04-13,89.2249,89.3435,86.8646,87.3452,1374295
2018-04-16,87.8406,88.5646,87.5356,88.0447,1437730
2018-04-17,88.8158,89.7025,88.1231,88.3438,1482133
2018-04-18,88.699,89.3435,88.2654,88.7726,1660870
2018-04-19,89.2347,91.3133,89.1816,91.177,2894672
2018-04-20,88.9069,89.7359,86.6733,87.2226,4515618
2018-04-23,88.5646,90.709,87.9377,89.5309,3513216
2018-04-24,89.9704,90.3559,87.4806,88.4852,2851783
2018-04-25,88.3635,88.8344,87.3119,88.2997,1769559
2018-04-26,88.2909,88.7363,87.4669,88.0348,1406499
2018-04-27,87.9211,88.186,87.4708,87.7455,1270805
2018-04-30,88.2379,88.8589,87.2933,87.3295,2020693
2018-05-01,86.8822,87.201,84.9212,86.121,1603682
2018-05-02,85.8237,86.6085,85.2077,85.5431,1734154
2018-05-03,85.0164,85.3146,83.2054,84.3689,1680409
2018-05-04,84.162,86.1386,83.4948,85.5501,1281589
2018-05-07,85.7698,86.5664,85.2812,86.2063,1648610
2018-05-08,86.2063,87.3452,86.2063,86.9096,1353301
2018-05-09,87.4531,88.7726,86.9587,88.494,1352911
2018-05-10,87.8592,89.4514,87.8592,89.0747,1159832
2018-05-11,89.2003,89.7113,88.494,89.2807,1483318
2018-05-14,89.6202,90.2744,89.3877,89.5407,1037804
2018-05-15,89.1179,89.6388,88.0967,88.5833,1518307
2018-05-16,88.2026,88.7451,88.0084,88.4852,1202956
2018-05-17,88.4852,89.0993,87.7887,88.6097,1240011
2018-05-18,88.2997,88.3076,86.7144,86.9244,1951631
2018-05-21,87.5777,88.3262,87.3521,87.5071,1414754
2018-05-22,87.7887,88.4685,87.7376,87.8083,1621686
2018-05-23,87.0294,87.8946,86.0592,87.8858,1713816
2018-05-24,87.5954,88.5214,87.2226,88.1418,2073747
2018-05-25,87.6738,88.0348,87.3884,87.9289,1174131
2018-05-29,86.8213,87.1343,82.2971,83.2143,2914728
2018-05-30,84.1521,85.6393,83.5557,85.2636,2136450
2018-05-31,84.8849,85.0615,83.8716,84.1139,1704256
2018-06-01,85.5245,86.5664,85.4117,86.1631,1684547
2018-06-04,86.0415,86.4957,85.6717,86.1308,1073085
2018-06-05,85.9532,85.9532,85.0517,85.605,1611826
2018-06-06,86.1112,87.0804,85.7786,87.0754,2240750
2018-06-07,87.5866,88.7088,87.3982,88.2654,1505105
2018-06-08,88.0348,88.2909,87.1883,87.9211,2244470
2018-06-11,88.0447,88.5558,87.6042,87.7288,1489342
2018-06-12,87.9986,88.336,86.8047,87.0146,1605942
2018-06-13,86.9244,87.3295,86.0327,86.0846,1476098
2018-06-14,86.376,86.376,85.3421,85.9973,2008818
2018-06-15,85.3499,86.2161,84.4043,86.069,2496753
2018-06-18,85.5245,86.3878,84.931,86.3475,1740896
2018-06-19,85.2175,85.5952,84.4131,85.5431,1556065
2018-06-20,85.7864,86.1975,85.4912,85.5343,1357063
2018-06-21,85.141,86.2946,84.5278,85.9376,1787778
2018-06-22,86.5752,86.7135,85.7178,85.8934,3437362
2018-06-25,85.605,85.605,83.2054,83.9501,2656180
2018-06-26,83.7323,83.8716,82.9102,83.6704,2160314
2018-06-27,83.5046,84.4562,82.252,82.2598,2913735
2018-06-28,82.4098,83.0034,81.6643,82.4953,1903685
2018-06-29,82.4883,83.6135,81.7586,81.8369,2601521
2018-07-02,81.2562,82.6885,80.9306,82.6531,2635721
2018-07-03,83.1025,83.2084,81.5918,81.6879,756482
2018-07-05,82.3618,82.3618,81.063,81.2562,1510975
2018-07-06,80.8805,82.1627,80.5882,81.5378,1732326
2018-07-09,82.0234,83.2535,81.8281,83.0524,1911789
2018-07-10,83.2869,83.3948,82.1097,82.4374,1363268
2018-07-11,81.7762,82.3059,81.3288,81.4966,2848307
2018-07-12,82.2235,82.2235,80.9678,81.6349,1601155
2018-07-13,81.4318,81.9086,80.7658,81.266,2063184
2018-07-16,81.3367,82.6297,81.2945,81.9332,1954369
2018-07-17,81.8811,82.4098,81.4495,82.1549,3306704
2018-07-18,82.6453,84.1119,82.559,83.8058,2190226
2018-07-19,83.2535,83.2535,81.063,81.5289,2967410
2018-07-20,77.3804,77.4873,74.3373,75.491,12314863
2018-07-23,74.7945,76.8084,74.7945,76.5004,6343942
2018-07-24,77.1773,78.5448,76.6142,77.143,4635449
2018-07-25,76.9939,77.1076,76.2179,76.6681,3115782
2018-07-26,76.784,77.6697,76.3641,76.4219,2261915
2018-07-27,76.2179,77.2528,76.1247,76.4837,8040953
2018-07-30,76.6681,77.3363,76.5543,76.676,4583240
2018-07-31,77.1606,77.6962,76.9418,77.6364,4402830
2018-08-01,77.8012,78.4427,76.5818,76.7211,5908002
2018-08-02,75.9756,76.6947,75.3428,76.3327,3638430
2018-08-03,76.0884,76.5269,75.9471,76.3777,2802475
2018-08-06,76.3777,76.6681,76.159,76.4308,2212090
2018-08-07,76.5818,77.2744,76.4121,76.5347,2247833
2018-08-08,76.5004,76.6505,76.1835,76.2453,2122425
2018-08-09,76.0786,76.2277,75.3144,75.4272,2362205
2018-08-10,74.4168,74.5757,73.425,73.838,2848545
2018-08-13,74.0391,74.1097,72.758,72.8345,2677988
2018-08-14,72.8521,73.9518,72.7197,73.7418,3401808
2018-08-15,73.0169,73.4417,72.4676,72.8953,2956166
2018-08-16,73.1258,74.0764,72.9777,74.0293,2394026
2018-08-17,74.0048,74.8416,73.7674,74.6904,2473823
2018-08-20,74.9024,75.6999,74.7003,75.0505,2082439
2018-08-21,74.8318,76.1404,74.5316,75.7637,3002591
2018-08-22,75.5861,75.8156,75.0348,75.542,1723776
2018-08-23,75.3595,75.8245,74.8661,75.0426,2037227
2018-08-24,75.4566,75.7725,75.1742,75.7087,1568438
2018-08-27,76.1835,77.0822,76.0884,76.5347,2121102
2018-08-28,76.7378,77.6785,76.4494,77.3539,4148143
2018-08-29,77.2391,77.3892,76.5445,77.2234,2427155
2018-08-30,77.0635,77.1606,76.0962,76.2365,2599414
2018-08-31,75.9756,76.5543,75.7755,76.4053,1714464
2018-09-04,77.3273,77.8473,76.7211,77.0125,3392151
2018-09-05,76.9478,77.4156,76.4582,76.7123,2540451
2018-09-06,76.5269,76.784,75.6234,75.9658,2099559
2018-09-07,76.2111,76.2111,75.4272,75.9383,1577845
2018-09-10,76.5985,77.1076,76.316,76.573,1923956
2018-09-11,76.1757,76.9154,75.8775,76.3591,2049620
2018-09-12,76.2748,76.4916,75.9118,76.0884,2455558
2018-09-13,76.573,76.9154,75.7461,75.956,3633443
2018-09-14,76.0345,76.9742,76.0345,76.7378,2631153
2018-09-17,76.8349,77.1164,75.4272,75.4998,2210039
2018-09-18,75.5763,75.6911,75.0672,75.2703,2625758
2018-09-19,75.4655,77.6962,75.2958,77.2921,3258685
2018-09-20,77.864,79.2972,77.864,78.742,3210533
2018-09-21,78.7145,78.9195,77.8816,78.0396,7059670
2018-09-24,77.9768,78.1887,76.3964,76.5269,2171662
2018-09-25,76.623,76.9154,76.1678,76.3513,2807379
2018-09-26,76.4837,76.5397,75.6234,75.7872,3129079
2018-09-27,76.1149,76.3876,75.0182,75.334,1986571
2018-09-28,74.8818,75.1996,73.9625,74.0607,3350838
2018-10-01,74.3599,75.8441,74.1283,75.5881,3137794
2018-10-02,75.5253,76.0835,74.7817,75.5332,2394487
2018-10-03,76.0923,76.83,75.2703,76.1012,2804344
2018-10-04,76.163,77.2165,75.9109,76.8261,3708727
2018-10-05,76.9654,77.602,76.0472,76.3483,2556670
2018-10-08,76.2149,77.3038,76.111,77.0311,2331663
2018-10-09,76.8516,76.9939,75.9422,76.3385,3336923
2018-10-10,76.419,76.7201,73.1749,73.2553,3962161
2018-10-11,73.1553,74.2539,71.981,72.2468,5252588
2018-10-12,73.6595,73.6595,70.7086,72.0095,3489498
2018-10-15,71.825,72.5127,71.5101,71.778,1615680
2018-10-16,72.29,72.8481,71.469,72.7236,2111327
2018-10-17,71.9908,73.5624,70.9382,72.6196,2623097
2018-10-18,72.4322,72.4322,70.2407,70.4536,3286689
2018-10-19,64.5746,66.977,63.4592,64.4411,12798967
2018-10-22,64.8738,64.9973,62.2575,62.5939,5698401
2018-10-23,61.2873,61.9121,59.8786,61.6296,5423926
2018-10-24,61.4785,61.7797,59.3655,59.4832,3513808
2018-10-25,59.7912,60.9419,59.5617,60.1533,5193358
2018-10-26,59.4567,59.907,58.5463,58.6857,5862442
2018-10-29,59.7912,60.4651,58.1736,58.7033,4562870
2018-10-30,58.7848,59.9983,58.7396,59.8786,4634778
2018-10-31,60.7271,61.6482,60.1365,60.7732,7054067
2018-11-01,61.197,62.1868,60.7555,61.8434,4787475
2018-11-02,62.744,63.4091,61.7875,61.8602,4931783
2018-11-05,62.0279,63.673,61.9936,63.5671,3018756
2018-11-06,63.7426,64.035,63.2561,63.6642,2434279
2018-11-07,64.292,65.5202,63.8751,65.3956,3721660
2018-11-08,65.062,65.9538,64.3705,64.8296,2580227
2018-11-09,64.5039,64.6441,63.4738,63.8673,2181734
2018-11-12,63.673,63.8495,62.488,62.638,1823374
2018-11-13,62.9019,63.8751,62.4978,62.7774,1551275
2018-11-14,63.5307,63.9889,61.2873,62.179,1844186
2018-11-15,61.4197,63.5405,61.038,63.5219,1874681
2018-11-16,62.9834,63.5357,62.4163,63.3365,2243498
2018-11-19,63.2119,63.7604,62.6282,63.4415,2132404
2018-11-20,62.7263,63.1334,61.3118,62.9294,3719003
2018-11-21,63.3198,64.6265,62.9912,63.726,2897237
2018-11-23,63.0275,64.292,62.8431,63.5494,1212695
2018-11-26,64.4597,65.839,64.1046,65.3446,2195004
2018-11-27,64.7943,65.0248,63.9732,64.2656,2742205
2018-11-28,64.4784,65.7488,63.2846,65.7488,2146856
2018-11-29,65.1926,65.581,63.7162,63.9732,3337263
2018-11-30,63.8829,64.7815,63.8103,64.547,3663080
2018-12-03,65.689,66.562,64.3567,64.6619,2615812
2018-12-04,64.1851,64.398,59.7118,59.9433,4504619
2018-12-06,58.306,58.465,56.0438,58.2521,6137155
2018-12-07,57.9794,59.438,57.4948,57.4948,4740096
2018-12-10,57.1484,57.4948,55.213,56.6011,2576206
2018-12-11,57.4496,57.9195,55.4425,55.7702,3157580
2018-12-12,56.7855,57.0778,56.034,56.0694,4316868
2018-12-13,56.2282,56.6011,55.5828,55.8585,3800759
2018-12-14,55.1855,56.3097,54.9481,56.1606,4484631
2018-12-17,55.9733,57.7587,55.724,56.4765,3818987
2018-12-18,56.7943,57.2799,54.5057,54.5331,5910997
2018-12-19,54.4782,55.1855,52.2337,52.9321,7711724
2018-12-20,52.5094,54.4782,52.4279,53.3933,4601637
2018-12-21,53.2687,54.2133,52.7104,53.1872,6470209
2018-12-24,52.9861,53.7543,51.9797,52.8438,2072741
2018-12-26,52.9145,55.575,51.1556,55.5573,3754398
2018-12-27,54.4095,55.884,53.7906,55.884,2794374
2018-12-28,56.2096,56.7502,55.2384,56.1145,2981531
2018-12-31,56.4794,57.0935,55.4719,56.1694,2845711
2019-01-02,55.2051,57.0935,55.0894,56.9346,2717902
2019-01-03,56.4353,56.4353,54.9294,55.0815,4419013
2019-01-04,56.193,57.2093,55.6887,57.1661,4582016
2019-01-07,56.8365,58.411,56.2381,57.8783,4626132
2019-01-08,58.7788,59.0898,57.2004,58.1275,3126103
2019-01-09,58.4031,59.8805,58.2069,59.4724,3237104
2019-01-10,59.0525,59.748,58.823,59.2301,3031676
2019-01-11,58.9996,60.0856,58.4914,59.6755,2066821
2019-01-14,59.6245,61.4413,59.2576,60.9675,3391301
2019-01-15,60.9675,61.348,60.4789,61.1469,2472510
2019-01-16,61.6894,63.1865,61.4648,62.7597,3358000
2019-01-17,62.0632,63.6318,61.7954,63.2757,5298119
2019-01-18,67.2389,68.573,62.2319,63.4984,11511463
2019-01-22,61.7179,62.8745,61.2244,62.8667,5236246
2019-01-23,63.0255,63.3915,62.1702,63.0697,2773739
2019-01-24,62.9814,64.1929,62.8833,63.5151,3343187
2019-01-25,64.2351,65.0915,64.2096,64.6903,2249237
2019-01-28,64.0036,64.4108,63.6034,63.7025,3591256
2019-01-29,63.569,64.0928,62.8667,62.9,3292169
2019-01-30,62.9814,63.7201,62.1388,63.2473,3428216
2019-01-31,62.8667,63.466,62.6861,63.1404,4324601
2019-02-01,63.3915,63.8869,63.0697,63.3817,3207756
2019-02-04,63.5955,63.8495,63.0511,63.3198,4220197
2019-02-05,63.4268,63.5926,62.7744,63.1492,2104389
2019-02-06,62.9088,63.3817,62.331,62.5537,4145844
2019-02-07,62.4105,62.7401,61.5913,62.126,4697277
2019-02-08,61.7954,62.0102,60.4691,61.4148,3016295
2019-02-11,61.6728,61.8238,61.1019,61.2617,3408223
2019-02-12,61.7777,62.5262,61.7355,61.9023,4718166
2019-02-13,62.2771,62.3919,61.8592,61.8866,4297614
2019-02-14,61.2529,61.5384,59.9178,61.1469,2641938
2019-02-15,61.6796,63.4326,61.5913,62.9265,4065537
2019-02-19,62.02,63.7819,61.8504,63.5602,2592269
2019-02-20,63.5151,64.4784,63.4101,64.3351,2657119
2019-02-21,64.2282,64.4597,63.7996,64.2812,2533397
2019-02-22,64.5206,64.7354,64.0497,64.4784,2787559
2019-02-25,64.2351,65.069,64.2351,64.5382,3681680
2019-02-26,64.5039,65.3034,64.3351,64.6991,2956664
2019-02-27,64.7707,64.8836,64.3077,64.5127,1909671
2019-02-28,64.6108,64.6275,63.7604,64.0036,2028156
2019-03-01,64.5206,65.3328,64.3077,64.8325,2653035
2019-03-04,65.0101,65.5889,63.4424,63.6671,2066172
2019-03-05,63.6122,63.9252,62.5625,63.7025,1778298
2019-03-06,63.773,64.0409,62.6694,62.7822,1310235
2019-03-07,62.4812,62.5537,60.6113,60.8978,3435670
2019-03-08,60.4054,60.7722,59.7216,60.6477,2312609
2019-03-11,60.9587,61.2901,60.5848,61.1724,2080793
2019-03-12,61.4413,61.7601,61.3,61.4511,2162926
2019-03-13,61.8768,62.4389,61.2617,62.2074,1819855
2019-03-14,62.2319,62.9814,62.1338,62.5969,2153858
2019-03-15,61.663,62.7136,61.1911,62.4291,4983737
2019-03-18,62.7597,63.311,62.5625,63.0697,2185577
2019-03-19,63.569,63.7996,62.2771,62.4812,1667017
2019-03-20,62.2575,62.2673,60.7722,60.7909,3215235
2019-03-21,60.3367,61.0302,59.5067,60.6281,2174858
2019-03-22,59.8894,60.0512,57.5575,57.8881,3531301
2019-03-25,57.9568,58.5709,57.4035,57.7802,2083172
2019-03-26,58.359,58.9721,58.1363,58.9378,1569562
2019-03-27,58.9996,59.133,58.0206,58.3511,2001220
2019-03-28,58.4571,59.0525,58.2353,59.0183,1739369
2019-03-29,59.5822,59.8442,58.929,59.0271,2348257
2019-04-01,59.6108,60.9635,59.5155,60.6231,2778144
2019-04-02,60.524,61.2323,60.1748,60.2827,1474881
2019-04-03,60.9086,61.4403,60.6859,61.0165,1314837
2019-04-04,61.197,62.0946,60.9733,61.5659,1115233
2019-04-05,61.7974,62.0142,61.192,61.5011,1255056
2019-04-08,61.5296,62.0495,61.2686,62.023,1082183
2019-04-09,61.6267,61.664,60.7124,61.3756,1514991
2019-04-10,60.992,61.9415,60.7487,61.8886,1647069
2019-04-11,62.2457,63.107,61.9916,62.3546,1432689
2019-04-12,63.5573,64.5794,63.1796,63.7093,1813802
2019-04-15,63.5916,64.1125,62.7401,62.8911,1297178
2019-04-16,63.2061,64.3901,63.1404,64.3185,1229882
2019-04-17,63.0619,63.107,61.7533,62.4526,2632820
2019-04-18,62.3448,63.107,62.0367,62.7499,2005828
2019-04-22,62.694,63.0815,62.1299,62.694,2471729
2019-04-23,60.992,61.2607,57.994,59.9688,6931301
2019-04-24,59.6294,60.0404,58.7848,59.3145,2855379
2019-04-25,59.0722,60.73,58.7396,60.1748,2761990
2019-04-26,60.0944,60.2827,59.1605,60.219,1686072
2019-04-29,60.3367,61.7699,60.2209,61.348,2381875
2019-04-30,61.404,61.609,59.9502,60.6859,2186332
2019-05-01,60.7388,61.1695,59.0525,59.493,3910194
2019-05-02,59.5912,60.2474,59.0183,59.6539,2400172
2019-05-03,59.8687,60.5064,59.8157,60.2827,1894312
2019-05-06,59.0183,59.959,57.8174,59.7177,2199809
2019-05-07,58.7573,58.9368,57.7253,58.2913,3074191
2019-05-08,58.0569,58.8651,57.8254,57.84,1749408
2019-05-09,57.2427,58.0392,56.4529,57.8891,2808060
2019-05-10,57.84,58.3815,56.8914,58.1304,1974042
2019-05-13,56.812,57.3849,56.3519,56.6658,4053246
2019-05-14,56.7933,57.0886,56.2744,56.3097,3056191
2019-05-15,55.6357,56.1841,55.0167,55.4386,2435480
2019-05-16,55.6004,56.1213,55.0884,55.2698,2784472
2019-05-17,54.6322,55.42,54.1388,54.1653,2010453
2019-05-20,53.9328,54.435,52.9822,53.6816,3156904
2019-05-21,54.0024,54.3458,53.4041,53.6002,2942669
2019-05-22,53.2687,53.5384,53.0617,53.3658,1984336
2019-05-23,52.8733,52.9547,52.2366,52.5957,2938804
2019-05-24,52.7919,53.1529,52.6771,52.8919,1853555
2019-05-28,52.7389,52.838,52.1277,52.1934,2909042
2019-05-29,51.86,51.8834,50.9202,51.7618,2007208
2019-05-30,51.7873,52.0208,50.156,50.4807,2885908
2019-05-31,49.7155,50.3443,49.5281,49.5537,2301893
2019-06-03,49.4928,50.2982,49.434,50.2286,3568394
2019-06-04,51.0193,51.7354,50.8652,51.6883,2467748
2019-06-05,51.6461,51.7354,49.7792,49.9421,3985736
2019-06-06,49.843,50.5229,49.4664,50.4248,2784590
2019-06-07,50.3619,51.3331,50.0657,50.7858,4093685
2019-06-10,51.3489,51.86,50.5778,51.3243,3941771
2019-06-11,51.5558,51.86,48.0106,49.4291,8374270
2019-06-12,49.3133,49.9225,48.7639,49.2319,4258514
2019-06-13,49.3133,50.0039,49.1338,49.3594,2765675
2019-06-14,49.3673,49.7881,49.0789,49.6537,2822657
2019-06-17,49.7792,49.797,48.8296,48.9091,2212975
2019-06-18,48.7924,49.895,48.4589,49.5635,3053124
2019-06-19,49.6989,50.1991,48.8208,49.1161,6112158
2019-06-20,49.6096,49.9333,49.3594,49.6989,4399485
2019-06-21,49.7155,50.156,49.479,49.797,6830494
2019-06-24,50.0844,51.2763,49.8735,49.9843,3811003
2019-06-25,49.8783,50.4709,48.9906,50.2286,3952440
2019-06-26,49.7704,50.1393,49.2064,49.5458,3864169
2019-06-27,49.6537,50.308,49.5635,49.9137,3441259
2019-06-28,50.825,51.2704,50.2413,50.7093,9995889
2019-07-01,51.397,51.8776,50.8545,51.2792,3662393
2019-07-02,51.2792,51.2979,50.2413,50.4925,5790887
2019-07-03,50.619,51.134,50.4022,51.08,3444679
2019-07-05,51.3871,51.8315,51.1134,51.3773,2426823
2019-07-08,49.9421,50.3757,49.4241,49.8058,4277172
2019-07-09,49.2613,49.9764,49.1083,49.8146,5139662
2019-07-10,49.8146,50.0952,49.1279,49.2269,3660616
2019-07-11,49.2269,49.895,49.1956,49.7872,4357266
2019-07-12,50.1314,50.3217,49.8195,49.9225,5649541
2019-07-15,49.9696,50.1648,49.2574,50.1579,5437291
2019-07-16,50.1579,50.1795,49.4536,49.589,2843190
2019-07-17,49.4241,49.7783,49.0719,49.3791,6827905
2019-07-18,49.5242,51.1429,49.5075,50.9192,5350724
2019-07-19,51.9581,54.7283,51.7863,54.3477,7085976
2019-07-22,54.1751,54.3104,53.1342,53.5767,3704298
2019-07-23,53.766,54.3281,53.4069,54.1829,3671928
2019-07-24,53.9484,54.644,53.9023,53.9112,3040125
2019-07-25,54.2025,54.2025,53.2892,53.8042,3569128
2019-07-26,53.8308,54.6175,53.5689,54.6077,2606507
2019-07-29,54.4292,54.6077,53.4864,53.4864,4209592
2019-07-30,53.3687,53.6492,52.89,53.2617,3376455
2019-07-31,53.4688,53.614,52.4093,52.5437,3361005
2019-08-01,52.3906,52.4377,50.0863,50.2835,4403643
2019-08-02,50.2933,50.7936,49.5743,50.3473,2952052
2019-08-05,49.3447,49.8058,48.1057,48.6658,4863142
2019-08-06,49.0985,49.4133,47.8526,48.3951,3145959
2019-08-07,47.3258,47.7889,46.441,47.4897,3630291
2019-08-08,47.7967,48.5845,47.7967,48.3117,2241445
2019-08-09,47.8879,48.3039,47.2993,47.9046,3846527
2019-08-12,47.1728,47.2993,46.441,46.6479,5678534
2019-08-13,46.2968,47.7152,46.1791,46.5567,2604442
2019-08-14,45.3266,45.6268,44.8292,44.8929,3434347
2019-08-15,44.9116,45.2432,43.9797,44.1514,3312106
2019-08-16,44.3436,45.4442,44.3338,45.4099,2569064
2019-08-19,46.2781,46.6764,45.9436,46.0349,3588318
2019-08-20,45.6983,46.3105,45.5325,45.6885,2634965
2019-08-21,46.0349,46.0702,45.4532,45.718,2781823
2019-08-22,46.0858,46.595,45.9681,46.2586,2445780
2019-08-23,45.9514,46.5764,44.9391,45.1941,3894109
2019-08-26,45.563,45.6434,44.839,45.0666,2581903
2019-08-27,45.2922,45.6532,44.5595,44.683,2603931
2019-08-28,44.4143,45.4021,44.2946,45.0567,3468560
2019-08-29,45.617,46.54,45.5267,46.387,2916153
2019-08-30,46.6479,46.9305,46.2045,46.4116,2950872
2019-09-03,45.9681,46.0603,44.7674,44.9018,2482860
2019-09-04,45.463,46.077,45.3266,46.026,3452098
2019-09-05,46.7657,48.2872,46.7029,47.4631,4183338
2019-09-06,47.2807,47.471,46.6764,46.8912,3468522
2019-09-09,47.3641,49.0631,47.317,48.8464,3901878
2019-09-10,49.1622,53.2431,48.7296,53.2235,8975894
2019-09-11,53.3324,54.283,51.6598,54.2732,4353764
2019-09-12,53.921,54.8255,53.1244,54.5185,3956115
2019-09-13,55.1335,55.8349,54.4762,55.313,2668583
2019-09-16,54.6803,55.5504,54.49,54.7362,2518301
2019-09-17,54.5361,54.5361,53.1784,54.4723,2337786
2019-09-18,54.0211,55.0609,53.614,54.7087,1951728
2019-09-19,54.6901,55.4759,54.4458,55.2698,2032378
2019-09-20,55.4857,55.7476,54.129,54.3713,3688908
2019-09-23,53.813,54.6175,53.4335,54.4458,2029989
2019-09-24,54.3909,54.5832,53.041,53.4069,2059443
2019-09-25,53.6768,54.2477,53.2794,54.0937,1932405
2019-09-26,53.9308,54.0937,52.9537,53.4158,2115951
2019-09-27,53.766,54.2732,53.4864,54.0937,1758112
2019-09-30,54.3026,54.4135,53.6728,54.0103,2143278
2019-10-01,54.1388,54.5489,51.7717,51.8942,2296999
2019-10-02,51.2733,51.5117,50.5249,50.7259,1409448
2019-10-03,50.7063,50.8996,49.5565,50.8996,2003369
2019-10-04,50.8996,51.9855,50.2521,51.8942,2849709
2019-10-07,51.8011,52.1866,51.135,51.3547,1871316
2019-10-08,50.6435,50.7632,49.7773,50.3247,2383031
2019-10-09,50.8535,51.0095,50.3699,50.7916,1562276
2019-10-10,51.1919,52.2014,50.9535,51.858,2099308
2019-10-11,53.1538,54.285,52.9802,53.5639,2406997
2019-10-14,53.1725,53.7365,52.7144,53.3717,1340913
2019-10-15,54.0004,54.9971,53.0617,54.1839,2362741
2019-10-16,54.3575,55.3621,53.8925,53.9386,1974441
2019-10-17,54.3497,54.9128,54.1113,54.4762,2304061
2019-10-18,55.7535,58.1903,55.2247,57.7988,5505233
2019-10-21,58.8927,59.9246,58.4904,59.6765,3420580
2019-10-22,59.6677,60.8605,58.1804,60.2709,2572632
2019-10-23,59.9963,60.891,59.7873,60.1513,2696944
2019-10-24,60.2533,60.3612,58.8749,59.5029,1706953
2019-10-25,59.3655,60.4338,59.2389,59.9963,1765215
2019-10-28,60.371,61.5933,60.3199,61.247,2299259
2019-10-29,60.9371,61.9867,60.681,61.3275,2052257
2019-10-30,61.3275,61.3275,60.2444,60.8821,1670252
2019-10-31,60.3249,60.8821,59.6323,60.2886,2185229
2019-11-01,60.9086,62.023,60.9086,61.8317,2036283
2019-11-04,62.8166,64.705,62.7715,64.6599,2970985
2019-11-05,64.7502,65.6988,64.084,64.1125,3258437
2019-11-06,64.8972,64.8972,63.6838,64.7786,2344487
2019-11-07,65.4251,66.6856,65.1435,66.302,4803083
2019-11-08,66.1922,67.0231,65.7743,66.7052,2644487
2019-11-11,65.9371,66.9692,65.9371,66.6032,2386210
2019-11-12,66.6032,67.5813,66.3472,66.9858,5418914
2019-11-13,66.2657,66.4482,65.4711,66.3384,3229639
2019-11-14,66.2108,66.359,65.6644,65.9283,1638849
2019-11-15,66.2755,66.3845,65.7547,66.1922,2069128
2019-11-18,66.2471,66.9858,65.8734,66.978,2723857
2019-11-19,66.978,67.49,66.6572,66.9692,3180558
2019-11-20,66.2108,66.8406,65.992,66.6209,2366560
2019-11-21,66.9505,67.1516,65.9646,66.6209,3073257
2019-11-22,66.7141,67.953,66.613,67.4518,2664054
2019-11-25,67.3046,68.8291,67.3046,68.7114,2594539
2019-11-26,68.8948,68.8948,67.4606,67.7892,3089755
2019-11-27,68.0992,68.7564,67.9089,68.7378,1828257
2019-11-29,68.6565,68.8115,68.1719,68.5299,1180543
2019-12-02,68.9664,69.7414,68.6761,68.784,3552812
2019-12-03,67.7441,67.9893,66.9328,67.1683,3252866
2019-12-04,67.3595,68.3749,67.288,68.0453,2415584
2019-12-05,68.4907,68.7653,68.2189,68.7653,3052056
2019-12-06,69.6776,70.5007,69.4334,70.2809,2682946
2019-12-09,70.1711,71.2473,69.8159,70.8735,4608886
2019-12-10,71.5131,71.8319,70.5134,71.0186,3934701
2019-12-11,71.0383,72.7354,70.9922,71.3482,4756255
2019-12-12,71.5513,73.9038,71.3953,73.3828,5164504
2019-12-13,73.2749,74.1215,72.1605,72.2057,3315671
2019-12-16,73.0444,73.5928,72.6274,72.6539,4144990
2019-12-17,72.8089,73.8488,72.8089,73.3004,2791526
2019-12-18,73.5113,73.7841,72.3617,72.9905,3700640
2019-12-19,73.1189,73.1915,72.4009,72.6716,2836740
2019-12-20,73.0169,73.1817,72.2243,72.2968,6412333
2019-12-23,72.287,72.7157,71.9967,72.4989,1829743
2019-12-24,72.5794,72.8089,72.2419,72.6716,621392
2019-12-26,72.7815,73.219,72.5255,72.8629,1184725
2019-12-27,72.9993,73.4112,72.9041,73.1092,1373071
2019-12-30,73.4378,73.6643,72.7442,72.8904,1572443
2019-12-31,72.9364,73.0179,72.341,72.652,1490111
2020-01-02,72.8904,74.1862,72.7442,74.1764,2114411
2020-01-03,73.2945,73.428,72.596,73.0846,1645204
2020-01-06,73.2779,74.2785,72.7903,74.204,2411343
2020-01-07,74.7454,75.3154,74.407,75.231,3417942
2020-01-08,75.2409,75.5999,74.4521,74.8474,2113471
2020-01-09,75.4635,76.1777,74.8562,76.16,2133597
2020-01-10,75.9403,76.1158,74.9475,75.0318,3367736
2020-01-13,75.2055,75.5086,74.6532,75.388,2409490
2020-01-14,75.2781,75.8294,74.8651,74.8837,1987325
2020-01-15,74.407,74.9848,73.8557,74.5904,2880761
2020-01-16,73.5437,75.0034,72.7707,74.5247,5570140
2020-01-17,77.2704,78.8872,75.0495,75.8294,8050305
2020-01-21,75.0839,75.9491,74.4609,74.6816,3394398
2020-01-22,74.7709,74.9848,73.5604,73.9743,2987519
2020-01-23,73.5349,73.9381,72.3842,73.9008,3530748
2020-01-24,73.9459,74.0764,71.5415,71.9536,3029691
2020-01-27,69.9415,70.5949,69.2519,69.2999,3626419
2020-01-28,69.9709,70.6842,69.4186,70.2633,2666464
2020-01-29,70.7038,71.1138,69.8503,70.0151,2046933
2020-01-30,69.3529,71.518,69.1341,71.2835,3678687
2020-01-31,70.6223,70.6586,69.0459,69.4657,2601353
2020-02-03,69.814,71.2551,69.7855,69.8866,2141297
2020-02-04,71.0825,72.2655,71.0825,71.4032,2419407
2020-02-05,72.6157,73.5437,72.3655,73.5153,2755360
2020-02-06,74.0862,74.3982,72.55,73.7272,2695880
2020-02-07,72.8806,73.4014,72.1556,72.6883,1741488
2020-02-10,72.497,73.1032,72.3312,72.6785,1878639
2020-02-11,72.9266,74.0578,72.9178,73.2779,2009013
2020-02-12,73.9655,75.1506,73.7546,73.8734,1504172
2020-02-13,73.2877,73.7634,72.0732,72.4214,2078109
2020-02-14,72.3655,72.8345,71.3855,71.5042,2020307
2020-02-18,71.0903,72.0447,70.4487,70.6135,1970429
2020-02-19,70.9794,72.4774,70.6321,72.341,2121090
2020-02-20,71.7505,72.9463,71.5042,71.5415,1727265
2020-02-21,71.1266,71.5042,70.2593,70.841,4011537
2020-02-24,67.9766,68.3994,67.0673,67.9766,4440468
2020-02-25,67.9854,68.0089,64.3852,65.0748,5149060
2020-02-26,65.2749,65.837,63.881,64.4215,5658436
2020-02-27,62.6851,66.562,61.9974,63.725,6013216
2020-02-28,61.5286,62.7617,60.0875,62.5577,6159402
2020-03-02,62.5851,63.2277,60.2533,63.0913,4525901
2020-03-03,62.5851,63.6779,59.7569,60.4819,6182859
2020-03-04,61.4481,61.5482,59.1046,61.5384,4061936
2020-03-05,58.8014,58.8014,56.5589,57.3123,4409272
2020-03-06,54.7872,56.5971,54.3094,55.2286,4328036
2020-03-09,49.6164,51.3341,48.2205,48.3666,4818600
2020-03-10,51.085,52.1052,48.6924,52.1052,4849697
2020-03-11,50.4424,51.3341,48.661,49.7724,6590420
2020-03-12,46.0623,48.0468,43.6099,44.1984,6113627
2020-03-13,47.7801,54.2075,46.3939,54.0613,6262213
2020-03-16,44.6389,51.4362,43.8296,43.8296,6171164
2020-03-17,45.152,46.4576,41.9569,45.8583,5403869
2020-03-18,42.7102,46.076,38.6676,41.5341,6030368
2020-03-19,40.762,43.7569,39.0639,42.8299,4092417
2020-03-20,43.9395,45.924,42.0844,42.8652,4894287
2020-03-23,42.3885,43.1517,39.4004,39.6878,4273883
2020-03-24,42.6259,45.2824,41.5341,44.6114,3425001
2020-03-25,45.924,47.4955,41.5056,45.355,4665081
2020-03-26,45.8583,45.8779,43.9041,45.3923,5816942
2020-03-27,43.3606,46.079,42.3934,44.6919,4066269
2020-03-30,44.1317,47.9262,43.7923,47.5504,3181727
2020-03-31,47.5504,50.1835,47.2454,49.4232,7224763
2020-04-01,46.436,47.1777,45.61,46.7608,6469075
2020-04-02,46.5283,49.0621,46.4655,48.6344,3078251
2020-04-03,48.3372,49.5075,47.1865,48.3941,2170556
2020-04-06,50.8996,51.9757,49.7106,51.5392,3126290
2020-04-07,54.4066,54.8519,51.9188,52.0777,2750257
2020-04-08,52.5771,54.7411,52.0404,54.332,2716129
2020-04-09,55.5838,57.996,55.3239,56.549,2989191
2020-04-13,56.5961,56.7904,54.128,55.1482,2435522
2020-04-14,56.6403,57.4211,54.8706,56.2332,2040808
2020-04-15,53.5345,54.4988,52.7909,52.9498,2539054
2020-04-16,52.8204,54.8049,52.7909,54.2762,2651078
2020-04-17,57.4878,57.5134,52.5967,54.2673,4764944
2020-04-20,53.3863,55.3061,52.5574,53.9788,2494306
2020-04-21,52.3662,53.3569,50.6573,51.9473,3344485
2020-04-22,53.2843,53.9141,52.63,53.3206,2156642
2020-04-23,53.4403,54.4252,52.7262,52.9311,1935064
2020-04-24,53.663,53.8681,52.5486,53.2657,1737587
2020-04-27,53.8308,57.0867,53.4227,56.864,2418210
2020-04-28,58.6366,59.3783,57.3486,58.2197,3344448
2020-04-29,60.3151,61.3177,59.3155,59.8059,2529086
2020-04-30,58.4973,58.7386,57.6154,58.4875,3942370
2020-05-01,57.0228,57.0228,54.5351,54.8137,1911331
2020-05-04,53.8122,54.3673,53.199,54.1839,2816827
2020-05-05,55.0923,55.7005,53.8582,53.8867,2106349
2020-05-06,54.3771,54.75,52.1052,52.2611,2519882
2020-05-07,53.2569,55.1943,52.9773,54.0357,1695759
2020-05-08,55.416,55.9644,54.5311,55.8712,1639668
2020-05-11,54.9628,55.4543,54.4252,54.5175,2188996
2020-05-12,54.6567,54.9726,52.2258,52.2611,2605345
2020-05-13,51.9561,52.1219,49.2064,49.4232,2546072
2020-05-14,48.5432,51.0202,47.5122,50.7504,2677838
2020-05-15,49.952,51.1134,49.534,50.4826,1979272
2020-05-18,52.2435,54.591,51.9286,54.2389,2738578
2020-05-19,53.8032,54.1987,52.5967,52.6447,1941831
2020-05-20,53.4325,54.6096,53.4325,54.1643,2058097
2020-05-21,53.8494,54.6194,53.663,53.8955,1796858
2020-05-22,51.8834,52.5408,50.3423,51.3273,4185557
2020-05-26,53.506,56.8924,53.302,56.1517,4277823
2020-05-27,59.083,59.75,58.0431,59.6951,3231302
2020-05-28,60.3063,60.3063,57.4065,57.9489,3410353
2020-05-29,57.1337,58.154,56.1959,56.5589,3226886
2020-06-01,56.9934,58.3502,56.7433,57.8469,1835424
2020-06-02,58.5543,59.2576,57.7743,58.2746,1964175
2020-06-03,59.9727,61.3265,59.2203,61.1431,1932733
2020-06-04,60.5388,64.0556,60.5388,64.0458,3015771
2020-06-05,67.6009,68.8889,64.9639,65.5947,3837768
2020-06-08,66.2825,66.5611,64.3381,65.9008,2936619
2020-06-09,63.9261,66.4031,63.3208,65.3927,2600071
2020-06-10,65.2524,65.2975,61.355,61.3638,3434587
2020-06-11,58.4051,60.0463,56.6501,56.7178,3775232
2020-06-12,59.4254,59.4254,56.5108,58.564,2968760
2020-06-15,56.1616,58.6562,55.7516,58.1275,2961553
2020-06-16,60.8075,61.197,58.6318,59.6304,2665027
2020-06-17,59.6951,59.7363,57.9872,58.6464,1894017
2020-06-18,58.1452,59.3155,57.8116,58.823,1733288
2020-06-19,59.9168,60.678,57.9489,60.678,5889487
2020-06-22,59.8246,60.1954,58.925,59.1477,2375229
2020-06-23,60.4357,61.197,59.7971,60.0188,1601914
2020-06-24,59.1182,59.6392,57.1337,57.1798,3029686
2020-06-25,56.9219,59.8884,56.7266,59.5273,2786631
2020-06-26,58.4875,58.7946,55.2316,56.1616,5015091
2020-06-29,57.013,58.3354,56.6011,57.1151,2559416
2020-06-30,56.8247,59.9502,56.8247,59.4646,2119377
2020-07-01,59.5568,59.9226,57.4143,58.1354,1998985
2020-07-02,59.7353,60.99,58.7239,59.0712,2295090
2020-07-06,60.1846,61.2892,60.1463,60.3337,1625586
2020-07-07,59.5754,59.7912,58.8927,59.1084,2401200
2020-07-08,59.3243,61.0362,59.1262,60.7742,2359179
2020-07-09,60.0532,60.269,57.0965,57.6949,2116334
2020-07-10,57.7135,60.1091,57.685,59.9963,1534505
2020-07-13,60.8762,61.5128,59.2389,60.4357,1988185
2020-07-14,60.4651,60.9802,59.2664,60.8115,1960220
2020-07-15,60.165,60.8017,58.8887,60.4839,3037245
2020-07-16,59.903,61.3245,59.5391,60.372,2122570
2020-07-17,59.7726,60.2866,57.2093,57.7419,3720144
2020-07-20,57.3849,57.7233,56.1625,56.4794,3285591
2020-07-21,56.8444,58.1069,56.8444,57.8264,2164662
2020-07-22,57.3408,57.7841,56.3382,57.4525,2051782
2020-07-23,57.0965,58.7337,56.6648,58.3973,2283685
2020-07-24,58.5375,59.2291,57.789,58.3413,1818768
2020-07-27,57.8342,58.8749,56.8444,58.8092,2293172
2020-07-28,58.36,59.3645,58.3217,59.0339,2554578
2020-07-29,58.9682,60.372,58.3462,60.2513,1637373
2020-07-30,59.0339,59.4264,58.1677,59.4165,2145345
2020-07-31,59.2576,59.8001,58.8927,59.6883,2458671
2020-08-03,59.8932,60.5398,59.0515,60.1846,1760011
2020-08-04,60.2121,60.7644,60.0061,60.735,1449538
2020-08-05,61.2127,62.589,61.1019,62.4497,3544219
2020-08-06,62.4203,62.9069,61.6237,62.2604,1939859
2020-08-07,61.8032,65.1151,61.8032,65.0964,2448219
2020-08-10,65.2386,65.5634,64.2734,65.379,1951225
2020-08-11,66.5188,67.493,65.6399,65.8272,2250456
2020-08-12,66.9309,67.3331,65.3309,66.6023,1740738
2020-08-13,65.9205,66.5747,65.2544,65.8272,1836183
2020-08-14,65.4525,66.4521,65.4525,65.996,934170
2020-08-17,65.8272,65.8636,64.3734,64.76,1783397
2020-08-18,64.5157,65.2544,64.189,65.1906,1615895
2020-08-19,65.2475,66.1353,65.0405,65.9205,2165226
2020-08-20,64.8728,64.9747,63.3747,63.5621,2006055
2020-08-21,63.3747,63.8054,62.9442,63.2061,1726899
2020-08-24,63.5337,64.7502,63.3002,64.5069,2017006
2020-08-25,65.0964,65.5546,64.4421,64.6285,1556296
2020-08-26,64.5638,64.602,63.5435,63.6092,1607638
2020-08-27,63.7123,65.2288,63.7123,64.7972,1298973
2020-08-28,65.2102,65.7233,64.554,65.6017,1343461
2020-08-31,65.4329,65.4329,63.6927,63.7123,1512814
2020-09-01,63.3649,64.602,62.9824,64.1713,1770003
2020-09-02,64.1134,65.7134,63.881,65.3878,3564010
2020-09-03,65.9773,66.5659,62.5419,63.0657,2839030
2020-09-04,64.3205,65.2828,62.7009,63.9555,3414168
2020-09-08,62.9255,63.2816,61.194,61.3343,2257872
2020-09-09,61.9151,62.2153,61.5315,61.5609,3345491
2020-09-10,61.8886,61.9425,59.9325,60.1012,2816619
2020-09-11,60.0061,61.9523,59.7628,60.735,2602653
2020-09-14,61.3157,62.4958,59.7912,60.2866,3121526
2020-09-15,60.6015,60.6015,58.5022,59.136,1824395
2020-09-16,59.2115,60.5211,58.9966,59.2488,4083398
2020-09-17,58.2197,59.0986,58.1069,58.36,3368814
2020-09-18,57.9293,59.5195,57.7988,57.9666,4579816
2020-09-21,56.6207,57.4241,55.0059,56.0664,3517583
2020-09-22,55.6083,56.1233,54.1398,55.0942,3630382
2020-09-23,55.3179,55.9546,53.9436,54.0545,1745261
2020-09-24,54.13,54.7058,52.989,53.97,1367563
2020-09-25,53.353,54.8411,53.1009,54.7392,1558882
2020-09-28,55.8437,57.2651,55.6741,56.6011,2276582
2020-09-29,56.4048,56.6942,55.4494,56.039,1379703
2020-09-30,56.19,56.9543,55.4298,56.0027,2955738
2020-10-01,56.4078,56.6904,54.7931,55.4543,2563900
2020-10-02,54.595,56.5196,54.3673,56.3313,1956967
2020-10-05,56.7286,58.2109,56.7237,57.945,1416592
2020-10-06,58.513,59.4272,57.3132,57.5967,1682198
2020-10-07,58.0117,60.1444,58.0117,59.8521,1989302
2020-10-08,60.2504,61.401,59.909,61.353,1816092
2020-10-09,62.3448,63.5337,61.9573,62.7028,3029503
2020-10-12,62.5703,63.8397,62.0426,63.4484,1831970
2020-10-13,63.4209,63.571,62.0799,62.3811,2254315
2020-10-14,62.797,63.5151,62.2585,62.3262,1707112
2020-10-15,61.4109,63.3169,61.3912,63.1943,2299290
2020-10-16,63.26,63.9496,61.0871,62.8451,3840559
2020-10-19,63.005,63.1649,60.5702,60.7388,2273327
2020-10-20,61.353,62.2585,60.8389,60.9567,1826341
2020-10-21,60.6457,61.3912,60.3435,60.4092,1940583
2020-10-22,60.6359,61.9475,60.2406,61.919,1797342
2020-10-23,62.5056,62.7784,61.353,61.6453,1039278
2020-10-26,60.8252,60.8252,58.9692,59.9472,1452629
2020-10-27,59.598,59.9659,58.1628,58.1912,1859330
2020-10-28,57.1426,57.6017,55.0481,55.1992,2665115
2020-10-29,54.9824,56.2076,53.9544,55.5013,2552599
2020-10-30,55.2748,55.6721,54.1947,55.5956,2866937
2020-11-02,56.6059,56.9738,55.6721,56.3313,2350194
2020-11-03,57.5781,59.3341,57.4742,58.8809,2086535
2020-11-04,57.3976,58.72,56.1351,57.0308,2034826
2020-11-05,57.5781,60.2592,57.53,59.3056,1722032
2020-11-06,59.3439,59.4086,58.5228,58.7386,1330478
2020-11-09,63.7034,67.1869,63.6288,66.1676,3227522
2020-11-10,66.5915,66.6768,65.3171,66.1206,1954673
2020-11-11,67.0927,67.4135,64.0153,64.6373,2187548
2020-11-12,63.723,64.9679,62.3644,63.1472,1963673
2020-11-13,63.9869,65.1337,63.6563,64.6746,1396542
2020-11-16,66.5453,66.5453,64.9218,65.893,2049995
2020-11-17,64.6108,66.6199,64.4018,66.6013,1396680
2020-11-18,66.5639,67.6018,65.2887,65.2985,1660462
2020-11-19,65.376,66.0539,64.6373,65.3848,1297764
2020-11-20,64.6569,65.1003,63.9957,64.138,1403250
2020-11-23,64.8649,66.7327,64.601,66.6013,1293637
2020-11-24,67.9796,70.3486,67.3939,69.3019,1667619
2020-11-25,68.6495,68.6495,67.3184,68.1865,1174780
2020-11-27,67.9698,68.5279,67.5077,67.5744,626091
2020-11-30,67.9796,68.4366,66.2138,66.5257,2781016
2020-12-01,68.0551,68.8585,67.1771,68.2061,1860375
2020-12-02,68.1865,69.9621,67.9609,69.9052,2131407
2020-12-03,70.1328,70.5184,69.5462,69.7355,2196531
2020-12-04,69.9719,72.1419,69.9719,72.0948,2256830
2020-12-07,71.5003,72.0703,70.8676,71.6995,2414499
2020-12-08,71.0088,72.5185,70.9401,71.5847,1962036
2020-12-09,72.2272,72.9737,68.2258,68.679,4398219
2020-12-10,68.1306,68.1306,66.1676,67.7059,4453752
2020-12-11,66.6395,70.897,65.478,68.7163,6047099
2020-12-14,69.5364,69.6041,66.6199,66.7327,2347693
2020-12-15,67.7902,68.422,66.6297,67.7628,1666748
2020-12-16,67.6304,67.8765,66.9034,67.2055,3592725
2020-12-17,67.5646,67.5744,66.5453,66.771,3770208
2020-12-18,66.3188,67.2526,66.0911,66.6964,4451476
2020-12-21,66.7327,68.216,64.9405,66.3943,5526403
2020-12-22,66.3943,66.9613,65.9224,66.2521,5899379
2020-12-23,66.5639,68.4053,66.5639,67.5646,2854560
2020-12-24,67.9796,67.9796,66.8288,67.7539,705337
2020-12-28,68.3092,68.8006,67.442,68.0747,1842241
2020-12-29,68.4514,68.7241,67.7059,67.904,1238192
2020-12-30,67.7353,68.8291,67.7353,68.3573,963930
2020-12-31,68.3867,69.3186,67.9482,69.194,1000314
2021-01-04,69.7257,69.919,67.5195,68.6907,1516003
2021-01-05,66.3324,69.3186,66.202,69.0979,1820236
2021-01-06,71.1805,74.7042,70.9333,73.8047,3865057
2021-01-07,74.5845,75.3909,73.7949,73.8998,1904220
2021-01-08,73.8998,74.4325,72.3724,73.3289,1865567
2021-01-11,72.3685,74.4884,71.8084,74.2893,2103554
2021-01-12,74.822,76.7339,74.3364,76.4572,2515683
2021-01-13,76.2483,77.086,74.6601,74.7827,2145037
2021-01-14,75.4694,76.0383,74.7925,75.6597,2221021
2021-01-15,74.4227,74.8612,72.6647,73.377,2632199
2021-01-19,71.4464,75.4478,70.4203,74.5374,5485548
2021-01-20,74.7827,74.9073,72.3587,72.8629,3726394
2021-01-21,72.959,73.2347,70.847,70.9059,2695448
2021-01-22,69.8395,71.0628,69.6129,70.5144,4123470
2021-01-25,69.5736,69.9072,68.6221,68.9753,2174118
2021-01-26,69.555,69.917,68.7006,69.0508,1816485
2021-01-27,67.7304,67.9668,66.4179,66.6836,2572719
2021-01-28,67.7588,68.8889,67.1781,68.1002,2613893
2021-01-29,67.6911,68.423,65.6183,66.5512,2619870
2021-02-01,67.0829,67.4626,66.3991,66.7886,2420102
2021-02-02,67.6813,68.1855,67.2742,67.3105,3080417
2021-02-03,67.3586,69.0047,67.2153,68.0727,3384508
2021-02-04,68.5485,70.2681,68.4563,70.1534,2606971
2021-02-05,70.7537,71.4846,70.5056,71.0873,1940196
2021-02-08,71.5523,72.4156,71.1187,72.3224,1991872
2021-02-09,72.293,72.5774,71.6366,72.1026,2043570
2021-02-10,72.4646,72.5872,70.3349,70.4399,2158117
2021-02-11,70.7145,70.7724,68.5662,69.3275,4567799
2021-02-12,69.041,70.0592,68.833,69.8778,4592103
2021-02-16,70.3438,72.6068,69.8778,71.7417,6455883
2021-02-17,71.7417,72.2547,70.8284,71.4552,3298129
2021-02-18,70.9333,71.3522,70.0779,71.0186,1613596
2021-02-19,71.5797,72.342,68.2248,68.3867,5969444
2021-02-22,67.9197,71.0186,67.853,69.917,4018828
2021-02-23,70.7243,71.8466,70.1357,70.4105,3645448
2021-02-24,70.4771,73.6241,70.4585,73.0336,5127571
2021-02-25,73.9381,74.3962,70.3722,70.6017,3917849
2021-02-26,69.8121,70.1632,68.575,69.1852,3775071
2021-03-01,70.9333,73.7851,70.639,72.959,3575642
2021-03-02,73.1572,74.1372,72.597,73.2347,2970101
2021-03-03,73.6811,77.0566,73.4436,75.4007,3824349
2021-03-04,75.4694,76.2003,73.6811,74.3462,5980611
2021-03-05,75.7637,76.7712,74.0999,75.5076,4299338
2021-03-08,76.4298,77.7885,75.5723,76.5327,2468055
2021-03-09,75.6303,79.8034,74.6257,77.8071,4754619
2021-03-10,78.3594,79.8416,78.3594,79.1383,3344347
2021-03-11,78.483,80.4587,78.1691,79.461,3751156
2021-03-12,80.6598,81.5574,79.6327,79.67,3628849
2021-03-15,79.7946,80.0703,78.8253,79.5474,2511634
2021-03-16,79.2913,79.8799,78.6429,79.5278,3218638
2021-03-17,80.4686,80.954,79.356,80.5833,2269056
2021-03-18,81.5908,83.5586,80.8972,81.0493,3057513
2021-03-19,80.3262,80.7442,78.6547,80.0124,5739860
2021-03-22,78.8803,79.1658,77.5599,77.5972,2348371
2021-03-23,76.8948,77.3892,75.175,75.4694,2023617
2021-03-24,76.4101,77.5314,75.9157,75.9246,1731378
2021-03-25,75.9246,78.5389,74.9936,78.3113,2441036
2021-03-26,79.3953,81.7909,78.8999,81.6585,2952083
2021-03-29,80.3743,81.8203,79.5955,81.1248,2014304
2021-03-30,81.6388,82.5688,81.2866,82.0567,2926821
2021-03-31,81.7124,82.2186,80.3449,80.3547,2717043
2021-04-01,80.5755,81.5309,79.9241,81.2533,2684284
2021-04-05,82.0852,82.717,81.3965,81.6849,3650801
2021-04-06,81.8183,81.8183,80.2595,81.2818,1808369
2021-04-07,81.9322,82.0273,80.8207,81.0531,1945921
2021-04-08,80.6991,80.957,80.1438,80.7383,2685620
2021-04-09,81.4063,82.7366,81.4063,82.7072,1879147
2021-04-12,82.3912,83.3585,82.3912,83.1466,1166620
2021-04-13,82.6493,82.766,81.6172,82.0195,1085560
2021-04-14,81.7889,83.7087,81.6849,82.9092,1274710
2021-04-15,83.0328,83.2712,82.0009,82.7464,2848581
2021-04-16,83.1956,83.9412,76.7388,76.931,5939773
2021-04-19,76.6809,77.4755,75.1123,77.3705,3853908
2021-04-20,76.7682,76.7878,75.0652,75.181,3700555
2021-04-21,74.4345,76.7005,73.5732,76.6515,2711667
2021-04-22,76.4426,77.1597,75.1221,75.2751,3364036
2021-04-23,75.4478,77.9248,75.0378,77.5814,2324960
2021-04-26,77.8876,79.1019,77.7051,77.762,1878275
2021-04-27,77.552,78.7272,77.4284,78.6625,1856458
2021-04-28,78.6978,79.981,78.4997,79.6278,2098158
2021-04-29,80.2595,80.7746,79.2551,79.8476,4138803
2021-04-30,79.7612,80.6118,79.4463,80.2968,2182692
2021-05-03,80.8717,81.578,79.8574,80.9953,1498534
2021-05-04,80.7648,81.3495,79.6278,81.1581,2758959
2021-05-05,81.4927,82.7278,81.4927,82.4599,1369262
2021-05-06,82.8504,83.7401,81.942,83.5302,2332223
2021-05-07,82.4108,83.7597,81.7791,83.4341,1810033
2021-05-10,83.9697,85.3951,83.7783,84.008,2480157
2021-05-11,83.4527,85.1468,82.0273,82.352,2806558
2021-05-12,83.2427,83.9127,81.062,81.1777,2651314
2021-05-13,80.6608,82.4599,80.6608,81.9812,2107447
2021-05-14,82.1539,83.3958,82.0852,82.9749,1608378
2021-05-17,82.3618,83.0034,81.3455,82.6227,1577283
2021-05-18,82.4697,82.8994,80.8717,80.957,2369090
2021-05-19,79.7808,80.5755,78.9784,80.4312,2463308
2021-05-20,80.4126,81.1189,79.8476,80.546,1548497
2021-05-21,81.0247,82.6973,80.9668,82.4972,1694582
2021-05-24,82.7268,83.0819,82.1539,82.6493,1425631
2021-05-25,83.0034,83.9412,81.4348,81.6457,1633824
2021-05-26,82.1146,83.2251,81.3877,82.5345,2289714
2021-05-27,83.4625,84.314,82.9837,83.2054,2851287
2021-05-28,83.2152,83.4575,82.3716,83.1956,1930611
2021-06-01,84.4572,84.8545,83.6734,84.1512,1391100
2021-06-02,83.9029,84.1806,82.8356,83.281,1832857
2021-06-03,83.1564,83.9225,82.7846,83.2997,1059876
2021-06-04,83.1181,83.3291,81.9322,83.1181,1466192
2021-06-07,83.4527,83.4625,82.6227,82.6493,1641264
2021-06-08,82.1539,82.8602,81.1777,82.3167,2325701
2021-06-09,81.7791,81.9224,80.8226,80.8903,1973003
2021-06-10,81.9812,82.1725,79.9623,80.0006,1845419
2021-06-11,80.134,80.7942,79.8672,80.0967,1912920
2021-06-14,79.8672,81.8379,79.4277,81.1002,3338194
2021-06-15,81.3779,82.3069,81.1189,82.0567,2327840
2021-06-16,81.7987,84.8398,81.2337,83.4154,4254176
2021-06-17,84.1512,84.3532,78.8352,79.1766,3887158
2021-06-18,77.4461,78.174,75.2094,75.4183,6388581
2021-06-21,76.2708,78.1151,76.108,78.0602,2183832
2021-06-22,78.1445,78.2495,76.7103,77.1793,1713283
2021-06-23,77.4853,78.1445,77.3225,77.4559,1454589
2021-06-24,77.762,78.6527,77.1881,78.2975,2068010
2021-06-25,78.5095,80.2193,78.221,79.6082,2457569
2021-06-28,79.1962,79.7229,78.0602,78.5291,1898474
2021-06-29,79.5316,79.7229,78.3368,78.6233,1731179
2021-06-30,78.1318,79.3345,77.9199,79.2001,1650512
2021-07-01,79.9329,80.962,79.3021,80.6833,1652842
2021-07-02,80.6833,81.2994,80.4999,81.1454,2125876
2021-07-06,81.1062,81.1601,78.5938,78.8362,2427360
2021-07-07,78.3447,78.892,77.4206,78.3545,1224801
2021-07-08,77.247,77.7472,76.2307,76.6122,1624052
2021-07-09,78.5183,81.1306,78.4202,80.962,2326336
2021-07-12,80.5489,81.7036,79.8937,81.165,1364161
2021-07-13,81.1454,81.6555,79.9898,80.4704,1359033
2021-07-14,80.1919,81.319,78.7577,79.3835,1845336
2021-07-15,78.3643,79.8839,78.0072,78.9019,2367078
2021-07-16,80.5921,82.098,79.3326,81.1837,4077717
2021-07-19,79.153,79.7112,76.4288,76.6495,2816884
2021-07-20,76.6122,80.1438,76.2257,79.7112,2124449
2021-07-21,80.7501,82.2618,80.5685,81.9439,1703516
2021-07-22,81.6751,81.8664,80.9914,81.7124,2385957
2021-07-23,82.7827,83.3496,81.5878,82.1567,1921996
2021-07-26,81.8389,82.9543,81.8389,82.9367,1648805
2021-07-27,82.2176,83.3977,81.6359,82.4933,1525001
2021-07-28,82.8189,83.7823,81.9242,83.0122,1344689
2021-07-29,83.7254,85.087,83.0711,84.6691,1351622
2021-07-30,84.3611,85.0046,83.3977,83.8794,1452781
2021-08-02,84.5808,85.9483,83.4841,83.7539,1447629
2021-08-03,84.1286,85.0429,82.5404,84.7251,1376175
2021-08-04,83.8117,84.4366,83.2819,83.3496,1399284
2021-08-05,83.9746,84.2679,83.4547,84.2159,1387627
2021-08-06,85.6883,87.1323,85.2263,86.6311,1575571
2021-08-09,86.0543,87.9505,85.5245,87.1804,1052441
2021-08-10,86.9489,88.2978,86.7851,87.8642,1149525
2021-08-11,88.3164,89.1581,87.5464,88.5665,1281901
2021-08-12,88.1918,88.5469,87.4306,88.0378,1298709
2021-08-13,87.8348,88.1722,87.354,87.3924,1330659
2021-08-16,86.5928,87.1225,85.6991,86.6899,1702014
2021-08-17,85.7844,86.0886,84.1776,84.8506,1701120
2021-08-18,84.4954,85.7168,83.8912,84.0815,1813624
2021-08-19,82.8189,83.1466,81.5486,82.301,1708725
2021-08-20,82.2324,83.0514,81.8477,82.868,1612275
2021-08-23,83.5518,85.0527,83.5518,84.8231,1235526
2021-08-24,85.2744,86.5987,84.986,86.2181,1235907
2021-08-25,86.9783,88.9237,86.3917,88.5567,2848087
2021-08-26,88.6342,89.2886,88.0653,89.0384,2231678
2021-08-27,89.0581,90.9817,88.7696,90.7512,1568246
2021-08-30,91.021,91.0985,88.6627,89.0483,1112131
2021-08-31,88.9609,89.8369,88.8648,89.4328,2358604
2021-09-01,89.6446,89.6446,88.182,88.4321,1677288
2021-09-02,88.7785,89.4808,88.5371,89.2209,1260093
2021-09-03,89.1149,89.9046,88.8266,89.4131,1946202
2021-09-07,89.3847,89.3945,85.135,86.0836,4344300
2021-09-08,86.4398,86.4584,83.85,84.0432,4032567
2021-09-09,83.744,86.1504,83.2917,84.6004,2264283
2021-09-10,85.1302,85.2165,83.9746,84.2826,8688956
2021-09-13,84.9477,85.6304,84.1688,84.9948,3682876
2021-09-14,85.5245,85.5245,83.0809,83.33,4832239
2021-09-15,83.6862,85.1881,83.4841,84.6298,3393837
2021-09-16,85.0144,85.4764,83.6381,83.7921,2859797
2021-09-17,84.0236,84.3699,80.9424,81.6457,7374994
2021-09-20,79.307,80.1242,77.8051,79.3639,3632882
2021-09-21,79.9898,80.2311,78.4595,78.6331,1880866
2021-09-22,79.7975,81.0307,79.6818,80.0379,1904971
2021-09-23,80.9718,83.8981,80.9227,82.6463,2687635
2021-09-24,82.5109,83.5665,82.3393,82.5306,5907875
2021-09-27,83.7342,85.8806,83.7342,85.1586,2403206
2021-09-28,85.0919,86.1985,83.4841,83.5616,2204727
2021-09-29,84.0236,84.2531,82.5502,83.3006,1335061
2021-09-30,83.8539,84.2993,82.0606,82.09,1453932
2021-10-01,82.3608,84.4347,81.886,83.7283,1474608
2021-10-04,83.689,84.7447,83.0396,83.4467,1594073
2021-10-05,84.0187,86.2858,83.7283,85.966,3079452
2021-10-06,84.7937,85.9797,84.2699,85.7237,2217698
2021-10-07,87.565,87.7779,86.2564,86.3142,2035710
2021-10-08,86.4604,89.0669,86.4408,88.3684,1916481
2021-10-11,88.4567,89.7742,87.9623,88.1457,1945352
2021-10-12,88.3498,89.0865,87.4581,87.8171,2426221
2021-10-13,88.0977,88.0977,85.9856,86.8283,2184393
2021-10-14,87.9623,89.2798,87.361,88.8628,1607029
2021-10-15,89.318,91.0043,88.9501,89.8517,3937259
2021-10-18,90.1126,94.9577,89.9674,91.848,6710362
2021-10-19,92.3512,94.3769,90.7139,94.0473,3536761
2021-10-20,94.0856,96.3624,93.4558,96.2859,2692575
2021-10-21,96.2271,97.2483,94.5898,95.093,2403075
2021-10-22,95.6748,97.3356,95.2578,96.3144,2094088
2021-10-25,96.3526,96.8863,94.9282,95.5394,1146883
2021-10-26,95.6748,95.8974,94.8615,95.2196,1372214
2021-10-27,94.3573,94.9773,93.2331,93.2527,2022794
2021-10-28,93.4175,95.7915,93.2812,95.7523,1467654
2021-10-29,95.7228,96.4497,94.8517,95.4913,1764352
2021-11-01,96.3046,96.8177,95.5492,96.2467,1192553
2021-11-02,96.0721,97.16,95.9269,96.3526,1390893
2021-11-03,95.7425,97.5603,95.2971,96.5077,1590914
2021-11-04,96.2663,96.2663,92.6426,93.5333,2130049
2021-11-05,94.5417,94.8704,92.5258,92.7004,2591218
2021-11-08,93.34,93.9208,92.9231,93.6304,1415921
2021-11-09,92.7681,93.6883,92.2541,93.0487,1209872
2021-11-10,92.826,95.2775,92.6426,94.5221,1763108
2021-11-11,94.4152,96.0623,94.1298,95.4227,1380154
2021-11-12,95.6365,96.1976,95.045,95.9946,2668703
2021-11-15,96.334,96.8275,95.7867,96.8177,1428847
2021-11-16,96.489,96.6244,95.5002,95.5492,1796017
2021-11-17,95.2677,95.3069,93.0104,93.2037,1411695
2021-11-18,93.4362,93.6785,91.9058,92.2835,1193477
2021-11-19,91.4987,92.1481,90.5197,91.8087,1268400
2021-11-22,93.2812,95.1127,92.7779,94.2308,1514002
2021-11-23,94.7252,95.3648,94.1729,95.1519,1567265
2021-11-24,94.6182,95.6169,94.0277,95.2098,1131375
2021-11-26,90.5011,91.1495,89.5996,90.452,1373017
2021-11-29,92.0893,92.3904,89.7349,90.297,1932521
2021-11-30,88.4175,88.5921,85.8591,86.2083,4919892
2021-12-01,88.34,89.5701,85.811,85.8689,2841592
2021-12-02,86.896,90.1126,86.5958,89.5221,2574561
2021-12-03,89.6869,90.094,86.3485,87.2158,2718992
2021-12-06,89.0375,91.693,88.7667,90.7041,4417835
2021-12-07,91.1014,92.6229,90.8395,91.9539,3674400
2021-12-08,91.2957,91.5664,88.8825,90.0263,3749504
2021-12-09,89.2601,91.7018,89.0865,91.0622,2839586
2021-12-10,91.7989,92.0216,89.987,90.607,2193712
2021-12-13,90.2392,90.5011,87.977,88.4273,2096013
2021-12-14,88.2821,90.1126,88.0104,89.2415,1899487
2021-12-15,89.1826,89.5701,87.051,89.008,2465576
2021-12-16,90.762,91.0818,89.2317,89.8124,2386040
2021-12-17,89.6378,90.0842,87.4002,88.9796,3472774
2021-12-20,87.1579,87.41,85.3989,87.3031,1712052
2021-12-21,88.6303,90.4324,88.5921,89.4544,2187342
2021-12-22,89.2415,90.404,88.8825,89.7163,1752915
2021-12-23,90.3461,91.2368,90.0067,90.142,1308332
2021-12-27,90.3843,90.92,89.8075,90.8788,1141771
2021-12-28,90.3647,91.586,90.3647,90.7914,2508258
2021-12-29,91.0622,91.6537,90.7002,90.8788,1071469
2021-12-30,91.0916,91.7793,90.249,90.3461,874116
2021-12-31,89.9851,91.1064,89.9458,90.6669,992498
2022-01-03,91.5448,92.5582,91.2182,92.0814,1656124
2022-01-04,93.3675,96.7019,93.3675,95.8543,2428212
2022-01-05,96.4194,97.4818,94.635,94.7135,2981997
2022-01-06,95.9711,97.2679,94.7331,96.439,2558841
2022-01-07,96.1761,99.7562,96.0005,99.1089,4426718
2022-01-10,99.6395,99.8255,97.2483,98.658,3421190
2022-01-11,99.3544,99.972,98.0204,99.7859,2557921
2022-01-12,100.11,101.1,99.6296,100.738,2880429
2022-01-13,100.964,102.239,100.463,100.846,2028438
2022-01-14,99.5118,101.268,98.3539,101.17,3371326
2022-01-18,99.972,100.198,97.6868,98.4716,3743326
2022-01-19,99.5999,100.071,91.4379,91.5252,4196439
2022-01-20,91.4958,94.4986,89.7604,91.847,3520716
2022-01-21,91.6419,91.6419,88.1516,88.7078,3341426
2022-01-24,86.3093,92.052,84.984,91.4477,5151800
2022-01-25,89.8585,92.9389,88.3076,91.7685,5361496
2022-01-26,93.0653,94.4594,90.8915,91.9539,3709131
2022-01-27,93.9532,94.6693,89.8635,90.7846,2504667
2022-01-28,90.4236,91.4183,88.7667,91.3005,1825672
2022-01-31,90.3068,92.3247,89.4975,92.1295,2602978
2022-02-01,92.5778,94.3034,91.7783,94.0895,1916715
2022-02-02,93.3292,95.1813,92.9487,95.1225,1829662
2022-02-03,95.0057,96.236,94.1867,94.6546,2053002
2022-02-04,94.6252,97.3847,94.4408,96.4096,2346886
2022-02-07,96.3704,97.4425,95.717,96.8382,1780077
2022-02-08,97.4916,99.4821,97.3994,99.296,2128904
2022-02-09,99.6583,99.9136,98.3048,99.1188,1125722
2022-02-10,98.7856,101.16,98.0694,98.8444,1760006
2022-02-11,98.4618,100.227,95.766,96.6822,2112453
2022-02-14,97.1217,97.4916,95.3295,96.2046,1669641
2022-02-15,97.5112,98.1282,96.5949,97.8046,1125495
2022-02-16,96.9658,98.246,96.5067,97.7653,1472038
2022-02-17,96.1173,96.234,90.9887,91.3005,2493701
2022-02-18,90.5599,91.691,89.8095,91.0475,2833272
2022-02-22,90.765,92.0128,89.1169,90.1116,2063708
2022-02-23,90.7454,91.1259,84.623,85.0419,2890097
2022-02-24,81.6006,83.6872,80.0605,83.3359,3327951
2022-02-25,83.8235,86.8165,83.6381,86.5143,2234533
2022-02-28,83.4821,84.2129,81.8537,83.1898,3804939
2022-03-01,82.2146,82.4098,77.4961,78.8606,4065777
2022-03-02,80.0605,82.556,79.6896,81.8351,2780025
2022-03-03,81.9518,82.9995,80.5529,81.8351,1913996
2022-03-04,79.6798,79.6798,77.4569,78.4909,3355363
2022-03-07,77.9935,78.5488,76.161,76.2091,2117936
2022-03-08,77.4569,79.4846,75.5753,77.3695,2278840
2022-03-09,80.3136,82.6777,80.1478,81.4838,2754540
2022-03-10,79.6504,81.474,79.5238,80.8403,2123628
2022-03-11,81.8439,82.7218,79.9437,80.031,1571087
2022-03-14,81.5908,83.024,80.801,81.2592,1544863
2022-03-15,81.8929,82.454,81.0307,81.8635,1420418
2022-03-16,83.5989,85.6953,83.38,85.2567,1914183
2022-03-17,83.9501,86.0268,83.2388,85.8413,1559728
2022-03-18,86.0562,86.9627,84.4081,86.6997,3098376
2022-03-21,86.8263,87.2844,85.2371,86.1435,1417840
2022-03-22,87.3139,88.8148,87.3139,88.0643,2397432
2022-03-23,87.0019,87.8789,85.1586,85.2862,1887687
2022-03-24,85.9394,86.9038,84.9055,86.7772,1379321
2022-03-25,86.7096,88.5322,86.5241,88.2595,1104609
2022-03-28,88.1908,88.1908,86.6213,87.8494,1538831
2022-03-29,89.9164,90.2087,88.649,89.6633,2179795
2022-03-30,89.468,89.8585,88.9325,89.7996,2610512
2022-03-31,88.5146,89.2111,85.3068,85.4637,3146783
2022-04-01,86.582,86.9008,83.7371,84.1786,2105221
2022-04-04,84.002,85.0219,82.5502,84.208,2880746
2022-04-05,83.7175,84.777,82.9523,83.6882,1810540
2022-04-06,82.7856,83.0826,81.8733,82.1087,1481666
2022-04-07,81.4711,82.9916,80.1566,82.3638,1853332
2022-04-08,82.8935,83.4036,81.8341,82.5698,1176850
2022-04-11,82.0989,82.6237,80.9021,81.1474,2170033
2022-04-12,80.6765,82.8543,80.2105,80.6863,1963005
2022-04-13,79.9309,81.3043,79.2344,81.2748,2507433
2022-04-14,81.7163,83.1289,74.2118,74.3688,5922834
2022-04-18,73.1229,73.3779,71.0236,72.9659,5459144
2022-04-19,73.6918,74.4521,72.7893,73.4859,4707012
2022-04-20,74.2903,75.85,73.5742,74.4668,2629844
2022-04-21,75.5655,76.0462,72.7109,73.1621,2445085
2022-04-22,73.0051,73.0934,69.405,69.5226,3391615
2022-04-25,68.6691,69.8071,67.0015,69.6011,4056358
2022-04-26,68.6691,69.7875,66.4423,66.4423,3290661
2022-04-27,66.0891,66.6778,65.2063,65.5889,4050001
2022-04-28,67.0603,67.8745,65.5497,67.5313,2561059
2022-04-29,67.4822,68.4828,65.4809,65.6968,3669048
2022-05-02,65.9224,67.4969,65.3446,67.2762,2740184
2022-05-03,67.8255,69.3657,67.3841,68.5808,2763673
2022-05-04,68.4142,71.6808,68.3749,71.3767,2030659
2022-05-05,69.9249,70.3663,68.4338,69.866,2657957
2022-05-06,69.7286,69.915,67.6803,68.7967,2003326
2022-05-09,67.5901,68.7722,66.7465,67.9334,2891954
2022-05-10,68.8752,69.0518,65.3142,66.4227,2669874
2022-05-11,66.9034,67.8844,64.9905,65.0494,3592441
2022-05-12,64.7452,67.5214,64.549,66.3344,3478263
2022-05-13,67.3056,68.6397,67.1584,67.8942,2135104
2022-05-16,67.3154,67.8647,66.1578,67.0113,1672979
2022-05-17,68.7084,69.5422,67.8745,68.3357,4075948
2022-05-18,67.6588,67.698,65.3828,65.6968,2973371
2022-05-19,64.2842,65.53,64.1665,64.706,3232703
2022-05-20,65.5496,66.2461,64.5392,66.1872,3971920
2022-05-23,68.1002,68.9203,66.8102,68.4043,2303695
2022-05-24,67.7275,68.1689,65.8145,67.3645,1587482
2022-05-25,67.2762,68.4142,66.7465,67.9825,1591986
2022-05-26,69.091,69.9837,68.8998,69.6403,1558839
2022-05-27,69.8366,71.7103,69.4441,71.6514,3100940
2022-05-31,70.9059,72.0436,69.9445,71.1118,6460356
2022-06-01,70.9745,71.1412,68.1493,68.6201,3012593
2022-06-02,69.0321,71.7593,68.9537,71.7397,2473510
2022-06-03,70.8274,71.2491,69.915,69.9445,1277239
2022-06-06,71.053,71.671,69.8562,70.0524,1244583
2022-06-07,69.1204,71.7103,69.1204,71.622,2125863
2022-06-08,70.7587,70.9205,66.8053,67.7275,7413605
2022-06-09,67.7764,69.8169,66.7955,66.8446,4482867
2022-06-10,65.3436,65.4417,63.5533,63.9899,2827120
2022-06-13,62.4007,63.0383,60.89,61.8709,4265456
2022-06-14,62.1358,62.7243,60.6643,60.9979,3404556
2022-06-15,61.9494,63.8721,61.3706,62.7243,3286791
2022-06-16,60.8115,61.5178,60.1248,61.145,2655542
2022-06-17,61.5178,62.4497,60.5319,60.576,6976228
2022-06-21,61.9003,62.8715,61.3952,62.5871,2785900
2022-06-22,61.6061,62.5871,61.4795,62.126,1934812
2022-06-23,61.714,61.9641,60.1444,61.6944,2268317
2022-06-24,62.0573,65.2161,62.0475,65.0101,2515245
2022-06-27,65.3436,65.5987,63.47,63.9702,2847552
2022-06-28,63.8525,65.2259,63.16,63.264,2043028
2022-06-29,63.3424,64.8335,62.6361,62.8617,2071601
2022-06-30,61.0801,61.862,59.922,61.0207,3211465
2022-07-01,60.5951,63.0003,60.2388,62.7331,1979714
2022-07-05,61.4562,62.446,60.4961,62.4262,1618706
2022-07-06,61.9709,62.5598,61.0801,61.6344,1764888
2022-07-07,62.5153,63.4061,62.3569,63.0498,2200447
2022-07-08,63.317,63.4655,62.1392,62.3866,1292153
2022-07-11,61.5354,62.4309,61.2979,62.06,1858643
2022-07-12,61.575,63.0943,61.3671,61.7235,2861440
2022-07-13,60.7337,60.9118,59.541,60.318,2688891
2022-07-14,58.8234,59.5558,58.1949,59.2292,4363859
2022-07-15,62.9706,66.1478,60.1695,64.9997,8437995
2022-07-18,65.5144,66.3458,64.0297,64.2969,3510983
2022-07-19,65.6727,67.2267,65.4055,66.6427,2776014
2022-07-20,66.3854,66.5339,65.2966,66.2864,2535830
2022-07-21,66.3656,67.1376,65.7717,67.1277,1845626
2022-07-22,67.3059,68.4095,66.8902,67.4643,2200696
2022-07-25,67.9889,68.1769,67.1475,67.7018,1505333
2022-07-26,67.1475,67.6325,66.2171,66.3062,1772875
2022-07-27,66.9595,68.6322,66.3161,68.2066,1491840
2022-07-28,68.4046,69.3102,67.2267,69.2558,1981488
2022-07-29,69.236,70.7751,69.236,70.3149,4032544
2022-08-01,69.3548,70.1565,68.5728,69.6418,1803978
2022-08-02,68.8005,69.4241,68.1472,68.5134,1434284
2022-08-03,69.5923,70.3743,68.8005,70.2951,1753291
2022-08-04,70.3545,70.8988,69.523,69.6121,1823354
2022-08-05,69.137,70.3347,68.9786,69.9387,1485613
2022-08-08,70.6613,70.9038,69.5725,69.5824,1296832
2022-08-09,69.8299,70.0224,69.0875,69.6616,903818
2022-08-10,71.1562,72.3439,71.0176,71.7798,1211681
2022-08-11,72.8388,73.3139,72.2648,72.7597,1014758
2022-08-12,73.3634,74.185,72.9131,74.1652,1602988
2022-08-15,73.3733,74.0563,73.0764,73.7,1077611
2022-08-16,73.2249,74.4324,73.2249,73.7198,1425218
2022-08-17,72.5221,73.7,72.2723,73.2051,1128656
2022-08-18,72.819,73.5515,72.4231,73.4426,956211
2022-08-19,72.6607,72.6607,71.2057,71.5224,1350423
2022-08-22,70.1763,70.691,69.6517,70.1565,1057301
2022-08-23,70.2159,70.8098,69.9981,70.0476,620631
2022-08-24,69.82,70.5128,69.2954,69.8101,951869
2022-08-25,69.9981,71.2156,69.8101,70.9384,985264
2022-08-26,71.1463,71.4779,68.4145,68.4244,996446
2022-08-29,67.88,68.6916,67.4544,68.0185,1364283
2022-08-30,68.5728,68.9094,67.494,68.3749,1276868
2022-08-31,69.0281,69.0281,67.4247,67.6523,1878789
2022-09-01,67.3059,67.9394,65.9895,67.8899,1399843
2022-09-02,68.9984,69.7309,66.4943,66.9892,1732312
2022-09-06,67.4544,67.6078,66.1874,67.3653,1355787
2022-09-07,67.1376,69.2459,66.8605,69.0281,2076794
2022-09-08,68.5332,71.3344,67.8008,71.3245,2479599
2022-09-09,71.7006,72.532,71.468,72.2549,2666557
2022-09-12,72.8487,73.9771,72.6508,73.4327,3147364
2022-09-13,71.4927,73.0121,71.1463,71.3937,2230732
2022-09-14,71.3838,71.7699,69.7804,70.6712,2167891
2022-09-15,70.6712,72.0767,70.493,70.6712,1480826
2022-09-16,69.6616,69.9091,68.4739,69.3845,2853762
2022-09-19,68.464,70.5722,68.464,70.1466,1311737
2022-09-20,69.3746,69.6319,67.7414,68.2462,1706505
2022-09-21,68.6916,69.5626,67.0683,67.0782,1914658
2022-09-22,67.494,67.494,65.1877,65.4055,1214751
2022-09-23,64.8215,64.9898,62.0748,62.9805,2581947
2022-09-26,62.5648,63.3467,61.5503,61.9709,3268267
2022-09-27,62.5054,62.7825,59.6845,60.6545,2837918
2022-09-28,61.0405,62.931,60.4169,62.5846,2267028
2022-09-29,61.6245,61.9016,60.6891,61.09,2076187
2022-09-30,61.54,62.53,60.68,60.81,2403634
2022-10-03,61.56,63.76,60.24,63.11,2621536
2022-10-04,64.31,65.65,64.075,65.61,2287158
2022-10-05,64.23,65.8,64.08,65.43,1304184
2022-10-06,64.92,65.46,63.8703,63.96,1318294
2022-10-07,63.44,63.44,61.63,62.11,1782630
2022-10-10,62.75,63.02,61.35,61.62,1180023
2022-10-11,61.0,62.07,60.42,60.81,1899617
2022-10-12,60.41,61.5,59.92,60.16,1675432
2022-10-13,59.27,63.89,58.615,63.5,1998630
2022-10-14,63.89,64.93,60.9,61.11,2693135
2022-10-17,62.64,65.32,62.64,63.81,3546230
2022-10-18,65.42,65.58,59.24,64.42,6023369
2022-10-19,63.65,65.95,63.11,64.57,3315015
2022-10-20,64.65,66.4,64.26,64.86,2871184
2022-10-21,64.89,69.31,64.48,69.12,3294813
2022-10-24,69.5,70.95,69.29,70.52,2738148
2022-10-25,70.055,72.67,70.0,72.05,3145259
2022-10-26,72.49,73.53,71.95,72.28,2281138
2022-10-27,73.17,74.44,72.97,73.1,2184574
2022-10-28,73.4,75.08,72.81,74.78,2373585
2022-10-31,74.15,74.76,73.9,74.0,2740148
2022-11-01,75.09,75.43,74.23,74.4,2576577
2022-11-02,74.44,76.53,73.69,73.88,2444669
2022-11-03,72.89,73.81,72.31,73.07,1941526
2022-11-04,74.31,75.99,74.18,75.45,1763824
2022-11-07,75.81,76.3,75.44,75.93,1842902
2022-11-08,75.81,77.02,75.163,76.15,2133553
2022-11-09,75.46,76.36,75.08,75.22,1690905
2022-11-10,78.07,80.1,77.958,79.86,2284398
2022-11-11,80.48,82.14,79.97,80.99,2897895
2022-11-14,79.96,81.79,78.79,79.0,3105263
2022-11-15,79.68,81.515,79.235,79.46,2681351
2022-11-16,79.02,79.935,78.52,78.91,2232264
2022-11-17,77.2,77.345,74.27,74.51,5477219
2022-11-18,75.98,77.01,75.13,75.59,3901036
2022-11-21,75.38,76.77,75.38,76.61,2419490
2022-11-22,77.11,77.88,76.405,76.59,1972829
2022-11-23,76.36,77.68,76.335,77.05,1870751
2022-11-25,77.16,77.68,76.71,77.06,1030808
2022-11-28,76.14,76.235,73.26,73.52,2255809
2022-11-29,73.21,73.98,72.85,73.93,1502615
2022-11-30,79.79,80.45,77.08,79.67,7618948
2022-12-01,79.41,79.41,77.15,78.72,2907180
2022-12-02,77.61,78.57,77.03,77.72,4159038
2022-12-05,77.51,78.02,76.0,76.24,2284423
2022-12-06,74.89,75.74,73.85,74.36,2581224
2022-12-07,75.03,82.3199,75.03,80.45,6096642
2022-12-08,80.72,81.25,77.711,78.12,2770885
2022-12-09,78.0,80.11,77.85,79.03,3070927
2022-12-12,78.71,80.5315,78.67,80.26,2790792
2022-12-13,82.2,83.42,81.13,81.33,3751776
2022-12-14,81.14,82.38,79.69,79.89,3860299
2022-12-15,78.38,79.03,77.71,78.26,2909994
2022-12-16,77.36,78.63,76.8,77.7,5120243
2022-12-19,77.45,79.03,77.21,77.56,2387259
2022-12-20,77.88,78.66,77.43,77.99,2300026
2022-12-21,78.94,79.52,78.58,78.71,2157162
2022-12-22,77.72,78.23,75.9,77.85,1087782
2022-12-23,77.73,77.89,76.85,77.49,1232479
2022-12-27,77.68,77.79,76.73,77.15,1620218
2022-12-28,77.14,77.51,76.59,76.84,1546230
2022-12-29,77.32,78.45,76.8,78.34,1587459
2022-12-30,77.13,77.59,76.46,77.57,1387346
2023-01-03,78.65,79.62,77.65,78.4,3168101
2023-01-04,78.98,80.795,78.41,79.48,2324489
2023-01-05,78.74,79.34,78.23,78.71,1980262
2023-01-06,79.58,80.76,78.82,80.68,2059343
2023-01-09,81.13,82.18,80.87,80.91,3437019
2023-01-10,81.01,81.94,80.43,81.46,2972116
2023-01-11,81.66,82.64,81.3,82.34,3100852
2023-01-12,82.59,83.39,81.85,82.37,3896517
2023-01-13,81.36,84.145,81.01,82.97,4274374
2023-01-17,82.72,83.915,82.45,83.0,3085036
2023-01-18,82.44,83.29,81.52,81.54,2583093
2023-01-19,79.98,81.31,79.14,80.52,3358551
2023-01-20,83.35,85.0,82.06,84.28,4790157
2023-01-23,84.38,86.97,84.2,86.22,4304911
2023-01-24,86.22,87.91,85.24,87.03,3312804
2023-01-25,86.05,88.29,85.65,88.2,3310590
2023-01-26,88.99,90.26,88.25,90.23,3307727
2023-01-27,90.23,91.83,89.76,90.73,2773934
2023-01-30,89.87,91.23,89.72,90.15,2818702
2023-01-31,90.15,91.42,89.9,91.33,4529817
2023-02-01,90.51,93.09,90.45,92.28,3589424
2023-02-02,92.58,93.26,91.67,92.37,3092602
2023-02-03,91.49,92.97,90.5,91.08,3329899
2023-02-06,90.14,91.31,89.81,90.73,2117076
2023-02-07,90.14,92.97,90.07,92.68,3043181
2023-02-08,91.81,93.945,91.55,93.59,3173002
2023-02-09,93.79,94.48,92.24,92.53,3057353
2023-02-10,92.04,92.975,91.63,92.58,2552150
2023-02-13,92.47,94.22,92.13,94.03,2457104
2023-02-14,93.75,94.735,93.17,93.58,2337323
2023-02-15,92.78,94.6,92.46,94.11,2408170
2023-02-16,92.77,94.26,92.48,93.27,3424078
2023-02-17,92.66,93.15,91.63,92.0,2454853
2023-02-21,90.63,91.15,88.4,89.17,2432353
2023-02-22,89.47,89.52,87.22,88.1,2431089
2023-02-23,88.94,89.46,86.6,87.11,2526306
2023-02-24,85.7,87.19,85.355,87.17,1694206
2023-02-27,89.5,89.57,88.28,88.81,2514422
2023-02-28,89.05,89.45,88.68,88.68,2297584
2023-03-01,88.52,89.95,88.3,89.51,1996403
2023-03-02,88.59,88.8,87.44,88.77,1854885
2023-03-03,89.18,90.61,88.76,90.42,2284454
2023-03-06,90.35,91.15,89.78,90.18,2185550
2023-03-07,90.29,90.76,86.42,86.66,3284641
2023-03-08,86.48,87.7,85.815,86.59,2767199
2023-03-09,85.99,86.41,82.4,82.84,3332655
2023-03-10,81.96,82.57,78.97,79.87,5195756
2023-03-13,76.23,78.0,73.64,73.97,5164467
2023-03-14,77.18,77.54,75.64,76.74,4597112
2023-03-15,74.075,74.075,72.24,73.7,4209783
2023-03-16,72.96,76.01,71.7,74.75,3821027
2023-03-17,73.89,73.89,71.06,71.77,9746937
2023-03-20,73.05,74.1741,72.61,73.44,2896138
2023-03-21,76.13,77.59,76.02,76.72,3051792
2023-03-22,76.33,76.81,73.695,73.75,2682133
2023-03-23,73.72,74.48,72.13,72.69,1836737
2023-03-24,70.99,71.84,69.36,71.65,2696999
2023-03-27,73.78,74.16,72.54,73.39,1997845
2023-03-28,73.02,73.81,73.02,73.62,1172987
2023-03-29,74.85,75.49,74.3,75.45,1689576
2023-03-30,76.35,76.705,74.5,75.0,1638640
2023-03-31,74.76,75.73,73.91,75.69,1679392
2023-04-03,75.4,75.71,74.61,75.46,1831830
2023-04-04,75.91,76.14,73.965,74.62,2263976
2023-04-05,73.57,75.71,73.41,75.59,2254256
2023-04-06,75.67,76.715,75.12,76.16,2163764
2023-04-10,76.37,77.53,76.045,77.33,2177494
2023-04-11,77.7,79.38,77.19,78.58,2671364
2023-04-12,78.93,79.2,77.47,78.21,1648504
2023-04-13,78.09,79.0,78.03,78.81,1805225
2023-04-14,80.23,81.37,79.32,80.03,2852159
2023-04-17,67.0,73.04,65.62,72.68,13773859
2023-04-18,72.71,75.55,72.42,74.9,6732299
2023-04-19,74.81,75.95,74.59,75.29,4032836
2023-04-20,74.57,75.3,74.41,74.99,2598714
2023-04-21,74.39,74.645,73.47,73.63,2781408
2023-04-24,73.68,74.09,73.12,73.47,2294602
2023-04-25,72.5,72.9112,70.49,70.62,4327912
2023-04-26,70.38,71.8428,69.46,69.82,3280442
2023-04-27,70.57,71.47,70.22,71.17,1708504
2023-04-28,70.55,72.36,70.4,72.26,2058143
2023-05-01,72.63,72.695,71.42,71.53,2197938
2023-05-02,71.37,71.76,68.82,70.29,3188632
2023-05-03,70.65,71.24,68.56,68.92,2949142
2023-05-04,68.05,68.32,66.38,66.86,2948339
2023-05-05,68.6,69.06,67.655,68.5,3496334
2023-05-08,69.4,69.58,68.3,69.07,1754292
2023-05-09,68.39,69.39,68.22,68.98,1776737
2023-05-10,69.94,69.95,67.89,68.5,1733980
2023-05-11,67.56,68.17,67.14,67.73,2344957
2023-05-12,68.39,68.39,66.12,66.54,3109973
2023-05-15,67.1,68.54,66.685,68.0,1978203
2023-05-16,67.45,67.69,66.555,66.66,1765666
2023-05-17,67.66,68.5499,67.05,68.46,1470241
2023-05-18,68.17,69.15,67.59,69.06,1855359
2023-05-19,69.68,69.82,67.52,68.0,1988514
2023-05-22,68.03,68.82,67.52,68.5,1879450
2023-05-23,68.53,69.295,68.325,68.37,1561329
2023-05-24,67.7,67.82,66.81,67.03,1809791
2023-05-25,66.92,68.25,66.84,67.75,2816747
2023-05-26,67.99,69.02,67.74,68.47,2137075
2023-05-30,68.39,69.81,68.195,69.33,2430498
2023-05-31,68.51,68.81,67.29,68.02,5400219
2023-06-01,68.8,70.0469,68.29,69.53,2668420
2023-06-02,70.65,72.42,70.18,71.55,2331504
2023-06-05,71.61,72.38,71.05,71.82,2484373
2023-06-06,71.78,74.78,71.41,74.25,3157145
2023-06-07,74.34,75.1,73.24,74.63,2450022
2023-06-08,74.08,74.33,72.86,73.53,2312258
2023-06-09,73.75,74.62,73.54,73.91,2033438
2023-06-12,73.65,74.65,72.4606,73.07,4156448
2023-06-13,73.6,75.75,73.08,74.07,2996168
2023-06-14,74.23,74.93,72.29,73.2,2285319
2023-06-15,72.81,74.74,72.72,74.65,2076097
2023-06-16,74.77,74.825,73.25,73.77,7081830
2023-06-20,73.06,73.24,72.415,73.16,2081386
2023-06-21,73.12,73.48,72.735,73.03,1722344
2023-06-22,73.03,73.24,71.6,72.21,1595312
2023-06-23,70.54,71.51,69.88,71.07,3203632
2023-06-26,71.17,71.82,70.78,70.92,1810651
2023-06-27,71.27,72.65,70.79,72.59,1480188
2023-06-28,72.35,72.35,71.67,72.14,1534812
2023-06-29,72.43,73.42,72.28,73.14,1855303
2023-06-30,73.4,73.77,72.81,73.18,1459903
2023-07-03,73.51,74.93,73.37,74.34,763256
2023-07-05,73.79,74.27,73.35,73.53,1515148
2023-07-06,72.43,72.96,71.67,72.85,1757562
2023-07-07,72.88,74.75,72.88,73.88,2024894
2023-07-10,73.59,75.07,73.35,74.5,1482537
2023-07-11,75.3,75.9215,75.0,75.66,1805591
2023-07-12,76.83,77.42,75.63,75.84,2438446
2023-07-13,76.28,77.49,75.88,77.46,3051663
2023-07-14,74.97,74.97,68.05,68.1,9560622
2023-07-17,66.28,67.839,65.4,66.51,7007469
2023-07-18,67.24,68.32,66.23,68.29,8004588
2023-07-19,68.52,70.37,68.36,69.38,4570738
2023-07-20,69.46,70.47,69.04,70.34,3566968
2023-07-21,70.83,70.88,69.56,70.27,3040244
2023-07-24,70.18,72.135,70.175,71.24,3613084
2023-07-25,71.14,71.7,70.52,70.73,2867127
2023-07-26,70.86,72.14,70.86,71.47,2726024
2023-07-27,71.86,72.27,70.32,70.48,2972810
2023-07-28,71.65,71.88,70.6392,71.17,2590011
2023-07-31,71.39,72.59,71.24,72.44,2733122
2023-08-01,71.96,72.34,71.295,72.13,2395705
2023-08-02,71.18,72.83,70.9,72.71,2860706
2023-08-03,72.49,73.69,72.11,73.0,2926533
2023-08-04,73.15,74.2,72.925,73.14,2474419
2023-08-07,73.87,74.68,73.665,73.9,2677751
2023-08-08,72.08,72.89,70.72,72.73,3214504
2023-08-09,72.56,73.62,72.18,72.23,3380363
2023-08-10,72.56,73.87,72.56,73.13,2679858
2023-08-11,72.53,74.26,72.53,73.68,2903589
2023-08-14,73.09,73.09,70.93,71.34,2222053
2023-08-15,70.42,70.49,69.28,69.56,1659643
2023-08-16,69.21,69.72,68.79,68.83,1914142
2023-08-17,69.47,69.69,68.05,68.3,1807601
2023-08-18,67.51,68.46,67.39,67.95,1398086
2023-08-21,67.65,68.08,66.42,67.42,1858091
2023-08-22,67.8,67.99,65.78,65.85,2120041
2023-08-23,66.25,67.63,65.88,67.55,2084377
2023-08-24,67.4,68.9,67.15,67.75,1356592
2023-08-25,68.05,68.53,67.055,67.55,1154138
2023-08-28,68.02,68.71,67.93,68.4,1036322
2023-08-29,68.39,68.88,68.03,68.52,1235754
2023-08-30,68.54,69.02,68.15,68.45,1163878
2023-08-31,68.65,68.93,68.35,68.74,2144569
2023-09-01,69.38,70.37,69.28,69.85,1578746
2023-09-05,69.55,70.615,69.25,70.08,2002649
2023-09-06,69.51,70.05,69.13,69.86,1845299
2023-09-07,69.71,70.215,68.76,69.51,2206207
2023-09-08,69.45,70.42,68.62,70.16,1646927
2023-09-11,71.49,74.02,71.01,71.39,3763170
2023-09-12,71.38,72.29,70.45,71.49,2550435
2023-09-13,72.07,72.16,70.5701,71.25,2199355
2023-09-14,72.1,72.49,71.66,72.39,2500671
2023-09-15,71.59,72.01,71.18,71.85,6781051
2023-09-18,71.66,71.71,70.54,71.26,1798758
2023-09-19,71.31,71.65,70.18,70.55,1835173
2023-09-20,71.03,71.215,69.63,69.69,1679905
2023-09-21,69.23,69.5206,68.54,68.82,1289803
2023-09-22,68.9,69.05,67.61,67.81,1116809
2023-09-25,67.23,67.8,67.01,67.61,1393040
2023-09-26,66.95,67.785,66.66,66.83,1390860
2023-09-27,67.05,67.27,66.225,66.78,1473187
2023-09-28,66.82,67.975,66.82,67.56,1269551
2023-09-29,67.38,68.25,66.84,66.96,1665300
2023-10-02,66.82,67.14,65.605,66.19,1840099
2023-10-03,65.45,65.66,64.41,64.79,1485266
2023-10-04,64.81,65.24,63.615,64.46,2151130
2023-10-05,64.02,64.39,63.11,64.27,2229790
2023-10-06,64.16,65.82,63.88,65.17,2074845
2023-10-09,64.5,64.9296,64.11,64.74,1865131
2023-10-10,65.37,66.1,65.24,65.44,1732787
2023-10-11,65.44,65.95,64.7902,65.3,1848321
2023-10-12,65.58,65.58,63.51,64.09,2688748
2023-10-13,64.76,65.5625,64.06,64.28,2178715
2023-10-16,64.96,65.97,64.75,65.6,2044873
2023-10-17,64.88,67.54,64.73,67.26,3927305
2023-10-18,69.0,70.48,67.41,68.63,5482957
2023-10-19,68.72,68.89,66.35,66.36,2981468
2023-10-20,66.04,66.33,64.47,64.86,3456036
2023-10-23,64.78,65.02,64.12,64.25,1754074
2023-10-24,64.43,65.345,64.15,64.74,1625404
2023-10-25,64.21,64.57,63.54,64.02,1357217
2023-10-26,64.04,65.18,64.04,64.66,1775481
2023-10-27,64.16,64.325,62.78,62.93,1655761
2023-10-30,63.45,64.16,62.99,63.88,1471785
2023-10-31,63.66,64.95,63.57,64.63,1548605
2023-11-01,64.81,65.6961,64.3,64.74,1805234
2023-11-02,65.5,66.835,65.16,66.68,1533304
2023-11-03,67.78,68.53,67.68,67.76,1990223
2023-11-06,67.91,67.99,66.64,67.22,1426892
2023-11-07,66.84,67.33,66.46,66.54,1302756
2023-11-08,66.41,66.67,66.0,66.56,1624670
2023-11-09,67.07,67.6,66.38,66.52,1485953
2023-11-10,66.95,67.64,66.27,67.6,1406314
2023-11-13,67.16,67.6,66.86,67.05,1588005
2023-11-14,68.22,69.76,67.995,68.94,1911752
2023-11-15,68.93,70.205,68.93,69.73,1721164
2023-11-16,69.59,69.97,68.92,69.29,1733762
2023-11-17,70.18,70.27,69.82,70.19,1536827
2023-11-20,69.72,70.31,69.174,69.95,1429172
2023-11-21,69.75,69.91,69.03,69.05,1372406
2023-11-22,69.44,69.95,68.99,69.88,1200302
2023-11-24,69.85,70.56,69.7,70.38,797721
2023-11-27,69.88,70.18,69.56,69.74,1957616
2023-11-28,69.89,70.43,69.58,70.11,1732703
2023-11-29,70.65,71.99,70.5,71.74,1653571
2023-11-30,71.91,72.94,71.4,72.82,3887064
2023-12-01,72.8,74.535,72.52,73.92,2699772
2023-12-04,73.17,74.615,73.07,74.1,2464684
2023-12-05,73.82,73.9,72.61,73.22,2145136
2023-12-06,73.75,74.13,70.46,71.44,4466157
2023-12-07,71.78,73.22,71.47,73.18,2544978
2023-12-08,73.15,74.17,72.92,73.97,2149842
2023-12-11,73.83,75.4,73.74,74.6,2189669
2023-12-12,74.72,75.45,74.38,75.12,1819040
2023-12-13,75.27,76.8,74.66,76.61,2126092
2023-12-14,77.85,79.28,77.85,78.55,2343233
2023-12-15,77.64,78.64,77.15,77.63,4948048
2023-12-18,78.0,78.01,77.07,77.19,1884597
2023-12-19,77.34,78.1,76.95,77.68,1624903
2023-12-20,77.33,78.19,76.02,76.05,1822480
2023-12-21,76.47,77.11,76.22,77.01,1384957
2023-12-22,77.37,77.89,76.8079,77.19,1536460
2023-12-26,77.29,77.905,77.07,77.72,1608626
2023-12-27,77.64,78.21,77.28,77.97,1154818
2023-12-28,78.55,78.57,78.135,78.42,1394279
2023-12-29,77.83,78.065,77.24,77.46,1084544
2024-01-02,77.66,78.23,77.03,77.75,1438508
2024-01-03,78.69,78.69,76.91,77.3,1804197
2024-01-04,76.86,77.95,76.8,77.38,1841644
2024-01-05,77.18,78.74,77.18,78.21,1926921
2024-01-08,78.12,78.47,77.25,78.43,1177826
2024-01-09,77.41,78.41,76.86,77.32,1340885
2024-01-10,77.0,77.065,75.96,76.6,1301475
2024-01-11,76.35,76.58,75.62,76.26,1824056
2024-01-12,77.22,77.88,76.41,76.51,2157850
2024-01-16,76.01,76.65,75.43,75.87,2050797
2024-01-17,74.78,75.77,74.6,74.69,2274796
2024-01-18,75.03,75.305,73.825,74.31,3295587
2024-01-19,79.9,79.9,75.45,75.86,6624741
2024-01-22,76.0,76.585,74.055,74.31,3239423
2024-01-23,74.11,74.42,73.61,73.95,2812966
2024-01-24,74.35,75.16,73.69,73.84,3302123
2024-01-25,73.63,74.85,73.41,74.68,2690376
2024-01-26,74.87,75.84,74.58,75.11,1747048
2024-01-29,74.74,75.33,74.34,74.84,1812710
2024-01-30,75.08,75.16,74.42,74.85,1917481
2024-01-31,74.73,75.55,73.81,73.87,2566935
2024-02-01,73.77,74.175,72.455,73.25,2947742
2024-02-02,73.21,73.76,72.7,73.43,1880304
2024-02-05,72.52,73.1,72.21,72.57,1918543
2024-02-06,72.41,73.06,72.405,72.45,1505223
2024-02-07,72.68,73.105,71.71,73.03,2605564
2024-02-08,73.0,73.45,71.84,72.39,2707636
2024-02-09,72.34,72.98,72.08,72.84,1312372
2024-02-12,72.81,74.22,72.64,73.6,1516928
2024-02-13,72.69,72.69,70.53,71.11,1577472
2024-02-14,71.78,72.13,71.235,71.5,1172898
2024-02-15,71.93,73.21,71.74,73.03,1514737
2024-02-16,73.0,73.09,72.31,72.49,1495933
2024-02-20,70.86,72.13,70.86,71.55,1873984
2024-02-21,71.55,72.49,71.25,72.15,2693957
2024-02-22,72.5,72.74,71.855,72.42,2439857
2024-02-23,72.66,73.91,72.28,73.58,3367334
2024-02-26,73.06,74.16,72.75,72.87,2068008
2024-02-27,72.94,73.49,72.66,73.48,2024705
2024-02-28,73.32,74.3,73.18,73.37,2235212
2024-02-29,73.9,74.27,73.27,73.73,3479741
2024-03-01,73.64,73.95,72.73,73.85,1525975
2024-03-04,73.72,74.95,73.66,74.0,1548971
2024-03-05,73.35,74.65,72.83,73.31,2450616
2024-03-06,73.28,73.36,71.59,71.84,2802590
2024-03-07,72.23,72.75,72.02,72.25,2448289
2024-03-08,72.33,73.01,72.27,72.43,1657586
2024-03-11,72.09,73.61,72.075,73.44,1847574
2024-03-12,73.65,73.91,72.33,72.51,1883313
2024-03-13,72.52,73.64,72.52,72.85,1943129
2024-03-14,72.48,72.85,71.26,71.86,2120688
2024-03-15,71.05,72.615,71.05,72.5,4129152
2024-03-18,72.51,72.69,71.93,72.49,2234347
2024-03-19,72.49,72.74,72.0,72.62,2787279
2024-03-20,72.54,74.02,72.13,73.82,1818596
2024-03-21,74.2,76.0,73.965,75.93,2720670
2024-03-22,76.07,76.29,75.41,75.84,2585260
2024-03-25,76.39,76.86,75.63,75.65,2026667
2024-03-26,76.08,76.43,75.65,76.18,1764848
2024-03-27,76.6,77.24,76.13,76.88,2585698
2024-03-28,76.65,77.675,76.2041,77.32,2202822
2024-04-01,76.89,77.33,76.41,77.25,1815093
2024-04-02,77.43,77.71,76.84,77.0,3184617
2024-04-03,76.97,77.98,76.74,77.32,1585378
2024-04-04,77.99,78.5,75.89,75.95,1915361
2024-04-05,75.88,76.47,74.51,75.8,1644407
2024-04-08,76.26,76.94,75.7,76.39,1523437
2024-04-09,76.68,77.08,76.0,76.64,1582652
2024-04-10,75.48,75.97,74.32,74.37,1954563
2024-04-11,74.22,74.7,72.85,73.91,2436619
2024-04-12,74.65,78.49,73.23,75.78,6622170
2024-04-15,76.47,77.4,74.44,74.93,3398419
2024-04-16,74.9,75.445,72.72,73.02,3018726
2024-04-17,73.1,73.56,72.13,72.81,2265245
2024-04-18,73.26,73.67,72.54,73.04,1689907
2024-04-19,73.51,74.02,73.11,73.39,3004996
2024-04-22,73.79,74.74,73.21,74.51,1680017
2024-04-23,74.5,75.01,74.03,74.39,2423967
2024-04-24,73.7,74.75,73.6,74.29,8642088
2024-04-25,73.98,74.445,72.6,73.29,5837130
2024-04-26,73.35,74.44,73.03,73.39,2749354
2024-04-29,73.12,74.38,73.12,73.99,2492104
2024-04-30,73.43,73.75,72.41,72.49,1645050
2024-05-01,72.51,73.9,72.26,73.11,1840379
2024-05-02,73.71,73.87,72.845,73.2,1883399
2024-05-03,73.91,74.42,73.48,74.39,1623097
2024-05-06,75.01,75.32,74.53,75.11,1888318
2024-05-07,75.47,76.18,75.29,75.35,1899741
2024-05-08,75.12,75.57,75.05,75.32,1949132
2024-05-09,75.21,76.28,75.13,76.26,1416917
2024-05-10,76.5,77.11,76.4839,76.58,1479473
2024-05-13,76.9,77.16,76.02,76.16,1808360
2024-05-14,76.53,77.0,76.22,76.56,1830633
2024-05-15,77.02,77.74,76.89,77.57,1914297
2024-05-16,77.76,77.99,77.3,77.63,1713135
2024-05-17,77.98,78.05,77.35,78.01,1814979
2024-05-20,78.03,78.19,77.04,77.15,2845322
2024-05-21,77.15,77.52,77.01,77.08,1580437
2024-05-22,76.54,77.08,76.2,76.49,2740609
2024-05-23,76.46,76.6,74.31,74.81,3001494
2024-05-24,75.09,75.48,74.87,75.39,1310269
2024-05-28,75.25,75.565,73.64,73.91,1444829
2024-05-29,73.05,73.85,72.59,73.83,1760593
2024-05-30,74.07,74.4,73.435,74.25,1738741
2024-05-31,74.4,75.665,74.3,75.59,3871132
2024-06-03,75.55,75.95,74.45,75.33,1984379
2024-06-04,74.75,75.39,74.25,74.65,1425823
2024-06-05,74.82,74.99,74.325,74.49,1489794
2024-06-06,74.49,74.87,74.19,74.5,1497477
2024-06-07,74.0,75.52,74.0,74.76,2213609
2024-06-10,74.19,75.11,73.42,74.35,2723496
2024-06-11,73.81,73.995,70.67,71.13,3551055
2024-06-12,72.38,73.21,71.78,72.14,1824736
2024-06-13,71.69,71.82,70.68,71.6,1945660
2024-06-14,70.9,71.56,70.29,70.91,1395754
2024-06-17,70.67,71.825,70.2,71.71,1515292
2024-06-18,71.56,72.55,71.45,72.37,2525271
2024-06-20,72.13,72.8,72.05,72.4,1776758
2024-06-21,72.4,72.6,71.8,72.24,2353833
2024-06-24,72.49,73.61,72.215,72.94,1462658
2024-06-25,72.61,72.91,71.97,72.58,1700479
2024-06-26,72.13,73.01,71.96,72.86,3159903
2024-06-27,72.72,73.09,71.96,73.05,2394840
2024-06-28,73.39,74.03,73.06,74.0,4601662
2024-07-01,73.67,74.14,73.15,73.56,2154934
2024-07-02,73.47,73.96,73.195,73.86,1596167
2024-07-03,74.37,74.72,73.785,74.14,929146
2024-07-05,74.05,74.065,73.07,73.72,1539859
2024-07-08,72.98,73.72,72.65,73.37,2637053
2024-07-09,73.44,74.899,72.92,74.42,2043550
2024-07-10,74.45,75.52,74.15,75.49,1734513
2024-07-11,75.89,76.69,75.63,76.48,1831223
2024-07-12,76.8,79.42,76.61,78.56,2974416
2024-07-15,78.81,79.4,78.4,78.94,3254338
2024-07-16,79.5,84.83,78.15,84.82,6021904
2024-07-17,84.91,85.37,83.645,85.34,4074604
2024-07-18,85.0,86.24,83.88,84.33,2694225
2024-07-19,84.59,84.875,84.06,84.49,1565933
2024-07-22,84.76,84.95,83.33,84.0,1722211
2024-07-23,83.64,84.71,83.49,83.81,2458996
2024-07-24,83.73,84.52,82.86,82.96,1762643
2024-07-25,83.09,85.34,82.92,84.89,2078275
2024-07-26,85.21,85.89,84.58,85.29,1509865
2024-07-29,85.17,85.57,84.59,84.92,1029351
2024-07-30,85.51,86.25,85.13,85.7,1177713
2024-07-31,85.77,86.1,84.91,84.97,1345728
2024-08-01,85.3,85.49,82.93,83.63,1359693
2024-08-02,82.61,82.61,80.25,80.91,1941255
2024-08-05,78.85,79.5,76.95,77.11,2669907
2024-08-06,76.91,78.19,76.85,77.13,2281451
2024-08-07,78.55,79.75,76.35,76.48,1955149
2024-08-08,76.98,78.285,76.98,77.75,1087293
2024-08-09,77.82,78.32,77.29,78.21,1217873
2024-08-12,78.2,78.75,77.205,77.53,1901371
2024-08-13,78.23,79.15,77.575,78.8,1798791
2024-08-14,79.09,79.32,78.37,78.95,1265505
2024-08-15,80.0,80.87,79.83,80.55,2541117
2024-08-16,80.65,81.23,80.26,81.18,1465963
2024-08-19,81.33,81.6,80.88,81.01,1383309
2024-08-20,80.8,81.22,80.18,80.42,1508509
2024-08-21,80.74,80.91,80.105,80.8,1830680
2024-08-22,80.82,82.59,80.79,82.56,1897938
2024-08-23,82.96,84.37,82.545,84.04,2364882
2024-08-26,84.48,85.21,84.16,84.58,1763600
2024-08-27,84.19,85.785,84.14,85.48,2203559
2024-08-28,85.21,85.76,84.29,84.74,2229579
2024-08-29,85.19,86.4,84.36,85.9,1547595
2024-08-30,86.08,87.265,85.93,87.1,1749063
2024-09-03,86.44,87.16,85.63,85.98,1795279
2024-09-04,86.45,87.19,85.23,85.91,2014936
2024-09-05,86.74,86.74,84.945,85.19,1867226
2024-09-06,85.16,86.075,82.835,83.29,2191583
2024-09-09,84.03,84.83,82.48,83.66,3230060
2024-09-10,83.79,83.925,82.07,83.32,1893005
2024-09-11,82.73,82.83,80.54,82.59,2333001
2024-09-12,82.64,83.37,81.86,82.58,1742961
2024-09-13,82.85,84.37,82.85,83.28,2262726
2024-09-16,83.8,85.94,83.61,85.46,3480071
2024-09-17,85.75,87.13,85.45,86.69,1654226
2024-09-18,86.88,88.185,86.58,87.16,2699399
2024-09-19,88.34,89.415,87.41,89.31,1914399
2024-09-20,88.78,88.91,87.6,88.5,3578184
2024-09-23,89.23,89.49,88.65,89.13,1680838
2024-09-24,88.94,89.34,88.5,88.91,1899760
2024-09-25,89.05,89.175,88.18,88.5,1881659
2024-09-26,88.71,89.18,87.92,88.09,2769074
2024-09-27,88.64,89.37,87.86,88.2,3154644
2024-09-30,87.76,88.67,87.3,88.47,2499729
2024-10-01,87.5,87.635,86.4,86.65,1957796
2024-10-02,86.71,87.46,85.7,85.99,1483565
2024-10-03,85.67,86.04,85.045,85.96,3022986
2024-10-04,86.99,87.6,86.76,87.31,1744059
2024-10-07,87.29,87.87,86.63,87.47,2146468
2024-10-08,87.56,88.82,87.24,88.57,1962162
2024-10-09,88.7,89.205,88.06,88.86,1996715
2024-10-10,88.85,89.7817,88.65,89.34,1705350
2024-10-11,89.94,90.8,89.09,89.83,2793355
2024-10-14,89.71,91.1401,89.625,90.93,2425374
2024-10-15,91.84,94.6,89.34,91.82,5898847
2024-10-16,93.06,93.57,92.0,92.88,2569715
2024-10-17,93.0,93.365,92.16,92.55,1923204
2024-10-18,92.83,92.87,91.21,91.43,2180871
2024-10-21,91.2,91.36,89.78,90.19,1637927
2024-10-22,89.86,90.22,89.3503,89.86,1403459
2024-10-23,89.6,91.57,89.5,91.43,2457701
2024-10-24,91.99,92.06,91.315,91.87,1722328
2024-10-25,92.64,92.64,90.37,90.38,1553861
2024-10-28,91.23,93.595,90.82,92.98,2406165
2024-10-29,92.6,93.71,92.47,92.82,2104684
2024-10-30,92.74,94.06,92.69,92.93,1552260
2024-10-31,92.83,93.63,92.16,92.8,2673803
2024-11-01,93.01,93.755,92.71,92.8,2158886
2024-11-04,92.8,92.96,92.01,92.26,1363156
2024-11-05,92.25,93.22,92.03,92.91,1480396
2024-11-06,97.57,98.45,95.97,96.81,3076146
2024-11-07,96.39,96.945,95.07,95.12,1915629
2024-11-08,95.22,95.55,93.8,94.78,2723278
2024-11-11,95.57,97.0,95.57,96.55,1712803
2024-11-12,96.16,96.74,95.18,95.19,1938799
2024-11-13,95.23,96.5,95.13,95.17,1649632
2024-11-14,95.08,95.79,93.96,94.18,1377158
2024-11-15,94.495,95.67,94.18,95.48,2354445
2024-11-18,95.35,96.3,95.2001,96.12,1528028
2024-11-19,94.95,95.55,94.615,94.71,1781929
2024-11-20,95.18,95.41,94.57,95.3,1351023
2024-11-21,95.71,96.695,95.42,96.34,1326896
2024-11-22,96.5,97.71,96.4,97.5,1513140
2024-11-25,98.0,99.5,97.854,98.79,2408339
2024-11-26,98.545,99.045,97.86,98.81,2184732
2024-11-27,98.75,99.24,98.39,98.79,1924062
2024-11-29,98.715,99.46,98.51,98.51,1155234
2024-12-02,99.02,99.22,97.67,98.03,1722323
2024-12-03,98.975,99.5,97.71,97.77,1891946
2024-12-04,97.12,97.62,96.69,97.37,3352284
2024-12-05,97.49,99.755,97.24,98.6,2116616
2024-12-06,98.75,98.95,97.355,98.41,1726253
2024-12-09,99.6,100.35,98.6,99.43,3504099
2024-12-10,99.625,100.03,98.16,100.03,2343025
2024-12-11,100.5,101.91,98.53,99.27,4546267
2024-12-12,99.64,100.99,99.305,100.61,2250715
2024-12-13,100.96,100.975,99.52,100.46,1922570
2024-12-16,100.225,101.47,99.63,100.78,2367723
2024-12-17,100.275,100.84,98.44,98.7,2200599
2024-12-18,98.51,99.27,94.69,94.74,3705484
2024-12-19,95.8,96.76,95.21,95.42,2130484
2024-12-20,95.435,98.63,94.83,98.2,6637107
2024-12-23,97.765,98.29,96.9,98.17,1400491
2024-12-24,98.58,99.35,98.15,99.27,658800
2024-12-26,98.92,99.75,98.41,99.56,1015813
2024-12-27,98.84,99.8385,98.22,98.58,1127177
2024-12-30,97.3,98.61,96.88,98.28,1278095
2024-12-31,98.72,98.94,97.74,98.15,1210698
2025-01-02,98.125,99.12,97.32,97.95,1509577
2025-01-03,98.0,98.08,96.72,97.67,1508481
2025-01-06,98.755,99.97,98.07,98.43,1683722
2025-01-07,98.905,99.14,97.23,97.72,1244996
2025-01-08,97.545,97.86,96.807,97.73,1575657
2025-01-10,96.48,96.65,93.7,93.91,2530891
2025-01-13,93.24,94.5,92.87,94.45,2051813
2025-01-14,95.0,95.88,94.63,95.44,1618478
2025-01-15,98.18,99.7874,97.65,99.77,3917376
2025-01-16,99.415,100.49,99.14,100.49,2609451
2025-01-17,95.66,98.13,94.49,97.63,4205160
2025-01-21,97.75,99.835,97.035,99.0,2665340
2025-01-22,98.03,99.04,96.95,97.17,2510010
2025-01-23,97.5,98.58,96.7701,97.54,2825023
2025-01-24,97.06,100.0,97.02,99.06,1670390
2025-01-27,99.43,100.29,98.87,100.24,1581763
2025-01-28,99.64,100.78,99.28,100.4,2012236
2025-01-29,100.205,102.6285,99.96,100.85,1599014
2025-01-30,101.4,103.0,101.2716,102.23,1472081
2025-01-31,102.0,102.735,101.195,101.62,1664628
2025-02-03,99.44,100.0,97.38,98.17,3151178
2025-02-04,98.485,99.54,98.1,98.38,1982642
2025-02-05,99.055,99.705,98.4,99.33,1263142
2025-02-06,99.91,100.3,99.2704,99.59,1318571
2025-02-07,99.8,100.4399,99.08,99.44,1371143
2025-02-10,99.73,99.91,97.75,98.05,1666856
2025-02-11,97.505,98.74,97.02,98.61,1519923
2025-02-12,97.54,98.3,97.13,98.22,1049702
2025-02-13,98.42,99.09,97.81,99.02,1382466
2025-02-14,99.53,100.54,98.97,99.16,1520695
2025-02-18,99.32,100.965,98.7656,100.44,2596681
2025-02-19,99.75,100.46,99.21,99.81,2008597
2025-02-20,100.21,100.86,97.7,99.64,2019695
2025-02-21,99.84,100.615,98.63,98.7,1808387
2025-02-24,99.075,99.72,97.7,98.55,1736254
2025-02-25,98.86,99.31,96.42,97.21,1801420
2025-02-26,97.605,98.59,96.8,97.33,1335604
2025-02-27,97.625,99.13,96.5,97.52,1763899
2025-02-28,97.84,99.48,97.325,99.23,3886933
2025-03-03,99.66,100.47,96.36,96.98,2273819
2025-03-04,95.715,96.1,91.07,91.7,3166128
2025-03-05,91.84,93.48,91.33,92.54,2516669
2025-03-06,91.34,91.74,88.55,89.83,3209777
2025-03-07,89.2,89.92,87.46,89.65,2216315
2025-03-10,87.895,88.41,85.145,86.8,2527622
2025-03-11,86.78,87.22,85.14,85.72,2480083
2025-03-12,86.9,87.059,84.03,85.76,2420495
2025-03-13,85.955,86.1,84.03,84.47,1950897
2025-03-14,85.635,87.1699,85.07,86.81,2020229
2025-03-17,87.29,88.31,86.87,87.81,1609716
2025-03-18,87.51,88.4341,87.355,88.11,1694786
2025-03-19,88.17,90.83,87.86,90.21,2444696
2025-03-20,89.49,90.87,89.445,90.52,1530565
2025-03-21,89.69,91.03,88.87,90.55,4709654
2025-03-24,91.88,93.39,91.61,92.86,2097781
2025-03-25,93.15,93.575,92.33,92.52,1827932
2025-03-26,92.99,93.75,92.14,92.65,1052366
2025-03-27,92.11,92.46,90.67,91.78,1417376
2025-03-28,91.4,91.6,88.35,89.04,1425048
2025-03-31,87.99,90.17,87.07,89.53,2222826
2025-04-01,88.43,89.51,87.42,88.82,2187842
2025-04-02,87.995,90.18,87.54,89.59,1108614
2025-04-03,85.59,85.59,82.13,82.83,3020111
2025-04-04,80.025,80.025,76.0,76.25,3148060
2025-04-07,73.635,79.17,72.81,76.3,4613358
2025-04-08,79.375,80.33,74.05,75.33,3052725
2025-04-09,73.3237,83.23,73.26,82.32,2892239
2025-04-10,80.09,80.65,76.26,79.0,2496929
2025-04-11,77.65,80.09,76.9,79.41,2338357
2025-04-14,80.8,81.51,79.97,80.91,2267652
2025-04-15,81.12,82.57,81.02,81.4,1771045
2025-04-16,80.99,81.645,78.68,79.63,2114849
2025-04-17,75.5,83.035,75.5,81.26,5521939
2025-04-21,80.86,82.12,79.56,80.63,3349594
2025-04-22,81.91,84.347,81.77,83.84,2951374
2025-04-23,86.04,88.22,85.26,85.52,3094298
2025-04-24,85.285,88.01,85.05,87.57,2556414
2025-04-25,87.5,88.4,87.23,87.38,2100424
2025-04-28,87.685,88.66,86.97,87.57,2338491
2025-04-29,87.26,88.68,87.0,88.53,2118313
2025-04-30,87.225,88.4,85.68,88.1,1895475
2025-05-01,87.79,89.65,87.22,88.73,1594523
2025-05-02,89.805,91.25,89.78,90.53,1551512
2025-05-05,89.755,91.37,89.755,90.57,1416395
2025-05-06,89.665,91.32,89.19,90.75,2743959
2025-05-07,91.0,92.73,90.94,91.5,1903069
2025-05-08,92.605,94.73,92.23,94.06,2065361
2025-05-09,94.94,94.94,93.695,93.81,1422188
2025-05-12,97.21,97.32,95.74,96.0,2650481
2025-05-13,96.305,98.27,96.07,97.78,1643848
2025-05-14,97.675,98.1,97.01,97.71,1803562
2025-05-15,97.445,98.59,97.31,98.2,1134314
2025-05-16,98.27,98.69,97.6,98.29,1682941
2025-05-19,97.6,98.6,96.9648,98.28,1082957
2025-05-20,97.395,98.26,97.2887,97.74,1262747
2025-05-21,97.135,97.2948,95.49,95.53,1114400
2025-05-22,95.275,96.83,95.1609,96.36,1805251
2025-05-23,94.2,96.5,94.19,96.1,1116330
2025-05-27,97.8,97.8,95.63,97.43,2815690
2025-05-28,98.17,98.5642,96.58,96.85,1685870
2025-05-29,97.28,97.53,96.18,97.04,1389717
2025-05-30,96.57,96.76,95.65,96.28,2683861
2025-06-02,95.935,96.35,94.72,96.23,1242507
2025-06-03,96.37,97.14,95.28,97.01,1117029
2025-06-04,96.925,97.16,96.0,96.0,1068625
2025-06-05,96.03,96.89,95.615,96.48,960921
2025-06-06,97.35,98.71,97.35,98.62,880677
2025-06-09,98.78,99.405,97.9,98.86,1364043
2025-06-10,98.675,99.38,98.465,99.15,1612888
2025-06-11,99.205,99.23,97.12,97.3,1971384
2025-06-12,96.77,97.62,96.15,97.6,1476748
2025-06-13,96.84,97.18,95.67,96.14,1483748
2025-06-16,96.61,98.1,96.425,97.4,1526810
2025-06-17,96.73,97.33,96.16,96.43,1267036
2025-06-18,96.34,99.89,96.27,99.3,3051073
2025-06-20,99.83,100.65,99.41,99.62,4284072
2025-06-23,99.29,101.32,99.0,101.24,2868162
2025-06-24,102.0,103.99,101.84,102.9,2552186
2025-06-25,102.94,104.54,101.89,104.35,2168021
2025-06-26,104.56,105.845,104.35,105.37,2207941
2025-06-27,105.445,106.06,104.54,106.0,2043269
2025-06-30,106.4,106.83,105.87,106.34,2182276
2025-07-01,105.125,107.385,104.79,106.96,2019751
2025-07-02,107.33,109.69,106.77,109.49,1973535
2025-07-03,109.6,110.8,109.05,110.31,1166677
2025-07-07,110.115,110.97,108.85,109.76,1810592
2025-07-08,109.9,110.0,108.83,109.2,2050096
2025-07-09,110.0,110.11,108.84,109.4,1607241
2025-07-10,109.025,110.925,109.005,110.21,1828557
2025-07-11,109.7,110.02,108.44,109.56,2668854
2025-07-14,109.655,110.435,109.17,110.03,2511603
2025-07-15,105.5,107.99,101.98,102.01,5942667
2025-07-16,102.81,105.33,102.81,105.03,4624164
2025-07-17,104.81,107.71,104.66,107.48,2927390
2025-07-18,107.395,108.6,107.155,108.51,2912765
2025-07-21,108.5,109.35,107.82,108.09,2266650
2025-07-22,108.25,109.79,107.995,109.71,1875194
2025-07-23,109.85,110.72,108.85,110.65,2314066
2025-07-24,110.735,111.61,110.42,110.98,1999780
2025-07-25,111.21,113.72,110.15,112.93,3321014
2025-07-28,113.0,113.0,111.83,112.45,1078113
2025-07-29,113.24,113.595,112.38,113.25,1443901
2025-07-30,113.32,114.28,112.44,113.11,1952591
2025-07-31,112.475,113.285,111.4,111.75,1635380
2025-08-01,109.78,109.99,107.34,108.59,1984220
2025-08-04,109.39,110.01,108.98,109.78,1171463
2025-08-05,110.275,110.6,108.81,110.06,1132834
2025-08-06,110.4,111.04,109.875,110.76,1262409
2025-08-07,111.395,111.65,109.63,109.82,1099702
2025-08-08,110.52,111.95,109.94,111.08,1184365
2025-08-11,111.44,111.675,109.52,109.83,1685834
2025-08-12,110.43,111.52,110.42,111.42,2380011
2025-08-13,111.75,112.59,110.01,111.5,2048089
2025-08-14,111.57,113.75,110.96,113.6,1429987
2025-08-15,113.93,114.08,110.9,111.07,1291690
2025-08-18,110.64,111.3,110.22,111.19,1409129
2025-08-19,110.685,111.94,110.52,111.15,1067505
2025-08-20,110.76,112.2,110.27,111.89,1683126
2025-08-21,111.22,112.65,111.22,112.36,1565979
2025-08-22,112.65,115.65,112.56,115.48,2144689
2025-08-25,115.05,115.865,114.845,114.91,1551346
2025-08-26,114.5,115.88,114.05,115.82,2316553
2025-08-27,115.95,116.37,114.8,114.88,1724646
2025-08-28,115.005,115.39,114.38,115.24,1326811
2025-08-29,115.185,115.57,114.45,114.97,995205
2025-09-02,114.005,114.005,111.965,113.26,1800446
2025-09-03,112.99,113.54,111.43,113.0,1575200
2025-09-04,112.86,114.16,112.86,114.06,1090386
2025-09-05,115.325,115.6399,111.92,112.95,2598760
2025-09-08,113.27,113.68,110.72,111.65,3045139
2025-09-09,111.385,113.32,111.01,112.05,2274386
2025-09-10,112.01,112.51,110.45,110.77,2191870
2025-09-11,110.79,113.21,110.69,112.94,2076691
2025-09-12,112.2,113.14,112.01,112.44,1068214
2025-09-15,112.745,113.605,111.755,112.12,1370177
2025-09-16,111.94,112.04,110.32,110.49,1682024
2025-09-17,110.985,112.535,110.59,111.7,1407939
2025-09-18,111.86,113.58,111.86,113.22,1537385
2025-09-19,113.37,113.61,112.44,113.5,3268706
2025-09-22,112.835,113.54,112.16,113.32,1037013
2025-09-23,113.78,115.065,112.27,112.95,1148831
2025-09-24,113.405,113.84,112.34,112.96,1257593
2025-09-25,112.795,114.77,112.795,114.24,1425415
2025-09-26,114.77,116.07,114.4401,115.71,1194245
2025-09-29,116.2,117.31,115.51,117.25,1417377
2025-09-30,117.405,118.06,114.84,116.01,1517534
2025-10-01,114.34,114.87,112.79,113.38,1213353
2025-10-02,113.755,115.415,113.1501,115.12,1729243
2025-10-03,115.93,117.41,115.69,116.38,1795773
2025-10-06,116.38,117.5,114.805,116.9,1147092
2025-10-07,116.96,117.9842,116.23,116.89,1495275
2025-10-08,117.06,118.24,115.21,116.69,1987867
2025-10-09,117.03,118.015,116.45,117.23,1511781
2025-10-10,117.435,118.1,110.87,111.0,2372778
2025-10-13,112.455,114.38,111.9,114.19,1421592
2025-10-14,113.27,116.02,113.16,115.4,1869724
2025-10-15,115.98,116.95,114.52,116.71,2011918
2025-10-16,116.85,117.0,111.84,112.95,2853880
2025-10-17,108.65,111.59,104.635,111.37,4352089
2025-10-20,112.2,115.71,112.13,115.29,2858772
2025-10-21,114.8,117.385,114.29,114.36,3134993
2025-10-22,113.93,114.3,112.48,113.22,3341734
2025-10-23,113.655,115.085,113.305,114.61,2093696
2025-10-24,115.505,116.9,115.06,116.12,1953816
2025-10-27,116.93,118.3,116.84,117.03,2226851
2025-10-28,117.14,118.98,116.61,118.68,3177428
2025-10-29,118.025,119.33,116.29,116.75,3290102
2025-10-30,116.565,117.27,115.19,115.22,2894683
2025-10-31,114.3,116.11,113.83,115.66,2278857
2025-11-03,115.4,116.73,114.41,116.69,1723614
2025-11-04,115.12,116.89,114.72,116.15,2021255
2025-11-05,116.55,117.41,115.245,116.9,1884808
2025-11-06,116.89,118.1724,116.18,117.27,1301354
2025-11-07,116.99,118.5,115.3,118.31,1659634
2025-11-10,119.07,120.3999,118.1724,119.69,1431033
2025-11-11,119.95,120.81,119.29,119.43,1208663
2025-11-12,120.145,122.69,120.02,121.11,1505310
2025-11-13,121.6,121.635,117.98,118.28,1452942
2025-11-14,117.545,118.44,116.49,116.84,1232470
2025-11-17,116.05,116.5,112.29,112.84,1813247
2025-11-18,112.22,114.51,111.63,113.2,1577776
2025-11-19,113.32,114.35,113.0,114.0,821658
2025-11-20,115.44,116.61,113.08,113.3,1288597
2025-11-21,113.63,115.98,112.815,114.36,2185282
2025-11-24,114.45,115.71,113.62,115.1,2469961
2025-11-25,115.02,116.6791,114.54,116.09,1701795
2025-11-26,116.325,118.4425,116.14,117.66,1051714
2025-11-28,118.19,119.39,118.0821,119.02,487106
2025-12-01,118.213,119.29,117.675,118.12,1505154
2025-12-02,118.99,119.94,118.22,119.02,1225930
2025-12-03,119.015,121.035,118.99,120.9,1632086
2025-12-04,120.5,122.6199,120.5,121.87,1888057
2025-12-05,121.325,124.21,121.25,123.61,2087641
2025-12-08,123.26,124.115,122.15,124.07,2160123
2025-12-09,123.98,127.07,123.98,126.16,2016024
2025-12-10,125.945,128.93,122.04,128.92,2630376
2025-12-11,128.365,130.03,127.98,129.6,2142745
2025-12-12,131.3645,131.3645,127.09,127.67,1916321
2025-12-15,128.95,130.07,128.14,128.95,2763291
2025-12-16,129.63,129.63,126.4925,127.15,2269397
2025-12-17,127.31,129.07,126.725,127.36,2497818
2025-12-18,128.17,129.0,126.76,127.37,2056048
2025-12-19,127.88,128.78,127.45,128.5,4487470
2025-12-22,129.02,130.98,128.995,130.87,2682333
2025-12-23,131.0,131.3,130.01,130.7,2706254
2025-12-24,130.935,132.999,130.74,132.22,566591
2025-12-26,132.08,132.66,131.78,132.28,1326337
2025-12-29,132.23,132.95,130.62,131.69,2165232
2025-12-30,131.71,131.79,129.95,130.34,1212448
2025-12-31,130.64,130.64,128.99,129.01,1585523
2026-01-02,128.625,129.12,127.02,129.07,2217744
2026-01-05,128.93,134.67,128.57,133.01,2335675
2026-01-06,133.055,134.5704,131.92,134.32,2327525
2026-01-07,133.795,133.885,131.575,132.45,2583215
2026-01-08,132.03,133.22,131.54,132.8,1952832
2026-01-09,132.68,133.68,132.28,132.57,1641920
2026-01-12,131.41,133.195,131.0,133.09,2269904
2026-01-13,133.09,133.66,131.69,132.81,2392800
2026-01-14,132.225,134.785,131.8189,134.72,2565789
2026-01-15,135.0,137.0499,135.0,136.29,2237204
2026-01-16,132.01,133.48,127.93,128.02,4375175
2026-01-20,126.975,127.24,123.12,125.31,3747662
2026-01-21,125.99,129.86,125.99,126.91,3410686
2026-01-22,127.94,130.3,127.36,128.46,1984544
2026-01-23,127.98,127.98,125.59,126.09,1840500
2026-01-26,126.26,127.96,126.26,127.59,2235963
2026-01-27,128.0,129.02,127.43,127.62,1832689
2026-01-28,127.745,128.97,127.135,128.02,1575218
2026-01-29,129.2,131.46,128.59,131.43,2287757
2026-01-30,130.585,132.04,129.67,130.86,2127602
2026-02-02,130.525,133.04,129.9,132.58,2137591
2026-02-03,132.695,134.2,128.82,130.09,2152994
2026-02-04,130.015,132.66,130.015,132.03,1882409
2026-02-05,131.165,131.89,127.705,128.71,1988313
2026-02-06,131.0,133.105,130.41,132.35,1488106
2026-02-09,132.45,134.98,131.81,134.28,1711801
2026-02-10,134.015,135.36,129.13,132.23,1973556
2026-02-11,132.47,133.88,129.48,131.61,2201515
2026-02-12,132.65,133.24,122.87,126.31,2764170
2026-02-13,125.3601,128.68,123.63,127.97,1666445
2026-02-17,127.94,130.46,127.3415,128.0,1558500
2026-02-18,128.77,131.46,128.345,129.68,1712428
2026-02-19,128.095,129.25,126.2051,127.87,1440753
2026-02-20,127.31,128.75,125.61,127.94,1173369
2026-02-23,127.49,128.385,123.3,125.13,1560600
2026-02-24,124.715,128.0,123.41,127.23,1567900
2026-02-25,128.43,131.69,127.64,131.62,2029221
2026-02-26,131.77,134.0,131.77,132.27,1918797
2026-02-27,130.045,131.225,126.25,128.62,3839427
2026-03-02,125.38,130.13,125.22,129.46,2135761
2026-03-03,125.9,127.75,123.37,125.91,1757907
2026-03-04,126.71,127.78,125.14,126.54,1593473
2026-03-05,125.73,126.31,123.93,125.14,2546578
2026-03-06,122.0,122.545,119.06,121.04,2862059
2026-03-09,118.57,122.26,116.15,121.93,2393677
2026-03-10,122.185,124.955,121.345,122.55,2322004
2026-03-11,122.91,126.2,121.55,126.0,3382465
2026-03-12,123.62,123.875,121.21,123.21,2570019
2026-03-13,124.79,125.0,121.17,121.34,1660055
2026-03-16,122.465,123.65,120.07,120.22,2084591
2026-03-17,121.575,123.41,121.13,121.56,2366651
2026-03-18,121.02,123.08,120.66,121.09,2104263
2026-03-19,119.865,122.35,119.11,120.95,2198069
2026-03-20,120.75,122.0513,120.16,121.97,3640488
2026-03-23,124.96,125.45,122.5,123.23,1808327
2026-03-24,123.72,127.7299,121.965,126.28,2351326
2026-03-25,128.0,128.52,125.73,126.92,1381765
2026-03-26,125.8,127.02,124.88,125.66,1654206
2026-03-27,124.75,125.09,121.88,122.52,2366350
2026-03-30,124.36,124.71,122.7,123.42,1151053
2026-03-31,125.53,127.15,123.875,126.56,2270554
2026-04-01,126.93,129.34,126.78,128.25,1798928
2026-04-02,125.8,129.62,125.64,128.8,1576134
2026-04-06,130.73,130.89,129.16,130.2,1001315
2026-04-07,129.37,131.89,127.5336,131.21,2034216
2026-04-08,134.13,136.355,134.13,136.13,1784345
2026-04-09,135.94,138.61,135.51,138.49,1865723
2026-04-10,138.45,139.9,137.91,139.42,2351624
2026-04-13,138.02,141.725,137.84,141.62,2516972
2026-04-14,142.0,142.76,140.35,141.78,2327331
2026-04-15,142.33,143.59,140.955,142.74,2079472
2026-04-16,142.5,144.48,141.53,141.9,2959342
2026-04-17,144.78,148.99,143.79,145.43,3179487
2026-04-20,146.57,150.275,145.965,150.18,3088641
2026-04-21,150.47,156.18,150.47,153.57,3703713
2026-04-22,154.38,154.63,151.97,152.4,2340967
2026-04-23,152.68,153.985,149.47,151.25,2492272
2026-04-24,151.69,151.69,150.31,150.74,1440486
2026-04-27,150.63,154.24,150.61,154.02,1696478
2026-04-28,154.69,155.46,151.92,152.48,1689607
2026-04-29,152.6,153.1,149.56,150.7,2148685
2026-04-30,150.62,153.24,149.1,152.84,3035844
2026-05-01,153.26,154.28,151.69,152.0,1728170
2026-05-04,151.21,151.825,147.4,148.08,1818020
2026-05-05,148.78,150.4,148.08,148.68,1635468
2026-05-06,150.55,152.35,150.06,151.24,2357775
2026-05-07,151.21,152.15,148.275,148.78,2166531
2026-05-08,149.6,150.275,148.72,149.49,1248201
2026-05-11,150.01,151.135,149.055,150.17,1825349
2026-05-12,149.08,150.97,147.83,150.45,1704429
2026-05-13,150.48,152.36,149.44,151.58,2257581
2026-05-14,153.0,154.33,151.62,153.76,1634947
2026-05-15,152.24,154.175,151.15,152.85,1553922
2026-05-18,152.46,154.51,151.79,153.74,1810818
2026-05-19,153.07,153.2674,150.12,150.88,1896106
2026-05-20,151.94,155.05,150.96,154.07,1554637
2026-05-21,153.15,154.79,152.22,153.69,1572145
2026-05-22,154.03,155.02,153.505,153.95,1542066
2026-05-26,155.35,158.86,155.35,158.52,2134885
2026-05-27,158.42,159.3065,155.72,157.92,1662351
2026-05-28,157.12,158.595,156.07,157.61,2071541
2026-05-29,157.63,158.72,154.96,155.64,3773871
2026-06-01,155.34,160.08,155.09,159.79,1321489
2026-06-02,159.28,161.795,158.93,159.78,1679614
2026-06-03,159.28,159.5,155.69,157.88,1344114
2026-06-04,158.02,163.95,158.02,162.75,1649987
2026-06-05,162.29,163.37,160.29,161.75,1743947
2026-06-08,162.35,163.58,161.725,161.81,1385396
2026-06-09,163.47,164.05,159.13,163.25,1717898
2026-06-10,163.195,164.35,158.675,161.8,2974089
2026-06-11,162.78,165.57,162.02,164.85,2655517
2026-06-12,166.0,168.285,165.42,167.63,2184968
2026-06-15,170.0,170.54,166.91,167.37,2372528
2026-06-16,169.06,172.6301,168.62,171.29,2023962
2026-06-17,171.3,174.03,170.62,171.1,2453169
2026-06-18,172.92,174.66,167.94,168.31,7304662
2026-06-22,170.58,173.83,170.1201,173.71,3209639
2026-06-23,172.98,175.46,171.42,173.73,2136334
2026-06-24,173.19,174.49,167.99,168.87,3872712
2026-06-25,171.47,172.645,168.72,169.51,2429306
2026-06-26,169.79,171.16,164.74,168.11,4014088
2026-06-29,168.69,171.94,168.25,170.18,1901538
2026-06-30,171.72,171.72,169.0075,169.6,1723218
2026-07-01,168.76,172.315,168.02,169.67,1144175
