date,open,high,low,close,volume
1996-01-02,8.26465,8.26465,8.14998,8.24862,1600158
1996-01-03,8.24862,8.24862,8.14998,8.14998,1540189
1996-01-04,8.16955,8.16955,8.03353,8.03353,1119785
1996-01-05,8.05437,8.13523,8.05437,8.11407,1469790
1996-01-08,8.11407,8.11407,8.09165,8.09165,12385
1996-01-09,8.13523,8.22796,8.05437,8.16955,1106096
1996-01-10,8.13523,8.19187,8.03353,8.05437,2092262
1996-01-11,8.05437,8.07641,7.99704,8.03353,1385713
1996-01-12,8.01868,8.03353,7.96114,8.01868,342847
1996-01-15,8.01868,8.01868,7.95367,7.96114,461473
1996-01-16,7.99704,8.11407,7.99704,8.11407,1419606
1996-01-17,8.09165,8.13523,8.07641,8.09165,110802
1996-01-18,8.11407,8.22796,8.11407,8.20584,973784
1996-01-19,8.16955,8.22796,8.01868,8.07641,392379
1996-01-22,8.11407,8.43775,8.11407,8.37726,4133684
1996-01-23,8.40009,8.52921,8.40009,8.50807,3285049
1996-01-24,8.60151,8.64705,8.56767,8.58931,1791133
1996-01-25,8.58931,8.64705,8.58931,8.64705,582701
1996-01-26,8.60151,8.6614,8.60151,8.64705,512955
1996-01-29,8.6614,8.71992,8.64705,8.6614,924246
1996-01-30,8.70438,8.93531,8.70438,8.93531,736532
1996-01-31,9.04369,9.11411,9.00612,9.04369,1884342
1996-02-01,9.04369,9.40041,9.04369,9.36894,965961
1996-02-02,9.43779,9.43779,9.11411,9.25101,2012742
1996-02-05,9.20754,9.20754,9.06651,9.06651,1089151
1996-02-06,9.07792,9.07792,9.00612,9.00612,1095020
1996-02-07,8.52921,8.82162,8.36488,8.62432,24173111
1996-02-08,8.62432,8.77647,8.62432,8.6614,6568782
1996-02-09,8.70438,8.76024,8.68304,8.71992,3540546
1996-02-12,8.76024,8.76024,8.64705,8.7392,3643534
1996-02-13,8.7392,8.76024,8.68304,8.76024,2002965
1996-02-14,8.7392,8.87581,8.7392,8.87581,3500793
1996-02-15,8.85299,8.9121,8.8345,8.89076,3043883
1996-02-16,8.87581,8.9121,8.87581,8.9121,2822922
1996-02-20,8.89076,8.89076,8.82162,8.8345,2807928
1996-02-21,8.82162,8.82162,8.6614,8.82162,3208785
1996-02-22,8.82162,8.89076,8.79772,8.89076,2139189
1996-02-23,8.89076,8.99108,8.89076,8.99108,2741445
1996-02-26,8.97219,9.11411,8.97219,9.11411,1893465
1996-02-27,9.09877,9.09877,9.02953,9.04369,1130864
1996-02-28,9.07792,9.15916,9.06651,9.15916,1678371
1996-02-29,9.15916,9.20754,9.09877,9.13811,1258620
1996-03-01,9.15916,9.20754,9.13811,9.15916,1070245
1996-03-04,9.15916,9.15916,9.07792,9.07792,1853702
1996-03-05,9.07792,9.13811,9.06651,9.13811,2184170
1996-03-06,9.13811,9.22879,9.13811,9.19496,1173231
1996-03-07,9.20754,9.20754,9.17253,9.19496,972478
1996-03-08,9.15916,9.15916,9.02953,9.06651,798447
1996-03-11,9.06651,9.06651,9.00612,9.00612,546858
1996-03-12,8.99108,8.99108,8.82162,8.87581,891654
1996-03-13,8.85299,8.89076,8.85299,8.89076,218350
1996-03-14,8.89076,9.06651,8.89076,9.06651,1911716
1996-03-15,9.06651,9.07792,9.04369,9.04369,582701
1996-03-18,9.04369,9.09877,9.04369,9.09877,671998
1996-03-19,9.09877,9.09877,8.94967,8.97219,566407
1996-03-20,8.97219,9.09877,8.97219,9.07792,701981
1996-03-21,9.09877,9.17253,9.09877,9.15916,707846
1996-03-22,9.15916,9.3473,9.13811,9.3473,1181052
1996-03-25,9.40041,9.51843,9.38173,9.46139,2022517
1996-03-26,9.46139,9.49877,9.38173,9.485,723491
1996-03-27,9.485,9.55384,9.425,9.55384,1156937
1996-03-28,9.51843,9.59908,9.43189,9.59908,973784
1996-03-29,9.63252,9.75054,9.61286,9.75054,1210384
1996-04-01,9.78595,9.78595,9.63252,9.72497,820604
1996-04-02,9.69547,9.84299,9.65416,9.82824,1886945
1996-04-03,9.84299,9.84299,9.63252,9.69547,2016651
1996-04-04,9.65416,9.65416,9.57745,9.65416,896868
1996-04-08,9.40927,9.485,9.37288,9.485,1224722
1996-04-09,9.485,9.51843,9.46827,9.485,608126
1996-04-10,9.46827,9.46827,9.33492,9.33492,719581
1996-04-11,9.33492,9.33492,9.12179,9.14666,684385
1996-04-12,9.09877,9.44566,9.09877,9.43189,3719788
1996-04-15,9.56073,9.56073,9.44566,9.46827,1079371
1996-04-16,9.46827,9.57745,9.46827,9.51843,862325
1996-04-17,9.51843,9.69547,9.50565,9.56073,908603
1996-04-18,9.54106,9.63252,9.54106,9.59908,494061
1996-04-19,9.61286,9.67088,9.56073,9.57745,759991
1996-04-22,9.61286,9.63252,9.56073,9.61286,637457
1996-04-23,9.63252,9.69547,9.63252,9.63252,1395492
1996-04-24,9.63252,9.67088,9.51843,9.56073,937283
1996-04-25,9.56073,9.56073,9.46827,9.485,916420
1996-04-26,9.46827,9.46827,9.31839,9.40927,1162804
1996-04-29,9.44566,9.63252,9.44566,9.56073,3023674
1996-04-30,9.57745,9.59908,9.50565,9.51843,509701
1996-05-01,9.54106,9.67088,9.54106,9.63252,1605372
1996-05-02,9.65416,9.69547,9.485,9.51843,1682285
1996-05-03,9.50565,9.61286,9.50565,9.61286,887744
1996-05-06,9.57745,9.63252,9.56073,9.61286,300483
1996-05-07,9.57745,9.63252,9.50565,9.56073,1707052
1996-05-08,9.51843,9.61286,9.31839,9.61286,1734428
1996-05-09,9.57745,9.7112,9.51843,9.61286,809528
1996-05-10,9.63252,9.63252,9.56073,9.56073,2215451
1996-05-13,9.59908,9.59908,9.50565,9.57745,799747
1996-05-14,9.56073,9.63252,9.54106,9.59908,1444377
1996-05-15,9.61286,9.84299,9.61286,9.80365,800403
1996-05-16,9.80365,9.84299,9.75054,9.84299,406718
1996-05-17,9.84299,9.90201,9.75054,9.75054,598348
1996-05-20,9.78595,9.78595,9.67088,9.67088,674611
1996-05-21,9.69547,9.7112,9.56073,9.59908,1372034
1996-05-22,9.61286,9.65416,9.57745,9.63252,778897
1996-05-23,9.63252,9.84299,9.57745,9.82824,898821
1996-05-24,9.80365,9.90201,9.80365,9.90201,404114
1996-05-28,9.86561,9.90201,9.75054,9.78595,511008
1996-05-29,9.77317,9.77317,9.56073,9.61286,677868
1996-05-30,9.61286,9.7112,9.57745,9.69547,315468
1996-05-31,9.69547,9.72497,9.59908,9.69547,239858
1996-06-03,9.69547,10.204,9.69547,10.1469,1607325
1996-06-04,10.6219,10.6967,10.4695,10.68,4975801
1996-06-05,10.8442,10.8442,10.68,10.7498,2304743
1996-06-06,10.7351,11.0055,10.7163,10.9593,1948214
1996-06-07,11.0055,11.0989,10.8442,10.9239,1881734
1996-06-10,10.9052,10.9838,10.8678,10.9838,1066335
1996-06-11,10.9838,11.2996,10.9239,11.2632,1394188
1996-06-12,11.2632,11.4933,11.2632,11.4147,2032948
1996-06-13,11.3989,11.4383,11.2848,11.3989,2325603
1996-06-14,11.3822,11.6113,11.3822,11.3822,1465890
1996-06-17,11.3576,11.4147,11.2632,11.3438,801055
1996-06-18,11.3576,11.3576,11.2632,11.2848,713062
1996-06-19,11.2848,11.4599,11.2848,11.4147,829738
1996-06-20,11.4147,11.4599,11.3576,11.3822,1161498
1996-06-21,11.3822,11.3822,11.2996,11.3822,1153024
1996-06-24,11.3576,11.4147,11.3438,11.3576,1102182
1996-06-25,11.3438,11.4147,11.2996,11.3438,1312714
1996-06-26,11.2996,11.2996,11.0055,11.0055,1581908
1996-06-27,10.9534,11.0449,10.8521,10.9534,2024473
1996-06-28,10.9307,11.0989,10.9307,10.9534,1346603
1996-07-01,10.9534,11.0114,10.9307,10.9918,956835
1996-07-02,10.9682,11.0281,10.8521,10.8521,1050693
1996-07-03,10.8973,10.9101,10.7802,10.7802,718276
1996-07-05,10.7802,10.7802,10.5876,10.5876,262671
1996-07-08,10.5718,10.5718,10.3623,10.385,1484136
1996-07-09,10.385,10.5876,10.2679,10.5718,2309307
1996-07-10,10.5344,10.6219,10.4193,10.5876,1134773
1996-07-11,10.5501,10.5501,10.4016,10.5344,810183
1996-07-12,10.5137,10.7036,10.5137,10.6091,3673516
1996-07-15,10.6219,10.68,10.5718,10.6652,919685
1996-07-16,10.6091,10.6091,10.1705,10.5718,1813287
1996-07-17,10.5718,10.6091,10.3407,10.385,750216
1996-07-18,10.385,10.5344,10.3407,10.4921,1943649
1996-07-19,10.5344,10.5876,10.5344,10.5501,2276064
1996-07-22,10.5501,10.5718,10.4784,10.4921,1596244
1996-07-23,10.4921,10.5137,10.4557,10.4921,1296417
1996-07-24,10.4784,10.4921,10.0387,10.1705,5124404
1996-07-25,10.2108,10.3062,10.2108,10.2246,2139841
1996-07-26,10.2108,10.4193,10.1902,10.4193,1497825
1996-07-29,10.4193,10.797,10.385,10.7586,1387022
1996-07-30,10.7802,10.8353,10.6652,10.8353,1749421
1996-07-31,10.68,10.7036,10.5501,10.5501,1939090
1996-08-01,10.5718,10.6219,10.5501,10.5718,2195244
1996-08-02,10.6219,10.8353,10.6219,10.7802,357186
1996-08-05,10.7351,10.7586,10.6436,10.7351,383252
1996-08-06,10.7233,10.7586,10.6652,10.6652,415844
1996-08-07,10.68,10.68,10.5718,10.6436,928808
1996-08-08,10.6436,10.6436,10.5876,10.6091,525345
1996-08-09,10.6091,10.6091,10.5137,10.5501,789324
1996-08-12,10.6091,10.6219,10.5501,10.6219,1477619
1996-08-13,10.68,10.8521,10.68,10.8167,1149109
1996-08-14,10.8521,10.8521,10.7586,10.797,1435251
1996-08-15,10.797,10.8167,10.7586,10.8167,877967
1996-08-16,10.7802,11.0114,10.7351,11.0114,1134773
1996-08-19,11.0114,11.0114,10.8353,10.8766,768465
1996-08-20,10.9101,10.9534,10.8973,10.9307,763902
1996-08-21,10.9307,11.156,10.8766,11.156,1420258
1996-08-22,11.156,11.4668,11.156,11.4668,1261223
1996-08-23,11.4225,11.4441,11.3654,11.3881,808223
1996-08-26,11.3881,11.4068,11.214,11.2357,1560399
1996-08-27,11.2504,11.3881,11.1914,11.2947,1051344
1996-08-28,11.3055,11.5946,11.3055,11.574,1746161
1996-08-29,11.5229,11.5229,11.1776,11.2357,1892158
1996-08-30,11.2357,11.2357,11.1393,11.1393,447134
1996-09-03,11.0989,11.0989,11.0114,11.0281,567711
1996-09-04,11.0449,11.1205,11.0281,11.0842,763253
1996-09-05,11.0842,11.1914,11.0449,11.0616,720887
1996-09-06,11.0281,11.214,11.0281,11.1914,495364
1996-09-09,11.1776,11.2504,11.1776,11.2357,627675
1996-09-10,11.2357,11.6173,11.214,11.6173,1820462
1996-09-11,11.6173,11.7471,11.5612,11.689,1152374
1996-09-12,11.7057,11.7588,11.632,11.6536,1705101
1996-09-13,11.6664,11.7274,11.6173,11.6173,1621669
1996-09-16,11.6173,11.632,11.574,11.632,1798300
1996-09-17,11.632,11.6664,11.5386,11.574,1072849
1996-09-18,11.5612,11.6664,11.5002,11.632,262023
1996-09-19,11.632,11.7274,11.5946,11.6173,518180
1996-09-20,11.632,11.632,11.5386,11.5386,1069595
1996-09-23,11.5229,11.6536,11.4796,11.5946,493405
1996-09-24,11.5946,11.7057,11.5612,11.5946,567711
1996-09-25,11.6173,11.8189,11.5386,11.8189,1391579
1996-09-26,11.8572,12.1297,11.8572,12.0706,3145557
1996-09-27,12.0353,12.0598,11.9634,12.0225,1151072
1996-09-30,11.9428,12.5457,11.9428,12.5457,3176846
1996-10-01,12.5919,12.6775,12.3972,12.4188,2807928
1996-10-02,12.4532,12.4532,12.3706,12.4336,1935828
1996-10-03,12.4532,12.4532,12.3706,12.3706,719581
1996-10-04,12.4336,12.5919,12.4188,12.4877,1701183
1996-10-07,12.5123,12.5722,12.5123,12.5457,470591
1996-10-08,12.5339,12.5339,12.3608,12.3972,698069
1996-10-09,12.3706,12.3706,12.0598,12.165,1875212
1996-10-10,12.2005,12.3165,12.2005,12.3165,949013
1996-10-11,12.3027,12.5123,12.2594,12.4532,1141943
1996-10-14,12.4729,12.9666,12.4729,12.9666,1500434
1996-10-15,12.9666,13.0807,12.7935,12.8742,2210237
1996-10-16,12.827,12.8526,12.5339,12.6647,1045476
1996-10-17,12.6391,12.7562,12.5919,12.7562,1062426
1996-10-18,12.7935,12.7935,12.6775,12.6981,542296
1996-10-21,12.6981,12.7188,12.4877,12.5919,993987
1996-10-22,12.5339,12.5722,12.3706,12.3972,548811
1996-10-23,12.3972,12.5457,12.3972,12.4336,610733
1996-10-24,12.4336,12.4336,12.2005,12.2005,850589
1996-10-25,12.2005,12.2005,12.0353,12.165,840813
1996-10-28,12.1297,12.3027,12.1297,12.2457,591832
1996-10-29,12.2005,12.2005,12.0008,12.0008,756735
1996-10-30,11.9634,12.1139,11.9634,12.0353,1046779
1996-10-31,12.0353,12.0353,11.9191,11.9191,1158240
1996-11-01,11.9634,12.0225,11.7658,11.8267,2319734
1996-11-04,11.8041,12.0225,11.7658,12.0225,1306195
1996-11-05,12.0008,12.4532,12.0008,12.4336,1437858
1996-11-06,12.4188,12.6647,12.3706,12.5722,1166060
1996-11-07,12.4877,12.5457,12.3972,12.5123,601607
1996-11-08,12.5457,12.6391,12.5339,12.6391,1138033
1996-11-11,12.6037,12.6391,12.5457,12.6263,334367
1996-11-12,12.6263,12.7188,12.6263,12.6775,555977
1996-11-13,12.6647,12.7709,12.6647,12.7562,541645
1996-11-14,12.7709,12.943,12.7709,12.886,2351676
1996-11-15,12.886,12.886,12.827,12.8742,676561
1996-11-18,12.8526,12.886,12.8526,12.8526,439961
1996-11-19,12.827,13.0217,12.827,12.9666,840167
1996-11-20,12.9863,13.0482,12.943,13.0482,745002
1996-11-21,13.0011,13.0217,12.943,12.943,460163
1996-11-22,12.9863,13.06,12.943,13.06,937283
1996-11-25,13.1407,13.2686,13.1023,13.1407,1673804
1996-11-26,13.1604,13.1742,13.0011,13.1407,1575391
1996-11-27,13.1171,13.1407,12.8142,12.827,3264184
1996-11-29,12.8142,12.827,12.5919,12.6981,2954587
1996-12-02,12.6981,12.6981,12.5722,12.6263,1392884
1996-12-03,12.6263,12.827,12.6037,12.7709,1365512
1996-12-04,12.7709,12.9273,12.7562,12.9273,688296
1996-12-05,12.9273,13.0011,12.886,12.9273,1656208
1996-12-06,12.8742,12.8742,12.7345,12.7935,1115217
1996-12-09,12.7935,12.9863,12.7935,12.9863,697420
1996-12-10,12.9666,13.2105,12.9666,13.2105,2866594
1996-12-11,13.1742,13.1742,13.06,13.124,1475663
1996-12-12,13.1604,13.3256,13.1604,13.247,1738338
1996-12-13,13.1967,13.2322,13.1171,13.2105,1041571
1996-12-16,13.1742,13.1967,13.1171,13.1407,1448292
1996-12-17,13.067,13.067,12.7257,12.8437,1021582
1996-12-18,12.8742,13.0099,12.8437,12.9273,1172357
1996-12-19,12.8742,12.9007,12.8437,12.9007,742611
1996-12-20,12.9863,13.0099,12.6981,12.7847,1443073
1996-12-23,12.7847,12.7847,12.6391,12.7257,867323
1996-12-24,12.6981,12.9007,12.6981,12.8437,205967
1996-12-26,12.9007,12.9273,12.7562,12.9273,480590
1996-12-27,13.0728,13.1604,13.0149,13.1023,694380
1996-12-30,13.1023,13.3315,13.0482,13.3039,1521722
1996-12-31,13.3315,13.3315,13.1889,13.2784,1036791
1997-01-02,13.2194,13.247,13.0149,13.1023,918162
1997-01-03,13.0482,13.2194,13.0149,13.1889,611820
1997-01-06,13.1023,13.5646,13.0482,13.5646,2681053
1997-01-07,13.5853,13.6128,13.5065,13.6128,1478707
1997-01-08,13.5853,13.9059,13.5853,13.9059,2993904
1997-01-09,13.9059,13.9816,13.8468,13.96,4544313
1997-01-10,13.9059,14.019,13.7613,14.019,778243
1997-01-13,14.079,14.4173,14.079,14.3573,2018390
1997-01-14,14.3288,14.4438,14.2708,14.4173,3447995
1997-01-15,14.4438,14.9002,14.4438,14.613,2459871
1997-01-16,14.5875,14.5875,14.2422,14.2422,1184529
1997-01-17,14.133,14.3849,14.1026,14.3849,1170194
1997-01-20,14.3849,14.3849,13.8725,13.9059,3015638
1997-01-21,13.9059,13.9059,13.3315,13.8164,3319806
1997-01-22,13.6738,14.2422,13.6128,14.2422,12564862
1997-01-23,14.1833,14.2422,13.9344,14.2147,2047938
1997-01-24,14.133,14.1833,14.0376,14.1538,2220882
1997-01-27,14.1538,14.1833,13.9059,13.96,639624
1997-01-28,13.96,14.0376,13.9344,13.96,521433
1997-01-29,14.019,14.019,13.8164,13.9344,986816
1997-01-30,13.9344,14.2147,13.9344,14.2147,961612
1997-01-31,14.2147,14.3849,14.1538,14.2777,784757
1997-02-03,14.3573,14.4173,14.1026,14.2422,998115
1997-02-04,14.1833,14.3288,14.1026,14.3288,930333
1997-02-05,14.2708,14.3849,14.079,14.133,1038088
1997-02-06,14.133,14.1538,14.019,14.1026,926420
1997-02-07,14.079,14.1026,13.8468,14.0376,1781139
1997-02-10,14.0376,14.0376,13.8164,13.96,1596460
1997-02-11,13.9816,14.1833,13.96,14.019,1307064
1997-02-12,14.0376,14.1538,13.9816,14.079,609643
1997-02-13,14.133,14.2422,14.079,14.133,1117181
1997-02-14,14.133,14.4173,14.1026,14.3288,931632
1997-02-18,14.3288,14.3288,14.2422,14.2708,778676
1997-02-19,14.2422,14.4438,14.1833,14.3849,1311843
1997-02-20,14.3849,14.3849,14.1538,14.2708,876446
1997-02-21,14.2708,14.4724,14.2708,14.3849,1416135
1997-02-24,14.3573,14.4724,14.3288,14.3849,686128
1997-02-25,14.2983,14.3288,14.019,14.1026,798668
1997-02-26,14.1026,14.2983,14.1026,14.2147,779544
1997-02-27,14.2147,14.2147,13.96,14.0376,1056779
1997-02-28,14.0376,14.0376,13.9059,14.019,1006810
1997-03-03,13.96,13.9816,13.7879,13.8725,763902
1997-03-04,13.8725,14.2147,13.8725,14.079,1148896
1997-03-05,14.019,14.079,13.96,14.0376,536210
1997-03-06,14.079,14.079,13.9344,13.9344,1448726
1997-03-07,13.9344,14.1026,13.9344,14.079,950317
1997-03-10,14.1026,14.2147,14.079,14.1833,506226
1997-03-11,14.1538,14.2983,14.133,14.1833,664833
1997-03-12,14.2147,14.4438,14.079,14.133,532297
1997-03-13,14.133,14.2147,14.079,14.133,1265786
1997-03-14,14.1026,14.133,14.0376,14.0376,1034613
1997-03-17,14.019,14.019,13.7003,13.7879,650924
1997-03-18,13.8164,14.0376,13.8164,13.9816,861237
1997-03-19,13.9816,14.133,13.9344,14.133,1410049
1997-03-20,14.133,14.133,13.96,13.9816,1380499
1997-03-21,13.9816,14.019,13.8725,13.9059,925114
1997-03-24,13.9059,13.9059,13.4476,13.6128,2162654
1997-03-25,13.6128,13.8164,13.5646,13.7879,1473053
1997-03-26,13.8164,13.8164,13.3039,13.3315,2086612
1997-03-27,13.3384,13.362,12.8526,12.9352,1672937
1997-03-31,12.8526,12.9086,12.3666,12.3972,2851388
1997-04-01,12.2005,12.2802,12.0598,12.1139,1418309
1997-04-02,12.1444,12.165,11.7658,12.0834,1795472
1997-04-03,12.1444,12.7149,12.1444,12.6263,1729432
1997-04-04,12.5388,13.0552,12.5388,13.0217,1658600
1997-04-07,12.9932,13.1672,12.9666,13.0552,1214942
1997-04-08,13.0807,13.1073,12.9932,13.0807,1608630
1997-04-09,13.1073,13.1672,12.9932,13.1672,1684240
1997-04-10,13.1407,13.1672,13.0807,13.1672,1041131
1997-04-11,13.1407,13.1407,12.6263,12.6263,1135863
1997-04-14,12.5988,12.7709,12.3972,12.6558,1395275
1997-04-15,12.6558,12.9352,12.6263,12.8801,1182355
1997-04-16,12.8526,12.8801,12.6558,12.7149,904692
1997-04-17,12.7345,12.9352,12.6775,12.7709,522304
1997-04-18,12.7709,12.7709,12.4247,12.4247,686128
1997-04-21,12.4247,12.4247,12.0283,12.2005,3382379
1997-04-22,12.1444,12.1444,11.7471,11.9123,4146717
1997-04-23,11.8572,12.3392,11.8267,12.3392,3074732
1997-04-24,12.3165,12.6775,12.3165,12.5388,1911934
1997-04-25,12.4818,12.5123,12.2594,12.2594,866018
1997-04-28,12.2241,12.2594,11.7471,11.8572,1649039
1997-04-29,11.8572,12.0283,11.7471,11.7658,2941329
1997-04-30,11.8267,12.1444,11.7658,12.1444,2644980
1997-05-01,12.1139,12.1444,11.9123,11.9714,1032879
1997-05-02,11.9714,12.4532,11.9714,12.4247,1286642
1997-05-05,12.4247,12.7149,12.4247,12.5988,1266219
1997-05-06,12.5988,12.7149,12.5722,12.6558,929893
1997-05-07,12.6558,12.6558,12.2594,12.3165,713062
1997-05-08,12.2802,12.6558,12.2802,12.5388,791283
1997-05-09,12.5388,12.827,12.5388,12.7709,1099793
1997-05-12,12.827,13.0807,12.7709,13.0807,1563438
1997-05-13,13.0217,13.0552,12.8801,12.9352,988988
1997-05-14,12.9932,13.2853,12.9666,13.1407,2051411
1997-05-15,13.1407,13.2233,12.9932,13.0217,1547795
1997-05-16,12.9932,12.9932,12.6263,12.7149,633975
1997-05-19,12.6775,12.6775,12.0598,12.2802,2114860
1997-05-20,12.3392,12.3666,11.7658,12.165,4496947
1997-05-21,12.4247,12.6558,12.3392,12.4818,3054741
1997-05-22,12.5123,12.5123,12.2005,12.2005,1616016
1997-05-23,13.2233,13.3384,13.0217,13.2233,31002834
1997-05-27,13.1967,13.1967,13.0552,13.1672,6958124
1997-05-28,13.1672,13.2853,12.9932,13.0552,2771864
1997-05-29,13.0217,13.0807,12.9666,12.9932,1620796
1997-05-30,12.9086,13.2853,12.8526,13.2853,1817195
1997-06-02,13.2853,13.2853,13.1672,13.247,1544319
1997-06-03,13.247,13.247,12.9932,13.0217,1139334
1997-06-04,12.9932,13.1073,12.8801,13.1073,851240
1997-06-05,13.1073,13.2233,13.0807,13.1672,822997
1997-06-06,13.1407,13.362,13.1407,13.3384,1089369
1997-06-09,13.2853,13.7947,13.2853,13.7063,1717696
1997-06-10,13.8725,14.133,13.8164,14.133,1586469
1997-06-11,14.133,14.5364,13.6217,13.6807,6255490
1997-06-12,12.9352,13.4476,12.4818,13.2233,21963743
1997-06-13,13.2233,13.4476,12.9932,13.3983,4964504
1997-06-16,13.5646,13.7063,13.4791,13.6807,3953353
1997-06-17,13.6807,13.6807,13.42,13.4791,2607179
1997-06-18,13.5646,13.5803,13.3983,13.5646,935975
1997-06-19,13.5646,13.7377,13.4791,13.5646,1881951
1997-06-20,13.6532,13.6532,13.5351,13.5921,1553878
1997-06-23,13.5921,13.5921,13.4476,13.4791,1280996
1997-06-24,13.4938,13.5646,13.362,13.3983,2469866
1997-06-25,13.362,13.3983,13.2233,13.2686,2180471
1997-06-26,13.3256,13.42,13.239,13.247,1083284
1997-06-27,13.247,13.3138,13.1171,13.1407,1710741
1997-06-30,13.1171,13.1171,12.9165,13.06,2293451
1997-07-01,13.1023,13.1171,13.0011,13.06,2527223
1997-07-02,13.1171,13.2322,13.0149,13.2105,1731170
1997-07-03,13.2538,13.543,13.2538,13.5282,1422217
1997-07-07,13.5282,13.5991,13.3138,13.4151,2984351
1997-07-08,13.2921,13.5145,13.2686,13.3983,2452920
1997-07-09,13.4544,13.4712,13.0482,13.1604,3040838
1997-07-10,13.1604,13.247,13.0306,13.0807,2448573
1997-07-11,13.1171,13.66,13.1023,13.66,3957262
1997-07-14,13.66,14.315,13.66,14.315,2571545
1997-07-15,14.315,14.4104,14.138,14.1833,2177861
1997-07-16,14.1989,14.1989,13.9669,14.138,1624270
1997-07-17,14.1989,14.7252,14.138,14.5196,2350372
1997-07-18,14.6514,14.6514,14.0869,14.138,2138320
1997-07-21,14.1252,14.1252,13.8725,13.9344,787801
1997-07-22,13.9669,14.5953,13.9669,14.5364,1228848
1997-07-23,14.5364,14.8127,14.5364,14.7252,1998400
1997-07-24,14.739,14.739,14.5875,14.5875,1537368
1997-07-25,14.5953,14.5953,14.2983,14.3446,876012
1997-07-28,14.3446,14.3446,14.1989,14.2275,1307494
1997-07-29,14.2275,14.2855,14.1026,14.138,1412654
1997-07-30,14.2275,14.4025,14.0869,14.3711,1650347
1997-07-31,14.3711,14.3711,14.1989,14.1989,924677
1997-08-01,13.9108,13.9108,13.66,13.8164,2737537
1997-08-04,13.8036,13.9344,13.7279,13.7446,2062714
1997-08-05,13.6738,13.6885,13.4938,13.5991,3597474
1997-08-06,13.5991,13.5991,13.4259,13.4997,2273896
1997-08-07,13.5145,13.66,13.4712,13.543,1823720
1997-08-08,13.5145,13.5145,13.1742,13.2921,1286207
1997-08-11,13.2921,13.2921,12.886,12.886,1408311
1997-08-12,12.9165,13.1889,12.9165,13.06,4616448
1997-08-13,13.0011,13.0011,12.6775,12.7345,1844149
1997-08-14,12.7709,12.8005,12.4336,12.4602,2903091
1997-08-15,12.4877,12.8142,12.4336,12.7709,4956683
1997-08-18,13.0306,13.2322,12.9165,13.1023,4075019
1997-08-19,13.247,13.5282,13.247,13.5282,4161926
1997-08-20,13.5853,14.315,13.5853,14.1144,3278095
1997-08-21,14.1252,14.5196,13.9669,14.2855,2299970
1997-08-22,14.2422,14.3446,14.0869,14.2147,2819225
1997-08-25,14.0239,15.1225,13.9669,14.9563,13874973
1997-08-26,14.972,15.0703,14.6445,14.7134,7031126
1997-08-27,14.7134,15.1648,14.7134,15.028,4360943
1997-08-28,15.1087,15.1785,15.0703,15.1225,2860507
1997-08-29,15.1087,15.2198,15.0487,15.1087,3177720
1997-09-02,15.1648,15.2799,15.1087,15.1569,2086175
1997-09-03,15.1412,15.4106,15.1412,15.3959,2363840
1997-09-04,15.3398,16.0805,15.2799,15.922,3978118
1997-09-05,15.922,16.0942,15.8562,15.9516,2894838
1997-09-08,15.9516,16.0539,15.922,15.9663,3368475
1997-09-09,15.9516,15.9516,15.8945,15.922,2163958
1997-09-10,15.922,16.0214,15.8562,15.8621,1955383
1997-09-11,15.8346,15.8346,15.4106,15.511,1778962
1997-09-12,15.5424,15.5424,15.2198,15.452,2271290
1997-09-15,15.511,15.6202,15.2386,15.3251,1608630
1997-09-16,15.3084,15.511,15.3084,15.4244,1861526
1997-09-17,15.4402,15.6703,15.4402,15.4815,1824587
1997-09-18,15.5631,15.7992,15.5631,15.632,1563438
1997-09-19,15.2799,15.7637,15.2799,15.7637,1137599
1997-09-22,15.75,16.0372,15.7402,16.0086,1002894
1997-09-23,16.0086,16.1375,15.5827,16.0677,4866740
1997-09-24,16.0214,16.0805,15.8346,15.9939,2733195
1997-09-25,15.922,15.9801,15.6546,15.7883,2933944
1997-09-26,15.7637,16.1375,15.6202,15.9516,4977104
1997-09-29,15.8877,16.226,15.8877,16.2092,1450458
1997-09-30,16.1896,16.3686,16.1679,16.2024,1613409
1997-10-01,16.2605,16.5132,16.1896,16.2092,1272299
1997-10-02,16.2092,17.0846,16.2092,16.4827,1752462
1997-10-03,16.5751,16.7384,16.5132,16.645,1495213
1997-10-06,16.7611,16.7954,16.4994,16.7954,1215815
1997-10-07,16.8525,16.9675,16.7384,16.939,1251882
1997-10-08,16.8889,16.8889,16.6725,16.8279,872530
1997-10-09,16.7758,16.7954,16.6154,16.7611,901216
1997-10-10,16.7,16.9106,16.5417,16.9036,739567
1997-10-13,17.0256,17.0846,16.6154,16.645,1095884
1997-10-14,16.7,16.7954,16.5751,16.645,1184089
1997-10-15,16.5997,16.5997,16.3893,16.4512,922510
1997-10-16,16.4827,16.7,16.4827,16.4827,615726
1997-10-17,16.3686,16.4709,16.0607,16.226,939018
1997-10-20,16.2092,17.0413,16.2092,17.0108,1233198
1997-10-21,17.0689,17.0689,16.7758,16.8279,1529543
1997-10-22,16.8279,17.4957,16.8279,17.4573,1356168
1997-10-23,17.2311,17.2429,16.7758,17.0256,1541272
1997-10-24,17.1112,17.1692,16.645,16.7296,1488268
1997-10-27,16.6725,16.7384,15.6546,15.6546,1696410
1997-10-28,15.5965,16.4512,15.3025,16.3893,2935683
1997-10-29,16.3893,16.4827,15.988,15.988,1755504
1997-10-30,15.8562,16.8072,15.8286,16.2683,1216682
1997-10-31,16.3686,17.2311,16.3686,16.939,1823290
1997-11-03,16.9675,17.1417,16.9106,17.1112,1050258
1997-11-04,17.0108,17.0689,16.6853,16.7611,1351816
1997-11-05,16.8072,17.0994,16.6587,17.0846,1837629
1997-11-06,17.0994,17.4573,17.0994,17.2705,1228848
1997-11-07,17.0689,17.0994,16.7954,16.9617,859062
1997-11-10,17.0108,17.1849,16.8446,16.9036,1194959
1997-11-11,16.9036,16.9036,16.6725,16.8525,1936263
1997-11-12,16.8525,17.0108,16.4256,16.584,2445970
1997-11-13,16.5997,16.7954,16.5417,16.7296,792152
1997-11-14,16.7384,16.8683,16.6302,16.6302,806056
1997-11-17,16.7758,17.0994,16.7611,17.0994,1272299
1997-11-18,17.1417,17.6974,17.1288,17.4957,2478989
1997-11-19,17.4573,17.7406,17.415,17.4711,999418
1997-11-20,17.4878,17.6974,17.4308,17.4878,1732471
1997-11-21,17.3128,17.7406,17.2567,17.7406,1443073
1997-11-24,17.7092,17.9698,17.5459,17.5675,1194959
1997-11-25,17.5822,17.6678,17.4573,17.5301,805186
1997-11-26,17.4957,17.6246,17.3285,17.3285,1450029
1997-11-28,17.4308,17.4308,17.1692,17.2842,951185
1997-12-01,17.3433,17.4003,17.1692,17.2311,885574
1997-12-02,17.2144,17.2705,17.0571,17.1692,1576909
1997-12-03,17.1849,17.5066,17.1417,17.4711,2313437
1997-12-04,17.5301,17.7701,17.5301,17.7543,795626
1997-12-05,17.7543,17.7543,17.298,17.4878,1642959
1997-12-08,17.4878,17.5066,17.2567,17.3718,584009
1997-12-09,17.4308,17.4308,17.2567,17.298,887309
1997-12-10,17.1849,17.2842,17.1417,17.1967,1098052
1997-12-11,17.1112,17.1112,16.7758,16.9617,2144403
1997-12-12,16.9813,17.0256,16.7758,16.8446,700028
1997-12-15,16.8889,16.939,16.528,16.5751,2033601
1997-12-16,16.6154,16.6154,16.2605,16.4709,2158309
1997-12-17,16.4581,16.939,16.4581,16.8889,1762450
1997-12-18,16.9036,17.0108,16.5417,16.5575,1481313
1997-12-19,16.342,16.4256,16.1463,16.1542,2230440
1997-12-22,16.1542,16.1679,15.9733,15.9733,1544754
1997-12-23,16.0293,16.4709,15.9998,16.3981,1757671
1997-12-24,16.3981,16.6302,16.2092,16.2968,874273
1997-12-26,16.2467,16.3362,16.1326,16.1463,466683
1997-12-29,16.2024,16.6529,16.1542,16.5663,1047656
1997-12-30,16.6224,16.9331,16.5899,16.9331,763033
1997-12-31,16.9459,17.2645,16.8683,17.1456,2371225
1998-01-02,17.3216,17.4957,17.238,17.4525,1076762
1998-01-05,17.3934,17.7908,17.3285,17.7465,1361812
1998-01-06,17.718,17.777,17.5675,17.6885,1046349
1998-01-07,17.6885,17.6885,17.2499,17.5154,1298808
1998-01-08,17.5154,17.5154,16.8279,16.9459,1678589
1998-01-09,16.9459,16.9459,16.1679,16.1896,3189014
1998-01-12,16.1542,16.6932,16.0607,16.4659,1717256
1998-01-13,16.406,16.5751,16.3214,16.3893,632235
1998-01-14,16.4345,16.4345,16.1896,16.226,1672068
1998-01-15,16.2605,16.2605,16.0372,16.1896,1639911
1998-01-16,16.2329,16.2899,16.1326,16.2024,1512597
1998-01-20,16.2024,16.3735,16.2024,16.3214,1507815
1998-01-21,16.3607,16.3607,15.9801,16.1168,1349651
1998-01-22,15.9998,16.1168,15.9074,15.9801,1682935
1998-01-23,15.922,16.3214,15.9074,16.2605,1426561
1998-01-26,16.3214,16.6302,16.3214,16.521,2101822
1998-01-27,16.4345,16.5751,16.3893,16.5486,2271721
1998-01-28,16.7758,17.4573,16.7758,17.4387,1808083
1998-01-29,17.4249,17.9461,17.4003,17.8065,2022301
1998-01-30,17.7465,17.8173,17.603,17.6747,1798951
1998-02-02,17.718,18.1557,17.718,18.1497,1634702
1998-02-03,18.0936,18.3898,17.9874,18.3898,1607325
1998-02-04,18.3317,18.3317,17.777,17.8341,1606024
1998-02-05,17.893,17.9088,17.5675,17.5675,893824
1998-02-06,17.6589,18.1163,17.6589,18.0612,1743333
1998-02-09,18.1163,18.1163,17.8606,17.9609,699595
1998-02-10,18.0209,18.5313,18.0209,18.4467,1553878
1998-02-11,18.4467,18.6051,18.3455,18.553,1064159
1998-02-12,18.553,18.7064,18.2166,18.7064,806056
1998-02-13,18.6483,18.6483,18.4182,18.5904,593136
1998-02-17,18.6483,18.6848,18.2737,18.3612,859931
1998-02-18,18.375,18.6337,18.3455,18.6051,707846
1998-02-19,18.5471,18.6051,18.4311,18.5766,302432
1998-02-20,18.6602,18.6602,18.2117,18.4182,1191484
1998-02-23,18.4035,19.7017,18.4035,19.6319,2284328
1998-02-24,18.316,18.7792,18.1497,18.2166,4023308
1998-02-25,18.2166,18.7064,18.0415,18.5766,2819225
1998-02-26,18.5313,18.6848,18.5186,18.669,751304
1998-02-27,18.7212,18.8549,18.6337,18.6848,2100516
1998-03-02,18.5766,18.7792,18.5186,18.6483,696112
1998-03-03,18.6337,18.6337,18.0288,18.0288,1199737
1998-03-04,17.6885,18.2668,17.6324,18.2166,5228261
1998-03-05,18.0936,18.1016,17.8753,17.9334,914253
1998-03-06,17.9874,18.316,17.9874,18.2668,854287
1998-03-09,18.2117,18.7064,18.1724,18.488,1366595
1998-03-10,18.5028,19.0024,18.5028,18.9572,895998
1998-03-11,18.9445,19.3496,18.8549,19.2325,852544
1998-03-12,19.1726,19.6171,19.1726,19.6171,1171494
1998-03-13,19.6171,19.6417,19.5277,19.5277,743043
1998-03-16,19.5846,19.6417,19.4578,19.6171,749997
1998-03-17,19.6171,19.6565,19.5277,19.5709,481892
1998-03-18,19.5709,19.5846,19.2533,19.2533,616598
1998-03-19,19.1471,19.3083,19.0585,19.089,560544
1998-03-20,19.1471,19.4578,19.0713,19.4303,1490435
1998-03-23,19.4303,19.8443,19.4047,19.7736,959007
1998-03-24,19.8896,19.9456,19.6565,19.8758,1263179
1998-03-25,20.1177,20.2977,19.7736,19.7736,1225375
1998-03-26,19.7017,19.9171,19.6171,19.9171,867757
1998-03-27,19.9171,20.0056,19.6171,19.8591,1577340
1998-03-30,19.7371,20.0233,19.7371,19.7942,787801
1998-03-31,19.8542,20.2908,19.8542,20.1325,700028
1998-04-01,20.1581,20.9508,19.9535,20.7964,1148027
1998-04-02,20.8584,21.3678,20.7472,21.1809,1145422
1998-04-03,21.2656,21.5576,21.1514,21.3786,897304
1998-04-06,21.3255,21.4013,21.0373,21.4013,977257
1998-04-07,21.4602,21.6628,21.0049,21.4013,855589
1998-04-08,21.4013,21.4013,20.464,20.878,1321408
1998-04-09,20.8878,21.2656,20.8642,21.2232,448434
1998-04-13,21.0049,21.236,20.6548,21.1377,804746
1998-04-14,21.0049,21.0373,20.7245,20.9508,576619
1998-04-15,20.9508,20.9508,20.4502,20.6085,1044609
1998-04-16,20.5524,20.579,20.4797,20.5239,914680
1998-04-17,20.5524,20.9016,20.464,20.9016,2153097
1998-04-20,20.878,21.1071,20.2112,20.5524,1767233
1998-04-21,20.5387,20.5387,20.1758,20.2367,554459
1998-04-22,20.2367,21.4602,20.2367,21.2656,2059235
1998-04-23,21.236,21.4474,20.9774,21.236,1224938
1998-04-24,21.2075,21.294,20.8878,21.0373,1428301
1998-04-27,20.9774,20.9774,20.2112,20.2652,1179312
1998-04-28,20.6704,20.6704,20.3784,20.4935,1276648
1998-04-29,20.4935,21.3786,20.4935,21.356,1463063
1998-04-30,21.4386,22.2313,21.4013,21.9726,2154399
1998-05-01,22.011,22.011,21.5891,21.6333,1069377
1998-05-04,21.6333,21.95,21.6039,21.6914,1426122
1998-05-05,21.7504,21.7769,21.6039,21.6914,904255
1998-05-06,21.7189,21.9726,21.7189,21.9726,863411
1998-05-07,21.95,21.95,21.6039,21.6914,794320
1998-05-08,21.5744,21.5744,21.236,21.2734,839512
1998-05-11,21.3865,21.533,21.2656,21.2734,564458
1998-05-12,21.3324,21.5193,21.3324,21.4976,676996
1998-05-13,21.4386,21.4976,21.2734,21.4474,564458
1998-05-14,21.4229,21.6039,21.4229,21.5576,306776
1998-05-15,21.6039,22.0434,21.6039,21.8635,901216
1998-05-18,21.8635,21.8635,20.4364,20.5524,7733331
1998-05-19,21.1071,21.236,20.5023,20.5239,6747379
1998-05-20,20.5239,20.579,19.9535,20.103,3416708
1998-05-21,20.103,20.1896,19.4047,19.984,4131509
1998-05-22,20.0961,20.3922,20.0961,20.3223,4827625
1998-05-26,20.3223,20.3223,20.1581,20.1581,2210453
1998-05-27,20.165,20.165,19.8089,19.9102,1350520
1998-05-28,19.9535,20.3922,19.7509,20.3508,2558509
1998-05-29,20.5524,20.5524,20.3508,20.3784,3356313
1998-06-01,20.3508,20.3508,20.0843,20.1325,1174968
1998-06-02,20.1325,20.1581,19.7942,19.8385,1034613
1998-06-03,19.8591,19.9535,19.4784,19.5503,1558656
1998-06-04,19.5188,19.9171,19.4912,19.8591,1387455
1998-06-05,19.9289,20.1325,19.9289,20.0961,1313583
1998-06-08,20.0391,20.0961,19.7509,19.7804,2114427
1998-06-09,19.7942,20.3056,19.6782,20.2908,3263751
1998-06-10,20.2652,20.2761,20.0391,20.1325,1605155
1998-06-11,20.1325,20.464,20.0961,20.3056,2142664
1998-06-12,20.2761,20.762,20.0391,20.7472,2913958
1998-06-15,20.7245,20.7472,20.4364,20.464,2457702
1998-06-16,20.5524,20.5524,20.1896,20.4364,2050109
1998-06-17,20.5524,20.5524,20.2908,20.3371,2597183
1998-06-18,20.3646,20.3646,20.2525,20.3056,1342700
1998-06-19,20.3056,20.464,20.2201,20.464,2042287
1998-06-22,20.464,20.579,20.2908,20.3508,1162365
1998-06-23,20.3646,20.4935,20.3223,20.4935,2841827
1998-06-24,20.5524,21.356,20.5239,20.584,3495358
1998-06-25,21.5193,21.6176,21.3324,21.6176,1192349
1998-06-26,21.5891,21.6628,21.3324,21.3786,1763319
1998-06-29,21.4229,21.533,21.0993,21.0993,741309
1998-06-30,21.1151,21.8694,21.1151,21.4081,2482902
1998-07-01,21.5576,21.8694,21.4976,21.7828,1599941
1998-07-02,21.9166,21.957,21.8792,21.9166,2089656
1998-07-06,22.0434,22.5578,21.8694,22.428,1247970
1998-07-07,22.4969,23.026,22.4969,22.9394,2667578
1998-07-08,22.9394,23.2915,22.9394,23.0693,2666707
1998-07-09,23.328,23.3506,22.2991,22.5284,1838931
1998-07-10,22.4703,22.5421,22.1596,22.2313,2275196
1998-07-13,22.1743,22.3248,22.1251,22.254,1805034
1998-07-14,22.2697,22.8372,22.1596,22.3129,2179167
1998-07-15,22.254,22.8244,22.2392,22.5284,2764478
1998-07-16,22.5126,23.4224,22.4566,23.2552,3580958
1998-07-17,23.2011,23.3506,22.9975,23.2689,1774622
1998-07-20,23.1843,23.2414,22.7654,22.8027,1662943
1998-07-21,22.8372,22.8372,22.0287,22.0434,1788957
1998-07-22,22.1045,22.6021,21.9726,22.0828,1305327
1998-07-23,21.9304,22.1743,21.533,21.5694,1866305
1998-07-24,21.6245,21.9943,21.5113,21.6097,3036060
1998-07-27,21.5891,22.2697,21.3865,22.1192,3581396
1998-07-28,22.1192,22.7791,21.8694,22.011,2978264
1998-07-29,22.011,22.6021,22.011,22.3828,2817497
1998-07-30,22.3828,22.7654,22.2313,22.3071,2331250
1998-07-31,22.3248,22.6434,21.9166,21.9372,2120943
1998-08-03,21.1308,21.9864,21.1308,21.9304,5829215
1998-08-04,21.9304,22.3248,21.0836,21.1583,3331541
1998-08-05,21.533,21.533,20.8849,21.1987,3647874
1998-08-06,21.173,21.236,20.8721,21.1987,1914539
1998-08-07,21.0993,21.9304,20.8849,21.9304,6700449
1998-08-10,21.8792,22.6709,21.7445,22.1949,2844432
1998-08-11,22.1596,22.1743,21.6097,22.1743,2553298
1998-08-12,22.1743,22.2097,21.8694,22.1045,2353845
1998-08-13,22.1596,22.3386,21.77,21.8792,1898029
1998-08-14,21.9166,22.1369,21.4013,21.7278,1806337
1998-08-17,21.7828,22.1596,21.5891,22.1369,1362683
1998-08-18,22.1596,22.6709,22.1192,22.6159,2235221
1998-08-19,22.6159,23.0526,22.4969,22.8244,1706397
1998-08-20,22.7654,22.8175,22.3129,22.5421,1425688
1998-08-21,22.4566,22.4566,21.4081,22.2313,2144841
1998-08-24,22.428,22.6021,22.1045,22.1369,1806337
1998-08-25,22.7791,22.7791,22.1743,22.2697,3426266
1998-08-26,22.2697,22.3828,22.1045,22.3129,2731454
1998-08-27,22.3248,22.3248,21.4642,21.6855,2949586
1998-08-28,21.7003,22.011,21.356,21.9864,2781860
1998-08-31,22.1045,22.1251,19.9918,19.9918,3110799
1998-09-01,20.3302,20.3862,19.6171,19.6319,4793735
1998-09-02,19.6417,20.2594,19.6417,20.0961,3437565
1998-09-03,19.6702,19.8247,18.5028,19.7175,4294452
1998-09-04,19.7017,19.7175,18.8166,19.0713,3192487
1998-09-08,19.3802,19.8177,19.3142,19.6417,2774039
1998-09-09,19.5846,19.8177,19.3496,19.4116,2248257
1998-09-10,19.1794,20.1423,19.1794,19.446,3655261
1998-09-11,19.3802,19.8177,19.3802,19.6014,1821980
1998-09-14,19.8758,20.2436,19.8177,20.1581,1709004
1998-09-15,20.0961,20.8181,19.9752,20.7964,3864275
1998-09-16,20.7964,21.4819,20.7964,21.356,3696112
1998-09-17,21.356,21.5891,20.5594,21.0137,4690748
1998-09-18,21.0137,21.173,20.8259,21.1151,2062280
1998-09-21,20.8937,22.1045,20.8181,22.1045,1527809
1998-09-22,22.371,22.6709,22.0661,22.3828,1930182
1998-09-23,22.4969,23.6476,22.4969,23.3436,3003906
1998-09-24,23.3436,23.8256,23.2414,23.4076,2727978
1998-09-25,23.0693,23.3506,22.9394,23.0526,3205096
1998-09-28,23.5246,23.6948,23.4076,23.5719,2167002
1998-09-29,23.5374,24.5111,23.5197,24.34,2294318
1998-09-30,24.2771,24.34,23.1932,23.5857,2329951
1998-10-01,23.3053,23.3949,22.0434,22.6778,2705384
1998-10-02,22.6237,23.2217,22.3297,23.0752,2816626
1998-10-05,23.0181,23.565,22.3071,22.5047,2442497
1998-10-06,22.6237,23.3053,22.6237,23.0466,3110365
1998-10-07,22.9897,23.0466,21.5891,21.8792,3119488
1998-10-08,20.7383,21.2498,20.2112,21.1809,4670324
1998-10-09,19.6506,19.6506,18.4094,19.1608,28865379
1998-10-12,19.3565,19.9102,19.3565,19.5188,7841092
1998-10-13,19.6782,19.6782,18.7792,18.8008,5178290
1998-10-14,18.8245,19.8827,18.7212,19.6093,3917721
1998-10-15,19.6093,20.8584,19.5945,20.8584,6098193
1998-10-16,21.3678,21.3678,21.0511,21.3097,5448572
1998-10-19,21.2656,21.2656,20.878,21.062,2485074
1998-10-20,21.1219,21.5113,20.2525,20.2652,3651351
1998-10-21,20.4364,20.7964,19.6093,20.0843,3928583
1998-10-22,20.0843,20.103,19.7096,19.7637,2054892
1998-10-23,19.7637,20.6548,19.4912,20.3223,2556340
1998-10-26,20.5672,20.7019,19.4519,19.6506,4567778
1998-10-27,19.9918,20.0843,19.7096,19.9171,4115866
1998-10-28,20.0479,20.3784,19.8827,20.3223,2120943
1998-10-29,20.4502,21.3678,20.4502,21.2498,5407289
1998-10-30,21.3324,21.8369,21.2734,21.6245,3634842
1998-11-02,21.6097,22.4703,21.533,22.0661,3496232
1998-11-03,22.0828,22.131,21.8694,21.9805,3660188
1998-11-04,22.2097,22.6021,22.1516,22.5126,2048952
1998-11-05,22.5126,22.7329,22.1949,22.7103,1861237
1998-11-06,22.7723,22.7949,21.9805,22.131,2652081
1998-11-09,22.2766,22.4054,21.8694,22.3386,1566618
1998-11-10,22.4506,22.7418,22.3179,22.5352,1933372
1998-11-11,22.4506,22.4909,21.7828,21.83,2423229
1998-11-12,21.7445,21.8065,21.2498,21.7189,2951034
1998-11-13,22.6159,22.6159,21.893,22.1045,1945532
1998-11-16,22.3179,22.3631,22.131,22.254,1411351
1998-11-17,22.3386,22.6237,22.0218,22.5126,2545184
1998-11-18,22.6021,22.8726,21.8065,22.7723,2952776
1998-11-19,22.7418,23.6476,22.5352,23.4784,2602837
1998-11-20,23.9505,24.3104,23.74,24.035,1829371
1998-11-23,23.9928,24.9272,23.6682,23.7981,2114707
1998-11-24,23.5197,23.9928,23.4784,23.4784,1596172
1998-11-25,23.565,23.9711,23.565,23.9505,1794319
1998-11-27,23.9505,23.9505,23.8187,23.9269,663091
1998-11-30,23.6476,23.9043,23.5197,23.6102,1494779
1998-12-01,23.3949,23.4174,22.7949,23.1558,2358054
1998-12-02,23.1125,23.9269,22.9247,23.74,1953934
1998-12-03,23.8187,24.1679,23.5462,23.565,1471897
1998-12-04,23.4784,24.5495,23.4784,24.4885,1421202
1998-12-07,24.5495,24.6773,24.0587,24.4885,1365291
1998-12-08,24.2859,24.8937,24.1452,24.34,1829956
1998-12-09,24.2859,25.4503,24.2859,25.3392,2859497
1998-12-10,25.3392,25.6224,24.5268,24.6104,1388178
1998-12-11,24.634,24.6773,24.0105,24.4885,1005506
1998-12-14,24.5495,25.1494,24.2298,24.5888,1241595
1998-12-15,24.9272,24.9272,24.2298,24.5495,1471607
1998-12-16,24.6104,25.0028,24.3783,24.8032,2304169
1998-12-17,24.8937,24.9272,24.3597,24.7639,1430184
1998-12-18,24.5888,24.7845,24.1679,24.2859,1452778
1998-12-21,24.0971,24.5888,24.0587,24.0587,1170332
1998-12-22,24.34,24.5691,23.8414,24.5495,1949300
1998-12-23,24.34,24.4176,23.9928,24.3104,1464658
1998-12-24,24.396,24.4176,24.1187,24.3597,432796
1998-12-28,24.3597,24.9822,24.3597,24.7196,1763033
1998-12-29,24.812,25.3707,24.7137,25.3707,1835745
1998-12-30,25.3707,25.7375,25.1494,25.6913,1179890
1998-12-31,25.7838,26.1831,25.5438,26.011,2024330
1999-01-04,26.2273,26.5303,24.8593,25.1494,2118768
1999-01-05,25.0767,25.5841,25.0264,25.3549,1919173
1999-01-06,25.4592,25.4592,24.5809,25.0767,2592982
1999-01-07,25.117,25.1494,24.5347,24.812,1461760
1999-01-08,24.8376,24.9212,23.9584,24.4108,1847621
1999-01-11,24.4885,24.4885,23.4853,23.7911,3130935
1999-01-12,23.8689,24.0853,23.6604,23.74,1967839
1999-01-13,23.5316,23.8256,23.3368,23.4224,1410485
1999-01-14,23.4853,24.1276,23.4224,24.0656,2355151
1999-01-15,24.3262,24.3262,23.8118,23.8895,1924966
1999-01-19,24.1737,24.1737,23.2473,23.9416,2451039
1999-01-20,24.1737,24.3016,23.8895,24.3016,1863842
1999-01-21,24.3016,24.9871,24.1737,24.7137,2552717
1999-01-22,24.7137,25.1494,24.4688,25.0501,3885273
1999-01-25,25.1278,25.2645,24.0164,24.4885,2532733
1999-01-26,24.9429,25.1278,24.7137,24.9655,1992173
1999-01-27,25.0501,25.6519,24.8986,25.6078,2335742
1999-01-28,25.6913,25.6913,24.7274,25.3549,2670330
1999-01-29,25.6078,25.6078,24.8809,25.3549,2091534
1999-02-01,25.5192,26.7447,25.411,26.6591,3248547
1999-02-02,26.8283,27.1715,26.3581,27.0633,2989855
1999-02-03,27.0633,28.5445,26.6748,27.5954,10095574
1999-02-04,27.4095,27.4685,26.9758,27.2816,6156417
1999-02-05,27.2816,27.2816,26.2056,26.5303,4110944
1999-02-08,26.5303,26.6168,25.4976,25.5665,3304743
1999-02-09,25.6294,25.9755,25.4346,25.4592,3527804
1999-02-10,25.3707,25.6913,24.5111,24.9212,2969865
1999-02-11,24.9429,25.712,24.9429,25.6294,2885852
1999-02-12,25.6294,26.3994,25.5665,26.2273,3651212
1999-02-16,26.6984,27.085,26.2273,27.085,3358044
1999-02-17,26.9994,27.023,26.0533,26.3168,2829076
1999-02-18,26.3994,26.3994,25.3707,26.2489,3028961
1999-02-19,26.2056,26.2273,25.6294,26.125,2101964
1999-02-22,26.0749,26.1034,25.6727,25.8231,2377457
1999-02-23,25.6294,26.1034,25.2045,25.3904,2482322
1999-02-24,25.6078,26.0336,25.5438,25.6294,2030413
1999-02-25,25.6294,25.6519,24.6832,25.0088,2463492
1999-02-26,25.0088,25.0088,24.0656,24.7471,3108339
1999-03-01,24.5957,24.7274,23.9781,24.3449,1936556
1999-03-02,24.3449,25.0264,24.2573,25.0264,2671779
1999-03-03,24.9655,25.5192,24.5111,25.3314,1842116
1999-03-04,25.3314,25.6913,25.117,25.3549,1773756
1999-03-05,25.712,25.712,25.117,25.3549,2247673
1999-03-08,25.0264,26.2273,24.5111,26.2273,2262159
1999-03-09,26.2677,26.2677,25.4976,25.6519,1752313
1999-03-10,25.6519,25.6519,24.4324,24.4324,2942060
1999-03-11,24.6174,25.3707,24.3872,25.3707,2940323
1999-03-12,25.89,26.6984,25.5841,26.6591,3334870
1999-03-15,26.6168,26.6591,26.011,26.4653,2054165
1999-03-16,26.4653,26.4653,25.9529,26.2489,2060254
1999-03-17,26.1634,26.1634,25.3707,25.6078,2338065
1999-03-18,25.6078,25.8437,24.7737,25.8024,3884692
1999-03-19,25.8437,25.9755,24.812,24.812,2405264
1999-03-22,24.9212,25.0835,24.5111,24.6645,1066625
1999-03-23,24.6174,24.6174,23.8689,24.0007,2681631
1999-03-24,24.0007,24.0853,23.1194,23.3574,2455673
1999-03-25,23.2915,23.4007,22.6306,22.6306,4603121
1999-03-26,22.7575,24.0853,22.7358,23.9781,4499992
1999-03-29,24.0007,24.3262,23.7911,23.8895,3381801
1999-03-30,23.9653,23.9653,22.788,23.0181,3945532
1999-03-31,23.1125,23.2414,21.9304,22.6366,6337183
1999-04-01,22.7015,23.0693,22.0366,22.6366,4672645
1999-04-05,22.7015,22.7654,21.5488,21.95,6380638
1999-04-06,21.9097,21.9304,21.0285,21.3678,6205668
1999-04-07,21.4386,21.5488,20.579,20.6469,6459718
1999-04-08,20.6469,22.2903,20.2977,22.2097,11622801
1999-04-09,22.8116,23.147,22.2697,23.1332,4790835
1999-04-12,23.0418,24.0921,22.8529,24.0105,3622527
1999-04-13,23.9653,24.6577,23.8414,24.333,5539093
1999-04-14,25.0166,25.0166,24.5022,24.6577,5244776
1999-04-15,25.0166,25.0166,23.7911,23.7911,4974208
1999-04-16,24.0105,24.0262,23.0043,23.0043,4184522
1999-04-19,23.0418,23.5777,22.6159,22.6159,2778961
1999-04-20,22.6159,22.9827,22.4211,22.6366,3276064
1999-04-21,22.725,22.9394,22.2313,22.9178,4506650
1999-04-22,22.9394,22.9827,21.95,22.8332,5167139
1999-04-23,22.6159,22.7654,22.0582,22.6159,3089216
1999-04-26,22.5933,22.5933,21.6481,22.0582,2938867
1999-04-27,22.0828,22.8529,22.0582,22.5696,2635572
1999-04-28,22.2097,22.2903,20.6704,20.878,16250544
1999-04-29,20.9262,21.2419,20.1581,20.6704,10880625
1999-04-30,20.6469,20.6469,20.0479,20.5171,5224788
1999-05-03,20.5594,20.5594,19.7637,19.9752,6129192
1999-05-04,19.9535,20.878,19.8984,20.579,6206822
1999-05-05,20.579,20.7245,19.9752,20.2761,2347907
1999-05-06,20.0636,20.4935,19.3722,20.4502,6072410
1999-05-07,20.6704,20.9262,20.1896,20.7472,2882092
1999-05-10,20.7245,20.8337,20.2594,20.3862,2199302
1999-05-11,20.3223,21.474,20.0636,21.2232,4894545
1999-05-12,21.1809,21.2232,20.8584,21.2232,3895416
1999-05-13,21.7003,22.0828,21.5193,22.0366,3345882
1999-05-14,21.7366,22.1192,21.1377,21.2656,4145126
1999-05-17,21.2656,21.2656,20.7019,21.0688,3625431
1999-05-18,21.2232,21.3963,20.579,21.1987,3887881
1999-05-19,21.1987,21.8222,21.0511,21.6481,4234058
1999-05-20,21.8222,22.3631,21.8222,22.1448,8116149
1999-05-21,22.1674,22.2097,21.5891,21.6039,4643672
1999-05-24,21.7003,21.7366,21.0511,21.1809,5165982
1999-05-25,21.3097,21.356,21.1809,21.2656,4471020
1999-05-26,21.0924,21.0924,20.7019,20.8337,4012738
1999-05-27,20.8337,20.8337,20.4502,20.4502,4505496
1999-05-28,20.4935,20.8337,20.4935,20.7019,2022301
1999-06-01,20.6704,20.6882,20.0843,20.2367,2931342
1999-06-02,20.1581,20.1758,19.4627,19.8984,4463492
1999-06-03,19.9289,20.1581,19.7233,19.9752,3539973
1999-06-04,19.9752,20.1257,19.8089,20.1257,3419458
1999-06-07,20.1257,20.1257,19.5945,19.8089,3296054
1999-06-08,19.7637,20.6243,19.6378,20.3449,3454801
1999-06-09,20.4305,20.579,20.0843,20.2594,1928153
1999-06-10,20.2594,20.4718,19.8089,19.8542,2368767
1999-06-11,19.8984,20.3449,19.8089,19.8984,2137019
1999-06-14,20.0636,20.3449,19.6171,20.3223,3210017
1999-06-15,20.579,20.7758,19.6378,19.6378,2024911
1999-06-16,19.8247,20.2977,19.8089,19.9289,2477688
1999-06-17,19.8984,20.1257,19.744,20.0636,1583721
1999-06-18,19.8984,19.9171,19.3722,19.5611,4414821
1999-06-21,19.6378,19.9752,19.4205,19.505,2454225
1999-06-22,19.5277,20.7472,19.505,20.4935,3211757
1999-06-23,20.4935,20.579,20.103,20.1758,2976522
1999-06-24,20.2367,20.4935,20.0636,20.2761,1658167
1999-06-25,20.3646,20.5928,20.1581,20.1758,1895132
1999-06-28,20.2367,20.8584,20.1581,20.6243,3277515
1999-06-29,20.7383,21.9166,20.6548,21.9019,2870791
1999-06-30,21.9019,22.1949,21.3167,22.0021,5915108
1999-07-01,22.0021,23.2915,21.8792,23.2689,3870797
1999-07-02,23.1843,24.0971,22.9454,23.9112,4691184
1999-07-06,23.5532,24.0971,23.2915,23.7627,3075311
1999-07-07,23.7627,23.8895,23.443,23.8256,2797794
1999-07-08,23.4558,23.5532,23.14,23.5532,2992175
1999-07-09,23.4224,23.5719,23.2069,23.3132,3017665
1999-07-12,23.3368,23.3368,22.5647,22.6021,3752883
1999-07-13,22.3454,22.7329,22.131,22.5421,4427277
1999-07-14,22.6237,23.2069,22.5421,22.8175,1898611
1999-07-15,22.8175,22.8588,22.6494,22.8175,2186848
1999-07-16,22.8175,23.0526,22.7329,23.0526,3043732
1999-07-19,22.9031,22.9454,22.7103,22.8588,4115285
1999-07-20,22.6021,22.7103,22.3907,22.5775,3295188
1999-07-21,22.6709,22.6709,22.3071,22.4349,1642234
1999-07-22,22.3907,22.4703,22.2392,22.3071,2634412
1999-07-23,22.3907,23.0329,22.3907,22.9699,1880067
1999-07-26,22.8175,23.2069,22.5205,22.9031,1955961
1999-07-27,22.8175,23.6328,22.5205,22.9454,2500861
1999-07-28,22.4703,22.7329,22.3454,22.6494,2792867
1999-07-29,22.5647,22.5775,22.0661,22.0907,3907003
1999-07-30,22.3071,23.8049,22.3071,23.4224,4474498
1999-08-02,23.6731,24.1521,23.503,24.0007,3718414
1999-08-03,24.0007,24.0971,23.5857,23.6102,2830818
1999-08-04,22.9897,23.0968,22.6494,23.0122,2676702
1999-08-05,22.9247,23.1843,22.6709,23.0122,2172648
1999-08-06,22.9247,22.9247,22.5205,22.7723,1161931
1999-08-09,22.8588,23.1627,22.2185,22.6709,1992755
1999-08-10,22.5205,22.5775,21.7504,22.2618,3680468
1999-08-11,22.1949,22.1949,21.7907,22.1123,2366738
1999-08-12,22.1516,22.1743,21.8792,22.0661,2643095
1999-08-13,22.1516,22.1949,21.9166,22.0434,4006655
1999-08-16,22.131,22.1516,21.6786,21.77,5477110
1999-08-17,21.7003,21.7003,20.6774,21.3167,3766213
1999-08-18,20.8878,21.0993,20.8504,20.9774,3657290
1999-08-19,20.8878,20.9262,20.6311,20.8878,1932208
1999-08-20,21.0207,21.4229,20.8504,21.3393,4279826
1999-08-23,21.294,21.3786,21.0757,21.2734,3430468
1999-08-24,21.3618,21.5113,21.1662,21.294,4261577
1999-08-25,21.3618,22.0021,21.3393,21.9166,6806474
1999-08-26,22.0021,22.131,21.533,21.9166,1866162
1999-08-27,21.6628,21.7003,20.9508,21.2498,2702780
1999-08-30,21.2498,21.6176,21.0207,21.3618,1747095
1999-08-31,21.4907,21.8792,21.1898,21.8792,4681913
1999-09-01,21.8792,21.8792,21.1662,21.7003,4224498
1999-09-02,21.7003,21.77,21.1898,21.6412,1749707
1999-09-03,21.957,22.371,21.8792,22.1123,2618767
1999-09-07,22.1743,22.1949,21.4474,21.533,1663091
1999-09-08,21.3167,22.0021,21.3167,21.9019,1964654
1999-09-09,22.0434,22.131,21.6786,21.9805,2292292
1999-09-10,21.9166,22.3071,21.7278,21.957,3289686
1999-09-13,22.0434,22.131,21.4474,21.5969,2452780
1999-09-14,21.4907,21.5113,20.9262,21.2075,2603992
1999-09-15,21.294,21.7003,21.1308,21.1308,2043448
1999-09-16,21.2075,21.2498,19.5109,19.6417,8205370
1999-09-17,19.5532,19.5768,17.8262,18.4467,12426971
1999-09-20,17.8419,18.3376,17.6246,18.016,8661622
1999-09-21,18.016,18.5766,17.8419,18.077,5316614
1999-09-22,18.2737,18.612,18.0347,18.2511,4508394
1999-09-23,18.5766,19.2179,18.2962,18.4467,4516791
1999-09-24,18.3523,18.786,18.3376,18.6543,2925257
1999-09-27,18.6779,18.7625,18.1016,18.5028,3438003
1999-09-28,18.4467,18.6779,17.8419,17.8419,2808514
1999-09-29,18.3012,18.3455,18.0288,18.3455,3232604
1999-09-30,18.3455,19.0526,18.2579,18.7064,2491303
1999-10-01,18.669,19.446,18.669,19.3516,2275196
1999-10-04,19.3516,19.7371,18.4782,18.7792,3849063
1999-10-05,18.7792,18.7792,18.4537,18.4782,3075019
1999-10-06,18.4537,18.7064,18.196,18.5402,5944073
1999-10-07,18.6277,18.6277,18.0858,18.2579,2896866
1999-10-08,18.196,18.7064,18.196,18.5402,2459440
1999-10-11,18.5766,19.0084,18.496,18.8786,1145129
1999-10-12,18.8333,18.8786,18.3681,18.5186,1913091
1999-10-13,18.3898,18.4311,18.0288,18.0288,1946113
1999-10-14,16.82,17.7465,15.5749,17.6383,11890765
1999-10-15,17.1613,17.3354,16.3283,17.0325,5658738
1999-10-18,16.82,17.2567,16.5663,17.0108,5030118
1999-10-19,16.9961,17.597,16.7611,16.8683,6037931
1999-10-20,16.8683,17.0767,16.4758,16.9961,4138750
1999-10-21,16.7384,16.9036,16.3283,16.584,5218124
1999-10-22,14.6298,14.9336,13.8164,14.5875,21248222
1999-10-25,14.674,15.5965,14.613,15.2729,7611514
1999-10-26,14.5875,14.8461,12.6981,12.8742,32597274
1999-10-27,12.9598,13.9059,12.6981,13.7279,17046019
1999-10-28,14.4232,14.7606,14.1626,14.5255,8723333
1999-10-29,14.7606,15.2504,14.5029,14.9336,6882665
1999-11-01,15.448,15.6418,14.7183,15.2198,7134398
1999-11-02,15.3811,16.0942,15.2729,15.448,6994190
1999-11-03,15.7047,15.8346,15.3605,15.4244,4706535
1999-11-04,15.448,15.5965,15.2306,15.3458,5811982
1999-11-05,15.4038,15.5356,14.5875,14.7606,7313716
1999-11-08,14.7606,15.4038,14.7606,15.3605,4610650
1999-11-09,15.448,15.6202,15.0398,15.3605,6049818
1999-11-10,15.3811,15.4244,15.0222,15.3811,2758976
1999-11-11,15.2198,15.3251,15.0222,15.2306,7335442
1999-11-12,15.1953,15.7717,15.1953,15.6202,4440312
1999-11-15,15.6202,16.0942,15.5543,16.045,5003759
1999-11-17,17.1613,17.2912,16.9961,17.1613,3181340
1999-11-18,17.0767,17.9786,17.0571,17.6383,3045474
1999-11-19,17.8262,17.9019,17.5301,17.6589,1461760
1999-11-22,17.5066,17.8557,17.1613,17.7258,1889914
1999-11-23,17.7032,18.1084,17.6589,18.0288,3163085
1999-11-24,17.597,18.1084,17.597,18.0858,1918303
1999-11-26,18.0858,18.1724,17.9118,18.0415,385288
1999-11-29,18.0288,18.3455,17.6747,18.3228,2215814
1999-11-30,17.7701,18.0091,17.6383,17.9541,2477111
1999-12-01,17.8557,18.0091,16.9961,17.1042,3175256
1999-12-02,17.1417,17.1417,15.8788,16.4758,4445821
1999-12-03,16.82,17.4878,16.7758,17.2567,3791418
1999-12-06,16.82,17.2311,16.7384,17.1288,2794606
1999-12-07,16.9961,17.2567,16.3046,16.3893,7075303
1999-12-08,16.6932,16.7954,16.4758,16.4994,2419463
1999-12-09,16.521,16.6066,15.988,16.1542,2476823
1999-12-10,16.226,16.2605,15.5356,16.1955,3672357
1999-12-13,15.8788,16.226,15.8346,15.9998,2223343
1999-12-14,16.0214,16.3893,15.8346,16.045,3121082
1999-12-15,15.9998,16.1326,15.6851,15.7717,4528669
1999-12-16,15.448,16.0942,15.448,15.8562,3860654
1999-12-17,15.7942,15.8945,14.9336,15.1087,7387869
1999-12-20,15.0625,15.1953,14.674,15.0625,5611228
1999-12-21,15.0625,15.4717,15.0222,15.3605,6176113
1999-12-22,15.3251,15.9998,15.1225,15.8945,2789970
1999-12-23,15.9663,16.5663,15.5749,15.8562,2270269
1999-12-27,16.4758,16.4758,16.045,16.2467,1838348
1999-12-28,16.3283,16.6529,16.1542,16.3046,1359499
1999-12-29,16.3214,16.4827,16.1463,16.3735,1137310
1999-12-30,16.4827,16.5751,16.3214,16.528,1440901
1999-12-31,16.5063,16.7,16.1247,16.4512,987827
2000-01-03,16.7453,17.0482,16.7,16.939,2361231
2000-01-04,17.0905,17.3433,16.6587,16.7453,3768246
2000-01-05,16.8279,17.9698,16.6784,17.9265,5149179
2000-01-06,17.9265,18.7212,17.7092,18.5471,3624268
2000-01-07,19.0654,20.3508,19.0654,20.2201,6547494
2000-01-10,20.6085,20.9016,18.9159,19.2385,3937130
2000-01-11,19.4047,19.7882,19.1874,19.3565,3251729
2000-01-12,19.2778,19.8591,19.2385,19.7096,1927866
2000-01-13,19.9171,20.8721,19.8827,20.1581,5438573
2000-01-14,20.3508,20.5239,19.9171,20.3922,3573859
2000-01-18,20.4157,20.4157,19.2385,19.4047,3017955
2000-01-19,19.3201,20.2525,19.2778,20.0233,4110362
2000-01-20,19.8385,19.8385,17.5154,18.375,6870206
2000-01-21,18.375,18.4399,17.5154,17.9088,4690028
2000-01-24,18.0347,18.077,17.2567,17.5154,5257808
2000-01-25,17.4308,17.5154,16.8279,16.9745,6092397
2000-01-26,17.002,17.4308,16.8771,16.9617,6449009
2000-01-27,16.9617,17.4308,16.6587,17.0256,3192633
2000-01-28,16.9617,17.002,16.4827,16.7453,2709149
2000-01-31,16.5751,16.5899,15.626,16.3735,4264476
2000-02-01,16.5751,17.238,16.4512,17.1525,4179019
2000-02-02,17.1525,17.1525,16.3735,16.3981,3671487
2000-02-03,16.4827,16.6587,16.1463,16.4256,2886145
2000-02-04,16.4827,17.1042,16.4659,16.9184,2764478
2000-02-07,16.9184,17.1967,16.6587,17.002,2509265
2000-02-08,17.1771,17.603,17.0689,17.603,2929305
2000-02-09,17.603,17.603,17.1042,17.1967,1576184
2000-02-10,17.5154,17.6885,16.8525,16.8978,2676702
2000-02-11,16.8978,16.9617,15.9939,16.1679,2855731
2000-02-14,16.2741,16.3214,15.5493,15.7549,4253180
2000-02-15,15.5827,15.7342,15.0939,15.2661,4981740
2000-02-16,15.2661,15.7795,15.1953,15.5208,3362968
2000-02-17,15.5208,15.5827,15.3084,15.3458,3957697
2000-02-18,15.3084,15.4323,14.9002,15.1156,2635572
2000-02-22,15.1372,15.5827,15.0487,15.4717,3135858
2000-02-23,15.4156,15.626,15.2867,15.3959,2598197
2000-02-24,15.1953,15.4156,14.4881,15.0084,3185101
2000-02-25,15.0084,15.1953,14.5727,14.7911,1988414
2000-02-28,14.9396,14.9857,14.258,14.6829,2493623
2000-02-29,14.4665,14.6209,14.1448,14.3632,4066041
2000-03-01,13.7377,13.9108,12.7935,13.3983,12482303
2000-03-02,13.3983,13.4544,13.0552,13.3315,6367311
2000-03-03,13.3983,14.1695,13.3787,13.781,5530117
2000-03-06,13.7151,13.7377,13.3983,13.4859,3681333
2000-03-07,13.2233,13.3039,12.7069,12.7709,4742461
2000-03-08,13.0552,13.3315,12.7562,13.2233,4087477
2000-03-09,13.2233,14.6829,13.1407,14.0623,6204218
2000-03-10,14.1252,14.7252,14.0376,14.3632,3047215
2000-03-13,13.8646,14.3356,13.5282,14.0869,4295471
2000-03-14,14.0869,14.1695,13.5282,13.9747,2508686
2000-03-15,14.0869,14.9396,13.8233,14.855,5102539
2000-03-16,14.7665,16.9184,14.4665,16.7,6577333
2000-03-17,16.6154,16.7896,16.1463,16.5486,4265922
2000-03-20,16.5486,16.8072,16.0805,16.0942,2694375
2000-03-21,15.626,16.6587,15.626,16.4827,2674678
2000-03-22,16.4827,17.002,16.4256,16.8525,2477396
2000-03-23,16.7679,17.1771,16.7,17.1288,2128905
2000-03-24,17.1525,17.4711,16.9745,17.0256,4413089
2000-03-27,17.002,17.1525,16.3362,16.3735,3208566
2000-03-28,16.3981,16.6381,16.1463,16.1679,3934526
2000-03-29,16.1542,16.1542,15.7214,15.807,4022294
2000-03-30,15.8493,15.8945,15.4647,15.7883,3132376
2000-03-31,15.75,16.4512,15.6546,15.7637,3243330
2000-04-03,15.8945,16.706,15.8709,16.6647,2805904
2000-04-04,16.4994,17.12,16.3686,16.8368,4158743
2000-04-05,16.6647,16.9262,16.5997,16.7758,2929597
2000-04-06,16.7954,17.0994,16.1542,16.4512,2371666
2000-04-07,16.7954,16.8603,16.4758,16.4758,2290832
2000-04-10,16.521,16.706,16.4758,16.5575,2050408
2000-04-11,16.5791,16.6302,16.3686,16.4758,2567198
2000-04-12,16.6647,16.8161,16.5368,16.7296,3114995
2000-04-13,16.6647,16.706,16.3686,16.406,2400050
2000-04-14,16.3283,16.3283,15.5277,15.7637,3559376
2000-04-17,15.7214,15.9132,15.3811,15.807,3198136
2000-04-18,15.6546,16.6647,15.3811,16.406,4785622
2000-04-19,16.9036,18.0209,16.7758,17.7839,4645122
2000-04-20,17.7406,18.5402,17.6589,18.0415,3454221
2000-04-24,18.0415,18.5402,17.9118,18.1871,2883826
2000-04-25,18.4311,19.0713,18.3898,19.0084,4742748
2000-04-26,19.3261,19.3261,18.553,18.8786,4281567
2000-04-27,18.8166,19.5503,18.6483,19.0526,3646868
2000-04-28,18.9868,19.1175,18.7477,18.9247,2736957
2000-05-01,18.9247,19.9102,18.9002,19.7568,2915405
2000-05-02,19.7568,19.8896,19.3722,19.7568,2583136
2000-05-03,19.6782,19.8089,19.2021,19.2247,1850229
2000-05-04,19.3142,19.7175,18.9445,19.3722,1546632
2000-05-05,19.4982,19.9289,19.3142,19.6782,1440901
2000-05-08,20.0165,20.0165,19.7568,19.9102,2457702
2000-05-09,19.8896,20.3223,19.7804,20.1502,2475955
2000-05-10,20.103,20.1257,19.4205,19.7371,1985223
2000-05-11,19.6319,20.1708,19.6319,19.9752,1683945
2000-05-12,19.9289,19.9988,19.6782,19.7371,1986383
2000-05-15,19.7804,20.7019,19.7804,20.6882,3144258
2000-05-16,20.7698,21.7995,20.7472,21.5488,4662795
2000-05-17,21.3097,21.3097,20.7472,21.1377,3210304
2000-05-18,21.3097,21.3097,20.7019,20.8101,1842696
2000-05-19,20.7245,20.9646,20.3568,20.9646,3474211
2000-05-22,21.1377,21.2871,21.0049,21.2232,3247386
2000-05-23,21.1377,21.7366,21.0924,21.714,4361810
2000-05-24,22.1251,22.551,22.0366,22.0582,6300684
2000-05-25,22.2097,22.2991,21.8635,21.95,3018537
2000-05-26,21.95,22.3386,21.8635,22.248,2999127
2000-05-30,21.9943,22.8529,21.9304,22.7329,4828202
2000-05-31,22.6552,23.0043,22.2097,22.2991,2320969
2000-06-01,22.0366,23.1125,22.0366,22.9178,3174385
2000-06-02,23.0043,23.026,21.8438,21.8438,3928152
2000-06-05,21.5694,21.8222,21.1987,21.356,4141647
2000-06-06,21.3324,21.9304,20.9646,21.6245,2551273
2000-06-07,21.5694,22.1045,21.5694,21.8222,1391075
2000-06-08,21.7366,21.9097,21.3865,21.6481,1810541
2000-06-09,21.6245,22.9611,21.6245,22.6552,2756655
2000-06-12,22.6778,22.8961,22.551,22.7329,2704512
2000-06-13,22.551,22.8332,22.4703,22.7654,3612394
2000-06-14,22.9394,23.7086,22.4703,23.6879,4271136
2000-06-15,23.7548,23.7548,23.3053,23.5374,2887305
2000-06-16,23.4558,23.6102,22.6778,22.6778,3493909
2000-06-19,23.3732,23.6879,22.7103,22.9827,2198137
2000-06-20,23.1125,23.624,23.0909,23.1332,1746810
2000-06-21,23.6879,23.6879,23.3732,23.4941,2805904
2000-06-22,23.4941,23.4941,22.5047,22.7103,2110658
2000-06-23,22.9611,22.9611,22.4506,22.5284,1663091
2000-06-26,22.551,23.2414,22.551,23.1558,2209148
2000-06-27,23.1558,23.7086,23.0466,23.6879,3528674
2000-06-28,23.8118,24.6715,23.7911,24.4108,6617889
2000-06-29,25.0973,25.117,23.7911,24.1797,4677564
2000-06-30,24.2573,25.4828,24.1934,25.4445,5736376
2000-07-03,25.2703,25.3785,24.6262,25.3785,1550402
2000-07-05,24.5809,25.0088,24.0007,24.9576,2851672
2000-07-06,24.9272,25.0973,24.3655,24.8593,2203939
2000-07-07,24.9055,25.0767,24.6262,24.8376,2315751
2000-07-10,24.8376,25.0973,24.6901,25.0767,2995646
2000-07-11,25.4445,25.7681,25.2477,25.4445,3551265
2000-07-12,24.8376,25.0973,24.4531,24.7274,2941480
2000-07-13,24.4963,24.7137,23.919,24.2367,2254919
2000-07-14,24.1934,24.1934,23.2266,23.3801,3316905
2000-07-17,23.1696,23.9416,23.0968,23.3506,2434238
2000-07-18,23.3368,24.0656,23.3368,23.7154,2697855
2000-07-19,23.9416,24.3655,23.7469,24.2367,2571261
2000-07-20,24.3262,25.0599,24.2771,24.756,2955089
2000-07-21,25.0973,25.2242,24.5633,24.8376,2159323
2000-07-24,24.7973,25.6126,24.7973,25.3549,1908749
2000-07-25,25.0973,25.2242,24.5809,24.9655,3110365
2000-07-26,24.9871,24.9871,24.3655,24.4688,2635279
2000-07-27,24.4108,25.4198,24.2771,25.2477,2071840
2000-07-28,25.0599,25.3972,24.8376,25.2477,2942925
2000-07-31,25.1897,25.3972,25.0767,25.2703,4136724
2000-08-01,25.3314,25.7867,25.29,25.7867,3204802
2000-08-02,25.7867,26.0188,25.5713,25.9176,2515932
2000-08-03,26.0188,26.0188,25.7867,25.9176,2104285
2000-08-04,25.829,25.8437,25.3972,25.527,1718128
2000-08-07,25.7454,25.7454,24.52,24.8593,3278962
2000-08-08,24.8593,25.0767,23.7154,24.8878,3481744
2000-08-09,24.2367,24.7137,24.0656,24.2573,3302425
2000-08-10,24.3655,24.7274,24.0262,24.7274,2146000
2000-08-11,24.7274,25.29,24.6262,25.2703,2537365
2000-08-14,25.2242,25.6972,24.756,25.6362,1748545
2000-08-15,25.6579,25.829,25.4828,25.6126,2837767
2000-08-16,25.3549,25.5713,25.2242,25.4651,1471320
2000-08-17,25.6579,26.6463,25.6362,26.602,4133824
2000-08-18,26.9836,27.0771,26.2569,26.6463,3575021
2000-08-21,26.6247,26.9473,26.3866,26.9473,1688294
2000-08-22,26.8529,27.3377,26.7968,27.1882,1939449
2000-08-23,27.1351,27.1882,26.6463,26.7319,2418304
2000-08-24,26.7968,27.4685,26.602,27.3535,2090666
2000-08-25,27.3535,27.4823,27.2236,27.3082,1903528
2000-08-28,27.2236,27.504,27.2236,27.2896,1888467
2000-08-29,27.5491,27.6327,27.3731,27.4174,1293739
2000-08-30,27.4174,27.6102,27.3731,27.5904,1739862
2000-08-31,27.677,29.2241,27.6102,28.1295,5308214
2000-09-01,28.3635,29.2035,28.3635,28.9546,2915405
2000-09-05,28.9674,29.2241,28.5798,29.0245,2301266
2000-09-06,29.0245,29.3559,28.1954,28.4756,2285625
2000-09-07,28.4756,28.6861,28.0153,28.2553,2523171
2000-09-08,28.3251,28.754,28.3251,28.4501,3367321
2000-09-11,28.5347,28.8356,28.3635,28.5347,3983188
2000-09-12,28.8828,29.0746,28.6654,29.0028,3850805
2000-09-13,29.0028,29.4365,28.991,29.1317,3108049
2000-09-14,29.5674,30.2155,29.4867,29.8674,4133531
2000-09-15,30.0856,30.9217,29.6972,30.2588,4248543
2000-09-18,30.5971,31.1164,30.5971,30.7121,3973915
2000-09-19,30.9,31.739,30.5971,31.739,4174678
2000-09-20,31.5422,31.8432,30.9217,31.8009,4008397
2000-09-21,31.7596,31.975,31.3554,31.4832,2616740
2000-09-22,31.5619,32.2809,31.5619,31.7596,3123688
2000-09-25,31.8432,32.0192,31.6907,31.8678,1596172
2000-09-26,31.7773,32.7765,31.6701,32.6801,4555322
2000-09-27,32.6939,32.7176,31.8933,31.9819,3676410
2000-09-28,31.9819,31.9819,31.0594,31.2757,3521430
2000-09-29,30.3424,31.255,30.1161,30.3296,3465517
2000-10-02,30.4161,31.4665,30.3758,31.2993,4067490
2000-10-03,31.4665,32.155,31.1233,31.9258,4184522
2000-10-04,31.9819,32.2867,31.3406,31.3839,4367311
2000-10-05,31.3839,31.6849,31.081,31.4665,3471610
2000-10-06,31.6849,31.7931,31.317,31.4065,2319517
2000-10-09,31.557,31.6003,30.7121,31.0151,1124850
2000-10-10,31.1007,31.5777,30.6059,31.4282,3223920
2000-10-11,31.3839,31.4282,30.2223,30.6768,4700166
2000-10-12,30.5823,31.1233,29.9646,30.4604,2860943
2000-10-13,30.4368,30.7358,29.8319,30.6768,2434527
2000-10-16,30.7544,31.2757,30.6768,30.9374,1864131
2000-10-17,31.2993,32.5454,31.2757,32.0025,3679593
2000-10-18,32.0448,32.6763,31.9464,32.3733,3225371
2000-10-19,32.6763,32.9555,31.6849,31.8933,4477106
2000-10-20,31.6849,32.2396,31.4282,32.1992,2395995
2000-10-23,32.2867,32.933,32.2631,32.6241,1869349
2000-10-24,30.6974,31.557,30.3758,30.8616,8057630
2000-10-25,30.8616,31.8186,30.4761,30.9502,5746799
2000-10-26,31.0396,31.1233,30.7121,30.7544,5387592
2000-10-27,30.7544,31.557,30.656,31.3839,1942055
2000-10-30,31.3839,32.9939,31.3839,32.7539,3592695
2000-10-31,32.7825,33.2152,32.3733,32.5867,3276937
2000-11-01,32.6241,32.6763,32.1992,32.2396,6194366
2000-11-02,32.2396,32.2396,31.255,31.557,4957987
2000-11-03,31.7232,32.6556,31.5777,32.155,3376008
2000-11-06,32.4146,32.9939,32.2867,32.6556,3490721
2000-11-07,32.6763,32.8011,32.3468,32.6763,2726233
2000-11-08,33.0126,33.9214,32.9044,32.9044,5368184
2000-11-09,33.228,33.4906,31.5364,31.6003,3925540
2000-11-10,32.4589,33.0126,31.5777,31.615,3488698
2000-11-13,31.6446,31.8933,30.5047,31.1881,2986959
2000-11-14,31.4665,31.9819,31.1675,31.6632,2119635
2000-11-15,31.7458,32.3733,31.7075,32.3104,2187719
2000-11-16,32.4146,33.7935,32.3733,33.6617,3710885
2000-11-17,33.6617,33.6617,33.1208,33.4689,3733191
2000-11-20,33.5318,34.3924,33.4689,34.0935,4106598
2000-11-21,34.3924,34.416,33.1011,33.2958,4421485
2000-11-22,33.4444,34.8655,33.2713,34.6275,4021139
2000-11-24,34.4338,34.4761,34.1731,34.3679,1030704
2000-11-27,34.3924,35.0573,34.3924,34.7799,4866740
2000-11-28,34.9954,35.0573,34.2803,34.6275,2949586
2000-11-29,34.7367,34.8655,34.416,34.5203,2787075
2000-11-30,34.7367,34.9954,33.8928,34.3679,4856299
2000-12-01,34.5645,34.7367,34.0433,34.2262,5859779
2000-12-04,32.7539,32.9555,31.4282,32.5208,10521993
2000-12-05,32.8484,33.4444,32.6939,32.8484,3987248
2000-12-06,32.8631,33.3401,32.8631,33.1887,3399764
2000-12-07,32.9781,33.1651,32.7313,32.8827,3338349
2000-12-08,33.0126,33.0126,31.852,31.9612,3094430
2000-12-11,32.3251,32.3733,31.255,31.4665,4854276
2000-12-12,31.4665,31.9612,30.4368,31.7931,4382960
2000-12-13,32.3251,32.9939,32.3251,32.6763,3160188
2000-12-14,32.933,33.0637,32.6939,32.7539,3272875
2000-12-15,32.6241,32.7176,32.155,32.4825,6145120
2000-12-18,32.3939,32.933,31.2993,31.6446,5854275
2000-12-19,32.1117,32.6763,31.8933,32.3733,3944368
2000-12-20,31.8186,31.8382,30.843,31.3839,4259842
2000-12-21,31.3839,32.2867,31.2314,32.2867,3111234
2000-12-22,32.1992,32.7176,32.0025,32.3468,3223051
2000-12-26,32.3251,34.1102,32.3251,33.942,4035621
2000-12-27,34.1879,35.3946,34.0364,34.8724,8663364
2000-12-28,35.3946,36.0998,35.3504,35.7339,4843848
2000-12-29,35.8176,35.8618,34.2312,34.2745,2936846
2001-01-02,34.3591,34.3591,33.348,33.4522,2791133
2001-01-03,33.3725,34.2105,32.5936,32.5936,5179884
2001-01-04,32.2553,32.2809,29.9253,30.2725,10568924
2001-01-05,30.5312,31.8255,30.3846,31.739,4350804
2001-01-08,31.7596,31.9957,31.2167,31.9957,3949296
2001-01-09,31.9957,32.8346,31.9091,32.5523,3264184
2001-01-10,32.4215,32.5071,31.8875,32.2809,2907585
2001-01-11,32.4667,32.809,32.4667,32.6162,6420900
2001-01-12,32.7018,32.809,31.8009,32.7697,4690317
2001-01-16,32.7224,32.7224,32.037,32.1845,4442058
2001-01-17,32.1048,32.5523,31.9524,32.2553,3608917
2001-01-18,32.2553,33.1346,32.2081,32.5287,4580812
2001-01-19,32.5287,32.5936,31.8009,32.2553,4649178
2001-01-22,32.1628,32.6801,31.9957,32.2553,2599358
2001-01-23,32.4215,33.4739,32.331,33.348,4102537
2001-01-24,33.348,33.348,32.8572,33.3244,5739272
2001-01-25,33.3244,34.5725,33.1139,34.4072,2891361
2001-01-26,34.1879,34.3591,34.0787,34.298,1878618
2001-01-29,34.5725,34.8321,34.1308,34.422,2953930
2001-01-30,33.8879,33.8879,32.9871,33.1955,5254337
2001-01-31,32.9555,33.4739,32.2081,32.7893,3873978
2001-02-01,32.7176,33.0392,32.6093,32.8572,3402370
2001-02-02,33.1139,33.1139,32.631,32.9871,1838931
2001-02-05,33.3952,33.6194,33.1464,33.3725,2234062
2001-02-06,33.4384,33.5398,32.8404,33.0815,4179019
2001-02-07,33.0883,33.7266,32.6467,33.6263,4027222
2001-02-08,33.6263,34.3679,33.6116,34.1456,3742465
2001-02-09,33.821,33.821,33.287,33.8152,1861815
2001-02-12,33.9509,35.0032,33.8879,34.6058,3284465
2001-02-13,34.6403,34.7662,33.9096,34.2665,2867027
2001-02-14,34.422,35.0032,34.2607,34.422,5457401
2001-02-15,34.422,34.7928,34.0433,34.6403,4007233
2001-02-16,34.716,34.9865,34.3511,34.5725,3866735
2001-02-20,34.7436,34.7731,34.3148,34.5282,5877161
2001-02-21,34.5351,35.0898,34.298,34.3266,5054741
2001-02-22,34.2459,34.2607,33.7001,34.0679,3315750
2001-02-23,34.0591,34.7367,33.6116,34.6944,3228267
2001-02-26,34.6944,34.6944,33.6843,33.8565,3329368
2001-02-27,33.8879,34.1456,33.6548,33.7118,4256653
2001-02-28,33.9567,35.2108,33.9342,34.9176,5090956
2001-03-01,35.0032,35.0661,34.305,34.4377,7311105
2001-03-02,34.3679,34.5567,33.7118,33.7118,5488116
2001-03-05,33.9214,34.0069,33.2152,33.4522,3487534
2001-03-06,33.4384,34.1014,33.3667,33.9567,3819225
2001-03-07,33.9567,34.2036,33.6194,34.2036,3287361
2001-03-08,34.1377,35.6848,34.0935,35.2707,3831682
2001-03-09,34.8763,35.0898,34.6649,34.7799,2100805
2001-03-12,34.4377,34.5282,34.1456,34.1535,3240143
2001-03-13,34.1535,34.7436,34.1102,34.6649,4391934
2001-03-14,34.4072,34.4918,33.5594,34.2312,2415408
2001-03-15,33.7483,33.7483,32.331,32.7697,4919165
2001-03-16,32.5287,32.7176,30.2223,30.6187,7670609
2001-03-19,30.9649,31.7841,30.8774,31.5069,4595008
2001-03-20,31.8382,32.6801,31.8009,32.4215,3791994
2001-03-21,32.272,32.272,31.615,31.8009,5595587
2001-03-22,31.3033,31.375,29.2418,30.4682,9111798
2001-03-23,31.0091,31.7232,30.656,30.7544,6145120
2001-03-26,30.8321,31.9897,30.8321,31.3603,3365573
2001-03-27,31.4979,31.9012,31.1085,31.615,3267372
2001-03-28,31.5364,31.9464,31.1961,31.8186,3082559
2001-03-29,32.0025,33.1562,31.8009,32.2189,3903814
2001-03-30,32.5208,33.5132,32.0025,33.2958,3615574
2001-04-02,33.2958,33.7266,32.5523,32.7697,2882385
2001-04-03,32.6615,32.8631,31.6288,31.9897,3956252
2001-04-04,31.6583,32.4215,31.1961,32.0448,3392519
2001-04-05,32.6093,33.348,31.8009,32.933,2916851
2001-04-06,32.9555,33.3805,32.7106,33.0057,3180465
2001-04-09,33.2958,33.7266,32.9713,33.0332,3081104
2001-04-10,32.9713,33.5073,32.3546,33.1139,3579654
2001-04-11,32.6939,32.8484,31.4153,31.8875,5692631
2001-04-12,32.1628,32.809,32.1402,32.6763,2615869
2001-04-16,33.0057,33.1562,32.1245,32.6615,2450460
2001-04-17,32.6939,33.1807,32.5208,32.5523,3646286
2001-04-18,32.9713,33.5447,32.3143,33.106,4662795
2001-04-19,32.8631,33.5535,32.4215,32.8631,3639906
2001-04-20,32.7943,33.1955,32.6615,33.0725,3119928
2001-04-23,33.707,34.298,33.3725,33.5821,2377168
2001-04-24,33.6046,34.4072,33.2958,33.2958,3460599
2001-04-25,33.5535,34.5567,33.348,34.4535,3032248
2001-04-26,34.126,34.3148,33.6046,33.642,4479713
2001-04-27,33.6479,33.8152,32.2631,33.4306,6283304
2001-04-30,34.0747,35.8411,33.8152,34.7928,4950358
2001-05-01,34.7928,35.2559,34.5862,35.1055,3575505
2001-05-02,34.0935,34.9659,34.0747,34.716,4366929
2001-05-03,34.2036,34.6649,33.9567,34.1102,2794512
2001-05-04,33.5535,34.2262,33.0332,34.0935,2956349
2001-05-07,34.1014,34.5911,34.0747,34.3443,2693117
2001-05-08,34.6354,35.0475,34.3148,34.9265,2962143
2001-05-09,35.0406,35.7497,34.7367,35.4704,3178246
2001-05-10,35.4782,36.0162,35.3632,35.6179,3247575
2001-05-11,35.6926,36.4972,35.4871,36.384,4325023
2001-05-14,36.384,36.384,34.8459,36.1363,2491881
2001-05-15,35.8746,35.9473,35.3946,35.7104,2617414
2001-05-16,36.0555,36.2415,35.6179,36.1363,3018724
2001-05-17,36.1363,36.3752,35.671,36.1814,3155265
2001-05-18,36.1874,36.3389,35.8038,35.9996,1507332
2001-05-21,36.0074,36.0074,35.3632,35.5943,2350132
2001-05-22,35.5943,35.6179,34.8459,35.1055,4234254
2001-05-23,34.9659,35.6179,34.5862,35.2284,2583616
2001-05-24,35.2284,37.3843,35.2048,37.1738,4375037
2001-05-25,36.9053,37.3538,36.8149,37.166,3548658
2001-05-29,37.0371,37.6567,36.9958,37.3243,3999027
2001-05-30,37.3243,37.4197,36.9053,37.0371,2152756
2001-05-31,36.6477,37.3243,36.5956,37.1581,2321545
2001-06-01,37.1581,37.2456,36.5956,37.2171,1665316
2001-06-04,37.2978,37.5997,37.2259,37.5347,2144841
2001-06-05,37.6193,37.7275,37.166,37.3243,2843946
2001-06-06,37.5997,37.6744,37.0499,37.166,2002312
2001-06-07,37.2171,37.9822,37.2171,37.461,1850706
2001-06-08,37.6263,38.0177,37.3764,37.9656,1210305
2001-06-11,38.0019,38.0177,37.3115,37.4915,1909038
2001-06-12,37.7207,38.6078,37.6125,38.5085,4870208
2001-06-13,38.2498,38.6658,38.1485,38.6462,2672067
2001-06-14,38.7169,38.9275,38.3796,38.5085,3702386
2001-06-15,38.4564,39.1291,38.4564,38.6658,6659313
2001-06-18,38.6078,39.4989,38.4091,39.1772,2285241
2001-06-19,38.9736,39.3789,38.7041,38.8979,2905751
2001-06-20,39.1772,39.7496,39.0858,39.7496,3765151
2001-06-21,39.6208,39.9129,39.2363,39.3789,2712822
2001-06-22,39.6975,39.7191,38.2498,38.2606,3617030
2001-06-25,38.2606,38.5586,37.6814,38.1337,2663185
2001-06-26,38.2606,38.5085,37.9105,37.9311,2946498
2001-06-27,37.3115,37.4197,35.8894,36.6634,8644438
2001-06-28,36.5463,36.9722,35.1134,35.4222,12932959
2001-06-29,35.6258,36.0271,35.1134,35.6327,6912692
2001-07-02,35.6327,35.6779,35.011,35.4998,5314588
2001-07-03,35.8894,35.8894,35.3199,35.6523,2095784
2001-07-05,35.8894,36.2818,35.1399,35.4016,4630156
2001-07-06,35.2707,35.3199,34.9796,35.1281,1942250
2001-07-09,34.8517,35.1596,34.599,35.1055,3703160
2001-07-10,34.9599,35.1281,34.7012,34.7436,2785624
2001-07-11,35.0986,35.2048,34.4691,34.9599,4629774
2001-07-12,35.0573,35.5373,34.9727,35.4222,3220739
2001-07-13,35.2992,35.2992,34.9541,35.1134,2715328
2001-07-16,35.2707,36.866,35.197,36.6417,3372530
2001-07-17,36.6417,38.0079,36.6369,36.9201,2923512
2001-07-18,37.3115,38.1337,37.2535,37.6814,2643095
2001-07-19,37.9528,38.5223,37.3391,37.4679,2036692
2001-07-20,37.938,37.938,37.4915,37.7099,1480301
2001-07-23,37.6744,37.6744,36.747,36.9565,1708956
2001-07-24,36.9722,37.0499,35.9267,36.5729,3014864
2001-07-25,36.566,37.3066,36.2739,37.1581,2381414
2001-07-26,37.1826,37.1984,36.2818,36.6634,2854380
2001-07-27,36.7037,36.7037,36.2012,36.3752,2528004
2001-07-30,36.7126,37.7738,36.5178,37.5879,2092701
2001-07-31,37.5879,38.836,37.0499,38.0255,5245065
2001-08-01,38.3708,38.7494,38.2153,38.4003,4008101
2001-08-02,38.3708,38.3708,37.1826,37.5879,3151017
2001-08-03,37.8013,37.8013,36.8001,37.0155,2018151
2001-08-06,37.1826,38.2153,37.103,38.0816,2099648
2001-08-07,38.2911,38.4091,37.3843,37.6951,1822513
2001-08-08,37.5879,38.1682,37.4079,37.6331,1983583
2001-08-09,37.6951,38.0325,37.6814,37.7738,1828503
2001-08-10,37.9822,38.5891,37.9528,38.356,1312664
2001-08-13,38.3708,38.7425,38.2429,38.6874,1266506
2001-08-14,38.7268,38.8822,38.2153,38.3708,1852646
2001-08-15,38.6737,38.836,38.063,38.182,1662222
2001-08-16,38.1101,38.2547,37.3311,37.9892,1888561
2001-08-17,37.5417,38.1888,37.4,37.5131,2356500
2001-08-20,37.4335,37.7738,37.2329,37.5958,2242750
2001-08-21,37.6951,38.7592,37.641,38.2606,2309959
2001-08-22,38.1612,39.1291,38.1101,38.773,3055420
2001-08-23,39.193,39.2451,38.6235,38.6235,2293736
2001-08-24,39.5815,39.5815,38.6737,38.8822,2264964
2001-08-27,39.193,39.2294,38.5025,38.5025,1658360
2001-08-28,38.6235,38.7268,37.6882,37.7492,2325406
2001-08-29,38.0816,38.1101,37.5131,37.6951,2098487
2001-08-30,38.1612,38.2153,37.3311,37.7207,2453451
2001-08-31,38.0019,38.1101,37.2053,37.6646,2087674
2001-09-04,37.8524,38.4642,37.6951,38.063,2537268
2001-09-05,38.1337,38.3944,37.8732,38.1279,2648507
2001-09-06,38.7268,38.8094,37.8013,37.8603,2699880
2001-09-07,37.7738,37.8524,36.2139,36.3319,3285817
2001-09-10,35.8894,36.5405,35.4782,36.1509,3743519
2001-09-17,37.1826,37.1826,35.1134,36.6634,5522584
2001-09-18,36.6634,36.7214,35.8411,35.8411,5045181
2001-09-19,35.8618,36.2012,34.599,35.8894,3963105
2001-09-20,35.4497,36.3821,34.8607,36.0231,3162607
2001-09-21,34.8517,35.7339,34.1102,35.1202,4429889
2001-09-24,35.6327,35.8176,34.9796,35.495,3113547
2001-09-25,35.2412,35.9926,35.011,35.9926,2286598
2001-09-26,36.1215,36.392,35.7104,36.2818,3370406
2001-09-27,36.628,37.7099,36.5956,37.2663,4039199
2001-09-28,37.9656,38.2311,37.7275,38.1987,4075504
2001-10-01,38.0934,38.6874,37.8013,37.9656,2999414
2001-10-02,38.0934,38.2606,37.5063,37.938,3303006
2001-10-03,37.938,38.2311,37.5131,37.9163,4747575
2001-10-04,38.2311,38.8094,38.0758,38.4003,2655268
2001-10-05,38.5891,38.7169,38.2311,38.5586,2434722
2001-10-08,38.4564,38.7425,37.9163,38.1987,1700655
2001-10-09,38.2311,38.537,37.9439,37.9656,6393768
2001-10-10,38.2311,38.7169,38.1279,38.3491,3214362
2001-10-11,38.7169,38.7169,37.5181,38.1544,2702389
2001-10-12,38.1544,38.298,37.8878,38.0708,3146770
2001-10-15,38.1485,38.7425,38.0875,38.7425,3532824
2001-10-16,38.7425,39.0553,38.298,38.6658,2557740
2001-10-17,38.6658,38.6874,37.9439,38.3708,3558314
2001-10-18,38.4868,38.8684,38.4278,38.7425,2765543
2001-10-19,38.7425,38.8438,38.356,38.7425,1724985
2001-10-22,38.6393,39.5667,38.5025,39.5667,2571640
2001-10-23,38.5586,38.5655,36.1569,36.6782,16750450
2001-10-24,36.9359,37.7099,36.4686,36.7549,8430843
2001-10-25,36.7549,37.6066,36.6782,37.0371,4154873
2001-10-26,37.2456,37.3843,36.5729,37.1443,2618961
2001-10-29,37.1984,37.4473,36.6683,36.6968,3255500
2001-10-30,36.0555,36.0555,35.1852,35.2343,7318641
2001-10-31,35.2343,35.2855,34.6058,34.6649,5029539
2001-11-01,33.1955,34.0679,32.9044,33.9096,17756818
2001-11-02,33.7856,33.8318,33.4689,33.6046,5116063
2001-11-05,34.0935,35.315,33.7994,35.0573,4542865
2001-11-06,34.8164,35.2343,33.5731,33.8318,7229224
2001-11-07,33.8318,33.9096,32.8827,33.0126,14269379
2001-11-08,33.0126,33.047,31.1528,31.7655,20597484
2001-11-09,32.2081,32.7313,31.5157,32.6939,10505959
2001-11-12,32.2867,32.7224,32.0252,32.5661,4894545
2001-11-13,33.4158,33.707,33.0637,33.5958,5118177
2001-11-14,34.6058,34.6058,33.4975,33.8928,5027411
2001-11-15,33.5731,34.9176,33.5731,34.3266,4666465
2001-11-16,34.6058,34.8164,34.2036,34.4278,3682300
2001-11-19,34.4278,35.2048,34.1535,35.1763,3596551
2001-11-20,35.2343,35.8894,35.1763,35.6523,5631503
2001-11-21,35.6523,36.1874,35.5658,36.1363,3226914
2001-11-23,35.9267,36.1363,35.5166,36.1067,1048282
2001-11-26,35.8481,36.207,35.6681,36.0762,2922555
2001-11-27,35.7497,35.8972,35.3868,35.5441,4643287
2001-11-28,35.4124,35.4497,34.8655,34.9176,3653721
2001-11-29,34.8655,35.2481,34.6058,35.1055,3346076
2001-11-30,34.8164,35.4124,34.8164,35.2914,2739274
2001-12-03,35.1281,35.5943,34.9954,35.4016,2253175
2001-12-04,35.4016,35.7261,35.3347,35.5805,2045573
2001-12-05,35.4359,35.4359,34.7662,34.8763,3144840
2001-12-06,34.6855,34.7613,33.9657,34.0679,7309175
2001-12-07,34.2745,34.5066,33.9342,34.1643,2644647
2001-12-10,34.3266,34.3266,33.4522,33.4522,3762445
2001-12-11,33.9342,34.0364,32.8484,32.9044,5319997
2001-12-12,33.1955,33.8318,32.7224,33.5594,5000951
2001-12-13,33.6194,33.6775,32.7224,32.8827,3069713
2001-12-14,33.0637,34.1535,32.7628,33.9272,3313825
2001-12-17,33.9272,34.0364,33.1955,33.8082,2831974
2001-12-18,33.7856,33.9272,32.5021,32.809,5581483
2001-12-19,32.9555,33.2958,32.9044,32.9044,3739082
2001-12-20,32.9044,33.1955,32.6939,32.6939,2473341
2001-12-21,32.6241,32.7943,32.4352,32.7697,4799909
2001-12-24,32.8178,33.5958,32.7765,33.0952,1230206
2001-12-26,33.2653,33.526,33.0725,33.0815,1615294
2001-12-27,32.9408,32.9939,32.6615,32.747,3049240
2001-12-28,33.4906,33.8495,33.2024,33.5899,2881412
2001-12-31,33.642,33.7994,33.3302,33.4158,2059670
2002-01-02,33.1807,33.3805,32.5809,33.1011,2723245
2002-01-03,33.1011,33.1887,32.7313,33.047,2162028
2002-01-04,33.1807,33.1807,32.0252,32.689,6611225
2002-01-07,32.9408,33.0637,32.3378,32.4087,4096556
2002-01-08,32.5287,32.9408,32.037,32.214,4940507
2002-01-09,32.4009,32.4215,31.8382,31.8382,6194269
2002-01-10,31.8382,31.8382,31.3682,31.4665,8368655
2002-01-11,31.732,31.9317,31.3682,31.4193,3645223
2002-01-14,31.9091,32.4589,31.7075,32.2238,4437221
2002-01-15,32.45,33.047,32.4009,32.7106,5569319
2002-01-16,32.7176,32.9192,32.45,32.5287,3197949
2002-01-17,32.0192,32.45,31.9464,32.3104,5641356
2002-01-18,32.1687,32.2956,31.3682,32.0025,5470057
2002-01-22,33.0725,34.8724,33.0725,34.721,7685770
2002-01-23,35.1399,35.4998,34.7799,35.2707,7064489
2002-01-24,35.2707,35.4016,34.4377,34.4691,3189255
2002-01-25,34.8763,35.0347,33.9509,34.4603,5169554
2002-01-28,34.8517,34.8763,34.2371,34.3148,2290261
2002-01-29,34.1879,34.4377,33.3805,33.5132,3355922
2002-01-30,33.642,33.9007,32.6801,33.9007,6787743
2002-01-31,33.9007,34.1948,33.7325,34.0591,4386046
2002-02-01,33.9509,34.2902,33.9096,34.0747,3895707
2002-02-04,34.0747,34.1102,33.4444,33.6695,2499991
2002-02-05,33.6695,33.8721,33.3805,33.6912,2700839
2002-02-06,33.5899,33.642,32.2553,32.7313,5843947
2002-02-07,32.7313,33.6695,32.3251,33.3302,3208566
2002-02-08,33.0725,33.642,32.9939,33.3805,2583421
2002-02-11,33.7699,34.3384,33.6843,34.1102,3129196
2002-02-12,34.1102,34.5567,34.0364,34.4996,2320002
2002-02-13,34.4996,34.9796,34.3679,34.6491,2535526
2002-02-14,34.7278,34.7613,34.0296,34.1102,2407489
2002-02-15,34.1102,34.3591,33.5132,34.1603,4309566
2002-02-19,34.1603,34.2105,33.3017,33.4522,2568555
2002-02-20,33.4906,33.7994,33.228,33.7001,2601967
2002-02-21,33.6912,33.999,33.4611,33.5447,2616064
2002-02-22,33.0725,33.9813,33.0194,33.8721,2689061
2002-02-25,33.8721,33.942,32.9713,33.8928,2783696
2002-02-26,33.5899,34.3591,32.9408,33.8791,3967742
2002-02-27,34.3679,34.7613,33.999,34.2607,3114709
2002-02-28,34.1308,34.4377,34.1102,34.1535,2912121
2002-03-01,34.1603,34.3924,34.0591,34.2607,3682300
2002-03-04,34.3148,34.9727,33.7266,34.1377,3294503
2002-03-05,34.1377,34.1879,32.9713,33.2801,4353409
2002-03-06,33.3302,34.0856,33.2496,33.9272,3308027
2002-03-07,33.9813,34.1102,33.6912,34.0591,3985127
2002-03-08,33.999,34.0935,33.4906,33.7198,3073379
2002-03-11,33.7198,34.1731,33.3401,34.0935,2471221
2002-03-12,33.9813,34.3924,33.7483,34.2745,2652368
2002-03-13,34.2745,35.0829,34.2607,34.4918,3520076
2002-03-14,34.6797,35.0829,34.6275,34.6275,2865387
2002-03-15,34.6797,35.8126,34.6354,35.6848,5430853
2002-03-18,35.9926,36.1736,35.8894,36.1215,6003846
2002-03-19,36.1293,36.2218,35.8697,35.9385,3363453
2002-03-20,35.8618,36.1146,35.4998,35.6523,1852064
2002-03-21,35.7104,36.1569,35.6523,36.092,2176318
2002-03-22,36.0231,36.3526,35.9473,36.2012,3202194
2002-03-25,36.1736,36.1736,35.4645,35.5078,1961563
2002-03-26,35.4016,35.8894,35.2412,35.796,2728075
2002-03-27,35.8264,36.6634,35.7792,36.4972,3801459
2002-03-28,36.7037,37.2171,36.6477,36.6477,3329265
2002-04-01,36.6477,37.1984,36.392,37.1295,2170717
2002-04-02,37.1148,37.1148,36.7263,36.9437,2873689
2002-04-03,37.0155,37.0656,36.684,36.8561,2366934
2002-04-04,36.7549,36.7549,36.0074,36.2287,6238879
2002-04-05,36.2218,36.2287,34.6855,35.2992,4704125
2002-04-08,35.2048,35.5166,34.9471,35.3504,3639235
2002-04-09,35.4645,35.5943,35.1763,35.4124,2501731
2002-04-10,35.5166,36.1736,35.4359,35.9848,3582262
2002-04-11,36.0074,36.1363,35.4359,35.495,2679021
2002-04-12,35.5166,35.5441,35.1547,35.4497,2364231
2002-04-15,35.5658,36.1509,35.4871,35.9356,2424097
2002-04-16,36.0349,36.1874,35.9848,36.1569,3178053
2002-04-17,36.1569,36.1874,35.8697,35.9051,1734836
2002-04-18,35.9169,36.5178,35.8264,36.3172,2721117
2002-04-19,36.4451,37.3115,36.3752,37.3115,2767469
2002-04-22,37.9439,38.0934,37.5347,37.7345,5379478
2002-04-23,37.3922,37.3922,35.9356,35.9356,12466758
2002-04-24,36.1874,36.5956,35.8539,35.8697,3836799
2002-04-25,35.8746,36.3389,35.7713,35.9779,4590375
2002-04-26,36.1874,36.384,35.6926,36.1146,2683465
2002-04-29,36.0555,36.0555,35.4124,35.4645,2909994
2002-04-30,35.4871,36.3172,34.7928,35.8264,5901688
2002-05-01,35.8038,36.4972,35.6455,36.3389,2778282
2002-05-02,36.207,36.7549,35.7713,36.628,2964459
2002-05-03,36.4451,37.0371,36.0841,36.6683,2992651
2002-05-06,36.7037,37.166,36.6477,36.684,2889522
2002-05-07,36.4451,36.684,35.8038,35.9356,3447466
2002-05-08,36.0555,36.384,35.4871,36.2415,2978167
2002-05-09,35.8038,36.1363,35.074,35.3425,2744298
2002-05-10,35.5441,35.5658,34.6354,34.9176,2684231
2002-05-13,34.9954,35.2707,34.4535,34.7525,2643294
2002-05-14,34.5351,34.7525,33.9882,34.6855,4026062
2002-05-15,34.7662,35.6523,34.7662,34.8459,2917526
2002-05-16,34.9954,35.2559,34.6148,34.9599,3195047
2002-05-17,34.5351,35.6455,34.5351,35.5579,2442633
2002-05-20,35.5658,35.5658,34.7928,34.9865,2399185
2002-05-21,35.0258,35.2048,34.895,35.1202,1612776
2002-05-22,34.6855,35.0898,34.5567,34.9413,2481645
2002-05-23,34.9471,34.9471,34.117,34.8164,2438387
2002-05-24,34.8164,34.9954,34.3924,34.5567,2358245
2002-05-28,34.5567,34.716,34.3334,34.5911,1768246
2002-05-29,34.3747,34.8459,34.3334,34.4691,1737731
2002-05-30,34.298,34.8084,34.298,34.721,2426611
2002-05-31,34.721,34.8607,34.2459,34.3511,2574540
2002-06-03,34.298,34.7367,33.5731,33.5731,3237534
2002-06-04,33.5731,33.5958,32.6467,32.9044,5248154
2002-06-05,32.6467,33.1346,32.4873,32.8258,4317099
2002-06-06,32.8572,33.0549,32.5867,32.5867,4651783
2002-06-07,32.5936,33.0392,32.4943,33.0254,3898600
2002-06-10,33.3401,34.1456,33.2653,33.9096,2848008
2002-06-11,34.5066,34.5066,33.4975,33.5191,4370213
2002-06-12,33.526,33.526,31.4832,32.0536,7596359
2002-06-13,32.2553,32.4943,32.03,32.2316,4877549
2002-06-14,30.9649,32.2396,30.7358,32.0192,9487812
2002-06-17,32.6939,33.4975,32.6241,33.3667,4675541
2002-06-18,33.3667,33.4739,33.047,33.047,2602930
2002-06-19,32.9871,33.4689,32.8572,33.2496,2519311
2002-06-20,33.3805,33.821,33.2653,33.6843,3335062
2002-06-21,33.1346,33.5958,32.8827,32.8827,5482414
2002-06-24,32.8827,32.9871,32.2867,32.3871,4975850
2002-06-25,32.2867,32.6162,31.7931,31.8186,3588247
2002-06-26,31.4557,32.1117,31.081,31.8727,4780211
2002-06-27,32.1117,32.8404,32.037,32.5809,4785046
2002-06-28,32.5809,32.5809,31.7537,31.7596,3374848
2002-07-01,31.7596,31.8324,29.1395,29.6303,9857264
2002-07-02,28.572,29.7355,24.2013,28.1383,28440073
2002-07-03,28.0596,29.5821,27.4311,29.5594,7951897
2002-07-05,30.5115,30.8321,30.1496,30.5902,3284465
2002-07-08,30.5115,30.8498,29.6027,30.1702,5090757
2002-07-09,30.1702,30.2588,26.7387,27.2443,11418279
2002-07-10,27.3535,28.6999,27.023,27.1567,10103689
2002-07-11,26.2489,27.0475,25.0835,26.8401,13105996
2002-07-12,26.8972,28.1383,26.2607,27.0475,5889328
2002-07-15,27.202,27.2236,25.9116,26.8401,4818258
2002-07-16,27.2816,28.4205,26.7673,27.1942,4907096
2002-07-17,27.9229,28.4285,27.683,28.3842,4366538
2002-07-18,28.1806,28.391,27.2236,27.4243,5644058
2002-07-19,27.023,27.5757,26.6906,27.2816,5641743
2002-07-22,27.381,27.7371,25.7375,25.9755,5188865
2002-07-23,25.8605,26.5086,25.3845,25.3845,5563139
2002-07-24,24.0971,26.7673,24.0971,26.5086,6772681
2002-07-25,26.3788,26.8972,25.7375,26.8056,5240042
2002-07-26,27.202,27.323,26.6375,27.1479,3522782
2002-07-29,28.4432,29.6588,28.391,29.5594,5760707
2002-07-30,29.589,30.2588,29.2241,29.7611,4190412
2002-07-31,30.0207,30.2588,28.8592,29.7906,6111222
2002-08-01,29.8142,30.1781,28.5504,28.9379,6297787
2002-08-02,28.9379,29.4297,27.7213,28.0213,3827143
2002-08-05,28.0517,28.2632,26.5086,26.9128,4203158
2002-08-06,27.9229,29.3215,27.5403,28.8051,7787546
2002-08-07,29.2163,30.07,28.9615,29.9411,5346261
2002-08-08,30.1279,32.0536,30.1279,31.7841,6408640
2002-08-09,31.9317,31.9317,30.9,31.3318,6256266
2002-08-12,31.0328,32.1628,30.8154,32.1117,3890489
2002-08-13,32.1117,32.4215,31.5619,31.6376,4079559
2002-08-14,31.6376,32.9408,31.441,32.9408,4400143
2002-08-16,32.9998,33.999,32.9939,33.6695,5152943
2002-08-19,34.1879,34.1879,33.5398,34.0856,4826757
2002-08-20,34.1102,34.3511,33.6548,34.0935,2863840
2002-08-21,34.2262,35.0406,33.6695,35.0406,4692144
2002-08-22,34.9954,35.4301,34.7525,35.2707,4353604
2002-08-23,35.197,35.197,33.8721,33.9154,3807636
2002-08-26,33.9813,35.0533,33.8879,34.7436,3512930
2002-08-27,34.9865,35.0347,34.2902,34.3924,4356884
2002-08-28,34.1879,34.2371,33.2024,33.5132,4096168
2002-08-29,33.5132,33.8879,32.9555,33.5663,3338349
2002-08-30,33.5663,33.7394,33.1807,33.5318,2567013
2002-09-03,33.228,33.228,32.0841,32.0921,3522973
2002-09-04,32.1913,33.0883,31.8255,33.0549,3788712
2002-09-05,32.5809,33.9745,32.5454,33.7699,4325023
2002-09-06,33.7856,34.1102,33.2418,33.4522,5038808
2002-09-09,33.4522,34.1643,33.2801,33.8407,2404592
2002-09-10,33.7483,34.4072,33.7001,34.2902,3603511
2002-09-11,34.5203,34.7731,34.422,34.5489,2216688
2002-09-12,34.2902,34.3148,33.8565,33.8928,2631319
2002-09-13,33.8928,34.2607,33.6912,34.2607,2052907
2002-09-17,33.4689,34.0069,33.0392,33.047,10761471
2002-09-18,32.7893,32.8404,31.8727,32.4087,8230183
2002-09-19,31.8875,32.3802,31.852,31.852,4888751
2002-09-20,31.9091,32.2956,31.6494,32.0625,5496322
2002-09-23,31.9317,32.0025,31.081,31.4832,4026450
2002-09-24,31.1881,32.1913,30.8498,31.3033,4619341
2002-09-25,31.7537,32.9408,31.7075,32.8258,6348195
2002-09-26,33.3805,34.3511,33.1011,34.2036,7115281
2002-09-27,33.8879,34.5134,32.9871,33.1346,5185586
2002-09-30,33.1266,33.1346,32.1117,32.1845,6722081
2002-10-01,32.5454,33.6263,31.8875,33.287,5396281
2002-10-02,33.287,33.6775,32.5809,32.5936,4829265
2002-10-03,32.6467,33.942,32.6015,33.7856,5227106
2002-10-04,33.7856,33.8565,32.0773,32.1845,5626100
2002-10-07,32.1687,33.2653,31.8009,31.9464,5461172
2002-10-08,32.0773,33.287,32.0773,33.0637,4933364
2002-10-09,32.5936,33.1011,31.8382,31.9091,6055031
2002-10-10,32.0979,33.223,31.3033,32.9781,6071059
2002-10-11,33.1394,34.4839,33.1394,34.4377,5611998
2002-10-14,34.4377,35.1763,34.1603,35.1763,4038997
2002-10-15,35.7713,35.8481,34.6649,35.1134,5063525
2002-10-16,35.1134,35.4359,34.599,35.134,5429498
2002-10-17,35.4359,35.4359,34.2518,34.9727,5084773
2002-10-18,34.716,34.8242,34.126,34.4603,4276732
2002-10-21,34.5066,36.207,34.4535,36.0231,6484344
2002-10-22,35.1281,36.7323,34.9954,36.2946,10702566
2002-10-23,36.2139,36.2139,34.8655,35.6926,10570468
2002-10-24,36.1146,36.1874,35.2855,35.3946,5190989
2002-10-25,35.4016,36.684,34.599,36.3988,4498253
2002-10-28,36.866,37.2259,35.8038,35.9926,5269973
2002-10-29,36.2012,36.4627,35.6523,36.0555,3966579
2002-10-30,36.207,36.5729,35.8481,36.1146,3697369
2002-10-31,36.0074,36.7037,35.1763,35.8038,5527799
2002-11-01,35.8539,37.0499,35.5441,36.8149,5271331
2002-11-04,36.8207,37.4079,36.207,36.6545,3960206
2002-11-05,36.6545,36.6545,34.9727,35.8481,9071053
2002-11-06,36.2415,36.7323,35.6681,36.2218,14389886
2002-11-07,36.2218,36.2415,35.315,35.5579,7949389
2002-11-08,35.5658,35.5658,34.0856,34.4475,8134396
2002-11-11,34.4475,35.0347,34.2036,34.5725,3768629
2002-11-12,34.9176,35.1399,34.0935,34.6649,3511194
2002-11-13,34.6649,35.6523,34.5725,35.0829,5273070
2002-11-14,35.1547,35.4016,34.298,35.0475,7667814
2002-11-15,35.0475,36.3752,35.0258,35.8411,5861130
2002-11-18,36.0841,36.1146,34.7928,35.1281,5894929
2002-11-19,33.106,33.8407,32.4943,33.4689,14962891
2002-11-20,33.4689,34.0787,33.3401,33.6263,6552519
2002-11-21,33.6263,34.1308,31.8727,32.1048,11636900
2002-11-22,32.1048,33.1011,31.9612,32.2238,8729606
2002-11-25,32.2316,32.5523,31.5845,31.7931,7736756
2002-11-26,31.8009,32.2867,31.5777,31.5777,5980099
2002-11-27,31.6789,32.4667,31.5777,32.2081,3335258
2002-11-29,32.331,32.3871,31.8186,31.8382,1590572
2002-12-02,32.4746,32.5729,31.8727,32.0773,5680757
2002-12-03,32.0773,32.4825,31.8432,32.2081,4099067
2002-12-04,32.0979,33.3165,31.6849,33.106,11352620
2002-12-05,33.047,33.1011,32.3251,32.6015,5378705
2002-12-06,32.6093,33.2496,32.3251,33.0637,3857656
2002-12-09,33.0637,33.4444,32.45,32.4589,3038232
2002-12-10,32.7176,32.7176,32.03,32.6388,3961173
2002-12-11,32.2867,32.6015,31.5777,31.9681,5077432
2002-12-12,31.9681,32.1845,31.4832,31.7232,4584767
2002-12-13,32.1845,32.5454,31.8727,32.2553,5643671
2002-12-16,32.1245,32.7106,31.8678,32.3035,4317486
2002-12-17,32.0921,32.1245,31.4478,31.6376,5092496
2002-12-18,31.557,31.5845,30.7358,30.8223,7027215
2002-12-19,30.7544,31.1596,30.423,30.5312,6114702
2002-12-20,30.6266,30.7358,29.3874,30.2784,13942613
2002-12-23,30.2784,30.6768,30.2371,30.3886,4517180
2002-12-24,30.4761,30.9374,30.423,30.662,1904400
2002-12-26,30.957,31.0937,30.5676,30.6266,2188868
2002-12-27,30.662,30.72,29.9057,30.0119,2041706
2002-12-30,30.2155,30.5115,29.883,30.1634,4462522
2002-12-31,30.1939,30.9,30.0276,30.6344,3780605
2003-01-02,31.0514,32.0252,30.9797,32.0114,5686157
2003-01-03,31.7153,32.5809,31.6996,32.4284,3876003
2003-01-06,32.1048,32.9781,32.1048,32.8572,4943987
2003-01-07,32.5867,32.7313,31.9819,31.9897,4390877
2003-01-08,32.1117,32.4825,31.9258,32.331,4422740
2003-01-09,32.4009,32.8631,32.1245,32.4943,4103113
2003-01-10,32.0192,32.5809,31.8805,31.975,3875231
2003-01-13,31.9819,32.0114,31.139,31.3907,5527025
2003-01-14,31.3997,31.7596,30.9925,31.2698,4671098
2003-01-15,31.3033,31.6494,30.9217,31.0328,4012160
2003-01-16,31.1528,31.9612,31.1007,31.1813,5185193
2003-01-17,31.1813,31.1813,30.843,31.0514,4757237
2003-01-21,31.0514,31.3603,30.8085,30.9502,3786398
2003-01-22,30.9502,31.2314,30.6915,30.8223,3746224
2003-01-23,30.5312,30.5823,28.869,30.0207,14925036
2003-01-24,30.0207,30.2027,29.0824,29.5073,5923513
2003-01-27,29.3215,29.6225,28.4501,28.7363,4756656
2003-01-28,28.754,29.6027,28.6084,29.3933,5962525
2003-01-29,29.348,30.2223,29.1484,29.8909,7488203
2003-01-30,29.9646,30.1781,29.4365,29.4365,5077239
2003-01-31,29.4001,30.3846,29.3706,30.186,4526834
2003-02-03,30.3846,30.4761,29.5005,29.5959,5575884
2003-02-04,29.5752,29.7041,29.3353,29.6824,5612392
2003-02-05,29.8319,29.9646,29.348,29.3706,5071639
2003-02-06,29.348,29.7611,28.991,29.4071,3522782
2003-02-07,29.8909,29.9942,29.2035,29.2241,3500183
2003-02-10,29.1562,29.7041,28.991,29.5005,3361913
2003-02-11,29.6027,30.124,29.5359,29.5959,4500187
2003-02-12,29.2722,29.4001,28.0842,28.2032,8803767
2003-02-13,28.3989,28.7844,27.1715,27.9091,13268804
2003-02-14,27.917,29.2477,27.4311,29.1129,10286382
2003-02-18,29.2477,30.3424,29.1395,30.1083,4703929
2003-02-19,30.0207,30.5823,29.9115,30.07,5393963
2003-02-20,30.07,30.2155,29.9115,30.0207,4512155
2003-02-21,30.1702,31.1528,30.1427,31.0328,7417715
2003-02-24,30.9217,31.139,30.4033,30.4368,5496705
2003-02-25,30.0207,30.9797,29.9568,30.9137,4592303
2003-02-26,30.8843,31.0514,30.124,30.1634,5335830
2003-02-27,30.4604,30.5312,29.9057,30.124,5400336
2003-02-28,29.5005,29.9411,29.348,29.6519,7601761
2003-03-03,29.6519,30.3089,29.5526,29.6381,3680950
2003-03-04,29.4739,29.5959,29.1317,29.1317,3617215
2003-03-05,29.1317,29.5005,29.0097,29.4739,3351672
2003-03-06,29.2722,29.4071,28.8002,28.8966,4791415
2003-03-07,28.3989,29.0392,28.3635,28.8592,4964265
2003-03-10,28.6084,28.6999,27.7577,27.8443,4988786
2003-03-11,27.917,28.4599,27.8226,28.1461,3790070
2003-03-12,28.1461,28.3251,27.202,27.9003,8991486
2003-03-13,28.1609,28.1609,26.782,27.2236,14721097
2003-03-14,27.4095,27.4095,26.0336,26.0415,11816119
2003-03-17,26.0493,28.0291,25.8811,27.8295,11619325
2003-03-18,28.1609,28.9074,28.0065,28.8002,7685770
2003-03-19,28.6772,28.9674,28.2465,28.9458,5500759
2003-03-20,28.9546,29.1926,28.1068,29.1484,6025477
2003-03-21,29.6027,30.0207,29.4139,29.8997,7471592
2003-03-24,29.9057,29.9057,29.0678,29.2035,5173221
2003-03-25,29.2477,30.3424,29.2103,30.1279,5116063
2003-03-26,30.07,30.07,29.6303,29.7296,4026260
2003-03-27,29.0598,29.7041,28.8455,29.4867,6874259
2003-03-28,29.4798,29.948,29.3126,29.883,3709533
2003-03-31,29.4867,29.8241,29.0461,29.5005,5252792
2003-04-01,29.469,30.006,29.2477,29.8319,4023362
2003-04-02,29.8319,30.7544,29.5073,30.6414,10632655
2003-04-03,30.6414,30.7358,30.1781,30.3955,4948040
2003-04-04,30.4604,30.656,30.0925,30.3089,3726336
2003-04-07,30.656,31.0662,30.367,30.4368,4286394
2003-04-08,30.4368,30.4368,29.6883,30.1161,4766306
2003-04-09,30.124,30.124,29.2546,29.288,7285616
2003-04-10,29.288,29.3353,28.8277,29.0982,5761481
2003-04-11,29.3047,29.6097,29.17,29.2241,2830626
2003-04-14,29.17,30.006,29.1562,29.8594,2838542
2003-04-15,29.8594,30.359,29.8073,30.2027,5216480
2003-04-16,30.2027,30.2027,29.3018,29.4739,6243902
2003-04-17,29.5674,29.7247,29.288,29.3628,5298560
2003-04-21,29.645,29.7119,28.7363,28.869,6583416
2003-04-22,28.869,29.9774,28.6349,29.8476,7085154
2003-04-23,28.4756,28.4836,26.9286,27.0142,27567153
2003-04-24,27.0142,27.9347,26.9601,27.5904,12138826
2003-04-25,27.9495,27.9583,27.5255,27.7902,7218024
2003-04-28,27.9347,28.0369,27.5403,27.8866,6197172
2003-04-29,27.8039,28.5277,27.683,28.455,5591724
2003-04-30,28.455,28.9458,28.0153,28.6231,5918295
2003-05-01,28.6231,28.812,28.455,28.5347,6688089
2003-05-02,28.4756,29.4612,28.3989,29.1848,4941865
2003-05-05,29.1848,29.2477,28.693,28.9163,5143672
2003-05-06,28.9969,29.1562,28.6861,29.0313,4202190
2003-05-07,29.1622,29.5123,29.0028,29.5123,5293150
2003-05-08,29.1277,29.6883,29.1277,29.469,5944365
2003-05-09,29.469,29.8909,29.4365,29.8762,3748159
2003-05-12,29.7768,30.242,29.645,30.242,4654875
2003-05-13,30.1368,30.186,29.7768,30.0463,8263212
2003-05-14,29.9568,30.1368,29.9253,30.006,4965416
2003-05-15,29.9568,30.3955,29.9253,30.2951,6077817
2003-05-16,30.186,30.4033,30.0207,30.3846,4036490
2003-05-19,30.0355,30.2656,29.2477,29.4001,7836599
2003-05-20,29.4071,29.5674,28.869,29.1317,5667428
2003-05-21,29.1317,29.5674,28.876,29.469,4603888
2003-05-22,29.5005,29.9253,29.3018,29.5211,3842980
2003-05-23,29.6027,29.645,29.2949,29.5359,2927184
2003-05-27,29.529,30.006,29.2812,29.948,3537070
2003-05-28,29.9568,30.0355,29.1277,29.2624,5313621
2003-05-29,29.4612,30.0414,28.8592,29.0392,5960782
2003-05-30,29.0392,29.8997,29.0392,29.883,3949585
2003-06-02,29.9774,30.4368,29.9253,30.006,7301647
2003-06-03,30.006,30.0925,29.883,30.0552,5311881
2003-06-04,30.0552,30.8616,30.006,30.838,8357267
2003-06-05,30.838,31.0937,30.423,31.0937,8454596
2003-06-06,33.6263,33.821,31.615,33.3805,14795256
2003-06-09,33.0332,33.1394,31.9258,32.2081,5956150
2003-06-10,32.2081,32.8827,31.5845,32.8827,4516212
2003-06-11,32.8827,33.0254,32.45,32.933,4973918
2003-06-12,33.0883,33.1139,32.148,32.4825,6340663
2003-06-13,32.7176,32.7539,31.9464,32.3645,2807259
2003-06-16,32.3645,33.7483,32.1048,33.7483,4558312
2003-06-17,33.7483,34.1731,33.4236,33.8791,5692918
2003-06-18,33.8495,34.6649,33.6332,34.2665,5721502
2003-06-19,34.4338,34.4839,33.6617,33.7551,4823474
2003-06-20,33.7551,34.6148,33.348,34.2745,8572983
2003-06-23,32.514,33.9154,32.4746,32.9555,6116634
2003-06-24,32.514,33.763,32.514,33.5398,4993810
2003-06-25,33.348,34.2745,33.3096,33.4906,5704700
2003-06-26,33.3805,34.1377,33.2653,34.0747,3623012
2003-06-27,34.0747,34.1308,33.4739,33.5535,4004239
2003-06-30,33.7856,33.8565,33.2958,33.2958,4616250
2003-07-01,33.2958,33.3017,32.5661,33.1346,4690028
2003-07-02,33.2418,34.3826,33.0254,34.3443,6887006
2003-07-03,34.2745,34.7278,34.0679,34.1879,2676897
2003-07-07,34.3511,34.8517,34.2745,34.6403,3456346
2003-07-08,34.6403,35.193,34.6058,35.193,4279634
2003-07-09,35.0661,35.1685,34.3826,34.6403,3317297
2003-07-10,33.942,34.2518,33.2024,33.3805,6688866
2003-07-11,33.6548,34.0236,33.3805,33.5535,3804937
2003-07-14,33.9657,34.0364,33.7198,33.8879,4603121
2003-07-15,33.9922,34.126,33.5663,33.7483,3435875
2003-07-16,33.8318,33.8633,33.3244,33.5447,3672066
2003-07-17,33.5447,33.8879,33.5318,33.6617,3429887
2003-07-18,33.9922,34.0747,33.6695,33.763,4027417
2003-07-21,33.6548,33.7856,33.1955,33.348,2650632
2003-07-22,33.348,33.5535,32.8827,33.2585,3487442
2003-07-23,33.3725,33.7935,33.0637,33.7266,2841827
2003-07-24,33.7325,33.8633,33.2958,33.2958,5526641
2003-07-25,33.3096,33.763,33.0952,33.763,3171680
2003-07-28,33.7551,33.7551,33.2713,33.5535,2633058
2003-07-29,33.5594,34.4338,33.3725,33.6548,4225940
2003-07-30,33.6548,33.9096,33.2653,33.3805,3839702
2003-07-31,30.8085,31.0662,28.3468,28.3468,42973648
2003-08-01,28.0291,29.1277,28.0291,29.0461,19531051
2003-08-04,29.0245,29.6666,29.0156,29.6155,9767843
2003-08-05,29.4867,29.5674,29.2477,29.2546,6709527
2003-08-06,29.2812,29.5211,29.1051,29.1622,8008870
2003-08-07,29.3874,29.8762,29.3353,29.8241,9190400
2003-08-08,29.9253,30.7063,29.9253,30.5233,7520842
2003-08-11,30.5233,30.9925,30.5233,30.9,6726525
2003-08-12,30.9925,31.1764,30.7358,31.1468,6420609
2003-08-13,31.2757,31.2757,30.546,30.8843,8700832
2003-08-14,30.8843,30.9502,30.6836,30.9137,6212232
2003-08-15,30.9925,31.255,30.9137,31.081,2913670
2003-08-18,31.5069,31.5364,30.9217,31.0662,5848962
2003-08-19,31.0594,31.2472,30.7121,30.9,5676505
2003-08-20,30.7544,30.8616,30.4309,30.4977,6114702
2003-08-21,30.4977,30.6266,30.3296,30.4161,8474489
2003-08-22,30.4161,30.423,29.8536,29.948,7828684
2003-08-25,30.0355,30.1279,29.9057,29.9774,6563913
2003-08-26,29.9774,30.0925,29.7768,29.9057,5324630
2003-08-27,29.5123,29.5959,28.9163,29.3706,10498047
2003-08-28,29.4071,29.6303,29.3933,29.5752,4582064
2003-08-29,29.4867,29.7611,29.0982,29.4798,4429500
2003-09-02,29.5674,30.0355,29.5005,29.8762,3354569
2003-09-03,29.8674,29.9646,29.4612,29.5674,5851474
2003-09-04,29.5359,29.5359,29.0461,29.3559,4209147
2003-09-05,29.3874,29.5211,28.991,29.1848,4230203
2003-09-08,29.1848,29.8594,29.1848,29.5359,3405360
2003-09-09,29.6155,29.883,29.0824,29.17,3404204
2003-09-10,29.3706,29.8536,29.3353,29.6303,3474305
2003-09-11,29.6303,29.9568,29.6027,29.6824,2867705
2003-09-12,29.6972,29.883,29.6746,29.7768,3383343
2003-09-15,29.8142,29.8536,29.5959,29.7296,2767663
2003-09-16,29.7355,30.2784,29.6519,30.2784,3328887
2003-09-17,30.3424,30.367,30.1279,30.2223,2610846
2003-09-18,30.2223,30.5971,30.2095,30.423,2697369
2003-09-19,29.7768,30.4446,29.4798,30.3424,8521613
2003-09-22,30.3424,30.423,30.063,30.3955,5702767
2003-09-23,30.3955,30.4977,30.1634,30.2499,3325601
2003-09-24,30.2027,30.303,29.9774,30.0463,3953062
2003-09-25,30.0463,30.3296,29.9253,29.9774,3511577
2003-09-26,29.8762,30.0925,29.7247,29.8536,3065463
2003-09-29,29.8319,30.4368,29.8319,30.1083,3406908
2003-09-30,30.0414,30.367,29.9332,30.2371,5344716
2003-10-01,30.2951,30.2951,30.1161,30.1634,7412694
2003-10-02,30.1634,30.3089,29.948,30.0207,5993803
2003-10-03,30.0207,30.7063,29.9411,30.0552,7938378
2003-10-06,30.0463,30.2371,30.0463,30.1781,3103507
2003-10-07,30.1781,30.2725,29.7768,30.2223,3568939
2003-10-08,30.2725,30.4161,30.0788,30.2223,3400921
2003-10-09,30.2223,30.7544,30.1368,30.2951,4438962
2003-10-10,29.2546,30.4033,28.9969,30.1634,3713203
2003-10-13,30.3886,30.4761,30.1634,30.2095,2327148
2003-10-14,30.4761,30.4761,30.2371,30.3886,2357853
2003-10-15,30.3886,30.4368,30.1161,30.186,3272298
2003-10-16,30.1634,30.4161,30.1279,30.3296,2169752
2003-10-17,30.4761,30.5165,30.186,30.303,3055613
2003-10-20,30.303,30.303,29.8171,30.124,3710688
2003-10-21,30.124,30.3364,29.7768,30.1634,3688092
2003-10-22,30.1634,30.1634,28.9163,28.991,11431416
2003-10-23,28.991,30.3364,26.4811,30.0276,9604268
2003-10-24,30.0276,30.359,29.7768,30.2951,4634596
2003-10-27,30.2951,30.4368,30.186,30.3296,2921392
2003-10-28,30.3955,30.4761,30.2027,30.4604,3213588
2003-10-29,30.4604,30.4682,29.9991,30.4033,2580528
2003-10-30,30.4033,30.8085,30.3955,30.6698,4091153
2003-10-31,30.6414,30.8321,30.2725,30.7279,4449200
2003-11-03,30.7544,30.8321,30.4033,30.546,3070015
2003-11-04,30.546,30.546,30.1781,30.2951,3261541
2003-11-05,30.2951,31.4065,30.2951,30.546,6341436
2003-11-06,30.546,30.546,29.8762,30.5233,3070677
2003-11-07,30.0119,30.0276,29.3874,29.5073,8820954
2003-11-10,29.5359,29.7179,29.4612,29.4936,3341245
2003-11-11,29.4936,29.9185,29.4365,29.9185,3121279
2003-11-12,29.9185,30.2951,29.6381,30.2371,3985127
2003-11-13,30.186,31.1164,30.1279,30.7466,4718801
2003-11-14,30.7466,31.7841,30.7466,31.5845,6162984
2003-11-17,31.5069,32.1245,31.3033,31.7773,4135568
2003-11-18,31.7931,31.9317,31.2757,31.4478,3095782
2003-11-19,31.4282,31.8324,31.3081,31.7655,2999802
2003-11-20,31.7704,31.9317,31.4065,31.557,2773654
2003-11-21,31.615,31.6219,31.3997,31.5619,2235026
2003-11-24,31.6849,32.0252,31.6849,31.852,3093855
2003-11-25,31.8875,32.1048,31.732,31.8186,2995167
2003-11-26,31.7232,31.8727,31.4901,31.6907,2633252
2003-11-28,31.6849,31.7655,31.4557,31.6583,1439549
2003-12-01,31.8324,32.5208,31.7931,32.5071,3341825
2003-12-02,32.5071,32.8178,32.3251,32.6801,4338346
2003-12-03,32.6615,33.106,32.3546,32.7176,2129006
2003-12-04,32.7018,32.8827,32.4009,32.6763,2217259
2003-12-05,32.7018,32.7765,32.514,32.5454,1579563
2003-12-08,32.2396,32.809,32.2396,32.809,1894354
2003-12-09,32.7224,32.7943,32.514,32.5809,2428730
2003-12-10,32.5523,32.6556,32.0921,32.2553,1966200
2003-12-11,32.2316,32.6241,32.1628,32.6241,2447269
2003-12-12,32.6241,33.047,32.3645,32.9998,2737537
2003-12-15,33.5191,33.5191,32.7943,32.8965,3065851
2003-12-16,32.8827,32.9998,32.6939,32.9044,3395125
2003-12-17,32.869,32.8789,32.4146,32.5661,2755499
2003-12-18,32.1048,32.3035,31.9464,32.1314,7186160
2003-12-19,32.1402,32.4146,31.8727,31.9612,8317484
2003-12-22,31.8727,32.03,31.852,31.9396,5086700
2003-12-23,31.9396,32.3251,31.6632,32.155,4255107
2003-12-24,32.155,32.4146,31.9819,32.2316,1658745
2003-12-26,32.1245,32.3939,32.1245,32.331,585360
2003-12-29,32.4943,32.6939,32.2238,32.6615,2268633
2003-12-30,32.6763,32.7539,32.4215,32.5071,2057741
2003-12-31,32.5523,32.7313,31.5777,31.6701,12401482
2004-01-02,31.1085,31.3249,30.72,30.9,10958457
2004-01-05,30.9,31.3406,30.9,31.3406,9115281
2004-01-06,31.1468,31.3475,31.0446,31.2216,3850516
2004-01-07,31.1961,31.6849,31.1596,31.4557,4387018
2004-01-08,31.4606,31.557,31.1961,31.4153,4902271
2004-01-09,31.1468,31.4832,31.081,31.0937,4107951
2004-01-12,31.0937,31.139,30.5047,30.6414,5151398
2004-01-13,30.546,30.7358,30.3886,30.6187,5193887
2004-01-14,30.6768,31.0662,30.5616,30.8843,5544601
2004-01-15,30.7544,31.1961,30.6129,31.0662,3862294
2004-01-16,31.0869,31.2993,30.8321,31.0514,3988405
2004-01-20,30.8085,31.0662,30.546,30.7544,6398211
2004-01-21,30.6266,31.0328,30.6266,30.9925,5638458
2004-01-22,31.081,33.1011,31.081,32.6939,11469463
2004-01-23,32.6939,32.925,31.8382,32.9192,7674568
2004-01-26,33.1011,33.6194,32.9871,33.348,6302221
2004-01-27,33.2958,33.348,33.0549,33.1346,4170908
2004-01-28,33.1562,33.2152,32.6162,32.7539,4361137
2004-01-29,32.6763,33.2958,32.6093,33.1346,4171100
2004-01-30,33.0883,33.2496,32.8258,33.1955,3813240
2004-02-02,33.2024,34.0679,33.0332,33.6912,5191378
2004-02-03,33.6912,34.0679,33.3725,34.0236,3187130
2004-02-04,33.7856,33.9657,33.3401,33.6332,5281759
2004-02-05,33.7856,33.9154,33.0637,33.2024,3164918
2004-02-06,33.2496,33.5535,33.2024,33.408,2311507
2004-02-09,33.3952,33.3952,32.933,32.9486,2941285
2004-02-10,33.0332,33.4522,33.0057,33.4522,2260328
2004-02-11,33.3725,34.126,33.2713,34.0433,3877167
2004-02-12,34.0433,34.1643,33.5821,33.6548,2636919
2004-02-13,33.2653,33.9509,33.1346,33.8633,3345106
2004-02-17,33.8721,34.0433,33.6843,33.9096,1601006
2004-02-18,33.9657,34.0679,33.6194,33.6479,1875627
2004-02-19,33.8928,34.0747,33.3952,33.4011,3724983
2004-02-20,33.4522,33.6843,33.3096,33.5447,2448431
2004-02-23,33.3952,33.4011,32.9939,33.1346,3180568
2004-02-24,33.1346,33.6046,32.9486,33.287,1989956
2004-02-25,33.4611,33.6332,33.2348,33.5594,1926416
2004-02-26,33.5594,33.6548,33.3597,33.5535,1821353
2004-02-27,33.526,33.9096,33.526,33.7787,2342017
2004-03-01,33.7787,34.0787,33.5899,33.999,2160290
2004-03-02,33.9214,34.3984,33.7856,34.1731,4239272
2004-03-03,34.1731,34.4839,34.1535,34.4377,2355538
2004-03-04,34.4072,34.7731,34.2105,34.6737,2728075
2004-03-05,34.5066,35.1547,34.4603,34.8763,4078785
2004-03-08,34.8517,35.2108,34.8084,34.9038,2967166
2004-03-09,34.8852,34.895,34.1731,34.5725,4949970
2004-03-10,34.4918,34.6797,34.3826,34.4603,4526254
2004-03-11,34.4603,34.9796,34.4072,34.5134,4962326
2004-03-12,34.5203,34.5911,34.3384,34.5645,4217066
2004-03-15,34.4338,34.5203,34.0679,34.117,3255500
2004-03-16,34.2036,34.2745,33.6843,34.0236,3322319
2004-03-17,34.1948,34.1948,33.8407,34.0236,2528185
2004-03-18,34.0236,34.126,33.642,33.9657,3022203
2004-03-19,33.9154,34.0935,33.6775,33.763,2728654
2004-03-22,33.763,34.0236,33.4906,33.6548,2187520
2004-03-23,33.6548,33.6548,33.2585,33.3667,4573184
2004-03-24,33.3725,33.3725,33.0126,33.1346,3699490
2004-03-25,33.1394,33.3401,32.9044,33.1139,3273454
2004-03-26,34.4603,35.0475,34.2036,34.8724,9939338
2004-03-29,34.9413,35.6848,34.7731,35.5441,4203353
2004-03-30,35.4124,35.9848,34.9954,35.2481,2361910
2004-03-31,35.1852,35.8746,35.1399,35.671,3005790
2004-04-01,35.671,36.1952,35.6602,35.8038,3088440
2004-04-02,36.1421,36.2415,35.9473,36.1952,3174774
2004-04-05,36.2415,36.8503,36.1952,36.7942,3857656
2004-04-06,36.4234,36.7126,36.2415,36.5896,3581687
2004-04-07,36.4234,36.7696,36.384,36.5325,2261872
2004-04-08,36.5405,36.5405,36.1569,36.3014,2040362
2004-04-12,36.3231,36.8503,36.3113,36.8277,2085356
2004-04-13,36.866,37.0882,36.5729,36.684,4246224
2004-04-14,36.504,36.7401,36.4303,36.5818,2902467
2004-04-15,36.5956,36.7617,36.392,36.6113,4271332
2004-04-16,36.7126,36.8561,36.5533,36.8433,2998061
2004-04-19,36.8433,37.2367,36.7401,37.0499,2595399
2004-04-20,37.2329,37.4128,36.6477,36.6477,3114709
2004-04-21,36.6545,37.6193,36.6545,37.3843,4581875
2004-04-22,36.6634,38.2684,36.4972,37.4128,9773638
2004-04-23,37.3311,37.6489,37.0735,37.1984,3624558
2004-04-26,37.282,37.6744,37.0233,37.1826,3115288
2004-04-27,37.3115,37.5997,37.0882,37.2367,3182301
2004-04-28,37.2053,37.3243,36.866,36.9269,3082455
2004-04-29,36.9201,37.2535,36.684,36.7617,2745649
2004-04-30,37.0233,38.1612,36.9565,37.9311,5239460
2004-05-03,37.8732,39.5333,37.7099,39.2038,7403231
2004-05-04,39.2038,39.2736,38.6314,38.8734,4074347
2004-05-05,38.7592,39.3454,38.6235,39.1507,2817108
2004-05-06,39.0159,39.6336,39.0081,39.3454,2851095
2004-05-07,39.0927,39.5667,39.0927,39.1143,2649086
2004-05-10,39.1212,39.1634,38.1101,38.4209,4763026
2004-05-11,38.3796,38.9668,38.2547,38.5802,2468325
2004-05-12,38.4209,38.836,38.0758,38.6874,2437616
2004-05-13,38.472,38.9608,38.3708,38.6953,1987058
2004-05-14,37.4335,38.4406,37.4335,38.0255,7501721
2004-05-17,37.6744,37.6744,35.5235,35.8343,15075096
2004-05-18,35.9848,36.1952,34.8459,34.9599,10387769
2004-05-19,34.9541,35.4704,34.4072,34.7928,10635164
2004-05-20,34.7436,35.0406,34.4377,34.4377,4341822
2004-05-21,34.6403,34.8459,34.1377,34.5351,3880445
2004-05-24,34.6649,34.8242,33.8565,33.9745,4409414
2004-05-25,33.9657,34.9038,33.8633,34.7799,4389521
2004-05-26,34.6797,35.1763,34.6649,35.0533,3243525
2004-05-27,35.0533,35.5441,34.9727,35.3347,3936451
2004-05-28,35.3347,35.5078,34.9599,35.0573,2339510
2004-06-01,35.0829,35.6848,35.074,35.5235,3760127
2004-06-02,35.6523,35.671,35.193,35.3425,2597523
2004-06-03,35.2108,35.5727,35.1202,35.2481,2362489
2004-06-04,35.4429,35.6258,35.2855,35.4064,2143488
2004-06-07,35.5078,35.671,35.2855,35.6523,1522011
2004-06-08,35.5727,35.8618,35.4704,35.788,2457119
2004-06-09,35.788,35.8038,35.2992,35.3632,1825797
2004-06-10,35.315,35.6779,35.2707,35.6455,1939738
2004-06-14,35.6455,35.6455,35.2481,35.4429,2125716
2004-06-15,35.6523,36.1736,35.6455,35.9473,3037849
2004-06-16,35.9473,36.0555,35.5943,35.6523,2480683
2004-06-17,35.5727,35.7664,35.3799,35.7585,1439936
2004-06-18,35.7339,35.7339,35.2855,35.4016,3332558
2004-06-21,35.3425,35.5235,34.9038,34.9038,2134991
2004-06-22,34.9038,35.5441,34.4377,35.4124,4067770
2004-06-23,35.3632,36.1952,35.3347,36.1736,3817878
2004-06-24,36.2139,36.4539,36.0555,36.3231,2304169
2004-06-25,36.3319,36.3526,35.6455,35.7006,3470832
2004-06-28,35.8815,35.9473,35.2855,35.3799,1630165
2004-06-29,35.2343,36.207,35.0661,35.9848,1923327
2004-06-30,35.9926,36.3605,35.6523,36.2739,3136144
2004-07-01,30.6768,30.6836,27.1351,27.3731,68690276
2004-07-02,27.2639,27.3023,26.602,26.8056,18144611
2004-07-06,26.7112,27.2295,26.6247,26.9286,9090746
2004-07-07,26.8351,27.0309,26.4811,26.7447,8646948
2004-07-08,26.5725,26.7201,25.8231,25.9441,8604077
2004-07-09,25.6294,25.9441,25.2703,25.3392,9168383
2004-07-12,25.117,25.5841,24.3597,24.5957,14167406
2004-07-13,24.5957,25.1425,24.5691,25.0353,13546709
2004-07-14,24.9871,26.0533,24.9272,25.9972,11074135
2004-07-15,25.9972,26.3286,25.9687,26.1339,6531467
2004-07-16,26.3168,26.3916,25.9362,26.125,5777704
2004-07-19,26.1339,26.2214,25.9755,26.0415,5344521
2004-07-20,26.0493,26.1172,25.7946,26.011,3596748
2004-07-21,25.89,26.2332,25.8605,25.9176,4143288
2004-07-22,25.7749,26.5667,25.7749,26.4359,4811696
2004-07-23,26.4359,26.7387,26.2755,26.3513,3280794
2004-07-26,26.3513,26.3513,25.9687,26.1339,2223436
2004-07-27,23.3053,23.5532,22.2392,22.7791,37767783
2004-07-28,22.7791,23.1765,22.7329,23.0418,14544196
2004-07-29,23.0181,23.2965,22.7329,23.1765,8124551
2004-07-30,23.147,23.3801,23.0043,23.0418,6880244
2004-08-02,22.8372,23.0752,22.7791,23.026,9516008
2004-08-03,22.9099,23.2915,22.8677,23.0418,5248727
2004-08-04,22.0582,23.0181,22.0582,22.8677,6127060
2004-08-05,22.7418,22.9099,22.6306,22.6306,5826559
2004-08-06,22.6306,22.8372,22.4703,22.788,7331583
2004-08-09,22.7791,22.8175,22.5863,22.6857,5253947
2004-08-10,22.7103,22.8726,22.5352,22.8332,5530311
2004-08-11,22.7418,22.9099,22.6494,22.8529,4345877
2004-08-12,22.8372,22.9699,22.6366,22.7015,3607948
2004-08-13,22.2697,22.371,21.8498,21.9166,6820959
2004-08-16,21.9432,22.2618,21.9372,22.1448,6172062
2004-08-17,22.2097,22.6366,22.1949,22.551,4777319
2004-08-18,22.4909,22.8677,22.3907,22.8372,6152939
2004-08-19,22.7103,23.0329,22.6709,22.9611,4885075
2004-08-20,22.9099,23.147,22.8726,23.0526,2080920
2004-08-23,23.0418,23.1696,22.7329,22.8588,2593076
2004-08-24,22.9897,23.1125,22.7418,22.9031,3325991
2004-08-25,22.8588,23.3506,22.788,23.3132,4333130
2004-08-26,23.322,23.7627,23.3132,23.7154,4391064
2004-08-27,23.7154,23.7685,23.443,23.7086,1647737
2004-08-30,23.6398,23.6398,23.2139,23.3368,2736378
2004-08-31,23.3368,23.4695,23.1696,23.4076,2427373
2004-09-01,23.443,23.7685,23.4224,23.7086,3174194
2004-09-02,23.7154,24.7845,23.7086,24.697,5811115
2004-09-03,24.7639,24.9822,24.4029,24.52,2423517
2004-09-07,24.5957,24.8593,24.52,24.7639,2783501
2004-09-08,24.7039,24.7039,23.8689,24.1737,9289474
2004-09-09,24.1737,24.5957,23.9653,24.4029,4052132
2004-09-10,23.6879,23.8837,23.4627,23.74,4240048
2004-09-13,23.7685,23.9043,23.4627,23.5532,4735796
2004-09-14,23.2414,25.2242,23.147,24.5888,21631855
2004-09-15,24.4609,24.6517,24.0528,24.2937,8918870
2004-09-16,24.2672,24.7274,24.2672,24.7274,6036485
2004-09-17,24.7412,24.821,24.5691,24.7895,4752792
2004-09-20,24.7137,24.8298,24.5268,24.5691,2677088
2004-09-21,24.159,24.6901,24.1276,24.5957,3725175
2004-09-22,24.4688,24.5809,24.3194,24.3735,4184229
2004-09-23,24.2859,24.4472,23.7911,23.919,4826176
2004-09-24,23.9781,24.1452,23.5945,23.6801,4793544
2004-09-27,23.4292,23.5857,23.2915,23.2915,5033399
2004-09-28,23.2915,23.3801,23.0909,23.2069,4694848
2004-09-29,23.1037,23.2011,22.8873,23.0329,5106402
2004-09-30,23.026,23.026,22.4349,22.6631,5532046
2004-10-01,22.6709,23.1263,22.6709,22.8873,3742943
2004-10-04,22.8873,23.1765,22.6709,22.6925,4335066
2004-10-05,22.6494,22.7358,22.4969,22.5205,3883928
2004-10-06,22.5205,22.6631,22.2844,22.6552,6379481
2004-10-07,22.5352,22.6021,22.2097,22.248,4740426
2004-10-08,22.248,22.3129,22.011,22.0218,2714169
2004-10-11,22.0434,22.2392,22.0287,22.1369,3325601
2004-10-12,22.0287,22.1369,21.77,21.8792,3425061
2004-10-13,21.8498,21.9166,21.5636,21.5891,4151207
2004-10-14,21.5399,21.6786,21.294,21.294,3454609
2004-10-15,21.3618,21.4081,21.1809,21.2586,2821733
2004-10-18,21.2586,21.3324,21.1219,21.1987,4465037
2004-10-19,21.1987,21.294,20.6243,20.8181,5064490
2004-10-20,20.4502,20.6311,18.6848,19.4912,24459776
2004-10-21,19.39,20.1758,19.3496,19.9604,9567186
2004-10-22,20.0391,20.6311,19.8443,19.9289,9064484
2004-10-25,19.7882,20.0558,19.6782,20.0479,5431046
2004-10-26,20.0479,20.5387,19.9604,20.3646,6330035
2004-10-27,23.0418,25.1346,23.0418,24.52,31731486
2004-10-28,24.3735,24.5111,24.1934,24.2515,5868088
2004-10-29,24.159,24.2859,23.8256,24.2072,3644837
2004-11-01,24.159,24.1934,23.8954,23.9653,2598298
2004-11-02,24.1797,24.3262,23.8256,23.8837,4007527
2004-11-03,24.2072,24.34,23.6476,23.7685,4684615
2004-11-04,23.7745,23.9112,23.5719,23.7911,4264957
2004-11-05,24.4688,24.7196,24.1521,24.52,7980479
2004-11-08,24.7274,25.4592,24.6715,25.3785,9475261
2004-11-09,25.6884,26.2411,25.534,26.0415,8560621
2004-11-10,26.0415,26.6168,26.0188,26.309,6737141
2004-11-11,26.4565,26.8449,26.3286,26.8194,5190989
2004-11-12,26.7515,26.9286,26.602,26.8972,3767085
2004-11-15,26.9128,27.0633,26.6817,26.7742,3506367
2004-11-16,26.6463,26.7673,26.2834,26.4142,4161633
2004-11-17,26.4565,26.8194,26.3453,26.5431,3832942
2004-11-18,26.6168,26.8774,26.4958,26.727,2354379
2004-11-19,26.8774,26.8774,26.3286,26.5303,3463687
2004-11-22,26.4074,26.6748,26.2569,26.6748,2379484
2004-11-23,26.6168,26.727,26.3513,26.4565,3282341
2004-11-24,26.4074,26.6817,26.3994,26.6523,2716876
2004-11-26,26.6523,26.8696,26.6375,26.8056,883928
2004-11-29,26.8401,26.9128,26.6375,26.7447,1959830
2004-11-30,26.6984,27.2079,26.6984,27.0712,3277900
2004-12-01,27.1223,27.7124,27.1016,27.7124,3288135
2004-12-02,27.5904,27.9583,27.4823,27.7046,3362300
2004-12-03,27.5757,27.8137,27.3023,27.5187,2593657
2004-12-06,27.2974,27.7291,26.8401,27.6161,2802427
2004-12-07,27.6161,27.6327,26.8972,27.0309,3365963
2004-12-08,27.1882,28.1196,27.1567,28.0685,5416943
2004-12-09,28.0764,28.8828,27.6259,28.8828,4970051
2004-12-10,28.7285,29.4798,28.5642,29.3933,5318065
2004-12-13,29.0461,29.3628,28.3468,28.876,8806856
2004-12-14,28.8051,29.2722,28.6231,29.1562,4427762
2004-12-15,29.1768,29.4297,29.0461,29.4297,6489565
2004-12-16,29.3874,29.9646,29.3706,29.9253,4219376
2004-12-17,29.9253,29.9646,29.6519,29.9057,7623968
2004-12-20,29.9057,30.2155,29.4071,30.07,4203928
2004-12-21,30.07,30.423,30.063,30.2951,2999993
2004-12-22,29.2546,29.5123,29.0461,29.2949,7639423
2004-12-23,29.3018,29.769,29.2241,29.5123,2864033
2004-12-27,29.5526,29.7611,29.3706,29.4297,1346271
2004-12-28,29.3215,29.8408,29.3215,29.8241,2165116
2004-12-29,29.645,29.8241,29.5959,29.7611,2005209
2004-12-30,29.7611,30.3256,29.7355,30.3167,2011396
2004-12-31,30.2155,30.2863,29.948,30.1083,2578985
2005-01-03,30.1368,30.2588,29.5359,29.6097,2882190
2005-01-04,29.6097,29.6097,28.3331,28.7688,7112383
2005-01-05,28.7688,28.9969,28.6861,28.6999,3283888
2005-01-06,28.6586,29.4139,28.6586,29.1768,2320969
2005-01-07,29.1768,29.2949,28.9674,29.0598,1829661
2005-01-10,28.9251,29.0245,28.693,28.7215,2769975
2005-01-11,28.572,28.8002,28.3842,28.4756,3141944
2005-01-12,28.4363,28.4678,28.0213,28.3094,4844519
2005-01-13,28.3251,28.3842,27.98,28.0369,4407482
2005-01-14,28.0449,28.2111,27.973,28.1806,4522778
2005-01-18,27.9583,28.2317,27.8443,28.2179,4328497
2005-01-19,28.2179,28.2553,27.8866,28.0685,5361907
2005-01-20,28.0764,28.3389,28.0006,28.2179,4174386
2005-01-21,28.1954,28.279,27.9652,28.1196,3123401
2005-01-24,28.1295,28.2179,27.9583,28.0153,2405168
2005-01-25,28.0153,28.1196,27.9091,27.9583,3133638
2005-01-26,27.973,28.1806,27.7626,27.8776,2257432
2005-01-27,27.8039,28.1668,27.7744,28.1196,2216485
2005-01-28,28.6084,29.2241,28.5798,28.7688,5132662
2005-01-31,28.9969,29.1622,28.8828,29.1622,3103321
2005-02-01,29.3353,30.3256,29.1317,30.2371,7077622
2005-02-02,30.1781,30.3758,30.07,30.3167,3988018
2005-02-03,30.9925,31.4153,30.8616,31.1164,7890290
2005-02-04,28.7285,30.6187,28.6084,30.1279,17924066
2005-02-07,30.1279,30.1368,29.7542,29.8909,5376772
2005-02-08,29.7611,29.7906,29.4071,29.7119,3495549
2005-02-09,29.645,29.9253,28.9832,29.2546,4245063
2005-02-10,29.288,29.5005,28.9074,29.4071,4184035
2005-02-11,29.3559,29.8142,29.17,29.6303,2260715
2005-02-14,29.5526,29.7296,29.4071,29.5959,2259166
2005-02-15,29.5959,29.6972,29.3933,29.4867,3198330
2005-02-16,29.4297,29.8476,29.3353,29.7119,2474502
2005-02-17,29.6303,29.8536,29.4739,29.7247,2115483
2005-02-18,29.7768,30.3846,29.6027,30.2155,3189059
2005-02-22,30.0355,30.2725,29.5359,29.5359,3625909
2005-02-23,29.5959,30.1781,29.5959,30.07,3218607
2005-02-24,29.9568,30.5115,29.6972,30.4909,2225180
2005-02-25,30.423,30.8774,30.124,30.8085,3123211
2005-02-28,30.6974,30.8616,30.3089,30.3167,4047112
2005-03-01,30.3167,30.6266,30.3089,30.4761,3136341
2005-03-02,30.2588,30.2951,29.7768,29.9716,3759358
2005-03-03,30.0856,30.1781,29.6588,29.7768,3769406
2005-03-04,29.8674,30.0552,29.7444,30.0355,2083426
2005-03-07,30.0414,30.1161,29.8762,29.9057,2043064
2005-03-08,29.8536,29.9942,29.5959,29.7985,1544799
2005-03-09,29.6746,29.9568,29.5123,29.6824,3431630
2005-03-10,29.6027,29.7611,29.5123,29.5752,2242750
2005-03-11,29.5526,29.7179,29.4365,29.5005,1625720
2005-03-14,29.3874,29.6746,29.2241,29.6746,2095982
2005-03-15,29.6746,29.7247,29.3706,29.3706,2859398
2005-03-16,29.2035,29.348,28.8828,28.991,2491110
2005-03-17,29.0245,29.1395,28.8966,29.0028,2952680
2005-03-18,29.0982,29.17,28.8966,29.0598,4881025
2005-03-21,29.053,29.2035,28.8828,28.991,1689645
2005-03-22,28.9163,29.1562,28.7147,28.7147,2073768
2005-03-23,28.7215,29.6519,28.5642,29.4867,3322508
2005-03-24,29.4365,29.7247,29.17,29.6027,2322900
2005-03-28,28.5868,28.991,27.3662,27.8511,12341415
2005-03-29,28.0369,28.3251,27.8295,27.973,5870786
2005-03-30,27.9091,28.4678,27.8934,28.3989,3142710
2005-03-31,28.4756,29.0156,28.3989,28.8966,3428731
2005-04-01,28.5277,28.991,28.098,28.3094,7355528
2005-04-04,28.3094,29.0598,28.2632,28.9674,5030695
2005-04-05,28.9674,29.3215,28.9674,29.1562,2717838
2005-04-06,29.3047,29.4001,29.0746,29.1395,2893771
2005-04-07,29.1484,29.4523,28.9615,29.4297,2516216
2005-04-08,28.9969,29.1484,28.6487,28.754,5014283
2005-04-11,28.754,28.8513,28.6349,28.7147,3735989
2005-04-12,28.6084,28.9969,28.3842,28.8897,2743524
2005-04-13,28.8002,28.9163,28.4756,28.6429,4037653
2005-04-14,28.6429,29.2241,28.6429,28.8002,4048659
2005-04-15,28.2465,28.9832,28.2465,28.5573,6241196
2005-04-18,28.5573,28.6999,28.0291,28.0596,3526836
2005-04-19,28.1196,28.2553,27.8137,28.1461,3069909
2005-04-20,28.0153,28.3163,27.5491,27.5904,3065074
2005-04-21,27.8039,28.7147,27.7902,28.5219,3465420
2005-04-22,28.279,28.6654,28.0517,28.2111,2512158
2005-04-25,28.2553,28.4205,27.8295,28.1954,2758008
2005-04-26,28.1137,28.3389,27.9407,27.9407,1745072
2005-04-27,27.9407,28.6084,27.7744,28.5445,3059864
2005-04-28,28.2179,28.7068,28.2111,28.4836,3525290
2005-04-29,28.4756,28.7894,28.0369,28.7776,5536874
2005-05-02,28.7776,28.991,28.7688,28.8592,2625332
2005-05-03,28.812,28.9379,28.4678,28.6487,3683073
2005-05-04,28.8356,29.1277,28.6487,28.9458,3073957
2005-05-05,28.9969,28.9969,28.5573,28.7285,2770944
2005-05-06,28.8966,29.0598,28.7894,28.9546,3003856
2005-05-09,28.9163,29.2163,28.754,29.1277,2820967
2005-05-10,28.812,29.4208,28.6586,29.1768,2543060
2005-05-11,29.1317,29.5959,28.991,29.5359,2746230
2005-05-12,29.5959,30.4309,29.5594,30.0355,4585736
2005-05-13,30.0355,30.1427,29.4867,29.7906,3101964
2005-05-16,29.7542,30.2725,29.7247,30.2027,2889140
2005-05-17,30.0355,30.7358,29.9057,30.662,3105631
2005-05-18,30.662,30.8931,30.4309,30.6344,3885273
2005-05-19,30.546,30.6344,30.4446,30.6344,3968707
2005-05-20,30.6768,30.7466,30.303,30.5047,2444568
2005-05-23,30.423,30.546,30.2371,30.4033,2321932
2005-05-24,30.3089,30.4446,30.1634,30.3424,1521817
2005-05-25,30.2027,30.3296,29.9991,30.0788,1502502
2005-05-26,30.0788,30.2155,29.9991,30.1004,2481645
2005-05-27,30.1574,30.2371,29.8142,29.9253,2486664
2005-05-31,30.006,30.2155,29.8594,29.9991,3265542
2005-06-01,29.9568,30.4033,29.9253,30.0552,2104476
2005-06-02,29.8594,29.9991,29.6883,29.9716,1215328
2005-06-03,29.9253,29.9253,29.6097,29.7611,1402274
2005-06-06,29.6883,30.359,29.6883,30.2027,1987630
2005-06-07,30.3089,30.7761,30.2155,30.2371,2159897
2005-06-08,30.3955,30.4446,29.8674,29.948,1511969
2005-06-09,29.7768,30.1004,29.7768,29.9115,2451330
2005-06-10,29.7906,29.8241,29.3126,29.529,2191767
2005-06-13,29.469,30.1083,29.4523,30.0355,2757817
2005-06-14,30.0207,30.3296,29.9774,30.2656,2552525
2005-06-15,30.2951,30.2951,29.8142,30.0355,2633058
2005-06-16,30.0856,30.4604,30.0355,30.4446,2463492
2005-06-17,30.7063,31.0446,30.4525,30.8321,5662218
2005-06-20,30.7063,31.2472,30.7063,31.1164,6058885
2005-06-21,31.1164,31.4665,31.0328,31.2216,2909615
2005-06-22,31.2216,31.5698,31.2216,31.3249,3295087
2005-06-23,31.375,31.6376,31.317,31.4832,4536687
2005-06-24,31.3406,31.557,31.2117,31.3318,4167815
2005-06-27,29.5211,29.9774,28.5573,29.2163,19039551
2005-06-28,29.2546,29.6883,29.2546,29.5211,9057146
2005-06-29,29.5674,29.8536,29.4139,29.7247,6763601
2005-06-30,29.6824,30.0463,29.6824,29.8142,3869827
2005-07-01,29.7818,30.1634,29.7444,30.124,3963298
2005-07-05,30.1368,30.5312,29.9991,30.423,6902071
2005-07-06,30.3955,30.4446,29.9991,30.0414,4105632
2005-07-07,29.7768,30.0355,29.5211,29.9332,3890683
2005-07-08,29.9568,30.3955,29.5959,30.2371,5491683
2005-07-11,30.0355,30.2656,29.9185,30.2027,2967546
2005-07-12,30.124,30.2155,29.8997,30.1004,2921780
2005-07-13,29.9991,30.1427,29.8674,30.0856,1583810
2005-07-14,30.2027,30.423,30.124,30.1427,2931239
2005-07-15,30.0355,30.0925,29.6588,29.9253,2781372
2005-07-18,29.9253,30.0463,29.9253,29.9253,3461756
2005-07-19,30.006,30.0552,29.9057,30.0355,5797206
2005-07-20,29.9853,30.3167,29.9853,30.2863,3080527
2005-07-21,30.2588,30.3512,29.9057,30.0355,2650632
2005-07-22,30.0355,30.1083,29.6027,29.9774,1877553
2005-07-25,29.9774,30.063,29.5526,29.6588,2290261
2005-07-26,29.6666,29.8536,29.6155,29.7985,2096750
2005-07-27,30.1083,30.2951,29.9057,30.2951,4721119
2005-07-28,30.2725,30.6836,30.2725,30.5616,5158154
2005-07-29,30.4604,30.9925,30.4033,30.8498,5232897
2005-08-01,30.8321,31.2629,30.7544,30.9797,4221506
2005-08-02,31.0594,31.1468,30.9137,31.0446,2286012
2005-08-03,30.9,30.9137,30.7121,30.7928,2938582
2005-08-04,30.7358,30.8843,30.5165,30.546,2064110
2005-08-05,30.2371,30.8616,30.1083,30.662,2786012
2005-08-08,30.9374,31.0151,30.5744,30.7121,3209725
2005-08-09,30.7928,30.9649,30.5115,30.6482,3966001
2005-08-10,30.662,30.9502,30.4368,30.5823,4544408
2005-08-11,30.6414,30.9137,30.6414,30.8931,1942448
2005-08-12,30.7544,30.8695,30.2725,30.6915,1545961
2005-08-15,30.6915,30.7702,30.4368,30.72,3574154
2005-08-16,30.7416,30.8616,30.3846,30.423,2390877
2005-08-17,30.423,30.9295,30.3424,30.7928,2827144
2005-08-18,30.7544,31.0446,30.662,30.8223,1981262
2005-08-19,30.9718,30.9925,30.4309,30.4604,2272687
2005-08-22,30.4604,30.8774,30.4368,30.7466,2364035
2005-08-23,30.7466,30.8774,30.1427,30.4033,2609880
2005-08-24,30.3424,30.4604,30.006,30.1161,2224021
2005-08-25,30.0552,30.2155,30.006,30.1279,1796248
2005-08-26,30.0276,30.1702,29.8241,29.9774,1509653
2005-08-29,29.7768,30.1496,29.7611,30.0856,2009260
2005-08-30,30.0355,30.2223,29.9646,30.0925,2489179
2005-08-31,30.0925,30.9925,30.0355,30.8616,4703543
2005-09-01,30.8154,31.0239,30.6187,30.7121,2890299
2005-09-02,30.656,30.7544,30.4368,30.4909,2070875
2005-09-06,30.5823,31.0662,30.5823,31.0662,2657777
2005-09-07,31.0662,31.139,30.7839,30.9137,4567973
2005-09-08,30.3424,30.6836,30.3424,30.4977,4268045
2005-09-09,31.3249,31.3249,30.9,30.9718,4292577
2005-09-12,30.8616,31.3907,30.8616,31.375,7637293
2005-09-13,31.2216,31.3033,30.9295,31.0151,3254919
2005-09-14,31.2216,31.557,31.2167,31.375,8160469
2005-09-15,31.5069,32.3035,31.436,32.3035,8230574
2005-09-16,32.331,32.8907,32.2474,32.809,10231344
2005-09-19,32.6939,32.6939,32.3733,32.5729,2879678
2005-09-20,32.5729,32.7943,32.1245,32.3143,3479522
2005-09-21,32.1245,32.3645,31.8432,31.9091,3668206
2005-09-22,31.9396,32.155,31.7153,31.7537,4219953
2005-09-23,31.7655,32.2081,31.5845,32.0773,3704512
2005-09-26,32.331,32.4087,31.5933,31.7232,2425641
2005-09-27,31.8382,32.2316,31.5777,32.2081,2980301
2005-09-28,32.4422,32.747,32.1048,32.6683,4444563
2005-09-29,32.5592,32.7943,32.2956,32.7018,2672841
2005-09-30,32.5661,33.0254,32.4825,32.8484,2817876
2005-10-03,32.7539,32.8484,32.4825,32.5867,3973535
2005-10-04,32.6241,33.3952,32.6241,32.9408,3530509
2005-10-05,32.8965,33.1651,32.3733,32.4422,3677668
2005-10-06,32.5661,32.933,32.3733,32.6556,3529928
2005-10-07,32.8907,32.9998,32.6615,32.9044,2996909
2005-10-10,32.8011,32.8572,32.1245,32.3546,3026646
2005-10-11,32.2396,32.4943,32.1048,32.3378,2289681
2005-10-12,32.2189,32.5592,32.0773,32.2316,3139620
2005-10-13,32.2396,32.6801,32.2081,32.5809,2999220
2005-10-14,32.8965,32.9555,32.3871,32.869,3766117
2005-10-17,32.8827,32.9555,32.5661,32.7539,1631899
2005-10-18,32.8258,32.8907,32.5523,32.5809,3160477
2005-10-19,32.4589,33.1139,32.4589,33.106,2743716
2005-10-20,33.1394,33.5447,32.9939,33.228,3902074
2005-10-21,33.1955,33.4817,32.9998,33.1729,2919075
2005-10-24,33.2801,33.6548,33.2801,33.642,2824640
2005-10-25,33.6479,33.6548,33.1346,33.3401,4033207
2005-10-26,33.4522,33.5821,32.7018,33.0332,4279054
2005-10-27,32.6241,32.9192,32.1245,32.155,3763995
2005-10-28,32.155,32.4825,32.1048,32.4422,4372333
2005-10-31,32.4943,32.7697,32.3378,32.3645,4045179
2005-11-01,32.2189,32.3104,32.0192,32.1402,5308410
2005-11-02,32.0536,32.1048,31.8255,31.9957,4178634
2005-11-03,31.9819,32.1048,31.7596,31.9464,3758009
2005-11-04,31.8933,31.975,31.6701,31.852,2154303
2005-11-07,31.7655,31.8875,31.6071,31.6849,2674003
2005-11-08,31.6849,31.7931,31.6376,31.7232,3802813
2005-11-09,31.6632,31.7153,31.436,31.5422,3534369
2005-11-10,31.6376,31.739,31.6071,31.6701,3934330
2005-11-11,31.7232,31.8805,31.6376,31.6996,2296249
2005-11-14,31.5069,31.6288,31.436,31.5845,3334870
2005-11-15,31.5364,31.6701,31.4478,31.5777,4260320
2005-11-16,31.4478,31.4753,31.1468,31.317,2884310
2005-11-17,31.436,31.7232,31.436,31.6789,5240817
2005-11-18,31.8933,31.8933,31.4979,31.6583,3532051
2005-11-21,31.6288,31.7458,31.4153,31.7458,4631117
2005-11-22,31.6849,31.8875,31.5619,31.6376,5431046
2005-11-23,32.0921,32.5936,32.0773,32.272,6602340
2005-11-25,32.4009,32.8965,32.3645,32.8907,2590955
2005-11-28,32.9713,33.0883,32.5454,32.6615,4940896
2005-11-29,32.7765,33.2418,32.689,33.1651,4452100
2005-11-30,33.0126,33.3952,33.0126,33.1139,5764760
2005-12-01,33.1464,33.4011,32.7106,33.2152,5160862
2005-12-02,33.2653,33.4975,33.1955,33.4236,2696206
2005-12-05,33.5132,33.7394,33.223,33.6046,5067193
2005-12-06,33.7856,34.298,33.6912,34.0158,5378897
2005-12-07,33.9272,34.4377,33.826,34.3148,4638463
2005-12-08,34.4072,35.011,34.3148,34.6649,4003465
2005-12-09,34.6403,34.7859,34.3511,34.716,3319032
2005-12-12,34.6403,34.716,34.3924,34.6944,3939352
2005-12-13,34.6797,34.6944,34.5134,34.6354,4068746
2005-12-14,34.7278,35.1399,34.6944,35.0406,2812470
2005-12-15,34.9727,35.0533,34.4996,34.7613,2961751
2005-12-16,34.9727,35.7792,34.9413,35.6455,8668777
2005-12-19,35.6926,35.7664,35.0573,35.2108,3921392
2005-12-20,35.0829,35.7419,35.0829,35.3425,3901112
2005-12-21,35.5727,35.6327,35.197,35.2707,3418688
2005-12-22,35.1399,35.6022,35.1399,35.5078,2426798
2005-12-23,35.671,36.0555,35.6455,35.8539,1975663
2005-12-27,35.7713,35.7792,35.3632,35.4585,2956540
2005-12-28,35.2855,35.9563,35.2108,35.8176,1828889
2005-12-29,35.8539,36.0555,35.7419,35.7419,1912317
2005-12-30,35.6779,35.7419,35.5805,35.6022,1704516
2006-01-03,36.1363,36.2483,35.6022,36.207,3592695
2006-01-04,36.0998,36.4627,35.971,36.2553,3267854
2006-01-05,36.2415,36.4234,36.0349,36.0625,3736376
2006-01-06,36.2553,36.3664,35.8539,35.8746,2653918
2006-01-09,35.7497,37.0814,35.7104,36.9958,4386242
2006-01-10,36.7942,36.866,36.4165,36.4814,3748540
2006-01-11,36.6113,36.7126,36.2012,36.3389,3741397
2006-01-12,36.3014,36.392,36.1509,36.2818,1591537
2006-01-13,36.1421,36.1736,35.8038,36.0762,2715328
2006-01-17,35.7339,36.0555,35.4124,35.4704,3173036
2006-01-18,35.4497,35.9356,35.4124,35.796,3523165
2006-01-19,35.788,35.9356,35.2206,35.4871,3195047
2006-01-20,35.3799,35.4585,35.0829,35.1596,3734057
2006-01-23,35.4124,36.0625,35.4016,35.9631,5124364
2006-01-24,35.8481,36.2415,35.8411,36.092,2445724
2006-01-25,36.2218,36.6113,36.1363,36.5533,4130160
2006-01-26,36.6477,37.3843,36.5533,36.9359,5524901
2006-01-27,39.0927,39.0927,37.1217,38.0325,5592497
2006-01-30,37.8732,37.9026,37.4335,37.5495,3043643
2006-01-31,37.4915,37.5269,37.0814,37.3066,3268049
2006-02-01,37.2535,37.6331,37.0882,37.3115,2807639
2006-02-02,37.282,37.282,36.7942,36.8503,2231551
2006-02-03,36.7263,37.2171,36.684,36.9437,2614326
2006-02-06,36.7126,36.7401,35.971,36.1293,2381804
2006-02-07,36.0074,36.392,35.912,36.2553,3390104
2006-02-08,36.2553,36.2553,35.9169,36.2139,2744298
2006-02-09,36.1293,36.1874,35.8038,35.8539,3171101
2006-02-10,35.671,36.2218,35.6455,36.1215,2955579
2006-02-13,35.971,36.4086,35.9473,36.3752,1541519
2006-02-14,36.4627,36.9004,36.1637,36.8277,2743336
2006-02-15,36.8433,37.3311,36.6477,37.2456,2214361
2006-02-16,36.9722,37.2171,36.6634,37.2171,2055807
2006-02-17,37.0233,37.1984,36.7401,37.1502,2795281
2006-02-21,37.0499,37.4265,37.0155,37.1906,2302041
2006-02-22,37.3607,37.5347,37.3243,37.4128,2342986
2006-02-23,37.4128,37.4403,37.2329,37.282,1828691
2006-02-24,37.3115,37.5584,37.2367,37.4836,1443989
2006-02-27,37.4335,38.1337,37.2978,37.9163,2900146
2006-02-28,37.7345,37.7345,37.4335,37.5958,2591538
2006-03-01,37.5879,37.8878,37.5712,37.8013,2255889
2006-03-02,37.5958,37.7423,37.4128,37.5997,2429508
2006-03-03,37.3922,37.5495,37.2171,37.3311,2396674
2006-03-06,37.2367,37.282,36.8926,37.0499,2737729
2006-03-07,36.9437,37.4197,36.866,37.1738,3399764
2006-03-08,37.044,37.2329,36.866,37.1385,2856504
2006-03-09,37.2535,37.4915,37.1217,37.2978,2416569
2006-03-10,37.2456,37.641,37.2329,37.5584,2888173
2006-03-13,37.5417,37.757,37.3311,37.6567,2120118
2006-03-14,37.5347,38.063,37.461,38.0255,2369057
2006-03-15,38.063,38.8094,38.063,38.6658,3966774
2006-03-16,38.6235,39.0592,38.4278,38.9668,3819998
2006-03-17,38.9422,38.9608,38.7041,38.8094,4176893
2006-03-20,38.9422,39.2127,38.7101,38.8488,2437419
2006-03-21,38.8488,38.9275,38.4642,38.472,2066815
2006-03-22,38.5223,38.7041,38.3708,38.6314,2006946
2006-03-23,38.5517,38.5802,38.1485,38.537,2298950
2006-03-24,38.4209,38.7268,38.2842,38.5724,1664922
2006-03-27,38.5223,38.836,38.3422,38.7425,2457890
2006-03-28,38.7425,39.2038,38.6157,39.0159,3058896
2006-03-29,38.9422,39.1772,38.6953,38.9215,3514670
2006-03-30,38.7868,39.1576,38.5724,38.7425,2443406
2006-03-31,38.6874,38.8734,38.4564,38.5891,2035919
2006-04-03,38.836,39.0425,38.6009,38.6157,2443025
2006-04-04,38.5724,38.8616,38.3944,38.7592,2063923
2006-04-05,38.6874,38.9353,38.4868,38.7868,2371375
2006-04-06,38.652,38.652,37.7099,38.0708,2922936
2006-04-07,38.0255,38.1987,36.9722,37.0882,3633827
2006-04-10,37.0882,37.1738,36.7774,37.0155,1971605
2006-04-11,37.0499,37.1826,36.1215,36.2876,4275195
2006-04-12,36.5178,36.7126,36.0762,36.2818,3245842
2006-04-13,36.1814,36.5178,36.1067,36.2415,1560059
2006-04-17,36.1146,36.2415,35.788,36.1736,3598872
2006-04-18,36.1952,36.4972,35.8894,36.4627,3552335
2006-04-19,36.0762,36.6034,35.495,35.6258,4377359
2006-04-20,35.495,35.5658,34.9865,35.3799,3558507
2006-04-21,35.495,35.5727,34.5862,34.9413,4884118
2006-04-24,35.0661,35.2343,34.8607,35.1202,3029157
2006-04-25,35.4585,35.5078,35.1399,35.1596,4847806
2006-04-26,34.9599,35.6523,34.6944,35.6523,4502890
2006-04-27,35.6258,35.6779,34.8852,35.4016,5194854
2006-04-28,35.2343,35.2855,34.6571,34.8724,3676893
2006-05-01,34.8724,35.0829,34.4072,34.721,3559666
2006-05-02,34.6403,35.2048,34.5645,35.0898,3286010
2006-05-03,35.1055,35.1055,34.6275,34.8242,3285233
2006-05-04,34.9599,35.1055,34.6058,34.721,1344337
2006-05-05,35.0533,35.3632,34.6649,35.3081,2097328
2006-05-08,35.3081,35.5511,35.1399,35.3258,1544614
2006-05-09,35.4359,35.4704,34.7799,34.8852,2035722
2006-05-10,34.8852,35.0829,34.8459,35.0032,3040744
2006-05-11,35.0475,35.0475,34.7799,34.8517,2561983
2006-05-12,34.7731,34.839,34.3443,34.416,2211851
2006-05-15,34.2262,35.1763,34.2184,35.1134,3728848
2006-05-16,35.2108,35.5441,35.1055,35.3425,2628998
2006-05-17,35.1055,35.3632,34.7436,34.7996,3376200
2006-05-18,34.7996,35.3632,34.6649,35.1547,3950357
2006-05-19,35.2284,35.2343,34.8084,35.0032,4326567
2006-05-22,34.8724,35.1055,34.7012,34.7662,3221504
2006-05-23,34.7731,35.0475,34.4377,34.4475,3243912
2006-05-24,34.4072,34.7525,29.7041,34.5862,4814399
2006-05-25,34.6797,34.6855,34.2665,34.3826,4002306
2006-05-26,34.4839,34.7525,34.3334,34.6797,2426992
2006-05-30,34.4761,34.6148,34.2518,34.2518,2487635
2006-05-31,34.3148,34.6855,34.2803,34.6403,3414633
2006-06-01,34.6797,35.1134,34.6797,35.0661,2598876
2006-06-02,34.9954,35.1547,34.6737,34.9599,2063341
2006-06-05,34.716,34.9413,34.6058,34.6058,2163765
2006-06-06,34.8459,35.0475,34.7731,34.9344,3203545
2006-06-07,35.0032,35.3799,34.9541,35.1685,3706059
2006-06-08,35.4429,35.5078,34.9413,35.2284,3544798
2006-06-09,35.134,35.134,34.6058,34.6403,3154879
2006-06-12,34.7928,34.8242,34.3747,34.3747,2385857
2006-06-13,34.2745,34.895,33.7551,34.5567,4856692
2006-06-14,34.716,34.9344,34.4475,34.8459,3020271
2006-06-15,34.7613,34.7613,34.0747,34.5725,3392036
2006-06-16,34.3148,34.7996,34.298,34.3511,2599070
2006-06-19,34.298,34.3826,33.6332,33.6332,2893579
2006-06-20,33.4522,33.4522,32.5867,32.9555,6064875
2006-06-21,32.8258,33.2073,32.7313,33.0126,3136341
2006-06-22,33.0126,33.2024,32.6467,32.7825,2623789
2006-06-23,32.6801,32.8631,32.4667,32.5287,1731355
2006-06-26,32.5287,32.7765,32.5287,32.6939,1993235
2006-06-27,32.6556,32.7825,32.331,32.5454,2197364
2006-06-28,32.6241,32.6939,32.3143,32.5661,2098875
2006-06-29,32.8484,33.2585,32.5867,33.1651,3404781
2006-06-30,33.763,33.9272,33.1011,33.3096,5989367
2006-07-03,33.348,33.3549,33.0254,33.1139,1263226
2006-07-05,33.1139,33.1394,32.7628,32.933,2305132
2006-07-06,33.0637,33.348,33.0549,33.2418,1739281
2006-07-07,33.1346,33.2418,32.8827,32.9624,1509847
2006-07-10,32.9555,33.1394,32.3378,32.5729,2174775
2006-07-11,32.6801,33.2152,32.6556,32.9871,3388750
2006-07-12,33.0332,33.4522,32.9192,33.0057,3019882
2006-07-13,32.8789,33.223,32.7313,32.809,3397442
2006-07-14,33.763,33.763,32.2867,32.514,2271528
2006-07-17,32.4422,32.8572,32.4422,32.7224,2059670
2006-07-18,32.7765,32.9871,32.5287,32.8827,2214361
2006-07-19,33.047,34.1603,33.047,34.0935,3799341
2006-07-20,33.942,34.0296,33.6046,33.8152,2081297
2006-07-21,33.9813,34.4603,33.9813,34.3148,3533979
2006-07-24,34.298,35.2855,34.298,35.0986,3647154
2006-07-25,34.9413,35.3632,34.4839,35.2855,3313437
2006-07-26,35.3632,35.3799,34.9176,34.9176,2173033
2006-07-27,35.0475,35.3799,34.6275,34.6944,3563918
2006-07-28,35.0829,35.2629,34.9176,35.1281,2120118
2006-07-31,35.1202,35.134,34.6797,34.6944,2997867
2006-08-01,34.6275,34.7799,34.3747,34.5862,2088060
2006-08-02,34.5134,34.6058,34.3266,34.4475,2299723
2006-08-03,34.1377,34.6944,34.0236,34.4603,2946693
2006-08-04,34.8242,35.0829,34.4839,34.6148,2198721
2006-08-07,34.6058,35.1547,34.599,34.9865,2678057
2006-08-08,35.1596,35.1685,34.3206,34.5645,3061992
2006-08-09,34.6403,34.839,34.2184,34.2902,2039200
2006-08-10,34.2036,35.0533,34.0521,34.9265,2392427
2006-08-11,34.8321,34.8459,34.2312,34.4475,1660480
2006-08-14,34.7662,34.9038,34.4761,34.4761,1774805
2006-08-15,34.8242,34.8242,34.2036,34.3511,2371375
2006-08-16,34.5725,35.011,34.2607,34.9727,2496908
2006-08-17,34.8724,35.197,34.7525,35.1399,2117995
2006-08-18,35.1468,35.1685,34.8852,34.9038,1818461
2006-08-21,34.7799,35.0661,34.7613,34.895,959054
2006-08-22,34.9176,34.9599,34.6206,34.7278,1894354
2006-08-23,34.8084,34.9865,34.6275,34.8242,1074154
2006-08-24,34.9038,35.1852,34.7613,34.8724,1385087
2006-08-25,34.7278,35.0475,34.6797,34.8607,1027998
2006-08-28,34.1643,34.7662,33.9096,34.599,4289294
2006-08-29,34.5725,34.6737,34.1603,34.18,3254143
2006-08-30,34.2518,34.9541,34.2105,34.7731,2794703
2006-08-31,34.7928,34.9659,34.6058,34.9098,2084971
2006-09-01,35.0347,35.4124,35.0032,35.2206,2093080
2006-09-05,35.074,35.4359,35.074,35.3425,1730779
2006-09-06,35.074,35.2559,34.9038,35.1763,1488988
2006-09-07,35.1547,35.3425,35.1281,35.1596,1691186
2006-09-08,35.3081,35.4359,35.1596,35.3504,1740629
2006-09-11,35.3573,35.796,35.2108,35.7192,3553682
2006-09-12,35.8343,35.9563,35.5166,35.7339,2440708
2006-09-13,35.6179,35.788,35.4645,35.6848,2707990
2006-09-14,35.4301,35.6779,35.2914,35.6258,2170525
2006-09-15,35.7339,36.1952,35.7339,36.0074,4869049
2006-09-18,36.1952,36.6201,36.0762,36.4627,2866544
2006-09-19,36.628,36.7037,36.3172,36.3526,2197364
2006-09-20,36.2553,36.3172,35.5658,35.5658,4396479
2006-09-21,35.4359,35.4359,34.1731,34.6944,8243514
2006-09-22,34.7859,35.0829,34.5567,34.6148,2885664
2006-09-25,34.6148,34.7012,34.126,34.5725,3385661
2006-09-26,34.4377,34.6737,34.0591,34.3679,3214362
2006-09-27,34.2262,34.2459,33.826,34.1014,2899760
2006-09-28,34.1879,34.2607,33.7994,34.1535,2285433
2006-09-29,34.0521,34.2105,33.763,34.0364,2410580
2006-10-02,34.1879,34.416,33.8495,33.8565,1475281
2006-10-03,33.9922,34.3334,33.9272,34.1308,1964850
2006-10-04,34.18,34.3679,33.9657,34.3384,1891844
2006-10-05,34.298,34.4278,34.1731,34.3679,2723056
2006-10-06,34.2036,34.2105,33.0883,33.1464,7862671
2006-10-09,33.0126,33.6912,32.8965,33.5191,4300496
2006-10-10,33.6332,33.6332,32.8907,33.2713,2976044
2006-10-11,33.0725,33.228,33.0254,33.1807,1800879
2006-10-12,33.2496,33.5398,33.047,33.5318,2038621
2006-10-13,33.4522,33.6332,33.3597,33.5821,2961949
2006-10-16,33.5958,33.642,33.3096,33.4817,1814984
2006-10-17,32.6241,33.5535,32.6241,33.5073,1339509
2006-10-18,33.6116,33.9272,33.5594,33.6548,2124177
2006-10-19,32.6763,33.9214,32.6467,33.8318,3163766
2006-10-20,33.9214,34.0591,33.5073,34.0158,2688486
2006-10-23,33.8721,34.1643,33.6775,34.0787,1603703
2006-10-24,33.8928,33.9813,33.6843,33.9745,3450747
2006-10-25,34.0747,34.1377,33.5899,33.7483,2645612
2006-10-26,33.6695,33.8928,33.5398,33.8633,1978946
2006-10-27,33.4158,33.7394,33.1139,33.3805,3171874
2006-10-30,33.408,33.7787,33.3597,33.6046,2063341
2006-10-31,33.526,34.0236,33.4739,33.8928,3275584
2006-11-01,34.4338,34.4338,33.1011,33.1887,6015053
2006-11-02,33.0126,33.5594,32.8258,33.4611,4293155
2006-11-03,33.4306,33.5731,32.6615,32.7539,3210114
2006-11-06,32.8827,33.4158,32.6467,33.228,3842204
2006-11-07,33.1208,33.5731,33.0194,33.1562,3195822
2006-11-08,32.45,33.0637,32.45,32.869,4174965
2006-11-09,32.8258,33.0194,32.5592,32.7825,3846842
2006-11-10,32.6241,32.8572,32.0192,32.1245,5728451
2006-11-13,32.0025,32.331,31.8933,32.1117,3445534
2006-11-14,32.0773,32.933,32.0773,32.4215,4532821
2006-11-15,32.5661,33.106,32.4825,32.8907,3195047
2006-11-16,32.9939,33.0883,32.7176,32.8258,2157202
2006-11-17,32.6939,32.8789,32.3104,32.45,2211467
2006-11-20,31.6632,32.4352,31.6632,32.2956,1641561
2006-11-21,32.2553,32.2553,31.8875,32.037,3515054
2006-11-22,31.9819,32.331,31.9819,32.1845,1689256
2006-11-24,32.0536,32.3143,32.0025,32.214,671878
2006-11-27,32.0841,32.3251,31.8875,32.2553,3655071
2006-11-28,32.1314,32.5208,31.9897,32.2956,3404012
2006-11-29,32.214,32.214,31.8009,32.0192,3609686
2006-11-30,33.3725,33.7266,32.6615,33.4611,10861116
2006-12-01,33.9813,34.1948,33.6263,33.9096,8556950
2006-12-04,34.0364,34.1879,33.8495,34.1456,4592303
2006-12-05,33.999,34.3266,33.9882,34.1014,2710113
2006-12-06,34.0158,34.2262,33.9272,33.999,3664536
2006-12-07,34.1643,34.6855,34.1456,34.3511,3516022
2006-12-08,34.2262,34.4996,33.9509,34.2036,2753562
2006-12-11,34.1014,34.3924,33.8082,33.9272,5053483
2006-12-12,34.0591,34.2902,33.8928,34.1603,3747191
2006-12-13,34.0856,34.1603,33.8318,33.8928,2934907
2006-12-14,33.8721,34.0296,33.6617,33.7856,2635957
2006-12-15,33.7856,33.821,33.4158,33.6332,3966001
2006-12-18,33.7483,33.7483,33.2496,33.4611,3217258
2006-12-19,33.3805,33.5447,33.223,33.4739,3811886
2006-12-20,33.4158,33.6548,33.228,33.5191,2615485
2006-12-21,33.526,33.6912,33.3549,33.5447,1690610
2006-12-22,33.5821,33.5821,33.2024,33.2418,1462719
2006-12-26,33.348,33.5191,33.1807,33.4611,1067594
2006-12-27,33.5073,33.5447,33.228,33.3302,3144064
2006-12-28,33.2348,33.6479,33.1651,33.5899,3876967
2006-12-29,33.5318,33.5318,33.228,33.3597,1783693
2007-01-03,33.228,33.6548,32.9871,33.1464,4169168
2007-01-04,33.1464,33.3244,32.7893,33.1208,2790068
2007-01-05,33.0883,33.2585,32.933,33.1011,4449200
2007-01-08,33.0883,33.2713,33.0194,33.2152,3363259
2007-01-09,33.2418,33.3667,33.0815,33.1346,2618767
2007-01-10,33.1011,33.4689,33.0254,33.4236,2869248
2007-01-11,33.5132,33.9272,33.4522,33.7483,2480683
2007-01-12,33.763,34.6797,33.707,34.6491,4251444
2007-01-16,34.6403,35.2108,34.5351,34.9727,3868860
2007-01-17,34.716,35.8411,34.6491,35.7792,5619917
2007-01-18,35.7585,35.9848,35.495,35.7792,3723434
2007-01-19,35.8746,36.1146,35.7419,35.9563,5291028
2007-01-22,36.7549,36.7549,35.8126,35.8618,5147725
2007-01-23,36.1952,36.2415,35.8411,35.9779,3785238
2007-01-24,35.9779,36.3752,35.9779,36.2553,4811696
2007-01-25,36.7617,37.938,36.7617,37.4984,11751038
2007-01-26,36.7617,37.4522,36.7617,36.988,5756455
2007-01-29,36.7617,36.8277,36.5405,36.69,5199098
2007-01-30,36.7549,37.282,36.69,37.2663,5205663
2007-01-31,37.0882,37.0882,36.684,36.981,4218801
2007-02-01,36.9437,37.1581,36.8846,37.1148,3407873
2007-02-02,37.0293,37.3843,37.0293,37.1826,2227495
2007-02-05,37.0233,37.2535,36.9437,37.1217,2482615
2007-02-06,37.0735,37.1443,36.7774,36.9053,3093660
2007-02-07,36.8433,37.8013,36.6782,36.8149,2301850
2007-02-08,36.6634,36.9958,36.6369,36.9053,2558317
2007-02-09,36.7942,37.1984,36.7617,36.8926,3044604
2007-02-12,36.7401,36.9053,36.5591,36.566,2543893
2007-02-13,36.7401,37.4679,36.6968,37.4079,4567952
2007-02-14,37.3243,37.6814,37.3174,37.5131,2915930
2007-02-15,37.5643,37.7492,37.4335,37.6567,2370021
2007-02-16,37.4915,37.8524,37.4679,37.6567,2707027
2007-02-20,37.7659,37.7659,37.282,37.4758,2579753
2007-02-21,37.3843,37.6567,37.3459,37.4679,2588638
2007-02-22,37.5417,37.6646,37.3311,37.4836,2594047
2007-02-23,37.282,37.5879,37.0017,37.5131,2861718
2007-02-26,37.4197,37.5417,37.282,37.3843,2265795
2007-02-27,37.3843,37.3843,36.0074,36.4381,4718801
2007-02-28,36.1952,36.6113,35.9848,36.3014,4143674
2007-03-01,35.9848,36.6477,35.8176,36.5896,4596944
2007-03-02,36.4539,36.5533,36.0231,36.0231,3082848
2007-03-05,35.912,36.3988,35.8539,35.9356,2771969
2007-03-06,36.2415,36.7942,36.1146,36.7549,4009071
2007-03-07,36.5533,36.7774,36.5178,36.5729,3799341
2007-03-08,36.7037,37.3607,36.6369,37.1217,6241967
2007-03-09,37.2053,37.5879,37.2053,37.4522,4533017
2007-03-12,37.4335,37.6263,37.166,37.2171,2921198
2007-03-13,36.4234,37.0293,36.2553,36.2946,4822119
2007-03-14,36.4539,36.6545,35.8618,36.2415,6283304
2007-03-15,36.2415,36.7617,36.092,36.3389,3623398
2007-03-16,36.3526,36.8001,36.3526,36.69,4920035
2007-03-19,36.9437,37.4335,36.9053,37.3243,2903820
2007-03-20,37.282,37.5997,37.1826,37.5269,2597711
2007-03-21,37.3115,37.7275,37.2329,37.5958,4176506
2007-03-22,37.5958,37.6489,37.3696,37.4197,3322125
2007-03-23,37.4758,37.7345,37.4197,37.4984,3007525
2007-03-26,37.3459,37.7275,37.0735,37.6814,3470637
2007-03-27,37.4679,37.6567,37.2742,37.578,2998257
2007-03-28,37.3922,37.5417,37.1385,37.2259,2860943
2007-03-29,37.3459,37.6489,37.2367,37.5495,3739463
2007-03-30,37.5417,37.7954,37.0735,37.7738,3124752
2007-04-02,37.7738,37.9528,37.5643,37.8603,3344197
2007-04-03,37.9105,38.2842,37.8732,38.1189,3711268
2007-04-04,38.2429,38.3207,38.0501,38.3207,4409804
2007-04-05,38.1682,38.6314,38.1682,38.595,3446501
2007-04-09,38.3344,38.3648,37.8732,37.9439,2501731
2007-04-10,37.8603,37.9656,37.461,37.8289,4142518
2007-04-11,37.8682,38.4169,37.641,38.1406,4176696
2007-04-12,38.063,38.5025,37.8013,38.4278,3568747
2007-04-13,39.4113,39.4113,38.298,38.4564,3449869
2007-04-16,38.4564,38.6235,38.3796,38.4642,2450469
2007-04-17,38.3944,38.7534,38.3708,38.5724,2307445
2007-04-18,38.472,38.5891,38.1888,38.4485,3156424
2007-04-19,38.0816,38.6816,38.0816,38.6393,3299908
2007-04-20,38.6874,39.3946,38.4278,38.657,4277639
2007-04-23,39.431,39.431,38.5025,38.7672,2252768
2007-04-24,38.773,39.0927,38.6462,38.9736,7246579
2007-04-25,38.9668,39.0671,38.5586,38.8734,4738115
2007-04-26,38.3422,38.7101,36.0162,36.8433,17637081
2007-04-27,36.6634,36.7549,36.2218,36.5463,11015633
2007-04-30,36.5533,36.5896,36.2218,36.2218,4471020
2007-05-01,36.3014,36.392,36.092,36.3447,3925636
2007-05-02,37.0233,37.0233,36.3014,36.809,3752409
2007-05-03,36.8277,36.981,36.6782,36.7037,2611762
2007-05-04,36.7037,36.9565,36.5325,36.6369,4032824
2007-05-07,36.7549,37.0017,36.6968,36.747,3339315
2007-05-08,36.6369,36.6634,36.2287,36.4451,5092922
2007-05-09,36.207,36.7401,36.207,36.4756,3953869
2007-05-10,36.2876,36.384,35.9385,35.9473,5149851
2007-05-11,35.8815,36.0625,35.5805,35.7664,5163138
2007-05-14,35.4704,36.0162,35.4359,35.8264,4201998
2007-05-15,35.9473,36.4539,35.8038,36.092,3479330
2007-05-16,36.3526,36.8561,36.2818,36.6634,3893579
2007-05-17,36.5325,36.7549,36.4627,36.6968,2514670
2007-05-18,36.7942,37.2329,36.6968,37.1581,4005154
2007-05-21,37.0942,37.2259,36.9722,37.1581,2910964
2007-05-22,37.0656,37.282,36.9359,37.2102,2417531
2007-05-23,37.2329,37.5643,37.2171,37.4335,2846649
2007-05-24,37.3115,37.5269,37.1826,37.2663,2572998
2007-05-25,37.3843,37.6951,37.1502,37.4403,2582456
2007-05-29,37.3391,37.7895,37.3066,37.6193,2766890
2007-05-30,37.5417,37.7207,37.3391,37.6646,3632094
2007-05-31,37.6951,37.7895,37.3843,37.5181,4833519
2007-06-01,37.5879,37.8013,37.5879,37.7659,2805904
2007-06-04,37.461,37.7492,37.461,37.6263,2464073
2007-06-05,37.5643,37.6331,37.2594,37.5131,3028188
2007-06-06,37.3115,37.6567,37.2663,37.4679,2588058
2007-06-07,37.5997,37.8013,37.4,37.4,5683748
2007-06-08,37.3243,37.5063,37.1581,37.4335,3177474
2007-06-11,37.282,37.5347,37.1099,37.2456,2345284
2007-06-12,37.1148,37.3115,36.8149,36.8149,3498256
2007-06-13,37.0735,37.1581,36.392,36.6369,5762608
2007-06-14,36.4884,36.6545,36.3752,36.3821,5012545
2007-06-15,36.3821,36.7263,36.2139,36.2218,9888933
2007-06-18,36.4086,36.5178,36.1363,36.2483,4523163
2007-06-19,36.2641,36.6034,36.2483,36.5463,3294318
2007-06-20,36.5325,36.809,36.3231,36.3231,3230586
2007-06-21,36.092,36.6634,36.092,36.628,3251637
2007-06-22,36.5109,36.5591,36.0399,36.0477,4192924
2007-06-25,35.9169,36.4381,35.9051,36.0231,3297956
2007-06-26,36.3231,36.4884,35.8894,35.9473,4336991
2007-06-27,36.0555,36.4165,35.8894,36.3821,4284463
2007-06-28,36.504,36.7549,36.4234,36.5729,4066619
2007-06-29,36.6968,36.7263,36.3664,36.5729,3708759
2007-07-02,36.5729,36.6477,36.2012,36.2641,4777319
2007-07-03,36.2553,36.3605,36.1509,36.1874,2655268
2007-07-05,36.0555,36.2483,36.0555,36.2139,3139816
2007-07-06,36.1509,36.2553,35.6602,36.1874,3238887
2007-07-09,36.1293,36.2553,36.0477,36.2139,2841827
2007-07-10,36.1421,36.1736,35.6179,35.6523,4053946
2007-07-11,35.5511,35.7006,35.3199,35.6602,4125331
2007-07-12,35.6327,36.4539,35.5441,36.3752,4060484
2007-07-13,36.3752,36.5178,36.1952,36.4234,2314982
2007-07-16,36.2553,36.8433,36.2553,36.7214,3493427
2007-07-17,36.6477,37.0371,36.6477,36.9053,2707040
2007-07-18,36.7126,36.7401,36.1814,36.4756,3033313
2007-07-19,36.1215,36.207,35.6455,35.8972,3453835
2007-07-20,35.8894,35.9848,35.3799,35.3946,3622130
2007-07-23,35.6523,35.7339,35.2855,35.3632,2260134
2007-07-24,35.0475,35.4016,34.839,34.8852,4055421
2007-07-25,34.9954,35.197,34.7613,34.9541,3044774
2007-07-26,34.6944,34.7731,33.7935,33.9813,6645121
2007-07-27,33.9154,33.9922,33.6332,33.8633,4906941
2007-07-30,33.8633,34.2459,33.6548,34.2262,4102076
2007-07-31,34.2665,34.6649,33.999,34.0364,4447959
2007-08-01,34.0364,34.6944,33.826,34.5911,4065069
2007-08-02,34.5134,34.7525,34.2745,34.4691,2799939
2007-08-03,34.4691,34.9727,34.1731,34.1879,4369615
2007-08-06,34.4278,35.5441,33.999,35.4704,5692732
2007-08-07,35.197,35.7192,35.0406,35.4359,3862684
2007-08-08,35.197,36.2415,34.7012,35.8038,4875234
2007-08-09,36.1736,36.207,34.4691,34.6403,6882472
2007-08-10,34.6354,35.3199,34.2371,35.1281,5362813
2007-08-13,35.1055,35.6926,34.7799,35.611,3829081
2007-08-14,35.7419,35.9169,34.9954,35.1685,3243912
2007-08-15,34.716,35.6179,34.716,34.8321,2412703
2007-08-16,34.5351,35.6523,34.298,35.0406,4689696
2007-08-17,35.6681,35.8746,35.1202,35.8411,5449195
2007-08-20,35.2048,36.3113,35.2048,35.8539,2239663
2007-08-21,35.671,36.0162,35.6179,35.8126,2155177
2007-08-22,36.1421,36.2739,35.7339,36.1736,2930467
2007-08-23,36.866,36.866,35.6179,35.9848,3631126
2007-08-24,35.8038,36.1293,35.6523,36.1146,1843182
2007-08-27,35.912,36.2415,35.8697,36.1215,1856838
2007-08-28,36.0271,36.1215,35.8264,35.8481,2873490
2007-08-29,35.8539,35.9996,35.7339,35.971,2651598
2007-08-30,35.8894,35.8972,35.3425,35.4016,4462137
2007-08-31,35.6523,35.796,35.1468,35.4064,3829654
2007-09-04,35.3425,35.6405,35.2108,35.3199,2795856
2007-09-05,35.1547,35.1763,34.7662,34.9541,7412499
2007-09-06,34.9344,35.3868,34.8321,34.8459,4448037
2007-09-07,34.541,35.0347,34.541,34.7012,3380064
2007-09-10,34.6403,34.7367,34.4072,34.5134,2506949
2007-09-11,34.6649,35.1399,34.5567,35.0475,2816911
2007-09-12,34.9541,35.2108,34.8084,34.9038,2330238
2007-09-13,35.1685,35.4359,35.0661,35.193,1909807
2007-09-14,35.0347,35.0661,33.3302,33.4906,9607937
2007-09-17,33.3805,33.763,33.0637,33.3401,4785231
2007-09-18,33.4306,33.8791,33.4158,33.6912,4835430
2007-09-19,33.8633,34.0935,33.5073,33.999,4112584
2007-09-20,33.9096,34.1014,33.2958,33.348,7538607
2007-09-21,33.1346,33.4906,32.6015,32.6763,8033974
2007-09-24,32.631,32.933,32.5809,32.809,4639428
2007-09-25,32.7176,32.8827,32.6241,32.7943,3307837
2007-09-26,32.7176,32.8258,32.4087,32.5287,5920808
2007-09-27,32.4667,32.689,32.3733,32.5287,5303371
2007-09-28,32.4943,32.5936,32.3202,32.3802,5379868
2007-10-01,32.5523,32.7392,32.0536,32.1245,8312841
2007-10-02,32.1048,32.1845,32.0625,32.1766,4781953
2007-10-03,32.1628,32.1628,31.9258,32.0536,7276535
2007-10-04,32.1048,32.45,32.0025,32.2081,5774418
2007-10-05,32.3251,32.809,32.2396,32.7893,3571448
2007-10-08,33.1464,33.4689,33.0883,33.4306,5175536
2007-10-09,33.8721,34.305,33.8721,33.9922,6657380
2007-10-10,34.0158,34.3384,33.942,34.2745,3312083
2007-10-11,34.3826,34.5203,33.6046,33.6775,4185197
2007-10-12,33.8152,33.9882,33.4306,33.821,3518531
2007-10-15,33.8791,33.9154,33.3597,33.5191,3735989
2007-10-16,33.4522,33.5447,33.2418,33.4689,3739082
2007-10-17,33.6548,33.7394,33.3667,33.642,3184427
2007-10-18,33.6194,33.8152,33.5318,33.6332,2631511
2007-10-19,33.5073,33.7198,33.3597,33.4306,5190795
2007-10-22,33.3017,33.6912,33.1394,33.526,5608331
2007-10-23,33.707,33.707,33.3244,33.6617,2839698
2007-10-24,33.5594,33.7118,33.2073,33.6046,4853600
2007-10-25,33.5821,33.9096,33.4906,33.6548,3494393
2007-10-26,33.9154,34.0158,33.4522,33.942,2704897
2007-10-29,34.2607,35.019,34.1643,34.5567,5420230
2007-10-30,34.5351,35.2481,34.2902,34.9954,4749316
2007-10-31,35.0475,35.7339,34.5645,35.2284,6889328
2007-11-01,35.1685,35.3258,34.716,34.7799,3481265
2007-11-02,34.895,35.019,34.2518,34.6403,4502114
2007-11-05,32.2238,33.1208,31.8609,32.4215,11103057
2007-11-06,32.4087,32.5287,31.8009,32.1245,5722987
2007-11-07,31.8432,31.9179,31.2117,31.3033,5993464
2007-11-08,31.3554,31.6849,31.1164,31.615,4506278
2007-11-09,31.4282,31.5777,31.0514,31.0937,4669360
2007-11-12,31.1007,31.6789,30.9452,31.317,4365625
2007-11-13,31.5492,31.5777,31.0937,31.4901,4256278
2007-11-14,31.4665,31.4753,30.8498,30.9,6319123
2007-11-15,30.7121,31.0446,30.4909,30.6059,6064746
2007-11-16,30.8774,30.8774,30.0355,30.3089,8627637
2007-11-19,30.0552,30.2863,29.3018,29.4001,10786952
2007-11-20,29.5005,29.7542,29.2035,29.5123,8247675
2007-11-21,29.2624,29.5005,29.2241,29.2418,5468492
2007-11-23,29.3706,29.6303,29.2241,29.5005,1822032
2007-11-26,29.5359,29.9411,29.4739,29.4739,4231633
2007-11-27,29.5674,29.8319,29.4297,29.7041,5659911
2007-11-28,29.9853,30.546,29.7247,30.4761,7876245
2007-11-29,30.3089,31.1813,30.2951,31.0396,6695701
2007-11-30,31.4665,31.5157,31.0328,31.3554,7859649
2007-12-03,31.1528,31.3249,30.7416,30.9718,3794703
2007-12-04,30.8498,31.3033,30.7279,30.8931,2675639
2007-12-05,31.1164,31.2816,30.9137,31.0514,2443625
2007-12-06,31.0446,31.4665,31.0091,31.4478,3570762
2007-12-07,31.5619,31.5619,31.0091,31.375,3859930
2007-12-10,31.4065,31.4665,31.0239,31.2167,3644051
2007-12-11,31.2019,31.2472,30.6974,30.7839,3505732
2007-12-12,31.4065,31.4153,30.4309,30.8223,4045896
2007-12-13,30.7358,30.7358,30.4309,30.6836,4403006
2007-12-14,30.3364,30.6974,30.2095,30.2784,4469239
2007-12-17,30.1427,30.3758,30.0414,30.1161,3151593
2007-12-18,30.2725,30.5115,30.0925,30.5047,5752244
2007-12-19,30.5676,30.5823,30.2223,30.3296,3065891
2007-12-20,30.5312,30.546,30.1496,30.4761,2475255
2007-12-21,30.7702,30.8695,30.2725,30.3167,5730225
2007-12-24,30.3167,30.4446,30.0856,30.2371,1685612
2007-12-26,30.2095,30.2588,29.7985,29.9991,3545486
2007-12-27,29.9253,30.0355,29.7247,29.7247,4110251
2007-12-28,29.6972,30.0856,29.6097,29.7355,2126424
2007-12-31,29.5959,29.9774,29.5959,29.9057,2474764
2008-01-02,29.6303,29.7985,29.17,29.3047,6043125
2008-01-03,29.4612,29.8073,29.288,29.4071,4310826
2008-01-04,29.2163,29.5005,29.1209,29.1317,3486860
2008-01-07,29.2546,29.3313,28.6772,28.8897,6606274
2008-01-08,28.9674,30.3256,28.8897,29.883,7939963
2008-01-09,30.0856,30.6768,30.0355,30.3296,8565768
2008-01-10,30.662,31.5069,30.3424,31.4282,11140718
2008-01-11,31.0937,32.2316,31.0003,31.7232,7429958
2008-01-14,31.9091,31.9464,31.4665,31.6288,3335090
2008-01-15,31.3033,31.441,30.9797,31.0396,5075866
2008-01-16,30.8616,31.6701,30.8616,31.4478,5401903
2008-01-17,31.4832,31.4832,30.8931,30.9649,5868668
2008-01-18,31.0003,31.255,30.7121,30.8154,5870032
2008-01-22,29.2722,30.6768,29.2722,29.9568,7408691
2008-01-23,29.1317,29.9646,28.9969,29.8408,7364479
2008-01-24,29.883,29.9774,29.2722,29.4365,7211783
2008-01-25,29.6519,29.6519,28.9969,29.2103,4570753
2008-01-28,29.1768,29.2949,28.7147,28.9251,7320559
2008-01-29,28.2239,30.9718,28.2239,30.4309,13774086
2008-01-30,30.359,31.0662,30.1781,30.2371,7994187
2008-01-31,30.07,30.3256,29.4365,30.0355,6063075
2008-02-01,29.883,30.9797,29.6666,30.9137,5427290
2008-02-04,30.9295,31.317,30.8154,31.1961,4132570
2008-02-05,30.7121,31.139,30.3886,30.4368,4425021
2008-02-06,30.6974,30.6974,30.1083,30.242,3297811
2008-02-07,30.2371,31.0328,30.1427,30.9925,6007920
2008-02-08,30.8931,31.4832,30.5538,31.2993,7364848
2008-02-11,31.3033,31.4557,30.9374,31.1007,6199647
2008-02-12,31.3554,31.4665,30.9374,31.2895,5303467
2008-02-13,31.4665,31.5069,31.0937,31.3554,4402360
2008-02-14,31.2816,31.436,31.0328,31.0731,3336518
2008-02-15,31.0151,31.3033,30.8616,31.2314,3862577
2008-02-19,31.3907,31.8382,31.3406,31.7232,4236972
2008-02-20,31.3997,31.852,31.3997,31.8382,2880627
2008-02-21,31.8186,31.8933,30.8931,31.0091,3604620
2008-02-22,31.0662,31.5157,30.8616,31.4665,2978334
2008-02-25,31.5777,31.7655,31.2757,31.7075,2865004
2008-02-26,31.6789,32.1048,31.6219,31.7931,3754005
2008-02-27,31.5422,31.9317,31.5422,31.615,3049579
2008-02-28,31.4478,31.5777,31.1813,31.436,1894404
2008-02-29,31.1302,31.1528,30.4761,30.6266,3288574
2008-03-03,30.6482,30.7279,30.3424,30.6129,1848153
2008-03-04,30.4977,30.5312,30.0119,30.2371,3626766
2008-03-05,30.2155,30.546,29.8142,29.9774,3262701
2008-03-06,29.948,29.9774,28.693,28.754,7139463
2008-03-07,28.5798,29.2241,28.5798,28.8189,3520658
2008-03-10,28.8455,28.9762,28.3251,28.3468,4045765
2008-03-11,28.9329,29.9185,28.4894,29.1926,8251630
2008-03-12,29.3559,29.769,28.1196,28.2032,8649861
2008-03-13,28.1531,28.1954,26.3916,26.4811,15837749
2008-03-14,26.7319,27.4685,25.8968,26.0533,10726378
2008-03-17,25.4897,26.3994,25.4897,25.7867,7333895
2008-03-18,26.2214,26.309,25.89,26.2569,8764512
2008-03-19,26.9128,27.7124,26.602,27.1715,9821675
2008-03-20,27.4026,27.4026,26.5303,27.202,8732340
2008-03-24,27.2639,27.2639,26.782,26.8401,3315828
2008-03-25,26.8194,27.0555,26.5361,26.782,2646891
2008-03-26,26.6984,27.0142,26.5086,26.905,3725450
2008-03-27,27.1144,27.4459,27.085,27.1942,4188143
2008-03-28,27.4174,27.5757,27.1715,27.2236,2746331
2008-03-31,27.1882,27.2816,26.7604,27.1882,3981645
2008-04-01,27.4243,28.1019,27.2816,28.1019,3942322
2008-04-02,28.1019,28.4501,27.8776,28.2179,4684421
2008-04-03,28.1747,28.3704,27.7046,27.98,2223174
2008-04-04,28.0213,28.4117,27.7902,28.4117,4622109
2008-04-07,28.5642,28.6006,28.1068,28.2405,3189929
2008-04-08,28.0901,28.2032,27.8137,27.8934,3456383
2008-04-09,28.0153,28.1461,27.4685,27.5757,3706634
2008-04-10,26.9473,27.381,26.5667,26.9758,5451210
2008-04-11,26.61,27.1479,26.61,26.782,3200087
2008-04-14,26.61,26.727,26.2332,26.3453,2900934
2008-04-15,26.4565,26.8056,26.3513,26.4742,3138919
2008-04-16,26.602,26.8283,26.3916,26.8283,2480148
2008-04-17,26.6984,26.9128,26.5086,26.6748,4185835
2008-04-18,27.0771,27.2816,26.8696,27.2236,3485144
2008-04-21,27.023,27.2728,26.7387,26.8774,3172916
2008-04-22,26.7673,27.0367,26.4958,26.7044,5186005
2008-04-23,26.7673,26.905,26.7044,26.8283,4044687
2008-04-24,26.8106,27.5325,26.7889,27.2639,3961648
2008-04-25,27.3377,27.4685,27.1292,27.2511,4094559
2008-04-28,27.2079,27.7527,27.2079,27.4243,5404138
2008-04-29,27.4459,27.5688,27.2896,27.3151,3116155
2008-04-30,27.4459,27.495,26.9473,27.3151,4816391
2008-05-01,27.4459,28.6586,27.4459,28.4599,8321204
2008-05-02,28.6772,29.1317,28.455,28.693,6117638
2008-05-05,28.8356,29.2477,28.4756,28.8051,3163078
2008-05-06,29.2241,29.2241,28.3389,28.8356,3800230
2008-05-07,28.8189,28.9163,28.1461,28.2405,1562864
2008-05-08,28.0764,28.1806,27.7902,28.0517,2311662
2008-05-09,27.9091,28.1068,27.7046,28.0369,2168304
2008-05-12,28.0369,28.279,27.8226,28.2179,1904204
2008-05-13,28.3989,28.9329,28.3989,28.693,4528031
2008-05-14,28.9074,28.9969,28.6704,28.7688,1802818
2008-05-15,28.7363,28.7363,28.281,28.6429,2463904
2008-05-16,28.6084,29.0156,28.4894,28.8189,2734509
2008-05-19,28.8966,29.1209,28.7363,28.9674,1561851
2008-05-20,28.9458,29.0746,28.693,28.8002,1580519
2008-05-21,28.869,29.1317,28.5573,28.6084,2433437
2008-05-22,28.512,29.348,28.3842,29.1562,2716391
2008-05-23,29.0746,29.0746,28.4205,28.4432,1923495
2008-05-27,28.512,28.9163,28.3635,28.876,1787982
2008-05-28,28.8897,29.2477,28.6429,28.7688,3303365
2008-05-29,28.6861,29.1562,28.5277,29.1209,2848281
2008-05-30,29.1562,29.4297,28.9832,29.2812,3018045
2008-06-02,29.2163,29.2163,28.6231,28.8828,3470552
2008-06-03,28.9674,29.0245,28.6487,28.8189,3117284
2008-06-04,28.7147,29.288,28.6231,29.1562,2920586
2008-06-05,29.0824,29.6972,29.0028,29.6746,3200384
2008-06-06,29.5123,29.5594,28.6704,28.991,4629317
2008-06-09,29.1768,29.3353,28.5642,28.7147,3280508
2008-06-10,28.6231,28.6704,28.1461,28.1531,3976884
2008-06-11,27.9407,28.0291,27.4685,27.5187,3499562
2008-06-12,27.7046,27.9003,27.5255,27.7744,2615805
2008-06-13,27.9868,28.3842,27.7449,28.3468,3042308
2008-06-16,28.2405,28.2405,27.7527,28.1068,1907260
2008-06-17,28.1954,28.4756,27.8511,27.8708,2604932
2008-06-18,27.7675,27.8776,27.1351,27.1882,3651987
2008-06-19,27.0555,27.4095,26.9836,27.1715,2813991
2008-06-20,27.1567,27.2236,26.6591,26.7447,4941555
2008-06-23,26.9669,27.1804,26.5942,26.6168,2990536
2008-06-24,26.5587,26.6375,25.9224,26.4653,3144636
2008-06-25,26.5725,27.2236,26.4653,26.9836,3155592
2008-06-26,26.6523,26.8774,26.2411,26.2677,3655614
2008-06-27,26.2677,26.4437,26.0896,26.2136,5008858
2008-06-30,26.1487,27.0555,26.1487,26.7112,3891122
2008-07-01,26.429,26.6375,26.1998,26.3581,4547253
2008-07-02,26.191,26.5794,26.191,26.2677,3539233
2008-07-03,26.5361,26.6375,26.0966,26.2214,1740415
2008-07-07,26.3788,26.5086,26.0749,26.2214,4677573
2008-07-08,26.4074,26.9217,26.1487,26.7673,4848282
2008-07-09,26.8972,27.7744,26.8194,27.023,4230869
2008-07-10,26.9669,27.4243,26.6247,26.9423,2278460
2008-07-11,26.6247,26.9128,26.4653,26.6669,3079069
2008-07-14,26.9365,26.9365,26.3631,26.3788,2925635
2008-07-15,26.1998,26.782,25.8683,26.6523,4289409
2008-07-16,26.5794,27.1351,26.4565,27.0771,2742255
2008-07-17,27.0712,27.4095,26.7447,27.2639,1297553
2008-07-18,27.3938,27.3938,26.8696,27.3377,4261554
2008-07-21,27.2974,27.4764,26.9669,27.1016,2674447
2008-07-22,26.8351,27.3938,26.8351,27.3535,3977774
2008-07-23,27.5187,27.5187,26.7673,27.0437,1891727
2008-07-24,27.2639,28.4501,26.9836,28.1019,5883240
2008-07-25,28.0901,28.3094,27.5403,27.6977,2268045
2008-07-28,27.5571,27.6908,27.023,27.023,2823052
2008-07-29,27.1351,27.3731,26.9836,27.2236,2532921
2008-07-30,26.9286,27.4607,26.6591,27.1882,3484733
2008-07-31,26.9836,27.8866,26.9836,27.8226,4550607
2008-08-01,27.7046,28.1461,27.5403,27.6407,4003348
2008-08-04,27.6407,28.2405,27.5325,28.1068,2769089
2008-08-05,28.3389,29.2241,28.2111,29.17,5009530
2008-08-06,29.1277,29.2035,27.9652,28.2239,7230932
2008-08-07,27.0771,28.2405,26.9286,27.7675,16899211
2008-08-08,27.495,28.754,27.495,27.8511,7883684
2008-08-11,27.7626,28.0153,27.202,28.0153,5608532
2008-08-12,27.9583,28.0685,27.683,27.8039,2969138
2008-08-13,27.7902,28.3842,27.7046,27.9868,6252193
2008-08-14,27.798,28.8356,27.7577,28.7688,4987607
2008-08-15,28.8592,29.0746,28.7688,29.0598,4380316
2008-08-18,29.0598,29.2035,28.7894,28.9762,4352744
2008-08-19,28.7844,29.0097,28.5927,28.8277,2830128
2008-08-20,28.754,28.7688,28.2858,28.512,2767231
2008-08-21,28.1383,28.8002,28.1383,28.7147,2463994
2008-08-22,28.8002,29.1926,28.6271,29.1562,2153161
2008-08-25,29.0982,29.1209,28.4894,28.5642,2268195
2008-08-26,28.4678,28.6429,28.3163,28.4756,1772593
2008-08-27,28.4756,28.6084,28.2405,28.5642,2656271
2008-08-28,28.6772,28.9163,28.6084,28.7924,2206114
2008-08-29,28.6654,28.991,28.3704,28.4678,2566008
2008-09-02,28.512,29.0982,28.512,28.7776,3891317
2008-09-03,28.6772,28.8277,28.4363,28.6586,1925818
2008-09-04,28.4432,28.6084,27.6259,27.7371,4081043
2008-09-05,27.7046,27.9868,27.504,27.9091,3059713
2008-09-08,28.3547,28.7894,28.0596,28.6429,3568678
2008-09-09,27.857,28.0153,27.0712,27.2639,10137234
2008-09-10,27.5255,27.5255,27.1351,27.202,3310614
2008-09-11,27.1882,27.1882,26.5361,27.0367,5199281
2008-09-12,26.9286,27.0928,26.7604,26.9601,4113272
2008-09-15,26.782,27.1086,26.4958,26.5873,4134760
2008-09-16,26.2056,26.7447,25.9048,26.6168,5012712
2008-09-17,26.2912,26.6906,26.1034,26.125,4505390
2008-09-18,26.3513,26.7319,26.068,26.5086,6036945
2008-09-19,26.8912,27.202,25.2172,26.3581,10569778
2008-09-22,26.1998,26.6168,25.6727,25.7946,6416335
2008-09-23,25.7867,26.3788,25.3904,25.4278,4630567
2008-09-24,25.4445,25.7749,25.3146,25.5104,4779896
2008-09-25,25.6224,25.9824,25.3904,25.5998,5249847
2008-09-26,25.3845,25.8683,25.3845,25.8094,6782345
2008-09-29,25.6294,26.1575,24.4885,25.1278,11594796
2008-09-30,25.5575,25.6294,24.9871,25.5192,7874017
2008-10-01,25.3078,26.1998,25.3078,26.1487,5021611
2008-10-02,26.0966,26.2677,25.9224,26.0188,4572456
2008-10-03,26.3513,26.5509,25.8094,25.9224,5721115
2008-10-06,25.4828,26.1487,23.263,23.8837,9575174
2008-10-07,24.0105,24.4176,23.0181,23.0181,8759777
2008-10-08,22.6778,23.4292,22.1045,22.1045,8564170
2008-10-09,22.371,22.4703,20.6774,20.762,5437263
2008-10-10,20.0902,20.7019,18.5186,19.7804,10905812
2008-10-13,20.464,21.77,19.5611,21.77,6991077
2008-10-14,24.333,24.333,20.5387,20.9724,6895093
2008-10-15,20.6085,20.8721,19.39,19.6417,6631569
2008-10-16,19.6241,20.2712,18.8166,20.1423,6265924
2008-10-17,19.8247,21.0757,18.6483,20.2977,4981148
2008-10-20,20.5111,21.3678,19.9752,21.3324,4736251
2008-10-21,21.1377,21.5636,20.6882,20.9016,3909811
2008-10-22,20.5239,20.9105,19.8591,20.2201,7228320
2008-10-23,20.2652,20.575,18.9572,19.8591,7402737
2008-10-24,18.8245,19.4864,18.5834,18.5834,8119262
2008-10-27,18.3523,18.9503,18.1232,18.2511,6228639
2008-10-28,18.5628,19.9456,17.8606,19.7882,7159390
2008-10-29,19.9663,19.9918,18.1232,18.1802,7868155
2008-10-30,18.612,19.1874,18.077,18.9247,6882310
2008-10-31,18.9247,20.0233,18.8333,19.7804,6869855
2008-11-03,19.6948,20.2289,19.446,19.9535,4198699
2008-11-04,20.3568,20.7836,20.0636,20.7245,6252029
2008-11-05,20.402,21.0373,20.2761,20.3646,4895864
2008-11-06,20.2289,20.5239,19.6634,19.9043,6783710
2008-11-07,20.0636,20.7245,19.9171,20.6548,3687463
2008-11-10,20.9419,21.4229,20.6704,20.999,5037913
2008-11-11,21.055,21.055,20.2367,20.3508,6192510
2008-11-12,19.9752,20.0636,19.1794,19.2385,7643104
2008-11-13,19.3654,19.5365,18.3455,19.2916,12817616
2008-11-14,18.9798,19.4784,18.6337,18.6848,7763704
2008-11-17,18.6848,18.8401,18.0209,18.0288,6928157
2008-11-18,17.9609,18.077,17.0571,17.6246,7511257
2008-11-19,17.538,17.9088,16.4758,16.528,7184610
2008-11-20,16.4512,16.5751,14.5324,14.6996,10771756
2008-11-21,14.8943,15.7883,14.3849,15.6546,8058837
2008-11-24,15.8709,16.8161,15.5887,16.4709,6923796
2008-11-25,16.7679,16.7679,15.8346,16.2024,7046347
2008-11-26,15.8562,16.645,15.7126,16.5486,5106013
2008-11-28,16.5063,16.8978,16.5063,16.8368,3499401
2008-12-01,16.4709,16.5663,16.1375,16.2024,5625317
2008-12-02,16.2811,16.6224,15.988,16.6224,4967038
2008-12-03,16.1326,16.6154,15.7549,16.3362,7765631
2008-12-04,16.0214,16.5417,15.7342,15.9447,4976387
2008-12-05,15.7883,16.3283,15.2504,16.2329,5147603
2008-12-08,16.5997,16.706,16.1759,16.2605,4933375
2008-12-09,16.2024,16.9106,16.2024,16.4709,4934072
2008-12-10,16.6381,16.7896,16.2467,16.4414,3956017
2008-12-11,16.4138,17.3787,16.3607,16.8525,5350749
2008-12-12,16.4414,16.9459,16.2811,16.8525,3693613
2008-12-15,16.9036,17.0571,16.045,16.2683,4824971
2008-12-16,16.4994,17.8606,16.406,17.7839,7004529
2008-12-17,17.5675,17.7327,16.8889,17.0325,5035448
2008-12-18,17.238,17.7976,16.8525,17.0767,5280451
2008-12-19,17.2499,17.603,16.6784,17.2311,8316304
2008-12-22,17.1288,17.3639,16.8889,17.1613,4075939
2008-12-23,17.2912,17.3433,16.9528,16.9528,4374688
2008-12-24,16.883,17.1112,16.706,16.9528,1419374
2008-12-26,17.0108,17.2567,16.9813,17.1918,1695297
2008-12-29,17.1771,17.1918,16.939,17.1348,2825159
2008-12-30,17.2311,17.7032,17.1042,17.6974,2954217
2008-12-31,17.603,17.9874,17.5507,17.8469,3797870
2009-01-02,18.0858,18.3228,17.538,18.2373,3392101
2009-01-05,18.1645,18.6405,18.0612,18.5028,4230452
2009-01-06,18.5766,19.0654,18.2117,18.4467,5150450
2009-01-07,18.0858,18.6405,18.077,18.612,7367375
2009-01-08,17.6452,19.1401,17.2233,19.0084,9038473
2009-01-09,19.1106,19.3565,18.6906,19.089,6174120
2009-01-12,18.9798,19.1106,18.8549,19.1028,4389862
2009-01-13,19.0389,19.8325,18.9445,19.6319,6093389
2009-01-14,19.2778,19.505,19.1263,19.3496,7791102
2009-01-15,19.3968,19.7882,18.9956,19.6319,6567781
2009-01-16,19.7804,19.8758,19.4205,19.7233,5814141
2009-01-20,19.6319,20.0961,19.1028,19.2021,7264056
2009-01-21,19.5532,19.5611,18.8097,19.0389,9636705
2009-01-22,18.7792,19.2995,18.7428,19.0654,6873644
2009-01-23,18.7792,18.8166,18.4241,18.6602,3968013
2009-01-26,18.612,19.2179,18.612,18.9385,5770154
2009-01-27,19.0162,19.6634,19.0162,19.4205,5606285
2009-01-28,19.8325,20.402,19.7175,20.3371,5605075
2009-01-29,19.9988,20.3714,19.5424,19.5846,4266612
2009-01-30,19.5503,19.6782,19.2385,19.4912,4460374
2009-02-02,18.7212,19.1942,18.6051,18.9572,6995343
2009-02-03,19.0309,19.3802,18.6277,19.2995,4835708
2009-02-04,19.4205,19.7293,19.3722,19.4784,3809171
2009-02-05,19.3802,20.6085,19.0585,20.1896,7913911
2009-02-06,20.0479,20.6469,20.0479,20.464,4805203
2009-02-09,20.2023,20.464,19.9289,20.2525,2745522
2009-02-10,20.0636,20.2525,19.3349,19.5109,5203057
2009-02-11,19.6782,19.7175,19.3496,19.6565,4463896
2009-02-12,19.2778,19.9043,19.1667,19.8827,3729754
2009-02-13,19.8542,19.9988,19.5277,19.7293,2645183
2009-02-17,19.1608,19.2533,18.8481,18.9798,3960762
2009-02-18,19.0585,19.1333,18.7133,18.9956,3337334
2009-02-19,18.9956,19.1608,18.6848,18.7212,5104305
2009-02-20,18.6405,18.7546,18.5028,18.5982,6622825
2009-02-23,18.7339,18.8786,18.375,18.4094,4656388
2009-02-24,18.3946,18.7064,18.3376,18.5107,5568464
2009-02-25,18.4822,18.5471,17.8065,18.2284,6185033
2009-02-26,18.2737,18.375,16.9459,16.9675,7531106
2009-02-27,16.645,17.0571,16.3558,16.8004,7400676
2009-03-02,16.645,16.7896,15.9447,16.0086,7007372
2009-03-03,16.1679,16.4414,15.7883,15.9132,7194302
2009-03-04,16.1011,16.5368,15.8493,16.3362,5216478
2009-03-05,16.045,16.0677,15.5749,15.6703,5043010
2009-03-06,15.7717,16.0214,15.1009,15.4402,6542759
2009-03-09,15.2306,15.8434,15.1785,15.3811,4991680
2009-03-10,15.6123,16.4512,15.3683,16.4138,5965588
2009-03-11,16.4827,16.5663,14.3711,14.8048,15776132
2009-03-12,14.8048,15.6123,14.7134,15.511,7683365
2009-03-13,15.5965,16.3558,15.452,16.3362,6208314
2009-03-16,16.4345,16.6587,16.0805,16.0805,5282434
2009-03-17,16.0607,16.4256,15.9663,16.4256,5536268
2009-03-18,16.3607,17.0325,16.2741,16.6529,5493593
2009-03-19,16.5899,16.7954,16.2024,16.2683,5064725
2009-03-20,16.3686,16.6066,15.932,16.0607,5358818
2009-03-23,16.3214,16.939,16.1631,16.939,3591681
2009-03-24,16.7226,17.0325,16.7226,16.7679,4228188
2009-03-25,16.9106,17.0905,16.5751,16.8978,3599066
2009-03-26,16.9961,17.2912,16.7679,17.2705,4542037
2009-03-27,17.0619,17.1288,16.7453,16.7954,5139596
2009-03-30,16.406,16.5417,16.0805,16.2683,4901574
2009-03-31,16.3893,16.5368,16.1759,16.2968,8513409
2009-04-01,16.1168,16.2467,15.8945,16.1326,6709683
2009-04-02,16.3686,17.1417,16.2535,16.82,6576564
2009-04-03,16.6066,16.939,16.5132,16.8072,4831634
2009-04-06,16.7296,17.1525,16.6647,17.0619,3483935
2009-04-07,16.7896,17.0619,16.6587,16.7954,2862879
2009-04-08,16.8279,17.0482,16.4709,16.5899,3381924
2009-04-09,16.9036,17.1613,16.8978,17.0689,3727122
2009-04-13,16.9617,17.4633,16.9617,17.4003,3590306
2009-04-14,17.2705,17.7465,17.1525,17.538,3685917
2009-04-15,17.2645,17.6246,17.2645,17.5459,3698575
2009-04-16,17.6383,17.7839,17.3068,17.5301,4403979
2009-04-17,17.5507,17.8557,17.48,17.7406,3964728
2009-04-20,17.5754,17.8606,17.3521,17.4711,3525794
2009-04-21,17.2567,17.8557,17.0571,17.3581,3090885
2009-04-22,17.1417,17.603,17.0108,17.4387,3342680
2009-04-23,17.5301,17.6383,17.0571,17.4957,3407665
2009-04-24,17.5301,17.6511,17.2912,17.5232,2641759
2009-04-27,17.1288,17.9118,17.12,17.603,4593609
2009-04-28,17.5754,17.5754,17.2066,17.3354,3099123
2009-04-29,17.4573,17.9265,17.3433,17.8606,3166410
2009-04-30,18.0612,18.1232,17.3216,17.4957,4541664
2009-05-01,17.5301,17.6452,17.415,17.5154,3274124
2009-05-04,17.6383,18.1645,17.4573,18.1359,2699051
2009-05-05,18.2962,18.6602,18.1359,18.5186,3141424
2009-05-06,18.5766,18.9002,18.1359,18.316,2715087
2009-05-07,18.4182,19.1401,18.1232,18.8481,3293704
2009-05-08,19.0024,19.2778,18.8333,19.1333,2519229
2009-05-11,18.9247,19.0221,18.669,18.7212,1925310
2009-05-12,18.7704,18.9572,18.4467,18.7428,2623262
2009-05-13,18.3898,18.7792,18.3681,18.4035,3049593
2009-05-14,18.3946,18.6779,18.2668,18.5313,2392847
2009-05-15,18.3071,18.5186,17.9541,18.0612,2910098
2009-05-18,18.1291,18.488,18.0091,18.488,2601474
2009-05-19,18.4094,18.6209,18.2668,18.4782,2123602
2009-05-20,18.6337,18.9002,18.4467,18.4684,3575334
2009-05-21,18.3376,18.4094,17.5911,17.6678,5683832
2009-05-22,17.6885,18.0091,17.6108,17.7258,4256741
2009-05-26,17.7465,18.2962,17.4957,18.2166,3309432
2009-05-27,18.1871,18.3071,18.0209,18.0612,2860289
2009-05-28,18.0858,18.3376,17.8832,18.1016,2918759
2009-05-29,18.1232,18.5107,18.1232,18.5107,4464915
2009-06-01,18.6209,18.972,18.6209,18.9317,2938182
2009-06-02,18.8706,18.8706,16.1759,16.883,25776072
2009-06-03,16.4256,16.4256,15.1865,15.7549,17730291
2009-06-04,15.7637,15.7883,15.1569,15.4323,10532781
2009-06-05,15.6546,16.2024,15.2867,15.9516,13385568
2009-06-08,15.9516,15.9998,15.4992,15.7992,8781717
2009-06-09,15.7402,15.7402,15.3398,15.4717,8029162
2009-06-10,15.5681,15.6929,15.4647,15.6202,5681556
2009-06-11,15.632,16.3607,15.5277,15.9663,9327609
2009-06-12,15.9801,16.2741,15.8788,16.0293,6265608
2009-06-15,15.9074,15.9132,15.5356,15.5681,6115592
2009-06-16,15.6851,15.8346,15.4815,15.511,6170906
2009-06-17,15.4893,16.0942,15.4893,15.9447,5834424
2009-06-18,15.988,16.3981,15.807,16.3046,5399469
2009-06-19,16.4659,16.5575,16.1679,16.3981,6687187
2009-06-22,16.2329,16.3046,15.7047,15.9132,7765903
2009-06-23,15.988,15.988,15.6771,15.7992,4557200
2009-06-24,15.9388,15.9998,15.6487,15.7637,5754007
2009-06-25,15.6851,16.2683,15.6054,16.1896,3968231
2009-06-26,16.2467,16.2899,15.7717,16.0293,9689854
2009-06-29,16.0214,16.0863,15.75,15.988,3321394
2009-06-30,15.9605,16.0214,15.7402,15.8208,5081380
2009-07-01,15.8621,15.988,15.7883,15.8709,4381605
2009-07-02,15.7284,15.8208,15.3683,15.4717,4900989
2009-07-06,15.3881,15.6546,15.2198,15.6123,4848365
2009-07-07,15.5493,15.8346,15.4156,15.6546,7104974
2009-07-08,15.7214,15.7402,15.3683,15.448,9186243
2009-07-09,15.5493,15.6487,15.3251,15.3811,5328472
2009-07-10,15.2198,15.4893,15.1156,15.1865,5463461
2009-07-13,15.2434,15.4647,14.9995,15.4038,6013991
2009-07-14,15.3605,15.5356,15.3025,15.4717,4617870
2009-07-15,15.5827,15.7284,15.4323,15.6703,6267193
2009-07-16,15.5749,16.1375,15.5749,16.0805,5159730
2009-07-17,16.0539,16.1375,15.8788,16.045,5164111
2009-07-20,15.9447,16.2182,15.8877,16.1896,5182701
2009-07-21,16.4345,16.4827,16.2329,16.4659,7668572
2009-07-22,16.2683,16.6066,16.2329,16.406,4504925
2009-07-23,16.3558,16.8889,16.2811,16.883,7754108
2009-07-24,16.8368,16.9882,16.5368,16.939,4717097
2009-07-27,16.9961,17.1042,16.7758,16.9745,3894051
2009-07-28,16.8683,17.1967,16.8072,17.1042,3729079
2009-07-29,17.5301,17.6589,17.2233,17.3433,5962613
2009-07-30,17.4387,17.5754,16.9106,17.2912,3629205
2009-07-31,17.238,17.3433,16.9813,17.2429,4522350
2009-08-03,17.2705,17.4525,16.8978,17.2233,4117598
2009-08-04,17.2499,17.3433,17.0689,17.2912,3228541
2009-08-05,17.2645,17.3639,16.9459,17.0905,4744172
2009-08-06,17.1417,17.1417,16.939,17.0689,3584459
2009-08-07,17.1692,17.4387,17.0689,17.3787,4272235
2009-08-10,17.2705,17.5232,17.1967,17.5232,2830150
2009-08-11,17.4082,17.5006,17.0256,17.0325,5689983
2009-08-12,17.0325,17.3581,16.939,17.1613,4109884
2009-08-13,17.1417,17.238,16.7679,17.1918,5703550
2009-08-14,17.1348,17.2233,16.7954,17.0325,5308111
2009-08-17,16.9528,17.2842,16.7679,17.2705,11113846
2009-08-18,17.3433,18.1724,17.2705,17.7092,15560251
2009-08-19,17.603,18.196,17.5507,18.1163,7889991
2009-08-20,18.1497,18.1871,17.8753,17.9874,9357199
2009-08-21,18.1724,18.5028,17.9118,18.4467,10401893
2009-08-24,18.5766,18.5766,18.2511,18.3523,5955032
2009-08-25,18.375,18.4399,17.6974,17.8606,11323899
2009-08-26,17.8065,17.9698,17.538,17.603,11126804
2009-08-27,17.4711,17.8065,17.4711,17.7839,11878469
2009-08-28,17.8341,17.8469,17.5911,17.7406,7279447
2009-08-31,17.893,17.9334,17.6589,17.9088,7300323
2009-09-01,18.2579,18.7339,18.0091,18.1084,10695491
2009-09-02,18.0288,18.1802,17.9334,18.0091,11007642
2009-09-03,18.0347,18.5834,18.0209,18.5834,6920745
2009-09-04,18.6277,18.7792,18.5186,18.5766,6619744
2009-09-08,18.6277,18.972,18.4035,18.9445,6287094
2009-09-09,18.9572,19.6506,18.9503,19.3496,8511322
2009-09-10,18.9798,19.0024,18.5766,18.9503,7483064
2009-09-11,19.0084,19.1942,18.9572,19.1028,5269854
2009-09-14,19.1401,19.2247,19.0024,19.2021,6678415
2009-09-15,20.2112,20.2112,19.4381,19.6782,8023297
2009-09-16,19.7804,19.9604,19.6506,19.9604,7837443
2009-09-17,19.9752,20.165,19.8591,20.0843,7431949
2009-09-18,20.1325,20.2367,19.9918,20.1089,6614085
2009-09-21,20.0125,20.1836,19.8827,20.1089,4748595
2009-09-22,20.1974,20.1974,19.9535,20.0312,5363053
2009-09-23,20.0774,20.1708,19.9752,19.9988,7630589
2009-09-24,19.7175,19.8325,19.2778,19.4578,10080665
2009-09-25,19.3654,19.8443,19.3261,19.7017,10833784
2009-09-28,19.7233,20.0774,19.6948,19.9752,8181731
2009-09-29,19.7804,19.8443,19.3654,19.3968,5578226
2009-09-30,19.4912,19.5188,19.1401,19.3261,6646440
2009-10-01,19.3083,19.3083,19.0447,19.1028,7163833
2009-10-02,18.9385,19.1608,18.7291,18.9317,6169171
2009-10-05,18.9503,19.0654,18.8245,18.908,4767317
2009-10-06,19.0389,19.2848,18.8549,19.2848,13463138
2009-10-07,19.27,19.3083,19.1539,19.3083,5649619
2009-10-08,19.4381,19.6378,19.3083,19.6378,6040587
2009-10-09,19.5846,19.7017,19.5365,19.7017,4516983
2009-10-12,19.7804,19.7804,19.446,19.5846,4857062
2009-10-13,19.5768,19.5768,19.39,19.4303,5945590
2009-10-14,19.5768,19.7568,19.5188,19.6948,4402058
2009-10-15,19.6319,20.1257,19.6319,20.1257,5304822
2009-10-16,20.0056,20.8642,19.9988,20.6833,8396093
2009-10-19,20.7334,20.9508,20.6243,20.8181,4483166
2009-10-20,20.8584,20.8584,20.464,20.5997,3966443
2009-10-21,20.5594,20.8406,20.4935,20.5997,3791180
2009-10-22,20.579,21.0688,20.4935,20.9724,4809631
2009-10-23,21.0207,21.0207,20.5997,20.6704,4677479
2009-10-26,20.7472,20.9419,20.5111,20.7019,5980507
2009-10-27,20.6882,20.9842,20.584,20.7245,4235248
2009-10-28,20.6469,20.8849,20.4069,20.4069,5111355
2009-10-29,20.4935,20.7089,20.3508,20.6882,5059798
2009-10-30,20.584,20.8721,20.4237,20.4364,5599117
2009-11-02,20.4502,20.8181,20.3508,20.6833,3564509
2009-11-03,20.6243,20.7836,20.5594,20.6704,3572172
2009-11-04,20.7905,21.2999,20.7758,21.0049,6653179
2009-11-05,21.0993,21.5045,20.9262,21.3678,5585671
2009-11-06,20.8101,21.356,20.8101,21.2734,3863611
2009-11-09,21.5891,21.6333,21.3865,21.6097,4657551
2009-11-10,21.5271,21.9304,21.4907,21.8566,4700401
2009-11-11,21.9097,22.0504,21.8222,22.0366,5620876
2009-11-12,22.1596,22.5205,22.1123,22.3297,7314007
2009-11-13,22.3542,22.4644,22.2697,22.4123,4921722
2009-11-16,22.4969,22.7358,22.3542,22.6857,5530708
2009-11-17,22.7172,22.7358,22.5205,22.7103,3916031
2009-11-18,22.6494,22.8244,22.6494,22.7791,5366096
2009-11-19,22.7172,22.9099,22.5352,22.7791,5470292
2009-11-20,22.7575,23.0466,22.5863,22.9099,7493062
2009-11-23,23.2473,23.3574,22.9699,23.2414,5698361
2009-11-24,23.263,23.3949,23.1843,23.2965,5948355
2009-11-25,23.3574,23.4362,23.2689,23.4224,5365748
2009-11-27,22.9394,23.1932,22.8677,23.0968,2139363
2009-11-30,23.1627,23.2777,23.0526,23.2414,6208712
2009-12-01,23.4362,23.5532,23.1843,23.4076,7352729
2009-12-02,23.2965,23.7981,23.2965,23.7548,5954781
2009-12-03,23.74,23.9338,23.2345,23.2689,4989824
2009-12-04,23.5197,23.7086,23.0181,23.1765,5213840
2009-12-07,23.2139,23.6171,23.2139,23.4174,5259208
2009-12-08,23.2857,23.3506,22.9699,22.9749,5685676
2009-12-09,22.9699,23.0752,22.6857,22.9326,7179937
2009-12-10,23.0418,23.3506,23.0418,23.2915,7865707
2009-12-11,23.4007,23.5197,23.1627,23.2217,7851981
2009-12-14,23.263,23.6682,23.263,23.5777,4521494
2009-12-15,23.6604,23.7981,23.1332,23.7469,5195174
2009-12-16,23.7911,23.9781,23.443,23.4853,4986197
2009-12-17,23.3368,23.4695,22.9326,23.0122,4392213
2009-12-18,23.1627,23.2345,22.9178,23.1765,4171329
2009-12-21,23.2552,23.6102,23.2473,23.3436,2861722
2009-12-22,23.3368,23.5857,23.3053,23.5777,2993866
2009-12-23,23.5581,23.624,23.4784,23.5374,2808158
2009-12-24,23.624,23.6682,23.4853,23.5119,1135267
2009-12-28,23.5119,23.6682,23.4695,23.565,1843058
2009-12-29,23.4695,23.919,23.4695,23.7627,6309506
2009-12-30,23.6398,23.7252,23.3949,23.5246,5673482
2009-12-31,23.5316,23.6545,23.2345,23.2473,2252301
2010-01-04,23.2473,23.5532,23.0043,23.4558,5303242
2010-01-05,23.3801,23.5119,23.1843,23.2473,4192990
2010-01-06,23.3506,23.3506,22.7723,22.8677,5348110
2010-01-07,22.8677,23.1125,22.6552,22.8588,6570383
2010-01-08,22.8677,22.9749,22.7015,22.788,5332242
2010-01-11,22.788,23.3053,22.788,23.0909,10495009
2010-01-12,23.1194,23.1194,22.8372,22.9522,5170674
2010-01-13,23.0418,23.1765,23.0122,23.0831,6666052
2010-01-14,23.1558,23.5581,22.9975,23.5246,7344480
2010-01-15,23.5246,23.5246,23.2266,23.322,3686105
2010-01-19,23.4007,23.9112,23.3949,23.8561,3244111
2010-01-20,23.7981,24.0007,23.4499,23.6682,4686935
2010-01-21,23.6102,23.6545,22.7949,23.0968,6628249
2010-01-22,22.9454,23.2965,22.8726,23.0526,9114224
2010-01-25,23.2777,23.4941,23.1696,23.2266,6083056
2010-01-26,23.2857,23.503,23.0181,23.3574,4871154
2010-01-27,23.3732,23.3732,22.5696,22.5775,10150257
2010-01-28,23.443,24.1737,23.4362,23.7322,14108612
2010-01-29,24.3104,24.3735,23.8187,23.8482,7967397
2010-02-01,23.9269,24.2721,23.6476,24.2721,6063635
2010-02-02,24.3528,24.821,24.2771,24.697,7148153
2010-02-03,24.6429,24.6577,24.159,24.3104,4207812
2010-02-04,24.2771,24.2937,23.4695,23.5119,7410063
2010-02-05,23.2777,23.4292,22.9975,23.4174,5839918
2010-02-08,23.3436,23.5374,23.2266,23.263,3890656
2010-02-09,23.4292,23.7469,23.3368,23.5374,3309333
2010-02-10,23.4627,23.503,23.0909,23.1932,3863974
2010-02-11,23.8561,24.0587,23.4695,23.9781,6329002
2010-02-12,23.8414,24.1276,23.5777,24.0715,5102132
2010-02-16,24.2367,24.2771,23.9338,24.1845,5306497
2010-02-17,24.2937,24.3735,23.9505,24.34,4365768
2010-02-18,24.333,24.4963,24.2672,24.3528,3598163
2010-02-19,24.2672,24.4246,24.0853,24.396,4326597
2010-02-22,24.4807,24.4807,24.0971,24.2771,3619450
2010-02-23,24.1797,24.2436,23.74,23.7911,4261213
2010-02-24,23.9505,24.1059,23.7981,23.9849,5059080
2010-02-25,23.8187,24.2859,23.6328,24.2367,6833805
2010-02-26,24.2937,24.6645,24.2672,24.4963,6565272
2010-03-01,24.5553,25.2969,24.4963,25.29,7750284
2010-03-02,25.3481,25.7591,25.3481,25.6362,7210313
2010-03-03,25.6579,25.7375,25.2399,25.3549,6382180
2010-03-04,25.4042,25.5665,25.2703,25.411,4002074
2010-03-05,25.5192,25.6972,25.4592,25.5998,4666189
2010-03-08,25.6294,25.6805,25.411,25.4592,2962779
2010-03-09,25.2969,25.534,25.29,25.3845,2982369
2010-03-10,25.3549,25.4278,25.1278,25.2547,4824228
2010-03-11,25.2477,25.3146,24.9871,25.232,6192996
2010-03-12,25.3392,25.4445,25.0599,25.1749,3243893
2010-03-15,25.0687,25.5713,25.0687,25.5507,3804545
2010-03-16,25.5507,25.6362,25.4278,25.4701,4136718
2010-03-17,25.5998,25.6805,25.4701,25.593,3694545
2010-03-18,25.7946,25.9617,25.4701,25.6362,5737954
2010-03-19,25.9224,25.9617,25.6579,25.8517,6976169
2010-03-22,25.6362,26.2136,25.6224,26.0966,3786236
2010-03-23,26.1762,26.1998,25.9284,26.1487,3399615
2010-03-24,26.1034,26.2056,25.7946,25.8094,3938753
2010-03-25,26.0533,26.1339,25.7838,25.7838,3793954
2010-03-26,25.8152,25.9617,25.4503,25.5438,3574022
2010-03-29,25.6362,26.0749,25.5841,26.011,2757976
2010-03-30,25.9755,26.3581,25.9224,26.2834,3700570
2010-03-31,26.2607,26.2834,25.9224,25.9824,4345267
2010-04-01,26.0533,26.1683,25.9362,26.1634,3973652
2010-04-05,26.309,26.3866,26.1487,26.1998,2747572
2010-04-06,26.1339,26.1831,25.829,26.0336,3121911
2010-04-07,25.9362,25.9529,25.593,25.7297,3312324
2010-04-08,25.6519,25.9824,25.6078,25.9048,3935359
2010-04-09,25.9441,26.2992,25.9116,26.2834,3107140
2010-04-12,26.3788,26.3788,25.7946,25.9284,3961122
2010-04-13,25.8231,25.9176,25.6913,25.9116,3902142
2010-04-14,25.8683,25.8683,25.5438,25.6519,3264380
2010-04-15,25.6657,25.9116,25.5841,25.7297,2835180
2010-04-16,25.3078,25.5438,25.0835,25.29,6023407
2010-04-19,25.2477,25.3904,25.1346,25.3392,3803257
2010-04-20,25.4828,25.9362,25.4828,25.8683,3288535
2010-04-21,25.89,25.9176,25.5782,25.6519,3888875
2010-04-22,25.5507,25.9903,25.4651,25.9176,5065931
2010-04-23,25.9559,26.1723,25.7464,26.1074,3225294
2010-04-26,26.0415,26.4359,26.0188,26.1408,0
2010-04-27,25.9972,26.3513,25.6913,25.7454,4690451
2010-04-28,25.8743,26.2489,25.6294,26.1683,7446792
2010-04-29,26.0493,26.2411,25.5998,25.706,7161299
2010-04-30,25.712,25.8094,24.9507,25.0166,6957835
2010-05-03,25.0166,25.4976,24.9212,25.4828,5090641
2010-05-04,25.232,25.5044,25.0166,25.1425,4129202
2010-05-05,24.9655,25.8152,24.9655,25.8024,7171742
2010-05-06,25.7749,25.8094,23.3368,24.821,6426150
2010-05-07,24.8878,24.8878,23.9711,24.3655,5831137
2010-05-10,25.4592,25.6579,24.9429,25.2094,5222928
2010-05-11,25.0088,25.5192,24.9723,25.2645,4217281
2010-05-12,25.2703,25.4897,25.0767,25.4897,3751467
2010-05-13,25.3707,25.534,24.9822,24.995,6845791
2010-05-14,24.9134,25.0767,24.2771,24.3872,6660141
2010-05-17,24.4108,24.6715,24.1128,24.6036,4818016
2010-05-18,24.6832,25.0767,24.6036,24.756,5443174
2010-05-19,24.6832,24.8435,24.4108,24.6174,4108107
2010-05-20,24.1452,24.2515,23.7252,23.7469,4435710
2010-05-21,23.4362,24.1276,23.1843,23.9505,7594106
2010-05-24,23.7322,24.0164,23.5462,23.7086,3998898
2010-05-25,23.2069,23.6731,22.9099,23.6604,6592154
2010-05-26,23.7469,24.0656,23.5719,23.6545,4312314
2010-05-27,24.0262,24.2721,23.8482,24.2721,3172459
2010-05-28,24.2436,25.0835,24.2367,24.8731,7040191
2010-06-01,24.6715,24.9871,24.3735,24.4531,6010109
2010-06-02,24.5111,25.2547,24.4472,25.2399,7735716
2010-06-03,25.2645,25.8968,25.2645,25.7454,4941646
2010-06-04,25.2172,25.4445,24.634,24.6901,6462207
2010-06-07,24.7412,24.9055,24.4176,24.4324,6751007
2010-06-08,24.3597,24.5691,24.0587,24.3449,6411349
2010-06-09,24.5553,24.8593,24.2937,24.3872,8399471
2010-06-10,24.756,25.1346,24.6429,25.0835,5560511
2010-06-11,24.9134,25.29,24.8032,25.29,4413198
2010-06-14,25.3972,25.4828,25.232,25.2703,3649147
2010-06-15,25.5044,25.7591,25.3392,25.7513,4999232
2010-06-16,25.5575,25.8231,25.5192,25.7681,6279213
2010-06-17,25.7681,26.1122,25.7681,26.0896,5773607
2010-06-18,26.005,26.1575,25.6884,25.7946,3999064
2010-06-21,25.9972,26.1122,25.527,25.6431,3430939
2010-06-22,25.6431,25.7749,25.112,25.1494,4775060
2010-06-23,25.0835,25.1897,24.697,24.9576,4932216
2010-06-24,24.8435,24.8986,24.52,24.6174,4984119
2010-06-25,24.6174,24.7354,24.3783,24.6901,7838718
2010-06-28,24.7806,25.0353,24.5111,24.9055,5016864
2010-06-29,24.5957,24.6262,24.2771,24.4246,6147608
2010-06-30,24.342,24.632,24.1737,24.2377,6574450
2010-07-01,24.2573,24.2859,23.6398,24.224,6767293
2010-07-02,24.215,24.7039,24.1845,24.5268,6269986
2010-07-06,24.697,24.8878,24.4324,24.6645,7903135
2010-07-07,24.6577,25.2172,24.5111,25.0973,8450177
2010-07-08,25.2841,25.3481,24.7354,24.8731,8250988
2010-07-09,24.9655,24.9723,24.7354,24.9576,5194215
2010-07-12,24.9055,25.0028,24.7845,24.8298,4329108
2010-07-13,25.0166,25.6126,25.0166,25.4897,6960055
2010-07-14,25.3972,25.8349,25.1976,25.7375,5979282
2010-07-15,25.7838,25.9903,25.6727,25.8743,5935417
2010-07-16,25.6913,25.8968,25.3314,25.3481,4411153
2010-07-19,25.4769,25.5507,25.1829,25.3904,3136861
2010-07-20,25.112,25.4651,24.9212,25.4346,3775639
2010-07-21,25.5998,25.5998,24.9134,25.0599,4003275
2010-07-22,25.2703,25.6224,23.8334,23.9849,13504060
2010-07-23,24.0056,24.4472,23.8482,24.1128,10159052
2010-07-26,24.1797,24.4688,24.1452,24.3655,5014522
2010-07-27,24.4963,24.4963,23.565,24.0164,9452143
2010-07-28,23.9584,24.1934,23.4076,23.4853,6153419
2010-07-29,23.6801,23.8187,23.0693,23.2965,6158099
2010-07-30,23.1627,23.4558,22.6552,23.2689,6738539
2010-08-02,23.5316,23.7322,23.3368,23.7322,4767963
2010-08-03,23.6102,23.9112,23.503,23.7036,5173706
2010-08-04,23.7911,24.1679,23.6476,24.1452,4324248
2010-08-05,23.4695,23.9505,23.263,23.7469,6153951
2010-08-06,23.5945,24.0262,23.4007,23.8689,4350310
2010-08-09,23.8954,23.9653,23.6102,23.8187,4366980
2010-08-10,23.6948,23.7685,23.3574,23.4627,3880840
2010-08-11,23.263,23.263,22.5863,22.6306,5731208
2010-08-12,22.3985,22.8588,22.3454,22.8027,3199647
2010-08-13,22.6778,22.7506,22.4841,22.6159,2937716
2010-08-16,22.2313,22.5647,22.0661,22.3129,3658074
2010-08-17,22.5047,22.7506,22.2991,22.6021,3795087
2010-08-18,22.6237,22.8332,22.4566,22.6925,4369288
2010-08-19,22.5775,22.6306,22.2097,22.4506,5042636
2010-08-20,22.2903,22.5047,22.2097,22.4566,4262238
2010-08-23,22.4428,22.7506,22.4211,22.4211,3818011
2010-08-24,22.1821,22.2313,21.6039,21.6855,6077085
2010-08-25,21.4976,22.5126,21.4976,22.4123,7304642
2010-08-26,22.428,22.4841,21.9726,22.0907,3869873
2010-08-27,22.1891,22.2392,21.7562,22.2235,2979708
2010-08-30,22.1596,22.254,21.77,21.7828,2748635
2010-08-31,21.5989,21.7661,21.4101,21.6059,5188615
2010-09-01,21.8498,22.3907,21.8498,22.0366,4160124
2010-09-02,22.0965,22.3542,21.9943,22.3129,2459704
2010-09-03,22.3985,22.6366,22.2392,22.5647,2693988
2010-09-07,22.5047,22.5352,22.2019,22.5352,4699491
2010-09-08,22.551,22.8175,22.4644,22.7723,5356215
2010-09-09,22.8726,23.0181,22.8726,22.9326,2865344
2010-09-10,22.9611,22.9611,22.725,22.788,2579154
2010-09-13,23.0752,23.0752,22.6857,22.788,2056592
2010-09-14,22.7791,23.0466,22.6778,22.9247,2297130
2010-09-15,22.8175,23.8187,22.788,23.7833,7356714
2010-09-16,23.6731,23.7252,23.1627,23.4784,4462423
2010-09-17,23.5719,23.6801,23.2857,23.5374,4654465
2010-09-20,23.5532,23.9269,23.4695,23.8757,1859659
2010-09-21,23.8049,23.9928,23.7036,23.8757,2883787
2010-09-22,23.7627,23.8837,23.5532,23.6545,2450298
2010-09-23,23.4695,23.8837,23.4076,23.4558,4644179
2010-09-24,23.6879,24.1934,23.6171,24.1187,3110055
2010-09-27,24.0449,24.0449,23.6476,23.6879,2653349
2010-09-28,23.7833,24.0056,23.4362,23.9416,2092628
2010-09-29,23.74,24.0853,23.5857,23.9043,2896362
2010-09-30,23.9711,24.098,23.6161,23.8246,3957401
2010-10-01,24.0164,24.0164,23.5777,23.6879,2138171
2010-10-04,23.565,23.6682,22.9897,23.2069,3465019
2010-10-05,23.4007,23.8895,23.3663,23.7627,3476189
2010-10-06,23.6476,23.7911,23.3869,23.4076,5146614
2010-10-07,23.5316,23.8187,23.4558,23.6328,2716752
2010-10-08,23.7154,23.7154,23.4695,23.5197,2356847
2010-10-11,23.4941,23.6398,23.4784,23.5532,1551425
2010-10-12,23.5532,23.7469,23.4627,23.6801,3669501
2010-10-13,23.7745,24.0587,23.6879,23.9269,2762550
2010-10-14,23.9416,24.0971,23.7833,24.0164,5107341
2010-10-15,24.2013,24.2937,23.8256,23.9584,3114195
2010-10-18,23.8639,24.1059,23.7627,24.0056,2796135
2010-10-19,23.7322,23.8049,23.1037,23.2011,5158397
2010-10-20,23.2266,23.4499,23.1696,23.2011,3223398
2010-10-21,23.263,23.3801,22.9522,23.0752,4019949
2010-10-22,23.0752,23.1843,23.0122,23.0693,3743779
2010-10-25,23.1627,23.6328,23.1037,23.3732,5018008
2010-10-26,23.2473,24.6832,23.1332,23.7833,18011398
2010-10-27,23.919,24.2367,23.6879,24.0921,7027609
2010-10-28,24.2436,25.0599,24.1364,24.756,7010213
2010-10-29,24.6911,25.1769,24.6842,25.0156,5563675
2010-11-01,25.1976,25.5998,24.8593,25.1494,4203147
2010-11-02,25.3845,25.7208,25.2969,25.5044,5106395
2010-11-03,25.5782,25.5782,25.0599,25.4828,4938681
2010-11-04,25.7749,25.7749,25.4701,25.7375,5751635
2010-11-05,25.7375,25.7454,25.2841,25.3904,3466974
2010-11-08,25.3146,25.5507,25.3018,25.3972,2134657
2010-11-09,25.3972,25.9224,25.3845,25.6884,5423539
2010-11-10,25.6078,25.6224,25.2399,25.4346,3954599
2010-11-11,25.3785,25.5665,25.2242,25.527,2300756
2010-11-12,25.2969,25.4346,25.1052,25.2547,2179417
2010-11-15,25.3392,25.3707,25.1052,25.1583,2213654
2010-11-16,25.0501,25.2094,24.6773,24.812,3822078
2010-11-17,24.8671,24.8986,24.5888,24.8593,2001983
2010-11-18,25.3314,26.5303,25.2547,26.3631,9434516
2010-11-19,26.3994,26.3994,25.9224,26.1034,4400664
2010-11-22,26.1034,26.2607,25.7513,26.0896,2302601
2010-11-23,25.7838,25.9687,25.6727,25.9116,3867319
2010-11-24,26.0533,26.2332,25.8152,26.0749,1746268
2010-11-26,25.829,25.9176,25.6972,25.8743,826939
2010-11-29,25.5841,25.8231,25.29,25.706,3709678
2010-11-30,25.713,26.1525,25.4651,25.6579,5352804
2010-12-01,25.9617,26.6463,25.9529,26.4074,3729989
2010-12-02,26.4142,27.0475,26.3513,26.9423,4229520
2010-12-03,26.9217,26.9365,26.5509,26.8529,2945822
2010-12-06,26.7044,26.8696,26.6669,26.8056,1914217
2010-12-07,27.0928,27.4026,26.9286,26.9758,7032659
2010-12-08,27.0555,27.1144,26.309,26.5086,7519762
2010-12-09,26.5873,26.6591,26.2489,26.3866,4642782
2010-12-10,26.3916,26.8283,26.3699,26.7889,3410009
2010-12-13,26.9601,26.9601,26.4653,26.6817,3295827
2010-12-14,26.8283,27.0062,26.7112,26.8696,2862975
2010-12-15,26.7742,26.9601,26.5794,26.7387,3802562
2010-12-16,26.8283,27.6977,26.5253,27.3898,5468748
2010-12-17,27.3938,27.9495,27.381,27.917,6382510
2010-12-20,28.0065,28.0842,27.6259,27.7822,4462136
2010-12-21,27.9298,28.0065,27.6908,27.9091,3792226
2010-12-22,27.9495,28.2465,27.8708,28.2032,3933628
2010-12-23,28.2111,28.3331,28.0369,28.0842,3022327
2010-12-27,28.0449,28.0901,27.8708,27.9947,1624888
2010-12-28,28.0153,28.1019,27.8363,27.9407,2134134
2010-12-29,27.8433,28.0301,27.797,27.8029,2169643
2010-12-30,27.6878,27.8659,27.6603,27.7656,2230232
2010-12-31,27.6928,27.8255,27.5816,27.6259,1556229
2011-01-03,27.8659,28.2239,27.8659,28.0291,2930285
2011-01-04,28.098,28.1668,27.7527,27.8226,4006081
2011-01-05,27.798,28.1295,27.6052,28.0369,3952738
2011-01-06,28.0901,28.4205,28.0369,28.3782,3085879
2011-01-07,28.4117,28.5042,27.9407,27.98,6733548
2011-01-10,27.9229,28.3389,27.7675,28.2956,3403224
2011-01-11,28.4048,29.0392,28.2956,28.7776,5512400
2011-01-12,28.9379,29.0678,28.7285,29.0245,3649165
2011-01-13,29.0245,29.469,29.0245,29.3018,4178926
2011-01-14,29.2812,29.3215,28.9379,29.2722,4325131
2011-01-18,29.3215,29.948,29.2035,29.8171,5302998
2011-01-19,29.9057,30.0119,29.288,29.4434,3933483
2011-01-20,29.3706,29.4139,28.7688,29.17,6275892
2011-01-21,29.5594,29.8594,29.4071,29.7818,6028388
2011-01-24,29.769,29.9991,29.7611,29.9057,4401024
2011-01-25,29.8073,30.1279,29.6027,29.7906,3669601
2011-01-26,29.9057,30.242,29.8142,30.1574,3490830
2011-01-27,30.1004,30.4309,29.7768,30.2656,4973670
2011-01-28,30.3089,30.3089,29.5123,29.6155,4007535
2011-01-31,29.6548,30.0021,29.4287,29.9352,4508438
2011-02-01,30.1781,30.5538,30.1781,30.2499,3756342
2011-02-02,30.2223,30.2863,29.8674,30.063,3950027
2011-02-03,30.8321,31.0091,29.1277,30.5115,6110397
2011-02-04,30.3424,30.359,29.529,30.186,4498011
2011-02-07,30.2784,30.3512,29.9253,30.1004,4195706
2011-02-08,30.0207,30.1634,29.8476,30.0119,3628502
2011-02-09,29.9115,29.9942,29.6225,29.8594,2973141
2011-02-10,29.7768,29.9115,29.529,29.7247,3076943
2011-02-11,29.6381,30.0207,29.4365,29.9774,3054468
2011-02-14,30.1939,30.4033,30.0463,30.2656,3125047
2011-02-15,30.063,30.303,29.8674,30.1702,3154344
2011-02-16,30.2223,30.3886,29.9411,30.1004,2348289
2011-02-17,30.0788,30.2499,29.8997,30.186,2712481
2011-02-18,30.2027,30.3886,30.1161,30.3886,2830030
2011-02-22,30.063,30.1939,29.5594,29.6027,2475245
2011-02-23,29.529,29.6746,29.0245,29.1848,3493824
2011-02-24,29.1317,29.3047,28.9379,29.1995,3341203
2011-02-25,29.2722,29.7818,29.2035,29.7542,2643642
2011-02-28,29.8801,30.1073,29.7395,30.0267,2944444
2011-03-01,30.063,30.2735,29.8309,29.8309,4104560
2011-03-02,29.7896,29.8899,29.6017,29.6648,2779275
2011-03-03,29.9853,30.954,29.9115,30.8892,5096246
2011-03-04,30.8695,30.8774,30.4103,30.6698,3618142
2011-03-07,30.72,30.9295,30.124,30.2656,2947588
2011-03-08,30.3296,30.656,30.2588,30.4368,2104546
2011-03-09,30.3364,30.6482,30.2863,30.5676,2187939
2011-03-10,30.2233,30.3187,29.6077,29.6873,4774281
2011-03-11,29.6215,29.8752,29.2201,29.2979,3150320
2011-03-14,29.0746,29.4071,28.9458,29.053,2996758
2011-03-15,28.2239,29.1277,28.1884,28.9163,5401158
2011-03-16,28.8051,28.8592,28.0685,28.3251,5094196
2011-03-17,28.6861,29.0864,28.6782,29.0421,4273371
2011-03-18,29.3382,29.6648,28.9792,29.173,4149995
2011-03-21,29.5063,30.0473,29.4345,29.651,1317050
2011-03-22,29.4975,29.6077,29.3598,29.472,3502144
2011-03-23,29.347,29.4179,28.8209,28.9271,4598802
2011-03-24,29.0421,29.4257,28.994,29.3598,2138174
2011-03-25,29.4906,29.8664,29.4345,29.7975,3491137
2011-03-28,29.8123,30.0925,29.6814,29.9185,3381886
2011-03-29,29.8594,30.063,29.8123,29.9942,2486018
2011-03-30,30.187,30.244,30.0473,30.1083,2473649
2011-03-31,29.9676,30.1269,29.7217,29.8073,3658655
2011-04-01,29.9115,30.6207,29.9115,30.5853,4461412
2011-04-04,30.6207,30.779,30.4397,30.479,2598934
2011-04-05,30.361,30.4397,30.1437,30.3315,2736021
2011-04-06,30.3905,30.6147,30.3689,30.5931,2531778
2011-04-07,30.4476,30.7436,30.2598,30.6099,2564068
2011-04-08,30.7574,30.9354,30.4544,30.5626,3273944
2011-04-11,30.5626,30.7977,30.3109,30.4181,2488336
2011-04-12,30.2961,30.4544,29.8063,29.8476,3582638
2011-04-13,30.006,30.0552,29.5949,29.768,3677007
2011-04-14,29.6215,29.7237,29.3598,29.4582,4584303
2011-04-15,29.5949,29.883,29.3962,29.6873,6205764
2011-04-18,29.3382,29.9774,29.2064,29.8988,4271489
2011-04-19,29.9716,30.4928,29.9253,30.4181,4449092
2011-04-20,30.8193,31.1055,30.7083,30.8656,3360501
2011-04-21,31.0131,31.1518,30.8341,31.1282,2734029
2011-04-25,30.9973,31.1282,30.8656,31.078,2666993
2011-04-26,31.1586,31.4065,31.0377,31.3308,2693095
2011-04-27,31.3308,31.9917,31.2816,31.9632,3274889
2011-04-28,31.8815,32.3222,30.9836,31.5157,6120801
2011-04-29,31.5905,31.6789,31.3691,31.6573,3975038
2011-05-02,31.74,32.1225,31.74,32.1156,3597271
2011-05-03,32.0143,32.2592,31.8619,32.2514,4040719
2011-05-04,32.1589,32.328,31.9474,32.2917,3785251
2011-05-05,32.1648,32.6664,32.0802,32.3428,4225487
2011-05-06,32.6664,32.9624,32.2769,32.3064,5201308
2011-05-09,32.3605,32.8897,32.3507,32.8238,3838018
2011-05-10,32.9182,33.0392,32.4254,32.869,3477168
2011-05-11,32.7755,32.8955,32.3428,32.512,2942999
2011-05-12,32.4392,32.6536,32.2917,32.5188,3058093
2011-05-13,32.6143,32.6743,32.0645,32.211,3738376
2011-05-16,32.0645,32.6664,32.0261,32.5641,3943878
2011-05-17,32.4324,32.447,32.1077,32.447,2956542
2011-05-18,32.4805,33.048,32.3605,32.9998,3641454
2011-05-19,32.8572,33.1011,32.6595,32.7883,2241505
2011-05-20,32.7618,32.7943,32.3428,32.5494,2276965
2011-05-23,32.2366,32.2366,31.734,32.1953,3284830
2011-05-24,32.2169,32.4254,32.0576,32.4048,2980991
2011-05-25,32.3428,32.6595,32.2838,32.6368,2801160
2011-05-26,32.4855,32.9093,32.2199,32.869,3792563
2011-05-27,32.8168,33.0067,32.5444,32.8631,2322431
2011-05-31,33.107,33.1346,32.5592,32.9083,2648393
2011-06-01,32.8484,32.9044,32.2169,32.2514,2802525
2011-06-02,32.2514,32.3172,31.9199,32.1795,2792090
2011-06-03,31.855,32.039,31.7242,31.9199,3362769
2011-06-06,31.9199,32.0871,31.8619,31.9711,2805380
2011-06-07,32.1362,32.212,31.855,31.9209,1893630
2011-06-08,31.9209,31.9839,31.6917,31.8688,3261643
2011-06-09,31.9426,32.4589,31.855,32.2051,2481584
2011-06-10,32.1077,32.1077,31.3131,31.3436,3583402
2011-06-13,31.4606,31.8452,31.4478,31.6386,2806086
2011-06-14,31.9416,32.1077,31.7793,31.8117,3181333
2011-06-15,31.5933,31.9769,31.441,31.5708,2308155
2011-06-16,31.4961,31.5609,31.1548,31.4891,2860365
2011-06-17,31.733,32.0065,31.6917,31.795,3382249
2011-06-20,31.6288,32.2533,31.6288,32.2189,2260373
2011-06-21,32.4284,32.7913,32.2533,32.6575,4397150
2011-06-22,32.6025,32.7254,32.2454,32.2533,3900983
2011-06-23,31.9426,32.1668,31.4961,32.1077,3624832
2011-06-24,32.1029,32.2454,31.7861,31.8815,4203334
2011-06-27,31.9288,32.152,31.6632,31.8402,4384432
2011-06-28,31.9769,32.625,31.9288,32.625,2757527
2011-06-29,32.8139,32.868,32.45,32.7717,3644209
2011-06-30,32.9132,33.1129,32.746,33.0716,5990412
2011-07-01,33.1266,33.7915,33.1011,33.7236,4010336
2011-07-05,33.6519,33.8633,33.522,33.7689,3123598
2011-07-06,33.6587,34.1829,33.6086,34.0246,3229817
2011-07-07,34.2223,34.2627,33.9813,34.0954,3650078
2011-07-08,33.8063,33.9214,33.6234,33.821,3304698
2011-07-11,33.3617,33.705,33.2152,33.2801,3568982
2011-07-12,33.2801,34.061,33.2801,33.6587,4912592
2011-07-13,33.8142,34.2292,33.6745,33.7767,3491989
2011-07-14,33.8063,34.061,33.3677,33.6234,3984286
2011-07-15,33.7915,33.9154,33.3617,33.6961,3729601
2011-07-18,33.5919,33.8791,33.0627,33.2801,2876115
2011-07-19,33.4336,33.4847,33.0795,33.3549,3663164
2011-07-20,33.3677,33.3677,33.046,33.1394,3685687
2011-07-21,33.6234,34.1977,32.6182,33.4847,9758488
2011-07-22,33.4847,33.6813,33.3677,33.522,3270870
2011-07-25,33.2595,33.4256,33.0106,33.046,2415736
2011-07-26,33.0116,33.0185,32.4727,32.4933,2996257
2011-07-27,32.3802,32.5218,31.7596,31.8117,4883923
2011-07-28,31.8334,32.3939,31.5767,31.615,5077073
2011-07-29,31.3967,32.0773,31.2137,31.8638,5898594
2011-08-01,32.0812,32.1284,30.6669,31.1478,4983087
2011-08-02,30.9915,31.2422,30.657,30.6787,4875223
2011-08-03,30.7456,30.9502,30.0345,30.7181,5357489
2011-08-04,29.706,30.186,29.2083,29.3401,8081562
2011-08-05,29.6323,29.7867,28.5347,29.2153,8113304
2011-08-08,28.5022,28.8622,27.6554,27.6603,8881154
2011-08-09,27.9495,29.0205,27.3249,28.9634,12059736
2011-08-10,28.9989,29.5614,27.9347,28.0085,11909812
2011-08-11,28.0389,29.8368,27.981,29.4739,7060177
2011-08-12,29.6323,30.2155,29.4434,29.7582,5242103
2011-08-15,30.0453,30.304,29.6411,30.2873,4245194
2011-08-16,29.8801,30.4112,29.6618,30.2027,4377306
2011-08-17,30.2961,30.7751,30.1073,30.4938,4996327
2011-08-18,29.7207,29.887,29.0569,29.3696,5930067
2011-08-19,28.9802,29.7011,28.9103,29.109,4636057
2011-08-22,29.706,29.8211,28.9271,29.0057,3802663
2011-08-23,29.0638,29.9037,28.9025,29.9037,3164118
2011-08-24,29.8103,30.1231,29.5614,29.8368,4711085
2011-08-25,29.9224,30.0267,29.1985,29.2929,3144824
2011-08-26,29.175,30.0453,28.5927,29.8801,4549246
2011-08-29,30.1781,30.6325,30.1574,30.6227,2666353
2011-08-30,30.659,30.9217,30.243,30.7259,4343845
2011-08-31,30.723,31.3318,30.723,30.9452,3295781
2011-09-01,30.9069,31.4961,30.5941,30.7101,3474839
2011-09-02,30.2095,30.664,30.1221,30.1486,2784660
2011-09-06,29.3263,30.0788,29.1877,30.0119,3090150
2011-09-07,30.5312,31.0318,30.2608,31.0318,2980519
2011-09-08,30.8901,31.1478,30.3562,30.3728,3771404
2011-09-09,30.0355,30.0925,29.0598,29.2497,5112102
2011-09-12,29.1179,29.2526,28.6143,29.0716,4807328
2011-09-13,29.1916,29.7582,29.0205,29.6844,5608885
2011-09-14,29.7277,30.6167,29.5015,30.2735,3743013
2011-09-15,30.4938,30.5715,29.3205,30.1279,5498001
2011-09-16,30.3325,31.6013,30.2253,31.3967,8228343
2011-09-19,31.0524,31.6376,30.9452,31.4724,4103942
2011-09-20,31.6642,32.3605,31.4183,32.036,5143512
2011-09-21,32.093,32.1334,31.0514,31.0514,4315400
2011-09-22,30.2814,30.6787,30.0925,30.3935,5349764
2011-09-23,30.2686,30.7879,29.9922,30.3817,5559694
2011-09-26,30.7436,31.5777,30.2991,31.5619,5239103
2011-09-27,32.15,32.4727,31.9071,32.0841,5129096
2011-09-28,32.1412,32.4333,31.4596,31.5422,4307933
2011-09-29,32.0773,32.514,31.0318,31.4891,4117566
2011-09-30,31.1862,31.318,30.6404,30.6404,5018137
2011-10-03,30.4083,30.9915,29.1798,29.1798,7710661
2011-10-04,28.7972,29.3766,28.2504,29.3382,5241085
2011-10-05,29.3834,29.7857,29.2359,29.5969,3757659
2011-10-06,29.3323,29.4424,28.2131,29.2497,7427444
2011-10-07,29.5201,29.8516,29.0756,29.4592,6932153
2011-10-10,29.8811,30.2391,29.706,30.2253,2936843
2011-10-11,30.0414,30.2745,29.9233,30.1722,2360089
2011-10-12,30.3069,30.7505,30.2047,30.3728,3284832
2011-10-13,30.1654,30.4141,29.8644,30.3817,2817124
2011-10-14,30.6787,30.9118,30.5676,30.7967,2273873
2011-10-17,30.546,30.6276,30.1889,30.2312,3018316
2011-10-18,30.2175,31.0239,30.0355,30.7308,3773459
2011-10-19,30.7308,31.2422,30.6276,30.9197,3188514
2011-10-20,31.0662,31.3809,30.6846,31.0396,3999353
2011-10-21,31.3967,32.3428,31.3062,32.1933,5165924
2011-10-24,32.1569,32.3064,32.0448,32.2268,2668991
2011-10-25,32.3989,32.3989,31.4262,31.4823,3883078
2011-10-26,32.3222,32.8867,31.8284,32.2829,5907305
2011-10-27,31.1173,33.0392,30.8606,32.8867,4670950
2011-10-28,32.6172,33.823,32.6172,33.2821,5003334
2011-10-31,32.6212,32.9861,32.3703,32.3929,3552875
2011-11-01,31.4045,31.9071,31.3131,31.5619,4209143
2011-11-02,32.0536,32.2759,31.7262,32.0625,2893339
2011-11-03,32.4648,32.6811,32.1638,32.3773,2562847
2011-11-04,32.2514,32.4677,31.7871,32.0104,2023389
2011-11-07,31.9947,32.3123,31.7409,32.3123,2038502
2011-11-08,32.448,32.448,31.9366,32.2995,3588956
2011-11-09,31.7163,31.8422,31.1833,31.3721,3280149
2011-11-10,31.3721,31.8845,31.2639,31.6081,2442293
2011-11-11,32.03,32.8807,32.0104,32.8601,3621984
2011-11-14,32.6172,32.8385,32.3773,32.448,2669631
2011-11-15,32.2907,32.5444,32.036,32.4333,2432051
2011-11-16,32.0989,32.1933,31.3524,31.3879,2731814
2011-11-17,31.3209,31.5777,30.7505,30.9049,2865429
2011-11-18,31.1478,31.1705,30.6187,30.6423,3081039
2011-11-21,30.1171,30.3286,29.5594,29.7385,4677414
2011-11-22,29.6313,29.9765,29.4788,29.6529,3689909
2011-11-23,29.3834,30.1299,29.1287,29.887,4952491
2011-11-25,29.7788,29.8811,29.4788,29.4788,1230359
2011-11-28,30.3139,30.483,30.1083,30.4662,3420753
2011-11-29,30.5981,30.5981,29.7857,29.9233,4508532
2011-11-30,30.7289,31.0839,30.4319,31.0682,3621515
2011-12-01,31.0731,31.4183,30.9442,30.9993,2289731
2011-12-02,31.1783,31.1833,29.947,30.3217,7052790
2011-12-05,30.7879,30.8656,29.8811,30.005,5246045
2011-12-06,30.1269,30.3876,29.9509,30.0168,3745265
2011-12-07,30.0021,30.8606,29.7522,30.5902,7425600
2011-12-08,30.4348,30.5676,30.1358,30.2095,4245088
2011-12-09,30.3276,30.8478,30.2371,30.6502,2513018
2011-12-12,30.364,30.4299,29.9105,30.1014,2244453
2011-12-13,30.1722,30.4761,29.8024,29.9765,2841575
2011-12-14,29.9548,30.124,29.6608,29.6903,3128338
2011-12-15,30.0276,30.1654,29.8368,30.0197,2032095
2011-12-16,30.2666,30.4584,29.9509,29.9509,4059426
2011-12-19,30.0552,30.1437,29.4267,29.5113,3483282
2011-12-20,29.9205,30.1073,29.8171,29.8772,3872199
2011-12-21,29.8073,29.944,29.5988,29.7345,2693138
2011-12-22,29.8486,29.9676,29.649,29.9135,1948827
2011-12-23,29.9971,30.0168,29.8486,29.9676,1758365
2011-12-27,29.9509,30.0089,29.6932,29.9077,1891980
2011-12-28,29.8997,30.06,29.4287,29.469,1617764
2011-12-29,29.4513,29.9205,29.4287,29.8919,1606299
2011-12-30,29.8133,30.1073,29.7522,29.8683,1182832
2012-01-03,30.3276,30.7083,30.3119,30.5105,2827660
2012-01-04,30.4121,30.5027,30.1073,30.3049,2237692
2012-01-05,30.0748,30.2735,29.8772,30.0837,3315396
2012-01-06,30.0748,30.6925,30.0089,30.5676,2827048
2012-01-09,30.3276,30.5027,30.0748,30.3315,2821768
2012-01-10,30.6129,30.8606,30.4348,30.4496,2706881
2012-01-11,30.4496,30.6069,30.3197,30.5823,2150408
2012-01-12,30.5981,30.7889,30.4348,30.7889,3045991
2012-01-13,30.545,30.6364,30.2666,30.3394,3165274
2012-01-17,30.6276,30.8833,30.5744,30.7083,2186885
2012-01-18,30.8921,31.3091,30.779,31.1045,4500598
2012-01-19,31.0967,31.4793,30.8764,31.4163,2644773
2012-01-20,31.4714,31.7085,31.254,31.3612,3754893
2012-01-23,31.3612,31.4498,30.8478,30.8921,3237751
2012-01-24,30.7308,31.0171,30.6129,30.779,3577889
2012-01-25,30.6708,31.0023,30.4121,30.9502,2913831
2012-01-26,30.9885,31.0348,30.3807,30.9797,3019713
2012-01-27,30.9285,31.3033,30.8921,31.143,2043652
2012-01-30,30.958,31.4222,30.7652,31.3318,2862355
2012-01-31,32.4009,32.7224,31.4813,31.6524,5659937
2012-02-01,31.7969,32.1254,31.6849,31.6849,4133760
2012-02-02,32.3792,32.3792,30.958,31.0544,6205929
2012-02-03,31.3033,31.4941,30.1073,30.9285,11355741
2012-02-06,30.8764,31.0544,30.6129,30.7436,4809752
2012-02-07,30.7514,31.2384,30.6797,31.1931,3508940
2012-02-08,31.1724,31.377,31.0544,31.2688,3003883
2012-02-09,31.3484,31.3484,30.9502,30.9885,3012716
2012-02-10,30.8203,30.8833,30.6276,30.8046,2884310
2012-02-13,31.0023,31.1852,30.8833,31.1646,3338707
2012-02-14,31.0269,31.2816,30.7652,30.9374,3182260
2012-02-15,31.0967,31.2688,30.4348,30.5233,2693454
2012-02-16,30.5233,30.7652,30.5027,30.7436,2233937
2012-02-17,30.7889,30.8764,30.3197,30.5381,3751807
2012-02-21,30.6423,30.7083,30.2666,30.3807,1770562
2012-02-22,30.2666,30.5105,30.1131,30.2155,1738486
2012-02-23,30.243,30.5823,30.1771,30.5538,2311918
2012-02-24,30.5606,30.9885,30.4584,30.9285,3142637
2012-02-27,30.7083,30.9797,30.6069,30.7652,2035120
2012-02-28,30.8833,30.9885,30.7308,30.9649,1860313
2012-02-29,30.96,31.021,30.5203,30.5598,3157608
2012-03-01,30.5606,30.7731,30.4289,30.5902,2474391
2012-03-02,30.5194,30.6698,30.1378,30.1889,2283610
2012-03-05,30.069,30.482,30.0237,30.4584,2845316
2012-03-06,30.1437,30.4466,29.9696,30.4466,5872229
2012-03-07,30.3846,30.4614,30.062,30.1977,3799790
2012-03-08,30.2558,30.7416,30.247,30.7063,3269369
2012-03-09,30.7131,31.2629,30.7131,31.0534,3264769
2012-03-12,30.9885,31.0889,30.7083,30.7514,2642686
2012-03-13,30.8135,30.8921,30.5165,30.7652,2927025
2012-03-14,30.6502,30.8833,30.4967,30.5744,2825141
2012-03-15,30.6069,30.7013,30.4121,30.6708,1674594
2012-03-16,30.7063,30.8528,30.5135,30.5873,2923120
2012-03-19,30.5233,30.6502,30.3049,30.3276,1965900
2012-03-20,30.181,30.2922,29.9981,30.0257,2825011
2012-03-21,29.9745,30.5282,29.8241,30.4534,5308549
2012-03-22,30.2332,30.5804,30.181,30.543,2579120
2012-03-23,30.4928,31.318,30.4712,31.0259,6670931
2012-03-26,31.2629,31.8875,31.1646,31.8372,3648643
2012-03-27,31.8943,31.9111,31.6868,31.8609,3841409
2012-03-28,31.8805,32.0163,31.5482,31.7281,3070660
2012-03-29,31.5412,31.8805,31.5285,31.8609,2270837
2012-03-30,31.9111,32.0065,31.7124,31.8678,2746373
2012-04-02,31.852,32.0065,31.6091,31.6091,2856381
2012-04-03,31.6396,31.7694,30.9797,31.2098,3871429
2012-04-04,31.0091,31.4173,31.0091,31.3268,3849283
2012-04-05,30.8744,31.4025,30.6836,30.9128,3828324
2012-04-09,30.6167,31.0839,30.4712,30.7722,4411322
2012-04-10,30.5636,30.7368,30.3011,30.3011,3606974
2012-04-11,30.543,30.6698,30.2922,30.5007,2648654
2012-04-12,31.1862,31.3268,30.479,30.5282,6182862
2012-04-13,30.3758,30.5598,29.9293,29.9608,4201699
2012-04-16,30.0542,30.247,29.8939,29.9981,3754215
2012-04-17,30.0925,30.9128,30.0925,30.8272,4137978
2012-04-18,30.6472,30.662,30.3846,30.4319,2850335
2012-04-19,30.4319,30.6698,30.1977,30.4319,3845103
2012-04-20,30.4859,30.7633,30.3846,30.7131,3897401
2012-04-23,30.4466,30.7289,30.2332,30.6039,3082573
2012-04-24,30.6039,30.7368,30.4466,30.4859,2811991
2012-04-25,30.6039,30.8341,30.5007,30.7554,1877476
2012-04-26,30.6039,31.135,30.366,30.9797,2690705
2012-04-27,31.0406,31.3869,30.8744,31.2757,3164478
2012-04-30,31.1498,31.4114,31.0406,31.2472,3153844
2012-05-01,31.1498,31.5354,31.0682,31.378,2501337
2012-05-02,31.2993,31.3957,31.0839,31.3564,2872072
2012-05-03,31.5708,32.0281,31.5285,32.0281,5179441
2012-05-04,31.9022,32.1697,31.5619,31.5619,4930584
2012-05-07,31.5137,31.8678,31.4891,31.6809,3173130
2012-05-08,31.5855,31.8432,31.3268,31.7999,3987677
2012-05-09,31.4961,31.5855,31.1272,31.2157,3891914
2012-05-10,31.3426,31.4961,31.1498,31.2206,3675933
2012-05-11,31.1213,31.557,31.0476,31.4114,2740381
2012-05-14,31.1941,31.6602,31.0476,31.6091,2746122
2012-05-15,31.5216,31.6524,31.1035,31.2157,3235054
2012-05-16,31.3494,31.3711,31.0751,31.135,1834078
2012-05-17,31.1783,31.2009,30.6836,30.6836,1500564
2012-05-18,30.842,30.9128,30.2047,30.2755,2835766
2012-05-21,30.358,30.6167,30.2185,30.5636,2299998
2012-05-22,30.6552,30.8027,30.366,30.4928,2147901
2012-05-23,30.3955,30.5351,30.0187,30.3079,3068859
2012-05-24,30.358,30.722,30.358,30.6552,2194904
2012-05-25,30.6983,31.0259,30.6768,30.8027,1719089
2012-05-29,31.0476,31.2472,30.7771,30.8272,3095481
2012-05-30,30.6552,30.7131,30.3286,30.424,3142706
2012-05-31,30.366,30.8125,30.3345,30.5873,3120993
2012-06-01,30.3011,30.5194,29.7985,29.9608,3498121
2012-06-04,29.9608,30.1722,29.7345,29.9696,2773411
2012-06-05,29.8584,30.3886,29.764,30.3345,3249381
2012-06-06,30.4033,30.6846,30.3149,30.663,2084434
2012-06-07,30.96,31.0308,30.7662,30.843,2396613
2012-06-08,30.723,31.0426,30.6492,30.9748,1825896
2012-06-11,31.1125,31.1734,30.6167,30.662,2013530
2012-06-12,30.662,30.957,30.5804,30.8901,2440683
2012-06-13,30.8459,31.0091,30.6039,30.7063,1989108
2012-06-14,30.8027,31.0013,30.7486,30.9128,1923324
2012-06-15,31.0308,31.5127,30.9963,31.3937,3145074
2012-06-18,31.2757,31.5777,31.2393,31.4636,1708741
2012-06-19,31.4626,31.7753,31.4508,31.4961,2413699
2012-06-20,31.4961,31.556,31.0426,31.1843,2639504
2012-06-21,31.316,31.3603,30.7003,30.7083,2594808
2012-06-22,30.7899,30.9089,30.48,30.8145,2629427
2012-06-25,30.48,30.5508,30.06,30.06,4124172
2012-06-26,30.1791,30.3149,30.06,30.06,2732766
2012-06-27,30.2391,30.3286,29.9883,29.9883,3362287
2012-06-28,29.8899,30.5892,29.883,30.4544,4253296
2012-06-29,30.96,31.2265,30.6059,31.2265,4429828
2012-07-02,31.2265,31.6308,31.1843,31.5275,4308230
2012-07-03,31.5472,31.8885,31.4881,31.8885,1548369
2012-07-05,31.7753,31.9041,31.5933,31.6524,2076061
2012-07-06,31.5039,31.5933,31.0387,31.0574,3121842
2012-07-09,31.0426,31.6819,31.0308,31.6602,3711513
2012-07-10,31.736,31.9573,31.5472,31.736,4263401
2012-07-11,31.6602,31.8442,31.4007,31.4803,3180046
2012-07-12,31.3406,31.5206,31.0426,31.2364,3332651
2012-07-13,31.3033,31.7193,31.2137,31.6081,2313232
2012-07-16,31.6081,31.7291,31.3308,31.4438,2309633
2012-07-17,31.5472,31.8688,31.3554,31.7753,3234326
2012-07-18,31.6308,32.093,31.5609,32.0182,3772087
2012-07-19,32.1215,32.5739,32.036,32.3398,4974391
2012-07-20,32.1068,32.1648,31.854,32.0448,8890170
2012-07-23,31.6602,31.7134,31.3691,31.5845,2482742
2012-07-24,31.7035,31.736,31.1085,31.3484,3955373
2012-07-25,31.4626,31.5206,31.0131,31.3249,2126104
2012-07-26,31.6524,31.8255,30.9472,31.2806,3448925
2012-07-27,31.2885,31.6239,31.2364,31.4803,4571842
2012-07-30,31.5275,32.3153,31.4508,32.2041,3855219
2012-07-31,31.4724,32.5887,31.3033,32.036,5893840
2012-08-01,32.2218,32.2543,31.5472,31.6239,3676285
2012-08-02,31.2668,31.3484,30.3079,30.4033,6548439
2012-08-03,30.7741,30.8213,29.049,29.1768,11062193
2012-08-06,29.2182,29.2251,28.8887,29.0884,4761067
2012-08-07,29.049,29.5398,29.0265,29.4877,5913642
2012-08-08,29.4071,29.7483,29.1375,29.5575,5033506
2012-08-09,29.5486,30.1506,29.4071,29.8899,5614679
2012-08-10,29.8664,29.9578,29.7316,29.9421,2118205
2012-08-13,29.8221,29.8221,29.6017,29.7267,2173671
2012-08-14,29.8457,29.8536,29.5083,29.5712,3106608
2012-08-15,29.586,29.7267,29.4434,29.6017,1770478
2012-08-16,29.5319,29.6893,29.2487,29.645,3297379
2012-08-17,29.7129,29.7129,29.4071,29.5153,2530675
2012-08-20,29.4532,29.7867,29.4434,29.7867,2679701
2012-08-21,29.7945,29.8457,29.5792,29.6381,3485275
2012-08-22,29.4749,29.5949,29.3529,29.4621,3218994
2012-08-23,29.4071,29.5398,29.2428,29.4071,4381547
2012-08-24,29.4129,29.6135,29.2182,29.5319,2855731
2012-08-27,29.5398,29.764,29.3923,29.586,2755731
2012-08-28,29.4955,29.6017,29.3323,29.4365,2309976
2012-08-29,29.5034,29.8034,29.4532,29.764,2696847
2012-08-30,29.645,29.6981,29.3854,29.4208,2650264
2012-08-31,29.5486,29.6588,29.3028,29.4071,2739385
2012-09-04,29.4434,29.651,29.3529,29.5083,2668474
2012-09-05,29.0185,29.3323,28.9054,28.9851,4342117
2012-09-06,29.1189,29.3028,28.9684,29.1375,4759395
2012-09-07,29.29,29.3077,28.4599,28.4836,7951665
2012-09-10,28.5533,28.6251,28.4097,28.4432,3855882
2012-09-11,28.4756,28.5297,28.3341,28.3341,4271365
2012-09-12,28.455,28.4756,27.9947,28.0714,4771184
2012-09-13,27.9387,28.2888,27.7361,28.099,9108274
2012-09-14,28.0872,28.5297,28.0792,28.5297,10725469
2012-09-17,28.4265,28.575,28.3271,28.4265,3842162
2012-09-18,28.3674,28.8012,28.217,28.6999,3738965
2012-09-19,28.6556,28.7156,28.3822,28.4599,4256037
2012-09-20,27.8393,28.6852,27.4439,28.6635,7818891
2012-09-21,28.7471,28.8946,28.6045,28.7068,3818761
2012-09-24,28.693,28.9684,28.6045,28.9251,2785133
2012-09-25,28.9379,29.049,28.6999,29.0353,6496668
2012-09-26,29.0353,29.47,28.9989,29.1297,7030134
2012-09-27,29.2329,29.8063,28.989,29.645,7890724
2012-09-28,29.5329,29.6027,29.0696,29.1543,5693932
2012-10-01,29.2329,29.6529,29.1995,29.5496,3766669
2012-10-02,29.6027,29.7149,29.3776,29.6529,3227025
2012-10-03,29.7592,29.9145,29.5329,29.8063,3309806
2012-10-04,29.9087,30.4161,29.7277,30.4093,4749660
2012-10-05,30.479,30.485,30.1545,30.3129,2884361
2012-10-08,30.2371,30.657,30.1762,30.5598,3186864
2012-10-09,30.7387,30.8508,30.3394,30.7151,5435545
2012-10-10,30.7584,30.7584,30.3217,30.5194,3201106
2012-10-11,30.6187,30.7436,30.5135,30.6059,2955915
2012-10-12,30.7151,30.838,30.5351,30.5882,4163068
2012-10-15,30.7239,31.1272,30.7013,31.1272,3351679
2012-10-16,31.2639,31.4685,31.1872,31.4566,2475110
2012-10-17,31.4921,31.5186,31.0613,31.143,3294854
2012-10-18,31.1498,31.3524,31.0328,31.2216,2616828
2012-10-19,31.0672,31.0672,30.7239,30.8626,5183849
2012-10-22,30.8715,31.0957,30.8223,31.0957,4133851
2012-10-23,30.8508,30.8715,30.3876,30.479,2697810
2012-10-24,30.5882,30.7436,30.4161,30.4309,2663248
2012-10-25,30.7387,30.8223,30.2598,30.5882,4645302
2012-10-26,30.6492,30.7083,30.2017,30.243,3335309
2012-10-31,30.4378,30.8715,30.3059,30.7672,4297516
2012-11-01,30.6846,31.0091,30.657,30.8951,5790555
2012-11-02,31.1125,31.1793,30.7318,30.7436,3430871
2012-11-05,30.6187,30.7387,30.1398,30.2794,4017552
2012-11-06,30.3059,30.485,30.1762,30.2981,3079989
2012-11-07,29.9922,30.6187,29.9922,30.4534,5398281
2012-11-08,30.5007,30.5135,29.9618,29.9706,3216966
2012-11-09,29.9618,30.1329,29.7896,29.9214,2428692
2012-11-12,29.8614,29.9381,29.706,29.8486,2076024
2012-11-13,29.7277,30.0355,29.645,29.7808,2174794
2012-11-14,29.7965,29.8241,29.3077,29.3913,2706872
2012-11-15,29.4365,29.6097,29.2428,29.4434,2670294
2012-11-16,29.4208,29.706,29.3077,29.4532,5375942
2012-11-19,29.6844,29.8241,29.5802,29.645,5483709
2012-11-20,29.3598,29.5044,28.9969,29.4071,5268925
2012-11-21,29.3686,29.7207,29.3165,29.645,2241304
2012-11-23,29.7503,29.9145,29.6303,29.9145,905173
2012-11-26,29.8171,29.885,29.6676,29.7001,3549281
2012-11-27,29.7001,29.7896,29.47,29.5802,3194888
2012-11-28,29.5083,29.8417,29.2969,29.8319,2057038
2012-11-29,29.8929,30.243,29.8417,30.1466,3150457
2012-11-30,30.1466,30.3217,30.0935,30.2598,2507064
2012-12-03,30.3817,30.5882,30.2509,30.2981,1831943
2012-12-04,30.1762,30.3738,30.1762,30.2223,2369701
2012-12-05,30.2892,30.3945,30.0886,30.2155,2315033
2012-12-06,30.2371,30.3394,30.0935,30.2509,2375622
2012-12-07,30.2794,30.6059,30.184,30.5961,2166914
2012-12-10,30.5282,30.9777,30.5282,30.8951,2721617
2012-12-11,30.961,31.4183,30.8715,31.4183,3090826
2012-12-12,31.4183,31.7025,31.3062,31.3278,3657009
2012-12-13,31.3131,31.4282,31.2167,31.3524,2294945
2012-12-14,31.2925,31.735,31.2925,31.6593,3546164
2012-12-17,31.6593,31.7508,31.5098,31.6593,2171859
2012-12-18,31.7694,31.974,31.3977,31.9041,4628323
2012-12-19,31.9041,31.9041,31.4183,31.4282,3127960
2012-12-20,31.4282,31.6504,31.32,31.6504,2541934
2012-12-21,31.6376,31.6446,31.2216,31.441,5066855
2012-12-24,31.3652,31.5186,31.0957,31.2482,713296
2012-12-26,31.2698,31.3278,31.0239,31.1646,1571717
2012-12-27,31.1576,31.2019,30.5804,30.9344,2439941
2012-12-28,30.9295,31.1007,30.658,30.666,1710455
2012-12-31,30.6285,31.02,30.4938,31.0121,2578514
2013-01-02,31.3268,31.441,30.9217,31.3967,3660078
2013-01-03,31.3721,31.4852,31.1931,31.4685,2338007
2013-01-04,31.6652,32.0969,31.6652,31.9691,3147443
2013-01-07,31.9691,32.0408,31.6298,31.9534,2933216
2013-01-08,31.8913,32.1855,31.8117,31.9534,2614755
2013-01-09,31.9759,32.271,31.8993,32.1117,1822599
2013-01-10,32.1855,32.4057,32.1324,32.3773,2188435
2013-01-11,32.4274,32.4756,32.2454,32.4274,3147306
2013-01-14,32.4057,32.6241,32.3487,32.5238,1729925
2013-01-15,32.4667,32.8513,32.391,32.751,2558142
2013-01-16,32.6467,33.1572,32.6084,32.931,3611349
2013-01-17,33.0136,33.5427,32.9713,33.2555,4178697
2013-01-18,33.3165,33.6174,33.1572,33.6174,5185083
2013-01-22,33.5879,33.6479,33.3008,33.5633,2903282
2013-01-23,33.5083,34.0629,33.4512,33.9312,4608327
2013-01-24,33.9735,33.9735,33.6096,33.6863,5432494
2013-01-25,33.7522,33.8968,33.6017,33.8152,2900395
2013-01-28,33.822,33.822,33.5338,33.6174,3570760
2013-01-29,33.6096,33.9252,33.5575,33.8751,2981132
2013-01-30,33.8072,33.8663,33.5939,33.6479,2349753
2013-01-31,33.6332,33.6558,32.8356,32.9939,7074976
2013-02-01,33.1001,33.3627,32.9162,33.0421,5682474
2013-02-04,33.0421,33.105,32.7755,32.8807,4176475
2013-02-05,33.7443,34.6039,33.225,33.6479,5219544
2013-02-06,33.5633,33.6863,33.2044,33.286,4473499
2013-02-07,33.349,33.7591,33.3411,33.7296,5348169
2013-02-08,33.8152,34.0246,33.7354,34.0246,2493584
2013-02-11,33.9922,34.1741,33.9056,34.0551,2146887
2013-02-12,34.1082,34.4023,33.999,34.297,3122414
2013-02-13,34.4308,34.6039,34.0905,34.2223,3687246
2013-02-14,35.1852,35.2068,34.3393,34.6393,6163461
2013-02-15,34.6797,35.1685,34.6472,35.1685,6881010
2013-02-19,35.0543,35.2963,34.898,34.9865,3947844
2013-02-20,35.019,35.1183,34.6393,34.6954,2446975
2013-02-21,34.7229,34.8517,34.116,34.2499,3675434
2013-02-22,34.297,34.3767,34.1288,34.3138,2766237
2013-02-25,34.4446,34.7475,34.0551,34.0551,3158748
2013-02-26,34.2223,34.4583,34.116,34.4112,2721248
2013-02-27,34.4367,34.9216,34.3334,34.839,2522019
2013-02-28,34.7976,35.019,34.7711,34.7976,2372374
2013-03-01,34.7711,35.0268,34.5429,35.0268,1892805
2013-03-04,34.9138,34.9944,34.6256,34.8321,2531863
2013-03-05,34.898,35.0268,34.8232,34.8517,2641446
2013-03-06,34.9058,35.0268,34.6865,34.7318,2412187
2013-03-07,34.8232,35.0032,34.5292,34.5587,3555752
2013-03-08,34.6393,34.8675,34.5833,34.8517,2527775
2013-03-11,34.839,35.3062,34.8321,35.2294,2281697
2013-03-12,35.2894,35.5677,35.0485,35.2668,2540063
2013-03-13,35.2521,35.4074,35.1685,35.2737,3257948
2013-03-14,35.2963,35.4684,35.197,35.4635,3393687
2013-03-15,35.3258,35.3976,34.9944,35.078,3297275
2013-03-18,34.8724,34.9579,34.6118,34.7396,3153175
2013-03-19,32.333,32.8434,31.8697,31.8913,24509891
2013-03-20,31.8776,32.0596,31.1931,31.737,9630586
2013-03-21,31.5678,31.9464,31.4921,31.6071,11331731
2013-03-22,31.6071,31.8993,31.4134,31.6947,10306221
2013-03-25,31.6947,31.856,31.4921,31.6652,7974987
2013-03-26,31.8697,31.8913,31.56,31.7645,6702104
2013-03-27,31.6189,31.8609,31.4871,31.6189,7971524
2013-03-28,31.6484,31.6839,31.4951,31.5482,8428827
2013-04-01,31.6023,31.8815,31.5708,31.7242,4335309
2013-04-02,31.8678,31.9582,31.7075,31.8747,6588427
2013-04-03,31.9671,32.2612,31.9209,32.1245,8714830
2013-04-04,32.2199,32.3773,32.0645,32.2376,5907220
2013-04-05,32.038,32.2169,31.9041,32.1776,6984080
2013-04-08,32.1638,32.4883,32.031,32.4205,4178326
2013-04-09,32.5041,32.6103,32.3586,32.5041,3692690
2013-04-10,32.6015,32.8218,32.4677,32.5572,4259010
2013-04-11,32.6585,33.1316,32.5867,32.9753,3563493
2013-04-12,32.868,32.9496,32.7392,32.7982,2096125
2013-04-15,32.9113,33.0559,32.5867,32.6015,4088614
2013-04-16,32.7087,32.7913,32.3487,32.6851,3770844
2013-04-17,32.5936,32.6497,32.2031,32.2867,2586069
2013-04-18,32.2789,32.4589,32.1392,32.3684,2708225
2013-04-19,32.4589,32.6585,32.2169,32.6497,4416999
2013-04-22,32.7087,33.0559,32.4352,32.8827,2886008
2013-04-23,33.0254,33.3971,32.9358,33.2024,3291157
2013-04-24,33.348,33.6794,33.2929,33.6489,3881740
2013-04-25,34.536,34.8084,33.4512,33.52,9240955
2013-04-26,33.5132,33.5575,33.0047,33.3401,4910096
2013-04-29,33.406,33.528,33.224,33.3549,2624004
2013-04-30,33.4119,33.6263,33.0657,33.52,4935154
2013-05-01,33.52,34.003,33.2761,33.3086,5931441
2013-05-02,33.7306,35.0505,33.7306,34.9885,6722701
2013-05-03,35.1625,35.492,35.0445,35.1625,3646491
2013-05-06,34.9078,35.1291,34.7908,34.839,3726413
2013-05-07,34.8469,35.2265,34.8164,35.2088,2979006
2013-05-08,35.1487,35.3691,34.9,35.1487,5663550
2013-05-09,35.1891,35.2176,34.8252,34.8901,2871262
2013-05-10,34.8901,35.2009,34.8901,35.1419,2254547
2013-05-13,35.2176,35.2176,34.9659,34.9885,1660935
2013-05-14,34.9471,35.2924,34.9471,35.0632,3532601
2013-05-15,35.1134,35.6661,35.0898,35.4527,3153560
2013-05-16,35.5304,35.8156,35.498,35.6287,6915751
2013-05-17,35.6503,36.2247,35.6503,36.2247,6715934
2013-05-20,36.1579,36.689,36.1421,36.3958,3178284
2013-05-21,36.4539,36.6132,36.1904,36.3555,4523833
2013-05-22,36.384,36.5513,35.969,36.0743,5102109
2013-05-23,35.8628,36.0241,35.5815,35.7595,3509709
2013-05-24,35.7006,35.908,35.3219,35.7595,2301660
2013-05-28,35.9848,36.2808,35.7625,35.8411,1996158
2013-05-29,35.6661,35.7753,35.31,35.6926,2602081
2013-05-30,35.7006,36.2523,35.6503,36.1353,2252089
2013-05-31,36.0261,36.2778,35.5934,35.5934,4291942
2013-06-03,35.6759,35.8245,35.4832,35.8018,2392205
2013-06-04,35.7359,35.9996,34.9885,35.2403,3970916
2013-06-05,35.1487,35.4232,34.839,34.8803,3214170
2013-06-06,35.0632,35.1291,34.5577,34.9659,3026790
2013-06-07,35.2334,35.5511,35.1714,35.5511,3224868
2013-06-10,35.6209,35.7684,35.2786,35.5048,2568106
2013-06-11,35.2265,35.9435,35.2009,35.6209,4183167
2013-06-12,35.8156,36.0497,35.7271,35.7527,3723811
2013-06-13,35.7271,36.3477,35.5146,36.3113,2935030
2013-06-14,36.2395,36.6663,36.1519,36.2523,2461959
2013-06-17,36.4539,36.7106,36.3477,36.5719,2931115
2013-06-18,36.6663,36.985,36.5434,36.9604,3285027
2013-06-19,37.0007,37.1355,36.5227,36.6663,4529503
2013-06-20,36.3958,36.4451,35.5589,35.6759,4479082
2013-06-21,36.2169,36.6732,35.7841,35.8018,5648780
2013-06-24,35.6503,35.7359,35.1891,35.31,3653872
2013-06-25,35.5962,35.6287,35.1134,35.3543,3382576
2013-06-26,35.6425,36.4834,35.4016,36.3339,4207327
2013-06-27,36.4411,36.7303,36.3585,36.3988,2491577
2013-06-28,36.392,36.568,36.0074,36.0074,8576006
2013-07-01,36.2641,36.5405,35.9307,36.3044,2588494
2013-07-02,36.2956,36.3742,35.5934,35.8697,3116646
2013-07-03,35.733,36.1824,35.4881,36.0802,1250570
2013-07-05,36.3192,36.4489,35.8992,36.2956,1152822
2013-07-08,36.4785,36.5405,36.2188,36.2641,2630437
2013-07-09,36.4254,36.7529,36.384,36.625,2610465
2013-07-10,36.6397,37.3243,36.625,37.2181,3136241
2013-07-11,37.3882,37.8219,37.164,37.7924,2930922
2013-07-12,37.8269,37.8613,37.5476,37.8436,2443140
2013-07-15,37.8269,38.1347,37.8121,37.9429,1610441
2013-07-16,37.9144,37.9822,37.5319,37.5476,2146060
2013-07-17,37.7511,37.9351,37.5397,37.7993,1932960
2013-07-18,37.8692,38.2694,37.8692,38.2616,2824527
2013-07-19,38.2616,38.5478,37.9429,38.5389,5254666
2013-07-22,38.5025,38.593,38.2213,38.5389,1690422
2013-07-23,38.5763,38.6304,38.2547,38.2774,1637572
2013-07-24,38.3796,38.4612,37.9281,38.0363,1514608
2013-07-25,37.8908,38.0275,37.6291,37.8908,2138063
2013-07-26,37.9281,38.9707,37.8987,38.95,2883065
2013-07-29,38.7406,38.7474,38.178,38.5852,2045044
2013-07-30,38.7307,38.7307,38.3245,38.3324,2218376
2013-07-31,38.4445,38.7229,38.0521,38.2124,4117060
2013-08-01,38.6993,39.1566,38.3796,38.9707,3302396
2013-08-02,38.9707,39.134,38.8468,38.9874,2559986
2013-08-05,38.9067,39.3552,38.8311,39.3169,2288082
2013-08-06,39.2235,39.3169,38.7937,39.2402,2722390
2013-08-07,39.2156,39.2156,38.9874,39.0139,1794895
2013-08-08,39.1428,39.3307,38.9373,39.3031,1984413
2013-08-09,39.2235,39.5018,39.0956,39.3405,2463936
2013-08-12,39.1123,39.4005,39.0789,39.3612,2164608
2013-08-13,39.5077,39.8598,39.4163,39.8116,4147208
2013-08-14,39.8116,40.0438,39.7594,39.845,3148342
2013-08-15,39.5834,39.6159,39.0366,39.2795,3018752
2013-08-16,39.1045,39.3169,39.0504,39.1487,3296778
2013-08-19,38.9776,39.2795,38.9432,39.0051,1837971
2013-08-20,38.9648,39.0956,38.7937,38.955,1659506
2013-08-21,38.8222,38.9953,38.2862,38.355,2924244
2013-08-22,38.3393,38.7406,38.1574,38.5999,1718783
2013-08-23,38.659,39.134,38.4534,39.0877,2281418
2013-08-26,39.0877,39.2067,38.8724,38.8802,1518465
2013-08-27,38.5763,38.6462,38.0363,38.1642,2189876
2013-08-28,38.1947,38.355,38.0521,38.1574,1839875
2013-08-29,38.1091,38.5596,38.0678,38.355,1629139
2013-08-30,38.4701,38.4701,38.1858,38.355,1568341
2013-09-03,38.8163,38.9402,38.1642,38.3098,2334980
2013-09-04,38.3098,38.6698,38.2616,38.3255,2449188
2013-09-05,38.3403,38.7435,38.2419,38.2694,2583602
2013-09-06,38.2694,38.653,37.8722,38.4386,1969440
2013-09-09,38.593,38.9648,38.4701,38.7524,1530404
2013-09-10,38.9176,39.248,38.9176,39.0012,1810626
2013-09-11,39.0956,39.8746,39.0139,39.8215,2778221
2013-09-12,39.8598,40.4292,39.8116,40.3142,3839539
2013-09-13,40.2512,40.6416,40.1273,40.445,2433003
2013-09-16,40.7961,40.8787,40.5679,40.6201,1972069
2013-09-17,40.6181,41.0105,40.4941,40.865,2058696
2013-09-18,40.8885,40.9791,40.151,40.6722,3098577
2013-09-19,40.6053,41.1334,40.5444,40.7725,3062314
2013-09-20,40.7508,41.0322,40.5031,40.7656,3451363
2013-09-23,40.5975,40.802,40.2965,40.6181,2199063
2013-09-24,40.6416,40.6967,39.963,39.9768,2935654
2013-09-25,40.1273,40.3959,39.968,39.9768,2552212
2013-09-26,40.151,40.2886,39.667,39.9119,2011403
2013-09-27,39.8824,40.151,39.6237,40.1125,1743794
2013-09-30,39.8962,40.0752,39.7388,40.0113,2426097
2013-10-01,40.1195,40.8109,39.9394,40.7282,2793800
2013-10-02,40.5286,40.92,40.3959,40.8266,4146811
2013-10-03,40.6053,41.1334,40.4518,41.0498,5023578
2013-10-04,41.0027,41.4029,40.8109,41.3154,4037410
2013-10-07,41.157,41.5338,41.0735,41.3252,2632949
2013-10-08,41.5691,41.6636,40.627,40.8187,5127663
2013-10-09,40.8266,41.0027,40.6053,40.627,3350737
2013-10-10,40.9653,42.1759,40.92,41.9705,3404661
2013-10-11,41.994,42.117,41.7472,41.9458,2076063
2013-10-14,41.7698,42.1081,41.6095,42.1081,1311928
2013-10-15,42.0019,42.2458,41.8072,41.876,1750273
2013-10-16,42.1907,42.6324,42.0137,42.6176,2137443
2013-10-17,42.3747,43.4437,42.3747,43.4211,2209931
2013-10-18,43.4733,43.5677,42.7701,42.9038,5098605
2013-10-21,43.0611,43.0975,42.5054,42.6441,2401159
2013-10-22,42.8536,43.013,42.0678,42.1406,4989326
2013-10-23,42.1327,42.3589,41.6941,42.054,4279872
2013-10-24,42.8379,43.0287,42.1258,42.2144,7227196
2013-10-25,42.1976,42.3078,42.0619,42.1612,3580539
2013-10-28,43.0818,43.4585,42.4986,42.6254,7117435
2013-10-29,42.9529,43.2372,42.7907,43.0818,5895171
2013-10-30,43.0818,43.1585,42.4986,42.7188,4299937
2013-10-31,43.5597,45.3449,42.9707,45.0085,8743281
2013-11-01,44.7607,46.9431,44.6731,46.2291,8417917
2013-11-04,46.2979,47.4712,46.291,47.4181,7130134
2013-11-05,47.3768,47.3768,46.0599,46.465,9027305
2013-11-06,47.1664,47.5095,46.6972,46.9952,7758056
2013-11-07,47.0493,47.3099,46.5211,46.6657,5198619
2013-11-08,46.9588,47.8027,46.589,47.8027,4200126
2013-11-11,47.9325,48.3219,47.6561,48.3053,3967914
2013-11-12,48.0642,48.4449,48.0642,48.3387,4235438
2013-11-13,48.0889,49.0733,48.0073,49.0527,4267157
2013-11-14,49.0527,49.5386,48.6426,49.5002,3830956
2013-11-15,49.3979,49.7638,49.2071,49.749,4366715
2013-11-18,49.7559,50.0018,49.5071,49.6634,3464618
2013-11-19,49.5386,49.8719,49.3979,49.8277,3479988
2013-11-20,49.8719,50.0736,49.6723,49.7057,3396215
2013-11-21,49.7973,50.1651,49.5907,50.1394,3197008
2013-11-22,50.1149,50.2182,49.6634,49.8897,4276932
2013-11-25,50.2182,50.2182,49.8808,49.9575,2644107
2013-11-26,49.9881,50.1749,49.7422,49.7973,3275231
2013-11-27,49.8404,50.0972,49.0901,49.4668,3183121
2013-11-29,49.628,50.0175,49.4668,49.5651,1086389
2013-12-02,49.3861,49.8719,49.1363,49.5818,2315029
2013-12-03,49.2819,49.7225,49.1068,49.6634,2998374
2013-12-04,49.632,49.8208,48.4449,48.4941,5530094
2013-12-05,48.4016,48.7518,47.9905,48.2846,6359010
2013-12-06,48.9071,49.2435,48.7832,49.0527,3379752
2013-12-09,49.2524,49.6143,48.9445,49.3123,2481291
2013-12-10,49.151,51.9845,48.9071,50.8102,10997905
2013-12-11,51.2607,51.8715,50.6961,50.8171,5828754
2013-12-12,50.6785,51.1711,50.641,50.7699,3870022
2013-12-13,50.7699,50.9695,50.3096,50.3942,2600413
2013-12-16,50.6116,50.7867,50.1877,50.349,2948495
2013-12-17,50.4109,50.4562,49.5818,50.1651,3849738
2013-12-18,50.2879,51.2755,49.9575,51.2312,3448654
2013-12-19,51.1771,51.2853,50.8486,51.2312,2775872
2013-12-20,51.1151,51.3531,50.9627,51.0699,4442787
2013-12-23,51.4082,51.5076,50.9695,51.4003,2208259
2013-12-24,51.4771,51.6452,51.2234,51.4997,537919
2013-12-26,51.5076,51.9049,51.4997,51.7771,1192179
2013-12-27,51.8134,51.9689,51.3925,51.5154,832588
2013-12-30,51.6,51.8016,51.2695,51.6954,1258701
2013-12-31,51.7721,51.9029,51.302,51.4938,1599044
2014-01-02,51.2164,51.3689,50.8004,50.9695,2086948
2014-01-03,51.064,51.5715,51.0561,51.4781,1688163
2014-01-06,51.5242,51.9472,51.1643,51.4328,2872724
2014-01-07,51.5095,52.2875,51.4515,52.0633,2921259
2014-01-08,50.9931,51.7721,50.8318,51.6629,4674382
2014-01-09,51.9166,53.0831,51.6629,52.5501,4960757
2014-01-10,52.6799,53.4421,52.2944,53.4283,4453954
2014-01-13,53.5739,53.5739,52.1409,52.374,3451998
2014-01-14,52.3396,52.6425,52.1006,52.5639,2575975
2014-01-15,52.6032,52.6425,52.0711,52.3396,3049390
2014-01-16,52.3396,52.5412,52.2088,52.3651,2057949
2014-01-17,52.4733,52.5639,52.134,52.1645,4906480
2014-01-21,52.7723,52.8343,52.0947,52.4094,2853576
2014-01-22,52.5639,52.5894,51.84,52.374,4043688
2014-01-23,52.0633,52.2875,51.418,51.6098,3414978
2014-01-24,51.3551,51.5479,50.3745,50.4218,3731597
2014-01-27,50.4414,50.8555,50.1916,50.2978,3383817
2014-01-28,50.5142,51.9885,50.4562,51.9383,3920481
2014-01-29,51.4515,51.8302,50.9154,51.2164,3433377
2014-01-30,52.9897,53.4824,52.0495,53.15,5043456
2014-01-31,52.8116,52.8264,52.0003,52.4252,3303464
2014-02-03,52.3809,52.4252,50.5761,50.6843,4975629
2014-02-04,51.1328,51.1643,50.2841,50.531,2694146
2014-02-05,50.3903,50.8476,49.93,50.3824,3372313
2014-02-06,50.4148,51.3108,50.2919,51.0777,2900465
2014-02-07,51.2863,52.0947,51.1053,52.0573,2705746
2014-02-10,52.0092,52.0092,50.9381,51.3777,5039650
2014-02-11,51.3689,53.868,51.2941,53.6142,6528857
2014-02-12,53.807,54.6912,53.4972,53.5415,4225917
2014-02-13,53.3064,54.2289,52.9346,53.8886,2766744
2014-02-14,53.7559,54.2988,53.5739,54.1611,1938836
2014-02-18,54.1433,54.9095,53.9545,54.5672,2465584
2014-02-19,54.5584,55.3944,54.2683,54.6774,3340445
2014-02-20,54.7079,55.3481,54.399,55.1151,2232370
2014-02-21,55.3629,55.5251,55.1229,55.3,2777654
2014-02-24,55.3944,55.8645,55.3069,55.3157,2384306
2014-02-25,55.2409,55.8241,55.1151,55.4918,2567941
2014-02-26,55.4838,55.9323,54.9941,55.1908,2187076
2014-02-27,55.0924,55.5251,54.7374,55.3629,2718975
2014-02-28,55.5331,55.6698,54.6912,55.1317,2335070
2014-03-03,54.7778,55.2842,54.7079,55.0924,1953864
2014-03-04,55.7858,56.7576,55.6698,56.6808,2872582
2014-03-05,57.0349,57.3437,56.2796,56.4183,2731987
2014-03-06,56.6956,56.7811,55.8812,55.9245,2277975
2014-03-07,55.9796,56.0878,55.3944,55.7259,2741094
2014-03-10,55.6698,55.9796,55.2646,55.8547,2210639
2014-03-11,55.9402,56.375,55.7259,55.9107,1362446
2014-03-12,55.6855,56.4183,55.5724,55.9107,1531047
2014-03-13,56.1871,56.4596,55.774,55.8645,2575510
2014-03-14,55.6944,56.0956,55.5792,55.7169,1899007
2014-03-17,55.9323,56.3435,55.8006,56.0258,1700926
2014-03-18,56.1025,56.6267,56.0415,56.61,1704426
2014-03-19,56.5658,56.6504,55.2646,55.593,2057808
2014-03-20,55.5498,55.5862,55.1072,55.3,2748718
2014-03-21,55.7662,56.195,54.0361,54.1365,5339353
2014-03-24,54.5397,54.8033,53.7902,54.0588,3740714
2014-03-25,54.2515,54.9547,54.2142,54.8289,2930974
2014-03-26,55.0786,55.3,54.1846,54.1994,3327421
2014-03-27,54.2142,54.3617,53.1411,53.2887,2834003
2014-03-28,53.6968,54.4227,53.5306,53.9417,1881457
2014-03-31,54.3686,54.6774,53.9653,54.1728,4263221
2014-04-01,54.4227,54.7256,53.7106,53.9801,3259683
2014-04-02,54.0558,54.4728,53.9417,54.406,3233994
2014-04-03,54.4227,55.3187,54.2968,55.2026,3189172
2014-04-04,55.7229,55.8517,53.4166,53.4224,2982750
2014-04-07,53.3241,53.508,52.2973,52.6631,2804714
2014-04-08,52.5786,52.8116,51.8184,52.3937,2538731
2014-04-09,52.6799,53.7932,52.5884,53.7607,2344613
2014-04-10,53.8365,53.987,52.0042,52.013,3661012
2014-04-11,51.6334,52.013,50.7276,51.1997,4368271
2014-04-14,51.5872,51.834,51.0079,51.6501,2904362
2014-04-15,51.8184,52.1547,50.9145,52.0298,3384345
2014-04-16,52.5393,52.8569,51.9689,52.6573,1769103
2014-04-17,52.5884,53.1146,52.3317,52.7438,1834106
2014-04-21,52.6484,53.2228,52.4074,53.1431,1247099
2014-04-22,53.1431,53.6624,52.8569,53.3084,1840271
2014-04-23,53.393,53.6379,53.0507,53.3762,1569276
2014-04-24,53.7874,54.0489,53.0585,53.1146,2263881
2014-04-25,53.0978,53.1992,51.9344,52.022,2272261
2014-04-28,52.4802,53.1756,52.1468,53.0664,2716164
2014-04-29,53.3162,54.0627,53.0841,54.0489,3206334
2014-04-30,53.8405,53.9279,53.4303,53.8119,2784094
2014-05-01,51.6885,51.7131,49.8021,50.4119,7156743
2014-05-02,50.3961,50.5063,49.1805,49.3911,6788730
2014-05-05,49.1107,49.7175,48.8157,49.5277,4445290
2014-05-06,49.3674,50.0156,49.1255,49.7175,3957043
2014-05-07,49.752,49.8366,49.149,49.4117,3045123
2014-05-08,49.5208,50.4276,49.1648,49.4677,3406491
2014-05-09,49.514,49.8945,49.0871,49.8602,2584972
2014-05-12,50.0805,50.6657,50.0578,50.3342,2548702
2014-05-13,50.5496,51.48,50.2742,51.2174,3405804
2014-05-14,51.2332,51.2951,50.464,50.4877,1970427
2014-05-15,50.2949,50.4581,50.049,50.2663,1955340
2014-05-16,50.2398,50.8997,50.1807,50.8997,3110064
2014-05-19,50.6499,51.6757,50.5201,51.5194,2299392
2014-05-20,51.4122,51.7761,50.947,51.2489,2145238
2014-05-21,51.3964,52.3711,51.2558,52.1685,2525761
2014-05-22,52.1468,52.8894,52.1164,52.4723,1909218
2014-05-23,52.618,53.1294,52.4802,53.0585,1904541
2014-05-27,53.2159,53.6535,53.1146,53.5621,1854258
2014-05-28,53.268,53.9279,53.268,53.7607,2443206
2014-05-29,53.7932,55.1721,53.7106,55.0492,3361356
2014-05-30,54.8535,55.0245,54.464,54.6774,2903072
2014-06-02,54.7383,54.9636,54.2673,54.6154,2509961
2014-06-03,54.5072,55.2115,54.3066,55.0403,2560683
2014-06-04,54.9243,55.058,54.5525,55.003,1926327
2014-06-05,54.9636,55.3806,54.6912,54.7453,2294672
2014-06-06,54.8161,55.0876,54.6233,54.7866,2113755
2014-06-09,54.7541,55.0728,54.5987,54.7383,1373940
2014-06-10,54.4295,54.6852,53.9585,54.2132,2540890
2014-06-11,53.9279,54.2417,53.7706,54.1345,3305766
2014-06-12,53.9339,54.0047,52.4074,52.5786,5344019
2014-06-13,52.5953,52.61,52.076,52.4478,3670815
2014-06-16,52.4557,53.1333,52.3248,52.3386,3973333
2014-06-17,52.256,52.972,52.2146,52.8116,3847004
2014-06-18,52.7871,53.2601,52.5717,53.2159,3138889
2014-06-19,53.393,53.6162,53.0743,53.1825,1557222
2014-06-20,53.2906,53.6792,52.9346,53.5168,3484672
2014-06-23,53.3673,53.5867,53.1519,53.2818,1611697
2014-06-24,53.2228,53.7451,52.907,53.1146,1904253
2014-06-25,53.2906,53.9339,53.2906,53.8405,2165711
2014-06-26,53.8365,53.8936,53.4608,53.5966,1561291
2014-06-27,53.6122,53.9319,53.6122,53.806,2309696
2014-06-30,53.9545,53.9772,53.2445,53.3389,2028848
2014-07-01,53.5188,54.4443,53.5188,54.163,2847693
2014-07-02,54.0529,54.6066,54.0008,54.1385,2033203
2014-07-03,54.288,54.8633,54.1876,54.7787,1595176
2014-07-07,54.4571,54.8033,54.0784,54.7541,2128184
2014-07-08,54.4207,54.4974,53.7559,54.282,2163863
2014-07-09,54.4443,54.8377,54.2476,54.6449,1681794
2014-07-10,54.163,55.0177,54.0942,54.8544,1617981
2014-07-11,54.7453,54.881,54.2034,54.8299,1418576
2014-07-14,55.118,55.118,54.7089,54.9567,1663372
2014-07-15,54.9567,55.655,54.8377,55.2469,3833650
2014-07-16,55.4081,55.417,54.4974,55.239,2905288
2014-07-17,54.8968,55.4986,54.7315,54.9105,2366708
2014-07-18,55.0895,55.3137,54.6686,55.2812,2511264
2014-07-21,54.9391,54.9892,54.2112,54.5151,2477273
2014-07-22,54.7383,55.2301,54.7089,55.0177,1965478
2014-07-23,55.2134,56.014,55.1101,55.5862,3310900
2014-07-24,56.1271,57.3772,55.9599,56.3494,4416384
2014-07-25,56.1606,56.3346,55.8183,56.1851,1752443
2014-07-28,56.1527,56.728,56.0071,56.4349,2085816
2014-07-29,56.4831,56.4979,56.1271,56.249,2368782
2014-07-30,56.4025,56.669,56.0612,56.6011,1840348
2014-07-31,56.2107,56.5588,55.6177,55.7435,3378903
2014-08-01,55.7269,56.9119,55.6806,56.3012,4046197
2014-08-04,54.7698,55.1613,53.3241,54.6764,7017728
2014-08-05,54.6154,55.8852,54.3981,54.9794,3132887
2014-08-06,54.6391,55.2469,54.4571,54.7315,1408104
2014-08-07,55.1436,55.1436,54.2112,54.4571,2769078
2014-08-08,54.404,55.2046,54.1954,55.1878,1605414
2014-08-11,55.5498,56.014,55.355,55.4259,1961786
2014-08-12,55.3059,55.6471,54.881,55.2537,2327724
2014-08-13,55.8114,56.1271,55.6806,55.9215,1389311
2014-08-14,56.0996,56.3081,55.8989,56.1173,1215254
2014-08-15,56.1762,56.2628,55.3688,55.5724,3869621
2014-08-18,55.6471,56.3346,55.5724,56.1762,1946051
2014-08-19,56.2107,56.7379,56.0455,56.4831,2344782
2014-08-20,56.369,56.4831,56.133,56.3858,2169103
2014-08-21,56.4025,57.1431,56.3592,56.8676,2078885
2014-08-22,56.8676,57.0556,56.7211,56.7379,1708486
2014-08-25,56.9119,57.3221,56.8117,57.1431,1292817
2014-08-26,57.1057,57.3358,56.8933,57.0428,1259428
2014-08-27,56.8313,57.2454,56.4831,56.5343,1979133
2014-08-28,56.4349,57.1883,56.369,57.0034,1565638
2014-08-29,57.1057,57.3909,56.7536,57.3358,1551563
2014-09-02,57.3526,57.4637,57.0329,57.4381,3128454
2014-09-03,57.4932,58.1148,57.3063,57.8571,2513593
2014-09-04,57.9073,58.3478,57.5473,57.8059,2491833
2014-09-05,57.7971,58.7009,57.7263,58.5987,2498692
2014-09-08,58.5574,58.9035,58.4344,58.6646,1776062
2014-09-09,58.7442,58.8879,58.4963,58.5721,2218717
2014-09-10,58.816,58.9803,58.5239,58.7256,1707828
2014-09-11,58.3705,58.8701,58.3626,58.5504,1739336
2014-09-12,58.5504,58.7531,58.2456,58.6528,2507086
2014-09-15,58.5623,58.76,58.1935,58.3184,1721478
2014-09-16,58.3027,59.0236,58.2544,58.7737,2066090
2014-09-17,58.9222,58.9222,58.1069,58.3184,2750390
2014-09-18,58.4718,58.816,58.279,58.6744,2098917
2014-09-19,59.0511,59.3767,58.9803,59.1957,2995387
2014-09-22,58.9714,59.1957,58.7314,59.0236,1728924
2014-09-23,58.9095,59.2586,58.7364,59.0167,2012599
2014-09-24,59.0668,60.4811,58.938,60.4172,2675577
2014-09-25,60.13,60.4418,59.1957,59.2517,2245720
2014-09-26,59.2586,59.4474,58.4875,58.8799,1775585
2014-09-29,58.5436,59.3432,58.4718,59.1071,1755783
2014-09-30,59.2478,59.3648,58.5367,58.5514,2006129
2014-10-01,58.6292,58.7934,57.9624,58.2869,3357534
2014-10-02,58.4422,59.0905,58.0813,58.6538,3471942
2014-10-03,59.175,59.8418,59.0825,59.5192,2987378
2014-10-06,59.8645,60.1378,58.8484,59.2478,2172334
2014-10-07,58.9488,59.0619,58.2053,58.2141,3761991
2014-10-08,58.4029,59.9352,58.2387,59.9116,2673736
2014-10-09,59.7937,59.9186,58.9104,58.9252,1864586
2014-10-10,59.0973,59.6973,59.0117,59.0186,3456515
2014-10-13,58.94,58.9823,57.7155,57.7607,3031595
2014-10-14,58.0636,59.0265,57.8856,58.2869,3555885
2014-10-15,57.3556,57.8404,56.0504,57.2296,4809036
2014-10-16,56.49,57.2385,56.0818,56.373,4052273
2014-10-17,56.8943,58.0066,56.8392,57.5345,3581890
2014-10-20,57.2925,58.047,56.9729,57.922,3169236
2014-10-21,58.4118,59.3284,58.3626,59.2625,2253941
2014-10-22,59.4976,59.9815,59.2478,59.3943,2227207
2014-10-23,60.0759,60.2785,59.655,59.7484,2157211
2014-10-24,59.7563,60.3346,59.6619,60.2569,2287691
2014-10-27,60.3671,61.4892,60.2873,61.2797,3034606
2014-10-28,61.4046,61.5148,60.8715,61.3407,2154903
2014-10-29,61.1401,61.6377,60.7319,61.021,2443541
2014-10-30,60.905,61.4272,60.4437,61.1076,4087611
2014-10-31,61.6377,61.8433,61.1224,61.3318,4130711
2014-11-03,61.4735,61.6781,61.2473,61.4125,2080685
2014-11-04,61.6603,62.3094,61.3318,62.1403,2842684
2014-11-05,62.3665,62.513,61.3584,61.6692,2054703
2014-11-06,61.9495,62.3744,61.6308,62.2092,1976805
2014-11-07,62.3331,62.3744,60.9424,61.1705,2885483
2014-11-10,61.3102,61.8275,61.0751,61.8108,2664435
2014-11-11,61.8354,62.5681,61.8354,62.2092,1900634
2014-11-12,61.9898,62.8435,61.9731,62.7078,3350738
2014-11-13,62.811,63.3126,62.7422,63.0373,2858271
2014-11-14,63.0373,63.2792,62.6753,62.7934,2076545
2014-11-17,62.8504,63.1926,62.6153,62.8012,1989661
2014-11-18,62.7491,63.4828,62.6074,63.3126,1560490
2014-11-19,63.3255,63.3353,62.2249,62.3094,2350019
2014-11-20,61.9731,62.1236,61.4125,61.6377,2968026
2014-11-21,62.3744,62.5229,61.9731,62.1708,2314882
2014-11-24,62.5377,63.3569,62.2711,63.2792,2356982
2014-11-25,63.2556,63.4365,62.7265,63.286,1959300
2014-11-26,63.468,63.8497,63.1465,63.6932,1575265
2014-11-28,63.8978,64.6139,63.8565,64.2342,822112
2014-12-01,63.9361,64.2431,63.6381,64.0876,1909408
2014-12-02,64.0876,64.3945,63.9361,64.188,2019010
2014-12-03,64.2155,64.4614,63.9195,64.0424,1486294
2014-12-04,64.0955,64.2883,63.589,64.2647,1516225
2014-12-05,64.2017,64.5293,64.0808,64.2647,1049199
2014-12-08,64.2814,65.1489,64.2243,64.4692,1949090
2014-12-09,63.7483,64.0129,63.3126,63.53,1954389
2014-12-10,63.6048,63.9844,62.8012,62.8956,2221145
2014-12-11,63.1779,63.9195,62.7579,62.8878,1826116
2014-12-12,62.6429,63.0815,61.9583,61.9731,1432436
2014-12-15,62.9349,62.9349,61.8885,62.1856,2189442
2014-12-16,62.3164,63.6313,61.8108,61.8187,2531553
2014-12-17,62.0252,63.2192,61.7607,63.0274,2190064
2014-12-18,63.53,64.4034,63.1848,64.4034,2101466
2014-12-19,64.7151,65.1596,64.2509,64.8981,3309824
2014-12-22,64.8037,65.1794,64.6483,64.8686,1560683
2014-12-23,65.0073,65.0259,63.7227,64.0198,1723141
2014-12-24,64.1712,64.545,63.9686,64.1369,616419
2014-12-26,64.3738,64.485,63.7395,63.9598,1801665
2014-12-29,63.765,64.0198,63.3255,63.4199,2647924
2014-12-30,63.7267,64.2864,63.6087,64.2125,1611509
2014-12-31,64.4762,64.6886,63.3048,63.3589,1007305
2015-01-02,63.7119,64.0483,62.6812,63.1858,1299031
2015-01-05,62.9349,63.5074,62.6134,62.8278,1715016
2015-01-06,63.0451,63.3982,61.5403,62.1491,2683872
2015-01-07,62.9035,64.4594,62.4098,64.3808,2579505
2015-01-08,64.9433,66.3881,64.9207,66.3674,3493418
2015-01-09,66.272,66.3015,65.6357,65.8009,2255698
2015-01-12,65.9564,66.3959,64.9275,64.9915,1724125
2015-01-13,65.6682,66.2327,64.2991,64.7476,2196121
2015-01-14,64.1585,64.6295,63.9401,64.3139,1731548
2015-01-15,64.4191,64.7151,63.3982,63.4553,1560426
2015-01-16,63.2429,64.6129,63.2271,64.5617,1679249
2015-01-20,64.781,65.2374,63.4297,64.1506,2558366
2015-01-21,64.2047,64.7309,63.8683,64.306,2554349
2015-01-22,64.6955,65.8865,63.9234,65.8628,2958327
2015-01-23,65.6416,66.0674,65.438,65.5099,1502016
2015-01-26,65.4724,66.5484,65.258,66.5139,1931381
2015-01-27,65.8786,66.812,65.5895,66.4746,2080818
2015-01-28,67.3313,68.539,66.7362,67.0146,5227543
2015-01-29,65.7153,66.9851,64.9522,66.569,3729800
2015-01-30,66.3881,67.1277,65.1882,65.2905,3872495
2015-02-02,63.8605,65.0682,63.8221,64.9994,3932300
2015-02-03,65.438,65.7675,64.9522,65.4724,2761316
2015-02-04,65.2207,66.7107,65.2207,65.8225,3380433
2015-02-05,66.1077,66.6478,65.8403,66.2632,2839548
2015-02-06,66.4029,67.7473,66.2937,67.0795,2467968
2015-02-09,66.9909,67.0234,65.8314,66.0989,1929316
2015-02-10,66.634,66.8514,66.3015,66.8051,2706571
2015-02-11,66.9546,67.823,66.753,67.5673,2459692
2015-02-12,68.0011,68.0306,66.8985,67.524,1954300
2015-02-13,67.524,67.5841,66.9782,67.5585,1596751
2015-02-17,67.5771,68.0571,67.2998,67.8152,1667873
2015-02-18,67.7552,67.8653,67.23,67.6696,1809640
2015-02-19,67.6991,67.9184,67.3933,67.6293,1062917
2015-02-20,67.467,68.3256,67.2221,68.3256,1545903
2015-02-23,68.3994,69.1833,68.2479,69.1439,2414006
2015-02-24,69.1527,70.093,68.8951,70.0477,3112566
2015-02-25,69.7793,70.1864,69.2373,69.3022,2139293
2015-02-26,69.1891,69.7094,68.8498,69.198,1459085
2015-02-27,69.1134,69.6523,68.9816,69.0573,1914164
2015-03-02,69.6218,71.0184,69.5677,70.2583,4867535
2015-03-03,70.5808,70.5808,68.7672,69.4036,2474668
2015-03-04,69.136,69.9288,68.6551,69.8747,2064901
2015-03-05,70.0162,70.3428,69.5344,69.8098,1916587
2015-03-06,69.6298,69.6298,68.0847,68.2883,1913019
2015-03-09,68.4829,69.1833,68.3059,69.0495,1585180
2015-03-10,68.3059,68.539,67.4484,68.2302,2274371
2015-03-11,68.359,68.7761,67.8899,68.4928,1493439
2015-03-12,68.8951,69.6218,68.8597,69.4409,1526059
2015-03-13,69.2373,69.5127,68.539,69.1587,1493696
2015-03-16,69.6386,70.6349,69.5677,70.6192,1743174
2015-03-17,70.211,70.4166,69.8018,70.2818,1712085
2015-03-18,70.1106,71.1296,69.5344,70.9319,2416948
2015-03-19,70.9477,70.9477,70.0615,70.5719,2073561
2015-03-20,70.8847,71.7738,70.7913,71.6135,3170360
2015-03-23,71.7581,71.883,70.8621,70.8847,2426633
2015-03-24,70.9653,71.1679,70.1481,70.2022,2173328
2015-03-25,70.4224,71.1375,69.7409,69.8599,2774860
2015-03-26,69.6523,70.687,69.1527,69.9602,2053306
2015-03-27,70.0074,70.8012,69.9042,70.7048,2131153
2015-03-30,71.0362,71.707,70.7539,71.5358,1798109
2015-03-31,71.3539,72.0226,71.0293,71.1188,2906840
2015-04-01,71.0686,71.0942,69.4557,69.9976,2705667
2015-04-02,70.2583,70.7687,69.6671,70.5896,1595781
2015-04-06,70.093,71.2761,69.912,70.8523,1778055
2015-04-07,70.8267,71.3135,70.8198,70.8581,1498181
2015-04-08,70.9595,71.2417,70.5425,71.0509,2060349
2015-04-09,70.8651,71.3863,70.4962,70.8198,1892351
2015-04-10,70.7175,71.3784,70.5178,71.3135,2423500
2015-04-13,71.285,71.881,70.4176,70.6034,2313706
2015-04-14,70.81,71.3135,70.1176,71.1404,1737309
2015-04-15,71.345,71.7866,70.9772,71.0224,1907604
2015-04-16,71.0224,71.0293,70.4559,70.6369,1461140
2015-04-17,70.2445,70.689,69.792,70.5503,1853578
2015-04-20,70.8523,71.5594,70.5946,71.0175,1809923
2015-04-21,71.5269,71.6115,71.0362,71.1817,1270495
2015-04-22,71.2683,72.182,71.1493,72.0876,2270767
2015-04-23,71.764,72.3924,71.4394,72.0876,1889502
2015-04-24,72.1564,72.3069,71.6115,71.9951,1672433
2015-04-27,72.1888,72.4111,70.4627,70.5356,2466659
2015-04-28,70.3349,71.3539,69.7409,71.285,2825299
2015-04-29,71.1729,71.1886,69.5176,70.0389,3323191
2015-04-30,70.0389,70.0389,66.0586,66.4471,6826364
2015-05-01,66.5956,67.5742,66.2494,67.3981,3739017
2015-05-04,67.5742,67.9332,67.1159,67.465,2621513
2015-05-05,67.5132,67.7542,66.4471,66.6281,2527203
2015-05-06,66.9566,67.169,66.3596,66.7766,2780404
2015-05-07,66.8091,67.465,66.747,66.9566,2734054
2015-05-08,67.6519,68.5017,67.5496,68.2676,2103888
2015-05-11,68.2154,68.4554,67.8318,68.0374,2226504
2015-05-12,67.7542,68.1004,67.5742,67.8791,2318477
2015-05-13,68.1564,68.6925,67.8791,68.1308,2533868
2015-05-14,68.5971,69.376,68.3915,69.3278,2098428
2015-05-15,69.2904,69.5983,68.6836,68.9757,2914379
2015-05-18,68.9915,69.6671,68.8322,69.2118,2862320
2015-05-19,69.376,70.1018,68.7377,68.7781,4202847
2015-05-20,68.8322,69.7478,68.5095,69.3849,3426873
2015-05-21,69.2993,69.9455,69.2265,69.8501,2375773
2015-05-22,69.6671,69.9887,69.5393,69.7222,1645286
2015-05-26,69.7074,69.9661,69.0042,69.0042,2229743
2015-05-27,69.0131,69.9366,68.7701,69.8737,1701260
2015-05-28,69.8649,70.6122,69.3917,69.4154,2580104
2015-05-29,69.493,70.0467,69.1803,69.4655,2682948
2015-06-01,69.5894,69.8943,69.0298,69.6583,1966718
2015-06-02,69.3436,69.7154,69.0751,69.3524,1617761
2015-06-03,69.5176,69.6583,69.1164,69.3436,1415031
2015-06-04,68.8901,69.3996,68.6334,69.022,1850788
2015-06-05,68.6138,69.4655,67.8889,69.3613,3561439
2015-06-08,69.5393,69.9198,69.257,69.321,3351113
2015-06-09,69.7999,70.1106,68.9413,69.0613,2821948
2015-06-10,69.4154,70.1018,69.0917,69.9366,2415506
2015-06-11,70.2995,70.9929,69.9198,70.6457,3369075
2015-06-12,70.2818,70.4106,69.8649,70.0232,2100331
2015-06-15,69.7478,70.0547,69.3917,69.5393,2879054
2015-06-16,69.6671,70.4697,69.4468,70.211,2932366
2015-06-17,70.4481,71.1335,70.329,70.8946,2839071
2015-06-18,70.9349,71.4247,70.7755,70.7854,3304783
2015-06-19,70.7755,71.3539,70.6713,70.804,3189654
2015-06-22,71.345,71.4866,70.7313,70.7942,2859636
2015-06-23,71.1109,71.1493,70.2366,70.2995,2990548
2015-06-24,70.2995,70.4106,68.5489,68.5665,4324171
2015-06-25,68.8901,68.8901,67.6352,68.2823,4838496
2015-06-26,68.5567,68.5567,67.4709,67.7778,11526378
2015-06-29,67.3706,67.7512,66.1855,66.271,4796132
2015-06-30,66.9752,67.1641,66.1363,66.1993,5145124
2015-07-01,66.7047,67.3628,66.6192,67.23,4289931
2015-07-02,67.469,67.6322,66.5877,66.871,1967048
2015-07-06,66.2317,67.1729,66.1855,66.9035,3385572
2015-07-07,67.0785,67.5456,66.3173,67.2674,2922460
2015-07-08,66.871,67.4188,65.916,66.0006,3281702
2015-07-09,66.989,67.1887,66.335,66.6015,3108087
2015-07-10,67.2909,67.8122,67.1572,67.648,1841322
2015-07-13,68.1633,68.3354,67.6145,68.1555,1738973
2015-07-14,67.8703,68.5095,67.5555,68.1967,3862520
2015-07-15,68.1456,68.834,67.8869,68.5332,2810176
2015-07-16,69.0248,69.0406,68.4476,68.8655,1880620
2015-07-17,68.9629,69.1439,68.4328,68.659,2421950
2015-07-20,68.6266,68.8843,68.4328,68.5164,1487766
2015-07-21,68.5026,68.7997,67.8456,68.2076,1928384
2015-07-22,68.1308,68.7633,68.122,68.7102,2220656
2015-07-23,68.7799,68.9216,66.5071,66.6891,3871175
2015-07-24,66.4993,66.5789,65.7163,65.916,2821372
2015-07-27,65.677,65.8117,64.9964,65.1243,3467831
2015-07-28,65.2029,66.3015,64.963,66.2229,2763881
2015-07-29,66.3596,66.8159,66.0183,66.756,3930613
2015-07-30,66.8877,68.4328,63.35,65.9534,9644326
2015-07-31,65.9406,67.4267,65.8117,67.2516,5710983
2015-08-03,66.9221,68.1633,66.9221,67.9174,3288986
2015-08-04,68.1869,68.5675,67.7021,67.8614,2998531
2015-08-05,68.4564,68.4957,67.7985,68.2745,2249845
2015-08-06,68.3837,68.5233,66.9664,67.0933,2575804
2015-08-07,67.2674,67.3706,66.4845,67.3313,2685916
2015-08-10,67.7905,68.3837,67.7601,67.8456,2070666
2015-08-11,67.4759,68.1142,67.2762,67.9715,2450985
2015-08-12,67.3943,67.4267,66.4697,67.3087,2795088
2015-08-13,67.348,67.4601,66.6093,66.6369,1986385
2015-08-14,66.455,66.8474,66.3015,66.6891,2470974
2015-08-17,66.2554,66.8336,65.6151,66.748,2296347
2015-08-18,66.6369,67.2133,66.5071,67.11,1975390
2015-08-19,66.4913,67.9804,66.2848,67.4827,3125017
2015-08-20,66.8562,67.2998,65.0446,65.0987,3214734
2015-08-21,64.6817,65.2275,63.7543,63.7876,3833268
2015-08-24,60.6591,63.6264,59.1642,62.5032,8381270
2015-08-25,63.9441,64.7515,62.7864,62.8523,6885120
2015-08-26,64.2844,66.215,63.1455,66.1196,5881567
2015-08-27,66.5956,67.4827,65.1243,66.2317,5871585
2015-08-28,66.1196,66.1363,65.5973,65.9937,3281455
2015-08-31,65.8501,66.6281,64.9571,65.1065,2404131
2015-09-01,63.6795,64.4349,63.0579,63.4906,3941685
2015-09-02,64.2844,64.6974,63.7454,64.6139,2645729
2015-09-03,64.9325,65.3367,63.9854,64.2205,2040341
2015-09-04,63.295,64.0375,63.0884,63.7454,2637140
2015-09-08,64.7908,65.1489,64.1477,65.0908,2545149
2015-09-09,65.7409,65.8914,64.1171,64.2932,3005480
2015-09-10,64.2391,65.9465,63.9686,65.6918,3307749
2015-09-11,65.5197,67.2998,65.3053,67.2762,3884188
2015-09-14,67.3392,67.4404,66.4845,66.7225,2468701
2015-09-15,66.8562,67.5703,66.6093,67.3313,2395157
2015-09-16,67.3628,67.7099,66.9752,67.5555,2806333
2015-09-17,67.6725,67.8869,66.8789,67.0864,2655840
2015-09-18,66.4382,66.8159,65.9534,66.1855,3422090
2015-09-21,66.6723,67.1798,65.5344,65.6849,2610728
2015-09-22,65.0377,65.0377,63.6608,64.4968,3089506
2015-09-23,64.8381,65.3859,64.4968,64.9247,2217030
2015-09-24,64.5213,64.6315,63.5251,64.4417,2685953
2015-09-25,65.0141,65.0141,62.5209,62.9241,2392636
2015-09-28,62.8032,63.0491,60.368,61.0309,3314015
2015-09-29,61.205,62.3242,60.6463,61.022,3515557
2015-09-30,61.7449,62.1669,60.5362,61.0998,2648799
2015-10-01,61.2699,61.4282,60.3041,61.3377,2781817
2015-10-02,60.545,62.5563,60.0671,62.5347,3447413
2015-10-05,63.1838,63.3824,62.3094,63.2713,4239547
2015-10-06,63.2261,63.4483,61.5473,62.1265,2622021
2015-10-07,62.3744,62.5406,61.4597,61.682,3832806
2015-10-08,61.6643,62.214,61.1961,61.801,3101916
2015-10-09,61.8738,62.6812,61.6407,62.5701,3287865
2015-10-12,62.5072,63.7021,62.5072,63.6932,2237488
2015-10-13,63.5615,64.4584,63.3284,63.6932,3630344
2015-10-14,63.588,64.0335,62.4531,62.5258,2239680
2015-10-15,62.6645,63.0421,62.1747,62.9457,3681892
2015-10-16,63.0097,63.8674,62.9714,63.7307,3369086
2015-10-19,63.6647,63.9165,63.2713,63.7906,1970032
2015-10-20,63.7237,63.9559,62.5406,62.6212,2198652
2015-10-21,63.0323,63.2182,61.4656,62.0607,4294933
2015-10-22,62.3164,62.7569,61.0152,61.8423,3945792
2015-10-23,62.2377,64.0601,62.2377,63.7405,2922503
2015-10-26,63.6215,64.5115,63.1061,64.2755,2699216
2015-10-27,64.189,65.3249,63.9077,65.2925,3982755
2015-10-28,65.261,65.8973,64.6581,65.8796,2550356
2015-10-29,65.856,66.271,65.0633,66.0252,2979083
2015-10-30,65.9927,66.4471,65.3564,65.382,3268756
2015-11-02,68.6118,68.9924,67.5781,68.5184,5151326
2015-11-03,68.2342,68.7278,67.4484,68.6993,3046181
2015-11-04,68.9423,69.0386,68.0669,68.8626,2970076
2015-11-05,68.9983,70.2493,68.7358,70.152,3013278
2015-11-06,70.0261,70.4096,69.3583,70.392,2676834
2015-11-09,70.0635,70.271,68.9835,69.732,2570681
2015-11-10,69.732,70.1304,69.3967,70.0182,1967361
2015-11-11,70.1058,70.1058,69.0859,69.3731,2462344
2015-11-12,69.1665,69.1665,67.9322,67.9991,2024819
2015-11-13,67.8949,68.4033,67.6057,68.0069,2918483
2015-11-16,67.9244,68.5951,67.7512,68.5538,2726119
2015-11-17,68.6314,69.2147,68.5538,68.9767,1954918
2015-11-18,69.2058,70.5425,68.9835,70.4687,2305818
2015-11-19,70.4618,70.4864,69.2521,69.4842,2050172
2015-11-20,69.8511,70.0428,69.3809,69.6671,3017426
2015-11-23,69.7851,70.1599,69.2442,69.4625,1419954
2015-11-24,69.1262,69.4793,68.8823,69.0062,1862755
2015-11-25,69.1881,69.3396,68.8449,69.1833,1833086
2015-11-27,69.2521,69.7547,68.9924,69.4272,651138
2015-11-30,69.5078,69.8963,69.0386,69.0771,2425383
2015-12-01,69.5078,70.7411,69.4055,70.7185,2949114
2015-12-02,70.4687,70.691,69.0947,69.4272,2562001
2015-12-03,69.5639,69.6819,68.1142,68.6394,3028572
2015-12-04,69.0062,70.4401,68.9835,70.3418,1998414
2015-12-07,70.2248,70.6752,70.0566,70.5828,2214167
2015-12-08,70.0635,70.6211,69.7409,70.4313,1732886
2015-12-09,69.9611,70.6644,69.1262,69.6052,1994772
2015-12-10,69.7222,70.034,69.0947,69.3111,2337125
2015-12-11,68.5134,69.1743,68.3128,68.3216,3178234
2015-12-14,68.4505,68.8538,67.8781,68.8154,2498833
2015-12-15,69.2058,70.0635,68.7691,68.9423,2482841
2015-12-16,69.5727,70.2415,68.9835,70.1657,1819259
2015-12-17,70.7785,71.225,69.9474,69.9611,2071464
2015-12-18,69.6268,69.9386,68.8901,68.8901,3321311
2015-12-21,69.4439,70.0635,68.9983,70.034,1647514
2015-12-22,70.392,70.8543,69.6356,70.6821,1398106
2015-12-23,71.0421,71.5367,70.8543,71.3056,1694788
2015-12-24,71.1699,71.585,71.0056,71.3529,570649
2015-12-28,71.1385,72.2282,70.9791,71.9754,1926300
2015-12-29,72.1397,72.5567,72.0866,72.2606,1500852
2015-12-30,72.2656,72.5371,72.0403,72.3226,1278457
2015-12-31,71.4276,72.3295,71.2938,71.3076,1326914
2016-01-04,70.0753,70.3477,69.6523,70.2533,2097543
2016-01-05,70.5936,71.8682,70.4461,71.6341,2962906
2016-01-06,70.2464,70.7559,69.312,69.6848,2910579
2016-01-07,68.662,69.3032,67.649,67.8977,3132965
2016-01-08,68.1839,68.5036,66.7569,66.9851,2225054
2016-01-11,65.7478,66.5789,62.4894,63.3215,7360544
2016-01-12,64.9187,65.1568,63.1267,63.8152,4666338
2016-01-13,63.8958,64.3443,62.1295,62.4413,3610801
2016-01-14,62.5455,65.5324,62.4334,65.3249,4559473
2016-01-15,63.9047,65.1714,63.6657,64.8932,4813199
2016-01-19,65.6602,65.7242,64.1988,65.1616,3206254
2016-01-20,64.1565,64.7151,62.1452,64.1231,3784440
2016-01-21,64.1565,65.1263,63.4149,63.9676,2705810
2016-01-22,65.0141,65.4351,64.7073,65.1714,1927164
2016-01-25,65.2836,65.735,64.7023,64.8616,2645629
2016-01-26,65.0997,66.1698,64.5175,66.0674,2370359
2016-01-27,66.0123,66.7175,64.9807,65.3003,2406983
2016-01-28,65.7557,65.7557,62.755,63.1042,4419526
2016-01-29,63.6874,65.0377,63.0156,64.9964,4655833
2016-02-01,61.1066,64.5007,60.8903,63.7415,5252425
2016-02-02,63.47,63.8605,61.8098,62.0882,3528524
2016-02-03,62.6517,62.7678,60.486,61.7685,2913451
2016-02-04,61.4194,62.8956,60.5883,61.1853,3188012
2016-02-05,60.9158,61.7941,60.6346,61.1942,3654057
2016-02-08,60.6769,61.1853,59.6894,60.8352,3164215
2016-02-09,60.2176,61.7685,60.1969,61.2246,3322292
2016-02-10,61.3781,63.1199,60.8677,62.4796,2737377
2016-02-11,61.2689,62.4874,60.8903,61.6024,3488930
2016-02-12,61.9849,63.0235,61.4332,62.9852,2714450
2016-02-16,63.5536,64.184,62.992,63.7179,2982118
2016-02-17,63.711,65.0377,63.5103,64.6866,2149165
2016-02-18,64.8056,65.3475,64.4782,64.7023,2254487
2016-02-19,64.7319,64.7742,64.1034,64.5666,3063133
2016-02-22,64.9247,65.5,64.5588,65.0682,1606736
2016-02-23,64.8706,65.2836,64.0631,64.8616,2846432
2016-02-24,64.1742,65.8275,64.0886,65.6121,2350410
2016-02-25,65.6839,66.1481,65.1951,66.036,1647059
2016-02-26,66.2986,66.7569,66.2031,66.3232,1533659
2016-02-29,66.0989,66.3556,65.261,65.261,2224011
2016-03-01,65.9169,66.2189,65.1616,66.2031,2274750
2016-03-02,65.9602,66.811,65.7891,66.4255,2449929
2016-03-03,66.1392,66.8572,65.7163,66.7864,1694720
2016-03-04,66.6271,67.0973,66.1884,66.7047,1378696
2016-03-07,67.1051,67.4493,66.6969,67.2192,1609117
2016-03-08,66.6812,66.8267,66.0291,66.0674,1850321
2016-03-09,66.4009,66.6606,66.1304,66.4432,1670888
2016-03-10,66.8179,67.0973,65.0751,65.7557,2293175
2016-03-11,66.3635,67.1326,66.0025,66.9999,1979891
2016-03-14,67.0973,67.4965,66.6506,66.7864,1611704
2016-03-15,65.8177,66.1698,64.0532,64.248,3579934
2016-03-16,64.1407,65.3249,64.0129,64.783,2327773
2016-03-17,64.8273,64.9443,63.2704,63.6942,2885497
2016-03-18,63.9588,64.7319,63.7503,64.5902,3057251
2016-03-21,64.6542,65.0446,64.0434,64.5834,1994099
2016-03-22,64.5411,65.382,64.3601,64.8273,1796140
2016-03-23,64.9807,65.6602,64.7239,64.9247,2167307
2016-03-24,64.6325,65.6043,64.3748,65.083,2164680
2016-03-28,65.142,65.2688,64.1231,64.5175,1956889
2016-03-29,64.5509,65.4115,64.1319,65.3564,2381481
2016-03-30,66.0035,66.1776,65.4764,65.6357,1434742
2016-03-31,65.6357,66.154,65.379,65.7704,2071951
2016-04-01,65.5531,66.037,65.2728,65.9416,2200551
2016-04-04,66.0429,66.8316,66.0429,66.7175,2234096
2016-04-05,66.2455,66.5011,65.1596,65.257,2346570
2016-04-06,65.5069,67.5123,65.5069,67.467,3065520
2016-04-07,67.1424,67.9883,66.8867,67.225,2316108
2016-04-08,67.5043,67.9214,66.3251,66.6123,1754999
2016-04-11,66.7009,66.8277,65.8177,65.9701,1477441
2016-04-12,66.0763,66.5011,65.7468,66.2592,1750624
2016-04-13,66.6468,67.3529,66.3517,67.3126,1544439
2016-04-14,67.3126,67.7217,66.9674,67.345,1471556
2016-04-15,67.1926,67.6903,66.9762,67.6155,1515903
2016-04-18,67.2466,67.9292,67.0785,67.8751,1179516
2016-04-19,68.3875,69.1577,68.2302,68.6954,1863372
2016-04-20,68.5813,70.4343,68.5813,69.9828,2697383
2016-04-21,69.912,70.505,69.4212,69.6789,2481374
2016-04-22,69.7458,70.0881,69.1006,69.7527,1709287
2016-04-25,69.4743,69.7527,68.7997,69.3032,1441799
2016-04-26,69.4144,69.7487,69.2452,69.4871,1414594
2016-04-27,69.737,69.9543,69.318,69.4557,2376957
2016-04-28,66.4707,67.345,62.7048,63.0097,8823371
2016-04-29,62.6173,64.2214,61.4292,62.9714,7893411
2016-05-02,62.2012,63.884,61.9092,63.8064,4728793
2016-05-03,63.5241,64.0808,62.994,63.594,3460306
2016-05-04,63.4759,63.7425,62.0862,62.2072,4858548
2016-05-05,61.3978,63.4602,60.5972,63.0431,7184665
2016-05-06,63.0431,63.2585,61.4764,61.6781,4666983
2016-05-09,61.8393,63.1858,61.7272,62.9792,3469907
2016-05-10,63.1395,63.594,62.8268,62.9792,3199687
2016-05-11,63.0815,63.2281,61.7351,61.7655,3870245
2016-05-12,62.0469,62.1679,61.4882,61.798,3551275
2016-05-13,61.8325,62.0469,61.142,61.1961,2708330
2016-05-16,61.2699,62.1679,61.1715,62.1128,2123296
2016-05-17,62.1128,62.3527,61.5502,61.8797,3569027
2016-05-18,61.8619,62.7914,61.5895,62.4649,3040581
2016-05-19,61.9505,62.7629,61.5649,62.0607,2108816
2016-05-20,62.456,62.4974,61.8551,62.1275,3373523
2016-05-23,62.0164,62.2966,61.5807,61.5895,2532479
2016-05-24,61.8551,62.3272,61.7351,62.1679,2086346
2016-05-25,62.4245,62.5928,61.5502,61.5807,3751694
2016-05-26,61.5178,62.1679,61.318,62.0331,2537422
2016-05-27,62.2397,62.8898,62.158,62.7225,2314034
2016-05-31,62.7314,63.5418,62.7225,63.3638,4501344
2016-06-01,63.0678,63.4455,62.9537,63.1779,3235055
2016-06-02,63.1631,64.1171,63.0904,64.1171,2941878
2016-06-03,63.9844,64.1988,63.5742,64.0355,2477004
2016-06-06,63.9844,64.6207,63.7002,64.543,2519191
2016-06-07,64.2873,64.5341,63.9804,64.2047,2669721
2016-06-08,64.0876,64.307,63.8064,63.9333,4283176
2016-06-09,63.8526,64.1742,63.4858,63.6363,3841082
2016-06-10,63.4031,63.4523,62.6449,63.0265,3382202
2016-06-13,63.0265,63.2359,62.7176,62.7629,2544447
2016-06-14,62.6084,62.8583,62.2563,62.5455,2125117
2016-06-15,62.6173,62.6635,61.4843,61.5423,4421115
2016-06-16,61.318,61.4764,60.5382,61.4292,4022438
2016-06-17,61.4459,61.4538,60.488,60.6031,3609796
2016-06-20,61.318,61.8433,61.1794,61.3801,2733383
2016-06-21,61.6535,61.8472,61.2453,61.7114,2311328
2016-06-22,61.7194,62.3527,61.6377,61.8325,2677059
2016-06-23,62.5838,62.7127,62.1501,62.696,1593955
2016-06-24,60.7083,61.1961,60.2234,60.3779,4089346
2016-06-27,60.0661,60.312,58.7905,59.1426,2637877
2016-06-28,60.3208,60.548,59.3757,60.5382,3598742
2016-06-29,61.3348,62.5337,61.1106,62.4029,2855804
2016-06-30,62.4589,63.114,62.1452,62.9852,3706905
2016-07-01,62.9114,63.2812,62.6753,63.2104,2852389
2016-07-05,62.9026,63.5339,62.7511,63.1622,3190813
2016-07-06,63.1209,64.9688,62.7884,64.5844,3533664
2016-07-07,63.8477,64.7348,63.5251,64.1369,4891887
2016-07-08,64.2263,64.9463,64.0572,64.8981,3592404
2016-07-11,64.9935,65.7616,64.8981,65.4449,2209544
2016-07-12,65.5197,66.2061,65.4941,66.0213,3305396
2016-07-13,66.3183,66.9073,66.1825,66.4314,2406006
2016-07-14,66.8189,67.3529,66.6428,66.9871,2158613
2016-07-15,67.0294,67.2388,66.3015,66.4953,2947389
2016-07-18,66.6065,67.2703,66.4402,67.1818,1966489
2016-07-19,66.9644,67.4168,66.512,66.867,2154017
2016-07-20,66.9566,67.4484,66.6664,67.2458,1611121
2016-07-21,67.2073,67.4572,66.4225,66.6969,2221843
2016-07-22,66.9408,67.1277,66.6664,67.0027,1552279
2016-07-25,66.8917,67.0027,66.2376,66.8985,1655736
2016-07-26,66.8592,67.5466,66.7569,67.527,1870288
2016-07-27,67.4168,67.527,66.9172,67.2861,2091530
2016-07-28,67.11,67.1995,66.3536,66.6596,4101807
2016-07-29,66.6891,67.6077,66.5681,67.4965,3377694
2016-08-01,67.1818,67.7296,66.2848,66.5356,5682617
2016-08-02,67.044,69.0475,66.214,68.5636,5961916
2016-08-03,68.4161,68.5469,67.2073,68.3364,3240676
2016-08-04,68.238,68.4653,67.4247,67.4817,2221328
2016-08-05,67.8191,68.4161,67.5713,68.1112,1848881
2016-08-08,68.3364,68.3856,67.5043,67.643,1504364
2016-08-09,67.7483,67.8594,67.467,67.6588,1677771
2016-08-10,67.6588,67.8024,67.2073,67.4582,2737952
2016-08-11,67.5713,67.6017,66.7304,67.5043,1456499
2016-08-12,67.4582,67.5466,67.11,67.4965,1270317
2016-08-15,67.2152,67.4099,67.053,67.1651,1725198
2016-08-16,67.0117,67.1582,66.7304,66.7569,1312489
2016-08-17,66.9172,67.0027,66.2995,66.8366,1847727
2016-08-18,66.6969,66.9536,66.4805,66.5454,1908710
2016-08-19,66.3015,66.4953,65.8491,65.979,2545053
2016-08-22,65.9858,66.4127,65.8491,66.3261,1671896
2016-08-23,66.5189,66.6596,66.2061,66.2209,1114176
2016-08-24,66.0852,66.2169,65.2934,65.4636,1563246
2016-08-25,65.2137,65.3013,64.0011,64.0758,2597322
2016-08-26,64.305,64.3945,63.588,64.067,2159674
2016-08-29,64.0926,64.5007,63.9794,64.4034,1767417
2016-08-30,64.3886,64.4928,64.0965,64.365,1063075
2016-08-31,64.3581,64.5844,63.8713,64.3227,2053284
2016-09-01,64.5086,64.6561,63.9106,64.3503,2028831
2016-09-02,64.6738,64.7043,64.2086,64.3738,1622490
2016-09-06,64.5598,65.2934,64.3886,65.2443,2677455
2016-09-07,65.0908,65.7773,64.9374,65.5275,1781322
2016-09-08,65.3977,65.4813,65.0111,65.1606,1434176
2016-09-09,64.6896,64.6896,63.6293,63.6293,2315626
2016-09-12,63.3726,64.7692,63.2998,64.5774,1698372
2016-09-13,63.9361,64.0395,62.6753,63.0481,3045455
2016-09-14,63.0304,63.0304,60.5863,60.7633,9078461
2016-09-15,60.6336,62.0469,60.0769,61.8463,5240382
2016-09-16,61.4587,62.2082,60.9817,62.1688,7359270
2016-09-19,62.215,62.6753,61.797,61.8216,3826125
2016-09-20,61.9908,62.0439,61.3132,61.3279,3145975
2016-09-21,61.4026,62.1589,61.1352,62.0469,2335615
2016-09-22,62.4678,62.7737,62.278,62.6212,3057158
2016-09-23,62.5878,62.9507,62.4353,62.7009,2599188
2016-09-26,62.3291,62.516,61.9013,62.0705,2106327
2016-09-27,61.9347,63.1209,61.8619,63.0884,3281124
2016-09-28,63.0481,63.2782,62.6615,63.1848,3072523
2016-09-29,62.9261,63.2192,62.3645,62.4451,3296182
2016-09-30,62.6163,63.3391,62.3488,63.0962,3219066
2016-10-03,62.8523,62.9665,61.4666,61.5453,3043708
2016-10-04,61.7547,61.9908,61.1214,61.4627,2381542
2016-10-05,61.6908,62.1609,61.4567,61.618,2296296
2016-10-06,61.2531,62.2996,60.9837,62.2928,2547515
2016-10-07,62.4216,62.6261,61.6024,62.0409,3007750
2016-10-10,62.0174,62.3567,61.6377,62.096,1525592
2016-10-11,61.9082,61.9583,61.0014,61.1657,1996076
2016-10-12,61.325,61.8846,61.024,61.5453,1523878
2016-10-13,61.1952,61.3899,60.6513,61.1784,1655121
2016-10-14,61.4391,61.5944,60.9601,61.1214,1809095
2016-10-17,61.1214,61.319,60.8292,60.8696,1293216
2016-10-18,61.3309,61.5944,61.0172,61.4951,1595950
2016-10-19,61.504,61.618,61.0162,61.0732,2090379
2016-10-20,61.0958,61.4951,60.9424,61.3731,1489010
2016-10-21,61.024,61.0732,60.5284,61.024,2081033
2016-10-24,61.3731,61.9986,61.3495,61.3988,1758207
2016-10-25,61.1715,61.1715,60.368,60.8292,2773710
2016-10-26,60.547,60.7978,59.6855,60.4152,2649631
2016-10-27,60.6513,61.0505,60.3356,60.7408,2162583
2016-10-28,52.8392,55.9491,51.3689,54.8141,16829775
2016-10-31,55.6491,57.7588,55.0885,55.7828,9121724
2016-11-01,55.6491,55.9491,53.8571,54.3174,7447500
2016-11-02,54.4778,55.9904,54.3411,55.7544,6006846
2016-11-03,56.0396,56.4792,52.7989,53.093,6824935
2016-11-04,53.2523,53.6064,52.5963,52.9208,7146972
2016-11-07,53.7824,53.9122,53.093,53.5976,4133866
2016-11-08,52.3435,53.3034,50.9154,53.0664,7111048
2016-11-09,55.6491,58.2406,53.3664,56.2353,8322842
2016-11-10,56.6474,58.4432,56.6474,58.2406,7383034
2016-11-11,57.9957,58.3538,57.1598,57.9544,3894681
2016-11-14,58.0223,59.1229,57.7843,58.7511,3872161
2016-11-15,58.8977,59.1328,57.8197,57.9682,6022339
2016-11-16,57.7588,58.4344,57.387,57.5178,3067953
2016-11-17,57.8119,58.5406,57.6496,58.1738,2901131
2016-11-18,58.0853,58.1354,57.3722,57.4686,3197322
2016-11-21,57.5335,57.7941,56.8047,57.0476,4572151
2016-11-22,56.972,57.1746,56.3149,56.9484,3383512
2016-11-23,56.674,57.3133,56.55,57.2877,2224522
2016-11-25,57.624,58.336,57.1431,57.743,1275258
2016-11-28,57.9259,58.4285,57.5729,58.1177,3739918
2016-11-29,58.0676,58.2889,57.2001,57.6486,5047982
2016-11-30,57.6702,58.1177,57.4686,57.6624,6016424
2016-12-01,57.6073,58.3783,57.3801,57.5975,4103515
2016-12-02,57.8119,58.2053,57.444,57.5178,2909865
2016-12-05,57.624,58.5889,57.4518,58.5476,4067062
2016-12-06,58.4728,58.5987,57.4263,57.9957,3357259
2016-12-07,57.0063,57.3546,55.7052,57.2502,6815486
2016-12-08,57.3043,57.9544,56.8923,57.743,2909068
2016-12-09,57.7588,59.5133,57.7371,59.3107,3753713
2016-12-12,59.1977,59.8487,58.9685,59.6687,3014102
2016-12-13,59.7759,60.1644,59.4829,59.8881,3110878
2016-12-14,59.8801,60.0356,58.5692,58.8475,3107820
2016-12-15,58.8731,59.4514,58.4432,59.2773,3952779
2016-12-16,59.5133,59.9855,59.24,59.8959,4589496
2016-12-19,59.9038,60.3523,59.3687,59.8487,3616256
2016-12-20,59.9855,60.3168,59.2556,59.5645,2952182
2016-12-21,58.8642,59.2616,58.3203,58.9704,3949082
2016-12-22,59.0029,59.2714,58.3606,58.5554,1986347
2016-12-23,58.759,59.6038,58.5476,59.1809,1226191
2016-12-27,59.2144,59.8054,59.1877,59.3363,1848213
2016-12-28,59.3825,59.8398,58.8907,58.9144,1850028
2016-12-29,59.0835,59.772,59.0176,59.116,2115327
2016-12-30,59.0993,59.3304,58.6045,58.8072,1974227
2017-01-03,58.8229,61.0781,58.7492,60.8568,5457805
2017-01-04,60.8725,61.8463,60.8725,61.797,3012476
2017-01-05,61.5511,61.7636,60.7172,60.8725,2351054
2017-01-06,60.9709,61.618,60.605,61.5511,2823291
2017-01-09,61.3072,61.7695,61.0781,61.085,2430148
2017-01-10,60.9384,62.0744,60.8903,61.4617,2962264
2017-01-11,61.4046,61.797,59.5222,60.2362,3731937
2017-01-12,59.9737,60.6867,59.8851,60.6178,2445946
2017-01-13,60.8568,61.3978,60.6788,61.2837,1766898
2017-01-17,60.9641,61.9839,60.7633,61.4292,1864804
2017-01-18,61.8128,61.9761,61.3072,61.9357,2164440
2017-01-19,61.7715,61.9022,61.4813,61.7331,2741530
2017-01-20,61.7331,61.92,61.2236,61.3072,2924586
2017-01-23,61.2,61.3791,60.6867,61.0545,2669147
2017-01-24,61.0928,61.1617,60.7112,60.9965,1297994
2017-01-25,61.2905,62.0645,61.0132,61.9918,1905215
2017-01-26,59.9264,60.5805,59.1819,59.7208,4731787
2017-01-27,60.1232,60.1232,58.8219,59.2153,3700509
2017-01-30,59.2635,59.8999,58.9193,59.8025,2013830
2017-01-31,60.3749,61.324,59.5507,61.2502,4336516
2017-02-01,60.8184,61.6014,60.5932,61.5679,3144466
2017-02-02,61.207,61.4459,60.2933,60.8254,2971801
2017-02-03,61.029,61.3565,60.8008,61.1755,1935004
2017-02-06,61.1617,62.1481,61.1617,62.0744,3612444
2017-02-07,61.6908,65.1164,61.2787,63.5389,7842944
2017-02-08,63.2438,63.6097,62.6497,63.5792,3016737
2017-02-09,63.5792,63.6519,62.9449,63.2822,2513326
2017-02-10,63.3255,63.5113,62.7393,63.2438,2066131
2017-02-13,63.5792,64.0601,63.1199,63.7926,1864481
2017-02-14,63.3982,64.5882,63.2281,64.4525,2175223
2017-02-15,64.5253,65.7675,63.7405,65.7115,3344300
2017-02-16,65.5718,65.7596,64.7387,65.563,2205368
2017-02-17,65.3682,66.0045,65.0082,65.9474,3058340
2017-02-21,65.7764,66.5995,65.5954,66.4628,2656069
2017-02-22,66.3409,66.6468,66.0783,66.2514,1891190
2017-02-23,66.4294,66.8789,66.1196,66.7805,2197265
2017-02-24,66.6271,67.1257,66.1117,67.1169,1629609
2017-02-27,67.1169,67.5073,66.9211,67.4021,1714112
2017-02-28,67.0087,67.2595,66.4205,66.4884,2372801
2017-03-01,67.1484,67.4188,66.7717,67.0422,2349454
2017-03-02,66.9458,67.4099,66.6615,66.8316,2527598
2017-03-03,67.1985,67.8181,66.7805,67.6961,2311802
2017-03-06,67.3696,67.6893,66.7422,66.7579,2852232
2017-03-07,66.2582,66.6674,65.9967,66.3576,2624174
2017-03-08,66.4294,66.9526,66.2986,66.3508,3223636
2017-03-09,66.5681,67.0923,66.2829,66.9526,2470272
2017-03-10,67.232,67.345,66.8129,67.0352,1800302
2017-03-13,67.1169,67.5762,66.7648,67.4512,2068287
2017-03-14,67.2063,69.3553,66.8877,67.4915,2085831
2017-03-15,67.5978,68.7416,67.5418,68.4731,3784078
2017-03-16,68.3827,68.423,67.3696,67.6814,2430459
2017-03-17,67.8516,68.0011,67.4188,67.9096,3211855
2017-03-20,67.941,67.9637,67.1651,67.3047,1430885
2017-03-21,67.345,67.7208,66.3802,66.5524,1645018
2017-03-22,66.7893,66.8877,66.2425,66.7067,1480225
2017-03-23,66.6901,67.0422,66.157,66.2662,1709844
2017-03-24,66.2662,66.6615,66.0448,66.3733,2081299
2017-03-27,66.1275,67.2546,66.0969,67.2063,1675091
2017-03-28,66.9605,67.2388,66.6821,67.1651,1721558
2017-03-29,67.1985,67.1985,66.5651,67.0422,1862480
2017-03-30,67.1159,67.346,66.5818,67.0981,1597059
2017-03-31,66.9684,67.346,66.7294,66.9999,2112783
2017-04-03,67.1484,67.5851,66.3104,66.5159,2402355
2017-04-04,66.3448,66.3536,65.8658,66.0704,1467234
2017-04-05,66.2848,67.049,65.9848,66.16,1354650
2017-04-06,66.8769,67.9883,66.4343,67.9519,2883495
2017-04-07,67.6145,68.0286,67.2458,67.6588,2195522
2017-04-10,67.6765,68.0286,67.5093,67.705,1387700
2017-04-11,67.6765,67.8624,67.2624,67.6145,1286230
2017-04-12,67.1326,67.3549,66.5789,67.1326,1549797
2017-04-13,67.0077,67.3549,66.8612,66.9005,1319887
2017-04-17,66.9438,67.2969,66.7038,67.232,1130351
2017-04-18,59.6875,60.7978,59.113,59.4759,16230888
2017-04-19,59.6481,59.8546,58.5672,59.5821,6661893
2017-04-20,59.7789,60.7004,59.058,60.2294,5576873
2017-04-21,60.0671,60.1703,59.1691,59.5665,3539665
2017-04-24,60.1477,60.3474,59.416,59.5497,3745800
2017-04-25,59.2841,59.7386,59.238,59.4524,2463703
2017-04-26,59.7386,59.828,59.3619,59.4081,3129196
2017-04-27,59.7857,60.1919,59.5143,60.0926,2261944
2017-04-28,60.1162,60.1477,59.2616,59.6402,4074766
2017-05-01,58.7354,59.9755,58.4157,59.3107,4184695
2017-05-02,59.6048,60.0268,59.0137,59.9677,4318930
2017-05-03,59.8773,59.8861,59.238,59.5979,3287228
2017-05-04,59.7946,60.6926,59.6136,59.7631,2902126
2017-05-05,59.9845,60.1398,59.0717,59.5408,2320199
2017-05-08,59.6943,59.6943,59.0137,59.1622,2054993
2017-05-09,59.3825,59.5969,59.1789,59.4759,2084449
2017-05-10,59.2931,59.3825,58.9655,59.1583,2993401
2017-05-11,59.2035,59.9441,59.0068,59.7946,3101876
2017-05-12,59.7946,59.9845,59.5821,59.8939,2007258
2017-05-15,59.7857,60.3395,59.5733,59.9441,1746764
2017-05-16,60.0178,60.0582,59.3009,59.6727,2273257
2017-05-17,58.8328,59.6048,58.7432,58.8249,3624661
2017-05-18,58.9911,59.6402,58.9911,59.3107,2526475
2017-05-19,59.7563,60.9621,59.6048,60.3857,3229923
2017-05-22,60.1398,60.7723,59.9755,60.0484,2130687
2017-05-23,60.0582,60.2392,59.8369,59.9441,1703584
2017-05-24,60.0582,60.2392,59.8369,60.0582,1456334
2017-05-25,60.1644,60.5047,60.0926,60.3395,1825568
2017-05-26,60.2126,60.4457,59.9352,60.0582,1516096
2017-05-30,59.8094,60.4791,59.6136,60.428,1673126
2017-05-31,60.5765,61.0535,60.2294,61.0358,3422424
2017-06-01,60.9778,61.915,60.4713,61.6593,2514500
2017-06-02,61.8,62.7796,61.6358,62.2681,3756870
2017-06-05,62.2102,62.3016,61.4509,61.9878,1867559
2017-06-06,61.8,61.8,60.3709,60.7486,1855828
2017-06-07,60.8539,60.907,60.4713,60.8302,1589374
2017-06-08,60.9138,61.6161,60.8302,61.1823,1613660
2017-06-09,61.1529,61.8501,61.0457,61.7823,1663261
2017-06-12,61.621,62.3429,61.4381,61.6849,2083460
2017-06-13,61.7922,61.8,61.2158,61.5463,1923583
2017-06-14,61.915,62.4157,61.621,62.1216,1685302
2017-06-15,61.9249,62.4,61.4302,62.3911,1812310
2017-06-16,62.4157,62.5239,60.9218,61.6122,3035704
2017-06-19,61.6673,62.8445,61.4381,62.6134,2285868
2017-06-20,62.4806,63.3834,62.3507,62.694,2715168
2017-06-21,62.7314,63.8546,62.6852,63.6579,2084032
2017-06-22,63.8133,65.5226,63.8054,64.7014,3357407
2017-06-23,64.8302,65.554,64.5195,65.4656,11369185
2017-06-26,65.4301,65.678,65.1518,65.2925,2486421
2017-06-27,65.3839,66.033,64.9708,65.1125,2183047
2017-06-28,65.4892,65.8167,64.9472,64.9708,2578012
2017-06-29,65.0249,65.5187,64.4093,64.6699,1708229
2017-06-30,65.0161,65.0191,64.2381,64.3935,2334733
2017-07-03,64.5341,65.0957,64.5341,64.7014,852181
2017-07-05,64.7073,65.1951,64.4289,65.0319,2003529
2017-07-06,64.6856,64.9089,63.4277,63.5447,2226734
2017-07-07,63.7415,63.8497,63.3874,63.7926,1397006
2017-07-10,63.5782,63.9647,63.2704,63.3716,1520818
2017-07-11,63.3225,63.4464,62.7747,63.352,1492054
2017-07-12,63.8752,64.247,63.6922,63.892,1725286
2017-07-13,63.9844,64.3798,63.7002,64.0994,1642618
2017-07-14,64.1467,64.601,63.9647,64.5528,1129403
2017-07-17,64.6935,65.1056,64.4447,64.5341,1765607
2017-07-18,64.3021,64.5341,63.3618,63.6087,2398833
2017-07-19,63.8083,63.8654,63.0658,63.6353,2189852
2017-07-20,63.7926,64.4093,63.6421,63.9008,1905114
2017-07-21,63.8083,64.0994,62.8425,63.0471,2483874
2017-07-24,62.9822,63.9391,62.9822,63.6922,2314659
2017-07-25,63.946,64.3798,63.6795,64.2037,1363301
2017-07-26,64.0552,64.4634,63.9578,64.1909,1628114
2017-07-27,64.0307,64.2962,62.6094,63.3038,1985177
2017-07-28,63.3933,64.2883,62.9399,64.1369,1569013
2017-07-31,64.2962,64.7239,63.8309,63.8497,2603645
2017-08-01,64.2283,64.4053,63.7169,63.9067,2345085
2017-08-02,58.7256,59.8064,57.5011,58.6646,8844929
2017-08-03,57.9791,58.2544,56.4664,57.3211,4956091
2017-08-04,57.5522,57.5522,56.6287,57.1382,2912473
2017-08-07,57.148,57.4362,56.9099,57.2217,3544233
2017-08-08,57.2217,58.0075,56.972,57.3033,2519278
2017-08-09,57.1568,57.2051,55.9983,56.3858,3563796
2017-08-10,56.2313,56.6091,55.5606,55.6265,2777267
2017-08-11,55.8409,55.8409,55.2223,55.355,2117920
2017-08-14,55.66,56.0474,55.1219,55.1721,2476876
2017-08-15,55.4534,55.778,54.883,54.9006,2424915
2017-08-16,55.1397,55.3029,54.2142,54.5515,3146388
2017-08-17,54.4295,54.8751,53.8405,53.8483,2950699
2017-08-18,53.7106,53.8994,53.1756,53.206,1728272
2017-08-21,53.1372,53.4038,52.9405,53.1864,1605184
2017-08-22,53.2228,54.2535,53.211,54.0637,2108045
2017-08-23,53.8561,54.4217,53.685,54.2367,2779361
2017-08-24,54.4846,55.1485,54.3912,54.6283,2762216
2017-08-25,54.6676,54.8652,54.5112,54.6115,1612904
2017-08-28,54.8574,54.9922,54.4385,54.8652,1450648
2017-08-29,54.6577,55.1574,54.5672,54.8751,2152874
2017-08-30,54.8239,55.1524,54.7187,54.9479,2052308
2017-08-31,54.9321,56.2313,54.9321,55.7494,3228288
2017-09-01,55.9402,56.312,55.7908,56.0474,1858875
2017-09-05,55.8321,56.2048,55.4111,55.7996,2474078
2017-09-06,55.9736,56.7025,55.8321,56.7025,3486861
2017-09-07,56.6031,57.0979,56.4526,57.0722,2551061
2017-09-08,57.0083,57.3536,56.3858,56.4959,2230805
2017-09-11,56.8716,57.8404,56.7674,57.6279,2718706
2017-09-12,57.6279,57.6742,56.7586,57.387,2480704
2017-09-13,57.0821,57.4863,56.8185,57.263,1648660
2017-09-14,56.9099,56.9099,55.5842,55.7494,3219640
2017-09-15,55.8409,56.1104,55.4622,55.7838,5646281
2017-09-18,55.9904,56.1792,55.355,55.4289,1927228
2017-09-19,55.3776,55.6009,54.5024,54.759,2273263
2017-09-20,54.8171,55.3207,54.5515,55.1309,1984138
2017-09-21,55.1397,55.7337,55.0728,55.178,1744099
2017-09-22,55.2862,55.4445,54.7403,55.0895,2639143
2017-09-25,54.9006,55.7838,54.883,55.6521,1793748
2017-09-26,55.7259,56.2481,55.7259,56.0474,1643915
2017-09-27,56.1625,56.3789,55.6924,56.312,1493466
2017-09-28,56.0642,56.2786,55.3118,55.3472,2812026
2017-09-29,55.5537,56.254,55.3954,55.6865,3365247
2017-10-02,55.9363,56.9119,55.8527,56.7841,2564766
2017-10-03,56.7939,56.9031,56.1212,56.254,1840183
2017-10-04,56.254,56.7428,56.0376,56.1851,2804428
2017-10-05,56.2776,56.5255,56.0209,56.2844,2108680
2017-10-06,56.254,56.491,54.587,54.821,4400476
2017-10-09,54.7796,54.821,53.4461,54.0224,4215941
2017-10-10,54.405,54.8377,54.2968,54.7383,1932198
2017-10-11,54.6794,54.9538,54.5397,54.7708,2660028
2017-10-12,54.7383,55.5862,54.5613,55.1948,3772025
2017-10-13,55.0462,55.2124,53.1303,54.0549,4497145
2017-10-16,53.9152,54.8535,53.6093,53.7824,2943737
2017-10-17,53.6624,54.2732,53.3399,54.1541,2738424
2017-10-18,54.2367,54.7974,53.6624,53.8385,3312393
2017-10-19,53.7539,55.1111,53.7539,55.0462,2328902
2017-10-20,55.2862,55.7199,55.2469,55.5114,1795178
2017-10-23,55.5626,55.9029,55.3472,55.4622,2219080
2017-10-24,55.295,55.6383,54.7708,55.2862,2620847
2017-10-25,55.4032,55.9029,55.3629,55.7947,2626772
2017-10-26,57.0025,57.7017,53.4234,53.8798,10004337
2017-10-27,53.6624,53.7824,51.2921,51.601,9461795
2017-10-30,51.542,52.0908,51.2007,51.3423,4479830
2017-10-31,51.4348,52.432,50.5034,51.5105,6543100
2017-11-01,50.6037,52.0908,50.5949,51.7406,4187445
2017-11-02,51.9845,52.3504,50.2024,50.8181,4686071
2017-11-03,50.4464,51.3846,50.3539,51.0777,5007864
2017-11-06,50.0863,50.5516,47.8853,50.1366,5755762
2017-11-07,50.2182,51.302,49.9211,50.1522,2866360
2017-11-08,50.1522,50.8181,49.9791,50.7532,2982065
2017-11-09,50.6588,51.2843,50.3175,50.3942,3022772
2017-11-10,50.1178,50.1877,48.5295,48.7213,9687852
2017-11-13,48.7636,49.3891,47.9728,48.5383,6487436
2017-11-14,48.5295,48.6209,47.1742,47.4889,4150568
2017-11-15,46.7513,48.079,46.3421,47.2892,7462977
2017-11-16,47.2892,48.1183,46.7926,47.782,5960565
2017-11-17,47.4653,48.2728,47.2892,47.8568,4244305
2017-11-20,46.5674,47.0985,45.4855,45.7678,6661892
2017-11-21,45.8179,46.7838,45.6331,46.3667,4970705
2017-11-22,46.5172,47.9177,46.5172,47.4063,5411656
2017-11-24,47.4417,47.5322,46.7001,46.9077,893009
2017-11-27,46.9499,47.1231,46.171,46.5083,3590129
2017-11-28,46.5487,47.9728,46.1838,47.8981,3571854
2017-11-29,48.1145,49.7136,48.0652,49.1865,5770913
2017-11-30,49.3458,50.0116,48.5826,49.2553,4913116
2017-12-01,49.0536,49.2189,47.7672,49.0133,5362471
2017-12-04,49.3536,50.8761,49.1294,50.7767,7250420
2017-12-05,50.7532,51.0532,49.6595,50.2182,5007929
2017-12-06,50.2713,50.7128,49.4569,49.6969,3326946
2017-12-07,49.751,50.0706,48.6376,48.6809,3037013
2017-12-08,48.7468,49.4805,48.6465,49.0075,3589574
2017-12-11,49.2288,50.3027,48.9977,50.1267,3564384
2017-12-12,50.1719,50.5555,49.6595,50.1424,3514042
2017-12-13,50.0284,50.6765,49.9693,50.4021,2856084
2017-12-14,50.4374,51.6689,50.2113,50.2182,3927654
2017-12-15,50.7591,53.0831,50.4759,52.5835,10848451
2017-12-18,52.376,52.4232,51.6334,51.9157,5242869
2017-12-19,51.8016,52.7162,51.7092,52.432,4754713
2017-12-20,52.5146,53.0743,52.5146,52.8088,3788425
2017-12-21,52.8323,53.0487,52.017,52.1596,2423833
2017-12-22,52.3848,52.5914,51.8419,51.9983,2745782
2017-12-26,51.9983,52.6828,51.9068,52.1507,1851280
2017-12-27,52.2687,52.2914,51.6767,51.8419,1431943
2017-12-28,51.8085,51.9423,51.243,51.7092,1450588
2017-12-29,51.9176,52.078,51.3571,51.3639,1799784
2018-01-02,51.7249,53.1008,51.659,53.0094,2874843
2018-01-03,52.8244,53.0753,52.3966,52.6986,2129191
2018-01-04,52.79,53.5709,52.2284,53.3683,3254868
2018-01-05,53.2936,53.5876,52.5727,53.0024,3757314
2018-01-08,53.1599,55.0118,52.8176,54.6754,4229933
2018-01-09,54.6429,56.5372,54.284,56.254,6338865
2018-01-10,56.0445,57.1411,55.0708,57.0566,5199563
2018-01-11,57.1676,57.9869,56.8244,57.9397,3060691
2018-01-12,58.2141,59.9579,57.6604,59.9333,4819590
2018-01-16,60.0268,61.3407,59.9923,60.845,5391228
2018-01-17,60.3631,61.3318,60.0268,60.908,4019790
2018-01-18,60.609,60.965,59.4298,60.1192,4557831
2018-01-19,60.3857,60.8234,59.7051,60.2864,3421500
2018-01-22,60.4005,62.0134,60.3779,61.6279,3952763
2018-01-23,61.62,61.977,60.8381,61.3751,2644558
2018-01-24,62.0232,63.1681,61.6938,62.6153,3279139
2018-01-25,62.4236,62.6734,61.4755,62.0311,2894796
2018-01-26,62.2731,62.8926,62.1148,62.8513,1674378
2018-01-29,62.6439,63.5034,62.4727,63.0697,2931830
2018-01-30,60.308,62.6596,60.0936,61.9318,4115229
2018-01-31,62.0793,62.1148,59.7995,60.1851,5020598
2018-02-01,59.1947,59.2547,56.9169,57.8955,5571434
2018-02-02,57.5935,57.86,56.4113,56.555,4087786
2018-02-05,56.1674,56.4369,53.9319,53.9387,4287359
2018-02-06,53.0851,55.3325,52.311,54.8603,5400690
2018-02-07,54.6115,55.5498,54.0912,54.6115,4033576
2018-02-08,56.4724,57.7863,54.9085,55.8596,6075688
2018-02-09,56.4724,56.789,53.8453,55.9343,5194133
2018-02-12,56.2688,57.686,56.0514,57.0319,3956482
2018-02-13,54.5564,55.473,53.4874,55.0708,4846743
2018-02-14,54.879,56.5461,54.7944,56.4536,2891009
2018-02-15,57.0418,57.7912,56.6061,57.0919,3458514
2018-02-16,56.9237,59.054,56.7221,58.1315,3051361
2018-02-20,57.7125,58.0971,57.7125,57.7125,2816812
2018-02-21,57.6604,58.456,57.326,57.686,3123060
2018-02-22,57.8453,58.4649,56.673,56.8648,2563327
2018-02-23,57.1834,58.3656,57.0841,58.1059,1981075
2018-02-26,58.1728,59.5399,57.9967,59.1612,1839035
2018-02-27,58.9429,59.5733,58.34,58.7187,3792343
2018-02-28,58.6921,59.1474,58.0155,58.0233,2323399
2018-03-01,58.0715,58.4905,56.6287,57.2424,2872452
2018-03-02,56.8077,57.9466,56.7713,57.7951,2057979
2018-03-05,57.561,59.1769,57.561,59.0176,3793881
2018-03-06,59.0698,59.4209,58.3488,58.6193,2218311
2018-03-07,58.1915,58.8947,58.0803,58.7187,2057601
2018-03-08,58.8681,59.413,58.6282,59.0364,2366203
2018-03-09,59.1111,59.8831,59.1111,59.6579,2180007
2018-03-12,59.6835,60.8156,59.6835,60.6631,3206183
2018-03-13,60.908,61.3918,60.4005,60.5883,3191907
2018-03-14,60.8381,61.318,59.8979,60.3926,2661272
2018-03-15,60.4005,60.9158,59.1691,59.2714,4883571
2018-03-16,59.4887,60.009,59.1691,59.4809,8104256
2018-03-19,59.53,59.6048,58.4079,58.6744,3193560
2018-03-20,58.7256,58.9528,54.6283,54.8357,8660617
2018-03-21,54.82,55.6491,54.7423,55.0708,2590729
2018-03-22,54.6429,54.9616,53.4274,53.5345,2298697
2018-03-23,53.7883,53.8385,51.6,51.7328,3011865
2018-03-26,52.2953,52.3523,50.9381,52.0613,3874551
2018-03-27,52.0613,52.311,50.9893,51.3246,3107970
2018-03-28,51.5754,52.9415,51.5322,52.4478,4251671
2018-03-29,52.7517,53.1647,52.2521,52.9356,2650889
2018-04-02,53.4185,54.4197,50.6715,51.5252,3443806
2018-04-03,51.8567,52.2619,50.6076,51.7544,2431936
2018-04-04,51.3482,53.4952,51.2046,53.1559,2577444
2018-04-05,53.4185,54.2722,52.9445,53.9181,2440635
2018-04-06,53.4589,53.9093,52.2009,52.6917,2106511
2018-04-09,52.9986,53.629,52.3878,52.7832,1493659
2018-04-10,53.2169,54.7275,53.1058,54.3381,2410412
2018-04-11,53.9181,54.7768,53.7362,54.0273,2555168
2018-04-12,54.2358,54.6184,52.31,52.5825,4352866
2018-04-13,52.6415,52.9198,50.3853,51.0276,6041093
2018-04-16,50.9174,54.288,50.2861,52.6062,6575682
2018-04-17,52.9356,53.4864,52.6661,53.3664,1957978
2018-04-18,53.6211,54.6273,53.1982,53.9585,2699066
2018-04-19,53.5345,53.5425,52.2796,52.6238,2082509
2018-04-20,52.7172,52.9887,51.6717,52.4202,3192831
2018-04-23,52.616,53.1234,52.2363,52.5481,2751355
2018-04-24,53.7824,54.8053,52.2363,52.6661,3708337
2018-04-25,52.4036,53.9181,52.4036,53.69,3638716
2018-04-26,54.0676,54.3725,53.3339,54.2122,2433337
2018-04-27,54.1709,55.7278,54.1709,55.5882,2260717
2018-04-30,55.5124,55.5724,54.1876,54.1954,2833961
2018-05-01,53.7726,54.1286,52.9553,53.7155,2144759
2018-05-02,53.6615,56.1221,53.4589,54.6007,5705778
2018-05-03,45.514,46.9499,42.892,42.9018,18464509
2018-05-04,43.0798,45.0754,43.0719,44.7705,8762558
2018-05-07,44.7803,45.3517,44.3102,44.5679,5750430
2018-05-08,44.4479,44.6859,43.6709,44.3387,4710606
2018-05-09,44.5078,45.1904,44.2128,44.5591,4791445
2018-05-10,44.8718,47.2361,44.7882,46.2309,5843203
2018-05-11,46.0874,47.0758,45.3783,46.7041,4674887
2018-05-14,46.8221,47.0847,46.0776,46.586,3461186
2018-05-15,46.3834,46.586,45.5219,45.6222,3359375
2018-05-16,45.7835,46.3962,45.6734,46.0363,2514643
2018-05-17,46.0117,46.1228,45.2445,45.8858,2804703
2018-05-18,46.0117,46.0824,44.9554,45.0389,4626929
2018-05-21,45.278,45.6635,44.7882,44.8718,3831455
2018-05-22,44.8629,45.1236,44.3988,44.617,3631267
2018-05-23,44.5924,44.7803,44.203,44.498,3116220
2018-05-24,44.2719,44.9219,43.4112,44.2896,4218341
2018-05-25,44.2217,44.9455,44.0004,44.2896,3256383
2018-05-29,44.0918,44.3142,43.1408,43.7054,3116628
2018-05-30,43.8587,44.4479,43.5381,44.3062,3566557
2018-05-31,44.3741,44.4321,43.8981,43.9906,5277851
2018-06-01,44.7803,45.0832,44.1872,44.4744,2949411
2018-06-04,44.5335,44.7882,44.2453,44.4577,2413179
2018-06-05,44.617,45.0311,44.3387,44.6004,3177110
2018-06-06,44.7607,45.3104,44.5335,45.216,2154509
2018-06-07,45.2259,45.4127,44.5335,44.7174,4559784
2018-06-08,44.6859,45.0892,44.4479,45.0577,2296196
2018-06-11,45.0232,45.7746,44.8275,45.4441,1263471
2018-06-12,45.4894,45.5818,44.9976,45.2259,3774315
2018-06-13,46.0697,46.3834,45.6477,45.7746,3720056
2018-06-14,45.8179,46.4621,45.4206,46.1307,3967069
2018-06-15,46.0618,46.5191,45.8858,46.2389,6349860
2018-06-18,45.9359,46.1228,44.4577,44.7607,5720117
2018-06-19,44.4744,45.9438,44.4744,45.69,4521942
2018-06-20,45.7088,45.9772,45.2082,45.8179,2165402
2018-06-21,45.9281,45.9576,45.1137,45.216,2066730
2018-06-22,45.5219,45.9527,45.4206,45.5898,3550189
2018-06-25,45.514,45.8504,44.678,45.0479,2004922
2018-06-26,45.099,45.3449,44.5246,45.0311,2106760
2018-06-27,44.8816,45.3616,44.4233,44.7026,2401658
2018-06-28,42.7356,43.0719,40.7745,42.5389,7710156
2018-06-29,42.4986,42.5458,41.5937,41.636,4157864
2018-07-02,41.697,42.352,41.4384,41.9094,4315054
2018-07-03,41.9773,42.8497,41.9173,42.2065,2178732
2018-07-05,42.5162,43.0178,42.2685,42.6687,4295907
2018-07-06,42.7188,42.9745,42.2419,42.5841,5577750
2018-07-09,42.9431,43.4948,42.6943,42.8575,4515041
2018-07-10,43.0936,43.2579,42.5389,42.7799,4344124
2018-07-11,42.2065,42.831,41.6528,42.6008,4079945
2018-07-12,42.8655,43.0847,42.4298,42.8575,4137743
2018-07-13,42.6008,44.025,42.5074,43.3168,3559885
2018-07-16,43.4781,43.6994,43.0769,43.2401,1839587
2018-07-17,43.2657,43.3336,42.5743,42.6107,2674928
2018-07-18,42.5841,42.7946,42.1976,42.1976,2622143
2018-07-19,42.1228,42.5025,41.0479,41.7815,5160222
2018-07-20,41.4925,42.0363,41.1148,41.6114,3627266
2018-07-23,41.6114,42.4396,41.2013,41.9173,4188388
2018-07-24,42.1651,42.3785,41.8238,41.9429,3414883
2018-07-25,42.0795,42.413,41.8308,42.1406,4361123
2018-07-26,42.1406,42.591,41.7815,42.0196,5324996
2018-07-27,42.0462,42.5389,41.7639,42.056,5925247
2018-07-30,42.0875,42.8615,41.8927,42.771,5183285
2018-07-31,42.8212,43.4575,42.4396,42.591,10898411
2018-08-01,42.6008,43.0808,42.4907,42.6687,3631686
2018-08-02,42.4907,42.7376,42.0963,42.6186,4699013
2018-08-03,42.6343,43.4781,42.6343,42.8861,5671740
2018-08-06,41.9861,43.9493,41.8583,42.6765,9193027
2018-08-07,42.5389,43.3916,42.0117,43.3168,6244223
2018-08-08,43.605,43.605,41.5869,41.7472,5014306
2018-08-09,41.6282,42.2419,41.6282,42.0963,3961570
2018-08-10,42.113,42.1563,41.1767,41.2692,3601839
2018-08-13,41.2259,41.8671,41.2259,41.8308,3216857
2018-08-14,41.8485,42.9903,41.8308,42.7799,3272535
2018-08-15,42.4631,42.9058,41.8308,42.8497,3640737
2018-08-16,43.0444,43.4447,42.7946,43.0178,6041731
2018-08-17,42.9342,44.4597,42.9342,44.2521,5723899
2018-08-20,44.203,44.4282,43.6493,44.1273,4228729
2018-08-21,44.203,44.322,43.9827,44.0505,3320594
2018-08-22,43.9404,44.0427,43.5391,43.7082,2790645
2018-08-23,43.7683,44.1273,43.6591,43.7683,3175422
2018-08-24,43.9217,44.3908,43.8617,44.1942,3131471
2018-08-27,44.2974,45.1511,44.2974,44.7409,3550351
2018-08-28,44.8501,44.8679,44.3751,44.5531,3134252
2018-08-29,44.5531,44.8954,44.383,44.5787,3491944
2018-08-30,44.4243,45.0744,44.1469,44.7223,2561708
2018-08-31,44.4499,44.8315,44.1784,44.5,2390728
2018-09-04,44.3387,44.4852,43.3031,43.6807,3448569
2018-09-05,43.5391,44.6455,43.485,44.6455,5189080
2018-09-06,44.6721,44.9269,44.2207,44.4331,2574598
2018-09-07,44.3299,44.919,44.2286,44.8679,2932958
2018-09-10,44.8777,45.5395,44.8777,45.0882,3457629
2018-09-11,44.7754,44.9711,44.2207,44.4499,3777717
2018-09-12,44.4675,45.2573,44.4675,45.1413,1998327
2018-09-13,45.3537,45.7285,45.0744,45.1413,3550799
2018-09-14,45.2691,45.5091,44.4144,44.4243,4106410
2018-09-17,44.3988,45.1846,43.9738,44.8501,4961066
2018-09-18,44.8334,45.9261,44.8334,45.7048,3032951
2018-09-19,45.7628,46.3687,45.7628,45.993,3667627
2018-09-20,46.0697,47.305,46.0697,47.0434,5624684
2018-09-21,47.0856,47.2027,46.6313,46.8477,5360378
2018-09-24,46.8299,47.0237,45.6026,45.9674,5818713
2018-09-25,45.8553,46.0402,45.281,45.4727,3512675
2018-09-26,45.5229,46.2841,45.5229,45.7285,2988900
2018-09-27,45.7285,46.4966,45.6782,46.0952,2397707
2018-09-28,46.1553,46.5497,45.9664,46.4562,3694675
2018-10-01,46.5497,46.7936,46.2369,46.4061,2599075
2018-10-02,46.4317,46.8457,46.1818,46.4405,2092937
2018-10-03,46.5959,46.9125,46.4031,46.4317,3687383
2018-10-04,46.1986,46.706,45.9143,46.1051,3380862
2018-10-05,46.1051,46.7758,46.1051,46.2772,2404819
2018-10-08,46.2172,47.007,46.2172,46.8378,2100583
2018-10-09,46.7237,46.9313,45.9064,46.7847,2132821
2018-10-10,46.8536,47.8606,46.587,46.646,4087885
2018-10-11,46.5595,46.6982,44.2364,44.3318,7987884
2018-10-12,44.7016,44.7282,43.9286,44.4174,4615901
2018-10-15,44.3673,44.8747,44.3062,44.3318,3167902
2018-10-16,44.6151,45.4954,44.3525,45.2946,5671051
2018-10-17,45.2946,46.9225,45.2268,46.0441,5058228
2018-10-18,46.0697,46.4562,45.7255,45.9586,4154905
2018-10-19,45.9586,46.9578,45.5347,45.7599,3492166
2018-10-22,45.7599,46.0441,44.5561,44.7449,4282505
2018-10-23,44.3151,44.8649,43.8155,44.5895,3730267
2018-10-24,44.4449,44.9868,42.5949,42.6727,7934961
2018-10-25,42.9214,44.023,42.0777,43.5677,4974414
2018-10-26,43.0424,43.308,42.1318,42.95,5129615
2018-10-29,43.5421,44.2531,42.6727,43.2224,3187593
2018-10-30,43.3434,44.3968,43.0158,44.3673,4934761
2018-10-31,44.4794,44.5591,43.127,43.5322,5461854
2018-11-01,43.5322,45.3389,43.4791,45.2622,3857407
2018-11-02,45.5209,45.7009,43.9846,44.2531,2770851
2018-11-05,44.3771,44.9691,44.3673,44.8128,2275923
2018-11-06,44.1509,45.2455,43.7978,45.1904,3432479
2018-11-07,45.4235,46.1986,45.2455,46.1553,3384024
2018-11-08,45.5533,48.3504,44.0585,48.2915,8650627
2018-11-09,48.5757,48.6947,46.8536,47.5824,4883335
2018-11-12,47.601,48.4252,47.2961,48.1173,3234851
2018-11-13,48.2217,49.3478,48.1272,48.8069,3099737
2018-11-14,49.0546,50.166,48.435,49.3055,5051719
2018-11-15,48.9514,49.5897,47.8508,49.5799,4382146
2018-11-16,48.9091,49.1678,47.5764,47.7131,7491546
2018-11-19,47.6708,48.3151,46.7424,46.949,5931736
2018-11-20,46.8083,46.9578,45.0882,45.5209,5137524
2018-11-21,45.4167,45.992,45.0882,45.692,5578405
2018-11-23,45.5976,45.7255,44.9505,45.4954,1133357
2018-11-26,46.0274,46.5418,45.5347,45.9241,6218331
2018-11-27,45.9241,46.8782,45.8375,46.7424,5722674
2018-11-28,46.7758,47.2213,46.3373,47.2135,6139907
2018-11-29,47.1565,47.7909,46.9401,47.3365,3319765
2018-11-30,47.5165,47.5165,46.5497,47.1712,5164054
2018-12-03,47.3177,48.6249,47.2499,48.3504,8137951
2018-12-04,48.1784,48.5127,46.8063,47.3768,5985930
2018-12-06,46.8782,47.1565,44.8846,47.1565,5631467
2018-12-07,46.8536,47.6964,46.2684,46.3804,4864149
2018-12-10,46.3804,46.3942,44.323,45.6389,4279338
2018-12-11,46.0874,46.8181,45.4678,46.0618,2769630
2018-12-12,46.3539,47.3079,46.1986,46.2251,2593202
2018-12-13,46.2684,46.2684,44.6721,45.0734,3429353
2018-12-14,44.5128,44.8471,42.95,43.0671,4131838
2018-12-17,42.353,42.4729,41.0036,41.2348,4234471
2018-12-18,41.7688,41.8356,40.0732,40.4775,3915940
2018-12-19,40.4775,40.9171,39.4369,39.6857,4815252
2018-12-20,39.6444,40.1853,38.3708,38.9707,5351071
2018-12-21,38.9707,39.8195,37.9842,38.2341,7015039
2018-12-24,38.1387,38.1878,36.9073,36.9339,2212091
2018-12-26,37.0892,38.361,36.2818,38.3432,3911748
2018-12-27,37.8534,38.3511,36.9073,38.3511,3188448
2018-12-28,38.5006,38.9481,37.94,38.3511,4739527
2018-12-31,38.5105,39.0101,38.2233,38.7858,2854323
2019-01-02,38.3708,39.6582,38.2233,39.1979,3808250
2019-01-03,38.7612,39.0504,38.1091,38.4061,4896958
2019-01-04,38.8045,39.1979,38.4475,39.0652,3538288
2019-01-07,39.0652,40.3358,38.8507,39.8323,3070722
2019-01-08,40.0418,40.7578,39.9847,40.44,3523957
2019-01-09,40.6997,41.0233,40.3358,40.5089,4117481
2019-01-10,40.7627,41.7797,40.6584,41.3891,3174405
2019-01-11,41.1807,41.4069,40.8492,41.3891,1958782
2019-01-14,41.0488,41.3793,41.0312,41.1177,2941020
2019-01-15,41.2406,41.459,40.919,41.4216,3027274
2019-01-16,41.518,42.3973,41.4492,42.1091,3606586
2019-01-17,41.9104,42.3865,41.4757,41.8927,2912371
2019-01-18,42.2831,42.7611,42.2733,42.6569,3127923
2019-01-22,42.4061,42.527,42.0137,42.3097,2569096
2019-01-23,42.3707,42.6933,41.8839,42.5025,1769878
2019-01-24,42.4396,42.7278,41.9714,42.1957,2272205
2019-01-25,42.527,43.1369,42.527,42.9186,5462734
2019-01-28,42.7533,42.9864,42.1622,42.7376,2249558
2019-01-29,42.8753,43.0513,42.5802,42.9096,2953563
2019-01-30,42.9549,43.009,42.0137,42.4061,5791779
2019-01-31,42.3284,44.0328,42.2733,43.4595,6080187
2019-02-01,42.7611,43.2667,42.0137,42.9096,3553872
2019-02-04,42.9471,43.423,42.6392,43.4064,4433550
2019-02-05,43.4752,44.0909,43.3011,43.6601,2817219
2019-02-06,43.4821,44.4134,43.4821,44.1715,3803977
2019-02-07,46.5281,47.5676,45.876,47.181,9365238
2019-02-08,47.3708,47.4151,45.277,45.8061,5435530
2019-02-11,45.9537,46.294,45.3271,46.2576,3059836
2019-02-12,46.6235,47.5371,46.4227,47.4249,4212244
2019-02-13,47.5293,47.9964,47.0227,47.8774,3132978
2019-02-14,47.7544,48.3997,47.363,48.2668,4149510
2019-02-15,48.6141,48.6849,48.1459,48.2502,4197585
2019-02-19,48.1017,49.4677,47.9462,49.3901,3214607
2019-02-20,48.8953,49.1284,48.3033,48.6239,3122869
2019-02-21,48.5275,48.6141,47.2834,47.6157,2978594
2019-02-22,47.5716,47.839,47.188,47.7446,2664381
2019-02-25,48.2147,48.2147,47.4249,47.4672,2620160
2019-02-26,47.4151,47.5656,46.5812,46.6165,2491213
2019-02-27,46.3451,46.8624,46.0589,46.6401,3240208
2019-02-28,46.6578,47.2754,46.4227,47.2598,4729284
2019-03-01,47.5371,47.8056,46.0402,46.1365,4137934
2019-03-04,46.1022,46.1022,44.0427,44.2669,5058765
2019-03-05,44.1814,44.3525,43.3198,43.3631,3406496
2019-03-06,43.3552,43.4064,41.9183,41.9448,3062365
2019-03-07,41.8062,42.0137,41.2761,41.3095,3726115
2019-03-08,41.0666,41.8238,40.9102,41.4845,3651196
2019-03-11,41.6833,42.5025,41.2761,42.4848,3293913
2019-03-12,42.5891,43.3011,42.5428,42.8998,3230822
2019-03-13,43.2411,44.4134,43.005,44.0505,5725022
2019-03-14,44.1449,44.2364,43.6404,44.1814,4868188
2019-03-15,44.1892,44.3721,43.5677,43.7182,6505282
2019-03-18,43.787,44.082,43.0188,43.4595,4609066
2019-03-19,43.5194,44.2493,43.5194,43.964,5094562
2019-03-20,43.8421,43.8519,42.5891,42.9284,3028191
2019-03-21,42.8044,43.7102,42.7278,43.6237,2627808
2019-03-22,43.4821,43.727,42.2831,42.3009,2775716
2019-03-25,42.3097,42.3196,41.0066,41.3636,3978096
2019-03-26,41.5701,42.2084,41.334,41.5623,3216481
2019-03-27,41.5456,42.0747,41.2937,41.7973,4140012
2019-03-28,41.8308,42.2144,41.4442,41.6743,3498331
2019-03-29,42.0707,42.3264,41.7678,42.2979,3448577
2019-04-01,42.7553,43.2116,42.5428,43.1526,2560475
2019-04-02,42.2468,42.6087,41.3863,41.4276,4034254
2019-04-03,41.7452,42.3687,40.92,41.3597,3962791
2019-04-04,41.3223,41.4462,40.7272,41.1747,2525485
2019-04-05,41.3498,42.2006,41.3075,41.7196,3218068
2019-04-08,41.6577,41.9665,41.217,41.7717,2282749
2019-04-09,41.5879,41.817,41.2809,41.5879,2048685
2019-04-10,41.6675,41.6675,40.4893,41.2358,3525996
2019-04-11,41.4039,41.4737,40.5857,40.744,2514428
2019-04-12,41.0243,41.5514,40.8492,41.1049,2873490
2019-04-15,41.2809,41.8691,41.0961,41.3597,3324676
2019-04-16,41.6222,41.6488,40.5975,41.0685,2757395
2019-04-17,41.1935,41.2623,39.0917,39.4261,3907952
2019-04-18,39.4605,40.5689,39.4349,40.4105,4525552
2019-04-22,40.3476,40.7292,39.6109,39.7604,3165965
2019-04-23,39.8746,40.8758,39.7536,40.4804,3220090
2019-04-24,40.5246,41.1935,40.3574,40.92,3705450
2019-04-25,40.7617,41.3597,40.3476,41.157,2673580
2019-04-26,41.3312,41.8769,41.2809,41.7364,1988316
2019-04-29,41.7364,42.0009,41.3685,41.6743,2036482
2019-04-30,42.1681,42.8359,41.517,42.7907,7924829
2019-05-01,42.7818,42.7976,41.7108,41.817,3465625
2019-05-02,41.9478,42.9637,41.9478,42.8172,3081852
2019-05-03,42.9224,43.8283,42.8782,43.5381,3997920
2019-05-06,42.8625,43.5106,42.3166,43.4319,3629145
2019-05-07,43.1683,43.5982,42.7484,42.9913,5677215
2019-05-08,43.1683,43.9433,42.534,43.6699,4401406
2019-05-09,42.2104,44.2768,41.5003,44.0485,5867251
2019-05-10,44.1351,44.5994,42.0993,42.9126,3746343
2019-05-13,42.1681,42.1681,40.3408,40.4715,4950649
2019-05-14,40.5945,41.0616,40.3752,40.4971,3960678
2019-05-15,40.269,40.7037,39.7073,40.5689,2471201
2019-05-16,40.5857,40.9112,39.5893,39.7349,3278617
2019-05-17,39.4605,40.5945,39.3572,39.5578,3492532
2019-05-20,39.372,40.4804,39.2766,40.3909,4174314
2019-05-21,40.6398,41.6016,40.5857,41.2013,4064048
2019-05-22,41.1049,41.2358,40.6604,41.1482,2261500
2019-05-23,40.8236,40.8945,40.0841,40.3328,2300686
2019-05-24,40.4007,40.739,40.0516,40.3653,1335676
2019-05-28,40.3574,40.859,39.908,39.9552,1966161
2019-05-29,39.8746,39.8746,38.2233,38.3718,3481913
2019-05-30,38.2764,38.5133,37.3105,37.7128,2905820
2019-05-31,37.3027,37.5181,36.9132,36.9584,3567768
2019-06-03,36.9673,37.9419,36.9044,37.7049,2881958
2019-06-04,38.2576,38.7917,38.0904,38.6097,3105888
2019-06-05,38.9766,39.0317,37.9321,38.0393,3004194
2019-06-06,37.9498,38.0069,37.2309,37.5918,3129131
2019-06-07,37.9065,38.7494,37.7295,38.5223,2607776
2019-06-10,38.6009,39.3572,38.4455,38.653,2629683
2019-06-11,39.1103,39.8116,38.953,39.2156,3318005
2019-06-12,39.0405,39.2943,38.6285,38.8478,1941515
2019-06-13,38.8478,39.7929,38.8399,39.7693,2309641
2019-06-14,39.7536,39.7536,38.7435,38.7917,1972168
2019-06-17,39.0139,39.3041,38.6373,39.0562,2485775
2019-06-18,39.3385,39.8116,38.9658,39.1291,2565731
2019-06-19,39.3641,39.964,39.3572,39.5658,2414735
2019-06-20,40.147,40.2424,38.9608,39.3287,2370894
2019-06-21,39.3209,39.5235,38.9688,39.2668,4657851
2019-06-24,39.3572,39.549,38.8792,39.5412,3007626
2019-06-25,39.7162,40.5148,39.3808,40.1903,3133907
2019-06-26,40.2178,40.3181,39.671,40.0841,3116839
2019-06-27,40.0841,40.9997,40.0043,40.9466,3015917
2019-06-28,41.0883,41.8701,40.8384,41.8072,3064880
2019-07-01,42.0993,42.5507,41.8328,42.2153,3360726
2019-07-02,42.1622,42.1622,41.4374,41.8701,2022752
2019-07-03,42.3127,43.4054,42.111,42.6078,2196602
2019-07-05,42.3747,43.3817,42.1966,42.8094,2528816
2019-07-08,42.3845,42.3894,41.0981,42.1543,4279692
2019-07-09,41.8701,42.4022,41.5761,41.8967,2220202
2019-07-10,42.0993,42.295,41.6036,42.1278,2120421
2019-07-11,43.5381,44.3535,42.4917,42.8379,3326264
2019-07-12,42.6765,42.8811,41.7717,42.2428,2718592
2019-07-15,42.2428,42.4386,41.7806,42.1622,2382511
2019-07-16,41.8779,41.94,40.9112,41.5308,3971654
2019-07-17,41.2751,41.2751,39.8676,40.0033,3618096
2019-07-18,40.1116,40.2807,39.4201,40.1116,2251331
2019-07-19,40.1647,40.2532,39.7025,39.9355,1561198
2019-07-22,40.0683,40.3023,39.4025,39.5264,1874624
2019-07-23,39.6424,39.6936,39.0386,39.4123,3017150
2019-07-24,39.491,39.848,39.2422,39.7211,5455795
2019-07-25,39.7998,40.6535,39.6424,39.8638,3254386
2019-07-26,40.0033,40.2188,39.8382,40.0506,1658640
2019-07-29,40.1116,40.7233,40.0506,40.6624,2056725
2019-07-30,40.326,41.515,40.0231,41.1954,3151445
2019-07-31,41.1059,41.3026,40.2001,40.5915,7177795
2019-08-01,41.2751,42.1573,41.1414,41.4246,5334876
2019-08-02,41.219,41.5633,40.1735,40.9269,2431087
2019-08-05,40.6073,41.3901,40.1391,40.4312,4246261
2019-08-06,40.3683,40.9909,37.3243,38.0954,6157213
2019-08-07,37.6164,38.0265,36.4195,37.9459,7413625
2019-08-08,38.7386,39.2953,37.5928,38.958,5413976
2019-08-09,38.9825,39.6582,38.6215,39.3641,2322661
2019-08-12,39.2343,39.5352,38.7337,38.8212,1899949
2019-08-13,39.0297,40.2276,38.6628,39.6513,2438089
2019-08-14,39.1458,39.2156,37.6164,37.6439,3777248
2019-08-15,37.7905,37.9371,37.2024,37.28,2380952
2019-08-16,37.466,38.4514,37.3971,38.3363,2168305
2019-08-19,38.7386,39.0897,38.4868,38.594,1871753
2019-08-20,39.1281,39.5077,38.7465,38.8448,2863742
2019-08-21,38.5399,39.3297,38.3442,38.6727,2411295
2019-08-22,38.9412,39.4861,38.7966,38.8448,2971490
2019-08-23,38.6471,39.3641,37.7688,37.9813,3225647
2019-08-26,38.3629,39.1458,38.3629,38.9039,2569083
2019-08-27,38.4868,38.8763,37.1295,37.2171,4854645
2019-08-28,37.0489,37.3499,36.6142,37.0489,3699678
2019-08-29,37.4393,37.7964,37.1453,37.5181,3331548
2019-08-30,37.6616,38.594,37.6616,38.2842,3643734
2019-09-03,37.9547,38.5232,37.3971,38.4337,3851553
2019-09-04,38.9137,39.3975,38.6402,39.3641,2938749
2019-09-05,39.7576,40.2188,39.3218,39.3927,3457663
2019-09-06,39.5077,40.4342,39.4468,40.326,2149888
2019-09-09,40.2276,41.6292,40.2276,41.5583,3822080
2019-09-10,41.4088,42.6244,41.1502,42.5605,4468119
2019-09-11,42.6402,43.4221,42.0943,43.3857,3390903
2019-09-12,43.4929,43.6641,42.527,43.0326,2801195
2019-09-13,43.1919,43.548,42.4533,42.7995,2339927
2019-09-16,42.1622,43.4762,42.0294,43.4142,2241397
2019-09-17,43.5381,43.5814,42.7995,42.8379,2508873
2019-09-18,42.7553,42.7838,42.2605,42.5005,2775738
2019-09-19,42.6481,42.8811,42.3658,42.6244,2263625
2019-09-20,42.9952,43.5735,42.2685,42.5104,6524349
2019-09-23,42.3402,42.5104,41.3262,41.8701,2659910
2019-09-24,41.994,42.411,41.4963,41.7717,2756222
2019-09-25,41.6823,42.4956,41.4324,42.3127,2885006
2019-09-26,42.3038,42.7651,41.2839,41.9841,2273591
2019-09-27,42.2055,42.3402,41.6292,42.2252,3559250
2019-09-30,42.1445,42.5202,42.111,42.3136,2744818
2019-10-01,42.6018,43.3886,42.1966,42.3953,2785559
2019-10-02,42.0452,42.2055,40.9416,41.0312,3628434
2019-10-03,40.8787,41.157,40.1706,41.0764,2806794
2019-10-04,41.1394,41.4098,40.6554,41.3095,2082110
2019-10-07,41.3262,41.3498,40.7066,40.8885,2071658
2019-10-08,40.5915,40.7813,40.0634,40.3142,2198328
2019-10-09,40.5837,40.8069,40.4931,40.6191,2165901
2019-10-10,40.6191,41.8829,40.6191,41.2927,2713003
2019-10-11,41.8927,42.6362,41.8927,42.0707,2279600
2019-10-14,41.9282,42.1356,41.6773,41.9468,1635896
2019-10-15,42.3677,43.012,42.1711,42.9529,2107971
2019-10-16,44.0368,45.7225,43.309,43.9984,6628037
2019-10-17,44.1066,46.053,44.1016,45.9183,5032012
2019-10-18,45.7934,46.3313,45.4973,46.2143,4087871
2019-10-21,45.8455,46.1612,44.0722,45.2012,5261219
2019-10-22,45.274,45.5307,44.5914,45.4973,2196152
2019-10-23,45.218,45.4796,44.5748,44.8511,2336913
2019-10-24,44.9868,45.0577,44.0633,44.5561,2310865
2019-10-25,44.5659,45.0124,44.0722,44.8796,2156248
2019-10-28,44.8846,45.3449,44.8059,45.0852,1542042
2019-10-29,44.9593,46.1828,44.6731,45.9359,2579973
2019-10-30,45.2652,45.5307,44.2689,44.978,3131203
2019-10-31,44.7252,44.978,43.9984,44.3407,4408401
2019-11-01,44.6092,45.6399,44.3495,45.2278,2270018
2019-11-04,45.4157,46.5241,45.2829,46.3942,2674639
2019-11-05,46.6273,47.2716,46.1513,46.1798,3470513
2019-11-06,46.17,46.5929,45.7383,46.1159,3393070
2019-11-07,48.438,49.1029,47.247,47.7013,5323839
2019-11-08,47.4781,48.2954,46.8939,48.1951,3754190
2019-11-11,47.7013,48.1705,47.362,48.1331,3953238
2019-11-12,48.0967,48.5905,48.0003,48.4468,3828539
2019-11-13,48.2502,49.2642,48.0073,49.1284,3785136
2019-11-14,49.1815,49.6153,48.9484,49.0931,4809222
2019-11-15,49.2543,50.4552,49.0931,50.4286,3762016
2019-11-18,50.3402,50.8328,50.0422,50.2221,3033305
2019-11-19,50.4286,50.5456,49.9015,49.926,2383212
2019-11-20,49.5965,50.0382,49.3959,49.6851,2995922
2019-11-21,49.6949,49.8719,49.1913,49.4697,2566442
2019-11-22,49.6153,50.1995,49.5386,49.9349,2299474
2019-11-25,50.2044,50.6519,49.8719,50.528,2354348
2019-11-26,50.4286,50.4286,48.2039,48.6071,6213754
2019-11-27,48.6071,49.5434,48.554,49.514,2218021
2019-11-29,49.2454,49.5582,49.0931,49.3438,929474
2019-12-02,49.3438,49.3812,48.8776,48.9947,1809187
2019-12-03,48.6632,48.9582,48.2678,48.8973,2566445
2019-12-04,49.0832,49.3812,48.8225,49.1196,1955866
2019-12-05,49.2012,49.3438,48.617,48.6446,2146645
2019-12-06,48.8688,49.3979,48.8688,49.2012,1701725
2019-12-09,49.0566,49.1472,48.4468,48.7242,1769837
2019-12-10,48.6071,48.617,47.9275,48.26,2033299
2019-12-11,48.1616,48.734,48.1518,48.6721,1885936
2019-12-12,48.7616,49.335,48.5147,49.0123,1709881
2019-12-13,48.8422,49.0979,48.0534,48.1154,1749396
2019-12-16,47.7574,48.4026,47.1909,48.1518,3203458
2019-12-17,48.0632,48.0632,45.7294,46.2418,4078546
2019-12-18,45.9448,46.2507,45.573,45.8209,2926725
2019-12-19,46.0431,46.1415,45.2829,45.3812,2142234
2019-12-20,45.812,46.6519,45.2898,46.4464,5508672
2019-12-23,46.4552,46.5732,45.8287,45.8455,1563829
2019-12-24,46.0628,46.4199,45.8022,45.991,597066
2019-12-26,46.0431,46.1356,45.6566,45.8838,936366
2019-12-27,45.8543,46.2772,45.5071,46.1798,1591575
2019-12-30,46.1513,46.3215,45.4619,45.5229,1838897
2019-12-31,45.3812,46.0766,45.3527,45.7884,2108055
2020-01-02,46.0943,46.1778,44.7882,45.3439,3016372
2020-01-03,44.6465,45.0812,44.4843,44.6849,2072649
2020-01-06,44.5924,45.1,44.2954,45.0537,2662514
2020-01-07,44.9092,45.2543,44.6564,45.0724,2010856
2020-01-08,44.9731,45.5415,44.5876,45.3163,1907833
2020-01-09,45.4423,45.6547,44.9642,45.5317,1929850
2020-01-10,45.6241,45.9143,45.1541,45.8317,2538747
2020-01-13,45.7412,45.7697,45.0812,45.6596,2791013
2020-01-14,46.113,47.4889,46.113,47.479,3519752
2020-01-15,47.3177,48.9927,47.1024,48.7105,4444334
2020-01-16,49.037,49.3546,48.5304,49.2651,2993971
2020-01-17,49.3635,49.4628,48.5482,48.8186,2834983
2020-01-21,48.7852,49.2454,48.4301,48.8943,2070182
2020-01-22,49.2179,50.233,49.0822,50.0785,3380105
2020-01-23,49.9791,49.9889,49.3733,49.6703,3681943
2020-01-24,49.7422,49.7422,47.7476,48.7193,2327768
2020-01-27,47.843,48.5069,47.0906,48.3209,2774266
2020-01-28,48.6662,48.9554,48.1135,48.7025,2307867
2020-01-29,48.8186,49.2454,48.3504,48.6484,1931623
2020-01-30,48.4213,48.7655,47.5341,48.2413,2120655
2020-01-31,47.9787,48.1321,46.0766,46.3579,8497344
2020-02-03,46.5556,47.2361,46.2497,46.4031,2104967
2020-02-04,47.1269,47.6886,46.6549,46.7021,3804269
2020-02-05,47.1565,48.3869,47.1024,47.6886,6247751
2020-02-06,52.0957,54.1345,51.4535,52.7389,7439993
2020-02-07,53.4913,54.7492,52.2707,52.7222,4843624
2020-02-10,52.7291,54.0431,52.5048,53.5818,3995226
2020-02-11,53.6349,53.8365,52.8206,53.7804,2884581
2020-02-12,54.3155,54.9391,54.0342,54.4335,2530548
2020-02-13,53.8994,54.6056,53.7421,53.7706,2157708
2020-02-14,53.4362,54.1257,52.1517,53.9703,3628678
2020-02-18,53.9515,54.3066,53.212,53.4195,2514744
2020-02-19,53.3192,53.7421,53.1028,53.7293,2095433
2020-02-20,53.4913,54.7954,53.1952,54.6961,2969371
2020-02-21,54.4669,54.6666,53.8601,54.0607,2513533
2020-02-24,52.6956,53.3555,52.4222,52.6307,2325841
2020-02-25,52.9553,53.2287,50.0244,50.1877,3053741
2020-02-26,50.1955,51.3689,49.7795,49.7991,3491516
2020-02-27,49.1019,50.1326,47.2902,47.2991,5330812
2020-02-28,45.7884,47.2086,44.801,47.182,7033418
2020-03-02,47.3532,48.9032,46.8644,48.9032,5114988
2020-03-03,48.8648,49.6901,46.6293,47.9423,3794234
2020-03-04,49.6005,50.7749,48.1862,49.453,4895136
2020-03-05,48.1695,49.0281,46.9087,47.5076,3722672
2020-03-06,46.0402,47.2263,45.2898,46.411,3191607
2020-03-09,43.4525,45.0272,42.6451,43.3877,5387363
2020-03-10,44.5383,45.1,42.4504,45.0006,3329138
2020-03-11,43.8686,44.6564,43.0975,44.0417,3950635
2020-03-12,41.4157,41.64,38.3452,38.3738,4660301
2020-03-13,40.1755,43.2264,38.5281,43.1074,4871928
2020-03-16,38.5527,42.4288,38.1652,40.0309,3866216
2020-03-17,40.6643,43.9522,39.4674,43.2362,4399823
2020-03-18,40.8266,44.5285,37.5682,41.3705,4171479
2020-03-19,40.8807,41.94,38.1298,39.6424,2804111
2020-03-20,40.5827,41.7059,38.2921,39.2255,4308317
2020-03-23,38.8369,38.9265,35.3513,37.1138,3694833
2020-03-24,37.8387,39.9925,37.0882,39.4153,3617789
2020-03-25,39.5235,41.8091,37.9567,38.2468,4005418
2020-03-26,38.5812,41.342,37.8485,41.0991,3884279
2020-03-27,39.8323,41.2338,39.069,40.1755,3365596
2020-03-30,41.8681,44.0594,41.516,43.8519,4147850
2020-03-31,44.6465,45.8916,42.9657,43.8342,6775123
2020-04-01,42.1957,43.9866,42.0629,43.6227,3747485
2020-04-02,42.9186,43.4762,40.7607,42.4425,3571562
2020-04-03,41.8671,43.1388,41.6743,42.6186,2808566
2020-04-06,44.2531,45.4796,43.3031,45.1216,3877715
2020-04-07,46.1455,46.4199,43.6945,43.7781,2632811
2020-04-08,44.2168,45.5602,43.3306,45.1688,2908471
2020-04-09,45.0124,46.4395,45.0124,46.109,2201226
2020-04-13,46.0176,46.0176,44.4833,44.8295,1942018
2020-04-14,45.8533,46.6136,45.095,46.3471,2096908
2020-04-15,45.5602,46.0824,44.7557,45.7806,2477451
2020-04-16,45.8622,46.3008,44.9032,45.7717,1886913
2020-04-17,46.6313,47.004,45.5799,46.8427,2344639
2020-04-20,46.411,47.8479,45.8267,46.3942,2079772
2020-04-21,45.7619,45.8946,43.905,44.1341,2031447
2020-04-22,44.9475,45.2042,44.383,44.8383,1903594
2020-04-23,45.0223,45.7806,44.6613,45.095,2124119
2020-04-24,45.3507,46.2556,44.794,46.0097,2147809
2020-04-27,46.3942,48.5039,46.2841,47.48,2415740
2020-04-28,48.02,48.14,46.7572,47.0434,2081637
2020-04-29,47.4997,47.6079,46.4758,46.9618,2777955
2020-04-30,46.5664,46.8585,44.8383,45.2406,7800374
2020-05-01,44.803,44.803,43.1487,43.3591,2445261
2020-05-04,43.2392,43.4034,42.3707,42.9903,2784665
2020-05-05,43.4683,44.1627,43.1103,43.3837,2338281
2020-05-06,43.723,44.3731,43.3306,43.3395,3305266
2020-05-07,43.9443,44.8295,43.8863,44.3633,3409907
2020-05-08,45.0862,45.9349,44.0348,45.6084,3027509
2020-05-11,48.5422,49.5562,47.6463,48.679,6436084
2020-05-12,48.8806,49.6753,45.7619,45.8091,2648298
2020-05-13,45.8996,45.8996,43.2204,43.5224,2560286
2020-05-14,42.652,43.306,41.8386,43.248,2887992
2020-05-15,44.1627,44.803,43.6689,44.7557,2787362
2020-05-18,45.7806,47.958,45.7806,47.7377,2964146
2020-05-19,47.4545,48.2117,47.1043,47.1437,2282465
2020-05-20,47.5646,49.154,46.6667,48.4125,3003128
2020-05-21,48.1852,48.8806,47.8007,48.6239,1542529
2020-05-22,48.5039,49.1009,48.1301,49.0005,1492355
2020-05-26,50.0775,50.3519,47.9482,48.0928,2761283
2020-05-27,48.2403,49.1452,47.2627,49.1452,2090438
2020-05-28,49.6556,50.5526,49.2012,49.7136,1811131
2020-05-29,49.8316,50.3145,49.1176,50.0057,4786856
2020-06-01,49.8139,50.3519,49.5031,50.0136,1364748
2020-06-02,49.8474,51.1938,49.3851,50.9912,3217594
2020-06-03,51.1938,52.2363,51.0384,51.7711,2366485
2020-06-04,51.3581,52.1901,51.0384,51.6511,2272331
2020-06-05,52.1724,53.4805,52.1174,52.3641,2030686
2020-06-08,52.1724,54.3656,52.0248,54.2289,2802275
2020-06-09,53.6516,53.8611,52.1901,52.7104,1595277
2020-06-10,52.9563,53.0605,50.6352,50.7178,2413690
2020-06-11,49.4658,49.8139,47.6561,47.9925,2065340
2020-06-12,49.3753,49.7382,47.0876,48.3584,1911492
2020-06-15,47.3896,49.3094,46.8585,48.8806,2128890
2020-06-16,50.106,50.3244,49.0173,49.8316,2805030
2020-06-17,49.8396,49.9496,48.916,49.0626,2299290
2020-06-18,48.916,49.0527,48.1488,48.56,2213344
2020-06-19,49.5031,50.0873,48.7518,49.2012,5106483
2020-06-22,49.0911,49.3271,48.4035,49.2091,1405413
2020-06-23,49.6369,49.867,48.8344,48.9003,1738446
2020-06-24,48.4596,48.9907,47.1584,47.5558,2515567
2020-06-25,47.2342,47.8282,46.7867,47.4269,2727682
2020-06-26,47.3267,47.8479,46.109,46.2192,9611786
2020-06-29,46.5949,47.5175,46.5664,47.5175,1754797
2020-06-30,47.3296,48.5187,46.9135,48.1705,2773436
2020-07-01,48.2905,48.5236,47.4958,47.6984,1770094
2020-07-02,48.2905,48.6868,47.5706,47.8085,2569441
2020-07-06,48.1961,48.4173,47.3473,47.7544,2474782
2020-07-07,47.0798,47.366,46.3038,46.351,1754501
2020-07-08,46.4435,46.6372,45.5946,46.4149,2140117
2020-07-09,46.3235,46.3972,44.6633,45.1128,1707420
2020-07-10,45.0046,45.7245,44.5325,45.5573,1994899
2020-07-13,45.7884,46.7552,45.4658,46.0284,2322675
2020-07-14,45.8071,47.0719,45.696,47.005,1809297
2020-07-15,47.5223,48.2522,47.247,48.077,1779909
2020-07-16,47.9197,48.6593,47.6049,48.3829,1503352
2020-07-17,48.5472,49.2346,48.3446,49.036,1235085
2020-07-20,49.157,49.3045,48.4744,49.0546,3206667
2020-07-21,49.4146,51.7308,49.4146,51.6767,2883653
2020-07-22,51.6846,51.9904,51.243,51.8331,1659545
2020-07-23,51.9344,52.6543,51.722,52.193,1825815
2020-07-24,52.3789,53.1904,51.8144,52.1478,1629948
2020-07-27,51.9344,53.089,51.4456,53.0507,1846836
2020-07-28,52.9228,53.1529,52.138,52.2216,1651715
2020-07-29,52.4989,53.5228,52.1753,53.2543,2052166
2020-07-30,52.432,52.608,51.3178,52.1291,2640854
2020-07-31,52.0829,52.1478,49.7549,50.4129,5122861
2020-08-03,51.2705,53.8198,51.2617,53.569,3094458
2020-08-04,53.3104,53.8443,52.6356,53.3752,2046113
2020-08-05,54.1227,54.4276,52.6927,53.1628,2995358
2020-08-06,48.4557,51.1771,48.0947,49.0183,5665611
2020-08-07,48.5668,48.677,47.6335,48.5285,3082242
2020-08-10,48.5285,49.6634,48.3161,48.972,2342188
2020-08-11,49.2494,49.7648,48.7793,48.9534,1931166
2020-08-12,49.3606,49.9969,49.157,49.6733,1771735
2020-08-13,49.3045,49.5159,48.2334,48.3927,2826693
2020-08-14,48.1803,49.5631,47.9197,49.5434,2151416
2020-08-17,49.5631,49.635,48.5472,48.6682,1751701
2020-08-18,48.6396,49.1845,47.9295,48.0406,1868141
2020-08-19,47.9758,48.5767,47.542,47.663,1472127
2020-08-20,47.4122,47.5607,46.1887,46.2959,1874037
2020-08-21,46.1012,46.4435,45.7697,46.0097,1764964
2020-08-24,46.3598,46.3972,45.6311,45.9635,1479958
2020-08-25,46.0097,46.7021,45.6487,46.6638,1929884
2020-08-26,46.3421,47.1634,46.0924,47.0247,2208417
2020-08-27,47.247,47.4958,46.3884,46.765,2093298
2020-08-28,46.7021,46.8762,46.1307,46.6106,1213339
2020-08-31,46.3786,47.2834,46.351,46.8516,2469252
2020-09-01,46.6283,46.8319,44.8275,45.5377,2202854
2020-09-02,45.7972,47.3296,45.5287,47.063,2552032
2020-09-03,47.3945,47.901,45.6487,46.167,3455940
2020-09-04,46.3038,46.3421,45.2239,45.8907,2566701
2020-09-08,45.8425,46.0834,45.0587,45.4747,3061830
2020-09-09,45.7412,46.1848,45.1884,45.7245,1690571
2020-09-10,45.512,45.7323,44.7734,44.801,2593794
2020-09-11,45.0783,45.0783,44.1745,44.6535,1604666
2020-09-14,44.8649,45.215,43.3148,43.425,4932057
2020-09-15,43.783,44.0879,42.9471,42.9647,2817322
2020-09-16,43.1398,44.025,43.1014,43.5735,4375316
2020-09-17,43.1014,43.7112,42.354,43.6571,4254569
2020-09-18,43.6571,44.6052,43.5912,44.0062,4580348
2020-09-21,43.4074,43.7082,42.8979,43.4713,2852112
2020-09-22,43.4713,43.8647,43.2244,43.4535,2625818
2020-09-23,43.5647,43.5735,41.754,41.7639,2737176
2020-09-24,41.995,42.6677,41.2092,42.2803,3121022
2020-09-25,43.1014,44.0062,42.715,43.7771,3190655
2020-09-28,44.2758,44.801,43.8027,43.8853,1990584
2020-09-29,43.9621,44.0062,43.1398,43.2775,1675442
2020-09-30,43.4516,44.2148,43.2194,43.785,3454809
2020-10-01,44.0092,44.0191,42.7248,42.9755,2267824
2020-10-02,42.4523,43.6138,42.2389,43.1801,1873393
2020-10-05,43.367,44.2345,42.9667,43.9738,3024650
2020-10-06,44.384,44.5797,43.1988,43.3395,1988240
2020-10-07,43.4142,44.2345,43.4044,43.9738,1885703
2020-10-08,44.1026,45.4461,43.6473,45.4009,1903008
2020-10-09,45.6241,45.6321,44.5886,44.795,2147186
2020-10-12,44.981,45.2415,44.6545,45.0645,1220526
2020-10-13,44.5797,45.0832,44.4675,44.6918,1347247
2020-10-14,44.7665,45.6065,44.5138,45.1108,1330223
2020-10-15,44.5236,45.6507,44.2826,45.6241,1265382
2020-10-16,45.5966,46.0255,45.102,45.5032,1377390
2020-10-19,45.4944,45.9231,44.5797,44.6741,1920877
2020-10-20,44.981,45.1944,44.4774,44.4951,1799820
2020-10-21,44.2728,45.0085,44.1224,44.6062,1387948
2020-10-22,44.6741,45.6016,44.6731,45.4855,1497406
2020-10-23,45.8012,46.2064,45.4658,46.0156,1383218
2020-10-26,45.5878,45.8209,44.4774,44.795,1761769
2020-10-27,44.6259,45.1295,44.2728,44.2826,1579638
2020-10-28,43.4142,43.843,42.7877,42.8635,1820807
2020-10-29,42.7444,43.0415,41.8888,42.5369,2030958
2020-10-30,42.4248,43.1437,42.1081,42.7051,4475327
2020-11-02,43.6473,44.6161,43.1437,44.318,2676879
2020-11-03,45.2613,46.0756,45.1767,45.5032,2337632
2020-11-04,46.6313,47.4093,45.9782,46.109,3111350
2020-11-05,48.0397,50.6224,48.0299,49.4865,4765053
2020-11-06,49.6418,49.9418,48.7193,49.094,2418584
2020-11-09,51.7613,52.5068,50.3903,51.6767,3263569
2020-11-10,51.8537,53.9349,51.4899,53.506,3809915
2020-11-11,53.6624,53.7992,52.1192,52.4409,2036599
2020-11-12,51.8911,52.6848,51.48,52.2265,1728508
2020-11-13,52.5629,53.7116,52.2176,53.5601,1538869
2020-11-16,54.5574,55.2016,54.1109,54.5319,2323775
2020-11-17,51.2941,51.6118,49.6163,50.9951,4020629
2020-11-18,51.3974,52.1803,49.6084,49.7284,2677799
2020-11-19,49.4097,49.4097,48.0397,48.7675,3038892
2020-11-20,48.5718,49.0095,47.8155,48.3662,2626648
2020-11-23,48.8216,49.1963,48.2157,48.7675,2125869
2020-11-24,49.3251,50.4827,48.8698,50.3342,2453056
2020-11-25,50.3903,50.4827,49.6163,50.1464,2046707
2020-11-27,49.9791,50.5958,49.8808,50.1562,845042
2020-11-30,50.2683,51.1072,49.8907,50.9125,5769319
2020-12-01,51.6689,51.7042,50.2358,50.3903,2392984
2020-12-02,50.2398,52.0918,50.1759,51.901,3218298
2020-12-03,51.9659,52.3956,51.2007,51.6944,3586828
2020-12-04,51.9659,53.15,51.36,53.15,2384304
2020-12-07,52.8146,52.8146,51.3482,51.6689,2978367
2020-12-08,51.5645,52.8146,51.425,52.6651,1594836
2020-12-09,52.6553,52.8707,51.6846,52.3671,1335611
2020-12-10,51.9561,52.2747,51.5095,51.714,1768845
2020-12-11,51.3777,51.416,50.2969,50.6224,2431999
2020-12-14,51.2105,51.3138,49.7638,49.9418,2094982
2020-12-15,50.409,51.4997,50.3588,51.2184,1602252
2020-12-16,51.0236,51.1643,50.4739,50.5859,1221442
2020-12-17,50.9312,50.9765,50.0402,50.5663,3326758
2020-12-18,50.53,51.3187,50.1935,51.2577,3136957
2020-12-21,50.3608,50.7709,49.7107,50.3805,1866326
2020-12-22,50.4542,50.7532,49.9418,50.0165,1256423
2020-12-23,50.1464,50.6292,50.0264,50.232,992057
2020-12-24,50.2969,50.4266,49.7195,50.1759,374879
2020-12-28,50.4454,50.7611,49.7195,50.044,1045734
2020-12-29,50.2486,50.4454,49.5592,49.8955,992401
2020-12-30,49.9595,50.2132,49.5396,49.8857,1203256
2020-12-31,49.8356,50.4759,49.5424,50.4099,1330049
2021-01-04,50.7119,50.8604,49.0438,49.8169,3039843
2021-01-05,49.9486,50.4945,48.8757,49.9949,1961736
2021-01-06,50.2486,51.9531,50.1011,51.8212,2949568
2021-01-07,51.9619,53.2326,51.8212,52.9986,3553790
2021-01-08,53.3182,53.6359,52.2835,52.6209,2271055
2021-01-11,52.3288,53.0162,52.2078,52.4615,1350928
2021-01-12,52.612,52.9317,52.2068,52.6976,1357759
2021-01-13,52.6209,52.9317,52.1321,52.1409,1056320
2021-01-14,52.0849,52.6209,51.539,52.1321,1786328
2021-01-15,52.0751,52.3052,51.0118,52.1783,1336616
2021-01-19,52.3583,52.4517,51.3315,51.5853,1779599
2021-01-20,51.5951,51.7918,51.002,51.3787,1706291
2021-01-21,51.2469,52.0563,50.0234,51.8302,2119791
2021-01-22,51.6521,52.4517,51.4819,52.1321,1409175
2021-01-25,51.7082,52.0426,51.1811,51.7928,1519295
2021-01-26,51.9058,52.5599,51.7082,52.2166,949571
2021-01-27,51.7455,52.3485,51.4918,52.0376,2904686
2021-01-28,52.1881,53.0084,52.0003,52.3002,1972104
2021-01-29,52.3583,52.5255,50.0893,50.5693,2785997
2021-02-01,50.7571,51.6521,50.6529,51.2755,1692666
2021-02-02,52.5176,52.9592,51.2665,51.3315,1669798
2021-02-03,51.002,51.36,50.5496,51.1997,1394475
2021-02-04,51.4918,53.1481,51.1633,52.6878,3000085
2021-02-05,51.9531,52.4714,49.8917,51.0679,3207831
2021-02-08,51.1535,51.2941,48.7626,49.7982,4269841
2021-02-09,50.0234,50.3382,49.1668,49.8356,2355442
2021-02-10,50.0706,50.3617,49.7234,49.9388,1910322
2021-02-11,49.9949,50.052,48.8009,49.3261,1864182
2021-02-12,48.9406,49.3261,48.5039,48.8087,2107461
2021-02-16,49.0635,49.1186,48.4321,48.7055,2170919
2021-02-17,48.4714,49.0438,47.7928,48.678,2271697
2021-02-18,48.4714,48.6298,48.0938,48.3485,2170060
2021-02-19,48.319,49.0635,48.254,48.9406,2516397
2021-02-22,48.9592,49.2622,48.4989,49.0635,1850130
2021-02-23,49.2622,49.5071,48.4803,48.9219,2339244
2021-02-24,48.9887,50.0332,48.8953,49.4589,2514780
2021-02-25,49.627,50.2969,48.8275,49.0724,2167827
2021-02-26,49.0822,49.1442,48.3574,48.4901,3028776
2021-03-01,48.8855,49.9231,48.7822,49.6458,2005080
2021-03-02,49.9388,50.2024,49.6556,49.8532,2108343
2021-03-03,49.6753,50.3293,49.3929,50.1168,2316274
2021-03-04,49.9015,50.2123,48.5934,49.1294,2642176
2021-03-05,49.4107,50.522,48.8757,50.343,2640784
2021-03-08,50.8791,51.9236,50.466,51.4819,1853307
2021-03-09,51.539,52.2737,51.1053,51.1151,1954558
2021-03-10,51.5587,53.1018,50.9558,52.8657,1955725
2021-03-11,52.8657,53.2513,52.1232,52.4419,2418327
2021-03-12,52.8657,54.287,52.6209,53.9752,2372805
2021-03-15,53.8916,54.6626,53.7559,54.588,1618333
2021-03-16,54.4473,54.6626,53.9014,53.9014,1611686
2021-03-17,54.2397,54.9636,54.0342,54.5329,1910091
2021-03-18,54.4099,55.4259,54.4099,54.8515,1706911
2021-03-19,54.6725,55.897,54.5978,55.2281,3901564
2021-03-22,55.0669,55.7367,54.7108,55.6619,2164346
2021-03-23,55.5478,55.7081,54.165,54.3066,2019323
2021-03-24,54.4099,56.6109,54.3351,55.6333,2176948
2021-03-25,55.8311,57.0919,55.1632,56.8372,1930032
2021-03-26,57.4115,58.2584,57.2709,58.221,2046567
2021-03-29,58.0794,59.0668,57.9309,58.7855,2113703
2021-03-30,58.8328,59.2576,58.3017,58.6164,1647148
2021-03-31,58.6223,58.878,57.6083,57.627,2437101
2021-04-01,57.4646,57.7971,56.3504,57.749,1697712
2021-04-05,57.9112,58.0636,56.9808,57.4263,1972817
2021-04-06,57.6634,57.9397,57.0752,57.1431,1486982
2021-04-07,57.2562,57.6536,57.0486,57.5788,1357974
2021-04-08,57.1893,57.4745,55.7908,56.2028,1801586
2021-04-09,56.374,56.9612,56.2884,56.9612,1353782
2021-04-12,56.9612,58.0155,56.9612,57.7312,1734471
2021-04-13,57.6083,57.6083,56.3267,57.0486,1923416
2021-04-14,56.8864,57.9761,56.8766,57.6929,1416006
2021-04-15,57.4362,57.9486,57.3033,57.74,1873484
2021-04-16,57.9112,58.2947,57.3181,58.157,1750357
2021-04-19,58.4138,58.5937,57.7578,58.0813,1560765
2021-04-20,57.3889,58.1482,57.3033,57.9112,1262976
2021-04-21,58.3656,58.9163,58.1758,58.5377,1490588
2021-04-22,58.5466,58.7639,57.4843,57.569,1969017
2021-04-23,57.5788,58.4039,57.0979,58.2524,1424153
2021-04-26,58.4039,58.4039,57.1893,57.3702,1610382
2021-04-27,57.1618,57.1618,56.3652,56.6877,1836871
2021-04-28,56.5255,57.6634,56.4979,56.9906,1495705
2021-04-29,57.1991,57.6083,57.1893,57.5404,1349033
2021-04-30,57.749,57.7774,57.029,57.2375,2183146
2021-05-03,57.7676,58.6734,57.4362,58.3853,2311124
2021-05-04,58.4324,58.8504,58.1197,58.8308,2013645
2021-05-05,58.2436,58.2436,56.8667,57.7027,1944695
2021-05-06,52.8264,53.7362,51.3462,53.6309,7506491
2021-05-07,53.6407,55.7101,53.6407,55.1682,3329498
2021-05-10,53.9359,56.4546,53.9359,55.3315,3463087
2021-05-11,55.0177,55.1977,53.0723,53.2818,2573729
2021-05-12,53.4716,53.8984,52.6946,52.9395,2811259
2021-05-13,52.9307,53.6801,52.7399,53.2159,2705018
2021-05-14,53.3575,53.5365,53.0349,53.4421,2253002
2021-05-17,53.2906,53.8886,52.9032,53.5463,2070687
2021-05-18,53.3772,53.6359,52.791,53.3772,1878859
2021-05-19,53.0723,53.5562,52.3986,53.0625,3618600
2021-05-20,53.1018,54.4916,52.8933,54.1168,2368441
2021-05-21,54.4109,55.2822,54.2486,54.3922,1789968
2021-05-24,54.6754,54.6754,53.7096,53.7195,1328882
2021-05-25,53.509,53.7647,52.675,52.7595,2189541
2021-05-26,52.7222,53.3379,51.9531,53.1962,2668415
2021-05-27,53.509,53.7293,53.0822,53.1864,3929242
2021-05-28,53.4519,53.4922,53.0349,53.1864,1700386
2021-06-01,53.211,53.3673,52.432,52.7035,1906780
2021-06-02,53.0537,53.5562,52.5904,53.3004,2340819
2021-06-03,53.0162,53.7047,53.0162,53.4519,1447802
2021-06-04,53.6703,53.7293,53.329,53.6507,1886770
2021-06-07,53.9457,56.0514,53.8237,55.8714,4054513
2021-06-08,55.9186,56.431,55.1505,55.8143,3760085
2021-06-09,56.014,56.3169,55.5016,55.5488,1829613
2021-06-10,55.8241,57.0654,55.5301,56.9247,3015279
2021-06-11,57.2188,57.2758,56.0838,56.2598,3966432
2021-06-14,56.0514,56.2786,54.761,55.3315,2931983
2021-06-15,55.3776,55.6147,54.9695,55.2734,1910540
2021-06-16,55.2646,55.5488,54.3824,54.5427,2233445
2021-06-17,54.8564,54.8564,53.4146,54.4385,2473020
2021-06-18,53.8405,54.0784,53.0625,53.1677,4378288
2021-06-21,53.4048,53.983,53.2533,53.7647,2135589
2021-06-22,53.7362,53.9181,53.1491,53.7745,2476813
2021-06-23,53.8984,53.9083,52.7694,53.387,2556821
2021-06-24,53.4814,53.6054,53.0349,53.3004,1498865
2021-06-25,53.3192,54.6381,53.0349,54.3351,5894862
2021-06-28,54.3351,54.5515,53.7844,54.3066,1797902
2021-06-29,54.5053,55.1603,54.3155,54.4473,2151118
2021-06-30,54.5367,54.7325,54.1247,54.6223,2216110
2021-07-01,54.6686,55.8754,54.6686,55.4357,1702128
2021-07-02,55.3207,55.5016,54.7177,55.3766,1501667
2021-07-06,55.1387,55.1908,53.8188,54.4876,2192450
2021-07-07,54.4393,54.9419,54.2102,54.5535,1943774
2021-07-08,54.1247,54.4118,53.5218,54.1719,2302933
2021-07-09,54.6587,55.0039,54.4778,54.7079,1358448
2021-07-12,54.4778,55.2055,54.287,54.9567,1354648
2021-07-13,54.8702,55.1957,54.402,54.6321,1408315
2021-07-14,54.6686,54.8751,54.287,54.6026,1243186
2021-07-15,54.2575,54.6932,54.2575,54.3155,1019095
2021-07-16,54.3253,54.8131,53.9948,54.3627,1392941
2021-07-19,53.9614,54.2968,53.1008,53.5984,1795918
2021-07-20,55.3766,57.2817,54.9381,55.1957,4709736
2021-07-21,55.4259,56.0858,55.1662,56.0662,4345022
2021-07-22,55.9225,56.5786,55.6068,56.4782,2129498
2021-07-23,56.8795,57.1283,56.5255,56.6405,1532404
2021-07-26,56.669,57.3486,56.2048,56.43,1626472
2021-07-27,56.257,57.1952,55.8655,56.85,1566357
2021-07-28,56.7939,57.3624,56.5057,57.0703,1687286
2021-07-29,57.4057,57.6348,57.1568,57.3968,1238961
2021-07-30,57.3968,57.7686,56.5933,56.8127,4820496
2021-08-02,56.8598,57.3388,56.5353,56.9945,2232953
2021-08-03,56.9375,57.2001,56.1143,57.0516,3380544
2021-08-04,56.6109,57.3388,56.3632,56.43,2691233
2021-08-05,52.5353,52.8136,48.3308,48.3839,10058692
2021-08-06,48.2787,49.3881,48.0101,48.7861,4790408
2021-08-09,48.7763,49.9526,48.2059,48.5069,3308646
2021-08-10,48.2688,48.852,47.2351,48.8049,4536486
2021-08-11,48.9868,49.7903,48.6809,49.455,3604899
2021-08-12,49.3694,49.8376,48.7861,49.8287,1889195
2021-08-13,49.8287,50.0294,49.4077,49.4648,1918581
2021-08-16,49.4648,50.2781,49.1933,50.1631,2504222
2021-08-17,50.0382,50.3933,49.4638,50.3352,1778592
2021-08-18,50.2781,50.2781,49.2927,49.3025,1877128
2021-08-19,49.0921,49.7903,48.7861,49.1019,2352965
2021-08-20,48.8816,49.631,48.6514,49.1678,3115099
2021-08-23,49.3881,50.1247,49.2642,49.9241,2316358
2021-08-24,49.933,49.9526,49.2642,49.5307,2218877
2021-08-25,49.5208,49.7953,48.796,49.5307,1985123
2021-08-26,49.3596,49.5031,48.7124,49.0822,2267635
2021-08-27,49.2444,49.8287,49.0822,49.5031,1867521
2021-08-30,49.512,49.7136,49.2691,49.2829,1803822
2021-08-31,49.158,50.2879,49.1196,50.2201,3052225
2021-09-01,50.1346,50.2015,49.2927,50.1346,2927981
2021-09-02,50.1346,51.3649,50.1346,51.2538,2117387
2021-09-03,51.244,51.5312,51.062,51.3206,1703220
2021-09-07,51.2823,51.6266,50.8427,51.3974,2229396
2021-09-08,51.2342,51.5508,50.9096,51.1771,1738338
2021-09-09,51.1535,51.4072,50.8328,50.9863,1699948
2021-09-10,51.0915,51.2144,50.2683,50.5358,2436025
2021-09-13,50.7089,51.182,50.4985,50.6597,2571348
2021-09-14,50.7749,51.0433,49.7903,49.8759,3306526
2021-09-15,49.7608,50.8043,49.455,50.7276,2708741
2021-09-16,50.8328,51.0817,50.1631,50.4493,2825932
2021-09-17,50.3155,51.1535,50.0863,50.2978,7441121
2021-09-20,49.751,50.0578,48.8049,49.3202,3661679
2021-09-21,49.6093,49.933,48.6514,48.8324,3067950
2021-09-22,49.1973,49.4943,48.7861,48.8049,2374419
2021-09-23,48.9189,49.7047,48.8422,49.1392,2053063
2021-09-24,49.149,49.5799,48.9474,48.977,2123063
2021-09-27,48.9967,49.6458,48.9967,49.273,3448716
2021-09-28,49.273,49.5995,48.7566,48.9573,6082339
2021-09-29,49.215,49.5454,48.9013,49.3596,6659597
2021-09-30,49.746,49.8621,47.7574,47.7771,6789620
2021-10-01,47.9885,48.4714,47.1772,48.3071,7257457
2021-10-04,48.1145,49.0606,47.5105,47.844,7432726
2021-10-05,47.8823,48.2305,47.245,47.5057,4396739
2021-10-06,47.1968,47.3512,46.1199,47.0031,4145300
2021-10-07,47.2155,48.0662,47.184,47.3315,2871569
2021-10-08,47.2932,47.6414,47.0227,47.0522,2337491
2021-10-11,46.9558,47.5725,46.946,47.0611,2834997
2021-10-12,47.0994,47.1772,46.3559,46.4237,3112098
2021-10-13,46.3077,46.5113,45.5936,46.1149,3740493
2021-10-14,46.7335,47.0277,46.3658,46.9746,3134018
2021-10-15,47.2067,47.5824,46.8772,46.887,2085184
2021-10-18,46.6372,46.6372,45.7196,46.0087,2917861
2021-10-19,46.2979,47.0994,46.2309,46.9746,3916454
2021-10-20,47.071,47.8686,47.0611,47.5824,5331413
2021-10-21,47.602,47.7377,46.8772,47.3896,3772814
2021-10-22,47.4387,47.9109,47.3414,47.8823,2275930
2021-10-25,48.0367,48.0367,47.0227,47.071,2494932
2021-10-26,47.3129,47.3315,46.6372,47.0424,2502285
2021-10-27,47.2636,47.2636,45.7914,45.8258,3556090
2021-10-28,45.9546,46.3952,45.5445,46.0952,4947124
2021-10-29,45.8828,46.4523,45.8632,46.1818,8706922
2021-11-01,46.0854,47.0856,45.9123,46.9647,4217280
2021-11-02,47.6217,48.2109,46.7611,47.2253,4663819
2021-11-03,47.2253,48.8097,47.0522,48.6849,4314541
2021-11-04,48.5786,48.6308,47.245,47.486,2897553
2021-11-05,47.7771,48.5393,47.5263,47.8538,2802718
2021-11-08,47.8538,48.4429,47.8538,47.9403,3780633
2021-11-09,48.7518,48.8285,47.0522,47.6414,3826894
2021-11-10,47.5548,48.6849,47.5548,48.5875,3486730
2021-11-11,48.4035,48.6061,47.8243,48.1823,3742252
2021-11-12,48.6357,49.7274,48.4999,49.6891,3909500
2021-11-15,49.6595,49.7274,48.6357,48.7419,2629445
2021-11-16,48.7813,49.0901,48.3171,48.3367,2354521
2021-11-17,48.2885,48.5295,48.0219,48.0367,2071430
2021-11-18,48.076,48.076,47.4112,47.6512,2334288
2021-11-19,47.6698,48.2109,46.7808,46.7906,4122899
2021-11-22,46.7611,47.2736,46.1347,46.646,3421142
2021-11-23,46.5782,47.6512,46.5261,47.4672,3770781
2021-11-24,47.4672,48.0082,46.9647,47.1191,2566063
2021-11-26,46.5585,46.6077,45.5347,45.9792,2560732
2021-11-29,46.1347,46.6077,45.6704,45.8533,3262960
2021-11-30,45.4963,45.9507,44.6269,44.6564,7358867
2021-12-01,45.3134,45.5012,44.2886,44.3082,3978760
2021-12-02,44.7922,45.6409,44.7036,45.216,3545073
2021-12-03,45.39,46.0854,45.1944,45.4186,2758843
2021-12-06,46.0854,46.7139,45.8926,46.0756,3215448
2021-12-07,46.173,46.7483,45.9221,46.4621,3906663
2021-12-08,46.646,47.0522,46.3323,46.6077,3222258
2021-12-09,46.6175,47.1772,46.4425,46.8299,2177174
2021-12-10,47.0522,47.1673,46.3854,46.8398,2161409
2021-12-13,46.6942,47.1289,46.3756,46.7906,2489362
2021-12-14,46.7237,47.785,46.6893,47.2636,3882725
2021-12-15,47.3945,47.7181,47.0906,47.5351,2993309
2021-12-16,47.6315,48.3652,47.602,47.7574,2971281
2021-12-17,47.901,48.1911,47.2548,47.96,7094307
2021-12-20,47.7279,47.785,46.7611,47.4574,4309652
2021-12-21,47.8145,48.5492,47.7948,48.0269,3335243
2021-12-22,48.1045,48.5393,47.6119,48.4714,2635401
2021-12-23,48.6652,49.4865,48.4999,49.0222,2123284
2021-12-27,49.0704,49.6595,48.9839,49.6123,1469521
2021-12-28,49.4766,50.1139,49.4766,49.9595,1455167
2021-12-29,49.9113,50.4424,49.9113,50.2781,1481156
2021-12-30,50.5575,50.6932,50.3264,50.3942,1697880
2021-12-31,50.4925,50.7168,50.2093,50.2093,1771251
2022-01-03,50.2388,50.7414,49.9566,50.7168,2439484
2022-01-04,50.7463,51.5557,50.7364,51.2921,3566061
2022-01-05,51.3118,53.0959,51.3118,51.9944,5242736
2022-01-06,52.3258,52.4527,51.121,51.2046,2968733
2022-01-07,51.3118,53.0379,51.2627,52.8914,3758934
2022-01-10,49.6153,49.9949,47.2155,49.7608,8995953
2022-01-11,49.6831,51.4574,48.9907,51.3994,4599798
2022-01-12,51.2725,51.2725,49.8877,50.3952,4231877
2022-01-13,50.3558,51.1456,50.1709,50.941,3053283
2022-01-14,50.8919,51.7898,50.5801,51.7701,2403481
2022-01-18,51.7898,51.9845,51.0286,51.2823,2821438
2022-01-19,51.0876,51.5941,50.7266,50.7749,2028209
2022-01-20,50.7945,51.4583,50.2978,50.3264,2589664
2022-01-21,50.1611,50.4729,49.1127,49.3025,3312557
2022-01-24,48.7665,49.6831,47.8696,49.5464,3622283
2022-01-25,49.2396,49.7608,48.2403,49.4884,2306605
2022-01-26,49.5759,50.3952,49.2346,49.5366,2739506
2022-01-27,49.927,51.0581,49.9172,51.0089,3402360
2022-01-28,50.9803,51.3502,50.1611,51.3216,2298769
2022-01-31,50.7364,50.7364,49.5268,50.2879,5102637
2022-02-01,50.1316,50.3558,49.6055,50.0539,4715677
2022-02-02,49.8396,50.6775,49.7225,50.3165,3978974
2022-02-03,50.2978,51.4288,49.8396,50.1513,3195027
2022-02-04,49.7225,50.946,49.5464,50.6676,3010383
2022-02-07,50.8731,51.721,50.0244,51.3216,2728850
2022-02-08,51.536,52.9346,51.3502,52.8038,3456417
2022-02-09,52.8717,52.9012,52.4134,52.6278,1916126
2022-02-10,52.316,52.5796,51.2675,51.4967,2393817
2022-02-11,51.36,51.6817,51.0482,51.243,2957700
2022-02-14,51.243,51.3069,50.1414,50.9893,2561464
2022-02-15,51.4967,52.4429,51.3895,52.199,2089510
2022-02-16,51.9157,53.3004,51.8527,53.1834,3122616
2022-02-17,52.9012,53.6221,52.7153,53.1549,3322674
2022-02-18,53.1451,54.1296,52.7251,52.8323,2676977
2022-02-22,53.0565,53.1736,52.2963,52.5796,2280623
2022-02-23,52.9012,52.9789,52.0229,52.1212,2384766
2022-02-24,51.3994,51.3994,50.044,51.1751,2813436
2022-02-25,51.6629,53.028,51.5331,52.852,2577040
2022-02-28,51.9845,52.8225,51.5843,52.6671,3945255
2022-03-01,52.6573,52.6573,50.946,51.5164,2770927
2022-03-02,51.7603,52.3553,51.5262,52.1311,2070157
2022-03-03,52.199,52.73,51.8675,52.4723,2297706
2022-03-04,51.6039,52.6868,51.3266,52.6573,2527758
2022-03-07,52.3553,52.3553,51.0777,51.126,3203175
2022-03-08,51.2144,51.9747,50.7561,51.126,2499998
2022-03-09,52.1596,52.496,51.7701,51.8675,1616976
2022-03-10,51.4673,51.9944,51.2046,51.8478,1636386
2022-03-11,51.6334,52.0819,51.2234,51.2627,1691456
2022-03-14,51.8282,51.9649,50.6971,51.302,2353593
2022-03-15,51.5262,52.6475,51.302,52.5894,2504789
2022-03-16,52.8717,53.0861,51.416,52.433,3306435
2022-03-17,52.1212,55.7682,51.8478,55.7682,6734752
2022-03-18,55.8556,55.9432,54.7826,55.8655,6670882
2022-03-21,56.0602,57.0162,55.7966,56.1674,3368410
2022-03-22,56.6552,56.9867,56.0121,56.3139,2783736
2022-03-23,56.3632,56.6848,55.3,55.3481,2543553
2022-03-24,55.3197,56.1291,55.0069,55.8458,1865367
2022-03-25,55.9628,56.5382,55.6462,56.5185,1769089
2022-03-28,56.3139,56.4113,55.4269,56.3632,1843564
2022-03-29,56.5578,56.7133,55.4848,56.1772,1992492
2022-03-30,56.2943,56.8893,55.8261,56.1969,2021953
2022-03-31,56.0602,56.4339,55.7455,55.7652,1985661
2022-04-01,55.8045,56.6602,55.657,56.6504,2031906
2022-04-04,56.3356,56.6209,55.4209,55.7652,2603115
2022-04-05,55.7357,56.7388,55.7357,55.893,2072020
2022-04-06,55.8439,56.6897,55.7357,56.4634,2130932
2022-04-07,56.3553,58.4404,56.257,58.4009,4224517
2022-04-08,58.8927,61.1253,58.5977,60.8795,4993317
2022-04-11,60.9286,61.7154,60.1516,60.368,3087356
2022-04-12,61.2335,62.4629,60.8597,62.2563,4283053
2022-04-13,62.04,62.5613,61.1056,61.9908,2790513
2022-04-14,62.3547,63.0628,61.8679,61.922,2973886
2022-04-18,61.5187,62.6202,61.5187,61.9417,1572360
2022-04-19,62.0597,62.4038,61.381,61.6859,1838223
2022-04-20,61.8433,63.1503,61.8433,62.8071,1931917
2022-04-21,62.9842,63.4661,62.3744,62.699,2784370
2022-04-22,61.8924,62.0597,60.486,60.5549,2400270
2022-04-25,60.2402,60.6138,58.8338,60.2304,2705792
2022-04-26,59.8763,61.0368,59.6009,59.6304,1983361
2022-04-27,59.6304,59.7386,58.6272,58.8436,2723349
2022-04-28,59.1288,59.4238,57.9977,58.8338,2182674
2022-04-29,58.5682,58.5682,56.9355,57.0929,7345560
2022-05-02,57.8109,58.0371,56.257,57.1224,3100303
2022-05-03,57.5059,58.6468,57.5059,57.8207,2334296
2022-05-04,58.4698,59.9156,57.5552,59.4927,3954773
2022-05-05,54.1129,58.224,53.5129,56.9159,6333436
2022-05-06,56.3257,57.6289,56.1389,57.3093,3019467
2022-05-09,56.8175,56.9355,55.598,56.0307,3396871
2022-05-10,56.2373,56.4831,54.2112,55.1259,3165321
2022-05-11,55.5095,56.8372,54.9193,54.9784,2788431
2022-05-12,54.585,54.6046,52.8648,54.0735,2795364
2022-05-13,54.3096,54.9291,53.8866,54.6932,2272512
2022-05-16,55.1849,55.952,54.7423,55.2144,2735001
2022-05-17,55.5684,55.834,54.9587,55.7652,2072830
2022-05-18,56.7191,56.965,54.5653,54.762,2493241
2022-05-19,54.0932,55.2341,53.5916,54.9095,2592795
2022-05-20,54.9489,55.2341,53.7686,54.88,2297246
2022-05-23,55.6177,56.5028,55.0669,56.0209,2118408
2022-05-24,56.07,56.3553,54.762,56.1684,1507591
2022-05-25,56.0012,57.0093,55.6668,56.788,1980342
2022-05-26,55.8635,57.5945,55.4505,57.0634,2244550
2022-05-27,56.9552,57.3486,56.6513,56.7487,1672756
2022-05-31,55.8537,56.1684,54.998,55.3914,3764202
2022-06-01,55.775,56.0209,53.6211,54.5161,2018677
2022-06-02,54.5357,54.5555,52.7458,53.6014,2298888
2022-06-03,53.5326,53.6014,52.8343,52.9327,1751261
2022-06-06,52.7753,53.2573,52.4212,52.8539,1711780
2022-06-07,52.8737,53.1392,52.3327,53.0212,1318290
2022-06-08,52.7359,53.2473,52.5786,52.6671,1311175
2022-06-09,52.2737,52.4605,51.4475,51.4869,2027942
2022-06-10,50.9262,53.0802,50.7099,52.5786,2441005
2022-06-13,51.7032,52.2737,50.2476,50.641,1912969
2022-06-14,50.523,51.064,49.7657,50.2673,2322956
2022-06-15,50.4444,51.005,49.6576,50.1985,2292919
2022-06-16,49.8837,49.9428,48.8806,49.6478,2268884
2022-06-17,49.8248,50.5526,49.569,49.8641,4293770
2022-06-21,50.5427,51.0148,49.8248,50.641,2125107
2022-06-22,50.3558,51.9098,50.1001,51.723,2233904
2022-06-23,51.9491,52.6523,51.6836,52.1459,1634435
2022-06-24,52.5786,54.0784,51.9787,53.5523,5838218
2022-06-27,53.6507,54.0047,52.8737,53.9555,1977504
2022-06-28,54.0932,54.4669,52.7261,52.9327,1404767
2022-06-29,53.4146,53.567,52.5884,52.8048,1654652
2022-06-30,52.4732,52.5626,51.5798,51.8876,2056949
2022-07-01,52.096,52.7909,51.4607,52.7115,1945043
2022-07-05,52.4435,52.5229,50.9445,51.8677,1716088
2022-07-06,51.8478,52.8703,51.5401,52.2548,2992050
2022-07-07,52.1556,52.5725,51.7486,52.364,2208037
2022-07-08,52.5328,53.4262,52.3541,52.5328,1409268
2022-07-11,52.364,52.9299,52.1953,52.6023,1248258
2022-07-12,52.6023,53.5156,52.3938,52.8108,2169932
2022-07-13,52.3343,52.8802,52.2052,52.5129,2084180
2022-07-14,52.0067,53.8977,51.5699,53.6545,2646482
2022-07-15,54.3891,54.8259,53.8729,54.806,2026600
2022-07-18,55.1038,55.1038,54.0863,54.3395,2564736
2022-07-19,54.6869,55.5307,54.3693,55.2726,1691764
2022-07-20,55.4513,55.6399,54.7763,55.2825,2152407
2022-07-21,55.1237,55.7491,54.8954,55.7193,1987975
2022-07-22,56.2157,56.9502,55.8484,56.573,2238915
2022-07-25,56.6723,57.4664,56.5929,56.8609,1965989
2022-07-26,57.119,57.5657,56.8609,57.3771,1747418
2022-07-27,57.1388,57.9032,56.841,57.6848,2021834
2022-07-28,57.7047,58.5584,56.8821,58.4492,2212778
2022-07-29,58.469,59.3029,58.2904,59.1242,4229387
2022-08-01,59.0547,60.2013,58.7966,59.8787,3119040
2022-08-02,60.0673,60.097,58.6179,59.3228,3618118
2022-08-03,59.7298,59.963,58.9257,59.7298,2889217
2022-08-04,59.9581,60.7231,59.7099,59.7992,2087985
2022-08-05,59.6206,61.0798,59.561,61.0599,1961578
2022-08-08,61.2386,61.7747,60.8118,61.0401,2726782
2022-08-09,61.2287,61.7747,61.05,61.318,2019417
2022-08-10,61.7052,62.3008,61.4481,62.2909,2975970
2022-08-11,60.1665,65.7156,60.0822,65.5171,6932158
2022-08-12,65.3384,69.0411,65.3384,68.8128,5396478
2022-08-15,68.3363,70.9272,66.5991,69.458,10411805
2022-08-16,69.3389,70.5897,68.515,69.6268,3578520
2022-08-17,68.8624,69.3389,68.2172,68.6043,2077026
2022-08-18,68.8525,69.1503,67.8003,68.2966,1998406
2022-08-19,68.2867,69.1106,68.1775,68.7235,2928632
2022-08-22,68.5646,68.7036,67.3536,67.4131,1651256
2022-08-23,67.4727,67.8896,67.3039,67.4826,2197896
2022-08-24,67.5322,68.4306,67.3238,68.247,1755935
2022-08-25,68.2867,68.6738,67.9591,68.5944,1575405
2022-08-26,68.5845,68.8724,67.0855,67.1054,1867074
2022-08-29,66.7083,69.4779,66.3013,69.1801,2166459
2022-08-30,69.3588,70.0537,68.7135,69.329,2876181
2022-08-31,69.4878,70.3465,69.1702,70.2026,3470570
2022-09-01,69.9048,71.0265,69.7757,70.7982,2250355
2022-09-02,70.9868,71.7511,70.2522,70.4706,2149570
2022-09-06,70.6791,70.8974,68.2271,69.0014,3327299
2022-09-07,68.9915,70.5699,68.5448,70.4507,3128104
2022-09-08,70.4507,70.6791,69.2198,70.1132,2486425
2022-09-09,70.3018,70.3217,69.3588,69.3786,2080586
2022-09-12,69.3687,69.6169,68.3264,68.5249,2410366
2022-09-13,68.0881,68.1477,66.1623,66.341,3447505
2022-09-14,66.48,66.887,65.6263,66.2517,4429285
2022-09-15,66.4502,66.8671,65.7752,65.9042,3569011
2022-09-16,65.6561,66.5396,65.4178,66.3708,7373375
2022-09-19,65.805,67.7308,65.6859,67.701,2766634
2022-09-20,67.4429,67.8102,66.8076,67.294,3526505
2022-09-21,68.0981,68.7334,67.0061,67.026,2064570
2022-09-22,67.1153,67.2841,66.2219,66.7778,2005319
2022-09-23,66.2914,66.4701,64.5145,65.5667,2156266
2022-09-26,65.2491,66.0035,64.9513,65.2888,2702237
2022-09-27,65.8645,66.8274,65.0505,65.7256,3349771
2022-09-28,68.654,69.0908,67.0558,68.783,4267840
2022-09-29,68.7235,68.8426,66.748,67.294,2946403
2022-09-30,67.61,67.95,66.54,66.68,3367983
2022-10-03,66.79,68.31,66.05,67.97,2618189
2022-10-04,68.54,69.84,68.14,69.82,3700684
2022-10-05,69.28,70.15,68.594,69.39,2505814
2022-10-06,69.21,69.93,69.01,69.44,2314209
2022-10-07,68.8,69.28,67.73,68.22,2669074
2022-10-10,68.28,69.05,68.14,68.78,2158551
2022-10-11,69.0,71.12,68.47,70.33,3185516
2022-10-12,70.09,70.4,67.86,67.86,3763129
2022-10-13,67.18,69.3,66.92,68.87,3322453
2022-10-14,69.36,69.71,67.68,68.08,2200738
2022-10-17,69.01,69.38,68.01,68.22,3685513
2022-10-18,69.18,70.68,69.1,70.66,3354586
2022-10-19,70.74,71.9,70.29,70.8,2035639
2022-10-20,70.72,70.94,69.8,70.77,2688548
2022-10-21,70.85,73.17,70.72,73.03,3086725
2022-10-24,73.67,74.52,73.15,73.8,2286404
2022-10-25,73.0,74.306,72.74,73.72,3451575
2022-10-26,74.55,75.45,74.1,74.91,2431684
2022-10-27,75.38,76.1,75.04,75.34,2187746
2022-10-28,75.68,77.195,75.61,77.14,2137024
2022-10-31,76.96,77.0,75.83,75.9,7830900
2022-11-01,75.99,76.5,74.73,75.39,3287074
2022-11-02,75.42,76.81,75.03,75.05,3093583
2022-11-03,74.61,76.18,74.02,75.67,3479023
2022-11-04,77.75,79.9,77.03,79.52,5580531
2022-11-07,79.3,81.57,78.04,80.98,3667531
2022-11-08,80.14,80.97,79.0,80.11,3612280
2022-11-09,80.0,81.21,79.61,80.17,2320277
2022-11-10,81.4,81.51,76.04,77.93,4865850
2022-11-11,78.07,78.25,73.08,75.27,6354133
2022-11-14,75.55,76.94,75.09,75.21,2932611
2022-11-15,75.34,76.135,74.0132,74.32,3267432
2022-11-16,74.56,75.69,74.34,75.18,2145788
2022-11-17,75.12,76.69,74.4,76.58,3750929
2022-11-18,77.11,78.13,76.89,77.68,2478583
2022-11-21,77.42,78.43,77.2,77.72,3273616
2022-11-22,78.56,79.5,78.38,78.89,1883403
2022-11-23,78.88,79.4,77.97,78.44,2046048
2022-11-25,79.01,79.72,78.5,78.95,1118711
2022-11-28,78.62,79.5599,78.1,78.46,2587772
2022-11-29,78.38,79.345,78.1,78.65,2522889
2022-11-30,78.49,80.225,77.92,80.17,6069414
2022-12-01,80.3,80.325,78.55,79.26,3337472
2022-12-02,79.18,81.48,78.63,80.88,2834707
2022-12-05,80.06,80.4,79.18,79.48,2115258
2022-12-06,79.31,79.95,78.61,79.4,3043628
2022-12-07,79.65,80.39,79.3,80.15,3502837
2022-12-08,80.15,81.27,79.99,80.78,2249046
2022-12-09,80.48,80.78,77.32,77.55,3839199
2022-12-12,77.9,79.52,77.29,79.52,2098598
2022-12-13,79.62,79.62,78.03,78.26,4000675
2022-12-14,78.57,78.97,77.61,78.55,2722088
2022-12-15,78.05,78.81,77.605,78.57,3131090
2022-12-16,77.96,79.39,77.84,79.28,8088402
2022-12-19,79.4,80.1293,78.93,79.34,2428242
2022-12-20,79.52,80.42,79.03,79.58,2359629
2022-12-21,80.03,80.69,79.66,80.0,1869256
2022-12-22,80.0,80.9,79.62,80.56,2024302
2022-12-23,80.45,80.75,79.63,80.05,1397120
2022-12-27,80.0,80.05,79.07,79.15,1903905
2022-12-28,79.32,79.6,78.5325,78.6,1670950
2022-12-29,79.05,79.05,77.49,77.72,2003748
2022-12-30,77.06,77.27,76.03,76.87,2415725
2023-01-03,76.46,76.75,75.3422,76.73,4060050
2023-01-04,76.71,77.05,75.95,77.0,2265853
2023-01-05,76.79,77.0,76.4,76.62,2725995
2023-01-06,77.28,78.66,76.99,78.64,2534504
2023-01-09,78.66,79.11,77.47,77.57,3070319
2023-01-10,77.95,78.35,77.15,78.13,1500736
2023-01-11,78.19,78.35,76.5,76.52,2227580
2023-01-12,76.37,77.04,75.885,76.52,1478365
2023-01-13,76.31,77.24,76.26,76.87,2920412
2023-01-17,76.72,77.585,76.28,76.42,2225662
2023-01-18,76.21,77.26,76.14,76.47,2142054
2023-01-19,76.54,76.7799,75.26,75.48,1949216
2023-01-20,75.9,76.63,74.72,75.82,1950125
2023-01-23,75.96,76.17,75.28,75.48,1520895
2023-01-24,75.4,75.4,73.86,74.85,1340746
2023-01-25,74.75,75.81,74.5,75.73,2329669
2023-01-26,75.94,77.95,75.59,77.88,2276136
2023-01-27,78.12,78.55,76.37,76.48,2214060
2023-01-30,76.83,77.53,76.5,77.24,2436848
2023-01-31,77.49,77.74,76.23,77.25,7346127
2023-02-01,77.0,77.44,75.67,75.72,3328043
2023-02-02,77.25,78.965,74.59,76.28,6160585
2023-02-03,79.37,80.44,77.22,78.67,3588833
2023-02-06,78.79,79.23,76.73,77.03,2184916
2023-02-07,77.05,78.75,76.61,78.61,3556190
2023-02-08,78.41,80.36,78.41,79.92,2386149
2023-02-09,80.11,80.39,77.94,78.26,2106372
2023-02-10,78.69,80.18,78.43,79.83,1352821
2023-02-13,79.8,80.21,79.01,79.46,2050373
2023-02-14,79.33,79.74,78.71,78.75,2459466
2023-02-15,78.49,78.79,77.95,78.58,1574308
2023-02-16,78.23,79.12,77.7159,78.64,1424714
2023-02-17,78.72,79.71,78.42,78.78,5193647
2023-02-21,78.5,78.685,77.79,78.17,2305736
2023-02-22,78.3,78.4,77.41,77.52,1815755
2023-02-23,77.52,78.43,77.34,77.7,2456032
2023-02-24,77.71,77.92,77.13,77.57,1838751
2023-02-27,77.78,78.04,77.09,77.41,2569350
2023-02-28,76.75,77.02,75.67,75.71,5323116
2023-03-01,75.45,76.13,75.21,75.98,1902234
2023-03-02,75.92,76.12,74.53,74.71,2249997
2023-03-03,75.07,75.24,74.17,75.2,1665129
2023-03-06,75.1,75.36,74.075,74.66,3206532
2023-03-07,74.79,74.96,72.94,72.97,2640352
2023-03-08,72.94,73.26,71.95,72.65,2804524
2023-03-09,72.96,72.96,70.885,71.29,2954563
2023-03-10,71.29,72.34,71.05,71.19,2167287
2023-03-13,70.45,71.46,70.01,70.1,3455474
2023-03-14,70.94,71.03,69.4,70.72,2521652
2023-03-15,69.87,70.01,68.96,69.82,2264911
2023-03-16,69.17,70.63,69.17,70.51,1606108
2023-03-17,70.49,70.49,68.84,69.62,4479127
2023-03-20,70.07,71.55,69.87,71.14,2255568
2023-03-21,71.79,72.38,71.29,72.26,2544531
2023-03-22,72.01,72.47,69.92,69.94,1925125
2023-03-23,69.85,70.013,68.69,69.01,1985675
2023-03-24,68.7,70.505,68.53,70.37,1994892
2023-03-27,71.42,71.565,70.57,71.24,2211990
2023-03-28,71.42,73.07,71.29,72.47,2623507
2023-03-29,72.7,74.75,72.52,74.6,3158097
2023-03-30,74.99,75.44,74.69,75.35,1696255
2023-03-31,75.27,75.8,74.8825,75.5,2318357
2023-04-03,75.79,76.96,75.49,76.71,1786820
2023-04-04,76.71,77.065,76.21,76.66,2624339
2023-04-05,77.04,79.5,76.925,79.42,2948840
2023-04-06,79.77,80.61,78.97,79.23,1855286
2023-04-10,79.16,79.65,78.94,79.62,1658395
2023-04-11,79.9,80.33,79.4,79.95,1570520
2023-04-12,79.62,79.885,78.47,79.15,1631128
2023-04-13,79.51,81.19,79.36,80.72,3776888
2023-04-14,80.68,80.85,80.11,80.63,1524300
2023-04-17,80.74,80.79,79.165,80.06,1887421
2023-04-18,80.36,80.38,79.28,79.45,1317846
2023-04-19,79.99,80.05,78.52,78.99,1432328
2023-04-20,79.02,80.09,78.8,80.09,1709239
2023-04-21,80.5,80.6,79.66,80.08,1691667
2023-04-24,79.99,81.105,79.69,81.0,1394278
2023-04-25,81.09,81.15,80.18,80.88,1371665
2023-04-26,80.43,80.99,79.65,80.39,1982291
2023-04-27,80.18,82.11,80.18,82.08,1658196
2023-04-28,81.67,82.44,81.67,82.1,2535013
2023-05-01,82.18,82.31,81.14,82.25,2021529
2023-05-02,82.06,82.64,81.14,82.36,2014102
2023-05-03,82.88,83.01,81.49,81.64,2165987
2023-05-04,79.04,81.44,77.56,80.83,3309350
2023-05-05,81.05,83.77,80.97,83.2,2739169
2023-05-08,83.39,84.29,82.77,84.15,1779223
2023-05-09,84.74,85.93,84.19,84.35,2105086
2023-05-10,84.44,85.29,84.05,85.18,1996940
2023-05-11,85.2,85.4,84.55,84.84,1626553
2023-05-12,84.86,85.065,84.31,84.77,1185871
2023-05-15,84.72,85.4,84.19,85.32,1575911
2023-05-16,85.42,86.195,85.21,85.8,1557390
2023-05-17,86.29,87.025,85.77,86.56,2466805
2023-05-18,86.46,86.46,84.7,85.56,2945691
2023-05-19,85.87,86.46,85.53,85.93,1552504
2023-05-22,85.99,86.51,85.21,85.98,1795780
2023-05-23,85.78,86.07,84.68,84.79,1516928
2023-05-24,84.89,85.5,84.15,84.96,1424147
2023-05-25,84.56,85.105,83.7619,84.7,1878654
2023-05-26,84.7,85.0205,82.6,82.83,1936483
2023-05-30,82.18,82.7232,81.1,81.33,2422681
2023-05-31,80.9,82.81,80.9,82.3,6129667
2023-06-01,82.84,84.46,82.75,83.42,3013882
2023-06-02,83.64,84.72,83.27,84.59,2447178
2023-06-05,84.67,85.065,84.37,84.76,1469936
2023-06-06,84.79,85.11,83.19,84.34,2300671
2023-06-07,84.34,84.34,83.07,83.27,2240390
2023-06-08,84.36,86.13,83.78,85.33,3092666
2023-06-09,86.43,87.13,85.52,86.77,3026176
2023-06-12,86.73,87.365,86.31,87.18,1988740
2023-06-13,87.36,88.59,87.02,88.02,3133210
2023-06-14,87.53,87.93,86.095,86.97,2837534
2023-06-15,87.29,89.45,86.97,89.16,2498839
2023-06-16,89.91,91.27,89.64,91.25,5134019
2023-06-20,91.14,92.09,90.9,91.24,2530400
2023-06-21,91.75,92.34,91.13,91.99,2398218
2023-06-22,91.93,92.565,91.42,92.52,1991796
2023-06-23,92.32,92.89,91.6,91.72,5393827
2023-06-26,91.73,92.6,91.46,92.29,3133130
2023-06-27,90.81,93.31,90.02,93.09,2002983
2023-06-28,93.18,94.31,92.93,93.81,2262431
2023-06-29,93.84,94.295,93.4,93.92,1695960
2023-06-30,93.8,95.1,93.585,94.57,2384805
2023-07-03,93.83,94.8,93.42,94.59,1029711
2023-07-05,94.53,94.67,94.07,94.63,1892278
2023-07-06,94.42,94.55,93.91,94.25,3613489
2023-07-07,94.08,94.38,93.61,93.97,2549130
2023-07-10,93.16,93.81,92.732,93.69,2678469
2023-07-11,93.72,94.49,93.45,94.36,1495245
2023-07-12,94.02,94.15,93.18,93.57,1706357
2023-07-13,93.6,94.25,93.37,93.42,1340612
2023-07-14,93.87,94.41,92.89,93.14,1735468
2023-07-17,93.05,93.83,92.9,93.47,1131003
2023-07-18,93.34,93.86,92.8701,93.19,1560197
2023-07-19,93.12,93.46,91.33,92.15,2543706
2023-07-20,92.91,94.12,92.6802,94.1,1915589
2023-07-21,94.3,94.66,93.16,93.19,1780329
2023-07-24,93.2,93.93,92.72,93.05,1514361
2023-07-25,92.95,93.8,92.59,93.73,1521352
2023-07-26,93.06,93.495,92.07,92.28,2650672
2023-07-27,92.28,92.98,92.2,92.43,1618812
2023-07-28,92.52,92.67,91.57,91.69,1807692
2023-07-31,92.19,92.19,90.92,91.47,1992803
2023-08-01,91.31,91.95,91.12,91.64,1528652
2023-08-02,91.59,93.19,91.41,93.09,2344530
2023-08-03,93.19,94.19,92.995,93.77,1725749
2023-08-04,93.58,93.91,91.23,91.25,2503760
2023-08-07,91.75,92.89,91.73,92.22,1502398
2023-08-08,92.53,92.99,91.5,91.76,2059185
2023-08-09,92.55,92.94,91.79,91.97,1945514
2023-08-10,91.97,93.025,91.93,92.34,1609260
2023-08-11,92.48,92.89,92.19,92.38,1539734
2023-08-14,92.73,93.125,92.17,92.99,2156553
2023-08-15,94.25,95.45,90.49,90.57,4357600
2023-08-16,90.56,91.1599,90.09,90.4,2984737
2023-08-17,88.69,88.75,85.695,86.39,5412407
2023-08-18,86.48,86.81,85.61,85.85,5215169
2023-08-21,85.89,87.35,85.7,86.94,2964410
2023-08-22,87.0,87.24,85.455,85.52,2129821
2023-08-23,85.58,86.15,85.115,85.37,1662316
2023-08-24,85.44,86.785,85.44,86.17,2206931
2023-08-25,86.61,87.93,86.37,87.63,2165866
2023-08-28,87.64,90.09,87.63,89.74,3420193
2023-08-29,89.74,90.0,88.4158,89.83,2046081
2023-08-30,90.1,90.44,88.01,88.04,2208305
2023-08-31,88.25,88.55,87.24,87.33,2386574
2023-09-01,87.61,88.145,87.38,87.58,1454338
2023-09-05,87.46,87.585,86.56,86.91,2110805
2023-09-06,86.69,87.38,86.62,87.25,1352811
2023-09-07,87.9,89.09,87.61,88.59,2410377
2023-09-08,88.48,89.25,88.48,88.78,1524784
2023-09-11,88.77,89.8,88.645,89.73,1878069
2023-09-12,89.41,89.8,88.66,88.93,1773404
2023-09-13,89.08,89.39,87.85,87.95,2031095
2023-09-14,88.1,88.435,87.02,87.7,2084183
2023-09-15,87.23,87.81,87.195,87.75,4155907
2023-09-18,88.11,88.715,87.77,88.17,1954116
2023-09-19,88.17,88.7,87.91,88.26,1278646
2023-09-20,88.73,89.74,88.41,89.37,1728506
2023-09-21,89.32,89.919,88.99,89.1,2006079
2023-09-22,88.83,89.61,88.73,88.96,1541489
2023-09-25,88.1,89.73,88.01,89.21,1388488
2023-09-26,88.79,89.4671,88.415,88.67,1444814
2023-09-27,88.8,89.06,87.175,88.04,1950999
2023-09-28,88.31,88.59,87.64,87.8,1477561
2023-09-29,87.52,87.8,86.72,86.82,2318767
2023-10-02,85.98,87.05,85.82,86.38,2742315
2023-10-03,86.3,87.08,86.2401,86.83,2555546
2023-10-04,86.96,88.93,86.7,88.91,3267129
2023-10-05,89.24,90.065,89.02,89.82,1951137
2023-10-06,89.83,90.23,89.0,89.93,1844154
2023-10-09,89.62,90.99,89.385,90.73,1303514
2023-10-10,90.47,91.84,90.39,91.61,1413609
2023-10-11,91.45,91.92,90.19,91.68,1974092
2023-10-12,91.78,92.36,91.26,91.88,1905984
2023-10-13,92.35,93.52,92.34,93.22,1920049
2023-10-16,93.59,93.94,92.605,92.66,1576213
2023-10-17,92.74,93.31,92.56,93.04,1951868
2023-10-18,93.3,94.37,92.91,93.8,2118914
2023-10-19,93.64,93.96,92.21,92.79,1913531
2023-10-20,93.07,93.17,92.065,92.38,1890866
2023-10-23,91.94,92.54,91.19,91.99,1591622
2023-10-24,92.3,93.445,92.3,93.42,1535946
2023-10-25,93.74,94.19,93.0,93.53,1384206
2023-10-26,93.07,93.4,92.47,92.55,1616815
2023-10-27,92.26,92.86,90.99,91.39,1512362
2023-10-30,91.73,92.06,90.59,91.04,1635977
2023-10-31,91.42,91.44,90.19,91.0,3349198
2023-11-01,91.07,93.6,91.04,93.58,3341591
2023-11-02,92.93,93.87,91.145,93.78,2827680
2023-11-03,96.27,102.455,96.11,100.21,5293083
2023-11-06,99.5,102.1,98.792,101.66,2612108
2023-11-07,101.75,103.2987,101.32,103.0,2808431
2023-11-08,103.02,103.5,101.63,102.27,2153901
2023-11-09,102.18,103.4,101.96,102.81,1898831
2023-11-10,103.08,104.59,103.025,104.12,1752868
2023-11-13,104.58,105.5,104.15,104.94,1750950
2023-11-14,104.34,104.6,102.03,102.9,2839729
2023-11-15,102.85,103.47,100.92,101.8,3692387
2023-11-16,102.34,104.25,102.2316,103.3,1595608
2023-11-17,103.72,103.95,102.935,103.39,2693055
2023-11-20,102.91,105.81,102.91,105.26,2086140
2023-11-21,105.33,106.22,104.74,105.52,2158587
2023-11-22,105.79,106.35,105.25,105.88,1374506
2023-11-24,105.85,106.415,105.7,106.27,531464
2023-11-27,106.27,106.9,106.1,106.65,1512543
2023-11-28,106.75,107.15,105.965,106.16,1034841
2023-11-29,105.99,106.1,104.93,105.3,1463740
2023-11-30,105.01,107.16,104.85,107.08,2944390
2023-12-01,107.005,107.86,106.97,107.16,1617460
2023-12-04,106.69,107.56,106.5,107.46,1774960
2023-12-05,107.32,108.03,106.79,107.14,1601165
2023-12-06,106.94,106.94,104.91,105.87,1460493
2023-12-07,106.1,106.4,105.22,106.38,1749810
2023-12-08,106.69,107.025,105.665,106.83,1245028
2023-12-11,107.28,107.71,106.51,106.97,1372568
2023-12-12,107.27,108.41,106.73,107.93,1519068
2023-12-13,107.8,108.85,107.335,108.05,2294147
2023-12-14,104.0,104.21,100.56,102.69,5262173
2023-12-15,102.05,102.22,98.34,100.49,7262084
2023-12-18,101.63,102.3,100.51,101.12,2301683
2023-12-19,101.44,101.71,100.765,101.15,2178069
2023-12-20,101.17,101.17,99.03,99.12,2344574
2023-12-21,99.77,101.48,99.6,101.24,1578432
2023-12-22,101.56,101.99,100.71,101.33,1115854
2023-12-26,101.1,101.52,100.3,101.14,1339128
2023-12-27,100.88,101.14,100.26,100.96,1538172
2023-12-28,101.07,101.43,100.03,100.28,1644221
2023-12-29,100.38,101.24,100.16,100.8,1508919
2024-01-02,100.68,102.8799,100.565,102.62,1704472
2024-01-03,103.4,104.87,102.93,104.73,2393044
2024-01-04,103.9,106.24,103.81,105.56,2573289
2024-01-05,106.37,106.43,105.1,105.72,1636602
2024-01-08,106.25,106.25,104.33,105.17,1529120
2024-01-09,103.0,103.54,100.36,103.37,3096898
2024-01-10,104.24,105.3,103.4,104.19,2243577
2024-01-11,104.42,105.9,104.35,105.73,2298011
2024-01-12,105.72,106.0623,104.85,105.79,2033232
2024-01-16,106.11,106.76,105.32,106.38,1848207
2024-01-17,106.76,108.3925,105.02,105.46,1653595
2024-01-18,104.78,106.43,104.03,106.39,1279634
2024-01-19,106.68,107.27,105.18,105.48,1646655
2024-01-22,105.65,106.36,105.26,105.34,1544869
2024-01-23,104.54,104.88,103.76,104.54,1066259
2024-01-24,104.74,105.43,104.15,104.36,1758284
2024-01-25,104.93,105.83,103.95,105.71,2101939
2024-01-26,106.18,106.38,104.975,105.7,1897508
2024-01-29,105.72,106.73,105.41,106.28,2082263
2024-01-30,106.33,107.11,105.155,107.06,2135583
2024-01-31,109.0,111.4,107.65,109.19,5675134
2024-02-01,104.0,105.17,101.77,105.1,4648518
2024-02-02,105.8,106.64,103.02,103.46,3845055
2024-02-05,104.89,105.255,102.25,103.63,2524392
2024-02-06,104.46,104.95,103.55,104.07,2267429
2024-02-07,104.31,106.21,104.2,105.67,2054780
2024-02-08,105.35,105.89,101.27,102.73,2454447
2024-02-09,103.52,105.42,103.24,104.95,2614596
2024-02-12,104.67,104.6997,102.39,103.62,2387963
2024-02-13,104.36,104.91,103.18,104.36,1854265
2024-02-14,104.68,104.78,103.2,103.55,1471058
2024-02-15,103.86,105.115,103.735,104.94,1509223
2024-02-16,104.99,105.6,104.36,104.45,2341282
2024-02-20,104.45,105.96,104.45,105.37,1873468
2024-02-21,105.92,106.03,104.7263,105.58,1626770
2024-02-22,105.48,107.87,105.3,107.15,1417816
2024-02-23,107.53,108.1,107.17,108.09,974306
2024-02-26,109.62,111.0,109.32,110.27,5922799
2024-02-27,109.86,110.4511,109.0646,109.61,2777107
2024-02-28,109.6,111.72,108.84,111.66,2414805
2024-02-29,111.69,112.2,110.68,111.98,6327821
2024-03-01,114.45,114.8793,112.26,113.37,2990148
2024-03-04,113.48,115.325,112.47,112.64,3370267
2024-03-05,112.92,113.58,111.92,112.92,1804394
2024-03-06,113.43,113.92,110.54,110.62,2433043
2024-03-07,111.43,113.75,110.65,113.67,1978895
2024-03-08,113.88,115.38,113.12,115.17,1800414
2024-03-11,114.73,115.795,113.88,115.48,2310753
2024-03-12,115.48,115.96,114.14,115.62,1963329
2024-03-13,116.0,116.04,110.49,111.08,4522830
2024-03-14,110.67,111.145,108.99,109.93,3348883
2024-03-15,109.0,110.61,108.59,110.61,4425346
2024-03-18,110.41,111.35,109.48,110.16,3650061
2024-03-19,110.22,113.0,109.37,112.85,2771339
2024-03-20,112.88,113.135,111.66,111.89,2350052
2024-03-21,111.9,112.7,110.95,112.53,2159138
2024-03-22,113.04,113.04,110.26,111.01,1760513
2024-03-25,111.03,111.87,110.41,111.01,1671353
2024-03-26,111.0,111.995,110.69,111.6,1480141
2024-03-27,112.11,112.58,110.7,112.54,1235442
2024-03-28,112.26,112.53,111.23,111.9,1655424
2024-04-01,111.7,112.23,110.46,112.06,1379560
2024-04-02,111.58,112.085,110.47,111.25,1620175
2024-04-03,111.78,112.37,110.555,110.93,1254263
2024-04-04,111.39,111.95,110.01,110.12,1377698
2024-04-05,110.05,110.96,109.86,109.92,1443678
2024-04-08,109.61,110.1,109.2005,109.47,1958169
2024-04-09,109.74,109.88,106.34,108.07,1543391
2024-04-10,107.53,108.57,107.22,107.94,1178203
2024-04-11,107.83,108.31,106.35,106.42,1229015
2024-04-12,105.5,106.225,104.9201,105.1,1535419
2024-04-15,106.79,108.27,106.45,107.03,1969060
2024-04-16,107.44,108.01,106.895,107.17,1515804
2024-04-17,108.0,108.0,106.26,106.52,1618273
2024-04-18,107.07,107.44,105.53,106.0,1541130
2024-04-19,106.37,108.42,106.28,108.19,1486095
2024-04-22,103.85,104.5,101.23,102.83,5287253
2024-04-23,102.67,103.75,101.589,103.37,2477426
2024-04-24,103.18,103.95,102.43,103.54,2057344
2024-04-25,103.77,104.87,103.575,103.81,1642728
2024-04-26,103.2,103.94,102.93,103.21,1399916
2024-04-29,103.02,103.675,102.175,102.91,1690855
2024-04-30,102.91,103.34,102.375,103.04,2456082
2024-05-01,102.25,103.1,100.56,102.17,2858908
2024-05-02,100.0,106.68,100.0,102.98,3684813
2024-05-03,101.68,102.26,98.24,98.91,3446183
2024-05-06,99.42,99.7,98.325,98.59,1889759
2024-05-07,98.77,99.91,98.725,99.72,2307955
2024-05-08,99.84,100.09,97.31,97.44,2280705
2024-05-09,97.36,98.87,97.36,98.06,1822515
2024-05-10,98.22,100.08,98.22,99.53,1726388
2024-05-13,99.61,99.86,97.9,98.04,1392199
2024-05-14,98.33,98.65,96.95,97.43,1338730
2024-05-15,97.23,98.13,96.88,97.11,1671485
2024-05-16,97.56,99.07,97.27,98.7,2024083
2024-05-17,99.27,99.4,98.35,99.08,1307975
2024-05-20,99.28,99.28,97.86,98.46,1399894
2024-05-21,98.27,98.56,95.76,96.01,2178653
2024-05-22,95.88,97.13,95.5,96.32,1814371
2024-05-23,96.24,96.95,95.9,96.05,2058950
2024-05-24,96.41,96.75,95.66,96.39,1206966
2024-05-28,95.83,95.88,94.21,94.75,1782945
2024-05-29,94.61,96.25,94.04,96.14,1721760
2024-05-30,96.26,98.1,96.02,97.71,2153325
2024-05-31,97.73,99.44,97.06,99.27,4182760
2024-06-03,98.57,99.74,98.31,99.51,1773972
2024-06-04,99.23,99.84,97.55,98.32,1823638
2024-06-05,98.46,98.46,97.02,97.96,1373029
2024-06-06,97.79,98.95,97.38,98.8,1719793
2024-06-07,99.07,99.32,98.34,98.51,1651043
2024-06-10,98.18,98.95,97.16,98.84,1404614
2024-06-11,98.69,99.42,98.04,99.01,1694914
2024-06-12,99.0,99.19,97.1301,99.0,1897919
2024-06-13,98.75,101.17,97.715,100.61,2121504
2024-06-14,100.59,100.9566,99.68,100.2,1442612
2024-06-17,99.92,101.0,98.88,100.95,2377411
2024-06-18,101.17,105.05,100.815,104.09,2797755
2024-06-20,104.16,105.32,103.95,104.37,2952133
2024-06-21,104.53,105.14,103.12,104.63,4413092
2024-06-24,104.93,105.72,104.46,104.9,2285019
2024-06-25,105.65,105.73,103.121,103.13,1907424
2024-06-26,102.62,102.88,100.45,101.1,2106041
2024-06-27,100.96,101.4,98.2,99.62,2352267
2024-06-28,100.035,100.6,98.08,98.32,4055853
2024-07-01,98.17,99.52,97.41,97.76,1793715
2024-07-02,97.76,97.77,96.09,96.54,1940383
2024-07-03,96.67,96.96,95.125,95.7,1121277
2024-07-05,95.58,96.27,94.4,95.89,2069012
2024-07-08,95.99,97.32,95.99,96.88,2293381
2024-07-09,97.27,97.27,95.35,96.01,1766680
2024-07-10,96.03,96.32,95.35,95.59,1612596
2024-07-11,95.14,95.2803,93.52,94.46,2710648
2024-07-12,94.99,95.54,94.02,94.1,1891046
2024-07-15,94.86,95.99,93.17,93.74,2346783
2024-07-16,94.0,95.5,93.985,95.41,1647217
2024-07-17,95.82,96.95,95.47,95.97,1685683
2024-07-18,95.67,96.7643,94.9901,95.3,1379948
2024-07-19,96.36,96.36,94.29,95.03,1614850
2024-07-22,95.47,96.7,94.985,95.42,1534689
2024-07-23,95.67,96.17,94.85,95.84,1169266
2024-07-24,96.19,96.8495,95.13,96.71,1693613
2024-07-25,97.04,98.9,96.85,96.91,1577216
2024-07-26,97.18,98.84,97.18,98.35,1383461
2024-07-29,98.41,98.97,97.42,98.18,1160680
2024-07-30,97.98,100.29,97.98,100.26,1523980
2024-07-31,100.13,101.55,99.84,100.83,3007790
2024-08-01,101.29,103.45,101.0901,103.39,1740011
2024-08-02,104.0,105.08,99.55,101.6,2613341
2024-08-05,101.38,102.06,97.83,98.36,2318616
2024-08-06,98.36,100.76,98.2001,99.52,1935006
2024-08-07,99.36,100.75,98.75,99.71,1558469
2024-08-08,98.5,99.19,96.05,98.92,1727067
2024-08-09,99.0,101.07,98.07,100.67,1193076
2024-08-12,100.45,102.11,100.07,100.66,1338909
2024-08-13,100.81,102.81,100.8,102.58,1970674
2024-08-14,109.0,109.0,105.01,106.36,4314705
2024-08-15,105.01,108.08,105.01,107.91,3140989
2024-08-16,108.04,110.0,107.5501,109.85,2452221
2024-08-19,109.55,109.9,108.58,109.79,1301709
2024-08-20,109.69,109.79,107.9447,108.88,1548341
2024-08-21,109.23,110.195,109.16,109.65,1327264
2024-08-22,109.99,110.595,109.6705,110.43,1346659
2024-08-23,110.72,110.82,109.245,109.44,1316016
2024-08-26,109.31,109.96,108.78,109.61,1161650
2024-08-27,109.84,110.69,109.34,110.08,1284528
2024-08-28,110.32,111.6,110.32,111.04,1544847
2024-08-29,111.49,112.37,111.01,112.2,1919406
2024-08-30,112.23,113.14,111.88,112.72,1836612
2024-09-03,113.01,116.05,113.01,114.66,2566384
2024-09-04,115.0,115.82,112.84,113.91,1742745
2024-09-05,113.4,113.655,111.25,111.77,2801493
2024-09-06,111.93,112.87,111.2,111.77,3016176
2024-09-09,112.5,113.67,112.07,112.8,1866200
2024-09-10,112.97,115.18,112.37,114.37,2287516
2024-09-11,113.75,113.89,112.32,113.35,1940711
2024-09-12,113.28,113.5514,112.3,112.39,1457132
2024-09-13,112.5,113.83,112.04,113.17,1065523
2024-09-16,113.88,114.69,113.04,113.28,1294834
2024-09-17,112.82,113.22,111.03,111.32,1807113
2024-09-18,110.77,112.055,110.77,111.41,1260923
2024-09-19,111.47,112.35,110.35,110.76,1696820
2024-09-20,110.47,111.87,110.2977,111.84,3291248
2024-09-23,112.2,112.79,110.64,111.84,2009114
2024-09-24,111.14,111.24,109.81,110.19,3198065
2024-09-25,110.1,110.65,106.54,108.82,3034954
2024-09-26,108.36,109.77,108.1,109.23,2559656
2024-09-27,109.22,110.3,109.22,109.79,1683994
2024-09-30,110.04,110.82,110.04,110.52,1993037
2024-10-01,110.46,110.56,109.43,110.33,1755741
2024-10-02,110.34,110.51,109.57,110.21,1678960
2024-10-03,110.38,110.51,109.75,110.35,2468896
2024-10-04,110.55,112.07,110.1,111.98,1490687
2024-10-07,111.71,112.005,111.37,111.76,1243762
2024-10-08,112.32,112.88,111.78,112.62,2085171
2024-10-09,112.65,114.68,112.2939,114.54,1372479
2024-10-10,114.9,115.14,113.75,113.84,1442327
2024-10-11,114.16,114.68,111.93,112.51,1908264
2024-10-14,112.62,112.62,111.7,111.92,2267695
2024-10-15,111.42,113.41,111.05,111.98,2050382
2024-10-16,111.57,113.25,111.55,112.55,1405409
2024-10-17,111.28,112.29,110.92,111.93,1359353
2024-10-18,111.89,112.56,111.04,112.41,1369588
2024-10-21,112.71,113.19,111.845,112.32,1401876
2024-10-22,112.16,112.76,111.65,112.23,1104399
2024-10-23,112.37,112.9,111.415,111.92,988846
2024-10-24,111.76,112.705,111.49,112.16,1040948
2024-10-25,111.81,111.99,110.52,110.89,1315194
2024-10-28,111.35,111.6554,110.3,110.87,1227071
2024-10-29,110.83,111.68,109.96,110.06,2098883
2024-10-30,109.7,109.895,106.98,107.89,2105184
2024-10-31,107.66,109.03,107.1101,108.52,2877667
2024-11-01,112.87,119.125,112.87,116.13,3876405
2024-11-04,117.07,117.07,111.85,111.9,4392713
2024-11-05,112.22,114.05,110.63,113.18,1774237
2024-11-06,116.1,116.54,113.65,115.58,2006723
2024-11-07,116.08,119.58,116.0,118.22,2905016
2024-11-08,118.56,121.79,117.82,120.56,2791186
2024-11-11,120.78,123.18,120.73,121.64,2137328
2024-11-12,121.95,125.41,121.69,123.51,3262285
2024-11-13,123.2,126.135,122.37,125.33,4785070
2024-11-14,124.53,124.73,120.96,121.29,3171764
2024-11-15,121.97,122.725,118.69,118.78,2241163
2024-11-18,118.495,120.4,118.48,120.03,1702397
2024-11-19,119.57,120.45,118.19,118.33,2608132
2024-11-20,118.18,120.41,118.03,120.34,2023126
2024-11-21,119.77,123.51,119.4,123.42,2008227
2024-11-22,123.575,124.07,121.79,121.84,2264543
2024-11-25,121.84,122.5,120.595,121.77,3582347
2024-11-26,122.77,122.985,120.56,122.44,1684715
2024-11-27,121.84,123.49,121.52,122.63,1041513
2024-11-29,122.79,123.63,122.0,122.24,878174
2024-12-02,123.17,123.17,121.64,122.47,2391558
2024-12-03,123.18,123.7,122.15,123.27,1451030
2024-12-04,123.7,126.23,123.31,125.24,1641233
2024-12-05,124.84,125.24,121.15,122.84,2585195
2024-12-06,123.71,123.87,122.18,122.76,1583924
2024-12-09,123.62,123.64,119.73,121.58,2087082
2024-12-10,121.35,121.58,119.42,120.42,1307013
2024-12-11,120.41,121.055,116.74,117.42,2013181
2024-12-12,118.135,119.27,117.32,117.46,2998563
2024-12-13,118.78,118.91,117.07,118.1,1413636
2024-12-16,117.985,118.78,116.27,116.55,1939728
2024-12-17,116.45,116.57,114.6,115.82,1874846
2024-12-18,116.31,117.285,115.18,115.91,2203664
2024-12-19,115.715,117.635,114.9982,117.0,2597294
2024-12-20,116.71,118.86,116.03,118.28,9313090
2024-12-23,118.28,118.78,116.69,118.35,1514195
2024-12-24,117.965,119.35,117.82,118.83,623500
2024-12-26,118.655,119.585,118.63,119.2,904221
2024-12-27,118.93,119.55,118.35,119.14,1215409
2024-12-30,118.1,118.64,117.53,117.92,1121850
2024-12-31,118.555,119.31,117.76,118.27,1199889
2025-01-02,118.745,119.14,117.53,118.02,1478463
2025-01-03,118.64,120.32,118.44,119.3,1717484
2025-01-06,121.575,121.95,119.0,119.63,2777683
2025-01-07,120.64,122.0,119.11,121.4,3394632
2025-01-08,122.56,122.83,120.88,122.53,2262076
2025-01-10,121.885,122.75,121.11,121.57,1974292
2025-01-13,120.84,121.27,119.25,120.86,1644343
2025-01-14,120.87,124.31,119.92,124.03,2375868
2025-01-15,124.295,124.78,122.49,124.71,2144142
2025-01-16,124.67,127.08,124.365,127.03,1927224
2025-01-17,127.045,127.27,125.17,126.27,1717555
2025-01-21,127.03,127.89,126.51,127.83,1588993
2025-01-22,127.85,129.36,126.41,128.75,1627114
2025-01-23,128.68,129.68,127.31,129.3,1531418
2025-01-24,129.225,129.47,128.525,128.83,1595264
2025-01-27,129.38,131.0,128.87,130.73,2191226
2025-01-28,130.625,131.29,127.5,127.73,2024586
2025-01-29,128.15,128.53,126.95,127.76,3901217
2025-01-30,127.17,132.84,125.0,128.26,3837172
2025-01-31,126.8,127.98,122.855,123.66,6025930
2025-02-03,123.975,126.47,123.0,125.33,3039828
2025-02-04,123.65,127.47,123.57,125.17,2588572
2025-02-05,127.03,128.56,126.3267,127.45,2358719
2025-02-06,127.05,127.19,125.74,127.05,2455042
2025-02-07,126.615,128.45,126.615,127.37,1797505
2025-02-10,127.37,127.79,126.19,127.2,1870539
2025-02-11,127.63,128.81,126.96,128.39,2357216
2025-02-12,128.18,130.53,127.03,127.06,2771646
2025-02-13,127.625,128.51,125.27,126.78,2390528
2025-02-14,126.765,127.9,126.16,126.21,1620345
2025-02-18,125.8,126.52,123.94,126.25,1973434
2025-02-19,125.615,127.14,125.615,126.75,2290727
2025-02-20,126.29,127.62,126.01,127.38,2057573
2025-02-21,127.0,127.97,126.5,127.06,2354574
2025-02-24,126.61,128.63,126.075,127.55,2007325
2025-02-25,127.8,128.27,126.13,127.81,2775189
2025-02-26,127.765,128.93,127.14,127.18,2921371
2025-02-27,127.675,128.67,127.08,127.47,1710006
2025-02-28,127.76,129.76,126.98,129.48,3852152
2025-03-03,129.245,131.47,128.601,129.18,2760477
2025-03-04,129.655,129.825,126.165,126.31,2545120
2025-03-05,126.0,128.6155,125.7501,127.42,2373147
2025-03-06,126.575,127.76,125.655,127.01,3649132
2025-03-07,126.505,128.175,125.47,126.5,2615115
2025-03-10,125.6,128.1765,122.26,123.93,4447149
2025-03-11,123.485,125.59,122.855,124.17,2582180
2025-03-12,124.49,127.83,124.17,126.83,2761825
2025-03-13,127.35,127.375,125.35,126.27,1664622
2025-03-14,126.28,128.37,125.135,128.0,1863250
2025-03-17,127.84,130.06,127.59,130.03,1834744
2025-03-18,130.0,131.84,129.49,131.46,1529618
2025-03-19,131.71,132.48,130.46,132.12,1364395
2025-03-20,132.3,133.11,131.41,133.08,1788680
2025-03-21,133.19,133.67,131.42,131.89,5709855
2025-03-24,132.82,133.56,131.6713,133.21,2153367
2025-03-25,133.02,133.68,131.6893,132.75,2122567
2025-03-26,133.235,134.76,132.87,133.98,1232080
2025-03-27,133.65,137.06,133.65,136.65,2751457
2025-03-28,136.565,137.18,135.93,136.44,1873271
2025-03-31,136.35,138.62,136.01,137.77,2472681
2025-04-01,137.66,137.91,136.18,137.13,2358131
2025-04-02,136.83,139.15,136.52,138.67,1399537
2025-04-03,138.04,139.5,135.3,137.09,4062542
2025-04-04,134.48,136.21,128.77,129.63,3779486
2025-04-07,125.87,129.0,120.72,125.68,5505198
2025-04-08,128.89,130.27,123.645,125.0,4782354
2025-04-09,123.855,130.79,121.17,130.45,4287350
2025-04-10,128.815,130.28,124.73,128.88,3180913
2025-04-11,128.665,132.75,128.44,131.77,2168155
2025-04-14,132.57,135.0,131.46,134.78,2418029
2025-04-15,135.4,135.85,132.8,134.25,2277972
2025-04-16,134.38,136.33,133.513,134.36,3167923
2025-04-17,133.845,136.54,133.64,134.71,2350093
2025-04-21,135.5,135.79,129.52,131.17,2825998
2025-04-22,132.7,134.135,130.52,133.69,1700799
2025-04-23,135.105,136.23,133.26,134.43,2196626
2025-04-24,134.25,136.27,133.475,135.84,1588342
2025-04-25,136.255,137.79,134.76,137.56,1804081
2025-04-28,138.0,138.91,136.95,138.24,1766219
2025-04-29,138.025,140.495,137.35,139.84,2103161
2025-04-30,139.72,141.73,138.59,141.29,3469180
2025-05-01,140.01,147.27,136.71,145.53,4035731
2025-05-02,147.135,150.12,146.35,149.53,3365998
2025-05-05,150.69,152.98,150.205,151.99,3160059
2025-05-06,151.255,152.67,150.67,151.69,2265564
2025-05-07,151.93,153.74,151.53,153.48,2309938
2025-05-08,154.0,154.07,146.63,147.27,4363967
2025-05-09,147.215,149.74,147.18,148.22,3241387
2025-05-12,148.395,148.92,142.94,148.62,3997803
2025-05-13,148.01,149.21,147.45,148.26,2293130
2025-05-14,148.565,149.52,147.74,148.41,1978939
2025-05-15,148.775,151.96,148.0001,151.95,1948115
2025-05-16,151.69,154.32,151.2533,154.25,2804931
2025-05-19,154.02,154.63,153.26,153.86,1578883
2025-05-20,154.25,156.435,152.55,154.77,1928913
2025-05-21,154.36,154.74,152.799,153.31,1811733
2025-05-22,152.845,153.67,151.93,152.49,1129492
2025-05-23,151.37,153.15,150.765,152.75,1856640
2025-05-27,153.66,154.73,153.106,154.68,1901199
2025-05-28,154.5,154.715,152.91,153.13,1408227
2025-05-29,152.84,154.05,152.47,153.99,1233968
2025-05-30,153.685,155.28,153.12,154.44,2759522
2025-06-02,154.37,155.46,153.32,155.25,1595391
2025-06-03,156.67,157.82,153.48,155.48,1560826
2025-06-04,155.45,155.72,154.035,154.07,1346464
2025-06-05,154.09,155.0,153.35,154.12,2257272
2025-06-06,153.625,154.84,153.415,154.71,959428
2025-06-09,154.02,154.27,151.85,153.62,1392025
2025-06-10,155.0,155.0,151.625,153.08,2258940
2025-06-11,152.955,153.849,152.06,153.53,2163904
2025-06-12,155.9188,161.07,152.08,160.52,2968781
2025-06-13,160.515,162.94,160.19,161.41,2722406
2025-06-16,161.42,162.8699,160.655,162.41,2029922
2025-06-17,162.665,165.11,162.24,164.91,2177498
2025-06-18,165.59,166.025,164.3213,165.4,2598165
2025-06-20,165.865,166.3156,162.35,163.4,4642773
2025-06-23,163.805,164.91,162.93,163.99,2944590
2025-06-24,164.495,165.0,161.57,164.21,4188919
2025-06-25,164.33,164.88,162.15,163.75,2693581
2025-06-26,163.795,166.24,163.795,165.61,1552607
2025-06-27,165.485,168.17,164.6,167.18,2603418
2025-06-30,166.575,168.4,166.575,168.0,3398114
2025-07-01,168.0,168.44,162.1,164.4,2785478
2025-07-02,163.7,164.25,161.65,161.98,3129587
2025-07-03,161.34,164.93,161.0004,164.93,1234057
2025-07-07,165.215,167.74,164.37,167.63,1910580
2025-07-08,167.44,168.065,163.56,164.45,2066913
2025-07-09,165.59,165.86,162.05,164.26,1492808
2025-07-10,163.735,164.409,160.94,162.17,2223608
2025-07-11,161.88,162.0,160.66,160.97,1314232
2025-07-14,160.605,162.25,160.2732,161.69,1410390
2025-07-15,161.34,161.8499,160.11,161.02,1922988
2025-07-16,160.95,161.82,160.2,161.11,1350735
2025-07-17,160.89,160.965,158.61,159.46,1253554
2025-07-18,159.23,160.46,157.81,159.56,2035339
2025-07-21,158.75,159.68,157.04,158.58,1323897
2025-07-22,157.94,159.5,156.37,157.1,1980141
2025-07-23,157.48,157.97,156.09,157.76,1772487
2025-07-24,157.67,158.915,157.0346,158.28,1935297
2025-07-25,158.72,159.25,157.04,157.14,1213916
2025-07-28,157.0,157.11,155.105,156.33,1832501
2025-07-29,157.03,158.24,156.385,157.39,1199430
2025-07-30,156.92,158.03,155.75,157.9,1284521
2025-07-31,157.5,158.73,152.585,155.22,3114136
2025-08-01,154.73,157.41,153.27,156.0,1592821
2025-08-04,155.9,158.69,155.9,158.62,1639505
2025-08-05,158.5,159.64,157.97,158.24,2305872
2025-08-06,158.045,158.17,153.81,156.6,1709491
2025-08-07,156.755,156.755,151.42,153.41,3229137
2025-08-08,153.67,157.53,153.67,157.41,1634311
2025-08-11,157.02,159.41,156.5,157.66,3111262
2025-08-12,140.995,148.2833,137.75,146.3,7846886
2025-08-13,147.5,148.76,145.47,148.12,3479449
2025-08-14,147.69,151.49,147.69,150.22,2787328
2025-08-15,149.945,151.55,149.25,149.61,2571921
2025-08-18,149.13,151.2,148.52,149.73,2062927
2025-08-19,148.2,149.645,147.3,149.02,2076669
2025-08-20,149.055,152.99,148.84,152.95,2523350
2025-08-21,151.91,153.7,151.56,151.57,3325686
2025-08-22,151.48,152.75,147.21,148.1,2686074
2025-08-25,148.09,148.8,145.96,146.04,1674897
2025-08-26,146.52,147.78,146.04,147.49,2982175
2025-08-27,147.5,149.44,147.01,149.24,2302215
2025-08-28,148.95,151.0,148.28,149.51,3290770
2025-08-29,149.62,150.51,148.16,148.78,2723214
2025-09-02,148.115,150.45,147.2701,149.55,1767271
2025-09-03,150.2,150.58,148.87,150.56,1652601
2025-09-04,150.51,151.38,146.22,149.34,2366688
2025-09-05,149.09,149.595,148.12,149.56,1715441
2025-09-08,149.555,150.49,148.39,150.28,2771548
2025-09-09,150.04,151.45,148.77,150.94,1306364
2025-09-10,150.54,152.51,149.25,149.29,1962471
2025-09-11,150.09,152.77,149.35,152.47,1790661
2025-09-12,152.25,153.89,151.825,152.24,1162574
2025-09-15,152.355,152.39,150.23,150.27,1207468
2025-09-16,150.665,151.02,148.26,148.37,2852823
2025-09-17,148.51,149.75,147.48,148.68,2011616
2025-09-18,148.01,150.2295,147.64,150.04,1170035
2025-09-19,150.2,150.7,148.955,149.6,3661933
2025-09-22,149.635,150.12,146.905,147.47,1987602
2025-09-23,148.14,154.67,147.83,154.62,4205688
2025-09-24,153.855,157.015,153.855,154.58,2655444
2025-09-25,154.555,154.93,145.87,148.96,3164907
2025-09-26,149.595,153.93,149.595,153.71,1706851
2025-09-29,153.025,155.74,152.83,154.57,3199443
2025-09-30,153.97,157.7,153.03,156.96,3050738
2025-10-01,155.5,158.82,155.4,157.93,3714947
2025-10-02,156.07,158.72,156.0,158.46,3219091
2025-10-03,158.24,159.24,150.775,154.46,6613455
2025-10-06,153.135,156.15,152.13,155.19,1425229
2025-10-07,155.255,156.68,153.31,156.65,1316281
2025-10-08,156.43,157.99,155.665,157.77,1292589
2025-10-09,157.02,158.45,156.32,157.21,1584348
2025-10-10,157.5,158.39,156.7,156.88,1602155
2025-10-13,155.964,157.35,154.21,154.31,1757815
2025-10-14,154.43,154.45,151.87,154.19,2316361
2025-10-15,154.86,156.56,154.18,155.67,1491878
2025-10-16,155.345,157.64,153.11,153.27,1760372
2025-10-17,152.56,156.45,152.46,156.41,1930994
2025-10-20,157.01,158.23,155.835,157.27,1154414
2025-10-21,157.775,158.93,156.81,158.68,1776831
2025-10-22,159.285,160.5,157.79,159.52,2247506
2025-10-23,159.95,162.0,158.928,159.16,1414803
2025-10-24,158.7,162.185,158.7,161.89,1823220
2025-10-27,163.06,163.825,161.355,163.8,1796924
2025-10-28,163.355,164.07,161.97,162.79,2067583
2025-10-29,162.8,164.71,161.64,164.47,2816509
2025-10-30,181.44,195.1475,181.44,189.84,7173517
2025-10-31,192.07,197.67,190.2401,190.77,4080725
2025-11-03,191.07,192.47,188.15,190.22,2503802
2025-11-04,189.98,196.96,189.7,195.34,3906692
2025-11-05,196.93,200.14,194.15,196.79,2608777
2025-11-06,197.81,198.3,194.81,197.99,2571744
2025-11-07,199.39,203.67,197.19,203.67,5013950
2025-11-10,199.9,205.48,199.9,205.43,2111272
2025-11-11,205.0,207.47,203.7652,204.81,1966295
2025-11-12,203.93,204.96,202.34,204.32,2513760
2025-11-13,202.96,207.05,201.595,206.06,2182291
2025-11-14,205.9681,208.32,204.69,205.37,2524512
2025-11-17,205.45,208.175,204.135,206.18,2026893
2025-11-18,207.06,207.762,203.84,206.97,2079276
2025-11-19,206.28,209.57,205.52,207.52,2751859
2025-11-20,207.76,209.57,206.1,207.9,2588864
2025-11-21,208.525,210.325,207.4,209.48,3095115
2025-11-24,208.885,213.03,208.3,211.2,3438063
2025-11-25,212.625,214.62,212.49,213.73,1343958
2025-11-26,212.875,214.93,212.54,213.14,1808716
2025-11-28,213.32,214.075,212.03,212.26,817830
2025-12-01,212.49,213.5384,207.86,208.0,1830592
2025-12-02,208.975,208.975,203.26,205.13,3610317
2025-12-03,205.285,206.7,198.75,199.71,5171297
2025-12-04,199.375,200.675,197.81,199.19,2810152
2025-12-05,200.01,200.255,198.1,198.83,1738751
2025-12-08,198.33,199.69,198.17,198.88,2198787
2025-12-09,200.5,202.22,197.8,198.0,2143220
2025-12-10,198.97,199.76,197.36,198.21,1397447
2025-12-11,198.145,199.3,197.46,198.32,1086740
2025-12-12,198.885,199.08,197.46,198.18,2746296
2025-12-15,198.75,200.83,198.1,199.96,3004033
2025-12-16,199.275,199.67,195.54,197.89,2250068
2025-12-17,197.98,199.37,196.535,198.44,2581378
2025-12-18,198.68,200.895,197.56,199.1,2488733
2025-12-19,200.74,202.95,200.38,202.95,4173157
2025-12-22,203.31,205.4399,202.0,205.2,1916569
2025-12-23,204.65,207.9,204.3,207.37,1300206
2025-12-24,207.77,209.069,207.26,207.54,704234
2025-12-26,208.275,208.44,207.11,208.29,591039
2025-12-29,208.395,208.51,207.13,207.38,808002
2025-12-30,207.98,208.89,207.19,207.21,1225684
2025-12-31,208.07,208.14,205.49,205.5,1094239
2026-01-02,204.99,205.76,203.015,205.72,1165702
2026-01-05,204.1,206.39,201.02,205.45,2743417
2026-01-06,205.885,209.445,205.06,208.48,1513752
2026-01-07,208.235,211.77,206.22,207.19,2035445
2026-01-08,207.77,209.77,201.67,202.49,1585577
2026-01-09,204.34,204.34,200.55,201.11,1285020
2026-01-12,202.0,203.33,199.945,202.52,1511408
2026-01-13,210.0,212.3,205.65,208.26,1913549
2026-01-14,208.5725,213.63,207.85,213.56,1598873
2026-01-15,213.995,215.48,212.92,213.46,1785516
2026-01-16,213.695,214.52,212.0,212.45,1331389
2026-01-20,210.3185,213.38,209.2788,210.37,1654240
2026-01-21,208.5742,210.789,206.32,208.47,1849898
2026-01-22,208.57,209.84,206.27,206.89,1742690
2026-01-23,207.01,210.75,206.67,208.33,2159908
2026-01-26,208.86,212.165,208.86,210.93,1824191
2026-01-27,210.79,214.59,210.01,214.04,1771789
2026-01-28,213.035,214.3265,208.46,210.39,1507957
2026-01-29,213.18,216.51,210.29,211.23,1306988
2026-01-30,211.02,214.92,210.01,214.88,2454212
2026-02-02,215.92,218.93,214.5,218.93,1645127
2026-02-03,218.7,220.27,217.16,218.0,1890452
2026-02-04,216.515,217.76,205.87,206.85,2504363
2026-02-05,214.89,229.76,212.03,227.18,3583568
2026-02-06,227.11,230.81,226.16,226.32,2250733
2026-02-09,228.17,228.17,225.28,225.76,1420005
2026-02-10,225.975,227.05,219.5801,220.27,1445360
2026-02-11,220.83,225.87,219.72,224.25,1313504
2026-02-12,225.36,229.15,213.75,215.06,3167439
2026-02-13,217.18,221.72,216.4,220.79,1116912
2026-02-17,221.91,225.91,221.71,225.58,1696701
2026-02-18,225.5,225.9,222.585,224.99,1050386
2026-02-19,224.2,225.56,221.25,222.76,885038
2026-02-20,223.215,224.49,220.51,224.44,1072631
2026-02-23,224.745,228.04,224.0,224.82,1351838
2026-02-24,225.63,226.05,220.89,225.97,1434936
2026-02-25,226.05,226.99,225.04,226.18,878600
2026-02-26,226.5,229.5,226.5,227.13,1167122
2026-02-27,227.1,230.2,226.925,229.23,2066795
2026-03-02,232.04,233.6,228.08,229.88,1751094
2026-03-03,228.0,228.98,222.295,226.35,2398296
2026-03-04,226.34,226.34,221.735,223.18,1701689
2026-03-05,222.1,222.385,215.89,216.02,2847666
2026-03-06,215.77,220.22,213.58,217.78,2090346
2026-03-09,217.56,222.38,214.9,222.28,2555598
2026-03-10,221.01,222.62,216.43,217.04,1568036
2026-03-11,216.08,217.01,214.43,215.42,1126365
2026-03-12,216.845,221.28,215.725,219.09,2053766
2026-03-13,219.3,222.58,216.17,217.08,1422643
2026-03-16,218.5,220.23,216.89,217.59,1731499
2026-03-17,218.255,218.865,211.13,216.36,1772404
2026-03-18,215.68,216.205,210.45,211.87,1756809
2026-03-19,212.0,214.5,210.28,210.92,1424737
2026-03-20,211.0,212.12,206.7,207.83,4250998
2026-03-23,209.29,211.105,205.78,206.4,2579321
2026-03-24,206.41,208.72,203.86,207.23,1983734
2026-03-25,207.915,212.2239,207.915,211.31,1836886
2026-03-26,210.23,211.97,207.19,207.7,1599992
2026-03-27,207.86,208.18,205.35,206.58,1307106
2026-03-30,209.1,209.96,205.71,206.31,1513732
2026-03-31,208.4,211.72,207.29,211.31,1587255
2026-04-01,211.36,213.42,210.08,212.02,1462899
2026-04-02,211.51,214.56,210.45,214.05,1503836
2026-04-06,213.13,213.55,210.99,212.62,1171974
2026-04-07,211.37,214.14,210.39,212.77,1449937
2026-04-08,213.19,216.4549,211.66,215.13,1265281
2026-04-09,214.74,217.77,214.33,215.8,1051316
2026-04-10,215.03,216.095,211.845,215.52,1292233
2026-04-13,215.93,217.47,212.65,214.18,1394787
2026-04-14,213.02,216.46,212.7,214.95,1407207
2026-04-15,213.69,214.23,211.03,211.83,1337435
2026-04-16,211.01,214.02,210.5106,213.1,1163723
2026-04-17,212.12,214.593,210.09,213.99,1962322
2026-04-20,213.25,215.0,210.48,211.18,1368837
2026-04-21,210.5,211.025,204.58,204.92,1564014
2026-04-22,205.0,205.445,197.06,200.55,2518489
2026-04-23,200.83,205.62,200.01,204.72,1428900
2026-04-24,203.78,203.95,198.56,199.85,1402420
2026-04-27,199.44,203.59,199.44,202.34,2129091
2026-04-28,204.73,206.61,202.8501,205.61,1525233
2026-04-29,204.53,204.895,201.08,202.82,1684615
2026-04-30,195.29,197.22,185.8,192.88,4542153
2026-05-01,196.37,196.705,191.965,195.24,2093367
2026-05-04,193.51,200.3999,193.51,197.06,2240789
2026-05-05,197.71,198.38,195.0101,197.0,1363974
2026-05-06,192.0,195.0,187.22,191.49,4429441
2026-05-07,191.6,192.39,185.01,185.28,3102882
2026-05-08,185.35,190.24,182.87,183.65,3260786
2026-05-11,184.5,185.7581,181.92,182.5,2012675
2026-05-12,182.74,185.74,181.75,182.56,2322064
2026-05-13,181.51,186.56,180.45,186.35,2848945
2026-05-14,186.44,194.49,186.44,194.38,3623465
2026-05-15,194.76,197.05,193.726,195.2,3715526
2026-05-18,195.32,201.8,195.32,199.77,2413953
2026-05-19,200.79,203.98,199.6001,200.37,2804377
2026-05-20,199.61,201.06,198.58,199.23,1756927
2026-05-21,198.07,201.24,197.88,200.61,2063241
2026-05-22,201.98,202.77,199.69,200.68,1537350
2026-05-26,200.0,201.44,199.25,200.37,1714940
2026-05-27,200.59,201.47,199.295,199.84,1628262
2026-05-28,199.54,201.89,197.611,199.85,1916380
2026-05-29,201.35,201.51,196.2,196.8,3132473
2026-06-01,195.36,196.85,194.0,195.15,2036123
2026-06-02,194.2,195.89,194.2,194.88,1786994
2026-06-03,196.09,198.0725,195.51,195.85,1212654
2026-06-04,198.9,201.9499,197.5325,201.74,2338392
2026-06-05,203.08,207.55,203.08,205.71,1591019
2026-06-08,203.14,206.41,201.0,204.48,1534780
2026-06-09,203.24,212.83,202.04,212.67,3190454
2026-06-10,214.0,218.96,211.45,216.3,3820693
2026-06-11,217.49,223.87,217.045,221.16,2834231
2026-06-12,222.47,224.88,222.11,223.85,2198498
2026-06-15,222.78,226.66,221.03,226.4,2397334
2026-06-16,227.3,229.78,225.37,227.72,3027719
2026-06-17,226.0,229.545,224.4827,226.28,2249232
2026-06-18,226.17,226.17,219.47,221.77,4196190
2026-06-22,223.73,228.45,222.275,222.74,2886148
2026-06-23,225.21,229.26,222.5,228.91,2110477
2026-06-24,229.89,235.71,229.43,233.01,2354370
2026-06-25,232.52,237.79,232.38,234.75,2074443
2026-06-26,237.78,240.44,236.0,237.92,3633366
2026-06-29,239.93,240.93,235.15,236.22,1926695
2026-06-30,237.0,239.53,236.4,237.56,1666875
2026-07-01,238.87,239.71,233.0,237.72,1369074
