date,open,high,low,close,volume
1996-01-02,15.049,15.3242,14.9596,15.1935,423069
1996-01-03,15.1935,15.3724,15.1394,15.1394,371410
1996-01-04,15.0992,15.1935,14.9153,15.0038,299973
1996-01-05,15.0038,15.049,14.9153,14.9153,186658
1996-01-08,14.8642,15.049,14.8642,15.0038,71856
1996-01-09,14.9596,15.0038,14.7738,14.8642,254478
1996-01-10,14.7738,14.8249,14.6835,14.7738,217276
1996-01-11,14.8249,14.8642,14.7738,14.8642,463887
1996-01-12,14.8642,15.0038,14.8249,14.9596,242783
1996-01-15,14.9596,15.0992,14.9153,14.9596,445608
1996-01-16,14.9596,15.1394,14.9153,15.0992,433698
1996-01-17,15.0992,15.2839,15.0038,15.1935,324849
1996-01-18,15.1935,15.2329,15.0992,15.0992,589325
1996-01-19,14.8642,15.0992,14.8642,15.0992,517889
1996-01-22,15.0992,15.4176,15.0038,15.4176,530643
1996-01-23,15.4176,15.4176,15.2329,15.4176,262343
1996-01-24,15.5602,15.74,15.4657,15.6908,396073
1996-01-25,15.6496,15.7843,15.4657,15.7843,249806
1996-01-26,15.6908,15.6908,15.509,15.6496,202180
1996-01-29,15.7843,15.8333,15.509,15.6908,477489
1996-01-30,15.7843,15.9671,15.509,15.9671,916512
1996-01-31,15.8737,16.3347,15.8333,16.3347,680952
1996-02-01,16.2914,16.2914,15.9671,16.199,219824
1996-02-02,16.1076,16.2914,16.0574,16.0574,288923
1996-02-05,16.0151,16.2914,16.0151,16.2914,491106
1996-02-06,16.2402,16.2914,16.1076,16.1509,176672
1996-02-07,16.1076,16.2402,16.1076,16.1509,211320
1996-02-08,16.0574,16.5155,16.0574,16.4733,528097
1996-02-09,16.4733,16.6098,16.3347,16.3838,433485
1996-02-12,16.4733,16.8841,16.4733,16.7494,356743
1996-02-13,16.6993,16.7494,16.3347,16.428,379276
1996-02-14,16.428,16.5655,16.3838,16.5155,210474
1996-02-15,16.3838,16.428,16.3347,16.3838,163702
1996-02-16,16.3838,16.3838,16.1509,16.2914,794689
1996-02-20,16.199,16.2402,16.0151,16.1509,272122
1996-02-21,16.199,16.2402,16.1509,16.1509,605482
1996-02-22,16.2402,16.5155,16.199,16.5155,285947
1996-02-23,16.6098,16.6098,16.0574,16.2914,483020
1996-02-26,16.1509,16.199,16.0151,16.0574,471327
1996-02-27,15.9671,16.0574,15.6908,16.0574,341856
1996-02-28,16.0574,16.199,15.6908,15.6908,418178
1996-02-29,15.5985,15.9228,15.5602,15.6908,731550
1996-03-01,15.8333,15.8333,15.4657,15.74,314218
1996-03-04,15.74,16.0151,15.6908,15.8333,297636
1996-03-05,15.7843,16.0151,15.6908,16.0151,458787
1996-03-06,15.9042,15.9523,15.6791,15.8117,368430
1996-03-07,15.7194,15.7685,15.6279,15.7194,162636
1996-03-08,15.5846,15.5846,15.3528,15.4432,331014
1996-03-11,15.3528,15.7194,15.3528,15.6791,444967
1996-03-12,15.7194,15.8609,15.6279,15.8609,602291
1996-03-13,15.7685,15.9042,15.7194,15.8117,246403
1996-03-14,15.8609,16.2757,15.7685,16.1872,357374
1996-03-15,16.2275,16.4614,16.135,16.4113,1073197
1996-03-18,16.4614,16.6914,16.3681,16.6442,495138
1996-03-19,16.7367,17.062,16.7367,17.062,714328
1996-03-20,17.0187,17.2036,16.7868,16.7868,682654
1996-03-21,16.7367,16.828,16.4614,16.601,332080
1996-03-22,16.6914,17.062,16.601,16.601,393516
1996-03-25,16.6442,16.7367,16.3681,16.6442,985816
1996-03-26,16.5528,16.7367,16.5528,16.6442,659692
1996-03-27,16.6914,16.6914,16.3681,16.4113,347599
1996-03-28,16.3179,16.5528,16.1872,16.5528,619933
1996-03-29,16.601,16.7367,16.5086,16.6442,428812
1996-04-01,16.6914,16.7367,16.5086,16.601,365030
1996-04-02,16.7367,16.7367,16.601,16.6442,468353
1996-04-03,16.5528,16.6442,16.4614,16.601,265324
1996-04-04,16.601,16.8753,16.5528,16.828,476857
1996-04-08,16.828,16.828,16.4614,16.601,524269
1996-04-09,16.5086,16.5086,16.3179,16.4113,452837
1996-04-10,16.3681,16.5086,16.2275,16.4113,513636
1996-04-11,16.3681,16.4614,15.9523,16.3681,354613
1996-04-12,16.3179,16.601,16.2275,16.5528,232586
1996-04-15,16.5086,16.5528,16.2757,16.3681,206432
1996-04-16,16.5086,16.5086,16.3179,16.4614,178366
1996-04-17,16.4614,16.6442,16.4614,16.6442,274035
1996-04-18,16.6914,16.6914,16.2757,16.2757,213234
1996-04-19,16.3179,16.601,16.2757,16.5086,272549
1996-04-22,16.5086,16.6442,16.3179,16.3681,203459
1996-04-23,16.5086,16.5086,16.3179,16.3681,163912
1996-04-24,16.4113,16.4113,16.3179,16.3681,235344
1996-04-25,16.3179,16.4113,16.2757,16.3681,883134
1996-04-26,16.4113,16.4614,16.2757,16.3681,710932
1996-04-29,16.3179,16.4113,16.3179,16.3681,109271
1996-04-30,16.3179,16.3681,16.2275,16.3681,203244
1996-05-01,16.3179,16.5086,16.2757,16.2757,292110
1996-05-02,16.2757,16.3681,16.0948,16.135,271912
1996-05-03,16.0948,16.3179,15.9042,15.9523,414988
1996-05-06,16.0447,16.2275,15.8117,16.135,1511362
1996-05-07,16.2275,16.2275,15.8609,15.8609,329103
1996-05-08,15.8609,16.2757,15.7685,16.2757,881005
1996-05-09,16.1872,16.2275,16.0948,16.2275,294234
1996-05-10,16.2275,16.2757,16.1872,16.2275,158810
1996-05-13,16.1872,16.2757,16.135,16.2757,314859
1996-05-14,16.3179,16.7367,16.135,16.601,609091
1996-05-15,16.5528,16.7868,16.5528,16.6914,622702
1996-05-16,16.6442,16.6914,16.5528,16.6914,201760
1996-05-17,16.6914,16.7367,16.601,16.6914,493230
1996-05-20,16.7367,16.7868,16.5086,16.7367,125858
1996-05-21,16.7367,16.8753,16.6442,16.6914,319318
1996-05-22,16.7868,16.8753,16.7367,16.7868,276799
1996-05-23,16.828,16.828,16.7367,16.7367,282549
1996-05-24,16.7868,16.9274,16.7367,16.828,195588
1996-05-28,16.828,16.8753,16.601,16.6914,224289
1996-05-29,16.6442,16.7868,16.601,16.601,219824
1996-05-30,16.601,16.9686,16.601,16.7868,286797
1996-05-31,17.0187,17.0187,16.7367,16.828,561688
1996-06-03,16.7868,17.1102,16.7868,16.9686,290411
1996-06-04,16.9686,16.9686,16.828,16.828,288496
1996-06-05,16.9145,17.1878,16.8133,17.1465,280207
1996-06-06,17.2772,17.2772,17.003,17.003,183685
1996-06-07,16.9145,17.1465,16.7729,17.1465,392667
1996-06-10,17.0944,17.0944,16.8605,16.9558,113529
1996-06-11,17.0944,17.3774,17.0463,17.0463,285098
1996-06-12,17.003,17.0944,16.9145,17.0463,143290
1996-06-13,17.003,17.2369,16.9558,17.1878,300617
1996-06-14,17.1465,17.1465,17.0944,17.1465,239809
1996-06-17,17.0944,17.3303,17.0944,17.2369,363547
1996-06-18,17.3303,17.3303,17.1878,17.1878,247462
1996-06-19,17.2369,17.4709,17.1465,17.1878,209831
1996-06-20,17.2772,17.3303,17.1878,17.2772,437950
1996-06-21,17.3303,17.3774,17.0944,17.1878,567423
1996-06-24,17.0463,17.1465,16.9558,17.003,302740
1996-06-25,17.003,17.3774,17.003,17.3774,348870
1996-06-26,17.3774,17.4187,17.0463,17.0463,234280
1996-06-27,17.0463,17.2772,17.003,17.2772,208344
1996-06-28,17.3774,17.3774,17.0463,17.0463,314003
1996-07-01,17.1465,17.1465,17.0463,17.0463,262343
1996-07-02,17.0463,17.2772,17.003,17.2772,573592
1996-07-03,17.2772,17.2772,17.0944,17.2369,220465
1996-07-05,17.0944,17.1465,16.8605,16.9145,106936
1996-07-08,16.8133,17.003,16.7209,16.8605,173904
1996-07-09,16.8133,16.9145,16.7729,16.9145,187084
1996-07-10,16.8133,17.003,16.7729,16.9558,385650
1996-07-11,17.003,17.003,16.4899,16.7209,203879
1996-07-12,16.6295,16.6295,16.4456,16.6295,258516
1996-07-15,16.5804,16.5804,16.0713,16.1626,312727
1996-07-16,16.1626,16.1626,15.4657,15.9808,979230
1996-07-17,16.0713,16.0713,15.6496,15.6988,846356
1996-07-18,15.6988,15.9306,15.6988,15.8815,507473
1996-07-19,15.8403,15.8815,15.6496,15.8815,698384
1996-07-22,15.8403,15.8815,15.6496,15.8403,583790
1996-07-23,15.8815,16.0221,15.6988,15.9808,578908
1996-07-24,15.8403,15.9808,15.74,15.8815,376726
1996-07-25,15.9306,15.9306,15.74,15.8403,261707
1996-07-26,15.9306,15.9808,15.6496,15.6988,604629
1996-07-29,15.74,15.791,15.6496,15.6496,275318
1996-07-30,15.6496,15.8403,15.6063,15.74,380128
1996-07-31,15.6988,15.9306,15.6988,15.791,592936
1996-08-01,15.791,15.9808,15.6988,15.8403,569551
1996-08-02,16.0221,16.256,15.9808,16.256,535535
1996-08-05,16.256,16.256,16.1626,16.2128,376514
1996-08-06,16.1155,16.2128,16.0221,16.2128,605691
1996-08-07,16.2128,16.2128,16.0713,16.2128,269575
1996-08-08,16.1626,16.256,16.0221,16.1155,147963
1996-08-09,16.1626,16.2128,16.1155,16.2128,304652
1996-08-12,16.1626,16.1626,15.9808,16.0221,321238
1996-08-13,16.0221,16.1626,15.9808,16.0221,501731
1996-08-14,15.9808,16.0713,15.9808,15.9808,127347
1996-08-15,15.9306,16.0221,15.9306,15.9808,288075
1996-08-16,16.0713,16.2128,16.0221,16.2128,268515
1996-08-19,16.2128,16.256,16.1155,16.2128,237263
1996-08-20,16.1626,16.2128,16.1626,16.1626,250010
1996-08-21,16.1626,16.1626,16.0713,16.1155,487914
1996-08-22,16.0713,16.1626,16.0221,16.0713,337178
1996-08-23,16.0713,16.0713,15.9306,15.9306,349723
1996-08-26,15.9808,15.9808,15.8815,15.9306,626101
1996-08-27,15.8815,16.3071,15.8815,16.0713,444754
1996-08-28,15.9808,16.1155,15.8815,16.0221,194523
1996-08-29,16.0221,16.1155,15.9306,16.0713,779170
1996-08-30,16.1155,16.1626,15.9306,15.9808,193252
1996-09-03,15.8815,16.0713,15.791,15.9808,323360
1996-09-04,15.9602,16.1016,15.9602,16.1016,233429
1996-09-05,16.0574,16.1016,16.0574,16.1016,363547
1996-09-06,16.1016,16.1016,15.9602,16.0094,286371
1996-09-09,16.0574,16.1016,15.9602,16.1016,245765
1996-09-10,16.1509,16.2402,15.9602,16.2402,380763
1996-09-11,16.2402,16.2402,16.1509,16.2402,335693
1996-09-12,16.3414,16.3838,16.1016,16.199,455383
1996-09-13,16.199,16.2914,16.1016,16.2402,609736
1996-09-16,16.3414,16.5233,16.2402,16.482,507682
1996-09-17,16.482,16.5233,16.2914,16.3414,559980
1996-09-18,16.2914,16.3414,16.1509,16.2914,571676
1996-09-19,16.2402,16.2914,16.199,16.2402,366096
1996-09-20,16.3414,16.3414,16.1016,16.1016,713052
1996-09-23,16.1016,16.2402,16.0094,16.1509,336973
1996-09-24,16.199,16.2402,16.0574,16.1016,275953
1996-09-25,16.199,16.3414,16.0574,16.3414,933732
1996-09-26,16.4329,16.482,16.3414,16.3838,683713
1996-09-27,16.4329,16.4329,16.2914,16.3838,482599
1996-09-30,16.4329,16.715,16.3838,16.4329,707950
1996-10-01,16.3838,16.6227,16.3838,16.5715,417758
1996-10-02,16.6679,16.6679,16.482,16.482,113104
1996-10-03,16.5233,16.5233,16.2914,16.482,197928
1996-10-04,16.482,16.6679,16.4329,16.5715,269575
1996-10-07,16.5715,16.5715,16.3838,16.482,307627
1996-10-08,16.5715,16.5715,16.4329,16.482,349088
1996-10-09,16.4329,16.5233,16.3414,16.5233,414563
1996-10-10,16.5233,16.5233,16.3838,16.4329,882285
1996-10-11,16.482,16.482,16.2914,16.3838,569976
1996-10-14,16.3414,16.4329,16.2914,16.2914,77811
1996-10-15,16.3414,16.4329,16.2914,16.4329,320598
1996-10-16,16.482,16.5715,16.2914,16.5715,454961
1996-10-17,16.5715,16.5715,16.482,16.5715,325485
1996-10-18,16.5715,16.5715,16.482,16.482,367584
1996-10-21,16.5233,16.5715,16.4329,16.5715,503648
1996-10-22,16.5233,16.5715,16.4329,16.4329,223231
1996-10-23,16.482,16.5233,16.4329,16.482,237472
1996-10-24,16.482,16.5233,16.4329,16.482,627589
1996-10-25,16.4329,16.6227,16.4329,16.5715,517462
1996-10-28,16.5233,16.5715,16.4329,16.4329,430719
1996-10-29,16.482,16.5715,16.3838,16.482,610368
1996-10-30,16.5233,16.5715,16.2914,16.4329,546376
1996-10-31,16.3838,16.482,16.3414,16.4329,391179
1996-11-01,16.482,16.5233,16.3838,16.4329,364820
1996-11-04,16.482,16.7563,16.4329,16.482,446668
1996-11-05,16.5715,16.8073,16.5233,16.6227,505988
1996-11-06,16.6679,16.6679,16.482,16.5715,336755
1996-11-07,16.5715,16.8073,16.5715,16.715,437741
1996-11-08,16.8073,16.947,16.6679,16.947,159021
1996-11-11,16.8556,16.947,16.8073,16.8556,164338
1996-11-12,16.947,16.947,16.7563,16.8073,190907
1996-11-13,16.8556,16.8556,16.715,16.8073,454745
1996-11-14,16.8073,16.8073,16.715,16.715,265107
1996-11-15,16.7563,16.8073,16.5715,16.715,505558
1996-11-18,16.7563,16.7563,16.5233,16.5715,606762
1996-11-19,16.6227,16.715,16.4329,16.6227,637368
1996-11-20,16.6679,17.1376,16.6227,17.0905,1372108
1996-11-21,17.2772,17.3706,17.0905,17.1376,491106
1996-11-22,17.1789,17.2301,17.0905,17.0905,337605
1996-11-25,17.1376,17.5633,17.0905,17.5633,452409
1996-11-26,17.6536,17.8415,17.3225,17.4639,1152708
1996-11-27,17.5102,17.5102,17.0905,17.0905,420095
1996-11-29,17.1376,17.1789,16.9008,16.9008,142868
1996-12-02,16.9952,17.5633,16.947,17.5633,334416
1996-12-03,17.4639,17.6035,17.0394,17.0394,307415
1996-12-04,17.0737,17.3058,16.7926,17.0266,405635
1996-12-05,16.9804,16.9804,16.8329,16.9342,469204
1996-12-06,16.8329,16.8841,16.6914,16.8841,620361
1996-12-09,16.8841,16.8841,16.7435,16.8841,374600
1996-12-10,16.9342,17.0737,16.8841,16.8841,456024
1996-12-11,16.9342,16.9342,16.601,16.8329,307200
1996-12-12,16.9342,16.9804,16.7926,16.8329,754298
1996-12-13,16.7926,16.9342,16.6512,16.8329,446668
1996-12-16,16.9342,17.0266,16.7926,16.7926,610158
1996-12-17,16.7435,16.8841,16.6512,16.7435,586134
1996-12-18,16.6914,16.9342,16.6512,16.7435,670108
1996-12-19,16.7926,16.9804,16.6512,16.9804,382251
1996-12-20,17.2664,17.2664,16.9342,17.1642,572525
1996-12-23,17.2163,17.2163,16.7926,17.1229,302525
1996-12-24,17.2163,17.2664,17.1642,17.2163,69096
1996-12-26,17.2163,17.3597,17.1229,17.3058,250010
1996-12-27,17.404,17.4552,17.1229,17.1642,237895
1996-12-30,17.2163,17.3597,17.0266,17.0737,279782
1996-12-31,17.0266,17.0737,16.8329,16.8329,450069
1997-01-02,16.7926,16.9342,16.5528,16.8841,340157
1997-01-03,16.9804,17.0737,16.9342,17.0266,805110
1997-01-06,17.1229,17.1229,16.6914,16.8329,777686
1997-01-07,16.7435,16.8841,16.5528,16.6914,1042589
1997-01-08,16.8329,16.8329,16.3179,16.5528,538302
1997-01-09,16.601,16.8329,16.601,16.7435,270635
1997-01-10,16.6512,16.7435,16.5086,16.7435,323996
1997-01-13,16.7926,16.8329,16.4113,16.7435,452409
1997-01-14,16.7926,17.1229,16.7435,16.9342,614835
1997-01-15,16.9342,16.9342,16.7435,16.7435,172630
1997-01-16,16.7926,16.7926,16.5528,16.6512,419457
1997-01-17,16.7435,16.9804,16.6914,16.9804,396073
1997-01-20,16.8841,17.0737,16.8841,17.0266,331653
1997-01-21,16.8841,17.1642,16.7435,17.1229,436252
1997-01-22,17.0266,17.0737,16.6512,16.8329,746003
1997-01-23,16.7435,16.7926,16.3611,16.4614,1003887
1997-01-24,16.5086,16.5528,16.2698,16.5528,1078297
1997-01-27,16.5086,16.6512,16.3179,16.5528,762797
1997-01-28,16.5528,16.601,16.3611,16.4113,365879
1997-01-29,16.3611,16.5086,16.2698,16.5086,890788
1997-01-30,16.5528,16.5528,16.3179,16.5086,412864
1997-01-31,16.5086,16.6914,16.5086,16.6914,856983
1997-02-03,16.6914,16.8329,16.6512,16.7926,778533
1997-02-04,16.7435,16.8329,16.6914,16.8329,402876
1997-02-05,16.8329,16.9342,16.6512,16.7435,464738
1997-02-06,16.7926,16.8329,16.5528,16.7926,503218
1997-02-07,16.7926,17.1229,16.6512,17.0737,578908
1997-02-10,17.0737,17.2163,16.8841,17.0266,312951
1997-02-11,17.0266,17.1642,16.7926,17.1229,403087
1997-02-12,17.1229,17.404,17.0737,17.2163,271064
1997-02-13,17.2664,17.404,17.1229,17.404,590810
1997-02-14,17.3058,17.3597,17.1642,17.2664,293600
1997-02-18,17.2664,17.4552,17.1229,17.4552,712412
1997-02-19,17.3597,17.4984,17.2664,17.4552,540211
1997-02-20,17.4552,17.4552,17.2163,17.404,831045
1997-02-21,17.404,17.4984,17.3058,17.4984,646511
1997-02-24,17.4552,18.0704,17.4552,17.9691,606969
1997-02-25,17.9691,18.0193,17.5947,17.8787,1006437
1997-02-26,17.8266,18.0193,17.5947,18.0193,827435
1997-02-27,17.9288,17.9288,17.7902,17.9288,433911
1997-02-28,17.8266,17.8787,17.6389,17.688,475580
1997-03-03,17.6389,17.8266,17.6389,17.7902,702633
1997-03-04,17.7902,17.8266,17.6693,17.7902,501731
1997-03-05,17.6813,17.9691,17.5898,17.922,2770158
1997-03-06,18.0114,18.0616,17.8218,18.0616,804896
1997-03-07,17.922,18.2503,17.922,18.21,552965
1997-03-10,18.2503,18.3034,18.1098,18.3034,256181
1997-03-11,18.2503,18.2503,17.8218,17.922,533196
1997-03-12,17.922,18.0616,17.922,18.0616,583371
1997-03-13,18.0114,18.3034,17.8218,17.9691,364392
1997-03-14,17.9691,18.2503,17.9691,18.21,447306
1997-03-17,18.21,18.4006,17.9691,18.3034,336542
1997-03-18,18.3034,18.4006,17.9691,18.2503,287005
1997-03-19,18.21,18.2503,17.8709,18.21,247887
1997-03-20,18.21,18.21,17.922,18.0616,284030
1997-03-21,18.0616,18.0616,17.9691,18.0616,470905
1997-03-24,18.1098,18.3506,18.1098,18.21,432002
1997-03-25,18.2503,18.3034,18.1098,18.21,306142
1997-03-26,18.2503,18.2503,18.1098,18.2503,362906
1997-03-27,18.3034,18.3034,17.8218,17.922,237895
1997-03-31,17.922,17.9691,17.6301,17.7815,491106
1997-04-01,17.6813,17.6813,17.353,17.5898,482383
1997-04-02,17.5397,17.5898,17.2507,17.4915,571039
1997-04-03,17.353,17.4424,17.1593,17.2507,340157
1997-04-04,17.062,17.2988,17.062,17.2507,493442
1997-04-07,17.2988,17.4424,17.2507,17.3962,533835
1997-04-08,17.2988,17.4915,17.1102,17.4915,461338
1997-04-09,17.5397,17.5397,17.353,17.4424,210048
1997-04-10,17.3962,17.922,17.353,17.7303,374381
1997-04-11,17.8709,17.8709,17.2114,17.2507,490677
1997-04-14,17.1593,17.2988,17.1102,17.2507,172416
1997-04-15,17.4424,17.5898,17.1593,17.5898,241087
1997-04-16,17.4424,17.9427,17.2988,17.9427,330093
1997-04-17,17.9427,18.091,17.6616,17.7303,341007
1997-04-18,17.7303,18.2317,17.7303,18.2317,315921
1997-04-21,18.2317,18.2317,17.6616,17.9427,263619
1997-04-22,17.9427,17.9427,17.6616,17.9427,278641
1997-04-23,18.0114,18.1618,17.9427,18.1618,309394
1997-04-24,18.2317,18.2317,17.7303,17.9427,211892
1997-04-25,18.0114,18.091,17.8021,18.0114,130535
1997-04-28,18.0114,18.5157,17.9427,18.3034,295652
1997-04-29,18.3034,18.3732,18.091,18.3732,228895
1997-04-30,18.443,18.8705,18.443,18.5157,356877
1997-05-01,18.5157,18.7329,18.3034,18.443,187366
1997-05-02,18.5157,18.8027,18.443,18.8027,216285
1997-05-05,18.7329,19.4435,18.7329,19.3748,332503
1997-05-06,19.2313,19.304,18.8705,19.1634,364967
1997-05-07,19.304,19.3748,18.8027,18.9453,244347
1997-05-08,18.8027,19.2313,18.7329,19.1634,323150
1997-05-09,19.1634,19.304,18.9453,19.1634,414282
1997-05-12,19.1634,19.3748,19.0877,19.3748,242079
1997-05-13,19.3748,19.3748,18.9453,19.2313,295085
1997-05-14,19.3748,19.3748,18.9453,19.1634,384094
1997-05-15,19.013,19.2313,18.9453,19.2313,374315
1997-05-16,19.1634,19.1634,18.8705,19.1634,271843
1997-05-19,19.013,19.1634,18.8705,19.1634,123019
1997-05-20,19.0877,19.304,18.8705,19.304,394866
1997-05-21,19.1634,19.1634,19.013,19.1634,259654
1997-05-22,19.0877,19.1634,18.9453,19.0877,287149
1997-05-23,19.0877,19.1634,18.8705,19.1634,239670
1997-05-27,19.1634,19.1634,19.013,19.1634,401526
1997-05-28,19.013,19.1634,18.8705,19.0877,307415
1997-05-29,19.0877,19.304,19.013,19.304,291681
1997-05-30,19.0877,19.1634,19.013,19.1634,405635
1997-06-02,19.304,19.3748,19.0877,19.304,365953
1997-06-03,19.1634,19.4435,19.0877,19.3748,272837
1997-06-04,19.297,19.4376,19.1555,19.1555,721981
1997-06-05,19.0072,19.4376,19.0072,19.4376,345119
1997-06-06,19.4376,19.6588,19.297,19.6588,239239
1997-06-09,19.6588,19.8769,19.4376,19.8769,280771
1997-06-10,20.0195,20.2357,19.7974,20.1571,493230
1997-06-11,20.3036,20.3036,19.6588,19.7256,382820
1997-06-12,19.7974,19.8769,19.6588,19.8769,477072
1997-06-13,19.8769,20.0873,19.7974,19.9439,471115
1997-06-16,20.0195,20.0873,19.6588,19.9439,252850
1997-06-17,19.9439,20.0873,19.6588,19.9439,390048
1997-06-18,19.7974,19.8769,19.5173,19.8769,456663
1997-06-19,19.9439,20.3036,19.7974,20.0873,316772
1997-06-20,20.1571,20.1571,19.9439,20.0873,531213
1997-06-23,19.9439,20.0195,19.586,19.6588,554031
1997-06-24,19.6204,20.4117,19.5173,20.4117,476218
1997-06-25,20.4117,20.4117,19.8769,19.9811,426895
1997-06-26,20.1571,20.1571,19.7974,19.9439,471965
1997-06-27,20.0195,20.0873,19.7974,19.8769,240095
1997-06-30,19.9811,20.0509,19.4779,19.5173,509104
1997-07-01,19.6588,20.2357,19.6204,20.0195,357308
1997-07-02,20.1571,20.1571,19.7639,20.1571,246327
1997-07-03,20.3036,20.6643,20.3036,20.5177,418957
1997-07-07,20.5177,20.5177,20.0195,20.0509,528802
1997-07-08,19.9439,20.0195,19.7256,19.8769,813259
1997-07-09,19.8387,19.8769,19.4376,19.6588,931747
1997-07-10,19.5516,19.6902,19.4376,19.6902,400681
1997-07-11,19.8387,20.1237,19.7974,20.1237,304158
1997-07-14,20.0195,20.0509,19.586,19.8387,372043
1997-07-15,19.8769,19.8769,19.4376,19.8769,276227
1997-07-16,19.8387,19.9811,19.6204,19.8387,239949
1997-07-17,19.8387,19.8387,19.4779,19.6902,340578
1997-07-18,19.6588,19.7256,18.9393,18.9737,485150
1997-07-21,19.1113,19.7256,19.0425,19.586,369637
1997-07-22,19.586,19.6204,19.0809,19.4032,470548
1997-07-23,19.2617,19.4032,18.8646,19.297,527669
1997-07-24,19.0072,19.4779,18.9393,19.4376,547091
1997-07-25,19.4032,19.4376,18.9393,19.1555,865840
1997-07-28,19.1555,19.1909,18.9,19.0072,786045
1997-07-29,18.9,19.1113,18.615,19.1113,882706
1997-07-30,19.1113,19.297,18.8311,18.9393,699166
1997-07-31,18.8646,18.9737,18.5757,18.7968,477356
1997-08-01,18.7968,18.9737,18.5432,18.8646,521146
1997-08-04,18.8646,19.0425,18.6818,19.0425,227482
1997-08-05,19.0809,19.0809,18.6818,18.8311,286719
1997-08-06,18.9393,18.9393,18.615,18.9,255121
1997-08-07,18.8646,19.0809,18.6484,18.7968,405068
1997-08-08,18.5757,18.7536,18.3938,18.7182,803762
1997-08-11,18.5757,18.6818,18.3231,18.6818,573446
1997-08-12,18.7182,18.8311,18.5757,18.6818,357733
1997-08-13,18.6484,18.6484,18.2887,18.5088,356456
1997-08-14,18.5088,18.5088,18.2189,18.4371,424062
1997-08-15,18.2189,18.4695,18.0773,18.2503,438521
1997-08-18,18.1835,18.3231,17.9288,18.3231,314359
1997-08-19,18.2503,18.3574,18.0773,18.3231,659338
1997-08-20,18.1835,18.2189,17.9288,18.1098,892068
1997-08-21,18.1098,18.2189,17.9986,18.036,380128
1997-08-22,17.8934,18.1461,17.8582,18.1461,588331
1997-08-25,18.1835,18.1835,17.9288,18.1098,318188
1997-08-26,18.1461,18.2503,17.9624,18.1461,467858
1997-08-27,17.9986,18.0773,17.8218,17.8934,311669
1997-08-28,17.8582,18.1461,17.4984,17.8218,627019
1997-08-29,17.8218,17.8582,17.6389,17.7902,265605
1997-09-02,17.75,18.2189,17.75,18.1461,333637
1997-09-03,18.21,18.2444,17.8502,17.9544,462614
1997-09-04,17.9908,18.1382,17.8502,17.9908,505701
1997-09-05,18.0704,18.1382,17.7019,17.7745,699734
1997-09-08,17.922,17.9908,17.7382,17.9544,273682
1997-09-09,17.9544,18.0282,17.6693,17.9544,565082
1997-09-10,17.8502,17.9908,17.7019,17.7382,255826
1997-09-11,17.5947,17.922,17.4109,17.922,720140
1997-09-12,17.8867,17.922,17.5633,17.7745,980935
1997-09-15,17.7019,17.9544,17.6301,17.922,501451
1997-09-16,17.8867,18.5353,17.8867,18.5353,891069
1997-09-17,18.5757,18.6484,18.3574,18.5029,511369
1997-09-18,18.5029,18.5757,18.21,18.4311,523278
1997-09-19,18.4311,18.6484,18.2817,18.615,810283
1997-09-22,18.6818,18.6818,18.0282,18.4311,498328
1997-09-23,18.3574,18.5029,18.0704,18.3231,308695
1997-09-24,18.4311,18.5353,18.1382,18.1755,356456
1997-09-25,18.0704,18.1755,17.9908,18.1755,651123
1997-09-26,18.1755,18.1755,17.8867,17.8867,541846
1997-09-29,17.9544,17.9544,17.7382,17.8502,613984
1997-09-30,17.7745,18.0704,17.7019,17.8867,681021
1997-10-01,17.9908,18.2444,17.922,18.21,1270912
1997-10-02,18.21,18.8311,18.1382,18.8311,808014
1997-10-03,18.8311,18.9393,18.4616,18.7182,519306
1997-10-06,18.5757,18.9,18.5757,18.9,362833
1997-10-07,18.7899,19.3393,18.615,19.3393,704975
1997-10-08,19.1909,19.2243,18.9,19.1201,574300
1997-10-09,18.9737,19.2243,18.7536,19.1909,414424
1997-10-10,19.1201,19.1201,18.9393,19.0877,241653
1997-10-13,19.0072,19.2243,19.0072,19.1909,231451
1997-10-14,19.297,19.3748,19.0425,19.3748,376582
1997-10-15,19.2617,19.3748,18.9393,19.3748,350359
1997-10-16,19.297,19.5173,18.8646,19.0072,314218
1997-10-17,18.8646,19.0877,18.7899,19.0877,388064
1997-10-20,18.9737,19.1909,18.9,19.1201,205798
1997-10-21,19.1201,19.1909,18.8646,19.0877,535322
1997-10-22,19.0072,19.0072,18.4311,18.9737,251148
1997-10-23,18.2817,18.9,18.2817,18.7899,371052
1997-10-24,19.0425,19.1909,18.7899,18.8646,307553
1997-10-27,18.7182,18.9737,17.8502,17.8502,472818
1997-10-28,17.8867,19.1555,17.4109,19.1555,1648486
1997-10-29,19.0072,19.0072,18.21,18.5353,420095
1997-10-30,18.3938,18.5029,18.1755,18.1755,361842
1997-10-31,18.5029,18.5353,18.1038,18.1755,465304
1997-11-03,18.3231,18.5353,18.2444,18.3938,374600
1997-11-04,18.3574,18.6818,18.2817,18.6484,484723
1997-11-05,18.6484,18.7182,18.4311,18.5757,347805
1997-11-06,18.4311,18.6484,18.4311,18.6484,405493
1997-11-07,18.4311,18.4311,18.1038,18.2817,575715
1997-11-10,18.2817,18.2817,17.8502,17.9908,344975
1997-11-11,17.922,18.0704,17.8502,18.0704,157181
1997-11-12,17.922,18.1382,17.8502,18.1382,414563
1997-11-13,18.2817,18.7536,18.2444,18.6484,613133
1997-11-14,18.6484,18.8311,18.3574,18.7536,499039
1997-11-17,18.7899,18.8646,18.5353,18.5757,811562
1997-11-18,18.7182,18.7182,18.1382,18.3231,583790
1997-11-19,18.1755,18.5353,18.1755,18.4616,530927
1997-11-20,18.4311,18.5353,18.3574,18.5029,318617
1997-11-21,18.4311,18.5757,18.2817,18.5757,588045
1997-11-24,18.4311,18.8311,18.3938,18.5757,334058
1997-11-25,18.5029,18.615,18.1755,18.615,415415
1997-11-26,18.5757,18.7536,18.4616,18.5353,471545
1997-11-28,18.4616,18.615,18.4616,18.5757,186658
1997-12-01,18.615,18.7899,18.5029,18.7899,600948
1997-12-02,18.7899,18.8646,18.615,18.7536,446738
1997-12-03,18.8931,18.8931,18.6749,18.8931,539292
1997-12-04,18.7476,18.8244,18.5687,18.7476,454393
1997-12-05,18.6051,19.0809,18.5687,19.0072,389482
1997-12-08,18.8597,18.9324,18.4223,18.8931,514063
1997-12-09,18.7899,18.8931,18.4951,18.8931,337178
1997-12-10,18.8597,18.8931,18.5687,18.8931,441777
1997-12-11,18.7103,19.1113,18.7103,19.1113,633116
1997-12-12,19.1113,19.3748,19.0072,19.3748,483164
1997-12-15,19.4102,19.4435,19.0072,19.2617,523416
1997-12-16,19.2617,19.3305,19.0425,19.1909,309540
1997-12-17,19.1909,19.3748,19.1113,19.297,337889
1997-12-18,19.1467,19.2617,18.9737,19.1909,274253
1997-12-19,18.7476,19.297,18.7476,19.2243,724675
1997-12-22,19.297,19.3748,19.0809,19.1909,465729
1997-12-23,19.2243,19.297,19.1467,19.1909,393873
1997-12-24,19.1909,19.297,18.8931,19.2617,181559
1997-12-26,19.1113,19.4435,19.1113,19.3305,103886
1997-12-29,19.4435,19.5939,19.297,19.5173,254266
1997-12-30,19.5516,19.6991,19.3748,19.6991,189069
1997-12-31,19.7335,19.8454,19.5516,19.8454,296217
1998-01-02,19.7335,19.8454,19.5173,19.6991,419816
1998-01-05,19.8454,19.8839,19.5939,19.8839,299057
1998-01-06,19.8121,19.8454,19.5939,19.7335,466016
1998-01-07,19.6293,19.7335,19.3305,19.6293,253985
1998-01-08,19.6637,19.9516,19.5516,19.9516,379982
1998-01-09,19.8839,19.9173,19.297,19.4102,526672
1998-01-12,19.0809,19.7777,19.0809,19.6637,432139
1998-01-13,19.7777,19.9516,19.6293,19.9173,810705
1998-01-14,20.0658,20.101,19.6991,19.8839,491246
1998-01-15,19.7335,19.8121,19.4779,19.7335,405775
1998-01-16,19.8121,19.8454,19.6637,19.7777,583085
1998-01-20,19.6991,19.9173,19.5939,19.8839,378849
1998-01-21,19.8839,19.8839,19.4102,19.7335,390759
1998-01-22,19.5939,19.5939,19.0809,19.4779,571606
1998-01-23,19.3305,19.4779,18.9737,19.4102,233429
1998-01-26,19.4102,19.5173,19.0809,19.4435,281193
1998-01-27,19.4102,19.8121,19.4102,19.6293,397561
1998-01-28,19.5173,19.6991,19.4435,19.6991,374177
1998-01-29,19.5516,20.101,19.5516,19.6637,358152
1998-01-30,19.5939,19.6293,19.3305,19.4102,265324
1998-02-02,19.4779,19.8839,19.4102,19.8121,407902
1998-02-03,19.6991,19.8839,19.5939,19.8839,350644
1998-02-04,19.7335,19.8839,19.6637,19.8839,467996
1998-02-05,19.8454,19.8839,19.7335,19.8839,262343
1998-02-06,19.8839,20.1374,19.8839,20.101,351495
1998-02-09,20.101,20.4303,20.0658,20.3978,642191
1998-02-10,20.3978,20.6182,20.2839,20.6182,700867
1998-02-11,20.503,20.6506,20.2839,20.6506,384944
1998-02-12,20.6839,20.7586,20.3183,20.7586,367795
1998-02-13,20.6182,20.7222,20.4303,20.7222,215148
1998-02-17,20.9425,21.0544,20.7586,20.8687,316205
1998-02-18,20.8687,21.0544,20.798,21.0181,490964
1998-02-19,21.0181,21.0181,20.7586,21.0181,431294
1998-02-20,21.0181,21.2766,20.8687,21.2766,373463
1998-02-23,21.202,21.2766,21.0544,21.2363,365104
1998-02-24,21.202,21.6392,21.1233,21.5616,665151
1998-02-25,21.6392,21.7808,21.5479,21.71,477356
1998-02-26,21.5616,21.6747,21.4526,21.6029,355461
1998-02-27,21.5283,21.6747,21.4909,21.6392,407902
1998-03-02,21.5283,21.7808,21.3798,21.7808,509525
1998-03-03,21.6392,21.8221,21.3395,21.8221,659759
1998-03-04,21.71,21.8221,21.5616,21.7434,184539
1998-03-05,21.4466,21.7434,21.2688,21.7434,299621
1998-03-06,21.6392,21.71,21.4909,21.71,348235
1998-03-09,21.71,21.8586,21.5616,21.7808,459212
1998-03-10,21.7808,21.8221,21.6747,21.71,374315
1998-03-11,21.6392,21.8586,21.6392,21.7434,651261
1998-03-12,21.6747,21.7434,21.4909,21.71,212032
1998-03-13,21.71,21.71,21.3395,21.3395,305430
1998-03-16,21.3798,21.5931,21.309,21.5616,349793
1998-03-17,21.4466,21.5616,21.195,21.5283,346531
1998-03-18,21.5283,21.5283,21.2275,21.3798,441496
1998-03-19,21.3395,21.5931,21.2688,21.4151,381117
1998-03-20,21.5616,21.8586,21.4909,21.8586,680172
1998-03-23,21.7808,22.1859,21.71,21.9628,618237
1998-03-24,21.9628,22.114,21.7434,22.0727,474802
1998-03-25,22.0727,22.1543,21.5616,21.71,272549
1998-03-26,21.8586,22.0413,21.5616,21.8586,331364
1998-03-27,22.0098,22.0727,21.71,21.9263,417683
1998-03-30,21.8586,22.1543,21.7808,22.0098,249871
1998-03-31,22.0098,22.5189,22.0098,22.4423,855780
1998-04-01,22.3775,22.3775,21.8221,22.1543,427177
1998-04-02,22.114,22.1543,21.8586,22.1543,362978
1998-04-03,22.0727,22.2654,21.7808,22.1859,323854
1998-04-06,22.2654,22.2654,21.7434,21.9628,326978
1998-04-07,21.9628,22.2251,21.8948,22.2251,412444
1998-04-08,22.1859,22.3381,21.7808,21.9263,394011
1998-04-09,22.0098,22.0727,21.7808,21.8948,180710
1998-04-13,21.8221,21.8586,21.3798,21.8586,330093
1998-04-14,21.7808,22.2251,21.7434,22.0727,409038
1998-04-15,22.0727,22.0727,21.6392,21.9263,357308
1998-04-16,21.9263,21.9263,21.309,21.71,349088
1998-04-17,21.71,21.8948,21.3798,21.8221,211320
1998-04-20,21.71,21.71,21.1616,21.5283,411588
1998-04-21,21.4151,21.5616,21.1616,21.2688,491811
1998-04-22,21.0466,21.4151,20.9749,21.4151,506831
1998-04-23,21.2688,21.309,20.9345,21.0831,316917
1998-04-24,21.0831,21.2688,20.9749,21.0831,392457
1998-04-27,20.8992,21.1233,20.6122,21.0831,519872
1998-04-28,20.7154,21.1233,20.5316,21.1233,464173
1998-04-29,21.0466,21.0466,20.6456,20.8284,245477
1998-04-30,20.8284,21.309,20.8284,21.195,243352
1998-05-01,21.195,21.2688,20.791,21.1233,211892
1998-05-04,21.195,21.195,20.6456,20.8992,304583
1998-05-05,20.7518,20.9749,20.6456,20.8284,302596
1998-05-06,20.7518,20.8628,20.7518,20.8628,173904
1998-05-07,20.7518,20.791,20.3518,20.5316,487273
1998-05-08,20.566,20.7154,20.4618,20.6122,427749
1998-05-11,20.4618,20.7518,20.4618,20.6456,304583
1998-05-12,20.566,20.7518,20.4165,20.7154,197571
1998-05-13,20.791,20.9749,20.566,20.791,204805
1998-05-14,20.6771,20.7154,20.4618,20.4981,242644
1998-05-15,20.4165,20.4618,20.165,20.2357,358581
1998-05-18,20.2014,20.4618,20.1305,20.4618,238535
1998-05-19,20.3822,20.4618,20.2357,20.4165,206502
1998-05-20,20.3822,20.8628,20.2357,20.8628,533763
1998-05-21,20.8992,21.0466,20.6456,21.0466,390759
1998-05-22,20.8992,21.0466,20.791,20.8992,218693
1998-05-26,20.9345,20.9749,20.6456,20.8284,349793
1998-05-27,20.8284,20.8284,20.1305,20.2779,414705
1998-05-28,20.2357,20.2779,19.9811,20.2014,335053
1998-05-29,20.2014,20.2014,19.9811,19.9811,304296
1998-06-01,19.8307,20.3124,19.7188,20.2014,287289
1998-06-02,20.4618,20.4618,20.0509,20.0932,342282
1998-06-03,20.1305,20.2779,19.9811,20.0509,746928
1998-06-04,20.0509,20.165,19.8691,20.165,445318
1998-06-05,20.2436,20.4235,20.0195,20.3891,232160
1998-06-08,20.3891,20.4981,20.2436,20.4618,279782
1998-06-09,20.4618,20.5355,20.2779,20.4618,325274
1998-06-10,20.4618,20.6122,20.1305,20.2436,428596
1998-06-11,20.2436,20.3124,19.8691,19.9054,294804
1998-06-12,19.646,20.2014,19.646,20.2014,339448
1998-06-15,20.165,20.2436,20.0195,20.1305,384094
1998-06-16,20.0195,20.1305,19.6057,20.0509,562108
1998-06-17,19.9379,20.2436,19.9054,20.2436,388064
1998-06-18,20.2014,20.2436,19.758,19.9379,350221
1998-06-19,19.758,19.8307,19.4259,19.6823,751037
1998-06-22,19.8307,19.8307,19.4259,19.6823,332928
1998-06-23,19.8307,20.0932,19.7188,19.8691,556300
1998-06-24,20.0195,20.3891,19.9054,20.165,529650
1998-06-25,20.3124,20.3124,19.7188,19.9379,372614
1998-06-26,20.0195,20.1305,19.8691,20.0509,635245
1998-06-29,20.2014,20.6122,20.165,20.5355,423782
1998-06-30,20.6122,20.6122,20.3891,20.4981,369637
1998-07-01,20.4618,20.5355,20.2014,20.4235,480470
1998-07-02,20.4981,20.6122,20.3891,20.6122,212598
1998-07-06,20.6839,20.906,20.6122,20.791,194597
1998-07-07,20.8687,20.8687,20.6122,20.7222,242644
1998-07-08,20.8363,20.8363,20.4618,20.8363,287432
1998-07-09,20.7222,20.791,20.4981,20.791,239949
1998-07-10,20.6456,20.906,20.4618,20.791,388489
1998-07-13,20.791,20.8363,20.5355,20.7586,192614
1998-07-14,20.7586,21.0544,20.6839,21.0544,364392
1998-07-15,20.9817,20.9817,20.6839,20.7222,234140
1998-07-16,20.7222,20.906,20.6456,20.906,285447
1998-07-17,20.9425,20.9425,20.7222,20.8363,232443
1998-07-20,20.7586,20.906,20.6839,20.7586,291963
1998-07-21,20.8363,20.906,20.7222,20.791,211608
1998-07-22,20.8687,20.906,20.6456,20.8363,238393
1998-07-23,20.8363,20.8687,20.6839,20.7222,322587
1998-07-24,20.6839,20.906,20.6839,20.8363,344270
1998-07-27,20.8363,20.906,20.6122,20.6122,930472
1998-07-28,20.6122,20.6122,20.3518,20.6122,1647634
1998-07-29,20.6122,20.6839,20.4235,20.6122,739272
1998-07-30,20.5719,20.6839,20.4618,20.6122,1496551
1998-07-31,20.5719,20.6839,20.3124,20.5719,383105
1998-08-03,20.4981,20.6122,20.3518,20.3891,800222
1998-08-04,20.3891,20.4981,19.9811,20.0195,610723
1998-08-05,19.8691,20.2779,19.8691,20.2779,420231
1998-08-06,20.3124,20.4235,20.1305,20.2436,606048
1998-08-07,20.0932,20.1305,19.7188,20.1305,467576
1998-08-10,20.1305,20.1305,19.8691,19.9811,243352
1998-08-11,19.8691,20.2014,19.4582,19.5703,509525
1998-08-12,19.5398,19.8307,19.4582,19.8307,237683
1998-08-13,19.8307,19.9379,19.4582,19.4947,314359
1998-08-14,19.5703,19.5703,19.2764,19.4259,318898
1998-08-17,19.1634,19.5398,18.9777,19.4582,326692
1998-08-18,19.3915,19.5703,19.1634,19.4947,280771
1998-08-19,19.4947,19.4947,19.0926,19.24,587198
1998-08-20,19.24,19.24,19.013,19.1281,310959
1998-08-21,19.0926,19.1281,18.8311,18.9777,342988
1998-08-24,19.24,19.4259,18.9777,19.3915,288141
1998-08-25,19.4947,19.5703,19.1998,19.3452,346676
1998-08-26,19.4947,19.5398,19.1998,19.3452,241653
1998-08-27,19.1998,19.5398,19.1998,19.3118,432139
1998-08-28,19.3118,19.4582,19.013,19.0926,508817
1998-08-31,19.24,19.3452,18.5353,18.5687,320312
1998-09-01,18.4558,19.3452,17.865,19.2764,644885
1998-09-02,19.3915,19.3915,18.9,18.9777,547941
1998-09-03,18.9,18.9,18.38,18.4488,369354
1998-09-04,18.6051,18.6051,18.0773,18.5275,225919
1998-09-08,18.38,19.1634,18.1166,19.1634,418389
1998-09-09,19.1634,19.1634,18.7536,18.9393,232160
1998-09-10,18.9393,18.9393,18.0773,18.267,323289
1998-09-11,18.1913,19.1281,18.1166,19.0513,305714
1998-09-14,19.1281,19.3915,19.0877,19.3512,259510
1998-09-15,19.2764,19.3118,18.9777,19.2764,220111
1998-09-16,19.2764,19.2764,18.6749,19.0513,536456
1998-09-17,19.0513,19.0513,18.6051,18.7536,329529
1998-09-18,18.9,19.013,18.5628,18.8244,610302
1998-09-21,18.8244,19.0877,18.5275,19.013,285868
1998-09-22,19.013,19.0877,18.7536,19.013,349088
1998-09-23,19.013,19.013,18.7103,19.013,393450
1998-09-24,18.9393,19.013,18.5628,18.6749,360423
1998-09-25,18.6405,18.6405,18.2317,18.3034,602076
1998-09-28,18.3034,18.4951,18.0419,18.4164,562824
1998-09-29,18.4951,18.4951,18.0773,18.38,214586
1998-09-30,18.38,18.38,17.8582,17.9691,374883
1998-10-01,17.9288,18.1166,17.8149,17.8582,507963
1998-10-02,17.9288,18.2317,17.5947,18.1166,468563
1998-10-05,17.7815,18.0773,17.6301,17.8582,377574
1998-10-06,17.9691,18.1913,17.7077,17.8934,453827
1998-10-07,17.8582,18.3034,17.6693,17.9288,260219
1998-10-08,17.4846,17.7077,17.2575,17.5554,414847
1998-10-09,17.4846,17.6693,16.8841,17.5947,691225
1998-10-12,17.5947,17.8934,17.3363,17.6693,328955
1998-10-13,17.8149,18.1529,17.5161,17.6301,272407
1998-10-14,17.6693,17.9288,17.404,17.8582,296504
1998-10-15,17.7815,18.6051,17.4846,18.5275,287005
1998-10-16,18.8244,18.8244,18.1166,18.4951,340157
1998-10-19,18.5275,18.5628,18.3034,18.4164,314927
1998-10-20,18.4488,18.8646,18.4164,18.5628,363398
1998-10-21,18.4951,18.9393,18.3436,18.7536,406203
1998-10-22,18.6405,18.8244,18.5275,18.7899,589889
1998-10-23,18.6405,18.8646,18.5275,18.5628,327398
1998-10-26,18.5275,18.6749,18.3436,18.5628,401246
1998-10-27,18.5275,18.7103,18.3436,18.38,424629
1998-10-28,18.4951,18.4951,18.1913,18.4164,203104
1998-10-29,18.3034,18.4488,18.1529,18.4164,213736
1998-10-30,18.5275,18.8244,18.5275,18.8244,261921
1998-11-02,19.1998,19.5703,18.8244,19.4582,515762
1998-11-03,19.3118,19.4259,19.1998,19.3512,282471
1998-11-04,19.5015,19.8307,19.1281,19.3512,250301
1998-11-05,19.4582,19.8769,19.3118,19.8769,278217
1998-11-06,20.0254,20.1718,19.6126,19.6528,389482
1998-11-09,19.6528,19.6528,19.013,19.4582,409317
1998-11-10,19.4582,19.5703,19.24,19.4582,356032
1998-11-11,19.5703,19.5703,18.9393,19.1634,214862
1998-11-12,19.1634,19.3512,18.9777,19.24,246759
1998-11-13,19.3915,19.6528,19.24,19.5398,217560
1998-11-16,19.6823,19.7639,19.3915,19.5703,300896
1998-11-17,19.4582,19.8769,19.3512,19.4582,332219
1998-11-18,19.4582,19.7639,19.3512,19.7639,210048
1998-11-19,19.7639,19.9123,19.6823,19.7974,178726
1998-11-20,19.9439,19.9439,19.5703,19.8307,393728
1998-11-23,19.9439,20.0932,19.7188,20.0254,223512
1998-11-24,20.0254,20.2495,19.7974,19.9439,331653
1998-11-25,20.0932,20.2839,19.7974,19.9123,260646
1998-11-27,19.7974,19.9439,19.7974,19.8769,73986
1998-11-30,19.8307,20.0932,19.6126,19.6823,228754
1998-12-01,19.6823,20.1718,19.6823,20.1718,406771
1998-12-02,20.0254,20.1374,18.556,19.1201,907085
1998-12-03,19.0425,19.1201,18.7043,18.8931,631132
1998-12-04,18.9668,19.4947,18.9668,19.2706,554306
1998-12-07,19.2706,19.3452,18.7043,19.3452,313650
1998-12-08,19.3452,19.3452,18.7043,19.0072,395432
1998-12-09,19.1201,19.1555,18.7811,18.9668,322726
1998-12-10,19.1201,19.2313,18.668,18.9324,310253
1998-12-11,19.0072,19.1555,18.6287,19.1555,257245
1998-12-14,19.2313,19.6057,19.1909,19.4947,670816
1998-12-15,19.2706,19.5329,18.8548,19.1909,728785
1998-12-16,19.1909,19.1909,18.8548,19.0425,249871
1998-12-17,18.9668,19.1909,18.8184,19.1909,267869
1998-12-18,19.1555,19.2313,18.8931,19.1555,365953
1998-12-21,19.0072,19.2706,18.9324,19.0425,246899
1998-12-22,19.0809,19.0809,18.8931,18.9668,339448
1998-12-23,18.9668,19.4179,18.9668,19.3826,379131
1998-12-24,19.5329,19.5329,19.1909,19.4582,155338
1998-12-28,19.4947,19.758,19.2706,19.5329,387354
1998-12-29,19.6823,19.7974,19.3452,19.7974,277089
1998-12-30,19.7188,19.9123,19.5703,19.9123,253985
1998-12-31,19.8691,20.1374,19.7974,20.1374,255121
1999-01-04,20.3183,20.3625,19.646,19.9811,761809
1999-01-05,20.0932,20.2495,19.5703,19.7188,586203
1999-01-06,19.8691,20.0254,19.4582,20.0254,483306
1999-01-07,19.8691,19.9123,19.0809,19.3826,748066
1999-01-08,19.5329,19.5703,19.1909,19.5703,368218
1999-01-11,19.4179,19.5329,18.8931,19.4582,674359
1999-01-12,19.6057,19.6057,19.2706,19.6057,547941
1999-01-13,19.3826,19.6823,18.9324,19.0809,712062
1999-01-14,19.0425,19.304,18.9668,19.0425,482314
1999-01-15,19.2706,19.4947,19.1201,19.4582,544256
1999-01-19,19.5329,19.5329,18.9668,19.304,316346
1999-01-20,19.4582,19.4582,19.0809,19.2706,390048
1999-01-21,19.3452,19.3452,18.8548,19.1201,274539
1999-01-22,19.0425,19.1909,18.7388,18.9324,290123
1999-01-25,19.0809,19.4179,18.7811,19.2313,638924
1999-01-26,19.2313,19.4179,18.9668,19.3826,473666
1999-01-27,19.4179,19.4179,18.7388,18.8548,479055
1999-01-28,18.7043,19.304,18.668,19.2313,459212
1999-01-29,19.2706,19.2706,18.7388,19.1909,261779
1999-02-01,19.2313,19.2313,18.668,18.7811,279497
1999-02-02,18.8931,19.2313,18.4006,19.0425,549638
1999-02-03,19.1201,19.1909,18.7811,19.1201,424486
1999-02-04,19.1201,19.1201,18.5894,18.7388,253555
1999-02-05,18.7388,19.1909,18.7043,19.1909,559415
1999-02-08,19.1201,19.1909,18.5157,18.7811,409603
1999-02-09,18.7043,18.9324,18.443,18.668,513636
1999-02-10,18.8184,18.8931,18.668,18.7043,458930
1999-02-11,18.668,18.8184,18.668,18.7043,399682
1999-02-12,18.668,18.8184,18.5157,18.7043,463608
1999-02-16,18.7043,18.9668,18.1755,18.2189,309540
1999-02-17,17.8335,18.4783,17.8335,18.4006,757134
1999-02-18,18.4783,18.5894,18.0616,18.1755,407764
1999-02-19,18.0616,18.556,17.9151,18.443,510663
1999-02-22,18.4783,19.1201,18.443,18.9324,503428
1999-02-23,18.7811,18.8548,18.1038,18.5894,382392
1999-02-24,18.443,18.5894,18.1382,18.2503,471545
1999-02-25,18.2503,18.3309,17.688,18.1382,438665
1999-02-26,18.2503,18.3309,17.8335,18.0282,486283
1999-03-01,17.9908,18.1038,17.8335,17.9908,546802
1999-03-02,17.9908,18.1038,17.9151,17.9908,590600
1999-03-03,17.9544,18.3034,17.688,18.2591,456663
1999-03-04,18.3034,18.6051,18.2237,18.3368,521997
1999-03-05,18.3732,18.4488,18.1461,18.3368,452837
1999-03-08,18.2591,19.0592,18.2237,19.0592,698172
1999-03-09,19.0986,19.246,18.0704,18.1098,564803
1999-03-10,18.4852,18.5628,18.1098,18.3034,488830
1999-03-11,18.4164,18.6051,18.3732,18.4852,355747
1999-03-12,18.4852,18.7182,18.2591,18.7182,385650
1999-03-15,18.7182,18.7536,18.0704,18.1835,457655
1999-03-16,18.3034,18.4852,18.1461,18.2591,276227
1999-03-17,18.3732,18.4852,18.1098,18.2237,264331
1999-03-18,18.4852,18.5275,18.1835,18.4852,300471
1999-03-19,18.6405,18.6405,18.2237,18.2237,799367
1999-03-22,18.2237,18.2591,17.922,18.1461,672521
1999-03-23,18.2237,18.3034,17.688,17.688,851099
1999-03-24,17.688,17.688,17.3146,17.6164,1037480
1999-03-25,17.7303,17.7303,17.3834,17.4639,591591
1999-03-26,17.3146,17.3834,17.0827,17.1229,1001478
1999-03-29,17.2714,17.4277,16.9342,17.0463,994537
1999-03-30,16.9686,17.3834,16.891,17.353,464173
1999-03-31,17.353,17.5771,17.353,17.5042,308551
1999-04-01,17.3834,17.7667,17.1946,17.4277,546661
1999-04-05,17.5771,17.9908,17.5771,17.8079,708518
1999-04-06,17.688,17.8787,17.5771,17.688,258660
1999-04-07,17.688,17.8415,17.688,17.7667,236128
1999-04-08,17.7667,17.8787,17.0463,17.688,908924
1999-04-09,17.8415,18.036,17.688,17.8079,323996
1999-04-12,17.6536,18.1835,17.6536,18.1835,327260
1999-04-13,18.2237,18.3732,18.0704,18.2237,378144
1999-04-14,18.1461,18.4488,17.9908,18.3034,312951
1999-04-15,18.4488,18.8646,18.4488,18.7899,567640
1999-04-16,18.9453,19.2116,18.8311,19.1703,604490
1999-04-19,19.1703,19.8996,19.0986,19.7069,603351
1999-04-20,19.9663,20.0441,19.4376,19.5516,744376
1999-04-21,19.359,19.6293,19.1703,19.4376,449003
1999-04-22,19.586,19.586,18.9453,19.2116,527952
1999-04-23,19.2116,19.4376,19.1339,19.2116,383954
1999-04-26,19.1339,19.586,18.9777,19.4032,329386
1999-04-27,19.6637,19.7413,19.1703,19.359,557574
1999-04-28,19.359,19.93,19.2833,19.6637,533482
1999-04-29,19.359,19.4376,17.8415,17.8787,1151003
1999-04-30,18.3034,18.7536,18.2237,18.2237,615265
1999-05-03,18.2237,19.4032,18.2237,19.4032,1016361
1999-05-04,19.3255,19.359,18.7182,18.9777,686410
1999-05-05,19.0592,19.2116,19.0189,19.1339,417255
1999-05-06,19.1339,19.3255,18.9777,19.3255,547507
1999-05-07,19.246,19.6293,19.0986,19.586,884272
1999-05-10,19.4376,19.5516,19.3255,19.4721,836646
1999-05-11,19.4376,20.0116,19.4376,19.7069,1141937
1999-05-12,19.7413,19.8996,19.586,19.819,766490
1999-05-13,19.8534,19.93,19.6637,19.7069,751178
1999-05-14,19.6637,19.7069,19.4032,19.4032,788316
1999-05-17,19.4032,19.4376,19.1339,19.4032,802201
1999-05-18,19.3255,19.586,19.3255,19.5173,509240
1999-05-19,19.5173,19.586,19.4376,19.5516,349653
1999-05-20,19.4721,19.586,19.359,19.5173,511087
1999-05-21,19.6637,19.7413,19.5173,19.7069,578550
1999-05-24,19.7413,20.0441,19.6637,19.7777,453260
1999-05-25,19.8534,20.1571,19.819,19.8996,848553
1999-05-26,19.9663,20.2014,19.9663,20.1237,449717
1999-05-27,20.1237,20.3518,20.1237,20.2702,534191
1999-05-28,20.3518,20.5355,20.3124,20.4618,378144
1999-06-01,20.3822,20.9169,20.3822,20.8431,529227
1999-06-02,21.0771,21.0771,20.6584,20.9257,437950
1999-06-03,20.8844,20.9641,20.7381,20.8058,446453
1999-06-04,20.7381,21.0397,20.6928,20.7714,409745
1999-06-07,20.7381,21.0771,20.6928,21.0771,393022
1999-06-08,21.0024,21.195,20.9257,21.1164,345399
1999-06-09,21.1164,21.2766,20.5424,20.6584,384944
1999-06-10,20.5807,20.7714,20.4687,20.6928,251148
1999-06-11,20.6584,20.9641,20.4235,20.5807,202537
1999-06-14,20.6182,20.7714,20.5807,20.7714,208062
1999-06-15,20.7381,21.1164,20.7381,20.852,378709
1999-06-16,20.9257,21.195,20.9257,21.0397,202111
1999-06-17,21.0024,21.3877,20.8844,21.3877,254835
1999-06-18,21.2275,21.3395,20.6928,20.8844,439936
1999-06-21,20.9641,21.3395,20.9257,21.3395,242220
1999-06-22,21.2766,21.5755,21.2275,21.3877,405775
1999-06-23,21.2275,21.2766,20.5424,20.8058,292396
1999-06-24,20.8058,20.9641,20.5807,20.6928,361982
1999-06-25,20.8058,20.9257,20.6584,20.8058,192186
1999-06-28,20.9641,21.1528,20.8058,21.0397,204517
1999-06-29,20.8844,21.0024,20.6182,20.8058,194459
1999-06-30,20.9641,21.4221,20.8058,21.4221,368218
1999-07-01,21.3395,21.3395,20.6584,21.1528,303729
1999-07-02,21.4221,21.8811,21.309,21.8811,378144
1999-07-06,21.7317,21.7317,21.2766,21.4997,366375
1999-07-07,21.5755,21.6531,21.3877,21.4997,354613
1999-07-08,21.4221,21.6108,21.4221,21.5755,295938
1999-07-09,21.4997,21.5755,21.4221,21.5322,183966
1999-07-12,21.4221,21.6894,21.2766,21.6894,345544
1999-07-13,21.5755,21.6108,21.3395,21.3877,312519
1999-07-14,21.3395,21.4221,21.0771,21.1528,202965
1999-07-15,21.195,21.3877,20.9641,21.1528,256962
1999-07-16,21.195,21.195,20.9257,21.0771,419669
1999-07-19,20.9257,21.0771,20.7381,20.8844,409461
1999-07-20,20.8844,20.9257,20.5807,20.6928,326978
1999-07-21,20.6928,20.8058,20.4235,20.6182,237401
1999-07-22,20.4687,20.5424,19.9663,20.3518,347383
1999-07-23,20.4235,20.503,20.0441,20.1571,288853
1999-07-26,20.1237,20.6182,20.1237,20.3518,257102
1999-07-27,20.2357,20.6584,20.2357,20.5807,213591
1999-07-28,20.4235,20.4235,19.8534,20.0116,382673
1999-07-29,19.8917,19.8917,19.5084,19.586,424486
1999-07-30,19.586,19.6637,18.9737,19.013,576001
1999-08-02,19.1634,19.4317,19.013,19.1634,591874
1999-08-03,19.2076,19.3512,19.0513,19.24,268580
1999-08-04,19.24,19.2833,18.7476,18.7811,333071
1999-08-05,18.8244,18.8244,18.3574,18.5157,679889
1999-08-06,18.556,18.6287,18.3574,18.4783,235841
1999-08-09,18.4783,18.5894,18.2887,18.3574,233999
1999-08-10,18.4783,18.6287,17.8994,17.8994,633827
1999-08-11,17.9771,18.21,17.9427,18.1314,356877
1999-08-12,18.21,18.21,17.6301,17.7902,379418
1999-08-13,17.8994,17.9427,17.75,17.9427,250301
1999-08-16,17.9771,18.1314,17.8994,18.1314,241939
1999-08-17,18.1314,18.2444,17.9771,18.0547,223794
1999-08-18,18.21,18.21,18.0193,18.098,279636
1999-08-19,17.9427,17.9771,17.5633,17.7902,395718
1999-08-20,17.9427,17.9771,17.75,17.9427,249871
1999-08-23,17.9771,18.2444,17.8266,17.9427,306707
1999-08-24,17.9427,17.9771,17.6301,17.8994,262343
1999-08-25,17.9771,18.0547,17.7902,18.0193,323011
1999-08-26,17.9771,18.2887,17.9427,17.9427,244626
1999-08-27,17.8994,18.098,17.5633,17.75,549500
1999-08-30,17.75,17.8266,17.291,17.5947,337178
1999-08-31,17.5161,17.865,17.2507,17.6753,260219
1999-09-01,17.8335,17.9151,17.5239,17.7972,272976
1999-09-02,17.7578,17.8709,17.4846,17.6389,277934
1999-09-03,17.7972,18.1382,17.7972,18.0616,226344
1999-09-07,18.1038,18.1038,17.8335,17.9485,147963
1999-09-08,17.8709,17.9151,17.5633,17.8709,417255
1999-09-09,17.7156,17.9151,17.5633,17.8335,225497
1999-09-10,17.9151,17.9151,17.404,17.5239,223368
1999-09-13,17.6813,17.6813,17.291,17.4492,409038
1999-09-14,17.4492,17.4492,16.9068,16.9804,652110
1999-09-15,17.1376,17.404,16.947,16.947,482880
1999-09-16,16.947,17.1376,16.828,16.9068,466866
1999-09-17,16.9068,16.947,16.5233,16.5578,819781
1999-09-20,16.4456,16.828,16.135,16.4034,588190
1999-09-21,16.2492,16.2914,15.9808,16.0574,513778
1999-09-22,16.135,16.7926,16.135,16.3267,370202
1999-09-23,16.2492,16.2914,15.7135,16.0948,433843
1999-09-24,16.2128,16.2914,15.9454,16.135,356743
1999-09-27,16.135,16.2492,16.0948,16.1715,206926
1999-09-28,16.2128,16.2914,15.5936,15.9808,566501
1999-09-29,16.0221,16.2914,15.8255,16.0221,267593
1999-09-30,16.0948,16.4456,16.0574,16.4034,322015
1999-10-01,16.2492,16.2914,15.8255,16.1715,519592
1999-10-04,16.2492,16.601,16.0574,16.2128,275100
1999-10-05,16.0948,16.2914,15.9808,16.0574,261921
1999-10-06,16.135,16.6374,16.0221,16.482,324143
1999-10-07,16.4456,16.5578,16.2492,16.3267,284030
1999-10-08,16.4456,16.8693,16.4034,16.7926,391462
1999-10-11,16.7494,16.9804,16.5233,16.8693,365667
1999-10-12,16.8693,16.8693,16.0574,16.0574,304158
1999-10-13,16.2128,16.3681,15.7135,15.7135,193317
1999-10-14,15.7135,16.135,15.7135,15.9808,312519
1999-10-15,16.135,16.135,15.4393,15.6721,513213
1999-10-18,15.6339,15.7468,15.0569,15.2456,259935
1999-10-19,15.4058,15.7468,15.3242,15.4393,290411
1999-10-20,15.7468,15.9042,15.5602,15.5936,279073
1999-10-21,15.5602,15.5936,15.3242,15.5159,272549
1999-10-22,15.7468,16.135,15.6339,15.8678,275388
1999-10-25,15.7468,16.135,15.5936,15.9454,313086
1999-10-26,15.9042,16.0948,15.5159,15.6721,284882
1999-10-27,15.5936,16.0221,15.5159,15.8678,351072
1999-10-28,16.3681,16.3681,15.9042,16.0574,430300
1999-10-29,16.0948,16.5233,16.0574,16.0948,472537
1999-11-01,16.135,16.482,16.135,16.2492,688106
1999-11-02,16.2492,16.7494,16.2128,16.482,491811
1999-11-03,16.482,16.5233,15.9042,16.135,857617
1999-11-04,16.135,16.2128,15.9454,16.0574,452693
1999-11-05,16.135,16.4456,16.0948,16.4034,339874
1999-11-08,16.6797,16.6797,16.0574,16.2914,560688
1999-11-09,16.2914,16.5578,16.2128,16.2492,242361
1999-11-10,16.2128,16.4034,16.135,16.1715,560271
1999-11-11,16.2128,16.601,16.2128,16.4034,170929
1999-11-12,16.4034,16.6797,16.2128,16.2128,338457
1999-11-15,16.2128,16.601,16.135,16.135,565371
1999-11-17,16.5233,16.601,16.2914,16.3681,364252
1999-11-18,16.3681,16.482,16.135,16.1715,416834
1999-11-19,16.1715,16.2128,15.9454,16.0574,450425
1999-11-22,15.9808,16.1715,15.7468,16.0948,369354
1999-11-23,15.9808,16.0221,15.5936,15.791,336614
1999-11-24,15.7468,16.0948,15.7135,16.0574,336047
1999-11-26,15.7468,15.9042,15.5936,15.5936,244486
1999-11-29,15.7468,15.7468,15.6339,15.6339,438665
1999-11-30,15.6339,15.9454,15.6339,15.9042,364252
1999-12-01,15.9109,16.03,15.8678,15.9454,508679
1999-12-02,15.9454,16.1872,15.9109,16.1076,426189
1999-12-03,16.142,16.3759,16.1076,16.142,546519
1999-12-06,16.142,16.3414,16.142,16.2992,1001907
1999-12-07,16.2992,16.3759,16.142,16.1872,526106
1999-12-08,16.2206,16.2629,15.9454,16.142,934866
1999-12-09,15.9877,16.0663,15.7538,15.791,673366
1999-12-10,15.791,15.8333,15.5985,15.791,482034
1999-12-13,15.9109,15.9109,15.5985,15.8333,585636
1999-12-14,15.6791,15.791,15.1709,15.2456,615962
1999-12-15,15.1247,15.5237,14.8936,14.9753,612138
1999-12-16,14.8593,15.4058,14.8593,14.8936,1241147
1999-12-17,14.8593,15.1709,14.8181,14.8593,1076032
1999-12-20,15.049,15.0952,14.586,14.6254,899712
1999-12-21,14.5468,14.6598,13.8863,14.4278,646157
1999-12-22,14.4278,15.0952,14.4278,14.8936,912897
1999-12-23,15.0952,15.2898,14.938,15.0952,678468
1999-12-27,15.0952,15.6791,15.0952,15.1709,685130
1999-12-28,15.5237,15.8678,15.3635,15.6339,644173
1999-12-29,15.6339,15.7538,15.2063,15.4432,361133
1999-12-30,15.5237,15.5985,15.1247,15.4058,351637
1999-12-31,15.2456,15.5237,15.0952,15.4786,213305
2000-01-03,15.5237,15.5237,14.7807,15.0118,853651
2000-01-04,14.9753,15.0118,14.705,14.8593,562960
2000-01-05,14.8593,14.9753,14.7807,14.7807,332928
2000-01-06,14.7807,14.9753,14.6598,14.7807,422928
2000-01-07,14.938,15.8333,14.938,15.7538,726239
2000-01-10,15.6791,15.7135,15.1247,15.5602,689953
2000-01-11,15.791,15.8333,15.2063,15.3242,920553
2000-01-12,15.4432,15.9109,15.049,15.2063,1566143
2000-01-13,15.2456,15.9454,15.049,15.5602,796393
2000-01-14,15.2063,15.8333,15.0952,15.4432,722833
2000-01-18,15.5237,15.7135,15.3242,15.4786,437103
2000-01-19,15.5602,15.9109,15.4058,15.6339,455806
2000-01-20,15.6791,15.6791,14.9753,15.1709,438521
2000-01-21,15.3635,15.3635,15.0118,15.0952,638924
2000-01-24,15.2456,15.4432,15.0118,15.0118,355461
2000-01-25,15.049,15.3635,14.7394,14.7807,1061009
2000-01-26,14.7807,14.7807,14.3552,14.4661,1203584
2000-01-27,14.5468,14.6598,14.3552,14.3552,617101
2000-01-28,14.3856,14.5064,14.1556,14.1959,735733
2000-01-31,14.2725,15.4786,14.2333,15.049,934583
2000-02-01,14.9753,15.0118,14.1959,14.3856,641053
2000-02-02,14.3856,14.5064,14.2333,14.3552,718584
2000-02-03,14.3552,14.7394,14.1959,14.4278,469137
2000-02-04,14.3856,14.5468,14.0406,14.1959,449003
2000-02-07,14.1959,14.5468,14.0406,14.3069,406344
2000-02-08,14.2725,14.5468,14.1959,14.1959,499317
2000-02-09,14.1959,14.3069,13.961,14.0406,488830
2000-02-10,14.0406,14.1959,13.4528,13.8066,742250
2000-02-11,13.8066,14.0406,13.3329,13.4902,623480
2000-02-14,13.5344,13.961,13.4902,13.7644,603208
2000-02-15,13.843,14.0002,13.6091,14.0002,514775
2000-02-16,13.961,14.1201,13.8863,13.9207,404222
2000-02-17,13.961,14.0002,13.8863,13.9207,603495
2000-02-18,13.9207,14.0002,13.843,13.961,825163
2000-02-22,14.0406,14.1556,13.8863,14.1556,580535
2000-02-23,14.0002,14.1201,13.6877,13.7644,722691
2000-02-24,13.7644,13.8066,13.4145,13.6091,1269213
2000-02-25,13.7241,13.8066,13.3791,13.5667,637083
2000-02-28,13.7241,13.8863,13.4145,13.7644,555873
2000-02-29,13.9207,14.1556,13.4528,14.075,616677
2000-03-01,14.0534,14.0887,13.4214,13.8577,648424
2000-03-02,13.8922,13.9334,13.4578,13.7801,797811
2000-03-03,13.6612,13.9334,13.5068,13.8145,501874
2000-03-06,13.6612,13.8145,13.2651,13.4578,807164
2000-03-07,13.3063,13.3063,12.7147,12.8277,604063
2000-03-08,12.6723,13.2218,12.5967,13.1108,716879
2000-03-09,13.1108,13.1108,12.9899,12.9899,589325
2000-03-10,12.9476,13.2218,12.9476,13.0675,698027
2000-03-13,12.9476,13.5816,12.9122,13.3063,760393
2000-03-14,13.2651,13.3063,12.7932,12.869,1135699
2000-03-15,13.0213,14.0149,12.9899,13.8922,825309
2000-03-16,14.0534,15.0805,13.9334,14.766,1054630
2000-03-17,15.2376,15.2376,14.646,14.9969,1215212
2000-03-20,14.9969,14.9969,14.5723,14.7247,472680
2000-03-21,14.8476,14.878,14.5723,14.8476,542127
2000-03-22,14.8476,14.9969,14.6048,14.7738,675923
2000-03-23,14.8476,15.3184,14.7247,14.9527,509672
2000-03-24,14.8476,14.878,14.646,14.6835,1117274
2000-03-27,14.646,14.9969,14.6048,14.8476,499317
2000-03-28,14.646,14.9213,14.6048,14.6835,478914
2000-03-29,14.6048,14.8024,14.5723,14.6835,567920
2000-03-30,14.6835,14.9969,14.5723,14.878,449293
2000-03-31,14.7247,15.1168,14.6835,15.0805,484580
2000-04-03,15.0805,15.3528,14.878,15.2761,522142
2000-04-04,15.6339,15.6721,14.7247,15.3528,715317
2000-04-05,15.4727,15.4727,15.1994,15.3528,506267
2000-04-06,15.5159,15.6339,15.162,15.4727,378709
2000-04-07,15.2376,15.6721,15.1168,15.162,374315
2000-04-10,15.3184,15.6339,15.1168,15.3184,330378
2000-04-11,15.397,15.9454,15.162,15.8678,663729
2000-04-12,15.791,16.1076,15.2376,15.5936,1013811
2000-04-13,15.5532,15.9109,15.4727,15.5159,758552
2000-04-14,15.3528,15.6339,14.9969,15.1168,913750
2000-04-17,15.162,15.6339,15.1168,15.5159,825024
2000-04-18,15.5159,15.6339,15.2376,15.6339,355323
2000-04-19,15.5159,15.791,15.3184,15.5936,484863
2000-04-20,15.791,15.8333,15.5936,15.6339,455246
2000-04-24,15.791,16.0663,15.6339,15.9454,341716
2000-04-25,15.8678,16.6227,15.8678,16.5804,587478
2000-04-26,16.5046,16.7367,16.3838,16.6227,707532
2000-04-27,16.6993,16.6993,16.428,16.4614,756136
2000-04-28,16.4614,16.6993,16.3838,16.5804,709513
2000-05-01,16.4614,16.8556,16.428,16.6993,395006
2000-05-02,16.6993,16.8212,16.5401,16.5804,325983
2000-05-03,16.6227,16.659,16.3838,16.4614,516618
2000-05-04,16.5804,16.8212,16.3414,16.428,473245
2000-05-05,16.5046,16.5804,16.142,16.142,397561
2000-05-08,16.1872,16.5804,16.03,16.3838,255258
2000-05-09,16.5401,16.5401,15.9454,16.2629,299199
2000-05-10,16.1076,16.428,15.791,16.0663,329673
2000-05-11,16.03,16.3071,16.03,16.1076,383668
2000-05-12,16.1076,16.2629,15.8333,16.1872,572460
2000-05-15,16.0663,16.2275,15.9877,16.0663,271980
2000-05-16,15.9109,16.5804,15.9109,16.3838,340297
2000-05-17,16.2275,16.2275,15.8333,15.9877,333781
2000-05-18,15.9454,16.2275,15.791,15.8678,701290
2000-05-19,15.7135,15.9109,15.6339,15.8678,659905
2000-05-22,15.9109,16.1076,15.791,15.8333,415415
2000-05-23,15.8333,15.9877,15.791,15.791,325841
2000-05-24,15.9454,16.3071,15.8678,16.0663,620361
2000-05-25,15.9109,15.9877,15.6339,15.8678,534046
2000-05-26,15.7135,15.791,15.2376,15.3528,573023
2000-05-30,15.3528,15.6721,15.3528,15.5532,532769
2000-05-31,15.6339,15.6339,15.0805,15.0805,999636
2000-06-01,15.0805,15.3528,15.0805,15.3184,725949
2000-06-02,15.397,15.5159,15.2376,15.3184,561401
2000-06-05,15.2376,15.5532,15.1994,15.2761,470410
2000-06-06,15.0431,15.3184,14.7247,15.0431,1076315
2000-06-07,15.0118,15.0992,14.7394,14.8181,526106
2000-06-08,14.7738,14.9792,14.6982,14.7738,825589
2000-06-09,14.6982,14.8593,14.6185,14.6982,439655
2000-06-12,14.6982,14.8181,14.5783,14.6529,426189
2000-06-13,14.531,14.8593,14.531,14.7738,413433
2000-06-14,14.8181,15.1326,14.6982,14.8181,405354
2000-06-15,14.6529,14.8593,14.4996,14.531,524548
2000-06-16,14.531,14.5783,13.9777,14.1418,909354
2000-06-19,14.0534,14.0976,13.7801,13.8214,695623
2000-06-20,13.8214,13.8577,13.498,13.6612,614977
2000-06-21,13.7378,13.8577,13.4578,13.6169,548360
2000-06-22,13.5816,13.6612,13.4214,13.498,604770
2000-06-23,13.6612,13.7015,13.4214,13.5403,548503
2000-06-26,13.4214,13.7378,13.2218,13.4214,500597
2000-06-27,13.3399,13.7015,13.1373,13.5403,509525
2000-06-28,13.4578,13.7378,13.3791,13.4645,1563872
2000-06-29,13.3004,13.498,13.1019,13.2582,1144624
2000-06-30,13.3004,13.5403,12.7707,12.7775,1503922
2000-07-03,12.9397,13.5816,12.9397,13.4214,547229
2000-07-05,13.2582,13.5403,13.2582,13.4578,1464657
2000-07-06,13.4578,13.6612,13.1019,13.4578,544256
2000-07-07,13.6612,13.9777,13.498,13.7015,1481383
2000-07-10,13.7378,13.9334,13.6169,13.8214,937134
2000-07-11,13.7801,14.1713,13.7015,14.0209,1244550
2000-07-12,13.7801,14.0976,13.7378,13.9334,324990
2000-07-13,13.899,14.0209,13.7015,13.9334,351072
2000-07-14,13.9777,14.0534,13.8577,13.9777,280488
2000-07-17,13.7378,13.7801,13.5816,13.7015,524835
2000-07-18,13.5816,13.7801,13.4214,13.5816,644596
2000-07-19,13.6169,13.6396,13.3399,13.3399,411731
2000-07-20,13.3004,13.4578,13.2218,13.3004,427749
2000-07-21,13.2582,13.3791,13.1373,13.1785,804187
2000-07-24,13.3399,13.6612,13.3399,13.4578,446453
2000-07-25,13.7015,13.7378,13.1785,13.2582,996801
2000-07-26,13.1785,13.4578,13.1785,13.3004,676203
2000-07-27,13.1373,13.3399,13.0163,13.1019,1017207
2000-07-28,12.9397,13.1019,12.8208,12.8631,490256
2000-07-31,13.1373,13.1785,12.7775,12.8208,956407
2000-08-01,12.9397,13.1019,12.8208,12.983,614410
2000-08-02,13.1019,13.1373,12.9397,13.1019,601090
2000-08-03,13.1019,13.2582,12.983,12.983,789869
2000-08-04,12.9397,13.2582,12.8974,13.1019,769747
2000-08-07,13.2218,13.2218,13.0163,13.1373,669684
2000-08-08,13.2218,13.498,13.1373,13.3791,653953
2000-08-09,13.3004,13.4214,13.2582,13.3004,409745
2000-08-10,13.3791,13.5403,13.3399,13.4214,485998
2000-08-11,13.4578,13.9334,13.4578,13.7801,788316
2000-08-14,13.8577,14.0209,13.7378,13.9334,812830
2000-08-15,13.899,13.9334,13.5816,13.6612,357733
2000-08-16,13.6612,13.7015,13.3004,13.6612,488268
2000-08-17,13.498,13.7378,13.4578,13.7015,285868
2000-08-18,13.5816,13.7378,13.4578,13.5403,459919
2000-08-21,13.6169,13.7378,13.4578,13.6612,439936
2000-08-22,13.7801,13.8577,13.4214,13.7378,991698
2000-08-23,13.7015,13.7015,13.2582,13.3399,615684
2000-08-24,13.3791,13.5816,13.3791,13.4214,355747
2000-08-25,13.4214,13.498,13.3004,13.3399,829844
2000-08-28,13.3399,13.4214,13.2582,13.3004,635384
2000-08-29,13.2582,13.3399,13.1019,13.1785,702284
2000-08-30,13.1785,13.2582,13.1019,13.1373,553612
2000-08-31,13.1785,13.2582,13.1019,13.1373,590882
2000-09-01,13.1373,13.2582,12.983,13.0163,362547
2000-09-05,13.2582,13.4214,13.2218,13.3399,1258721
2000-09-06,13.4735,13.6396,13.4351,13.5944,902266
2000-09-07,13.7241,13.7575,13.5187,13.562,464458
2000-09-08,13.5944,13.6819,13.2729,13.3998,504423
2000-09-11,13.4735,13.6396,13.3132,13.562,561401
2000-09-12,13.562,13.6819,13.3132,13.4735,582377
2000-09-13,13.3132,13.6396,13.2357,13.3132,587619
2000-09-14,13.2357,13.2357,12.9899,13.0763,711070
2000-09-15,13.1943,13.2357,12.869,12.9122,1240721
2000-09-18,12.869,12.869,12.6656,12.7471,1031525
2000-09-19,12.6656,12.7078,12.2635,12.4679,996516
2000-09-20,12.3844,12.4679,12.2202,12.2635,594283
2000-09-21,11.8173,12.3844,11.8173,12.3422,1204439
2000-09-22,12.3844,12.4238,12.1436,12.2635,686834
2000-09-25,12.2635,12.5898,12.1003,12.1839,586486
2000-09-26,12.3038,12.6281,12.0571,12.0571,484580
2000-09-27,12.1839,12.4238,12.1436,12.3844,321593
2000-09-28,12.3844,12.5457,12.1436,12.3844,480470
2000-09-29,12.4238,12.5898,12.2635,12.3422,784069
2000-10-02,12.4679,12.5457,12.2635,12.3038,972853
2000-10-03,12.3844,12.9122,12.3038,12.7078,780375
2000-10-04,12.7471,13.0763,12.7078,12.7078,411445
2000-10-05,12.6656,12.9899,12.6656,12.8277,300471
2000-10-06,12.9554,12.9554,12.5898,12.6656,594569
2000-10-09,12.7932,12.9122,12.6656,12.7471,256962
2000-10-10,12.7932,12.869,12.6656,12.7078,341151
2000-10-11,12.6656,12.9899,12.6656,12.7932,839479
2000-10-12,12.7471,12.9122,12.5898,12.7078,899712
2000-10-13,12.6281,12.7932,12.6281,12.6656,756849
2000-10-16,12.7471,12.7932,12.5898,12.6656,426332
2000-10-17,12.7078,12.9122,12.4238,12.5457,401526
2000-10-18,12.4238,12.6281,12.0571,12.3844,652110
2000-10-19,12.5014,12.9554,12.3422,12.869,376156
2000-10-20,12.7078,12.9554,12.6281,12.7471,442627
2000-10-23,12.869,12.9122,12.6281,12.6281,409603
2000-10-24,12.6656,12.8277,12.6281,12.8277,402517
2000-10-25,12.7078,12.7932,12.6281,12.7078,380692
2000-10-26,12.6656,12.9899,12.6656,12.8277,315638
2000-10-27,12.9122,12.9554,12.6656,12.7932,666990
2000-10-30,12.8277,13.3998,12.7078,13.151,863576
2000-10-31,13.2729,13.843,13.151,13.8018,621213
2000-11-01,13.8784,13.8784,13.4735,13.6396,356456
2000-11-02,13.3546,13.8784,13.3546,13.562,746928
2000-11-03,13.5187,13.8018,13.3132,13.5187,783068
2000-11-06,13.5944,13.8784,13.4735,13.6819,334768
2000-11-07,13.5187,13.7241,13.4735,13.562,389622
2000-11-08,13.4735,13.6819,13.3546,13.5187,568206
2000-11-09,13.5187,13.562,13.151,13.3132,500884
2000-11-10,13.151,13.3132,12.5014,12.5457,1253336
2000-11-13,12.6656,12.9554,12.5898,12.6656,670249
2000-11-14,12.7932,12.7932,12.6281,12.7078,563100
2000-11-15,12.8277,12.9122,12.7078,12.7932,426895
2000-11-16,12.6656,12.7471,12.5014,12.6281,551338
2000-11-17,12.4679,12.9554,12.4679,12.7471,622065
2000-11-20,12.7078,12.9122,12.3422,12.4679,705681
2000-11-21,12.5014,12.6281,12.3844,12.3844,538865
2000-11-22,12.3038,12.3844,12.1839,12.2202,507825
2000-11-24,12.3422,12.5457,12.3422,12.5457,207353
2000-11-27,12.7078,12.869,12.6281,12.7471,461338
2000-11-28,12.7078,12.869,12.3844,12.3844,650693
2000-11-29,12.4238,12.7078,12.4238,12.5457,492941
2000-11-30,12.6656,12.7932,12.3038,12.4238,578831
2000-12-01,12.4679,12.8277,12.4679,12.6281,359857
2000-12-04,12.7471,13.2729,12.7471,13.151,629430
2000-12-05,13.2729,13.3546,12.9122,13.0763,754867
2000-12-06,13.1707,13.1707,12.9241,13.0439,951872
2000-12-07,13.0439,13.2926,13.0439,13.1707,1094882
2000-12-08,13.1305,13.3791,13.0439,13.2926,725105
2000-12-11,13.4528,13.498,13.215,13.4214,615962
2000-12-12,13.4214,13.9482,13.4214,13.8745,959668
2000-12-13,13.8745,13.9935,13.7851,13.8283,628583
2000-12-14,13.7851,14.1124,13.7467,13.7851,688960
2000-12-15,13.7851,13.9482,13.7467,13.7851,1025711
2000-12-18,13.7851,14.4436,13.7851,14.2775,830407
2000-12-19,14.2775,15.0992,14.24,14.8091,1019483
2000-12-20,14.8524,15.0569,14.5232,14.8091,829984
2000-12-21,14.8524,15.7538,14.766,15.6339,872784
2000-12-22,15.9169,16.4546,15.8403,16.2492,1145336
2000-12-26,16.3267,16.4959,16.086,16.4113,397844
2000-12-27,16.4113,17.3146,16.2492,17.1946,488830
2000-12-28,17.0659,17.2301,16.6993,17.1524,596690
2000-12-29,17.0659,17.3597,16.9883,17.1946,906375
2001-01-02,17.2301,17.7215,17.1524,17.3146,989857
2001-01-03,17.3597,17.8867,16.6993,17.7215,981778
2001-01-04,17.5633,18.0114,17.1946,17.8502,1668472
2001-01-05,17.8867,17.8867,17.2301,17.4796,1002187
2001-01-08,17.3146,17.4796,16.7435,17.4355,638361
2001-01-09,17.2301,17.6813,17.1102,17.5161,496348
2001-01-10,17.3597,17.4796,16.7435,17.3146,811137
2001-01-11,17.1946,17.6035,16.6168,17.1524,762942
2001-01-12,17.0659,17.3146,16.8605,17.2714,357308
2001-01-16,17.2714,17.3146,16.9068,17.1524,631415
2001-01-17,17.1524,17.3597,17.0266,17.1102,510092
2001-01-18,16.947,17.0266,16.6993,16.7435,877894
2001-01-19,16.8212,16.9068,16.3267,16.8212,621213
2001-01-22,16.6168,16.7799,16.2914,16.7435,562960
2001-01-23,16.8212,16.8212,16.2492,16.3267,624329
2001-01-24,16.2492,16.6168,16.1626,16.4959,590737
2001-01-25,16.4113,16.6993,16.1626,16.4959,575148
2001-01-26,16.5401,16.5401,16.1626,16.3681,680456
2001-01-29,16.2128,16.3838,16.1155,16.2492,402517
2001-01-30,16.2757,16.4113,15.9306,16.4113,519872
2001-01-31,16.4113,16.7278,16.3474,16.6512,799367
2001-02-01,16.8133,16.8133,16.548,16.601,543400
2001-02-02,16.7071,16.7729,16.4733,16.6227,862439
2001-02-05,16.7435,16.9745,16.6914,16.7926,566359
2001-02-06,16.7926,17.0659,16.7868,16.9804,549500
2001-02-07,17.3303,17.3303,17.1102,17.2301,776406
2001-02-08,17.2369,17.6241,17.1642,17.3146,1403426
2001-02-09,17.4639,17.4639,17.1524,17.2114,497620
2001-02-12,17.2036,17.4277,17.1642,17.353,534046
2001-02-13,17.3962,17.6389,17.2988,17.5771,323150
2001-02-14,17.4984,17.7215,17.3834,17.5161,527101
2001-02-15,17.4424,17.9544,17.4109,17.8266,449150
2001-02-16,17.7578,17.9849,17.7578,17.922,469553
2001-02-20,17.7578,18.4616,17.7578,18.4223,879310
2001-02-21,18.2887,18.6749,18.2887,18.4488,645446
2001-02-22,18.4488,18.4488,17.7578,18.0419,506831
2001-02-23,18.1688,18.3309,17.5042,17.7019,604063
2001-02-26,17.7902,18.1382,17.7578,18.0193,493797
2001-02-27,18.0193,18.1913,17.8218,17.8502,639213
2001-02-28,17.9151,18.0193,17.6241,17.695,542694
2001-03-01,17.5318,17.7902,17.3962,17.6389,524835
2001-03-02,17.5239,18.2317,17.5239,17.7215,1001194
2001-03-05,17.8582,18.0832,17.6241,17.9427,903115
2001-03-06,18.1038,18.1461,17.8415,17.9624,649561
2001-03-07,17.8582,17.9544,17.7215,17.8335,524269
2001-03-08,17.9849,18.0193,17.7215,17.922,584644
2001-03-09,18.0832,18.1166,17.5947,17.6813,449717
2001-03-12,17.7215,17.8867,17.4796,17.4846,599103
2001-03-13,17.4846,17.4846,17.1642,17.3903,398266
2001-03-14,17.3962,17.4552,16.7435,16.8399,450988
2001-03-15,16.9401,17.1299,16.8073,17.0659,313940
2001-03-16,16.7071,17.0344,16.5862,16.5951,686266
2001-03-19,16.7494,17.0394,16.6797,16.8605,343273
2001-03-20,16.8605,17.3962,16.8399,16.8399,477072
2001-03-21,16.8399,16.8476,16.2835,16.2914,328114
2001-03-22,15.8894,17.0659,15.6988,16.1509,767905
2001-03-23,16.2835,16.2835,15.8815,15.9228,861303
2001-03-26,16.4034,16.7367,16.3474,16.6679,384239
2001-03-27,16.8073,16.8841,16.5046,16.7799,621069
2001-03-28,16.7799,17.003,16.548,16.9068,624760
2001-03-29,16.9068,17.003,16.6442,16.7209,493653
2001-03-30,16.7278,17.2301,16.5086,17.01,504001
2001-04-02,17.2988,17.5633,17.003,17.1376,536596
2001-04-03,17.2664,17.2988,16.5951,16.6679,401670
2001-04-04,16.8073,17.3225,16.8073,17.1524,409317
2001-04-05,17.3303,17.7578,17.2036,17.7382,561401
2001-04-06,17.7382,17.7382,17.3962,17.5633,493797
2001-04-09,17.6616,17.9485,17.6616,17.7667,275810
2001-04-10,17.9288,18.3191,17.7215,18.1245,345827
2001-04-11,18.1166,18.1166,17.5947,17.695,312093
2001-04-12,17.5947,18.0704,17.5633,17.8994,327119
2001-04-16,17.7578,18.1314,17.7578,18.1314,280207
2001-04-17,17.9691,18.2503,17.8787,18.1038,508393
2001-04-18,17.9485,18.8705,17.9092,18.7103,667415
2001-04-19,18.7103,18.7103,18.1382,18.38,541978
2001-04-20,18.2503,18.38,18.0547,18.2503,278080
2001-04-23,18.3506,18.3506,18.1038,18.2189,352345
2001-04-24,18.3506,18.3506,17.7215,17.8335,900428
2001-04-25,17.8582,17.8867,17.6616,17.695,840897
2001-04-26,17.6616,17.8582,17.6616,17.745,664299
2001-04-27,17.9092,17.9544,17.695,17.7215,406344
2001-04-30,17.7215,17.9544,17.5554,17.7215,599243
2001-05-01,17.8582,17.922,17.695,17.7215,793558
2001-05-02,17.695,17.7902,17.6616,17.7382,537735
2001-05-03,17.695,17.7215,17.4984,17.5633,1047540
2001-05-04,17.5102,17.6241,17.4639,17.5633,429163
2001-05-07,17.5947,17.8582,17.5947,17.7303,349364
2001-05-08,17.8934,17.922,17.6241,17.8867,400255
2001-05-09,17.8582,17.8582,17.695,17.7077,231729
2001-05-10,17.7077,17.8709,17.6616,17.7902,266174
2001-05-11,17.7215,17.8582,17.695,17.7303,237541
2001-05-14,17.7215,17.8021,17.7215,17.7902,267869
2001-05-15,17.7902,18.0419,17.7902,17.9288,248461
2001-05-16,18.1835,18.6218,17.9849,18.5825,571039
2001-05-17,18.5757,18.7741,18.4783,18.5432,427320
2001-05-18,18.615,18.615,18.4488,18.5432,516328
2001-05-21,18.4783,18.5088,18.0547,18.4371,615543
2001-05-22,18.4371,18.5432,18.4006,18.4006,247324
2001-05-23,18.38,18.4783,18.3506,18.38,469553
2001-05-24,18.38,18.5432,18.3653,18.4783,291264
2001-05-25,18.5757,18.7103,18.3938,18.4695,305430
2001-05-29,18.4164,18.7103,18.38,18.5628,340016
2001-05-30,18.615,18.7103,18.5157,18.5757,389762
2001-05-31,18.615,18.9453,18.55,18.7536,413998
2001-06-01,18.8244,18.8468,18.5757,18.6818,350359
2001-06-04,18.8115,18.8705,18.615,18.8115,343559
2001-06-05,18.8115,19.2764,18.8115,19.1998,471685
2001-06-06,19.1791,19.3826,19.0072,19.2116,551192
2001-06-07,19.2116,19.4582,19.1044,19.3118,413285
2001-06-08,19.2243,19.3118,19.1113,19.2706,265889
2001-06-11,19.2706,19.2706,19.0986,19.1703,273829
2001-06-12,19.2116,19.2116,18.7968,19.1555,366238
2001-06-13,19.0926,19.1634,19.0278,19.1281,267019
2001-06-14,19.1339,19.1555,18.9167,19.1044,434409
2001-06-15,19.1044,19.2194,19.0278,19.1201,622344
2001-06-18,19.1201,19.646,19.0926,19.3393,385937
2001-06-19,19.3915,19.4661,19.2194,19.359,366518
2001-06-20,19.1555,19.5939,19.1467,19.5398,431150
2001-06-21,19.5939,19.8839,19.5329,19.8769,385371
2001-06-22,19.8769,20.0509,19.7188,19.819,351495
2001-06-25,19.758,19.8917,19.646,19.819,309260
2001-06-26,19.7905,20.0932,19.5566,19.9173,628300
2001-06-27,19.8917,20.3183,19.8534,20.0509,560271
2001-06-28,20.0578,20.852,20.0578,20.7586,791997
2001-06-29,20.7586,20.8844,20.6182,20.8844,514913
2001-07-02,20.7842,21.2805,20.6839,21.0771,789595
2001-07-03,21.1164,21.3798,21.0181,21.2206,468705
2001-07-05,21.2137,21.6472,21.1743,21.4526,838347
2001-07-06,21.427,21.5322,21.2766,21.2932,513919
2001-07-09,21.2932,21.6029,21.1164,21.309,849401
2001-07-10,21.3012,21.4466,21.0328,21.1459,951021
2001-07-11,21.1459,22.1494,21.0397,21.9784,1159226
2001-07-12,21.9784,22.9082,21.9076,22.6154,936421
2001-07-13,22.3381,22.6201,21.8437,22.4649,458645
2001-07-16,22.5189,22.5259,22.2418,22.4286,500884
2001-07-17,22.1729,22.8591,22.1445,22.7343,715177
2001-07-18,22.7736,22.8404,22.2733,22.5328,524975
2001-07-19,22.5328,22.5328,22.0098,22.4,561688
2001-07-20,22.4423,22.4423,21.9951,22.2566,403509
2001-07-23,22.0904,22.1307,21.5163,21.7317,534191
2001-07-24,21.4034,21.7808,21.3326,21.4526,361133
2001-07-25,21.3326,21.7434,20.9257,21.6747,813543
2001-07-26,21.5163,22.1445,21.195,21.9784,804043
2001-07-27,21.9784,22.0157,21.5755,21.6392,321448
2001-07-30,21.6108,21.7247,21.483,21.717,392739
2001-07-31,21.6688,21.9488,21.4761,21.8221,287995
2001-08-01,21.8437,22.114,21.7671,22.0817,391608
2001-08-02,22.2172,22.2733,21.6275,21.8074,222096
2001-08-03,21.8074,22.0098,21.6747,22.0098,277232
2001-08-06,22.059,22.0659,21.8811,21.9411,264472
2001-08-07,21.8811,21.9862,21.7808,21.9341,162564
2001-08-08,21.9341,22.0727,21.8437,21.8948,614689
2001-08-09,21.8948,21.9411,21.3474,21.7887,413716
2001-08-10,21.8811,22.0413,21.7434,22.0413,227767
2001-08-13,22.1445,22.1445,21.6275,21.7808,364392
2001-08-14,21.8074,21.9341,21.6392,21.8889,227193
2001-08-15,22.0098,22.0098,21.5872,21.6747,201967
2001-08-16,21.5755,22.0275,21.4221,22.0157,268011
2001-08-17,21.9411,21.9488,21.0831,21.1301,499317
2001-08-20,21.0466,21.1164,20.6506,21.0771,511226
2001-08-21,20.7518,21.2442,20.7518,21.1233,357308
2001-08-22,20.9817,21.1823,20.7154,20.9345,314787
2001-08-23,21.0466,21.2137,20.7381,21.2137,310395
2001-08-24,21.2137,21.2137,20.798,20.9817,308976
2001-08-27,21.1164,21.1823,20.7075,20.7311,348948
2001-08-28,20.8844,20.8844,20.5424,20.5512,398549
2001-08-29,20.6182,20.6506,20.2702,20.2839,467007
2001-08-30,20.2839,20.7075,20.1493,20.4235,425903
2001-08-31,20.455,20.5355,20.2839,20.3891,443622
2001-09-04,20.5512,21.202,20.4165,20.906,377713
2001-09-05,20.8431,20.9749,20.6043,20.9119,341577
2001-09-06,20.8137,20.9749,20.5424,20.8058,329386
2001-09-07,21.0771,21.0831,20.4854,20.5965,622911
2001-09-10,20.6721,20.6721,20.2357,20.4382,482034
2001-09-17,20.3036,20.3036,18.726,19.3659,950738
2001-09-18,19.3305,19.5516,18.8597,18.953,569906
2001-09-19,19.1998,19.5939,18.0114,18.3938,601370
2001-09-20,18.4616,18.9078,18.3869,18.7899,833527
2001-09-21,18.3938,19.1998,18.3938,18.7663,863432
2001-09-24,19.2313,19.9123,19.2313,19.8042,501589
2001-09-25,20.1374,21.0771,20.0028,20.2702,1158379
2001-09-26,20.3124,20.5719,20.0254,20.5719,546236
2001-09-27,20.6386,20.7381,20.4382,20.7222,649133
2001-09-28,20.7381,21.5163,20.7381,21.3159,785053
2001-10-01,21.3159,22.1729,21.309,22.0098,797100
2001-10-02,22.2103,22.5868,22.002,22.4816,718298
2001-10-03,22.0727,22.6684,22.0727,22.5563,846565
2001-10-04,22.5789,22.6684,22.2861,22.4964,1039037
2001-10-05,22.5622,22.8826,22.406,22.8462,614835
2001-10-08,22.745,23.0144,22.5947,22.7736,449717
2001-10-09,22.2733,22.7293,22.2733,22.3823,465304
2001-10-10,22.3883,22.7677,22.3883,22.7057,971433
2001-10-11,23.0429,23.4183,22.8109,23.1559,1110328
2001-10-12,23.1765,23.2492,22.4344,23.0783,499890
2001-10-15,22.9082,23.4026,22.7126,23.3948,474945
2001-10-16,23.3809,23.551,23.2129,23.5147,334768
2001-10-17,23.5147,23.5737,22.4423,22.6536,824171
2001-10-18,22.6536,22.8109,22.3067,22.7617,792993
2001-10-19,22.745,22.8591,22.4127,22.6763,240519
2001-10-22,22.5789,23.0429,22.347,23.0094,418534
2001-10-23,22.9082,23.2355,22.6341,22.7804,396426
2001-10-24,22.7804,22.8109,22.347,22.6261,316346
2001-10-25,22.1445,22.6154,21.9784,22.6074,436530
2001-10-26,22.5789,23.0999,22.5406,22.9868,415415
2001-10-29,23.1225,23.1225,22.2693,22.2733,520012
2001-10-30,22.2103,22.3067,21.8733,21.9951,401376
2001-10-31,22.1543,22.2172,21.6894,21.7434,504707
2001-11-01,22.0727,22.2103,21.8733,22.1366,647714
2001-11-02,22.1729,22.7972,22.114,22.7736,262913
2001-11-05,22.8404,23.4183,22.7736,22.9082,500741
2001-11-06,22.9456,23.2758,22.745,22.9651,546948
2001-11-07,23.0144,23.1845,22.7804,23.0783,430865
2001-11-08,23.149,23.4813,22.8826,22.9249,331939
2001-11-09,22.8109,23.0094,22.6969,22.8462,344549
2001-11-12,22.6763,22.6763,22.3224,22.4127,348517
2001-11-13,22.8109,22.8462,22.4,22.6458,528519
2001-11-14,22.6763,23.0281,22.6763,22.8462,465729
2001-11-15,22.8826,23.3121,22.8512,23.2276,542269
2001-11-16,23.2355,23.2424,22.406,22.5072,556582
2001-11-19,22.5406,22.9594,22.5406,22.9594,524269
2001-11-20,22.9514,22.9514,22.6154,22.6969,266739
2001-11-21,22.7205,22.745,22.2251,22.3823,218125
2001-11-23,22.3823,22.6763,22.3018,22.5328,263619
2001-11-26,22.5622,23.0144,22.5259,23.0144,634820
2001-11-27,22.9456,23.0026,22.5485,22.7126,421651
2001-11-28,22.7205,22.8945,22.6341,22.7293,428030
2001-11-29,22.7343,23.4096,22.3823,22.6154,455527
2001-11-30,22.6154,22.9711,22.5072,22.5406,432279
2001-12-03,22.6763,22.6763,22.0727,22.5141,333637
2001-12-04,22.5789,22.6763,22.347,22.5789,401670
2001-12-05,22.9377,23.6571,22.805,23.5874,1070499
2001-12-06,23.6778,24.9015,23.6778,24.3,1277149
2001-12-07,24.4907,24.7865,24.2568,24.4139,638503
2001-12-10,24.4139,24.4209,23.8281,23.8281,614835
2001-12-11,23.9824,24.0679,23.6778,23.8281,303729
2001-12-12,23.955,24.1663,23.5147,23.8468,571746
2001-12-13,23.7839,24.0679,23.6847,23.7899,433419
2001-12-14,23.955,23.9894,23.6149,23.9824,464458
2001-12-17,24.1083,24.587,24.0866,24.4907,387496
2001-12-18,24.6941,24.8631,24.587,24.7422,374883
2001-12-19,24.7227,24.7227,24.2873,24.4907,379418
2001-12-20,24.5594,24.6233,24.1506,24.587,373604
2001-12-21,24.587,24.7422,24.016,24.7295,715607
2001-12-24,24.757,24.9624,24.7482,24.9329,222378
2001-12-26,24.9624,25.4411,24.9624,25.2612,526395
2001-12-27,25.0588,25.5964,24.6686,24.9271,532347
2001-12-28,24.9015,25.0588,24.5594,24.7422,352631
2001-12-31,24.757,24.9624,24.702,24.757,387631
2002-01-02,24.6233,24.6233,23.8832,24.3491,702284
2002-01-03,24.3914,24.4907,24.1231,24.2204,1032942
2002-01-04,24.2568,24.4288,23.955,24.016,855780
2002-01-07,24.0522,24.2204,23.6503,24.1741,791859
2002-01-08,24.1231,24.355,24.0522,24.2873,393591
2002-01-09,24.2873,24.4907,24.2568,24.4288,586777
2002-01-10,24.355,24.3609,23.2041,23.6503,703133
2002-01-11,23.9157,24.2204,23.5815,23.9619,523278
2002-01-14,23.9824,24.1888,23.5068,23.5147,522423
2002-01-15,23.3486,23.9323,23.2758,23.4753,312377
2002-01-16,23.4813,23.7839,22.9377,23.1077,440077
2002-01-17,23.0733,23.3486,23.0733,23.2974,264331
2002-01-18,23.2974,23.3633,23.0429,23.149,441922
2002-01-22,23.2758,23.665,23.2218,23.4813,405210
2002-01-23,23.5147,23.5372,22.8876,23.3948,357163
2002-01-24,23.4096,23.495,23.1077,23.3121,361698
2002-01-25,23.2758,23.4753,23.0733,23.439,430300
2002-01-28,23.5737,23.9412,23.5579,23.8891,434694
2002-01-29,23.9824,24.0444,23.4459,23.6936,470410
2002-01-30,23.5451,24.0866,23.2974,23.7004,555163
2002-01-31,23.7839,24.1015,23.4813,23.9687,889792
2002-02-01,24.1231,24.3197,23.7692,23.7899,794266
2002-02-04,23.8203,24.2282,23.607,23.665,382673
2002-02-05,23.665,23.7152,23.1077,23.2974,487842
2002-02-06,23.3121,23.432,23.0733,23.1559,1402581
2002-02-07,23.1765,23.1845,22.5328,22.8876,628583
2002-02-08,22.9377,23.268,22.7804,23.2424,606193
2002-02-11,23.2611,23.4459,23.1559,23.3181,593151
2002-02-12,23.2758,23.4026,23.0429,23.149,544955
2002-02-13,23.2758,23.3486,23.091,23.3121,632265
2002-02-14,23.3741,23.4096,23.1402,23.2355,437244
2002-02-15,23.3121,23.4096,23.1077,23.3328,462326
2002-02-19,23.432,23.432,23.0094,23.0213,294375
2002-02-20,23.0429,23.432,22.8876,23.3633,349510
2002-02-21,23.432,23.8832,23.3741,23.5874,449429
2002-02-22,23.4813,24.0866,23.4096,23.8125,436674
2002-02-25,23.8832,24.5477,23.8832,24.4395,526818
2002-02-26,24.5594,24.9546,24.5594,24.7748,730910
2002-02-27,24.8631,24.9271,24.6233,24.7422,563100
2002-02-28,24.7422,24.8631,24.5241,24.645,290689
2002-03-01,24.7177,24.8858,24.5398,24.7748,504283
2002-03-04,24.757,25.2986,24.7422,25.2249,758126
2002-03-05,25.2249,25.2986,24.9015,25.2023,459635
2002-03-06,25.16,25.5757,25.1335,25.3654,496486
2002-03-07,25.16,25.3074,24.8347,25.2721,474945
2002-03-08,25.3654,25.4912,25.16,25.2249,362694
2002-03-11,25.0892,25.4008,24.8631,25.2111,200413
2002-03-12,24.8219,25.3713,24.813,25.3369,386932
2002-03-13,25.3369,25.3654,25.1404,25.16,697317
2002-03-14,25.0528,25.2917,24.9624,25.2249,393728
2002-03-15,25.2917,25.4705,25.2023,25.3783,541275
2002-03-18,25.16,25.568,25.16,25.506,471115
2002-03-19,25.6534,26.0416,25.4705,25.8923,587908
2002-03-20,25.8382,25.8382,25.3654,25.5757,636657
2002-03-21,25.568,25.568,24.9271,25.0823,565935
2002-03-22,25.0528,25.2721,24.6539,24.9476,363831
2002-03-25,24.8858,24.9919,24.2488,24.2715,385227
2002-03-26,24.2715,24.877,24.2135,24.3491,517607
2002-03-27,24.8219,25.2111,24.7227,25.1542,495073
2002-03-28,25.0892,25.2111,24.9015,25.0047,301462
2002-04-01,24.8858,25.0892,24.5034,24.9143,305714
2002-04-02,24.7482,24.9546,24.6745,24.7659,416689
2002-04-03,24.8347,24.8435,24.2873,24.4838,311528
2002-04-04,24.5477,25.0352,24.5477,25.0273,247181
2002-04-05,25.0892,25.2917,25.0273,25.1275,273968
2002-04-08,25.0892,25.331,24.9015,25.1797,226629
2002-04-09,25.1797,25.6534,25.0892,25.6347,247324
2002-04-10,25.568,26.3788,25.561,25.7026,671670
2002-04-11,25.5964,25.8225,25.2534,25.3783,342988
2002-04-12,25.4126,25.4126,24.6175,25.0273,490532
2002-04-15,25.0273,25.0273,24.7177,24.8219,298486
2002-04-16,24.8494,25.0273,24.4523,25.0136,655940
2002-04-17,24.9919,25.0136,24.3403,24.5329,423497
2002-04-18,24.4769,24.5329,24.0031,24.3992,373039
2002-04-19,24.3767,24.4681,24.2793,24.3265,427464
2002-04-22,24.3767,24.4592,23.897,24.016,417967
2002-04-23,24.0031,24.3,23.8203,23.8203,546519
2002-04-24,23.897,24.1741,23.665,23.7613,319605
2002-04-25,23.7613,23.7839,23.3948,23.7692,305855
2002-04-26,23.7968,24.0031,23.6287,23.6287,318898
2002-04-29,23.7004,23.7692,23.0281,23.2492,546376
2002-04-30,23.3181,23.6847,23.1765,23.4675,439083
2002-05-01,23.5579,23.6021,22.7736,23.2355,631983
2002-05-02,23.1638,23.665,23.149,23.6287,857194
2002-05-03,23.7004,23.7968,23.6149,23.7426,403939
2002-05-06,23.665,23.7613,23.4753,23.5068,618660
2002-05-07,23.6778,23.7613,23.5372,23.7083,1051509
2002-05-08,23.7839,24.1083,23.6346,24.01,401526
2002-05-09,23.842,24.0956,23.6778,23.7839,310253
2002-05-10,23.8705,23.9412,23.5008,23.607,421230
2002-05-13,23.7269,23.7761,23.3879,23.4606,373463
2002-05-14,23.6287,24.0031,23.4753,24.0031,276942
2002-05-15,24.0749,24.6175,24.0297,24.5241,516618
2002-05-16,24.6783,24.8062,24.4907,24.6607,306992
2002-05-17,24.7177,24.9476,24.6783,24.8219,341716
2002-05-20,24.8219,24.9143,24.4592,24.6293,226629
2002-05-21,24.637,25.0273,24.1359,24.3491,747215
2002-05-22,24.2047,24.8494,24.1506,24.7227,253277
2002-05-23,24.6539,24.9476,24.3078,24.9398,284030
2002-05-24,24.9398,24.9979,24.5398,24.6539,392739
2002-05-28,24.6539,24.7295,24.3078,24.6783,393591
2002-05-29,24.6783,24.7865,24.5811,24.6853,486992
2002-05-30,24.5477,24.6853,24.242,24.4907,554454
2002-05-31,24.5034,24.9398,24.4769,24.8494,357588
2002-06-03,24.7177,24.8287,24.3697,24.4907,537875
2002-06-04,24.4769,24.5477,24.0031,24.3,737999
2002-06-05,24.3324,24.8858,24.1663,24.702,645732
2002-06-06,24.702,24.9546,24.4395,24.7934,604490
2002-06-07,24.7934,24.9143,24.5741,24.8347,653669
2002-06-10,24.813,24.9015,24.5398,24.7748,461907
2002-06-11,25.1275,25.3232,24.5594,24.6783,481888
2002-06-12,24.5741,25.0205,24.5398,24.7825,1111322
2002-06-13,24.6783,24.8858,24.587,24.6853,489686
2002-06-14,24.6116,24.6783,23.7349,24.0592,631700
2002-06-17,23.9953,24.8554,23.9471,24.813,530362
2002-06-18,24.813,25.0205,24.7482,24.8937,493087
2002-06-19,24.8937,25.1542,24.702,24.757,510520
2002-06-20,24.757,24.8347,24.4838,24.6607,621354
2002-06-21,24.4062,24.6607,24.3697,24.6116,900991
2002-06-24,24.6783,24.7482,23.665,24.3,751465
2002-06-25,24.3697,24.6116,24.2135,24.3324,613555
2002-06-26,24.1663,24.2282,23.7426,24.1741,929195
2002-06-27,24.2204,24.3914,24.1231,24.3078,737431
2002-06-28,24.1359,24.2636,23.9038,23.9038,796537
2002-07-01,23.8558,23.9235,22.9249,23.0586,1298829
2002-07-02,23.1707,23.1765,22.3823,22.6201,783634
2002-07-03,22.6154,22.8168,21.6187,22.2103,730346
2002-07-05,22.1445,23.0026,22.1445,22.9868,360001
2002-07-08,22.8168,22.9651,22.1366,22.2016,909354
2002-07-09,22.0364,22.2791,21.5931,21.5931,652110
2002-07-10,21.6944,21.7317,21.0024,21.0466,704124
2002-07-11,20.8766,21.0544,19.8769,20.8431,1428515
2002-07-12,20.7714,20.9169,20.4235,20.5719,704689
2002-07-15,20.566,21.0466,20.4058,21.0397,1052928
2002-07-16,21.0831,21.2206,20.4785,20.7438,1033935
2002-07-17,20.8628,21.4338,20.566,20.7518,662598
2002-07-18,20.906,21.1823,20.5719,20.6043,562960
2002-07-19,20.566,20.6043,19.7492,19.7856,970159
2002-07-22,19.8691,20.165,18.9078,19.2116,944501
2002-07-23,19.0809,19.5398,18.7811,18.953,690941
2002-07-24,18.7811,19.7069,18.5757,19.5251,1256450
2002-07-25,19.5398,20.0372,18.9835,20.0028,1222296
2002-07-26,19.9439,20.0195,19.5703,19.9811,513492
2002-07-29,20.566,21.189,20.4618,21.1233,599384
2002-07-30,20.9749,21.1233,20.3625,20.7075,728785
2002-07-31,20.7714,21.0958,20.2966,21.0544,659620
2002-08-01,21.0181,21.4151,20.6928,21.189,759257
2002-08-02,21.1164,21.1528,20.0873,20.3753,670535
2002-08-05,20.4235,20.6643,19.9439,20.0028,966475
2002-08-06,19.8839,20.9906,19.8839,20.6386,1079997
2002-08-07,20.8058,21.1036,20.1493,21.0771,430444
2002-08-08,21.3562,21.5479,20.566,21.4761,537875
2002-08-09,21.4761,21.8369,21.1823,21.7887,454393
2002-08-12,21.6472,21.7582,21.139,21.5616,328676
2002-08-13,21.5616,21.5705,20.9719,20.9749,511369
2002-08-14,20.8431,21.6029,20.6506,21.5755,798663
2002-08-15,21.5076,22.0904,21.2875,21.8437,614835
2002-08-16,21.9008,21.9008,21.372,21.6392,474802
2002-08-19,21.5283,22.0727,21.4909,21.9628,426043
2002-08-20,21.9263,21.9341,21.4594,21.7434,317478
2002-08-21,21.7317,21.9951,21.4909,21.9695,429022
2002-08-22,21.9695,22.3528,21.8152,22.2418,567496
2002-08-23,22.2418,22.2693,21.8653,21.9951,311951
2002-08-26,21.9341,22.0098,21.4761,21.9204,732471
2002-08-27,21.9008,22.4423,21.9008,22.3823,773434
2002-08-28,22.3823,22.8876,22.3145,22.7205,870097
2002-08-29,22.6201,22.9514,22.3145,22.8168,852520
2002-08-30,22.6536,23.0026,22.5789,22.7972,454248
2002-09-03,22.69,22.69,21.9008,22.1062,696610
2002-09-04,22.1366,22.2566,21.6531,22.1859,801782
2002-09-05,22.1859,22.1936,21.7247,22.1494,519306
2002-09-06,22.4423,22.5485,21.9951,22.347,586912
2002-09-09,22.347,22.5259,22.0974,22.4885,491524
2002-09-10,22.4885,22.6458,22.2016,22.5406,230740
2002-09-11,22.6201,22.8237,22.3823,22.4502,399121
2002-09-12,22.3883,22.4816,22.1494,22.3607,546948
2002-09-13,22.2733,22.347,21.8948,22.2693,364252
2002-09-16,22.1366,22.2693,21.9204,22.2016,377292
2002-09-17,22.3823,22.5701,21.4398,21.6609,314359
2002-09-18,21.483,21.6815,20.9257,21.5931,480327
2002-09-19,21.4761,21.5931,21.0544,21.0958,396286
2002-09-20,21.1666,21.5479,21.0958,21.4526,758409
2002-09-23,21.202,21.2088,20.7586,20.9749,401526
2002-09-24,20.798,20.9169,20.4303,20.7518,670678
2002-09-25,20.9955,21.5803,20.7311,21.4526,576845
2002-09-26,21.4398,22.1062,21.1301,22.1062,510946
2002-09-27,22.1062,22.2861,21.3562,21.3877,426474
2002-09-30,21.309,21.3798,20.6182,21.195,445888
2002-10-01,21.195,22.0904,20.856,21.9341,482034
2002-10-02,22.0098,22.0157,21.4398,21.4398,705542
2002-10-03,21.6187,21.7247,21.3474,21.5233,514485
2002-10-04,21.5233,21.7514,20.6249,21.0544,368218
2002-10-07,20.7518,20.7842,20.1168,20.455,805464
2002-10-08,20.8216,21.3474,20.3704,21.2442,870943
2002-10-09,21.0691,21.0691,20.3428,20.4785,674359
2002-10-10,20.446,21.1666,20.1571,21.0181,452693
2002-10-11,21.189,22.1494,21.0624,21.9076,608883
2002-10-14,21.9076,22.1494,21.0958,21.2805,580961
2002-10-15,21.4398,22.0659,21.3641,22.0659,693638
2002-10-16,22.1366,22.3823,21.5931,21.7808,410596
2002-10-17,21.7887,22.347,21.6335,21.8152,844298
2002-10-18,21.9204,22.2103,21.5616,21.717,468994
2002-10-21,21.5803,21.717,21.2932,21.6472,614977
2002-10-22,21.6392,21.6392,20.9257,21.025,691793
2002-10-23,21.0328,21.2688,20.6182,21.0898,738705
2002-10-24,21.1616,21.1616,20.6043,20.7006,428739
2002-10-25,20.7006,21.025,20.5807,20.9572,411302
2002-10-28,20.9572,21.025,20.4382,20.51,494503
2002-10-29,20.4117,20.7006,20.0715,20.4687,494788
2002-10-30,20.5424,20.798,20.3576,20.6456,502293
2002-10-31,20.6506,20.8216,20.3183,20.4303,684565
2002-11-01,20.2632,20.6182,19.989,20.5355,830691
2002-11-04,20.6182,20.9719,20.4058,20.4785,540990
2002-11-05,20.4058,20.6182,20.3704,20.5807,655793
2002-11-06,20.6771,20.9641,20.4854,20.8431,507259
2002-11-07,20.8431,20.8431,20.336,20.446,514346
2002-11-08,20.5512,20.8903,20.4117,20.5512,508679
2002-11-11,20.8216,20.8216,20.336,20.3891,602076
2002-11-12,20.3978,20.7311,20.3036,20.5807,558713
2002-11-13,20.4382,20.8137,20.1571,20.5257,471830
2002-11-14,20.8216,21.2275,20.6928,20.791,670535
2002-11-15,20.7714,20.9719,20.6506,20.8687,776551
2002-11-18,20.9257,21.1666,20.856,20.9906,546802
2002-11-19,20.9257,21.4466,20.8766,21.1164,487135
2002-11-20,21.025,21.4909,21.0092,21.4594,717307
2002-11-21,21.4594,21.9628,21.3562,21.9204,582804
2002-11-22,21.8586,21.9488,21.717,21.7808,561257
2002-11-25,21.9263,22.1672,21.7582,22.0364,609588
2002-11-26,21.7247,21.7514,21.483,21.5163,797525
2002-11-27,21.5163,22.002,21.3012,21.8889,875339
2002-11-29,21.8221,22.114,21.7247,21.9951,214299
2002-12-02,22.114,22.2693,21.71,22.1366,778533
2002-12-03,21.9628,22.0217,21.4466,21.5233,542694
2002-12-04,21.4034,21.4398,21.1616,21.2599,619655
2002-12-05,21.2599,21.2932,20.7645,20.9906,463608
2002-12-06,20.9502,21.0466,20.8766,21.0092,688106
2002-12-09,20.9119,20.9425,20.5316,20.5965,946198
2002-12-10,20.5965,20.8992,20.4687,20.8992,885257
2002-12-11,20.9345,21.2275,20.7381,21.1459,645446
2002-12-12,21.1459,21.4221,20.9572,21.3257,572738
2002-12-13,21.2932,21.427,21.025,21.1233,553753
2002-12-16,21.0544,21.717,21.0544,21.71,554740
2002-12-17,21.71,21.7887,21.5705,21.717,694914
2002-12-18,21.6472,21.7247,21.3257,21.5705,623336
2002-12-19,21.4338,21.8221,21.309,21.3562,745794
2002-12-20,21.3257,21.7671,21.3257,21.6688,614268
2002-12-23,21.7514,21.8152,21.5616,21.8152,386787
2002-12-24,21.8152,21.8152,21.5755,21.6531,216142
2002-12-26,21.4683,22.114,21.4683,21.6531,327398
2002-12-27,21.5755,21.6747,21.427,21.483,351216
2002-12-30,21.3641,21.54,21.2442,21.4221,497052
2002-12-31,21.3641,21.6609,21.2932,21.5076,521575
2003-01-02,21.6029,22.1445,21.5233,22.0659,554168
2003-01-03,21.9951,22.1062,21.8437,21.9951,403087
2003-01-06,22.1672,22.4423,22.059,22.2654,582236
2003-01-07,22.2654,22.2654,21.8221,21.9548,604629
2003-01-08,21.9784,21.9784,21.5872,21.6747,607178
2003-01-09,21.6747,22.1859,21.6747,22.1859,479621
2003-01-10,22.0275,22.2016,21.8437,21.9695,520589
2003-01-13,22.0275,22.1672,21.8586,21.9951,579402
2003-01-14,21.9951,22.1366,21.8299,22.0217,677624
2003-01-15,22.0157,22.0157,21.5755,21.5872,522283
2003-01-16,21.5872,21.7887,21.5233,21.5233,1022030
2003-01-17,21.5233,21.6472,21.3012,21.54,867401
2003-01-21,21.4683,21.5283,21.2206,21.2766,1054485
2003-01-22,21.2805,21.2805,20.8766,20.9749,865700
2003-01-23,20.9749,21.4683,20.9502,21.3209,853087
2003-01-24,21.3209,21.3209,20.8903,21.1164,813120
2003-01-27,21.0181,21.1823,20.6839,20.7311,632834
2003-01-28,20.7311,20.8766,20.5719,20.7842,984051
2003-01-29,20.7381,20.9719,20.4235,20.8766,1019337
2003-01-30,21.0181,21.1233,20.3891,20.4618,462472
2003-01-31,20.4687,20.8058,20.4687,20.5965,755720
2003-02-03,20.6339,20.8687,20.5965,20.7518,812692
2003-02-04,20.5965,20.6182,20.3281,20.5257,836360
2003-02-05,20.5581,20.6249,20.3428,20.3753,721274
2003-02-06,20.3891,20.4618,20.2495,20.3576,628442
2003-02-07,20.5316,20.6386,20.0715,20.1089,534477
2003-02-10,20.1168,20.2839,19.9743,20.2495,653386
2003-02-11,20.2495,20.446,20.1857,20.2219,771021
2003-02-12,20.2289,20.3428,19.9242,19.9242,619088
2003-02-13,19.9242,19.9242,19.4317,19.6715,637083
2003-02-14,19.7413,20.2966,19.7413,20.0715,776406
2003-02-18,20.4235,20.5965,20.2357,20.3891,770881
2003-02-19,20.4618,20.4618,20.1493,20.2014,489116
2003-02-20,20.2219,20.3183,19.8612,20.0195,739559
2003-02-21,20.0372,20.2141,19.8042,20.0578,678613
2003-02-24,20.1089,20.1493,19.8996,19.93,558141
2003-02-25,19.8307,20.0932,19.6637,20.0372,802346
2003-02-26,20.1434,20.1767,19.7777,19.819,882845
2003-02-27,19.93,20.3183,19.8691,20.1924,566645
2003-02-28,20.2436,20.4618,20.0441,20.1089,565371
2003-03-03,20.2495,20.566,20.2495,20.2495,988582
2003-03-04,20.2495,20.2554,19.8042,19.8996,820060
2003-03-05,19.7974,20.0441,19.7413,19.8691,596839
2003-03-06,19.6902,19.7905,19.5084,19.586,449862
2003-03-07,19.4376,20.0715,19.246,19.8996,588190
2003-03-10,19.758,19.758,19.4179,19.4582,480327
2003-03-11,19.4582,19.7335,19.246,19.3512,572172
2003-03-12,19.2833,19.5448,19.1909,19.5448,776690
2003-03-13,19.6823,20.1089,19.5084,20.1089,601510
2003-03-14,20.1571,20.5581,20.0195,20.1434,1225275
2003-03-17,20.1434,20.7075,19.758,20.7075,820491
2003-03-18,21.0958,21.0958,20.7006,20.8628,898578
2003-03-19,21.0397,21.0958,20.7518,20.9955,741114
2003-03-20,21.0624,21.252,20.7714,21.2363,962361
2003-03-21,21.3798,21.8733,21.3326,21.8733,797383
2003-03-24,21.8811,21.8811,21.189,21.2932,727086
2003-03-25,21.4683,21.6747,21.189,21.6609,515762
2003-03-26,21.6609,21.6944,21.4526,21.5283,658629
2003-03-27,21.4466,21.6108,21.2363,21.4761,408469
2003-03-28,21.3798,21.4151,21.1095,21.3012,517607
2003-03-31,21.1666,21.8221,21.0898,21.5283,1074752
2003-04-01,21.5872,21.7317,21.3641,21.6609,1028268
2003-04-02,22.0817,22.5622,22.0413,22.4127,648992
2003-04-03,22.4747,22.4885,22.1445,22.3067,695055
2003-04-04,22.3067,22.69,22.1859,22.4649,617386
2003-04-07,22.8591,23.1077,22.6969,22.7549,692502
2003-04-08,22.7549,22.7549,22.4344,22.6261,475797
2003-04-09,22.7126,22.8237,22.3883,22.3883,454107
2003-04-10,22.3922,22.4344,22.1789,22.3224,567781
2003-04-11,22.3283,22.3283,22.0157,22.1307,564940
2003-04-14,22.1307,22.5328,22.1307,22.5259,580535
2003-04-15,22.5259,22.5789,22.1622,22.5701,514485
2003-04-16,22.5701,22.5789,22.1445,22.1936,683293
2003-04-17,22.1062,22.3145,21.9488,22.1219,872931
2003-04-21,22.1543,22.1936,21.9548,22.0413,518170
2003-04-22,21.8811,22.5072,21.6275,22.3883,705117
2003-04-23,22.5789,22.6154,22.2693,22.5328,691793
2003-04-24,22.2251,22.4,22.1543,22.2654,666710
2003-04-25,22.2654,22.3067,21.9488,22.059,472818
2003-04-28,22.059,22.6408,21.9784,22.5701,518032
2003-04-29,22.6154,22.6341,22.2733,22.5868,479762
2003-04-30,22.4344,22.6408,22.1622,22.5563,740694
2003-05-01,22.4747,22.4747,21.8733,22.3224,517889
2003-05-02,22.3224,22.9594,22.1672,22.9318,809999
2003-05-05,22.8945,23.0733,22.6016,22.8404,566789
2003-05-06,22.7205,23.0655,22.6969,23.0281,580817
2003-05-07,23.0281,23.3121,22.8237,23.2827,826298
2003-05-08,23.1402,23.2827,22.8462,23.0517,511226
2003-05-09,23.0517,23.3328,22.8237,23.2896,380410
2003-05-12,23.3181,23.6346,23.0783,23.5147,472680
2003-05-13,23.3564,23.5815,23.3564,23.4813,494221
2003-05-14,23.4252,23.4753,23.0733,23.2424,411588
2003-05-15,23.4183,23.6847,23.2129,23.6847,653100
2003-05-16,23.6847,23.7496,23.2276,23.7496,1119402
2003-05-19,23.6346,23.6346,23.2424,23.2424,730058
2003-05-20,23.2542,23.3054,22.9318,23.2129,662742
2003-05-21,23.2129,23.2218,22.9868,23.0842,602076
2003-05-22,23.1402,23.3121,23.0094,23.1982,440643
2003-05-23,23.1982,23.2424,23.0517,23.2041,396990
2003-05-27,23.2041,23.3741,23.1982,23.2974,1473871
2003-05-28,23.3692,23.5451,23.1765,23.3809,867831
2003-05-29,23.2827,23.3564,23.0026,23.1402,777829
2003-05-30,23.1402,23.3564,23.0733,23.1912,1016079
2003-06-02,23.3564,23.5372,23.3054,23.4881,944219
2003-06-03,23.5147,23.5147,23.2041,23.3692,622065
2003-06-04,23.1638,23.3486,23.0733,23.3407,971147
2003-06-05,23.3407,23.495,23.1402,23.4252,674359
2003-06-06,23.495,23.7565,23.0281,23.0655,991416
2003-06-09,23.1077,23.1982,22.9377,23.0517,834093
2003-06-10,23.1912,23.2758,23.0517,23.1845,451843
2003-06-11,23.3181,23.5815,23.1982,23.5815,874209
2003-06-12,23.6346,23.7761,23.3809,23.5147,674359
2003-06-13,23.5147,23.5304,23.3054,23.5008,676489
2003-06-16,23.5304,23.6346,23.4753,23.6346,694490
2003-06-17,23.6936,23.6936,23.4527,23.6021,919419
2003-06-18,23.5579,23.5658,23.4183,23.5008,755150
2003-06-19,23.5304,23.5304,22.9947,23.0999,794408
2003-06-20,23.0733,23.1559,22.979,23.0586,808159
2003-06-23,23.0429,23.0429,22.4344,22.6684,604490
2003-06-24,22.5789,22.8237,22.4649,22.6201,462757
2003-06-25,22.6201,22.7126,22.4502,22.4885,562824
2003-06-26,22.4885,22.7549,22.3686,22.7391,747215
2003-06-27,22.6684,22.8237,22.4816,22.7343,723123
2003-06-30,22.5072,22.7677,22.5072,22.5868,710077
2003-07-01,22.5868,22.9514,22.5868,22.9514,760251
2003-07-02,22.7736,23.2492,22.7736,23.2355,628015
2003-07-03,23.1765,23.325,23.149,23.2129,380410
2003-07-07,23.2827,23.6021,23.2611,23.5658,944362
2003-07-08,23.5658,23.6778,23.4813,23.6021,715036
2003-07-09,23.671,23.7269,23.4026,23.5658,723123
2003-07-10,23.5658,23.5942,23.3486,23.495,502158
2003-07-11,23.4606,23.6287,23.4026,23.6021,363831
2003-07-14,23.7083,23.7692,23.439,23.5658,608170
2003-07-15,23.7004,23.7004,23.3181,23.4675,628015
2003-07-16,23.5579,23.5658,23.0144,23.1982,570471
2003-07-17,22.7883,23.036,22.5072,22.6154,1783415
2003-07-18,22.6821,22.6821,21.9951,22.3686,1260709
2003-07-21,22.1936,22.2654,21.6275,21.8889,1070362
2003-07-22,21.9411,22.1445,21.7022,22.0157,847983
2003-07-23,22.0817,22.0817,21.6187,21.9204,793840
2003-07-24,21.9204,21.9862,21.7582,21.7671,638220
2003-07-25,21.6609,22.114,21.6275,22.0727,685559
2003-07-28,22.0659,22.0659,21.7247,21.7946,700722
2003-07-29,21.8733,21.9411,21.483,21.7377,637509
2003-07-30,21.8152,21.8653,21.6894,21.8221,414139
2003-07-31,21.9411,22.1307,21.7582,21.8299,512643
2003-08-01,21.8221,21.8733,21.6275,21.7317,563669
2003-08-04,21.7317,21.7671,21.372,21.6944,633682
2003-08-05,21.483,21.6609,21.2766,21.3159,538584
2003-08-06,21.3257,21.4151,21.0466,21.189,699166
2003-08-07,21.189,21.2688,21.0898,21.189,763087
2003-08-08,21.195,21.4151,21.1743,21.3562,485857
2003-08-11,21.5233,21.6029,21.3798,21.4909,448866
2003-08-12,21.5616,21.6944,21.4526,21.6944,628865
2003-08-13,21.7671,21.8369,21.5872,21.6609,428739
2003-08-14,21.7317,21.9145,21.5322,21.8733,539150
2003-08-15,21.8733,22.0727,21.8733,21.9784,250159
2003-08-18,22.0462,22.0511,21.9488,21.9862,489966
2003-08-19,21.9862,22.1859,21.9862,22.1859,558713
2003-08-20,22.1859,22.2418,22.0659,22.1672,311388
2003-08-21,22.1936,22.4885,22.1789,22.3145,474657
2003-08-22,22.3686,22.4747,22.059,22.1494,684989
2003-08-25,22.0098,22.2938,21.9951,22.1219,463608
2003-08-26,22.0904,22.1219,21.9548,22.059,857048
2003-08-27,22.059,22.1219,21.9411,22.0462,390759
2003-08-28,22.0817,22.2251,21.8889,22.2103,445038
2003-08-29,22.1366,22.6201,22.0974,22.5947,466299
2003-09-02,22.6458,23.0999,22.6458,23.0026,1117274
2003-09-03,22.9318,23.3948,22.9171,23.3564,1057039
2003-09-04,23.4252,23.495,23.2896,23.3879,972283
2003-09-05,23.3564,23.4252,23.2129,23.3741,691652
2003-09-08,23.325,23.5147,23.3054,23.495,502158
2003-09-09,23.4881,23.4881,23.3181,23.3741,859183
2003-09-10,23.4096,23.4183,23.2542,23.2974,619655
2003-09-11,23.2827,23.3741,23.2542,23.3741,826584
2003-09-12,23.3741,23.3741,23.2355,23.3692,718441
2003-09-15,23.3879,23.3879,23.2492,23.3181,501019
2003-09-16,23.3486,23.3692,23.2896,23.3633,594569
2003-09-17,23.3879,23.3879,23.2355,23.2542,381263
2003-09-18,23.2827,23.2827,23.1765,23.2758,439655
2003-09-19,23.2758,23.2758,23.1402,23.2424,462472
2003-09-22,23.2424,23.2424,22.8591,23.0733,389482
2003-09-23,23.0733,23.0842,22.9594,22.9594,444611
2003-09-24,22.9594,22.9594,22.4649,22.6536,519024
2003-09-25,22.6536,22.7293,22.4344,22.6408,656218
2003-09-26,22.5789,22.5789,22.2938,22.4127,588045
2003-09-29,22.4344,22.6458,22.4217,22.6154,793275
2003-09-30,22.6154,22.6154,22.3381,22.5622,615119
2003-10-01,22.5789,22.6684,22.4747,22.6154,1024727
2003-10-02,22.6201,22.6201,22.4344,22.5789,491952
2003-10-03,22.5789,23.0999,22.5789,22.8109,590027
2003-10-06,22.8462,22.9456,22.7343,22.9456,525116
2003-10-07,22.9456,23.0144,22.8168,22.9377,446597
2003-10-08,22.9456,23.0026,22.8462,22.9082,339163
2003-10-09,22.9651,23.1402,22.9318,23.0586,666710
2003-10-10,23.0429,23.1559,23.0026,23.0517,934012
2003-10-13,23.0733,23.2129,22.9013,22.9947,361418
2003-10-14,23.0026,23.0026,22.7972,22.9171,607748
2003-10-15,22.9249,22.9318,22.7972,22.8591,445318
2003-10-16,22.8591,22.9171,22.8591,22.8591,537306
2003-10-17,22.8591,22.8591,22.6684,22.7391,601933
2003-10-20,22.7391,22.7617,22.4344,22.5789,522705
2003-10-21,22.5789,22.7126,22.5072,22.6074,794125
2003-10-22,22.6074,22.6074,21.9695,22.4344,491246
2003-10-23,22.3922,22.459,22.2172,22.4286,506267
2003-10-24,22.4127,22.5868,22.3224,22.5072,429734
2003-10-27,22.4816,22.6201,22.4816,22.5947,582517
2003-10-28,22.5789,22.6458,22.5141,22.6458,438379
2003-10-29,22.6458,22.6458,22.5141,22.6201,418110
2003-10-30,22.6458,22.6536,22.4423,22.5072,559415
2003-10-31,22.5622,22.5789,22.4423,22.4502,640768
2003-11-03,22.4423,22.7736,22.4423,22.6458,532753
2003-11-04,22.5141,22.8462,22.5141,22.8404,764770
2003-11-05,22.7549,22.9171,22.6016,22.7736,338457
2003-11-06,22.6615,22.69,22.5141,22.6536,406060
2003-11-07,22.6074,22.7057,22.5259,22.5563,426474
2003-11-10,22.5701,22.5789,22.0462,22.1445,532061
2003-11-11,22.0817,22.2566,22.0217,22.0659,263763
2003-11-12,22.0462,22.3686,22.0157,22.3686,529650
2003-11-13,22.2251,22.2506,22.0974,22.1936,565227
2003-11-14,22.1543,22.2791,22.0275,22.0817,342282
2003-11-17,22.0817,22.0817,21.5872,21.9411,508107
2003-11-18,21.8811,21.9145,21.6688,21.7247,615825
2003-11-19,21.7247,21.8733,21.717,21.8299,529512
2003-11-20,21.7247,21.8369,21.5479,21.717,613274
2003-11-21,21.8369,21.9488,21.6335,21.9204,443056
2003-11-24,21.9784,22.2733,21.9411,22.2654,432565
2003-11-25,22.2693,22.5072,22.2329,22.3686,699591
2003-11-26,22.3686,22.4344,22.1672,22.3922,466160
2003-11-28,22.3922,22.406,22.2103,22.2103,281193
2003-12-01,22.2103,22.4747,22.1729,22.4,681731
2003-12-02,22.4423,22.7057,22.2329,22.6684,804609
2003-12-03,22.6341,22.8237,22.5072,22.6201,567640
2003-12-04,22.6458,22.6763,22.4747,22.6261,479341
2003-12-05,22.6154,22.8591,22.5868,22.6821,699734
2003-12-08,22.5947,22.9868,22.5868,22.9868,461194
2003-12-09,23.0586,23.0999,22.8512,22.9171,486852
2003-12-10,22.7883,23.0094,22.7126,22.8237,505132
2003-12-11,22.8945,23.2276,22.7972,23.1638,450848
2003-12-12,23.2542,23.432,23.1077,23.3741,538302
2003-12-15,23.6021,23.7004,23.3181,23.3407,599952
2003-12-16,23.3486,23.4183,23.0094,23.2896,526535
2003-12-17,23.268,23.2758,23.1283,23.1402,1037052
2003-12-18,23.1707,23.432,23.1402,23.3948,774139
2003-12-19,23.4252,23.4252,23.2896,23.3692,712910
2003-12-22,23.3879,23.495,23.3486,23.4183,570471
2003-12-23,23.3879,23.4606,23.2758,23.3948,491666
2003-12-24,23.3948,23.3948,23.1765,23.2827,191338
2003-12-26,23.3181,23.4459,23.2492,23.2974,199418
2003-12-29,23.2827,23.8125,23.2424,23.3486,546802
2003-12-30,23.2827,23.3328,23.2355,23.3121,498472
2003-12-31,23.3564,23.4606,23.2827,23.4252,739840
2004-01-02,23.3879,23.5008,23.2129,23.3054,667563
2004-01-05,23.3879,23.6149,23.3879,23.6149,766205
2004-01-06,23.5658,23.6021,23.432,23.5304,470128
2004-01-07,23.495,23.551,23.4026,23.5225,663450
2004-01-08,23.4753,23.5658,23.3328,23.5658,489401
2004-01-09,23.495,23.5304,23.2827,23.3181,465874
2004-01-12,23.3181,23.325,23.1982,23.2129,503005
2004-01-13,23.2492,23.2492,22.8591,22.9947,808438
2004-01-14,22.9947,23.1765,22.9947,23.1077,715317
2004-01-15,23.149,23.149,22.9651,23.0213,597120
2004-01-16,23.0842,23.0999,22.8758,23.036,544955
2004-01-20,23.0586,23.0733,22.6458,22.6684,639068
2004-01-21,22.7205,23.0026,22.6016,22.9594,2282310
2004-01-22,23.0026,23.036,22.7804,22.9594,1500517
2004-01-23,23.0026,23.0655,22.7883,22.8758,627728
2004-01-26,22.8945,23.5008,22.805,23.4527,1284805
2004-01-27,23.4527,23.4675,23.2611,23.4096,1041305
2004-01-28,23.3879,23.8468,23.3879,23.5147,1210960
2004-01-29,23.495,23.5658,23.1765,23.3564,871370
2004-01-30,23.3407,23.3407,23.0783,23.2542,1186157
2004-02-02,23.2129,23.4252,23.0586,23.2758,862581
2004-02-03,23.2758,23.495,23.1402,23.4252,724675
2004-02-04,23.3879,23.4252,23.2542,23.3633,841609
2004-02-05,23.2827,23.4096,23.1845,23.2758,609307
2004-02-06,23.3181,23.7761,23.3181,23.7221,1008991
2004-02-09,23.7349,23.8705,23.6424,23.8281,596690
2004-02-10,23.7152,23.9894,23.5658,23.9412,702284
2004-02-11,23.9894,24.1015,23.7083,23.9323,1193385
2004-02-12,23.8832,24.01,23.551,23.9157,692502
2004-02-13,23.8125,24.0592,23.7083,23.9235,552335
2004-02-17,24.6233,24.6233,24.1299,24.2282,797950
2004-02-18,24.2282,24.4139,24.0809,24.3197,582940
2004-02-19,24.3767,24.7355,24.2715,24.4209,1102815
2004-02-20,24.5181,24.5811,24.2793,24.3491,531918
2004-02-23,24.4523,24.5241,24.1427,24.4838,742957
2004-02-24,24.4139,24.6539,24.2351,24.5329,636515
2004-02-25,24.5181,24.5741,24.4139,24.4288,714610
2004-02-26,24.3767,24.5329,24.2008,24.3403,819494
2004-02-27,24.3491,24.6116,24.3265,24.5034,1175526
2004-03-01,24.5181,24.6941,24.4523,24.6607,652110
2004-03-02,24.6607,24.7227,24.5958,24.6607,667985
2004-03-03,24.5545,24.6233,24.3265,24.3914,680456
2004-03-04,24.4838,24.5181,24.2715,24.3992,506124
2004-03-05,24.3403,24.4838,24.1427,24.4356,688820
2004-03-08,24.3767,24.4592,24.1811,24.2488,572029
2004-03-09,24.2488,24.2793,24.0592,24.2008,431150
2004-03-10,24.1231,24.2793,23.7221,23.7899,410738
2004-03-11,23.7083,23.8635,23.4183,23.4527,482458
2004-03-12,23.4753,23.7083,23.3564,23.7083,392029
2004-03-15,23.671,23.7349,23.2896,23.3692,411166
2004-03-16,23.5147,23.6346,23.325,23.5225,388348
2004-03-17,23.5658,23.8832,23.5658,23.8125,382820
2004-03-18,23.8468,23.8468,23.3407,23.495,1176946
2004-03-19,23.4606,23.5372,23.3564,23.3948,553176
2004-03-22,23.2827,23.3564,22.9377,23.2492,564094
2004-03-23,23.2492,23.3633,23.1225,23.1402,452126
2004-03-24,23.149,23.268,23.0026,23.1077,589182
2004-03-25,23.2827,23.3564,23.0733,23.2129,826016
2004-03-26,23.2129,23.2129,23.0655,23.0655,1008285
2004-03-29,23.1077,23.2129,23.0842,23.1402,1449210
2004-03-30,23.1343,23.2827,23.036,23.268,998360
2004-03-31,23.2827,23.2827,23.0733,23.0842,1194093
2004-04-01,23.2129,23.2611,23.036,23.0842,643749
2004-04-02,23.1765,23.2492,23.0655,23.1845,720140
2004-04-05,23.1845,23.6149,23.1166,23.5658,674925
2004-04-06,23.5658,23.6346,23.432,23.5225,718864
2004-04-07,23.4252,23.551,23.2827,23.325,334202
2004-04-08,23.4675,23.6346,23.2758,23.4096,669826
2004-04-12,23.4813,23.7426,23.3564,23.6346,377008
2004-04-13,23.607,23.9687,23.5304,23.6149,811842
2004-04-14,23.2827,23.5942,23.2129,23.5225,589041
2004-04-15,23.9894,24.9143,23.9824,24.6853,1973198
2004-04-16,25.0136,25.4638,24.7659,25.3861,1977727
2004-04-19,25.3861,25.9227,25.3713,25.8088,1409808
2004-04-20,25.8225,26.193,25.5757,25.6682,1137543
2004-04-21,25.5757,25.9856,25.506,25.8225,1231936
2004-04-22,25.8225,26.0967,25.7537,26.0849,841889
2004-04-23,26.0348,26.0348,25.674,25.907,585071
2004-04-26,26.0496,26.0721,25.7537,25.8794,491666
2004-04-27,25.8441,26.02,25.7537,25.8863,377008
2004-04-28,25.8923,25.9297,25.5414,25.5905,704689
2004-04-29,25.6799,25.7537,25.2111,25.3369,538013
2004-04-30,25.331,25.4274,25.1128,25.2612,932168
2004-05-03,25.1865,25.4843,25.1404,25.4843,689528
2004-05-04,25.5335,25.7458,25.331,25.4795,756427
2004-05-05,25.4352,25.5964,25.2917,25.4274,398836
2004-05-06,25.331,25.5837,25.1049,25.5129,828141
2004-05-07,25.331,25.5257,25.0745,25.1335,625740
2004-05-10,25.1275,25.2249,24.7295,25.1954,901700
2004-05-11,25.1198,25.3783,25.1128,25.3783,529085
2004-05-12,25.3654,25.5207,24.984,25.4843,765492
2004-05-13,25.3458,25.5837,25.2327,25.3713,667842
2004-05-14,25.2986,25.6682,24.9683,25.5757,684284
2004-05-17,25.4008,25.4705,25.1198,25.3458,673796
2004-05-18,25.3458,25.506,25.16,25.4411,503712
2004-05-19,25.4705,25.8225,25.4008,25.7163,1122942
2004-05-20,25.6347,25.793,25.4795,25.7331,642191
2004-05-21,25.8225,25.9365,25.561,25.8018,789303
2004-05-24,25.8923,26.0653,25.7379,25.7812,702706
2004-05-25,25.7871,26.1616,25.4352,26.1242,699591
2004-05-26,26.1242,26.4299,25.9975,26.4151,1087510
2004-05-27,26.4938,26.9548,26.2657,26.3935,965621
2004-05-28,26.3532,26.6638,26.3179,26.5567,525679
2004-06-01,26.6275,26.9705,26.5429,26.7454,849401
2004-06-02,26.9842,27.5916,26.9705,27.4453,1525890
2004-06-03,27.8,27.8659,27.5867,27.6938,2101886
2004-06-04,27.9347,27.9416,27.7617,27.8413,736584
2004-06-07,27.8659,28.2227,27.8659,28.1883,643465
2004-06-08,28.1805,28.3661,28.1373,28.3504,1195226
2004-06-09,28.0821,28.0821,27.7008,27.7411,1212803
2004-06-10,27.8659,27.9416,27.5612,27.6732,888660
2004-06-14,27.6732,27.6938,27.4265,27.4453,854927
2004-06-15,27.517,27.9416,27.4669,27.7528,630991
2004-06-16,27.8275,27.8413,27.5396,27.7794,386504
2004-06-17,27.6595,27.8905,27.5612,27.7273,365812
2004-06-18,27.6595,27.9809,27.517,27.8826,503290
2004-06-21,27.8551,27.9269,27.5916,27.748,485008
2004-06-22,27.6595,27.9112,27.6595,27.7411,404361
2004-06-23,27.7411,27.9112,27.6595,27.9052,363115
2004-06-24,27.9347,27.9416,27.7617,27.7932,611006
2004-06-25,27.861,28.0969,27.7932,28.0114,575288
2004-06-28,28.0468,28.2227,27.8275,28.1883,805321
2004-06-29,28.1224,28.2826,27.9947,28.0182,585353
2004-06-30,28.0251,28.0821,27.6938,27.9947,656503
2004-07-01,27.9269,28.1805,27.6074,27.807,674782
2004-07-02,27.807,27.807,27.2546,27.285,703840
2004-07-06,26.9842,26.9901,26.7002,26.7837,1712976
2004-07-07,26.8132,26.9548,26.6785,26.7179,662460
2004-07-08,26.7179,26.7179,26.3729,26.3788,1189841
2004-07-09,26.3788,26.7542,26.1793,26.7542,675495
2004-07-12,26.601,26.7611,26.5213,26.6708,538013
2004-07-13,26.7375,26.8427,26.6402,26.6865,256677
2004-07-14,26.6865,26.9213,26.601,26.707,718864
2004-07-15,26.6708,27.0609,26.6708,26.7375,817087
2004-07-16,26.9213,26.9793,26.3788,26.4515,469419
2004-07-19,26.5656,26.7002,26.3857,26.4594,362127
2004-07-20,26.5273,26.7317,26.3602,26.6402,304158
2004-07-21,26.9213,27.0747,26.4014,26.4014,467007
2004-07-22,26.3857,26.5656,26.1458,26.3336,485008
2004-07-23,26.3473,26.5656,26.1616,26.4682,391887
2004-07-26,26.4211,26.6638,26.2058,26.2952,495073
2004-07-27,26.3857,26.4467,26.2313,26.3788,372474
2004-07-28,26.4151,26.6275,26.139,26.5872,494360
2004-07-29,26.6923,26.8084,26.4801,26.6708,344409
2004-07-30,26.707,26.8014,26.4467,26.6186,385514
2004-08-02,26.6186,27.0148,26.4515,26.942,333781
2004-08-03,27.0609,27.1061,26.5213,26.6708,543827
2004-08-04,26.6638,26.7375,26.3032,26.5733,679322
2004-08-05,26.8506,26.8506,26.1114,26.1458,756567
2004-08-06,25.8923,26.1184,25.4705,25.5964,897876
2004-08-09,25.6682,25.9906,25.6682,25.8382,454536
2004-08-10,25.9669,26.2727,25.8923,26.2313,266457
2004-08-11,26.1793,26.3336,25.7684,26.3336,433698
2004-08-12,26.245,26.245,25.9669,26.2373,663873
2004-08-13,26.2196,26.2254,25.7871,25.9729,428314
2004-08-16,26.0416,26.4594,26.02,26.4515,358442
2004-08-17,26.5273,26.8959,26.5273,26.7758,936421
2004-08-18,26.767,26.8879,26.1045,26.8132,1145905
2004-08-19,26.7375,26.7758,26.4014,26.5872,652819
2004-08-20,26.5872,27.0235,26.3935,26.8712,820629
2004-08-23,26.8959,27.0805,26.7611,26.8132,719431
2004-08-24,26.8427,26.9548,26.8132,26.88,1215349
2004-08-25,26.8132,27.1986,26.7542,27.0924,829984
2004-08-26,26.9636,27.1405,26.8959,26.9036,766490
2004-08-27,26.9901,27.112,26.8368,26.9126,445750
2004-08-30,26.9548,26.9793,26.7454,26.8014,448011
2004-08-31,26.8201,26.9842,26.7002,26.7454,957682
2004-09-01,26.8132,26.9548,26.6402,26.7317,561117
2004-09-02,26.7611,26.9126,26.7375,26.8014,1667475
2004-09-03,26.8427,26.9548,26.7375,26.8084,1229813
2004-09-07,26.8084,27.0924,26.7758,26.88,1020047
2004-09-08,26.7758,26.8132,26.6068,26.7542,495637
2004-09-09,26.712,26.8427,26.5429,26.594,342707
2004-09-10,26.5273,26.5273,26.2589,26.3257,664299
2004-09-13,26.3179,26.6785,26.245,26.6343,710361
2004-09-14,26.7375,26.7375,26.3935,26.4751,322438
2004-09-15,26.4938,26.5273,26.2657,26.4594,431570
2004-09-16,26.5144,26.8132,26.5144,26.7317,324288
2004-09-17,26.8084,26.9126,26.7237,26.8319,583935
2004-09-20,26.8319,26.88,26.6708,26.7375,576845
2004-09-21,26.7758,26.8427,26.712,26.8084,876189
2004-09-22,26.7542,26.7542,26.4211,26.4938,518313
2004-09-23,26.4211,26.5213,26.3935,26.4014,646440
2004-09-24,26.3532,26.601,26.3532,26.4151,367937
2004-09-27,26.4151,26.4151,25.9975,26.253,464598
2004-09-28,26.2127,26.4879,26.1616,26.4594,363398
2004-09-29,26.4682,26.6481,26.4073,26.5793,290832
2004-09-30,26.601,27.1061,26.5213,27.0805,722403
2004-10-01,27.0805,27.5867,26.9842,27.5799,789447
2004-10-04,27.7932,27.861,27.4797,27.5465,629856
2004-10-05,27.5465,27.5916,27.2761,27.4797,420231
2004-10-06,27.4954,27.6153,27.3675,27.6074,295938
2004-10-07,27.517,27.6211,27.2998,27.3056,390900
2004-10-08,27.3675,27.405,27.1857,27.2476,323289
2004-10-11,27.405,27.5101,27.2703,27.4413,206788
2004-10-12,27.3755,27.3755,26.767,26.8574,891639
2004-10-13,26.88,26.9793,26.3935,26.8879,813259
2004-10-14,26.8132,26.8201,25.7615,25.9011,1872137
2004-10-15,26.2815,28.2758,26.2657,28.0821,2441053
2004-10-18,28.0821,28.2758,27.8659,28.1952,1097291
2004-10-19,28.2227,28.2581,27.6153,27.7342,1042440
2004-10-20,27.7067,27.7273,27.4453,27.5101,922396
2004-10-21,27.6211,27.6211,27.2064,27.4669,984051
2004-10-22,27.5867,27.5996,26.9793,27.0924,757984
2004-10-25,27.1277,27.2909,26.8712,27.2339,661035
2004-10-26,27.1986,27.4108,27.0609,27.3056,464598
2004-10-27,27.2339,27.861,27.1729,27.8413,456804
2004-10-28,27.861,28.1805,27.7617,28.0674,469553
2004-10-29,28.15,28.2227,27.8738,28.143,506267
2004-11-01,28.143,28.2512,27.8993,28.15,457225
2004-11-02,28.2905,28.6384,28.1805,28.434,737293
2004-11-03,28.434,28.9422,28.434,28.7819,696752
2004-11-04,28.7899,29.5751,28.6463,29.5751,905808
2004-11-05,29.6341,29.9889,29.5358,29.756,590172
2004-11-08,29.6341,29.9133,29.5427,29.5545,527380
2004-11-09,29.5978,29.8523,29.5702,29.8248,422361
2004-11-10,29.8248,29.9064,29.5898,29.7865,359149
2004-11-11,29.9133,30.212,29.6676,30.1885,509240
2004-11-12,30.0686,30.3959,29.9004,30.3959,526253
2004-11-15,29.7757,30.212,29.4926,30.1816,654236
2004-11-16,30.1816,30.3329,29.9958,30.2337,589752
2004-11-17,30.3094,30.7763,30.3094,30.6367,611289
2004-11-18,30.5305,30.958,30.5158,30.9167,799512
2004-11-19,30.9247,31.0171,30.1688,30.212,857759
2004-11-22,29.9889,30.2416,29.8759,30.1305,882845
2004-11-23,30.1305,30.6906,30.1235,30.2671,1361475
2004-11-24,30.2671,30.3673,30.0922,30.3329,482314
2004-11-26,30.3418,30.5797,30.3418,30.4804,143432
2004-11-29,30.4862,30.8391,30.2416,30.6849,659194
2004-11-30,30.6849,30.7065,30.3723,30.6297,553322
2004-12-01,30.5727,31.0171,30.5158,30.9944,513353
2004-12-02,30.9944,31.0386,30.8843,31.0386,745653
2004-12-03,31.0386,31.1674,30.8391,31.0386,711070
2004-12-06,31.0466,31.0466,30.6052,30.6849,287005
2004-12-07,30.6906,30.7428,30.3466,30.4224,547649
2004-12-08,30.212,30.212,29.8671,30.1973,492658
2004-12-09,30.1688,30.2062,29.5751,29.6744,960804
2004-12-10,30.212,30.212,29.4926,29.7472,780093
2004-12-13,29.8092,30.1816,29.6538,30.1816,594425
2004-12-14,30.04,30.5865,29.9889,30.445,450425
2004-12-15,30.3418,30.7635,30.3005,30.6573,523416
2004-12-16,30.6622,30.7968,30.3596,30.3723,550204
2004-12-17,30.1609,30.3673,29.7049,30.0165,1594489
2004-12-20,30.0922,30.4568,30.0193,30.3418,434409
2004-12-21,30.2601,30.6367,30.0607,30.5797,383668
2004-12-22,30.5865,30.9531,30.565,30.7891,462326
2004-12-23,30.7339,30.9737,30.6906,30.9167,304017
2004-12-27,30.9531,30.9531,30.5727,30.6445,304439
2004-12-28,30.621,31.0386,30.4155,31.0229,393312
2004-12-29,30.8843,31.0092,30.8628,30.966,347245
2004-12-30,31.0092,31.1221,30.902,31.0869,376297
2004-12-31,31.0466,31.2707,30.9384,31.0869,377574
2005-01-03,31.0319,31.251,30.7251,30.7763,700291
2005-01-04,30.9885,30.9885,30.2601,30.4932,491524
2005-01-05,30.5974,30.5974,30.0922,30.1541,395291
2005-01-06,30.0774,30.3418,29.9889,30.2267,530927
2005-01-07,30.3329,30.3329,29.9133,30.0193,447870
2005-01-10,30.0558,30.3959,29.7942,30.3094,646296
2005-01-11,30.3094,30.3094,30.0843,30.1541,364967
2005-01-12,30.1609,30.2946,29.8454,30.2544,441777
2005-01-13,30.1305,30.2484,29.8759,29.9428,374177
2005-01-14,29.9496,30.4313,29.9496,30.3418,376438
2005-01-18,30.3418,30.6052,29.8454,30.5797,430585
2005-01-19,30.4313,30.4313,30.1088,30.1541,408326
2005-01-20,30.0843,30.0843,29.8169,30.0283,449150
2005-01-21,30.0283,30.1885,29.7865,29.8759,404649
2005-01-24,29.8759,29.9575,29.6125,29.7127,409038
2005-01-25,29.7127,29.8454,29.6676,29.7757,525400
2005-01-26,29.8297,29.9958,29.7757,29.9064,516042
2005-01-27,29.8602,29.9496,29.4642,29.6823,568911
2005-01-28,29.6823,29.7304,29.3864,29.696,514775
2005-01-31,29.7757,29.9428,29.5898,29.8671,561541
2005-02-01,29.9348,30.2484,29.8887,30.1305,380974
2005-02-02,30.1609,30.6445,30.1541,30.6445,568482
2005-02-03,30.5364,30.9247,30.3959,30.9247,503428
2005-02-04,30.958,31.4898,30.8686,31.4898,654945
2005-02-07,31.3472,31.5871,31.2913,31.4377,411166
2005-02-08,31.3325,31.5723,31.2913,31.537,267161
2005-02-09,31.4309,31.4534,31.0947,31.1379,453120
2005-02-10,31.1379,31.2116,31.0013,31.1016,498044
2005-02-11,31.1851,31.193,30.7968,30.7968,617386
2005-02-14,30.8686,31.0466,30.8628,31.0013,399538
2005-02-15,30.9737,31.0466,30.8903,30.9817,702566
2005-02-16,30.9817,31.1291,30.7703,31.1291,450280
2005-02-17,31.2254,31.3984,30.7065,31.1379,751465
2005-02-18,31.1508,31.3984,31.0573,31.2254,560550
2005-02-22,31.2343,31.2982,30.2671,30.3329,712771
2005-02-23,30.4725,31.1065,30.4096,31.0779,658915
2005-02-24,31.0092,31.3984,30.7763,31.3984,654521
2005-02-25,31.1134,31.1448,29.9958,30.276,1266798
2005-02-28,30.276,30.6367,30.1609,30.5364,712489
2005-03-01,30.5364,30.7566,30.5079,30.6759,850108
2005-03-02,30.4096,30.8843,30.2671,30.8195,777686
2005-03-03,30.7635,30.9817,30.6445,30.9247,533196
2005-03-04,30.91,30.966,30.7635,30.966,594708
2005-03-07,30.8628,30.8903,30.6052,30.8843,718723
2005-03-08,30.8843,31.0013,30.7763,30.902,563528
2005-03-09,30.6691,30.6759,30.3516,30.4725,629996
2005-03-10,30.5158,30.8312,30.4401,30.8312,440503
2005-03-11,30.8686,30.8686,30.5158,30.6367,330521
2005-03-14,30.5305,31.0229,30.5305,30.9944,515053
2005-03-15,30.9737,31.0171,30.7566,30.8195,307700
2005-03-16,30.6445,30.6504,30.3723,30.5364,802201
2005-03-17,30.6759,30.7065,30.3329,30.5305,546094
2005-03-18,30.4568,30.5158,29.5702,29.9064,1528437
2005-03-21,29.7472,29.8887,29.5978,29.8002,693638
2005-03-22,29.756,30.1973,29.6676,29.7049,450559
2005-03-23,29.7127,29.8818,29.6213,29.8092,657637
2005-03-24,29.7678,30.2062,29.6341,29.9654,439083
2005-03-28,29.9733,30.0558,29.4709,29.641,1350989
2005-03-29,29.641,29.9496,29.6273,29.8818,1032234
2005-03-30,29.9496,30.4037,29.9496,30.4037,854217
2005-03-31,30.3673,30.7496,30.1365,30.6849,939261
2005-04-01,30.7635,31.0171,30.565,30.6759,920125
2005-04-04,30.7496,30.7496,30.4037,30.6367,489401
2005-04-05,30.7065,30.9384,30.6573,30.8843,532061
2005-04-06,30.9384,31.0466,30.8686,30.966,596549
2005-04-07,30.9944,31.0869,30.8038,31.0721,731481
2005-04-08,31.0721,31.2185,30.902,31.0779,604203
2005-04-11,31.0466,31.1134,30.9384,31.0573,538723
2005-04-12,31.0573,31.3984,30.7428,31.362,652819
2005-04-13,31.362,31.362,30.7763,30.966,559980
2005-04-14,30.9384,30.9737,30.6573,30.7428,827005
2005-04-15,30.6573,30.6573,29.9496,30.1688,1183182
2005-04-18,29.9889,30.5865,29.9496,30.5433,644312
2005-04-19,30.5227,30.5364,30.3005,30.4804,672661
2005-04-20,30.4096,30.5727,30.0686,30.1541,591449
2005-04-21,30.2671,30.7703,30.2671,30.7635,709513
2005-04-22,30.7635,30.7703,30.1609,30.4518,893479
2005-04-25,30.4518,30.5865,30.2671,30.4665,915590
2005-04-26,30.3959,30.621,30.2209,30.2209,705681
2005-04-27,30.1158,30.445,29.8818,30.3005,725671
2005-04-28,30.3094,30.3094,29.9281,29.9496,508253
2005-04-29,30.0193,30.3005,29.7472,30.2671,965621
2005-05-02,30.2337,30.3418,29.9958,30.1973,518170
2005-05-03,30.1885,30.4518,30.0922,30.1816,596405
2005-05-04,30.2828,30.5001,30.2267,30.4804,724109
2005-05-05,30.5079,30.5512,30.0686,30.276,668122
2005-05-06,30.3723,30.445,30.0922,30.1885,434555
2005-05-09,30.1609,30.3329,30.0607,30.1973,434831
2005-05-10,30.0922,30.212,29.8523,30.0774,474657
2005-05-11,30.1305,30.2544,29.8376,30.1973,474235
2005-05-12,30.2209,30.3466,29.8297,29.8759,491666
2005-05-13,29.9133,29.9496,29.4799,29.6676,583790
2005-05-16,29.6479,30.0774,29.6479,30.0607,464877
2005-05-17,29.9496,30.101,29.756,30.0774,567640
2005-05-18,30.1973,30.5727,30.1088,30.4862,548221
2005-05-19,30.5797,30.5797,30.1885,30.4037,500174
2005-05-20,30.4037,30.445,30.2209,30.3959,489820
2005-05-23,30.4725,30.8195,30.3801,30.7566,590600
2005-05-24,30.7566,30.7968,30.5865,30.7339,430444
2005-05-25,30.7251,30.7251,30.2267,30.4401,483306
2005-05-26,30.4932,30.5433,30.3516,30.4804,326692
2005-05-27,30.4568,30.5797,30.4568,30.5512,325274
2005-05-31,30.4932,30.5512,30.3094,30.3094,518739
2005-06-01,30.2484,30.445,30.1305,30.4096,544676
2005-06-02,30.3094,30.3516,30.1305,30.2337,429022
2005-06-03,30.0922,30.1973,29.9133,30.0165,493936
2005-06-06,30.0558,30.0922,29.7757,30.04,587334
2005-06-07,30.1088,30.4096,30.0686,30.1816,363967
2005-06-08,30.0558,30.0686,29.7403,29.8248,439936
2005-06-09,29.756,29.9733,29.5978,29.8818,743666
2005-06-10,29.9133,30.1235,29.8376,29.9496,592017
2005-06-13,29.8454,30.3723,29.8454,30.1088,442767
2005-06-14,30.0686,30.5158,30.0558,30.5158,328676
2005-06-15,30.5865,30.5974,30.0558,30.4568,378427
2005-06-16,30.3723,30.558,30.1402,30.3271,492375
2005-06-17,30.3418,30.3418,30.1088,30.3094,667415
2005-06-20,30.1688,30.3418,30.04,30.2671,345965
2005-06-21,30.2337,30.3094,30.0096,30.1973,281479
2005-06-22,30.2484,30.445,30.1365,30.1688,176173
2005-06-23,30.0922,30.1747,29.5614,29.5614,453120
2005-06-24,29.4926,29.5978,28.9707,29.1053,727227
2005-06-27,29.0837,29.1162,28.7947,28.9138,790014
2005-06-28,29.0837,29.3864,28.9138,29.2645,344126
2005-06-29,29.3098,29.409,29.1839,29.3147,540422
2005-06-30,29.3235,29.4336,28.9893,28.9893,763939
2005-07-01,29.0336,29.3028,28.9422,29.2498,702706
2005-07-05,29.0787,29.4493,29.004,29.2724,392879
2005-07-06,29.2568,29.3707,28.95,29.0493,428882
2005-07-07,28.9285,29.2803,28.7505,29.2724,447448
2005-07-08,29.2381,29.7678,29.1053,29.6892,456947
2005-07-11,29.8671,29.9801,29.696,29.8092,347950
2005-07-12,29.7865,29.7865,29.4799,29.7049,352909
2005-07-13,29.6892,29.9654,29.6892,29.9133,458078
2005-07-14,30.2337,30.2671,29.9221,29.9958,501874
2005-07-15,29.9496,30.1816,29.9428,30.1365,659049
2005-07-18,30.1973,30.4804,30.0558,30.0558,1161921
2005-07-19,30.1305,31.1065,30.0036,31.0779,1258157
2005-07-20,31.537,32.1837,31.537,31.8928,1618159
2005-07-21,31.8928,32.0875,31.6176,31.935,885688
2005-07-22,31.935,32.456,31.935,32.2869,640484
2005-07-25,32.1444,32.6673,32.1444,32.2083,615401
2005-07-26,32.3488,32.7381,32.2958,32.6192,557999
2005-07-27,32.6604,32.7224,32.2132,32.4215,626734
2005-07-28,32.4275,32.625,32.1956,32.512,358720
2005-07-29,32.456,32.6113,32.3106,32.3106,369779
2005-08-01,32.34,32.6821,32.34,32.5976,489966
2005-08-02,32.6192,32.8727,32.5267,32.8078,429307
2005-08-03,32.7018,32.9092,32.4963,32.795,496057
2005-08-04,32.6751,32.6751,32.4275,32.4353,299341
2005-08-05,32.3626,32.3842,31.9183,32.0815,440077
2005-08-08,32.1365,32.279,31.8928,32.0255,341291
2005-08-09,32.1444,32.3233,32.0698,32.2643,369074
2005-08-10,32.34,32.6456,32.0333,32.167,346390
2005-08-11,32.0765,32.279,31.9026,32.2369,295085
2005-08-12,32.1956,32.1956,31.7984,31.8928,302316
2005-08-15,31.7572,32.0333,31.6255,31.9823,275100
2005-08-16,31.8781,31.942,31.4377,31.4377,378144
2005-08-17,31.3472,31.6638,31.2058,31.4829,413005
2005-08-18,31.4239,31.5508,31.2058,31.4112,386787
2005-08-19,31.4239,31.5665,31.3325,31.4377,453120
2005-08-22,31.6176,31.7238,31.3325,31.5803,399398
2005-08-23,31.6255,31.828,31.4377,31.5124,365812
2005-08-24,31.4671,31.7512,31.2254,31.2913,279782
2005-08-25,31.3395,31.8201,31.3325,31.707,339163
2005-08-26,31.5665,31.6176,31.2982,31.4052,628442
2005-08-29,31.3237,31.8928,31.1674,31.7906,465304
2005-08-30,31.646,31.7149,31.243,31.5193,451699
2005-08-31,31.6107,32.3292,31.4309,32.3292,938550
2005-09-01,32.3488,32.3488,31.8781,32.0698,593007
2005-09-02,32.1002,32.279,31.7984,31.8338,273968
2005-09-06,31.9537,32.5976,31.8653,32.5829,474657
2005-09-07,32.2869,32.3331,32.0058,32.0943,500741
2005-09-08,31.9891,32.1523,31.8417,31.9096,363258
2005-09-09,32.0176,32.2369,31.8131,32.1907,358295
2005-09-12,32.0698,32.4215,31.9823,32.3695,219824
2005-09-13,32.4138,32.625,32.2279,32.3046,369779
2005-09-14,32.3331,32.4432,31.8417,31.9606,369779
2005-09-15,32.0333,32.167,31.828,31.998,292532
2005-09-16,32.1002,32.3695,31.8131,31.8977,852802
2005-09-19,31.8928,31.8928,31.1851,31.2588,511654
2005-09-20,31.3395,31.6107,30.6906,30.8264,794828
2005-09-21,30.5512,30.621,30.2337,30.3271,645303
2005-09-22,30.1609,30.5158,30.1305,30.3673,597120
2005-09-23,30.3094,30.5865,30.3005,30.3673,373463
2005-09-26,30.4665,30.5512,29.9733,30.212,717447
2005-09-27,30.3596,30.5001,29.9496,30.3005,388204
2005-09-28,30.4804,30.7192,29.9889,30.1158,589325
2005-09-29,30.0558,30.212,29.8454,30.1402,641902
2005-09-30,30.0479,30.3466,29.8297,30.2671,399826
2005-10-03,30.5865,30.7968,30.2337,30.3418,460488
2005-10-04,30.5158,30.7251,30.1816,30.212,626458
2005-10-05,30.3596,30.5158,29.696,29.7049,572738
2005-10-06,29.7049,29.9654,29.295,29.6213,523558
2005-10-07,29.6341,29.7678,29.5005,29.7472,358442
2005-10-10,29.6744,29.6744,29.2645,29.4856,704265
2005-10-11,29.4926,29.7403,29.3707,29.5289,436252
2005-10-12,29.352,29.6125,29.2125,29.5142,719150
2005-10-13,29.3707,29.6744,29.3147,29.5476,666000
2005-10-14,29.6676,29.8248,29.4012,29.6125,524412
2005-10-17,29.6538,29.7049,29.2871,29.4926,500884
2005-10-18,29.8454,30.1305,29.5751,29.5898,940112
2005-10-19,29.4218,29.8454,29.3314,29.8454,669258
2005-10-20,29.9064,30.4804,29.7127,29.8092,757414
2005-10-21,29.8523,30.0843,29.5005,30.0558,717873
2005-10-24,30.1973,30.846,30.1816,30.7065,599243
2005-10-25,30.5865,30.8195,30.2337,30.4568,441777
2005-10-26,30.388,30.6849,30.2416,30.2946,548077
2005-10-27,30.2897,30.3418,29.8523,29.9064,499890
2005-10-28,30.1816,30.6759,30.1235,30.6759,926646
2005-10-31,30.6849,31.3472,30.6573,31.306,570187
2005-11-01,31.0466,31.6255,31.0171,31.4112,630285
2005-11-02,31.3935,31.7512,31.251,31.5242,745509
2005-11-03,31.6992,31.8201,31.3984,31.5045,522990
2005-11-04,31.5871,31.7512,31.2707,31.3984,323854
2005-11-07,31.4052,31.707,31.3395,31.707,348235
2005-11-08,31.6107,31.6255,31.3542,31.4534,321304
2005-11-09,31.4052,31.6638,31.1585,31.537,444045
2005-11-10,31.537,32.1444,31.0947,32.0943,483590
2005-11-11,32.1002,32.2446,31.7238,31.935,341151
2005-11-14,31.935,31.935,31.5242,31.5871,467435
2005-11-15,31.5508,31.6785,31.243,31.2913,463466
2005-11-16,31.306,31.4052,31.1291,31.2588,297922
2005-11-17,31.2913,31.4239,31.0525,31.4112,388630
2005-11-18,31.6029,31.6107,31.2058,31.5429,411731
2005-11-21,31.5665,31.6992,31.2647,31.5301,331653
2005-11-22,31.6313,31.8701,31.537,31.7572,533482
2005-11-23,31.6785,31.7149,31.4534,31.4977,440931
2005-11-25,31.6383,31.646,31.362,31.4112,183260
2005-11-28,31.4671,31.5803,31.2185,31.2844,347669
2005-11-29,31.5045,31.707,31.3325,31.362,663019
2005-11-30,31.4309,31.4309,31.193,31.2647,1188422
2005-12-01,31.3395,31.5045,31.2343,31.4052,786754
2005-12-02,31.2913,31.4534,31.2185,31.3788,359291
2005-12-05,31.4112,31.4751,30.9885,31.1379,581954
2005-12-06,31.2588,31.3542,31.0229,31.0466,407902
2005-12-07,30.91,30.9531,30.5974,30.8264,544256
2005-12-08,30.8195,30.9885,30.5974,30.7763,490964
2005-12-09,30.846,31.0573,30.7192,30.8686,379560
2005-12-12,30.9885,31.0466,30.7496,30.7566,1017494
2005-12-13,30.7566,31.0319,30.6906,30.902,403368
2005-12-14,30.8686,31.243,30.7968,31.0229,416408
2005-12-15,31.0869,31.1448,30.7635,30.8312,435972
2005-12-16,30.9384,31.2185,30.846,30.9167,677480
2005-12-19,30.91,31.0386,30.621,30.8195,694490
2005-12-20,30.8312,30.8775,30.6759,30.7251,411731
2005-12-21,30.7635,31.0573,30.7496,30.8312,341007
2005-12-22,30.8843,31.0642,30.7065,31.0642,339874
2005-12-23,31.1134,31.2844,30.9944,31.0573,169940
2005-12-27,31.1508,31.3699,30.8686,30.8903,339728
2005-12-28,30.9384,31.1988,30.8391,31.0947,270569
2005-12-29,31.1508,31.3984,31.0721,31.1379,331364
2005-12-30,31.0466,31.0721,30.8686,30.9885,309394
2006-01-03,31.0869,31.2185,30.8903,31.193,1446942
2006-01-04,31.2588,31.3699,31.0092,31.2254,741256
2006-01-05,31.306,31.3542,31.1065,31.2982,1004457
2006-01-06,31.3472,31.4377,31.1585,31.2913,627019
2006-01-09,31.1782,31.3237,31.1016,31.2913,952299
2006-01-10,31.1851,31.2116,30.9531,31.1221,692221
2006-01-11,31.0092,31.1016,30.8106,31.1016,715036
2006-01-12,31.0171,31.0466,30.7635,30.9167,510803
2006-01-13,30.958,31.4239,30.958,31.3188,739132
2006-01-17,31.2185,31.2844,30.8391,30.9944,642472
2006-01-18,30.9247,31.2254,30.8264,30.9443,408611
2006-01-19,31.0229,31.2588,30.9384,31.0386,623765
2006-01-20,30.9531,31.1674,29.9801,29.9801,1143495
2006-01-23,30.1462,30.4096,30.1365,30.2897,583652
2006-01-24,30.2897,30.4313,30.1305,30.3596,577278
2006-01-25,30.3723,30.5158,30.1688,30.3329,535183
2006-01-26,30.5727,30.6996,30.4096,30.5865,767053
2006-01-27,30.4665,30.7968,30.4665,30.4932,580817
2006-01-30,30.5512,30.5512,30.1688,30.1688,430865
2006-01-31,30.0558,30.2897,29.9801,30.0096,794408
2006-02-01,30.04,30.3801,29.9575,30.3418,918987
2006-02-02,30.3271,30.3723,29.8297,29.9496,634957
2006-02-03,29.8454,30.0096,29.7757,29.8376,694347
2006-02-06,29.7678,29.8759,29.6213,29.8002,499039
2006-02-07,29.8376,29.9496,29.3786,29.4012,478205
2006-02-08,29.4159,29.7049,29.2184,29.6676,440503
2006-02-09,29.6538,30.0479,29.5476,29.7304,371336
2006-02-10,29.6479,30.0558,29.5211,29.9004,300757
2006-02-13,29.9889,30.1609,29.5702,29.7304,245056
2006-02-14,29.7049,30.3094,29.5427,30.2062,420374
2006-02-15,30.1816,30.2209,29.5142,30.2062,624329
2006-02-16,30.0922,30.4804,29.9889,30.4804,473810
2006-02-17,30.5512,31.0466,30.4862,30.9247,658484
2006-02-21,31.0466,32.2712,31.0466,31.4751,1836988
2006-02-22,31.3984,31.7512,31.3325,31.5871,1004876
2006-02-23,31.5508,31.8564,31.4052,31.5803,615825
2006-02-24,31.5508,31.6865,31.4112,31.6176,611433
2006-02-27,31.7238,31.9183,31.4898,31.4898,615265
2006-02-28,31.3325,31.6107,31.306,31.4112,851805
2006-03-01,31.4977,31.5242,31.2058,31.5045,897168
2006-03-02,31.4171,31.5045,30.9944,31.2647,445038
2006-03-03,31.0386,31.2844,30.9737,31.0573,698313
2006-03-06,31.1291,31.1585,30.7763,30.8628,683434
2006-03-07,30.902,31.7778,30.902,31.6107,1248092
2006-03-08,31.3542,31.362,30.9443,31.1714,640484
2006-03-09,31.243,31.4112,31.1134,31.2647,571889
2006-03-10,31.2647,31.6029,31.2185,31.5723,608456
2006-03-13,31.646,31.7444,31.1508,31.193,319749
2006-03-14,31.1448,31.5429,31.0319,31.4534,523416
2006-03-15,31.4239,31.6707,31.3699,31.4671,535606
2006-03-16,31.656,31.9537,31.5429,31.8701,467721
2006-03-17,32.0255,32.0875,31.707,31.8701,695196
2006-03-20,32.0452,32.0618,31.7149,31.8781,476647
2006-03-21,31.8201,31.9675,31.5803,31.6313,474380
2006-03-22,31.6932,31.8564,31.5301,31.7238,535890
2006-03-23,31.5871,31.6932,31.2647,31.3984,573729
2006-03-24,31.3237,31.4052,31.0779,31.3325,468563
2006-03-27,31.2588,31.2588,31.0525,31.1851,468705
2006-03-28,31.1134,31.2588,30.7339,30.91,727227
2006-03-29,31.0171,31.2254,30.9247,31.0779,346390
2006-03-30,30.9885,31.0869,30.8106,30.902,427464
2006-03-31,30.9443,31.1291,30.7968,30.9247,651968
2006-04-03,30.9247,31.1674,30.7703,30.8312,735026
2006-04-04,30.9737,31.0779,30.7635,30.966,739559
2006-04-05,32.1758,32.5671,31.9096,32.4825,1704893
2006-04-06,32.3911,32.3911,31.9096,32.0765,1023873
2006-04-07,32.1758,32.2191,31.5193,31.6865,700020
2006-04-10,31.7778,32.1002,31.6932,31.942,593998
2006-04-11,31.8653,31.9026,31.6029,31.7572,668406
2006-04-12,31.6865,31.7906,31.4534,31.537,436674
2006-04-13,31.6707,31.8701,31.5508,31.5871,508538
2006-04-17,31.6932,32.1002,31.4829,31.6707,988160
2006-04-18,31.6638,31.7365,31.243,31.656,1076173
2006-04-19,31.8044,32.0058,31.5508,31.6107,2079636
2006-04-20,31.7512,31.9823,31.5193,31.6107,688960
2006-04-21,31.8201,31.8564,31.3935,31.3935,818645
2006-04-24,31.362,31.3984,31.1065,31.2116,504423
2006-04-25,31.2982,31.2982,30.3723,30.9885,963358
2006-04-26,31.1585,31.2913,30.9316,31.0013,536028
2006-04-27,30.902,31.2343,30.7635,31.0092,656361
2006-04-28,30.9737,31.0779,30.7891,30.7968,541414
2006-05-01,31.0779,31.2982,30.5001,30.6906,687966
2006-05-02,30.8195,30.8195,30.4518,30.621,539714
2006-05-03,30.6573,30.8903,30.5305,30.7703,666710
2006-05-04,30.9316,31.1016,30.6622,30.9531,642191
2006-05-05,30.9443,31.0573,30.8686,30.9247,507963
2006-05-08,30.9885,31.1065,30.8106,30.9167,721698
2006-05-09,30.9247,30.966,30.6906,30.902,453970
2006-05-10,30.8195,30.9944,30.7251,30.8843,535183
2006-05-11,30.8391,30.9531,30.6504,30.7133,819781
2006-05-12,30.6759,30.7566,30.4568,30.5924,885116
2006-05-15,30.4725,30.7251,30.4518,30.6996,664013
2006-05-16,30.7133,30.7821,30.4518,30.5227,379699
2006-05-17,30.2337,30.3959,30.04,30.3094,986315
2006-05-18,30.2671,30.5227,30.0096,30.0774,1046266
2006-05-19,30.2209,30.4313,29.9064,30.2484,589041
2006-05-22,30.0686,30.5727,29.9654,30.4037,897738
2006-05-23,30.5512,30.6573,30.388,30.4155,715317
2006-05-24,30.3516,30.6297,30.1688,30.4096,792141
2006-05-25,30.565,30.8686,30.4804,30.8686,714610
2006-05-26,30.902,31.0573,30.846,31.0171,419525
2006-05-30,30.9384,30.9384,30.3329,30.3418,868250
2006-05-31,30.3418,30.621,30.04,30.3801,1361907
2006-06-01,30.4155,30.8195,30.3801,30.7891,474235
2006-06-02,30.7065,30.7428,30.3271,30.5079,467721
2006-06-05,30.3418,30.3418,30.0036,30.0036,779386
2006-06-06,30.0193,30.0922,29.4642,29.7255,819917
2006-06-07,29.5614,29.6676,29.2645,29.2803,825874
2006-06-08,29.2803,29.6273,28.8998,29.5751,937274
2006-06-09,29.5289,29.6341,29.2381,29.3028,497197
2006-06-12,29.3028,29.352,28.9893,28.9893,671383
2006-06-13,28.9893,29.2056,28.6944,28.7309,900428
2006-06-14,28.6099,28.8203,28.2227,28.7899,757984
2006-06-15,28.723,29.0493,28.6463,28.7899,1664359
2006-06-16,28.6877,28.9972,28.6877,28.7309,935289
2006-06-19,28.7662,29.0562,28.495,28.5835,630285
2006-06-20,28.5902,28.7662,28.4036,28.4793,1023448
2006-06-21,28.5402,29.1516,28.5402,29.0336,1753230
2006-06-22,29.0336,29.1289,28.8439,29.0237,581385
2006-06-23,28.9775,29.3028,28.8773,29.0493,594143
2006-06-26,29.0719,29.2803,29.004,29.2243,592579
2006-06-27,29.1761,29.2724,28.9628,29.0414,1058458
2006-06-28,29.0562,29.2125,28.9579,29.0787,630285
2006-06-29,28.9854,29.352,28.7947,29.3442,1860373
2006-06-30,29.4562,29.5898,29.2056,29.3933,951162
2006-07-03,29.4012,29.4336,29.0562,29.2448,435540
2006-07-05,29.2568,29.4493,29.0719,29.3933,967178
2006-07-06,29.4642,29.8376,29.352,29.7255,1108633
2006-07-07,29.7255,29.7255,29.3647,29.409,1088500
2006-07-10,29.5211,29.8602,29.3933,29.7403,583371
2006-07-11,29.756,30.1235,29.5702,30.1088,874770
2006-07-12,30.0686,30.1402,29.5751,29.641,594995
2006-07-13,29.5358,29.5702,28.9707,29.0975,1028976
2006-07-14,29.1977,29.3383,28.7505,29.0787,554880
2006-07-17,29.0916,29.2301,28.9285,28.9775,996235
2006-07-18,29.016,29.1839,28.4793,28.668,957966
2006-07-19,29.1053,29.7757,28.9285,29.009,2457354
2006-07-20,29.0719,29.3235,28.9893,29.0237,982204
2006-07-21,29.1516,29.4709,28.9628,29.0414,2065321
2006-07-24,29.1349,29.7255,29.1349,29.6823,685698
2006-07-25,29.7127,30.0686,29.6213,29.9733,649417
2006-07-26,29.9133,30.0558,29.3314,29.3442,742818
2006-07-27,29.4856,29.7757,29.3933,29.5063,576990
2006-07-28,29.6341,29.8092,29.4856,29.6538,429022
2006-07-31,29.5289,29.7255,29.352,29.3786,411445
2006-08-01,29.352,29.4562,29.0493,29.0837,742534
2006-08-02,29.1682,29.4562,29.0837,29.1839,509809
2006-08-03,29.0975,29.8169,29.0562,29.7127,618092
2006-08-04,29.8092,30.04,29.2448,29.5005,402237
2006-08-07,29.4856,29.5545,29.295,29.4642,383812
2006-08-08,29.5978,29.6616,28.9285,28.9893,546094
2006-08-09,29.2184,29.4415,28.5755,28.6306,652390
2006-08-10,28.6306,28.7377,28.4576,28.5835,1036628
2006-08-11,28.491,28.5402,28.2826,28.4036,796249
2006-08-14,28.7082,29.1053,28.6306,28.7309,1130741
2006-08-15,28.9579,29.2803,28.9285,29.0719,561401
2006-08-16,29.0719,29.6341,29.0719,29.5898,704551
2006-08-17,29.7304,29.7942,29.5063,29.6616,750613
2006-08-18,29.6616,29.756,29.2125,29.3098,541275
2006-08-21,29.2803,29.2803,28.9285,29.1603,533763
2006-08-22,29.3235,29.4012,29.2125,29.2184,569620
2006-08-23,29.2803,29.3147,29.004,29.1908,338457
2006-08-24,29.2448,29.4562,28.8203,29.0336,421935
2006-08-25,29.0336,29.0414,28.8203,28.8861,492658
2006-08-28,28.9579,29.2645,28.8998,29.1516,408904
2006-08-29,29.1289,29.3383,29.016,29.2498,483730
2006-08-30,29.3647,29.4562,29.2125,29.2803,354900
2006-08-31,29.3647,29.4218,29.1289,29.1603,347950
2006-09-01,29.36,29.5211,29.1977,29.4159,590460
2006-09-05,29.4642,29.4642,29.2243,29.2871,543827
2006-09-06,29.0493,29.123,28.8576,28.8931,416408
2006-09-07,28.838,29.009,28.6738,28.7899,538865
2006-09-08,28.9058,29.1516,28.7947,29.016,346676
2006-09-11,28.9579,28.9775,28.7505,28.8124,693352
2006-09-12,28.7899,29.5142,28.7377,29.4493,1019055
2006-09-13,29.4415,30.276,29.4218,30.2209,1286360
2006-09-14,30.0774,30.2671,29.9801,30.1885,1289765
2006-09-15,30.3418,30.6504,30.2544,30.5001,843732
2006-09-18,30.4155,30.4155,30.101,30.2062,1412502
2006-09-19,30.1688,30.4568,30.0193,30.2062,525538
2006-09-20,30.3182,30.5227,30.1541,30.4518,450988
2006-09-21,30.5158,30.5158,30.1747,30.3673,569051
2006-09-22,30.2484,30.3801,30.0558,30.2544,473384
2006-09-25,30.3723,30.6504,30.2062,30.558,692079
2006-09-26,30.5079,30.8628,30.4224,30.6906,701431
2006-09-27,30.6906,30.7968,30.4155,30.4155,622629
2006-09-28,30.5079,30.9737,30.5079,30.8962,487273
2006-09-29,30.7703,30.8962,30.3466,30.4313,488685
2006-10-02,30.4313,30.621,30.0558,30.4096,534333
2006-10-03,30.558,30.6996,30.2671,30.5433,543827
2006-10-04,30.4862,30.6759,30.3418,30.6052,719431
2006-10-05,30.6906,30.9737,30.5433,30.958,714610
2006-10-06,30.9443,31.3237,30.6691,31.2254,732184
2006-10-09,31.1065,31.1291,30.7821,31.0869,561257
2006-10-10,31.0525,31.4671,31.0525,31.4309,771305
2006-10-11,31.3788,31.5723,31.251,31.4898,765213
2006-10-12,31.6176,31.646,31.3984,31.5723,337749
2006-10-13,31.4534,31.8044,31.3984,31.8044,583935
2006-10-16,31.7778,31.8417,31.6638,31.7572,418957
2006-10-17,31.7778,31.8781,31.5124,31.6107,533055
2006-10-18,31.7296,32.3106,31.4377,31.8781,551904
2006-10-19,31.1134,31.6785,31.1134,31.4829,825309
2006-10-20,31.6107,31.9096,31.362,31.8131,1006156
2006-10-23,31.7984,32.167,31.7365,32.1002,490964
2006-10-24,32.0382,32.1837,31.8701,32.1002,429163
2006-10-25,31.935,32.1956,31.8653,32.1247,704975
2006-10-26,32.1523,32.4275,32.0765,32.3558,415273
2006-10-27,32.34,32.4138,31.998,32.1758,687261
2006-10-30,32.1002,32.2191,31.9096,32.1758,453970
2006-10-31,32.2132,32.3764,32.053,32.1159,549779
2006-11-01,32.1758,32.2555,31.8201,31.8417,362267
2006-11-02,31.7837,31.9606,31.6176,31.8859,388064
2006-11-03,31.9263,32.1444,31.6865,31.8131,358442
2006-11-06,31.942,32.3695,31.9263,32.2958,540990
2006-11-07,32.2132,32.456,32.0698,32.2369,396286
2006-11-08,32.3292,32.4825,32.2446,32.4492,822900
2006-11-09,32.456,32.456,32.3174,32.4078,438943
2006-11-10,32.4353,32.7018,32.3233,32.6889,846281
2006-11-13,32.5976,32.6889,32.3292,32.3695,559842
2006-11-14,32.3911,32.7018,31.4239,32.6456,949180
2006-11-15,32.6309,32.7803,32.5976,32.6516,804754
2006-11-16,33.0831,33.6266,32.8934,33.5558,1246961
2006-11-17,33.4999,33.5558,33.2167,33.493,934155
2006-11-20,33.4104,33.489,33.201,33.3731,618379
2006-11-21,33.3289,33.4713,33.2542,33.4025,419244
2006-11-22,33.3592,33.5293,33.2462,33.4802,353478
2006-11-24,33.3799,33.493,33.1893,33.3022,127984
2006-11-27,33.3022,33.3209,32.9701,33.0054,528097
2006-11-28,32.8934,32.9504,32.6604,32.8304,609873
2006-11-29,32.856,33.1558,32.7224,33.1175,415700
2006-11-30,33.0054,33.1932,32.9219,33.0831,529369
2006-12-01,33.1253,33.26,32.6604,32.8845,645303
2006-12-04,32.9759,33.3072,32.9092,33.2315,539008
2006-12-05,33.2315,33.6895,33.1745,33.6817,467576
2006-12-06,33.5558,33.7741,33.26,33.6895,825452
2006-12-07,33.8036,33.9165,33.201,33.3799,598107
2006-12-08,33.3957,33.6128,33.3209,33.4802,319182
2006-12-11,33.4802,33.6188,33.3888,33.5146,235841
2006-12-12,33.4281,33.6482,33.3022,33.6059,446738
2006-12-13,33.7474,33.7474,33.3357,33.493,432705
2006-12-14,33.5618,33.8163,33.4487,33.719,412015
2006-12-15,33.6757,33.831,33.148,33.3357,906940
2006-12-18,33.4163,33.5362,33.089,33.2167,379699
2006-12-19,33.1558,33.489,32.9701,33.3888,442627
2006-12-20,33.3289,33.6404,33.3209,33.543,388204
2006-12-21,33.662,33.8036,33.3445,33.5362,334624
2006-12-22,33.489,33.5146,33.2089,33.2767,248168
2006-12-26,33.1745,33.493,33.1048,33.4339,292254
2006-12-27,33.6128,33.9293,33.6128,33.8803,366238
2006-12-28,33.8683,34.1082,33.7258,33.7741,313797
2006-12-29,33.7052,33.8616,33.4339,33.4625,213591
2007-01-03,33.493,33.9509,33.3357,33.55,602217
2007-01-04,33.6482,33.7604,33.2237,33.4231,620361
2007-01-05,33.4104,33.4163,32.9976,33.0624,523278
2007-01-08,33.0359,33.0831,32.7725,32.9839,720140
2007-01-09,33.1253,33.3022,32.9012,33.2679,547941
2007-01-10,33.1932,33.4281,33.1048,33.3661,614689
2007-01-11,33.4339,33.6266,33.3592,33.5618,595986
2007-01-12,33.6817,33.9578,33.5833,33.831,475797
2007-01-16,33.9018,34.2901,33.8546,34.1328,492092
2007-01-17,34.1476,34.2744,34.01,34.0434,500597
2007-01-18,34.1544,34.1966,33.7691,33.7956,818360
2007-01-19,33.8683,33.9018,33.3731,33.5146,892771
2007-01-22,33.543,33.6757,33.4163,33.4999,827435
2007-01-23,33.4999,33.6188,33.4025,33.4231,640909
2007-01-24,33.3731,33.5362,33.3357,33.5057,523416
2007-01-25,33.4104,33.4713,32.8797,32.9366,653526
2007-01-26,32.9366,33.0133,32.6389,32.7175,690098
2007-01-29,32.7588,32.9701,32.5906,32.7656,780093
2007-01-30,32.8727,33.0054,32.7588,32.9504,324568
2007-01-31,32.9563,33.5293,32.915,33.5293,744517
2007-02-01,33.5362,34.1799,33.489,33.9293,896317
2007-02-02,33.9342,34.1309,33.8743,34.003,658484
2007-02-05,34.01,34.2124,33.8743,34.0434,599384
2007-02-06,34.0551,34.3618,34.0434,34.3265,727936
2007-02-07,34.3343,34.7127,34.3265,34.6715,824453
2007-02-08,34.6763,34.8179,34.3923,34.4827,594283
2007-02-09,34.5721,34.8669,34.5004,34.5436,680031
2007-02-12,34.5801,34.6715,34.4159,34.4454,560486
2007-02-13,34.4699,34.7127,34.4699,34.7127,720356
2007-02-14,34.7127,35.0253,34.6558,34.8985,727647
2007-02-15,34.9477,35.0311,34.8179,34.9338,553894
2007-02-16,34.8002,35.2012,34.7127,35.1127,736014
2007-02-20,35.2012,35.3064,34.8669,35.101,865128
2007-02-21,35.0863,35.385,35.039,35.3408,1273888
2007-02-22,35.4745,35.8066,35.4076,35.5865,821622
2007-02-23,35.4183,35.8008,35.2072,35.673,787181
2007-02-26,35.7074,35.7261,35.2139,35.3997,591394
2007-02-27,35.2346,35.2562,34.01,34.1004,1191256
2007-02-28,34.1839,34.7333,34.0837,34.3805,1298261
2007-03-01,33.8683,34.35,33.831,34.2291,1450665
2007-03-02,34.1839,34.3805,33.9658,34.0149,924095
2007-03-05,33.8084,34.3028,33.5146,33.9018,755861
2007-03-06,34.0355,34.3175,33.7417,34.1879,752315
2007-03-07,33.9421,34.1328,33.8232,34.0434,957260
2007-03-08,34.2744,34.4011,34.1476,34.3098,757134
2007-03-09,34.4317,34.5349,34.1633,34.3422,394442
2007-03-12,34.3175,34.5436,34.2203,34.4375,373751
2007-03-13,34.2959,34.4011,33.9421,34.0297,874350
2007-03-14,34.0207,34.2586,33.7691,34.2438,1099846
2007-03-15,34.1839,34.4159,34.1476,34.3727,558423
2007-03-16,34.3175,34.4699,33.9735,34.1633,943506
2007-03-19,34.4237,34.6371,34.2665,34.6134,467290
2007-03-20,34.6281,34.9417,34.5349,34.9417,441351
2007-03-21,34.926,35.2072,34.5004,35.2072,550062
2007-03-22,35.1511,35.271,34.9201,34.9644,432565
2007-03-23,34.9938,35.1058,34.7854,35.0538,587049
2007-03-26,35.0538,35.0863,34.6852,35.0538,548077
2007-03-27,34.8906,34.9477,34.5721,34.6852,380836
2007-03-28,34.6371,34.6371,34.2203,34.2832,473384
2007-03-29,34.4159,34.4611,34.2203,34.3923,476927
2007-03-30,34.4317,34.6016,34.1966,34.5721,664722
2007-04-02,34.5279,34.8257,34.5073,34.7776,560973
2007-04-03,34.9054,35.2798,34.9054,35.2012,466866
2007-04-04,35.271,35.4538,34.8522,35.0538,573168
2007-04-05,35.0538,35.0626,34.9201,35.0105,358866
2007-04-09,35.1206,35.2798,34.8395,35.1432,437244
2007-04-10,35.0311,35.1875,34.9801,35.1511,292818
2007-04-11,35.101,35.101,34.5888,34.6214,483586
2007-04-12,34.6214,34.7933,34.4454,34.748,565227
2007-04-13,34.7186,34.748,34.521,34.6763,610723
2007-04-16,34.8395,35.3191,34.8052,35.2798,501309
2007-04-17,35.2857,35.2857,35.0007,35.1343,353192
2007-04-18,35.1343,35.2927,34.8455,35.2012,532206
2007-04-19,35.8618,36.1948,34.1387,34.8827,657781
2007-04-20,35.2415,35.2415,34.8002,35.1805,1206571
2007-04-23,35.2072,35.3614,35.1343,35.2219,684703
2007-04-24,35.2139,35.3408,34.9054,35.1933,829415
2007-04-25,35.8401,36.4289,35.1343,35.4892,713337
2007-04-26,35.385,35.5206,35.1875,35.4892,401105
2007-04-27,35.4538,35.4961,35.1933,35.2494,349226
2007-04-30,35.3064,35.3919,34.8326,34.8592,611433
2007-05-01,34.8592,35.0311,34.5721,34.9938,752596
2007-05-02,34.9711,35.2012,34.926,35.1933,558713
2007-05-03,35.1295,35.1933,34.9938,35.1875,515053
2007-05-04,35.0174,35.2219,34.4945,34.7638,1464232
2007-05-07,34.7186,34.9525,34.6458,34.8906,789729
2007-05-08,34.8257,34.8985,34.6214,34.8522,462472
2007-05-09,34.7068,35.1805,34.6214,35.1206,512643
2007-05-10,34.9584,34.9644,34.7068,34.7854,584925
2007-05-11,34.8257,34.926,34.6458,34.8455,552753
2007-05-14,34.926,34.926,34.6065,34.7717,639213
2007-05-15,34.7854,35.1206,34.6763,34.7127,808014
2007-05-16,34.7854,35.0007,34.6558,34.9869,562960
2007-05-17,34.926,35.1805,34.8395,35.093,575715
2007-05-18,35.1579,35.3261,35.0863,35.3261,675778
2007-05-21,35.2798,35.5944,35.2012,35.5412,552045
2007-05-22,35.445,35.9423,35.4313,35.7349,711207
2007-05-23,35.7506,35.9265,35.2012,35.2798,764929
2007-05-24,35.2798,35.4607,34.9477,34.9938,613555
2007-05-25,35.1737,35.2798,34.9644,35.2562,407902
2007-05-29,35.3339,36.1036,35.3339,35.8283,837636
2007-05-30,35.6799,36.2528,35.439,36.1871,1196504
2007-05-31,35.7939,36.3,35.7939,36.2087,913609
2007-06-01,36.3344,36.4426,35.6003,35.9079,973982
2007-06-04,35.7349,36.308,35.6681,36.2863,603495
2007-06-05,36.2293,36.4003,35.5118,35.673,594143
2007-06-06,35.4076,35.4076,35.0469,35.101,565655
2007-06-07,35.0734,35.0863,34.6371,34.6371,873635
2007-06-08,34.6281,35.1875,34.5279,35.1579,618237
2007-06-11,34.693,35.3771,34.693,35.1668,508960
2007-06-12,35.0863,35.4233,34.7717,34.8395,879310
2007-06-13,35.0007,35.3339,34.8759,35.3339,796537
2007-06-14,35.3614,35.5659,35.1058,35.2012,690516
2007-06-15,35.439,35.5412,34.9584,35.1875,1095167
2007-06-18,35.2927,35.3526,35.0626,35.1933,547794
2007-06-19,35.101,35.3614,34.926,35.2857,443762
2007-06-20,35.3467,35.5531,35.0686,35.0686,466433
2007-06-21,35.0686,35.4076,34.8522,35.3997,630708
2007-06-22,35.3693,35.3693,34.7127,34.8326,1125067
2007-06-25,34.8522,35.3614,34.8052,34.8985,746645
2007-06-26,35.1127,35.2219,34.8052,34.8906,744517
2007-06-27,34.7186,35.1875,34.6715,35.1579,533196
2007-06-28,35.0734,35.2562,34.926,35.1668,529369
2007-06-29,35.2139,35.385,34.7638,34.9938,890506
2007-07-02,35.2415,35.4892,35.1511,35.4892,630285
2007-07-03,35.6317,35.7801,35.5039,35.616,359006
2007-07-05,35.616,35.7074,35.3339,35.3614,698741
2007-07-06,35.3771,35.616,35.1343,35.5118,705681
2007-07-09,35.6387,35.6387,35.093,35.2562,607178
2007-07-10,35.1875,35.2415,34.5653,34.5653,851382
2007-07-11,34.5653,34.812,34.4532,34.8052,688960
2007-07-12,35.0174,35.4233,34.8052,35.4233,753734
2007-07-13,35.4313,35.6229,35.1737,35.5659,422647
2007-07-16,35.5659,35.8401,35.3408,35.6003,724251
2007-07-17,35.6091,35.9904,35.5944,35.6317,549638
2007-07-18,35.4538,35.7743,35.2219,35.6946,916864
2007-07-19,35.7006,36.1723,35.4666,36.1183,948757
2007-07-20,36.0121,36.0121,34.5958,34.6214,1426173
2007-07-23,34.8827,35.1343,34.6852,34.9584,1301949
2007-07-24,34.8052,35.6554,34.6715,35.2494,1532688
2007-07-25,35.385,35.7663,35.2494,35.3339,1829618
2007-07-26,35.1206,35.3132,34.1722,34.6214,1513555
2007-07-27,34.6134,34.6134,33.5293,33.5293,1955618
2007-07-30,33.4231,34.1476,33.0221,34.07,1675557
2007-07-31,34.2203,34.2959,33.5696,33.5696,1401161
2007-08-01,33.4408,34.1229,33.3209,33.9578,1626378
2007-08-02,34.0434,34.3657,33.889,34.3343,1606107
2007-08-03,34.3618,34.4886,33.5745,33.5745,1421573
2007-08-06,33.7474,34.5958,33.6266,34.5152,1834441
2007-08-07,34.2959,34.9201,34.2438,34.6371,1616173
2007-08-08,34.0297,35.4183,34.0297,35.3132,1643105
2007-08-09,35.0174,35.2857,34.2744,34.3098,1902470
2007-08-10,34.1476,34.3098,33.3514,33.9421,1502644
2007-08-13,34.1722,35.0686,33.9815,34.7068,1311872
2007-08-14,34.8395,34.9801,33.9165,33.9165,1083398
2007-08-15,33.6404,34.2959,33.2089,33.2767,1201892
2007-08-16,32.7803,34.2291,32.456,34.0149,2086866
2007-08-17,35.0174,35.5118,34.1171,34.6214,1279558
2007-08-20,34.3923,34.8455,34.0512,34.3175,1353255
2007-08-21,34.3343,34.3422,33.7878,34.0207,1115288
2007-08-22,34.2203,34.3175,33.6482,34.1966,1382034
2007-08-23,34.3618,34.4611,33.9658,34.0512,1339934
2007-08-24,33.9815,34.2046,33.8683,34.1839,992834
2007-08-27,34.0207,34.3727,33.8743,34.1004,854075
2007-08-28,33.831,34.0551,33.5293,33.5833,1434900
2007-08-29,33.7604,34.5073,33.4556,34.5004,1067663
2007-08-30,34.3422,34.9584,34.1171,34.8257,1565857
2007-08-31,35.2072,35.385,34.7403,35.0538,1029118
2007-09-04,35.0538,35.1875,34.5721,34.6852,927211
2007-09-05,33.7474,34.1633,33.719,33.8803,1758470
2007-09-06,33.9018,34.3343,33.7534,34.3175,952299
2007-09-07,33.9815,34.2959,33.6895,34.0924,1584279
2007-09-10,34.2547,34.35,33.6552,33.889,856771
2007-09-11,33.9578,34.3343,33.8232,34.2744,694630
2007-09-12,34.2744,34.3618,34.0297,34.1476,732046
2007-09-13,34.4317,34.6371,34.1004,34.2586,615825
2007-09-14,34.1229,34.4317,33.8743,34.2586,839907
2007-09-17,34.0924,34.6134,34.0434,34.3657,982063
2007-09-18,34.4769,35.6229,34.3175,35.616,1068378
2007-09-19,35.8351,36.4622,35.8214,35.9197,1242282
2007-09-20,35.8066,36.0809,35.5659,35.8401,870114
2007-09-21,36.2667,36.2667,35.616,35.6681,1182327
2007-09-24,35.4666,35.9747,35.3997,35.6867,1033512
2007-09-25,36.245,36.245,35.4183,35.6464,844298
2007-09-26,35.9747,36.0809,35.7349,35.9197,1011963
2007-09-27,36.0199,36.3157,35.5708,35.5865,750475
2007-09-28,35.5206,35.7506,35.1343,35.2798,1023017
2007-10-01,35.2415,35.8618,35.2415,35.7419,1112031
2007-10-02,35.9541,35.961,35.5345,35.6681,650262
2007-10-03,35.559,35.616,35.1875,35.2494,1075747
2007-10-04,35.1511,35.4313,35.0311,35.1875,727649
2007-10-05,34.6558,35.4961,34.5574,35.3919,933303
2007-10-08,35.3526,35.3771,34.9644,35.0538,527811
2007-10-09,35.0174,35.271,34.7717,35.1579,911762
2007-10-10,35.1511,35.3132,34.8592,35.0253,584357
2007-10-11,35.0793,35.2562,34.6016,34.7,866408
2007-10-12,34.5721,35.0311,34.5721,34.9801,592299
2007-10-15,34.9525,35.0686,34.3175,34.4532,1261556
2007-10-16,34.5004,34.6134,34.2203,34.3098,758840
2007-10-17,34.521,34.5801,33.896,34.3028,606470
2007-10-18,34.1839,35.271,33.9293,34.1966,1396633
2007-10-19,34.0207,34.0297,33.2237,33.2237,1452895
2007-10-22,33.1106,33.9293,32.9632,33.7819,1214359
2007-10-23,33.9245,34.1476,33.6188,34.0757,705400
2007-10-24,33.9735,34.4769,33.7878,34.4454,1130879
2007-10-25,34.6065,34.7776,34.1387,34.409,1119543
2007-10-26,34.409,34.7333,34.3343,34.6715,744097
2007-10-29,34.748,34.812,34.3028,34.4011,702846
2007-10-30,34.3343,34.5958,34.237,34.3422,525538
2007-10-31,34.5721,34.7854,34.1966,34.6214,837213
2007-11-01,34.4317,34.9801,34.2438,34.2438,987729
2007-11-02,34.3422,34.7403,34.2203,34.5888,851099
2007-11-05,34.3343,35.0007,34.2586,34.7127,888376
2007-11-06,34.7776,34.8395,34.2744,34.8395,845288
2007-11-07,34.2203,34.5516,34.0434,34.0434,1185634
2007-11-08,34.0757,34.8052,33.8683,34.7,1531441
2007-11-09,34.2291,34.6458,34.1387,34.1966,853507
2007-11-12,34.07,34.9938,34.07,34.5279,892766
2007-11-13,34.7333,35.1737,34.356,35.1737,948615
2007-11-14,35.3132,35.3132,34.0207,34.0207,1225275
2007-11-15,33.9735,34.3098,33.7956,34.0757,1143779
2007-11-16,34.4159,34.4159,33.5146,33.7741,1441702
2007-11-19,33.662,33.6964,33.1253,33.2767,1377997
2007-11-20,33.2089,33.8232,33.0271,33.5362,1489553
2007-11-21,33.3445,33.7741,33.1647,33.2836,808723
2007-11-23,33.4339,33.6679,33.2462,33.6679,302083
2007-11-26,33.5833,33.7474,32.9288,32.9288,952586
2007-11-27,33.0359,33.6188,33.0133,33.55,1313426
2007-11-28,33.9018,34.4699,33.6266,34.4699,1173470
2007-11-29,34.2901,34.2959,33.8163,33.9421,1130312
2007-11-30,34.2901,34.3175,33.6757,33.9018,1204586
2007-12-03,33.9658,34.3028,33.8036,33.8616,852426
2007-12-04,33.6266,34.07,33.5146,33.8743,782231
2007-12-05,33.8743,34.1633,33.7052,34.1082,1008797
2007-12-06,34.0924,34.6635,33.9342,34.5958,814757
2007-12-07,34.5888,34.8326,34.5888,34.7,545711
2007-12-10,34.8669,34.8669,34.5349,34.8257,548640
2007-12-11,34.8002,34.9338,33.7878,33.8084,788738
2007-12-12,34.5801,34.9201,33.662,34.0355,1121203
2007-12-13,33.9342,34.0924,33.5696,34.0924,1078669
2007-12-14,34.1171,34.1171,33.5362,33.5558,780945
2007-12-17,33.5293,33.7131,33.2384,33.2384,1045130
2007-12-18,33.2384,33.6757,33.1745,33.4802,1120252
2007-12-19,33.4802,33.6964,32.9916,33.2237,860696
2007-12-20,33.55,33.6266,33.1048,33.3022,815386
2007-12-21,33.6188,34.35,33.4281,34.3422,1698197
2007-12-24,34.3923,34.6214,34.3175,34.5073,226095
2007-12-26,34.4317,34.4317,34.1879,34.2665,651947
2007-12-27,34.1229,34.2291,33.4408,33.4625,1270615
2007-12-28,33.7258,33.7258,33.1647,33.1932,742576
2007-12-31,32.9839,33.2167,32.6604,32.6673,1120675
2008-01-02,32.5552,32.6516,31.764,31.7778,1690368
2008-01-03,31.9606,32.1758,31.6992,31.7365,1211103
2008-01-04,31.3237,31.537,30.5924,30.5924,1594415
2008-01-07,30.7192,31.1379,30.6131,30.8312,1666915
2008-01-08,31.0466,31.0466,29.8169,29.8523,1349434
2008-01-09,29.8002,30.621,29.8002,30.621,1495983
2008-01-10,30.4518,30.5974,30.0096,30.3182,1669582
2008-01-11,29.9889,30.1973,29.7757,29.8297,1477275
2008-01-14,30.1088,30.4804,30.0193,30.4568,925086
2008-01-15,30.1462,30.1973,29.6125,29.6125,1539919
2008-01-16,29.3442,29.8454,29.3442,29.4799,1750532
2008-01-17,29.4562,29.7865,28.8861,28.9579,2301163
2008-01-18,29.0975,29.5358,28.262,28.4281,2957694
2008-01-22,27.1729,28.7309,27.1337,28.4104,2612307
2008-01-23,27.7145,28.7741,27.3381,28.6738,3938741
2008-01-24,28.7741,28.8861,28.0674,28.3711,2143525
2008-01-25,28.5323,28.8576,28.2689,28.7436,2170322
2008-01-28,28.8439,29.3933,28.5156,29.3314,1470326
2008-01-29,29.409,29.8602,29.2448,29.8602,1688628
2008-01-30,29.7865,31.0229,29.7865,30.3959,2485633
2008-01-31,30.0558,31.1782,29.7815,30.9944,2671579
2008-02-01,31.0466,31.9183,31.0171,31.8928,2333698
2008-02-04,31.8977,31.8977,31.2058,31.3984,984929
2008-02-05,30.9885,31.4112,30.7251,31.0947,1803380
2008-02-06,31.3699,31.7512,31.0525,31.4829,1927439
2008-02-07,31.3846,31.8486,31.2058,31.7778,2132712
2008-02-08,31.656,31.7365,31.1851,31.4171,1657152
2008-02-11,31.306,31.7778,30.846,31.7709,1298986
2008-02-12,31.9026,32.1159,31.5871,31.8131,1071457
2008-02-13,32.0943,32.3331,31.8977,32.2869,1281485
2008-02-14,32.2506,32.279,31.4534,31.6383,906019
2008-02-15,31.646,31.7837,31.2785,31.7837,1009315
2008-02-19,31.595,31.9026,30.3418,30.5924,2284392
2008-02-20,30.388,30.7496,30.0922,30.5227,1904860
2008-02-21,30.5158,30.5433,29.5898,29.6823,1824408
2008-02-22,29.7167,29.8454,29.4415,29.8376,1900874
2008-02-25,29.9064,30.1747,29.6213,30.0558,2110969
2008-02-26,30.0558,30.1885,29.7127,29.9889,2715491
2008-02-27,29.8454,30.388,29.8376,30.2946,1892477
2008-02-28,30.2946,30.3516,29.8759,30.1402,2142135
2008-02-29,29.7865,29.8602,29.064,29.1053,2343194
2008-03-03,29.123,29.2645,28.8861,29.2568,1924581
2008-03-04,29.2568,29.3442,28.8861,29.2243,1756577
2008-03-05,29.009,29.3147,28.3967,28.7505,2315449
2008-03-06,28.668,28.668,28.322,28.4036,1538098
2008-03-07,28.2227,28.6306,28.0821,28.3446,1754281
2008-03-10,28.3661,28.495,27.6811,27.7008,2098546
2008-03-11,28.2758,28.2758,27.6938,28.1667,1886844
2008-03-12,28.2826,28.4861,28.0821,28.0969,1817640
2008-03-13,27.7706,28.1096,27.5682,27.8344,2364231
2008-03-14,27.9691,28.0468,27.3341,27.6211,2895986
2008-03-17,27.0235,28.0114,27.0235,27.6938,2193104
2008-03-18,28.0114,28.2905,27.6732,28.2905,2169068
2008-03-19,28.4733,28.7899,28.2442,28.2442,2608614
2008-03-20,28.4576,28.605,28.2227,28.5972,2094561
2008-03-24,28.6532,29.123,28.6532,29.0414,1193581
2008-03-25,28.9362,28.9854,28.6099,28.8203,1417502
2008-03-26,28.6944,28.7819,28.3082,28.4733,1229384
2008-03-27,28.6384,28.6601,28.0025,28.0025,1593278
2008-03-28,28.0468,28.2758,28.0468,28.089,1391160
2008-03-31,28.0251,28.4861,27.8659,28.3751,1765645
2008-04-01,28.5087,29.4159,28.3446,29.3933,2077343
2008-04-02,29.6125,29.7815,29.1839,29.2724,1594265
2008-04-03,29.0719,29.3235,28.9058,29.1761,854044
2008-04-04,29.3383,29.7942,29.0562,29.6676,1195934
2008-04-07,30.0036,30.0036,29.3933,29.6538,1214150
2008-04-08,29.5063,29.5702,29.2125,29.3314,866838
2008-04-09,29.3864,29.4709,28.9138,28.9707,800096
2008-04-10,29.016,29.3707,28.9285,29.2125,805519
2008-04-11,28.9707,29.004,28.6227,28.7004,1043156
2008-04-14,28.7436,28.7505,28.3751,28.434,746411
2008-04-15,28.4733,28.8625,28.4409,28.8291,1018687
2008-04-16,28.95,29.6479,28.8066,29.6479,1251563
2008-04-17,29.7167,29.8092,29.4709,29.7255,986430
2008-04-18,30.1609,30.2337,29.3235,29.9889,1894900
2008-04-21,29.9004,29.9281,29.016,29.4415,1548548
2008-04-22,29.3786,29.3864,28.8203,28.9362,1399632
2008-04-23,29.3786,29.4799,28.8291,29.3647,1109936
2008-04-24,29.4642,30.0479,29.295,29.8092,1193837
2008-04-25,29.9133,30.1688,29.6125,30.101,1092316
2008-04-28,29.9348,30.2416,29.8602,30.0342,863093
2008-04-29,30.0774,30.5227,29.9733,30.3723,886918
2008-04-30,30.5158,30.5924,29.9221,29.9575,1297099
2008-05-01,30.0283,30.9737,29.8818,30.6759,1112791
2008-05-02,30.846,31.2254,30.5797,30.7763,838418
2008-05-05,30.565,30.5974,30.1816,30.1973,727894
2008-05-06,30.1541,31.1221,30.1541,31.0319,1249750
2008-05-07,31.1221,31.1221,30.5512,30.5727,433306
2008-05-08,30.6131,31.0013,30.2671,30.5512,1161292
2008-05-09,30.2946,30.6131,30.1816,30.5227,676745
2008-05-12,30.5512,30.8106,30.3673,30.8106,978515
2008-05-13,30.621,31.0171,30.5974,30.9384,912705
2008-05-14,31.2588,31.7778,30.9384,31.595,1106500
2008-05-15,31.5124,32.0875,31.3395,32.0875,1354222
2008-05-16,32.0108,32.0943,31.5665,31.8653,1424663
2008-05-19,31.8044,32.3331,31.651,32.0382,1267697
2008-05-20,32.1002,32.1002,31.4534,31.7444,1135196
2008-05-21,31.8338,32.108,31.3237,31.5242,934689
2008-05-22,31.4898,31.8653,31.4112,31.651,778641
2008-05-23,31.5665,31.5665,30.8962,31.0092,1016559
2008-05-27,30.966,31.4751,30.8264,31.2116,1265264
2008-05-28,31.1674,31.3188,30.7891,30.9384,986481
2008-05-29,30.8962,31.2785,30.8038,31.1714,998516
2008-05-30,31.1851,31.2058,30.8312,31.0525,1203266
2008-06-02,31.0525,31.1291,30.4096,30.7133,917572
2008-06-03,30.8391,30.8686,30.4037,30.7339,1190152
2008-06-04,30.4401,30.8391,30.3673,30.565,835668
2008-06-05,30.7339,30.7566,30.4155,30.5924,1228952
2008-06-06,30.388,30.388,29.5476,29.5476,1442200
2008-06-09,29.6616,30.1688,29.6125,30.0774,1193594
2008-06-10,30.0193,30.4401,29.8602,30.1235,1202784
2008-06-11,29.9004,30.0193,29.1977,29.1977,1281513
2008-06-12,29.1603,29.8671,29.1603,29.5476,979585
2008-06-13,29.7757,30.4518,29.7472,30.4518,1105925
2008-06-16,30.1235,30.3329,29.9733,30.1973,875726
2008-06-17,30.2946,30.4725,29.9428,30.0036,1052456
2008-06-18,29.9889,29.9889,29.5142,29.6125,1335044
2008-06-19,29.6479,30.0193,29.5211,29.9348,1872401
2008-06-20,29.6676,29.8002,29.2645,29.3235,1653827
2008-06-23,29.4012,29.4012,28.8625,28.8861,1477068
2008-06-24,28.8291,29.2184,28.7082,28.838,1369796
2008-06-25,29.0336,29.4336,28.8576,28.9285,1726662
2008-06-26,28.4036,28.8576,28.322,28.322,1456339
2008-06-27,28.2295,28.4409,28.0743,28.1667,1986615
2008-06-30,28.2442,28.2689,27.9947,27.9947,1750134
2008-07-01,27.5739,28.1096,27.5465,28.0114,2248027
2008-07-02,27.9179,28.201,27.748,27.748,2135356
2008-07-03,27.9347,28.2089,27.7528,27.8413,950565
2008-07-07,27.9612,28.2227,27.4797,27.7342,1491146
2008-07-08,27.5612,28.1725,27.5612,28.0674,2027625
2008-07-09,27.9878,28.1725,27.4727,27.4727,1834966
2008-07-10,27.4344,27.6153,26.9331,27.1809,2087096
2008-07-11,26.8319,27.054,26.4073,26.7179,2583418
2008-07-14,26.9842,27.1003,26.6068,26.7317,1714483
2008-07-15,26.4467,27.2409,26.0653,26.8879,2557010
2008-07-16,26.7837,28.089,26.594,28.089,2287965
2008-07-17,29.3383,29.3383,27.3833,28.4409,2974379
2008-07-18,28.322,29.0414,27.748,28.3809,2983474
2008-07-21,28.434,28.5008,28.2089,28.3809,1775229
2008-07-22,28.3504,28.6807,28.2826,28.6099,2032653
2008-07-23,28.8576,29.064,28.4861,28.8016,2017557
2008-07-24,28.605,28.9775,28.2512,28.4193,1029403
2008-07-25,28.6306,28.7505,28.2758,28.3574,1364513
2008-07-28,28.322,28.322,27.7932,27.9112,1238975
2008-07-29,27.8275,28.4636,27.8275,28.3809,1813086
2008-07-30,28.3377,28.8016,28.1293,28.4733,1603118
2008-07-31,28.2758,28.668,28.15,28.2994,1761398
2008-08-01,28.4576,28.5323,27.8147,28.1805,1210501
2008-08-04,28.1952,28.5471,28.1176,28.3446,1044482
2008-08-05,28.6099,29.1132,28.4733,29.1132,1748094
2008-08-06,28.9893,29.3647,28.7819,29.3314,1213627
2008-08-07,29.009,29.0237,28.5402,28.5471,1423255
2008-08-08,28.6532,30.2484,28.5678,30.2484,1656802
2008-08-11,30.0607,30.9817,29.8376,30.4725,1398540
2008-08-12,30.3516,30.6573,30.0922,30.1885,829756
2008-08-13,30.1365,30.2416,29.4799,29.9733,922085
2008-08-14,29.5358,30.5158,29.5358,30.2416,1016874
2008-08-15,30.3801,30.7065,30.1235,30.2337,1808947
2008-08-18,30.4313,30.7635,30.1609,30.2671,1481341
2008-08-19,30.1365,30.2671,29.7609,29.8092,1459406
2008-08-20,29.7865,30.0479,29.4277,29.6744,947600
2008-08-21,29.1162,29.7815,29.1162,29.7678,879312
2008-08-22,29.8818,30.1402,29.7255,30.1365,874166
2008-08-25,29.7609,30.0558,29.4159,29.641,966351
2008-08-26,29.6744,29.8248,29.4336,29.641,811899
2008-08-27,29.6341,30.101,29.5831,29.9575,865090
2008-08-28,30.101,30.3005,30.0036,30.2828,1020708
2008-08-29,29.8602,30.3596,29.8602,29.9281,1131602
2008-09-02,30.3005,31.0229,29.9133,30.0686,1354393
2008-09-03,29.9428,30.4037,29.6125,29.8002,1235098
2008-09-04,29.6616,29.7815,29.2803,29.2803,1172366
2008-09-05,29.1349,29.4493,28.95,29.352,969128
2008-09-08,29.8454,30.1088,29.5898,29.9496,1462076
2008-09-09,29.9733,30.3094,29.6273,29.6676,1900887
2008-09-10,29.8092,29.9733,29.6125,29.7255,1614761
2008-09-11,29.7255,29.9733,29.1761,29.9064,1030522
2008-09-12,29.6125,29.9281,29.4277,29.7678,1071868
2008-09-15,29.3442,30.0193,28.9285,29.4642,1431557
2008-09-16,28.95,29.8759,28.95,29.8376,1683171
2008-09-17,29.3933,29.3933,28.8861,28.8931,1817649
2008-09-18,29.2645,29.409,28.0251,29.1682,2189454
2008-09-19,29.2871,31.1851,29.2871,29.7678,1858809
2008-09-22,29.5289,29.7167,28.8773,28.9285,896004
2008-09-23,28.9579,29.7609,28.7377,28.8625,1174945
2008-09-24,28.6944,28.9285,28.5087,28.7082,1164782
2008-09-25,28.9225,29.6479,28.7662,29.2568,1138522
2008-09-26,29.0719,29.4218,28.8498,29.3647,862453
2008-09-29,28.9972,29.2301,27.9612,28.3809,1735788
2008-09-30,28.8861,28.9058,27.7528,28.3711,1782880
2008-10-01,28.1373,28.201,27.4265,28.0468,1484985
2008-10-02,28.0468,28.0821,26.3179,26.3179,2642537
2008-10-03,26.7375,26.8427,25.8088,25.8303,2766989
2008-10-06,25.3654,25.561,24.6116,25.2534,3203856
2008-10-07,25.506,25.5335,24.355,24.355,2945435
2008-10-08,24.3,25.7458,23.9824,25.1198,3529017
2008-10-09,25.4205,25.8018,22.8462,22.8462,3220809
2008-10-10,22.3528,24.1888,21.5233,23.2276,3428433
2008-10-13,24.637,24.637,23.6571,24.2715,2144736
2008-10-14,24.984,25.392,23.0586,23.4881,3135149
2008-10-15,23.4881,23.4881,21.9488,22.0217,2298210
2008-10-16,21.9695,23.5658,21.1095,23.5147,4354207
2008-10-17,23.8203,25.0047,22.3067,23.8891,4100036
2008-10-20,24.3403,24.9211,24.0031,24.9211,2133701
2008-10-21,24.7355,25.3458,24.1427,24.2793,1962805
2008-10-22,23.7349,24.4209,23.0429,24.3697,2889205
2008-10-23,24.4395,24.8347,23.1225,24.0866,2794120
2008-10-24,23.1077,23.8705,22.6821,23.3879,2223903
2008-10-27,23.2827,24.2873,23.0026,23.1912,2207602
2008-10-28,23.7083,25.5414,23.036,25.5414,2719364
2008-10-29,25.3861,27.7863,25.0588,26.366,3425965
2008-10-30,26.9548,27.2909,26.2727,26.6481,1723982
2008-10-31,26.7375,28.2375,26.535,27.7617,2388807
2008-11-03,27.9052,28.6601,27.8492,28.0743,2132901
2008-11-04,28.3661,28.434,27.6664,28.1578,2092781
2008-11-05,27.6595,27.8344,27.0668,27.0855,1710712
2008-11-06,26.9331,27.3588,25.6032,25.7615,2186112
2008-11-07,25.9856,26.6402,25.8441,26.3857,2300090
2008-11-10,26.8132,26.9793,25.7163,26.0416,1069891
2008-11-11,25.7241,25.9906,24.9143,25.3713,2113781
2008-11-12,24.757,25.9434,24.702,25.4008,2300337
2008-11-13,25.4705,26.7758,24.6941,26.7454,3041365
2008-11-14,26.4682,26.601,25.2986,25.3654,2106384
2008-11-17,25.0971,26.2058,25.0971,25.3232,1537050
2008-11-18,25.2534,26.535,25.1708,26.0053,2217423
2008-11-19,26.1538,26.6275,25.5757,25.5757,2066885
2008-11-20,25.3369,27.2339,25.163,25.3153,3272921
2008-11-21,25.8677,26.245,24.7422,26.245,3532320
2008-11-24,26.4211,28.1667,26.0053,27.5396,4180191
2008-11-25,28.0674,28.2168,26.9253,27.6291,3509672
2008-11-26,27.0609,28.2375,26.3729,27.9809,2245076
2008-11-28,27.9052,28.0468,27.5916,27.6211,939243
2008-12-01,26.9548,27.0747,25.8677,25.8677,2723078
2008-12-02,26.2373,26.5567,25.331,25.9297,2406973
2008-12-03,25.3654,26.942,25.3654,26.253,2399474
2008-12-04,25.9669,26.8879,25.6269,26.0584,1552256
2008-12-05,25.6682,27.1986,25.3861,27.12,1938130
2008-12-08,27.6516,28.5755,27.4865,28.1952,2002190
2008-12-09,28.4281,28.5678,27.6074,27.7008,1746298
2008-12-10,27.8217,28.089,27.5682,27.9741,1724110
2008-12-11,27.7528,27.8659,26.8712,27.0452,1583717
2008-12-12,25.9365,27.3755,25.9139,27.1936,1481168
2008-12-15,26.5872,26.8132,25.4411,25.6534,3068650
2008-12-16,25.9297,26.2727,25.561,26.245,2909289
2008-12-17,25.9856,27.0747,25.7331,26.9331,2356953
2008-12-18,27.227,27.3588,26.1616,26.4299,1882552
2008-12-19,26.712,26.999,26.02,26.1793,2654378
2008-12-22,26.1861,26.1861,25.2023,25.5964,1975778
2008-12-23,25.7812,26.0053,25.3861,25.6799,1470377
2008-12-24,25.853,26.0496,25.4843,25.6466,862543
2008-12-26,25.6534,25.8923,25.331,25.4991,875454
2008-12-29,25.506,25.7871,24.9143,25.1275,1627155
2008-12-30,25.331,26.4378,25.331,26.4151,1722415
2008-12-31,26.1114,27.0078,25.9975,26.712,1639997
2009-01-02,26.88,27.8905,26.827,27.7863,1409251
2009-01-05,28.0969,28.0969,26.9842,27.2546,1449930
2009-01-06,27.4453,27.5101,26.6186,26.8132,1939532
2009-01-07,26.3532,26.6865,25.8588,25.9434,2056983
2009-01-08,25.9582,26.366,25.7684,26.366,1400113
2009-01-09,26.3109,26.7837,25.568,26.5567,2157944
2009-01-12,26.2254,26.4378,25.5964,25.8018,1709087
2009-01-13,25.8018,25.9434,25.4008,25.6879,1338036
2009-01-14,25.331,25.9434,25.16,25.6799,2141179
2009-01-15,25.6032,26.0908,24.9979,25.7871,2161082
2009-01-16,26.2254,26.4378,25.568,26.0496,1601619
2009-01-20,26.02,26.2127,24.9624,25.1275,1995088
2009-01-21,25.3232,25.619,24.0866,24.5594,3917547
2009-01-22,23.9757,24.3491,23.6287,24.0297,2875629
2009-01-23,23.4813,23.4813,22.3018,22.6016,3486965
2009-01-26,22.4217,22.8945,21.9784,22.1672,3109897
2009-01-27,22.1219,22.7549,22.0217,22.3224,2724303
2009-01-28,23.1402,23.5579,22.9318,23.3633,3182779
2009-01-29,23.3879,23.4881,22.6969,22.7972,1728612
2009-01-30,23.0842,23.3054,22.4344,22.5947,2522309
2009-02-02,22.2418,22.9651,21.9784,22.4,3349159
2009-02-03,22.6536,23.091,22.3145,23.0144,2243426
2009-02-04,23.1283,23.8468,22.9249,23.1077,2724983
2009-02-05,23.1402,23.8046,22.9318,23.5815,2883259
2009-02-06,23.6021,23.9953,23.5008,23.7426,3112990
2009-02-09,23.6778,24.3491,23.6778,24.2135,1916921
2009-02-10,23.8281,24.6539,23.7565,24.016,3108328
2009-02-11,24.1172,24.1172,23.2827,23.3879,1917073
2009-02-12,23.3181,23.5815,22.7883,23.5815,2047068
2009-02-13,23.4675,23.8705,23.3407,23.3879,1740791
2009-02-17,22.8237,22.8237,21.5872,22.3381,4513590
2009-02-18,21.7514,22.1543,20.9572,21.1666,4848700
2009-02-19,21.4909,21.5233,20.7311,20.8431,2757258
2009-02-20,20.6339,20.6506,20.1571,20.3625,3530477
2009-02-23,20.5177,20.7006,19.7905,19.8612,2354031
2009-02-24,19.359,20.6839,19.359,20.4618,3518687
2009-02-25,20.4618,21.0898,20.3753,20.6339,3542779
2009-02-26,20.7518,20.8284,19.8917,19.8996,2310210
2009-02-27,19.7413,20.1767,19.5624,19.8534,2941980
2009-03-02,19.6204,19.6823,18.962,19.0189,2876675
2009-03-03,19.304,19.6902,19.2116,19.4032,3567172
2009-03-04,19.4779,19.4779,18.8184,19.0877,3101555
2009-03-05,18.8705,18.9777,18.1166,18.267,2916336
2009-03-06,18.4695,18.615,17.6389,18.0282,2517991
2009-03-09,17.8218,18.0547,17.5898,17.6813,1820732
2009-03-10,17.7382,18.6886,17.7382,18.6631,2394764
2009-03-11,18.7182,19.1113,18.4951,18.7899,2351389
2009-03-12,18.726,19.0592,18.4558,19.0189,2160418
2009-03-13,19.1791,19.5791,18.8548,19.4721,2127969
2009-03-16,19.6765,19.9586,19.3659,19.4779,2430049
2009-03-17,19.4032,20.0658,19.24,20.0658,2292689
2009-03-18,19.9811,20.8058,19.819,20.51,2320380
2009-03-19,20.6386,20.8058,20.1374,20.1767,1721891
2009-03-20,20.2779,20.4117,19.5791,19.6204,2267957
2009-03-23,19.9586,21.0181,19.7188,21.0181,2188897
2009-03-24,20.7518,21.7434,20.7518,21.3474,2892498
2009-03-25,21.3326,22.0462,20.9425,21.372,2528541
2009-03-26,21.5872,22.2016,21.5322,22.1366,1840916
2009-03-27,21.8733,22.1307,21.4997,21.5803,1601889
2009-03-30,21.309,21.372,20.6456,20.9719,1646836
2009-03-31,21.3012,21.4084,20.6643,21.0691,1988293
2009-04-01,20.7381,21.4997,20.5886,21.4526,1669733
2009-04-02,21.8221,22.8168,21.6108,22.6154,2737641
2009-04-03,22.5622,22.7804,22.4885,22.7343,1800766
2009-04-06,22.5406,22.6341,22.114,22.5141,1381918
2009-04-07,22.2693,22.2693,21.5283,21.71,1466663
2009-04-08,21.5872,22.1445,21.4466,21.71,1916577
2009-04-09,22.8591,22.8591,21.9784,22.6458,1873159
2009-04-13,22.4286,22.4885,21.5479,21.7946,2081229
2009-04-14,21.5755,21.7434,21.2599,21.5803,1882610
2009-04-15,21.3877,22.2016,21.2932,22.1859,1797486
2009-04-16,22.5789,24.5811,22.4747,24.3403,4468522
2009-04-17,24.4681,24.5034,23.7496,24.242,2256707
2009-04-20,23.9323,24.2351,23.8281,24.0866,2448388
2009-04-21,24.0444,24.8002,23.9157,24.6941,2555714
2009-04-22,24.3992,24.8062,24.2047,24.293,2206913
2009-04-23,24.293,24.4907,23.7426,24.1359,1659054
2009-04-24,24.1741,24.8554,24.1663,24.6293,1330140
2009-04-27,24.4062,24.8701,24.0809,24.4209,1311748
2009-04-28,24.1584,24.645,23.9894,24.0227,1297094
2009-04-29,24.2873,24.6607,23.9953,24.1506,2284591
2009-04-30,24.2793,24.6941,23.897,23.9619,1961583
2009-05-01,24.01,24.0444,23.325,23.665,1386240
2009-05-04,23.8891,23.9235,23.5225,23.7269,1586161
2009-05-05,23.7083,23.897,23.5008,23.6346,1097103
2009-05-06,23.8203,23.955,23.2542,23.7004,1197909
2009-05-07,23.7083,23.9619,23.2611,23.439,1369225
2009-05-08,23.7221,23.842,23.268,23.6571,1555153
2009-05-11,23.325,23.7613,23.149,23.551,1722693
2009-05-12,23.6287,23.6571,22.9514,23.3181,1672611
2009-05-13,23.0213,23.036,22.5485,22.5563,1554561
2009-05-14,22.6074,23.3633,22.6074,22.8591,1633633
2009-05-15,22.8109,23.0655,22.4127,22.6261,1023988
2009-05-18,22.8669,23.5451,22.8237,23.5068,831440
2009-05-19,23.4026,23.7004,23.268,23.5147,991120
2009-05-20,23.5372,23.8891,22.9456,23.0144,1461025
2009-05-21,22.7343,22.8315,22.1543,22.3922,1495561
2009-05-22,22.4,22.9947,22.0974,22.7391,1087638
2009-05-26,22.4,23.5372,22.4,23.5372,1037078
2009-05-27,23.495,23.7221,23.0586,23.0999,1242596
2009-05-28,23.2758,23.3633,22.6821,23.2129,1269113
2009-05-29,23.2758,23.6217,23.0783,23.6217,1379977
2009-06-01,23.9412,24.9211,23.9412,24.8219,1920798
2009-06-02,25.4638,25.5257,25.0401,25.2986,2391354
2009-06-03,24.9919,25.1404,24.7227,24.8937,1605347
2009-06-04,24.9015,24.9624,24.2793,24.587,1073210
2009-06-05,24.757,24.8937,24.1299,24.2135,1515282
2009-06-08,23.9619,24.2282,23.842,24.0444,2083460
2009-06-09,24.0809,24.1888,23.897,24.0227,1636759
2009-06-10,24.1359,24.2135,23.665,24.016,1536718
2009-06-11,24.01,24.3,23.8705,23.8891,1418146
2009-06-12,23.8125,23.9687,23.5874,23.842,1017353
2009-06-15,23.4606,23.5737,23.2218,23.432,1225392
2009-06-16,23.4675,23.5815,23.1638,23.3486,1457629
2009-06-17,23.3633,23.7269,23.2827,23.495,1355557
2009-06-18,23.5008,23.6217,23.2827,23.4753,1150502
2009-06-19,23.6936,23.7565,23.2827,23.3328,1568287
2009-06-22,23.1982,23.325,22.979,22.979,1265060
2009-06-23,23.0144,23.1559,22.5789,22.6016,1142019
2009-06-24,22.7549,23.2276,22.7057,22.8758,1012946
2009-06-25,22.8315,23.5658,22.7617,23.432,1262925
2009-06-26,23.5068,23.5372,23.2492,23.3121,1322736
2009-06-29,23.3564,23.7496,23.1707,23.6571,846203
2009-06-30,23.7004,23.7692,23.2827,23.6778,2548499
2009-07-01,23.7565,23.8558,23.5068,23.5579,1181148
2009-07-02,23.3564,23.5304,23.0842,23.325,1861402
2009-07-06,23.2129,23.4813,23.0733,23.325,808190
2009-07-07,23.3181,23.3181,22.9514,23.0144,1047437
2009-07-08,23.0733,23.1765,22.8591,23.0026,1081288
2009-07-09,23.0783,23.1225,22.8404,22.9711,854453
2009-07-10,22.9711,23.2129,22.8315,23.0517,853768
2009-07-13,22.9514,23.432,22.8512,23.3948,1050856
2009-07-14,23.3879,23.5451,23.268,23.5225,1101872
2009-07-15,23.7968,24.2793,23.6346,24.2715,1887020
2009-07-16,24.2351,24.3835,23.4606,24.1584,3061197
2009-07-17,24.1663,24.587,24.1083,24.5034,1863174
2009-07-20,24.7295,24.8554,24.5398,24.702,1384849
2009-07-21,24.7865,24.8701,24.2873,24.4139,1235138
2009-07-22,24.1811,24.7865,24.1811,24.587,1171722
2009-07-23,24.6745,25.0823,24.4445,24.8858,1334307
2009-07-24,24.8347,24.9476,24.637,24.7659,902585
2009-07-27,24.7865,24.8435,24.5104,24.8219,1252967
2009-07-28,24.7748,25.0047,24.5594,24.9546,1217716
2009-07-29,24.757,25.1708,24.6853,24.9084,1032146
2009-07-30,25.1797,25.4008,24.984,25.0273,1081454
2009-07-31,25.0136,25.3783,24.9683,24.9919,1118684
2009-08-03,25.2917,25.2917,24.7422,25.0352,1143105
2009-08-04,25.0588,25.1797,24.8937,25.16,1580366
2009-08-05,25.1542,25.2769,24.6941,24.9143,884150
2009-08-06,24.9772,24.9772,24.6175,24.6853,1062355
2009-08-07,24.9329,25.4126,24.757,25.3783,938905
2009-08-10,25.3074,25.7163,25.1049,25.619,2061666
2009-08-11,25.5257,25.7163,25.4274,25.6416,1196871
2009-08-12,25.6613,26.6865,25.6613,26.2058,2383576
2009-08-13,26.3473,26.535,26.139,26.4211,1040361
2009-08-14,26.4467,26.6865,26.1458,26.4801,1409931
2009-08-17,26.4073,26.601,25.9582,26.2254,1246724
2009-08-18,26.3032,26.7837,26.2313,26.6923,1287389
2009-08-19,26.2952,26.9213,26.2952,26.7375,865945
2009-08-20,26.767,26.8959,26.6127,26.707,1075106
2009-08-21,27.1003,27.4413,26.8084,27.405,1050024
2009-08-24,27.405,27.4197,26.8959,26.9213,1200134
2009-08-25,27.0235,27.3675,26.8506,27.3125,1428043
2009-08-26,27.3125,27.3125,26.6638,26.7611,1138031
2009-08-27,26.6785,26.7317,26.4594,26.6275,1063235
2009-08-28,26.7317,26.8959,26.3602,26.4682,853986
2009-08-31,26.3405,26.4299,26.0132,26.1331,1416567
2009-09-01,26.0653,26.193,25.0823,25.1404,2662197
2009-09-02,24.9772,25.0892,24.7355,24.8937,1738319
2009-09-03,24.8002,25.2327,24.8002,25.2023,1110197
2009-09-04,25.2661,25.4352,25.0352,25.2917,773160
2009-09-08,25.5129,25.619,25.2612,25.4274,917439
2009-09-09,25.4568,25.6799,25.1797,25.5414,1027529
2009-09-10,25.619,25.6347,24.8062,25.1128,1834029
2009-09-11,25.1049,25.2612,24.877,25.1128,861836
2009-09-14,25.0047,25.2474,24.8435,25.1198,798321
2009-09-15,25.0528,25.4499,25.0528,25.392,1729981
2009-09-16,25.4568,25.9365,25.3576,25.907,953072
2009-09-17,25.9669,26.1616,25.7871,26.0653,1689808
2009-09-18,26.2893,26.5872,26.081,26.5567,1984304
2009-09-21,26.3257,27.5739,26.139,27.5042,2366095
2009-09-22,27.5996,28.0468,27.2909,27.6211,2160100
2009-09-23,27.3341,27.6074,26.8319,26.8319,1886258
2009-09-24,26.9488,27.0295,26.3257,26.3935,1154537
2009-09-25,26.4515,26.4515,25.8588,25.8746,1160113
2009-09-28,25.9856,26.594,25.8146,26.5872,1131131
2009-09-29,26.1242,26.7454,26.1242,26.5273,1186074
2009-09-30,26.4938,27.0924,26.2952,26.8506,2883564
2009-10-01,26.5872,26.6923,26.0496,26.2657,1838870
2009-10-02,26.2058,26.2815,25.8588,26.0132,1622472
2009-10-05,26.0348,26.3405,26.02,26.3109,1350406
2009-10-06,26.366,26.6708,26.2952,26.4996,774120
2009-10-07,26.366,26.4378,25.853,26.3109,1012259
2009-10-08,26.4938,26.8506,26.3857,26.7837,781725
2009-10-09,26.7542,27.0668,26.707,27.0668,636595
2009-10-12,27.0924,27.2703,26.9213,27.1061,572466
2009-10-13,27.0078,27.2064,26.9901,27.1061,752142
2009-10-14,27.3912,27.4797,26.9793,27.12,839275
2009-10-15,27.0452,27.517,26.9331,27.4865,1414134
2009-10-16,27.1809,27.1809,26.253,27.0235,2430955
2009-10-19,27.1061,27.1061,26.6402,26.7837,1302136
2009-10-20,26.6275,26.712,26.1793,26.4299,1921339
2009-10-21,26.4073,26.767,26.253,26.2893,1157802
2009-10-22,26.2727,26.827,26.1045,26.6865,1077266
2009-10-23,26.7179,26.8712,26.2727,26.4378,835559
2009-10-26,26.4515,26.6127,25.9856,26.0416,922065
2009-10-27,25.8746,26.1861,25.3654,25.5757,1751775
2009-10-28,25.5551,25.7104,25.2327,25.2661,1337474
2009-10-29,25.5207,25.7104,25.0823,25.1452,1962512
2009-10-30,25.1049,25.2917,24.6293,24.6853,2015802
2009-11-02,24.7177,25.2534,24.6941,25.1275,1411476
2009-11-03,25.0273,25.3526,24.9084,25.1452,1770936
2009-11-04,25.2327,25.5257,25.0745,25.1198,993357
2009-11-05,25.3369,25.7163,25.1452,25.7104,776112
2009-11-06,25.6416,25.7241,25.392,25.5257,722452
2009-11-09,25.7104,26.1184,25.6466,26.1045,1262659
2009-11-10,26.1114,26.245,25.853,25.9297,1032444
2009-11-11,26.139,26.2893,25.8588,26.0584,800346
2009-11-12,25.9788,26.1045,25.568,25.5905,1025059
2009-11-13,25.7163,25.8794,25.5551,25.853,1179891
2009-11-16,25.9492,26.3602,25.8923,26.2196,920133
2009-11-17,26.2127,26.2196,25.9729,26.1861,756136
2009-11-18,26.2058,26.2313,25.8863,25.9856,740757
2009-11-19,25.9011,25.9788,25.5414,25.6799,689430
2009-11-20,25.6112,25.8088,25.5964,25.6799,800467
2009-11-23,25.7241,26.2127,25.7241,25.9492,712180
2009-11-24,25.8303,25.9492,25.5257,25.7379,912628
2009-11-25,25.7537,25.7812,25.5414,25.7379,1036246
2009-11-27,25.2986,25.674,25.045,25.4912,419880
2009-11-30,25.506,25.8746,24.9919,25.2769,1757813
2009-12-01,25.4705,25.9139,25.4705,25.8746,1307498
2009-12-02,25.6416,25.7871,25.5837,25.7753,863480
2009-12-03,25.7753,26.3602,25.7379,26.0584,2250377
2009-12-04,26.4014,26.5489,26.0269,26.3405,1209034
2009-12-07,26.3602,26.5144,26.2254,26.4801,1612420
2009-12-08,26.3532,26.5656,26.1114,26.4594,1286361
2009-12-09,26.535,26.601,26.3032,26.4801,892774
2009-12-10,26.6275,26.8084,26.5213,26.6923,830887
2009-12-11,26.7454,27.0855,26.6923,27.0235,921358
2009-12-14,27.1061,27.2546,26.999,27.1562,795572
2009-12-15,27.0078,27.1494,26.827,26.9901,1056203
2009-12-16,27.1641,27.3833,27.0609,27.1562,951253
2009-12-17,27.112,27.1494,26.7375,26.8506,962166
2009-12-18,26.9036,27.0668,26.707,26.8014,2039721
2009-12-21,26.9036,27.1277,26.8879,26.9331,1139985
2009-12-22,27.0078,27.1337,26.88,27.1277,1011652
2009-12-23,27.1277,27.3056,26.9488,27.1337,648995
2009-12-24,27.2339,27.3538,27.0668,27.2624,334564
2009-12-28,27.3912,27.4108,27.112,27.2476,668332
2009-12-29,27.2339,27.397,27.2339,27.285,675099
2009-12-30,27.1562,27.2339,27.054,27.12,889152
2009-12-31,27.0452,27.2133,26.7837,26.7837,686998
2010-01-04,27.0235,27.0855,26.8319,26.9036,1186119
2010-01-05,26.8574,26.9213,26.4938,26.8712,1336160
2010-01-06,26.8132,26.9842,26.7611,26.827,930474
2010-01-07,26.8427,27.0148,26.7317,26.9705,1067604
2010-01-08,26.8132,27.0148,26.7611,26.9793,1119176
2010-01-11,27.0924,27.2909,26.9036,27.285,729192
2010-01-12,27.1857,27.3675,27.0805,27.1729,941443
2010-01-13,27.2703,27.4669,27.0805,27.3056,1345609
2010-01-14,27.2761,27.5101,27.1061,27.4865,992413
2010-01-15,27.4453,27.5101,27.3588,27.3675,1533708
2010-01-19,27.405,27.6871,27.2409,27.5867,1443581
2010-01-20,27.4727,27.4954,27.054,27.0855,1401192
2010-01-21,27.1494,27.4197,26.88,26.9213,1281979
2010-01-22,26.942,27.1729,26.8643,26.8879,1282188
2010-01-25,26.8132,27.3912,26.8132,27.0235,1238037
2010-01-26,27.0235,27.1337,26.8879,26.999,833498
2010-01-27,26.9705,27.112,26.6559,26.8506,1083038
2010-01-28,26.9126,26.9126,26.6343,26.7837,1251071
2010-01-29,26.8574,26.9488,26.5733,26.5872,1464794
2010-02-01,26.707,26.8879,26.6127,26.8574,963753
2010-02-02,26.9548,27.6211,26.8574,27.6153,1422541
2010-02-03,27.5612,27.7617,27.3675,27.3833,1154386
2010-02-04,27.1809,27.285,26.707,26.707,1153697
2010-02-05,26.6559,26.8319,26.1695,26.601,994250
2010-02-08,26.6275,26.6559,26.0653,26.081,994447
2010-02-09,26.2893,26.6402,26.1695,26.5066,871031
2010-02-10,26.4938,26.6481,26.2589,26.4682,711150
2010-02-11,26.3788,26.7837,26.199,26.7454,775657
2010-02-12,26.4801,26.9793,26.3532,26.9488,1143629
2010-02-16,29.7757,29.7757,27.6595,28.7505,3185258
2010-02-17,28.7505,28.9972,28.5902,28.7171,1513450
2010-02-18,28.5902,28.6877,28.3711,28.668,1063905
2010-02-19,28.5323,28.9775,28.4576,28.95,1093613
2010-02-22,29.004,29.004,28.5755,28.7004,741812
2010-02-23,28.6877,28.8203,28.1018,28.143,1306013
2010-02-24,28.2295,28.495,28.2227,28.491,930943
2010-02-25,28.2581,28.491,28.0468,28.434,1231380
2010-02-26,28.5402,28.5678,28.2512,28.4793,719719
2010-03-01,28.5598,28.9058,28.3377,28.7947,769429
2010-03-02,28.9422,28.9854,28.6601,28.8861,1095237
2010-03-03,28.7662,28.8124,28.4036,28.4409,854527
2010-03-04,28.5245,28.6532,28.1805,28.3711,1068577
2010-03-05,28.5539,28.6168,28.2994,28.5008,868543
2010-03-08,28.605,28.7004,28.3967,28.5598,755778
2010-03-09,28.5972,28.723,28.491,28.6168,601831
2010-03-10,28.5755,28.7505,28.5156,28.6306,748578
2010-03-11,28.6384,28.8704,28.4636,28.8576,852221
2010-03-12,28.8773,28.8773,28.5245,28.7574,669980
2010-03-15,28.7899,28.8625,28.4793,28.5755,860716
2010-03-16,28.5598,28.9058,28.5245,28.8998,832275
2010-03-17,28.9362,29.2301,28.8773,29.1132,742115
2010-03-18,29.1977,29.3786,29.009,29.2243,789713
2010-03-19,29.4562,29.4856,29.1603,29.352,1574615
2010-03-22,30.3959,30.7821,30.1688,30.2484,2036662
2010-03-23,30.4401,30.4401,30.0774,30.3959,1111737
2010-03-24,30.3094,30.3271,29.8092,29.9004,913055
2010-03-25,30.1462,30.1609,29.8092,29.8454,945439
2010-03-26,29.9654,29.9889,29.4799,29.5476,882942
2010-03-29,29.6273,29.7609,29.5142,29.6744,749835
2010-03-30,29.6676,30.0686,29.6538,30.0342,943059
2010-03-31,29.9064,30.0558,29.7757,29.8002,966769
2010-04-01,29.8887,30.2416,29.8297,30.101,927986
2010-04-05,30.1088,30.4224,30.0283,30.3723,711943
2010-04-06,30.1816,30.3329,30.0843,30.2601,856945
2010-04-07,30.2337,30.5364,30.1305,30.3005,985187
2010-04-08,30.2828,30.3723,30.1158,30.3329,785117
2010-04-09,30.3418,30.6297,30.2337,30.5158,875240
2010-04-12,30.6131,30.6849,30.4224,30.4932,917565
2010-04-13,30.4804,30.5305,30.2946,30.5001,1393659
2010-04-14,30.6297,31.595,30.5305,31.4898,2548933
2010-04-15,31.4239,32.0452,31.1291,32.0452,2819659
2010-04-16,31.942,31.9753,30.0558,30.1158,3627561
2010-04-19,30.0342,30.3596,29.7815,30.2828,1564312
2010-04-20,30.445,30.5227,30.2267,30.3801,1262435
2010-04-21,30.3271,30.4401,30.1365,30.4096,1041390
2010-04-22,30.2337,30.3801,29.8671,30.3271,1983132
2010-04-23,30.331,30.5335,30.0783,30.5275,1023973
2010-04-26,30.5974,30.8775,30.4518,30.4518,0
2010-04-27,30.2601,30.3596,29.6823,29.7403,1420410
2010-04-28,29.8818,30.2267,29.6823,30.0686,1716168
2010-04-29,30.4932,30.6573,30.2209,30.5079,1571596
2010-04-30,30.5512,30.6445,30.1973,30.1973,1639821
2010-05-03,30.4665,30.8312,30.2544,30.7192,1185400
2010-05-04,30.3005,30.3005,29.5978,29.7609,1280210
2010-05-05,29.5898,29.8454,29.2448,29.4562,1634406
2010-05-06,29.3707,29.6056,26.8132,28.4478,2896007
2010-05-07,28.3298,28.5678,27.6153,28.0025,3119943
2010-05-10,29.3442,30.0342,28.9893,30.0165,2138752
2010-05-11,29.6538,30.3673,29.6538,30.0036,2016669
2010-05-12,30.1609,30.2337,29.8092,30.2062,1156472
2010-05-13,30.1541,30.1816,29.5614,29.6341,904214
2010-05-14,29.4012,29.6273,28.8291,29.1053,1657284
2010-05-17,29.1162,29.2724,28.5835,29.1426,1258958
2010-05-18,29.36,29.5476,28.7662,28.8861,1215466
2010-05-19,28.7819,28.9138,28.2758,28.7741,1543673
2010-05-20,28.1176,28.434,27.7932,27.8344,1995456
2010-05-21,27.2624,28.1018,27.1857,27.7528,4678092
2010-05-24,27.6153,27.9179,27.5327,27.6291,1367139
2010-05-25,27.0668,28.0969,26.8368,28.0526,2415487
2010-05-26,28.2512,28.605,27.9554,28.1176,1756967
2010-05-27,28.605,28.8861,28.4036,28.8861,1003351
2010-05-28,28.8861,28.9579,28.4861,28.6532,1407605
2010-06-01,28.3574,28.9362,28.1725,28.1805,1291929
2010-06-02,28.3661,28.9628,28.0605,28.9628,1021864
2010-06-03,28.7574,29.064,28.1578,28.5539,1902243
2010-06-04,28.0743,28.2581,27.7794,27.8738,2003019
2010-06-07,27.8993,28.0025,27.4954,27.5042,1498824
2010-06-08,27.5916,27.9269,27.2761,27.861,1618427
2010-06-09,27.5799,28.0468,27.4954,27.6595,1342898
2010-06-10,28.0468,28.5008,28.0388,28.4733,1223929
2010-06-11,28.2295,28.8203,28.201,28.7741,1095276
2010-06-14,29.1053,29.2381,28.7436,28.7899,843054
2010-06-15,28.9285,29.3442,28.8016,29.3098,1151130
2010-06-16,29.1349,29.36,28.8861,29.2125,1061199
2010-06-17,29.2568,29.4218,28.8773,29.3314,838571
2010-06-18,29.4642,29.5614,29.3235,29.409,1052172
2010-06-21,29.7472,29.8092,29.1908,29.3864,736283
2010-06-22,29.4159,29.6341,28.6601,28.7082,846119
2010-06-23,28.6877,28.9628,28.3574,28.7899,931262
2010-06-24,28.5402,28.6463,28.1952,28.3082,827510
2010-06-25,28.3082,28.6099,28.15,28.4793,1324621
2010-06-28,28.5835,28.8931,28.3809,28.6807,913954
2010-06-29,28.3171,28.3661,27.8217,28.143,1531618
2010-06-30,28.0497,28.3986,27.7273,27.8335,1338091
2010-07-01,27.8,28.201,27.3833,28.1224,2137119
2010-07-02,28.1805,28.3298,27.8147,27.9052,1086924
2010-07-06,28.1952,28.3377,27.5682,27.8275,1325300
2010-07-07,27.8413,28.3967,27.7273,28.3574,1532409
2010-07-08,28.5156,28.8704,28.491,28.8439,1625791
2010-07-09,28.8861,29.123,28.7741,29.009,1003967
2010-07-12,28.4409,28.8439,28.3967,28.7899,1039962
2010-07-13,28.9854,29.8454,28.9422,29.4799,1597026
2010-07-14,29.4493,29.6823,29.2243,29.5545,1241193
2010-07-15,29.5005,29.8602,29.1516,29.7403,1649651
2010-07-16,30.0096,30.6504,29.6892,30.5001,3892230
2010-07-19,30.5512,30.8038,29.9575,30.1688,2088545
2010-07-20,29.9004,30.5364,29.7127,30.5364,1254560
2010-07-21,30.7065,30.7251,29.8169,29.9654,1697196
2010-07-22,30.1747,30.6996,29.9281,30.0922,2464858
2010-07-23,30.0193,30.4568,29.8092,30.4096,1887460
2010-07-26,30.4804,30.9247,30.3959,30.7566,1659509
2010-07-27,30.8391,31.0319,30.3596,30.4037,1241463
2010-07-28,30.3959,30.6052,30.2416,30.3005,1154253
2010-07-29,30.5433,30.8686,29.8818,30.1235,1487319
2010-07-30,29.8376,30.3329,29.6892,30.2209,1147060
2010-08-02,30.565,31.0171,30.4096,30.8775,1175591
2010-08-03,30.7251,31.0013,30.5079,30.91,1470288
2010-08-04,30.8775,31.1782,30.8391,31.0721,1515910
2010-08-05,30.8903,31.1291,30.7251,31.1291,1137824
2010-08-06,30.9316,31.0779,30.5158,31.0171,1065497
2010-08-09,31.2254,31.4112,31.1851,31.3846,1066564
2010-08-10,31.0869,31.1379,30.7251,31.0171,1059122
2010-08-11,30.6297,30.6297,30.0479,30.2946,1751305
2010-08-12,29.9889,30.2671,29.6892,30.0342,1683239
2010-08-13,29.6538,29.8454,29.4012,29.641,1350541
2010-08-16,29.4642,29.8297,29.352,29.7815,910260
2010-08-17,29.9496,30.5865,29.8092,30.388,1285633
2010-08-18,30.3005,30.9885,30.1609,30.7763,1114138
2010-08-19,30.621,30.7763,30.0096,30.2484,984098
2010-08-20,29.9889,30.388,29.9889,30.3094,1363715
2010-08-23,29.7304,30.5865,29.6538,30.1365,1467468
2010-08-24,29.8818,30.2416,29.5831,30.04,1814040
2010-08-25,29.9348,30.2209,29.5545,30.1365,3096320
2010-08-26,30.2209,30.4037,29.8297,29.9133,1221854
2010-08-27,30.0843,30.3516,29.6892,30.2897,1038183
2010-08-30,30.2416,30.3005,29.7757,29.7865,715692
2010-08-31,29.7216,29.9221,29.5142,29.5841,1845395
2010-09-01,29.9733,30.5865,29.8818,30.5433,1472745
2010-09-02,30.4725,30.9817,30.4725,30.8628,824024
2010-09-03,31.2185,31.4309,30.7251,31.0013,1312153
2010-09-07,30.8106,30.8312,30.04,30.1462,1609230
2010-09-08,30.0774,30.0774,29.6213,29.8002,1858752
2010-09-09,30.1462,30.1973,29.8248,30.0686,1440637
2010-09-10,30.1402,30.1973,30.0036,30.101,785336
2010-09-13,30.3596,30.6906,30.2544,30.6504,1119030
2010-09-14,30.6996,30.7566,30.4096,30.4665,1397918
2010-09-15,30.3516,30.7428,30.2897,30.6906,919250
2010-09-16,30.5797,30.7968,30.3466,30.558,898087
2010-09-17,31.0642,31.0642,30.5797,30.6759,1350000
2010-09-20,30.8312,31.2982,30.7496,31.2588,724657
2010-09-21,31.3395,31.4456,31.0779,31.306,992503
2010-09-22,31.3788,31.646,31.1221,31.1782,716477
2010-09-23,31.0386,31.3325,30.91,30.9944,687985
2010-09-24,31.3237,31.707,31.2343,31.6638,677214
2010-09-27,31.7365,31.7365,31.4112,31.4751,725378
2010-09-28,31.5429,31.935,31.1585,31.8977,816146
2010-09-29,31.7365,31.8044,31.2913,31.6932,1043881
2010-09-30,31.7375,31.9783,31.31,31.4594,1209993
2010-10-01,31.6992,31.6992,31.2185,31.4309,982842
2010-10-04,31.4171,31.537,31.1379,31.3472,1052725
2010-10-05,31.5508,31.651,31.3699,31.5242,1858726
2010-10-06,31.5242,31.646,31.4052,31.5508,1139958
2010-10-07,31.6107,31.7238,31.3699,31.5242,786840
2010-10-08,31.6176,31.8201,31.4671,31.764,864762
2010-10-11,31.8131,31.9891,31.6785,31.7906,1277466
2010-10-12,31.7365,31.9891,31.4309,31.9096,1507500
2010-10-13,32.1159,32.3911,31.9183,32.2369,1818079
2010-10-14,32.1907,32.3106,31.9183,32.1317,1313056
2010-10-15,32.7105,34.1722,32.7018,33.6552,6491075
2010-10-18,33.8683,34.0149,33.2167,33.8379,2079022
2010-10-19,33.2983,33.7691,33.1175,33.3289,1791036
2010-10-20,33.3661,33.7691,33.2542,33.6011,1363342
2010-10-21,33.7604,33.9245,33.2237,33.5696,1053308
2010-10-22,33.5696,33.7417,33.3209,33.5057,829077
2010-10-25,33.7741,33.9165,33.5362,33.6345,1378174
2010-10-26,33.55,33.7417,33.3799,33.489,861907
2010-10-27,33.3445,33.3445,32.9563,33.3022,750309
2010-10-28,33.489,33.6345,33.3957,33.5833,1178993
2010-10-29,33.6119,33.9668,33.4438,33.7711,1447753
2010-11-01,33.9735,34.1387,33.3072,33.4713,1050214
2010-11-02,33.7337,33.9815,33.6404,33.719,1312251
2010-11-03,33.6757,33.8379,33.2983,33.6059,1157074
2010-11-04,33.9873,34.237,32.9759,33.5833,2555595
2010-11-05,33.5912,34.1004,33.5912,34.0355,968377
2010-11-08,33.9658,34.07,33.6964,33.9509,808475
2010-11-09,34.01,34.0207,33.2983,33.493,1079707
2010-11-10,33.4339,33.5214,33.0438,33.5146,892097
2010-11-11,33.2462,33.6188,33.1647,33.5833,761749
2010-11-12,33.4104,33.4802,33.1253,33.2315,884395
2010-11-15,33.2983,33.8232,33.2983,33.493,1052201
2010-11-16,33.2836,33.5214,32.8934,33.0831,1155217
2010-11-17,33.0968,33.3072,32.9632,33.2462,882336
2010-11-18,33.543,33.7417,33.2767,33.5146,859715
2010-11-19,33.5214,33.6059,33.3799,33.5833,1008511
2010-11-22,33.4408,33.9342,33.3592,33.831,1168013
2010-11-23,33.489,33.6345,33.1745,33.5696,1174249
2010-11-24,33.8468,34.4611,33.7741,34.4611,1280431
2010-11-26,34.2586,34.3343,33.9078,34.2438,483819
2010-11-29,34.0355,34.2203,33.6345,34.0924,868190
2010-11-30,33.8281,34.1722,33.603,33.9648,1970592
2010-12-01,34.3923,34.3923,33.9293,34.2291,1953995
2010-12-02,34.237,35.093,34.0355,34.9938,2598261
2010-12-03,34.8522,35.4136,34.8522,35.3191,1593713
2010-12-06,35.2798,35.7261,35.2012,35.6554,1426472
2010-12-07,36.0199,36.2942,35.7123,35.9128,4261343
2010-12-08,35.8538,36.0269,35.5285,35.9334,2108845
2010-12-09,36.0946,36.0946,35.5039,35.5462,1444105
2010-12-10,35.6612,35.9197,35.6091,35.6681,1264209
2010-12-13,35.8538,36.0386,35.6003,35.8775,1045955
2010-12-14,35.847,36.0896,35.7663,35.8066,985668
2010-12-15,35.7586,36.0592,35.7123,35.8401,918120
2010-12-16,35.9354,36.1625,35.8066,36.1438,925467
2010-12-17,36.1871,36.2598,36.0269,36.0672,2022086
2010-12-20,36.1232,36.1723,35.8705,36.0199,855071
2010-12-21,36.0749,36.3719,35.9904,36.2735,786242
2010-12-22,36.2234,36.4112,36.1183,36.3344,530932
2010-12-23,36.3157,36.3482,35.9827,36.0121,566711
2010-12-27,35.9827,36.2667,35.789,36.2293,595523
2010-12-28,36.2018,36.3227,35.9679,36.1871,539807
2010-12-29,36.2332,36.3856,36.1497,36.2116,464748
2010-12-30,36.2254,36.3993,36.133,36.248,598078
2010-12-31,36.1585,36.3315,36.0759,36.2215,540214
2011-01-03,36.5556,36.9576,36.5261,36.8928,1192107
2011-01-04,36.9016,36.9703,36.1801,36.4052,1894461
2011-01-05,36.245,36.5055,36.0809,36.3227,1003519
2011-01-06,36.2087,36.3482,35.8862,35.9079,948399
2011-01-07,35.9827,36.3296,35.7939,35.9679,1053700
2011-01-10,35.7419,36.6323,35.7123,36.5193,1225824
2011-01-11,36.6244,36.6913,36.1546,36.3482,1156787
2011-01-12,36.589,36.7099,36.2372,36.3482,740077
2011-01-13,36.1183,36.4112,35.9197,36.0199,886403
2011-01-14,36.0465,36.1871,35.9334,36.0896,762176
2011-01-18,36.0219,36.1349,35.7409,36.0141,1349510
2011-01-19,35.9089,36.0691,35.7123,35.9197,1107478
2011-01-20,35.8008,36.2165,35.6003,35.6464,1012930
2011-01-21,35.789,35.7939,35.4745,35.6229,777194
2011-01-24,35.6464,36.2018,35.6317,36.1036,1074055
2011-01-25,36.1183,36.2293,35.8283,36.0896,685948
2011-01-26,36.0946,36.5478,36.0386,36.2794,918522
2011-01-27,36.2942,36.7807,36.1871,36.6038,1166296
2011-01-28,36.6913,37.0952,36.1654,36.2863,1816970
2011-01-31,36.3836,36.8534,36.302,36.5144,1827054
2011-02-01,36.6972,37.5356,36.6972,37.2731,1193551
2011-02-02,37.169,37.2534,36.5831,36.6038,975215
2011-02-03,36.5114,36.7099,36.3335,36.645,860967
2011-02-04,36.5979,37.1159,36.5645,37.0902,696313
2011-02-07,37.0855,37.4785,37.0775,37.4727,872310
2011-02-08,37.5356,37.8963,37.4648,37.8963,931486
2011-02-09,37.7391,37.9238,37.5356,37.6889,861991
2011-02-10,37.5591,37.8983,37.3439,37.8983,898136
2011-02-11,37.6978,38.147,37.5916,38.1263,872932
2011-02-14,38.1921,38.3052,37.5356,37.9876,929275
2011-02-15,37.8472,37.9681,37.508,37.9681,1091582
2011-02-16,38.0801,38.2668,37.9307,38.0948,778078
2011-02-17,37.9739,38.3259,37.8039,38.1921,684605
2011-02-18,38.313,39.004,38.3052,38.9824,1803341
2011-02-22,39.2831,39.2968,36.4761,37.0952,3483389
2011-02-23,37.1483,37.3518,36.2794,36.5714,1597953
2011-02-24,36.4112,36.8427,36.1408,36.5341,1880258
2011-02-25,36.6913,37.1012,36.6038,36.9271,1134070
2011-02-28,37.1139,37.5277,37.0678,37.1749,1107280
2011-03-01,37.3655,37.8707,36.7758,36.7826,1698040
2011-03-02,36.8279,37.6299,36.7984,37.2515,1401385
2011-03-03,37.5356,38.1381,37.5356,38.0182,1183879
2011-03-04,37.9866,37.9866,36.8504,37.2044,1472371
2011-03-07,37.3881,37.3881,36.5114,36.7512,1744256
2011-03-08,36.7601,37.6299,36.7601,37.4362,1007743
2011-03-09,37.5424,37.7498,37.2299,37.5356,804721
2011-03-10,37.2368,37.3016,36.9419,37.0755,958359
2011-03-11,36.8878,37.2446,36.5645,36.9842,1190738
2011-03-14,36.7984,37.0549,36.3463,36.704,1473206
2011-03-15,35.847,36.8072,35.4793,36.6186,1380480
2011-03-16,36.5193,36.8072,36.0279,36.1143,1422412
2011-03-17,36.6893,36.8417,36.2893,36.4426,949926
2011-03-18,36.9842,37.0549,36.654,36.8367,1383347
2011-03-21,37.3016,37.7135,37.2083,37.6073,395372
2011-03-22,37.5631,37.6142,37.1139,37.2151,799354
2011-03-23,37.1012,37.3508,36.7512,37.2672,740765
2011-03-24,37.4285,37.5631,37.1897,37.4432,832878
2011-03-25,37.5847,37.9779,37.4648,37.5591,588702
2011-03-28,37.6142,37.851,37.3153,37.337,765167
2011-03-29,37.2515,37.6643,37.1375,37.6211,1044708
2011-03-30,37.857,38.1853,37.8353,38.0861,1237334
2011-03-31,38.0841,38.2433,37.9287,38.1705,989615
2011-04-01,38.3415,38.7464,37.7852,38.489,836903
2011-04-04,38.4378,38.7818,38.2207,38.7818,1020731
2011-04-05,38.718,38.8389,38.4555,38.4978,1185879
2011-04-06,38.7524,38.95,38.4044,38.4467,908850
2011-04-07,38.3622,38.6895,38.0476,38.3415,711238
2011-04-08,38.489,38.489,37.7194,37.8983,763836
2011-04-11,37.9866,38.605,37.9779,38.597,1054909
2011-04-12,38.5961,38.6728,38.256,38.3779,1211648
2011-04-13,38.3819,38.5686,38.0319,38.1783,1274249
2011-04-14,37.9504,38.4634,37.8796,38.432,1435327
2011-04-15,38.2207,38.2295,36.7168,37.1012,4418798
2011-04-18,36.7984,37.0245,36.4112,36.8721,2253206
2011-04-19,36.9114,37.1542,36.704,36.8072,1030949
2011-04-20,37.2044,37.7135,37.167,37.6142,1106254
2011-04-21,36.9733,37.4157,36.5556,37.2083,1552542
2011-04-25,37.1591,37.279,36.9596,37.0618,1008982
2011-04-26,37.2299,37.6781,37.2221,37.4785,822369
2011-04-27,37.5926,37.7852,37.4855,37.7498,777127
2011-04-28,37.7135,38.254,37.6781,38.2413,1092142
2011-04-29,38.3729,38.4114,38.1194,38.2147,921027
2011-05-02,38.432,38.597,38.1145,38.3052,935089
2011-05-03,38.194,38.2492,37.8423,38.0192,1255142
2011-05-04,38.0713,38.2127,37.6919,37.8275,2151374
2011-05-05,37.7754,38.1085,37.4678,37.7715,1080413
2011-05-06,38.1921,38.4634,37.9504,38.146,1000595
2011-05-09,38.1528,38.6974,37.9572,38.6826,1188206
2011-05-10,38.7818,39.3558,38.6826,39.292,981433
2011-05-11,39.229,39.3274,38.9411,39.2526,1155820
2011-05-12,39.2094,39.806,39.0443,39.7776,1070652
2011-05-13,39.8414,39.8414,39.3667,39.4807,762722
2011-05-16,39.462,39.467,39.1819,39.3058,973423
2011-05-17,39.1456,39.4935,38.8468,39.118,929451
2011-05-18,39.1701,39.4876,38.9824,39.407,1055890
2011-05-19,39.407,39.4738,38.7524,39.3215,2183561
2011-05-20,39.3598,39.3598,38.5893,38.7259,1483905
2011-05-23,38.0713,38.4781,38.0241,38.3553,1533315
2011-05-24,38.489,38.489,38.1331,38.3336,1169439
2011-05-25,38.2,38.313,37.8128,38.1194,1478487
2011-05-26,38.0319,38.2982,37.799,38.205,1308232
2011-05-27,38.3652,38.486,38.2079,38.3298,615453
2011-05-31,38.5567,39.0021,38.5273,38.9932,1537548
2011-06-01,38.8556,38.946,37.4678,37.4737,1787134
2011-06-02,37.5384,37.6191,36.998,37.1817,1743434
2011-06-03,36.7482,37.0608,36.5271,36.7629,1419624
2011-06-06,36.649,36.8938,36.5055,36.6637,1239005
2011-06-07,36.8357,36.8771,36.306,36.3542,1690795
2011-06-08,36.4908,36.4976,36.133,36.2558,1434887
2011-06-09,36.3856,36.5841,36.2116,36.4495,1003574
2011-06-10,36.2637,36.3335,35.7074,35.7683,1612482
2011-06-13,35.8371,35.9894,35.8371,35.9237,1271129
2011-06-14,36.3394,36.7955,36.2765,36.5979,1218258
2011-06-15,36.2696,36.6058,36.0906,36.2558,1056235
2011-06-16,36.2903,36.5379,36.0887,36.4436,1183436
2011-06-17,36.7198,37.0942,36.6215,36.7866,1217693
2011-06-20,36.6215,37.2604,36.6215,37.1817,1759182
2011-06-21,37.3685,37.7842,37.2151,37.6742,1609467
2011-06-22,37.5199,37.7754,37.4166,37.4382,821171
2011-06-23,36.998,37.7568,36.9252,37.7046,923411
2011-06-24,37.7331,37.8177,37.3311,37.4737,1450846
2011-06-27,37.3753,38.0791,37.3753,37.9337,937832
2011-06-28,38.0575,38.5813,37.8255,38.544,768307
2011-06-29,38.7464,39.0168,38.4801,38.658,993366
2011-06-30,38.7966,39.121,38.6355,39.0532,1211994
2011-07-01,39.1426,39.8444,39.0168,39.8159,760963
2011-07-05,39.8739,40.0223,39.6066,39.9013,958374
2011-07-06,40.1068,40.961,39.9456,40.9255,2058554
2011-07-07,41.2391,41.3964,40.8794,41.187,1868012
2011-07-08,40.6827,41.1419,40.4253,41.1015,1482429
2011-07-11,40.7034,40.8735,39.7303,39.8522,2092132
2011-07-12,39.8375,39.9888,39.6154,39.751,1686849
2011-07-13,39.9594,40.0223,39.4434,39.5416,1404300
2011-07-14,39.7303,40.0586,39.295,39.5731,1231937
2011-07-15,41.1359,41.365,40.5746,40.9954,2948077
2011-07-18,40.8193,40.8498,40.1687,40.3525,1353515
2011-07-19,40.5835,41.0769,40.5265,40.9688,1459620
2011-07-20,41.0926,41.0926,40.2032,40.5255,1471420
2011-07-21,40.8116,40.8243,40.4056,40.4901,1475793
2011-07-22,40.5982,40.6887,40.2179,40.4479,1047944
2011-07-25,40.1226,40.5058,39.9672,40.3318,724208
2011-07-26,40.3988,40.3988,39.0099,39.117,1871570
2011-07-27,39.0404,39.0994,38.2236,38.2865,1648323
2011-07-28,38.3897,38.543,38.0506,38.2737,2004421
2011-07-29,37.9719,38.543,37.7705,38.1666,1407511
2011-08-01,38.5371,38.5656,37.4884,37.7253,2173605
2011-08-02,37.4775,37.7233,36.5684,36.595,2016224
2011-08-03,36.7276,36.9252,36.2038,36.7002,4005319
2011-08-04,36.2038,36.4309,35.3349,35.4351,3407907
2011-08-05,35.8814,36.0455,34.5908,35.6867,3321038
2011-08-08,34.8602,35.4213,33.549,33.549,2851817
2011-08-09,34.0355,35.3546,33.0948,35.3358,3396011
2011-08-10,34.5977,34.9486,33.6767,33.7494,3048789
2011-08-11,34.0512,35.8441,33.9136,35.3949,2430876
2011-08-12,35.7437,36.1615,35.328,35.9817,1467473
2011-08-15,36.1811,36.4908,35.7143,36.4622,1395893
2011-08-16,36.133,36.5271,35.8175,36.2332,1292767
2011-08-17,36.5351,36.7198,36.2175,36.5498,2112952
2011-08-18,35.5698,35.7753,35.043,35.4273,2747939
2011-08-19,34.9634,35.8715,34.9634,35.0253,1830717
2011-08-22,35.673,36.3699,35.4341,36.0062,2305097
2011-08-23,36.0534,37.4118,35.8961,37.4118,2089018
2011-08-24,37.2731,37.856,37.167,37.5739,2352470
2011-08-25,37.6889,37.8423,36.9468,37.053,3996893
2011-08-26,36.6383,37.9337,36.306,37.8973,4514331
2011-08-29,38.1548,39.1613,37.2604,38.9902,4914300
2011-08-30,38.8625,39.41,38.5794,39.1632,1701316
2011-08-31,39.4316,39.9811,39.2056,39.4964,1504177
2011-09-01,39.6203,40.0341,39.4168,39.7727,2436411
2011-09-02,39.057,39.065,38.2147,38.3602,1652207
2011-09-06,37.3419,38.0584,37.053,37.8973,1708660
2011-09-07,38.4398,39.1524,38.2982,39.0679,1458503
2011-09-08,38.9273,39.4414,38.6422,38.7327,2620479
2011-09-09,38.3749,38.4339,37.4412,37.7311,1866024
2011-09-12,37.4068,38.0015,37.0471,37.9504,1475827
2011-09-13,38.0132,38.775,37.7391,38.6502,1397088
2011-09-14,38.883,39.4974,38.2895,39.061,1527102
2011-09-15,38.9352,39.4591,38.4575,39.3834,2066686
2011-09-16,39.2103,39.5947,37.6958,38.2815,4425343
2011-09-19,37.4412,38.4919,37.3921,38.252,1993613
2011-09-20,38.2197,38.4339,37.7096,37.7822,2202037
2011-09-21,37.7164,37.8914,36.3129,36.3129,1848984
2011-09-22,35.3723,35.8628,34.8867,35.2621,2860037
2011-09-23,35.1334,36.0042,35.104,35.7782,1523808
2011-09-26,36.1183,36.8534,35.6897,36.8004,2159059
2011-09-27,37.5641,38.2895,37.2387,37.4501,1927088
2011-09-28,37.2976,37.7391,36.9833,37.0068,1827923
2011-09-29,37.6879,38.203,37.3046,37.9337,2096664
2011-09-30,37.3813,37.8737,36.7699,36.7846,1923022
2011-10-03,36.6765,37.2829,35.559,35.7093,2215410
2011-10-04,35.2621,36.7099,35.1373,36.6598,2968585
2011-10-05,36.6313,37.3469,36.0042,37.2387,1613421
2011-10-06,37.1916,38.0192,36.7836,38.0063,1467826
2011-10-07,38.3052,38.4644,37.3862,37.6546,1316088
2011-10-10,38.3484,39.3078,38.1666,39.3078,1253827
2011-10-11,38.9618,39.6418,38.7818,39.5181,1168752
2011-10-12,39.9112,40.0478,39.5879,39.7028,1451859
2011-10-13,39.35,39.6724,38.89,39.3648,1083872
2011-10-14,39.9239,40.208,39.4168,40.1,1153582
2011-10-17,39.8178,40.041,39.1829,39.2556,1275070
2011-10-18,39.3893,41.1938,38.8094,40.781,2156708
2011-10-19,40.8155,41.4485,40.3102,40.3908,1866045
2011-10-20,40.3908,40.7221,39.8542,40.2807,2561295
2011-10-21,40.7064,41.6706,40.6572,41.65,1903902
2011-10-24,41.8318,42.5561,41.5762,42.1424,1660720
2011-10-25,41.8642,42.1109,41.073,41.1526,1974745
2011-10-26,41.7227,41.7374,40.8991,41.1998,1894052
2011-10-27,42.5797,43.0083,42.3596,42.5227,1790806
2011-10-28,42.4815,42.6702,41.9241,42.2928,1110763
2011-10-31,42.4087,42.4087,41.5575,41.5871,1267068
2011-11-01,40.6002,41.2863,40.3368,40.5392,1343322
2011-11-02,41.2312,41.6765,41.0544,41.591,1331643
2011-11-03,41.9408,42.7223,41.644,42.6554,1280194
2011-11-04,42.393,42.5159,41.8947,42.2691,1294029
2011-11-07,42.2082,42.3803,41.4602,42.0834,1113519
2011-11-08,42.1719,42.5404,41.7227,42.4815,1734130
2011-11-09,41.5605,41.9341,40.9717,41.1693,1135105
2011-11-10,41.6863,42.1237,41.5546,41.8878,1157657
2011-11-11,42.5022,42.6259,42.2367,42.564,850989
2011-11-14,42.2298,42.4942,41.9841,42.1276,858355
2011-11-15,41.7915,42.508,41.6617,42.3252,715432
2011-11-16,41.7709,42.4638,41.6076,41.7227,944949
2011-11-17,41.7649,41.8927,41.0003,41.3246,804702
2011-11-18,41.6352,41.6774,40.7693,40.9865,1253775
2011-11-21,40.5482,40.7929,39.7794,39.8955,2006025
2011-11-22,39.9456,40.4479,39.7608,40.1865,1411721
2011-11-23,39.8542,40.0341,39.2193,39.3254,1019650
2011-11-25,39.408,39.7098,39.1721,39.231,508837
2011-11-28,40.4321,40.6159,40.0213,40.2306,984805
2011-11-29,40.4302,40.5914,40.154,40.4036,928255
2011-11-30,41.7119,42.4942,41.5163,42.3606,1706225
2011-12-01,42.1109,43.1832,42.043,42.7576,1550027
2011-12-02,43.1764,43.7072,42.9572,43.0948,1386659
2011-12-05,43.6757,44.058,43.5194,43.832,1578971
2011-12-06,44.1377,44.1377,43.3857,43.54,1186630
2011-12-07,43.5253,43.655,42.9779,43.3012,1508268
2011-12-08,43.0751,43.3936,42.3646,42.4942,1357537
2011-12-09,42.7881,43.2186,42.5797,42.911,1008261
2011-12-12,42.6328,42.9031,42.2691,42.8618,946264
2011-12-13,43.1085,43.2,42.0795,42.3066,1187457
2011-12-14,42.1395,42.2691,41.644,41.7167,979146
2011-12-15,42.0077,42.22,41.7787,41.9959,928517
2011-12-16,42.2996,42.5994,42.0962,42.4638,1785122
2011-12-19,42.6054,43.0192,42.0273,42.0962,646469
2011-12-20,42.8618,43.2452,42.6939,43.2127,864868
2011-12-21,43.1341,43.7572,43.0112,43.7504,1010256
2011-12-22,43.773,44.2025,43.545,44.1377,1102577
2011-12-23,44.2409,44.9751,44.0787,44.9199,957932
2011-12-27,44.7332,45.3868,44.5317,45.1687,842318
2011-12-28,45.2316,45.3329,44.6556,44.8257,784872
2011-12-29,44.9751,45.2621,44.8306,45.2021,781541
2011-12-30,45.2689,45.2689,44.5023,44.6468,727444
2012-01-03,45.5019,45.6022,44.7647,45.0203,1426746
2012-01-04,44.9751,45.2965,44.8167,45.0361,1304530
2012-01-05,44.6163,45.3486,44.5161,45.2316,1603884
2012-01-06,45.2621,45.4665,44.8964,45.0714,1097953
2012-01-09,45.0625,45.3791,44.3853,45.2689,1859390
2012-01-10,45.6945,46.1879,45.6552,45.8263,1317982
2012-01-11,45.6621,46.0504,45.6346,45.8656,596540
2012-01-12,45.8518,45.9815,45.3486,45.9265,811331
2012-01-13,45.7417,45.9629,45.3329,45.7417,1298822
2012-01-17,46.3177,46.4337,45.8312,45.8872,735563
2012-01-18,45.9422,46.703,45.6709,46.703,1064409
2012-01-19,46.8082,47.6996,46.7924,47.3311,1537995
2012-01-20,47.3193,47.5218,46.5399,46.7992,839422
2012-01-23,46.8897,47.5295,46.6568,46.8897,803626
2012-01-24,46.6784,47.1512,46.5399,47.1295,706371
2012-01-25,47.0913,47.1295,46.4367,47.048,823445
2012-01-26,47.2003,47.4353,46.8505,47.1718,655019
2012-01-27,46.8809,47.2603,46.7992,46.9585,758227
2012-01-30,46.7875,46.9114,46.3452,46.8809,675028
2012-01-31,47.1974,47.2199,46.2469,46.5309,1087976
2012-02-01,46.8426,47.0126,46.5251,46.8729,1310621
2012-02-02,46.9034,47.2671,46.5604,46.6892,928367
2012-02-03,47.1375,47.2072,46.756,46.814,1127586
2012-02-06,46.6823,47.4196,46.6823,47.0559,950747
2012-02-07,46.8986,47.2436,46.7826,47.1099,991218
2012-02-08,47.1974,47.2564,46.7334,47.043,820972
2012-02-09,47.1472,47.278,46.7826,47.1974,575903
2012-02-10,46.7659,47.3488,46.7659,47.3399,893908
2012-02-13,47.5689,47.6308,47.099,47.2868,1046715
2012-02-14,47.1639,47.4952,46.8288,47.2003,779767
2012-02-15,47.3311,47.3969,46.5938,46.6105,762392
2012-02-16,46.6646,47.8668,46.5673,47.8529,1284523
2012-02-17,48.2255,48.4614,47.735,47.8451,1713133
2012-02-21,48.3385,48.4633,45.7417,46.5536,2296842
2012-02-22,45.9265,46.2125,45.0518,45.9038,2071835
2012-02-23,45.7712,45.8872,44.9898,45.4271,2099688
2012-02-24,45.4468,45.6837,45.0871,45.4046,1461837
2012-02-27,45.2316,45.6552,45.0576,45.3868,1356605
2012-02-28,45.1707,45.725,45.1707,45.669,1490443
2012-02-29,45.6159,45.9599,45.4233,45.727,1264067
2012-03-01,45.8577,46.0946,45.6248,45.9432,1354100
2012-03-02,45.7859,45.9491,45.6071,45.8016,1254068
2012-03-05,45.6532,45.8312,45.498,45.8016,1045177
2012-03-06,45.4154,45.5932,45.1245,45.4243,1340593
2012-03-07,45.5432,45.8872,45.3997,45.7171,1692035
2012-03-08,45.9688,46.3884,45.9344,46.3019,1216028
2012-03-09,46.2804,46.4829,46.0877,46.2469,942216
2012-03-12,46.3285,46.3285,45.8646,46.074,1030860
2012-03-13,46.2125,46.7826,45.8577,46.7413,1335899
2012-03-14,46.8082,46.9771,46.6558,46.8897,854581
2012-03-15,46.8819,46.9595,46.3737,46.6705,1056025
2012-03-16,46.6705,46.6705,46.1909,46.2961,1382970
2012-03-19,46.2243,46.4209,45.9688,46.3973,917933
2012-03-20,46.1772,46.2961,46.012,46.2961,927437
2012-03-21,46.2705,46.4267,46.1909,46.2391,1077363
2012-03-22,46.0199,46.0277,45.4468,45.6326,934611
2012-03-23,45.6837,45.6837,45.0448,45.1952,1171906
2012-03-26,45.439,45.7544,45.3741,45.7407,1226281
2012-03-27,45.8783,46.0357,45.4046,45.9776,1283815
2012-03-28,46.0277,46.2391,45.669,46.2391,1693001
2012-03-29,46.1772,46.1772,45.4763,45.9569,1116715
2012-03-30,46.1074,46.3088,45.8715,46.1446,1513577
2012-04-02,46.1623,46.7747,46.0818,46.5379,1053061
2012-04-03,46.6883,46.8582,46.4445,46.6391,990341
2012-04-04,46.3177,46.4405,46.0277,46.2066,1127585
2012-04-05,46.0524,46.5379,45.9638,46.4681,533217
2012-04-09,45.9265,46.0357,45.5353,45.669,996643
2012-04-10,45.4547,45.5068,44.2556,44.3362,1370451
2012-04-11,44.8581,45.5432,44.7539,45.5226,1212922
2012-04-12,45.553,46.3502,45.4833,46.3177,1225528
2012-04-13,46.2804,46.5919,46.1142,46.2882,1173760
2012-04-16,46.4405,46.8505,46.3285,46.6312,1278587
2012-04-17,47.1158,47.3753,46.8249,47.2711,1089449
2012-04-18,47.1177,47.6613,47.0067,47.4687,1499336
2012-04-19,47.8854,48.2402,46.2469,46.6646,3311067
2012-04-20,46.7747,47.2838,46.7187,46.8986,1469091
2012-04-23,46.4602,46.4602,45.9108,46.1379,1311303
2012-04-24,46.2705,46.647,46.074,46.1623,1930505
2012-04-25,46.4445,46.9339,46.1772,46.9261,1470492
2012-04-26,46.9458,47.559,46.8082,47.5198,1054994
2012-04-27,47.7616,48.3896,47.3831,48.311,1122635
2012-04-30,48.3484,48.4033,47.5434,47.6357,716307
2012-05-01,47.561,48.6992,47.5069,48.3494,1063310
2012-05-02,48.1754,48.8417,48.0574,48.8142,1223252
2012-05-03,48.6648,48.9036,48.2638,48.3572,562974
2012-05-04,48.1321,48.3227,47.7272,47.793,1015921
2012-05-07,47.559,48.2323,47.5198,48.0141,1068605
2012-05-08,47.6829,47.9414,47.2514,47.8932,940961
2012-05-09,47.389,47.8205,47.2838,47.4637,929010
2012-05-10,47.8903,48.0996,47.4343,47.5689,633750
2012-05-11,47.2367,47.9414,46.6941,47.5787,1534199
2012-05-14,47.2514,47.3536,46.6312,46.8897,917573
2012-05-15,46.9261,46.9537,46.357,46.5644,963937
2012-05-16,46.9458,47.0952,46.7482,46.8505,886766
2012-05-17,46.6175,46.6941,44.7175,44.7175,2088533
2012-05-18,44.8739,44.9219,44.0079,44.2467,1458917
2012-05-21,44.2429,45.3053,44.1544,45.2424,1047725
2012-05-22,45.4243,45.6326,44.9711,45.5432,1114990
2012-05-23,45.3142,45.9186,44.8876,45.8263,814158
2012-05-24,45.9638,46.0277,45.0998,45.5638,1434383
2012-05-25,45.2306,45.6454,45.2237,45.5284,1082532
2012-05-29,45.7564,46.5851,45.6336,46.5595,1034732
2012-05-30,46.071,46.1585,45.9068,46.008,1114589
2012-05-31,46.0818,46.5222,45.8016,46.3285,1401039
2012-06-01,45.8036,45.8036,44.8257,44.9219,1720496
2012-06-04,44.9299,45.0665,44.4699,44.9642,1436677
2012-06-05,44.6841,44.7706,43.6659,44.2467,2745021
2012-06-06,44.8167,45.1431,44.3638,45.1274,1618586
2012-06-07,45.4753,45.7721,45.0311,45.0488,1802296
2012-06-08,44.9573,45.7004,44.8443,45.6788,1476165
2012-06-11,46.0907,46.0907,45.0488,45.1117,1154911
2012-06-12,45.2856,45.6454,44.8443,45.5875,901085
2012-06-13,45.3486,45.7112,44.86,45.0537,766894
2012-06-14,45.2385,45.6159,44.866,45.0665,1142966
2012-06-15,45.2768,45.6847,45.1923,45.5628,1215931
2012-06-18,45.4095,45.9805,45.2237,45.8528,775304
2012-06-19,45.8901,46.6793,45.727,46.3806,1083460
2012-06-20,46.2862,46.5654,45.898,46.3158,815409
2012-06-21,46.4405,46.4906,45.1844,45.2385,962339
2012-06-22,45.5353,45.7181,45.0537,45.7181,3164874
2012-06-25,45.097,45.097,44.6301,44.7548,1011896
2012-06-26,44.8374,44.8739,44.2153,44.5986,1471455
2012-06-27,41.8858,43.5763,41.2115,43.4005,3401565
2012-06-28,43.1085,44.2753,42.507,44.231,1921730
2012-06-29,45.0084,45.0084,44.3499,44.6753,2223315
2012-07-02,44.8739,44.977,44.0609,44.6133,1333018
2012-07-03,44.6911,45.1923,44.3253,44.9142,668405
2012-07-05,44.86,45.7004,44.5936,45.5942,1188246
2012-07-06,45.1579,45.438,44.8443,45.209,837699
2012-07-09,45.0831,45.2689,44.7548,44.8306,1049677
2012-07-10,44.9299,44.9299,43.5469,43.9775,1898974
2012-07-11,43.9273,44.288,43.6885,44.0816,1388239
2012-07-12,43.7995,44.7175,43.592,44.1641,2090988
2012-07-13,44.3558,45.5226,44.2821,45.4458,1582007
2012-07-16,45.15,45.6936,45.0389,45.3427,1343908
2012-07-17,45.4233,46.412,45.3643,45.6847,1897507
2012-07-18,45.6002,47.4548,45.4616,46.6018,2219478
2012-07-19,46.5457,48.3179,45.0911,47.731,3822523
2012-07-20,47.4637,48.311,47.0559,47.3448,2070615
2012-07-23,47.0922,47.1384,46.5723,46.9301,1157023
2012-07-24,46.9074,47.3221,46.1742,46.6105,1725470
2012-07-25,46.7777,46.9438,46.1418,46.5222,910105
2012-07-26,47.2987,47.3674,46.5771,47.1452,824180
2012-07-27,47.5139,48.0564,47.3291,47.8835,966568
2012-07-30,47.7891,48.08,47.4775,47.7084,671438
2012-07-31,47.6034,47.9394,47.4176,47.4775,670784
2012-08-01,47.6034,47.6869,46.8455,46.8946,658591
2012-08-02,46.6105,46.9958,46.4209,46.9497,610584
2012-08-03,47.6937,48.1223,47.625,48.0722,795597
2012-08-06,48.0722,48.3317,47.5964,47.625,694700
2012-08-07,47.9394,48.1891,47.797,47.9896,1072438
2012-08-08,47.8205,48.1685,47.6937,48.0249,665897
2012-08-09,47.8136,47.9964,47.2838,47.6328,548954
2012-08-10,47.5807,47.7084,47.1522,47.5532,751803
2012-08-13,47.6034,47.6642,46.9438,47.5069,865174
2012-08-14,47.8501,48.08,46.8455,46.9821,973973
2012-08-15,46.8179,47.0833,46.8179,47.048,569742
2012-08-16,47.0106,47.619,46.7885,47.4696,574872
2012-08-17,47.5964,48.1606,47.2622,48.1134,1006990
2012-08-20,48.0564,48.0564,47.4548,47.797,698883
2012-08-21,47.907,47.907,47.3959,47.5452,832018
2012-08-22,47.5355,47.625,47.2426,47.3291,664449
2012-08-23,47.3359,47.4696,47.0922,47.2102,655388
2012-08-24,47.1571,47.6475,47.0038,47.2426,634826
2012-08-27,47.3536,47.4343,46.9555,47.0038,918362
2012-08-28,47.0106,47.3753,46.9074,47.0922,586847
2012-08-29,47.099,47.1875,46.6725,46.7286,993437
2012-08-30,46.5771,47.109,46.4405,46.9438,757407
2012-08-31,47.2987,47.2987,46.6105,46.8318,848676
2012-09-04,46.5928,46.6194,45.5942,45.9599,1651506
2012-09-05,45.7054,46.0454,45.557,45.6709,1031348
2012-09-06,45.9422,46.699,45.9245,46.6194,831605
2012-09-07,47.2494,47.2494,46.4209,46.5231,647738
2012-09-10,46.5399,46.9861,46.4612,46.6351,519245
2012-09-11,46.6598,46.9781,46.4209,46.5231,639045
2012-09-12,46.6803,46.9537,46.4829,46.7157,500632
2012-09-13,46.6843,47.2494,46.3413,47.098,824151
2012-09-14,47.0893,47.9198,47.0165,47.2082,1220335
2012-09-17,46.9124,47.0804,46.2293,46.412,1096776
2012-09-18,46.3334,46.4209,46.0454,46.2852,898087
2012-09-19,46.2852,46.7983,46.0827,46.5948,1167748
2012-09-20,46.5791,46.7983,46.3255,46.7384,956316
2012-09-21,46.8279,46.9349,46.4209,46.4327,1432854
2012-09-24,46.3413,46.7384,46.2026,46.5948,1127631
2012-09-25,46.7463,46.7807,46.2106,46.2518,724018
2012-09-26,46.3158,46.4327,45.8695,45.9481,806229
2012-09-27,46.1722,46.1722,45.4095,45.5884,1066899
2012-09-28,45.4095,45.6867,45.1402,45.6169,1323399
2012-10-01,45.6169,45.729,45.2836,45.4528,1256009
2012-10-02,45.5942,45.6346,45.4095,45.5884,635527
2012-10-03,45.7004,45.902,45.5638,45.5942,1014071
2012-10-04,45.7447,47.106,45.6012,46.762,1334476
2012-10-05,47.0233,47.2269,46.707,46.7717,1238300
2012-10-08,46.6421,47.098,46.5399,46.6598,532019
2012-10-09,46.6351,46.7983,46.1152,46.2213,679199
2012-10-10,46.1722,46.2608,45.7054,45.835,730318
2012-10-11,46.1722,46.4916,45.8489,45.8489,763592
2012-10-12,45.9245,46.4267,45.7751,45.8135,587760
2012-10-15,45.9098,46.0367,45.4458,45.8636,840015
2012-10-16,45.9894,46.4543,45.8695,46.3216,1049165
2012-10-17,46.4739,46.5733,45.9629,46.3874,1310704
2012-10-18,47.8372,48.2727,44.4954,46.244,4506118
2012-10-19,46.3874,46.6115,45.6346,46.0042,1621722
2012-10-22,45.5884,45.8636,45.1402,45.553,2122318
2012-10-23,45.2217,46.0533,44.9515,45.9422,1686278
2012-10-24,46.1231,46.1869,45.2217,45.2886,856863
2012-10-25,45.6346,45.9422,45.3092,45.5068,1014062
2012-10-26,45.4281,45.9962,45.2454,45.7751,925992
2012-10-31,45.782,46.8336,45.5717,46.7807,913614
2012-11-01,46.7157,48.0928,46.5733,47.5375,2033227
2012-11-02,47.6584,48.1301,46.8729,46.9537,749416
2012-11-05,46.7983,47.3144,46.7384,47.1786,593363
2012-11-06,47.2347,48.0623,47.0008,47.7753,955793
2012-11-07,47.389,47.5148,46.699,46.9861,959974
2012-11-08,46.8819,46.9861,46.1566,46.1653,1255004
2012-11-09,46.0042,46.7717,45.9766,46.18,807715
2012-11-12,46.1939,46.4209,45.8223,45.8636,635631
2012-11-13,45.6797,46.1722,45.4616,45.489,695427
2012-11-14,45.7054,45.8223,44.9967,45.1008,1107301
2012-11-15,44.9249,45.5638,44.8542,45.155,891425
2012-11-16,45.2217,45.4144,44.7982,45.1008,1093024
2012-11-19,45.6954,45.843,45.3329,45.843,692060
2012-11-20,45.8636,46.2361,45.5884,46.2293,723151
2012-11-21,46.3255,46.5673,46.1231,46.5319,445139
2012-11-23,46.6803,47.0667,46.2106,47.046,209167
2012-11-26,46.8986,47.0597,46.5162,46.9182,596866
2012-11-27,47.2082,47.3291,46.6498,46.9044,1251290
2012-11-28,46.8279,47.7399,46.6194,47.7183,646034
2012-11-29,47.7183,48.1448,47.4863,48.1301,966602
2012-11-30,48.1891,48.6953,48.0554,48.653,1395797
2012-12-03,48.995,50.0074,48.1301,48.3237,1642306
2012-12-04,48.0161,48.4938,47.8805,48.3179,1480825
2012-12-05,48.598,48.659,47.8451,48.3789,1100850
2012-12-06,48.3631,48.4259,47.966,48.2008,609659
2012-12-07,48.2343,48.3719,47.9513,48.2432,706052
2012-12-10,48.1695,48.3886,47.8245,47.9444,821262
2012-12-11,48.2343,48.2343,47.7183,47.8175,809372
2012-12-12,48.0476,48.3719,47.446,47.5689,1023763
2012-12-13,47.5974,47.904,47.3802,47.453,839049
2012-12-14,47.3576,47.62,47.047,47.0833,1183673
2012-12-17,47.3498,47.904,47.1748,47.6957,1106156
2012-12-18,47.7459,48.0869,47.6564,47.9513,1284085
2012-12-19,48.0024,48.3789,47.8864,48.2078,705912
2012-12-20,48.2078,48.7248,47.966,48.71,775415
2012-12-21,47.966,48.9106,47.966,48.2903,1850776
2012-12-24,48.2008,48.2903,47.3723,48.0722,291432
2012-12-26,48.0869,48.2285,47.56,47.56,609118
2012-12-27,47.5807,47.9748,47.2721,47.8755,839231
2012-12-28,47.6888,47.8864,47.1974,47.2868,632343
2012-12-31,47.1522,47.9365,47.1522,47.8864,732417
2013-01-02,48.7326,49.1012,48.5301,49.0708,963930
2013-01-03,49.2969,49.6506,49.1661,49.2634,771109
2013-01-04,49.4245,49.4894,48.6373,49.4315,881826
2013-01-07,49.3046,49.3046,48.943,49.1169,697592
2013-01-08,48.9567,49.3283,48.5616,49.0649,1105077
2013-01-09,49.0796,49.518,49.0649,49.5052,656003
2013-01-10,49.7451,50.0891,48.943,49.4393,854797
2013-01-11,49.3991,49.4983,48.7739,48.9892,701680
2013-01-14,49.0796,49.344,48.9321,49.1857,567502
2013-01-15,49.1012,49.4983,48.9489,49.4393,429426
2013-01-16,49.2074,49.3283,49.1012,49.1897,455324
2013-01-17,49.4039,49.6329,49.2801,49.2801,642000
2013-01-18,49.4098,49.4983,49.1337,49.2801,1295283
2013-01-22,49.2546,49.7666,49.0934,49.7578,815381
2013-01-23,49.689,50.0222,49.4039,49.6261,521759
2013-01-24,49.8177,50.3751,49.5858,50.1637,662758
2013-01-25,50.3613,50.4675,50.0585,50.4527,584437
2013-01-28,50.4222,50.4605,49.9779,50.21,716841
2013-01-29,50.4871,51.5349,50.3534,51.4002,1751770
2013-01-30,51.4464,51.5349,50.8676,50.9186,875296
2013-01-31,50.8616,51.3344,50.551,51.241,1455684
2013-02-01,51.6046,51.9831,51.3845,51.928,997391
2013-02-04,51.6184,51.7953,51.5192,51.6725,1401065
2013-02-05,51.8886,52.3281,51.7,52.1246,798907
2013-02-06,52.1246,52.2819,51.8681,52.2819,644299
2013-02-07,52.5905,52.7793,52.101,52.3497,1065231
2013-02-08,52.4018,52.7183,52.4018,52.6661,707735
2013-02-11,52.6661,52.8087,52.3281,52.6426,554203
2013-02-12,52.6288,52.9001,52.6052,52.8705,875385
2013-02-13,52.8785,53.193,52.6426,53.134,797822
2013-02-14,53.1409,53.3817,52.9974,53.3217,772048
2013-02-15,53.4191,53.8102,53.3591,53.8102,1111455
2013-02-19,53.4112,53.4112,51.4394,51.7864,3065012
2013-02-20,51.815,52.4558,51.7864,51.9741,1228395
2013-02-21,51.9133,51.9565,51.4464,51.7,1205435
2013-02-22,51.9741,52.4106,51.8612,52.4018,632042
2013-02-25,52.6288,52.6741,51.6645,51.8523,1164985
2013-02-26,52.0893,52.2907,51.6892,52.1688,1059448
2013-02-27,52.1443,53.0956,51.9831,53.0956,1024954
2013-02-28,53.1606,53.8368,53.0043,53.5016,2346158
2013-03-01,53.3297,53.597,53.0494,53.478,1506631
2013-03-04,53.4506,54.2241,53.3591,54.2094,1024337
2013-03-05,54.4885,54.9986,54.4068,54.8138,850777
2013-03-06,54.7971,55.1205,54.6438,55.1048,916661
2013-03-07,55.5913,55.6542,54.9926,55.5539,2050704
2013-03-08,55.7878,56.6989,55.5588,56.1024,2678088
2013-03-11,55.9166,57.1835,55.837,56.9978,1739357
2013-03-12,56.9801,57.2926,56.9162,57.2494,883407
2013-03-13,57.3918,57.5285,57.103,57.4823,1145830
2013-03-14,57.5688,58.0956,57.4056,58.0956,1410804
2013-03-15,57.7614,58.1271,57.4577,57.5619,1388203
2013-03-18,57.0548,57.7801,56.9899,57.4577,755449
2013-03-19,57.4823,57.6701,56.8337,57.441,922232
2013-03-20,57.7919,58.2323,57.7614,58.1645,642682
2013-03-21,57.9305,58.6952,57.8745,58.5901,1324216
2013-03-22,58.8152,59.0235,58.0377,58.7355,758355
2013-03-25,58.9773,59.1739,57.8313,57.9305,1131801
2013-03-26,58.0799,58.7424,57.8086,58.6578,2307492
2013-03-27,58.3021,58.7503,58.2648,58.703,647231
2013-03-28,58.6863,59.2791,58.5075,59.1886,733746
2013-04-01,58.71,58.9095,58.1645,58.5213,695485
2013-04-02,58.9448,59.3576,58.652,59.1985,989857
2013-04-03,59.3626,59.394,57.8607,58.1439,1184523
2013-04-04,58.3021,58.8319,58.2028,58.8072,490768
2013-04-05,58.2244,58.7355,58.0671,58.475,805517
2013-04-08,58.4672,59.0982,58.4593,59.0982,607742
2013-04-09,59.052,59.1886,58.3089,58.7739,1010227
2013-04-10,58.9164,59.3783,58.6677,59.1886,1345756
2013-04-11,59.2201,59.3705,58.9448,59.1886,1655555
2013-04-12,58.9448,59.2338,58.6342,58.9921,1047197
2013-04-15,58.652,58.7739,57.2317,57.2848,1396176
2013-04-16,57.6052,57.786,57.2926,57.6848,1734566
2013-04-17,57.441,57.5217,56.2675,57.1353,1509050
2013-04-18,57.3781,57.8548,56.5506,57.1423,1354452
2013-04-19,55.7229,56.7767,54.5376,55.894,3908153
2013-04-22,56.062,56.0876,54.7273,55.3259,1707052
2013-04-23,55.5824,56.4208,55.5824,56.2753,1199983
2013-04-24,56.4355,56.7138,55.9677,56.3068,1067393
2013-04-25,56.5742,57.786,56.3068,57.3064,1016896
2013-04-26,57.3281,57.4666,56.8021,56.9389,588459
2013-04-29,57.1835,57.3064,56.8592,57.0498,534061
2013-04-30,57.0498,57.9385,56.471,57.9207,1832771
2013-05-01,57.8146,57.8313,56.5506,56.6233,993453
2013-05-02,56.7295,57.7084,56.6941,57.614,686328
2013-05-03,58.0436,58.8152,58.0436,58.5075,860544
2013-05-06,58.5536,58.9095,58.362,58.6677,611301
2013-05-07,58.9036,59.4068,58.71,59.4068,759254
2013-05-08,59.2948,59.4323,58.9095,59.0746,729622
2013-05-09,59.0903,59.2269,58.71,58.9281,868374
2013-05-10,58.9999,59.2486,58.8152,59.0824,875846
2013-05-13,59.0982,59.399,58.652,59.1139,575899
2013-05-14,59.2574,59.9032,58.9518,59.8708,698791
2013-05-15,59.8786,60.7672,59.8629,60.7612,485392
2013-05-16,60.6266,60.9972,60.2884,60.5942,926182
2013-05-17,60.6895,61.6723,60.5617,61.6556,957045
2013-05-20,61.5486,62.1275,61.5486,61.6302,552119
2013-05-21,61.7775,62.9167,61.7775,62.7113,651721
2013-05-22,62.7703,63.9517,62.0213,62.3073,1161961
2013-05-23,61.7688,62.7398,61.6016,62.2012,662356
2013-05-24,61.81,61.9958,61.4896,61.7688,617396
2013-05-28,62.4597,62.7614,61.5898,62.1422,669447
2013-05-29,61.8002,61.9359,60.2423,60.3966,1424292
2013-05-30,60.5765,60.8369,59.45,59.5917,1448037
2013-05-31,59.4412,60.3259,58.994,58.994,1172193
2013-06-03,59.2878,59.2878,58.1006,58.8072,1409219
2013-06-04,58.8416,59.2486,58.0514,58.2873,1153503
2013-06-05,58.3934,58.6136,57.4204,57.5698,890753
2013-06-06,57.7438,58.078,57.4047,58.0003,855297
2013-06-07,58.6785,59.2701,58.2863,59.2024,809619
2013-06-10,59.4314,59.6988,59.0707,59.5532,793608
2013-06-11,58.8181,59.456,58.7876,59.0776,446448
2013-06-12,60.4791,60.4791,59.0403,59.1788,744554
2013-06-13,59.2761,60.1341,59.0707,60.0811,538925
2013-06-14,59.9582,60.4536,59.6131,60.0949,521204
2013-06-17,60.4035,60.7465,60.0349,60.3464,488827
2013-06-18,60.4614,60.8978,59.9966,60.8605,564796
2013-06-19,60.8605,60.9667,59.9966,59.9966,460386
2013-06-20,59.5612,59.6064,58.3285,58.4377,985352
2013-06-21,58.9056,59.2112,57.7566,58.3148,1116513
2013-06-24,57.7497,58.6863,57.4204,58.0474,796100
2013-06-25,58.5911,59.1856,58.2126,59.0707,524333
2013-06-26,59.5857,59.6064,58.5448,58.6136,1044507
2013-06-27,58.9232,59.34,58.7374,59.11,609033
2013-06-28,59.4275,60.3023,59.1257,60.0516,1360387
2013-07-01,59.6919,61.002,59.3174,60.9578,1278317
2013-07-02,63.0976,64.1955,61.9152,63.6028,7548100
2013-07-03,64.2092,64.3783,63.2371,63.3217,1574483
2013-07-05,63.8613,64.047,62.7693,63.9901,1361410
2013-07-08,64.7656,65.1636,63.5496,63.9508,1857621
2013-07-09,64.3174,64.6821,63.6558,63.9075,1828333
2013-07-10,63.9075,63.9831,63.2578,63.8121,1340627
2013-07-11,64.445,64.8491,64.1955,64.801,1032491
2013-07-12,64.7498,65.0122,64.2142,64.9798,840614
2013-07-15,65.1449,65.2688,64.4805,64.5886,916021
2013-07-16,64.6681,64.9139,63.9438,64.3361,770048
2013-07-17,64.5817,64.9542,63.9508,64.2918,1123462
2013-07-18,63.4268,64.6604,61.9761,62.9217,2747910
2013-07-19,62.8233,63.242,62.153,62.9718,1423982
2013-07-22,62.9541,63.077,62.1648,62.5423,1479031
2013-07-23,62.7851,63.0691,62.3427,62.4174,1382427
2013-07-24,62.6022,62.9373,61.8591,62.1215,1369200
2013-07-25,61.9516,62.609,61.7598,62.5953,1200815
2013-07-26,62.2513,62.7457,62.097,62.7388,504915
2013-07-29,62.7014,63.0976,62.2513,62.3122,617875
2013-07-30,62.6867,63.077,62.5167,62.5334,489621
2013-07-31,62.7388,63.2293,62.5639,62.6552,694288
2013-08-01,63.1673,64.2209,63.0691,64.1669,645879
2013-08-02,64.1355,64.6338,63.6795,64.626,843710
2013-08-05,64.4245,64.7115,63.9153,64.4805,617685
2013-08-06,64.3085,64.6515,63.4494,63.6795,912079
2013-08-07,63.6185,63.6795,62.8489,63.184,1084659
2013-08-08,63.6481,63.7944,62.84,62.9718,1015680
2013-08-09,63.0219,63.5723,62.8617,63.1054,1107275
2013-08-12,62.8489,63.2007,62.2651,62.3948,1078770
2013-08-13,62.609,62.7014,62.0429,62.3349,832078
2013-08-14,62.3948,62.3948,61.5387,61.6076,760416
2013-08-15,61.2556,61.2626,60.1341,60.1804,1131468
2013-08-16,59.8138,60.1725,59.456,59.4785,3177629
2013-08-19,59.5199,59.7833,59.3753,59.7283,1033397
2013-08-20,59.8589,61.1731,59.8589,60.9283,1016104
2013-08-21,60.8378,61.0895,60.2255,60.319,773137
2013-08-22,60.3553,60.8054,60.0014,60.6394,477043
2013-08-23,60.7897,60.8378,60.2255,60.6895,499457
2013-08-26,60.7534,61.0895,60.5175,60.6895,508694
2013-08-27,59.8589,60.1488,59.4481,59.4835,748608
2013-08-28,59.5287,59.6427,58.768,59.0403,880112
2013-08-29,58.995,59.4049,58.8505,59.0707,556940
2013-08-30,59.6417,59.6417,58.8799,59.2329,648363
2013-09-03,59.457,59.6614,58.6175,58.9223,824288
2013-09-04,58.8219,59.4412,58.7935,59.3321,640636
2013-09-05,59.3017,60.4546,59.2112,60.2717,798456
2013-09-06,60.6463,60.9343,59.8924,60.5302,944061
2013-09-09,60.603,61.8277,60.603,61.7314,908932
2013-09-10,62.0341,62.4508,61.9269,62.2799,1058613
2013-09-11,62.325,62.6395,62.1108,62.3496,600380
2013-09-12,62.2641,62.502,61.5741,61.7382,716831
2013-09-13,61.9407,62.0193,61.1397,61.4079,1030647
2013-09-16,62.1776,62.211,61.3273,61.4807,816824
2013-09-17,61.4807,61.8394,61.4325,61.8394,366476
2013-09-18,61.8621,62.9492,61.2556,62.7781,639993
2013-09-19,63.0573,63.4268,62.6661,62.9118,437864
2013-09-20,62.9825,63.4574,62.5423,62.5727,899700
2013-09-23,62.5648,62.7181,61.7884,62.3879,555404
2013-09-24,62.4262,62.6572,61.9938,62.211,657802
2013-09-25,62.3496,62.7408,62.0193,62.2866,674443
2013-09-26,62.325,62.7181,61.813,62.1028,602517
2013-09-27,61.7707,61.9407,61.631,61.8621,590943
2013-09-30,61.8404,62.6642,61.7235,62.6552,961408
2013-10-01,62.1353,62.558,61.6655,62.4783,942178
2013-10-02,62.211,62.5343,61.4877,62.5088,569732
2013-10-03,62.61,62.6661,61.008,61.0649,1163569
2013-10-04,60.9962,62.0705,60.8556,62.0616,679243
2013-10-07,61.5073,62.0341,61.1544,61.1721,640341
2013-10-08,61.2261,61.3578,60.2158,60.2373,631995
2013-10-09,60.3632,60.5048,59.7626,60.2295,587040
2013-10-10,60.9706,62.1196,60.7622,61.9869,871275
2013-10-11,61.8561,62.041,61.5397,62.0341,751126
2013-10-14,61.3353,61.6016,61.1112,61.4944,876078
2013-10-15,61.4414,61.4414,60.4251,60.7356,1179980
2013-10-16,60.9637,61.98,60.9086,61.3657,1476260
2013-10-17,61.1544,62.2572,60.9166,62.156,1204400
2013-10-18,60.0084,61.1622,58.8309,60.5244,3843538
2013-10-21,60.545,60.5627,59.3616,60.0939,1289672
2013-10-22,60.2472,60.5785,59.7853,60.1794,915975
2013-10-23,60.0939,60.4713,59.8265,60.3317,850447
2013-10-24,60.5627,60.8418,60.3091,60.6699,782781
2013-10-25,60.8851,60.8851,58.6834,60.8644,740967
2013-10-28,60.9569,61.1466,60.6934,60.8556,676711
2013-10-29,61.0649,61.2035,60.5244,61.1721,761924
2013-10-30,61.2419,61.5652,60.4035,60.8723,834194
2013-10-31,61.1357,61.4472,60.7112,61.061,871971
2013-11-01,60.8104,61.0247,60.2864,60.7859,511277
2013-11-04,61.2626,61.9869,60.8949,61.9722,1017170
2013-11-05,61.4994,62.0341,61.0404,61.7235,948584
2013-11-06,62.0272,62.4508,61.6655,62.3015,657513
2013-11-07,62.5246,62.5727,61.1023,61.1622,931437
2013-11-08,61.1161,62.1628,60.9343,62.0941,768939
2013-11-11,61.9869,62.6976,61.9565,62.6729,552804
2013-11-12,62.3879,62.7261,62.1844,62.6395,697504
2013-11-13,62.325,63.1644,62.2267,62.9177,1065698
2013-11-14,63.0573,63.6185,62.7565,63.5871,1245921
2013-11-15,63.5871,63.7718,63.1104,63.6805,2095111
2013-11-18,63.8692,63.8692,63.1979,63.4347,787693
2013-11-19,63.3649,63.4484,62.7781,63.0102,1992878
2013-11-20,63.3188,63.4417,62.3634,62.5246,1138539
2013-11-21,62.6395,62.9659,62.4262,62.8351,2214254
2013-11-22,62.9492,63.2715,62.8028,63.0661,830782
2013-11-25,63.2106,63.359,62.6799,62.787,596908
2013-11-26,62.9245,63.0808,62.5815,62.6022,814329
2013-11-27,62.8351,63.0259,62.6022,62.9825,562440
2013-11-29,63.6155,64.511,63.5143,64.164,599274
2013-12-02,63.8042,64.051,63.2195,63.3512,845938
2013-12-03,64.1267,65.7553,63.82,64.2574,2286233
2013-12-04,63.4996,64.0018,62.5875,63.0957,1156977
2013-12-05,63.0002,63.0415,62.158,62.2217,1299076
2013-12-06,62.8577,63.3659,62.6376,63.2991,1443806
2013-12-09,63.3128,63.9016,63.249,63.8416,872034
2013-12-10,63.7374,64.3241,63.6932,64.1187,726748
2013-12-11,64.05,64.111,63.0504,63.2204,1111992
2013-12-12,63.075,63.2666,62.7388,62.8096,702564
2013-12-13,63.0337,63.242,62.5216,62.8341,698089
2013-12-16,63.0818,63.2735,62.6956,62.6956,1395132
2013-12-17,62.614,62.8636,62.3536,62.3988,790611
2013-12-18,62.5629,63.3128,62.1058,63.3128,1249309
2013-12-19,63.2361,63.4592,63.0415,63.2056,1171527
2013-12-20,63.2735,63.5773,62.9944,63.3365,1036022
2013-12-23,63.702,64.0078,63.5222,63.7443,507675
2013-12-24,63.8839,64.2191,63.6715,64.0893,186384
2013-12-26,64.164,64.396,64.0402,64.3154,328637
2013-12-27,64.5502,64.6781,64.1335,64.4589,494594
2013-12-30,64.4058,64.5709,63.9084,64.4058,415583
2013-12-31,64.4942,64.7853,64.1719,64.4403,419533
2014-01-02,64.3665,64.3861,63.2283,63.4524,703754
2014-01-03,63.6461,64.1335,63.2204,63.759,806752
2014-01-06,63.9645,64.4058,63.5143,63.5449,832562
2014-01-07,64.2004,64.5837,63.6529,64.3861,1115689
2014-01-08,64.3154,64.3351,63.7777,64.2191,1138579
2014-01-09,64.2721,64.6092,63.6932,64.1552,732611
2014-01-10,64.2191,64.6701,63.6843,64.6368,1211762
2014-01-13,64.4245,64.6368,63.075,63.2283,1051723
2014-01-14,63.5851,64.1915,63.1271,64.0893,803773
2014-01-15,64.1267,64.9631,63.7109,64.7282,1208159
2014-01-16,64.6928,65.5351,64.5032,65.5283,937634
2014-01-17,65.5823,65.5823,64.736,65.1735,1754587
2014-01-21,65.1273,65.3966,64.7154,65.2501,1106172
2014-01-22,65.5518,65.6904,64.8942,65.6453,1132847
2014-01-23,65.0859,65.1941,64.6781,65.1016,870193
2014-01-24,64.5208,64.6928,63.769,63.7777,1105140
2014-01-27,64.0078,64.6554,63.6225,64.2191,1085151
2014-01-28,64.5974,64.8166,64.2259,64.451,1750640
2014-01-29,64.0018,64.1817,62.7861,62.9895,899120
2014-01-30,63.5074,63.6225,62.9325,63.5773,1040324
2014-01-31,62.8018,63.9586,62.7565,63.7109,1063785
2014-02-03,63.6628,63.6715,60.0289,60.2226,1967748
2014-02-04,59.9514,60.7505,59.2534,60.4153,2245275
2014-02-05,60.3859,60.6944,59.5228,60.4703,1367131
2014-02-06,60.835,62.6552,60.6197,62.4321,1401489
2014-02-07,62.8577,63.3059,62.5875,63.1989,835998
2014-02-10,63.2204,63.6225,62.8341,63.421,753432
2014-02-11,63.5143,64.4667,63.4839,64.1719,820864
2014-02-12,64.3241,64.9954,64.2259,64.9218,911825
2014-02-13,64.3724,65.8703,64.3724,65.5598,1202952
2014-02-14,65.6069,66.6055,65.257,66.5711,1226210
2014-02-18,67.3859,69.7104,67.3859,67.7024,2483803
2014-02-19,67.6699,67.6699,66.7539,66.9682,1473460
2014-02-20,66.8198,67.5196,66.5072,67.4271,856477
2014-02-21,67.495,67.8753,67.0998,67.5806,699706
2014-02-24,67.7339,68.1988,67.4744,67.4822,849308
2014-02-25,67.5275,67.6435,67.0409,67.1648,1100048
2014-02-26,67.1835,67.9895,67.1068,67.5018,857379
2014-02-27,67.3406,67.495,66.687,67.2227,798795
2014-02-28,67.4271,68.3698,67.2021,68.2283,1047547
2014-03-03,67.2327,67.6041,66.6055,67.3722,976093
2014-03-04,68.0897,68.4072,67.7024,68.1054,959574
2014-03-05,68.3148,68.7178,68.0278,68.303,762438
2014-03-06,68.6361,68.703,67.8381,67.903,671028
2014-03-07,68.2165,68.4259,67.8528,68.2026,623810
2014-03-10,68.0661,68.2106,67.2207,67.4822,764157
2014-03-11,67.6444,67.9087,67.1746,67.3918,574270
2014-03-12,67.096,67.6759,66.8571,67.6622,659065
2014-03-13,67.9187,68.0278,66.689,66.689,1050159
2014-03-14,66.6616,67.1382,66.5298,66.6074,1109957
2014-03-17,67.0586,67.3653,66.5298,66.8719,863455
2014-03-18,66.9966,67.1304,66.6822,66.9328,637655
2014-03-19,67.0321,67.2552,65.7719,66.1937,895800
2014-03-20,66.0217,66.5082,65.8506,66.3333,767472
2014-03-21,66.6616,66.7715,65.9518,66.0295,1529037
2014-03-24,66.1996,66.5229,65.4289,65.6472,734366
2014-03-25,66.2408,66.3106,65.5784,65.8506,876152
2014-03-26,66.061,66.3333,65.4683,65.6787,775459
2014-03-27,65.5302,65.6177,65.1116,65.4604,576929
2014-03-28,65.7789,66.5651,65.5381,66.4482,595059
2014-03-31,66.8473,67.7437,66.5514,67.7132,948412
2014-04-01,67.6542,67.7791,67.0508,67.6759,988599
2014-04-02,67.8292,68.2106,67.4645,67.8292,1133721
2014-04-03,68.3855,68.5703,67.9629,68.3078,885231
2014-04-04,68.6785,68.7532,67.0508,67.2847,699001
2014-04-07,66.9721,67.2768,65.6472,66.0217,796781
2014-04-08,65.9283,67.264,65.7642,67.1893,831041
2014-04-09,67.4558,67.9629,66.9633,67.8783,843815
2014-04-10,67.8528,68.0799,66.6232,66.6321,840874
2014-04-11,66.0905,66.6478,65.8428,65.9214,665226
2014-04-14,66.5574,66.6163,65.5618,66.1789,567170
2014-04-15,66.3333,66.5514,65.2737,66.4275,564372
2014-04-16,67.7997,68.303,67.6355,68.1526,1383827
2014-04-17,68.1437,68.8268,67.956,68.0799,1200591
2014-04-21,68.0435,68.7904,67.6051,68.5703,1086517
2014-04-22,68.761,69.4273,67.0321,67.1992,1927488
2014-04-23,67.215,67.7614,66.5298,67.551,1410179
2014-04-24,67.7044,67.7044,66.9633,67.2307,559041
2014-04-25,67.096,67.096,66.4826,66.7628,677617
2014-04-28,67.096,67.6199,66.2733,67.4744,1048294
2014-04-29,67.6355,67.7614,67.1225,67.1618,609273
2014-04-30,67.1618,67.9707,66.8719,67.9265,1185268
2014-05-01,67.896,68.2165,66.7628,66.925,977229
2014-05-02,66.7874,67.5363,66.4738,66.7156,1333624
2014-05-05,66.5004,66.5514,65.8752,66.061,1145206
2014-05-06,65.9214,66.1789,65.4604,65.7022,931710
2014-05-07,65.9038,66.1396,65.3681,66.0836,920488
2014-05-08,66.1002,66.8021,65.9755,66.2733,707612
2014-05-09,66.2408,66.3824,65.7425,66.3824,677484
2014-05-12,66.5514,67.1992,66.404,67.1687,538492
2014-05-13,67.1992,67.3849,66.7558,66.925,551347
2014-05-14,66.9564,66.9564,66.4275,66.5082,443680
2014-05-15,66.2733,66.3991,65.4604,65.9125,700176
2014-05-16,65.943,66.5436,65.7091,66.517,580617
2014-05-19,66.1996,66.3922,65.9833,66.1937,867814
2014-05-20,66.0374,66.0374,65.0466,65.2825,728999
2014-05-21,65.6177,66.1622,65.5931,66.1002,578366
2014-05-22,66.1701,66.6616,66.0295,66.3018,365055
2014-05-23,66.3106,66.6763,66.2074,66.5731,360841
2014-05-27,66.8227,67.1893,66.6074,66.9073,522427
2014-05-28,66.9407,67.3396,66.5908,67.1746,374358
2014-05-29,67.264,67.264,66.6616,66.864,574877
2014-05-30,66.8227,67.3396,66.6763,67.3073,576689
2014-06-02,67.3396,67.8125,66.9966,67.6622,647555
2014-06-03,67.1992,67.3918,66.3333,66.75,1551122
2014-06-04,66.6783,67.1294,66.5681,67.1118,849550
2014-06-05,67.2709,67.6562,66.7608,67.4832,668404
2014-06-06,67.553,68.1683,67.38,68.0907,517178
2014-06-09,68.0159,68.5034,67.9,68.1408,406930
2014-06-10,67.9678,68.0976,67.5215,67.6385,499561
2014-06-11,67.3073,67.4832,66.7608,67.1608,707563
2014-06-12,67.1028,67.1028,66.7018,66.7902,549470
2014-06-13,66.8532,67.1883,66.6586,66.7972,419879
2014-06-16,66.7018,67.1608,66.6783,67.0793,644249
2014-06-17,66.8286,67.6719,66.7283,67.5118,483458
2014-06-18,67.614,68.2086,67.3712,68.1811,471184
2014-06-19,68.3138,68.5546,67.7978,68.0238,575414
2014-06-20,68.3138,68.6804,67.9285,68.6588,987473
2014-06-23,68.5418,68.7855,68.1584,68.241,443132
2014-06-24,68.1241,68.4259,67.7564,67.8027,521499
2014-06-25,67.5904,68.1683,67.5452,67.9226,471482
2014-06-26,67.9895,68.07,67.2984,67.8646,371895
2014-06-27,67.7309,68.6528,67.7309,68.585,790601
2014-06-30,68.5034,69.0284,68.3402,68.9163,888855
2014-07-01,68.2941,69.2396,67.9747,69.0058,1012834
2014-07-02,68.7777,69.0815,68.3197,68.763,802228
2014-07-03,69.0815,69.9787,68.9791,69.8992,532089
2014-07-07,69.7655,69.7881,69.2692,69.508,648952
2014-07-08,69.2917,69.3871,68.9045,68.9791,437854
2014-07-09,69.0509,69.6338,68.9536,69.5345,629698
2014-07-10,68.763,68.9634,68.1741,68.1968,715963
2014-07-11,68.0976,68.3944,67.7476,68.3845,651398
2014-07-14,68.9339,68.9339,68.4032,68.5034,366081
2014-07-15,68.4199,68.6588,67.7398,67.959,571546
2014-07-16,68.3255,68.4583,67.7073,68.0976,991430
2014-07-17,67.7741,68.3255,67.496,67.5285,528128
2014-07-18,67.8911,68.4434,67.44,68.4386,1111602
2014-07-21,68.9045,70.5655,68.0395,68.585,1703136
2014-07-22,68.9536,69.0058,67.2984,67.4271,1254496
2014-07-23,67.4026,67.553,66.9299,66.9623,818931
2014-07-24,67.2916,67.4321,66.9121,67.0793,662426
2014-07-25,66.805,67.1294,66.6783,66.9623,415501
2014-07-28,66.9456,66.9938,66.4375,66.5848,556028
2014-07-29,66.5327,66.7755,66.1249,66.1249,531052
2014-07-30,66.3253,66.7608,66.0895,66.6586,969801
2014-07-31,66.1475,66.3775,65.0122,65.0122,1455634
2014-08-01,64.9454,65.1666,64.5316,64.8442,797166
2014-08-04,64.8442,65.4103,64.4805,65.2285,1498639
2014-08-05,64.969,65.6059,64.6801,65.0466,941836
2014-08-06,64.8765,65.5115,64.7733,65.1341,493632
2014-08-07,65.4791,65.6667,64.4942,64.6387,589895
2014-08-08,64.8992,66.1622,64.8992,66.1249,775282
2014-08-11,66.2595,66.3253,65.8733,66.005,465118
2014-08-12,65.9903,66.0689,65.5421,65.8398,347352
2014-08-13,65.9903,66.2811,65.6059,66.06,542459
2014-08-14,66.4945,67.206,66.3106,67.153,817949
2014-08-15,67.3309,67.3859,66.2074,66.8119,776580
2014-08-18,67.2768,67.6769,67.214,67.614,621712
2014-08-19,67.7898,68.1811,67.6297,67.9423,451188
2014-08-20,67.6838,68.412,67.5373,68.3845,553955
2014-08-21,68.7295,69.3595,68.2863,68.8377,713075
2014-08-22,68.7295,69.1747,68.4583,68.9536,806534
2014-08-25,69.2337,69.3959,68.9791,69.2917,498118
2014-08-26,69.2917,69.4353,68.9045,68.9339,413351
2014-08-27,68.9536,69.0815,68.6528,68.9163,391485
2014-08-28,67.8243,68.7197,67.8243,68.647,547360
2014-08-29,68.8809,68.9045,68.3068,68.8711,507803
2014-09-02,69.0372,69.4991,68.6588,69.0647,573066
2014-09-03,69.4078,69.4333,69.0165,69.1187,534142
2014-09-04,69.1267,69.8746,69.1187,69.4156,450895
2014-09-05,69.2456,69.8048,68.9831,69.7194,653374
2014-09-08,69.5345,69.6711,69.1187,69.3428,364116
2014-09-09,69.111,69.1875,68.6027,68.7305,448459
2014-09-10,68.7807,69.163,68.3245,69.163,478843
2014-09-11,68.8249,69.1503,68.7217,68.9486,436314
2014-09-12,69.6642,70.0898,69.4245,70.0181,833508
2014-09-15,70.1282,70.194,69.6849,69.8451,544809
2014-09-16,69.8451,70.5469,69.5345,70.3837,730673
2014-09-17,70.6491,70.7612,69.797,70.3032,713104
2014-09-18,70.4516,70.7051,70.136,70.6658,430313
2014-09-19,71.1268,71.2674,70.2305,70.5016,907282
2014-09-22,70.2305,70.4437,69.8293,70.0761,562515
2014-09-23,69.9492,70.0505,69.2888,69.3064,607339
2014-09-24,69.2456,70.2638,69.2456,70.0987,559233
2014-09-25,69.7823,69.8835,68.9743,69.0608,454759
2014-09-26,69.2976,69.853,68.9202,69.6642,505622
2014-09-29,69.0775,69.7429,68.9202,69.5826,586399
2014-09-30,69.5139,69.7341,69.1423,69.2976,965864
2014-10-01,67.9482,68.9831,67.9482,68.412,1088738
2014-10-02,68.3187,69.0165,68.0828,68.8071,645429
2014-10-03,69.3064,70.2019,69.2888,69.7017,1086918
2014-10-06,69.9797,70.1586,69.1875,69.394,420369
2014-10-07,69.0018,69.157,68.3187,68.3393,533307
2014-10-08,68.4434,69.7753,68.2557,69.7566,698796
2014-10-09,69.6023,69.6849,68.239,68.3589,754559
2014-10-10,69.2052,69.7104,68.6598,68.8249,763031
2014-10-13,68.817,69.3331,67.8371,67.9314,806572
2014-10-14,68.1211,69.4245,68.1211,68.6538,824964
2014-10-15,67.8125,69.2976,67.153,68.9369,1407595
2014-10-16,67.609,69.8136,67.609,69.5679,1035370
2014-10-17,70.4516,70.8663,69.7017,69.966,1444386
2014-10-20,69.4982,70.714,68.7875,70.6658,1139479
2014-10-21,71.3234,73.4435,70.8958,73.2567,1359754
2014-10-22,73.4002,73.9615,73.0277,73.2656,871122
2014-10-23,74.4421,74.5551,73.2105,73.3226,1140177
2014-10-24,73.2489,73.6941,72.8921,73.6283,762010
2014-10-27,73.4927,73.8337,73.2253,73.6538,653740
2014-10-28,73.985,74.5551,73.7392,74.5551,579841
2014-10-29,74.4962,74.6819,73.5447,74.3173,769646
2014-10-30,74.0794,75.4299,73.8267,75.3444,725182
2014-10-31,76.2861,76.744,75.8407,76.7018,1194340
2014-11-03,76.6074,77.1686,76.1257,76.7509,857935
2014-11-04,76.8796,77.5028,76.5062,77.2964,1170020
2014-11-05,77.4468,78.5673,77.4468,78.0562,1250064
2014-11-06,77.7289,78.2204,77.3053,77.8969,1264921
2014-11-07,77.9303,78.3226,77.661,78.3226,659780
2014-11-10,78.4965,79.1068,78.2685,78.6863,675752
2014-11-11,78.8523,79.211,78.4326,78.7412,553497
2014-11-12,78.4572,79.558,78.2685,79.4785,712445
2014-11-13,79.4785,79.851,79.211,79.4411,1035428
2014-11-14,79.211,79.3821,78.6144,78.7589,477500
2014-11-17,78.6056,79.1452,78.4729,78.9467,437303
2014-11-18,78.7157,79.4322,78.5427,79.1068,475328
2014-11-19,79.1068,79.3379,78.7746,79.1698,412455
2014-11-20,78.7895,79.6101,78.6706,79.5354,482347
2014-11-21,80.4701,80.5114,79.6514,80.1331,848069
2014-11-24,80.2126,80.9056,80.1006,80.7129,549567
2014-11-25,81.1759,81.1759,80.0741,80.2126,881404
2014-11-26,80.308,80.5743,79.9305,80.4701,600674
2014-11-28,80.7051,81.8098,80.6402,81.2044,414125
2014-12-01,81.1414,81.2968,80.3827,80.4072,842586
2014-12-02,80.5281,80.996,80.424,80.9783,673396
2014-12-03,81.1237,82.2187,81.1237,82.1951,851135
2014-12-04,82.1883,82.4653,81.6968,82.3583,1080611
2014-12-05,82.4339,82.6807,81.7773,82.0388,496927
2014-12-08,81.9415,82.4339,81.3272,81.6624,477170
2014-12-09,81.0923,81.8423,80.9488,81.6721,687966
2014-12-10,81.6801,82.4114,80.9143,80.9861,717600
2014-12-11,81.6044,82.9785,81.4186,82.0565,682332
2014-12-12,81.5818,82.378,81.3518,81.4108,685998
2014-12-15,81.1916,81.9562,80.767,80.767,1218820
2014-12-16,80.8269,82.6001,80.5517,81.2968,807870
2014-12-17,81.7273,82.717,81.053,82.5578,644126
2014-12-18,83.5152,83.8042,82.8821,83.8042,961973
2014-12-19,84.3074,84.8558,84.0223,84.1334,1297138
2014-12-22,84.4126,84.8125,84.0223,84.5797,492464
2014-12-23,84.8037,85.8377,84.6995,85.6745,511243
2014-12-24,85.7709,85.9075,85.2637,85.5015,236027
2014-12-26,85.7276,86.2063,85.5989,85.7001,308095
2014-12-29,85.5114,86.6211,85.1871,86.051,548143
2014-12-30,85.7276,86.0362,85.4112,85.6067,502474
2014-12-31,85.59,86.2919,84.6729,84.6729,746173
2015-01-02,85.3413,85.8721,83.8336,84.6317,732916
2015-01-05,84.4892,84.8292,83.7884,84.096,1473365
2015-01-06,80.1801,82.7259,79.6514,80.6481,2889092
2015-01-07,81.4423,82.0565,81.1317,81.8825,1364062
2015-01-08,82.4034,82.8242,81.508,82.0565,1533926
2015-01-09,82.0084,82.0143,80.2383,80.5419,1393165
2015-01-12,80.5419,80.5666,77.0949,77.4861,2285638
2015-01-13,78.2734,79.043,76.5946,77.1353,1737405
2015-01-14,76.74,77.1215,74.7831,75.705,1941136
2015-01-15,75.881,76.2546,75.4111,75.5459,1851466
2015-01-16,75.6176,77.1932,75.3257,77.1519,1248037
2015-01-20,77.1932,77.4861,76.2369,77.4468,1450123
2015-01-21,77.2001,77.8921,76.7716,77.6747,1006389
2015-01-22,78.0592,78.6696,77.3111,78.3274,980958
2015-01-23,78.1908,78.5889,77.7732,78.1849,1254695
2015-01-26,78.3186,78.6853,77.7732,78.3855,1096147
2015-01-27,77.5705,78.0188,77.0399,77.4861,986980
2015-01-28,77.8645,77.8645,75.6992,75.8181,1294725
2015-01-29,76.0147,76.0953,75.1036,75.8181,1715645
2015-01-30,74.9582,75.1823,73.757,73.8464,3531537
2015-02-02,74.163,74.5787,72.9737,74.2445,2613885
2015-02-03,74.2445,78.1544,73.8554,77.8046,7571857
2015-02-04,77.5705,77.8557,75.537,75.881,1980616
2015-02-05,76.2546,77.088,75.7217,76.2369,1674287
2015-02-06,76.3165,77.2315,76.1809,76.749,1110809
2015-02-09,76.2289,77.0949,76.2289,76.3411,723780
2015-02-10,76.688,77.1215,76.1602,76.688,958354
2015-02-11,76.6664,77.1017,76.2791,76.6114,665459
2015-02-12,76.5092,77.0399,76.2122,76.9032,826443
2015-02-13,76.978,77.4516,76.6968,77.0802,1369432
2015-02-17,77.8645,78.2498,76.4069,76.7637,1807001
2015-02-18,76.5002,76.5239,75.2835,75.9213,1153852
2015-02-19,75.998,76.6664,75.7778,76.0491,734415
2015-02-20,75.9518,76.5632,75.5312,76.5002,851376
2015-02-23,76.4286,76.6281,76.2447,76.6114,441211
2015-02-24,76.4757,76.9701,76.4757,76.5789,466402
2015-02-25,76.2289,77.1765,76.2289,76.8974,898913
2015-02-26,76.6281,76.9032,76.4069,76.6968,553985
2015-02-27,76.978,76.9848,76.1749,76.3411,682015
2015-03-02,76.1906,77.3043,76.1809,77.0241,866897
2015-03-03,76.6831,77.0025,75.0868,75.8869,1021317
2015-03-04,75.6295,75.8673,75.0524,75.2048,818925
2015-03-05,75.597,75.6845,75.1468,75.3592,544700
2015-03-06,74.9572,75.2048,74.0165,74.3006,936966
2015-03-09,74.5157,75.2146,74.4913,75.0848,1037376
2015-03-10,74.4637,74.8126,73.8611,73.8611,830304
2015-03-11,73.814,74.2131,73.5427,73.8357,749273
2015-03-12,74.2829,75.8289,74.2829,75.7484,967976
2015-03-13,75.7484,75.7484,74.6515,75.5479,1180181
2015-03-16,76.0747,76.9799,75.8379,76.7736,885199
2015-03-17,76.2349,76.5632,75.4534,75.6923,637481
2015-03-18,75.6058,76.4658,74.7006,76.1661,1189557
2015-03-19,76.0844,76.6191,75.7484,76.397,721884
2015-03-20,76.6831,76.9219,76.5336,76.7155,1158796
2015-03-23,76.741,77.3004,76.4433,76.4433,536194
2015-03-24,76.0747,76.4658,75.597,75.6295,466171
2015-03-25,75.7807,75.8919,74.2052,74.2514,561829
2015-03-26,73.9399,74.155,73.3638,73.8357,591217
2015-03-27,73.7335,74.5404,73.5742,74.3173,540945
2015-03-30,74.6515,75.3867,74.5669,75.0604,427782
2015-03-31,74.2052,75.6362,74.1884,74.5247,1199827
2015-04-01,74.2317,74.3586,72.5412,73.3727,925961
2015-04-02,73.3403,74.3428,73.1841,74.155,893454
2015-04-06,74.2131,75.3257,74.1403,74.5905,1318106
2015-04-07,74.506,74.853,74.2465,74.6269,774460
2015-04-08,74.8205,74.853,73.8209,74.2514,1121786
2015-04-09,74.3093,74.6209,73.9084,74.3006,442522
2015-04-10,74.1954,74.853,74.1954,74.5905,497054
2015-04-13,74.6515,74.8853,74.2131,74.2396,749526
2015-04-14,74.1187,74.4785,73.5742,74.1108,813796
2015-04-15,74.3586,74.845,73.9743,74.0066,750912
2015-04-16,73.9486,74.1108,73.295,73.6626,445221
2015-04-17,73.0779,73.645,72.6277,73.3098,843308
2015-04-20,73.7815,74.3173,73.7737,74.0283,976996
2015-04-21,74.1717,75.4986,73.357,73.9309,1289372
2015-04-22,74.1717,74.6042,73.1073,74.3861,1162068
2015-04-23,74.3428,74.9414,73.8444,74.4785,734394
2015-04-24,74.4716,74.5738,73.2686,73.5663,578270
2015-04-27,73.8544,74.103,72.9815,73.1397,767156
2015-04-28,73.1073,73.3098,72.6207,73.0474,733247
2015-04-29,72.9953,73.0779,72.2857,72.7239,933965
2015-04-30,72.4537,72.957,71.5475,71.8522,1318353
2015-05-01,72.4448,73.2184,72.0626,73.1486,865692
2015-05-04,74.0283,74.3586,73.7482,74.2396,900453
2015-05-05,74.1275,74.497,73.3482,73.4238,635608
2015-05-06,73.5978,73.8287,72.8538,73.2863,506324
2015-05-07,73.5909,74.3586,73.3638,74.0431,568992
2015-05-08,74.7478,75.4191,74.5492,75.2392,957100
2015-05-11,75.0357,75.7641,74.7959,75.3424,1540311
2015-05-12,74.9739,75.3787,74.5404,75.1813,871262
2015-05-13,75.2048,75.5479,74.0165,74.1275,1179925
2015-05-14,74.5404,75.251,73.9743,75.2048,863186
2015-05-15,75.1813,75.3169,74.7714,75.0446,1564727
2015-05-18,75.1468,75.4534,74.6593,74.9817,485764
2015-05-19,75.1311,75.3424,74.6593,74.9325,486611
2015-05-20,75.1026,75.3169,74.4038,74.9639,703778
2015-05-21,74.7094,75.0279,74.3664,74.8293,525689
2015-05-22,74.8933,75.2215,74.5404,74.8038,510559
2015-05-26,74.506,74.9739,73.814,74.0342,788894
2015-05-27,74.2916,74.4215,73.6705,74.2672,516688
2015-05-28,74.3251,74.4538,73.5339,73.9015,498222
2015-05-29,73.7482,73.7482,72.2227,72.3505,1555196
2015-06-01,72.4036,72.7033,71.8925,72.1578,928801
2015-06-02,71.9799,72.55,71.741,72.2453,632924
2015-06-03,72.6689,73.1427,72.265,73.0719,615503
2015-06-04,73.9486,73.9743,72.9756,73.2715,856069
2015-06-05,73.3757,73.7462,72.9423,73.7,821544
2015-06-08,73.3432,73.6253,73.1024,73.1427,715238
2015-06-09,73.0552,73.2557,72.5953,72.6513,705483
2015-06-10,73.0876,73.9486,72.9963,73.6174,598846
2015-06-11,73.9821,73.9821,73.0552,73.1516,747959
2015-06-12,72.9363,73.2213,72.556,73.1427,595141
2015-06-15,72.5815,72.95,72.3476,72.8616,694369
2015-06-16,72.7476,73.2213,72.7112,73.1191,354947
2015-06-17,73.4091,73.7718,72.9756,73.4277,457286
2015-06-18,74.1335,74.844,73.9074,74.5865,669656
2015-06-19,74.4814,74.7782,74.215,74.2475,787764
2015-06-22,74.6239,74.7782,74.0695,74.3026,376557
2015-06-23,74.4942,74.6819,74.155,74.2936,337381
2015-06-24,74.2769,74.5354,73.8611,73.8769,534782
2015-06-25,73.9309,74.1118,73.4818,73.7551,549185
2015-06-26,74.1335,74.4391,73.8769,74.1335,486219
2015-06-29,73.3353,73.4562,71.7981,71.8856,975545
2015-06-30,72.4744,72.6611,71.9671,72.089,961811
2015-07-01,72.032,73.1024,71.9455,72.9963,888487
2015-07-02,73.1348,73.2007,72.1529,72.4931,617495
2015-07-06,72.2001,72.7889,71.7116,72.0576,1059254
2015-07-07,71.861,72.0655,70.7837,72.0153,706790
2015-07-08,71.6074,71.6074,70.7209,70.7385,812479
2015-07-09,71.6074,71.6221,70.826,71.0727,794472
2015-07-10,71.8246,71.9023,70.8319,71.6448,858057
2015-07-13,72.2365,72.8921,71.8944,72.8538,807509
2015-07-14,72.8448,72.9894,72.2001,72.6345,1638323
2015-07-15,72.5058,72.9275,72.0812,72.8616,836671
2015-07-16,73.2479,73.29,72.9363,73.1674,531801
2015-07-17,72.7801,73.1771,72.4262,72.9825,857933
2015-07-20,71.9288,72.2887,70.0996,71.5102,1940286
2015-07-21,71.349,71.9111,70.7209,70.7524,1204189
2015-07-22,70.6225,70.9027,69.9925,70.7287,900286
2015-07-23,70.8083,71.4275,70.5263,70.8319,683814
2015-07-24,70.8319,71.0324,69.8667,69.9572,582223
2015-07-27,69.6023,69.8264,69.0843,69.3901,1037147
2015-07-28,69.6162,70.2363,69.2062,70.1233,771245
2015-07-29,70.1626,71.2988,70.0427,71.1857,695114
2015-07-30,71.1455,71.7273,70.7749,71.349,750755
2015-07-31,71.861,71.9111,71.2448,71.6221,805525
2015-08-03,71.4796,71.574,70.8899,71.2684,444427
2015-08-04,71.17,71.861,71.065,71.2192,542108
2015-08-05,71.7588,72.032,71.5317,71.686,427848
2015-08-06,71.6526,71.861,70.8172,71.4275,717349
2015-08-07,71.396,71.5396,70.6225,70.8408,761311
2015-08-10,71.3401,71.8482,71.1946,71.7657,610786
2015-08-11,71.115,71.2281,70.5183,70.8486,598115
2015-08-12,70.2765,70.7287,69.4873,70.5665,486967
2015-08-13,70.5183,71.2595,70.2048,70.9027,389845
2015-08-14,70.9194,71.3234,70.653,71.2359,456164
2015-08-17,70.7287,71.1779,70.2363,71.1082,294466
2015-08-18,70.7444,71.2516,70.4132,70.7749,540368
2015-08-19,70.3984,70.8968,69.9405,70.374,731133
2015-08-20,69.7606,69.8333,68.9881,68.9881,674374
2015-08-21,68.3255,68.9084,67.1294,67.1755,1100859
2015-08-24,64.4923,66.7902,63.416,65.373,1689039
2015-08-25,67.267,67.38,63.9881,64.0353,1054784
2015-08-26,65.316,65.5655,63.8367,65.2678,1256597
2015-08-27,65.8497,67.3712,65.6787,67.2601,947353
2015-08-28,66.8296,67.4774,66.8119,67.4026,696728
2015-08-31,67.2749,67.7486,66.9073,67.2237,765536
2015-09-01,66.0738,66.4768,65.0997,65.3809,974428
2015-09-02,66.003,66.2556,65.3061,66.2458,697615
2015-09-03,66.3253,67.2356,66.2221,66.4237,659901
2015-09-04,65.5715,66.1406,65.4427,65.652,788698
2015-09-08,66.8198,67.902,66.7578,67.8596,728305
2015-09-09,68.3335,68.5566,67.1697,67.3319,1041493
2015-09-10,67.2169,67.8596,66.8552,67.4803,714727
2015-09-11,67.3063,67.7132,66.863,67.6886,566846
2015-09-14,67.6886,67.7132,67.0282,67.3742,473913
2015-09-15,67.5018,69.0294,67.211,68.8849,928225
2015-09-16,68.7777,69.9787,68.5359,69.8245,792519
2015-09-17,69.6701,69.9552,68.7708,69.0135,917590
2015-09-18,68.3207,68.3335,67.4144,67.5442,1120992
2015-09-21,67.7456,68.416,67.557,67.9079,538989
2015-09-22,67.1697,67.2356,66.7578,67.0626,644862
2015-09-23,67.1225,67.1933,66.5751,67.0881,650326
2015-09-24,66.5751,67.7978,66.3785,67.6679,1043001
2015-09-25,68.1535,68.3432,67.7044,68.1181,987631
2015-09-28,67.7821,67.9885,66.8797,67.0626,713953
2015-09-29,67.27,67.3672,66.6664,66.9672,664831
2015-09-30,67.0488,67.5834,66.4807,67.2533,1312653
2015-10-01,66.9819,67.2356,65.1106,66.1092,1712734
2015-10-02,65.0929,66.5947,64.7203,66.5947,1166101
2015-10-05,67.0793,68.2008,66.8552,68.0149,1284103
2015-10-06,68.0385,68.0779,67.1835,67.2356,939564
2015-10-07,67.7132,68.588,67.3406,68.5496,1239453
2015-10-08,68.416,69.9857,68.416,69.7429,711789
2015-10-09,69.847,70.1823,69.4078,69.4245,599259
2015-10-12,69.3389,69.4421,68.9871,69.1344,499805
2015-10-13,68.8849,69.1737,68.3688,68.4504,493136
2015-10-14,68.2223,68.5496,67.4538,67.609,923985
2015-10-15,67.8351,68.0229,66.7333,67.9256,924771
2015-10-16,68.0779,68.2941,67.0183,67.5667,1376743
2015-10-19,66.003,69.9787,65.9696,68.6872,3643222
2015-10-20,68.7118,70.7071,68.6637,69.5168,1942036
2015-10-21,69.7999,70.4407,69.5719,69.8393,1252751
2015-10-22,70.5056,72.0713,70.3424,71.6703,1407185
2015-10-23,72.0713,72.4528,71.4452,72.3642,1409528
2015-10-26,72.4272,73.0926,72.321,72.947,1133562
2015-10-27,72.5972,73.011,71.7303,71.8827,1030033
2015-10-28,72.0713,73.126,71.8827,73.1004,668404
2015-10-29,73.0622,73.2803,72.3899,73.1928,764419
2015-10-30,73.2135,74.1384,73.1073,73.6361,1121116
2015-11-02,73.6361,74.5885,73.5054,74.5197,696843
2015-11-03,74.3448,74.7714,74.0126,74.3016,615880
2015-11-04,74.4745,74.6751,73.8956,74.0922,791280
2015-11-05,74.154,74.901,73.8956,74.6022,1003775
2015-11-06,74.2602,74.3891,72.2355,72.6287,1672922
2015-11-09,72.6217,72.8261,71.6989,72.1352,1218326
2015-11-10,72.1205,72.8498,72.0124,72.8411,956079
2015-11-11,72.8411,72.955,72.1126,72.5155,836276
2015-11-12,72.1126,72.3397,70.7582,70.7956,1386113
2015-11-13,70.5872,70.8222,69.5463,69.6367,997365
2015-11-16,69.6918,71.3332,69.5365,71.2359,995891
2015-11-17,71.3813,71.9594,71.1533,71.4364,933155
2015-11-18,71.5199,71.8119,70.6924,71.7303,850452
2015-11-19,71.9269,72.7192,71.5042,72.2178,954335
2015-11-20,72.5323,73.2892,72.436,73.2135,984427
2015-11-23,73.3295,73.9192,73.0622,73.3757,729047
2015-11-24,72.8724,73.0769,72.3936,72.7436,962116
2015-11-25,72.7192,73.7432,72.6287,73.4897,711421
2015-11-27,73.5801,73.8219,73.185,73.7355,235906
2015-11-30,73.8818,73.9192,73.0622,73.5319,785495
2015-12-01,73.8573,74.1717,73.2705,73.5133,615481
2015-12-02,73.4238,73.7402,72.261,72.4233,611579
2015-12-03,72.4066,72.5128,71.396,71.9819,1171579
2015-12-04,72.1785,72.947,71.9986,72.7496,795465
2015-12-07,72.4389,72.8321,72.1942,72.7839,593111
2015-12-08,71.9004,72.8105,71.575,72.4331,659042
2015-12-09,71.8305,73.1093,71.0344,71.2871,957179
2015-12-10,71.3224,71.8305,71.058,71.5327,644773
2015-12-11,70.718,70.7504,69.4254,69.6377,966114
2015-12-14,69.9345,70.7592,69.6229,70.375,896376
2015-12-15,70.7651,70.9626,69.7704,70.3317,922779
2015-12-16,70.8831,71.2408,69.8736,71.1819,618818
2015-12-17,71.1415,71.1996,70.1282,70.1449,661299
2015-12-18,69.9159,69.9345,68.241,68.2773,1817651
2015-12-21,68.8632,69.0441,67.8833,68.5988,520272
2015-12-22,68.7403,69.5994,68.7403,69.2937,716327
2015-12-23,69.5729,70.6432,69.453,70.4397,496036
2015-12-24,70.1527,70.6265,70.1282,70.3317,214715
2015-12-28,70.2992,70.945,70.0879,70.8663,451232
2015-12-29,71.2871,71.69,71.0344,71.4698,498988
2015-12-30,71.2801,71.6703,70.8399,70.9626,415135
2015-12-31,70.5056,70.7819,70.0663,70.1596,674378
2016-01-04,69.2799,69.2799,67.6051,68.645,1433198
2016-01-05,69.0519,69.0833,67.8577,68.8897,1321021
2016-01-06,67.9069,68.1181,67.0006,67.5225,1058541
2016-01-07,66.2753,67.2277,65.8752,66.0689,982266
2016-01-08,66.289,66.6586,64.0854,64.1739,1490780
2016-01-11,65.1636,65.2285,63.8259,64.5896,1487679
2016-01-12,64.9847,65.3504,64.2466,65.0574,1071425
2016-01-13,65.2865,65.3995,63.1693,63.2263,1246977
2016-01-14,63.4052,64.6122,62.8912,64.1247,1248606
2016-01-15,62.8096,64.2387,62.4882,64.0991,1662296
2016-01-19,64.6486,64.8019,63.2195,63.9724,1199567
2016-01-20,63.1693,65.316,62.6052,64.5679,1559609
2016-01-21,64.6584,65.9135,64.1158,64.7134,977346
2016-01-22,65.5627,65.7219,64.4127,65.1293,763232
2016-01-25,64.8942,65.3327,64.5532,64.7793,1078509
2016-01-26,64.9927,67.2179,64.9927,67.0292,1058710
2016-01-27,66.9918,68.2313,66.518,67.0006,920186
2016-01-28,67.6218,68.1447,66.6646,68.0867,887432
2016-01-29,68.3452,70.4643,68.0455,70.3917,1574045
2016-02-01,68.1181,68.9084,67.0095,68.5448,1567700
2016-02-02,67.7997,67.9462,67.2179,67.5323,638209
2016-02-03,68.0936,68.6981,67.2464,68.4848,1002265
2016-02-04,68.1713,70.3317,68.1713,70.2765,1271358
2016-02-05,70.2688,70.2688,68.9192,69.2799,1210884
2016-02-08,68.6086,69.8598,67.956,69.6574,1369602
2016-02-09,69.0519,71.0511,69.0519,70.5705,1273678
2016-02-10,70.8566,71.5583,70.0034,70.4329,1177264
2016-02-11,69.6858,71.0511,69.2543,70.6118,1725308
2016-02-12,71.0137,72.1293,70.659,71.7696,2009859
2016-02-16,72.1863,75.0878,69.6476,73.2017,2797208
2016-02-17,72.8401,73.5604,72.2924,73.5368,1508726
2016-02-18,73.6322,74.5669,73.4602,74.163,1343538
2016-02-19,73.6676,75.5203,73.3795,75.2107,1617345
2016-02-22,75.7897,76.0844,75.1271,75.4731,994103
2016-02-23,75.4044,75.7897,74.7773,74.9492,654337
2016-02-24,73.9339,74.4087,73.5683,74.3684,1005774
2016-02-25,74.8263,75.251,74.1168,75.0476,827055
2016-02-26,75.3169,75.5115,74.1168,74.5492,810177
2016-02-29,74.5138,74.8667,73.641,73.641,1232951
2016-03-01,74.3133,76.0353,74.154,75.9941,1056310
2016-03-02,75.6874,77.0929,75.2451,76.9534,1306675
2016-03-03,77.0291,77.3819,76.5199,77.2767,687746
2016-03-04,77.1686,77.325,76.6094,77.0448,845315
2016-03-07,76.8295,77.9323,76.7066,77.7426,915924
2016-03-08,77.3494,77.8488,77.0624,77.2256,837445
2016-03-09,77.318,77.5785,76.3607,77.2847,603500
2016-03-10,77.4733,77.5696,76.452,77.2679,661331
2016-03-11,77.9274,78.5831,77.7525,78.4612,806805
2016-03-14,78.3117,78.526,77.9274,78.1564,486444
2016-03-15,77.662,78.1967,77.4635,78.0582,570161
2016-03-16,77.9667,78.7658,77.6355,78.6253,684720
2016-03-17,78.8562,81.0697,78.5584,80.9616,1619564
2016-03-18,81.2997,81.2997,80.0062,80.6638,1655692
2016-03-21,80.4574,80.5989,79.4578,80.2303,936867
2016-03-22,80.3188,80.3659,79.6956,79.7595,865508
2016-03-23,79.9826,80.7198,79.4224,80.3099,784881
2016-03-24,79.909,80.4574,79.7438,80.3954,735894
2016-03-28,80.6638,80.9203,80.3442,80.4918,431728
2016-03-29,80.5104,81.2643,80.244,81.1247,823928
2016-03-30,81.513,81.7754,81.0697,81.5464,484883
2016-03-31,81.5464,81.9317,81.0442,81.743,827816
2016-04-01,81.1424,82.0949,80.9763,82.0388,795633
2016-04-04,81.3881,81.4796,80.4347,80.8771,1039534
2016-04-05,81.0608,81.3488,80.0809,80.3954,1434806
2016-04-06,80.4918,80.7149,79.4145,80.6588,1131696
2016-04-07,80.4839,80.706,79.2966,79.7271,631255
2016-04-08,80.3286,80.4328,79.6769,79.957,643734
2016-04-11,80.244,80.65,79.6269,79.6269,671293
2016-04-12,79.8028,80.4574,78.9546,80.2863,1112021
2016-04-13,80.7149,81.8089,80.6323,81.7164,766772
2016-04-14,81.687,81.858,80.706,80.9704,986203
2016-04-15,81.283,82.1046,81.11,81.7754,924838
2016-04-18,81.4048,82.1293,81.2249,82.1293,1229189
2016-04-19,82.2708,82.2708,79.4224,79.7035,2030142
2016-04-20,79.6435,79.9758,78.6341,79.3801,1218953
2016-04-21,79.5807,79.8185,78.7972,79.1335,884860
2016-04-22,79.1502,80.1379,79.1422,79.619,894004
2016-04-25,79.5974,79.8421,79.159,79.7182,471642
2016-04-26,79.7438,80.9292,79.7438,80.8054,610647
2016-04-27,80.6638,81.0018,80.1881,80.8131,717357
2016-04-28,80.2942,80.7974,79.8913,80.0809,587391
2016-04-29,79.7271,79.7271,78.6341,78.9546,1152512
2016-05-02,79.1098,79.7035,79.0046,79.6032,582381
2016-05-03,78.929,79.4578,78.7315,79.2996,924534
2016-05-04,79.0273,79.2238,78.4847,79.0361,776691
2016-05-05,79.274,80.0229,78.8562,78.9457,767293
2016-05-06,78.9034,79.8273,78.5014,79.8028,460319
2016-05-09,79.4735,80.1311,79.3988,79.8106,657937
2016-05-10,80.0062,80.6815,80.0062,80.5813,513680
2016-05-11,80.2303,80.6815,78.9959,79.0784,721534
2016-05-12,79.2424,80.016,79.2327,79.8913,689086
2016-05-13,79.7516,80.252,78.8651,79.0361,551695
2016-05-16,79.2327,80.0898,79.0361,79.7516,878457
2016-05-17,79.4961,79.851,77.318,77.604,1355025
2016-05-18,77.3417,77.952,76.4354,77.4811,995764
2016-05-19,76.452,77.3101,75.8929,76.9032,851705
2016-05-20,77.325,78.1053,77.2679,77.4468,847074
2016-05-23,77.325,77.3652,76.6742,77.1017,651213
2016-05-24,77.4006,78.6066,77.318,78.41,674806
2016-05-25,78.4512,79.5118,78.3039,79.216,665369
2016-05-26,79.1502,79.7438,78.8808,79.2424,549704
2016-05-27,79.4646,79.851,79.4479,79.851,487481
2016-05-31,80.1801,80.1801,79.1197,79.7339,903797
2016-06-01,79.5679,79.899,79.3113,79.7733,683852
2016-06-02,79.3683,80.3552,79.0626,80.2883,817748
2016-06-03,79.899,79.9315,79.211,79.6504,703570
2016-06-06,79.5777,80.5763,79.2357,80.3208,743654
2016-06-07,80.5851,80.9931,80.4289,80.7355,422198
2016-06-08,80.7601,81.1012,80.6765,80.9173,504725
2016-06-09,80.4456,80.8534,79.9492,80.5379,605423
2016-06-10,80.1311,80.2824,79.5256,79.9315,400024
2016-06-13,79.5177,79.845,78.7058,78.7905,593648
2016-06-14,78.465,79.2681,78.465,79.1698,636984
2016-06-15,79.2681,80.1713,79.219,79.4843,528565
2016-06-16,79.1698,80.2225,78.9132,80.0062,529601
2016-06-17,80.0485,80.5536,79.7733,80.2736,875996
2016-06-20,81.0913,81.4647,80.7837,80.8534,482024
2016-06-21,81.0255,81.0334,80.5616,80.8014,464532
2016-06-22,81.0334,81.4647,80.936,81.1317,589109
2016-06-23,82.0044,82.3574,81.6309,82.3377,409851
2016-06-24,79.6504,80.8358,79.6504,80.2225,1435435
2016-06-27,79.616,79.6426,77.9461,78.9467,820111
2016-06-28,79.5177,80.94,79.2267,80.6855,921564
2016-06-29,81.3823,82.317,81.1759,82.1539,627626
2016-06-30,82.5824,83.8867,82.1106,83.869,1218531
2016-07-01,83.6528,84.8735,83.4207,84.6071,920243
2016-07-05,84.4194,84.554,83.1869,83.8268,1094045
2016-07-06,84.1825,86.1267,83.8336,85.5291,1577850
2016-07-07,85.7001,86.111,84.6641,85.2637,922392
2016-07-08,86.162,86.9926,85.6588,86.9602,591141
2016-07-11,87.3582,87.7258,87.0014,87.1577,562401
2016-07-12,87.2885,87.776,86.8196,87.1155,810018
2016-07-13,87.4339,87.4339,86.1365,86.449,931061
2016-07-14,86.5699,86.7764,85.761,86.0008,848388
2016-07-15,86.1797,86.1797,84.9747,85.2823,808904
2016-07-18,85.1791,85.2637,84.2847,84.4715,1094633
2016-07-19,82.834,83.9221,81.4462,82.6168,1974098
2016-07-20,82.6482,83.4562,82.3917,82.8419,961078
2016-07-21,82.834,82.8478,81.6476,81.8206,767748
2016-07-22,81.7371,82.8497,81.5219,82.7484,681378
2016-07-25,82.5912,83.2203,82.4114,83.2203,639148
2016-07-26,82.9785,83.7785,82.9785,83.6695,708853
2016-07-27,83.8042,84.443,83.4856,84.269,884094
2016-07-28,83.9692,85.1791,83.6331,85.0209,978435
2016-07-29,84.7251,84.9747,84.0547,84.6809,985158
2016-08-01,84.5797,84.5983,83.7608,84.4715,680037
2016-08-02,84.3152,84.5039,83.2036,83.3038,573121
2016-08-03,83.2124,83.4385,82.6265,83.4385,552006
2016-08-04,82.0271,83.8867,82.0271,83.4955,606904
2016-08-05,83.8405,84.4804,83.7323,84.2434,506849
2016-08-08,84.6229,84.8037,83.9221,84.04,864736
2016-08-09,83.8189,84.0872,83.355,83.4562,446164
2016-08-10,83.6164,83.9221,83.355,83.8336,811063
2016-08-11,84.1982,84.8204,83.9761,84.4892,789977
2016-08-12,84.3959,84.3959,83.7884,84.0686,501351
2016-08-15,84.0616,85.0936,84.0223,84.9167,480848
2016-08-16,85.0505,85.1871,84.269,84.5295,477690
2016-08-17,84.3349,84.9934,84.2533,84.8912,484202
2016-08-18,84.8037,85.6224,84.7083,85.6156,500984
2016-08-19,85.3325,86.1463,85.1291,85.9753,767626
2016-08-22,85.7522,85.992,85.1035,85.2923,631679
2016-08-23,85.3158,86.2407,85.1791,86.162,801576
2016-08-24,86.1012,86.6821,85.8642,86.51,616632
2016-08-25,86.1797,86.6122,85.9242,86.2839,648917
2016-08-26,86.2584,86.8196,85.1958,85.5802,606221
2016-08-29,85.6421,87.1155,85.5802,87.0526,553232
2016-08-30,87.0624,87.0908,85.7709,85.9075,731776
2016-08-31,85.6657,85.6657,84.787,85.1634,957845
2016-09-01,85.3158,85.5114,84.6729,85.3237,639607
2016-09-02,86.171,86.171,85.3659,85.6588,549030
2016-09-06,85.59,85.8809,84.0312,84.207,865089
2016-09-07,84.2621,84.3074,83.1869,83.6164,1060443
2016-09-08,83.5152,83.5604,83.0374,83.1357,627898
2016-09-09,82.5205,82.5431,80.8544,80.8623,1005973
2016-09-12,80.3601,82.2708,80.0858,82.1716,771621
2016-09-13,81.5946,82.0447,80.8377,80.9538,1106391
2016-09-14,81.1267,81.5267,80.478,80.654,859096
2016-09-15,80.3768,80.9282,80.2283,80.7767,1231801
2016-09-16,80.4858,81.3105,80.0022,80.995,943109
2016-09-19,81.2004,82.7534,80.8367,82.2187,725198
2016-09-20,82.6512,83.0453,82.1883,82.3277,595811
2016-09-21,82.4359,83.3677,82.4054,83.3126,504918
2016-09-22,83.5918,84.9305,83.4856,84.5983,989140
2016-09-23,84.1206,84.2533,82.1499,82.2187,914162
2016-09-26,81.7184,82.3897,81.5946,82.1273,596600
2016-09-27,82.1883,83.7323,82.1883,83.7097,770905
2016-09-28,83.6331,84.1422,83.3392,83.9849,647881
2016-09-29,83.869,84.2159,82.9785,83.0197,645359
2016-09-30,83.3766,84.0686,83.3647,83.7422,786753
2016-10-03,83.012,83.4955,82.5785,83.2301,843937
2016-10-04,83.1456,83.6528,81.745,82.0271,578014
2016-10-05,82.4673,82.7602,82.1883,82.4616,782565
2016-10-06,82.1548,82.8861,81.6703,82.723,649984
2016-10-07,83.3225,83.3225,81.5866,81.9288,519978
2016-10-10,82.32,82.5293,81.9533,82.0546,290392
2016-10-11,81.7696,81.9199,81.0285,81.111,528739
2016-10-12,81.7027,82.2462,81.0785,81.7783,374517
2016-10-13,81.1797,81.5946,80.5526,81.452,540950
2016-10-14,81.8197,82.2541,81.5699,81.7105,422253
2016-10-17,81.4943,81.9121,81.2279,81.5632,701451
2016-10-18,82.1951,82.5057,80.2608,80.3276,1007298
2016-10-19,77.2847,78.8267,75.5173,76.799,3328511
2016-10-20,76.5346,76.5514,74.0381,74.6239,1685334
2016-10-21,74.0833,75.6747,73.7895,75.5253,1413858
2016-10-24,75.9921,76.5809,75.6579,75.8839,940539
2016-10-25,75.4604,75.8339,75.2431,75.4417,999780
2016-10-26,75.2825,76.0088,75.192,75.9184,681630
2016-10-27,76.1828,76.1828,74.2906,74.3251,1085436
2016-10-28,74.4833,75.6265,74.4352,74.901,718152
2016-10-31,75.1094,75.6265,74.6996,75.5253,901714
2016-11-01,75.7591,75.7591,73.7825,74.1993,905539
2016-11-02,74.0922,74.559,73.4837,73.7345,905988
2016-11-03,73.8917,74.1059,73.0985,73.292,807182
2016-11-04,73.5133,73.9506,73.0159,73.0896,791478
2016-11-07,74.1325,74.1827,73.3343,73.8917,1037960
2016-11-08,73.7825,74.1393,73.3982,73.9596,757135
2016-11-09,72.666,75.251,72.207,75.1832,1200953
2016-11-10,75.5253,78.8425,75.5253,77.954,2321012
2016-11-11,77.6443,79.0174,77.6443,78.8847,986188
2016-11-14,79.0174,80.4437,78.9191,80.1605,1329424
2016-11-15,80.3365,81.1356,79.2444,80.1035,1013140
2016-11-16,79.8283,80.3669,78.9949,79.4932,705547
2016-11-17,79.5687,79.5687,78.5594,78.868,1048097
2016-11-18,78.7865,79.0941,78.352,78.8267,1246162
2016-11-21,78.9427,80.2795,78.8425,80.0022,774012
2016-11-22,80.3365,81.1543,80.0199,81.0098,602580
2016-11-23,80.7767,81.5866,80.7611,81.1267,623700
2016-11-25,81.2102,81.745,80.7767,81.6192,272462
2016-11-28,81.3616,81.6604,80.5291,80.9106,736072
2016-11-29,80.9106,81.1346,80.2795,80.4937,601721
2016-11-30,80.4122,81.1543,80.2096,80.2283,1238970
2016-12-01,80.1684,81.3518,80.0858,80.2196,850583
2016-12-02,80.2853,80.8761,79.6357,79.8283,607353
2016-12-05,80.243,81.5454,80.2283,81.1611,704508
2016-12-06,81.1867,81.6791,80.5526,81.2791,733562
2016-12-07,81.51,83.8268,81.4275,83.7785,689263
2016-12-08,83.5239,83.7608,82.5411,82.9706,735194
2016-12-09,82.7524,83.3804,82.1755,82.7849,890980
2016-12-12,82.6285,82.722,81.7361,82.4339,788050
2016-12-13,82.722,83.869,82.3249,83.7884,1105729
2016-12-14,83.4906,83.869,82.0654,82.1902,915653
2016-12-15,82.0585,83.0138,81.7902,82.3858,642783
2016-12-16,82.5942,83.1976,81.9552,82.2393,908909
2016-12-19,82.4586,82.9107,82.0074,82.7307,507675
2016-12-20,83.0876,83.4454,82.5853,82.8625,521407
2016-12-21,82.6856,83.2066,82.1066,82.1156,521248
2016-12-22,82.2069,82.2393,80.6481,81.0589,609365
2016-12-23,81.2329,81.8972,81.1464,81.3341,299551
2016-12-27,81.3341,82.0398,81.3341,81.9062,308859
2016-12-28,82.0811,82.1313,80.8574,80.8879,404239
2016-12-29,80.9153,81.2506,80.5213,80.9586,446008
2016-12-30,81.1414,81.3675,79.6396,80.192,727641
2017-01-03,80.9331,81.0334,79.2544,80.2696,772111
2017-01-04,80.7385,81.5179,80.5389,81.5179,646842
2017-01-05,80.8956,81.1926,80.3442,81.1414,493891
2017-01-06,81.1317,81.2426,80.6559,80.7139,476793
2017-01-09,80.6874,80.9901,80.2096,80.6205,724012
2017-01-10,80.6628,82.0074,80.3099,81.6545,560480
2017-01-11,81.5179,81.9159,81.1975,81.8216,558650
2017-01-12,81.6801,82.4339,80.9901,82.3307,651708
2017-01-13,82.3858,83.1309,82.3858,82.7397,600594
2017-01-17,82.4409,83.0787,81.3675,81.8875,832555
2017-01-18,81.7803,83.5849,81.5542,83.3421,1025733
2017-01-19,83.3255,84.2759,82.5352,83.1889,922271
2017-01-20,83.3804,83.9604,83.064,83.7166,792269
2017-01-23,82.1066,82.4202,80.3011,80.7887,1491297
2017-01-24,81.0058,81.7194,80.6392,81.3508,1089757
2017-01-25,81.7538,82.4024,81.5866,82.0968,760480
2017-01-26,81.7902,82.2944,80.7562,81.5366,997849
2017-01-27,81.8796,81.9307,80.8486,81.1414,780642
2017-01-30,81.2426,81.51,80.3601,81.4854,726527
2017-01-31,81.1975,81.7803,80.4347,81.2594,810841
2017-02-01,81.3253,82.14,80.4122,80.8653,723569
2017-02-02,80.88,81.4697,80.6392,81.1002,436763
2017-02-03,81.2073,81.8452,81.0235,81.5366,567605
2017-02-06,81.3921,82.0968,81.2575,81.5946,551783
2017-02-07,81.6713,82.0487,81.0235,81.3921,444253
2017-02-08,81.4108,83.1554,81.3233,83.1309,1031911
2017-02-09,83.1142,84.0223,83.0207,83.6616,634011
2017-02-10,83.7166,83.869,83.0473,83.752,575893
2017-02-13,83.9378,84.1511,83.1485,83.8405,623595
2017-02-14,83.064,83.9141,83.006,83.6528,587979
2017-02-15,83.5987,84.04,83.4335,84.04,581287
2017-02-16,84.1334,84.4528,82.6944,83.2891,843229
2017-02-17,83.1386,84.4981,83.064,84.4981,1075008
2017-02-21,84.4331,84.6897,80.8731,81.9799,1814196
2017-02-22,81.402,81.7705,80.4691,80.5693,1078052
2017-02-23,80.5693,80.5693,79.6396,79.7399,1202529
2017-02-24,79.4794,80.8141,79.4047,80.7887,801573
2017-02-27,80.8141,81.1769,80.2373,80.7306,793972
2017-02-28,80.4347,80.6205,79.9758,80.3365,905616
2017-03-01,81.0334,81.6369,80.7709,81.0589,845268
2017-03-02,80.997,81.0138,80.2932,80.4691,722976
2017-03-03,80.479,80.5693,79.211,79.4863,934075
2017-03-06,79.2032,79.4794,78.8994,79.0499,788787
2017-03-07,78.9251,79.0341,78.4296,78.4965,648947
2017-03-08,78.4679,79.1265,78.4336,78.755,658850
2017-03-09,78.8484,78.9309,78.4679,78.5869,910262
2017-03-10,78.8827,79.1345,78.4336,78.8052,770084
2017-03-13,78.8052,79.6592,78.5191,79.5934,874128
2017-03-14,79.4322,79.7771,79.1963,79.5246,576196
2017-03-15,79.6435,79.9128,79.1197,79.4411,980312
2017-03-16,79.8126,80.0917,79.3801,79.7025,486082
2017-03-17,79.9649,80.3188,79.4656,80.2373,1530510
2017-03-20,80.2785,80.2785,79.5807,79.7536,544754
2017-03-21,80.0229,80.0229,78.6292,78.8827,817504
2017-03-22,78.9309,79.0941,78.3766,79.0253,618504
2017-03-23,78.9309,79.3232,78.3845,79.0076,605406
2017-03-24,79.0597,79.27,78.3423,78.4926,627757
2017-03-27,78.0454,78.4877,77.8341,78.4248,539760
2017-03-28,78.0886,78.9969,77.8615,78.7137,611055
2017-03-29,78.6026,79.0253,78.0287,78.35,1057116
2017-03-30,78.297,79.2277,77.8173,78.0719,598985
2017-03-31,78.0287,78.8671,77.7229,78.1289,810630
2017-04-03,78.2075,78.2075,75.4437,76.3803,1539037
2017-04-04,76.1347,76.6497,75.8899,76.118,1077203
2017-04-05,76.2703,77.1657,76.0333,76.2889,959172
2017-04-06,76.3705,76.6428,75.8034,76.3616,692506
2017-04-07,76.1612,76.6084,75.9478,75.9734,488805
2017-04-10,76.0924,76.9799,75.8633,75.9154,816621
2017-04-11,75.8211,76.6084,75.5419,76.6084,820642
2017-04-12,76.2172,76.2889,75.3974,75.6018,842581
2017-04-13,75.4909,76.1347,75.1439,75.197,727531
2017-04-17,75.3492,76.2025,75.3492,76.1769,959570
2017-04-18,75.9311,76.6998,75.5086,76.2093,1282138
2017-04-19,78.5368,80.3099,77.3721,77.7072,2258100
2017-04-20,77.9098,78.7805,77.8754,78.5437,1164422
2017-04-21,78.5437,79.0675,78.2871,78.7196,855301
2017-04-24,79.4488,79.4488,78.3423,79.1345,1109641
2017-04-25,79.567,79.9738,78.6459,78.874,753143
2017-04-26,79.1197,79.3801,78.5535,78.7383,787562
2017-04-27,78.9241,79.3801,78.5368,78.9074,881621
2017-04-28,78.9241,78.9241,77.091,77.8016,1835485
2017-05-01,77.954,77.954,76.8806,77.2246,913504
2017-05-02,77.2847,77.8478,77.1578,77.8409,784131
2017-05-03,77.9018,77.9598,77.3111,77.8341,856902
2017-05-04,77.8271,78.2557,77.5136,77.9933,965387
2017-05-05,78.1289,78.3992,77.6404,78.3992,700954
2017-05-08,78.4159,78.5614,77.9598,78.2409,567592
2017-05-09,78.3333,78.6193,77.9687,78.4847,527297
2017-05-10,78.4847,78.4847,77.8094,78.4512,749237
2017-05-11,78.0454,78.0454,76.6831,77.6561,682712
2017-05-12,77.4459,77.5825,76.9445,77.3111,610354
2017-05-15,77.376,78.5191,77.2148,77.664,1014388
2017-05-16,77.8566,77.8566,76.7912,77.3946,614175
2017-05-17,77.0733,77.6807,76.6742,77.0477,954416
2017-05-18,77.0379,78.062,76.8708,77.4871,999951
2017-05-19,77.5471,78.1888,76.6585,77.8851,2979136
2017-05-22,77.9018,78.5112,77.8478,78.1711,798000
2017-05-23,77.2757,77.4871,75.711,76.6428,1632275
2017-05-24,76.3184,76.8,75.9478,76.2359,1073292
2017-05-25,76.5072,77.376,76.118,77.2404,723517
2017-05-26,77.3594,79.3801,77.1932,78.8671,1352858
2017-05-30,78.6803,79.1197,77.7573,78.2409,1221925
2017-05-31,78.2409,78.3845,77.8173,78.3068,1406547
2017-06-01,78.6636,79.7674,78.2204,79.567,806624
2017-06-02,79.7182,80.192,79.4361,79.7113,949503
2017-06-05,79.5846,79.8038,79.1029,79.2887,717687
2017-06-06,79.0007,79.0007,77.5274,77.8851,845451
2017-06-07,77.4802,78.4435,77.4802,78.2223,759985
2017-06-08,78.2301,78.2636,77.319,77.4123,713888
2017-06-09,77.4616,78.1102,77.1223,78.0247,813028
2017-06-12,78.0247,79.567,78.0247,79.1835,664674
2017-06-13,79.1934,80.0189,78.6479,79.9413,680005
2017-06-14,79.5846,80.997,79.5236,80.2834,934545
2017-06-15,79.8313,80.8859,79.7035,80.7758,724580
2017-06-16,80.6735,81.4667,79.847,81.4333,1589788
2017-06-19,81.6279,81.6545,79.5492,79.6259,1154069
2017-06-20,79.2101,79.2248,77.5903,77.7329,1029761
2017-06-21,77.7613,77.9235,76.3105,76.5582,1143869
2017-06-22,76.5102,76.7803,75.8102,76.3725,1079837
2017-06-23,76.3558,77.4379,76.0413,77.2847,2635286
2017-06-26,77.4979,78.0856,77.1745,77.6434,682368
2017-06-27,77.5815,78.1869,77.1313,77.376,767454
2017-06-28,77.7525,78.9634,77.6531,78.3058,740512
2017-06-29,78.358,78.6891,77.2669,77.608,740874
2017-06-30,77.8301,79.4125,77.6747,79.0046,971541
2017-07-03,79.039,80.0347,78.349,79.7684,635283
2017-07-05,78.2773,78.8651,75.6402,75.9381,2134720
2017-07-06,74.1836,75.4534,73.4268,73.8779,2007589
2017-07-07,73.9633,74.4322,73.6902,73.9801,960775
2017-07-10,73.7747,73.9456,72.2847,72.4792,1651512
2017-07-11,72.4458,72.6769,71.3923,71.7716,1299337
2017-07-12,71.9278,72.0379,71.1682,71.5416,1709139
2017-07-13,71.5868,71.6211,70.5292,71.2871,2876205
2017-07-14,71.5504,71.6526,70.9302,70.9892,1325838
2017-07-17,71.0747,72.0812,71.0659,71.6054,1317638
2017-07-18,71.4845,71.7716,70.4102,70.7022,1552807
2017-07-19,70.8968,70.9892,70.199,70.657,3628041
2017-07-20,70.199,71.7981,68.8691,69.5748,2944854
2017-07-21,69.9925,71.0491,69.8393,70.4437,1978815
2017-07-24,70.3768,70.4289,69.4156,69.6781,1134619
2017-07-25,70.0082,71.2684,69.9435,70.9646,1227160
2017-07-26,71.0747,71.1682,70.5126,70.5292,1139561
2017-07-27,70.7022,72.3889,70.4968,72.2178,1437551
2017-07-28,72.1658,72.5844,70.9302,71.4845,1140446
2017-07-31,71.6301,72.4301,71.6044,72.3367,2320165
2017-08-01,72.4016,72.6601,71.399,72.3613,1136865
2017-08-02,72.0969,72.5844,71.8178,71.9092,769938
2017-08-03,71.8178,72.3466,71.5681,71.6389,658520
2017-08-04,71.8011,71.9092,71.2871,71.4393,607232
2017-08-07,71.458,71.8994,71.1602,71.6693,514359
2017-08-08,71.7313,72.0478,70.9646,71.0747,633880
2017-08-09,70.9468,71.2546,70.6158,71.1012,764305
2017-08-10,70.6757,70.8673,69.9169,70.0869,652860
2017-08-11,69.9355,70.6305,69.9266,70.5292,552294
2017-08-14,70.9468,71.4767,70.4526,71.348,798217
2017-08-15,69.8393,70.0958,68.0179,68.5448,2579883
2017-08-16,68.9791,70.3337,68.76,70.0534,1073060
2017-08-17,70.0437,70.7357,69.3566,69.4038,865231
2017-08-18,69.2199,69.8156,69.166,69.5,820516
2017-08-21,69.6279,70.7857,69.2879,70.4102,1186160
2017-08-22,70.657,70.8624,70.0082,70.3857,742559
2017-08-23,70.1459,70.5203,69.908,70.3237,567911
2017-08-24,70.657,70.9558,70.0181,70.2511,781616
2017-08-25,70.3936,71.4305,70.3936,70.9468,605920
2017-08-28,71.1012,71.1435,70.2225,70.6491,483544
2017-08-29,70.137,70.5469,69.6633,69.6938,637751
2017-08-30,69.7291,70.7307,69.5257,70.6058,729963
2017-08-31,70.6158,71.1602,70.479,70.5469,1218245
2017-09-01,70.8889,71.6526,70.7759,71.408,519848
2017-09-05,71.1435,72.3269,71.1435,71.8079,998977
2017-09-06,72.089,72.6955,71.9052,72.6601,1052433
2017-09-07,72.7977,72.7977,72.1342,72.4969,1073624
2017-09-08,72.5746,73.5516,72.3859,73.2773,867115
2017-09-11,73.5614,74.2554,73.2498,73.6803,876061
2017-09-12,73.8544,74.7969,73.7914,74.2131,1122932
2017-09-13,74.1697,74.6505,73.9693,74.6426,647904
2017-09-14,74.6249,74.6249,73.8789,74.1697,597220
2017-09-15,74.1118,74.4637,73.8611,74.392,1056150
2017-09-18,74.5905,74.6769,74.1954,74.5905,852089
2017-09-19,74.8411,74.907,72.8391,73.7158,1368268
2017-09-20,73.8544,74.901,73.6902,74.4538,1019220
2017-09-21,74.5217,74.6986,74.0675,74.1354,475573
2017-09-22,74.2406,75.6392,74.2229,75.535,919370
2017-09-25,83.2891,83.8326,79.502,80.0337,4979585
2017-09-26,80.4466,82.1194,80.3001,80.8417,2054980
2017-09-27,80.8338,81.4255,79.7752,81.0992,1513205
2017-09-28,80.654,81.854,80.5813,81.7243,972794
2017-09-29,81.9651,82.4634,81.5886,82.1194,858908
2017-10-02,81.9819,82.9972,81.51,82.7407,849653
2017-10-03,82.7407,82.8851,81.8717,82.3789,654638
2017-10-04,82.205,82.2207,81.6309,81.9819,759539
2017-10-05,81.8275,82.2492,81.5632,82.2393,839500
2017-10-06,81.9327,82.2905,81.7773,82.0339,664447
2017-10-09,82.2128,82.2855,81.6496,81.7155,518720
2017-10-10,81.8275,82.4064,81.7008,82.0104,801193
2017-10-11,82.0851,82.4064,81.7331,81.9917,800052
2017-10-12,81.9327,82.5844,81.399,82.3032,561591
2017-10-13,82.317,82.8516,82.0004,82.3032,614867
2017-10-16,82.3101,82.5391,81.8972,82.4291,421582
2017-10-17,82.6433,83.296,82.549,83.1593,712744
2017-10-18,83.64,84.6691,83.3579,84.1727,1439392
2017-10-19,79.2691,79.4076,75.6569,77.0211,3103901
2017-10-20,76.9612,76.9612,75.6678,76.0933,1859595
2017-10-23,76.1454,77.1578,75.8181,76.6428,1734841
2017-10-24,77.0211,77.5529,76.2663,76.3331,1357869
2017-10-25,76.4276,76.5475,75.6048,75.9468,810518
2017-10-26,75.9391,77.2964,74.9788,76.7529,1142213
2017-10-27,76.4982,76.5867,75.5096,75.8516,875252
2017-10-30,75.4054,76.059,75.2588,75.5861,719699
2017-10-31,75.6894,76.1709,75.3974,75.7503,663412
2017-11-01,76.2398,76.2398,75.0122,75.0614,720115
2017-11-02,75.0042,76.2212,74.2229,76.0078,727062
2017-11-03,76.0255,76.1542,75.3473,75.3797,661052
2017-11-06,75.5793,75.5793,74.6859,74.9158,662683
2017-11-07,74.849,75.3837,73.8789,74.2042,848800
2017-11-08,74.4008,74.5217,73.6902,73.8544,1491756
2017-11-09,73.5614,74.103,73.1486,73.4572,1182811
2017-11-10,73.0277,74.1443,72.9776,73.3629,1430540
2017-11-13,73.0277,73.8357,72.8311,73.2253,1098605
2017-11-14,73.8887,75.019,73.646,73.8444,828165
2017-11-15,73.3305,73.5624,72.8311,72.9776,765465
2017-11-16,73.1654,73.8887,72.7259,73.8267,829713
2017-11-17,73.7914,74.5217,73.6636,73.9476,667082
2017-11-20,73.9476,74.3428,73.7492,74.0578,605602
2017-11-21,74.3516,74.3516,73.2095,73.7914,1231904
2017-11-22,73.7914,74.8933,73.7649,74.617,455177
2017-11-24,74.6328,74.7291,74.1874,74.557,287523
2017-11-27,74.6593,75.3306,74.6249,75.2274,786765
2017-11-28,75.251,76.7627,75.251,76.7028,1106054
2017-11-29,76.8128,78.8759,76.8128,78.5574,1121957
2017-11-30,78.5831,79.9945,78.3933,79.8205,1505641
2017-12-01,79.9237,80.1291,78.1033,79.7251,1278986
2017-12-04,80.1448,80.8515,80.0858,80.6688,1187688
2017-12-05,81.3488,81.7676,80.1881,80.8417,1064093
2017-12-06,80.8996,81.1788,80.1979,80.4614,1565164
2017-12-07,80.3158,81.5699,80.3158,81.1197,1527234
2017-12-08,81.4403,82.1323,81.0569,82.0281,895419
2017-12-11,81.8059,81.8462,80.423,80.8544,822628
2017-12-12,81.0707,81.2594,79.849,80.1959,821948
2017-12-13,80.0652,81.1277,80.0652,80.6559,786261
2017-12-14,80.6009,80.7149,79.0705,79.1148,882852
2017-12-15,79.9532,80.7748,79.2013,79.5463,1472453
2017-12-18,80.3158,81.053,79.9404,80.8102,671458
2017-12-19,81.1474,81.2673,80.4367,80.4367,668692
2017-12-20,80.9134,81.0432,80.2373,80.6186,516197
2017-12-21,80.9311,81.797,80.6775,81.7518,705212
2017-12-22,82.1066,82.6265,81.7686,82.2541,873023
2017-12-26,82.1156,82.9893,82.0368,82.4959,392973
2017-12-27,82.5568,82.8163,82.2718,82.7407,497835
2017-12-28,82.7407,82.893,81.6654,82.5745,597647
2017-12-29,82.5057,82.9618,82.141,82.1686,572240
2018-01-02,82.6265,84.0006,82.6265,83.5239,1092659
2018-01-03,83.69,84.3014,83.4395,84.1491,748504
2018-01-04,84.4685,85.1349,83.8512,84.2434,752057
2018-01-05,84.3899,84.5197,83.1879,84.3181,787876
2018-01-08,84.5275,85.2371,84.3181,84.7339,966868
2018-01-09,84.8833,85.8771,84.8833,85.5743,1163651
2018-01-10,85.0986,86.171,85.0062,85.9626,1055631
2018-01-11,85.9546,88.1936,85.5566,88.1327,1025512
2018-01-12,88.1779,89.4273,87.89,89.329,1186477
2018-01-16,89.9767,90.7,88.8139,88.9014,1204881
2018-01-17,89.1608,89.7585,88.9201,89.4813,732544
2018-01-18,89.7221,89.7879,88.3362,89.0193,705984
2018-01-19,89.2061,90.3383,89.2061,90.0661,638826
2018-01-22,90.1674,90.1674,89.0723,90.0572,816065
2018-01-23,89.8381,90.7128,89.615,90.5841,627562
2018-01-24,90.8022,92.3199,90.2401,92.2088,840232
2018-01-25,91.622,92.3749,91.0313,91.9355,994683
2018-01-26,92.1271,93.0797,91.6957,93.0325,583459
2018-01-29,93.0325,93.174,92.3847,92.5509,670352
2018-01-30,92.2628,92.4594,90.6833,90.9674,779356
2018-01-31,91.1208,91.5767,89.2759,90.0042,2325390
2018-02-01,89.4183,90.2214,88.8856,89.27,1052380
2018-02-02,89.0723,90.0572,88.1327,88.3726,1261964
2018-02-05,87.6807,88.9299,86.1897,86.1974,1692348
2018-02-06,84.9964,87.028,83.8109,86.5337,1411933
2018-02-07,86.449,87.9735,85.7659,85.8514,1185928
2018-02-08,85.9046,86.8629,83.2655,83.2901,1677476
2018-02-09,83.9909,84.787,80.2746,83.9318,1492788
2018-02-12,84.8302,85.2813,83.4739,84.5108,1100336
2018-02-13,84.5707,84.8833,83.0915,83.6556,1272599
2018-02-14,83.2831,85.8947,83.0503,85.5743,1067031
2018-02-15,86.051,87.2786,85.246,87.2728,1132742
2018-02-16,86.9042,87.4161,85.704,86.336,1286026
2018-02-20,81.8727,83.7942,81.8727,81.8727,1978602
2018-02-21,81.6398,81.9769,79.9955,80.7228,1455164
2018-02-22,80.8938,82.0134,79.9532,80.3659,1127822
2018-02-23,80.7149,81.8127,80.1428,81.7518,949528
2018-02-26,81.9092,82.1863,81.165,82.0467,762433
2018-02-27,82.2718,82.3367,80.0485,80.0485,922227
2018-02-28,80.3257,80.8938,79.4086,79.4244,1128389
2018-03-01,79.3309,80.0967,78.2665,79.0528,1022029
2018-03-02,78.6105,78.9408,77.9697,78.5781,1176576
2018-03-05,78.1623,79.7281,77.8871,79.3733,790818
2018-03-06,79.5285,80.1193,78.7942,80.0219,851189
2018-03-07,79.2357,79.7163,78.6105,79.2691,805731
2018-03-08,79.5767,79.6062,78.6901,78.9034,785178
2018-03-09,79.4628,80.769,78.8415,80.7335,622620
2018-03-12,80.7335,81.1887,79.8627,80.5163,987156
2018-03-13,80.8397,81.0746,79.6986,79.958,720919
2018-03-14,80.2303,80.3512,78.6056,78.7825,948170
2018-03-15,78.9378,79.3319,78.3933,78.6696,822179
2018-03-16,78.8258,79.7448,78.3825,79.1305,4332235
2018-03-19,79.1225,79.8883,78.4473,78.8788,802750
2018-03-20,79.1825,79.5227,78.4512,79.1305,700911
2018-03-21,79.2091,79.6022,78.8415,78.869,630165
2018-03-22,78.3972,78.6863,76.6124,76.688,825886
2018-03-23,76.8835,77.3347,75.3572,75.4161,918555
2018-03-26,76.2269,77.4399,76.0098,77.2385,856264
2018-03-27,77.377,78.347,76.8659,77.2295,742641
2018-03-28,77.5873,78.3972,76.915,77.3004,1040021
2018-03-29,77.7269,78.8169,77.6513,78.3107,825901
2018-04-02,77.9293,78.2665,74.7891,75.6275,921876
2018-04-03,76.0472,76.8974,75.6442,76.8197,929147
2018-04-04,76.0874,78.3992,76.0777,78.2164,666971
2018-04-05,78.4936,79.4096,77.7269,79.0263,1160728
2018-04-06,78.694,79.2877,76.8384,77.8066,1626427
2018-04-09,78.005,78.4857,77.3101,77.4133,750249
2018-04-10,78.0856,79.3319,77.9392,78.7746,814257
2018-04-11,78.1987,78.5889,77.605,78.1534,490548
2018-04-12,78.4149,79.0469,78.3019,78.5654,627849
2018-04-13,80.4544,80.8486,77.7426,78.0326,875982
2018-04-16,78.3107,79.1658,77.8557,79.0263,845371
2018-04-17,79.1658,79.502,78.7039,79.0951,600496
2018-04-18,79.5227,80.1674,79.1305,79.6357,1088544
2018-04-19,77.4753,78.7285,75.8516,76.8285,2252884
2018-04-20,76.8384,77.2737,75.7394,76.4895,1425127
2018-04-23,76.395,77.5696,76.1828,77.3966,1317066
2018-04-24,77.5185,78.7373,76.7587,77.0556,1242196
2018-04-25,76.8571,77.9687,76.6978,77.4222,1117512
2018-04-26,77.7436,78.8965,77.2699,77.5696,1618167
2018-04-27,77.5018,79.4018,77.4881,79.2602,1319989
2018-04-30,79.505,79.5393,76.7686,76.9858,2232545
2018-05-01,76.9062,77.5785,76.1415,77.3004,1103950
2018-05-02,77.4753,77.7337,76.2644,76.6545,3949248
2018-05-03,76.8571,77.5342,76.3214,77.2472,2008749
2018-05-04,77.0211,78.7462,76.6713,78.3825,1096320
2018-05-07,78.3894,78.6144,77.719,78.2753,1071503
2018-05-08,78.5889,78.7127,77.7722,78.2576,1014278
2018-05-09,78.5211,78.8081,77.5097,78.6144,1219236
2018-05-10,78.7127,79.1305,78.4612,78.9476,578134
2018-05-11,78.8346,79.9325,78.4061,79.6524,661777
2018-05-14,79.6612,80.2637,79.3486,79.9767,531078
2018-05-15,79.7153,80.0022,79.4872,79.9147,1286986
2018-05-16,80.1498,80.9449,80.1498,80.5842,642246
2018-05-17,80.5084,80.996,80.3659,80.7777,606247
2018-05-18,80.8722,81.2034,80.2038,80.5163,740413
2018-05-21,80.996,81.6771,80.5683,81.5179,929511
2018-05-22,81.9986,82.6512,79.897,80.0022,2436962
2018-05-23,79.6435,79.9147,78.9299,79.4451,1121959
2018-05-24,79.2544,80.1408,78.5388,79.9767,687498
2018-05-25,79.8627,80.242,79.505,79.7408,532670
2018-05-29,79.2789,79.557,78.3393,78.7648,709014
2018-05-30,79.0784,80.423,78.7825,79.9247,732604
2018-05-31,79.8293,79.8293,78.6243,79.1393,1643294
2018-06-01,79.3486,80.3659,79.0607,79.7311,579233
2018-06-04,79.9767,81.2928,79.7585,81.0314,906605
2018-06-05,80.9538,81.6044,80.8121,81.3263,782666
2018-06-06,81.5277,82.138,81.3715,82.0516,679944
2018-06-07,82.199,83.2891,82.148,82.9382,1013599
2018-06-08,82.8429,83.1573,82.4281,83.1132,883049
2018-06-11,83.1052,83.9054,82.9382,83.7265,688854
2018-06-12,83.8788,83.8788,83.2714,83.5072,495361
2018-06-13,83.6685,83.755,82.6924,82.8851,555012
2018-06-14,83.1309,83.3166,82.5695,82.6315,631964
2018-06-15,82.551,83.6144,82.0614,83.5072,1451301
2018-06-18,82.9195,83.4297,82.5785,82.8429,641894
2018-06-19,82.2335,82.6384,81.8747,82.4792,583229
2018-06-20,82.6462,83.0522,81.797,82.6315,480846
2018-06-21,82.376,82.4084,81.1641,81.3291,551956
2018-06-22,82.1126,82.3947,81.514,81.7243,1736792
2018-06-25,81.4442,81.688,80.4437,81.0324,893969
2018-06-26,81.1906,81.514,80.8211,81.3046,691665
2018-06-27,81.5946,82.1912,80.6569,80.7335,735385
2018-06-28,80.6569,80.8909,80.0564,80.5733,1268224
2018-06-29,80.7414,81.5042,80.6274,80.6274,879787
2018-07-02,80.249,80.3208,79.3801,79.9423,600030
2018-07-03,80.2243,80.5999,79.556,79.6887,565937
2018-07-05,80.1881,80.2765,79.389,80.2677,831778
2018-07-06,80.0741,80.303,79.556,79.7064,1540753
2018-07-09,79.9787,82.2482,79.9787,81.462,914343
2018-07-10,81.5042,82.1203,81.2249,82.0614,866488
2018-07-11,81.6289,81.8226,80.6372,80.8653,652056
2018-07-12,81.462,81.6741,80.6805,81.1827,515644
2018-07-13,81.3655,82.2796,81.3391,81.9111,751611
2018-07-16,82.1843,82.4369,81.4963,81.9022,944451
2018-07-17,81.8658,82.834,81.2162,82.7288,908874
2018-07-18,82.8429,83.3265,81.8747,83.1219,1642183
2018-07-19,83.4739,85.826,82.1568,85.4681,1829392
2018-07-20,85.645,86.7224,85.2843,86.1345,1357954
2018-07-23,86.0992,86.8452,85.994,86.5807,1075944
2018-07-24,86.9689,87.4526,85.4681,85.9773,1351931
2018-07-25,85.8721,85.9429,84.0537,85.2028,1055810
2018-07-26,85.5114,86.337,85.4554,85.7405,607947
2018-07-27,85.6087,86.109,84.7673,84.9295,558365
2018-07-30,84.8076,85.5015,84.6071,84.7752,792012
2018-07-31,84.9845,85.6687,84.1688,85.475,1569562
2018-08-01,85.2746,85.591,84.9659,85.3355,959277
2018-08-02,85.1251,86.1345,84.9993,85.934,806837
2018-08-03,86.0922,86.7773,85.4681,86.1178,407328
2018-08-06,85.8809,86.51,85.6853,86.4156,418760
2018-08-07,86.6889,87.5076,86.5779,87.2246,492469
2018-08-08,87.0564,87.3808,86.8363,87.2511,577864
2018-08-09,87.4624,87.6993,87.194,87.2845,377683
2018-08-10,86.794,87.0811,86.0205,86.109,557104
2018-08-13,86.109,86.2319,84.7909,84.8351,627153
2018-08-14,85.3443,86.6182,85.3276,86.3203,607931
2018-08-15,85.826,86.452,85.1428,86.17,510547
2018-08-16,86.6801,87.0496,86.2054,86.4864,636861
2018-08-17,86.6092,87.0388,86.337,86.8648,456174
2018-08-20,86.907,87.5076,86.907,87.3838,630149
2018-08-21,87.4526,87.8222,87.2157,87.6472,476528
2018-08-22,87.6807,88.0148,87.0948,87.2078,592739
2018-08-23,87.3405,87.5853,86.9532,87.4801,429794
2018-08-24,87.5223,87.6905,86.6801,87.0761,469969
2018-08-27,87.5076,87.8663,87.1528,87.6993,459054
2018-08-28,87.6295,88.0541,87.3877,87.4978,734288
2018-08-29,87.548,88.116,86.7224,87.9451,641339
2018-08-30,87.7347,88.0717,86.7134,87.0309,441378
2018-08-31,87.0034,87.7681,86.8363,87.7081,657737
2018-09-04,87.539,88.062,87.1626,88.007,734837
2018-09-05,87.9451,88.9387,87.9451,88.8139,685476
2018-09-06,89.0449,89.7968,89.0449,89.5618,559413
2018-09-07,89.382,90.0415,89.0999,89.6956,745790
2018-09-10,90.1831,90.6273,89.8754,90.0661,582327
2018-09-11,89.8754,90.6273,89.5805,90.2214,568957
2018-09-12,90.2498,90.6736,89.7309,89.9767,529490
2018-09-13,90.2028,90.2312,89.5707,89.9128,480790
2018-09-14,89.9767,90.3286,89.6611,90.1584,562147
2018-09-17,90.0504,90.0956,88.9387,89.0723,607592
2018-09-18,88.6999,89.67,88.4335,89.6247,630444
2018-09-19,89.8665,89.9668,89.1972,89.382,510670
2018-09-20,89.5531,90.0219,88.8434,89.8036,643603
2018-09-21,90.0572,90.4032,89.2759,89.4724,1583901
2018-09-24,89.3554,89.3554,87.9293,87.9293,793833
2018-09-25,88.1859,88.1859,87.3464,87.3818,763002
2018-09-26,87.7622,88.6026,87.4791,87.9912,542998
2018-09-27,87.9205,88.6203,87.488,87.9824,509362
2018-09-28,87.8054,88.2664,87.6207,87.9391,576290
2018-10-01,88.116,88.2743,87.6207,87.8329,896025
2018-10-02,87.6718,88.8689,87.4969,88.5299,952846
2018-10-03,88.7617,89.0193,86.6663,86.6663,1184540
2018-10-04,86.6821,86.6821,86.0097,86.4776,697268
2018-10-05,86.3645,87.8506,86.3645,87.7867,1006118
2018-10-08,87.3101,88.403,87.196,88.2399,889041
2018-10-09,88.2998,88.4699,86.6997,86.7715,729902
2018-10-10,86.6564,87.4074,85.418,85.4967,810168
2018-10-11,85.5497,86.0932,83.808,83.8248,1185938
2018-10-12,85.0445,85.2018,83.3717,83.9151,1552975
2018-10-15,83.983,85.9399,83.7087,85.1527,1164004
2018-10-16,85.5497,86.0638,84.5855,85.8681,1072435
2018-10-17,85.6893,85.7001,83.0197,84.1698,1480109
2018-10-18,84.1785,89.4439,82.8262,89.1972,3244674
2018-10-19,89.5078,90.9202,88.9948,89.6513,1903031
2018-10-22,89.6877,89.8842,87.8329,89.1707,1275573
2018-10-23,88.2743,89.5167,87.4969,88.9751,1112925
2018-10-24,88.7617,90.0504,87.9116,88.0807,912273
2018-10-25,88.4512,90.1742,88.2497,89.0026,1269882
2018-10-26,88.4335,88.5574,86.452,87.196,1573778
2018-10-29,87.9745,89.3378,87.3947,88.2497,1004307
2018-10-30,85.9743,87.5126,85.9743,86.9926,2352026
2018-10-31,87.3464,87.5853,86.515,86.6289,3074638
2018-11-01,86.6387,87.1686,86.1601,86.5503,1918380
2018-11-02,87.4251,88.3637,85.2942,85.8318,3265289
2018-11-05,85.5674,87.3199,85.3561,86.7715,2974387
2018-11-06,86.6918,87.6207,86.6614,87.196,1145093
2018-11-07,87.4074,88.9014,86.9307,88.8768,1261218
2018-11-08,88.4964,90.0661,88.4964,89.4273,1100657
2018-11-09,89.2257,89.8036,88.6999,89.0114,1224919
2018-11-12,89.1972,89.7683,88.5849,88.7263,775710
2018-11-13,89.2061,90.6932,88.7952,89.7132,797814
2018-11-14,90.0858,91.1129,89.5432,90.1309,1146734
2018-11-15,89.4901,89.9953,87.8054,89.8754,1207048
2018-11-16,89.3643,90.7748,89.3554,90.5998,2747342
2018-11-19,90.0042,90.5743,89.1707,89.9393,1199476
2018-11-20,89.4096,89.6611,87.7779,88.0443,1142127
2018-11-21,88.7176,88.9948,87.9205,88.4787,874144
2018-11-23,88.0266,88.7087,87.5765,88.2222,266519
2018-11-26,89.1875,89.6956,88.2831,89.5167,917977
2018-11-27,89.5963,90.2666,89.2257,90.2498,573055
2018-11-28,90.3286,91.907,90.2588,91.907,666177
2018-11-29,91.4835,91.7331,90.7649,91.2043,638656
2018-11-30,91.2043,91.8333,90.9301,91.7508,1132586
2018-12-03,92.2088,92.4201,90.4465,92.1813,1599383
2018-12-04,92.5606,93.6772,91.0853,91.3389,1547915
2018-12-06,90.9773,91.0568,87.202,90.0317,1305973
2018-12-07,89.8665,90.7217,88.4207,88.6802,1091751
2018-12-10,88.8512,88.8512,86.7754,88.4856,772236
2018-12-11,89.1363,89.5432,87.7887,88.2968,1186207
2018-12-12,89.2159,89.8036,89.0351,89.1875,1148388
2018-12-13,89.09,89.7132,88.3411,89.1875,672115
2018-12-14,88.8512,89.4636,87.6128,88.1111,640931
2018-12-17,87.9853,88.057,85.4574,85.9723,1094906
2018-12-18,86.3557,87.2295,85.0121,85.7138,1000876
2018-12-19,85.9813,87.3082,83.9683,84.4479,943589
2018-12-20,84.04,84.5737,82.6757,83.5682,1647089
2018-12-21,83.4335,84.8863,82.9155,83.0424,1681022
2018-12-24,82.7642,83.2635,81.11,81.8285,654701
2018-12-26,82.2482,84.4862,81.2142,84.4675,742618
2018-12-27,83.6665,84.8135,82.2855,84.8135,865162
2018-12-28,85.1704,86.106,84.3142,85.0897,755453
2018-12-31,85.4377,85.8574,84.7172,85.5438,674430
2019-01-02,84.7172,85.3404,84.102,84.4479,874700
2019-01-03,84.1186,84.5373,82.8291,83.1042,1039688
2019-01-04,83.7353,84.3604,83.2016,83.5594,1008236
2019-01-07,83.5309,84.9374,83.353,84.2974,941171
2019-01-08,84.9128,85.4997,83.8502,84.7703,790168
2019-01-09,85.5271,86.2839,85.0799,85.7138,1333933
2019-01-10,85.4122,86.5699,85.0897,86.4707,753397
2019-01-11,86.2319,86.4707,85.25,85.6687,798327
2019-01-14,85.072,85.6077,84.5029,84.8775,1196155
2019-01-15,84.8047,86.2751,84.7801,86.1316,1009703
2019-01-16,85.6598,86.0255,85.2676,85.5713,814974
2019-01-17,85.2588,86.4893,85.0072,86.4707,912739
2019-01-18,86.7833,87.2905,85.9016,87.2462,1088047
2019-01-22,86.5601,87.0142,85.4819,86.2319,1512960
2019-01-23,86.4008,86.7665,85.5408,86.2929,477440
2019-01-24,86.2662,86.2662,84.5118,85.1182,819985
2019-01-25,85.8288,86.338,85.4022,86.2397,868340
2019-01-28,85.7856,86.3557,85.2155,86.338,800174
2019-01-29,86.4618,87.6393,86.0156,87.5941,930116
2019-01-30,87.8251,88.6448,87.4418,88.5829,961798
2019-01-31,88.458,89.0114,87.9695,88.9299,1474747
2019-02-01,88.9014,89.9128,88.5032,89.8754,1144704
2019-02-04,89.7781,90.5841,88.4394,90.3286,2739507
2019-02-05,90.876,91.3821,89.8036,91.3821,1552112
2019-02-06,91.4116,91.6397,90.9576,91.3478,1194437
2019-02-07,91.2869,92.0535,90.4749,91.6397,1150976
2019-02-08,91.221,91.6859,91.221,91.6132,1127681
2019-02-11,91.916,92.3582,91.6132,92.31,764838
2019-02-12,92.8762,94.1077,92.6068,94.0351,1116539
2019-02-13,94.2129,94.5501,93.8836,94.4016,1471247
2019-02-14,94.0615,94.495,93.806,94.1569,1021988
2019-02-15,94.8341,95.8592,94.4488,95.8494,1377835
2019-02-19,95.9566,97.8074,95.6175,97.2727,1663951
2019-02-20,97.5853,97.594,96.3802,97.2038,1964614
2019-02-21,96.9453,98.2693,96.4805,97.9154,1295853
2019-02-22,98.3086,98.7214,97.9843,98.7214,1204980
2019-02-25,99.2031,99.9407,97.594,97.6825,1373585
2019-02-26,98.5249,99.1151,97.7119,97.8171,944211
2019-02-27,97.5753,97.9941,96.5285,97.253,1007963
2019-02-28,97.1361,97.3798,96.3222,96.9158,1605745
2019-03-01,97.5164,97.5361,96.1482,97.2432,1029692
2019-03-04,97.5558,97.9351,95.9181,96.6642,1014094
2019-03-05,96.9847,97.2627,96.2554,96.5188,847354
2019-03-06,96.7998,96.7998,95.8406,96.0333,878307
2019-03-07,95.9281,96.1581,95.3206,95.8691,1502404
2019-03-08,95.5123,95.8691,94.7201,95.0434,775137
2019-03-11,95.0051,95.5408,94.7967,95.4346,948267
2019-03-12,95.7118,96.2269,95.4739,95.761,1263376
2019-03-13,96.0529,96.5384,95.7708,96.1482,615373
2019-03-14,95.8494,96.2937,95.3393,96.0922,783771
2019-03-15,95.8189,96.5777,95.4248,96.043,3494640
2019-03-18,96.1581,96.849,95.8887,96.274,935094
2019-03-19,96.5089,96.9945,95.7708,96.1875,818540
2019-03-20,95.8986,97.0436,95.8986,96.217,668805
2019-03-21,96.1679,98.1415,95.9477,97.8859,677786
2019-03-22,97.3502,98.0825,96.39,96.4283,627360
2019-03-25,96.4096,97.7119,96.0529,96.9847,907225
2019-03-26,97.7218,98.1219,97.3405,97.9646,564223
2019-03-27,98.1611,98.5936,97.6923,98.2693,639993
2019-03-28,98.6919,99.6352,98.5739,99.6054,571479
2019-03-29,99.9497,100.637,99.685,100.52,1030847
2019-04-01,101.1,101.572,100.647,101.474,696397
2019-04-02,101.179,101.454,100.637,100.933,892533
2019-04-03,101.11,101.434,100.727,101.021,1235513
2019-04-04,101.375,101.936,101.021,101.916,917821
2019-04-05,102.083,103.371,101.936,103.311,652489
2019-04-08,102.978,102.997,102.172,102.653,665169
2019-04-09,102.279,102.279,101.169,101.454,754306
2019-04-10,101.602,101.769,100.59,101.169,704409
2019-04-11,101.424,101.424,100.874,101.002,742457
2019-04-12,101.385,101.414,100.49,101.207,771284
2019-04-15,101.385,101.542,100.844,101.15,614794
2019-04-16,101.631,101.739,101.041,101.464,570165
2019-04-17,101.995,101.995,100.963,101.002,757680
2019-04-18,100.304,100.49,94.2405,94.6061,2399978
2019-04-22,94.2405,94.4203,92.1371,92.9951,1444213
2019-04-23,92.9027,94.7967,91.8235,94.4203,1428497
2019-04-24,94.5048,94.7486,93.0325,93.7961,836260
2019-04-25,93.4827,93.4827,91.9985,92.9223,954687
2019-04-26,93.1367,93.2476,92.3749,92.9313,667906
2019-04-29,92.7828,93.0698,92.0172,92.0259,974332
2019-04-30,91.8983,92.0456,91.277,92.0073,986646
2019-05-01,92.0259,92.0456,90.0661,90.1309,767815
2019-05-02,89.9953,92.6895,89.4135,91.511,3069416
2019-05-03,91.9985,92.255,90.8219,91.622,1414018
2019-05-06,90.4288,91.221,90.0415,90.9488,932003
2019-05-07,90.3482,90.8219,88.2349,88.9053,1017917
2019-05-08,88.8365,88.8621,87.7583,88.3952,1273824
2019-05-09,87.8389,88.5485,87.1883,88.3952,956748
2019-05-10,88.2881,88.8267,86.9326,88.4945,769377
2019-05-13,87.373,87.542,86.6821,87.0574,977772
2019-05-14,87.0574,87.5156,86.4737,86.8176,1002353
2019-05-15,86.3036,86.5739,85.4259,86.513,760237
2019-05-16,86.7803,88.0453,86.3851,87.5243,864008
2019-05-17,86.799,88.0817,86.799,88.0099,1148728
2019-05-20,87.7317,88.4306,87.3917,88.2055,1043115
2019-05-21,88.405,89.9128,88.2438,89.5531,911277
2019-05-22,89.5805,90.4189,89.2759,89.7407,824661
2019-05-23,89.3554,89.4763,87.7937,88.1436,631327
2019-05-24,88.5386,88.7018,87.4624,88.458,445283
2019-05-28,88.6203,88.8542,87.2206,87.2206,759706
2019-05-29,87.2747,87.8743,86.7803,87.7494,714889
2019-05-30,88.0001,88.7589,87.714,88.7373,601411
2019-05-31,87.8123,88.808,87.658,88.7373,904961
2019-06-03,88.8798,89.7781,88.3952,89.0223,872160
2019-06-04,89.5531,90.5565,89.3074,90.5104,604811
2019-06-05,91.0667,91.1041,89.9226,90.8219,797223
2019-06-06,91.0568,91.5011,90.7,90.986,621981
2019-06-07,91.4491,93.2379,91.1787,92.4693,985030
2019-06-10,92.7268,93.3971,91.6486,92.1813,475604
2019-06-11,92.6815,93.0797,92.3936,93.0235,493152
2019-06-12,93.2113,93.5465,92.4497,92.6068,556205
2019-06-13,92.9027,93.5092,92.4781,92.9784,505201
2019-06-14,93.3421,93.3421,92.3199,93.0521,405239
2019-06-17,93.1917,93.5662,92.3847,92.5606,463142
2019-06-18,92.8211,93.407,92.8211,93.0422,329586
2019-06-19,93.062,93.3685,91.6761,92.9223,496194
2019-06-20,93.4914,93.9574,92.8929,93.8257,608505
2019-06-21,94.3634,94.4291,93.3971,93.9957,1420168
2019-06-24,93.8257,94.3357,93.2939,93.9672,611704
2019-06-25,93.8836,93.8836,92.8762,93.4541,1113442
2019-06-26,93.3508,93.6497,92.1449,92.1636,567526
2019-06-27,92.2088,93.1367,92.0898,92.9685,521780
2019-06-28,93.2476,93.9199,92.8762,93.6408,1073519
2019-07-01,94.3437,95.0337,93.8257,94.5775,593568
2019-07-02,94.7486,94.8144,93.5662,94.6061,762124
2019-07-03,94.7781,95.9762,94.7584,95.9664,505276
2019-07-05,95.7413,95.9084,94.8341,95.4642,450005
2019-07-08,95.2341,95.761,94.9305,95.0337,549619
2019-07-09,94.8066,94.9108,93.9396,94.1667,1017936
2019-07-10,94.3437,94.7584,94.0154,94.1932,691884
2019-07-11,94.2788,94.3918,93.6674,93.9199,792574
2019-07-12,94.1077,95.301,94.1077,95.301,755446
2019-07-15,95.2911,95.5408,94.09,94.7486,719025
2019-07-16,95.1476,95.6273,94.6729,95.2448,755240
2019-07-17,94.8813,95.3963,92.1813,92.4112,1124193
2019-07-18,90.4032,90.644,87.2747,88.2419,2491987
2019-07-19,88.06,88.349,85.9713,86.0451,1552977
2019-07-22,86.0451,86.9592,85.6018,86.6043,1306636
2019-07-23,86.7596,87.7986,85.9713,87.6905,1085356
2019-07-24,87.7622,88.6389,87.2383,87.9618,925931
2019-07-25,87.9618,88.6221,87.6265,88.115,1086279
2019-07-26,88.2684,88.8611,88.006,88.5132,607964
2019-07-29,88.5042,89.091,88.233,88.9092,526171
2019-07-30,88.7736,88.9142,88.1504,88.5299,692087
2019-07-31,88.4955,89.0016,87.2246,87.7986,1271011
2019-08-01,87.6905,87.888,84.9777,85.4584,1113387
2019-08-02,85.2303,85.5015,83.3058,83.351,1017917
2019-08-05,82.5293,82.5293,80.6835,81.4353,1599373
2019-08-06,81.8953,83.0876,80.8829,82.9155,1052265
2019-08-07,81.8069,82.2669,81.054,81.8403,1143937
2019-08-08,82.1489,83.1662,81.9946,83.0876,917791
2019-08-09,83.2056,83.3058,81.5975,82.6532,754886
2019-08-12,82.0929,82.4644,80.6735,80.6874,458166
2019-08-13,80.2853,83.1436,80.1154,82.374,659708
2019-08-14,81.2073,81.4953,80.3129,80.3856,830417
2019-08-15,80.7473,80.9096,79.4794,80.3227,733176
2019-08-16,80.9734,81.4963,80.6588,81.1729,950208
2019-08-19,82.2669,82.2669,81.4963,81.6791,593831
2019-08-20,81.4068,81.5622,80.7375,80.9556,577605
2019-08-21,81.8314,82.0143,80.5321,81.2172,567331
2019-08-22,81.5522,81.8137,80.7424,81.1896,593835
2019-08-23,80.7924,81.2839,78.9574,79.3093,924089
2019-08-26,79.96,79.9689,78.8847,79.3909,571164
2019-08-27,79.8165,80.48,79.3182,79.4175,735279
2019-08-28,79.1206,80.5223,79.1206,80.0967,710904
2019-08-29,81.11,81.4894,80.5616,80.9911,1100055
2019-08-30,81.5975,82.1932,81.2712,81.6231,1108251
2019-09-03,81.4157,82.2375,81.0175,82.0841,864182
2019-09-04,82.2571,82.9618,82.2571,82.7986,672973
2019-09-05,83.4749,85.4701,83.3293,85.2893,1014218
2019-09-06,85.3679,86.1454,84.3869,85.9891,796959
2019-09-09,86.2544,87.1283,86.0982,86.91,681538
2019-09-10,87.0751,88.5878,86.7007,88.5878,638585
2019-09-11,88.4148,89.3889,87.5666,89.381,682707
2019-09-12,89.8351,90.1909,88.7245,88.8965,753064
2019-09-13,89.6641,90.362,89.3534,89.955,538426
2019-09-16,89.3534,90.0376,88.7962,89.2345,524971
2019-09-17,89.0704,89.4173,88.4187,89.327,449957
2019-09-18,89.2277,89.5442,88.5977,89.3986,499672
2019-09-19,89.5628,89.5628,88.233,88.4414,672556
2019-09-20,88.8149,89.8813,88.6595,88.8798,1266851
2019-09-23,88.6055,89.554,88.4876,89.1265,905464
2019-09-24,89.3358,89.7112,87.4201,87.5568,1173923
2019-09-25,87.9136,89.1982,87.5568,89.0803,865467
2019-09-26,89.0704,89.0704,87.7397,88.8149,612806
2019-09-27,89.5825,90.1811,89.1885,90.1811,656803
2019-09-30,90.3757,91.1404,89.963,90.7836,777724
2019-10-01,90.9389,91.221,88.6251,88.6251,1173547
2019-10-02,88.0954,88.1406,85.416,86.0166,985587
2019-10-03,85.7885,86.2819,84.6671,86.2544,512933
2019-10-04,86.3822,87.6217,85.8624,87.4575,521054
2019-10-07,87.1744,87.1744,86.1807,86.1807,587431
2019-10-08,85.3974,85.4337,84.2405,84.3683,728300
2019-10-09,85.1241,85.3158,84.4331,84.9875,762822
2019-10-10,85.0859,86.4008,84.9777,86.163,694871
2019-10-11,87.3562,89.2837,87.3405,88.3145,703444
2019-10-14,87.7307,88.7863,87.7307,88.2605,438902
2019-10-15,88.3235,89.845,88.1642,89.2807,836758
2019-10-16,89.0616,89.8911,88.8542,89.089,952309
2019-10-17,89.2345,91.9886,89.1795,90.1811,1176345
2019-10-18,90.1811,92.5696,89.6994,92.3936,1011964
2019-10-21,92.5046,93.1819,92.4398,92.8576,639780
2019-10-22,92.8576,94.5678,92.4497,94.1755,708395
2019-10-23,94.0999,95.1761,93.3421,95.015,775177
2019-10-24,95.1859,95.3884,94.4291,94.8538,828939
2019-10-25,93.4914,94.326,92.7553,93.4541,780649
2019-10-28,93.9022,94.7879,93.806,94.5048,419188
2019-10-29,94.2405,94.9108,93.7539,94.1273,615966
2019-10-30,93.8836,94.2974,93.4443,94.0615,568229
2019-10-31,94.0055,94.1273,92.5509,93.519,1022364
2019-11-01,94.4104,95.7217,93.9112,95.4542,840755
2019-11-04,95.8494,97.1655,95.6656,96.9847,882579
2019-11-05,96.9453,98.1317,96.9354,97.7504,602454
2019-11-06,97.9056,98.2299,97.2136,98.2104,530489
2019-11-07,98.6723,98.9765,96.8098,97.0043,798200
2019-11-08,96.7429,96.907,96.0233,96.7616,618367
2019-11-11,96.2072,97.0712,95.7315,96.7133,483567
2019-11-12,96.3516,96.3703,95.2626,95.4445,775938
2019-11-13,95.1389,95.4062,94.147,95.1192,637437
2019-11-14,94.5402,95.1948,94.1932,94.6444,617283
2019-11-15,95.1948,95.646,94.6729,95.5684,1153186
2019-11-18,95.4838,96.1581,95.0817,96.0627,836904
2019-11-19,95.702,96.043,95.072,95.3295,625551
2019-11-20,95.1761,95.3687,93.6576,94.1755,1014909
2019-11-21,94.6061,94.7486,93.4256,93.5013,654260
2019-11-22,93.7794,94.5588,93.3234,94.5501,525670
2019-11-25,94.8341,95.0337,94.1176,94.7879,621442
2019-11-26,95.0051,95.3295,94.3534,95.2145,727845
2019-11-27,95.3393,95.9664,95.2145,95.9084,558487
2019-11-29,95.7708,95.8986,94.9481,95.1389,334039
2019-12-02,95.2528,96.043,94.9481,95.4642,727834
2019-12-03,94.2315,94.2974,93.519,93.633,545467
2019-12-04,93.806,95.2145,93.806,94.5962,629248
2019-12-05,95.072,95.4445,94.0428,94.5775,482452
2019-12-06,95.301,95.7413,95.1289,95.2341,580627
2019-12-09,95.2341,95.6076,94.7486,95.4062,711952
2019-12-10,95.5781,96.043,95.1289,95.1859,560140
2019-12-11,95.3787,95.7708,94.7781,95.7413,538055
2019-12-12,95.7708,97.2333,95.5408,97.0809,891627
2019-12-13,97.0908,97.1841,95.588,96.5876,529633
2019-12-16,97.312,97.6923,96.5482,96.7429,809083
2019-12-17,96.9748,98.3381,96.8785,97.2333,699517
2019-12-18,97.5459,97.7022,96.6446,97.3405,942180
2019-12-19,97.6236,97.6236,96.1875,96.6063,666413
2019-12-20,96.9257,97.9547,96.5974,97.3307,1359979
2019-12-23,97.7799,98.1022,96.8982,97.827,494472
2019-12-24,97.7504,98.004,96.7616,96.907,263710
2019-12-26,97.1754,97.3405,96.447,97.3405,398787
2019-12-27,97.6628,97.9253,96.907,97.5656,443486
2019-12-30,97.827,97.9154,97.0613,97.3602,324142
2019-12-31,97.1361,97.7218,97.0613,97.5558,449384
2020-01-02,97.8958,98.1022,96.2454,97.1557,818840
2020-01-03,96.0136,96.3124,94.6355,95.7806,870122
2020-01-06,94.9668,95.2911,93.3785,93.7608,701397
2020-01-07,93.4158,94.5875,92.542,93.407,635069
2020-01-08,93.407,94.1932,93.0894,93.1367,650394
2020-01-09,93.2939,93.464,91.9612,92.5783,769948
2020-01-10,92.9313,92.9685,90.5281,90.8239,891285
2020-01-13,90.7315,91.6957,89.8764,91.5591,775188
2020-01-14,91.3821,91.9798,91.0892,91.8333,948680
2020-01-15,91.8235,92.5243,90.8239,91.1895,708785
2020-01-16,91.6486,93.2939,91.4215,93.2861,777512
2020-01-17,93.6674,94.4488,92.8762,94.4104,1037980
2020-01-21,93.7539,93.9396,92.7917,93.1367,1037149
2020-01-22,93.4354,93.7441,91.7871,92.0259,486783
2020-01-23,91.5297,92.1636,90.8239,91.9886,802965
2020-01-24,92.0898,92.199,89.7103,90.0602,715503
2020-01-27,89.0399,89.1255,87.8663,88.3068,821827
2020-01-28,88.9681,89.2807,88.1701,88.693,617290
2020-01-29,88.9594,89.9334,88.7028,89.2267,614618
2020-01-30,88.3068,89.1068,87.7454,88.9681,581116
2020-01-31,88.7923,88.9977,85.8357,85.9291,927508
2020-02-03,86.4785,87.7327,86.2132,86.5975,782062
2020-02-04,88.1052,89.2267,87.5725,87.6,734501
2020-02-05,88.3068,90.2263,88.2704,90.015,678814
2020-02-06,90.5477,90.6214,87.9028,88.2968,754958
2020-02-07,87.7651,88.0128,87.1676,87.5902,562405
2020-02-10,87.5538,87.7554,86.7174,87.37,463727
2020-02-11,87.4339,88.2242,87.0968,87.8929,536036
2020-02-12,88.2242,88.8679,87.8929,88.6645,497652
2020-02-13,88.1701,89.0498,87.8743,89.0399,506059
2020-02-14,89.0498,89.0596,87.8663,88.5918,698823
2020-02-18,88.4719,89.7251,88.0777,88.8592,1323813
2020-02-19,91.8333,93.6674,90.4592,91.2347,1506646
2020-02-20,90.6214,91.7685,89.9963,91.4735,817267
2020-02-21,90.9331,91.2731,88.1602,88.352,3027291
2020-02-24,86.517,88.8846,85.8171,87.9028,1504019
2020-02-25,88.068,88.068,84.4685,84.5235,1327914
2020-02-26,85.4967,87.0477,82.7593,82.8153,1430436
2020-02-27,81.687,83.4778,79.619,79.6278,1640033
2020-02-28,77.7642,80.2077,77.5165,80.1164,1881407
2020-03-02,80.3532,81.8069,77.7181,81.7686,1493802
2020-03-03,81.1719,82.377,78.2055,79.3074,1541827
2020-03-04,80.5104,82.0713,78.6733,81.9602,1049230
2020-03-05,79.6091,80.6117,78.1711,79.3576,1137004
2020-03-06,77.2256,78.6253,74.845,76.7627,1982674
2020-03-09,72.7801,75.9125,71.6753,74.2622,2042765
2020-03-10,76.977,79.672,75.5086,79.6091,1371666
2020-03-11,77.5687,79.1727,76.6241,77.7347,1613610
2020-03-12,72.8813,76.5219,69.6928,72.6876,2267943
2020-03-13,75.2893,75.8633,70.1203,73.4464,1731911
2020-03-16,65.5618,69.1148,64.8579,65.7376,1575641
2020-03-17,66.7568,71.2123,65.3199,71.2034,1578687
2020-03-18,66.8031,67.8873,56.4267,61.4767,1470928
2020-03-19,60.6954,61.4472,57.7516,59.5857,1682325
2020-03-20,60.3729,60.4928,50.9765,51.2832,2610084
2020-03-23,51.1732,51.3767,46.0307,46.5948,2383153
2020-03-24,48.7552,56.758,48.4663,56.3412,1818094
2020-03-25,56.4611,63.7257,55.4949,60.0201,1991880
2020-03-26,60.2707,64.1709,58.8239,63.5969,1743386
2020-03-27,60.4192,61.9574,58.6313,59.7253,1328988
2020-03-30,59.7253,62.2641,58.7522,61.2251,1187229
2020-03-31,60.6521,63.0415,59.8452,62.3841,2035561
2020-04-01,58.9261,59.6929,57.3614,58.13,1751003
2020-04-02,57.4351,59.9828,55.1283,56.8886,1502896
2020-04-03,56.6568,57.4361,53.6176,53.9813,1185101
2020-04-06,57.1393,62.6749,57.1393,62.1697,1656746
2020-04-07,66.0237,67.4615,63.1428,64.2643,1545289
2020-04-08,65.6816,68.1751,64.4323,67.8685,1297970
2020-04-09,69.3694,70.6167,65.6816,66.404,1992060
2020-04-13,66.1632,66.2654,63.5773,66.0522,1474770
2020-04-14,67.2749,69.0078,66.7942,68.7207,1077219
2020-04-15,65.9794,67.0891,64.3478,66.2654,991733
2020-04-16,65.9411,68.5172,65.4604,68.0809,1188030
2020-04-17,70.4427,72.2797,68.3217,69.165,1142538
2020-04-20,68.1664,69.8785,67.3172,67.8037,929640
2020-04-21,65.9883,66.8395,65.3759,65.8212,739328
2020-04-22,67.1471,68.0268,66.1632,67.5442,768511
2020-04-23,68.4425,69.4637,67.3416,67.7299,783475
2020-04-24,68.3217,70.026,67.8498,69.5188,947952
2020-04-27,70.137,72.4183,69.7351,71.8345,725407
2020-04-28,73.2518,74.8263,72.9363,73.3992,894632
2020-04-29,75.0494,77.1333,74.4745,76.0757,1014512
2020-04-30,74.9562,75.0868,72.5392,73.4552,1627373
2020-05-01,71.6025,71.9819,69.1187,69.6681,880004
2020-05-04,69.165,70.3513,68.6146,70.0751,722097
2020-05-05,70.7327,71.5102,69.3438,69.4903,932717
2020-05-06,69.4814,70.5174,65.5902,67.2749,1348069
2020-05-07,68.3589,70.2875,68.1094,68.3059,1167629
2020-05-08,69.509,71.0285,69.3193,70.825,745406
2020-05-11,70.1656,71.0207,68.3187,70.4074,997883
2020-05-12,70.4623,70.6806,68.7207,68.7207,1047922
2020-05-13,68.296,68.296,64.8579,65.4419,1090846
2020-05-14,64.161,65.7829,62.1874,65.7829,1249182
2020-05-15,65.0064,68.0994,64.2367,67.7476,2237517
2020-05-18,70.4161,72.4988,70.2875,71.6311,1012088
2020-05-19,71.574,72.9451,70.5469,70.7867,857107
2020-05-20,71.4266,72.5844,71.2319,71.5465,683105
2020-05-21,71.1022,71.918,69.8687,71.4826,691649
2020-05-22,71.4266,71.7608,70.6383,71.5465,571188
2020-05-26,73.8907,76.9858,73.6303,76.2908,1010988
2020-05-27,77.9225,80.9518,77.9225,80.8771,1082104
2020-05-28,81.0903,81.4423,77.9578,78.1152,769106
2020-05-29,77.2827,78.4867,76.4294,77.2827,983145
2020-06-01,77.3741,79.0793,77.0044,78.5515,774894
2020-06-02,79.4508,79.6259,78.0424,78.6351,751062
2020-06-03,79.7182,82.7741,79.0695,82.5922,986138
2020-06-04,81.6476,84.3959,80.5163,84.3584,1100844
2020-06-05,87.9755,89.2375,85.7228,86.2653,965197
2020-06-08,86.6682,89.1176,86.2839,87.4241,977320
2020-06-09,85.9203,86.1994,84.9,85.6843,619686
2020-06-10,85.8819,86.1906,82.7239,82.7416,739013
2020-06-11,79.5717,80.424,77.7062,78.1397,863055
2020-06-12,80.7021,81.17,78.2616,80.0112,875006
2020-06-15,77.4783,81.0108,76.7116,80.0386,1030322
2020-06-16,83.3215,83.808,80.9262,82.8055,803608
2020-06-17,82.7239,83.7216,81.6948,82.9078,743723
2020-06-18,82.0024,83.4975,82.0024,82.487,714529
2020-06-19,84.0872,85.0396,81.6182,81.8708,3053444
2020-06-22,81.6751,82.8891,80.0957,82.03,790604
2020-06-23,82.9362,83.6007,81.7883,82.6747,683314
2020-06-24,81.6948,81.8777,78.412,79.1511,875665
2020-06-25,78.5898,79.8804,77.8596,79.5148,621747
2020-06-26,79.3476,79.9552,77.8891,78.2075,1380235
2020-06-29,79.4125,81.6476,78.8052,81.3488,785202
2020-06-30,81.0481,81.7391,80.0199,81.2919,912124
2020-07-01,81.1797,81.7214,80.1881,80.3001,813909
2020-07-02,81.7783,83.1809,80.478,81.1797,745545
2020-07-06,82.4616,82.7859,80.9931,81.7489,474350
2020-07-07,80.769,81.8895,80.6845,81.1797,602050
2020-07-08,81.2456,81.5248,79.6936,80.5262,548272
2020-07-09,80.1054,80.3659,78.2174,78.9457,717130
2020-07-10,79.4038,80.1418,78.412,80.0012,513268
2020-07-13,80.5075,81.6378,79.4411,79.5817,729513
2020-07-14,78.9457,80.7395,78.6036,80.5536,777855
2020-07-15,82.0124,82.7593,81.0028,82.5066,582111
2020-07-16,82.1529,83.003,81.9887,82.8635,486326
2020-07-17,83.4325,83.4325,81.7686,82.1333,483658
2020-07-20,81.5248,81.8708,80.4878,81.3578,612328
2020-07-21,81.3941,83.1329,81.3941,81.9189,568702
2020-07-22,81.7883,83.5162,81.4796,83.2921,531565
2020-07-23,82.7672,83.6665,82.3464,82.6944,607935
2020-07-24,82.6747,84.1147,82.3111,82.8635,715659
2020-07-27,82.3287,84.04,81.3665,83.6007,813962
2020-07-28,83.9731,84.3683,82.6089,83.3844,766683
2020-07-29,83.5162,85.7787,83.5162,85.6755,791806
2020-07-30,84.5078,86.2653,82.1627,84.5816,1080216
2020-07-31,84.7791,85.7228,83.5446,84.272,1759507
2020-08-03,84.8155,85.4711,84.2661,84.9364,846973
2020-08-04,84.6651,85.2843,84.3299,85.245,735164
2020-08-05,86.2839,86.7036,85.7129,86.4058,704745
2020-08-06,86.1237,86.7508,85.4151,86.2191,535498
2020-08-07,85.8534,86.7411,85.5733,86.7036,597965
2020-08-10,86.7224,88.1072,86.3213,87.9391,617758
2020-08-11,88.8739,90.2793,88.5829,89.0596,811511
2020-08-12,89.7044,90.7247,89.1451,90.5565,841302
2020-08-13,89.6956,89.8823,87.719,88.2084,521257
2020-08-14,88.1249,89.0695,88.059,88.3972,434349
2020-08-17,88.807,89.0596,87.8359,88.0787,495344
2020-08-18,87.9843,88.4994,87.3867,87.4624,539445
2020-08-19,87.5361,87.8172,86.7311,86.9749,491182
2020-08-20,86.1237,86.8904,85.9556,86.2092,556606
2020-08-21,86.1994,87.4241,85.7415,87.2,909737
2020-08-24,87.8172,89.2974,87.546,88.7972,904454
2020-08-25,89.2297,89.3781,87.7239,88.3391,606520
2020-08-26,88.059,88.9476,87.6865,88.2183,589320
2020-08-27,88.2183,88.6576,87.1331,87.546,439305
2020-08-28,87.8172,88.7058,87.3072,88.696,516306
2020-08-31,89.668,89.7417,87.5833,88.2841,1284586
2020-09-01,87.7986,89.7516,87.0731,89.4243,779696
2020-09-02,89.0223,92.9676,89.0223,92.8191,1159296
2020-09-03,93.0541,93.0541,90.6362,91.2534,1203061
2020-09-04,91.9414,92.4507,90.2941,91.848,645407
2020-09-08,90.9999,93.0541,90.2646,91.9327,1433799
2020-09-09,92.4034,94.5775,91.9798,93.9199,814318
2020-09-10,94.2129,94.5962,92.4122,93.0717,1220623
2020-09-11,93.3932,94.9766,93.1769,94.7584,907335
2020-09-14,98.2595,98.2595,96.4568,97.0712,1107508
2020-09-15,97.4672,98.3675,95.6656,95.9664,1121375
2020-09-16,96.4381,96.5188,94.664,95.5123,778759
2020-09-17,94.7387,96.5777,94.2198,95.9566,724149
2020-09-18,95.2528,97.253,95.1289,96.1679,1329246
2020-09-21,94.7967,95.1093,90.4907,90.9812,1185552
2020-09-22,91.2731,92.4507,90.4249,90.8681,984024
2020-09-23,91.4245,91.4245,89.0203,89.209,1759633
2020-09-24,89.1893,90.2745,88.1337,88.5209,783782
2020-09-25,87.9558,89.4636,87.4664,88.6714,800993
2020-09-28,89.8223,90.7728,89.3604,90.2175,758768
2020-09-29,90.4062,90.4062,89.152,89.2759,567423
2020-09-30,89.6621,90.4612,88.8425,89.6808,825704
2020-10-01,90.1703,91.0363,88.7834,89.4921,714581
2020-10-02,88.1072,90.641,88.1072,90.3197,612213
2020-10-05,91.336,92.1853,90.7452,91.7822,761844
2020-10-06,91.905,93.402,90.65,90.9516,554711
2020-10-07,91.9503,93.6939,91.9503,93.0541,537244
2020-10-08,93.4305,95.3687,93.1032,95.3206,697511
2020-10-09,95.7217,96.4185,94.5146,94.5962,705878
2020-10-12,94.495,95.1673,94.0428,94.4488,632966
2020-10-13,93.9672,94.6257,93.5475,94.1373,514776
2020-10-14,94.2405,95.7217,94.2405,95.1093,752415
2020-10-15,94.3072,96.0233,93.9672,95.4346,966356
2020-10-16,95.4926,95.8986,94.8636,95.1005,778710
2020-10-19,95.2528,96.6259,94.6917,94.8066,1061135
2020-10-20,95.4838,97.6137,95.3884,95.9762,940913
2020-10-21,96.5001,97.3699,95.7708,96.1295,1010626
2020-10-22,94.6917,96.0627,90.2125,91.1964,1499747
2020-10-23,91.9985,93.459,91.4972,93.0817,970322
2020-10-26,92.1027,92.1675,88.8886,89.9255,999296
2020-10-27,89.9904,90.3973,88.3048,88.4552,763809
2020-10-28,86.8333,87.4801,84.2631,84.5158,922624
2020-10-29,84.8076,86.5523,84.4646,85.0996,763242
2020-10-30,84.9305,85.5438,83.8562,85.2126,978454
2020-11-02,86.8176,88.1436,86.4008,88.1249,800186
2020-11-03,89.3604,93.0069,89.2926,92.4889,936772
2020-11-04,92.3474,92.6059,89.3024,89.3407,993680
2020-11-05,90.4425,92.4554,90.4336,90.6696,727293
2020-11-06,91.0195,91.1208,89.096,89.209,569094
2020-11-09,94.4666,98.4168,92.6482,92.8094,1248751
2020-11-10,93.0345,95.359,92.7994,94.0615,772044
2020-11-11,94.5775,95.1093,91.8953,92.0073,937062
2020-11-12,91.6024,91.8707,89.7556,90.3973,636152
2020-11-13,91.336,93.6202,91.1512,93.3175,474833
2020-11-16,94.8715,94.9579,92.4801,93.8257,784393
2020-11-17,92.6678,93.0541,90.7915,92.7994,598065
2020-11-18,92.9126,94.8439,92.8281,92.9598,1016207
2020-11-19,92.4801,92.7229,90.9144,92.3474,797441
2020-11-20,92.3474,92.4122,90.8494,91.3655,758136
2020-11-23,92.0259,92.5921,90.8112,91.5168,627314
2020-11-24,92.9882,95.6755,92.0741,95.3295,913810
2020-11-25,94.6917,94.9009,92.5361,93.2419,739931
2020-11-27,93.1474,93.4787,91.9699,92.6875,287134
2020-11-30,92.3572,92.8094,90.9812,92.6953,2100040
2020-12-01,93.9475,96.6839,93.2319,95.7992,876871
2020-12-02,92.2894,93.29,91.0932,91.3851,1199333
2020-12-03,91.2131,92.8388,91.0166,92.4024,699698
2020-12-04,92.3365,93.3902,92.2825,93.3431,641239
2020-12-07,92.8486,93.5229,92.3837,93.3431,831315
2020-12-08,92.8211,93.2576,91.623,91.8225,901642
2020-12-09,92.0604,93.1248,91.395,93.058,1222429
2020-12-10,92.8683,93.1524,91.3655,92.194,620053
2020-12-11,91.8608,92.9056,91.3901,92.2127,873320
2020-12-14,92.9725,93.9593,91.0067,91.0353,640057
2020-12-15,91.4048,92.0604,90.3108,91.7655,659385
2020-12-16,91.8992,92.8114,91.1857,91.6799,701948
2020-12-17,92.1449,92.9823,91.2622,92.1075,753314
2020-12-18,92.194,93.0383,91.508,92.6589,1815985
2020-12-21,90.987,92.6738,89.3909,92.4968,729353
2020-12-22,92.2972,94.1116,92.1449,93.7136,746630
2020-12-23,94.0281,95.3206,93.6291,94.435,615994
2020-12-24,94.8144,94.8813,93.4767,94.3977,157337
2020-12-28,95.2725,96.4096,94.8439,95.0434,470310
2020-12-29,95.0434,95.5221,93.5809,93.8562,451795
2020-12-30,94.1018,95.4062,93.861,94.6355,422867
2020-12-31,94.664,95.5123,94.1018,95.415,542552
2021-01-04,96.0233,96.0233,92.4201,93.5229,958242
2021-01-05,93.4954,94.8636,92.8014,94.3878,835170
2021-01-06,94.5215,98.4757,93.9593,98.1514,1017451
2021-01-07,98.3479,98.7902,96.9257,98.5544,809284
2021-01-08,98.8689,98.9667,97.0613,98.1808,773884
2021-01-11,97.3602,100.343,97.0436,99.8611,1082971
2021-01-12,99.6253,103.125,99.1933,102.888,933758
2021-01-13,102.417,102.791,100.176,100.608,787382
2021-01-14,101.06,101.494,99.675,99.7049,571111
2021-01-15,99.6054,99.6153,96.6161,97.0515,1031100
2021-01-19,97.2136,97.5853,94.151,94.5775,771317
2021-01-20,94.3024,95.702,93.3431,95.015,921809
2021-01-21,94.9305,97.3798,94.9305,97.1066,990874
2021-01-22,96.2269,96.8098,95.2626,96.568,738828
2021-01-25,96.4096,97.1458,95.0051,96.1395,1011873
2021-01-26,96.4185,96.9552,95.0051,96.4283,699135
2021-01-27,95.072,95.4642,91.395,93.8659,1293147
2021-01-28,94.6729,95.3206,92.0319,92.1075,953987
2021-01-29,91.908,92.7062,88.9437,89.1903,2841807
2021-02-01,89.4469,90.6833,88.983,89.961,799536
2021-02-02,90.4268,93.1052,90.1319,92.602,943708
2021-02-03,92.1164,93.979,91.6142,93.5042,514927
2021-02-04,94.0547,95.4445,93.4817,95.3963,744170
2021-02-05,95.9566,96.6544,95.1761,96.5777,599464
2021-02-08,96.907,98.456,96.6544,98.4068,718267
2021-02-09,98.4757,99.0755,97.827,98.4757,682457
2021-02-10,98.9279,99.0854,97.312,97.9646,586586
2021-02-11,97.9646,98.0825,95.3884,95.5123,756519
2021-02-12,94.6444,96.1679,93.7333,94.3594,944410
2021-02-16,95.0817,97.5065,94.7112,96.8294,903170
2021-02-17,96.1875,96.332,93.3244,93.9987,1161451
2021-02-18,93.3332,96.5876,93.3332,96.0233,995044
2021-02-19,96.6839,97.7602,95.3108,97.2432,969738
2021-02-22,96.39,99.8024,96.3616,99.3505,895673
2021-02-23,99.7536,101.06,99.0359,99.6153,1089511
2021-02-24,99.6153,101.709,99.1437,100.992,712364
2021-02-25,100.992,101.769,99.6054,100.117,581097
2021-02-26,100.904,101.719,99.6253,100.088,1590677
2021-03-01,101.07,103.695,100.864,102.898,1088279
2021-03-02,102.711,104.432,101.237,103.735,997974
2021-03-03,104.078,107.076,103.823,104.767,1028591
2021-03-04,104.423,106.161,101.317,102.978,1027878
2021-03-05,104.078,108.305,103.518,107.921,903634
2021-03-08,108.56,113.74,107.813,111.862,1418800
2021-03-09,111.656,111.991,108.589,108.619,1219540
2021-03-10,109.052,110.791,107.96,110.221,562264
2021-03-11,109.534,110.516,108.462,108.698,755768
2021-03-12,109.927,110.762,109.072,109.681,610453
2021-03-15,109.249,111.086,108.128,111.007,839057
2021-03-16,110.388,110.388,108.245,109.554,597424
2021-03-17,110.084,111.165,109.504,109.701,647705
2021-03-18,109.72,112.492,109.602,110.979,746285
2021-03-19,110.703,112.934,109.13,112.285,3374203
2021-03-22,111.833,111.882,109.563,110.388,931627
2021-03-23,109.386,111.499,109.189,109.848,784038
2021-03-24,109.828,111.381,109.818,109.877,720796
2021-03-25,110.261,112.158,108.766,112.01,732894
2021-03-26,112.639,113.534,111.942,113.474,683992
2021-03-29,112.462,113.435,111.794,112.138,555808
2021-03-30,112.236,112.807,111.656,112.532,586604
2021-03-31,111.568,112.128,110.281,110.634,943514
2021-04-01,111.007,111.666,110.251,111.617,545772
2021-04-05,112.462,113.19,111.391,112.207,600519
2021-04-06,112.079,113.061,111.499,112.432,606545
2021-04-07,112.128,112.767,111.165,111.675,553511
2021-04-08,111.165,111.568,110.329,110.762,641726
2021-04-09,111.46,111.961,110.378,111.882,1060602
2021-04-12,112.462,112.954,111.813,112.698,501123
2021-04-13,111.666,111.745,110.251,111.017,888737
2021-04-14,110.703,113.091,110.703,112.61,619537
2021-04-15,113.091,113.454,112.422,113.377,506317
2021-04-16,114.26,115.391,113.887,114.88,736836
2021-04-19,114.546,114.841,113.759,114.28,774478
2021-04-20,114.409,114.861,113.494,114.133,907873
2021-04-21,114.781,116.689,113.819,116.04,821039
2021-04-22,115.765,117.936,113.514,114.242,1286212
2021-04-23,115.528,117.672,114.399,117.082,790205
2021-04-26,117.74,117.946,116.257,116.974,878472
2021-04-27,117.416,118.055,116.384,117.879,914457
2021-04-28,118.291,119.401,117.622,119.343,1053804
2021-04-29,119.952,121.977,119.952,120.355,1181316
2021-04-30,120.296,120.355,119.185,119.607,1469289
2021-05-03,120.552,122.95,120.315,121.799,718452
2021-05-04,122.281,124.759,121.564,124.669,1019717
2021-05-05,124.649,126.733,124.649,125.996,742830
2021-05-06,126.93,127.166,125.534,126.713,686612
2021-05-07,125.751,128.228,125.279,127.736,609793
2021-05-10,128.552,130.086,127.775,127.875,640536
2021-05-11,127.157,127.815,125.112,125.614,777614
2021-05-12,125.515,125.918,121.888,122.006,834239
2021-05-13,122.399,125.819,122.341,125.338,905357
2021-05-14,125.604,126.576,124.562,126.301,599463
2021-05-17,126.321,127.618,125.761,126.685,651497
2021-05-18,126.753,127.295,125.447,125.554,912313
2021-05-19,124.002,124.709,122.93,124.08,1568295
2021-05-20,124.099,125.485,123.206,125.211,808406
2021-05-21,125.328,127.589,125.328,125.791,998926
2021-05-24,126.34,126.498,125.387,125.761,583891
2021-05-25,125.624,126.173,124.208,124.405,952122
2021-05-26,125.082,125.878,124.07,125.24,814593
2021-05-27,126.38,126.813,124.778,124.866,1325642
2021-05-28,124.954,126.114,124.532,125.505,707198
2021-06-01,126.34,127.363,125.751,126.429,715426
2021-06-02,126.833,126.833,124.916,125.211,647677
2021-06-03,124.759,125.22,123.618,124.395,646542
2021-06-04,124.778,125.171,123.598,125.161,498781
2021-06-07,125.377,125.397,122.9,123.156,643974
2021-06-08,122.615,124.935,122.615,124.64,681742
2021-06-09,124.325,124.906,123.333,123.657,727130
2021-06-10,124.522,124.817,122.9,122.999,488201
2021-06-11,123.52,124.532,123.323,124.266,539499
2021-06-14,123.864,123.992,122.134,122.9,710396
2021-06-15,122.528,122.645,121.357,122.576,718883
2021-06-16,122.241,122.684,121.023,121.209,802719
2021-06-17,121.279,121.406,117.357,118.35,971873
2021-06-18,116.404,116.994,115.638,116.65,1768796
2021-06-21,117.917,120.11,117.573,119.834,733066
2021-06-22,119.923,120.895,118.546,120.345,630551
2021-06-23,120.62,121.564,119.814,120.699,622217
2021-06-24,121.357,121.947,120.63,121.504,464678
2021-06-25,121.839,123.206,121.839,122.94,739109
2021-06-28,122.546,122.586,120.542,120.886,456643
2021-06-29,121.652,122.861,121.652,122.035,399745
2021-06-30,121.928,122.528,121.199,121.809,489178
2021-07-01,122.311,123.727,121.878,123.578,525696
2021-07-02,123.922,124.621,123.44,124.296,469309
2021-07-06,124.169,124.395,121.731,122.743,680480
2021-07-07,122.144,124.435,122.006,123.883,437935
2021-07-08,122.174,123.815,121.809,122.468,739531
2021-07-09,124.345,124.964,123.46,124.739,667467
2021-07-12,124.022,125.211,123.293,124.719,504916
2021-07-13,124.031,124.453,122.773,122.95,536272
2021-07-14,123.422,124.129,122.655,124.04,547389
2021-07-15,123.323,124.827,123.323,124.247,454243
2021-07-16,124.866,125.102,122.684,122.9,396941
2021-07-19,121.396,121.987,120.02,121.003,663024
2021-07-20,121.79,124.542,120.777,123.598,780711
2021-07-21,124.198,125.161,123.785,124.405,693503
2021-07-22,127.275,127.275,121.347,121.711,1003558
2021-07-23,122.615,124.797,122.094,124.325,673126
2021-07-26,123.913,125.141,123.127,123.972,721343
2021-07-27,123.254,124.335,122.408,124.129,593517
2021-07-28,124.276,124.502,121.347,121.396,667302
2021-07-29,122.361,123.578,121.848,123.206,769441
2021-07-30,122.803,123.765,121.721,122.241,1834191
2021-08-02,123.156,124.188,121.396,121.799,651241
2021-08-03,122.478,123.893,121.347,123.43,637311
2021-08-04,122.537,122.95,120.277,120.287,471779
2021-08-05,120.965,121.564,118.743,119.607,538076
2021-08-06,120.787,121.122,119.155,119.697,571644
2021-08-09,119.175,119.844,118.772,119.401,455615
2021-08-10,119.205,120.659,119.048,120.167,422159
2021-08-11,120.177,121.279,119.411,121.102,390791
2021-08-12,121.279,121.377,119.991,120.649,342854
2021-08-13,120.63,120.709,119.687,120.04,450392
2021-08-16,119.617,121.416,118.566,121.289,478670
2021-08-17,120.394,120.394,117.799,119.116,454431
2021-08-18,118.605,120.669,118.458,118.93,580868
2021-08-19,117.908,119.195,117.309,117.986,452481
2021-08-20,117.986,119.647,117.986,119.254,456549
2021-08-23,119.971,119.971,118.006,118.016,371174
2021-08-24,118.006,119.352,117.879,118.684,579502
2021-08-25,118.645,120.945,118.428,120.139,569462
2021-08-26,119.952,119.952,118.143,118.193,346709
2021-08-27,118.34,119.372,118.104,119.106,425448
2021-08-30,119.51,119.883,118.978,119.088,278660
2021-08-31,119.372,119.431,117.229,117.692,816407
2021-09-01,118.114,118.655,116.57,118.418,613608
2021-09-02,118.595,119.106,117.779,118.762,543891
2021-09-03,118.575,119.195,117.986,118.458,445628
2021-09-07,118.173,118.251,116.404,116.463,456325
2021-09-08,116.404,117.111,115.638,116.177,520530
2021-09-09,115.765,117.239,115.381,115.558,746468
2021-09-10,116.217,116.443,114.586,114.781,833274
2021-09-13,115.735,116.511,114.988,115.578,633340
2021-09-14,115.372,116.443,114.133,116.354,764184
2021-09-15,116.099,120.797,115.548,120.374,1109399
2021-09-16,120.472,121.299,119.784,120.414,672298
2021-09-17,119.903,120.532,118.203,118.281,1062601
2021-09-20,116.501,117.18,115.431,116.856,611881
2021-09-21,117.839,118.468,116.58,117.426,491573
2021-09-22,118.389,119.637,117.593,118.615,495173
2021-09-23,119.44,120.6,119.323,119.637,574632
2021-09-24,119.175,120.07,118.821,119.273,370947
2021-09-27,119.961,120.886,119.961,120.856,487563
2021-09-28,121.416,121.603,119.088,119.45,417503
2021-09-29,120.03,120.984,119.588,120.384,347229
2021-09-30,120.709,120.709,117.505,117.543,750965
2021-10-01,117.946,119.136,115.018,118.104,510155
2021-10-04,118.359,120.384,117.769,118.645,603670
2021-10-05,118.704,120.719,117.879,119.913,643252
2021-10-06,118.546,119.893,117.19,119.421,522738
2021-10-07,120.532,122.144,120.532,121.574,535201
2021-10-08,121.554,122.851,121.209,122.202,339730
2021-10-11,122.261,123.57,121.888,122.341,383499
2021-10-12,122.261,123.067,121.023,121.329,398930
2021-10-13,121.152,121.681,119.637,120.394,476635
2021-10-14,121.347,123.628,120.965,123.46,432304
2021-10-15,124.435,124.827,123.244,123.313,369649
2021-10-18,122.596,124.022,122.164,122.92,438410
2021-10-19,123.815,124.552,123.373,123.903,411018
2021-10-20,124.139,125.987,124.139,125.701,627910
2021-10-21,125.554,131.432,125.161,130.41,1215317
2021-10-22,131.038,132.975,128.522,128.974,833013
2021-10-25,129.417,129.919,128.139,129.476,797399
2021-10-26,129.996,131.245,129.054,130.459,733946
2021-10-27,130.459,130.459,128.346,128.404,542553
2021-10-28,128.631,129.231,126.36,127.628,544403
2021-10-29,127.628,128.189,126.105,127.117,802122
2021-11-01,127.912,127.912,126.596,127.716,514438
2021-11-02,128.169,130.43,127.707,129.849,514005
2021-11-03,129.732,130.931,129.506,130.116,412981
2021-11-04,130.655,131.648,129.004,129.673,627892
2021-11-05,130.999,132.572,130.999,132.208,542393
2021-11-08,132.857,132.857,130.606,131.009,412593
2021-11-09,130.439,131.55,130.106,130.626,475394
2021-11-10,130.311,131.658,129.869,130.096,426321
2021-11-11,130.283,131.402,130.076,131.009,363728
2021-11-12,131.285,132.11,130.862,131.777,309427
2021-11-15,132.444,132.985,131.56,132.837,561942
2021-11-16,132.729,134.026,132.394,132.69,451464
2021-11-17,132.975,133.034,131.54,132.582,434506
2021-11-18,133.446,133.446,131.353,131.884,872424
2021-11-19,131.747,132.09,130.243,131.128,771254
2021-11-22,131.392,134.872,131.392,132.7,627529
2021-11-23,132.867,134.095,132.347,133.663,665638
2021-11-24,133.044,133.379,132.18,132.208,384870
2021-11-26,129.574,129.673,127.982,128.355,365027
2021-11-29,129.289,130.153,127.942,128.857,858046
2021-11-30,127.845,128.641,123.697,123.854,1775097
2021-12-01,126.056,126.626,122.528,122.537,757463
2021-12-02,123.363,127.707,123.363,126.733,1004023
2021-12-03,127.51,127.51,125.122,126.056,548173
2021-12-06,127.628,129.79,127.107,128.768,672240
2021-12-07,129.722,131.472,129.436,130.558,1043819
2021-12-08,130.744,131.412,129.781,130.735,776797
2021-12-09,130.705,132.071,130.126,130.941,546841
2021-12-10,131.805,132.022,130.538,131.57,444024
2021-12-13,131.56,131.56,128.474,129.309,514639
2021-12-14,129.201,129.653,128.474,128.71,475505
2021-12-15,128.542,129.849,128.07,129.81,720454
2021-12-16,130.655,133.811,129.82,132.729,809268
2021-12-17,133.142,133.142,129.683,130.036,1910658
2021-12-20,128.748,128.748,125.967,128.189,565190
2021-12-21,129.643,131.707,129.171,131.108,748069
2021-12-22,131.402,132.357,131.108,131.983,483160
2021-12-23,132.601,133.693,132.09,132.1,315103
2021-12-27,132.985,134.645,132.789,134.381,320248
2021-12-28,134.105,135.236,134.105,134.715,369627
2021-12-29,135.462,136.739,134.892,136.229,310797
2021-12-30,136.229,137.113,135.727,136.012,359247
2021-12-31,135.884,137.881,135.373,136.819,570124
2022-01-03,137.359,137.693,133.289,134.598,428169
2022-01-04,135.344,138.105,135.216,136.946,604926
2022-01-05,137.575,139.522,135.51,135.58,704477
2022-01-06,135.64,137.319,134.735,136.906,486887
2022-01-07,136.672,137.241,135.52,135.58,461521
2022-01-10,135.304,135.52,133.211,134.705,612699
2022-01-11,134.568,134.588,132.257,134.095,577166
2022-01-12,135.177,136.425,134.321,135.53,623168
2022-01-13,135.363,137.467,135.03,135.64,495902
2022-01-14,134.468,135.363,133.329,134.774,510978
2022-01-18,133.516,134.361,131.215,133.27,655288
2022-01-19,133.742,134.616,131.088,131.108,555912
2022-01-20,131.305,132.012,127.903,128.326,580992
2022-01-21,128.277,129.742,127.048,127.422,569117
2022-01-24,125.534,132.17,125.024,131.717,938106
2022-01-25,129.269,130.144,126.616,128.484,763480
2022-01-26,129.79,131.325,128.012,128.837,980559
2022-01-27,130.558,131.678,126.223,126.753,602171
2022-01-28,126.459,127.481,123.717,127.186,640640
2022-01-31,126.203,130.056,125.938,130.016,1214384
2022-02-01,130.725,131.295,128.395,131.038,588412
2022-02-02,131.009,132.434,129.79,131.973,630198
2022-02-03,131.795,131.933,129.151,129.554,450410
2022-02-04,128.503,129.074,125.417,126.685,520344
2022-02-07,126.861,126.95,125.034,125.112,572762
2022-02-08,125.878,128.179,125.377,126.98,488832
2022-02-09,127.884,130.126,127.884,128.907,436007
2022-02-10,126.517,127.313,123.53,124.316,761649
2022-02-11,124.699,125.701,123.057,123.628,515970
2022-02-14,123.383,125.534,122.94,123.992,815538
2022-02-15,125.721,126.566,124.502,125.898,634497
2022-02-16,125.191,127.412,124.502,126.823,715941
2022-02-17,127.235,130.744,124.492,124.532,925342
2022-02-18,125.515,125.761,123.44,123.795,953551
2022-02-22,123.136,123.53,119.765,120.6,937950
2022-02-23,120.522,121.761,115.805,115.971,1207872
2022-02-24,113.474,118.203,112.836,117.936,986777
2022-02-25,118.055,120.739,117.869,120.482,634005
2022-02-28,118.704,119.421,117.102,119.205,945585
2022-03-01,119.155,120.768,116.747,117.366,785831
2022-03-02,119.245,122.389,118.517,121.908,963170
2022-03-03,122.498,123.244,120.787,121.711,688755
2022-03-04,120.02,120.571,118.556,120.492,853078
2022-03-07,120.532,120.777,116.148,116.561,1267498
2022-03-08,117.249,120.581,116.315,117.711,911458
2022-03-09,119.775,120.993,119.078,119.431,677635
2022-03-10,117.888,120.915,116.964,120.659,975859
2022-03-11,121.19,121.878,119.47,119.607,637100
2022-03-14,120.955,122.763,119.525,120.01,774842
2022-03-15,121.023,122.718,120.797,122.399,740562
2022-03-16,123.383,125.928,123.383,125.878,1116404
2022-03-17,124.759,126.095,124.759,125.859,1102052
2022-03-18,126.056,127.333,123.196,126.793,1838035
2022-03-21,126.793,127.775,124.463,126.085,1143912
2022-03-22,127.028,127.147,125.318,125.967,556462
2022-03-23,125.534,125.791,124.415,125.308,674680
2022-03-24,126.026,126.666,125.269,125.898,533484
2022-03-25,126.301,126.566,125.107,126.34,441342
2022-03-28,126.105,126.484,124.472,125.457,549380
2022-03-29,126.301,128.218,125.943,128.052,552268
2022-03-30,127.372,128.052,126.016,126.626,596734
2022-03-31,126.223,126.833,123.854,123.864,927682
2022-04-01,125.034,125.781,123.303,123.775,699839
2022-04-04,123.727,127.549,122.713,127.068,1460230
2022-04-05,126.34,127.417,124.522,124.729,869809
2022-04-06,123.874,125.771,123.176,125.427,730717
2022-04-07,125.308,127.491,123.834,126.99,605578
2022-04-08,127.038,130.016,126.066,129.761,1009523
2022-04-11,129.742,131.167,128.267,128.424,468688
2022-04-12,129.348,130.896,128.867,129.436,577324
2022-04-13,129.417,130.158,128.213,129.269,578543
2022-04-14,129.564,130.852,128.631,128.7,452098
2022-04-18,128.08,130.076,128.08,128.897,489693
2022-04-19,129.084,131.687,129.074,131.53,568414
2022-04-20,133.014,135.717,133.014,135.314,792843
2022-04-21,136.612,138.697,135.329,135.767,1011818
2022-04-22,135.52,135.777,131.167,131.353,906103
2022-04-25,131.295,132.12,128.237,131.864,804600
2022-04-26,130.606,133.255,130.459,131.648,689364
2022-04-27,131.874,133.742,131.348,131.638,708346
2022-04-28,131.707,132.267,128.139,130.911,830344
2022-04-29,130.37,131.884,127.569,127.825,1283447
2022-05-02,128.631,130.321,126.066,128.257,757463
2022-05-03,128.66,130.086,127.628,129.516,762166
2022-05-04,129.544,133.054,128.119,132.867,793444
2022-05-05,131.442,132.257,126.606,128.07,788574
2022-05-06,127.285,129.397,125.584,128.552,760482
2022-05-09,126.99,131.058,126.743,129.683,726647
2022-05-10,131.225,131.638,127.166,128.71,837936
2022-05-11,128.67,130.203,126.89,127.048,659381
2022-05-12,127.333,130.488,126.713,130.43,847119
2022-05-13,131.285,133.083,130.538,132.474,638903
2022-05-16,130.469,134.588,130.39,133.938,638033
2022-05-17,134.655,136.15,134.179,135.255,721354
2022-05-18,133.594,133.594,128.032,129.231,928248
2022-05-19,127.952,131.584,127.716,129.742,973292
2022-05-20,130.478,130.478,123.402,126.34,1016373
2022-05-23,127.225,128.414,125.771,127.422,1073940
2022-05-24,127.048,129.304,125.741,128.69,802296
2022-05-25,127.795,131.029,127.29,130.891,1102317
2022-05-26,132.69,134.179,131.884,133.713,646784
2022-05-27,134.421,136.829,134.076,136.799,641798
2022-05-31,135.167,135.873,133.919,134.391,1349970
2022-06-01,135.167,135.452,132.926,133.496,632140
2022-06-02,133.917,135.411,132.769,135.331,568959
2022-06-03,134.936,135.657,134.025,134.51,499674
2022-06-06,135.321,138.3,134.301,138.181,728827
2022-06-07,136.658,139.398,135.925,139.319,667604
2022-06-08,138.686,139.388,137.825,137.983,462784
2022-06-09,138.023,140.491,137.647,138.111,817924
2022-06-10,135.767,136.237,134.422,134.49,847002
2022-06-13,131.75,132.289,129.227,130.216,929858
2022-06-14,130.819,132.156,129.657,131.037,891385
2022-06-15,131.671,132.422,129.385,131.017,780631
2022-06-16,128.751,128.881,126.357,126.951,841237
2022-06-17,126.753,128.02,125.606,125.872,1743404
2022-06-21,127.189,129.652,125.744,129.425,826832
2022-06-22,128.376,130.523,127.882,130.226,748968
2022-06-23,130.819,131.987,129.824,131.878,634370
2022-06-24,133.046,135.431,132.186,135.301,1208346
2022-06-27,135.767,136.875,134.817,135.687,577401
2022-06-28,136.014,137.31,133.719,134.016,656850
2022-06-29,134.372,134.372,131.651,132.096,689125
2022-06-30,130.968,132.937,130.147,131.591,854551
2022-07-01,131.185,132.912,129.885,131.938,1019482
2022-07-05,130.493,133.857,130.058,133.808,692061
2022-07-06,134.094,134.965,132.106,133.867,851004
2022-07-07,134.56,136.944,134.56,136.508,782122
2022-07-08,136.766,137.053,135.604,135.687,573672
2022-07-11,135.301,137.085,134.975,136.153,568429
2022-07-12,136.093,137.835,134.728,135.499,762315
2022-07-13,134.748,136.726,134.035,135.846,880432
2022-07-14,133.739,135.559,133.165,135.243,645628
2022-07-15,136.726,137.414,135.687,137.073,585203
2022-07-18,137.31,138.092,136.271,136.668,839667
2022-07-19,138.161,140.467,137.469,140.289,724237
2022-07-20,139.507,141.14,139.25,141.01,616691
2022-07-21,140.496,141.14,139.13,141.04,657431
2022-07-22,141.743,143.722,141.486,142.96,1027947
2022-07-25,143.464,143.761,142.495,142.999,745509
2022-07-26,141.515,142.653,140.394,141.218,911402
2022-07-27,144.375,144.899,140.615,144.82,1124374
2022-07-28,144.949,148.649,144.483,148.026,1123839
2022-07-29,148.154,152.023,147.788,151.251,2107097
2022-08-01,150.331,152.498,150.054,151.311,971044
2022-08-02,151.311,151.311,148.629,149.163,852825
2022-08-03,149.886,150.39,148.699,149.431,736665
2022-08-04,149.253,150.044,148.243,148.342,856661
2022-08-05,147.402,149.661,146.967,149.381,691706
2022-08-08,150.39,151.714,149.906,150.292,622963
2022-08-09,150.302,151.359,149.599,150.46,935129
2022-08-10,152.27,153.952,152.261,153.319,812446
2022-08-11,154.348,155.871,153.932,154.952,1036003
2022-08-12,154.803,156.426,154.803,156.426,557863
2022-08-15,155.733,157.776,155.357,156.802,536056
2022-08-16,156.832,158.553,156.722,157.465,669769
2022-08-17,156.634,159.631,155.921,158.89,655301
2022-08-18,158.86,159.74,157.568,158.276,617429
2022-08-19,157.741,159.334,157.078,158.157,1775893
2022-08-22,156.712,157.494,153.883,155.288,875297
2022-08-23,155.634,157.073,155.1,156.069,648261
2022-08-24,155.288,156.376,154.16,155.605,730566
2022-08-25,155.951,158.202,155.5,158.029,701396
2022-08-26,158.365,158.721,154.699,154.764,724032
2022-08-29,153.725,156.159,152.669,155.485,725009
2022-08-30,155.615,156.356,154.031,154.556,920357
2022-08-31,154.556,155.511,153.669,154.358,947738
2022-09-01,153.955,156.054,153.626,156.015,826537
2022-09-02,156.99,158.935,155.905,156.482,1462507
2022-09-06,156.532,157.378,154.348,156.622,1115697
2022-09-07,156.89,161.587,156.89,161.159,1580428
2022-09-08,160.284,161.279,159.537,161.149,1333538
2022-09-09,161.547,162.702,161.388,162.005,976255
2022-09-12,162.712,164.185,161.806,162.354,929740
2022-09-13,159.975,161.13,156.93,157.169,1098410
2022-09-14,157.925,158.151,154.532,155.527,902656
2022-09-15,155.835,156.159,152.91,153.656,1007599
2022-09-16,152.522,155.019,151.938,153.925,2078450
2022-09-19,153.407,157.836,153.407,157.756,1042641
2022-09-20,156.303,156.97,154.393,156.383,723740
2022-09-21,157.527,159.473,154.83,154.84,679189
2022-09-22,155.079,155.079,152.87,153.567,814359
2022-09-23,152.253,152.711,148.979,150.303,925293
2022-09-26,150.263,151.119,148.044,148.402,976724
2022-09-27,149.626,150.522,146.979,147.914,748216
2022-09-28,148.919,153.039,148.034,151.925,832156
2022-09-29,150.372,150.417,148.263,148.969,866145
2022-09-30,149.278,150.805,147.616,148.591,909468
2022-10-03,149.994,153.348,149.297,152.164,808742
2022-10-04,153.895,155.925,153.686,155.706,788039
2022-10-05,154.87,157.766,154.164,156.741,775334
2022-10-06,156.741,157.706,155.597,156.064,607386
2022-10-07,154.95,154.95,152.343,153.119,682405
2022-10-10,153.985,154.706,152.562,153.746,563469
2022-10-11,154.154,157.164,153.945,156.015,1227631
2022-10-12,156.015,156.502,154.124,154.164,656233
2022-10-13,151.984,156.92,150.9,155.776,717534
2022-10-14,156.701,157.199,153.657,153.736,911692
2022-10-17,155.278,157.89,155.109,157.467,849737
2022-10-18,160.363,161.553,157.821,159.846,858764
2022-10-19,159.199,160.105,157.083,158.194,872607
2022-10-20,160.96,160.96,153.935,157.099,1365553
2022-10-21,157.975,161.567,156.851,161.557,1003525
2022-10-24,162.781,169.777,162.781,169.717,1338237
2022-10-25,169.11,171.17,167.309,170.812,1448795
2022-10-26,171.558,172.016,168.483,170.444,1000051
2022-10-27,171.658,174.345,171.658,174.126,1048479
2022-10-28,174.633,178.758,174.524,177.987,868421
2022-10-31,177.071,178.927,176.036,176.992,1850659
2022-11-01,177.549,179.091,175.599,178.375,826528
2022-11-02,177.828,178.196,174.215,174.215,1107371
2022-11-03,172.971,176.932,172.434,176.186,806148
2022-11-04,178.166,178.863,175.171,177.33,602587
2022-11-07,177.489,179.28,176.982,179.141,683989
2022-11-08,179.768,181.34,177.818,179.688,696207
2022-11-09,179.191,180.46,176.922,177.509,982918
2022-11-10,181.818,182.107,179.44,181.311,1098035
2022-11-11,181.679,182.584,176.365,177.091,1168682
2022-11-14,176.902,181.266,176.544,178.892,888976
2022-11-15,180.385,181.201,177.629,180.544,925735
2022-11-16,177.449,181.957,176.295,179.022,942017
2022-11-17,177.828,178.624,175.683,178.524,888635
2022-11-18,180.415,180.997,178.146,179.798,789836
2022-11-21,179.947,182.842,179.32,181.4,624034
2022-11-22,182.664,183.972,181.748,183.092,725860
2022-11-23,183.062,184.097,182.803,183.022,578336
2022-11-25,183.619,185.201,183.072,185.191,406348
2022-11-28,184.147,184.584,182.146,182.335,832072
2022-11-29,182.047,182.823,179.34,179.669,1218124
2022-11-30,179.161,182.435,177.768,182.435,1688170
2022-12-01,183.12,185.4,182.47,184.9,841877
2022-12-02,184.14,187.725,182.83,187.28,864495
2022-12-05,185.65,185.68,183.2,184.92,980822
2022-12-06,184.87,186.5,180.88,182.66,951882
2022-12-07,182.4,184.74,181.93,182.86,800109
2022-12-08,183.73,186.3,183.525,185.63,971849
2022-12-09,184.55,185.735,181.94,182.26,910388
2022-12-12,178.43,182.02,177.291,182.02,1116905
2022-12-13,184.8,184.8,177.15,178.05,1398245
2022-12-14,178.4,180.96,177.55,179.08,851291
2022-12-15,177.93,179.135,176.94,178.76,893791
2022-12-16,177.04,178.08,174.645,176.81,1663602
2022-12-19,177.14,177.835,174.885,175.87,604854
2022-12-20,176.11,176.93,175.19,175.63,712146
2022-12-21,176.6,178.58,175.9,177.96,494308
2022-12-22,176.73,176.89,173.45,174.99,615621
2022-12-23,174.99,176.59,174.07,176.57,385217
2022-12-27,177.3,178.25,176.605,177.29,545363
2022-12-28,177.29,178.36,175.11,175.19,428481
2022-12-29,175.7,176.48,174.93,175.24,454682
2022-12-30,174.8,174.8,172.0829,173.51,680809
2023-01-03,173.18,173.18,168.92,169.81,1924388
2023-01-04,169.71,172.35,169.525,171.94,1133545
2023-01-05,171.58,171.7,167.4,168.57,995744
2023-01-06,170.05,171.34,169.0548,170.84,1042364
2023-01-09,171.27,173.035,170.23,170.41,874142
2023-01-10,170.55,170.99,168.09,169.75,917761
2023-01-11,170.15,171.205,169.04,169.16,1150124
2023-01-12,169.34,169.67,167.54,168.95,1038840
2023-01-13,168.22,170.1,168.1,169.56,1075021
2023-01-17,170.17,170.66,168.07,168.54,797995
2023-01-18,169.03,170.0,165.89,166.2,834714
2023-01-19,165.79,165.79,161.27,161.37,1024394
2023-01-20,161.81,162.05,159.975,161.74,1347711
2023-01-23,162.69,163.93,161.3,162.7,768748
2023-01-24,163.1,166.75,162.05,165.44,816158
2023-01-25,164.65,166.63,163.93,166.47,653216
2023-01-26,167.0,168.19,166.37,167.99,722854
2023-01-27,168.14,168.14,165.15,165.94,832855
2023-01-30,165.88,167.75,165.84,166.61,661991
2023-01-31,167.15,167.83,165.9,167.82,938810
2023-02-01,167.17,169.2,165.7309,168.57,857771
2023-02-02,168.54,170.92,167.65,170.75,1178280
2023-02-03,170.54,170.9,168.26,168.29,847930
2023-02-06,168.08,169.64,167.12,169.18,1443176
2023-02-07,168.67,169.5,166.38,168.97,642509
2023-02-08,168.0,170.49,167.185,169.46,975064
2023-02-09,170.35,171.53,168.62,169.25,864726
2023-02-10,169.11,173.36,168.93,173.04,940390
2023-02-13,173.02,177.39,172.69,175.79,1150769
2023-02-14,175.61,177.625,174.89,176.61,912545
2023-02-15,176.89,179.84,176.81,179.68,932164
2023-02-16,178.88,180.46,178.065,179.15,831998
2023-02-17,179.23,180.73,178.515,180.14,850003
2023-02-21,178.09,178.46,174.34,174.34,1140226
2023-02-22,175.57,176.28,173.57,173.91,988313
2023-02-23,175.03,180.75,175.03,179.76,1476830
2023-02-24,178.87,180.29,176.64,178.82,1116304
2023-02-27,180.65,181.3704,177.75,178.34,1285735
2023-02-28,178.49,179.56,176.25,176.86,1698027
2023-03-01,175.1,175.595,169.57,170.31,1777128
2023-03-02,168.38,171.1,166.85,170.93,2607826
2023-03-03,171.59,172.3,170.25,171.8,1280159
2023-03-06,171.8,173.96,171.56,173.61,1375381
2023-03-07,174.02,174.165,170.01,170.23,839815
2023-03-08,170.39,170.82,168.08,168.72,841542
2023-03-09,168.81,169.47,164.85,165.2,808096
2023-03-10,165.37,166.29,162.57,162.99,1028036
2023-03-13,161.21,164.68,160.63,162.5,1466761
2023-03-14,164.08,164.99,161.93,163.8,1736930
2023-03-15,162.44,163.4,159.875,163.13,1459178
2023-03-16,162.24,164.84,161.251,164.66,1493780
2023-03-17,163.85,164.33,160.45,162.07,6636995
2023-03-20,162.96,165.79,162.755,164.75,1236754
2023-03-21,166.27,167.07,164.715,165.92,1197505
2023-03-22,165.69,166.27,162.59,162.63,1261674
2023-03-23,162.62,163.38,152.96,154.29,1929737
2023-03-24,156.08,157.76,154.81,156.88,1619899
2023-03-27,158.33,159.76,157.11,159.03,1187327
2023-03-28,159.31,161.915,159.25,161.34,987642
2023-03-29,161.74,162.54,159.755,162.54,1037535
2023-03-30,165.13,165.755,163.86,164.37,1021053
2023-03-31,165.02,167.44,165.02,167.31,799099
2023-04-03,167.18,169.14,167.18,168.28,837248
2023-04-04,168.26,168.64,163.77,164.84,721663
2023-04-05,164.64,164.64,161.78,162.16,745003
2023-04-06,161.92,162.77,160.73,162.28,859806
2023-04-10,162.21,164.9478,162.125,164.78,719175
2023-04-11,165.13,166.9087,165.02,165.37,675807
2023-04-12,165.4,167.89,165.085,166.62,730218
2023-04-13,166.22,166.22,162.47,164.23,910924
2023-04-14,164.55,166.86,164.03,165.07,1037432
2023-04-17,165.37,167.69,164.7,166.3,1212148
2023-04-18,166.64,167.9,166.0,166.47,902381
2023-04-19,166.56,166.56,165.32,166.5,1038488
2023-04-20,165.92,170.02,165.8,168.62,1296481
2023-04-21,170.01,170.02,166.24,166.52,934287
2023-04-24,166.48,167.31,166.045,167.2,653107
2023-04-25,166.85,167.2,164.89,165.14,703186
2023-04-26,164.0,165.04,163.05,163.42,663753
2023-04-27,163.52,167.65,163.45,167.61,983160
2023-04-28,167.57,168.515,166.89,168.31,766489
2023-05-01,168.69,171.77,168.69,170.92,965233
2023-05-02,170.9,171.58,167.8625,170.96,1760394
2023-05-03,172.49,173.17,171.6,171.98,1407096
2023-05-04,171.99,172.94,169.78,171.31,1761747
2023-05-05,171.96,174.45,171.765,173.73,821542
2023-05-08,173.45,173.85,171.36,172.61,1045520
2023-05-09,172.14,173.27,171.3,173.22,682269
2023-05-10,173.99,174.91,171.91,173.69,682827
2023-05-11,172.91,173.78,171.03,171.64,695103
2023-05-12,171.84,172.71,169.57,170.65,510842
2023-05-15,170.27,170.68,167.73,168.42,749786
2023-05-16,167.44,167.44,165.0,165.56,720853
2023-05-17,165.95,166.55,165.1501,166.36,617143
2023-05-18,166.11,166.11,163.08,164.78,620979
2023-05-19,164.89,165.895,163.79,164.77,689071
2023-05-22,165.19,165.71,162.425,163.17,763947
2023-05-23,161.51,162.63,160.2,160.47,600041
2023-05-24,161.28,161.28,158.22,158.32,552839
2023-05-25,157.88,159.18,156.83,158.55,676427
2023-05-26,158.37,158.5456,156.92,157.21,758903
2023-05-30,156.67,157.85,155.56,157.7,931513
2023-05-31,147.81,150.18,145.3,148.93,2550922
2023-06-01,150.35,150.98,147.915,149.22,1276386
2023-06-02,149.86,153.51,149.4098,153.35,1020340
2023-06-05,153.49,153.49,150.975,152.0,843556
2023-06-06,151.62,153.53,151.38,152.3,643628
2023-06-07,152.04,153.58,151.275,153.36,922601
2023-06-08,153.48,154.21,152.53,154.15,752106
2023-06-09,154.49,156.615,153.405,155.82,849512
2023-06-12,156.36,158.305,155.62,158.13,994821
2023-06-13,157.81,159.38,157.48,159.13,879661
2023-06-14,159.25,160.6,158.09,158.72,716910
2023-06-15,159.86,162.05,159.39,161.65,794347
2023-06-16,163.46,163.64,160.83,161.47,1381978
2023-06-20,161.04,161.5,158.25,159.59,913124
2023-06-21,158.68,162.23,158.52,161.47,794763
2023-06-22,161.615,162.45,160.37,161.49,592309
2023-06-23,161.22,161.22,158.58,159.67,1330159
2023-06-26,160.07,163.39,160.07,162.65,890874
2023-06-27,163.3,165.8,163.05,164.95,925449
2023-06-28,165.11,165.87,163.78,165.14,776808
2023-06-29,165.05,166.71,164.475,166.06,543918
2023-06-30,167.17,169.65,166.01,169.23,823620
2023-07-03,168.51,169.11,167.13,167.99,631566
2023-07-05,167.84,167.96,166.335,166.97,796346
2023-07-06,166.12,166.9,163.83,165.07,892794
2023-07-07,164.68,165.73,164.43,165.42,925961
2023-07-10,165.42,168.65,165.255,166.88,708513
2023-07-11,167.48,169.8,167.0,168.74,673712
2023-07-12,169.99,170.57,168.55,169.75,755474
2023-07-13,168.64,169.035,164.73,164.77,999860
2023-07-14,164.57,166.265,164.01,165.94,1160979
2023-07-17,165.49,167.305,165.29,166.67,702737
2023-07-18,167.12,168.51,166.43,167.27,904978
2023-07-19,167.78,168.84,166.81,168.07,997573
2023-07-20,160.61,161.28,154.68,155.17,2260762
2023-07-21,155.0,157.925,153.875,156.31,1485413
2023-07-24,156.87,157.91,155.98,157.55,904292
2023-07-25,157.05,158.25,155.545,157.83,691902
2023-07-26,157.3,158.565,157.2,157.97,648410
2023-07-27,158.02,158.25,155.32,155.81,1134786
2023-07-28,156.87,157.44,155.575,156.33,669804
2023-07-31,156.94,157.21,154.73,155.72,1703921
2023-08-01,155.96,157.07,155.3,156.77,945312
2023-08-02,156.36,157.0,155.02,155.35,801001
2023-08-03,155.28,156.52,154.17,155.69,931349
2023-08-04,156.35,157.5,155.411,155.5,660834
2023-08-07,156.41,157.19,155.94,156.47,743398
2023-08-08,155.28,155.96,152.93,155.37,1034108
2023-08-09,155.56,156.975,155.05,156.51,1213064
2023-08-10,155.63,158.02,155.33,156.17,952632
2023-08-11,156.54,158.6,156.25,157.99,696512
2023-08-14,157.3,157.89,155.875,157.14,1067322
2023-08-15,156.89,156.99,154.64,154.78,862244
2023-08-16,155.66,157.65,155.505,156.45,898128
2023-08-17,156.61,157.58,154.27,154.31,565344
2023-08-18,153.25,156.05,153.25,154.87,646170
2023-08-21,154.68,155.203,152.85,153.88,776863
2023-08-22,153.64,154.22,152.75,153.12,542069
2023-08-23,152.98,154.54,152.98,154.36,630027
2023-08-24,153.91,154.7051,152.45,152.54,544754
2023-08-25,153.38,154.25,152.42,153.04,666193
2023-08-28,152.94,154.52,152.61,153.46,549386
2023-08-29,153.51,155.06,152.5685,155.0,780463
2023-08-30,154.72,157.43,154.53,155.73,517125
2023-08-31,155.83,156.14,153.67,153.73,996482
2023-09-01,154.8,155.1,153.73,155.08,575324
2023-09-05,154.51,154.51,151.875,152.34,892869
2023-09-06,151.75,152.61,151.0,151.78,824541
2023-09-07,150.6,151.18,149.43,151.01,1055835
2023-09-08,150.82,151.26,149.59,149.99,694037
2023-09-11,150.39,150.69,148.4,148.71,698071
2023-09-12,148.61,148.63,146.6,147.28,892603
2023-09-13,147.74,149.15,147.56,148.47,684768
2023-09-14,149.18,150.28,148.735,150.2,566270
2023-09-15,150.3,150.3,148.7235,148.83,932525
2023-09-18,148.7,149.63,147.92,148.07,483460
2023-09-19,147.48,148.92,146.45,148.54,797048
2023-09-20,149.14,150.65,148.295,149.26,796287
2023-09-21,148.57,148.63,145.61,145.64,780544
2023-09-22,145.48,147.3,145.36,146.35,569793
2023-09-25,146.1,147.925,146.1,146.99,732896
2023-09-26,146.23,146.62,142.85,143.0,850278
2023-09-27,143.75,144.0,141.67,142.31,1074589
2023-09-28,142.44,143.44,141.58,143.26,1018906
2023-09-29,144.76,145.6,143.875,144.38,994022
2023-10-02,143.6,146.14,142.91,145.18,1329019
2023-10-03,144.96,144.96,139.665,140.57,1419478
2023-10-04,140.81,143.53,140.18,143.01,999180
2023-10-05,143.14,143.85,142.1468,142.69,691713
2023-10-06,142.33,145.0,141.725,144.06,810421
2023-10-09,144.42,147.085,144.15,146.69,1231117
2023-10-10,147.17,148.59,146.85,147.64,1080215
2023-10-11,147.91,148.225,145.935,146.77,871434
2023-10-12,146.67,148.35,145.57,147.28,1092699
2023-10-13,147.79,148.4593,146.03,147.04,769254
2023-10-16,148.59,150.38,148.385,149.69,986524
2023-10-17,148.97,150.91,148.39,150.21,813825
2023-10-18,149.6,150.32,148.36,148.73,910680
2023-10-19,142.28,143.84,129.91,130.12,2671280
2023-10-20,130.6,133.35,128.39,128.63,1873028
2023-10-23,128.23,129.65,126.85,128.26,1770653
2023-10-24,129.26,129.88,128.27,128.79,1429099
2023-10-25,128.66,129.75,127.64,128.43,973957
2023-10-26,128.67,129.64,127.45,128.93,1260758
2023-10-27,128.97,129.485,126.54,127.12,889248
2023-10-30,127.58,128.51,126.35,127.52,973119
2023-10-31,127.68,129.47,127.44,128.86,2163369
2023-11-01,128.83,129.2,127.645,128.78,1051243
2023-11-02,129.58,130.835,127.92,130.69,1251009
2023-11-03,132.63,134.57,132.483,134.02,842410
2023-11-06,133.79,134.45,132.9522,133.68,940035
2023-11-07,133.74,135.67,133.3,135.54,1016636
2023-11-08,135.55,135.59,134.01,134.46,1025764
2023-11-09,135.11,135.76,134.43,135.04,874768
2023-11-10,135.39,136.54,134.54,136.16,735627
2023-11-13,135.45,136.115,134.39,135.39,767495
2023-11-14,137.45,138.77,137.45,138.26,952210
2023-11-15,138.59,139.53,137.6,137.87,792052
2023-11-16,137.07,138.3,136.59,137.47,1042072
2023-11-17,138.55,138.94,136.78,137.41,1481413
2023-11-20,137.27,137.928,136.0,137.35,709522
2023-11-21,136.86,138.2,136.75,137.47,648867
2023-11-22,138.2,138.24,136.83,137.77,879155
2023-11-24,137.77,138.4076,137.4,137.4,407735
2023-11-27,137.0,137.0,135.06,135.06,984731
2023-11-28,135.4,135.62,134.15,134.36,934969
2023-11-29,134.52,135.37,133.68,133.86,786558
2023-11-30,133.68,134.0,131.78,132.78,1837217
2023-12-01,133.48,135.25,132.545,134.7,1423334
2023-12-04,134.21,137.63,134.21,137.32,2150829
2023-12-05,136.77,136.77,133.8101,134.03,1325033
2023-12-06,134.99,137.25,134.5,136.5,1058126
2023-12-07,135.94,136.27,134.28,134.28,1018690
2023-12-08,134.8,135.48,132.8,132.98,1188424
2023-12-11,134.49,135.97,134.2,135.6,1055005
2023-12-12,135.44,135.65,134.56,135.63,711722
2023-12-13,136.17,137.92,135.06,137.61,1008380
2023-12-14,139.0,141.57,138.49,139.87,1259101
2023-12-15,138.96,140.04,137.3,138.39,2662208
2023-12-18,138.65,139.83,137.86,139.61,853889
2023-12-19,139.94,140.4841,138.4,138.95,906207
2023-12-20,138.38,139.63,136.79,136.85,793214
2023-12-21,138.26,138.765,137.06,138.47,759376
2023-12-22,138.43,139.92,138.0279,138.98,452413
2023-12-26,138.99,139.48,137.98,138.62,484386
2023-12-27,138.76,139.58,138.09,138.77,519977
2023-12-28,138.57,138.7,137.51,138.39,602965
2023-12-29,138.11,138.858,137.64,138.5,705830
2024-01-02,138.2,140.73,137.76,138.09,790597
2024-01-03,137.6,138.82,135.85,136.15,1145498
2024-01-04,135.2,136.97,135.0,136.16,984372
2024-01-05,135.34,137.72,135.2,136.62,818526
2024-01-08,136.9,138.47,136.005,138.46,866006
2024-01-09,137.51,138.82,136.31,137.2,912921
2024-01-10,137.54,138.4713,137.1227,137.67,787382
2024-01-11,137.73,138.61,136.5,138.43,904518
2024-01-12,139.33,140.29,138.3497,138.8,699520
2024-01-16,138.47,139.83,138.24,139.8,987979
2024-01-17,139.11,140.11,137.035,137.98,734221
2024-01-18,137.78,139.865,137.34,139.45,760947
2024-01-19,139.85,143.32,139.27,142.09,1268073
2024-01-22,142.05,144.0685,141.94,143.57,977176
2024-01-23,144.38,144.9299,142.22,143.02,910348
2024-01-24,143.53,143.57,141.22,141.67,701416
2024-01-25,142.52,143.005,141.61,142.52,640825
2024-01-26,143.37,143.37,142.45,142.63,648578
2024-01-29,142.9,143.68,141.71,142.74,710564
2024-01-30,142.55,143.44,141.6,143.25,719795
2024-01-31,143.88,144.22,139.7,140.23,1154526
2024-02-01,140.34,142.69,139.37,142.67,804582
2024-02-02,142.35,143.62,140.95,142.38,945797
2024-02-05,141.08,142.055,139.39,140.14,880377
2024-02-06,139.19,141.38,138.91,141.32,846121
2024-02-07,141.74,142.93,141.24,142.78,963027
2024-02-08,141.31,142.36,141.2,142.31,1255262
2024-02-09,142.35,143.21,141.43,143.18,867127
2024-02-12,143.54,145.88,143.435,145.14,1113429
2024-02-13,143.01,143.6,141.77,142.41,1218437
2024-02-14,143.04,144.155,142.32,144.04,1481662
2024-02-15,135.0,143.9,135.0,143.71,2619876
2024-02-16,143.09,144.5,142.64,142.93,1161509
2024-02-20,142.11,145.0,141.22,144.28,1146869
2024-02-21,144.63,145.975,143.3,144.46,1426932
2024-02-22,144.67,146.69,144.09,146.12,1125151
2024-02-23,146.28,148.1,146.1,147.88,1332346
2024-02-26,148.83,149.57,148.245,148.42,1051662
2024-02-27,149.58,150.84,148.85,150.57,820766
2024-02-28,151.05,152.6376,150.92,151.75,1154695
2024-02-29,151.4,151.74,148.615,149.26,2080740
2024-03-01,148.84,149.49,147.79,149.21,1141023
2024-03-04,149.3,150.59,149.21,149.97,820721
2024-03-05,149.93,151.085,149.14,149.94,1079496
2024-03-06,150.7,151.39,149.49,149.83,776001
2024-03-07,150.84,152.62,150.474,150.82,1080811
2024-03-08,150.64,151.36,150.06,150.96,1021346
2024-03-11,151.15,152.58,150.86,152.45,1279965
2024-03-12,152.9,154.4,152.18,154.01,870517
2024-03-13,154.48,154.91,153.42,153.49,1200176
2024-03-14,153.5,153.67,151.465,151.87,829240
2024-03-15,151.06,154.79,151.06,153.66,1693630
2024-03-18,154.01,154.94,153.25,153.47,988580
2024-03-19,153.77,155.27,153.535,155.07,804440
2024-03-20,155.54,155.815,154.19,155.31,895003
2024-03-21,155.63,157.7,155.3395,157.38,624069
2024-03-22,157.45,157.77,155.74,155.88,588695
2024-03-25,155.88,156.04,153.46,153.61,844716
2024-03-26,153.56,153.78,152.06,152.53,945952
2024-03-27,153.21,155.26,152.95,155.19,754901
2024-03-28,155.48,155.91,154.54,154.93,954290
2024-04-01,154.84,155.62,153.42,154.28,733388
2024-04-02,154.45,155.48,153.23,153.79,847222
2024-04-03,153.42,154.355,152.81,153.12,703009
2024-04-04,154.06,154.06,148.79,148.85,806577
2024-04-05,149.23,150.58,148.97,149.99,613198
2024-04-08,150.32,151.345,150.23,150.41,582331
2024-04-09,150.56,151.425,148.96,150.49,610191
2024-04-10,148.92,149.57,147.84,148.28,738451
2024-04-11,148.57,149.12,145.61,146.11,884036
2024-04-12,144.87,145.99,144.48,145.38,924762
2024-04-15,147.53,147.81,144.3,144.75,1177596
2024-04-16,144.67,145.88,144.3,144.55,1100381
2024-04-17,145.31,145.85,143.71,144.07,1763211
2024-04-18,155.88,164.45,155.88,160.23,3914741
2024-04-19,161.0,162.93,160.26,162.34,3396402
2024-04-22,162.81,163.54,160.95,163.09,1447214
2024-04-23,162.61,163.86,160.92,163.38,1113160
2024-04-24,163.07,163.73,161.22,161.8,1161661
2024-04-25,161.11,161.6,158.95,161.07,1452078
2024-04-26,160.62,162.14,159.82,159.93,1003681
2024-04-29,160.49,162.06,160.49,161.37,1055693
2024-04-30,160.34,160.37,156.915,157.21,1558983
2024-05-01,156.87,159.15,156.28,156.77,838678
2024-05-02,157.73,157.73,155.99,156.32,752562
2024-05-03,157.08,158.29,157.0,157.41,670520
2024-05-06,158.7,159.77,155.44,156.69,913789
2024-05-07,157.22,157.75,154.85,154.92,1181664
2024-05-08,154.04,155.0,153.52,154.35,928733
2024-05-09,154.84,155.64,154.35,155.34,704339
2024-05-10,155.98,155.98,154.08,155.27,753486
2024-05-13,155.82,157.61,155.635,157.53,876963
2024-05-14,158.65,158.65,154.93,155.58,678786
2024-05-15,156.0,157.17,154.63,155.01,557504
2024-05-16,154.74,155.215,153.575,154.1,602327
2024-05-17,154.84,154.84,152.2,152.89,581812
2024-05-20,152.84,153.44,151.76,151.93,561799
2024-05-21,151.83,152.12,150.13,151.51,845189
2024-05-22,151.16,151.97,149.01,149.59,895122
2024-05-23,149.01,149.01,145.56,145.65,731119
2024-05-24,146.28,146.6699,144.93,145.22,468616
2024-05-28,144.96,145.75,141.62,141.77,709605
2024-05-29,140.47,141.555,139.15,139.24,815241
2024-05-30,139.68,141.1,139.32,140.68,651649
2024-05-31,140.71,144.43,140.48,144.14,1500320
2024-06-03,144.94,145.45,142.93,144.11,812384
2024-06-04,143.52,144.78,143.52,144.77,860605
2024-06-05,144.92,145.16,142.6,142.99,696655
2024-06-06,142.99,144.64,142.865,144.61,818686
2024-06-07,143.04,146.335,142.6,145.19,916585
2024-06-10,144.64,144.845,141.51,142.47,813042
2024-06-11,142.15,142.3,140.89,142.04,767531
2024-06-12,143.28,143.6083,142.22,142.79,598910
2024-06-13,142.0,142.39,139.52,140.91,1033576
2024-06-14,138.74,138.8,134.8495,136.7,1159285
2024-06-17,136.7,140.2,136.45,139.9,975735
2024-06-18,139.93,141.48,139.31,139.34,777339
2024-06-20,139.07,142.13,139.07,141.42,806757
2024-06-21,141.37,141.9,140.57,141.43,1589464
2024-06-24,141.69,142.96,141.48,142.05,640463
2024-06-25,141.59,141.59,138.92,139.1,641555
2024-06-26,138.16,138.552,137.17,138.07,603110
2024-06-27,138.07,138.545,136.13,137.4,872286
2024-06-28,136.89,138.68,136.58,138.32,1300635
2024-07-01,138.32,138.73,133.81,133.85,1224564
2024-07-02,133.65,136.34,133.38,135.98,1025486
2024-07-03,134.93,135.63,132.35,133.38,645170
2024-07-05,132.8,133.1,130.7,132.45,1439443
2024-07-08,132.98,133.93,132.18,132.88,838810
2024-07-09,132.63,132.88,130.82,131.04,924354
2024-07-10,131.56,132.54,130.62,132.48,757837
2024-07-11,133.07,136.58,133.07,136.51,1163524
2024-07-12,137.8,139.04,136.44,138.29,1017683
2024-07-15,137.61,142.15,137.37,141.23,1402665
2024-07-16,141.99,143.2,140.66,141.72,1392911
2024-07-17,141.49,144.16,141.26,144.06,927863
2024-07-18,143.0,144.31,140.185,140.26,965856
2024-07-19,140.62,140.95,137.43,138.26,3266040
2024-07-22,138.83,139.265,137.13,138.37,1245408
2024-07-23,136.0,139.27,134.39,137.21,2069323
2024-07-24,137.04,137.08,134.71,135.74,1269863
2024-07-25,135.53,140.67,135.48,137.97,1072489
2024-07-26,138.5,143.57,138.305,141.97,988185
2024-07-29,141.41,143.385,140.77,142.79,810073
2024-07-30,143.69,147.38,143.67,147.09,939595
2024-07-31,147.38,148.88,145.85,147.11,2488139
2024-08-01,147.62,149.22,142.4,143.48,1113835
2024-08-02,143.37,143.37,140.6,142.52,1062186
2024-08-05,141.87,141.87,137.18,138.35,1062233
2024-08-06,138.35,141.77,138.16,140.04,804827
2024-08-07,140.79,141.92,137.06,137.23,809356
2024-08-08,137.68,139.46,137.25,138.49,744180
2024-08-09,138.36,138.4894,136.38,137.18,513604
2024-08-12,137.28,137.49,135.31,135.63,856752
2024-08-13,136.01,137.21,135.26,136.85,463521
2024-08-14,137.06,137.55,136.64,137.19,451698
2024-08-15,138.92,139.95,137.99,138.56,588557
2024-08-16,138.85,139.46,138.28,138.86,624101
2024-08-19,139.25,139.54,138.15,138.68,583927
2024-08-20,138.52,139.585,138.22,139.53,582737
2024-08-21,140.58,143.97,139.99,143.66,828395
2024-08-22,142.98,143.27,140.82,141.36,497958
2024-08-23,142.41,143.57,141.58,142.21,525126
2024-08-26,143.25,144.49,141.83,143.0,798227
2024-08-27,142.9,143.17,142.08,142.71,649325
2024-08-28,142.85,143.54,141.89,142.51,755741
2024-08-29,143.34,143.57,141.77,142.28,476817
2024-08-30,142.77,143.42,141.545,143.26,821937
2024-09-03,142.99,144.44,141.53,143.19,739511
2024-09-04,143.34,144.17,139.35,141.2,742098
2024-09-05,141.38,141.885,135.01,137.34,1620458
2024-09-06,136.31,137.79,134.05,134.3,932280
2024-09-09,134.91,136.84,133.24,136.61,824065
2024-09-10,136.84,136.89,134.72,135.76,726627
2024-09-11,135.0,135.29,132.3101,135.05,775857
2024-09-12,135.06,136.24,133.21,136.21,669310
2024-09-13,137.06,137.8533,136.13,137.35,874325
2024-09-16,138.32,139.42,136.88,137.35,756188
2024-09-17,137.97,139.25,137.17,137.33,529930
2024-09-18,139.4,141.105,137.85,138.09,489708
2024-09-19,139.61,140.0,138.2,139.14,528018
2024-09-20,138.59,138.68,135.97,137.02,1358220
2024-09-23,137.13,137.93,136.11,137.74,932233
2024-09-24,137.4,139.9,137.06,139.66,846492
2024-09-25,140.16,140.16,138.0401,138.52,888317
2024-09-26,139.2,141.63,138.7819,141.5,686403
2024-09-27,142.34,143.58,141.03,141.24,618195
2024-09-30,141.24,141.34,138.91,139.68,680735
2024-10-01,139.55,140.5077,138.01,139.65,764912
2024-10-02,138.74,139.675,137.8815,138.77,666305
2024-10-03,137.85,138.025,136.31,136.57,553422
2024-10-04,137.46,138.31,136.28,136.7,649623
2024-10-07,136.03,136.57,134.8,134.99,619793
2024-10-08,134.0,134.3,132.76,133.67,716893
2024-10-09,134.14,134.97,133.12,133.76,807673
2024-10-10,133.76,134.57,133.01,133.44,613233
2024-10-11,133.68,137.735,133.68,137.24,864529
2024-10-14,136.91,139.6,136.6686,139.44,1025507
2024-10-15,139.46,142.245,139.46,140.41,1153892
2024-10-16,142.22,143.81,141.53,143.16,879677
2024-10-17,143.12,143.97,142.18,143.63,750489
2024-10-18,144.29,144.29,142.45,143.17,852075
2024-10-21,143.67,144.21,142.47,143.12,990109
2024-10-22,120.44,122.5399,112.74,113.11,6715564
2024-10-23,114.01,116.5,113.15,116.24,2768429
2024-10-24,114.42,115.86,112.925,113.11,2219367
2024-10-25,113.0,114.9587,113.0,114.24,2138120
2024-10-28,115.65,119.08,115.37,118.35,3932740
2024-10-29,117.19,118.52,116.575,117.28,2502178
2024-10-30,118.1,119.01,115.925,116.27,1532421
2024-10-31,116.0,116.97,114.08,114.7,2763124
2024-11-01,114.86,115.5199,113.29,113.61,1318782
2024-11-04,114.01,116.795,113.975,116.05,1216440
2024-11-05,116.03,116.69,115.255,116.6,1068269
2024-11-06,120.0,123.55,119.085,123.28,2574383
2024-11-07,123.19,124.79,122.38,123.04,1696267
2024-11-08,122.78,123.33,122.16,122.41,1220592
2024-11-11,122.96,124.58,122.0171,122.36,957990
2024-11-12,122.495,123.16,121.4,122.7,1535273
2024-11-13,122.795,124.475,122.095,123.68,1438688
2024-11-14,124.99,126.35,123.81,123.85,1430046
2024-11-15,124.6795,124.95,122.38,122.62,1077356
2024-11-18,123.0,125.0,122.85,124.19,905822
2024-11-19,122.91,124.0,121.19,121.26,1053892
2024-11-20,121.5,121.67,119.75,120.76,1043354
2024-11-21,121.5,122.767,120.29,122.69,973485
2024-11-22,123.0,125.06,123.0,124.8,953331
2024-11-25,126.345,130.6,126.345,129.47,1648818
2024-11-26,129.025,129.025,127.34,127.9,917520
2024-11-27,127.73,128.73,126.59,126.87,908029
2024-11-29,126.33,127.68,126.33,126.73,554476
2024-12-02,127.51,128.54,126.55,127.53,3119753
2024-12-03,127.44,127.92,126.105,127.37,923973
2024-12-04,126.55,127.52,125.78,125.89,796618
2024-12-05,126.155,126.155,123.86,124.62,1144255
2024-12-06,124.465,125.625,122.6702,123.42,931746
2024-12-09,124.2,127.58,124.1027,125.92,1291155
2024-12-10,125.465,126.54,123.23,125.4,928364
2024-12-11,125.0,125.48,122.82,122.99,1473954
2024-12-12,122.935,122.935,120.0201,121.78,937663
2024-12-13,122.5,122.5,120.28,121.22,936494
2024-12-16,121.0,121.38,118.51,118.58,1376888
2024-12-17,118.0,119.65,117.435,118.49,1280263
2024-12-18,118.38,119.7,115.53,115.59,1281108
2024-12-19,115.855,117.2,114.54,114.62,1589268
2024-12-20,114.805,116.67,113.48,115.73,2689411
2024-12-23,114.715,117.5,114.37,116.18,1134086
2024-12-24,116.09,117.29,115.565,117.29,346621
2024-12-26,116.37,117.66,116.225,116.55,884935
2024-12-27,115.95,117.6499,115.6075,116.96,846166
2024-12-30,116.41,117.005,115.34,115.82,1295263
2024-12-31,116.29,117.46,116.08,116.76,880039
2025-01-02,117.25,118.84,115.8716,116.06,1041385
2025-01-03,116.35,117.2223,114.8503,116.86,1218074
2025-01-06,116.9,119.2,116.87,117.37,1076893
2025-01-07,118.495,119.24,116.33,116.61,848221
2025-01-08,116.23,116.73,114.89,116.53,941106
2025-01-10,115.35,116.715,114.8,115.91,1245009
2025-01-13,115.545,117.43,115.1715,116.51,1301485
2025-01-14,116.645,117.795,116.14,117.02,1208440
2025-01-15,118.37,119.16,116.98,117.38,1225041
2025-01-16,118.88,119.98,117.6,119.42,1625919
2025-01-17,118.35,119.0737,116.59,118.52,2448066
2025-01-21,119.02,120.4,118.06,120.07,1451185
2025-01-22,120.085,120.22,115.545,117.66,4289828
2025-01-23,118.1,118.88,117.08,118.32,1223612
2025-01-24,117.47,118.595,116.64,117.23,1311809
2025-01-27,118.2,120.28,117.96,120.14,1705155
2025-01-28,119.0,119.58,117.23,117.31,1438328
2025-01-29,117.0,117.61,115.83,116.34,1755925
2025-01-30,116.795,118.52,116.56,118.16,1573797
2025-01-31,117.41,118.23,115.78,116.25,2336551
2025-02-03,114.985,116.375,113.29,115.92,1258513
2025-02-04,115.795,118.24,115.34,117.52,1308253
2025-02-05,117.85,118.8,117.56,118.34,1519566
2025-02-06,119.12,120.2,117.16,118.04,1973128
2025-02-07,118.04,119.6731,117.15,117.74,1440932
2025-02-10,118.44,119.07,117.57,118.44,1462269
2025-02-11,117.965,122.01,117.36,121.7,2012058
2025-02-12,120.125,122.3,120.1,122.26,1229324
2025-02-13,123.1,124.8,122.46,124.68,1572232
2025-02-14,124.965,126.685,124.13,124.9,1974003
2025-02-18,123.94,124.38,118.61,121.65,3047335
2025-02-19,120.98,122.56,119.5,122.07,1754687
2025-02-20,122.01,123.825,121.71,123.27,1709125
2025-02-21,123.445,123.51,121.61,121.63,1466231
2025-02-24,121.8,122.53,120.5049,122.18,1150332
2025-02-25,122.53,124.27,122.4157,123.13,1229436
2025-02-26,123.295,123.61,121.13,122.1,2195293
2025-02-27,121.585,123.3,121.51,122.69,1182620
2025-02-28,123.7,125.04,123.63,124.88,1814394
2025-03-03,125.75,126.76,123.61,124.0,1813520
2025-03-04,123.705,124.69,122.46,122.87,1409844
2025-03-05,122.79,124.6,122.42,123.62,1528449
2025-03-06,121.26,126.355,120.57,125.93,1289907
2025-03-07,123.88,127.815,123.88,127.17,1428411
2025-03-10,126.795,131.98,126.1665,129.02,1761999
2025-03-11,127.87,128.08,123.57,123.58,2433568
2025-03-12,122.0,122.5121,120.35,121.33,1458302
2025-03-13,120.8801,122.61,119.12,119.43,1430692
2025-03-14,119.905,122.44,119.44,122.0,944308
2025-03-17,121.93,123.87,121.87,123.48,1471220
2025-03-18,123.6,124.18,122.615,123.97,1280214
2025-03-19,124.13,125.01,123.425,124.59,1333776
2025-03-20,123.48,124.86,120.51,120.74,1687080
2025-03-21,119.98,120.54,117.7,118.78,3064763
2025-03-24,119.305,121.0676,119.2,120.67,830986
2025-03-25,120.6295,120.96,117.55,117.89,1830740
2025-03-26,118.125,119.43,117.99,118.46,2176758
2025-03-27,118.38,121.64,117.66,120.55,2353748
2025-03-28,119.8394,120.71,117.98,118.47,1016012
2025-03-31,118.075,119.86,117.75,119.14,1109945
2025-04-01,115.85,118.75,115.85,118.45,1540061
2025-04-02,118.495,120.53,117.35,120.07,1078798
2025-04-03,118.495,120.03,117.25,118.68,1545279
2025-04-04,119.1,119.92,116.38,116.81,1751477
2025-04-07,114.09,114.8,108.86,110.34,2877703
2025-04-08,113.11,114.19,104.62,105.54,2526691
2025-04-09,104.57,114.78,104.01,113.98,2578632
2025-04-10,112.78,113.91,108.9901,113.29,1979521
2025-04-11,113.94,115.35,111.44,115.25,1263932
2025-04-14,116.5,116.92,115.23,116.23,1177911
2025-04-15,116.54,117.225,114.28,114.31,1076459
2025-04-16,114.255,114.69,111.545,112.17,1005911
2025-04-17,112.41,114.44,112.41,114.1,1632739
2025-04-21,113.265,113.7,110.65,111.82,2080093
2025-04-22,116.065,118.555,112.47,114.95,2671847
2025-04-23,115.19,118.83,115.05,116.14,1846126
2025-04-24,116.03,117.19,113.81,117.09,1141388
2025-04-25,116.745,117.18,115.42,116.64,1171410
2025-04-28,117.065,118.61,115.99,117.52,1717869
2025-04-29,116.765,118.52,116.28,118.26,1142664
2025-04-30,117.62,118.09,115.47,117.55,1265479
2025-05-01,117.095,118.26,116.15,117.0,844108
2025-05-02,118.49,120.52,118.14,120.29,1135803
2025-05-05,119.8,120.18,118.07,118.7,968726
2025-05-06,117.735,118.49,116.99,117.02,978281
2025-05-07,117.125,117.765,115.68,115.96,1087524
2025-05-08,116.56,118.69,116.37,117.58,1002934
2025-05-09,117.795,118.304,116.76,117.42,769737
2025-05-12,119.83,122.625,119.83,121.99,1219407
2025-05-13,122.24,122.65,121.15,121.2,1017527
2025-05-14,121.055,124.78,119.505,124.24,3003523
2025-05-15,124.175,127.6,124.125,127.48,1693684
2025-05-16,127.6,129.6,127.465,128.67,2063023
2025-05-19,127.8325,129.37,127.0,129.09,1132118
2025-05-20,129.025,129.26,127.905,128.02,1062025
2025-05-21,125.34,127.52,124.98,125.09,1294990
2025-05-22,124.925,127.54,124.77,126.89,924436
2025-05-23,125.465,126.71,124.57,126.21,978633
2025-05-27,127.34,127.7,125.94,127.27,1146077
2025-05-28,127.62,128.385,125.81,125.94,834853
2025-05-29,126.06,126.71,124.76,126.37,1154036
2025-05-30,126.16,127.32,124.78,126.52,2359443
2025-06-02,126.09,128.31,124.79,128.27,1131740
2025-06-03,128.215,128.96,127.02,127.75,998121
2025-06-04,127.765,127.99,126.21,126.28,691311
2025-06-05,126.565,126.6499,125.2201,126.16,734957
2025-06-06,126.14,126.29,125.01,125.27,664087
2025-06-09,125.34,125.89,122.955,125.25,791747
2025-06-10,125.65,127.22,124.765,126.54,1063260
2025-06-11,126.225,126.225,123.095,123.3,980055
2025-06-12,122.65,122.65,120.6601,122.13,1501446
2025-06-13,121.17,121.88,119.175,119.68,1231227
2025-06-16,120.685,120.71,119.855,120.5,1351825
2025-06-17,119.935,120.595,119.1,119.33,1210248
2025-06-18,119.435,120.015,118.67,118.87,987450
2025-06-20,119.29,119.81,118.51,119.77,1665847
2025-06-23,119.98,121.42,119.095,121.29,1123135
2025-06-24,121.535,121.905,120.705,121.2,740525
2025-06-25,121.125,121.22,118.76,119.15,681151
2025-06-26,119.385,120.02,117.305,119.06,922301
2025-06-27,119.255,120.625,119.255,120.48,1000769
2025-06-30,119.89,121.52,119.56,121.31,1174040
2025-07-01,121.105,126.47,120.6301,125.34,1688018
2025-07-02,126.15,127.65,124.45,127.47,1040196
2025-07-03,127.375,127.955,126.5,127.41,495193
2025-07-07,127.03,127.715,124.705,125.53,895651
2025-07-08,125.45,126.86,124.4,126.68,998788
2025-07-09,126.02,126.61,124.5701,125.25,1101574
2025-07-10,124.935,127.165,124.3823,126.02,1428065
2025-07-11,124.51,125.06,123.22,124.54,896089
2025-07-14,124.52,125.2385,123.16,124.41,1106850
2025-07-15,124.585,124.7954,122.19,122.23,731839
2025-07-16,122.225,122.6,120.38,122.55,784575
2025-07-17,122.06,123.85,122.06,123.53,945240
2025-07-18,123.765,124.5,121.74,122.91,1460565
2025-07-21,123.11,125.18,122.695,123.89,1570305
2025-07-22,122.895,133.48,122.35,133.31,3074079
2025-07-23,133.435,135.195,132.64,134.68,1596885
2025-07-24,134.05,134.55,132.92,133.21,1304296
2025-07-25,133.15,133.79,131.93,133.7,823068
2025-07-28,133.425,133.75,131.776,133.07,1192803
2025-07-29,132.955,133.587,132.07,133.46,1353657
2025-07-30,133.46,133.77,131.04,132.03,1975103
2025-07-31,130.7,131.99,128.3301,128.88,2190674
2025-08-01,130.05,130.05,126.0,128.3,1655855
2025-08-04,128.21,131.56,127.88,131.26,1241856
2025-08-05,131.75,133.02,131.046,132.57,1277653
2025-08-06,132.98,133.84,132.29,133.45,958012
2025-08-07,133.76,134.655,131.74,133.97,747224
2025-08-08,133.69,134.03,132.91,133.09,627259
2025-08-11,133.14,134.03,131.87,133.4,779314
2025-08-12,133.705,134.85,133.325,134.76,847052
2025-08-13,134.65,138.53,134.65,138.05,1321923
2025-08-14,135.99,137.87,135.73,137.77,968655
2025-08-15,138.335,138.9,137.22,137.8,1285449
2025-08-18,137.8,138.1,136.92,137.14,1250558
2025-08-19,137.545,139.8,137.545,138.75,681022
2025-08-20,139.145,139.62,136.8,136.99,635800
2025-08-21,136.195,136.81,135.14,136.33,643014
2025-08-22,137.0,140.81,136.98,139.5,943386
2025-08-25,138.595,139.61,138.27,139.25,791823
2025-08-26,139.33,140.66,138.66,138.75,859909
2025-08-27,139.0,140.02,138.3002,139.85,1924305
2025-08-28,139.72,140.0,138.41,139.31,755745
2025-08-29,139.485,140.49,138.67,139.33,675888
2025-09-02,138.52,139.18,136.03,136.03,1022327
2025-09-03,136.23,136.86,135.23,136.27,711235
2025-09-04,142.75,143.48,137.24,141.25,3464936
2025-09-05,140.575,142.16,138.055,139.5,2049951
2025-09-08,139.41,140.08,137.74,139.85,1480929
2025-09-09,139.435,139.735,137.5718,138.95,1019365
2025-09-10,138.705,139.73,138.01,139.49,1825144
2025-09-11,139.37,143.105,138.74,142.77,1125909
2025-09-12,141.985,142.5,140.605,141.28,856805
2025-09-15,140.83,141.04,138.98,139.04,1454538
2025-09-16,139.715,140.735,138.91,139.63,1884925
2025-09-17,139.68,142.11,139.05,139.23,1693571
2025-09-18,138.235,139.6,137.57,137.91,952411
2025-09-19,138.75,138.75,136.67,137.33,1444820
2025-09-22,141.0,141.46,137.43,137.96,1437099
2025-09-23,137.73,139.76,137.73,138.66,1572405
2025-09-24,138.05,139.68,137.78,138.61,911491
2025-09-25,138.01,138.66,135.97,136.26,941617
2025-09-26,136.385,138.3164,135.9707,137.69,728680
2025-09-29,137.82,139.375,137.12,139.22,1220384
2025-09-30,139.0,139.82,137.895,138.6,1033114
2025-10-01,138.63,139.5,137.61,138.17,801417
2025-10-02,138.165,140.755,137.98,140.39,1164160
2025-10-03,140.39,140.6075,139.345,139.73,717685
2025-10-06,139.52,139.52,138.08,138.45,935812
2025-10-07,138.465,138.49,135.69,136.01,820744
2025-10-08,135.348,135.9,133.57,133.68,928561
2025-10-09,133.05,133.05,130.32,131.52,1028729
2025-10-10,130.93,132.4175,129.995,130.34,1017533
2025-10-13,131.315,131.86,130.23,131.7,957765
2025-10-14,130.863,133.99,130.863,133.66,736277
2025-10-15,132.823,135.32,132.823,133.55,652551
2025-10-16,134.1612,134.1612,132.43,133.77,818228
2025-10-17,134.13,134.56,132.925,133.1,1314718
2025-10-20,133.4,133.52,131.31,131.81,1668643
2025-10-21,133.0,136.87,130.6154,134.51,2768774
2025-10-22,134.05,134.73,132.68,132.86,1347282
2025-10-23,132.86,133.68,129.935,133.26,1614963
2025-10-24,133.99,133.99,130.85,130.93,1293541
2025-10-27,131.13,131.43,129.79,131.42,1181819
2025-10-28,130.42,132.97,130.42,131.66,921710
2025-10-29,131.005,131.8,128.63,129.15,1012988
2025-10-30,128.51,131.57,128.245,128.4,713531
2025-10-31,127.11,128.38,126.5,127.31,1050812
2025-11-03,126.965,126.965,123.025,123.61,1616081
2025-11-04,123.01,123.48,121.6,122.69,1392857
2025-11-05,122.615,125.29,122.46,124.59,1612646
2025-11-06,124.01,125.29,123.47,125.03,1130289
2025-11-07,125.09,127.2,124.925,126.66,935521
2025-11-10,126.55,127.26,124.895,125.16,1288857
2025-11-11,126.065,127.5,125.005,127.29,788336
2025-11-12,127.33,128.9,126.96,127.1,1294039
2025-11-13,128.17,130.23,127.26,127.73,1094333
2025-11-14,127.73,128.6,126.86,127.26,1043443
2025-11-17,127.08,127.94,125.97,126.58,1119456
2025-11-18,125.366,127.12,125.04,126.21,1222111
2025-11-19,126.17,126.4277,124.32,125.4,1087626
2025-11-20,125.495,127.24,124.72,125.03,909000
2025-11-21,125.7,130.21,125.61,128.56,1156662
2025-11-24,128.55,128.66,126.43,126.51,1168027
2025-11-25,127.55,129.375,126.94,128.87,2084159
2025-11-26,128.4,130.25,128.4,129.86,1103583
2025-11-28,130.15,131.05,129.73,130.4,315364
2025-12-01,129.9,131.73,129.22,129.95,901090
2025-12-02,129.57,129.97,128.03,128.95,847849
2025-12-03,129.91,130.9899,129.47,129.47,1092169
2025-12-04,130.26,130.63,128.99,130.33,771318
2025-12-05,129.33,130.44,128.4001,130.24,861561
2025-12-08,130.235,130.235,128.0575,128.37,1614184
2025-12-09,127.665,127.79,124.645,126.53,2058160
2025-12-10,127.07,131.925,126.87,131.24,1508869
2025-12-11,131.975,134.13,131.975,133.96,1104476
2025-12-12,134.33,135.0,131.41,131.55,867910
2025-12-15,132.01,132.62,131.11,131.91,2209801
2025-12-16,132.055,132.29,129.34,129.46,883035
2025-12-17,128.705,130.27,127.69,128.06,1224630
2025-12-18,128.43,128.66,125.23,125.93,1035728
2025-12-19,125.66,126.42,125.24,125.46,1870102
2025-12-22,125.0,125.9629,124.3,125.19,989938
2025-12-23,125.98,126.0799,123.61,123.86,650295
2025-12-24,124.11,125.96,123.41,125.49,487354
2025-12-26,125.4,126.15,124.96,125.9,580023
2025-12-29,126.48,126.48,124.06,124.42,630047
2025-12-30,124.4,124.7082,123.62,124.03,724480
2025-12-31,123.71,124.39,122.94,122.96,665896
2026-01-02,122.96,124.8155,122.31,124.0,893937
2026-01-05,122.9,123.76,122.56,123.38,1135854
2026-01-06,122.65,124.89,122.0,124.5,1025265
2026-01-07,124.665,125.35,122.1712,122.56,739028
2026-01-08,121.8,127.32,121.404,126.73,1236778
2026-01-09,127.475,128.5,125.95,128.34,1518584
2026-01-12,127.93,129.66,127.34,129.21,1264093
2026-01-13,129.21,132.0,128.95,131.97,869366
2026-01-14,132.2251,134.165,131.915,133.8,889113
2026-01-15,133.79,136.4,132.96,136.16,1775828
2026-01-16,135.725,137.12,134.99,136.94,961758
2026-01-20,135.435,135.435,130.9618,131.97,1096880
2026-01-21,132.34,136.3,132.0901,136.24,867129
2026-01-22,136.625,138.0,136.03,136.84,801964
2026-01-23,136.74,138.1,136.605,137.63,824022
2026-01-26,138.5,140.1,137.195,139.18,929699
2026-01-27,139.125,139.73,137.21,139.38,1376378
2026-01-28,139.09,140.88,138.185,140.02,1278409
2026-01-29,140.52,141.56,137.72,138.88,986299
2026-01-30,138.25,138.99,136.2601,138.99,2047353
2026-02-02,139.115,141.28,137.44,141.26,865554
2026-02-03,140.875,145.2,140.34,142.84,1279548
2026-02-04,143.775,148.3,143.775,147.95,1340994
2026-02-05,147.275,147.5,144.825,146.21,1435065
2026-02-06,146.005,148.58,145.53,148.51,883495
2026-02-09,148.0,149.275,145.73,146.02,1203156
2026-02-10,147.0225,148.1185,146.29,146.68,838024
2026-02-11,147.365,149.8,147.365,149.26,1005373
2026-02-12,149.98,151.57,146.5,147.61,1884553
2026-02-13,147.3,149.29,146.34,147.16,1203449
2026-02-17,137.38,137.38,125.54,125.74,4107562
2026-02-18,123.14,124.315,119.36,120.91,2668319
2026-02-19,120.27,121.09,118.14,119.37,1916371
2026-02-20,118.8,120.0,116.375,118.06,2276890
2026-02-23,117.32,118.15,115.735,116.16,1506548
2026-02-24,118.0,121.01,117.84,118.82,2379067
2026-02-25,118.52,119.24,115.87,116.92,2098640
2026-02-26,117.515,118.0,115.44,116.86,1336398
2026-02-27,116.01,119.57,115.06,119.26,1468220
2026-03-02,117.54,118.63,116.13,118.55,1133165
2026-03-03,116.0,117.365,113.84,116.42,1123224
2026-03-04,116.75,117.05,115.205,115.64,1280886
2026-03-05,115.375,117.13,115.35,117.11,1295913
2026-03-06,115.28,115.79,113.18,115.52,1099730
2026-03-09,114.39,114.5554,110.7659,111.84,1584835
2026-03-10,111.3,111.8,108.89,108.96,1813396
2026-03-11,109.0,114.78,108.14,109.2,3380079
2026-03-12,108.75,109.325,106.77,107.01,3482710
2026-03-13,107.68,108.01,105.02,105.74,1722360
2026-03-16,106.0,106.5,103.4225,104.01,2414434
2026-03-17,104.72,105.225,102.58,102.82,2981786
2026-03-18,101.37,102.44,100.48,100.72,2052182
2026-03-19,99.9,100.52,98.14,99.09,2242993
2026-03-20,99.0,99.96,96.08,96.38,3982760
2026-03-23,98.74,102.72,97.46,101.06,2776977
2026-03-24,99.5,103.41,99.5,103.01,2155979
2026-03-25,103.975,105.68,103.485,105.12,2327993
2026-03-26,104.46,106.48,104.39,105.28,1821454
2026-03-27,105.08,105.7,104.18,105.02,3343500
2026-03-30,104.76,105.63,103.41,104.35,1883881
2026-03-31,105.92,106.05,103.84,105.75,2577740
2026-04-01,105.75,105.945,104.56,105.18,2871397
2026-04-02,105.35,106.17,102.925,103.47,1938022
2026-04-06,102.28,105.17,102.28,105.15,1611150
2026-04-07,104.56,105.3,103.5,103.84,1308526
2026-04-08,106.62,107.72,105.84,107.41,1893950
2026-04-09,107.15,109.135,105.84,108.56,2196482
2026-04-10,109.24,109.53,106.985,107.51,1812279
2026-04-13,107.46,109.86,106.585,109.79,2349069
2026-04-14,109.49,110.59,108.73,109.9,1611671
2026-04-15,109.5,110.48,108.24,110.44,2142461
2026-04-16,110.68,111.83,110.18,111.18,1380439
2026-04-17,111.93,115.83,111.93,113.79,2036137
2026-04-20,113.75,113.75,111.72,112.59,2171192
2026-04-21,114.75,116.77,110.8725,115.0,2866917
2026-04-22,114.88,115.86,111.495,111.74,2483537
2026-04-23,111.9,112.33,109.17,109.79,1639676
2026-04-24,109.36,109.89,108.31,108.74,1111035
2026-04-27,108.29,109.65,105.5901,106.56,1698695
2026-04-28,107.6,108.0,104.93,105.41,977389
2026-04-29,104.06,104.835,102.85,103.28,1106569
2026-04-30,103.91,107.24,103.89,107.23,2223377
2026-05-01,107.69,108.03,104.25,104.99,1751995
2026-05-04,104.08,105.89,103.48,103.52,1262884
2026-05-05,102.93,105.085,102.393,104.29,1071479
2026-05-06,105.85,106.82,104.26,105.49,1340309
2026-05-07,105.44,106.6699,105.0501,105.25,1342184
2026-05-08,106.37,106.68,104.5,104.72,955341
2026-05-11,104.16,104.36,100.98,101.42,1474037
2026-05-12,101.88,102.32954,100.55,100.74,1367631
2026-05-13,100.5,101.0,98.56,98.87,1526845
2026-05-14,99.43,100.065,96.75,97.19,2024707
2026-05-15,97.19,97.715,92.83,92.87,1740318
2026-05-18,93.31,94.255,92.11,93.17,2060819
2026-05-19,92.11,93.28,91.0,92.47,1379715
2026-05-20,92.13,95.55,90.78,94.97,1478192
2026-05-21,94.03,98.02,93.47,97.62,1564509
2026-05-22,97.6,98.75,97.17,97.87,959082
2026-05-26,96.52,97.47,95.57,97.05,1542176
2026-05-27,98.0,101.1,98.0,98.4,1784055
2026-05-28,97.75,99.37,97.08,99.26,1364583
2026-05-29,98.94,99.47,97.89,98.7,2427180
2026-06-01,97.51,98.61,96.445,97.26,1867505
2026-06-02,98.15,99.43,97.49,99.35,1338686
2026-06-03,98.675,99.76,98.01,98.28,1330167
2026-06-04,99.75,100.25,97.17,98.63,1468411
2026-06-05,97.66,98.98,96.95,98.15,1383732
2026-06-08,96.88,98.66,96.07,97.07,1374824
2026-06-09,97.52,100.23,97.22,99.41,1095160
2026-06-10,99.55,100.03,97.47,98.43,1048451
2026-06-11,99.02,102.425,98.81,102.26,1924254
2026-06-12,103.22,103.83,101.43,103.75,1514874
2026-06-15,104.5,105.78,104.48,104.64,2239891
2026-06-16,106.48,108.06,105.66,107.27,2004987
2026-06-17,106.64,109.57,105.47,106.12,3281028
2026-06-18,107.12,111.31,107.12,108.7,3660479
2026-06-22,106.68,107.89,105.02,105.11,2110201
2026-06-23,105.5,107.6799,104.81,106.47,1649198
2026-06-24,107.54,110.97,107.455,110.73,1255768
2026-06-25,110.83,114.585,110.185,112.99,1397858
2026-06-26,112.67,116.62,112.67,116.02,2841715
2026-06-29,114.92,117.2,114.38,117.18,1653098
2026-06-30,117.15,118.335,116.065,117.98,1356598
2026-07-01,118.0,119.65,116.94,117.4,1367289
