date,open,high,low,close,volume
2005-02-25,29.2761,29.8175,29.1994,29.7875,647718
2005-02-28,29.7427,30.2082,29.7157,30.2082,841022
2005-03-01,30.1614,30.6578,30.1614,30.595,735386
2005-03-02,30.4176,30.901,30.4076,30.5571,667598
2005-03-03,30.5102,31.0515,30.4444,31.0057,677866
2005-03-04,31.0057,31.2858,30.7056,31.1751,719775
2005-03-07,31.1183,31.5101,31.1084,31.3506,439435
2005-03-08,31.3785,31.5469,31.0236,31.0515,713147
2005-03-09,31.0236,31.2758,30.8272,30.9758,378923
2005-03-10,30.9758,31.2858,30.9758,31.1472,467875
2005-03-11,31.1472,31.2858,30.9758,31.0156,298515
2005-03-14,31.0515,31.5291,31.0515,31.4633,372508
2005-03-15,31.4533,31.6895,31.3785,31.4443,477712
2005-03-16,31.3875,31.4533,31.0984,31.2559,552131
2005-03-17,31.2559,31.6407,31.2559,31.4533,391107
2005-03-18,31.4533,31.6037,31.3785,31.5849,542077
2005-03-21,31.5849,31.5849,31.3327,31.4811,341713
2005-03-22,31.4732,31.846,31.4243,31.4911,1124997
2005-03-23,31.3785,31.5849,31.3327,31.4154,471086
2005-03-24,31.4443,31.5569,31.1831,31.1831,316691
2005-03-28,31.2758,31.3137,30.9468,31.0057,346201
2005-03-29,30.9758,31.0794,30.4544,30.5102,344063
2005-03-30,30.5102,30.9858,30.5102,30.901,320112
2005-03-31,30.901,30.91,30.5571,30.6308,378064
2005-04-01,30.91,30.9758,30.0537,30.1434,818998
2005-04-04,30.1883,30.2272,29.9481,30.1614,441998
2005-04-05,30.2082,30.8372,30.2082,30.4544,305147
2005-04-06,30.4913,30.6308,30.3687,30.3786,466164
2005-04-07,30.282,30.7056,30.2461,30.6866,289966
2005-04-08,30.576,30.8472,30.576,30.6768,402869
2005-04-11,30.6578,30.6866,30.3009,30.3009,258318
2005-04-12,30.3308,30.613,30.1185,30.3886,300658
2005-04-13,30.3786,30.3786,29.6959,29.7975,252755
2005-04-14,29.9769,30.0707,29.6101,29.7975,548704
2005-04-15,29.8075,29.8175,29.2463,29.4277,2018836
2005-04-18,29.3141,29.4785,29.1715,29.2094,825414
2005-04-19,29.334,29.9769,29.2941,29.9111,508289
2005-04-20,29.9291,30.3398,29.9291,30.0707,881438
2005-04-21,30.1185,30.604,30.1185,30.3208,449273
2005-04-22,30.3208,30.3886,29.9111,30.0437,433660
2005-04-25,30.282,30.6308,30.2461,30.6308,370369
2005-04-26,30.585,30.6218,30.0158,30.0437,424038
2005-04-27,30.0347,30.0347,29.3729,29.6391,872669
2005-04-28,29.6959,29.8274,28.8336,28.8634,778370
2005-04-29,30.8652,31.7823,30.2541,31.6507,1908076
2005-05-02,31.4154,32.3972,31.4064,32.3793,921425
2005-05-03,32.7352,33.8107,32.6884,33.0891,1518033
2005-05-04,33.0891,33.5297,32.7162,32.9046,1650824
2005-05-05,33.099,33.099,32.1092,32.4062,856201
2005-05-06,32.6414,32.9236,32.5278,32.793,794188
2005-05-09,32.8508,32.8798,32.5946,32.7162,413987
2005-05-10,32.6604,32.6784,32.3793,32.5188,258739
2005-05-11,32.5188,32.6514,32.2507,32.5946,379561
2005-05-12,32.6316,33.0891,32.472,32.5188,309847
2005-05-13,32.472,32.5946,32.0245,32.2687,308994
2005-05-16,32.0334,32.463,31.9098,32.3235,385120
2005-05-17,32.3235,32.9485,32.2507,32.8508,293812
2005-05-18,32.7352,33.3821,32.7352,33.2486,237573
2005-05-19,33.2964,33.6513,33.2197,33.6243,352193
2005-05-20,33.5865,33.5865,32.8957,32.9874,334655
2005-05-23,33.0143,33.127,32.7162,32.9146,682355
2005-05-24,32.8698,32.8698,32.4262,32.5368,431098
2005-05-25,32.499,32.499,31.7543,32.0334,382127
2005-05-26,32.156,32.2876,32.0523,32.156,572015
2005-05-27,32.2208,32.9236,32.2208,32.7542,547208
2005-05-31,32.803,32.8957,32.6216,32.6884,528818
2005-06-01,32.7352,32.823,32.5188,32.6784,375924
2005-06-02,32.6414,32.7442,32.482,32.6414,246337
2005-06-03,32.6514,32.8508,32.2876,32.3524,201433
2005-06-06,32.3155,32.5278,32.2109,32.5188,243348
2005-06-07,32.482,32.9146,32.482,32.783,526895
2005-06-08,32.9046,32.9684,32.6216,32.7072,331235
2005-06-09,32.7352,33.2585,32.7162,33.2585,442860
2005-06-10,33.1459,33.3143,32.9326,32.9874,227092
2005-06-13,32.9684,32.9784,32.5278,32.7641,238217
2005-06-14,32.773,32.8957,32.4062,32.6514,137711
2005-06-15,32.7352,33.2396,32.6514,33.2396,265798
2005-06-16,33.3522,33.4838,33.0492,33.2486,255535
2005-06-17,33.3243,33.4101,33.1638,33.2585,187107
2005-06-20,33.4399,34.0151,33.4399,33.8477,392177
2005-06-21,33.9593,34.0251,33.6613,33.8577,353047
2005-06-22,33.7639,33.8297,33.5955,33.8297,449273
2005-06-23,33.8297,33.8297,32.7542,32.9684,762118
2005-06-24,33.1838,33.2197,32.2208,32.5468,447348
2005-06-27,32.5468,33.0143,32.5468,32.6884,319898
2005-06-28,32.783,33.3433,32.7542,33.2874,262594
2005-06-29,33.4001,33.5955,33.2964,33.42,260887
2005-06-30,33.42,33.6513,33.2874,33.3821,441576
2005-07-01,33.4928,33.5297,33.2197,33.4579,302793
2005-07-05,33.4649,33.6055,33.2107,33.2685,276281
2005-07-06,33.3622,33.43,32.9236,33.127,254040
2005-07-07,33.127,33.1937,32.7641,33.1937,456760
2005-07-08,33.2027,33.4399,32.9485,33.43,631037
2005-07-11,33.6891,34.1089,33.6891,33.8935,530314
2005-07-12,34.1477,34.983,34.0889,34.8026,533525
2005-07-13,34.8694,35.2552,34.8416,34.9741,854494
2005-07-14,35.1296,35.4975,34.9372,35.2263,443282
2005-07-15,35.4486,35.4486,35.1296,35.4486,274138
2005-07-18,35.4486,35.63,35.2941,35.4975,248482
2005-07-19,35.7287,36.7764,35.5633,36.3816,642156
2005-07-20,36.4175,36.8532,36.1025,36.7954,275206
2005-07-21,36.9289,36.9378,36.1693,36.276,464244
2005-07-22,36.3896,36.4744,35.8663,36.0826,259384
2005-07-25,36.1215,36.3896,35.7027,35.7387,369516
2005-07-26,35.7387,35.7735,34.6581,34.8604,1292006
2005-07-27,34.8894,35.1216,33.8577,34.8604,931477
2005-07-28,36.0058,37.0555,35.4875,36.8052,1274899
2005-07-29,36.3378,36.4544,35.5533,35.8921,821993
2005-08-01,35.8921,35.9959,35.5433,35.8663,431309
2005-08-02,35.8185,35.8663,35.323,35.8663,481346
2005-08-03,35.9121,36.0257,35.5931,36.0158,473857
2005-08-04,35.9579,36.0537,35.6031,35.7287,456967
2005-08-05,35.7287,35.8563,35.5253,35.6389,245272
2005-08-08,35.6839,35.7905,35.3808,35.4287,400086
2005-08-09,35.4287,35.5633,34.9093,35.0668,746937
2005-08-10,35.1116,35.5433,35.0748,35.1824,638733
2005-08-11,35.2741,35.4187,35.1824,35.3329,626970
2005-08-12,35.3329,35.7905,35.2004,35.6121,384478
2005-08-15,35.5931,35.9301,35.3808,35.8185,275206
2005-08-16,35.8185,35.8283,35.1216,35.1735,244844
2005-08-17,35.2263,35.304,34.6482,34.8116,374858
2005-08-18,34.8116,35.0668,34.5574,35.0668,287614
2005-08-19,35.1216,35.2094,35.0289,35.1565,379775
2005-08-22,35.1914,35.6031,35.1914,35.3619,420403
2005-08-23,35.3619,35.6211,35.2841,35.3898,424681
2005-08-24,35.3898,35.6031,35.1466,35.1466,494606
2005-08-25,35.1466,35.2941,34.983,35.0748,383407
2005-08-26,35.0748,35.0748,34.8604,34.9652,139637
2005-08-29,34.4936,34.8316,34.1677,34.7638,579606
2005-08-30,34.7638,34.8026,34.4846,34.7258,408855
2005-08-31,34.8894,36.0925,34.8894,36.0257,458575
2005-09-01,36.0058,36.3816,35.8185,36.258,552238
2005-09-02,36.4354,36.566,35.9679,36.1603,268475
2005-09-06,36.1793,37.0475,36.1793,36.919,688129
2005-09-07,36.6806,37.204,36.6806,37.0934,516743
2005-09-08,37.1292,37.4034,36.9468,37.1841,465522
2005-09-09,37.1841,37.5987,37.0386,37.5051,396882
2005-09-12,37.5799,37.8221,37.3167,37.7403,304823
2005-09-13,37.6457,37.7851,37.204,37.3545,430347
2005-09-14,37.4133,37.533,36.873,37.2598,337650
2005-09-15,37.1203,37.4034,36.8532,37.0844,205821
2005-09-16,37.2698,37.2698,36.883,37.0654,215119
2005-09-19,37.204,37.2598,36.6328,36.8532,229556
2005-09-20,36.8442,37.1562,36.6328,36.8052,244734
2005-09-21,36.8052,36.8052,36.1025,36.5491,301297
2005-09-22,36.7176,36.8442,36.2481,36.6628,367690
2005-09-23,36.8342,37.204,36.5322,37.1741,340000
2005-09-26,37.4133,37.7025,36.605,37.0754,457824
2005-09-27,37.2598,37.2977,36.4744,36.873,400304
2005-09-28,36.8532,36.9378,35.7127,36.2959,486587
2005-09-29,36.3288,36.892,36.1693,36.6707,215974
2005-09-30,36.8631,36.8631,36.2481,36.7464,370579
2005-10-03,37.1123,37.5051,36.7365,36.7854,439545
2005-10-04,36.899,37.2698,36.6528,36.6707,247304
2005-10-05,36.6986,36.6986,35.7805,35.7905,150116
2005-10-06,35.9121,35.9121,34.3461,35.1216,404045
2005-10-07,35.0289,35.4486,34.9372,35.0748,166794
2005-10-10,35.1296,35.1824,34.5574,34.6482,205179
2005-10-11,34.8316,34.8316,34.0799,34.1477,305147
2005-10-12,33.8477,34.0341,32.9954,33.4399,456013
2005-10-13,33.2296,34.0889,33.2027,33.2585,465097
2005-10-14,33.3433,33.6811,32.9954,33.3433,442640
2005-10-17,33.42,33.6243,33.0332,33.3433,282268
2005-10-18,33.3343,33.42,32.8877,33.0243,509679
2005-10-19,32.9684,33.2107,32.7542,33.1838,437722
2005-10-20,33.2874,33.5017,32.499,32.6604,412705
2005-10-21,32.7072,33.127,32.0823,32.9326,343851
2005-10-24,33.2027,33.7739,33.1838,33.6154,306428
2005-10-25,33.7261,33.9882,33.3921,33.6713,455684
2005-10-26,33.5765,34.2145,33.5765,33.8297,503910
2005-10-27,33.8107,34.5404,32.4541,32.472,929870
2005-10-28,34.6022,35.5931,33.7061,34.6022,2163072
2005-10-31,36.0058,36.3378,35.0468,35.2552,955959
2005-11-01,35.2741,35.3898,34.5844,34.5844,572658
2005-11-02,34.696,35.1216,34.696,34.8994,749285
2005-11-03,35.02,35.5533,34.9272,35.0369,539406
2005-11-04,35.2094,35.2552,34.8794,35.2004,261415
2005-11-07,35.2941,35.3519,34.8994,35.1735,211700
2005-11-08,35.1216,35.4187,34.8316,35.2094,198335
2005-11-09,35.1645,35.7387,34.8604,35.7387,366731
2005-11-10,35.8185,35.8283,34.9182,35.4785,265586
2005-11-11,35.4785,35.6389,35.011,35.4875,155782
2005-11-14,35.6579,35.6579,35.2004,35.6121,148401
2005-11-15,35.5353,35.7027,35.2263,35.323,198010
2005-11-16,35.3708,35.5353,35.0289,35.2462,137495
2005-11-17,35.3898,35.9579,35.3898,35.949,214905
2005-11-18,36.1793,36.6806,35.7995,36.6707,394637
2005-11-21,36.6896,36.892,36.3816,36.7176,303113
2005-11-22,36.7564,37.2598,36.6139,37.2598,280445
2005-11-23,37.0934,37.8699,37.0934,37.5987,703204
2005-11-25,37.7115,38.3843,37.7115,38.0763,243132
2005-11-28,38.0763,38.0853,36.899,36.9468,942272
2005-11-29,36.6628,36.899,36.3896,36.8242,340963
2005-11-30,36.7564,37.0934,36.6707,36.8532,479955
2005-12-01,36.9289,37.6277,36.7854,37.5519,356894
2005-12-02,37.7563,38.4391,37.4781,37.8889,386295
2005-12-05,37.7403,38.3354,37.1292,37.224,392072
2005-12-06,37.3167,37.6457,37.0386,37.5888,309742
2005-12-07,37.5888,37.7025,37.0754,37.3745,261633
2005-12-08,37.4133,37.4612,36.566,36.8442,296701
2005-12-09,36.9828,37.2977,36.6428,36.6707,344385
2005-12-12,36.7564,37.0296,36.566,36.892,474291
2005-12-13,36.9378,37.0844,36.605,36.8152,261308
2005-12-14,36.8532,37.1123,36.7266,36.8532,117287
2005-12-15,36.7266,36.883,36.5022,36.7266,192877
2005-12-16,37.1292,37.1292,36.4544,36.6139,336367
2005-12-19,36.6628,36.8242,36.2191,36.2381,323964
2005-12-20,36.2481,37.1562,36.2481,36.9738,276597
2005-12-21,37.0106,37.1741,36.7176,37.0106,194808
2005-12-22,37.0654,37.0654,36.6986,36.7854,195448
2005-12-23,36.8052,37.1841,36.8052,37.0475,96763
2005-12-27,37.0754,37.1203,36.3816,36.4544,170319
2005-12-28,36.576,36.9289,36.3816,36.7564,197905
2005-12-29,36.8342,36.9289,36.6628,36.8152,148724
2005-12-30,36.8152,36.9558,36.576,36.9558,159948
2006-01-03,36.9558,37.3645,36.3288,36.9927,367160
2006-01-04,36.9927,37.4233,36.7076,37.4133,422111
2006-01-05,37.4612,38.0294,37.3356,37.7851,483808
2006-01-06,38.0205,39.0113,38.0205,38.9196,367374
2006-01-09,38.9096,39.086,38.6374,38.8916,197051
2006-01-10,38.8916,38.8916,38.2357,38.5558,229334
2006-01-11,38.4969,38.5168,38.0015,38.3155,223781
2006-01-12,38.3155,38.4391,37.2798,37.4612,489047
2006-01-13,37.4133,37.5051,37.224,37.4961,668989
2006-01-17,37.1292,37.3745,36.909,37.3356,186359
2006-01-18,37.3356,37.4133,37.1034,37.2698,371434
2006-01-19,37.4133,37.5131,37.194,37.4423,488509
2006-01-20,37.4133,37.4233,36.6238,36.7076,229231
2006-01-23,36.6528,36.7176,36.2481,36.5411,242492
2006-01-24,36.6139,36.919,36.1414,36.266,405759
2006-01-25,36.3378,36.3378,35.8463,36.0058,469265
2006-01-26,36.2481,36.7076,36.2281,36.258,292425
2006-01-27,36.566,37.5051,36.5411,37.2598,262910
2006-01-30,37.2878,37.8789,37.2509,37.7025,403511
2006-01-31,37.7303,37.9935,37.4612,37.7403,528175
2006-02-01,37.7213,37.7653,37.2409,37.6745,291782
2006-02-02,37.7563,37.8699,37.0026,37.1292,225169
2006-02-03,37.0844,37.0844,36.4444,36.5222,352939
2006-02-06,36.5222,36.6328,36.2281,36.4644,269004
2006-02-07,36.4644,36.4644,35.8663,35.9679,127237
2006-02-08,35.9959,36.1603,35.8373,36.1025,245166
2006-02-09,36.4275,37.2698,36.2959,36.576,409714
2006-02-10,36.6139,36.899,36.3378,36.7854,402010
2006-02-13,36.7564,37.1662,36.595,36.9638,577360
2006-02-14,36.9289,37.9457,36.9289,37.8979,398698
2006-02-15,37.8979,39.7589,37.8979,39.5755,1069615
2006-02-16,39.5755,39.9353,39.0492,39.8715,631785
2006-02-17,39.9075,40.0421,39.6771,39.9353,383407
2006-02-21,39.9155,40.1327,39.2256,39.6583,282268
2006-02-22,39.8615,40.4148,39.6583,39.9353,514709
2006-02-23,39.8517,39.9353,39.2824,39.6104,436333
2006-02-24,40.2085,43.3984,39.8037,42.911,1179527
2006-02-27,42.263,43.1741,42.2251,42.3009,874488
2006-02-28,42.3108,42.3108,41.5243,42.1533,747359
2006-03-01,41.617,43.0594,41.617,42.8182,650919
2006-03-02,42.3946,43.1182,42.1912,42.2161,628469
2006-03-03,41.9979,42.6508,41.9979,42.3009,474398
2006-03-06,42.558,43.8459,42.5012,43.2379,694546
2006-03-07,43.2379,43.519,42.4524,42.6976,590939
2006-03-08,42.6587,42.882,41.6659,42.1443,956602
2006-03-09,42.3108,42.3108,41.8263,41.9609,628682
2006-03-10,42.0357,42.3198,41.8743,42.0885,920140
2006-03-13,42.3567,42.8352,42.1254,42.3746,662574
2006-03-14,42.2719,42.9288,42.255,42.8452,360740
2006-03-15,42.9478,43.0894,42.6587,42.9568,197157
2006-03-16,42.9668,43.6317,42.911,43.3984,327072
2006-03-17,43.7613,43.8081,43.5369,43.6406,362558
2006-03-20,43.9127,44.1739,41.3987,41.4825,1005037
2006-03-21,41.7117,42.558,41.7117,42.2251,1837824
2006-03-22,42.0885,43.0794,42.0357,43.0494,434200
2006-03-23,43.0494,43.1641,42.7634,42.882,581852
2006-03-24,43.0206,43.2658,42.9378,43.2289,377213
2006-03-27,43.2568,43.6037,42.4035,42.911,350264
2006-03-28,42.9758,43.7891,42.9478,43.0694,340218
2006-03-29,43.9497,44.6086,42.6976,43.2568,720417
2006-03-30,44.2477,45.2236,44.2477,45.0332,6033742
2006-03-31,45.0611,45.5276,44.9764,45.4818,1122322
2006-04-03,46.4108,46.7248,45.9243,46.0609,1134515
2006-04-04,46.1735,46.362,45.8287,46.0519,766712
2006-04-05,46.0519,46.4597,45.7389,46.362,530532
2006-04-06,46.3441,46.354,45.5645,45.8287,449806
2006-04-07,45.7838,46.0609,45.1668,45.4907,344280
2006-04-10,45.5007,45.5456,44.6813,44.9954,403082
2006-04-11,44.9864,45.118,44.1091,44.4331,622906
2006-04-12,44.5398,44.8358,44.3324,44.4132,508182
2006-04-13,44.3414,44.8936,44.3324,44.7441,668989
2006-04-17,44.77,45.3063,44.3683,44.5099,963658
2006-04-18,44.7441,46.1177,44.6724,45.9433,565064
2006-04-19,45.8287,46.2972,45.1568,46.1835,411743
2006-04-20,46.2503,46.6331,45.8387,45.8965,389399
2006-04-21,46.0809,46.3261,45.7649,46.1636,514169
2006-04-24,46.1636,46.7906,45.8287,46.7148,511604
2006-04-25,46.9512,47.4356,46.8754,47.0388,476963
2006-04-26,47.0388,47.1954,46.7627,47.1336,400516
2006-04-27,47.1435,47.2242,46.6421,46.8564,573300
2006-04-28,45.5197,45.8387,43.0594,44.3863,2359376
2006-05-01,44.6265,45.2236,44.5298,44.8268,853639
2006-05-02,44.8268,45.8486,44.8268,45.8107,526468
2006-05-03,46.0151,46.0609,45.3153,45.3342,639160
2006-05-04,45.5197,46.5404,45.3791,46.1925,534489
2006-05-05,46.2872,47.2242,46.2503,46.9332,434839
2006-05-08,46.5324,47.322,46.5324,46.6232,255855
2006-05-09,46.2025,46.7727,46.1437,46.5324,280661
2006-05-10,46.6232,46.8086,46.4108,46.7806,360211
2006-05-11,46.7906,47.9529,46.7528,46.96,749392
2006-05-12,46.9032,46.9132,45.0422,45.3891,531919
2006-05-15,45.2704,45.2704,43.9875,44.6644,699784
2006-05-16,44.5697,44.8448,43.8081,44.5099,325462
2006-05-17,44.2377,44.2377,42.3746,42.882,916720
2006-05-18,42.9758,43.3515,42.9208,43.0306,710688
2006-05-19,43.1182,43.1182,42.2909,42.587,431522
2006-05-22,42.1823,43.2289,41.8363,42.9668,539833
2006-05-23,43.3027,43.5748,43.1182,43.1741,676583
2006-05-24,43.0694,43.5748,42.2819,43.0894,786170
2006-05-25,43.2738,43.5559,42.7903,43.519,449806
2006-05-26,43.8549,44.0443,43.4931,43.6855,466592
2006-05-30,43.7702,43.9127,43.3126,43.4084,633280
2006-05-31,43.7233,44.5198,43.3884,43.8081,1929243
2006-06-01,43.5838,43.5937,43.0306,43.4931,929656
2006-06-02,43.7233,44.5198,43.7233,43.8948,522615
2006-06-05,43.8948,44.1639,43.192,43.3027,614141
2006-06-06,43.3027,43.5838,42.872,43.1552,599812
2006-06-07,43.0206,43.0694,42.0267,42.3477,564854
2006-06-08,42.3009,42.3009,40.8634,41.8841,529037
2006-06-09,42.0427,42.3009,41.7785,42.1075,500277
2006-06-12,42.1075,42.2719,40.7707,40.973,337862
2006-06-13,40.7806,41.6369,40.4896,40.5524,592116
2006-06-14,40.0769,40.7806,39.9075,40.4438,531169
2006-06-15,40.3122,41.1066,40.3122,41.0877,1026201
2006-06-16,41.0877,41.0966,40.4438,40.675,706413
2006-06-19,40.4527,40.4896,39.5655,39.7499,479316
2006-06-20,39.6851,39.9931,39.5267,39.6493,451304
2006-06-21,39.5167,40.4248,39.421,40.1617,467451
2006-06-22,40.0031,40.2185,39.8615,40.0859,549345
2006-06-23,41.2472,42.4623,40.656,42.1354,924314
2006-06-26,42.1354,42.8352,41.7017,42.5301,557475
2006-06-27,42.6039,42.882,41.7785,41.8263,301083
2006-06-28,42.1075,43.1641,42.0357,42.7714,574577
2006-06-29,43.0894,43.9685,42.8352,43.9685,387047
2006-06-30,43.8749,44.5986,43.5748,43.7233,504869
2006-07-03,43.7333,44.6175,43.7333,44.5497,143376
2006-07-05,44.148,44.2855,42.8541,43.0894,361812
2006-07-06,43.1083,43.9775,43.0694,43.3126,253398
2006-07-07,43.1741,43.3984,42.5012,42.7345,194166
2006-07-10,42.872,43.0794,42.5391,42.7156,474398
2006-07-11,43.1641,44.4331,43.1641,44.0075,714965
2006-07-12,43.9497,44.2577,42.9288,43.0206,283658
2006-07-13,42.8352,42.8352,42.0706,42.1354,262054
2006-07-14,42.1982,42.1982,40.9532,41.6848,247946
2006-07-17,41.9979,42.5012,41.1455,41.2193,394212
2006-07-18,41.2292,41.8263,40.3122,41.1724,302580
2006-07-19,41.1166,42.2451,41.0388,41.8643,310595
2006-07-20,41.9311,42.263,40.368,40.368,351224
2006-07-21,40.368,40.4248,38.5647,39.3373,730465
2006-07-24,39.4399,39.8715,39.123,39.6951,1031982
2006-07-25,39.5825,40.8904,39.2156,40.8076,632425
2006-07-26,40.685,40.9352,39.8137,40.8824,611898
2006-07-27,41.1166,41.5512,40.3959,40.695,433554
2006-07-28,40.685,42.3108,40.685,42.2909,583242
2006-07-31,42.2909,42.5301,41.6459,42.2719,313161
2006-08-01,42.2819,42.5481,42.0706,42.4912,351118
2006-08-02,42.5391,43.192,42.3667,42.6976,432267
2006-08-03,42.6418,43.519,42.3667,43.3027,336687
2006-08-04,43.7702,44.1091,42.7903,43.3515,291355
2006-08-07,43.3515,43.4462,42.8182,43.192,286755
2006-08-08,43.192,43.7233,42.891,43.202,428103
2006-08-09,43.3984,43.4831,42.0267,42.1254,302471
2006-08-10,41.941,42.7345,41.7117,42.6687,255322
2006-08-11,42.6687,42.6687,41.7407,41.9131,155887
2006-08-14,42.1443,43.0694,42.0427,42.2071,189137
2006-08-15,42.6776,43.3515,42.1354,43.3515,138355
2006-08-16,43.7233,44.3045,43.3515,44.3045,288145
2006-08-17,44.1909,44.2945,43.6217,44.0353,337544
2006-08-18,43.9587,44.1639,43.519,43.9587,272534
2006-08-21,43.8171,43.8171,42.872,42.9668,182936
2006-08-22,42.8352,43.202,42.558,42.901,178020
2006-08-23,43.0026,43.3515,42.3667,42.864,223460
2006-08-24,43.0894,43.1083,42.3667,42.6218,219610
2006-08-25,42.4324,42.9288,42.0975,42.4035,156743
2006-08-28,42.2161,43.3027,42.1823,43.0594,274567
2006-08-29,43.0594,43.7054,42.6976,43.4751,244094
2006-08-30,43.527,44.1739,43.4751,43.9127,252542
2006-08-31,43.8649,43.8649,43.2379,43.3794,309953
2006-09-01,43.3705,43.4462,42.7903,42.8541,279164
2006-09-05,42.9208,43.3027,42.5102,43.1552,276063
2006-09-06,43.0994,43.0994,42.0267,42.0885,208383
2006-09-07,41.8553,42.7714,41.5173,42.263,252222
2006-09-08,42.2451,42.4623,41.8463,41.8463,146374
2006-09-11,41.3788,41.5512,41.011,41.292,249122
2006-09-12,41.2831,41.5981,40.656,40.9532,552447
2006-09-13,40.8276,41.1266,40.8276,41.011,732605
2006-09-14,40.9172,41.1266,40.5992,40.9631,407897
2006-09-15,40.9532,41.0388,40.0769,40.1237,623444
2006-09-18,40.1237,40.1237,39.3731,39.5825,906560
2006-09-19,39.6583,40.0949,39.3373,39.8417,678182
2006-09-20,39.5167,40.1806,39.5167,39.9155,351758
2006-09-21,39.8715,40.359,39.6104,39.8317,414200
2006-09-22,39.7499,39.9453,39.3731,39.6393,343637
2006-09-25,40.377,40.8375,39.8517,40.705,702988
2006-09-26,40.7618,41.2831,40.6192,41.2193,406824
2006-09-27,41.2372,41.6081,40.8904,41.321,551913
2006-09-28,41.5243,42.3198,41.5243,42.0975,659582
2006-09-29,42.2071,42.4135,41.7117,41.8463,265265
2006-10-02,41.8463,41.8463,41.1724,41.2472,234899
2006-10-03,41.2542,41.4177,40.675,41.2472,596927
2006-10-04,41.2472,41.7885,41.1555,41.7685,529997
2006-10-05,41.5243,42.1443,41.292,42.0885,700851
2006-10-06,42.1533,42.3477,41.5791,42.0357,307817
2006-10-09,42.1354,42.4225,41.8263,42.3198,533525
2006-10-10,42.5202,42.864,42.1075,42.2451,510004
2006-10-11,41.9979,42.255,41.8553,42.1443,213304
2006-10-12,42.3746,43.0794,42.3746,43.0794,398912
2006-10-13,43.0206,43.211,42.6418,43.0406,348454
2006-10-16,43.4462,44.3683,43.3605,44.1291,930088
2006-10-17,44.1291,44.3503,43.6765,44.2945,439967
2006-10-18,44.3235,44.6265,43.5748,43.8459,408855
2006-10-19,43.7233,44.3045,43.6217,44.1381,261845
2006-10-20,44.2377,44.4231,43.4382,43.5937,147120
2006-10-23,43.2658,44.3235,43.2568,44.2855,272108
2006-10-24,44.5697,44.77,43.9685,44.77,320112
2006-10-25,44.799,45.1279,44.3593,45.0242,491183
2006-10-26,45.0332,46.4696,44.9584,46.4009,578641
2006-10-27,46.4696,47.5592,45.8287,46.2205,977879
2006-10-30,46.1077,46.1077,45.0142,45.3253,453118
2006-10-31,45.5197,45.5735,44.6086,44.7511,499091
2006-11-01,45.0332,45.0522,43.3884,43.527,1007813
2006-11-02,43.527,43.7891,43.221,43.6117,497919
2006-11-03,43.5469,43.9407,42.7804,43.2379,657976
2006-11-06,43.3515,43.836,42.9208,43.4931,442747
2006-11-07,43.4462,44.7192,43.3794,44.472,688340
2006-11-08,44.3324,44.8168,44.2108,44.6903,450982
2006-11-09,44.8448,45.409,44.5886,44.8079,553733
2006-11-10,44.9206,46.1537,44.77,46.1537,713039
2006-11-13,46.1537,46.4009,45.729,46.2403,504225
2006-11-14,46.3909,46.4397,45.6991,46.4397,338828
2006-11-15,46.3909,46.7448,46.1267,46.7059,301833
2006-11-16,46.999,47.1954,46.66,46.9232,448096
2006-11-17,46.9232,46.9232,46.2025,46.8464,268475
2006-11-20,46.8364,47.1336,46.3161,46.678,191812
2006-11-21,46.5673,46.669,46.1267,46.5225,291030
2006-11-22,46.66,47.312,46.6152,47.1714,301297
2006-11-24,47.2322,47.9977,47.2322,47.936,212020
2006-11-27,48.3347,48.3995,46.6959,46.9232,726832
2006-11-28,47.0388,47.0388,46.0061,46.5035,311239
2006-11-29,46.5972,47.4824,46.5972,47.1435,269110
2006-11-30,47.1794,48.2341,47.1794,47.9879,1615113
2006-12-01,47.7017,48.1005,46.97,47.3508,777195
2006-12-04,47.1954,47.9439,47.1634,47.9439,416980
2006-12-05,48.2141,48.2241,47.6349,47.936,192237
2006-12-06,47.8313,47.8313,47.1954,47.606,337544
2006-12-07,47.4625,47.7955,47.2582,47.4625,285793
2006-12-08,46.9332,47.606,46.8564,47.0588,311562
2006-12-11,47.0488,47.4525,46.4696,47.3319,785853
2006-12-12,47.1714,47.4077,46.652,46.9512,531705
2006-12-13,47.1874,47.4625,46.4886,46.5972,242064
2006-12-14,46.687,48.1095,46.5972,47.9609,479532
2006-12-15,47.9709,48.1852,46.8176,46.8464,882398
2006-12-18,47.0678,47.4625,46.652,47.3319,571910
2006-12-19,47.1146,47.8054,46.7348,47.7396,484342
2006-12-20,47.6649,47.8054,47.2582,47.3319,363844
2006-12-21,47.3319,47.3808,46.4597,46.7148,221856
2006-12-22,46.7248,46.9412,46.4886,46.7528,255322
2006-12-26,46.7528,47.0778,46.4886,46.8086,141025
2006-12-27,47.1634,47.8603,47.1634,47.7585,242812
2006-12-28,47.7675,47.8981,47.1534,47.2412,396240
2006-12-29,47.2412,47.5203,46.8176,46.99,313485
2007-01-03,47.5203,47.6349,46.3709,46.8664,487443
2007-01-04,46.9032,46.999,45.9433,46.3909,482205
2007-01-05,46.0709,46.1835,45.5107,45.5735,436976
2007-01-08,45.5107,45.6901,45.2704,45.4658,402548
2007-01-09,45.5356,46.0151,45.3253,45.7389,423078
2007-01-10,45.5007,45.9693,45.4558,45.5825,272534
2007-01-11,45.8675,47.2242,45.8287,46.9032,606981
2007-01-12,46.999,47.2761,46.96,47.1336,217581
2007-01-16,47.2322,47.4824,46.96,47.0778,317333
2007-01-17,46.8464,47.2142,46.7627,46.8754,158883
2007-01-18,46.9132,46.999,46.5773,46.7627,201433
2007-01-19,46.7727,47.1435,46.5673,47.009,242492
2007-01-22,46.9512,47.0876,46.669,46.8754,328669
2007-01-23,46.8754,50.1121,46.8265,49.5588,981724
2007-01-24,49.5588,49.6495,48.7684,49.0146,438158
2007-01-25,48.868,49.0534,48.1663,48.3347,332839
2007-01-26,48.5421,48.8052,47.7117,48.6936,504764
2007-01-29,48.5331,48.6368,48.3078,48.4663,318833
2007-01-30,48.6368,49.0434,48.3995,48.868,310278
2007-01-31,48.8232,49.0724,47.8513,48.562,729508
2007-02-01,48.7315,49.3036,48.4384,48.9956,511710
2007-02-02,49.0534,49.6795,49.0534,49.4871,325992
2007-02-05,49.4871,49.7562,49.3874,49.6316,271676
2007-02-06,49.6495,49.6495,48.3806,48.7763,535877
2007-02-07,48.9308,49.4143,48.8142,49.0914,350805
2007-02-08,49.0056,49.4612,48.6368,49.188,284511
2007-02-09,49.169,49.178,48.4185,48.7584,288359
2007-02-12,48.8052,48.8501,48.3437,48.7404,240245
2007-02-13,48.7684,49.1392,48.4942,48.9109,275433
2007-02-14,49.1012,49.3306,48.7584,49.0336,304610
2007-02-15,48.9588,48.9588,47.9439,48.3905,500062
2007-02-16,48.3905,48.8501,48.1563,48.8142,309742
2007-02-20,48.6846,48.7215,47.8891,48.1663,631676
2007-02-21,47.936,48.5331,47.5492,48.2051,742654
2007-02-22,48.244,48.3627,47.8513,48.0905,492363
2007-02-23,50.4101,53.4056,50.0423,51.5725,2260475
2007-02-26,51.9054,53.1504,51.1428,51.4977,598271
2007-02-27,50.5547,51.5346,49.1592,49.9865,697108
2007-02-28,49.9087,50.458,49.3036,49.6795,622803
2007-03-01,49.2937,50.0233,48.7504,49.7074,515871
2007-03-02,51.2056,51.3492,49.4143,49.505,799217
2007-03-05,49.188,50.0583,48.6746,48.6936,582600
2007-03-06,48.887,49.6127,48.6936,49.169,471726
2007-03-07,49.0336,49.6216,48.9109,49.178,516955
2007-03-08,49.4781,50.1959,49.1302,49.6695,384794
2007-03-09,49.9387,50.0423,49.3126,49.5758,372612
2007-03-12,49.6027,49.8529,49.169,49.6127,658832
2007-03-13,49.4233,49.5848,48.562,48.6746,263127
2007-03-14,48.6846,48.9109,47.9161,48.7504,316585
2007-03-15,48.6188,49.4312,48.1763,49.3964,369188
2007-03-16,49.4053,49.5319,48.3527,48.5899,500915
2007-03-19,48.868,49.5668,48.868,49.4512,242707
2007-03-20,49.2937,49.6595,49.1012,49.5848,444567
2007-03-21,49.5668,49.8719,49.1012,49.7662,700958
2007-03-22,48.3347,51.0382,48.3347,51.0382,963228
2007-03-23,50.9724,51.3751,50.775,51.1528,485407
2007-03-26,50.784,51.2346,50.0762,50.5068,410568
2007-03-27,50.2706,50.6574,49.9476,50.3723,373037
2007-03-28,50.3085,51.5436,50.3085,50.8886,733567
2007-03-29,51.2534,51.5535,50.6284,51.114,592757
2007-03-30,51.114,51.6771,50.775,51.3292,632529
2007-04-02,51.3492,51.6193,50.1311,50.3912,681499
2007-04-03,50.5936,51.0482,50.0423,51.0192,639907
2007-04-04,51.1608,51.6004,50.784,51.5346,437936
2007-04-05,51.412,52.1547,51.412,51.7768,447666
2007-04-09,51.7399,52.2553,51.403,52.1457,426608
2007-04-10,52.0967,52.3829,51.8406,52.1645,407464
2007-04-11,52.1845,52.4197,51.5266,51.9642,289429
2007-04-12,51.7679,51.8406,51.2824,51.7021,248158
2007-04-13,51.8307,51.8307,51.104,51.6941,380308
2007-04-16,51.8585,52.5245,51.8486,52.3401,195019
2007-04-17,52.4197,52.5344,51.8785,52.3829,283658
2007-04-18,52.3829,52.5523,51.5824,52.0779,366194
2007-04-19,51.5914,52.5892,51.394,52.1845,309206
2007-04-20,52.5703,53.1216,52.4855,53.0916,431848
2007-04-23,53.0916,53.1316,52.665,53.0846,353365
2007-04-24,53.1884,53.3578,52.6082,52.983,455366
2007-04-25,53.275,53.593,52.5045,53.4356,560145
2007-04-26,53.4356,53.7047,52.957,53.4356,508661
2007-04-27,54.2569,54.3407,53.294,53.9011,1226757
2007-04-30,54.0417,54.2479,52.2753,52.4297,872562
2007-05-01,52.6839,53.2362,52.1935,52.656,431309
2007-05-02,52.5803,52.9372,52.0021,52.8105,648884
2007-05-03,53.002,53.3956,52.7706,53.0648,348765
2007-05-04,53.1704,53.3478,52.6471,53.0578,272645
2007-05-07,53.2362,53.603,53.002,53.5731,470976
2007-05-08,53.2172,53.3378,52.4945,52.957,218220
2007-05-09,51.4419,53.7147,51.4319,53.5831,354434
2007-05-10,53.5731,53.5831,52.5045,52.665,1225076
2007-05-11,52.665,53.0846,52.3829,52.8384,407256
2007-05-14,52.9292,52.9292,51.8975,52.3659,361384
2007-05-15,52.4118,52.8574,51.8685,51.9831,392289
2007-05-16,52.1935,52.3111,51.3671,52.1645,334013
2007-05-17,51.9054,51.9353,51.3192,51.5076,379881
2007-05-18,51.711,52.5523,51.3292,52.1357,331447
2007-05-21,52.0201,52.7806,51.5346,52.6471,303008
2007-05-22,52.7806,52.9372,52.3301,52.5703,891808
2007-05-23,52.5992,52.9212,52.2025,52.3211,428636
2007-05-24,52.3749,52.8743,51.6004,51.8127,637662
2007-05-25,51.8227,53.4904,51.8227,53.4056,697108
2007-05-29,53.6379,54.1703,53.1216,53.9399,477176
2007-05-30,53.7695,54.1144,53.312,54.1144,345672
2007-05-31,54.1791,54.7225,54.1323,54.5869,486479
2007-06-01,54.864,54.9856,54.0496,54.3038,501021
2007-06-04,54.0675,54.5959,53.8173,54.4254,347376
2007-06-05,54.2479,54.3686,53.7426,53.9579,286865
2007-06-06,53.9579,53.9579,52.8484,52.957,380202
2007-06-07,52.6839,52.8743,51.3572,51.6093,678616
2007-06-08,51.6482,51.8685,51.2724,51.7589,371538
2007-06-11,51.5346,52.4197,51.0192,52.3749,555229
2007-06-12,52.0679,52.5992,51.8486,52.0479,405431
2007-06-13,52.1167,52.5245,51.9253,52.5245,380631
2007-06-14,52.6839,53.4156,52.5045,52.8384,700426
2007-06-15,52.8484,53.0388,52.4577,52.656,474611
2007-06-18,52.665,52.992,52.3031,52.665,267938
2007-06-19,52.4297,52.8574,52.1167,52.6181,460181
2007-06-20,52.6181,53.0218,52.1845,52.3401,629642
2007-06-21,52.3401,52.5145,51.6482,52.4297,341607
2007-06-22,52.4028,52.4028,51.3292,51.6293,552447
2007-06-25,51.7868,51.9921,51.2056,51.394,530314
2007-06-26,51.7868,52.2553,51.3492,51.5824,538655
2007-06-27,51.4419,52.2025,51.394,52.1745,451201
2007-06-28,52.1745,52.8743,51.9054,52.6471,543681
2007-06-29,53.0478,53.6578,52.8843,53.4056,693796
2007-07-02,55.184,55.3794,54.4793,55.2308,597034
2007-07-03,55.482,56.0243,55.2846,55.9396,377957
2007-07-05,55.9307,55.9396,55.2478,55.7353,489473
2007-07-06,55.808,56.1819,55.4542,56.1739,380308
2007-07-09,56.5845,57.3132,56.3623,57.2116,489152
2007-07-10,56.774,57.1916,56.1181,56.2885,341175
2007-07-11,56.2107,56.9773,55.9207,56.3713,735494
2007-07-12,56.765,57.9393,56.765,57.6502,365018
2007-07-13,57.7838,58.0779,57.4837,57.9871,295844
2007-07-16,57.7369,58.4417,57.408,57.6791,269648
2007-07-17,57.6602,58.4596,57.1178,57.7469,450875
2007-07-18,57.718,58.2781,57.3222,57.8306,503476
2007-07-19,58.3559,58.6759,58.025,58.5603,224636
2007-07-20,58.4686,58.5075,57.9393,58.1526,312414
2007-07-23,58.1327,58.3559,57.4548,58.0779,286008
2007-07-24,57.4548,57.9582,56.5935,56.8687,331447
2007-07-25,57.388,58.2881,56.2685,57.071,463492
2007-07-26,56.9145,56.9145,48.9109,55.3794,751744
2007-07-27,55.6017,55.6216,53.6858,54.5869,933824
2007-07-30,54.7783,57.9123,54.7783,57.5964,1033799
2007-07-31,58.2683,58.4785,55.5818,56.0991,864541
2007-08-01,56.0343,57.5964,55.5359,56.3075,613601
2007-08-02,56.6783,57.6332,56.1919,57.379,481563
2007-08-03,57.5595,57.9123,56.3253,56.3523,627294
2007-08-06,56.8687,58.657,56.5845,57.3322,1085009
2007-08-07,56.9145,57.9493,56.2975,57.08,747042
2007-08-08,57.6233,60.3645,57.6233,60.3547,1194280
2007-08-09,58.5523,61.1302,58.5433,60.3077,1372941
2007-08-10,59.8971,60.1931,58.3559,58.6849,1468955
2007-08-13,59.4624,60.87,58.5175,59.1634,763290
2007-08-14,58.981,59.2062,57.7469,57.8137,993919
2007-08-15,57.9682,58.1915,56.7829,57.1916,1127352
2007-08-16,56.8009,57.7748,55.5818,56.4989,1691454
2007-08-17,58.4785,58.4785,56.5357,56.8876,1122649
2007-08-20,56.9145,57.8944,56.6962,57.4837,661290
2007-08-21,57.6432,57.6432,56.3523,56.5935,927197
2007-08-22,56.9524,58.3759,56.9524,57.8226,502305
2007-08-23,58.0779,58.2483,56.6593,56.8108,428528
2007-08-24,56.5267,57.4837,56.4071,57.3422,357963
2007-08-27,57.1448,57.5595,56.7251,57.08,509256
2007-08-28,56.3075,57.0521,56.0413,56.6025,1171617
2007-08-29,57.1816,58.4975,56.9694,58.1915,842087
2007-08-30,57.9393,60.2977,57.7838,58.5942,1195135
2007-08-31,59.3856,59.6259,58.3469,59.1972,786495
2007-09-04,59.2502,60.3547,59.2502,59.8612,584735
2007-09-05,59.5681,60.0635,58.7019,59.1634,367582
2007-09-06,59.5013,59.9878,58.6121,59.7784,304077
2007-09-07,58.6759,59.606,58.1715,58.3949,597566
2007-09-10,58.7597,59.1364,58.0967,58.6121,444033
2007-09-11,58.991,59.5113,58.4596,59.2232,257992
2007-09-12,59.286,60.0535,58.8843,59.5681,364164
2007-09-13,59.577,59.9977,58.971,59.606,461779
2007-09-14,58.0349,59.0876,57.37,58.2971,980554
2007-09-17,58.016,58.7407,57.6701,57.8775,562500
2007-09-18,58.3859,59.7037,57.8775,59.6259,745543
2007-09-19,58.9122,59.8871,58.1327,59.3218,808413
2007-09-20,59.0298,59.8612,58.6211,58.7407,690263
2007-09-21,59.258,59.3758,58.8265,59.258,952220
2007-09-24,59.6458,59.6458,58.7118,59.3218,430776
2007-09-25,59.1364,60.4881,58.9222,60.2879,617027
2007-09-26,60.6636,61.5318,60.4493,61.0942,913724
2007-09-27,61.3106,61.804,60.6537,60.7653,864652
2007-09-28,60.8859,61.7173,60.6915,61.2638,346523
2007-10-01,61.4392,61.6984,60.8221,61.3834,433983
2007-10-02,61.3834,61.9366,60.9786,61.1032,288039
2007-10-03,60.8789,61.1501,60.4693,61.0255,426071
2007-10-04,61.1302,61.169,60.4593,60.7553,279695
2007-10-05,61.0554,62.3283,61.0554,62.3283,640123
2007-10-08,62.2905,62.4859,61.9745,62.2605,293705
2007-10-09,62.2137,62.2905,61.5219,62.0133,477712
2007-10-10,61.6724,62.4041,60.9318,62.2705,463812
2007-10-11,62.4499,62.6653,61.3764,61.9087,428745
2007-10-12,62.0861,62.6653,61.6076,62.5527,325355
2007-10-15,62.6015,62.6383,61.6724,62.5626,434516
2007-10-16,62.3383,62.8417,62.3383,62.44,609007
2007-10-17,63.2066,63.3172,62.3673,63.2982,616170
2007-10-18,62.8317,64.019,62.7749,63.6083,481668
2007-10-19,63.3172,63.8445,61.5219,61.5598,538976
2007-10-22,61.197,62.4859,61.197,62.3383,655201
2007-10-23,62.4679,63.41,61.9366,63.1348,500277
2007-10-24,62.8676,63.5524,61.794,62.7101,871603
2007-10-25,63.0112,63.8904,62.2805,63.8824,964086
2007-10-26,64.1007,64.1007,60.7942,62.4769,1602283
2007-10-29,62.9444,63.9931,62.5915,63.9841,710153
2007-10-30,63.9283,64.9929,63.5814,64.0021,670380
2007-10-31,64.1595,66.4124,63.7628,66.227,873528
2007-11-01,65.5272,66.0157,64.4237,64.9839,961120
2007-11-02,64.975,65.1893,64.0449,64.946,544966
2007-11-05,64.8055,64.8155,63.7438,64.4795,733761
2007-11-06,64.5165,65.3128,63.9283,65.1614,515131
2007-11-07,63.8994,64.9361,63.3072,63.5136,537269
2007-11-08,63.8166,64.0369,61.7651,63.0212,857536
2007-11-09,62.2705,62.9065,61.476,61.7073,467125
2007-11-12,61.5418,62.0133,59.9788,60.0635,461597
2007-11-13,60.2419,61.1501,59.1804,60.861,663535
2007-11-14,60.9696,61.1032,60.0346,60.0346,608046
2007-11-15,60.0346,60.2789,58.971,59.5382,627934
2007-11-16,59.7685,59.7685,58.025,58.3171,893090
2007-11-19,58.0071,58.0071,56.2785,56.5168,940353
2007-11-20,56.6215,57.6233,56.2107,57.379,801698
2007-11-21,57.061,58.0878,56.3812,57.1916,865615
2007-11-23,57.5116,57.5964,56.4989,57.08,165724
2007-11-26,56.8966,58.3071,56.8108,56.9145,375607
2007-11-27,57.3032,58.3759,56.9145,58.3469,762868
2007-11-28,59.1066,59.907,58.2881,58.4885,1084986
2007-11-29,58.1147,59.2312,58.0071,58.9222,397126
2007-11-30,59.6458,59.8612,58.7696,59.3408,441863
2007-12-03,59.2062,59.616,58.8753,58.8932,446111
2007-12-04,58.4975,58.8464,57.9771,58.3559,473438
2007-12-05,58.971,60.1652,58.4596,60.1652,444153
2007-12-06,59.9519,61.0644,59.7037,60.9049,384478
2007-12-07,60.9238,61.5688,60.5809,60.9507,791586
2007-12-10,60.9956,62.0502,60.7942,61.9167,349411
2007-12-11,61.8429,62.44,59.7126,59.7126,601095
2007-12-12,60.9507,61.512,59.6259,60.232,392998
2007-12-13,59.7864,60.1652,59.0208,59.6937,552491
2007-12-14,59.577,61.2438,59.4714,60.0905,560627
2007-12-17,59.6937,59.8343,57.1448,57.1648,604992
2007-12-18,57.8037,58.1237,57.1548,57.9771,545608
2007-12-19,57.9682,58.2005,56.4619,56.5935,787463
2007-12-20,56.7909,57.2574,56.2975,56.9145,500590
2007-12-21,57.5016,58.2203,57.0342,57.9971,724440
2007-12-24,58.4596,58.971,58.2483,58.8653,144233
2007-12-26,58.3071,59.0498,58.1427,58.7407,294987
2007-12-27,58.7696,58.981,57.9682,58.1625,384212
2007-12-28,58.3949,58.7317,57.7937,58.5942,396646
2007-12-31,58.4785,58.7507,58.1147,58.4975,381056
2008-01-02,58.4596,58.6391,56.6693,57.061,446490
2008-01-03,57.3322,57.3322,56.4071,56.6783,521332
2008-01-04,56.3433,56.7161,53.619,53.9679,747359
2008-01-07,54.1513,54.2769,50.448,50.8796,1459572
2008-01-08,50.7202,51.5166,48.6846,48.6936,1297195
2008-01-09,48.4763,49.3206,47.7017,49.0534,1648682
2008-01-10,48.3806,50.2517,47.9779,49.1102,1161030
2008-01-11,48.6746,48.904,46.8564,47.3997,1063093
2008-01-14,47.6449,49.1592,47.2502,49.0434,1230527
2008-01-15,48.9109,49.1302,47.3409,47.5781,1494679
2008-01-16,48.6846,49.5668,47.7955,48.3178,2139121
2008-01-17,48.4284,49.207,46.5404,46.8086,1024852
2008-01-18,47.2412,48.5241,47.1534,47.5592,1188664
2008-01-22,45.7389,48.6746,45.3153,47.9879,1430156
2008-01-23,46.9032,49.217,45.7739,49.1012,1221196
2008-01-24,50.0583,51.3751,49.2269,51.1328,1241458
2008-01-25,51.4419,52.2753,50.9066,51.0002,948905
2008-01-28,51.0002,51.1876,49.7074,51.1876,782198
2008-01-29,51.5166,51.5535,50.4301,51.2624,776977
2008-01-30,50.7481,52.0579,50.0423,50.8796,867248
2008-01-31,50.2217,52.5613,49.9575,52.3031,801389
2008-02-01,52.2383,53.8074,51.9353,53.5452,684880
2008-02-04,53.6479,53.7775,52.8006,53.285,435841
2008-02-05,52.4197,52.5344,51.7021,51.8585,641555
2008-02-06,52.3401,52.6181,51.394,51.5346,647479
2008-02-07,50.9724,51.1608,50.1409,50.4101,1173055
2008-02-08,50.1959,51.3004,50.1659,51.077,521250
2008-02-11,51.2056,51.2534,50.2805,51.0092,530666
2008-02-12,51.1708,52.1357,50.8428,51.5824,1039310
2008-02-13,52.1167,53.0578,51.8585,53.0119,626477
2008-02-14,53.1884,53.1884,52.3749,52.5703,621764
2008-02-15,52.2293,52.4756,51.5076,51.6482,593711
2008-02-19,52.2383,52.2852,50.775,51.0482,602466
2008-02-20,50.7112,52.656,50.5068,52.4197,788629
2008-02-21,52.8484,53.3768,52.4118,53.002,813751
2008-02-22,54.2479,56.9863,53.5731,55.6216,2005329
2008-02-25,53.8911,55.0784,52.656,54.7883,1340765
2008-02-26,54.6936,56.1549,54.4254,55.3894,1268881
2008-02-27,54.8351,56.1091,54.8351,55.4731,833912
2008-02-28,55.2846,55.5648,54.4433,54.7972,465115
2008-02-29,54.0496,54.1413,52.4855,52.7527,654980
2008-03-03,52.7527,53.6947,52.2941,53.5083,544741
2008-03-04,53.0648,53.8731,51.7021,52.6281,793712
2008-03-05,52.6082,53.8731,52.5803,53.0119,751427
2008-03-06,52.8484,53.4904,52.4945,52.5703,998598
2008-03-07,52.0379,52.6471,50.6673,51.1328,628672
2008-03-10,51.058,51.058,49.5758,49.6316,797851
2008-03-11,50.8986,51.6941,50.5447,51.4419,765109
2008-03-12,51.6771,53.1414,51.6004,52.4028,867351
2008-03-13,51.7499,53.4356,50.8338,53.0119,721318
2008-03-14,53.3478,53.3857,50.9913,51.8037,733518
2008-03-17,51.3103,51.8975,50.5447,51.2624,772252
2008-03-18,52.029,53.7147,51.6093,53.2072,753243
2008-03-19,53.5731,54.5769,52.5434,52.5434,894439
2008-03-20,52.4477,53.3668,51.9153,53.0119,1267170
2008-03-24,53.2072,54.9946,53.2072,54.6407,641860
2008-03-25,54.6936,56.0143,54.558,55.7452,780698
2008-03-26,55.4641,55.9496,54.6597,55.7711,675937
2008-03-27,55.8828,56.0243,54.9856,55.3514,677682
2008-03-28,55.184,55.3226,54.5769,54.9488,712741
2008-03-31,54.8999,56.0243,54.6148,55.5917,1185418
2008-04-01,55.7452,57.9493,55.6964,57.9493,818834
2008-04-02,57.9682,58.3071,57.37,57.8306,549467
2008-04-03,57.5595,58.1427,57.0431,57.7658,440611
2008-04-04,57.8037,58.0878,57.2384,57.8675,778359
2008-04-07,58.3171,58.5354,57.6502,57.9493,540686
2008-04-08,57.6502,57.9871,57.1448,57.9771,473221
2008-04-09,57.9024,58.2005,57.4927,57.7748,770027
2008-04-10,57.6133,58.4517,57.2654,58.1625,439864
2008-04-11,57.6701,57.708,55.7353,56.0143,806801
2008-04-14,56.0143,56.2885,55.3694,55.5458,674585
2008-04-15,55.8828,56.0991,55.0784,55.5458,572356
2008-04-16,56.0811,58.1427,56.0811,57.699,673890
2008-04-17,57.3601,57.7937,56.6503,57.1268,432683
2008-04-18,57.8485,58.4127,57.3422,57.9771,604176
2008-04-21,57.8864,59.0687,57.408,58.9321,487444
2008-04-22,58.5942,59.1166,57.7469,58.4517,637396
2008-04-23,58.6121,58.6759,57.7658,58.1815,696116
2008-04-24,58.2683,58.4227,56.7829,58.1715,570421
2008-04-25,59.4814,59.4814,56.5746,58.0529,891523
2008-04-28,58.4048,58.4048,57.3422,57.9771,568392
2008-04-29,58.016,58.025,56.442,57.089,656119
2008-04-30,57.4548,59.0398,57.398,58.0967,862169
2008-05-01,58.1147,58.8653,57.8396,58.7118,498218
2008-05-02,59.3578,60.1084,58.971,59.4326,733648
2008-05-05,59.1534,59.1534,58.4048,58.6929,497145
2008-05-06,58.5523,58.8653,57.8775,58.7317,370200
2008-05-07,58.952,59.1724,57.8575,58.0439,305166
2008-05-08,58.2203,58.991,57.9871,58.9222,455946
2008-05-09,58.3171,58.5942,57.9771,58.2393,427732
2008-05-12,58.4327,59.1634,57.9493,58.952,316167
2008-05-13,59.1265,59.1444,58.2881,59.0498,490760
2008-05-14,59.1166,59.5482,58.6669,58.8564,337647
2008-05-15,58.8464,58.971,58.3949,58.8364,377074
2008-05-16,59.305,59.4914,58.6031,59.3856,251651
2008-05-19,59.3758,59.577,57.7748,58.0878,597035
2008-05-20,58.025,58.1147,57.418,57.8037,423399
2008-05-21,57.9393,58.1815,56.2107,56.3971,393095
2008-05-22,56.6115,57.4927,56.2785,56.8966,383973
2008-05-23,56.7829,56.8786,56.1549,56.7062,317859
2008-05-27,56.8966,57.4837,56.5357,57.398,402740
2008-05-28,57.4927,59.1634,57.408,59.0876,632649
2008-05-29,59.0966,60.2121,58.649,59.8153,632613
2008-05-30,60.0346,60.851,59.606,60.8311,584000
2008-06-02,60.6058,60.6816,59.7406,60.1173,569412
2008-06-03,59.8701,60.4393,59.286,59.7306,978008
2008-06-04,59.577,60.9418,59.5013,60.6716,587329
2008-06-05,61.178,62.6015,60.552,62.3085,956303
2008-06-06,62.0781,62.5725,61.3584,61.3684,845196
2008-06-09,61.5418,61.6246,60.8949,61.6166,609894
2008-06-10,61.2638,61.6445,60.4971,60.8221,660176
2008-06-11,60.9049,61.0056,60.0346,60.6447,686078
2008-06-12,61.16,61.6984,60.1363,60.4303,988685
2008-06-13,60.9786,62.1379,60.7843,62.0502,423170
2008-06-16,61.7173,63.3362,61.5219,63.3172,540128
2008-06-17,63.4488,63.685,62.4959,62.7939,370523
2008-06-18,62.6015,62.7839,62.0413,62.5915,390940
2008-06-19,60.8221,62.8507,60.8221,62.747,473301
2008-06-20,61.3584,62.3851,60.87,60.87,936378
2008-06-23,61.1122,61.476,60.552,61.0354,699795
2008-06-24,60.8789,61.5508,60.2121,60.7653,537251
2008-06-25,61.2248,62.6294,61.0644,62.0941,707371
2008-06-26,61.6166,61.6166,59.7226,59.8701,902521
2008-06-27,59.7126,62.3951,59.1265,61.8987,998005
2008-06-30,61.7272,62.4959,60.9418,61.6166,907144
2008-07-01,61.197,61.3924,59.907,61.2538,840633
2008-07-02,60.9507,60.9956,57.5774,57.6701,788901
2008-07-03,57.9024,58.0071,56.8687,57.388,441864
2008-07-07,57.6053,58.2683,56.5078,57.1816,427452
2008-07-08,57.1816,57.8396,55.8549,57.718,821256
2008-07-09,57.2384,57.9971,56.1359,56.3253,515024
2008-07-10,56.1919,57.2574,55.5818,57.2574,800838
2008-07-11,56.5845,57.1727,55.3226,56.2397,719447
2008-07-14,56.2585,57.1268,54.4433,54.8162,991612
2008-07-15,54.1413,54.5081,52.6471,53.7236,1112556
2008-07-16,53.5004,55.0036,52.9292,55.0036,763332
2008-07-17,55.2936,58.4127,55.2936,58.4127,1002147
2008-07-18,58.5354,59.1534,56.9694,57.6432,609763
2008-07-21,57.708,58.3859,57.408,58.3071,291764
2008-07-22,58.3171,60.0905,57.7838,59.5382,724456
2008-07-23,59.4056,60.0157,58.6211,59.8422,654896
2008-07-24,59.9977,60.4303,58.0599,58.5433,650432
2008-07-25,57.9871,57.9871,54.8451,56.2685,1376762
2008-07-28,56.2307,59.616,56.1639,57.08,1191915
2008-07-29,57.6133,58.7118,56.9694,58.4885,513485
2008-07-30,58.8653,58.8653,56.9614,58.3171,394278
2008-07-31,58.3949,60.0067,57.1178,57.2196,979103
2008-08-01,58.1067,59.0398,56.8398,58.0689,735238
2008-08-04,57.9871,57.9871,56.1919,56.3971,728032
2008-08-05,56.7161,57.7558,56.2307,56.8398,795594
2008-08-06,57.2944,57.3512,56.4709,56.9145,734627
2008-08-07,56.3882,57.3422,56.3333,56.9773,535867
2008-08-08,57.1548,57.9871,56.8398,57.5216,696080
2008-08-11,57.8485,58.7696,57.5774,57.9871,1122325
2008-08-12,57.7558,58.0779,57.1448,57.408,625640
2008-08-13,57.4448,58.1237,57.0521,57.9871,685598
2008-08-14,57.8037,58.2393,57.708,58.0439,427135
2008-08-15,58.3271,59.1265,57.9203,58.7317,533895
2008-08-18,58.7796,59.0966,57.5306,58.016,359027
2008-08-19,58.2971,58.2971,57.2116,57.4837,425394
2008-08-20,57.8306,58.1427,56.7451,57.2574,586695
2008-08-21,56.8009,57.1816,55.818,56.1181,700902
2008-08-22,56.2497,56.9694,55.7153,56.1181,635466
2008-08-25,55.8927,55.9207,54.864,55.1452,1273607
2008-08-26,55.2936,55.8828,54.9488,55.2758,465443
2008-08-27,55.6495,55.9396,55.2398,55.7054,483133
2008-08-28,55.8828,56.5646,55.4731,56.1181,1005005
2008-08-29,55.9307,56.1739,55.1082,55.2578,468360
2008-09-02,56.2885,56.9694,55.1551,55.3794,786554
2008-09-03,55.6216,56.1819,54.1413,54.4254,607062
2008-09-04,53.9399,54.2479,52.029,52.6181,639112
2008-09-05,52.2852,52.7128,51.2534,52.5803,549440
2008-09-08,53.8911,56.1181,52.983,54.2849,1019588
2008-09-09,54.3038,55.509,53.3956,53.6379,1190689
2008-09-10,54.0127,54.4703,53.0119,53.4435,653663
2008-09-11,53.1316,54.3686,52.0479,54.2849,552058
2008-09-12,53.8333,54.6936,53.1704,54.3686,467782
2008-09-15,53.3378,53.7874,51.4788,53.4535,930381
2008-09-16,52.3749,54.864,52.3749,54.7783,970373
2008-09-17,53.93,54.4254,52.5803,53.2362,740557
2008-09-18,53.8433,58.2104,52.5892,56.9145,1259986
2008-09-19,58.2971,65.92,45.5555,59.2312,815389
2008-09-22,58.6391,58.6759,55.4073,55.5359,611490
2008-09-23,55.4162,55.808,54.0027,54.3955,455111
2008-09-24,54.3865,54.4334,53.1983,53.612,684754
2008-09-25,53.8532,55.0784,53.5272,54.5769,513579
2008-09-26,53.8253,53.8253,52.2025,53.294,682838
2008-09-29,52.5145,52.5992,49.9476,51.2056,1128154
2008-09-30,52.2204,53.275,50.8238,53.275,988392
2008-10-01,53.2172,53.3668,50.4201,51.1228,783491
2008-10-02,50.767,51.104,45.9065,47.2582,1335869
2008-10-03,47.8981,48.904,45.4907,45.5555,1064648
2008-10-06,44.8638,44.8638,40.5714,43.5937,1515717
2008-10-07,44.472,44.472,40.4697,40.4697,1067284
2008-10-08,39.2067,41.4266,37.7403,40.1905,2281935
2008-10-09,40.4348,40.7806,36.7764,37.4323,1098989
2008-10-10,36.4744,39.2535,33.7261,37.2878,1499854
2008-10-13,39.2824,46.8086,39.2824,46.8086,2496222
2008-10-14,47.3319,48.0815,43.3126,44.2207,1548055
2008-10-15,43.2658,43.8948,39.8615,39.9155,1044243
2008-10-16,39.8615,39.8615,36.4444,39.0671,2635162
2008-10-17,37.8031,42.3946,37.533,39.9353,1239840
2008-10-20,40.4697,42.5102,40.3491,42.2819,1083473
2008-10-21,41.1555,42.2719,40.4148,40.5793,871959
2008-10-22,40.5434,40.5434,37.2977,38.2457,1017001
2008-10-23,38.459,39.9533,36.7564,39.3193,1559832
2008-10-24,33.2027,39.2725,32.9406,34.706,1709186
2008-10-27,34.053,36.899,33.4399,35.4875,1087615
2008-10-28,35.9679,38.786,34.5216,38.7571,1377595
2008-10-29,38.6006,42.1533,38.0105,40.0669,1130249
2008-10-30,40.2743,42.0795,40.2743,41.617,1118667
2008-10-31,41.3788,43.1741,40.8724,42.4135,1090814
2008-11-03,42.2719,43.4283,41.5791,42.1823,705441
2008-11-04,43.2379,44.5697,42.3298,43.3126,686467
2008-11-05,42.882,43.1362,40.5245,40.6192,1123672
2008-11-06,40.1237,40.8176,37.4612,37.9077,1458284
2008-11-07,38.2258,39.6393,37.9357,39.0671,750313
2008-11-10,40.2543,40.973,38.0763,38.5358,742251
2008-11-11,37.9636,39.4399,36.899,37.9457,933677
2008-11-12,37.1392,37.3356,35.8463,36.0637,873211
2008-11-13,36.1793,40.2354,35.4486,40.2354,1272395
2008-11-14,39.2725,40.2085,36.8442,37.1392,1067472
2008-11-17,36.8532,38.4301,36.2092,37.0754,592467
2008-11-18,37.1392,38.806,37.1123,38.806,959242
2008-11-19,38.796,39.2436,35.7547,35.8753,886880
2008-11-20,35.6739,35.8283,32.5946,32.9146,1790993
2008-11-21,33.7739,36.1893,33.0243,34.7936,2487814
2008-11-24,34.7936,37.4133,34.7836,36.5022,1642758
2008-11-25,36.8532,38.796,36.258,38.6275,945571
2008-11-26,37.7941,43.0206,37.4133,42.6318,1368121
2008-11-28,42.1254,42.8082,41.1634,42.8082,483078
2008-12-01,42.558,42.558,37.8699,38.0673,1285425
2008-12-02,38.6992,40.4049,37.8979,40.1617,884023
2008-12-03,39.1419,41.2831,38.4102,40.981,995717
2008-12-04,40.0031,41.4914,37.4423,38.2995,915059
2008-12-05,37.7483,40.5992,36.566,40.4697,1144389
2008-12-08,42.0885,44.3414,41.9509,42.7066,1406867
2008-12-09,39.0014,40.991,37.224,39.4878,2142206
2008-12-10,39.8615,40.359,38.1869,38.5936,1539421
2008-12-11,38.4202,38.9196,36.0537,36.585,1619121
2008-12-12,35.8823,37.8599,35.1017,37.0296,1109599
2008-12-15,37.0296,37.3545,35.6389,36.0357,960290
2008-12-16,35.7735,38.8428,35.7735,38.5836,1071194
2008-12-17,38.0673,40.1138,37.5429,39.3921,530614
2008-12-18,40.0769,40.4527,38.1969,38.9196,669969
2008-12-19,39.1977,39.5167,38.4391,38.9096,1102198
2008-12-22,37.4133,38.6275,36.2381,37.1472,1149835
2008-12-23,37.523,38.1689,36.566,36.9468,825643
2008-12-24,36.5322,37.3167,36.0058,37.1562,358512
2008-12-26,37.1662,37.8321,36.9378,37.7941,385992
2008-12-29,37.9357,38.4022,37.1292,37.6277,616799
2008-12-30,38.1311,39.5655,37.9457,39.5167,902813
2008-12-31,39.5167,41.0588,39.5167,40.5992,633670
2009-01-02,40.7707,42.1633,39.9453,41.9031,554394
2009-01-05,42.0975,42.5102,41.4825,41.9879,764742
2009-01-06,42.1912,43.4751,42.1912,42.7714,657382
2009-01-07,42.2719,42.2719,39.9832,40.2085,931140
2009-01-08,40.1237,40.8276,39.7948,40.7418,472717
2009-01-09,40.5992,40.973,38.7082,40.05,610533
2009-01-12,39.7589,39.8895,39.0671,39.6203,858998
2009-01-13,39.4688,40.0669,38.5647,39.086,783417
2009-01-14,38.7182,38.9534,37.3745,37.7115,679812
2009-01-15,37.3356,39.1977,37.0754,39.0582,967440
2009-01-16,39.8715,40.3491,38.2916,39.3562,831310
2009-01-20,38.9734,39.2725,37.2798,37.5051,799560
2009-01-21,38.0383,39.4021,37.6457,39.3472,943802
2009-01-22,38.3255,39.114,37.224,38.2736,748551
2009-01-23,37.7653,39.3373,37.1841,38.5558,595208
2009-01-26,38.3743,39.7948,38.3643,38.9914,531819
2009-01-27,39.1419,40.0859,38.8528,39.9453,456044
2009-01-28,40.6382,41.2093,40.0589,40.8454,890759
2009-01-29,40.1617,40.2833,38.8348,39.3113,610228
2009-01-30,39.5555,39.6771,37.9157,38.478,1280549
2009-02-02,37.9357,38.6275,37.194,37.9735,1085999
2009-02-03,38.0294,38.4491,37.4781,38.0673,1168645
2009-02-04,37.9157,38.8428,37.3356,37.6457,1113634
2009-02-05,37.3944,38.2916,36.4933,36.9468,1684518
2009-02-06,39.3662,42.5102,38.8248,40.8824,2979380
2009-02-09,40.8375,41.7017,40.4248,40.9631,1210283
2009-02-10,40.4896,41.4366,39.5555,39.8317,1430779
2009-02-11,40.0421,40.4697,38.8817,39.123,1254466
2009-02-12,38.8428,39.4399,37.9457,39.2346,1456861
2009-02-13,39.3921,41.4266,39.1977,40.9172,1639877
2009-02-17,38.7282,40.705,38.7282,40.2643,1969998
2009-02-18,40.666,40.8276,39.3113,40.0769,1387251
2009-02-19,40.4976,40.981,39.8517,40.05,1339045
2009-02-20,39.2346,40.8076,39.2346,40.4617,1970526
2009-02-23,40.5714,40.981,37.9557,38.0205,1223295
2009-02-24,38.3155,39.6771,37.8789,39.4589,956124
2009-02-25,39.2924,40.0221,38.0763,39.3821,1230283
2009-02-26,39.7499,40.1905,38.806,39.1419,997498
2009-02-27,38.5458,39.8217,37.9935,38.6734,968122
2009-03-02,37.7213,37.7213,35.4386,35.5353,1199826
2009-03-03,36.0637,36.9289,35.6739,36.4833,1340745
2009-03-04,36.7664,38.0294,36.7365,37.4612,1097954
2009-03-05,36.3996,37.1562,35.7995,36.0637,1018496
2009-03-06,36.3228,36.6896,34.7448,35.6489,1204764
2009-03-09,35.1565,35.6579,34.4378,34.5674,769032
2009-03-10,35.2642,37.1662,34.4846,37.1472,799916
2009-03-11,37.3167,38.0853,37.0026,37.6087,656846
2009-03-12,37.3545,39.2067,36.5491,39.104,641002
2009-03-13,39.4399,39.5555,38.3843,38.8916,562912
2009-03-16,39.5067,39.6303,38.6374,38.7382,590456
2009-03-17,38.816,39.9733,38.2258,39.9733,517790
2009-03-18,39.7499,41.8941,39.2436,41.311,792291
2009-03-19,41.7785,41.7785,39.9832,40.2922,836595
2009-03-20,40.368,40.4148,38.6824,38.9734,778823
2009-03-23,39.6851,41.5173,39.412,41.5173,495513
2009-03-24,40.5992,41.5243,40.5992,40.6282,619508
2009-03-25,40.9532,41.5333,38.9196,39.8615,948419
2009-03-26,40.3859,41.4665,39.4788,41.3309,1112362
2009-03-27,40.7418,41.001,39.086,40.7418,1049689
2009-03-30,39.8137,39.8137,38.159,39.0771,1070887
2009-03-31,39.421,40.4438,39.3113,39.7041,713997
2009-04-01,38.806,40.4248,38.4102,40.3211,508835
2009-04-02,41.2193,43.1182,40.5614,42.8452,1177559
2009-04-03,42.7245,43.5369,42.4324,42.9478,1025598
2009-04-06,42.9936,42.9936,41.7407,42.2819,700839
2009-04-07,41.2542,41.8075,40.4049,40.991,865689
2009-04-08,41.301,41.6369,40.5434,41.1555,465367
2009-04-09,42.0706,43.4831,41.6559,43.3794,624315
2009-04-13,43.0406,43.2927,41.8075,42.9378,607646
2009-04-14,41.7407,41.7985,39.7499,41.0388,810932
2009-04-15,40.7518,41.1555,39.7779,40.6092,1077985
2009-04-16,40.9172,43.3884,40.5524,43.1362,915121
2009-04-17,43.221,43.4283,42.3198,43.211,528147
2009-04-20,40.1039,40.7518,37.7563,38.3743,2330684
2009-04-21,38.0294,39.6203,37.8121,39.6104,1011250
2009-04-22,38.9734,41.5592,38.9734,40.5893,698052
2009-04-23,40.3491,40.4148,38.6454,38.806,1576745
2009-04-24,40.2833,44.9764,40.1138,43.4751,2151110
2009-04-27,42.6976,43.519,41.9131,42.3946,1338204
2009-04-28,41.7685,42.1982,40.8824,41.6918,934997
2009-04-29,41.8841,43.2379,41.5084,42.5202,777041
2009-04-30,43.0594,44.148,42.3746,42.6418,807556
2009-05-01,42.3198,43.192,41.5512,42.6039,774623
2009-05-04,42.6418,44.3683,42.3746,44.3683,858946
2009-05-05,44.2945,44.2945,43.3515,43.8749,908949
2009-05-06,43.8549,44.5198,43.211,43.7702,548601
2009-05-07,44.1381,44.1819,42.3567,42.7156,478976
2009-05-08,43.5748,44.4331,43.4462,43.9685,951099
2009-05-11,43.1452,44.3942,42.8452,42.9936,460588
2009-05-12,43.2658,43.5838,41.8363,42.2719,684578
2009-05-13,41.5791,41.6759,39.7869,40.4527,639087
2009-05-14,40.4617,41.001,40.1138,40.6092,544544
2009-05-15,40.4976,41.2731,39.9075,40.2005,966804
2009-05-18,40.7618,41.9779,40.3391,41.9779,1078455
2009-05-19,41.8075,42.7156,41.3987,42.0167,575205
2009-05-20,42.3667,42.7714,40.695,40.8176,693769
2009-05-21,40.4617,40.8176,39.1708,39.6493,596756
2009-05-22,40.0031,40.3959,39.2256,39.8895,594181
2009-05-26,39.421,41.1066,39.1887,40.9172,741250
2009-05-27,40.8824,41.0778,39.9253,40.0221,839817
2009-05-28,40.2185,40.5145,39.0212,39.5167,546481
2009-05-29,39.7221,40.2005,39.0402,40.2005,574136
2009-06-01,40.8824,42.1254,40.8824,41.4665,745923
2009-06-02,41.4366,42.0975,41.2542,41.4087,637143
2009-06-03,42.1733,43.0206,41.6659,41.9689,809262
2009-06-04,42.1254,43.7791,42.0706,43.7333,693104
2009-06-05,43.5937,44.6903,43.5937,44.148,768735
2009-06-08,43.6117,44.8448,43.3027,44.3414,1269094
2009-06-09,44.2666,44.7282,43.3705,44.3235,947222
2009-06-10,44.0075,44.5786,43.4283,44.5298,647668
2009-06-11,44.6175,45.3342,44.5786,44.8836,347904
2009-06-12,43.6575,44.0443,41.8553,44.0253,899701
2009-06-15,43.5469,43.6037,42.4035,42.9758,521025
2009-06-16,43.2658,43.3605,42.1155,42.2351,438167
2009-06-17,42.0607,43.0306,41.7985,42.6876,726509
2009-06-18,42.4135,43.2927,42.0067,43.0116,578743
2009-06-19,43.4183,43.7702,42.7434,43.1741,388106
2009-06-22,42.8352,42.8452,41.2292,41.2292,540351
2009-06-23,41.4665,41.5333,40.377,40.656,502804
2009-06-24,41.0299,41.3598,40.0859,40.2185,952119
2009-06-25,40.1806,40.973,40.0769,40.9532,821129
2009-06-26,40.8276,41.7317,40.377,41.3499,949839
2009-06-29,41.6369,42.587,41.2472,42.4912,1092357
2009-06-30,42.2451,42.6587,41.5173,42.3746,906996
2009-07-01,42.8541,43.5748,42.6418,43.1083,815898
2009-07-02,42.568,42.6508,41.5243,42.6508,632274
2009-07-06,42.2251,42.2251,40.4617,40.8076,1341914
2009-07-07,40.6481,40.9172,39.7779,40.0421,912040
2009-07-08,40.0321,40.0769,38.8528,39.5366,787090
2009-07-09,39.6203,40.0031,39.3472,39.6393,391640
2009-07-10,39.412,40.2543,39.2156,40.0121,513479
2009-07-13,40.3022,40.5992,39.2067,40.5992,418738
2009-07-14,40.5524,40.705,40.0589,40.5344,602377
2009-07-15,41.3309,42.1533,41.1634,42.0357,452192
2009-07-16,41.9311,43.4283,41.7685,43.2289,378550
2009-07-17,43.1362,43.2838,42.4035,42.578,481895
2009-07-20,42.9758,43.4462,42.8262,43.1641,432637
2009-07-21,43.6496,44.0155,42.8082,43.3316,522960
2009-07-22,43.2568,44.3045,43.1083,43.836,500334
2009-07-23,43.6675,45.1768,43.6675,44.9954,411366
2009-07-24,44.4231,45.2974,44.0911,44.1191,1210738
2009-07-27,44.0911,44.2377,42.9568,43.6037,1049529
2009-07-28,43.527,44.3503,42.9758,43.6855,1124613
2009-07-29,43.4084,43.9975,43.0026,43.836,649929
2009-07-30,44.4032,45.2046,43.9775,44.8358,674941
2009-07-31,44.4431,44.9584,44.3863,44.7282,526901
2009-08-03,45.081,45.1768,44.462,45.1768,758287
2009-08-04,44.76,45.427,44.5009,45.2436,383425
2009-08-05,45.1947,45.409,44.1639,44.3503,373261
2009-08-06,44.3235,44.6644,43.6117,43.6955,426190
2009-08-07,44.1639,44.4909,43.7981,43.9317,527384
2009-08-10,44.0633,44.0633,43.2379,43.5369,235731
2009-08-11,43.3027,43.4652,42.6776,43.211,338025
2009-08-12,43.0994,44.2009,43.0594,43.6575,573231
2009-08-13,43.7613,43.9317,43.3705,43.6855,298693
2009-08-14,43.519,43.7513,42.4424,42.7804,303221
2009-08-17,42.1912,42.3746,41.4914,41.617,402049
2009-08-18,41.7017,42.3846,41.5981,42.2819,533203
2009-08-19,41.8841,42.8541,41.8174,42.5391,573612
2009-08-20,42.5949,43.0594,42.0885,42.5481,401771
2009-08-21,43.1083,43.3226,42.6508,43.211,385891
2009-08-24,43.211,43.6117,43.0306,43.1272,271205
2009-08-25,43.183,44.1819,43.1083,43.9875,495167
2009-08-26,43.9875,44.8358,43.836,44.5298,519571
2009-08-27,44.6354,45.3342,43.8081,45.1568,536420
2009-08-28,45.5735,45.9433,45.1668,45.5825,506165
2009-08-31,45.2614,45.2614,44.1381,44.3135,520913
2009-09-01,44.1739,44.8737,43.2838,43.4462,450936
2009-09-02,43.3984,43.9587,43.211,43.6675,312540
2009-09-03,44.0723,44.1579,43.3226,43.7513,232325
2009-09-04,43.836,44.4231,43.5838,44.3593,315078
2009-09-08,44.8936,44.9864,44.3593,44.7441,354917
2009-09-09,44.5198,45.6223,44.4809,45.5356,525228
2009-09-10,45.5645,46.9032,45.4728,46.8943,438169
2009-09-11,46.8664,47.5203,46.6152,47.3508,959368
2009-09-14,47.1146,47.8692,47.1046,47.8413,807623
2009-09-15,48.0725,48.9668,47.9609,48.868,994247
2009-09-16,49.2638,49.7662,48.868,49.6127,717574
2009-09-17,49.6216,49.8799,48.7404,48.9408,565802
2009-09-18,49.1102,49.217,48.1763,48.4284,523583
2009-09-21,48.1473,48.5899,47.7955,48.4663,594207
2009-09-22,48.4474,49.2837,48.4474,48.552,723699
2009-09-23,48.5899,48.7026,47.3319,47.4266,785250
2009-09-24,47.4356,47.7207,46.4208,46.96,640627
2009-09-25,46.9512,47.7297,46.8086,47.3708,509957
2009-09-28,47.7017,48.0347,47.302,47.6828,297224
2009-09-29,47.8981,48.4763,47.7675,48.1195,338578
2009-09-30,48.3178,48.4384,47.1874,47.6828,406671
2009-10-01,47.3808,47.625,45.5825,45.6801,1069117
2009-10-02,45.118,45.4907,44.2477,44.4231,1096091
2009-10-05,44.5198,45.1668,44.4809,44.9404,638292
2009-10-06,45.2704,45.8965,44.9206,45.4907,500588
2009-10-07,45.1478,45.5735,44.9404,45.2525,595904
2009-10-08,45.6024,46.7348,45.5456,46.7148,754726
2009-10-09,46.7627,47.4356,46.7348,47.3808,412769
2009-10-12,47.3708,47.8134,47.3508,47.616,237107
2009-10-13,47.6828,48.2241,47.3508,47.8134,690840
2009-10-14,48.4095,48.9498,48.1663,48.7026,455664
2009-10-15,48.2799,48.8232,48.2609,48.7853,497323
2009-10-16,47.7585,48.5042,47.6917,48.2699,380280
2009-10-19,48.1852,49.1302,48.0347,49.0434,464647
2009-10-20,49.2548,49.2548,47.8313,48.2341,583940
2009-10-21,48.1663,49.0146,47.9161,48.0347,730646
2009-10-22,48.0347,48.868,47.7017,48.6936,426482
2009-10-23,48.9956,49.0634,48.0157,48.8322,715224
2009-10-26,46.7906,48.9956,45.5197,48.6936,2937069
2009-10-27,48.9498,49.0534,46.7627,47.5113,1301550
2009-10-28,47.4356,47.625,46.7627,47.5113,1594391
2009-10-29,47.7117,48.1951,47.3808,48.1195,939092
2009-10-30,48.0447,49.3684,47.0876,47.2761,2175948
2009-11-02,47.3997,47.7675,46.3261,46.97,941668
2009-11-03,46.5404,47.4625,46.5404,47.3897,1040058
2009-11-04,47.8223,48.0347,47.1714,47.1954,735575
2009-11-05,47.6649,48.8052,47.6649,48.7584,915652
2009-11-06,48.3437,49.0534,48.1563,48.9588,739395
2009-11-09,49.4143,49.7751,48.878,49.7263,1148000
2009-11-10,49.6316,50.3274,49.3595,49.6795,599811
2009-11-11,50.1121,50.2137,49.1592,49.5927,435624
2009-11-12,49.4512,50.0423,48.562,48.7853,504134
2009-11-13,48.904,49.7662,48.5331,49.3684,436227
2009-11-16,49.5668,50.8039,49.3874,50.5068,661503
2009-11-17,50.2706,50.5258,50.1311,50.4879,668705
2009-11-18,50.4401,50.5637,50.0233,50.1589,594101
2009-11-19,49.8051,49.9765,48.2241,49.0914,1018684
2009-11-20,48.8232,49.5668,48.7504,49.4612,565060
2009-11-23,49.9287,50.6125,49.6406,50.1211,535786
2009-11-24,50.2885,50.3185,49.4233,49.6795,376380
2009-11-25,49.7363,50.0423,49.3784,49.4781,398809
2009-11-27,48.6457,49.2448,47.9529,48.859,202025
2009-11-30,48.6457,48.8052,47.9879,48.6746,445161
2009-12-01,49.1202,50.3533,48.9956,49.8987,714422
2009-12-02,49.8429,50.6025,49.523,49.6795,654358
2009-12-03,49.7562,50.2517,49.3406,49.3406,270720
2009-12-04,49.8987,50.6025,49.6994,50.2517,477842
2009-12-07,50.3354,50.6673,49.8619,50.1021,309631
2009-12-08,49.6695,49.8898,49.0056,49.3306,454211
2009-12-09,49.3036,49.6027,48.5331,49.5668,652649
2009-12-10,49.9955,50.4401,49.5927,50.3085,839821
2009-12-11,50.6843,50.8338,50.1499,50.8338,507729
2009-12-14,51.0092,51.0482,50.448,50.5357,555546
2009-12-15,50.2517,50.3185,49.7463,49.8329,631018
2009-12-16,51.2534,51.9054,51.114,51.4788,1522678
2009-12-17,50.8886,51.058,50.4779,50.6195,707058
2009-12-18,50.8707,51.067,50.5168,50.6843,1046559
2009-12-21,50.5637,51.7399,50.4101,51.1328,661127
2009-12-22,51.1876,51.4788,49.8051,49.8051,17043504
2009-12-23,50.0851,50.1499,48.887,49.5668,2719308
2009-12-24,49.823,50.1021,49.6027,49.7662,403439
2009-12-28,49.9675,50.6195,49.8619,50.0941,825200
2009-12-29,50.0423,50.4301,49.8898,50.3085,592276
2009-12-30,50.2317,50.3085,49.523,49.7463,535010
2009-12-31,49.7263,49.9387,48.9668,48.9757,380472
2010-01-04,49.5848,49.7951,48.9856,49.1392,992097
2010-01-05,49.188,49.188,48.2799,48.5141,1178684
2010-01-06,48.3178,48.9109,48.1005,48.887,1175876
2010-01-07,48.0635,48.859,47.8054,48.7026,1490654
2010-01-08,48.6846,49.1102,48.3527,49.0434,770177
2010-01-11,49.2548,49.6316,48.9109,49.2548,542019
2010-01-12,48.859,49.3874,48.859,49.217,826913
2010-01-13,49.188,49.3036,48.5042,49.0336,615011
2010-01-14,48.7684,49.178,48.5899,49.1012,578012
2010-01-15,49.0056,49.0534,48.1473,48.3627,431759
2010-01-19,49.8799,50.6753,49.7751,50.3533,1176959
2010-01-20,49.8329,50.448,49.0246,49.8529,876231
2010-01-21,49.5927,49.8719,48.859,48.878,605305
2010-01-22,48.5421,48.8501,47.7496,47.8054,813862
2010-01-25,48.2341,48.4843,47.7017,47.9439,477172
2010-01-26,47.9529,48.572,47.6549,47.7017,513898
2010-01-27,47.5303,47.7297,46.6152,47.3897,541923
2010-01-28,47.3997,47.5392,46.669,47.0956,361028
2010-01-29,47.3319,47.9529,46.7906,46.8364,722080
2010-02-01,47.0588,47.5113,46.98,47.2242,527134
2010-02-02,47.4266,48.1473,47.3608,48.0635,738395
2010-02-03,50.4879,50.6922,49.6216,50.1311,1476919
2010-02-04,49.5588,50.4301,49.3306,49.6406,1229686
2010-02-05,49.5588,49.8429,47.9261,49.1202,867166
2010-02-08,49.0534,49.198,48.3716,48.4474,492134
2010-02-09,48.8232,49.4871,48.4573,48.859,798622
2010-02-10,48.6288,48.9408,47.7117,48.3995,708523
2010-02-11,48.1951,49.5927,47.8134,49.5319,848994
2010-02-12,48.7315,49.5319,48.4384,49.4781,1111084
2010-02-16,49.6216,50.4101,49.6127,50.3533,512907
2010-02-17,50.8338,50.8986,50.1409,50.4201,463013
2010-02-18,50.2417,51.3751,50.2417,51.2904,523200
2010-02-19,51.1788,52.4756,51.077,51.9253,1224189
2010-02-22,51.9921,52.4028,51.4319,51.6293,786416
2010-02-23,51.5635,51.6482,50.6673,50.9534,550256
2010-02-24,51.0002,51.5436,50.9166,51.4977,749372
2010-02-25,50.6384,51.394,50.2217,51.2724,620555
2010-02-26,51.3103,52.029,50.6284,51.8486,914680
2010-03-01,51.9921,52.3401,51.8227,52.0967,568210
2010-03-02,52.2383,52.4666,51.9732,52.0879,436502
2010-03-03,52.3929,52.656,52.1167,52.1547,725641
2010-03-04,52.3559,52.3559,51.8227,52.0967,366963
2010-03-05,52.4028,52.8484,52.1745,52.7527,359857
2010-03-08,52.7527,53.294,52.5245,53.0916,649318
2010-03-09,52.8484,53.312,52.7128,53.0119,577741
2010-03-10,52.8942,53.3857,52.8664,53.2562,536538
2010-03-11,53.0578,53.9399,52.7228,53.93,889399
2010-03-12,54.1703,54.3038,53.5452,54.2939,525930
2010-03-15,54.3327,54.4703,53.303,53.5452,1156530
2010-03-16,53.6947,54.2281,53.603,54.1603,475980
2010-03-17,54.1991,54.6766,54.1603,54.5679,494834
2010-03-18,54.4613,54.6407,53.9111,54.0595,495877
2010-03-19,54.1703,54.4513,53.4256,53.5542,1257515
2010-03-22,53.4056,54.1055,53.275,53.7695,490939
2010-03-23,53.7775,54.2381,53.593,54.1703,351908
2010-03-24,54.0875,54.3038,53.5004,53.593,363641
2010-03-25,53.8632,53.9111,53.0747,53.1704,338329
2010-03-26,53.2562,53.7426,52.992,53.1884,343414
2010-03-29,53.3209,53.3956,52.656,53.275,618388
2010-03-30,53.3478,54.4892,53.1884,54.0127,829079
2010-03-31,53.7595,54.4793,53.7595,54.0975,556048
2010-04-01,54.2849,54.8072,54.2849,54.8072,550394
2010-04-05,55.0594,55.4542,54.891,55.1551,399692
2010-04-06,54.864,55.6685,54.6228,55.6216,583226
2010-04-07,55.3226,55.9775,55.0883,55.6685,718845
2010-04-08,55.6216,56.3333,55.3794,56.1639,698467
2010-04-09,56.2107,56.5547,55.9585,56.4709,426575
2010-04-12,56.6025,57.0342,56.4889,56.9334,502399
2010-04-13,56.765,57.089,56.452,57.0252,458617
2010-04-14,57.1727,57.4448,56.765,57.4368,581109
2010-04-15,57.1916,57.718,57.0342,57.6891,481795
2010-04-16,57.2754,57.5216,56.452,56.8687,522821
2010-04-19,56.755,56.9424,56.0811,56.7251,421358
2010-04-20,57.099,57.4448,56.9145,57.3222,359293
2010-04-21,57.2474,57.6233,57.0162,57.5116,362984
2010-04-22,57.2196,58.5773,56.8687,58.4227,548176
2010-04-23,58.1407,59.8163,57.8755,59.7794,754462
2010-04-26,59.0786,59.3856,56.7829,57.08,1416942
2010-04-27,57.089,58.649,56.9235,57.071,914031
2010-04-28,57.2944,57.4837,56.4241,56.6404,728721
2010-04-29,56.9424,58.5523,56.9424,58.3759,943029
2010-04-30,58.4417,58.7696,56.9773,57.071,736055
2010-05-03,57.1916,58.3469,57.1916,58.3171,389671
2010-05-04,57.5016,57.5016,56.2307,56.6115,559292
2010-05-05,56.1739,56.4151,55.6784,56.0991,788784
2010-05-06,55.9396,56.6404,51.5166,54.2281,1082842
2010-05-07,53.9868,55.184,53.0388,53.7595,1401084
2010-05-10,56.0243,57.3322,55.3894,57.1268,786186
2010-05-11,56.4619,57.3322,56.2975,56.7251,650851
2010-05-12,56.8587,57.9771,56.8587,57.9303,524376
2010-05-13,57.6891,58.2203,57.4548,57.5964,307378
2010-05-14,57.2944,57.3601,55.7801,56.3971,493016
2010-05-17,56.5357,57.398,55.9775,56.8208,925954
2010-05-18,57.3322,57.6891,56.2107,56.2685,671260
2010-05-19,55.9685,56.5746,54.2281,55.2936,951699
2010-05-20,53.8632,54.4613,53.1216,53.1704,903449
2010-05-21,53.2362,54.5181,52.4197,54.2849,976362
2010-05-24,54.2191,54.3227,53.5542,53.5831,745004
2010-05-25,52.2025,53.0648,51.3572,53.0648,896456
2010-05-26,53.1884,54.1603,53.0478,53.2172,711091
2010-05-27,54.1603,55.0594,54.0027,55.0594,545803
2010-05-28,54.9488,55.0784,53.7874,54.2669,832275
2010-06-01,53.6668,54.2281,52.957,52.957,720055
2010-06-02,53.1016,54.6856,52.7617,54.6407,691248
2010-06-03,54.6317,55.4352,54.6317,55.3594,655077
2010-06-04,54.3327,54.6686,52.675,52.8664,628525
2010-06-07,52.976,53.1216,51.8127,51.8785,758926
2010-06-08,51.8406,52.4297,51.3292,52.3301,608863
2010-06-09,52.6839,53.3768,52.2653,52.4666,593205
2010-06-10,53.4356,54.3686,53.3478,54.3407,529896
2010-06-11,53.7336,54.5769,53.6947,54.5081,315590
2010-06-14,54.7414,55.6017,54.7414,55.0504,890489
2010-06-15,55.2758,56.6025,55.1551,56.5267,462761
2010-06-16,56.0891,56.6314,56.0513,56.2885,677064
2010-06-17,56.3523,56.5746,55.7532,56.5078,342043
2010-06-18,55.9496,56.9235,55.9496,56.6962,507767
2010-06-21,57.37,57.4927,56.1639,56.3971,416796
2010-06-22,56.5168,57.0252,55.1551,55.2308,439657
2010-06-23,55.4442,55.7801,54.6497,55.3794,425506
2010-06-24,54.8451,55.4073,54.0975,54.1891,389909
2010-06-25,54.2191,54.4055,53.5004,54.2191,1124671
2010-06-28,54.4155,54.7035,53.7336,54.1055,503294
2010-06-29,53.312,53.4256,51.8875,52.2293,711702
2010-06-30,51.9851,53.282,51.8327,52.344,880715
2010-07-01,52.2852,52.3929,50.7381,51.5076,1031424
2010-07-02,51.6582,51.8486,50.8518,51.2346,772349
2010-07-06,51.8037,52.2105,50.7012,51.2435,542978
2010-07-07,51.1788,52.4756,51.0482,52.4756,634164
2010-07-08,52.8664,53.1704,52.3659,53.0846,573800
2010-07-09,53.1983,53.4256,52.8664,53.2172,502698
2010-07-12,52.957,53.2172,52.4666,52.9212,308069
2010-07-13,53.5173,54.3775,53.3668,54.1323,366529
2010-07-14,53.8532,54.6317,53.7874,54.5281,524158
2010-07-15,54.4254,54.8162,53.5173,54.7035,525763
2010-07-16,54.3955,54.3955,53.0846,53.2462,546770
2010-07-19,53.3378,53.619,52.8185,53.5083,222769
2010-07-20,52.976,54.4992,52.8006,54.3865,310830
2010-07-21,54.8451,55.1172,54.2769,54.548,1022390
2010-07-22,55.3415,56.452,55.184,56.2307,809905
2010-07-23,56.1919,58.2781,56.0811,57.9971,1048743
2010-07-26,58.1147,60.9507,58.0071,59.3758,1545398
2010-07-27,60.0635,61.512,58.6301,58.7597,1147191
2010-07-28,58.7019,58.8464,57.8306,58.0967,703452
2010-07-29,58.6391,58.6849,57.4368,58.0599,533307
2010-07-30,57.3132,58.7597,56.9773,58.4596,575015
2010-08-02,59.1972,59.3956,58.657,58.9421,576226
2010-08-03,58.8932,59.8063,58.4975,59.3856,755796
2010-08-04,59.3758,59.8612,59.2232,59.4624,652780
2010-08-05,58.991,59.7226,58.981,59.3218,325903
2010-08-06,58.6669,59.2142,58.1815,59.0498,287981
2010-08-09,59.4056,59.7406,59.1364,59.606,171798
2010-08-10,59.1804,59.2312,58.3659,58.7886,277819
2010-08-11,57.7558,57.7558,56.3253,56.5845,742077
2010-08-12,55.6396,56.5267,55.5,56.2585,394763
2010-08-13,55.9865,56.0991,55.4442,55.5728,479793
2010-08-16,55.211,56.1639,54.9089,55.9307,662583
2010-08-17,56.3812,57.2854,56.1459,57.0252,560794
2010-08-18,56.8876,57.3322,56.4071,56.8966,452039
2010-08-19,56.4809,56.6962,55.4162,55.6964,480094
2010-08-20,55.165,55.6884,54.7514,55.6116,539148
2010-08-23,55.9775,56.5078,55.3514,55.4442,382533
2010-08-24,54.558,55.0036,53.5831,54.6766,514960
2010-08-25,54.2381,54.3227,53.275,54.0875,1125121
2010-08-26,54.4613,55.184,54.0675,54.1223,648108
2010-08-27,54.5081,55.5728,53.9679,55.4162,541387
2010-08-30,55.211,55.5259,54.2281,54.2669,353817
2010-08-31,53.8841,54.8481,53.7805,54.3257,773822
2010-09-01,55.0883,56.4989,55.0414,56.1181,484506
2010-09-02,56.0891,56.9235,56.0891,56.9145,493211
2010-09-03,57.37,57.9493,57.1268,57.9493,487533
2010-09-07,57.5864,57.6133,56.9235,57.0521,399471
2010-09-08,57.061,58.4227,56.9614,58.2393,752316
2010-09-09,58.9022,58.9321,58.0071,58.3859,382343
2010-09-10,58.4417,58.6669,58.0689,58.2583,406638
2010-09-13,58.7597,60.1731,58.7218,59.8701,864786
2010-09-14,59.8612,59.923,59.4226,59.587,391875
2010-09-15,59.3658,59.8612,58.9222,59.7505,534515
2010-09-16,59.6458,59.8791,59.4226,59.8343,489301
2010-09-17,60.5261,60.5261,59.7505,59.914,550691
2010-09-20,60.0635,60.8221,60.0346,60.7354,531165
2010-09-21,60.7843,61.3584,60.6636,61.0743,907462
2010-09-22,60.9418,61.0644,59.4814,59.8612,965700
2010-09-23,59.2502,60.3367,59.0298,59.4425,395174
2010-09-24,60.2789,61.3006,60.1831,61.1122,568525
2010-09-27,61.0554,61.0554,60.3267,60.3925,352594
2010-09-28,60.6716,61.4392,59.8871,61.3484,582439
2010-09-29,61.0155,61.3484,60.9238,61.0454,548535
2010-09-30,61.3774,62.0811,60.5619,60.9627,783383
2010-10-01,61.5418,61.9655,61.0056,61.7352,740869
2010-10-04,61.6166,61.6166,60.4881,60.7743,495456
2010-10-05,61.3834,62.4499,61.3306,62.4499,765561
2010-10-06,62.4769,62.747,62.2605,62.6204,454424
2010-10-07,63.0212,63.06,61.7073,62.2137,448417
2010-10-08,62.2137,62.4589,61.6724,62.0323,655776
2010-10-11,62.0781,62.6105,61.9167,62.1379,297672
2010-10-12,62.0223,62.2037,61.1202,61.9167,469805
2010-10-13,62.3583,63.1348,62.1459,62.9743,365645
2010-10-14,62.9165,63.1976,61.9266,62.4769,411964
2010-10-15,62.8029,63.1438,61.2168,62.7101,399085
2010-10-18,62.7281,63.7239,62.4769,63.6661,513829
2010-10-19,62.756,62.7839,61.6535,61.8987,681755
2010-10-20,62.1459,63.2454,62.1459,63.1079,622202
2010-10-21,63.4198,64.7207,63.2903,64.7028,796693
2010-10-22,64.7128,65.0208,64.4137,65.0019,844724
2010-10-25,67.5926,68.1907,65.7306,65.8233,905744
2010-10-26,65.5542,66.3207,65.0019,65.8711,772979
2010-10-27,65.285,65.5542,64.2153,64.8723,667693
2010-10-28,64.9092,65.5462,64.6121,65.0776,352692
2010-10-29,64.646,65.1494,64.5135,64.9331,301503
2010-11-01,65.3786,65.9598,64.7766,65.2461,276462
2010-11-02,65.8033,66.1801,65.4804,65.8711,331415
2010-11-03,65.911,66.0705,64.7028,65.7106,537367
2010-11-04,66.4045,67.481,65.8233,67.481,1156794
2010-11-05,67.2478,67.4072,66.7583,67.0594,854995
2010-11-08,66.7683,66.9676,66.4303,66.7683,352378
2010-11-09,66.8729,67.2657,66.4503,66.7583,912809
2010-11-10,66.7413,67.499,66.2739,67.481,642823
2010-11-11,66.8251,67.0882,66.4603,66.8341,591754
2010-11-12,66.2639,66.7344,65.8512,66.2838,319776
2010-11-15,66.4991,67.1461,66.1443,66.7982,343838
2010-11-16,66.3407,66.3407,64.7128,65.276,734082
2010-11-17,65.1992,66.0974,65.0936,65.5542,361539
2010-11-18,66.3027,67.2398,66.2539,66.6127,359873
2010-11-19,66.5749,67.3774,66.2369,67.3774,514887
2010-11-22,66.9387,67.5738,66.3595,67.481,418307
2010-11-23,66.5939,66.8729,65.7405,66.8251,432267
2010-11-24,67.2657,68.7361,67.0693,68.7091,408886
2010-11-26,67.7542,68.6423,67.6116,68.0632,135968
2010-11-29,67.4162,67.797,66.5271,67.5478,270547
2010-11-30,66.7882,68.1549,66.6397,67.7272,557873
2010-12-01,68.9573,69.5016,68.5556,68.9763,549461
2010-12-02,68.6812,70.2303,68.6233,69.9681,772749
2010-12-03,69.5934,70.4925,69.5474,70.4187,477307
2010-12-06,70.3519,71.3069,70.0907,71.0168,718579
2010-12-07,71.8292,71.8292,71.2311,71.6358,757278
2010-12-08,71.6448,71.893,71.1574,71.5222,403736
2010-12-09,71.884,72.0366,71.4644,71.8741,439287
2010-12-10,72.0176,72.7204,71.6538,72.6815,694855
2010-12-13,72.7782,72.9547,72.2269,72.3267,1164035
2010-12-14,72.3984,72.9975,72.1033,72.3635,700273
2010-12-15,72.1123,72.8729,71.9309,72.1981,770597
2010-12-16,72.3905,73.3564,71.8382,73.3564,444571
2010-12-17,73.3265,73.5328,72.6047,73.0434,1218884
2010-12-20,73.0434,73.3364,71.901,72.1412,802930
2010-12-21,72.4731,72.9367,72.2359,72.8241,687069
2010-12-22,72.8819,73.2308,72.8241,72.9367,620133
2010-12-23,72.8819,72.9547,71.7664,71.8192,423905
2010-12-27,71.6448,72.844,71.5492,72.6625,446982
2010-12-28,72.6815,72.9447,72.2269,72.3635,339747
2010-12-29,72.5739,72.5739,72.0814,72.3237,294839
2010-12-30,72.3047,72.6795,71.8352,71.8711,262935
2010-12-31,71.8162,71.909,71.3776,71.4804,306662
2011-01-03,72.1313,73.0533,71.9997,72.0744,496754
2011-01-04,72.3905,72.3905,70.2113,71.0268,747078
2011-01-05,70.7157,71.5312,70.6041,71.3158,410137
2011-01-06,71.3069,71.3348,70.5124,70.7347,499076
2011-01-07,70.8763,71.1005,68.9374,70.0249,873915
2011-01-10,69.7728,70.3329,67.6884,70.2113,854377
2011-01-11,70.4835,71.1574,70.1745,70.6889,381269
2011-01-12,71.2142,71.26,70.3699,70.5223,524985
2011-01-13,70.5025,70.7447,70.0728,70.3798,428182
2011-01-14,70.2791,70.6419,70.0539,70.4925,592604
2011-01-18,70.5323,71.0726,70.3329,70.7705,698214
2011-01-19,70.6689,70.9051,69.0141,69.2584,1280712
2011-01-20,69.1936,69.3132,68.5945,68.8008,693041
2011-01-21,69.4268,69.9871,69.0311,69.1467,330666
2011-01-24,69.0789,70.006,68.9025,69.9213,476127
2011-01-25,69.6502,70.1455,69.0979,70.0808,539462
2011-01-26,70.2502,71.279,70.1555,71.0726,859439
2011-01-27,71.0078,71.9209,70.8383,71.6986,586759
2011-01-28,72.217,72.3366,70.015,70.7905,714968
2011-01-31,73.0653,74.7291,72.2629,72.6635,1439270
2011-02-01,73.2686,73.9056,72.4064,73.803,727382
2011-02-02,73.5816,74.1877,73.4411,73.9714,575244
2011-02-03,73.9515,74.1678,73.4222,73.9894,515158
2011-02-04,74.2336,75.0381,74.0761,74.8018,397218
2011-02-07,74.8696,75.5992,74.8307,75.4766,539558
2011-02-08,75.5992,76.8015,75.5714,76.8015,806687
2011-02-09,76.4227,76.9729,76.1824,76.8463,535226
2011-02-10,76.2741,77.7864,76.2741,77.7116,526912
2011-02-11,77.264,78.7323,77.0746,78.3206,651320
2011-02-14,78.3954,79.3683,78.191,79.2916,732512
2011-02-15,78.836,79.2646,78.4881,79.0055,650888
2011-02-16,79.2457,79.6992,78.9117,79.5168,656645
2011-02-18,79.2008,79.8358,79.0294,79.771,398398
2011-02-22,78.9117,79.2457,77.7674,78.0894,801550
2011-02-23,78.1073,78.4512,77.0088,77.571,1010694
2011-02-24,77.7584,77.89,76.4935,76.9111,714495
2011-02-25,77.3218,78.0535,77.0088,77.8222,566813
2011-02-28,78.1791,78.8619,78.0096,78.6815,586683
2011-03-01,79.2427,79.4959,77.6886,77.8462,763057
2011-03-02,77.6508,79.479,77.6508,79.2238,626559
2011-03-03,79.6774,82.009,79.6774,81.8306,740678
2011-03-04,81.5813,81.7538,80.0512,80.3911,1010731
2011-03-07,80.6583,80.9115,78.4791,79.3783,896778
2011-03-08,79.6504,80.4828,78.9217,80.3043,543608
2011-03-09,80.098,80.9214,79.3683,80.7429,626868
2011-03-10,79.6474,79.8886,78.5789,78.8978,435065
2011-03-11,78.1173,79.3105,77.6846,79.0055,629063
2011-03-14,78.4333,78.8929,77.3986,78.209,497869
2011-03-15,75.2623,78.0894,75.2623,77.589,707214
2011-03-16,77.4763,78.0246,75.9542,76.5811,548694
2011-03-17,77.9229,78.1502,76.7277,77.1623,563867
2011-03-18,78.5789,78.7383,78.0575,78.7015,1047911
2011-03-21,79.6285,80.5835,79.6285,80.2445,766175
2011-03-22,80.409,80.4359,79.3554,79.804,493246
2011-03-23,79.6992,80.0611,78.2907,79.2547,415033
2011-03-24,79.6992,79.9176,78.8739,79.5647,352251
2011-03-25,79.6962,80.4259,79.4042,80.3023,689537
2011-03-28,80.3811,80.5555,79.5836,79.6604,282514
2011-03-29,79.2547,80.2186,78.5828,80.2186,463151
2011-03-30,80.5097,80.6373,80.0312,80.1778,798055
2011-03-31,80.1778,81.0091,80.1598,80.8655,877909
2011-04-01,81.1277,82.7476,80.8517,82.62,730834
2011-04-04,82.7476,83.0177,82.3608,82.7287,662320
2011-04-05,82.9111,82.9111,81.8216,81.9362,647849
2011-04-06,82.4964,82.4964,80.9573,81.4617,335272
2011-04-07,81.2962,81.8026,80.5635,80.7609,479801
2011-04-08,81.1646,81.3331,79.4042,80.0112,371103
2011-04-11,80.086,80.3701,79.3254,79.786,403571
2011-04-12,79.4222,79.7062,78.6545,79.2238,426207
2011-04-13,79.769,79.9924,78.9277,79.3842,425377
2011-04-14,78.8061,79.3554,78.204,79.159,318423
2011-04-15,79.2427,80.1409,78.7861,79.461,973449
2011-04-18,78.5289,78.5887,77.2102,78.0475,707327
2011-04-19,78.1223,78.7283,77.905,78.4751,658056
2011-04-20,79.6774,80.4718,79.4959,80.3522,668307
2011-04-21,80.5635,81.0231,80.105,80.8815,823933
2011-04-25,80.9095,81.1277,80.3023,80.6662,458955
2011-04-26,82.6459,82.9301,80.9095,81.657,1061345
2011-04-27,80.9961,81.2035,80.2066,80.9095,878283
2011-04-28,80.9095,81.5992,80.6373,81.0061,655343
2011-04-29,81.1507,81.6062,80.9323,81.0001,656289
2011-05-02,81.4617,81.7338,80.6273,80.7041,524283
2011-05-03,80.3891,80.8615,79.6674,80.086,457992
2011-05-04,80.113,80.5366,78.4183,78.4931,1144729
2011-05-05,78.0575,79.6374,77.7166,78.6446,696520
2011-05-06,80.0581,80.2934,77.914,78.4283,602196
2011-05-09,78.4183,78.7961,78.0196,78.5289,584270
2011-05-10,78.7573,79.4959,78.6815,79.47,428349
2011-05-11,79.461,79.5706,77.6976,78.2319,362351
2011-05-12,78.0376,78.9656,77.0497,78.6625,344123
2011-05-13,78.8609,79.0174,77.3447,77.4215,318188
2011-05-16,77.0397,77.9618,76.7945,77.7076,665019
2011-05-17,77.7814,77.7814,76.6589,76.9321,490485
2011-05-18,77.1523,78.1023,76.9141,77.7166,776016
2011-05-19,78.2598,78.5789,77.7992,78.0854,464426
2011-05-20,77.9718,78.3625,77.4783,78.0854,597091
2011-05-23,76.8593,77.267,76.323,76.8593,342211
2011-05-24,77.1523,77.3058,75.666,75.7986,548198
2011-05-25,75.2354,77.2191,74.7201,76.8772,628559
2011-05-26,76.5443,77.3058,76.304,77.1334,328328
2011-05-27,77.5222,77.885,77.2391,77.7166,268028
2011-05-31,78.6277,78.6277,76.9111,78.1701,521543
2011-06-01,77.8172,78.2419,75.058,75.0769,539418
2011-06-02,75.1058,76.2203,75.0211,76.0698,413704
2011-06-03,74.9912,75.7618,74.5456,74.6173,547418
2011-06-06,74.3463,75.3281,73.765,73.8877,399293
2011-06-07,74.2376,75.1776,73.6664,74.8067,1118382
2011-06-08,74.7061,75.1218,74.1718,74.5407,635297
2011-06-09,74.6861,75.0729,74.3403,74.416,599897
2011-06-10,74.103,74.5067,73.467,73.6056,659521
2011-06-13,73.8956,74.0651,72.9078,73.3255,396977
2011-06-14,74.122,75.2284,74.0472,74.7849,752949
2011-06-15,73.9146,74.4967,73.2856,73.495,467562
2011-06-16,73.6564,74.6413,72.9108,73.8718,468293
2011-06-17,74.6133,75.4178,74.5017,74.9314,1117349
2011-06-20,74.5545,75.5454,74.5545,75.3092,425417
2011-06-21,75.8983,77.0587,75.4587,76.9769,676674
2011-06-22,76.5811,77.1603,76.3389,76.7157,475415
2011-06-23,75.672,76.9121,75.063,76.3479,684528
2011-06-24,76.3937,76.5911,75.4736,75.8854,698620
2011-06-27,75.5126,76.0478,75.0919,75.7408,435991
2011-06-28,76.1326,77.0756,75.7208,77.0756,424108
2011-06-29,77.3726,77.9418,76.8373,77.4783,329731
2011-06-30,77.7794,78.4761,77.581,78.0096,618624
2011-07-01,78.1422,78.6446,77.6498,78.4283,1597396
2011-07-05,78.4014,78.6357,77.894,78.2698,813531
2011-07-06,78.2219,79.0105,77.8252,78.8619,515454
2011-07-07,79.6116,79.8348,79.1799,79.5168,476399
2011-07-08,78.6077,78.6157,77.7156,78.4572,362804
2011-07-11,77.4394,77.6876,76.6379,77.0108,367387
2011-07-12,76.8373,76.8941,76.0947,76.4665,534125
2011-07-13,76.8194,77.573,76.3738,76.9849,426645
2011-07-14,77.1035,77.8452,75.7866,76.008,372349
2011-07-15,76.4227,77.0845,75.8306,77.0477,568786
2011-07-18,76.7057,76.7437,75.4458,75.9711,286094
2011-07-19,76.3838,77.0008,76.321,76.9849,615587
2011-07-20,77.2002,77.8252,76.8373,77.549,402183
2011-07-21,77.9897,78.9287,77.3248,78.6915,503294
2011-07-22,78.7113,79.2337,78.1592,79.1989,514738
2011-07-25,80.7161,82.4835,80.5565,81.7,1366034
2011-07-26,81.5853,81.968,80.5227,80.8257,558093
2011-07-27,80.2575,80.3153,77.8352,78.0475,654361
2011-07-28,78.0575,78.4093,76.8283,77.1902,828594
2011-07-29,76.2622,77.1314,75.7378,76.5403,609828
2011-08-01,77.2849,77.5022,74.3502,75.2793,671041
2011-08-02,74.7011,75.349,72.8559,72.9128,1269710
2011-08-03,72.9367,74.416,71.5092,74.1987,1252407
2011-08-04,73.2517,73.3185,69.9233,69.9701,1046198
2011-08-05,70.7666,71.5372,67.4482,68.6703,1252850
2011-08-08,66.5779,67.6464,63.4896,63.5176,948236
2011-08-09,64.7267,66.9886,62.3493,66.7623,1159889
2011-08-10,65.3966,66.2759,63.2664,63.394,1166589
2011-08-11,63.8495,68.0123,63.6422,67.1202,688022
2011-08-12,67.5618,68.2735,66.5121,68.106,583201
2011-08-15,68.5177,69.352,68.1977,68.9663,320588
2011-08-16,68.0522,68.5835,66.4623,66.6337,686765
2011-08-17,67.179,67.6366,65.7594,66.229,413878
2011-08-18,64.1755,64.3091,62.6862,63.3212,1275512
2011-08-19,62.3693,64.1935,61.7352,61.8608,630192
2011-08-22,63.2295,63.394,61.5408,61.804,602754
2011-08-23,62.0592,64.3739,61.5966,64.3739,833340
2011-08-24,64.2613,66.3715,63.9711,66.2559,714631
2011-08-25,66.5589,67.3434,64.8703,66.2469,1306902
2011-08-26,66.0266,68.1409,64.5802,67.7592,576647
2011-08-29,67.8409,70.3449,67.7132,70.1954,613311
2011-08-30,69.7368,71.3398,69.371,70.8244,463378
2011-08-31,71.273,72.9128,71.273,72.1592,1404749
2011-09-01,72.1582,72.9975,70.6181,70.8244,1128312
2011-09-02,69.1378,69.5874,68.4489,68.8835,591093
2011-09-06,66.6925,68.1001,66.0645,67.8359,645570
2011-09-07,68.9244,70.2313,68.5875,70.1934,418304
2011-09-08,69.7518,70.4765,68.7779,68.8307,578045
2011-09-09,68.0612,68.6214,66.0077,66.4821,907581
2011-09-12,65.6568,66.6057,64.974,66.5869,645195
2011-09-13,66.6437,69.0211,66.4143,68.3483,857190
2011-09-14,68.8277,69.1936,67.0633,68.3851,1043607
2011-09-15,69.0979,71.3687,68.6015,71.3398,911152
2011-09-16,71.9389,72.0076,70.5901,71.2351,1065966
2011-09-19,69.8226,70.4407,69.1467,69.9422,592737
2011-09-20,70.4117,70.7297,68.7351,68.7998,425525
2011-09-21,68.7081,69.1766,66.5121,66.5121,622057
2011-09-22,64.3739,64.7935,62.6035,63.359,699917
2011-09-23,62.9245,66.1383,62.9245,65.591,887103
2011-09-26,66.0635,66.3615,64.2513,66.0555,831862
2011-09-27,67.508,68.3533,66.7932,67.3176,943881
2011-09-28,67.4242,68.1649,66.4343,66.9168,913297
2011-09-29,68.5027,69.1816,66.2957,67.6296,800091
2011-09-30,66.6018,67.5976,64.6141,64.6241,964383
2011-10-03,64.2293,64.7267,61.8548,62.2655,896454
2011-10-04,61.2448,65.7405,60.86,65.6468,1112099
2011-10-05,65.8731,67.7162,64.973,67.6395,1025635
2011-10-06,67.6395,69.045,66.8979,69.0271,849606
2011-10-07,69.3302,69.7239,67.9495,68.6753,561013
2011-10-10,69.996,71.3308,69.6382,71.2002,439914
2011-10-11,70.8403,71.919,70.5045,71.5192,366381
2011-10-12,71.8162,73.6864,71.613,72.7792,553055
2011-10-13,71.8641,72.1592,70.5523,70.9371,610549
2011-10-14,72.8929,73.7242,72.3905,73.2158,712470
2011-10-17,72.8261,73.0753,70.4197,70.5433,541507
2011-10-18,70.7187,73.159,70.4197,72.5201,734231
2011-10-19,72.2529,73.159,71.7256,71.909,661109
2011-10-20,71.9778,72.5389,71.0208,71.6777,685487
2011-10-21,72.6457,73.1401,71.6228,72.9656,1140820
2011-10-24,65.5542,74.6273,65.5542,74.0552,1294363
2011-10-25,73.7342,74.4579,72.0445,73.7242,898710
2011-10-26,74.739,75.058,73.1959,74.7011,685201
2011-10-27,77.0367,77.7614,76.4645,77.4195,1009070
2011-10-28,76.946,78.2608,76.7427,77.8452,562019
2011-10-31,76.5253,77.6378,75.8036,76.1724,615693
2011-11-01,73.8668,75.2284,73.2348,74.12,760032
2011-11-02,75.8106,76.5303,74.9353,76.0827,442267
2011-11-03,77.0925,79.3494,75.9681,79.1141,562119
2011-11-04,78.3356,78.7045,77.4284,78.2329,511211
2011-11-07,77.875,79.0782,77.0925,79.0483,556339
2011-11-08,79.5098,80.0651,78.4024,79.6524,462047
2011-11-09,77.6198,78.1332,76.1306,76.627,543562
2011-11-10,77.6398,78.2798,76.8931,77.5302,472544
2011-11-11,78.6565,80.4609,78.6565,80.2136,481851
2011-11-14,79.8378,80.7211,79.8378,80.3293,548774
2011-11-15,80.0272,81.7846,79.9794,81.4268,524156
2011-11-16,80.4977,81.1467,79.5856,79.7402,583281
2011-11-17,79.3215,79.7022,76.9649,77.6966,764493
2011-11-18,78.6277,79.0393,77.4952,78.214,536533
2011-11-21,76.8005,77.3427,75.7548,76.5014,444140
2011-11-22,76.4745,76.9919,75.8564,76.5991,444852
2011-11-23,75.7648,75.8844,74.4309,74.6653,390516
2011-11-25,74.4967,75.7548,74.1479,74.5995,189442
2011-11-28,76.8663,78.2229,76.6449,77.573,405974
2011-11-29,77.7334,78.4951,77.5302,77.7904,511999
2011-11-30,80.6333,80.9363,79.1161,80.0033,1145376
2011-12-01,79.7022,80.5436,79.4909,79.5188,501795
2011-12-02,80.2415,80.8905,79.3304,79.3892,397355
2011-12-05,80.3203,80.5715,79.4182,79.9884,518799
2011-12-06,79.9724,80.2066,79.2298,79.5198,381414
2011-12-07,78.9018,79.4281,77.864,79.0972,432547
2011-12-08,78.9785,79.5118,77.874,78.1033,545562
2011-12-09,78.5031,79.6744,78.0096,79.4281,370521
2011-12-12,78.7133,78.7133,76.9201,77.905,513114
2011-12-13,78.2229,78.9975,77.3427,77.6796,979972
2011-12-14,77.1992,77.2849,76.2253,76.4645,697916
2011-12-15,77.3926,77.5212,76.5113,76.9998,492280
2011-12-16,77.7614,78.9696,77.3906,78.0286,780799
2011-12-19,78.3934,79.1331,77.7066,77.9229,705295
2011-12-20,79.5378,81.7946,79.4092,81.659,585641
2011-12-21,81.5454,81.8614,80.0751,80.8605,588453
2011-12-22,81.2653,82.4585,80.9901,82.1624,450132
2011-12-23,82.3808,83.1145,81.9052,82.8303,257004
2011-12-27,82.7575,83.5082,81.981,83.0407,213672
2011-12-28,83.0407,83.2779,80.7339,81.2274,381475
2011-12-29,81.2653,82.1535,81.2653,81.693,659157
2011-12-30,81.8414,82.2582,81.3889,81.5823,284052
2012-01-03,83.2959,83.7056,82.0179,82.8383,595910
2012-01-04,82.5652,83.1743,81.9442,82.7925,298833
2012-01-05,82.4097,84.2827,81.5314,84.1591,560305
2012-01-06,84.1023,84.9297,84.0484,84.506,508572
2012-01-09,84.6575,85.1639,83.6706,85.0333,328093
2012-01-10,86.0142,86.5226,85.9016,86.2086,592420
2012-01-11,86.0042,86.9513,85.748,86.5994,323582
2012-01-12,86.4269,87.3291,86.07,87.1227,430924
2012-01-13,86.397,87.3111,86.3591,87.3111,369277
2012-01-17,87.6112,88.2043,87.2095,87.4208,572205
2012-01-18,87.2373,88.0638,86.4359,88.0638,579022
2012-01-19,88.6259,89.4573,88.2522,89.1513,564241
2012-01-20,89.0417,89.4473,88.2711,88.4924,367969
2012-01-23,88.7396,89.5819,87.95,88.5602,450099
2012-01-24,87.8824,89.4075,87.8824,89.3586,248868
2012-01-25,89.1713,89.8272,88.4296,89.6437,501073
2012-01-26,89.7374,90.3016,88.3458,88.6539,530799
2012-01-27,88.2422,89.4175,88.0168,88.7695,396359
2012-01-30,88.0338,88.9131,87.677,88.7396,449285
2012-01-31,89.1483,89.57,87.6431,87.8504,918795
2012-02-01,88.0737,91.1599,88.0737,90.7522,998370
2012-02-02,89.2071,90.191,85.5806,87.8824,1839924
2012-02-03,89.5999,89.5999,87.9302,88.29,1178639
2012-02-06,87.8754,88.9499,87.667,88.7107,785312
2012-02-07,88.281,89.1253,87.97,88.9849,445516
2012-02-08,89.1154,89.3487,88.0168,88.8283,464329
2012-02-09,88.5991,88.9231,87.8284,88.8183,281107
2012-02-10,87.5454,87.7706,86.7729,87.677,471614
2012-02-13,88.0926,88.7007,87.5264,88.6917,447118
2012-02-14,88.2043,88.6259,87.7706,88.616,346856
2012-02-15,88.7984,88.9937,87.2932,87.8096,349184
2012-02-16,87.8754,88.9749,87.8096,88.9131,270325
2012-02-17,89.3975,89.5151,88.5402,89.0417,364408
2012-02-21,89.3487,89.856,89.0975,89.6348,343205
2012-02-22,89.4673,90.0474,88.8761,89.3586,404591
2012-02-23,89.4274,89.562,88.6449,88.7297,419262
2012-02-24,88.6917,89.6906,88.281,88.9649,467230
2012-02-27,88.2422,89.2739,87.3759,88.8941,700446
2012-02-28,88.8851,88.8851,87.2284,87.658,717935
2012-02-29,87.8794,88.3877,86.09,86.09,1680861
2012-03-01,86.2445,88.0538,86.2445,87.8554,741914
2012-03-02,87.4078,88.296,87.4078,87.984,605627
2012-03-05,87.7138,88.2522,87.1915,87.997,531921
2012-03-06,86.4199,86.9741,85.8936,86.2106,617633
2012-03-07,86.4967,87.7946,86.3242,87.4826,613005
2012-03-08,88.0488,88.8343,87.4826,88.6419,486584
2012-03-09,88.7695,90.0564,88.7595,89.4075,657925
2012-03-12,89.2839,90.1432,89.2839,89.876,574979
2012-03-13,90.172,92.1846,90.172,92.06,780329
2012-03-14,92.2405,93.6102,92.07,93.2663,1216406
2012-03-15,93.1137,93.4796,92.5515,93.1995,679920
2012-03-16,93.5912,93.8694,93.0001,93.4995,816573
2012-03-19,93.648,93.6769,92.7937,93.5354,385054
2012-03-20,93.0849,93.8862,92.3222,93.8594,663169
2012-03-21,93.5912,94.0548,93.3031,93.9052,360456
2012-03-22,93.1995,93.4058,92.5705,93.4058,535500
2012-03-23,93.5394,93.966,92.9103,93.7876,417011
2012-03-26,94.4136,95.0525,94.4136,94.5282,596927
2012-03-27,94.602,95.0157,94.4326,94.7346,379457
2012-03-28,94.5282,94.5282,92.3691,93.2663,623623
2012-03-29,92.6343,93.2194,92.2694,92.9173,831557
2012-03-30,93.5643,93.8862,92.701,93.2762,1029223
2012-04-02,93.2961,93.8902,92.6841,93.3719,651269
2012-04-03,93.3251,93.4367,92.72,93.2313,686586
2012-04-04,92.5336,92.7499,91.781,92.4279,389774
2012-04-05,92.2246,92.5714,91.8836,92.1956,152306
2012-04-09,90.816,91.5985,90.0454,91.1889,497646
2012-04-10,90.9685,91.1889,89.4045,89.5899,684977
2012-04-11,90.5837,91.9932,89.7902,90.7701,473797
2012-04-12,90.8749,93.0131,90.8061,92.8825,331207
2012-04-13,92.7599,92.9851,91.7909,92.0222,409032
2012-04-16,92.5914,92.9851,91.8478,92.2704,464614
2012-04-17,92.9851,94.8183,92.7499,94.1056,647381
2012-04-18,93.642,94.0488,93.0599,93.1077,569817
2012-04-19,93.2792,93.334,90.6775,91.3244,1071495
2012-04-20,91.6085,93.9092,91.5706,92.4478,712850
2012-04-23,91.4021,94.0218,91.3733,93.1167,969117
2012-04-24,92.5435,93.642,92.0422,93.0679,543396
2012-04-25,93.8733,95.5649,93.5673,95.3616,705722
2012-04-26,94.7435,96.202,94.7435,96.202,868731
2012-04-27,96.477,97.0063,96.202,96.7303,511281
2012-04-30,96.5448,96.5827,95.4095,95.9826,593263
2012-05-01,96.0814,97.5068,94.8463,96.8289,562751
2012-05-02,96.1432,97.2057,95.7464,97.0263,478270
2012-05-03,97.0711,97.4769,96.0126,96.2966,330345
2012-05-04,95.8202,95.869,93.671,94.8831,592219
2012-05-07,94.9091,95.4194,94.6409,95.1005,445834
2012-05-08,94.6509,95.5939,93.8544,95.2589,510578
2012-05-09,94.0398,95.869,94.0218,94.9769,513305
2012-05-10,95.9438,96.0624,94.9857,95.7564,457184
2012-05-11,95.3327,96.2398,95.0725,95.9438,454797
2012-05-14,95.0725,96.1342,94.6309,95.1403,493605
2012-05-15,95.2141,95.9168,94.617,95.0905,456832
2012-05-16,95.5839,95.9338,94.4375,94.617,437688
2012-05-17,95.0347,95.0347,90.9595,91.2437,718685
2012-05-18,91.0463,91.781,89.7803,90.0354,886180
2012-05-21,90.9307,93.0779,90.3096,93.0329,467124
2012-05-22,93.5483,94.0039,92.6751,93.5952,683891
2012-05-23,92.7957,94.5332,91.5886,94.3887,551843
2012-05-24,94.4644,95.0905,93.7208,94.5412,444553
2012-05-25,94.7157,95.0625,93.985,94.5232,329338
2012-05-29,95.5749,96.6316,95.1702,96.6216,346915
2012-05-30,95.4583,96.4681,95.0257,95.7832,518438
2012-05-31,95.5649,96.0225,94.4116,95.3427,520977
2012-06-01,94.3209,94.3209,91.7909,91.8478,627630
2012-06-04,91.781,92.1668,89.57,90.3495,735555
2012-06-05,90.0136,91.459,89.9288,91.2227,641031
2012-06-06,91.8268,93.6161,91.6932,93.6161,326012
2012-06-07,95.3517,97.3303,92.9941,93.3061,490459
2012-06-08,93.3051,94.6857,92.711,94.3488,429296
2012-06-11,95.2889,95.2889,92.72,92.8057,389068
2012-06-12,93.1925,94.9369,92.8725,94.8562,363429
2012-06-13,94.5133,95.2978,93.1447,93.5483,346869
2012-06-14,93.7298,94.7815,93.2693,94.1794,376873
2012-06-15,94.8921,95.2041,94.0588,94.9269,593956
2012-06-18,94.7904,95.7075,94.0588,95.546,508121
2012-06-19,95.869,97.4769,95.556,96.9287,406991
2012-06-20,96.9187,97.0801,95.0347,95.878,372312
2012-06-21,96.1012,96.2398,93.1447,93.3629,343035
2012-06-22,93.5683,94.0228,92.5724,93.4576,407835
2012-06-25,92.6462,92.6462,89.9218,90.5638,502623
2012-06-26,90.7243,90.8559,89.3277,90.0544,574469
2012-06-27,90.7612,90.8559,90.18,90.6406,341447
2012-06-28,89.541,90.507,88.8731,89.8441,673336
2012-06-29,91.7042,93.0779,91.7042,92.8625,829088
2012-07-02,91.5606,92.7399,91.0643,91.8656,541047
2012-07-03,92.089,93.1645,91.7122,93.0241,243673
2012-07-05,92.6263,93.8763,92.389,93.3261,293536
2012-07-06,92.4478,93.1077,90.7413,91.4869,305632
2012-07-09,92.2804,92.2804,90.7502,91.4201,259470
2012-07-10,91.8268,92.2246,90.0604,90.7133,448538
2012-07-11,90.7223,91.2047,88.9869,89.4503,933276
2012-07-12,88.7307,89.6198,87.2892,89.0905,585046
2012-07-13,89.236,91.0901,89.1533,90.7413,274448
2012-07-16,90.2966,90.3555,89.0905,89.3138,458896
2012-07-17,89.566,90.1082,88.4376,89.2191,488547
2012-07-18,88.9141,91.752,88.8393,90.824,630104
2012-07-19,91.1579,91.8656,91.0343,91.138,415281
2012-07-20,90.4751,92.1458,90.206,91.5327,610238
2012-07-23,89.7594,90.7413,89.2559,90.3814,400788
2012-07-24,90.2428,90.4472,87.6182,88.4196,512905
2012-07-25,88.8781,89.2659,87.9102,88.5023,384933
2012-07-26,90.2149,90.6555,89.0995,90.4382,614158
2012-07-27,90.6555,93.2981,90.6555,93.0041,641328
2012-07-30,97.0063,102.724,93.7128,93.997,2606204
2012-07-31,94.276,95.3327,93.1745,93.8185,1175220
2012-08-01,94.0518,96.809,93.8384,95.6876,990043
2012-08-02,94.8373,96.3534,94.4016,96.2787,491179
2012-08-03,97.7859,98.3172,97.2945,97.6862,440525
2012-08-06,97.7161,98.9004,97.3204,97.4181,646527
2012-08-07,97.776,98.2584,97.1001,97.4869,777020
2012-08-08,97.5068,98.3472,97.1499,98.2684,501058
2012-08-09,98.2186,98.4348,97.7859,98.0182,266672
2012-08-10,97.5756,98.8705,97.3204,98.8605,303899
2012-08-13,98.4448,99.2353,97.5467,99.0669,498466
2012-08-14,99.1955,99.4945,98.5345,98.8705,458432
2012-08-15,98.5146,99.4447,98.387,99.0867,424277
2012-08-16,99.0259,100.412,98.8007,99.8135,576613
2012-08-17,100.192,100.68,99.8927,100.092,484382
2012-08-20,99.6639,100.102,98.7528,99.2153,277493
2012-08-21,99.5045,99.8135,98.2972,98.3172,377568
2012-08-22,97.8896,98.5146,97.4181,98.098,387324
2012-08-23,98.068,98.9363,97.6862,98.6153,405359
2012-08-24,98.2684,99.0867,97.7859,98.3072,366820
2012-08-27,98.3472,98.713,97.8696,97.9684,343910
2012-08-28,97.6563,97.9783,97.1759,97.3593,204023
2012-08-29,97.5756,97.6284,96.6316,97.3204,290545
2012-08-30,96.5927,97.1399,96.2109,96.7103,305954
2012-08-31,97.4869,97.8058,96.2688,96.9765,409785
2012-09-04,96.8987,97.1759,95.4673,96.6804,317507
2012-09-05,96.8857,96.9485,95.5839,96.2398,215399
2012-09-06,97.1957,99.0359,97.0333,99.0061,317031
2012-09-07,99.1067,99.6739,98.4548,98.9463,261839
2012-09-10,98.9004,99.5045,98.6252,98.7528,326852
2012-09-11,98.6831,98.9103,98.3472,98.5664,302476
2012-09-12,97.7261,98.6153,97.7261,98.1986,327030
2012-09-13,98.4847,99.2553,97.6184,99.1267,437096
2012-09-14,99.1067,99.9426,98.7628,99.2553,338122
2012-09-17,99.1267,99.1855,98.4747,98.9463,246568
2012-09-18,98.9363,100.272,98.6063,100.262,654552
2012-09-19,100.392,103.133,100.272,102.834,773687
2012-09-20,102.554,103.133,101.798,102.624,989098
2012-09-21,103.024,103.262,102.326,103.024,690667
2012-09-24,103.024,105.007,102.286,104.788,868110
2012-09-25,104.828,105.087,103.781,103.92,625276
2012-09-26,104.04,104.28,102.476,103.262,365581
2012-09-27,103.731,104.17,102.984,103.9,333818
2012-09-28,103.602,103.94,102.984,103.672,563286
2012-10-01,103.97,104.538,102.494,103.034,548287
2012-10-02,103.502,103.781,102.584,103.272,288245
2012-10-03,103.492,103.522,102.584,103.074,275581
2012-10-04,103.472,104.17,103.152,103.92,217880
2012-10-05,104.379,105.196,104.12,104.918,448684
2012-10-08,104.349,104.738,103.702,104.738,558434
2012-10-09,104.698,104.698,102.436,102.574,665632
2012-10-10,102.764,103.034,101.758,102.494,604377
2012-10-11,103.372,104.15,102.814,103.622,578748
2012-10-12,103.94,103.94,103.152,103.472,360312
2012-10-15,103.622,104.12,102.884,104.0,305956
2012-10-16,104.339,105.236,104.339,104.688,403708
2012-10-17,104.947,105.476,104.26,104.698,411860
2012-10-18,104.708,104.718,103.731,103.98,402856
2012-10-19,103.492,103.492,101.458,101.818,689570
2012-10-22,101.738,102.216,100.74,101.618,344996
2012-10-23,100.571,101.1,99.6341,100.8,349147
2012-10-24,101.548,101.996,100.282,100.402,680812
2012-10-25,101.448,103.432,100.432,102.814,548739
2012-10-26,102.984,103.422,101.398,102.774,451945
2012-10-31,102.754,103.89,101.828,103.103,405263
2012-11-01,103.093,104.29,102.884,103.751,461317
2012-11-02,104.488,105.336,104.11,104.329,767329
2012-11-05,104.22,104.528,103.83,104.29,261084
2012-11-06,104.558,105.565,103.761,105.286,334870
2012-11-07,104.0,104.618,102.994,103.162,232646
2012-11-08,103.084,103.492,101.818,102.236,296080
2012-11-09,101.946,103.642,101.946,102.574,267556
2012-11-12,102.574,103.232,102.256,102.824,169158
2012-11-13,97.8796,103.282,97.1589,102.006,183512
2012-11-14,102.096,102.426,100.97,101.05,625096
2012-11-15,101.338,102.246,100.641,101.708,683347
2012-11-16,102.056,102.624,101.298,101.886,1023560
2012-11-19,102.794,105.037,102.494,104.908,503570
2012-11-20,104.828,106.891,104.678,106.702,859873
2012-11-21,106.552,106.811,105.446,105.675,547939
2012-11-23,106.104,106.971,105.834,106.861,207580
2012-11-26,106.393,106.931,105.126,105.595,511127
2012-11-27,105.526,106.044,104.758,104.908,451452
2012-11-28,104.738,105.266,103.92,105.186,542441
2012-11-29,105.814,105.904,104.498,105.057,363845
2012-11-30,105.186,105.655,103.8,105.346,753860
2012-12-03,106.692,106.692,103.82,104.06,448256
2012-12-04,103.87,104.17,102.246,103.054,556415
2012-12-05,103.182,104.498,102.764,104.429,632816
2012-12-06,104.14,105.396,104.03,105.276,519406
2012-12-07,105.536,105.794,104.908,105.585,437121
2012-12-10,105.645,106.084,105.346,105.994,386707
2012-12-11,106.183,106.961,105.844,106.492,519882
2012-12-12,106.752,107.13,105.814,105.934,307896
2012-12-13,105.804,106.602,105.037,105.126,337877
2012-12-14,105.476,105.476,103.91,103.92,523731
2012-12-17,104.508,104.508,103.522,104.04,691309
2012-12-18,104.3,105.286,103.99,105.057,919113
2012-12-19,105.246,105.396,103.462,103.532,924161
2012-12-20,103.512,104.778,103.452,104.768,501843
2012-12-21,103.192,105.476,103.074,105.027,940308
2012-12-24,104.598,104.868,104.439,104.778,119770
2012-12-26,104.828,104.977,103.562,103.8,283390
2012-12-27,103.692,104.429,103.113,104.14,235492
2012-12-28,103.362,104.2,103.054,103.064,266975
2012-12-31,102.844,105.476,102.186,105.456,414004
2013-01-02,107.23,108.466,107.07,108.287,522667
2013-01-03,108.067,109.503,107.848,108.406,452749
2013-01-04,108.745,109.643,108.237,109.293,296172
2013-01-07,108.815,109.473,108.586,108.825,370236
2013-01-08,108.416,109.643,108.257,108.586,677639
2013-01-09,108.855,109.213,108.725,108.975,838816
2013-01-10,109.473,109.473,107.669,108.277,749681
2013-01-11,108.327,108.885,107.997,108.197,489411
2013-01-14,108.227,108.586,107.3,108.097,338843
2013-01-15,107.679,108.197,107.19,108.137,216821
2013-01-16,107.649,108.257,107.14,107.968,367570
2013-01-17,108.087,109.273,108.087,108.995,324423
2013-01-18,109.343,110.38,109.343,110.081,1137372
2013-01-22,110.091,111.705,109.961,111.656,459830
2013-01-23,111.347,111.715,110.809,111.327,253526
2013-01-24,111.427,112.563,111.297,112.165,433289
2013-01-25,112.643,112.733,111.477,112.393,308213
2013-01-28,110.929,114.148,110.929,112.075,443106
2013-01-29,112.145,113.471,111.865,112.753,369642
2013-01-30,112.135,112.443,111.117,111.337,457706
2013-01-31,111.137,111.646,110.161,111.087,656993
2013-02-01,112.145,113.401,111.557,112.833,442663
2013-02-04,112.065,112.075,110.949,111.117,362625
2013-02-05,111.735,112.673,111.567,112.273,354069
2013-02-06,111.955,113.061,111.865,112.882,292958
2013-02-07,112.892,113.031,111.447,111.995,386687
2013-02-08,112.205,113.231,112.055,112.882,228060
2013-02-11,112.743,113.041,111.855,112.673,227614
2013-02-12,112.703,113.609,112.703,113.101,221014
2013-02-13,113.52,113.889,112.853,113.311,259906
2013-02-14,112.673,113.809,112.673,113.391,257243
2013-02-15,113.52,113.789,113.151,113.569,329264
2013-02-19,113.55,115.553,113.55,115.075,615789
2013-02-20,114.915,116.152,114.357,115.025,798635
2013-02-21,114.537,115.673,114.417,115.394,880338
2013-02-22,115.813,117.886,115.673,117.537,786747
2013-02-25,118.036,118.574,114.736,114.736,497217
2013-02-26,115.325,116.092,114.667,115.653,429600
2013-02-27,115.513,117.886,115.504,117.617,320476
2013-02-28,117.667,118.494,117.318,117.836,333701
2013-03-01,117.438,118.325,116.002,118.165,459528
2013-03-04,117.776,118.305,116.062,118.265,427444
2013-03-05,118.883,119.83,118.674,118.953,433672
2013-03-06,119.421,119.62,118.205,118.205,363854
2013-03-07,118.335,119.032,118.096,118.773,398508
2013-03-08,119.421,119.581,118.375,119.042,468901
2013-03-11,119.052,119.491,118.704,119.412,428368
2013-03-12,119.302,119.312,117.268,117.846,490959
2013-03-13,117.747,118.175,117.308,117.886,439027
2013-03-14,118.185,120.04,117.826,119.092,468703
2013-03-15,118.734,118.734,117.886,117.966,575992
2013-03-18,117.218,118.385,116.889,117.707,325739
2013-03-19,118.016,118.764,117.198,118.534,414552
2013-03-20,119.501,120.478,118.823,119.242,460473
2013-03-21,118.106,118.963,117.627,117.647,404089
2013-03-22,118.345,118.913,117.936,118.853,345285
2013-03-25,119.142,119.421,116.959,118.115,357391
2013-03-26,118.734,119.322,118.534,119.282,385281
2013-03-27,118.394,119.441,117.667,119.302,281022
2013-03-28,118.993,120.548,118.943,120.448,556095
2013-04-01,120.408,120.448,118.783,119.102,199245
2013-04-02,120.079,120.079,117.398,117.896,358027
2013-04-03,117.796,118.833,116.68,116.81,402631
2013-04-04,117.079,117.916,116.959,117.238,282769
2013-04-05,115.693,116.161,115.135,116.012,317840
2013-04-08,115.773,116.77,115.245,116.69,430167
2013-04-09,117.198,117.328,115.533,116.171,415298
2013-04-10,116.62,118.135,115.982,117.786,491438
2013-04-11,117.796,118.554,117.388,117.747,308394
2013-04-12,117.328,117.806,116.61,116.899,266627
2013-04-15,116.321,116.521,112.713,112.783,588985
2013-04-16,113.809,114.885,113.679,114.856,470434
2013-04-17,114.039,115.474,112.553,114.188,708726
2013-04-18,114.865,117.398,114.766,115.903,1241181
2013-04-19,115.982,116.889,114.885,116.052,610999
2013-04-22,116.291,116.899,115.623,116.042,405696
2013-04-23,116.541,117.577,115.903,117.358,443472
2013-04-24,117.697,118.096,117.079,117.358,426313
2013-04-25,117.697,118.514,117.009,117.159,462491
2013-04-26,117.268,117.288,115.942,116.849,267670
2013-04-29,116.551,116.551,112.225,112.403,1426013
2013-04-30,112.593,113.699,112.115,113.341,1190934
2013-05-01,112.683,113.141,111.755,111.855,508023
2013-05-02,112.483,112.823,112.005,112.255,472434
2013-05-03,113.111,114.138,112.873,113.461,583927
2013-05-06,113.331,114.217,113.151,113.889,444511
2013-05-07,114.188,114.995,113.879,114.637,594929
2013-05-08,114.587,114.856,114.337,114.677,626225
2013-05-09,114.945,115.125,114.168,114.487,544652
2013-05-10,114.905,115.653,114.776,115.195,343514
2013-05-13,115.105,115.135,114.208,114.597,692573
2013-05-14,114.607,116.062,114.607,115.863,579847
2013-05-15,115.773,115.863,115.295,115.583,555935
2013-05-16,115.384,115.773,114.627,114.865,594135
2013-05-17,115.065,117.338,115.065,117.248,557776
2013-05-20,117.019,118.026,117.019,117.338,388582
2013-05-21,117.308,118.544,116.77,118.195,397387
2013-05-22,118.106,118.793,116.411,116.75,803273
2013-05-23,115.444,116.909,115.444,116.68,612438
2013-05-24,114.069,116.8,114.069,116.61,661322
2013-05-28,117.607,119.91,117.517,119.67,966706
2013-05-29,119.202,119.431,117.398,117.687,621402
2013-05-30,117.796,119.152,117.796,118.634,389767
2013-05-31,118.394,119.65,117.557,117.617,625670
2013-06-03,117.776,118.873,117.049,118.853,735358
2013-06-04,118.843,119.541,117.009,117.358,507075
2013-06-05,116.989,117.587,115.344,115.663,628613
2013-06-06,115.474,115.823,114.347,115.673,427037
2013-06-07,116.241,117.607,115.992,117.218,294340
2013-06-10,117.677,117.677,116.819,117.268,318049
2013-06-11,116.181,116.361,114.786,114.885,706737
2013-06-12,115.863,116.072,113.141,113.261,554678
2013-06-13,113.071,115.344,112.803,115.075,258371
2013-06-14,115.015,115.354,113.689,114.128,390742
2013-06-17,115.255,117.318,114.885,117.049,862308
2013-06-18,117.089,118.534,116.929,118.215,564665
2013-06-19,118.185,118.883,117.198,117.228,391184
2013-06-20,116.481,116.481,114.487,114.865,601148
2013-06-21,115.723,116.191,114.577,115.633,1348107
2013-06-24,114.477,114.697,113.559,113.709,479824
2013-06-25,114.766,114.875,113.55,113.939,366861
2013-06-26,114.707,115.185,113.929,114.059,410519
2013-06-27,114.856,117.507,114.826,117.398,525597
2013-06-28,117.039,118.504,116.62,117.796,888536
2013-07-01,117.757,119.77,117.378,118.803,508333
2013-07-02,118.484,119.322,117.527,118.076,544062
2013-07-03,117.757,118.604,117.328,117.946,136786
2013-07-05,119.192,121.126,119.182,121.106,309556
2013-07-08,121.375,121.904,120.119,120.228,448641
2013-07-09,120.797,122.102,120.797,121.664,288117
2013-07-10,121.454,122.023,120.946,121.554,232814
2013-07-11,123.318,123.937,122.84,123.468,344997
2013-07-12,123.12,123.698,122.662,123.678,287074
2013-07-15,123.648,124.176,123.368,123.718,308549
2013-07-16,123.947,124.186,122.192,122.312,266408
2013-07-17,123.02,123.488,122.502,122.592,235955
2013-07-18,122.73,124.176,122.362,123.897,296475
2013-07-19,123.818,124.964,123.818,124.904,283824
2013-07-22,124.874,125.871,124.764,125.472,284730
2013-07-23,125.542,125.771,124.984,125.193,292995
2013-07-24,125.402,125.522,124.644,124.964,216025
2013-07-25,124.496,125.074,124.176,124.774,366106
2013-07-26,123.996,124.914,123.718,124.436,528035
2013-07-29,121.286,122.362,119.491,120.288,881694
2013-07-30,120.777,121.206,119.222,120.179,730501
2013-07-31,120.648,120.648,119.312,119.471,758128
2013-08-01,120.219,121.754,119.99,121.366,656333
2013-08-02,120.777,121.016,119.64,120.866,786977
2013-08-05,121.176,121.176,120.02,120.159,575830
2013-08-06,119.65,120.139,119.581,119.83,471944
2013-08-07,119.68,119.94,118.634,119.531,395135
2013-08-08,119.82,119.86,119.232,119.342,318215
2013-08-09,119.272,119.76,118.843,119.262,359668
2013-08-12,119.032,120.797,119.032,120.638,277759
2013-08-13,120.598,121.514,119.591,121.006,253605
2013-08-14,120.388,120.986,119.511,120.139,386239
2013-08-15,118.863,119.92,118.544,118.594,446319
2013-08-16,118.305,119.212,117.946,119.022,1192911
2013-08-19,118.983,119.531,118.086,118.165,386736
2013-08-20,118.135,119.222,117.627,118.474,331602
2013-08-21,118.434,118.754,117.607,117.677,338087
2013-08-22,117.866,119.032,117.707,119.022,302347
2013-08-23,119.412,120.129,118.634,119.511,209802
2013-08-26,119.511,119.99,118.793,119.012,117823
2013-08-27,117.727,118.076,116.8,116.849,382812
2013-08-28,116.859,117.806,116.75,117.338,247753
2013-08-29,116.959,117.806,116.67,117.567,352717
2013-08-30,118.155,118.155,117.198,117.438,424532
2013-09-03,118.674,119.292,117.467,118.175,508734
2013-09-04,118.255,119.91,117.776,119.78,410361
2013-09-05,119.67,120.318,118.823,119.93,201012
2013-09-06,120.0,120.976,118.813,119.92,208213
2013-09-09,120.628,121.884,120.348,121.445,455179
2013-09-10,122.342,123.08,121.934,123.01,357555
2013-09-11,122.9,123.718,122.612,123.11,342251
2013-09-12,122.86,123.768,122.86,123.328,324342
2013-09-13,123.718,124.046,122.77,123.976,361364
2013-09-16,125.074,125.193,124.136,125.004,369408
2013-09-17,125.004,125.442,124.296,125.123,189040
2013-09-18,124.894,127.286,124.366,126.928,317086
2013-09-19,127.546,128.702,126.977,127.685,363272
2013-09-20,127.645,128.164,126.997,127.097,457940
2013-09-23,126.948,127.167,125.871,126.618,267648
2013-09-24,127.017,128.134,125.402,127.396,538205
2013-09-25,127.207,127.904,126.618,126.788,298405
2013-09-26,126.977,128.094,126.419,128.064,220732
2013-09-27,127.107,127.197,126.25,126.549,482417
2013-09-30,125.243,126.778,125.074,126.2,406826
2013-10-01,126.34,127.276,125.98,126.668,325184
2013-10-02,126.05,126.05,124.466,125.253,358828
2013-10-03,124.804,125.512,122.94,123.768,272588
2013-10-04,123.758,124.366,122.99,123.2,423500
2013-10-07,122.062,123.947,122.062,123.289,412217
2013-10-08,123.18,123.718,121.326,121.385,316088
2013-10-09,121.804,124.515,120.189,120.618,340580
2013-10-10,121.564,123.788,121.336,123.648,263578
2013-10-11,123.668,124.296,123.02,124.276,322382
2013-10-14,123.21,124.754,123.08,124.286,337440
2013-10-15,124.016,124.306,123.16,123.17,363101
2013-10-16,123.788,124.754,123.11,123.448,270360
2013-10-17,123.23,124.774,123.04,124.704,355050
2013-10-18,125.562,125.572,124.456,125.422,241478
2013-10-21,125.542,125.741,125.014,125.372,269075
2013-10-22,125.233,127.087,125.123,126.918,372467
2013-10-23,126.33,127.187,125.612,125.93,301300
2013-10-24,125.891,126.25,124.634,124.944,279275
2013-10-25,124.894,126.638,124.266,126.34,328534
2013-10-28,120.069,122.332,117.019,117.976,1854593
2013-10-29,118.145,121.754,117.836,121.684,1050976
2013-10-30,122.222,123.448,119.362,119.362,753872
2013-10-31,119.541,121.644,119.471,120.618,457231
2013-11-01,120.717,121.974,120.06,120.876,568361
2013-11-04,121.056,121.445,119.77,119.96,404296
2013-11-05,119.372,119.85,118.265,118.464,702804
2013-11-06,118.744,119.82,118.315,119.79,377367
2013-11-07,119.94,119.94,117.238,117.328,425207
2013-11-08,117.487,119.67,117.388,119.601,440924
2013-11-11,119.67,120.358,119.591,120.01,258958
2013-11-12,119.491,120.03,118.913,119.302,323623
2013-11-13,118.674,120.248,118.275,119.91,1014570
2013-11-14,120.358,120.727,119.74,120.119,532154
2013-11-15,120.079,120.628,118.903,120.618,1078268
2013-11-18,120.578,120.777,119.7,119.97,610751
2013-11-19,119.551,120.02,119.102,119.352,595822
2013-11-20,119.67,121.176,118.803,120.258,641398
2013-11-21,120.737,121.814,120.488,121.714,341361
2013-11-22,121.724,122.512,121.216,122.462,420584
2013-11-25,122.662,122.75,121.564,122.532,342183
2013-11-26,122.412,123.338,121.994,123.13,396610
2013-11-27,123.13,123.478,122.67,123.448,278279
2013-11-29,123.927,123.927,122.81,123.338,172430
2013-12-02,122.97,123.878,122.592,123.299,434523
2013-12-03,122.85,123.448,121.474,121.914,406561
2013-12-04,121.336,122.372,119.89,121.316,360607
2013-12-05,120.896,121.296,120.528,120.936,533334
2013-12-06,121.904,123.04,121.474,122.85,323401
2013-12-09,122.98,123.917,122.97,123.588,426494
2013-12-10,122.76,123.598,121.704,123.13,494966
2013-12-11,122.74,123.976,122.68,122.98,737786
2013-12-12,122.532,123.25,122.053,122.97,443023
2013-12-13,123.26,124.016,122.84,123.348,663492
2013-12-16,123.07,125.96,123.07,125.402,668297
2013-12-17,125.512,125.97,124.874,125.064,515735
2013-12-18,125.712,126.738,124.406,126.658,1046834
2013-12-19,126.389,127.615,126.25,127.406,734234
2013-12-20,127.526,128.881,127.316,128.782,664696
2013-12-23,129.171,130.287,128.871,130.077,380506
2013-12-24,129.908,130.705,129.38,130.277,95538
2013-12-26,130.387,131.593,129.171,131.333,204853
2013-12-27,131.353,132.081,130.506,131.643,252831
2013-12-30,131.493,132.391,131.343,131.773,230913
2013-12-31,132.401,133.078,131.164,131.891,319535
2014-01-02,131.743,131.743,130.586,131.313,377936
2014-01-03,131.283,132.231,130.815,131.453,375666
2014-01-06,132.171,132.311,130.347,130.725,417252
2014-01-07,131.243,131.433,129.928,130.985,364137
2014-01-08,130.985,132.251,130.675,131.533,366942
2014-01-09,132.44,133.477,132.371,132.719,514363
2014-01-10,132.719,133.127,131.693,132.559,288837
2014-01-13,132.011,133.097,130.985,131.234,371106
2014-01-14,131.663,132.889,131.065,132.829,444626
2014-01-15,132.919,133.735,132.699,133.706,301159
2014-01-16,134.354,135.52,133.755,133.995,339323
2014-01-17,133.795,133.865,132.599,133.207,411577
2014-01-21,133.527,135.341,133.527,134.962,399155
2014-01-22,134.952,134.952,134.235,134.593,210265
2014-01-23,133.517,134.383,131.832,132.201,490810
2014-01-24,131.005,131.423,128.403,129.011,940592
2014-01-27,130.606,131.961,128.293,128.782,783707
2014-01-28,129.101,132.271,128.652,130.985,478827
2014-01-29,129.789,131.234,129.021,129.499,445538
2014-01-30,130.625,131.243,129.868,131.025,329615
2014-01-31,129.609,131.503,128.762,130.506,496769
2014-02-03,130.147,131.293,125.133,125.342,773589
2014-02-04,125.791,126.22,124.734,125.522,1016388
2014-02-05,124.316,126.08,124.316,125.462,475745
2014-02-06,126.09,126.828,125.482,126.26,506423
2014-02-07,126.928,127.944,126.708,127.366,548595
2014-02-10,127.476,127.675,126.27,126.479,531863
2014-02-11,126.967,127.466,126.449,127.087,601463
2014-02-12,127.416,128.851,127.416,128.343,505600
2014-02-13,127.665,129.848,127.466,129.789,439920
2014-02-14,129.789,130.645,128.891,130.157,650608
2014-02-18,130.027,130.407,128.961,129.22,462500
2014-02-19,129.091,130.127,128.074,128.453,352435
2014-02-20,128.732,129.22,127.874,128.891,387705
2014-02-21,128.951,129.868,128.273,128.333,375557
2014-02-24,128.782,130.327,128.612,128.692,656094
2014-02-25,128.782,129.459,128.413,128.682,466303
2014-02-26,129.18,129.789,128.213,128.383,526010
2014-02-27,128.273,128.791,125.173,128.034,458876
2014-02-28,127.944,129.769,127.765,128.961,943719
2014-03-03,127.964,128.652,127.197,128.114,393822
2014-03-04,129.031,130.486,128.841,129.639,586335
2014-03-05,129.968,130.985,129.619,130.277,702652
2014-03-06,130.227,132.271,130.227,131.871,783679
2014-03-07,132.351,132.959,131.573,132.679,737732
2014-03-10,132.519,132.809,130.017,130.337,815223
2014-03-11,130.337,130.985,127.157,127.675,1140191
2014-03-12,127.226,127.625,125.741,127.546,893925
2014-03-13,128.273,128.961,126.688,127.396,688090
2014-03-14,126.559,128.094,126.449,127.536,668626
2014-03-17,128.433,129.988,128.243,129.928,784058
2014-03-18,130.087,130.556,129.629,130.217,735862
2014-03-19,130.137,130.427,127.954,128.722,367878
2014-03-20,128.263,128.961,127.675,128.433,316318
2014-03-21,129.38,130.506,127.914,128.134,950818
2014-03-24,128.413,128.682,127.087,127.665,445746
2014-03-25,128.483,129.27,126.977,128.233,561949
2014-03-26,128.762,129.419,126.648,126.658,562116
2014-03-27,126.569,126.778,125.682,125.98,361897
2014-03-28,125.97,127.785,125.97,126.27,405534
2014-03-31,126.828,127.486,126.359,126.977,486728
2014-04-01,127.635,128.104,126.529,128.024,552039
2014-04-02,128.393,130.027,128.154,129.799,434688
2014-04-03,130.257,130.526,129.559,130.157,276790
2014-04-04,130.675,130.995,128.134,128.393,300025
2014-04-07,128.004,128.174,126.14,126.3,459566
2014-04-08,125.881,127.615,125.722,126.898,607921
2014-04-09,127.376,128.213,126.618,127.605,469014
2014-04-10,127.595,127.994,124.854,124.914,318892
2014-04-11,124.515,125.462,123.628,123.986,428340
2014-04-14,124.615,124.924,122.162,123.368,637655
2014-04-15,123.328,123.328,120.747,122.88,1097874
2014-04-16,124.016,124.814,123.318,124.794,872836
2014-04-17,124.525,126.01,124.076,124.146,724057
2014-04-21,124.456,125.761,123.927,125.133,403506
2014-04-22,125.143,126.17,124.684,125.692,375318
2014-04-23,125.692,126.389,125.322,125.452,451005
2014-04-24,126.01,126.03,124.834,125.452,404803
2014-04-25,125.422,125.422,122.89,123.14,576239
2014-04-28,131.583,133.317,129.419,131.184,1358768
2014-04-29,131.613,132.401,130.337,131.473,714314
2014-04-30,131.473,132.44,130.417,132.351,589383
2014-05-01,132.321,132.979,131.005,131.533,580657
2014-05-02,131.204,132.101,131.025,131.383,699037
2014-05-05,130.905,131.851,129.948,131.393,386868
2014-05-06,131.273,131.763,130.576,130.625,456929
2014-05-07,131.015,132.549,130.725,132.331,416259
2014-05-08,133.127,134.693,132.809,133.995,710099
2014-05-09,133.686,133.895,131.433,132.569,405391
2014-05-12,133.835,134.833,133.078,134.613,258848
2014-05-13,134.393,134.972,134.215,134.393,285129
2014-05-14,134.533,134.673,133.147,133.337,215371
2014-05-15,132.969,133.207,130.955,132.121,381405
2014-05-16,132.121,132.929,130.995,132.819,354600
2014-05-19,132.371,133.537,132.001,133.227,344689
2014-05-20,132.879,133.078,131.283,131.753,439272
2014-05-21,132.181,133.537,132.011,133.487,297561
2014-05-22,133.805,134.613,133.187,134.025,280466
2014-05-23,133.965,134.972,133.577,134.912,329181
2014-05-27,135.221,135.999,135.221,135.411,374497
2014-05-28,135.699,136.248,134.324,134.393,598937
2014-05-29,134.673,135.012,134.215,134.573,444797
2014-05-30,134.334,135.032,134.175,134.932,278675
2014-06-02,134.803,135.181,133.607,135.012,242574
2014-06-03,134.563,135.032,134.095,134.713,241354
2014-06-04,134.583,134.583,134.005,134.165,251090
2014-06-05,134.205,136.677,133.985,136.577,377599
2014-06-06,135.899,137.853,135.689,137.823,378582
2014-06-09,137.753,139.906,137.693,139.647,618594
2014-06-10,139.208,140.126,138.72,139.588,430359
2014-06-11,138.571,138.83,137.823,138.72,332234
2014-06-12,138.72,139.099,138.022,138.67,539151
2014-06-13,138.67,139.408,138.242,139.248,452555
2014-06-16,139.149,139.926,139.009,139.238,588285
2014-06-17,138.89,139.896,138.8,139.667,385278
2014-06-18,139.936,140.216,138.72,140.096,378826
2014-06-19,143.296,144.262,139.538,140.424,314775
2014-06-20,141.023,141.89,139.896,141.83,729863
2014-06-23,141.621,141.99,140.454,140.614,418386
2014-06-24,140.136,141.67,139.338,139.528,326740
2014-06-25,139.568,140.116,138.979,139.498,284749
2014-06-26,139.787,139.896,138.321,139.059,197396
2014-06-27,138.9,140.335,138.9,140.305,1030277
2014-06-30,140.036,140.216,138.949,139.089,554577
2014-07-01,139.119,139.816,138.112,139.468,441849
2014-07-02,139.049,139.727,138.561,138.68,434972
2014-07-03,139.049,139.996,138.76,139.508,313092
2014-07-07,139.558,139.597,138.441,138.83,339688
2014-07-08,138.949,139.338,137.723,138.361,355016
2014-07-09,138.451,139.198,137.683,138.541,283399
2014-07-10,137.514,138.172,137.085,137.345,265079
2014-07-11,137.275,138.122,136.417,138.012,219965
2014-07-14,138.531,139.179,138.132,138.291,446799
2014-07-15,138.122,138.969,137.345,138.002,591167
2014-07-16,138.431,138.67,137.105,137.893,314389
2014-07-17,136.717,137.364,135.719,135.899,841955
2014-07-18,136.308,137.085,135.411,136.417,777189
2014-07-21,136.248,137.105,135.889,136.687,258578
2014-07-22,137.574,137.783,137.265,137.464,281025
2014-07-23,137.414,137.504,136.138,136.477,209343
2014-07-24,136.677,137.015,136.099,136.337,300741
2014-07-25,136.228,136.627,135.6,136.138,388590
2014-07-28,136.228,141.551,135.929,141.372,1236110
2014-07-29,143.814,143.814,139.976,140.146,614108
2014-07-30,140.365,140.874,138.75,140.734,514131
2014-07-31,139.418,139.956,137.364,137.434,660947
2014-08-01,136.806,137.444,135.819,136.836,432288
2014-08-04,136.876,138.78,136.587,138.6,363618
2014-08-05,137.693,139.418,136.926,137.454,407301
2014-08-06,136.427,137.384,135.929,136.756,340034
2014-08-07,137.614,139.109,137.315,137.723,507579
2014-08-08,138.311,140.614,137.972,140.564,452998
2014-08-11,140.724,141.092,139.737,140.016,255676
2014-08-12,139.597,141.182,139.049,139.508,253634
2014-08-13,139.806,140.824,139.588,140.654,217689
2014-08-14,140.664,141.272,140.365,141.242,184542
2014-08-15,141.502,141.67,139.198,140.594,278323
2014-08-18,141.77,143.276,141.621,143.096,277734
2014-08-19,143.056,143.574,142.398,143.524,256761
2014-08-20,143.654,144.761,143.146,143.964,328870
2014-08-21,143.794,144.093,143.056,143.764,196555
2014-08-22,143.286,143.874,142.688,143.406,232997
2014-08-25,144.262,144.402,143.366,144.232,174866
2014-08-26,144.362,144.711,143.784,143.864,253075
2014-08-27,144.212,144.682,143.046,143.834,232276
2014-08-28,143.664,143.664,142.866,143.416,169073
2014-08-29,143.614,144.172,142.916,143.594,233784
2014-09-02,143.984,144.522,142.748,143.286,291162
2014-09-03,143.724,144.222,142.368,142.668,221806
2014-09-04,142.678,143.206,141.422,141.93,364454
2014-09-05,141.92,142.838,141.302,142.628,385665
2014-09-08,142.728,142.857,142.1,142.199,306241
2014-09-09,142.368,142.368,140.874,141.312,201280
2014-09-10,141.042,141.601,140.405,141.262,214270
2014-09-11,140.624,141.023,140.255,140.824,360538
2014-09-12,140.664,140.963,140.006,140.345,268470
2014-09-15,140.146,140.654,139.568,140.275,306126
2014-09-16,140.335,141.571,140.026,141.032,223443
2014-09-17,141.422,143.634,141.122,142.688,406043
2014-09-18,143.036,143.485,142.578,143.286,254873
2014-09-19,144.302,144.402,142.558,142.598,455683
2014-09-22,142.13,142.13,140.474,140.724,313940
2014-09-23,140.654,140.933,140.006,140.156,221168
2014-09-24,140.156,141.282,139.777,141.132,276918
2014-09-25,140.504,140.514,138.83,138.84,308631
2014-09-26,138.76,140.973,138.112,140.584,291255
2014-09-29,138.7,140.654,138.7,140.255,310095
2014-09-30,140.335,140.734,138.939,139.568,469033
2014-10-01,139.558,139.558,138.052,138.63,473743
2014-10-02,138.74,139.109,136.886,138.142,463676
2014-10-03,138.91,140.016,138.381,139.866,302206
2014-10-06,140.524,141.102,139.518,140.056,329642
2014-10-07,138.232,139.348,136.876,136.936,331511
2014-10-08,136.806,140.664,136.178,140.534,519723
2014-10-09,140.414,140.414,136.816,136.816,340459
2014-10-10,137.115,137.384,135.351,135.411,433354
2014-10-13,135.719,136.268,132.241,132.411,433714
2014-10-14,133.267,136.387,132.849,135.251,643287
2014-10-15,133.377,134.883,131.184,134.205,531814
2014-10-16,131.991,135.361,131.373,134.763,555827
2014-10-17,136.308,138.73,135.989,137.982,443202
2014-10-20,137.514,138.59,136.377,138.182,459810
2014-10-21,139.208,142.01,139.069,141.98,454900
2014-10-22,141.87,142.976,140.006,140.086,607042
2014-10-23,141.95,144.143,141.95,143.774,484143
2014-10-24,143.774,144.81,142.588,144.412,609303
2014-10-27,145.21,146.296,142.588,144.182,591628
2014-10-28,144.452,147.472,144.452,147.472,512268
2014-10-29,147.412,147.981,146.416,147.243,767031
2014-10-30,146.565,148.36,146.565,147.861,455375
2014-10-31,149.865,152.047,149.496,151.211,801019
2014-11-03,151.111,152.577,150.373,151.509,549156
2014-11-04,151.549,152.047,150.154,150.483,459635
2014-11-05,148.798,150.961,148.28,150.004,475227
2014-11-06,149.945,151.221,149.386,151.141,535409
2014-11-07,151.011,151.709,150.403,151.171,373447
2014-11-10,151.091,151.659,150.473,151.429,318440
2014-11-11,151.271,151.849,149.915,150.363,322334
2014-11-12,149.486,150.363,149.187,149.705,348007
2014-11-13,149.705,151.111,149.327,149.685,296682
2014-11-14,149.426,150.861,149.177,150.194,333846
2014-11-17,149.715,150.473,149.207,149.347,416805
2014-11-18,149.516,150.981,149.117,149.237,404705
2014-11-19,148.918,149.745,148.11,149.635,287032
2014-11-20,149.267,150.543,148.24,150.154,217941
2014-11-21,151.301,152.477,150.732,151.131,304871
2014-11-24,151.33,151.978,150.453,151.499,183964
2014-11-25,151.968,153.383,151.629,153.263,360858
2014-11-26,152.995,153.045,151.101,152.387,252674
2014-11-28,152.147,152.517,150.393,150.752,244486
2014-12-01,150.004,150.353,148.27,148.798,362564
2014-12-02,149.147,150.313,148.589,149.925,366330
2014-12-03,150.124,152.597,150.064,152.497,410087
2014-12-04,152.117,152.905,150.981,151.669,199731
2014-12-05,151.669,152.018,150.692,151.031,216558
2014-12-08,150.911,151.739,147.452,148.409,417811
2014-12-09,147.004,149.137,146.964,149.057,408547
2014-12-10,148.868,148.868,145.648,146.176,333331
2014-12-11,146.555,148.15,145.868,146.156,235527
2014-12-12,144.781,146.146,143.126,143.156,310372
2014-12-15,144.242,144.95,142.448,144.044,465250
2014-12-16,144.232,146.774,144.074,144.172,390746
2014-12-17,144.172,145.638,141.472,145.16,753928
2014-12-18,146.954,150.583,146.784,150.533,516410
2014-12-19,151.489,152.237,149.277,149.347,973714
2014-12-22,148.997,150.911,148.997,150.851,277763
2014-12-23,151.301,152.725,150.752,152.397,315759
2014-12-24,152.497,153.205,152.287,152.587,104220
2014-12-26,152.875,153.663,152.437,152.646,137617
2014-12-29,152.167,153.035,151.609,152.477,190395
2014-12-30,152.257,152.267,151.051,151.221,155686
2014-12-31,151.679,152.447,149.217,149.307,228575
2015-01-02,149.605,150.253,147.383,149.566,268065
2015-01-05,148.35,148.569,144.97,145.24,471179
2015-01-06,145.359,145.558,141.95,143.176,445477
2015-01-07,144.731,145.23,143.456,144.672,440131
2015-01-08,145.458,146.516,144.442,145.638,654908
2015-01-09,145.987,146.585,144.422,144.84,317464
2015-01-12,145.409,146.047,142.438,142.688,445005
2015-01-13,143.944,145.25,140.704,142.358,419192
2015-01-14,140.534,141.91,139.916,141.611,499912
2015-01-15,141.302,142.02,139.099,139.597,765753
2015-01-16,139.019,139.657,138.361,139.468,811422
2015-01-20,140.714,140.903,139.059,139.757,648513
2015-01-21,139.149,141.312,139.149,141.142,393101
2015-01-22,142.528,143.964,140.714,143.724,449194
2015-01-23,143.416,144.741,143.026,143.216,650522
2015-01-26,150.931,154.859,147.094,148.948,815698
2015-01-27,147.233,150.981,146.605,150.383,754410
2015-01-28,151.569,151.569,147.283,147.851,496059
2015-01-29,147.502,149.915,147.363,149.635,625916
2015-01-30,148.14,149.117,147.243,147.642,526633
2015-02-02,148.07,150.543,147.313,150.503,527014
2015-02-03,150.243,152.805,150.243,152.745,593755
2015-02-04,152.028,152.735,150.871,151.281,442471
2015-02-05,151.281,155.487,151.051,155.098,700406
2015-02-06,155.756,155.935,153.653,154.151,359497
2015-02-09,153.693,155.935,153.693,154.909,479968
2015-02-10,155.985,156.394,155.247,156.305,408140
2015-02-11,156.344,157.122,155.776,156.305,331525
2015-02-12,156.753,157.969,156.444,157.909,412760
2015-02-13,159.086,160.242,158.308,159.036,541993
2015-02-17,158.408,161.02,158.119,160.561,612792
2015-02-18,160.65,161.308,160.272,160.89,336437
2015-02-19,159.883,160.77,159.744,160.162,305229
2015-02-20,159.943,161.338,158.278,161.02,280990
2015-02-23,160.93,161.568,160.461,161.109,385006
2015-02-24,160.77,160.84,159.674,160.61,248396
2015-02-25,160.441,161.04,159.923,160.77,430315
2015-02-26,161.099,162.016,160.451,161.268,318712
2015-02-27,161.109,162.326,160.252,160.322,364152
2015-03-02,160.322,161.388,159.783,161.248,321307
2015-03-03,160.382,161.408,159.654,160.112,378274
2015-03-04,159.654,159.803,158.069,159.584,376079
2015-03-05,159.684,161.488,159.096,161.308,347756
2015-03-06,159.913,160.65,158.318,158.826,367506
2015-03-09,158.657,161.228,158.477,160.84,481021
2015-03-10,159.375,160.451,158.428,158.428,335629
2015-03-11,158.428,159.315,157.909,158.786,429384
2015-03-12,158.816,161.528,158.637,161.298,314201
2015-03-13,160.96,161.238,158.737,159.704,254307
2015-03-16,160.86,163.043,160.69,162.994,311168
2015-03-17,161.448,162.435,160.052,161.468,362804
2015-03-18,161.079,164.15,159.125,163.592,435973
2015-03-19,163.033,163.033,160.88,161.856,316084
2015-03-20,162.444,164.408,161.179,164.01,618890
2015-03-23,164.299,164.708,163.382,164.08,367193
2015-03-24,163.442,164.778,163.132,164.358,330822
2015-03-25,164.488,165.236,163.242,163.242,537778
2015-03-26,163.072,163.492,162.484,163.082,406808
2015-03-27,162.444,164.658,162.126,163.99,461582
2015-03-30,164.858,166.672,164.309,166.502,257023
2015-03-31,165.505,166.094,164.23,164.548,466352
2015-04-01,163.99,163.99,161.608,162.444,608957
2015-04-02,162.524,165.176,162.036,163.96,423638
2015-04-06,163.342,165.406,163.033,164.668,402838
2015-04-07,164.438,165.346,163.382,163.532,290176
2015-04-08,163.74,164.848,162.425,162.694,754188
2015-04-09,162.604,163.522,161.757,163.332,586912
2015-04-10,164.11,164.26,162.744,163.152,326055
2015-04-13,163.442,163.442,161.866,162.066,386067
2015-04-14,161.378,162.694,160.73,162.544,256025
2015-04-15,163.252,164.358,162.276,164.05,359289
2015-04-16,163.452,164.25,162.146,163.482,288453
2015-04-17,162.454,162.454,159.056,160.082,423644
2015-04-20,160.77,162.504,160.102,162.026,385732
2015-04-21,162.206,162.564,161.01,161.189,559540
2015-04-22,161.179,161.966,158.996,161.866,620441
2015-04-23,161.238,163.652,160.431,162.934,578531
2015-04-24,162.834,163.532,160.98,162.814,689416
2015-04-27,167.21,169.014,164.828,165.306,724338
2015-04-28,163.142,165.684,162.435,165.674,605820
2015-04-29,164.558,165.615,162.216,163.98,452765
2015-04-30,163.252,163.482,160.85,161.119,706387
2015-05-01,161.468,163.004,160.71,162.435,500045
2015-05-04,162.494,163.91,161.708,163.242,410908
2015-05-05,162.564,163.68,161.129,161.189,337746
2015-05-06,162.066,162.415,159.863,161.268,529186
2015-05-07,160.581,162.096,159.793,161.817,396217
2015-05-08,163.592,165.515,162.814,165.116,586361
2015-05-11,164.378,165.246,163.91,163.95,440448
2015-05-12,163.202,165.396,162.764,165.206,419949
2015-05-13,165.954,167.598,164.408,166.881,460885
2015-05-14,167.977,169.223,167.29,168.954,462781
2015-05-15,168.665,169.582,167.728,168.725,706012
2015-05-18,168.057,169.144,167.588,168.835,294395
2015-05-19,169.054,169.323,168.057,169.213,267771
2015-05-20,169.173,169.971,168.236,169.493,274882
2015-05-21,169.602,170.2,168.675,169.781,290986
2015-05-22,169.851,170.28,169.203,169.732,279299
2015-05-26,169.084,169.662,167.638,168.366,303561
2015-05-27,169.293,170.539,168.715,170.25,262805
2015-05-28,170.071,170.2,168.665,169.762,235518
2015-05-29,169.193,169.193,167.06,167.628,328874
2015-06-01,168.236,168.236,166.203,167.578,299036
2015-06-02,167.27,169.393,166.712,168.386,223945
2015-06-03,168.855,169.532,167.898,169.024,187977
2015-06-04,168.057,168.486,166.741,167.02,271994
2015-06-05,166.871,167.828,165.754,167.738,242976
2015-06-08,167.24,169.213,166.871,167.19,196325
2015-06-09,167.748,168.396,166.96,167.738,211417
2015-06-10,168.446,169.951,168.436,169.632,208627
2015-06-11,169.801,170.868,169.532,170.27,277196
2015-06-12,169.732,169.811,168.047,168.496,198308
2015-06-15,166.801,166.96,165.136,166.702,282742
2015-06-16,166.771,167.608,166.223,166.791,245274
2015-06-17,167.03,167.888,166.084,167.13,220747
2015-06-18,167.499,169.961,167.3,169.602,392853
2015-06-19,169.503,169.831,168.705,168.775,867117
2015-06-22,170.121,171.407,169.941,170.34,249032
2015-06-23,170.36,171.197,169.173,169.513,344496
2015-06-24,168.974,169.931,168.047,168.346,311027
2015-06-25,168.605,169.193,167.578,167.758,236090
2015-06-26,168.386,169.463,167.848,168.635,343800
2015-06-29,167.399,168.546,165.126,165.326,365720
2015-06-30,167.3,167.798,164.927,165.226,518543
2015-07-01,166.702,166.96,165.406,166.741,334614
2015-07-02,167.389,167.559,166.332,167.28,483136
2015-07-06,165.624,167.399,164.976,166.302,318752
2015-07-07,166.722,167.748,164.428,167.688,478024
2015-07-08,166.98,167.3,163.75,164.368,375928
2015-07-09,166.452,167.31,164.348,164.608,356023
2015-07-10,166.821,166.891,164.728,165.356,475566
2015-07-13,167.13,169.144,166.781,168.825,468374
2015-07-14,169.054,169.841,168.316,169.652,274000
2015-07-15,169.652,170.051,168.486,168.775,280409
2015-07-16,170.071,170.759,169.323,169.911,186038
2015-07-17,169.981,170.091,169.203,169.791,215947
2015-07-20,169.722,170.609,169.373,169.821,207506
2015-07-21,169.333,169.712,167.658,167.878,378537
2015-07-22,167.489,169.064,167.16,167.908,340184
2015-07-23,167.698,169.014,166.612,166.771,401151
2015-07-24,166.452,167.18,164.508,165.136,461184
2015-07-27,155.397,158.348,151.799,157.58,1772097
2015-07-28,157.7,158.268,155.945,157.58,1126648
2015-07-29,157.511,160.292,157.171,160.012,445550
2015-07-30,159.265,160.85,158.687,160.312,282754
2015-07-31,161.089,161.209,159.724,160.501,445343
2015-08-03,160.69,160.93,157.65,158.707,414551
2015-08-04,158.707,160.172,158.328,159.983,482863
2015-08-05,160.95,162.564,160.102,160.62,313813
2015-08-06,160.62,161.468,159.544,160.192,358506
2015-08-07,159.734,161.478,159.564,161.458,346331
2015-08-10,162.554,163.7,161.856,163.062,321840
2015-08-11,161.328,162.226,160.132,162.096,302129
2015-08-12,160.72,162.096,159.614,161.688,308394
2015-08-13,161.428,162.924,160.63,162.236,226161
2015-08-14,161.648,162.944,159.594,162.864,387813
2015-08-17,162.336,164.588,161.248,164.26,268372
2015-08-18,164.14,164.818,163.74,164.428,283901
2015-08-19,163.492,164.14,161.238,162.385,284005
2015-08-20,161.089,162.385,158.976,158.996,367176
2015-08-21,158.029,158.258,154.899,155.168,548210
2015-08-24,148.788,152.915,146.605,148.748,1029384
2015-08-25,152.347,152.606,147.771,147.981,873594
2015-08-26,151.071,151.599,148.549,151.081,752068
2015-08-27,152.695,157.261,152.028,156.633,660043
2015-08-28,155.905,157.521,155.487,157.391,371970
2015-08-31,156.155,157.371,154.331,155.517,501729
2015-09-01,152.397,152.935,148.569,149.516,659312
2015-09-02,151.231,152.337,149.526,152.317,507565
2015-09-03,152.636,155.945,151.799,152.327,529659
2015-09-04,151.38,151.939,149.067,149.935,333197
2015-09-08,152.247,154.151,151.231,154.131,365196
2015-09-09,155.577,155.577,151.649,151.939,260244
2015-09-10,151.39,153.653,151.39,152.606,388445
2015-09-11,150.473,152.127,149.935,151.909,443778
2015-09-14,151.919,152.675,150.603,152.267,351959
2015-09-15,152.915,154.421,152.107,154.081,338202
2015-09-16,153.911,156.175,153.523,155.766,364048
2015-09-17,155.487,157.321,154.52,154.949,476054
2015-09-18,153.513,154.061,150.792,151.121,833156
2015-09-21,151.579,153.115,151.231,151.809,374681
2015-09-22,149.965,150.363,147.861,148.758,447011
2015-09-23,148.858,148.888,146.675,147.143,432732
2015-09-24,145.668,148.698,144.82,147.662,678732
2015-09-25,149.267,149.287,147.163,147.941,448468
2015-09-28,146.675,147.642,145.848,146.745,824064
2015-09-29,147.153,148.828,146.306,146.934,534036
2015-09-30,148.389,150.573,147.752,150.353,587293
2015-10-01,151.221,151.479,149.905,151.37,611369
2015-10-02,148.649,153.323,148.409,153.225,625958
2015-10-05,154.271,157.77,153.523,157.65,706287
2015-10-06,157.421,158.896,157.012,158.318,504750
2015-10-07,159.285,161.648,158.298,160.97,724776
2015-10-08,161.089,167.28,159.305,166.911,740292
2015-10-09,166.761,167.808,166.054,166.682,590315
2015-10-12,166.741,167.549,165.764,167.17,300322
2015-10-13,166.99,168.745,164.986,167.09,356544
2015-10-14,166.92,168.117,166.203,166.532,466498
2015-10-15,167.638,167.808,165.306,167.559,364361
2015-10-16,167.888,168.147,165.595,166.692,432417
2015-10-19,166.104,167.529,165.894,167.469,348517
2015-10-20,166.632,167.798,166.094,167.12,548143
2015-10-21,167.888,168.635,165.684,165.944,408655
2015-10-22,166.821,169.712,165.984,168.406,1044203
2015-10-23,169.652,170.29,168.595,169.692,827006
2015-10-26,170.35,177.099,169.692,175.493,1122266
2015-10-27,174.597,175.793,172.851,175.673,551962
2015-10-28,175.523,177.099,173.829,176.759,503186
2015-10-29,175.982,177.079,175.683,176.789,273481
2015-10-30,177.188,179.481,176.719,178.813,648886
2015-11-02,178.813,181.804,178.145,181.176,423849
2015-11-03,180.248,181.086,178.713,179.421,462044
2015-11-04,179.7,181.146,179.042,180.188,330847
2015-11-05,179.87,181.146,178.743,180.288,432105
2015-11-06,179.331,180.727,178.624,179.79,276086
2015-11-09,179.122,180.278,176.929,178.135,293835
2015-11-10,177.517,178.733,176.331,178.524,288592
2015-11-11,178.873,180.876,178.444,179.9,258368
2015-11-12,178.255,180.029,176.789,176.869,276919
2015-11-13,176.6,178.763,176.261,176.989,323195
2015-11-16,176.929,179.451,176.471,179.421,370512
2015-11-17,180.119,180.448,176.989,178.225,424291
2015-11-18,178.783,183.568,178.065,183.368,518401
2015-11-19,183.07,184.036,181.076,181.744,464418
2015-11-20,182.472,184.744,182.182,183.738,368217
2015-11-23,183.588,184.594,182.76,184.494,263892
2015-11-24,183.06,185.382,182.392,184.714,320382
2015-11-25,185.442,187.077,184.475,185.99,309644
2015-11-27,186.15,187.087,184.834,186.937,136113
2015-11-30,187.096,187.984,185.552,185.662,592610
2015-12-01,186.448,187.077,182.422,183.916,634211
2015-12-02,183.318,184.684,179.74,180.458,642087
2015-12-03,180.727,181.564,178.295,180.029,617208
2015-12-04,180.348,182.262,178.883,181.784,613766
2015-12-07,181.434,181.774,179.74,180.607,359255
2015-12-08,179.272,179.83,177.836,178.743,411838
2015-12-09,178.434,180.388,176.869,177.926,393336
2015-12-10,177.607,180.049,176.909,178.982,298493
2015-12-11,177.337,178.325,175.035,175.853,316625
2015-12-14,176.331,176.999,175.115,176.68,323694
2015-12-15,178.195,178.345,174.686,175.723,394898
2015-12-16,175.563,179.291,175.334,178.883,379889
2015-12-17,178.923,180.667,175.982,177.109,676615
2015-12-18,176.789,177.966,175.803,175.902,891415
2015-12-21,177.079,178.005,175.972,177.657,255760
2015-12-22,178.215,180.139,177.447,179.65,276403
2015-12-23,180.518,182.65,180.438,182.372,303495
2015-12-24,181.844,182.64,181.454,182.142,122578
2015-12-28,181.066,182.81,180.627,182.472,202296
2015-12-29,183.568,185.492,183.438,184.814,274620
2015-12-30,184.704,185.172,182.7,182.87,193042
2015-12-31,182.362,183.418,181.804,182.092,258763
2016-01-04,178.843,179.67,176.789,178.972,535979
2016-01-05,178.863,180.448,177.029,179.979,365019
2016-01-06,177.328,180.238,175.853,176.241,490163
2016-01-07,172.822,174.167,170.559,170.958,462937
2016-01-08,172.253,172.841,168.416,168.775,509226
2016-01-11,169.632,170.998,164.967,166.722,753648
2016-01-12,168.366,169.981,166.502,169.193,575576
2016-01-13,170.32,171.596,163.9,164.1,503263
2016-01-14,164.27,165.634,162.246,164.16,867933
2016-01-15,161.428,164.388,159.594,162.834,938713
2016-01-19,165.276,165.575,161.817,162.914,513098
2016-01-20,160.541,162.375,158.288,161.089,713909
2016-01-21,161.149,162.326,158.776,159.923,608358
2016-01-22,164.598,165.505,161.06,161.966,554292
2016-01-25,161.727,162.126,159.484,159.634,546672
2016-01-26,160.451,162.744,159.754,162.704,442341
2016-01-27,162.694,165.266,160.85,161.708,315374
2016-01-28,163.432,164.558,161.578,163.082,432215
2016-01-29,163.642,168.944,162.664,168.825,1000816
2016-02-01,151.221,158.497,151.181,157.331,2451149
2016-02-02,155.587,155.587,139.378,152.695,1127431
2016-02-03,154.55,155.816,151.061,155.796,694491
2016-02-04,155.726,161.548,154.251,160.471,752277
2016-02-05,159.365,159.365,154.759,156.763,870697
2016-02-08,155.437,156.513,153.313,155.557,484761
2016-02-09,154.351,157.301,153.951,155.517,620763
2016-02-10,154.959,156.932,153.693,154.011,555022
2016-02-11,151.469,154.849,151.061,153.743,489825
2016-02-12,154.421,158.168,151.599,157.211,412752
2016-02-16,158.617,161.338,157.022,160.79,626933
2016-02-17,161.628,163.522,161.628,163.072,572938
2016-02-18,162.984,165.634,162.326,163.84,659673
2016-02-19,164.0,165.416,162.385,163.68,674254
2016-02-22,164.668,166.901,164.358,166.272,570133
2016-02-23,165.674,167.638,163.642,164.578,458522
2016-02-24,163.352,164.19,162.036,163.562,417650
2016-02-25,164.538,165.476,162.674,164.318,528495
2016-02-26,165.236,165.366,163.582,163.68,713376
2016-02-29,163.362,163.84,160.372,161.388,718677
2016-03-01,162.435,165.834,162.026,165.186,511428
2016-03-02,164.328,165.654,163.642,164.738,415129
2016-03-03,164.528,165.744,163.97,165.654,360492
2016-03-04,165.256,166.173,163.412,165.774,524293
2016-03-07,164.986,166.731,164.986,166.702,377767
2016-03-08,164.967,165.714,163.72,164.11,363102
2016-03-09,164.996,165.784,163.422,163.95,393865
2016-03-10,163.92,164.818,162.236,163.8,372958
2016-03-11,165.156,167.25,164.22,167.03,456899
2016-03-14,166.97,169.602,166.771,168.685,467168
2016-03-15,167.17,170.031,167.17,168.934,318122
2016-03-16,168.825,170.659,168.326,170.509,449901
2016-03-17,170.759,173.659,170.589,172.773,564765
2016-03-18,173.301,175.423,172.723,174.735,787918
2016-03-21,174.078,174.557,173.589,174.237,344795
2016-03-22,174.127,175.493,173.769,174.895,377138
2016-03-23,175.025,175.493,172.303,172.951,425615
2016-03-24,172.075,173.639,171.885,173.499,377860
2016-03-28,173.679,175.065,173.381,174.875,381549
2016-03-29,174.855,175.902,173.719,175.393,392607
2016-03-30,176.6,177.228,174.557,174.885,386038
2016-03-31,174.726,176.55,174.078,175.643,376749
2016-04-01,174.157,177.916,173.589,177.457,526532
2016-04-04,177.387,177.387,172.413,173.381,600254
2016-04-05,172.045,172.553,171.467,171.755,472853
2016-04-06,171.945,172.633,169.612,172.263,424914
2016-04-07,171.337,172.184,169.443,169.961,577145
2016-04-08,171.367,171.785,170.449,171.297,396080
2016-04-11,171.427,171.865,169.712,170.081,329454
2016-04-12,170.679,171.675,169.523,170.858,312824
2016-04-13,171.367,172.233,170.021,171.496,552198
2016-04-14,172.105,172.233,170.121,170.29,442069
2016-04-15,170.679,171.337,170.111,170.529,385123
2016-04-18,169.672,172.433,169.493,172.154,411926
2016-04-19,172.832,173.949,171.516,173.041,274726
2016-04-20,173.291,173.291,170.539,171.875,337441
2016-04-21,171.775,173.041,170.848,172.045,415307
2016-04-22,170.938,173.211,170.938,171.955,501312
2016-04-25,169.144,174.367,168.506,172.951,950693
2016-04-26,173.081,173.411,170.25,172.164,680980
2016-04-27,169.901,173.43,169.303,172.543,472534
2016-04-28,171.307,172.792,169.762,170.19,530454
2016-04-29,169.303,170.429,168.496,169.523,577438
2016-05-02,169.463,171.207,168.655,170.868,604539
2016-05-03,169.981,169.981,167.27,169.622,402518
2016-05-04,168.117,169.104,166.233,167.12,506664
2016-05-05,168.007,169.293,167.29,167.848,416147
2016-05-06,167.698,169.702,167.16,169.562,293929
2016-05-09,169.303,170.001,167.628,168.137,356313
2016-05-10,168.546,171.067,168.546,170.878,338904
2016-05-11,170.649,171.536,169.353,169.403,313894
2016-05-12,169.652,170.848,168.286,170.529,441448
2016-05-13,170.19,171.307,168.735,169.732,438278
2016-05-16,170.071,172.961,169.044,172.233,564119
2016-05-17,171.825,174.487,171.057,173.659,837521
2016-05-18,173.271,174.995,172.553,174.357,682210
2016-05-19,172.901,173.789,171.576,173.281,640354
2016-05-20,174.397,176.869,174.397,176.281,947804
2016-05-23,172.313,172.603,165.565,166.263,2741210
2016-05-24,166.95,171.317,166.95,167.459,1221538
2016-05-25,168.007,169.572,167.399,167.569,857897
2016-05-26,167.389,167.848,163.86,165.286,824435
2016-05-27,165.744,165.934,164.16,165.565,1584579
2016-05-31,165.844,165.854,163.172,164.678,1559177
2016-06-01,163.79,164.768,162.944,164.478,484596
2016-06-02,164.488,165.555,163.88,165.236,487227
2016-06-03,164.986,166.014,164.17,165.356,368751
2016-06-06,166.044,168.107,165.744,167.29,523125
2016-06-07,167.678,168.386,167.11,167.509,376483
2016-06-08,167.748,168.546,166.173,167.429,400403
2016-06-09,166.771,168.476,166.282,167.738,338336
2016-06-10,167.2,167.2,165.136,165.704,252044
2016-06-13,165.684,166.143,162.544,162.604,446245
2016-06-14,162.066,162.924,161.079,162.734,434043
2016-06-15,163.282,163.86,161.906,162.106,315576
2016-06-16,161.658,162.724,159.744,162.346,337531
2016-06-17,162.504,163.312,160.65,161.408,596060
2016-06-20,163.422,164.937,163.422,164.09,468105
2016-06-21,163.8,164.818,163.76,163.91,413980
2016-06-22,164.408,165.446,163.332,163.562,352261
2016-06-23,165.176,166.522,164.818,166.462,280814
2016-06-24,161.189,162.904,161.079,161.109,1125870
2016-06-27,159.384,159.913,157.71,158.607,770399
2016-06-28,160.072,160.76,158.637,160.322,433634
2016-06-29,162.026,162.654,160.73,160.91,787503
2016-06-30,161.149,164.22,161.079,164.17,513473
2016-07-01,164.558,165.496,162.564,163.552,461822
2016-07-05,162.834,162.834,160.342,160.71,645092
2016-07-06,160.68,161.109,159.185,160.82,496123
2016-07-07,161.288,162.096,160.192,161.308,397452
2016-07-08,162.624,164.488,162.624,163.98,414541
2016-07-11,164.01,165.066,163.632,164.528,395351
2016-07-12,165.654,165.824,163.542,164.458,962187
2016-07-13,164.279,165.166,163.452,164.01,1215692
2016-07-14,165.276,166.562,165.026,165.894,535145
2016-07-15,166.372,167.379,164.907,165.784,455338
2016-07-18,165.376,165.854,164.388,164.628,380677
2016-07-19,163.96,165.146,163.642,165.126,441803
2016-07-20,165.934,168.346,165.934,167.529,696763
2016-07-21,167.359,167.808,165.436,165.724,348941
2016-07-22,165.535,167.19,164.618,167.13,624209
2016-07-25,159.135,160.93,153.613,157.491,4404635
2016-07-26,156.823,160.222,156.334,159.594,1440688
2016-07-27,159.674,161.628,159.285,161.568,1559356
2016-07-28,161.199,163.372,161.04,163.062,852854
2016-07-29,162.804,165.486,162.504,164.279,1068971
2016-08-01,164.03,165.874,164.03,165.366,735289
2016-08-02,165.136,165.306,163.162,163.522,651844
2016-08-03,163.442,164.21,162.504,163.023,508015
2016-08-04,163.71,164.15,163.072,163.512,477255
2016-08-05,164.17,164.967,163.582,164.628,351438
2016-08-08,165.026,165.605,164.508,165.555,426757
2016-08-09,165.814,166.462,164.718,165.236,334311
2016-08-10,165.486,165.724,164.428,165.585,285841
2016-08-11,165.734,168.386,165.734,168.236,475347
2016-08-12,167.868,167.868,165.924,166.572,343706
2016-08-15,166.512,168.047,166.094,167.588,407190
2016-08-16,167.349,167.549,166.472,166.582,354637
2016-08-17,166.722,167.05,165.724,166.731,574361
2016-08-18,166.582,167.04,165.944,167.04,313152
2016-08-19,166.592,170.141,165.934,170.121,1536451
2016-08-22,169.732,170.819,168.984,170.22,563098
2016-08-23,170.689,171.157,170.131,170.679,400845
2016-08-24,170.519,170.838,169.801,170.27,447309
2016-08-25,169.702,170.569,169.532,170.529,230866
2016-08-26,170.918,172.583,170.429,171.457,628871
2016-08-29,171.327,172.313,171.307,172.214,294977
2016-08-30,172.363,172.782,171.855,172.433,401651
2016-08-31,172.105,172.403,170.429,171.227,605932
2016-09-01,170.809,174.417,170.619,174.257,581817
2016-09-02,174.607,175.753,174.257,175.663,397907
2016-09-06,175.713,175.713,173.121,173.989,567334
2016-09-07,173.679,173.909,172.643,173.321,405016
2016-09-08,173.251,175.025,172.533,173.799,559724
2016-09-09,172.383,172.901,169.791,169.791,535628
2016-09-12,169.024,173.619,168.236,173.401,479350
2016-09-13,172.224,172.573,170.968,171.247,449161
2016-09-14,171.047,172.253,169.233,169.981,392397
2016-09-15,169.562,172.144,169.243,171.835,392513
2016-09-16,171.227,171.227,169.144,170.878,623733
2016-09-19,171.536,172.075,169.991,170.399,271176
2016-09-20,171.486,171.486,169.712,169.722,590713
2016-09-21,169.851,171.885,169.821,171.705,299990
2016-09-22,171.955,175.863,171.955,175.643,474033
2016-09-23,175.713,175.713,173.689,173.689,289187
2016-09-26,173.221,173.221,171.695,171.995,332183
2016-09-27,171.905,173.381,171.067,173.191,407163
2016-09-28,173.519,176.53,173.479,176.351,480666
2016-09-29,175.433,176.62,174.107,174.815,587744
2016-09-30,175.932,176.949,174.417,175.982,559113
2016-10-03,174.686,176.501,174.537,175.603,339654
2016-10-04,175.793,176.201,174.297,175.463,544313
2016-10-05,175.294,176.739,175.125,176.121,323121
2016-10-06,175.533,175.603,173.669,175.125,434662
2016-10-07,175.005,175.005,172.733,173.769,434648
2016-10-10,174.437,175.045,172.911,173.311,231684
2016-10-11,173.141,173.141,169.323,170.838,667104
2016-10-12,170.509,171.237,169.871,170.36,339429
2016-10-13,168.914,169.064,167.668,167.957,389549
2016-10-14,167.947,169.612,167.03,167.05,500441
2016-10-17,166.821,167.03,165.476,165.585,466935
2016-10-18,166.702,166.741,164.618,166.662,550243
2016-10-19,166.97,168.765,166.312,168.635,453562
2016-10-20,168.556,168.685,166.751,167.29,415680
2016-10-21,165.624,167.04,164.598,166.542,364414
2016-10-24,167.788,168.924,165.624,165.664,378310
2016-10-25,165.624,166.502,164.648,165.496,488483
2016-10-26,165.296,165.416,163.662,163.95,785067
2016-10-27,164.498,164.708,162.056,162.744,702239
2016-10-28,163.202,163.662,161.807,162.216,881894
2016-10-31,162.824,168.934,162.824,167.399,2181430
2016-11-01,166.98,168.845,165.426,165.734,2929946
2016-11-02,165.834,166.123,164.16,164.27,749742
2016-11-03,164.658,165.466,163.89,164.558,454557
2016-11-04,164.996,165.476,163.642,163.69,1070097
2016-11-07,165.476,167.15,165.416,166.96,569349
2016-11-08,167.23,168.934,166.282,168.117,783436
2016-11-09,167.359,171.207,165.724,170.928,1004933
2016-11-10,171.067,174.347,170.579,173.699,1196443
2016-11-11,173.459,174.157,171.945,172.861,738966
2016-11-14,172.971,174.097,172.871,173.469,755170
2016-11-15,173.351,175.593,172.125,175.463,862239
2016-11-16,175.195,175.523,173.899,175.095,632830
2016-11-17,175.304,176.061,174.577,175.235,989882
2016-11-18,174.915,175.673,173.839,173.989,330339
2016-11-21,174.965,175.853,174.607,175.853,594846
2016-11-22,176.501,177.607,175.593,177.527,602774
2016-11-23,176.999,178.145,176.999,177.916,391059
2016-11-25,177.936,178.315,176.012,176.889,178395
2016-11-28,176.6,177.099,174.975,175.893,429579
2016-11-29,175.443,176.012,174.805,174.915,303607
2016-11-30,175.503,176.121,174.765,174.925,766926
2016-12-01,175.225,176.451,175.045,175.643,691928
2016-12-02,175.473,176.491,175.135,176.131,536757
2016-12-05,176.929,178.643,174.975,175.453,590306
2016-12-06,177.517,179.072,175.823,176.819,956818
2016-12-07,177.457,177.687,176.59,177.248,995974
2016-12-08,176.441,177.507,176.441,177.039,1514355
2016-12-09,176.879,179.62,176.749,179.501,820831
2016-12-12,179.421,179.511,177.856,178.604,415157
2016-12-13,179.69,183.0,179.222,181.614,1410691
2016-12-14,181.335,182.382,179.999,180.298,897012
2016-12-15,179.79,180.806,178.972,180.587,723953
2016-12-16,181.345,182.042,178.534,178.713,1152938
2016-12-19,178.803,179.551,177.597,178.145,424472
2016-12-20,179.042,180.518,178.633,179.999,409393
2016-12-21,179.969,180.268,179.491,179.511,389620
2016-12-22,179.69,180.049,178.414,179.7,503714
2016-12-23,180.089,180.228,179.331,179.62,196708
2016-12-27,179.561,180.667,179.561,179.89,274138
2016-12-28,180.119,180.647,177.477,177.547,319782
2016-12-29,177.836,179.042,176.451,176.889,389707
2016-12-30,177.816,177.866,175.843,176.849,385651
2017-01-03,178.534,179.421,177.477,178.643,436308
2017-01-04,179.022,180.089,178.165,179.002,452275
2017-01-05,178.743,180.946,178.364,179.331,354095
2017-01-06,181.106,183.11,180.408,181.804,669353
2017-01-09,181.973,181.973,179.989,180.298,294759
2017-01-10,179.67,180.418,178.614,180.019,517329
2017-01-11,179.75,183.678,179.122,182.89,692852
2017-01-12,182.68,182.68,179.67,181.594,461178
2017-01-13,183.418,183.886,182.052,182.422,643180
2017-01-17,181.983,182.312,179.481,180.039,394689
2017-01-18,180.687,183.01,179.391,180.876,733204
2017-01-19,181.584,182.152,179.162,179.471,352881
2017-01-20,180.129,180.836,179.172,180.208,479587
2017-01-23,179.89,180.677,179.182,180.348,691260
2017-01-24,180.667,182.402,180.029,181.814,507529
2017-01-25,182.472,184.754,182.132,184.446,622914
2017-01-26,184.864,185.761,183.408,184.306,472300
2017-01-27,184.974,184.974,183.418,184.614,299597
2017-01-30,183.976,184.346,182.282,184.266,450669
2017-01-31,184.026,185.771,183.468,185.682,764192
2017-02-01,185.95,186.548,184.316,185.212,509434
2017-02-02,184.226,185.731,183.628,185.592,364208
2017-02-03,186.02,186.718,185.282,186.658,585088
2017-02-06,186.1,186.788,185.172,186.508,388987
2017-02-07,187.057,187.106,185.502,186.16,442239
2017-02-08,186.3,186.898,185.074,186.808,499856
2017-02-09,188.791,199.069,187.774,195.679,1367674
2017-02-10,196.955,199.158,196.467,197.952,877588
2017-02-13,199.288,200.694,198.022,199.119,592568
2017-02-14,198.869,200.046,198.351,198.75,476864
2017-02-15,197.613,200.913,197.285,200.096,427207
2017-02-16,200.295,200.454,197.863,200.165,514397
2017-02-17,199.846,200.544,198.66,200.464,1112704
2017-02-21,200.933,201.182,199.348,200.694,513554
2017-02-22,200.006,202.248,200.006,201.182,415809
2017-02-23,203.056,203.385,200.644,202.708,575670
2017-02-24,202.478,203.216,201.76,203.126,645725
2017-02-27,203.056,203.774,202.03,203.256,873126
2017-02-28,203.256,205.16,201.64,202.458,666806
2017-03-01,204.85,206.456,203.884,206.096,523176
2017-03-02,205.966,206.515,204.76,205.917,353807
2017-03-03,204.612,206.176,204.472,205.986,300597
2017-03-06,205.1,206.366,204.432,205.498,291603
2017-03-07,205.03,206.096,204.522,204.92,618221
2017-03-08,204.402,205.04,203.266,203.494,658459
2017-03-09,203.734,204.86,203.336,203.834,458473
2017-03-10,204.043,205.698,203.006,204.562,381508
2017-03-13,204.222,204.91,203.306,204.362,722526
2017-03-14,203.704,204.71,203.106,204.502,468417
2017-03-15,204.67,207.512,204.342,207.044,544132
2017-03-16,206.794,207.542,203.934,204.162,648438
2017-03-17,204.362,204.84,203.206,204.152,766711
2017-03-20,204.272,204.532,203.236,203.444,288280
2017-03-21,204.412,204.412,201.282,201.302,508256
2017-03-22,201.97,202.777,200.744,201.99,352620
2017-03-23,202.129,202.308,200.355,200.773,695765
2017-03-24,199.866,201.052,198.959,199.856,627918
2017-03-27,197.833,198.77,196.955,198.381,730216
2017-03-28,197.823,202.0,197.693,200.674,508927
2017-03-29,200.245,201.481,200.006,200.843,326242
2017-03-30,200.604,202.288,200.524,202.218,410108
2017-03-31,201.551,202.348,199.806,199.846,753943
2017-04-03,200.454,200.454,198.012,199.428,629170
2017-04-04,199.677,200.424,198.839,200.185,384832
2017-04-05,200.843,203.036,200.145,200.744,673567
2017-04-06,200.893,202.368,199.448,201.76,441714
2017-04-07,201.67,202.448,200.624,201.86,430046
2017-04-10,201.86,204.222,201.292,202.508,363563
2017-04-11,201.501,202.966,198.72,200.614,531232
2017-04-12,199.517,200.404,198.61,199.198,409822
2017-04-13,198.54,200.086,198.501,198.74,309873
2017-04-17,199.617,201.102,198.929,201.102,380321
2017-04-18,200.345,201.402,200.345,200.803,368802
2017-04-19,201.98,202.218,199.866,200.295,429400
2017-04-20,201.062,203.375,200.654,202.448,270398
2017-04-21,202.906,203.944,202.179,203.326,500287
2017-04-24,205.528,207.712,205.528,207.203,768306
2017-04-25,207.94,210.503,207.462,209.735,632840
2017-04-26,209.456,210.353,208.409,208.808,597878
2017-04-27,209.137,211.23,208.429,210.981,732218
2017-04-28,211.34,218.667,210.931,212.017,1074565
2017-05-01,212.047,212.855,209.625,210.144,509658
2017-05-02,210.861,211.719,209.625,210.592,574377
2017-05-03,209.775,210.473,208.588,210.114,472937
2017-05-04,210.433,211.779,209.874,211.559,515249
2017-05-05,212.027,214.171,211.24,214.141,547020
2017-05-08,213.763,215.297,213.633,214.131,448520
2017-05-09,214.311,215.597,214.261,215.127,364585
2017-05-10,214.949,216.075,214.051,215.815,418498
2017-05-11,215.147,216.125,213.753,215.985,386927
2017-05-12,215.087,215.895,213.951,214.709,489468
2017-05-15,214.859,216.045,214.679,215.607,569523
2017-05-16,216.045,217.471,215.029,217.341,361090
2017-05-17,215.965,216.095,212.995,212.995,530323
2017-05-18,213.124,213.653,210.163,212.655,561896
2017-05-19,213.095,215.785,212.715,214.799,435173
2017-05-22,215.696,216.823,214.799,216.623,416929
2017-05-23,217.022,218.497,216.075,217.949,345508
2017-05-24,217.939,218.886,217.271,218.298,272029
2017-05-25,219.095,220.481,218.587,219.813,270468
2017-05-26,219.065,221.069,218.866,220.122,329664
2017-05-30,219.295,221.238,219.115,220.73,299036
2017-05-31,221.607,223.102,220.232,220.232,885056
2017-06-01,221.188,223.442,220.052,222.664,448207
2017-06-02,223.312,225.744,223.042,224.14,396865
2017-06-05,223.78,224.608,223.262,223.332,409931
2017-06-06,222.993,222.993,221.308,221.378,428318
2017-06-07,221.836,223.182,220.91,221.886,340055
2017-06-08,221.976,222.604,219.883,221.468,523488
2017-06-09,221.667,223.132,220.252,221.846,445930
2017-06-12,222.186,222.614,218.836,220.182,489434
2017-06-13,220.371,221.627,219.703,221.448,363039
2017-06-14,222.275,222.404,220.8,221.846,314401
2017-06-15,220.391,223.89,219.952,223.69,415198
2017-06-16,224.308,225.944,223.052,225.106,719588
2017-06-19,225.475,228.306,225.226,228.057,421583
2017-06-20,227.23,227.947,225.356,225.814,289358
2017-06-21,225.764,226.073,223.94,225.544,404070
2017-06-22,225.456,226.622,225.156,225.296,283296
2017-06-23,225.644,226.093,224.09,224.438,1217737
2017-06-26,225.426,226.492,224.388,225.465,381876
2017-06-27,225.086,225.724,222.943,223.102,236270
2017-06-28,224.378,226.034,223.72,225.206,305795
2017-06-29,225.056,225.416,221.418,222.903,447687
2017-06-30,223.571,225.494,223.372,224.458,325809
2017-07-03,225.934,226.642,223.88,225.236,185532
2017-07-05,225.864,229.662,224.936,228.426,408012
2017-07-06,227.788,228.854,225.704,226.342,527119
2017-07-07,226.632,229.323,226.632,227.608,312687
2017-07-10,226.87,230.31,226.83,227.898,456871
2017-07-11,227.868,229.044,226.482,228.426,369369
2017-07-12,229.941,231.546,229.642,230.768,405189
2017-07-13,230.649,230.649,228.655,229.552,414366
2017-07-14,229.971,231.247,227.818,228.964,475209
2017-07-17,228.774,229.891,227.987,229.692,224510
2017-07-18,229.044,229.303,226.632,227.12,389391
2017-07-19,227.359,229.293,225.984,229.213,414694
2017-07-20,229.373,229.622,227.608,228.007,264459
2017-07-21,226.472,228.027,224.818,227.927,294491
2017-07-24,228.027,229.223,227.16,228.176,264443
2017-07-25,229.044,229.632,226.123,226.602,297336
2017-07-26,227.07,227.987,226.412,226.93,263416
2017-07-27,227.488,227.588,224.05,225.216,314487
2017-07-28,225.146,225.834,222.176,225.564,488610
2017-07-31,220.192,227.07,220.192,225.684,757768
2017-08-01,226.86,230.041,225.544,229.622,538413
2017-08-02,229.402,230.25,227.977,228.914,505488
2017-08-03,229.054,229.841,226.781,229.542,320479
2017-08-04,229.971,230.918,229.193,229.801,268640
2017-08-07,229.512,230.041,227.888,229.612,233725
2017-08-08,229.044,230.33,228.675,229.133,270914
2017-08-09,229.183,229.183,227.17,227.668,211974
2017-08-10,226.86,227.18,222.464,222.504,620626
2017-08-11,223.561,223.92,222.096,222.884,399855
2017-08-14,224.468,227.498,223.032,227.13,463432
2017-08-15,227.2,228.555,224.936,226.512,365471
2017-08-16,226.771,227.429,225.624,226.292,387354
2017-08-17,225.924,225.974,222.644,222.644,291179
2017-08-18,222.196,222.794,220.88,221.558,416359
2017-08-21,221.607,222.414,220.68,221.159,330079
2017-08-22,221.806,226.152,221.806,225.724,335886
2017-08-23,223.97,224.986,223.312,224.318,325370
2017-08-24,224.828,225.485,222.006,222.375,290815
2017-08-25,222.933,224.568,222.933,224.05,254614
2017-08-28,224.688,225.186,223.152,223.322,356598
2017-08-29,222.345,223.102,221.298,222.814,290236
2017-08-30,222.963,224.986,222.554,224.896,359598
2017-08-31,225.485,225.594,223.442,223.95,439198
2017-09-01,224.478,224.966,222.774,223.412,302753
2017-09-05,222.066,223.242,220.83,222.355,330082
2017-09-06,223.312,223.72,222.026,222.933,307833
2017-09-07,222.973,224.03,221.428,223.282,275350
2017-09-08,222.923,227.708,222.484,227.538,358783
2017-09-11,228.754,230.359,227.568,229.951,306643
2017-09-12,230.359,231.476,229.532,230.499,156802
2017-09-13,230.28,230.369,227.937,228.735,279701
2017-09-14,228.226,229.652,228.067,229.562,248676
2017-09-15,228.944,231.177,228.436,230.918,421349
2017-09-18,231.516,232.353,230.15,230.898,387068
2017-09-19,230.938,232.293,230.11,231.655,249673
2017-09-20,234.597,240.079,233.171,239.032,825760
2017-09-21,238.962,240.268,237.158,239.361,409482
2017-09-22,238.913,240.318,238.295,238.972,328721
2017-09-25,239.022,239.401,235.803,237.198,319311
2017-09-26,237.667,238.523,235.693,236.351,270862
2017-09-27,236.989,237.816,233.32,233.998,381505
2017-09-28,233.4,234.675,233.031,234.655,402917
2017-09-29,234.327,236.769,233.819,236.341,314923
2017-10-02,236.391,240.677,236.391,240.567,354206
2017-10-03,241.315,242.67,240.228,242.59,352095
2017-10-04,242.59,243.797,241.893,242.392,263317
2017-10-05,242.84,244.574,242.072,244.066,273291
2017-10-06,244.146,245.192,243.228,245.023,212188
2017-10-09,244.026,245.142,243.658,244.306,603988
2017-10-10,244.744,245.502,243.807,244.804,507487
2017-10-11,244.844,244.964,242.122,242.99,436526
2017-10-12,242.252,245.272,242.182,245.072,306568
2017-10-13,245.222,246.14,242.571,243.169,379270
2017-10-16,243.258,244.904,242.322,244.804,193113
2017-10-17,244.444,245.092,243.428,243.757,526528
2017-10-18,244.076,244.434,242.322,243.298,235296
2017-10-19,242.8,244.994,242.012,244.994,308158
2017-10-20,245.462,247.744,245.202,247.744,230478
2017-10-23,248.821,248.94,246.408,246.678,247312
2017-10-24,247.924,248.572,246.538,247.754,258382
2017-10-25,247.605,248.901,246.638,248.084,303781
2017-10-26,249.26,250.605,248.143,250.366,281033
2017-10-27,249.987,250.665,247.356,250.416,407774
2017-10-30,245.372,251.652,241.145,249.908,581154
2017-10-31,250.555,253.825,249.459,251.014,466603
2017-11-01,252.151,253.017,249.957,251.054,372146
2017-11-02,250.904,251.602,248.761,249.539,345850
2017-11-03,249.808,252.071,249.0,250.904,374626
2017-11-06,250.735,252.459,249.489,251.044,243754
2017-11-07,251.632,254.115,251.632,253.147,368016
2017-11-08,252.908,253.167,251.552,252.081,365591
2017-11-09,250.815,252.23,248.702,250.675,614864
2017-11-10,250.496,252.439,248.841,251.044,420544
2017-11-13,250.147,250.496,247.874,248.92,456447
2017-11-14,248.96,250.825,247.156,249.459,307547
2017-11-15,248.702,249.868,246.788,248.302,346210
2017-11-16,249.1,250.396,247.994,249.359,329807
2017-11-17,248.054,250.426,247.466,249.21,355103
2017-11-20,249.18,252.19,249.15,250.954,213770
2017-11-21,251.243,254.323,250.785,253.267,368111
2017-11-22,253.377,254.613,252.609,253.357,258977
2017-11-24,253.865,254.573,252.569,253.157,103599
2017-11-27,253.815,255.539,252.769,253.407,339986
2017-11-28,253.905,257.972,252.33,257.683,460257
2017-11-29,258.002,258.321,254.693,254.961,410048
2017-11-30,255.499,260.404,254.991,259.806,428959
2017-12-01,258.321,258.929,250.167,253.377,510223
2017-12-04,256.207,257.274,254.463,254.603,568761
2017-12-05,255.181,255.181,250.715,251.044,358812
2017-12-06,251.223,253.077,250.725,251.752,311547
2017-12-07,251.981,254.115,251.552,253.267,444851
2017-12-08,254.723,254.723,251.692,253.357,277582
2017-12-11,253.755,253.755,248.582,249.319,668385
2017-12-12,249.02,250.316,247.386,248.332,720524
2017-12-13,248.064,250.326,246.438,248.811,457080
2017-12-14,248.801,249.11,245.252,245.402,369690
2017-12-15,246.01,247.495,245.392,245.632,935504
2017-12-18,247.016,255.291,246.03,254.065,1025710
2017-12-19,253.865,254.343,251.971,251.971,507651
2017-12-20,252.22,253.277,251.343,251.821,569240
2017-12-21,251.901,252.649,249.12,251.223,216297
2017-12-22,251.871,252.649,250.944,252.34,319915
2017-12-26,252.809,254.733,252.26,253.496,285849
2017-12-27,253.506,254.921,252.749,253.387,290663
2017-12-28,254.303,254.303,252.041,253.377,228465
2017-12-29,254.583,254.583,251.841,251.841,291924
2018-01-02,253.227,253.407,251.104,253.337,370563
2018-01-03,253.427,254.981,250.805,254.802,357701
2018-01-04,255.509,258.391,255.111,257.503,377538
2018-01-05,259.507,260.354,257.344,259.617,353686
2018-01-08,259.258,261.321,259.089,261.102,408436
2018-01-09,261.93,264.71,261.79,263.226,340199
2018-01-10,262.089,262.228,260.165,261.71,275319
2018-01-11,262.288,265.568,261.471,265.348,357554
2018-01-12,266.914,268.299,265.248,268.06,256499
2018-01-16,268.728,269.645,266.644,267.662,292922
2018-01-17,268.668,269.864,268.23,269.336,345087
2018-01-18,269.595,270.143,268.608,269.166,323537
2018-01-19,269.166,269.824,267.442,268.448,660659
2018-01-22,267.85,269.356,265.308,268.818,327450
2018-01-23,269.007,270.064,267.86,269.376,289732
2018-01-24,269.744,270.074,267.602,269.256,441451
2018-01-25,269.744,272.575,268.708,271.738,601058
2018-01-26,272.277,276.773,271.23,276.693,305042
2018-01-29,275.895,277.121,273.861,273.901,309267
2018-01-30,272.506,274.589,269.615,272.277,389103
2018-01-31,273.712,274.709,270.662,273.213,1238972
2018-02-01,273.044,275.557,270.901,273.851,552363
2018-02-02,273.273,282.803,269.735,277.739,691708
2018-02-05,277.749,281.946,258.829,259.756,1026633
2018-02-06,254.573,262.826,251.552,261.73,996783
2018-02-07,260.883,265.698,259.218,259.218,627104
2018-02-08,259.657,259.657,252.439,252.609,845108
2018-02-09,255.051,256.567,247.426,254.663,654241
2018-02-12,256.367,265.268,254.773,263.046,587178
2018-02-13,261.8,263.854,259.148,263.365,398819
2018-02-14,262.079,264.77,260.384,263.973,518285
2018-02-15,265.16,268.748,260.534,268.508,445764
2018-02-16,267.093,270.203,266.574,269.057,506154
2018-02-20,269.486,270.632,269.486,269.486,427642
2018-02-21,269.924,275.177,269.844,271.13,535957
2018-02-22,272.067,276.165,271.698,272.247,455882
2018-02-23,273.682,275.127,271.928,273.742,319118
2018-02-26,275.177,279.045,274.569,277.859,289938
2018-02-27,277.779,278.397,272.865,272.965,464953
2018-02-28,274.021,275.127,267.86,267.87,428958
2018-03-01,267.781,269.744,260.225,260.474,566336
2018-03-02,258.809,261.89,257.663,260.972,431807
2018-03-05,260.354,266.386,258.231,265.378,429735
2018-03-06,265.926,267.202,263.774,266.544,335101
2018-03-07,263.923,273.064,263.923,272.037,577707
2018-03-08,273.393,273.791,268.838,272.337,446666
2018-03-09,273.114,278.347,272.855,277.579,638549
2018-03-12,278.407,278.507,274.659,275.417,297459
2018-03-13,276.872,277.171,272.635,274.251,366578
2018-03-14,276.403,276.803,271.499,272.486,329794
2018-03-15,273.044,276.633,272.346,275.447,430700
2018-03-16,275.995,279.962,275.675,279.135,764796
2018-03-19,277.909,278.836,274.021,276.393,351321
2018-03-20,277.49,281.438,277.011,281.368,534641
2018-03-21,281.368,285.296,279.883,282.255,442637
2018-03-22,279.573,279.883,273.124,273.463,389419
2018-03-23,273.682,275.616,266.934,267.572,480252
2018-03-26,270.722,275.695,268.578,275.107,346065
2018-03-27,275.975,277.041,269.017,270.143,336715
2018-03-28,270.761,272.057,267.81,269.236,350204
2018-03-29,271.629,276.593,270.841,273.313,383435
2018-04-02,273.313,273.851,263.076,267.362,597774
2018-04-03,268.21,269.386,263.983,269.386,727951
2018-04-04,264.312,269.934,262.976,269.585,695085
2018-04-05,271.768,271.808,266.874,268.329,662963
2018-04-06,266.914,268.23,259.916,261.192,579645
2018-04-09,262.188,266.076,260.903,261.421,641456
2018-04-10,265.886,268.658,264.581,266.356,479073
2018-04-11,264.012,265.638,262.767,263.325,452678
2018-04-12,264.96,268.858,264.94,267.582,376038
2018-04-13,269.376,269.496,265.12,266.336,326696
2018-04-16,268.688,269.166,267.103,267.532,380787
2018-04-17,269.864,271.469,268.518,269.904,463678
2018-04-18,271.31,273.463,269.695,272.715,447380
2018-04-19,272.207,274.011,269.665,273.034,403937
2018-04-20,271.06,277.669,268.16,275.147,939164
2018-04-23,275.955,275.955,266.974,270.233,687496
2018-04-24,270.482,270.482,254.792,259.268,1017056
2018-04-25,258.679,261.331,254.463,261.172,867565
2018-04-26,261.461,261.551,257.215,259.617,463801
2018-04-27,259.617,261.91,258.749,261.62,386646
2018-04-30,261.88,263.295,257.613,257.633,540862
2018-05-01,257.423,258.6,253.705,258.211,524172
2018-05-02,257.354,259.337,254.981,256.117,653852
2018-05-03,255.281,259.069,251.064,258.111,441840
2018-05-04,256.637,263.574,255.579,262.528,376003
2018-05-07,262.916,264.262,260.374,263.903,390918
2018-05-08,262.976,265.458,262.458,264.96,281388
2018-05-09,266.236,268.828,263.156,268.26,310804
2018-05-10,269.645,272.845,268.448,272.297,485998
2018-05-11,272.386,273.553,271.788,272.486,400121
2018-05-14,273.054,274.291,271.33,271.718,348633
2018-05-15,270.462,271.788,268.858,271.559,314168
2018-05-16,270.841,271.838,268.379,268.907,411777
2018-05-17,268.917,269.176,266.974,268.419,465511
2018-05-18,268.23,269.585,267.582,268.638,555933
2018-05-21,270.771,275.127,270.692,274.221,417555
2018-05-22,275.008,277.939,272.476,272.835,450534
2018-05-23,272.207,272.526,269.096,271.948,347906
2018-05-24,272.985,275.267,271.12,274.958,481038
2018-05-25,274.121,274.121,271.021,272.386,254200
2018-05-29,270.293,271.24,266.236,267.452,428153
2018-05-30,268.528,273.283,267.761,271.758,367990
2018-05-31,271.499,271.758,268.1,268.947,546506
2018-06-01,271.529,274.091,270.263,272.486,266991
2018-06-04,273.124,273.961,270.542,273.243,232499
2018-06-05,274.051,276.253,273.762,275.107,257904
2018-06-06,275.377,276.981,272.655,276.733,412028
2018-06-07,277.48,278.915,276.793,277.281,280267
2018-06-08,277.619,278.905,276.293,278.517,225852
2018-06-11,278.677,279.384,275.945,278.467,312635
2018-06-12,278.716,280.56,277.629,279.225,289679
2018-06-13,279.185,280.76,277.48,278.437,332848
2018-06-14,279.205,279.205,275.507,276.195,374501
2018-06-15,274.231,277.371,272.486,276.971,591916
2018-06-18,274.171,275.457,272.147,274.669,341341
2018-06-19,271.529,272.267,268.309,269.565,464595
2018-06-20,269.705,271.519,269.266,270.642,407567
2018-06-21,269.974,271.33,267.332,269.276,514956
2018-06-22,271.449,272.007,269.047,269.376,1404117
2018-06-25,268.22,268.22,263.156,266.346,430783
2018-06-26,267.662,267.662,265.748,266.475,458454
2018-06-27,267.731,273.213,262.896,263.206,471780
2018-06-28,263.754,265.866,260.614,264.79,381666
2018-06-29,266.416,271.469,265.298,269.067,474079
2018-07-02,267.382,268.09,263.594,267.79,440551
2018-07-03,268.977,270.114,265.16,266.086,183973
2018-07-05,267.202,269.774,265.886,269.156,379208
2018-07-06,268.578,270.682,267.622,269.744,263494
2018-07-09,271.021,274.509,270.662,274.021,283311
2018-07-10,274.609,275.057,272.117,274.419,325017
2018-07-11,271.379,272.665,269.705,270.273,386366
2018-07-12,272.615,275.725,270.881,275.357,296414
2018-07-13,275.955,277.53,275.955,276.843,310512
2018-07-16,277.5,278.696,275.537,275.995,518127
2018-07-17,275.995,277.061,273.931,276.433,323005
2018-07-18,277.041,278.667,275.735,277.191,393195
2018-07-19,276.075,277.749,274.509,276.852,326438
2018-07-20,275.655,279.245,275.655,278.108,395010
2018-07-23,277.461,277.461,274.191,275.785,341613
2018-07-24,275.177,278.337,275.057,276.135,488341
2018-07-25,275.377,282.584,275.377,281.846,591291
2018-07-26,287.418,305.082,285.076,296.489,1463596
2018-07-27,297.875,297.875,289.721,291.865,924799
2018-07-30,292.114,293.898,286.84,287.378,541373
2018-07-31,288.146,295.134,288.146,294.825,743689
2018-08-01,294.506,294.506,291.207,291.446,562879
2018-08-02,288.276,290.22,287.368,289.622,531933
2018-08-03,290.419,290.898,285.405,288.136,309275
2018-08-06,287.877,289.662,287.02,288.664,242202
2018-08-07,289.213,292.931,288.336,292.443,290376
2018-08-08,292.034,292.034,288.426,289.731,257678
2018-08-09,289.552,291.835,288.256,288.555,280589
2018-08-10,287.778,287.778,285.534,286.402,252174
2018-08-13,286.402,287.877,284.119,285.296,293663
2018-08-14,285.754,288.545,284.578,287.966,295434
2018-08-15,286.292,288.436,284.996,286.632,362247
2018-08-16,288.466,289.562,287.1,288.236,277875
2018-08-17,287.518,291.865,287.408,290.937,797474
2018-08-20,291.815,294.725,291.207,294.097,460356
2018-08-21,294.277,297.227,294.277,296.529,427715
2018-08-22,295.423,296.489,291.625,292.513,345019
2018-08-23,292.891,292.971,289.861,290.28,394271
2018-08-24,290.748,291.994,285.136,289.692,698025
2018-08-27,291.894,293.2,289.711,290.628,524211
2018-08-28,291.775,293.529,290.858,291.675,317415
2018-08-29,292.134,292.831,289.562,291.486,489291
2018-08-30,291.197,291.924,288.446,289.781,280745
2018-08-31,289.98,291.994,289.342,291.396,418549
2018-09-04,291.396,292.552,289.034,290.768,405675
2018-09-05,290.04,294.915,289.502,294.715,531521
2018-09-06,294.795,297.517,293.828,296.021,600796
2018-09-07,295.443,297.725,294.337,296.919,344877
2018-09-10,298.843,301.025,298.613,299.111,439516
2018-09-11,298.045,299.321,297.437,298.264,454388
2018-09-12,298.255,300.916,297.117,297.387,686448
2018-09-13,298.753,303.796,298.135,303.687,336688
2018-09-14,303.328,305.222,301.145,303.558,312733
2018-09-17,303.896,305.352,302.57,304.126,426867
2018-09-18,302.89,304.754,301.574,304.235,402638
2018-09-19,304.026,304.973,300.736,301.693,347264
2018-09-20,302.89,303.707,300.268,302.521,312848
2018-09-21,299.829,300.667,297.287,298.912,900636
2018-09-24,297.935,298.573,292.463,292.522,596078
2018-09-25,293.569,294.057,289.911,291.077,468201
2018-09-26,291.506,292.024,288.346,289.113,390020
2018-09-27,290.369,291.396,287.06,287.368,454194
2018-09-28,287.09,292.801,287.03,289.282,740730
2018-10-01,292.134,294.655,290.987,291.755,666672
2018-10-02,291.456,292.532,290.339,291.007,523602
2018-10-03,292.034,294.197,289.213,291.207,329652
2018-10-04,289.98,291.346,287.358,289.372,336646
2018-10-05,290.419,291.336,286.472,287.937,407217
2018-10-08,287.887,288.126,284.328,285.774,358834
2018-10-09,285.604,285.604,281.966,282.953,366773
2018-10-10,281.886,283.66,274.151,274.36,619942
2018-10-11,273.573,274.909,266.614,267.262,805262
2018-10-12,271.629,274.241,268.339,273.024,904631
2018-10-15,272.855,274.919,271.748,273.333,568126
2018-10-16,274.909,281.368,274.241,280.879,540135
2018-10-17,280.281,280.64,275.695,278.078,396242
2018-10-18,276.673,277.849,271.31,272.925,361606
2018-10-19,273.662,274.769,269.994,271.878,380511
2018-10-22,272.277,274.011,270.731,272.227,298816
2018-10-23,264.102,267.282,260.235,265.578,615343
2018-10-24,265.678,267.502,256.915,257.613,560914
2018-10-25,259.208,261.93,256.945,259.517,778592
2018-10-26,269.047,291.406,266.076,279.095,1748657
2018-10-29,282.982,286.641,266.664,271.399,897505
2018-10-30,272.855,275.695,270.074,275.367,808981
2018-10-31,277.47,281.448,275.477,276.683,649554
2018-11-01,277.361,278.686,274.789,277.819,506154
2018-11-02,278.786,281.687,276.931,278.995,457551
2018-11-05,279.942,283.352,279.693,281.996,565004
2018-11-06,281.936,284.876,281.607,283.312,542089
2018-11-07,285.874,290.15,284.318,289.512,429116
2018-11-08,288.336,290.728,287.388,290.01,333412
2018-11-09,289.432,291.545,287.19,290.29,497258
2018-11-12,290.28,290.828,282.205,282.992,428732
2018-11-13,283.74,287.848,280.461,284.288,434356
2018-11-14,286.86,287.518,280.55,281.637,383835
2018-11-15,279.922,288.256,279.922,287.957,383952
2018-11-16,285.624,291.715,284.518,291.246,407776
2018-11-19,289.861,292.373,286.142,287.548,434833
2018-11-20,286.082,286.242,279.573,280.76,565788
2018-11-21,281.567,283.82,281.059,282.165,235033
2018-11-23,279.364,281.308,278.477,278.935,135872
2018-11-26,281.627,282.056,276.931,279.454,521314
2018-11-27,278.677,281.408,278.009,278.975,530916
2018-11-28,279.354,287.718,278.617,287.658,417797
2018-11-29,287.23,289.282,286.212,287.388,266538
2018-11-30,287.468,291.506,286.87,291.057,423579
2018-12-03,294.705,297.068,291.167,294.437,528821
2018-12-04,292.771,293.928,279.903,280.331,509655
2018-12-06,275.905,281.507,271.25,280.889,788484
2018-12-07,280.889,283.022,276.293,278.567,794156
2018-12-10,278.447,279.962,275.177,279.075,500809
2018-12-11,282.903,284.368,273.473,275.307,447648
2018-12-12,279.464,282.564,277.919,278.108,290391
2018-12-13,279.713,280.032,273.752,275.017,381945
2018-12-14,271.878,274.071,266.166,267.82,584878
2018-12-17,266.524,268.967,260.115,260.713,564925
2018-12-18,262.188,265.12,259.896,262.966,630661
2018-12-19,264.192,269.017,260.424,263.524,817296
2018-12-20,262.208,264.162,254.483,256.975,714243
2018-12-21,255.719,260.893,250.984,252.419,895744
2018-12-24,250.675,252.529,241.454,241.574,299308
2018-12-26,241.564,253.925,240.178,253.705,462548
2018-12-27,250.027,259.357,249.668,259.327,543076
2018-12-28,260.863,262.936,257.304,258.012,474772
2018-12-31,261.122,262.238,257.473,260.673,333410
2019-01-02,257.095,261.112,255.909,260.763,383184
2019-01-03,258.351,259.437,252.23,253.137,410402
2019-01-04,256.167,261.7,254.782,261.6,526965
2019-01-07,261.551,265.468,260.315,263.156,350051
2019-01-08,266.236,267.562,259.956,263.654,532613
2019-01-09,265.08,267.681,264.422,266.126,305887
2019-01-10,265.09,269.824,262.956,269.595,275511
2019-01-11,267.83,268.947,265.896,267.612,315255
2019-01-14,264.94,266.594,263.166,265.808,328683
2019-01-15,264.93,265.828,263.335,264.79,328889
2019-01-16,265.418,268.15,264.74,267.063,429899
2019-01-17,265.976,271.519,265.03,269.824,322056
2019-01-18,271.529,276.852,271.529,276.303,398577
2019-01-22,273.732,274.449,267.582,269.116,394834
2019-01-23,270.642,272.695,267.99,270.652,250648
2019-01-24,270.941,274.459,270.123,273.034,379677
2019-01-25,276.373,277.989,275.267,277.411,570132
2019-01-28,273.613,276.303,272.765,274.171,463635
2019-01-29,275.507,277.989,275.507,277.51,318398
2019-01-30,279.205,283.441,276.363,281.637,425653
2019-01-31,281.776,283.232,277.001,277.52,650167
2019-02-01,284.109,287.348,280.281,286.302,720936
2019-02-04,285.156,287.498,283.471,287.17,491182
2019-02-05,288.286,292.044,287.14,291.805,424302
2019-02-06,290.379,293.918,290.379,293.679,661515
2019-02-07,290.509,292.243,289.761,291.565,522045
2019-02-08,290.539,294.127,288.804,294.067,333386
2019-02-11,295.035,295.901,293.21,295.105,342497
2019-02-12,296.839,302.112,295.941,301.883,432888
2019-02-13,301.414,304.484,300.039,303.039,435140
2019-02-14,301.394,302.212,299.431,299.899,361749
2019-02-15,302.88,305.66,302.8,305.62,358890
2019-02-19,304.355,306.778,303.727,304.903,230219
2019-02-20,305.581,307.336,304.644,307.096,245854
2019-02-21,306.07,308.522,304.594,308.422,416812
2019-02-22,309.668,310.924,307.784,310.725,406247
2019-02-25,313.167,313.725,311.702,312.868,464028
2019-02-26,312.639,314.563,311.951,313.376,520283
2019-02-27,312.778,317.553,312.25,316.975,401126
2019-02-28,315.929,318.071,314.742,317.065,542546
2019-03-01,319.487,320.105,316.467,317.045,549650
2019-03-04,319.049,320.593,313.496,314.403,506571
2019-03-05,313.994,315.939,313.366,313.466,478368
2019-03-06,313.127,314.742,312.559,313.327,337247
2019-03-07,312.349,313.456,309.947,312.768,480857
2019-03-08,311.203,311.532,308.691,311.203,317940
2019-03-11,311.751,316.815,311.731,316.577,360108
2019-03-12,317.803,318.191,316.267,317.155,420736
2019-03-13,319.716,320.753,316.905,319.716,314605
2019-03-14,319.955,320.843,317.633,318.839,317553
2019-03-15,320.912,320.912,318.569,319.587,678623
2019-03-18,320.912,324.9,319.736,324.73,413509
2019-03-19,326.614,328.08,324.162,325.179,525817
2019-03-20,325.298,327.082,322.288,323.992,253622
2019-03-21,322.448,328.19,321.291,327.222,218927
2019-03-22,326.385,326.834,322.537,322.766,357686
2019-03-25,323.016,326.076,322.467,324.252,369549
2019-03-26,326.375,329.036,326.036,328.458,230864
2019-03-27,328.16,329.754,326.904,328.758,291484
2019-03-28,327.76,333.343,327.76,333.193,369716
2019-03-29,334.489,335.605,332.685,335.017,445126
2019-04-01,337.889,341.587,335.795,340.859,551332
2019-04-02,341.906,341.906,339.225,341.198,399233
2019-04-03,342.105,343.78,338.985,339.942,498005
2019-04-04,339.703,340.48,337.291,338.147,487634
2019-04-05,339.733,341.816,337.539,338.915,398612
2019-04-08,337.639,339.483,334.938,337.281,551175
2019-04-09,334.898,337.739,334.35,336.483,404396
2019-04-10,337.191,337.191,335.147,336.413,260460
2019-04-11,337.889,340.52,334.928,339.872,261058
2019-04-12,341.497,344.697,340.48,344.568,304039
2019-04-15,345.913,346.9,342.823,344.737,270750
2019-04-16,346.162,346.402,341.786,342.743,417312
2019-04-17,343.7,344.976,340.421,341.357,257439
2019-04-18,343.341,344.258,341.158,343.072,386148
2019-04-22,341.547,344.388,340.48,344.158,276343
2019-04-23,343.6,346.96,342.235,344.597,553521
2019-04-24,345.764,345.764,341.627,343.6,719657
2019-04-25,348.455,356.948,335.347,340.55,756752
2019-04-26,342.125,345.973,338.207,345.774,575498
2019-04-29,347.288,351.834,344.657,351.007,523446
2019-04-30,353.1,354.017,350.748,352.851,607385
2019-05-01,353.15,354.615,349.652,350.349,456275
2019-05-02,349.632,351.196,347.338,350.818,288294
2019-05-03,353.16,354.067,351.456,353.329,225320
2019-05-06,346.77,352.273,342.982,351.386,247209
2019-05-07,347.768,348.784,343.88,346.252,307483
2019-05-08,346.202,349.761,344.926,347.638,265215
2019-05-09,345.424,345.834,340.949,345.734,283567
2019-05-10,344.956,350.698,340.371,349.442,315199
2019-05-13,342.763,344.338,337.311,342.275,346579
2019-05-14,342.334,347.827,341.876,344.936,267827
2019-05-15,342.275,348.804,342.275,347.218,294514
2019-05-16,349.362,354.785,347.818,353.14,309850
2019-05-17,350.438,353.659,349.282,351.764,301913
2019-05-20,349.701,349.89,344.428,346.372,439820
2019-05-21,349.81,353.2,347.528,351.705,372859
2019-05-22,350.528,353.808,349.761,349.95,260605
2019-05-23,346.77,349.771,342.484,346.112,285473
2019-05-24,348.416,349.392,341.168,341.457,418215
2019-05-28,341.547,342.843,337.889,338.646,712498
2019-05-29,336.772,340.281,335.496,338.785,401739
2019-05-30,339.125,342.823,338.785,340.64,270055
2019-05-31,338.477,339.753,336.821,337.371,335405
2019-06-03,338.207,344.158,338.207,340.799,428714
2019-06-04,343.989,345.265,340.281,344.966,601433
2019-06-05,347.548,352.133,346.83,351.256,449704
2019-06-06,351.176,354.107,348.455,353.738,301940
2019-06-07,355.652,359.769,354.526,358.413,342397
2019-06-10,362.002,362.421,359.301,360.367,365188
2019-06-11,362.321,362.929,355.931,358.703,434289
2019-06-12,359.061,359.48,356.939,358.733,357419
2019-06-13,360.148,361.225,355.851,358.353,409214
2019-06-14,357.795,358.833,352.562,357.675,345427
2019-06-17,358.872,360.247,354.595,354.994,324366
2019-06-18,357.705,363.288,356.609,358.783,428009
2019-06-19,359.351,361.265,355.443,357.695,725355
2019-06-20,359.959,362.411,356.559,360.617,857279
2019-06-21,361.763,361.763,354.785,358.423,1061252
2019-06-24,358.303,362.66,358.234,358.273,714121
2019-06-25,358.453,361.215,356.719,356.889,856807
2019-06-26,357.077,359.441,354.446,356.191,487854
2019-06-27,356.839,358.363,352.841,356.051,394860
2019-06-28,356.589,362.66,355.821,359.281,1629537
2019-07-01,362.979,366.548,361.783,366.468,391401
2019-07-02,367.146,367.874,365.352,366.408,339066
2019-07-03,367.584,372.02,367.276,370.904,312499
2019-07-05,369.08,369.718,362.6,369.388,268650
2019-07-08,367.904,369.358,365.59,365.91,261486
2019-07-09,365.192,369.418,363.677,367.624,390306
2019-07-10,369.798,372.29,367.854,368.122,451466
2019-07-11,368.8,373.595,368.072,373.595,389957
2019-07-12,374.453,377.653,373.216,377.613,303460
2019-07-15,377.393,377.911,373.296,374.572,381540
2019-07-16,375.001,378.281,373.087,377.403,338653
2019-07-17,376.576,378.649,370.346,370.644,361774
2019-07-18,371.93,373.675,368.84,370.834,279136
2019-07-19,372.499,373.137,367.444,367.894,367958
2019-07-22,367.874,371.522,363.736,364.295,610476
2019-07-23,367.146,369.308,364.285,367.216,643411
2019-07-24,365.032,370.276,364.704,367.964,692821
2019-07-25,362.959,365.362,344.976,364.364,1415009
2019-07-26,363.776,364.933,357.587,359.659,574602
2019-07-29,359.699,360.587,354.366,354.885,562818
2019-07-30,353.569,360.846,353.04,360.297,401845
2019-07-31,360.118,360.766,352.462,357.177,578371
2019-08-01,356.579,360.557,353.07,354.466,571439
2019-08-02,354.486,356.449,348.336,349.83,481095
2019-08-05,345.684,346.262,336.433,337.999,629992
2019-08-06,340.62,346.002,338.617,345.524,488575
2019-08-07,340.211,343.63,337.081,342.424,421857
2019-08-08,345.146,352.323,345.146,352.084,461415
2019-08-09,350.488,351.744,345.764,348.674,367314
2019-08-12,346.69,350.598,345.265,345.983,290716
2019-08-13,345.654,355.523,343.85,351.994,577679
2019-08-14,346.71,348.376,341.318,341.318,443916
2019-08-15,341.337,345.764,340.59,343.341,380227
2019-08-16,346.352,352.422,346.352,351.047,389344
2019-08-19,354.346,357.367,353.559,355.921,381314
2019-08-20,356.409,357.027,351.924,352.402,280108
2019-08-21,355.183,356.419,351.605,353.379,249028
2019-08-22,354.167,355.821,348.346,348.804,287324
2019-08-23,346.152,349.83,340.709,342.414,680381
2019-08-26,345.176,347.668,337.361,342.534,294281
2019-08-27,349.8,349.8,344.019,347.448,485143
2019-08-28,345.744,350.488,344.707,349.512,230166
2019-08-29,352.303,358.862,352.233,357.765,308356
2019-08-30,361.175,362.69,357.625,360.217,438328
2019-09-03,356.579,358.185,352.462,355.383,311260
2019-09-04,358.155,362.271,358.155,362.241,346145
2019-09-05,366.318,370.206,366.318,368.422,333308
2019-09-06,368.86,369.338,366.069,368.272,366023
2019-09-09,368.81,370.535,349.661,350.598,635118
2019-09-10,347.199,347.996,332.446,347.798,914387
2019-09-11,347.876,351.017,345.255,347.698,723197
2019-09-12,347.926,353.429,346.89,352.074,540051
2019-09-13,352.522,354.685,346.99,353.14,387830
2019-09-16,352.273,354.356,348.684,350.369,360818
2019-09-17,350.369,355.563,349.442,354.985,420433
2019-09-18,354.097,354.615,347.498,353.22,737438
2019-09-19,352.123,355.104,349.99,350.18,670318
2019-09-20,352.741,353.918,348.106,353.09,1279983
2019-09-23,350.907,355.004,349.482,354.107,754309
2019-09-24,355.363,357.905,350.08,350.24,976277
2019-09-25,350.24,351.695,345.664,349.87,463555
2019-09-26,349.99,352.592,348.306,348.894,527636
2019-09-27,352.253,355.433,347.06,348.316,442321
2019-09-30,349.98,350.907,345.973,350.25,416871
2019-10-01,351.545,353.549,339.005,339.294,468862
2019-10-02,335.566,335.595,326.564,331.878,854308
2019-10-03,330.741,335.017,328.18,334.469,401803
2019-10-04,335.227,340.051,334.469,339.045,346004
2019-10-07,336.583,337.509,332.795,332.984,439364
2019-10-08,329.525,331.638,326.974,327.102,564746
2019-10-09,330.672,333.393,328.498,332.825,421559
2019-10-10,331.529,336.383,331.529,334.439,356504
2019-10-11,338.417,342.614,336.433,336.831,473147
2019-10-14,336.573,336.981,332.765,333.124,307227
2019-10-15,334.549,335.785,333.014,333.403,448393
2019-10-16,333.074,334.589,329.794,330.133,529169
2019-10-17,332.526,335.655,331.638,335.137,527164
2019-10-18,334.27,336.643,331.917,332.346,424588
2019-10-21,334.948,336.463,329.774,331.469,601958
2019-10-22,330.362,332.655,326.924,327.252,650155
2019-10-23,326.614,329.764,326.076,329.406,753211
2019-10-24,333.064,333.552,316.875,326.854,1087162
2019-10-25,325.678,329.654,325.119,328.966,715819
2019-10-28,328.838,330.292,325.796,327.462,669624
2019-10-29,325.308,337.499,325.308,336.223,670029
2019-10-30,337.449,337.449,331.957,332.715,366750
2019-10-31,332.645,333.143,326.704,331.399,530362
2019-11-01,334.479,336.911,333.273,336.473,487766
2019-11-04,339.314,339.783,332.615,333.403,560368
2019-11-05,333.443,336.393,331.838,335.337,736766
2019-11-06,334.29,338.297,333.004,338.297,553826
2019-11-07,339.743,343.321,332.675,334.719,473456
2019-11-08,333.263,335.755,330.652,331.937,449513
2019-11-11,329.704,333.861,329.396,332.366,357140
2019-11-12,334.28,338.157,333.143,337.619,485391
2019-11-13,335.715,343.65,334.549,342.853,857712
2019-11-14,342.105,346.65,340.54,343.391,749908
2019-11-15,346.012,346.442,339.633,339.932,524425
2019-11-18,339.314,339.433,335.237,336.025,476313
2019-11-19,337.031,344.458,336.065,344.188,454443
2019-11-20,343.481,348.216,343.162,347.258,1020470
2019-11-21,347.189,348.494,344.528,348.186,734581
2019-11-22,349.024,350.518,345.384,349.89,498561
2019-11-25,352.014,354.027,350.688,353.758,686983
2019-11-26,352.761,358.473,351.695,356.968,931018
2019-11-27,357.625,357.985,352.692,356.829,309004
2019-11-29,355.623,356.389,353.06,354.436,255600
2019-12-02,354.396,355.921,348.036,348.036,533485
2019-12-03,342.574,346.75,341.039,345.953,727366
2019-12-04,344.657,349.053,340.789,340.899,681528
2019-12-05,342.225,342.663,339.314,341.327,754862
2019-12-06,343.84,346.062,340.021,340.51,689435
2019-12-09,339.413,343.67,337.579,338.646,639917
2019-12-10,338.745,344.109,337.161,337.639,389817
2019-12-11,338.617,341.756,337.549,340.999,372950
2019-12-12,341.507,344.398,339.314,341.029,396761
2019-12-13,341.577,346.88,341.407,344.717,447726
2019-12-16,345.704,348.346,344.776,346.132,376101
2019-12-17,347.278,351.116,347.0,347.368,381496
2019-12-18,346.262,347.358,340.799,342.643,508696
2019-12-19,343.202,347.698,342.763,346.172,456977
2019-12-20,348.186,348.564,343.969,346.81,801272
2019-12-23,348.276,349.781,346.012,348.534,312429
2019-12-24,349.152,349.372,346.8,347.408,151613
2019-12-26,348.544,348.714,345.126,347.986,318843
2019-12-27,348.544,351.854,347.18,351.416,295372
2019-12-30,351.416,351.904,347.798,349.721,204263
2019-12-31,349.721,350.389,346.65,348.396,417348
2020-01-02,348.096,359.141,348.096,359.141,716075
2020-01-03,353.09,357.377,352.542,357.057,487286
2020-01-06,353.489,354.057,350.25,353.679,597818
2020-01-07,352.791,355.772,350.708,355.483,411341
2020-01-08,356.32,360.477,353.967,359.361,460286
2020-01-09,361.095,364.883,359.54,364.524,550072
2020-01-10,365.73,367.086,363.946,364.763,358355
2020-01-13,365.362,369.0,364.783,368.442,313481
2020-01-14,367.884,369.23,366.338,366.976,361716
2020-01-15,368.402,371.97,367.276,367.894,366372
2020-01-16,369.618,370.416,365.79,370.036,419132
2020-01-17,370.834,374.622,370.326,374.014,521324
2020-01-21,372.299,374.463,370.605,372.549,425691
2020-01-22,373.615,374.901,368.9,369.996,379243
2020-01-23,370.296,373.137,366.996,372.748,438056
2020-01-24,374.153,375.091,369.648,371.163,372231
2020-01-27,366.398,370.316,365.202,366.856,380173
2020-01-28,367.365,374.124,365.62,372.2,476566
2020-01-29,375.001,375.429,371.044,372.748,435018
2020-01-30,377.683,387.072,372.21,383.494,821189
2020-01-31,380.773,382.278,373.944,375.888,640251
2020-02-03,378.869,380.503,372.698,373.984,467949
2020-02-04,379.725,383.833,378.599,380.364,426828
2020-02-05,384.89,384.949,378.669,379.935,477790
2020-02-06,380.942,381.54,378.659,379.237,316300
2020-02-07,379.567,382.387,377.763,379.627,307839
2020-02-10,378.211,385.876,377.961,385.876,379099
2020-02-11,388.328,389.036,383.733,383.883,315193
2020-02-12,383.823,386.255,379.676,385.168,306293
2020-02-13,383.245,385.657,380.453,382.517,274581
2020-02-14,384.401,386.844,382.337,386.804,283508
2020-02-18,384.929,386.305,382.637,383.444,324374
2020-02-19,384.351,388.438,382.009,382.108,302222
2020-02-20,381.341,384.989,377.951,378.221,438839
2020-02-21,376.875,384.202,375.987,381.411,969991
2020-02-24,372.957,376.745,367.674,369.368,476033
2020-02-25,370.126,370.126,358.423,360.387,486046
2020-02-26,363.438,369.02,358.343,359.49,536158
2020-02-27,351.794,360.267,349.142,349.642,798548
2020-02-28,341.318,348.714,335.995,346.392,1103163
2020-03-02,348.744,356.201,341.736,355.573,793432
2020-03-03,355.811,365.491,343.451,347.228,640997
2020-03-04,352.971,361.863,348.654,361.424,561001
2020-03-05,354.167,359.749,344.677,346.232,562783
2020-03-06,337.929,346.9,335.865,345.046,680932
2020-03-09,322.378,324.7,295.473,310.545,1159860
2020-03-10,319.786,336.811,319.059,336.413,1120360
2020-03-11,326.534,328.418,314.563,318.211,786307
2020-03-12,295.513,305.86,286.112,286.552,988758
2020-03-13,300.009,308.79,287.588,308.79,767981
2020-03-16,236.391,299.371,236.391,278.985,881490
2020-03-17,290.07,307.136,283.83,304.724,788780
2020-03-18,284.836,294.536,261.93,282.943,693552
2020-03-19,280.082,304.774,272.466,295.473,655499
2020-03-20,299.421,299.52,276.593,278.895,949097
2020-03-23,276.085,277.53,242.142,250.456,994371
2020-03-24,259.039,282.763,259.039,278.637,1276245
2020-03-25,279.334,292.423,267.422,280.859,1018842
2020-03-26,289.352,301.693,283.69,301.693,832713
2020-03-27,287.558,308.482,285.236,301.195,1210207
2020-03-30,303.478,314.861,300.707,312.679,752784
2020-03-31,309.26,313.097,304.106,307.106,715240
2020-04-01,293.679,298.235,285.634,289.223,564591
2020-04-02,286.052,300.477,286.052,300.477,486440
2020-04-03,300.148,303.348,288.585,295.144,465789
2020-04-06,308.073,312.489,298.713,307.914,670400
2020-04-07,318.649,322.746,302.88,303.956,672348
2020-04-08,307.554,316.437,302.76,313.795,489180
2020-04-09,315.051,323.175,310.057,311.193,613866
2020-04-13,309.08,312.349,303.856,310.466,362364
2020-04-14,315.998,320.563,308.342,315.36,631199
2020-04-15,310.166,313.237,306.648,309.858,489623
2020-04-16,310.585,312.379,302.7,305.93,879500
2020-04-17,314.293,319.885,309.748,317.633,621790
2020-04-20,314.692,320.583,310.456,316.007,482034
2020-04-21,310.096,311.034,304.544,306.398,472560
2020-04-22,311.502,314.223,306.248,309.409,422392
2020-04-23,310.854,317.872,308.711,309.778,406640
2020-04-24,311.024,313.007,300.457,302.281,968394
2020-04-27,305.352,313.167,304.006,310.306,942463
2020-04-28,340.351,350.15,318.969,332.246,1160459
2020-04-29,337.42,340.331,327.392,336.144,790474
2020-04-30,332.795,337.709,328.289,336.453,815860
2020-05-01,331.3,335.875,328.748,334.809,751374
2020-05-04,332.904,338.207,329.186,336.493,608265
2020-05-05,340.211,347.478,338.607,341.208,578488
2020-05-06,342.404,349.004,342.404,346.432,707187
2020-05-07,350.498,356.041,349.024,351.396,701159
2020-05-08,354.775,357.447,352.462,353.529,581421
2020-05-11,351.086,363.587,350.22,359.211,577497
2020-05-12,359.211,363.477,352.123,352.183,761344
2020-05-13,351.635,356.061,342.604,347.836,775768
2020-05-14,345.216,353.021,340.111,352.672,701965
2020-05-15,348.734,358.234,347.488,356.629,1218069
2020-05-18,367.774,369.338,360.875,361.404,709341
2020-05-19,360.337,362.261,352.931,352.931,544242
2020-05-20,359.131,365.96,356.789,362.929,453823
2020-05-21,362.092,365.411,358.723,360.138,293976
2020-05-22,359.689,362.161,358.055,362.122,326396
2020-05-26,372.608,372.798,364.036,365.312,567564
2020-05-27,369.956,374.871,363.996,374.094,579483
2020-05-28,374.871,383.295,371.691,376.585,575116
2020-05-29,375.399,389.624,374.044,388.498,1071656
2020-06-01,387.64,388.02,382.238,382.537,418298
2020-06-02,384.431,391.269,384.112,390.282,363605
2020-06-03,394.609,398.775,390.552,396.074,507587
2020-06-04,392.096,399.185,389.674,396.821,443883
2020-06-05,403.5,404.886,396.313,400.371,669442
2020-06-08,398.795,401.307,393.253,396.503,707523
2020-06-09,392.605,400.649,388.808,396.732,653939
2020-06-10,399.175,399.643,392.136,395.825,497840
2020-06-11,388.03,395.825,385.208,387.012,915552
2020-06-12,395.765,396.662,377.085,384.56,763105
2020-06-15,377.164,391.957,375.838,388.738,450705
2020-06-16,398.327,400.211,387.192,393.283,490951
2020-06-17,396.463,399.553,391.23,396.811,391870
2020-06-18,395.267,399.065,393.233,396.732,264732
2020-06-19,401.377,401.377,384.66,385.308,1157408
2020-06-22,387.65,395.366,384.132,394.649,418734
2020-06-23,395.795,397.559,391.548,392.086,390992
2020-06-24,388.438,393.293,377.413,381.719,598361
2020-06-25,381.59,388.318,376.177,388.06,416580
2020-06-26,387.402,387.99,378.599,381.989,755342
2020-06-29,385.178,385.178,377.005,380.443,591826
2020-06-30,380.015,385.109,378.321,383.025,960250
2020-07-01,386.355,388.05,381.689,384.441,504195
2020-07-02,388.966,391.399,385.198,385.906,490037
2020-07-06,390.522,391.02,386.584,387.9,446002
2020-07-07,386.654,389.416,385.478,385.727,440357
2020-07-08,385.617,392.764,385.617,392.575,392016
2020-07-09,391.778,395.765,387.132,390.113,605904
2020-07-10,389.624,391.319,383.713,387.152,404434
2020-07-13,389.176,390.442,381.461,381.54,444717
2020-07-14,381.769,392.555,381.769,391.848,326118
2020-07-15,398.157,399.195,393.462,394.818,485329
2020-07-16,395.955,400.959,394.389,400.51,496329
2020-07-17,402.803,406.66,401.397,404.089,366645
2020-07-20,404.268,411.176,404.019,410.17,480638
2020-07-21,410.937,415.104,406.92,410.548,320342
2020-07-22,411.754,417.147,410.568,413.13,341333
2020-07-23,413.329,420.337,413.329,415.153,567985
2020-07-24,413.25,413.947,407.608,410.21,431584
2020-07-27,411.416,419.569,409.92,415.572,472506
2020-07-28,420.227,435.659,417.895,417.935,706161
2020-07-29,418.613,433.426,418.553,431.83,647944
2020-07-30,427.724,429.258,419.091,427.534,387512
2020-07-31,426.138,428.292,421.035,427.196,446291
2020-08-03,429.248,436.007,426.049,429.896,364753
2020-08-04,426.786,430.026,425.949,428.132,364416
2020-08-05,431.093,433.456,428.72,429.916,299951
2020-08-06,429.398,432.468,426.518,431.651,261607
2020-08-07,432.429,436.167,430.176,435.529,249198
2020-08-10,435.987,438.649,433.665,435.947,462463
2020-08-11,437.243,440.303,428.67,429.408,585185
2020-08-12,431.582,444.301,431.033,441.261,423786
2020-08-13,439.317,450.162,439.317,447.66,653355
2020-08-14,446.793,448.188,438.131,439.527,479414
2020-08-17,441.311,444.5,434.173,435.599,621148
2020-08-18,438.101,438.589,432.05,433.655,536211
2020-08-19,435.08,435.838,429.07,429.14,479594
2020-08-20,427.923,431.87,426.746,429.498,456899
2020-08-21,429.238,429.598,424.015,426.737,648732
2020-08-24,428.362,431.602,424.155,426.916,305499
2020-08-25,428.531,431.93,426.019,426.019,337690
2020-08-26,424.115,427.744,422.361,427.186,392414
2020-08-27,428.172,428.262,422.241,422.839,365557
2020-08-28,423.318,425.252,420.785,424.942,260451
2020-08-31,422.929,424.205,420.197,421.982,378482
2020-09-01,424.065,432.349,422.191,431.093,320136
2020-09-02,431.552,440.413,429.288,438.469,524465
2020-09-03,438.569,439.057,421.783,424.733,409302
2020-09-04,428.292,428.72,411.734,417.387,451674
2020-09-08,396.662,401.387,385.258,389.146,1242165
2020-09-09,394.409,399.155,389.564,395.027,523493
2020-09-10,396.702,401.257,389.654,390.97,449704
2020-09-11,395.127,398.775,388.418,394.728,568135
2020-09-14,398.596,401.148,390.95,391.429,594492
2020-09-15,394.329,402.892,392.196,398.965,633858
2020-09-16,403.122,404.796,393.911,395.555,476794
2020-09-17,390.472,394.947,387.541,393.941,574215
2020-09-18,392.246,394.888,385.408,386.614,762454
2020-09-21,382.776,388.588,379.067,387.472,549527
2020-09-22,386.844,390.034,382.896,387.95,517678
2020-09-23,390.771,393.921,380.663,381.739,487342
2020-09-24,379.795,388.956,375.439,386.454,383278
2020-09-25,383.883,396.811,383.534,393.273,389309
2020-09-28,395.645,399.243,394.539,395.725,530547
2020-09-29,396.742,399.363,393.353,396.483,361989
2020-09-30,398.507,399.783,386.404,390.292,677604
2020-10-01,393.283,396.791,385.806,388.688,478555
2020-10-02,385.288,393.831,384.989,390.89,431111
2020-10-05,395.037,397.221,392.734,396.821,311177
2020-10-06,396.821,402.563,394.449,395.545,415641
2020-10-07,397.729,403.361,397.729,400.589,444190
2020-10-08,403.211,403.271,397.569,399.263,371887
2020-10-09,402.135,413.309,400.819,409.87,424369
2020-10-12,412.851,424.803,411.475,417.267,633634
2020-10-13,416.967,421.703,415.542,419.151,470065
2020-10-14,421.713,425.62,419.959,422.54,557715
2020-10-15,419.459,427.216,419.41,425.76,562333
2020-10-16,426.826,433.545,426.248,429.16,797443
2020-10-19,427.464,430.554,417.486,420.277,418780
2020-10-20,421.513,423.118,416.26,418.263,447249
2020-10-21,418.055,421.643,416.469,416.868,365988
2020-10-22,417.137,424.723,416.888,422.849,413085
2020-10-23,426.368,428.022,420.517,423.926,273334
2020-10-26,420.009,422.161,409.512,413.329,478165
2020-10-27,400.589,401.317,385.756,390.292,1430643
2020-10-28,383.514,384.74,361.513,363.497,1531277
2020-10-29,362.58,371.861,362.58,366.757,946721
2020-10-30,365.342,369.259,358.941,367.286,495946
2020-11-02,373.595,377.763,371.442,376.785,760951
2020-11-03,381.52,386.434,376.397,379.177,630332
2020-11-04,382.647,393.223,377.115,384.511,741703
2020-11-05,394.07,394.07,381.411,381.789,697160
2020-11-06,381.041,387.332,379.975,384.182,653214
2020-11-09,406.421,412.701,385.597,385.966,1059130
2020-11-10,386.006,396.981,386.006,396.623,684364
2020-11-11,399.473,402.394,395.097,396.961,551062
2020-11-12,395.307,397.789,381.969,386.404,590840
2020-11-13,389.006,393.353,385.856,392.067,552046
2020-11-16,394.649,404.557,392.096,403.431,586936
2020-11-17,398.527,406.302,396.921,401.227,590846
2020-11-18,400.859,405.903,396.084,403.929,591991
2020-11-19,402.563,406.63,401.845,405.016,446393
2020-11-20,405.404,406.511,399.135,400.849,686971
2020-11-23,404.388,405.354,399.015,401.297,468810
2020-11-24,405.404,415.263,401.507,413.957,489945
2020-11-25,415.562,416.878,412.382,413.898,277936
2020-11-27,415.861,416.619,411.764,414.226,260360
2020-11-30,413.439,422.729,413.439,422.331,712154
2020-12-01,424.992,428.362,417.605,419.391,570790
2020-12-02,419.211,419.211,411.386,413.449,355108
2020-12-03,411.684,414.286,403.7,404.746,616566
2020-12-04,405.344,413.389,405.344,413.389,535643
2020-12-07,413.798,416.599,408.934,414.406,372016
2020-12-08,411.704,418.533,411.704,414.565,361235
2020-12-09,414.226,416.719,409.352,414.964,393095
2020-12-10,415.503,415.503,407.816,410.478,445241
2020-12-11,408.326,416.629,408.326,415.861,338866
2020-12-14,417.985,428.292,417.985,418.283,465629
2020-12-15,420.137,426.737,419.331,421.314,480744
2020-12-16,420.457,422.64,415.891,416.26,371074
2020-12-17,417.397,420.706,416.021,420.397,491881
2020-12-18,420.805,426.138,417.297,421.543,1050071
2020-12-21,414.675,418.124,405.873,417.775,553890
2020-12-22,413.848,414.506,406.501,408.414,571303
2020-12-23,411.894,419.391,411.136,414.884,483466
2020-12-24,415.253,419.061,411.744,415.532,121053
2020-12-28,417.915,419.689,411.924,418.543,291104
2020-12-29,422.041,422.719,412.103,415.024,272440
2020-12-30,416.071,418.881,415.821,417.227,192067
2020-12-31,417.915,427.245,415.552,426.398,333826
2021-01-04,425.232,426.288,410.19,414.974,441918
2021-01-05,415.393,419.519,409.631,414.605,520600
2021-01-06,413.957,422.151,413.469,418.792,719517
2021-01-07,419.41,427.953,418.723,426.458,445298
2021-01-08,427.464,428.78,422.041,426.976,313542
2021-01-11,422.719,434.592,421.723,434.333,704186
2021-01-12,433.196,435.369,423.567,425.87,547244
2021-01-13,425.022,425.022,408.794,409.192,710548
2021-01-14,410.06,410.798,401.776,403.51,689714
2021-01-15,402.593,410.398,398.357,407.678,1029040
2021-01-19,412.024,417.147,408.326,410.458,502079
2021-01-20,413.738,419.469,411.296,416.489,424708
2021-01-21,416.719,419.799,414.555,417.377,363302
2021-01-22,417.635,417.635,408.534,415.193,416524
2021-01-25,416.399,422.371,413.937,415.084,412166
2021-01-26,416.838,418.015,409.93,413.309,325766
2021-01-27,410.08,417.297,405.893,415.971,594298
2021-01-28,417.486,425.451,417.486,418.782,624504
2021-01-29,415.971,421.503,388.798,389.136,1204283
2021-02-01,392.067,399.195,385.617,387.61,825353
2021-02-02,389.684,398.217,387.372,394.19,897410
2021-02-03,391.997,399.633,390.292,397.829,625228
2021-02-04,399.613,402.105,397.121,399.882,442013
2021-02-05,402.703,407.747,400.381,401.068,499237
2021-02-08,401.806,405.205,399.343,403.261,382573
2021-02-09,403.441,405.444,398.367,399.862,683657
2021-02-10,403.65,403.65,396.791,397.988,749258
2021-02-11,398.905,400.779,393.951,396.183,344333
2021-02-12,393.711,398.227,391.21,392.226,723116
2021-02-16,394.17,394.339,379.935,380.115,782165
2021-02-17,380.115,384.461,373.316,383.404,1531826
2021-02-18,382.138,392.555,380.872,391.758,579620
2021-02-19,391.758,392.994,383.055,385.188,743152
2021-02-22,383.215,386.424,378.909,380.235,821287
2021-02-23,382.397,388.12,373.565,384.122,1063278
2021-02-24,383.354,384.63,369.678,375.18,1311050
2021-02-25,374.303,377.593,369.738,375.469,754661
2021-02-26,378.151,381.819,373.994,373.994,536829
2021-03-01,376.087,384.511,376.087,381.221,828619
2021-03-02,383.305,383.663,374.403,377.443,507763
2021-03-03,376.137,382.288,375.061,376.945,804254
2021-03-04,376.247,376.805,361.733,368.322,625077
2021-03-05,371.262,375.031,363.687,373.316,643247
2021-03-08,374.702,387.282,372.319,381.679,917879
2021-03-09,382.527,392.266,382.527,385.946,738578
2021-03-10,387.83,387.95,380.643,382.347,562304
2021-03-11,382.647,387.492,380.354,383.723,399123
2021-03-12,385.597,386.764,381.081,382.657,497915
2021-03-15,383.404,390.392,381.829,387.112,548230
2021-03-16,387.232,388.718,381.321,384.262,580435
2021-03-17,388.738,395.456,386.066,389.764,678001
2021-03-18,395.336,404.089,393.652,397.409,802508
2021-03-19,396.871,398.467,390.78,391.21,1169065
2021-03-22,389.604,399.693,387.272,397.429,492984
2021-03-23,394.679,402.853,394.679,400.789,552698
2021-03-24,400.141,406.302,399.783,402.384,697373
2021-03-25,402.314,402.354,394.07,399.483,637173
2021-03-26,400.331,406.63,397.929,406.421,452365
2021-03-29,403.799,405.873,397.909,404.447,434713
2021-03-30,404.099,404.487,398.017,399.145,350488
2021-03-31,400.819,403.191,397.849,399.473,615823
2021-04-01,402.015,408.156,400.241,406.98,425291
2021-04-05,408.824,413.568,408.824,411.446,251509
2021-04-06,413.608,416.898,410.798,412.233,483130
2021-04-07,410.688,415.084,410.688,411.346,331703
2021-04-08,414.007,418.583,413.539,414.765,384889
2021-04-09,416.559,419.529,415.034,418.124,342200
2021-04-12,417.097,422.301,417.097,422.151,440508
2021-04-13,422.041,422.041,417.127,418.164,287570
2021-04-14,418.095,422.012,414.685,415.562,361808
2021-04-15,417.705,421.513,416.729,421.463,362348
2021-04-16,425.042,425.042,416.749,419.819,481183
2021-04-19,420.815,423.138,417.825,421.962,538081
2021-04-20,420.666,424.454,418.283,423.049,371734
2021-04-21,423.507,429.05,421.902,426.129,390224
2021-04-22,425.969,431.162,424.773,427.594,451080
2021-04-23,429.04,432.329,426.448,430.654,349513
2021-04-26,429.926,434.313,427.883,428.82,405732
2021-04-27,428.6,444.251,426.548,442.207,798711
2021-04-28,443.474,444.161,435.439,438.709,334909
2021-04-29,439.297,444.7,437.692,442.197,300105
2021-04-30,442.257,443.912,439.745,442.776,518708
2021-05-03,443.414,445.856,438.231,441.421,347423
2021-05-04,441.351,446.315,438.579,444.7,456087
2021-05-05,445.776,446.793,440.214,446.464,326322
2021-05-06,444.979,448.528,438.281,442.537,463516
2021-05-07,442.537,445.806,440.483,440.813,329795
2021-05-10,442.277,446.813,440.343,440.753,405534
2021-05-11,438.829,440.981,431.342,436.785,299293
2021-05-12,436.117,436.117,423.716,425.86,505523
2021-05-13,426.727,435.459,425.172,433.854,468506
2021-05-14,436.117,438.987,433.814,434.751,355909
2021-05-17,434.512,436.137,429.189,429.488,448469
2021-05-18,428.442,431.312,425.77,429.258,565211
2021-05-19,427.216,428.65,421.643,427.744,462656
2021-05-20,426.756,435.329,426.756,433.914,689067
2021-05-21,436.366,440.055,435.389,436.207,718699
2021-05-24,439.047,443.274,437.393,440.793,397041
2021-05-25,441.779,444.859,440.085,442.217,335777
2021-05-26,442.816,444.261,437.821,440.783,229626
2021-05-27,443.105,445.487,441.559,443.823,447392
2021-05-28,445.348,448.318,442.706,446.325,342757
2021-06-01,450.572,451.13,442.307,444.74,366255
2021-06-02,445.926,447.86,443.265,445.577,312548
2021-06-03,443.573,445.896,440.813,443.434,356712
2021-06-04,446.315,449.166,444.471,447.352,234296
2021-06-07,447.222,447.58,442.317,443.115,320369
2021-06-08,443.942,447.491,440.911,446.006,350618
2021-06-09,448.198,449.006,445.158,447.252,295376
2021-06-10,448.508,450.222,447.7,449.944,235729
2021-06-11,451.269,456.612,450.332,455.476,390197
2021-06-14,456.094,462.803,454.399,460.469,586867
2021-06-15,460.689,460.729,453.741,458.955,472966
2021-06-16,460.061,462.125,449.514,450.112,471829
2021-06-17,450.582,452.096,445.079,451.17,510600
2021-06-18,446.833,452.436,445.547,445.726,663065
2021-06-21,448.438,455.456,446.494,454.549,331334
2021-06-22,454.299,458.177,453.352,456.213,328281
2021-06-23,455.007,457.878,453.382,453.691,280487
2021-06-24,456.084,458.635,452.834,457.809,366171
2021-06-25,458.595,462.843,457.779,462.254,707520
2021-06-28,459.851,464.278,458.635,464.198,478939
2021-06-29,465.065,467.498,463.301,463.789,454656
2021-06-30,463.66,468.216,461.865,466.341,477784
2021-07-01,466.57,467.448,464.607,466.58,481054
2021-07-02,466.441,470.08,466.441,468.724,330327
2021-07-06,467.886,471.754,465.275,470.278,335526
2021-07-07,471.415,480.107,471.415,478.443,411753
2021-07-08,474.166,474.306,469.032,471.904,405181
2021-07-09,473.887,478.004,472.8,477.805,389503
2021-07-12,480.107,480.107,477.267,478.951,263618
2021-07-13,478.243,479.759,477.436,478.343,313801
2021-07-14,478.263,484.583,477.456,483.058,291647
2021-07-15,481.593,484.882,480.097,483.188,395564
2021-07-16,483.237,487.604,481.463,482.569,345035
2021-07-19,478.593,480.765,474.456,478.343,411141
2021-07-20,479.948,489.717,479.948,488.102,478346
2021-07-21,489.158,491.392,487.135,490.326,449451
2021-07-22,491.452,493.624,487.165,488.142,591811
2021-07-23,492.428,495.698,486.756,493.146,524704
2021-07-26,492.458,493.954,483.118,486.338,496353
2021-07-27,486.118,489.886,481.862,489.856,624678
2021-07-28,489.936,491.402,482.46,484.932,380342
2021-07-29,487.554,489.648,485.291,488.392,482538
2021-07-30,487.384,488.97,485.65,487.883,410735
2021-08-02,490.724,490.724,484.205,484.922,323488
2021-08-03,485.76,489.796,483.009,488.83,347723
2021-08-04,488.81,492.448,484.703,486.667,289394
2021-08-05,488.74,489.806,482.989,486.378,367618
2021-08-06,486.956,488.69,483.587,484.533,309213
2021-08-09,483.806,483.875,479.489,481.951,303092
2021-08-10,483.597,483.597,474.844,476.03,637312
2021-08-11,477.426,479.171,471.864,477.107,640848
2021-08-12,476.768,477.307,472.322,476.13,473966
2021-08-13,478.034,480.037,474.406,477.386,270186
2021-08-16,476.718,482.939,474.545,481.783,290470
2021-08-17,481.333,482.989,478.024,482.52,255973
2021-08-18,480.027,482.321,474.844,474.904,291821
2021-08-19,472.462,476.868,471.664,473.738,544028
2021-08-20,475.901,478.761,474.535,476.569,889436
2021-08-23,478.523,481.483,476.16,478.851,409234
2021-08-24,481.095,481.373,475.163,476.07,238342
2021-08-25,475.861,477.994,473.24,476.13,341948
2021-08-26,475.851,475.851,472.582,474.734,238195
2021-08-27,476.738,479.689,472.96,475.193,223835
2021-08-30,475.632,481.842,475.253,479.261,158170
2021-08-31,478.642,481.373,476.09,479.889,290582
2021-09-01,480.237,482.021,476.09,479.849,299802
2021-09-02,481.703,483.597,479.449,482.829,215562
2021-09-03,481.941,485.819,479.389,482.809,272570
2021-09-07,483.138,483.776,473.379,473.389,308109
2021-09-08,472.651,479.977,472.651,479.071,299132
2021-09-09,478.821,483.068,474.655,475.542,293369
2021-09-10,477.486,478.383,470.268,470.638,336800
2021-09-13,475.103,475.103,464.357,468.554,376052
2021-09-14,468.714,469.212,464.517,465.424,178584
2021-09-15,464.547,473.16,462.713,471.465,251234
2021-09-16,472.312,472.312,467.138,470.398,217274
2021-09-17,467.786,468.354,462.653,463.371,711021
2021-09-20,458.735,464.397,454.698,458.267,388951
2021-09-21,459.423,462.603,455.027,455.236,410498
2021-09-22,458.476,460.759,454.698,457.729,275063
2021-09-23,459.164,462.513,458.655,459.483,266405
2021-09-24,459.273,462.783,457.967,462.733,241595
2021-09-27,460.071,462.145,455.655,458.486,379695
2021-09-28,457.27,457.769,448.658,449.734,281594
2021-09-29,450.262,455.715,449.604,452.336,209495
2021-09-30,454.389,456.393,442.666,442.995,410887
2021-10-01,445.657,448.059,436.307,444.431,359917
2021-10-04,448.906,454.389,441.381,442.357,551251
2021-10-05,442.935,450.91,441.421,444.321,470123
2021-10-06,441.021,451.458,439.815,451.2,513463
2021-10-07,454.22,459.723,449.365,450.73,340260
2021-10-08,451.428,453.302,445.886,448.986,308190
2021-10-11,448.648,452.336,448.648,449.634,276718
2021-10-12,450.98,451.857,447.97,449.564,313758
2021-10-13,450.542,455.137,448.558,453.811,515795
2021-10-14,456.562,460.489,454.708,460.121,235350
2021-10-15,461.626,467.168,461.626,464.397,301570
2021-10-18,461.845,467.597,461.038,465.823,297457
2021-10-19,469.69,472.711,466.58,471.396,273240
2021-10-20,472.152,473.997,468.414,472.202,293829
2021-10-21,470.398,478.682,467.408,478.473,420502
2021-10-22,487.175,502.087,482.201,484.394,602052
2021-10-25,481.733,488.042,475.881,485.112,459758
2021-10-26,485.51,488.352,483.168,485.51,254043
2021-10-27,487.414,488.501,477.945,478.423,322795
2021-10-28,478.483,485.261,478.483,483.756,310224
2021-10-29,483.197,485.57,480.615,485.062,363021
2021-11-01,486.388,487.833,474.446,476.429,337470
2021-11-02,477.486,478.303,473.648,476.24,338749
2021-11-03,475.193,476.738,466.73,475.731,300858
2021-11-04,475.931,485.49,475.931,484.843,429685
2021-11-05,485.161,489.02,480.117,481.503,347748
2021-11-08,483.138,485.829,478.313,485.69,264927
2021-11-09,485.69,486.926,481.822,486.557,379820
2021-11-10,485.251,486.906,479.131,483.108,287726
2021-11-11,483.148,483.148,474.336,476.579,276565
2021-11-12,479.819,485.341,475.382,484.922,246600
2021-11-15,484.045,488.71,482.46,482.829,396025
2021-11-16,484.195,491.99,483.038,489.448,285980
2021-11-17,489.946,490.714,481.613,487.942,319910
2021-11-18,489.089,491.002,482.011,483.855,369390
2021-11-19,485.989,498.599,483.726,495.549,820856
2021-11-22,497.113,498.649,489.218,490.016,291833
2021-11-23,488.93,488.93,479.399,482.839,324023
2021-11-24,481.204,482.321,474.216,482.071,341984
2021-11-26,477.535,482.291,470.966,472.622,281696
2021-11-29,474.685,480.067,472.482,478.702,282949
2021-11-30,475.243,476.649,458.615,461.477,764043
2021-12-01,465.663,470.268,456.931,456.931,377467
2021-12-02,458.237,465.614,457.809,464.577,442606
2021-12-03,465.623,467.288,457.131,463.381,420207
2021-12-06,465.962,471.564,461.785,469.452,288475
2021-12-07,472.552,475.851,466.7,469.212,476361
2021-12-08,468.225,470.418,465.843,469.142,481967
2021-12-09,468.784,468.883,464.477,465.115,253640
2021-12-10,467.248,470.876,465.893,470.698,271351
2021-12-13,471.764,474.176,468.444,473.22,326121
2021-12-14,471.046,473.0,458.945,463.6,408504
2021-12-15,464.597,478.931,464.597,476.499,545648
2021-12-16,478.443,485.64,477.237,484.145,577729
2021-12-17,483.915,485.042,470.648,472.771,854444
2021-12-20,468.056,468.604,458.845,464.308,396823
2021-12-21,467.737,471.524,463.371,469.502,282671
2021-12-22,470.288,471.694,464.916,470.238,457356
2021-12-23,471.116,478.293,471.116,475.572,375184
2021-12-27,478.233,485.66,476.469,485.211,284238
2021-12-28,485.73,490.036,483.138,489.248,373200
2021-12-29,487.504,491.462,487.076,488.162,268584
2021-12-30,487.344,490.156,486.278,486.338,316619
2021-12-31,485.441,491.192,484.135,489.02,243229
2022-01-03,488.182,489.508,469.59,472.232,371552
2022-01-04,472.721,474.645,466.271,467.448,573254
2022-01-05,468.186,471.674,462.583,463.839,497819
2022-01-06,463.689,472.691,460.739,468.784,399667
2022-01-07,467.089,471.106,458.925,459.373,377016
2022-01-10,455.466,456.622,444.142,451.608,621752
2022-01-11,449.974,459.433,443.155,458.227,517059
2022-01-12,461.537,464.726,459.283,462.453,346007
2022-01-13,463.699,464.347,452.086,453.711,424757
2022-01-14,450.552,450.631,434.552,445.806,757481
2022-01-18,439.487,443.992,435.619,443.444,734931
2022-01-19,445.956,452.176,440.015,440.503,531465
2022-01-20,443.783,449.296,436.735,437.781,449518
2022-01-21,438.879,442.975,435.21,435.987,595364
2022-01-24,430.564,432.957,417.516,432.518,972137
2022-01-25,425.979,429.268,417.605,425.929,573032
2022-01-26,429.956,434.881,418.433,424.922,626644
2022-01-27,429.758,431.192,419.619,421.593,586146
2022-01-28,421.843,433.695,415.682,433.525,542098
2022-01-31,431.701,435.359,427.963,435.21,851365
2022-02-01,435.1,440.733,430.554,440.025,650629
2022-02-02,443.623,461.038,443.623,450.302,900487
2022-02-03,451.976,462.453,447.68,459.403,1086943
2022-02-04,455.864,455.864,444.022,445.956,528313
2022-02-07,446.444,448.04,440.852,441.241,421736
2022-02-08,439.865,446.295,435.18,443.803,369186
2022-02-09,448.0,455.685,446.215,452.046,406998
2022-02-10,447.66,449.086,438.171,440.343,518071
2022-02-11,440.862,443.803,432.419,435.878,471788
2022-02-14,435.569,441.679,434.672,440.224,571272
2022-02-15,444.441,447.242,437.483,439.985,472568
2022-02-16,438.111,443.932,434.542,443.015,387852
2022-02-17,439.755,442.617,435.459,436.237,418714
2022-02-18,437.353,440.822,435.319,438.37,734693
2022-02-22,438.889,442.029,431.9,437.253,526630
2022-02-23,438.559,440.243,426.746,427.255,494078
2022-02-24,418.643,442.567,418.154,442.078,554953
2022-02-25,440.822,448.139,436.625,446.424,402622
2022-02-28,444.201,448.218,437.712,446.225,543247
2022-03-01,447.212,451.778,441.121,444.271,570827
2022-03-02,447.262,448.408,440.453,447.082,573917
2022-03-03,451.798,454.479,445.477,447.91,564452
2022-03-04,445.607,455.097,442.277,452.555,448375
2022-03-07,452.246,453.741,442.816,443.185,462637
2022-03-08,443.145,445.806,432.21,436.575,773978
2022-03-09,440.931,445.358,437.173,441.311,382916
2022-03-10,435.14,438.33,432.309,434.442,498488
2022-03-11,436.595,437.463,430.196,430.386,442626
2022-03-14,429.348,438.379,428.69,433.156,370827
2022-03-15,436.446,445.388,433.924,443.813,323267
2022-03-16,444.251,451.907,440.543,451.438,402003
2022-03-17,448.986,459.921,448.747,459.921,361941
2022-03-18,457.948,466.69,453.93,466.451,909553
2022-03-21,464.946,466.301,457.509,460.609,393380
2022-03-22,460.939,462.195,458.655,461.795,295408
2022-03-23,460.519,462.225,457.619,459.961,260135
2022-03-24,460.679,461.915,456.771,459.393,225862
2022-03-25,460.679,464.108,457.33,463.779,206818
2022-03-28,462.783,470.408,460.769,470.16,261928
2022-03-29,476.399,477.635,468.484,474.505,298626
2022-03-30,473.628,478.323,472.033,476.19,385249
2022-03-31,474.086,478.493,469.98,470.13,603868
2022-04-01,470.338,476.369,468.784,474.824,399637
2022-04-04,476.1,480.337,473.24,479.739,396562
2022-04-05,477.635,483.716,474.515,475.223,631776
2022-04-06,473.887,480.615,469.79,477.865,493414
2022-04-07,476.539,486.687,475.168,483.736,683291
2022-04-08,483.567,485.181,480.057,480.635,481032
2022-04-11,480.477,482.351,476.14,479.261,415098
2022-04-12,480.177,482.569,468.789,469.012,481252
2022-04-13,469.182,470.598,465.19,467.518,436047
2022-04-14,467.288,470.628,459.363,459.703,348132
2022-04-18,458.377,460.539,451.907,455.167,237181
2022-04-19,456.373,462.378,455.206,461.287,372130
2022-04-20,465.494,468.982,463.301,467.288,637589
2022-04-21,471.774,475.582,466.062,467.796,564590
2022-04-22,466.142,469.222,452.326,452.644,622710
2022-04-25,453.482,454.539,445.707,453.831,1042388
2022-04-26,458.965,474.884,454.558,470.518,1025460
2022-04-27,472.412,477.75,466.56,473.19,779206
2022-04-28,478.233,485.929,475.492,481.862,554770
2022-04-29,476.977,480.132,464.442,468.434,2831157
2022-05-02,464.527,468.305,451.21,457.828,807828
2022-05-03,458.925,459.413,447.705,449.704,764085
2022-05-04,447.91,464.786,445.736,462.922,825179
2022-05-05,459.901,464.148,438.978,442.098,766212
2022-05-06,438.619,440.493,430.925,437.911,678989
2022-05-09,431.9,434.881,429.788,431.552,576099
2022-05-10,435.589,437.144,424.235,429.228,676168
2022-05-11,427.206,432.917,424.085,428.012,644683
2022-05-12,422.441,430.644,420.795,427.484,681870
2022-05-13,429.836,433.984,423.029,428.97,657283
2022-05-16,428.082,432.07,423.298,428.502,481648
2022-05-17,434.462,437.613,427.589,431.392,474004
2022-05-18,428.002,428.64,409.502,410.18,645504
2022-05-19,406.83,414.964,400.784,411.874,687750
2022-05-20,415.483,420.915,409.342,416.141,665530
2022-05-23,421.823,424.783,417.167,422.57,626743
2022-05-24,420.567,427.644,419.679,425.62,512324
2022-05-25,423.447,426.263,421.862,424.394,531012
2022-05-26,427.046,433.256,425.92,431.152,413276
2022-05-27,435.679,442.487,434.751,442.477,389166
2022-05-31,438.231,444.236,435.758,441.041,2173139
2022-06-01,442.287,444.142,428.182,429.468,642093
2022-06-02,430.554,440.353,428.172,440.045,464169
2022-06-03,437.712,437.831,428.975,430.694,512676
2022-06-06,431.422,431.422,422.002,423.866,789535
2022-06-07,420.317,427.474,418.693,426.906,458147
2022-06-08,423.816,425.197,416.001,416.739,452552
2022-06-09,413.917,416.539,404.547,404.946,408780
2022-06-10,398.895,398.965,387.531,389.455,744765
2022-06-13,382.178,391.19,380.453,384.012,1264017
2022-06-14,384.042,387.63,378.429,379.457,915652
2022-06-15,383.514,388.558,380.263,383.095,791517
2022-06-16,374.961,378.949,370.416,371.113,810057
2022-06-17,370.824,376.387,368.342,373.525,1625409
2022-06-21,376.795,382.029,375.151,381.421,651287
2022-06-22,377.493,384.262,376.496,382.128,550344
2022-06-23,384.262,393.303,381.799,393.034,736545
2022-06-24,396.393,407.618,395.317,406.421,948614
2022-06-27,405.145,405.334,396.433,397.509,507455
2022-06-28,398.745,401.128,390.202,390.452,469281
2022-06-29,392.047,393.579,388.803,392.306,367788
2022-06-30,388.768,395.167,385.891,393.402,527362
2022-07-01,393.592,400.51,392.585,399.403,393582
2022-07-05,396.702,400.669,390.063,400.321,584126
2022-07-06,402.633,407.508,398.047,403.471,630197
2022-07-07,401.604,404.569,400.246,401.733,441450
2022-07-08,398.688,404.139,398.079,401.364,413366
2022-07-11,397.69,400.086,394.425,396.682,320315
2022-07-12,397.45,400.855,388.824,390.302,606562
2022-07-13,384.277,386.758,379.56,384.412,420230
2022-07-14,380.578,388.695,380.109,387.507,380980
2022-07-15,394.575,396.582,390.891,394.505,489854
2022-07-18,393.856,396.582,390.042,391.201,396434
2022-07-19,395.853,404.484,394.875,403.471,445296
2022-07-20,404.149,410.05,401.943,407.714,440664
2022-07-21,407.664,414.043,407.155,412.057,412803
2022-07-22,413.324,416.889,409.091,410.249,376261
2022-07-25,408.123,414.652,405.387,412.705,441583
2022-07-26,411.438,412.885,408.223,410.569,530449
2022-07-27,411.677,419.055,410.539,417.607,552597
2022-07-28,418.566,436.556,417.298,434.979,548767
2022-07-29,434.041,438.054,431.265,435.957,511380
2022-08-01,432.164,435.443,429.388,431.684,397527
2022-08-02,432.174,432.174,425.335,425.604,418841
2022-08-03,426.024,430.357,423.588,429.109,433278
2022-08-04,428.26,431.335,425.185,430.147,332951
2022-08-05,426.533,431.654,425.674,431.215,310557
2022-08-08,434.899,436.676,429.104,430.307,321458
2022-08-09,428.25,430.102,425.51,428.13,374984
2022-08-10,438.124,438.453,433.472,437.964,398669
2022-08-11,439.282,442.597,432.683,432.992,293216
2022-08-12,434.829,438.845,432.493,438.383,283171
2022-08-15,436.986,440.8,434.61,438.693,244962
2022-08-16,435.898,439.317,433.771,435.618,356124
2022-08-17,431.844,435.523,429.448,433.292,317439
2022-08-18,434.929,434.929,430.626,433.042,318502
2022-08-19,431.165,432.773,426.473,432.613,326043
2022-08-22,428.52,429.728,420.792,421.441,377366
2022-08-23,417.797,420.313,412.216,416.05,700890
2022-08-24,418.466,420.053,416.08,417.937,471394
2022-08-25,420.563,424.232,418.216,423.927,432968
2022-08-26,426.213,428.3,408.852,409.161,372666
2022-08-29,405.627,411.238,405.477,408.492,319040
2022-08-30,410.719,412.835,403.331,407.085,567268
2022-08-31,410.299,411.747,401.793,401.923,631154
2022-09-01,397.74,404.998,397.74,404.489,494467
2022-09-02,409.191,409.73,398.763,400.266,295992
2022-09-06,397.8,400.196,394.455,396.272,503423
2022-09-07,397.121,407.324,396.692,406.176,365155
2022-09-08,403.71,409.201,403.71,407.414,334623
2022-09-09,408.532,410.998,407.494,409.491,543700
2022-09-12,412.066,413.06,406.376,408.592,1087682
2022-09-13,401.114,403.421,393.477,394.525,527555
2022-09-14,394.895,398.299,393.507,395.543,437140
2022-09-15,394.375,396.088,383.274,383.373,583532
2022-09-16,380.059,384.571,378.172,381.476,892442
2022-09-19,379.16,382.904,376.515,381.726,641932
2022-09-20,378.981,379.29,372.262,377.922,701677
2022-09-21,380.548,383.383,371.583,371.792,370956
2022-09-22,369.846,377.753,369.846,374.957,663642
2022-09-23,373.1,377.832,371.283,377.383,746146
2022-09-26,378.252,380.957,373.989,376.455,793166
2022-09-27,379.24,380.348,364.374,366.301,584536
2022-09-28,368.578,371.702,364.968,369.925,531837
2022-09-29,367.469,368.667,363.126,366.152,447065
2022-09-30,365.243,367.649,358.634,359.053,664495
2022-10-03,362.507,373.684,361.1,371.633,515294
2022-10-04,376.105,382.295,375.506,379.33,446597
2022-10-05,374.39,383.25,374.39,380.45,478986
2022-10-06,380.19,384.4,379.5,380.33,570160
2022-10-07,376.77,377.92,367.23,369.37,577190
2022-10-10,371.09,371.9,364.485,365.12,419363
2022-10-11,365.0,372.67,363.01,364.13,540146
2022-10-12,365.22,369.86,365.0,365.95,699678
2022-10-13,357.2,372.24,356.215,370.5,482997
2022-10-14,374.41,376.925,362.72,363.18,469888
2022-10-17,371.2,373.11,369.37,370.94,373380
2022-10-18,380.88,380.88,370.31,375.39,440325
2022-10-19,370.75,375.02,368.86,371.43,248651
2022-10-20,372.46,373.87,366.845,367.41,451369
2022-10-21,367.0,372.58,365.105,370.73,744370
2022-10-24,373.82,375.81,370.555,372.75,1057298
2022-10-25,374.14,379.98,373.12,378.0,1220934
2022-10-26,386.845,397.855,381.84,388.65,1385557
2022-10-27,392.75,402.475,392.75,400.37,1003417
2022-10-28,400.9,413.86,400.9,413.71,773608
2022-10-31,411.96,416.74,410.9101,414.54,745668
2022-11-01,416.69,418.22,409.44,413.71,569974
2022-11-02,413.63,416.92,402.25,403.12,522720
2022-11-03,395.76,402.39,393.99,397.72,630039
2022-11-04,403.0,403.89,388.66,396.03,857528
2022-11-07,397.665,413.05,397.665,412.62,725271
2022-11-08,415.93,424.1,413.22,416.43,873009
2022-11-09,414.78,417.83,413.905,416.2,549593
2022-11-10,437.69,438.43,429.555,438.43,647416
2022-11-11,438.0,442.76,433.945,438.36,609219
2022-11-14,438.1,441.4799,432.08,432.59,515725
2022-11-15,436.26,439.36,431.95,435.95,469444
2022-11-16,435.0,435.13,429.44,431.4,474747
2022-11-17,425.15,430.84,422.61,429.62,458208
2022-11-18,427.99,434.98,422.29,433.01,401535
2022-11-21,431.65,438.355,431.535,434.5,406223
2022-11-22,435.72,437.11,427.56,432.74,557042
2022-11-23,433.42,435.97,431.73,433.62,651392
2022-11-25,433.41,438.96,432.55,436.38,177661
2022-11-28,434.66,435.475,423.02,424.03,549191
2022-11-29,422.43,425.36,420.69,425.25,437525
2022-11-30,423.98,438.94,422.41,438.89,589521
2022-12-01,442.12,446.3,440.565,444.73,389920
2022-12-02,437.62,445.56,436.78,443.87,292918
2022-12-05,443.28,443.28,435.52,436.82,261055
2022-12-06,436.83,436.83,430.93,434.06,275866
2022-12-07,434.07,439.43,431.3,434.22,251156
2022-12-08,434.33,439.06,432.79,433.63,276498
2022-12-09,432.45,434.84,430.54,431.33,270342
2022-12-12,433.79,439.98,431.99,439.88,316069
2022-12-13,450.0,451.25,440.01,443.85,421625
2022-12-14,443.15,448.51,435.47,438.79,377854
2022-12-15,434.85,435.78,426.96,429.6,462717
2022-12-16,426.15,427.43,421.09,424.36,655059
2022-12-19,424.03,428.122,421.41,423.35,282205
2022-12-20,421.92,427.18,420.7,424.51,301036
2022-12-21,427.23,432.82,424.84,430.84,251017
2022-12-22,426.41,428.74,420.93,428.51,369880
2022-12-23,427.04,430.26,425.2,430.11,189947
2022-12-27,430.34,433.94,428.27,433.15,287771
2022-12-28,433.84,436.34,425.99,426.18,200725
2022-12-29,428.86,437.82,427.97,436.87,227515
2022-12-30,434.41,436.475,428.305,432.09,271567
2023-01-03,435.81,436.72,430.03,434.46,334858
2023-01-04,438.84,445.28,436.1,442.74,371322
2023-01-05,439.47,441.49,434.13,435.92,254793
2023-01-06,439.93,443.85,436.83,443.67,467292
2023-01-09,444.0,449.385,442.25,443.41,517495
2023-01-10,443.89,445.91,441.02,443.46,323073
2023-01-11,445.92,452.41,443.93,452.11,304136
2023-01-12,451.29,453.43,445.26,451.23,345862
2023-01-13,447.65,452.035,444.93,450.98,279551
2023-01-17,450.98,452.18,443.6875,445.06,512263
2023-01-18,448.14,448.72,436.765,437.81,517398
2023-01-19,435.81,439.09,432.18,432.18,463223
2023-01-20,432.3,442.8,427.73,441.59,462676
2023-01-23,442.01,444.57,439.8,443.03,503655
2023-01-24,444.09,446.9,440.97,446.18,382356
2023-01-25,439.26,444.88,436.41,444.23,381963
2023-01-26,446.51,448.94,440.56,444.45,697818
2023-01-27,438.33,442.44,432.78,434.11,669221
2023-01-30,433.16,433.545,422.755,423.48,808754
2023-01-31,425.76,428.18,420.09,426.75,929015
2023-02-01,421.93,436.38,420.25,433.91,832953
2023-02-02,434.9,440.66,431.61,432.55,806940
2023-02-03,429.11,432.35,425.53,430.34,778982
2023-02-06,429.55,430.79,426.2,430.08,329202
2023-02-07,429.0,435.96,425.66,434.55,411234
2023-02-08,432.17,435.0,426.06,427.91,499139
2023-02-09,431.37,433.515,427.06,428.66,412898
2023-02-10,427.75,429.76,425.41,427.4,463132
2023-02-13,427.0,430.845,426.62,429.68,418768
2023-02-14,429.57,432.33,423.675,426.76,313503
2023-02-15,425.61,426.08,420.69,421.59,690626
2023-02-16,419.89,426.28,417.76,422.97,641917
2023-02-17,423.2,429.38,420.8296,427.68,601756
2023-02-21,424.43,426.665,419.08,423.21,638990
2023-02-22,427.54,428.04,420.935,421.6,390760
2023-02-23,427.39,432.1,425.63,431.04,586801
2023-02-24,425.2,429.24,424.32,428.44,402705
2023-02-27,431.56,433.58,428.055,428.99,330209
2023-02-28,427.17,431.16,426.89,430.2,584378
2023-03-01,428.84,431.93,420.06,421.2,539177
2023-03-02,420.0,427.53,419.12,426.65,389317
2023-03-03,426.28,431.23,425.315,430.11,433580
2023-03-06,430.48,433.8,428.77,428.94,315467
2023-03-07,429.52,432.2,421.61,422.18,376135
2023-03-08,422.5,425.97,422.155,424.5,409487
2023-03-09,427.84,433.14,422.46,422.8,486654
2023-03-10,422.57,425.17,417.5,420.33,847911
2023-03-13,420.61,426.5,418.18,421.48,771913
2023-03-14,426.3,429.92,423.1,428.07,648490
2023-03-15,423.71,426.48,416.775,420.93,787506
2023-03-16,419.1,430.61,417.34,428.42,918696
2023-03-17,432.06,432.26,424.71,425.66,1642246
2023-03-20,427.45,438.02,427.45,432.18,561861
2023-03-21,433.7,436.01,422.54,430.44,948154
2023-03-22,431.95,435.83,428.05,428.58,854143
2023-03-23,428.74,432.585,424.45,425.05,852600
2023-03-24,425.16,430.7,423.96,429.59,673298
2023-03-27,433.1,433.135,429.56,430.26,393657
2023-03-28,429.5,434.11,428.835,432.0,409756
2023-03-29,434.3,435.58,432.35,434.34,809872
2023-03-30,436.0,438.99,435.17,437.0,436921
2023-03-31,439.01,440.69,436.3501,440.69,957008
2023-04-03,440.24,443.59,438.7987,440.79,609685
2023-04-04,441.95,444.575,436.83,437.01,590907
2023-04-05,437.41,437.735,433.975,437.4,450089
2023-04-06,438.3,438.3,433.25,435.7,363451
2023-04-10,433.86,436.35,431.1,436.24,359092
2023-04-11,436.5,439.51,435.78,438.71,410945
2023-04-12,440.245,445.57,440.245,442.48,659819
2023-04-13,442.74,444.435,437.0701,442.51,729515
2023-04-14,441.96,445.18,438.07,439.91,456726
2023-04-17,440.19,443.27,439.065,442.92,410351
2023-04-18,443.99,445.63,440.37,441.72,327894
2023-04-19,441.69,444.43,439.87,443.06,374102
2023-04-20,443.61,446.085,440.91,443.19,484149
2023-04-21,445.62,448.36,443.21,445.41,506579
2023-04-24,447.06,448.295,445.47,447.76,469689
2023-04-25,446.89,447.21,437.295,437.36,530666
2023-04-26,435.99,437.49,430.03,431.05,646889
2023-04-27,435.49,454.135,435.49,452.98,823491
2023-04-28,452.0,457.09,451.61,454.78,560645
2023-05-01,455.5,462.48,453.96,458.63,446007
2023-05-02,459.61,463.7,456.9,460.72,687707
2023-05-03,462.19,463.13,456.18,456.42,406740
2023-05-04,457.35,458.25,451.68,453.48,376098
2023-05-05,455.91,460.83,455.435,458.12,329669
2023-05-08,456.17,460.325,456.17,458.25,341866
2023-05-09,458.39,460.51,457.04,457.55,261914
2023-05-10,460.78,461.56,454.98,459.3,449708
2023-05-11,459.38,459.38,455.47,458.46,344821
2023-05-12,458.64,462.5517,458.27,461.71,403684
2023-05-15,462.32,463.9,459.55,461.88,338683
2023-05-16,459.25,461.9,458.26,459.83,307384
2023-05-17,461.79,461.79,453.93,454.43,626917
2023-05-18,453.54,459.46,452.39,458.51,360059
2023-05-19,459.85,461.0,455.51,457.72,340596
2023-05-22,457.08,459.48,454.85,457.28,333598
2023-05-23,454.65,456.45,448.87,449.98,435776
2023-05-24,448.38,448.72,441.39,441.89,641623
2023-05-25,444.49,451.35,441.06,449.44,526772
2023-05-26,451.62,455.32,445.54,449.96,524130
2023-05-30,450.64,455.8,449.3,451.73,619673
2023-05-31,448.13,456.68,448.13,454.22,2362472
2023-06-01,450.15,454.17,446.86,452.8,604549
2023-06-02,455.04,461.25,454.06,458.86,507352
2023-06-05,458.22,458.5,452.35,454.89,366348
2023-06-06,456.26,457.75,451.34,453.97,370740
2023-06-07,451.52,453.67,447.95,450.57,594830
2023-06-08,449.95,452.81,448.85,452.22,357256
2023-06-09,451.99,453.28,449.41,451.8,516166
2023-06-12,453.07,454.16,448.13,454.01,441478
2023-06-13,454.01,459.92,453.815,455.92,302629
2023-06-14,456.0,458.22,453.16,456.44,371943
2023-06-15,454.16,462.725,454.16,461.14,396878
2023-06-16,463.4,464.02,457.26,458.78,1015387
2023-06-20,456.52,458.92,454.54,455.75,425362
2023-06-21,455.84,458.05,453.165,456.33,447074
2023-06-22,459.22,462.41,453.96,462.02,516244
2023-06-23,460.91,465.45,460.465,460.81,670321
2023-06-26,460.13,461.79,457.44,460.2,363545
2023-06-27,465.14,472.04,464.815,470.87,622879
2023-06-28,470.97,472.7229,469.61,471.14,576624
2023-06-29,470.73,476.6,470.27,476.13,342942
2023-06-30,478.03,482.75,476.93,480.8,556354
2023-07-03,477.84,478.04,472.35,477.39,297134
2023-07-05,473.06,477.09,471.9277,476.97,352812
2023-07-06,473.49,477.09,471.9277,476.97,352812
2023-07-07,472.58,479.63,472.58,476.41,392591
2023-07-10,476.94,482.1,473.65,475.65,330228
2023-07-11,476.85,478.29,473.0,476.92,486776
2023-07-12,480.1,481.9,475.735,477.23,379583
2023-07-13,478.95,480.25,475.8,478.85,430074
2023-07-14,477.98,480.97,476.99,477.63,349885
2023-07-17,475.61,477.08,472.58,476.53,708760
2023-07-18,473.64,480.47,472.18,480.2,537113
2023-07-19,480.96,483.2,479.35,482.63,568193
2023-07-20,482.53,486.46,480.315,481.59,471630
2023-07-21,500.0,502.0,493.3,499.38,838033
2023-07-24,500.13,502.125,492.12,495.16,745369
2023-07-25,491.74,496.22,487.74,494.36,720013
2023-07-26,491.1,495.02,487.02,493.85,450890
2023-07-27,497.22,498.0,488.78,491.19,420962
2023-07-28,494.53,495.6,489.36,492.4,339004
2023-07-31,494.6,494.6,490.17,493.05,354807
2023-08-01,491.51,494.3692,489.74,492.65,279766
2023-08-02,489.89,493.97,488.319,491.16,338586
2023-08-03,489.13,493.68,489.08,490.97,303045
2023-08-04,494.34,494.34,486.18,486.71,234020
2023-08-07,488.45,492.775,488.27,492.7,312728
2023-08-08,492.7,492.8,487.875,491.28,353094
2023-08-09,493.0,493.0,487.68,488.56,372670
2023-08-10,493.0,494.95,487.25,487.98,234986
2023-08-11,487.58,490.7,486.17,489.11,319560
2023-08-14,489.03,497.87,489.01,496.21,376695
2023-08-15,495.43,497.51,494.02,494.81,369997
2023-08-16,495.04,497.6925,492.195,495.64,363969
2023-08-17,495.07,496.83,486.17,486.73,345970
2023-08-18,483.84,487.24,482.09,484.34,256149
2023-08-21,484.36,487.43,482.74,485.99,287015
2023-08-22,487.31,490.97,485.5,487.57,258158
2023-08-23,488.1,493.98,487.66,493.07,253424
2023-08-24,495.0,498.42,488.5,488.71,229002
2023-08-25,490.82,496.55,489.92,494.79,206303
2023-08-28,495.38,497.0685,493.607,495.64,170624
2023-08-29,493.96,498.575,493.96,498.15,238605
2023-08-30,499.1,504.105,497.44,502.62,298457
2023-08-31,504.73,504.73,498.87,499.06,395784
2023-09-01,500.37,501.29,496.585,499.54,248805
2023-09-05,498.99,502.36,491.135,493.39,299033
2023-09-06,493.39,497.05,492.02,495.0,254344
2023-09-07,493.81,496.15,492.49,494.34,264258
2023-09-08,495.43,497.04,489.93,491.51,382974
2023-09-11,490.28,498.575,490.28,497.86,285159
2023-09-12,496.42,497.34,492.0292,493.69,307028
2023-09-13,494.94,499.19,494.84,495.48,373379
2023-09-14,496.13,500.57,495.59,499.42,309830
2023-09-15,499.64,499.86,493.4,495.81,725626
2023-09-18,496.65,502.64,496.15,499.16,229326
2023-09-19,497.89,503.79,497.1801,502.76,316689
2023-09-20,503.18,508.9,502.2,504.15,455544
2023-09-21,502.51,502.55,494.61,495.63,472667
2023-09-22,493.59,499.17,492.585,494.97,436026
2023-09-25,494.74,494.955,489.435,492.59,437879
2023-09-26,489.13,489.77,482.37,483.46,376993
2023-09-27,486.15,490.085,483.45,486.63,488454
2023-09-28,486.63,489.2,484.4,487.49,411841
2023-09-29,489.51,489.51,482.9648,484.28,422996
2023-10-02,483.8,484.85,480.824,483.88,330212
2023-10-03,479.77,484.37,479.33,480.02,356642
2023-10-04,481.42,489.17,481.42,488.15,359085
2023-10-05,488.0,491.64,484.34,489.18,398187
2023-10-06,488.06,496.86,483.88,494.83,423747
2023-10-09,492.35,499.67,492.23,499.56,275415
2023-10-10,499.39,504.0,496.63,497.19,416090
2023-10-11,498.84,502.9975,497.855,502.03,247249
2023-10-12,502.0,505.505,498.675,502.3,251837
2023-10-13,502.1,503.41,495.785,497.84,314053
2023-10-16,500.33,505.53,498.83,501.91,282010
2023-10-17,499.37,502.695,497.06,499.93,396525
2023-10-18,499.16,499.16,492.47,492.9,289414
2023-10-19,491.8,495.76,487.46,487.53,428258
2023-10-20,490.0,490.0,480.985,482.12,481584
2023-10-23,482.12,482.79,477.62,477.82,458313
2023-10-24,481.1,486.74,478.4,482.55,638235
2023-10-25,484.77,505.42,479.16,481.21,911298
2023-10-26,482.93,485.69,478.3625,480.38,509806
2023-10-27,478.71,482.25,474.46,475.57,450141
2023-10-30,478.87,486.53,476.02,484.8,509810
2023-10-31,486.77,491.6,483.995,488.57,843965
2023-11-01,490.13,491.66,483.56,487.15,602523
2023-11-02,487.37,495.0,486.82,494.05,722777
2023-11-03,495.33,505.74,495.33,502.54,613238
2023-11-06,504.66,506.93,502.58,503.2,517325
2023-11-07,503.0,507.92,502.06,507.06,486366
2023-11-08,510.0,513.22,507.59,511.06,419642
2023-11-09,511.0,513.45,508.07,509.74,350139
2023-11-10,511.41,518.6,510.3,517.15,534939
2023-11-13,516.63,519.47,513.47,517.0,506154
2023-11-14,518.71,525.625,516.27,524.7,539504
2023-11-15,525.08,528.44,520.69,520.88,423519
2023-11-16,522.24,528.07,521.12,525.1,384109
2023-11-17,528.01,528.01,523.235,524.72,372459
2023-11-20,528.36,529.99,521.0,524.72,353095
2023-11-21,524.52,528.44,524.15,527.15,325023
2023-11-22,529.64,531.75,526.53,528.48,404143
2023-11-24,527.27,529.14,524.675,525.59,280762
2023-11-27,526.13,528.12,523.54,525.0,589362
2023-11-28,526.09,530.9999,525.37,525.87,434394
2023-11-29,528.36,531.28,525.28,525.83,377341
2023-11-30,526.23,539.33,526.01,538.25,1441815
2023-12-01,538.25,540.855,533.64,540.58,608553
2023-12-04,537.6,542.045,534.0,536.75,486569
2023-12-05,535.17,537.87,533.47,535.54,343264
2023-12-06,537.95,538.06,531.99,535.37,351401
2023-12-07,536.49,536.49,532.035,534.8,361359
2023-12-08,533.45,537.58,531.71,536.6,394042
2023-12-11,540.0,544.44,536.95,540.21,593495
2023-12-12,542.1,545.01,542.015,543.46,693531
2023-12-13,544.87,551.91,544.53,550.77,690595
2023-12-14,550.77,551.83,538.23,538.83,985085
2023-12-15,535.76,542.0,532.965,541.55,8038336
2023-12-18,544.44,544.85,539.05,542.97,653309
2023-12-19,543.82,544.55,537.73,541.56,499944
2023-12-20,540.42,544.98,534.81,534.94,676240
2023-12-21,538.5,541.58,535.6,540.3,407739
2023-12-22,543.15,545.86,541.345,542.85,420821
2023-12-26,543.61,546.47,541.75,543.55,443618
2023-12-27,544.7,545.0,542.74,543.75,539378
2023-12-28,544.18,547.38,543.57,546.15,267809
2023-12-29,546.42,548.85,543.78,545.17,398900
2024-01-02,542.38,545.24,530.93,534.49,618515
2024-01-03,534.49,537.435,530.8,531.0,488441
2024-01-04,526.0,530.95,523.505,524.17,601040
2024-01-05,525.0,526.65,521.7,523.07,444049
2024-01-08,522.32,529.345,522.06,528.78,509164
2024-01-09,528.77,533.03,526.93,531.52,372990
2024-01-10,528.97,531.32,527.355,530.3,401380
2024-01-11,529.87,532.86,528.19,532.4,336269
2024-01-12,535.88,535.88,531.06,534.19,434982
2024-01-16,532.48,537.53,531.38,537.27,428767
2024-01-17,535.68,540.0,532.56,537.19,427423
2024-01-18,535.01,542.22,533.67,541.94,424961
2024-01-19,543.3,548.52,541.32,548.49,427384
2024-01-22,550.0,553.4,547.89,549.91,449244
2024-01-23,550.0,553.2,545.901,552.81,303999
2024-01-24,553.42,554.23,547.32,547.77,353586
2024-01-25,552.19,553.37,548.26,551.7,884671
2024-01-26,552.94,553.08,546.4,549.68,426290
2024-01-29,549.31,556.155,548.73,555.93,413001
2024-01-30,558.26,562.69,555.14,561.57,621462
2024-01-31,527.48,549.32,525.18,537.0,993248
2024-02-01,538.57,546.26,534.81,545.81,561934
2024-02-02,544.1,551.27,538.54,549.62,489590
2024-02-05,548.79,549.57,542.06,545.89,335573
2024-02-06,548.37,548.37,541.87,545.3,348647
2024-02-07,550.0,550.635,546.81,548.69,413586
2024-02-08,550.84,553.08,540.38,545.34,508848
2024-02-09,548.49,550.765,545.1071,550.26,388033
2024-02-12,548.85,548.85,540.02,542.31,343850
2024-02-13,536.8,538.09,532.0292,535.42,433421
2024-02-14,535.9,541.91,534.55,541.71,460920
2024-02-15,543.16,548.93,538.29,547.98,420606
2024-02-16,549.95,550.43,543.99,545.57,552654
2024-02-20,545.57,547.43,539.81,544.11,440488
2024-02-21,542.89,549.51,540.46,549.02,381166
2024-02-22,552.52,558.66,552.52,555.31,610286
2024-02-23,559.16,559.97,554.94,556.87,985097
2024-02-26,554.08,556.57,545.83,547.91,847202
2024-02-27,548.01,548.56,542.515,547.1,852242
2024-02-28,544.39,545.84,541.67,543.45,457458
2024-02-29,546.15,546.15,539.26,544.73,817882
2024-03-01,541.07,549.82,540.6,547.96,781694
2024-03-04,549.35,552.06,545.4524,547.22,521196
2024-03-05,544.24,544.24,534.73,537.01,431405
2024-03-06,537.5,546.2,535.59,540.21,441889
2024-03-07,545.14,549.14,543.29,546.32,301852
2024-03-08,546.17,548.555,544.35,545.95,310392
2024-03-11,545.21,554.26,542.9,553.88,521430
2024-03-12,554.6,558.26,553.62,555.2,465149
2024-03-13,557.77,557.77,547.66,549.52,439549
2024-03-14,549.63,551.835,543.87,547.08,375899
2024-03-15,544.42,551.79,542.285,547.35,877141
2024-03-18,548.6,551.17,545.43,546.16,373150
2024-03-19,547.0,552.265,545.78,551.87,317773
2024-03-20,553.09,556.781,550.1,554.06,442382
2024-03-21,556.55,558.63,554.46,556.28,425013
2024-03-22,558.97,558.97,553.045,556.38,240532
2024-03-25,554.04,554.04,547.81,550.94,576186
2024-03-26,550.94,555.59,549.195,554.43,419028
2024-03-27,557.79,559.84,556.54,559.18,362838
2024-03-28,560.0,563.15,557.797,560.84,478082
2024-04-01,562.35,565.0,552.03,553.62,268424
2024-04-02,552.0,552.87,543.42,545.94,775336
2024-04-03,542.92,549.26,542.92,544.68,927330
2024-04-04,550.06,554.37,537.11,537.28,451506
2024-04-05,537.52,545.805,536.87,543.01,338801
2024-04-08,541.33,545.51,540.2,543.23,371871
2024-04-09,544.39,546.86,541.155,543.48,315698
2024-04-10,538.81,539.84,534.49,535.99,481825
2024-04-11,537.77,544.67,535.74,539.64,397961
2024-04-12,534.38,544.91,534.33,535.83,590642
2024-04-15,542.37,542.37,526.965,528.26,800142
2024-04-16,531.0,532.16,526.95,526.98,405315
2024-04-17,528.32,529.7,525.67,526.47,447849
2024-04-18,530.51,531.55,526.17,527.27,477376
2024-04-19,530.07,535.7,529.55,534.38,776882
2024-04-22,538.92,540.67,534.4,539.11,583963
2024-04-23,539.95,543.645,538.48,539.62,381465
2024-04-24,536.26,538.71,533.85,538.01,631599
2024-04-25,537.05,543.11,533.76,540.41,552944
2024-04-26,530.38,540.29,526.52,526.78,856081
2024-04-29,522.39,526.66,511.62,513.58,698080
2024-04-30,512.88,513.19,508.37,511.46,901777
2024-05-01,512.0,523.35,511.115,514.76,767835
2024-05-02,515.44,515.44,508.22,510.82,694186
2024-05-03,512.97,519.515,511.5,517.21,1067608
2024-05-06,517.59,518.81,512.76,515.54,651690
2024-05-07,517.91,520.93,516.505,520.26,309946
2024-05-08,521.66,528.25,520.92,521.05,463200
2024-05-09,520.64,523.81,519.99,523.33,311585
2024-05-10,522.02,526.48,521.275,523.5,346738
2024-05-13,526.88,527.37,521.14,521.76,344408
2024-05-14,522.0,523.54,517.27,520.83,419847
2024-05-15,524.09,532.75,522.73,531.44,626564
2024-05-16,532.39,539.55,531.18,538.8,792059
2024-05-17,538.8,544.1,537.165,541.89,787896
2024-05-20,540.78,546.68,540.16,546.37,777860
2024-05-21,545.05,545.72,538.23,541.4,380449
2024-05-22,541.46,549.9,538.84,547.45,511962
2024-05-23,547.59,549.85,543.165,544.62,529457
2024-05-24,544.21,547.87,543.65,544.66,369948
2024-05-28,542.04,542.04,530.88,533.02,518331
2024-05-29,528.55,532.81,528.49,530.94,551811
2024-05-30,527.64,528.825,524.32,526.58,476522
2024-05-31,528.41,533.0,524.53,532.76,765834
2024-06-03,532.76,536.36,529.94,536.16,549888
2024-06-04,534.99,544.89,534.99,543.4,506358
2024-06-05,545.0,547.85,542.09,546.92,373990
2024-06-06,547.99,553.65,545.2,550.36,395524
2024-06-07,552.04,556.86,551.05,554.03,394013
2024-06-10,553.34,556.62,551.15,556.5,313231
2024-06-11,556.38,556.38,550.77,555.72,316341
2024-06-12,557.45,559.08,552.13,558.19,526316
2024-06-13,552.66,556.46,546.32,547.17,482816
2024-06-14,548.04,554.74,547.42,549.45,431123
2024-06-17,549.0,554.16,547.63,553.59,632786
2024-06-18,551.74,561.885,551.74,560.1,496136
2024-06-20,560.0,563.9187,556.0612,559.22,548346
2024-06-21,564.88,564.88,557.58,561.49,1028932
2024-06-24,560.63,568.68,558.25,562.55,529195
2024-06-25,565.09,566.465,561.82,562.99,391338
2024-06-26,559.98,562.5,556.635,557.54,372106
2024-06-27,560.08,565.43,556.93,562.06,435646
2024-06-28,561.97,569.495,559.94,563.66,742921
2024-07-01,567.11,568.55,560.63,562.63,360351
2024-07-02,564.14,567.54,561.25,563.11,503655
2024-07-03,563.15,564.335,559.03,560.45,284848
2024-07-05,558.32,563.06,556.1,562.56,324764
2024-07-08,558.63,559.81,553.57,556.8,315266
2024-07-09,557.67,557.67,549.24,550.47,348687
2024-07-10,551.26,553.06,549.46,553.06,443671
2024-07-11,553.18,558.16,553.18,555.93,436431
2024-07-12,558.96,561.75,557.01,558.38,400690
2024-07-15,557.88,560.68,554.29,559.15,566546
2024-07-16,559.16,567.42,558.36,567.07,405658
2024-07-17,570.04,574.295,566.58,571.27,661678
2024-07-18,571.27,573.17,567.85,571.19,352235
2024-07-19,572.75,575.0,564.35,567.31,459205
2024-07-22,570.82,577.23,570.25,576.55,505296
2024-07-23,577.5,579.1,573.48,574.27,430783
2024-07-24,546.0,546.0,520.44,531.97,2064398
2024-07-25,541.13,548.19,534.61,540.89,1094747
2024-07-26,550.65,553.55,542.27,548.53,777957
2024-07-29,549.08,555.95,542.64,545.69,400635
2024-07-30,546.52,551.5,541.66,544.81,327047
2024-07-31,548.0,550.255,543.0,544.75,560536
2024-08-01,544.45,549.15,537.85,544.4,440983
2024-08-02,546.9,548.01,532.07,536.03,739991
2024-08-05,571.19,571.19,515.875,517.53,934563
2024-08-06,520.5,529.23,517.92,518.14,596883
2024-08-07,524.91,527.125,514.79,515.25,465791
2024-08-08,518.97,525.775,516.38,523.02,347142
2024-08-09,521.23,527.79,517.965,526.78,300107
2024-08-12,524.51,526.24,519.23,520.07,298972
2024-08-13,520.07,525.16,518.87,525.02,388510
2024-08-14,524.23,528.375,523.7,528.0,272638
2024-08-15,535.24,549.065,532.49,546.57,608002
2024-08-16,548.45,549.8,545.36,548.5,389768
2024-08-19,547.62,550.58,546.12,549.88,273977
2024-08-20,550.42,551.87,544.83,547.45,266834
2024-08-21,549.94,551.91,547.39,551.48,324374
2024-08-22,552.58,554.5,545.01,545.97,456416
2024-08-23,550.16,550.67,542.77,547.82,392340
2024-08-26,547.94,552.33,545.34,546.73,330268
2024-08-27,543.31,551.71,543.31,551.2,341622
2024-08-28,552.16,554.61,549.08,550.33,304054
2024-08-29,555.34,560.0,552.975,553.82,278691
2024-08-30,557.38,557.38,549.03,554.41,407562
2024-09-03,553.29,558.14,549.805,552.36,427308
2024-09-04,552.25,559.59,551.661,558.51,397299
2024-09-05,555.35,557.25,550.03,554.91,315729
2024-09-06,555.31,557.89,546.77,547.76,409418
2024-09-09,549.88,554.84,549.88,553.39,309612
2024-09-10,556.54,556.54,548.0,552.33,314353
2024-09-11,550.28,550.565,537.93,549.84,385673
2024-09-12,550.51,551.53,544.51,551.31,354436
2024-09-13,551.87,555.66,551.29,551.84,297860
2024-09-16,554.99,557.58,552.25,556.56,241095
2024-09-17,556.71,558.145,550.62,551.83,297613
2024-09-18,551.65,554.38,546.22,549.93,281337
2024-09-19,558.87,561.77,556.08,560.86,521362
2024-09-20,554.61,562.14,552.41,558.04,1507097
2024-09-23,559.95,560.02,556.84,557.75,349638
2024-09-24,556.73,556.73,550.8,551.98,357541
2024-09-25,552.0,553.08,547.3,548.36,401828
2024-09-26,551.16,553.33,549.6451,552.5,415295
2024-09-27,553.13,558.05,552.255,553.8,310497
2024-09-30,554.19,558.05,549.335,556.44,593427
2024-10-01,556.6,556.6,546.57,548.27,446016
2024-10-02,549.37,552.21,545.9,551.37,367022
2024-10-03,549.0,552.64,545.04,548.93,623454
2024-10-04,552.05,552.05,542.74,544.86,316603
2024-10-07,540.15,541.525,537.35,537.87,388850
2024-10-08,537.12,543.45,535.66,542.91,309215
2024-10-09,543.75,550.18,539.67,545.93,512312
2024-10-10,544.72,545.33,539.27,539.45,577098
2024-10-11,540.26,552.31,539.22,551.55,843484
2024-10-14,554.09,555.0,551.05,553.83,271963
2024-10-15,554.92,561.31,553.48,556.18,381588
2024-10-16,552.53,561.6,549.645,560.86,365296
2024-10-17,563.62,566.47,560.1284,563.74,411544
2024-10-18,563.74,565.775,557.2,557.62,320490
2024-10-21,555.81,558.47,551.14,556.8,422025
2024-10-22,555.24,556.01,550.73,552.1,519078
2024-10-23,550.0,550.0,535.0,542.94,718792
2024-10-24,543.71,550.67,542.0,542.1,369927
2024-10-25,546.6,547.33,540.0,542.0,535306
2024-10-28,543.0,545.78,541.0003,545.13,282834
2024-10-29,543.67,553.075,541.97,548.81,424832
2024-10-30,548.46,551.94,543.555,547.23,626476
2024-10-31,547.23,547.785,537.51,537.73,566973
2024-11-01,536.6,542.64,536.105,540.91,510787
2024-11-04,542.03,542.25,533.31,542.08,416284
2024-11-05,543.65,545.61,539.8301,542.7,422232
2024-11-06,550.82,567.94,544.16,564.67,678383
2024-11-07,565.82,573.72,563.04,572.26,580229
2024-11-08,575.0,575.0,566.41,567.62,391881
2024-11-11,567.76,573.92,564.86,565.14,388018
2024-11-12,564.09,565.98,559.71,564.77,539937
2024-11-13,561.21,574.1276,561.21,571.2,372104
2024-11-14,573.73,573.73,563.82,564.77,549684
2024-11-15,562.78,565.17,547.29,548.23,581284
2024-11-18,547.63,550.38,545.16,549.37,566023
2024-11-19,544.67,549.62,542.191,547.96,356207
2024-11-20,549.51,552.27,545.735,549.45,360774
2024-11-21,550.38,555.28,547.69,554.26,536874
2024-11-22,555.55,562.09,555.55,560.14,249959
2024-11-25,563.09,565.46,556.79,557.94,531453
2024-11-26,559.31,562.235,553.82,561.89,360733
2024-11-27,561.18,564.75,557.27,564.35,358627
2024-11-29,563.39,569.51,561.2,566.44,365747
2024-12-02,566.44,569.29,561.94,568.63,595914
2024-12-03,564.28,567.51,559.785,566.86,508989
2024-12-04,571.27,580.085,567.7,575.95,699692
2024-12-05,571.0,571.0,550.415,557.9,750913
2024-12-06,557.0,560.0,550.06,551.2,544767
2024-12-09,549.83,551.065,547.0619,548.42,528395
2024-12-10,547.83,552.27,540.91,549.47,587941
2024-12-11,551.88,553.4598,549.71,550.39,495725
2024-12-12,549.41,552.2,545.2847,548.03,324484
2024-12-13,543.65,545.855,540.34,543.66,590430
2024-12-16,543.04,545.85,541.775,542.04,598226
2024-12-17,540.82,543.65,536.4,536.75,1086999
2024-12-18,536.75,538.02,526.34,526.72,841014
2024-12-19,528.56,532.685,521.45,521.75,644796
2024-12-20,519.64,530.54,518.5,525.4,1742123
2024-12-23,522.91,526.25,522.05,524.94,547202
2024-12-24,522.83,528.175,521.635,528.14,228105
2024-12-26,525.31,528.555,525.225,527.24,312642
2024-12-27,525.06,527.59,520.21,523.91,422367
2024-12-30,519.51,521.8199,513.91,519.87,357430
2024-12-31,521.06,522.02,516.91,519.85,452254
2025-01-02,524.7,524.7,513.62,513.79,653431
2025-01-03,520.66,520.66,513.205,514.64,478676
2025-01-06,512.74,513.45,504.755,507.1,968975
2025-01-07,508.47,513.66,504.53,507.1,621714
2025-01-08,507.32,511.87,504.305,510.3,960728
2025-01-10,507.47,510.755,502.1,502.71,575576
2025-01-13,499.47,509.86,499.47,508.0,572715
2025-01-14,506.76,511.865,505.6,510.69,535830
2025-01-15,517.98,521.01,513.77,517.96,1000760
2025-01-16,518.8,520.2019,515.81,519.1,619737
2025-01-17,529.06,529.06,520.07,522.32,763769
2025-01-21,524.09,531.42,523.045,530.79,686373
2025-01-22,530.88,535.93,529.91,534.45,481134
2025-01-23,531.1,533.36,528.035,533.24,387632
2025-01-24,532.46,535.0,529.34,531.37,385457
2025-01-27,527.91,541.67,527.195,541.33,748500
2025-01-28,540.11,553.245,535.69,549.62,686055
2025-01-29,547.9,549.905,542.86,543.02,691267
2025-01-30,565.99,584.31,561.6,570.6,1153931
2025-01-31,572.0,581.92,570.065,575.65,1158091
2025-02-03,575.24,581.5,569.68,577.04,892395
2025-02-04,578.07,579.615,571.16,577.67,768127
2025-02-05,578.14,582.25,573.12,581.42,484786
2025-02-06,582.37,583.77,577.7127,583.42,714835
2025-02-07,583.45,584.435,572.58,572.76,496633
2025-02-10,573.3,575.255,567.41,574.52,569137
2025-02-11,570.5,581.435,570.5,581.35,552898
2025-02-12,573.63,575.815,566.46,566.76,688509
2025-02-13,569.38,575.43,565.28,573.43,400407
2025-02-14,575.0,577.93,572.93,573.58,353179
2025-02-18,572.93,574.135,569.48,572.53,550804
2025-02-19,572.53,577.945,568.135,577.04,477988
2025-02-20,574.96,581.875,569.01,581.42,474682
2025-02-21,579.39,580.4,573.54,574.05,634305
2025-02-24,575.12,579.895,572.28,576.77,512121
2025-02-25,578.14,593.91,577.085,587.34,984014
2025-02-26,585.2,586.91,574.43,575.15,646057
2025-02-27,574.04,579.95,571.98,572.5,549102
2025-02-28,579.05,584.93,573.66,584.5,911149
2025-03-03,588.49,592.0,583.15,585.81,710009
2025-03-04,586.41,590.0,582.45,584.83,870725
2025-03-05,582.57,595.1668,581.99,593.81,629127
2025-03-06,589.75,592.35,582.8556,588.29,569801
2025-03-07,585.62,589.92,577.97,588.38,462663
2025-03-10,586.83,591.16,574.08,576.45,748722
2025-03-11,576.1,576.7,563.93,565.75,611709
2025-03-12,566.66,569.23,559.6,566.42,621547
2025-03-13,563.44,567.9,560.78,562.88,431875
2025-03-14,566.31,571.79,565.72,569.29,428941
2025-03-17,569.29,578.24,569.29,575.59,499081
2025-03-18,573.84,577.38,569.66,576.86,459797
2025-03-19,579.21,580.325,572.275,577.83,488827
2025-03-20,574.31,577.44,570.85,575.45,439205
2025-03-21,569.92,573.09,564.26,572.18,879815
2025-03-24,577.29,579.5434,574.155,576.65,568913
2025-03-25,575.77,582.16,572.52,579.07,735472
2025-03-26,579.56,585.27,579.56,582.71,336491
2025-03-27,587.665,594.25,578.1113,592.55,627321
2025-03-28,589.36,591.72,580.62,582.64,876484
2025-03-31,582.83,592.01,580.19,589.58,994758
2025-04-01,585.8,593.0,584.225,590.78,438696
2025-04-02,584.19,592.9525,580.065,590.36,412309
2025-04-03,589.86,590.5,576.81,579.7,994410
2025-04-04,576.78,578.34,540.76,541.8,1672576
2025-04-07,533.05,547.685,519.52,532.54,1109405
2025-04-08,534.82,541.89,513.92,519.19,806344
2025-04-09,517.505,556.26,513.865,553.76,1153144
2025-04-10,547.94,554.47,533.1,549.6,944045
2025-04-11,548.75,564.72,543.3201,560.16,669076
2025-04-14,568.44,570.73,558.66,565.88,378444
2025-04-15,569.88,571.68,563.34,567.08,340906
2025-04-16,562.58,569.89,552.53,556.27,635202
2025-04-17,561.5,564.47,556.43,557.24,343270
2025-04-21,550.42,555.335,534.9125,539.27,372634
2025-04-22,545.58,551.79,543.55,551.3,517643
2025-04-23,555.82,564.12,550.35,551.08,623474
2025-04-24,551.12,561.43,548.0,559.66,674272
2025-04-25,559.24,559.24,551.045,557.7,671093
2025-04-28,537.95,558.2,535.53,551.95,805873
2025-04-29,553.42,558.06,552.03,556.17,716454
2025-04-30,554.9,560.9,547.75,560.08,670604
2025-05-01,564.14,564.205,556.53,557.59,590223
2025-05-02,562.1,569.4,562.1,566.04,556042
2025-05-05,565.92,575.315,563.31,571.13,647852
2025-05-06,565.45,574.02,560.94,569.7,584884
2025-05-07,570.43,576.435,569.4901,574.29,395996
2025-05-08,576.76,582.17,572.5225,574.98,485178
2025-05-09,574.54,574.54,564.37,570.48,333226
2025-05-12,579.92,579.92,566.805,575.84,750902
2025-05-13,577.82,582.57,575.455,577.07,554650
2025-05-14,572.81,576.865,563.49,565.94,623069
2025-05-15,565.74,574.77,565.275,574.4,515867
2025-05-16,579.01,583.02,574.22,582.88,611453
2025-05-19,581.75,584.03,578.4,580.47,533524
2025-05-20,577.91,578.67,573.74,578.21,460214
2025-05-21,573.76,583.949,569.93,572.81,432177
2025-05-22,568.45,573.085,568.45,569.07,346357
2025-05-23,564.43,569.73,563.8,567.03,375130
2025-05-27,571.21,574.73,568.43,573.82,433662
2025-05-28,574.27,576.55,568.65,569.13,361112
2025-05-29,570.13,571.515,562.5364,564.27,782005
2025-05-30,564.95,572.7,563.195,570.27,808786
2025-06-02,565.94,568.3799,563.075,566.69,385718
2025-06-03,564.39,568.209,561.8401,567.87,332538
2025-06-04,567.28,569.295,563.3,568.01,737257
2025-06-05,568.41,571.08,565.5,569.485,656700
2025-06-06,572.79,575.0,570.99,572.87,336683
2025-06-09,572.24,576.49,568.2,573.08,419372
2025-06-10,562.73,574.32,562.73,572.18,352937
2025-06-11,572.08,573.7999,568.72,569.56,336686
2025-06-12,570.06,573.08,569.765,572.03,275030
2025-06-13,566.68,570.84,560.27,560.75,436801
2025-06-16,562.48,567.8989,562.48,565.66,372780
2025-06-17,565.32,565.91,559.57,562.58,454915
2025-06-18,562.58,562.58,555.045,555.75,447163
2025-06-20,558.98,564.36,557.775,561.99,1124299
2025-06-23,562.59,566.29,558.135,566.18,374935
2025-06-24,568.5,571.55,563.275,571.02,460562
2025-06-25,570.84,573.1,562.99,566.94,494639
2025-06-26,566.08,566.375,558.28,565.31,509808
2025-06-27,565.31,569.365,560.65,563.51,652988
2025-06-30,564.69,567.63,561.9965,566.84,910366
2025-07-01,567.24,574.95,565.905,572.71,563428
2025-07-02,571.73,571.73,563.57,566.08,460664
2025-07-03,569.95,574.81,568.73,573.0,243956
2025-07-07,573.0,575.77,565.32,566.0,651882
2025-07-08,564.45,569.34,562.19,564.59,699366
2025-07-09,566.0,571.36,551.51,558.64,861904
2025-07-10,553.59,555.88,544.67,549.8,944922
2025-07-11,549.83,551.97,545.745,547.46,742977
2025-07-14,546.02,548.575,541.2,548.33,545778
2025-07-15,548.42,551.015,544.78,544.82,669080
2025-07-16,545.59,548.95,541.9,545.23,669576
2025-07-17,543.28,546.99,543.28,546.35,461009
2025-07-18,549.52,549.52,540.4,544.79,642430
2025-07-21,549.62,555.935,535.7,551.91,914233
2025-07-22,554.16,564.63,551.42,563.84,812455
2025-07-23,563.85,566.24,556.415,557.02,885403
2025-07-24,556.54,562.86,554.21,560.365,544540
2025-07-25,560.7,563.41,557.11,563.03,278462
2025-07-28,561.62,564.155,558.76,559.03,439750
2025-07-29,561.7,563.33,556.19,563.06,695805
2025-07-30,563.58,564.6799,549.95,552.34,666592
2025-07-31,550.68,556.23,549.0,550.4,708140
2025-08-01,551.1,551.112,539.91,542.11,497000
2025-08-04,543.04,547.14,542.05,546.42,473791
2025-08-05,549.24,549.24,537.365,537.93,668792
2025-08-06,539.83,542.2099,535.88,541.84,493872
2025-08-07,546.03,546.515,535.32,536.71,423341
2025-08-08,536.71,538.825,531.6,534.38,358734
2025-08-11,534.38,536.955,525.765,527.48,504937
2025-08-12,527.77,529.95,518.22,519.5,844943
2025-08-13,521.425,523.955,514.05,522.53,1105849
2025-08-14,523.55,526.1,518.1,524.96,889987
2025-08-15,523.63,530.62,523.19,529.64,697650
2025-08-18,529.99,533.98,529.99,532.28,735569
2025-08-19,532.28,538.035,531.0,532.59,762761
2025-08-20,536.27,544.94,533.39,540.52,1337557
2025-08-21,537.37,540.335,526.66,526.94,1191411
2025-08-22,529.75,538.205,528.01,536.84,673668
2025-08-25,535.9,536.565,529.26,530.29,571040
2025-08-26,529.0,531.085,522.34,524.45,752668
2025-08-27,525.31,529.84,523.49,528.66,656999
2025-08-28,528.21,528.8325,524.88,526.59,794020
2025-08-29,529.5,532.18,524.105,526.31,872087
2025-09-02,524.09,525.005,516.25,518.99,681104
2025-09-03,517.28,524.68,517.28,524.13,713035
2025-09-04,523.09,527.225,521.32,527.12,441627
2025-09-05,530.0,530.0,516.78,518.44,700588
2025-09-08,519.1,524.07,517.505,523.43,1085960
2025-09-09,521.69,524.9,518.47,519.67,968962
2025-09-10,519.44,519.44,509.13,513.23,1117909
2025-09-11,514.0,519.195,513.0,517.38,849768
2025-09-12,515.58,517.1632,512.04,512.53,615448
2025-09-15,512.53,514.385,504.26,505.23,689115
2025-09-16,505.0,506.255,499.0,502.44,1871724
2025-09-17,504.38,517.44,503.74,509.65,940796
2025-09-18,509.65,513.12,507.6101,509.01,736959
2025-09-19,508.51,509.47,502.95,504.62,1437868
2025-09-22,501.5,510.46,501.45,509.63,665375
2025-09-23,507.39,508.74,502.15,503.99,1097937
2025-09-24,503.49,507.335,502.3706,505.68,765695
2025-09-25,506.22,506.82,492.25,495.03,949397
2025-09-26,495.22,500.316,494.08,499.31,560937
2025-09-29,500.22,501.14,494.7767,500.96,729209
2025-09-30,500.45,502.08,495.81,498.69,804827
2025-10-01,499.26,504.0,495.55,497.97,969092
2025-10-02,495.44,500.285,495.44,497.59,881239
2025-10-03,497.27,504.91,497.27,499.95,1075544
2025-10-06,501.9,507.36,497.12,506.99,1210328
2025-10-07,505.84,511.02,503.64,510.57,1019471
2025-10-08,512.13,521.28,509.445,520.0,1513256
2025-10-09,519.9,520.05,511.4501,518.07,776956
2025-10-10,520.72,520.85,503.9,509.0,1290927
2025-10-13,507.35,513.85,504.105,512.73,731376
2025-10-14,508.4,515.32,506.7943,513.82,712829
2025-10-15,507.8,515.57,499.16,499.73,1057482
2025-10-16,500.17,503.325,497.57,500.08,837068
2025-10-17,500.04,505.04,498.42,504.52,716308
2025-10-20,504.51,506.965,501.52,505.89,887184
2025-10-21,507.28,517.5,505.895,514.52,622343
2025-10-22,510.98,519.1,508.57,508.95,1147927
2025-10-23,467.06,481.48,456.985,479.96,2230249
2025-10-24,482.59,483.355,474.795,478.8,1059278
2025-10-27,476.52,476.525,458.92,463.73,1631106
2025-10-28,463.73,464.98,455.71,456.16,1500539
2025-10-29,451.58,454.78,444.13,446.28,1657931
2025-10-30,446.31,453.03,442.69,443.4,1443281
2025-10-31,439.08,448.0,435.42,446.15,1164854
2025-11-03,447.54,448.84,437.37,448.54,1440212
2025-11-04,450.11,451.45,444.57,449.31,1193602
2025-11-05,446.13,451.41,444.355,445.83,1076111
2025-11-06,443.56,447.32,440.95,444.48,991286
2025-11-07,444.97,448.8499,443.77,447.05,769738
2025-11-10,445.0,451.98,441.84,449.82,821790
2025-11-11,448.79,449.385,441.285,443.27,772964
2025-11-12,443.3,455.8,441.0269,455.2,923652
2025-11-13,453.47,454.66,446.86,447.75,859491
2025-11-14,446.89,451.05,441.375,449.5,874862
2025-11-17,448.66,449.97,443.5,443.88,652199
2025-11-18,443.4,448.64,442.225,444.41,1071056
2025-11-19,442.07,445.58,437.4,444.78,1021087
2025-11-20,448.45,448.45,440.15,440.86,774291
2025-11-21,440.94,449.79,440.94,443.75,1084973
2025-11-24,442.57,445.9708,438.73,439.64,1453113
2025-11-25,440.61,447.3,439.395,446.41,756112
2025-11-26,445.74,448.18,443.73,446.08,532479
2025-11-28,447.96,449.8,446.0,446.22,328339
2025-12-01,444.46,446.26,441.8,443.58,884212
2025-12-02,445.32,446.05,440.8097,444.15,706439
2025-12-03,439.96,446.29,439.96,445.89,566000
2025-12-04,445.905,448.14,442.6401,444.78,609117
2025-12-05,444.08,449.7,443.97,447.56,802228
2025-12-08,448.36,449.76,445.75,446.71,801692
2025-12-09,446.13,449.06,439.25,440.635,759556
2025-12-10,440.38,445.07,439.41,442.28,1175871
2025-12-11,442.5,449.69,441.7635,445.84,954915
2025-12-12,445.84,450.35,445.15,445.86,1765581
2025-12-15,447.66,448.86,439.83,443.6,1915411
2025-12-16,442.42,445.92,439.89,443.78,1351996
2025-12-17,442.49,453.84,441.04,452.24,2056924
2025-12-18,449.06,454.805,446.81,450.51,2344111
2025-12-19,449.63,451.03,443.65,444.99,2952724
2025-12-22,443.34,450.585,442.0,449.25,742950
2025-12-23,449.14,449.44,446.02,449.34,598752
2025-12-24,447.91,451.69,446.87,451.18,233689
2025-12-26,450.56,451.6,449.2,450.83,283613
2025-12-29,450.83,452.78,449.42,450.84,528443
2025-12-30,449.735,452.28,449.3801,450.08,430857
2025-12-31,450.4,451.53,444.53,445.13,507466
2026-01-02,444.73,445.0,428.18952,434.54,914348
2026-01-05,429.94,436.31,427.89,431.66,1189381
2026-01-06,430.0,437.38,430.0,436.54,774418
2026-01-07,436.54,440.0,433.96,437.6,894955
2026-01-08,433.12,439.29,432.29,434.47,752298
2026-01-09,433.42,437.16,431.81,434.81,612481
2026-01-12,433.565,434.786,430.81,432.39,639180
2026-01-13,430.37,431.17,420.42,426.36,796657
2026-01-14,424.06,428.93,421.475,424.2,822955
2026-01-15,423.74,424.05,412.3301,414.25,1774254
2026-01-16,412.41,416.74,407.03,416.14,1421422
2026-01-20,412.45,414.32,400.2,403.76,1483553
2026-01-21,403.76,406.36,399.09,404.66,1415115
2026-01-22,404.02,410.0,402.97,407.48,1302943
2026-01-23,406.02,412.0999,403.7328,407.61,1712315
2026-01-26,409.49,413.0,407.32,408.67,1524365
2026-01-27,368.5,382.855,345.93,369.27,5077749
2026-01-28,367.96,368.195,356.005,360.37,2940727
2026-01-29,355.68,365.66,353.35,365.0,2487456
2026-01-30,362.275,371.59,360.0,371.23,3072328
2026-02-02,372.79,375.56,369.85,372.61,2476445
2026-02-03,362.8,364.365,343.9233,348.82,3248588
2026-02-04,346.14,361.1616,346.14,359.71,2805558
2026-02-05,358.855,365.2139,349.57,351.0,2827418
2026-02-06,353.46,363.54,351.0,362.42,1945708
2026-02-09,357.21,358.475,349.025,351.71,1966489
2026-02-10,350.46,354.97,345.25,348.84,1776080
2026-02-11,347.2,347.6401,331.22,333.8,2433747
2026-02-12,334.47,335.01,317.67,319.82,2736053
2026-02-13,319.85,325.61,318.01,321.41,1640577
2026-02-17,321.72,323.39,313.07,315.53,1808481
2026-02-18,316.8,328.8,313.74,327.6,2136331
2026-02-19,329.49,335.0,328.29,332.0,1753497
2026-02-20,330.26,337.625,330.26,335.79,2482719
2026-02-23,334.93,337.09,329.815,335.7,2223240
2026-02-24,335.82,341.42,333.975,337.7,1565471
2026-02-25,337.89,344.79,336.03,344.24,1560504
2026-02-26,346.14,354.645,345.39,352.15,1835320
2026-02-27,348.79,349.96,345.0,349.73,1344436
2026-03-02,348.0,356.03,346.51,353.93,1372489
2026-03-03,348.56,357.8099,346.5001,355.965,1293457
2026-03-04,356.46,366.44,354.06,361.41,1612773
2026-03-05,362.0,369.27,360.0318,366.02,1527224
2026-03-06,365.71,368.368,358.6,367.51,1621078
2026-03-09,363.79,365.77,358.88,363.06,1326342
2026-03-10,362.51,364.39,349.43,353.87,1247179
2026-03-11,356.55,360.0,348.56,352.25,1171931
2026-03-12,352.465,357.11,346.44,346.78,1494918
2026-03-13,349.825,353.28,346.13,351.0,1487531
2026-03-16,350.67,353.54,349.08,352.2,989358
2026-03-17,353.55,360.0,350.5249,352.89,845680
2026-03-18,350.4,353.96,348.06,350.79,1337308
2026-03-19,352.14,359.53,351.575,353.26,1611805
2026-03-20,352.1,355.77,349.23,353.68,2933684
2026-03-23,354.9,356.82,351.85,353.48,1478893
2026-03-24,350.59,351.33,343.36,345.93,1416500
2026-03-25,348.82,351.86,340.4058,346.72,994474
2026-03-26,346.98,356.5,344.27,351.07,1197838
2026-03-27,349.89,351.59,343.87,344.42,1246694
2026-03-30,345.74,354.03,341.43,351.955,1299101
2026-03-31,352.52,355.535,343.28,353.86,1517562
2026-04-01,351.465,356.47,347.5433,355.87,1350945
2026-04-02,360.11,363.44,354.51,357.88,1087242
2026-04-06,357.06,360.57,353.67,360.19,907408
2026-04-07,359.64,361.75,357.445,358.83,762855
2026-04-08,359.84,362.47,355.2001,355.85,817221
2026-04-09,353.26,354.45,345.68,349.88,1339536
2026-04-10,349.32,350.08,342.08,343.15,1184520
2026-04-13,343.57,358.2499,343.57,356.35,1529183
2026-04-14,356.06,360.58,353.435,354.0,999525
2026-04-15,357.63,359.8,355.12,358.09,1128006
2026-04-16,362.58,365.45,360.36,361.88,1340756
2026-04-17,366.725,367.69,358.52,362.44,1113617
2026-04-20,360.7,365.0,358.39,359.87,990197
2026-04-21,361.94,367.74,359.765,362.93,1214150
2026-04-22,363.0,368.105,362.27,364.73,1167450
2026-04-23,379.42,384.0,360.7,363.76,1616033
2026-04-24,364.87,364.87,349.27,353.4,1341419
2026-04-27,352.86,354.99,348.23,352.45,1103684
2026-04-28,356.85,361.14,352.75,354.12,1234170
2026-04-29,353.28,356.2,350.01,355.97,1146633
2026-04-30,352.05,356.16,349.01,354.81,1275752
2026-05-01,359.37,363.6,354.9,358.22,993200
2026-05-04,356.81,360.8975,354.19,355.23,995798
2026-05-05,354.805,356.96,349.28,356.56,808614
2026-05-06,354.31,356.98,348.865,350.26,1578149
2026-05-07,350.26,357.26,350.26,352.44,966251
2026-05-08,349.9,351.31,340.68,343.32,1178504
2026-05-11,339.765,339.765,327.88,328.8,1365403
2026-05-12,331.23,333.89,322.73,323.94,1002627
2026-05-13,320.57,320.88,305.96,316.25,1583070
2026-05-14,315.59,320.61,312.07,317.95,1180207
2026-05-15,320.08,325.1,319.717,320.9,1365549
2026-05-18,320.71,331.435,319.13,331.01,1080559
2026-05-19,334.11,340.0,328.0001,328.91,1466109
2026-05-20,325.13,325.13,318.57,323.12,775059
2026-05-21,319.95,324.49,315.51,324.08,836110
2026-05-22,323.1,329.24,323.1,326.94,1015551
2026-05-26,323.41,324.53,319.89,320.3,759156
2026-05-27,320.3,325.43,316.47,316.62,836385
2026-05-28,316.62,321.57,311.81,319.75,1320660
2026-05-29,318.57,326.46,316.85,325.53,1381574
2026-06-01,330.08,347.08,328.065,344.25,1219735
2026-06-02,338.58,340.66,329.24,336.5,1001165
2026-06-03,334.25,335.16,326.9,331.7,754897
2026-06-04,340.55,341.31,330.59,331.8,736115
2026-06-05,335.405,336.925,330.39,332.18,882748
2026-06-08,330.96,336.2,327.86,333.75,1170551
2026-06-09,331.82,338.18,328.725,335.37,856307
2026-06-10,335.28,339.1,329.85,334.1,1029809
2026-06-11,329.825,335.42,326.53,332.71,1363732
2026-06-12,331.36,337.64,329.69,334.97,1127689
2026-06-15,334.33,338.105,330.64,332.45,1209854
2026-06-16,333.41,338.89,332.18,337.33,885664
2026-06-17,332.02,339.66,328.065,329.97,1299732
2026-06-18,328.53,332.04,325.8,330.255,3559769
2026-06-22,327.79,333.62,320.11,325.09,1680840
2026-06-23,331.145,333.53,327.225,329.54,1510253
2026-06-24,329.51,336.045,329.51,331.6,903485
2026-06-25,329.04,338.22,326.73,332.42,890411
2026-06-26,334.46,342.73,334.46,338.31,3126659
2026-06-29,342.22,343.0,330.585,334.8,1395972
2026-06-30,333.21,339.71,332.275,338.39,1272112
2026-07-01,346.85,355.93,343.13,354.68,932692
