date,open,high,low,close,volume
2005-02-25,15.3443,15.5837,15.2693,15.5628,725805
2005-02-28,15.6309,15.7347,15.2817,15.3775,493313
2005-03-01,15.5746,15.7258,15.5146,15.717,489456
2005-03-02,15.717,15.717,15.4001,15.4917,426187
2005-03-03,15.4888,15.4888,15.142,15.2817,715672
2005-03-04,15.3828,15.4741,15.2165,15.2793,232510
2005-03-07,15.3746,15.6737,15.3713,15.5328,432484
2005-03-08,15.4741,15.6737,15.2745,15.299,547157
2005-03-09,15.3681,15.4741,15.2047,15.2047,416759
2005-03-10,15.2314,15.4251,15.1255,15.4066,681410
2005-03-11,15.4653,15.5146,14.9901,15.0621,449614
2005-03-14,15.0726,15.145,15.0191,15.0847,281795
2005-03-15,15.1593,15.1639,14.8185,14.8218,373388
2005-03-16,14.783,14.9868,14.6356,14.676,840481
2005-03-17,14.704,14.797,14.659,14.707,605892
2005-03-18,14.6815,14.6936,14.4878,14.5188,502057
2005-03-21,14.6108,14.6674,14.4236,14.5651,1441471
2005-03-22,14.7392,14.7448,14.4268,14.4268,502750
2005-03-23,14.5318,14.6906,14.5318,14.5931,473727
2005-03-24,14.6966,14.7392,14.6046,14.6131,178656
2005-03-28,14.7338,14.8153,14.5798,14.5798,263258
2005-03-29,14.5412,14.6356,14.3388,14.3388,196123
2005-03-30,14.4878,14.7014,14.4173,14.7014,185306
2005-03-31,14.7014,14.7014,14.5592,14.5798,244381
2005-04-01,14.6874,14.7392,14.3841,14.3903,258368
2005-04-04,14.3414,14.3903,14.2354,14.3358,352070
2005-04-05,14.3303,14.4816,14.284,14.3241,451349
2005-04-06,14.4443,14.522,14.3303,14.3358,158031
2005-04-07,14.4148,14.5905,14.3414,14.5798,211873
2005-04-08,14.6304,14.6674,14.524,14.5351,356261
2005-04-11,14.5592,14.5964,14.3903,14.4148,186695
2005-04-12,14.387,14.4109,14.0608,14.3811,354508
2005-04-13,14.3576,14.3576,14.0057,14.0439,324786
2005-04-14,14.0086,14.0637,13.8312,13.8346,433174
2005-04-15,13.6143,13.6326,13.3574,13.4004,890481
2005-04-18,13.4059,13.5954,13.3544,13.4659,703420
2005-04-19,13.7379,13.8198,13.6555,13.7643,298216
2005-04-20,13.9728,14.0006,13.5488,13.5686,493313
2005-04-21,13.8378,14.0729,13.8009,14.0608,505206
2005-04-22,14.0006,14.0116,13.7295,13.844,296466
2005-04-25,13.9294,13.9728,13.8009,13.8938,227960
2005-04-26,13.844,14.1097,13.7917,13.8498,171316
2005-04-27,13.6639,13.8498,13.5954,13.7524,193686
2005-04-28,13.8378,13.8378,13.5865,13.5865,865300
2005-04-29,13.6639,13.7751,13.415,13.7379,1341128
2005-05-02,13.7379,13.8093,13.6583,13.7295,145433
2005-05-03,13.7725,13.8531,13.6694,13.6955,427922
2005-05-04,13.7584,14.0637,13.7555,14.0034,538404
2005-05-05,14.0439,14.1841,13.9838,14.0384,213970
2005-05-06,14.1097,14.175,14.0322,14.1415,144041
2005-05-09,14.1528,14.2005,14.0266,14.1955,137750
2005-05-10,14.1441,14.1441,14.0034,14.0439,95455
2005-05-11,14.1356,14.1356,13.8671,14.067,299964
2005-05-12,14.1554,14.284,14.0755,14.1203,210125
2005-05-13,14.1929,14.6446,14.1929,14.5706,968095
2005-05-16,14.5876,14.6534,14.479,14.6245,207663
2005-05-17,14.6108,14.7392,14.5563,14.7392,388411
2005-05-18,14.8306,14.9529,14.6534,14.9167,2277752
2005-05-19,14.9639,15.0873,14.8733,14.9454,2355023
2005-05-20,14.9397,15.0696,14.8498,15.0565,238789
2005-05-23,15.0726,15.1757,14.9842,15.0902,196123
2005-05-24,15.0534,15.2771,15.0169,15.2716,424782
2005-05-25,15.2458,15.2458,15.0314,15.142,341220
2005-05-26,15.2598,15.444,15.2598,15.4001,297879
2005-05-27,15.4001,15.4001,15.2047,15.3345,1017381
2005-05-31,15.3971,15.444,15.2693,15.3022,986970
2005-06-01,15.299,15.5178,15.2424,15.4171,796086
2005-06-02,15.4171,15.6456,15.4171,15.6424,537711
2005-06-03,15.6737,15.6737,15.4862,15.509,1104794
2005-06-06,15.4591,15.4591,15.2961,15.4034,956561
2005-06-07,15.4623,15.6309,15.251,15.2793,1170878
2005-06-08,15.4741,15.523,15.3504,15.3971,606597
2005-06-09,15.3971,15.6949,15.3022,15.6888,484219
2005-06-10,15.6231,15.6339,15.386,15.4499,546455
2005-06-13,15.4034,15.572,15.3595,15.4251,202065
2005-06-14,15.4199,15.4888,15.2905,15.3224,162569
2005-06-15,15.3828,15.4333,15.0961,15.3567,582465
2005-06-16,15.3567,15.5384,15.3567,15.4741,390171
2005-06-17,15.4888,15.572,15.4034,15.4741,193686
2005-06-20,15.3417,15.4532,15.2905,15.4034,248931
2005-06-21,15.4171,15.5301,15.4171,15.5034,262219
2005-06-22,15.5746,15.6309,15.4947,15.6231,415695
2005-06-23,15.6678,16.0058,15.6231,15.628,1720464
2005-06-24,15.6398,15.6398,15.3224,15.3315,215708
2005-06-27,15.2745,15.2905,15.0344,15.0902,1448820
2005-06-28,15.2314,15.2793,15.145,15.2693,464297
2005-06-29,15.3022,15.3022,15.1639,15.2017,601342
2005-06-30,15.2487,15.3022,15.0696,15.0785,982794
2005-07-01,15.1593,15.1903,15.0621,15.1206,146497
2005-07-05,15.0752,15.3619,15.0534,15.3345,180045
2005-07-06,15.3345,15.5893,15.3345,15.4682,774753
2005-07-07,15.2224,15.5301,15.2224,15.5301,906899
2005-07-08,15.5301,15.8838,15.5301,15.8639,866695
2005-07-11,16.0174,16.2292,16.0174,16.2236,503446
2005-07-12,16.2174,16.4177,16.1753,16.3606,1017730
2005-07-13,16.3606,16.4431,16.2539,16.4065,1236597
2005-07-14,16.7327,16.7327,16.4431,16.5747,6903550
2005-07-15,16.5747,16.5778,16.3525,16.5266,875773
2005-07-18,16.4745,16.5044,16.3492,16.4405,939760
2005-07-19,16.4957,16.7788,16.4957,16.7755,901668
2005-07-20,16.4774,17.0048,16.4689,16.9389,753776
2005-07-21,16.9206,17.1075,16.5951,16.6646,407297
2005-07-22,16.8698,16.918,16.6561,16.7729,673714
2005-07-25,16.8407,16.9412,16.6949,16.7377,305912
2005-07-26,16.8698,16.9904,16.7905,16.9761,420239
2005-07-27,16.8323,16.9043,16.6356,16.8466,628960
2005-07-28,16.876,16.933,16.753,16.933,189142
2005-07-29,16.8554,16.9043,16.7327,16.8296,927882
2005-08-01,16.8668,16.918,16.7671,16.8584,991860
2005-08-02,16.9043,17.2338,16.9043,17.2194,425831
2005-08-03,17.1562,17.2011,17.0616,17.1359,428983
2005-08-04,16.9992,16.9992,16.7671,16.7671,572326
2005-08-05,16.7037,16.8064,16.6009,16.681,288782
2005-08-08,16.7004,16.7755,16.5717,16.5717,278640
2005-08-09,16.6326,16.8492,16.6326,16.7953,180404
2005-08-10,16.8035,16.9389,16.5188,16.5602,1237636
2005-08-11,16.5325,16.7553,16.507,16.7436,246831
2005-08-12,16.5778,16.5926,16.3861,16.446,1190099
2005-08-15,16.446,16.7066,16.421,16.6613,246831
2005-08-16,16.6124,16.6124,16.3097,16.3264,248931
2005-08-17,16.4324,16.6035,16.4324,16.5543,1058287
2005-08-18,16.4324,16.7553,16.3861,16.4033,355225
2005-08-19,16.4607,16.5488,16.4007,16.4065,999209
2005-08-22,16.5602,16.6561,16.4833,16.6469,1408972
2005-08-23,16.6182,16.7037,16.5266,16.5951,244381
2005-08-24,16.5299,16.8002,16.4637,16.4745,904461
2005-08-25,16.5325,16.6326,16.4745,16.5778,8757562
2005-08-26,16.5717,16.5717,16.375,16.4294,868449
2005-08-29,16.3887,16.6613,16.3632,16.6212,362203
2005-08-30,16.5344,16.6861,16.4324,16.6861,204174
2005-08-31,16.6698,16.876,16.5778,16.8613,609031
2005-09-01,16.7553,16.8407,16.6587,16.6978,2288940
2005-09-02,16.7246,16.753,16.5951,16.6385,254508
2005-09-06,16.75,16.9271,16.7436,16.9043,247171
2005-09-07,16.8789,17.0106,16.7647,16.9154,328646
2005-09-08,16.9043,17.1988,16.9043,17.1562,613572
2005-09-09,17.1906,17.281,17.0756,17.2223,2894817
2005-09-12,17.2423,17.2648,17.1506,17.1906,144397
2005-09-13,17.162,17.4242,17.1506,17.3443,1143245
2005-09-14,17.5051,17.5051,17.1675,17.2478,336336
2005-09-15,17.2478,17.2648,17.0335,17.0756,270948
2005-09-16,17.1473,17.1506,16.9679,17.1329,229346
2005-09-19,17.0812,17.1329,16.8296,16.8877,284935
2005-09-20,16.9239,17.0928,16.7755,16.7755,404173
2005-09-21,16.7122,16.7122,16.4745,16.5436,426880
2005-09-22,16.4405,16.5717,16.2771,16.4667,670562
2005-09-23,16.4268,16.6835,16.3492,16.6009,348918
2005-09-26,16.8407,16.876,16.5521,16.6385,402061
2005-09-27,16.6182,16.6728,16.3436,16.4523,1044306
2005-09-28,16.4552,16.6271,16.3436,16.4405,340527
2005-09-29,16.4493,16.753,16.3492,16.6978,285643
2005-09-30,16.7406,17.0393,16.7327,16.9497,609378
2005-10-03,17.0756,17.2729,17.0756,17.1105,3419608
2005-10-04,17.1105,17.2338,16.8815,16.8815,305572
2005-10-05,16.8844,16.8932,16.6009,16.6009,262909
2005-10-06,16.6124,16.6835,16.1933,16.375,2894817
2005-10-07,16.4405,16.5325,16.3861,16.4667,337375
2005-10-10,16.3319,16.3319,15.9695,15.9695,614986
2005-10-11,16.0032,16.0465,15.6231,15.6854,1385879
2005-10-12,15.6173,15.7258,15.4774,15.6515,1153399
2005-10-13,15.6854,15.9461,15.572,15.9203,328287
2005-10-14,15.9604,16.0491,15.7484,15.8978,256627
2005-10-17,15.9144,15.9728,15.7918,15.9265,268860
2005-10-18,15.917,15.917,15.7432,15.811,236336
2005-10-19,15.572,15.8861,15.431,15.8753,662171
2005-10-20,15.917,16.1176,15.8341,15.903,551345
2005-10-21,16.0608,16.1584,16.0122,16.0579,486672
2005-10-24,16.1084,16.2396,15.9666,16.2396,352413
2005-10-25,16.146,16.146,15.9428,15.9947,373388
2005-10-26,16.0406,16.19,15.9461,15.9833,474436
2005-10-27,15.9369,15.9637,15.6056,15.6398,952358
2005-10-28,15.431,15.6254,15.237,15.6254,1253727
2005-10-31,15.8224,16.0406,15.8143,15.9604,1010056
2005-11-01,15.8753,15.8861,15.7399,15.7889,974378
2005-11-02,15.8587,16.3665,15.8587,16.3436,305213
2005-11-03,16.5893,16.7699,16.5462,16.6469,1698432
2005-11-04,16.4689,16.7671,16.4689,16.7096,1456151
2005-11-07,16.7615,16.8267,16.6035,16.7327,1541118
2005-11-08,16.7327,16.8355,16.5893,16.7122,161524
2005-11-09,16.9839,16.9992,16.6532,16.9679,353109
2005-11-10,17.0188,17.1443,16.8215,17.0928,351362
2005-11-11,17.2449,17.2563,17.0302,17.0475,1062129
2005-11-14,17.0873,17.1473,17.0302,17.1045,1469095
2005-11-15,17.0898,17.1959,16.9467,16.9788,246135
2005-11-16,17.0243,17.0302,16.8492,16.9702,395778
2005-11-17,16.933,17.1848,16.8815,17.162,676167
2005-11-18,17.3309,17.559,17.2901,17.4644,799931
2005-11-21,17.4242,17.4989,17.3251,17.3841,237038
2005-11-22,17.3587,17.7243,17.3587,17.6249,2270755
2005-11-23,17.6541,17.8597,17.6484,17.6673,508342
2005-11-25,17.7243,17.8339,17.7054,17.783,394022
2005-11-28,17.8825,17.8825,17.5645,17.5791,547850
2005-11-29,17.6513,17.7544,17.4904,17.4904,406258
2005-11-30,17.556,17.7934,17.5531,17.6907,316404
2005-12-01,17.905,18.3284,17.905,18.2915,1961007
2005-12-02,18.3029,18.4891,18.2653,18.2771,450310
2005-12-05,18.2488,18.2488,17.9653,18.0316,289132
2005-12-06,18.2322,18.4177,18.137,18.2053,1521180
2005-12-07,18.1972,18.1972,17.92,17.9708,456248
2005-12-08,18.0286,18.1281,17.5911,17.7213,661481
2005-12-09,17.7426,18.0074,17.6428,17.9653,297165
2005-12-12,18.1203,18.1457,17.9845,18.1026,360802
2005-12-13,18.1,18.2829,17.9905,18.1203,400666
2005-12-14,18.1229,18.1799,17.9738,18.0716,197190
2005-12-15,18.1307,18.1477,17.9592,17.9963,180404
2005-12-16,17.9995,18.0257,17.8987,17.905,245436
2005-12-19,17.905,17.905,17.5253,17.5452,284230
2005-12-20,17.5341,17.7334,17.4193,17.5762,525827
2005-12-21,17.5911,17.7655,17.5479,17.6219,433517
2005-12-22,17.7083,17.8597,17.6756,17.8395,304167
2005-12-23,17.9108,18.0022,17.8597,17.8932,168511
2005-12-27,18.0257,18.0465,17.6789,17.7054,1601940
2005-12-28,17.7054,17.7655,17.5452,17.7162,212204
2005-12-29,17.7628,17.7934,17.5452,17.559,210472
2005-12-30,17.4468,17.4962,17.299,17.4389,2879803
2006-01-03,17.6366,18.0492,17.3694,17.9141,547157
2006-01-04,18.0916,18.1998,18.0492,18.174,348569
2006-01-05,18.437,18.6148,18.3515,18.5547,1999467
2006-01-06,18.8488,19.0182,18.6434,18.9767,1039759
2006-01-09,19.0632,19.2406,18.9767,19.1842,2971748
2006-01-10,18.9327,19.2129,18.9327,19.2067,2301532
2006-01-11,19.2487,19.4876,19.178,19.4356,634911
2006-01-12,19.4411,19.5531,19.2067,19.2302,1028584
2006-01-13,19.1489,19.2008,18.9354,19.0775,583869
2006-01-17,18.8408,18.8606,18.6597,18.7807,754119
2006-01-18,18.3137,18.6516,18.2941,18.6059,4625096
2006-01-19,19.0498,19.2807,19.0416,19.1268,895723
2006-01-20,18.9354,18.9354,18.3746,18.4122,2667935
2006-01-23,18.4738,18.5916,18.3166,18.4891,1284855
2006-01-24,18.7348,18.8203,18.5602,18.678,286333
2006-01-25,18.7484,18.7484,18.498,18.694,279005
2006-01-26,18.8434,19.1842,18.7462,19.0925,574429
2006-01-27,19.4216,19.6095,19.1353,19.2664,631054
2006-01-30,19.3495,19.3495,19.1724,19.2549,326543
2006-01-31,19.1639,19.1927,18.9529,18.9999,247886
2006-02-01,18.9558,19.2217,18.8518,19.1927,445058
2006-02-02,19.2067,19.316,18.8636,18.9066,344378
2006-02-03,18.8352,18.9265,18.6809,18.7064,354508
2006-02-06,18.7778,18.9712,18.678,18.9354,141950
2006-02-07,18.9506,19.0498,18.8117,18.9767,295776
2006-02-08,19.1669,19.3186,19.0468,19.3105,388411
2006-02-09,19.3635,19.5651,19.1898,19.238,461139
2006-02-10,19.1669,19.175,18.7866,19.1073,234607
2006-02-13,18.9627,18.9914,18.7657,18.8694,356261
2006-02-14,18.8979,19.0717,18.7348,19.0576,364294
2006-02-15,19.0032,19.1613,18.9239,19.1099,257666
2006-02-16,19.3046,19.3355,19.1408,19.3072,296466
2006-02-17,19.178,19.2096,18.9826,18.9826,230394
2006-02-21,18.9119,18.9767,18.569,18.6203,773005
2006-02-22,18.557,18.875,18.4037,18.7922,2418296
2006-02-23,18.7207,18.8,18.5882,18.5882,1556156
2006-02-24,18.5776,18.7064,18.5123,18.6258,2187196
2006-02-27,18.6004,18.7778,18.6004,18.7064,391225
2006-02-28,18.678,18.8173,18.5149,18.5798,2366214
2006-03-01,18.7836,19.361,18.7836,19.2987,856924
2006-03-02,19.2279,19.4904,19.1639,19.3294,631054
2006-03-03,19.2693,19.3984,19.0955,19.0984,452057
2006-03-06,19.1669,19.2041,18.8457,18.9178,233200
2006-03-07,18.6434,18.6906,18.3515,18.4122,636999
2006-03-08,18.3489,18.4481,18.0916,18.3401,1788985
2006-03-09,18.3776,18.569,18.0886,18.0916,274093
2006-03-10,18.044,18.2797,17.9315,18.0316,2746246
2006-03-13,18.1,18.2053,17.9562,17.9562,268510
2006-03-14,17.9562,18.4259,17.9562,18.3714,1206532
2006-03-15,18.5631,18.6177,18.4177,18.5831,184938
2006-03-16,18.5916,18.6004,18.0942,18.0942,804131
2006-03-17,18.0518,18.2053,17.8987,18.1,825810
2006-03-20,18.1229,18.2465,18.0567,18.1307,559041
2006-03-21,18.1307,18.5776,18.0886,18.1336,2815822
2006-03-22,18.0798,18.2087,18.0022,18.137,746779
2006-03-23,18.1825,18.3776,18.1825,18.2974,469545
2006-03-24,18.3316,18.5149,18.2719,18.509,386666
2006-03-27,18.5263,18.6317,18.4591,18.4829,2811278
2006-03-28,18.4481,18.5338,18.137,18.1536,531769
2006-03-29,18.0628,18.7234,18.0628,18.6577,1266659
2006-03-30,18.9066,18.9354,18.6627,18.7517,481429
2006-03-31,18.8297,18.8665,18.5602,18.6464,326193
2006-04-03,18.6258,19.0212,18.6258,18.7778,999914
2006-04-04,18.8408,18.9653,18.7601,18.8378,356261
2006-04-05,18.9037,19.2693,18.8782,19.2217,311504
2006-04-06,19.2158,19.5325,19.2158,19.4269,856206
2006-04-07,19.499,19.5501,19.0416,19.0984,497504
2006-04-10,19.0388,19.0576,18.7778,18.8606,483529
2006-04-11,18.9327,18.98,18.5427,18.6751,934873
2006-04-12,18.6969,18.9178,18.6969,18.8378,279342
2006-04-13,18.8488,19.0984,18.8488,18.9211,256274
2006-04-17,18.9914,19.0775,18.5631,18.6688,660083
2006-04-18,18.74,19.3105,18.74,19.2576,557983
2006-04-19,19.2895,19.4931,19.1871,19.4758,900255
2006-04-20,19.4295,19.8502,19.4158,19.568,585261
2006-04-21,19.527,19.556,19.0182,19.1239,529326
2006-04-24,18.9444,19.1184,18.8636,19.0717,518825
2006-04-25,19.1184,19.2158,19.015,19.1376,839779
2006-04-26,19.1927,19.2461,18.9506,19.0416,446818
2006-04-27,18.7716,19.4011,18.7716,19.2726,495060
2006-04-28,19.2188,19.3635,19.0658,19.083,388773
2006-05-01,19.1013,19.1639,18.9011,18.9066,245436
2006-05-02,19.015,19.1457,18.9767,19.0691,373388
2006-05-03,19.0498,19.2487,18.9885,19.2406,272346
2006-05-04,19.316,19.5413,19.316,19.4562,375847
2006-05-05,19.6239,19.6506,19.4758,19.598,194734
2006-05-08,19.6414,19.7207,19.556,19.556,352070
2006-05-09,19.4842,19.4931,19.3268,19.3698,1914500
2006-05-10,19.2863,19.361,18.9178,18.9627,922643
2006-05-11,18.8805,18.9066,18.4259,18.4679,1457901
2006-05-12,18.3052,18.5776,18.2517,18.3052,2483686
2006-05-15,18.2915,18.4203,17.8932,18.137,2718625
2006-05-16,18.1398,18.2915,17.9108,18.0492,1240445
2006-05-17,17.9457,18.0541,17.6484,17.7485,1567681
2006-05-18,17.8795,17.9457,17.4644,17.4644,480381
2006-05-19,17.7334,17.8932,17.5192,17.7993,813911
2006-05-22,17.556,17.6484,17.1297,17.3587,922643
2006-05-23,17.5847,17.6995,17.1219,17.1241,367802
2006-05-24,17.1219,17.4389,16.8961,17.2338,1046069
2006-05-25,17.3309,17.3443,17.162,17.2839,724407
2006-05-26,17.3049,17.4677,17.27,17.402,599257
2006-05-30,17.3358,17.3358,17.0048,17.0048,436320
2006-05-31,17.1075,17.3561,17.0664,17.2755,376524
2006-06-01,17.311,17.6819,17.311,17.6756,324786
2006-06-02,17.8626,17.8626,17.4937,17.6428,179696
2006-06-05,17.5847,17.5847,17.1192,17.1192,386666
2006-06-06,17.1411,17.1411,16.9271,17.0364,226559
2006-06-07,16.9992,17.1075,16.6613,16.6613,309064
2006-06-08,16.5246,16.692,16.1555,16.5625,645394
2006-06-09,16.7879,16.9069,16.3979,16.4745,474770
2006-06-12,16.5136,16.5403,16.0032,16.0032,389122
2006-06-13,16.19,16.3146,15.9144,15.9604,440860
2006-06-14,16.181,16.3067,16.009,16.2174,854471
2006-06-15,16.4607,16.9069,16.4607,16.8436,646798
2006-06-16,16.7582,16.782,16.5325,16.6532,206976
2006-06-19,16.7246,16.7377,16.446,16.507,345420
2006-06-20,16.4985,16.6356,16.3292,16.4065,379323
2006-06-21,16.4774,16.918,16.4774,16.7699,442967
2006-06-22,16.7155,16.7155,16.4268,16.5015,338068
2006-06-23,16.3009,16.5488,16.3009,16.3917,195081
2006-06-26,16.446,16.5377,16.4065,16.4745,433174
2006-06-27,16.4607,16.4607,16.0351,16.0753,363252
2006-06-28,15.843,16.052,15.7948,16.0465,567083
2006-06-29,16.1176,16.6182,16.0465,16.5805,741533
2006-06-30,16.6532,16.6613,16.4324,16.5747,179003
2006-07-03,16.6561,16.7327,16.6182,16.7122,109776
2006-07-05,16.5299,16.5344,16.2484,16.2601,269550
2006-07-06,16.3632,16.446,16.19,16.2458,146142
2006-07-07,16.089,16.146,15.8753,15.9859,434597
2006-07-10,16.0145,16.1313,15.497,15.5808,524788
2006-07-11,15.4741,15.9918,15.4741,15.9604,439125
2006-07-12,15.8916,15.9604,15.5275,15.5507,795028
2006-07-13,15.3166,15.7258,15.2872,15.3256,838372
2006-07-14,15.251,15.4228,15.1283,15.2424,904808
2006-07-17,15.3224,15.4199,15.1593,15.2458,389122
2006-07-18,15.3166,15.3619,14.8306,15.1989,627559
2006-07-19,15.2716,15.6854,15.2344,15.5661,472685
2006-07-20,15.7288,15.751,15.1845,15.1903,675808
2006-07-21,14.7915,14.8475,14.5267,14.5651,819853
2006-07-24,14.7738,15.0817,14.7738,14.9901,1110040
2006-07-25,15.1374,15.3652,15.0501,15.2458,632100
2006-07-26,15.0169,15.4499,15.0169,15.2934,542255
2006-07-27,15.4917,15.6118,15.3315,15.3595,1840031
2006-07-28,15.4888,15.8553,15.4888,15.8172,1201992
2006-07-31,15.7539,15.9461,15.7317,15.8639,642239
2006-08-01,15.6737,15.6737,15.3971,15.5357,653080
2006-08-02,15.5746,15.8341,15.5746,15.7093,281795
2006-08-03,15.6649,16.0547,15.6309,15.9728,1592856
2006-08-04,16.181,16.266,15.6577,15.8309,712511
2006-08-07,15.7566,15.8491,15.6737,15.7458,265717
2006-08-08,15.7918,15.9117,15.5628,15.6577,438420
2006-08-09,15.9833,16.1284,15.7034,15.7258,532821
2006-08-10,15.7034,15.9859,15.6545,15.9287,243333
2006-08-11,15.7742,15.7742,15.4715,15.5146,441909
2006-08-14,15.6623,15.9666,15.6339,15.7258,182841
2006-08-15,16.023,16.3241,15.9918,16.3097,307322
2006-08-16,16.4033,16.9239,16.3211,16.8436,1973943
2006-08-17,16.8355,17.1385,16.8323,16.8815,1791441
2006-08-18,16.7615,16.9122,16.5977,16.8906,420591
2006-08-21,16.681,16.681,16.4927,16.6091,385274
2006-08-22,16.5893,16.785,16.5158,16.5805,641543
2006-08-23,16.7953,16.798,16.3606,16.4689,1128218
2006-08-24,16.4898,16.5805,16.358,16.5805,566034
2006-08-25,16.5299,16.7553,16.4927,16.5893,545042
2006-08-28,16.6065,16.8296,16.6065,16.8267,549598
2006-08-29,16.8815,17.1329,16.753,17.1329,958999
2006-08-30,17.2194,17.4677,17.0898,17.4677,818102
2006-08-31,17.4049,17.4049,17.2073,17.2901,461139
2006-09-01,17.4334,17.4334,17.0587,17.1329,383879
2006-09-05,17.0557,17.3499,16.996,17.3387,940125
2006-09-06,17.1329,17.1329,16.782,16.785,263608
2006-09-07,16.6469,16.9526,16.5543,16.7275,764267
2006-09-08,16.7755,16.9301,16.7301,16.8906,184242
2006-09-11,16.8698,17.3163,16.8698,17.1906,526533
2006-09-12,17.3195,17.8104,17.3049,17.7712,1438672
2006-09-13,17.7426,17.8486,17.5732,17.6844,246472
2006-09-14,17.6134,17.7572,17.5704,17.7426,482815
2006-09-15,17.8454,18.0465,17.6484,17.7213,1591807
2006-09-18,17.7455,18.0974,17.7455,17.9426,439468
2006-09-19,17.8707,17.8707,17.4621,17.6484,1202675
2006-09-20,17.8042,17.8626,17.7162,17.7908,579307
2006-09-21,17.8189,17.8339,17.4389,17.4468,325847
2006-09-22,17.3721,17.4193,17.2164,17.2423,294384
2006-09-25,17.2901,17.6936,17.1506,17.661,901322
2006-09-26,17.5762,17.6844,17.4389,17.6513,281795
2006-09-27,17.6962,17.8571,17.5162,17.5791,696430
2006-09-28,17.6101,17.7684,17.5479,17.7684,405550
2006-09-29,17.7544,17.7544,17.5847,17.5847,139850
2006-10-02,17.5192,17.7112,17.4193,17.4193,334229
2006-10-03,17.254,17.4141,17.1535,17.3139,407653
2006-10-04,17.3077,17.6907,17.2839,17.6907,354508
2006-10-05,17.6366,17.6756,17.5364,17.6513,1186260
2006-10-06,17.4852,17.6023,17.4441,17.5133,296828
2006-10-09,17.4937,17.825,17.4904,17.6844,572326
2006-10-10,17.6756,17.7054,17.559,17.6333,1068782
2006-10-11,17.5934,18.0074,17.5616,17.8104,513931
2006-10-12,17.9262,18.0768,17.7964,18.0316,1097090
2006-10-13,18.0768,18.3515,18.0191,18.2745,1115630
2006-10-16,18.4122,18.498,18.3545,18.3982,283895
2006-10-17,18.1852,18.1852,17.8365,17.9315,609031
2006-10-18,17.8932,17.8932,17.4219,17.4819,2379140
2006-10-19,17.5077,17.5192,17.2478,17.3893,793630
2006-10-20,17.3753,17.3753,17.1241,17.1906,3273120
2006-10-23,17.1329,17.402,17.0782,17.2073,341578
2006-10-24,17.1473,17.3139,17.0475,17.0524,428630
2006-10-25,17.0524,17.4141,17.0524,17.3811,523031
2006-10-26,17.5616,17.6072,17.3443,17.5645,1114238
2006-10-27,17.5341,17.5341,17.1192,17.1735,2877007
2006-10-30,17.1588,17.4141,17.1588,17.3195,489456
2006-10-31,17.3893,17.4787,17.3163,17.4141,1458968
2006-11-01,17.5911,17.5911,17.0557,17.1075,400316
2006-11-02,17.0475,17.1137,16.9271,17.0188,822662
2006-11-03,17.0898,17.1359,16.9526,17.0928,3304227
2006-11-06,17.1473,17.4049,17.0898,17.3694,238087
2006-11-07,17.1906,17.7276,17.1906,17.4852,934873
2006-11-08,17.3587,17.5133,17.2648,17.4732,1066688
2006-11-09,17.5452,17.5704,17.1473,17.162,391915
2006-11-10,17.1045,17.3473,17.1045,17.3049,259763
2006-11-13,17.3251,17.6189,17.3251,17.6023,1936538
2006-11-14,17.6484,18.1085,17.5103,18.069,664283
2006-11-15,18.1176,18.3603,18.0739,18.22,2380897
2006-11-16,18.22,18.3372,18.0628,18.2686,1582021
2006-11-17,18.177,18.1943,18.0628,18.1649,224799
2006-11-20,18.0942,18.4177,18.0492,18.4069,1703696
2006-11-21,18.437,18.437,18.0768,18.0768,3840546
2006-11-22,18.2322,18.3573,18.1562,18.3372,674061
2006-11-24,18.1943,18.3603,18.1649,18.2797,202430
2006-11-27,18.2087,18.3372,17.8075,17.8075,434915
2006-11-28,17.7712,17.8395,17.6484,17.8313,885594
2006-11-29,18.0465,18.0492,17.7054,17.8159,552044
2006-11-30,17.8739,18.0596,17.7213,17.9845,2467599
2006-12-01,17.9845,17.9845,17.5103,17.7302,843633
2006-12-04,17.7684,18.1678,17.7602,18.0596,1068782
2006-12-05,18.0492,18.2488,18.0492,18.1203,160821
2006-12-06,18.0916,18.2745,18.0051,18.1998,950957
2006-12-07,18.3111,18.3284,17.9343,17.9403,309395
2006-12-08,17.9108,17.9963,17.7027,17.8538,921937
2006-12-11,17.8571,17.9708,17.7908,17.8159,341220
2006-12-12,17.8042,17.8795,17.5732,17.7083,469892
2006-12-13,17.9403,17.9403,17.5616,17.5732,444368
2006-12-14,17.5964,17.8958,17.5964,17.8395,4925407
2006-12-15,17.9592,17.9653,17.8075,17.8365,475472
2006-12-18,17.9076,18.0492,17.7334,17.7908,3194104
2006-12-19,17.4702,17.6727,17.4644,17.5879,386666
2006-12-20,17.7908,17.8339,17.6249,17.6673,523372
2006-12-21,17.6699,17.6962,17.3499,17.4193,409753
2006-12-22,17.4468,17.4761,17.3139,17.3139,647840
2006-12-26,17.2755,17.4702,17.2755,17.4468,482815
2006-12-27,17.4761,17.6428,17.4761,17.5452,659022
2006-12-28,17.556,17.5964,17.5192,17.5505,144397
2006-12-29,17.5192,17.6727,17.4497,17.4497,90556
2007-01-03,17.6461,17.7964,17.2305,17.3988,593650
2007-01-04,17.3988,17.7934,17.3694,17.7393,538757
2007-01-05,17.4363,17.5762,17.2648,17.402,281452
2007-01-08,17.4112,17.6072,17.3414,17.4702,313608
2007-01-09,17.542,17.6219,17.3811,17.5341,499960
2007-01-10,17.4468,17.8987,17.4468,17.8339,551345
2007-01-11,17.8987,18.0492,17.8512,17.8887,825090
2007-01-12,17.8189,17.9343,17.7334,17.9343,209429
2007-01-16,17.8626,17.8626,17.7191,17.7879,214660
2007-01-17,17.6819,17.813,17.6189,17.661,646090
2007-01-18,17.5103,17.5103,16.9992,17.0188,936268
2007-01-19,17.0129,17.3163,16.9927,17.179,632458
2007-01-22,17.1137,17.1137,16.9043,16.9927,657621
2007-01-23,17.0453,17.1643,16.9761,16.9761,543647
2007-01-24,17.096,17.27,17.0423,17.2366,227960
2007-01-25,17.4242,17.5364,17.1268,17.1643,446106
2007-01-26,17.2366,17.4621,17.1411,17.3958,263258
2007-01-29,17.3617,17.4527,17.2478,17.299,167465
2007-01-30,17.3958,17.4389,17.3309,17.3753,151734
2007-01-31,17.1939,17.4301,17.1506,17.3925,373044
2007-02-01,17.4468,17.5994,17.3988,17.5394,740843
2007-02-02,17.6072,17.7083,17.5341,17.6513,866352
2007-02-05,17.7112,17.8104,17.6366,17.7162,371288
2007-02-06,17.6962,17.7455,17.4677,17.6513,619523
2007-02-07,17.8454,17.9905,17.7334,17.8887,1162481
2007-02-08,17.8159,17.8571,17.7112,17.8189,287719
2007-02-09,18.0074,18.0257,17.5133,17.5531,685604
2007-02-12,17.5051,17.5051,17.3283,17.3531,83243
2007-02-13,17.4418,17.4732,17.3414,17.4441,263746
2007-02-14,17.5791,17.8512,17.5671,17.7879,554304
2007-02-15,17.7628,17.905,17.7628,17.8825,1692843
2007-02-16,17.8189,17.8987,17.783,17.8707,819504
2007-02-20,17.7243,17.8916,17.6584,17.8707,149983
2007-02-21,17.7364,17.8571,17.7112,17.8571,190193
2007-02-22,18.0628,18.2566,18.0628,18.2351,616724
2007-02-23,18.2915,18.3925,18.2544,18.3343,1335533
2007-02-26,18.3952,18.4007,18.22,18.3081,270194
2007-02-27,17.8762,18.1336,17.6101,17.661,535963
2007-02-28,17.7027,17.8538,17.5645,17.6995,835946
2007-03-01,17.2755,17.7112,17.2755,17.5732,2087567
2007-03-02,17.4904,17.5505,17.2223,17.2223,455559
2007-03-05,17.0697,17.3617,17.0364,17.0364,357310
2007-03-06,17.3283,17.4787,17.2931,17.4418,240530
2007-03-07,17.3332,17.4621,17.2782,17.3694,171666
2007-03-08,17.5762,17.6541,17.5253,17.5452,409753
2007-03-09,17.825,17.825,17.5253,17.6541,395778
2007-03-12,17.6428,17.8678,17.6428,17.7934,126903
2007-03-13,17.6461,17.7426,17.4301,17.4301,116423
2007-03-14,17.4904,17.5364,17.2223,17.5364,415695
2007-03-15,17.4761,17.5531,17.4497,17.5276,542945
2007-03-16,17.5051,17.5479,17.3414,17.4141,180045
2007-03-19,17.5192,17.5341,17.3163,17.3225,182841
2007-03-20,17.3443,17.559,17.3443,17.4962,324786
2007-03-21,17.5394,17.8825,17.4904,17.813,241935
2007-03-22,17.7083,17.7083,17.5452,17.5671,229346
2007-03-23,17.6756,17.7684,17.6134,17.6727,340177
2007-03-26,17.661,17.6936,17.4468,17.6428,259067
2007-03-27,17.6023,17.6727,17.5732,17.5732,122022
2007-03-28,17.4644,17.4761,17.3473,17.3561,332837
2007-03-29,17.4591,17.4591,17.0524,17.1939,983477
2007-03-30,17.2931,17.3309,17.1588,17.2478,219553
2007-04-02,17.3587,17.3587,17.1105,17.2249,319899
2007-04-03,17.3414,17.4079,17.2194,17.3414,70970
2007-04-04,17.3414,17.5341,17.3414,17.4874,406960
2007-04-05,17.5221,17.6461,17.5221,17.6274,575119
2007-04-09,17.6513,17.6699,17.5162,17.5879,225164
2007-04-10,17.5964,17.7393,17.5911,17.7393,64520
2007-04-11,17.7162,17.7162,17.5479,17.559,269550
2007-04-12,17.5452,17.7628,17.5452,17.7393,75520
2007-04-13,17.661,17.7083,17.5309,17.7054,33912
2007-04-16,17.7276,17.8512,17.6962,17.8313,309064
2007-04-17,17.8486,17.8626,17.7628,17.813,148579
2007-04-18,18.0191,18.3111,17.9819,18.1852,750645
2007-04-19,18.0518,18.4288,18.0492,18.2941,934873
2007-04-20,18.4481,18.4797,18.2435,18.3632,369310
2007-04-23,18.3166,18.3284,18.2053,18.223,594011
2007-04-24,18.5068,18.7836,18.4617,18.6751,818072
2007-04-25,18.797,18.8636,18.6203,18.8488,254508
2007-04-26,18.8408,18.8488,18.649,18.8434,565326
2007-04-27,18.7178,18.738,18.5547,18.5631,568119
2007-04-30,18.5208,18.5313,18.2941,18.2974,223057
2007-05-01,18.3343,18.3952,18.1711,18.3434,162569
2007-05-02,18.387,18.5945,18.3776,18.495,391915
2007-05-03,18.5338,18.6969,18.5338,18.603,216061
2007-05-04,18.678,18.8265,18.6597,18.7778,444717
2007-05-07,18.8173,18.8173,18.7002,18.7002,253831
2007-05-08,18.5602,18.678,18.5009,18.6577,310818
2007-05-09,18.5916,18.9947,18.5916,18.9947,387378
2007-05-10,18.8488,19.0182,18.5978,18.6464,435618
2007-05-11,18.7836,18.9327,18.743,18.9066,226905
2007-05-14,19.0468,19.0498,18.8029,18.8805,309395
2007-05-15,18.8518,18.8893,18.6284,18.6284,228634
2007-05-16,18.5916,18.6516,18.4481,18.6317,144560
2007-05-17,18.5916,18.6721,18.4481,18.5456,538757
2007-05-18,18.6597,18.6597,18.4259,18.5742,634209
2007-05-21,18.5916,18.8203,18.5263,18.5916,422339
2007-05-22,18.6627,18.7895,18.5368,18.678,684555
2007-05-23,18.5486,18.6284,18.387,18.4099,666365
2007-05-24,18.4069,18.4203,17.9872,18.0856,1109685
2007-05-25,18.1562,18.2465,18.1026,18.1799,887329
2007-05-29,18.2087,18.3224,18.2087,18.2941,407996
2007-05-30,18.0518,18.177,18.0407,18.1711,297879
2007-05-31,18.3489,18.4617,18.3029,18.451,489112
2007-06-01,18.5742,18.7064,18.5716,18.6177,922989
2007-06-04,18.5456,18.7207,18.5427,18.5716,367802
2007-06-05,18.569,18.5716,18.3372,18.4829,217106
2007-06-06,18.4122,18.4797,18.2465,18.2465,74815
2007-06-07,18.2686,18.3002,17.9076,17.9076,344022
2007-06-08,18.0798,18.4203,18.0191,18.4099,559041
2007-06-11,18.3603,18.4829,18.3192,18.3372,245782
2007-06-12,18.1998,18.3714,18.1398,18.191,156980
2007-06-13,18.2598,18.4858,18.2598,18.4858,358248
2007-06-14,18.5486,18.7947,18.5338,18.726,226905
2007-06-15,18.9885,19.0658,18.9211,19.0416,325497
2007-06-18,19.0325,19.0775,18.9506,19.0358,115031
2007-06-19,18.8636,18.8926,18.7348,18.8782,145084
2007-06-20,18.8606,18.9885,18.7517,18.7517,375132
2007-06-21,18.8,19.3355,18.7922,19.3072,1242186
2007-06-22,19.2693,19.3212,19.0299,19.0775,412896
2007-06-25,19.0955,19.1127,18.7947,18.8378,299630
2007-06-26,18.9066,18.9066,18.649,18.738,308359
2007-06-27,18.7922,19.1669,18.7745,19.1584,156269
2007-06-28,19.1298,19.1376,18.9767,18.9767,439468
2007-06-29,19.027,19.0576,18.7517,18.8297,157685
2007-07-02,18.9999,19.0925,18.9383,19.0775,388166
2007-07-03,19.1408,19.1613,19.0717,19.1298,392268
2007-07-05,19.1209,19.2487,19.0691,19.2487,92300
2007-07-06,19.2807,19.4269,19.2461,19.4103,214660
2007-07-09,19.4503,19.5792,19.4503,19.5501,412537
2007-07-10,19.393,19.5589,19.393,19.3956,315702
2007-07-11,19.3753,19.4325,19.2406,19.3786,167465
2007-07-12,19.4672,19.8933,19.4295,19.8933,301377
2007-07-13,19.9415,19.9813,19.8072,19.8558,380725
2007-07-16,19.879,19.9843,19.8345,19.9653,307660
2007-07-17,20.0782,20.3789,20.0583,20.2739,578271
2007-07-18,19.9099,19.9813,19.7292,19.9194,481429
2007-07-19,20.0648,20.1251,19.9248,20.0557,215368
2007-07-20,20.1079,20.1336,19.7703,19.8131,634911
2007-07-23,19.873,20.0137,19.7906,19.8101,503096
2007-07-24,19.5589,19.7064,19.3495,19.4074,655879
2007-07-25,19.618,19.618,19.3235,19.4533,776494
2007-07-26,19.252,19.3698,18.7745,19.1154,670562
2007-07-27,19.0498,19.2328,18.8029,18.8058,705530
2007-07-30,19.0093,19.2406,18.8926,19.1424,558005
2007-07-31,19.3495,19.3495,18.8378,18.8378,1368749
2007-08-01,18.9653,18.9976,18.5208,18.9416,1569775
2007-08-02,19.0449,19.0449,18.7348,18.9506,644698
2007-08-03,18.8782,18.9066,18.387,18.387,1693901
2007-08-06,18.4069,18.6372,18.2621,18.6284,2369694
2007-08-07,18.5123,18.6906,18.3137,18.6148,1862759
2007-08-08,18.8029,19.2895,18.8029,19.0325,1067028
2007-08-09,18.7631,19.2351,18.7348,18.8949,3433592
2007-08-10,18.5602,18.98,18.4767,18.7866,1120517
2007-08-13,18.9767,18.9767,18.7207,18.7207,391578
2007-08-14,18.7922,18.8665,18.4708,18.4829,2158891
2007-08-15,18.2863,18.4679,17.9624,17.9738,1455108
2007-08-16,17.8626,18.0916,17.4242,17.9592,1246233
2007-08-17,18.5068,18.875,18.0942,18.2719,3847187
2007-08-20,18.3952,18.5716,18.3029,18.4858,429338
2007-08-21,18.4891,18.6688,18.4891,18.6284,193336
2007-08-22,18.8058,18.8231,18.6577,18.7578,292624
2007-08-23,18.8147,18.8147,18.5368,18.5859,394718
2007-08-24,18.678,18.8636,18.6004,18.8518,166420
2007-08-27,18.7866,18.8058,18.6658,18.6858,74815
2007-08-28,18.5798,18.6059,18.1594,18.2025,538757
2007-08-29,18.3746,18.74,18.3746,18.726,130751
2007-08-30,18.5916,18.9506,18.5916,18.7462,335284
2007-08-31,18.9506,19.1353,18.9119,19.0955,790478
2007-09-04,19.1353,19.5952,19.1353,19.4246,168171
2007-09-05,19.3635,19.3786,19.1268,19.2302,455203
2007-09-06,19.3815,19.4269,19.1692,19.3956,717076
2007-09-07,19.083,19.083,18.7462,18.8979,1182759
2007-09-10,19.1298,19.1813,18.743,18.9354,617782
2007-09-11,19.0925,19.2863,18.9578,19.1724,816361
2007-09-12,19.0925,19.2328,18.8434,18.875,314650
2007-09-13,18.8782,18.9683,18.7895,18.8058,659730
2007-09-14,18.6372,18.7836,18.6258,18.6884,516035
2007-09-17,18.603,18.7152,18.529,18.6317,195427
2007-09-18,18.8117,19.2895,18.7002,19.1842,660785
2007-09-19,19.3072,19.499,19.175,19.2693,473025
2007-09-20,19.178,19.3469,19.178,19.2833,249627
2007-09-21,19.3874,19.4904,19.3547,19.3698,233543
2007-09-24,19.4074,19.5009,19.2188,19.313,441569
2007-09-25,19.1692,19.447,19.1692,19.4246,530368
2007-09-26,19.618,19.6239,19.3072,19.3294,909713
2007-09-27,19.4904,19.5531,19.3956,19.4011,174450
2007-09-28,19.4295,19.5038,19.3016,19.3016,378287
2007-10-01,19.4158,19.8046,19.4158,19.7034,281795
2007-10-02,19.7325,19.7821,19.604,19.7415,927882
2007-10-03,19.5009,19.7872,19.178,19.316,439468
2007-10-04,19.313,19.313,19.1376,19.2807,224449
2007-10-05,19.4246,19.7123,19.3786,19.604,714967
2007-10-08,19.6623,19.6983,19.5413,19.6333,913212
2007-10-09,19.879,19.879,19.2487,19.4904,1042565
2007-10-10,19.4699,19.4842,19.2752,19.4441,738038
2007-10-11,19.5707,19.5707,18.872,19.027,586656
2007-10-12,19.1209,19.3016,19.0864,19.2576,679306
2007-10-15,19.3355,19.393,19.178,19.2576,518825
2007-10-16,19.2351,19.4216,19.2188,19.2279,858319
2007-10-17,19.7354,19.7354,19.3903,19.5851,853413
2007-10-18,19.4931,19.6272,19.3577,19.5926,516035
2007-10-19,19.5238,19.5238,18.9999,19.0182,991519
2007-10-22,18.8265,19.2487,18.7922,19.1842,627912
2007-10-23,19.2279,19.2279,18.9653,19.2279,337375
2007-10-24,18.8117,18.8117,18.1998,18.6372,682103
2007-10-25,18.5149,18.5179,17.8512,18.0224,568827
2007-10-26,18.2745,18.2915,17.937,18.0828,428630
2007-10-29,18.1281,18.3573,18.1281,18.2517,250673
2007-10-30,18.1884,18.4396,18.1623,18.3192,752025
2007-10-31,18.3573,18.5547,18.2403,18.4921,316051
2007-11-01,18.4236,18.4236,18.1562,18.1852,497170
2007-11-02,18.2488,18.3257,18.0518,18.3111,1461746
2007-11-05,18.0974,18.4288,18.0974,18.223,1342526
2007-11-06,18.3192,18.5038,18.223,18.4858,2145241
2007-11-07,18.3166,18.4236,17.9845,17.9905,447854
2007-11-08,18.0798,18.0916,17.4418,17.7364,1383776
2007-11-09,17.6072,17.8395,17.5162,17.5817,1158645
2007-11-12,17.4761,17.6333,17.1219,17.1268,807973
2007-11-13,17.3785,17.5645,17.3163,17.5162,134246
2007-11-14,17.7054,17.7334,17.3785,17.3811,132860
2007-11-15,17.299,17.4989,17.1506,17.2782,760404
2007-11-16,17.311,17.3694,17.0723,17.162,1440425
2007-11-19,17.0987,17.2194,16.8296,16.8492,1448464
2007-11-20,16.8961,16.9871,16.3492,16.644,1897723
2007-11-21,16.4157,16.6728,16.1372,16.3146,1833052
2007-11-23,16.4493,16.6356,16.3632,16.5521,108044
2007-11-26,16.6469,16.6861,16.1284,16.1284,259414
2007-11-27,16.1434,16.4719,16.1254,16.4719,2117439
2007-11-28,16.7924,17.2396,16.7037,17.1735,517083
2007-11-29,17.0664,17.2223,17.0273,17.1588,839439
2007-11-30,17.3988,17.3988,16.876,16.9154,104874
2007-12-03,16.9526,17.0697,16.8789,16.8994,84255
2007-12-04,16.7905,16.8994,16.735,16.7671,2489978
2007-12-05,17.0475,17.3785,17.0475,17.2449,640160
2007-12-06,17.2073,17.5762,17.2073,17.5364,631054
2007-12-07,17.5364,17.5732,17.4242,17.5103,323038
2007-12-10,17.5394,17.7135,17.4644,17.661,211149
2007-12-11,17.7744,17.8597,17.3139,17.3139,1919402
2007-12-12,17.8365,17.8365,17.299,17.5276,1062129
2007-12-13,17.4334,17.5847,17.1675,17.3649,1304416
2007-12-14,17.251,17.3649,17.1473,17.1815,1100251
2007-12-17,17.084,17.1297,16.8002,16.8002,1283445
2007-12-18,16.8789,16.9556,16.6978,16.8789,922299
2007-12-19,16.7953,17.0302,16.7953,16.918,294844
2007-12-20,17.0928,17.2563,16.9871,17.1473,354940
2007-12-21,17.4468,17.4819,17.296,17.3669,419892
2007-12-24,17.4441,17.5704,17.4441,17.5479,142107
2007-12-26,17.5616,17.6072,17.4904,17.5791,639191
2007-12-27,17.4621,17.5934,17.1906,17.1959,190837
2007-12-28,17.2755,17.2782,17.0587,17.1385,223683
2007-12-31,17.1045,17.1675,16.9702,16.9927,314693
2008-01-02,16.9732,17.0664,16.4157,16.5377,625753
2008-01-03,16.5977,16.5977,16.283,16.3406,700084
2008-01-04,16.0918,16.0918,15.4119,15.5537,757442
2008-01-07,15.628,15.628,15.0432,15.1815,404014
2008-01-08,15.2458,15.4499,14.7797,14.8244,484173
2008-01-09,14.7683,15.0448,14.5129,14.9197,698242
2008-01-10,14.7217,15.0534,14.676,14.978,2215507
2008-01-11,14.885,14.885,14.4268,14.5129,269666
2008-01-14,14.7309,14.978,14.71,14.9529,134675
2008-01-15,14.794,14.794,14.3303,14.3935,415986
2008-01-16,14.0552,14.5318,13.8173,14.2093,452548
2008-01-17,14.3668,14.5129,13.9474,13.9474,566985
2008-01-18,14.1415,14.4173,14.0637,14.3126,457211
2008-01-22,13.7584,14.247,13.5518,14.0439,533940
2008-01-23,13.4088,14.4079,13.3005,14.3759,516832
2008-01-24,14.4148,14.7856,14.3962,14.7856,775007
2008-01-25,15.1023,15.2458,14.4731,14.4878,1405498
2008-01-28,14.4203,14.676,14.2439,14.676,449960
2008-01-29,14.6356,14.8244,14.4904,14.7014,261581
2008-01-30,14.7187,14.8935,14.5931,14.6906,313792
2008-01-31,14.5018,14.8029,14.4203,14.6473,370953
2008-02-01,14.7588,15.444,14.7588,15.4284,704910
2008-02-04,15.4408,15.444,15.1283,15.1538,435618
2008-02-05,14.8452,14.8965,14.4757,14.4933,421287
2008-02-06,14.5383,14.6446,14.113,14.1264,442332
2008-02-07,14.0034,14.5018,13.8146,14.2581,552044
2008-02-08,14.2784,14.5739,14.2581,14.4236,271788
2008-02-11,14.4878,14.8765,14.4878,14.7588,191941
2008-02-12,14.8704,14.981,14.6564,14.6874,230272
2008-02-13,14.8645,15.2344,14.8645,15.2314,87048
2008-02-14,15.2458,15.2458,14.7154,14.7154,1156557
2008-02-15,14.6446,14.7338,14.3792,14.4476,121108
2008-02-19,14.6446,14.6534,14.284,14.3414,194026
2008-02-20,14.1779,14.7249,14.1779,14.6215,192554
2008-02-21,14.8452,14.9702,14.5351,14.5824,962758
2008-02-22,14.6189,14.6413,14.3388,14.6304,848526
2008-02-25,14.5768,14.8475,14.479,14.7708,2195241
2008-02-26,14.6473,15.1506,14.6473,15.0083,5252940
2008-02-27,14.8876,15.2458,14.8876,15.1397,2031666
2008-02-28,14.9754,15.0344,14.7369,14.783,342446
2008-02-29,14.6446,14.6704,14.3156,14.3544,244256
2008-03-03,14.3514,14.387,14.1323,14.2702,1059145
2008-03-04,14.1583,14.3605,13.9052,14.3464,941875
2008-03-05,14.2383,14.6131,14.2383,14.4904,274440
2008-03-06,14.3514,14.4173,14.0552,14.0729,184592
2008-03-07,13.9444,14.4109,13.7888,14.0902,396340
2008-03-10,14.0552,14.1929,13.8704,13.8704,246846
2008-03-11,14.0322,14.3544,13.9144,14.3544,248122
2008-03-12,14.3126,14.5018,14.2499,14.2499,1606493
2008-03-13,13.9894,14.5768,13.9894,14.5018,451395
2008-03-14,14.5292,14.5533,13.9698,14.0872,1114238
2008-03-17,13.4601,14.2331,13.4601,14.0322,2173567
2008-03-18,14.1668,14.5931,14.1232,14.5931,1144992
2008-03-19,14.5563,14.5677,13.9815,13.9952,596446
2008-03-20,13.9616,14.2702,13.8856,14.2702,4841844
2008-03-24,14.2732,14.8965,14.2732,14.7217,847557
2008-03-25,14.7309,14.8586,14.6304,14.765,189911
2008-03-26,14.7014,14.765,14.4324,14.6075,2394875
2008-03-27,14.5474,14.5474,14.2308,14.2308,306249
2008-03-28,14.3726,14.4027,14.0234,14.0234,267465
2008-03-31,14.0439,14.3071,14.0439,14.175,559041
2008-04-01,14.3274,14.8,14.3274,14.7683,1009694
2008-04-02,14.765,15.0847,14.765,14.8733,2350504
2008-04-03,14.7559,15.1702,14.659,15.0847,1075557
2008-04-04,15.0191,15.2135,14.8935,15.1056,347168
2008-04-07,15.1757,15.2458,14.9197,14.9901,3669570
2008-04-08,14.8426,14.8426,14.6245,14.6734,393313
2008-04-09,14.7309,14.9728,14.6108,14.8218,2881201
2008-04-10,14.8586,15.3104,14.8527,15.1669,1930943
2008-04-11,15.0136,15.0136,14.5706,14.6131,686475
2008-04-14,14.5018,14.5677,14.3156,14.3491,525205
2008-04-15,14.4236,14.4236,14.0784,14.387,872643
2008-04-16,14.6815,15.0019,14.6674,14.9702,647531
2008-04-17,14.8733,14.8903,14.6564,14.8671,420935
2008-04-18,15.1342,15.3166,15.0169,15.1878,1116111
2008-04-21,15.0873,15.3681,15.0873,15.3534,2181306
2008-04-22,15.2165,15.2165,14.794,14.9506,1188290
2008-04-23,15.0191,15.5384,15.0191,15.386,1882482
2008-04-24,15.3775,15.7889,15.2017,15.66,1492449
2008-04-25,15.7458,15.7458,15.2934,15.6036,420061
2008-04-28,15.5117,15.5837,15.4141,15.4917,719323
2008-04-29,15.4499,15.6424,15.444,15.5661,780811
2008-04-30,15.5863,15.5863,15.1815,15.2716,2979305
2008-05-01,15.2598,15.903,15.2598,15.843,2502285
2008-05-02,15.9891,16.0406,15.6456,15.8521,2432160
2008-05-05,15.7859,15.8521,15.6339,15.737,1895942
2008-05-06,15.5974,16.023,15.5974,16.0032,1091829
2008-05-07,16.0465,16.206,15.8084,15.8084,3579366
2008-05-08,15.8639,15.9976,15.6888,15.8753,4100755
2008-05-09,15.7064,15.9804,15.7064,15.8726,266646
2008-05-12,15.7918,16.0873,15.7918,16.0668,201682
2008-05-13,16.1176,16.1666,16.0174,16.1345,291094
2008-05-14,16.1254,16.6182,16.1254,16.3406,520572
2008-05-15,16.3665,16.7275,16.3178,16.7213,468699
2008-05-16,16.7327,16.8152,16.4667,16.8126,358269
2008-05-19,16.8466,17.1443,16.6728,16.7327,413040
2008-05-20,16.6676,16.6676,16.2086,16.3211,394448
2008-05-21,16.2484,16.3861,16.0292,16.0608,316355
2008-05-22,16.0785,16.3067,16.0696,16.1522,438963
2008-05-23,16.1284,16.1284,15.8052,16.0292,311415
2008-05-27,16.0032,16.3378,16.0032,16.3211,433220
2008-05-28,16.4007,16.4431,16.2203,16.3835,683531
2008-05-29,16.3319,16.4376,16.3146,16.3264,154625
2008-05-30,16.4007,16.6502,16.4007,16.5658,277169
2008-06-02,16.5299,16.5602,16.2005,16.4007,268483
2008-06-03,16.446,16.446,16.0465,16.1692,649131
2008-06-04,16.2918,16.5266,16.2311,16.4238,679395
2008-06-05,16.5864,16.7096,16.446,16.6356,470962
2008-06-06,16.6035,16.6469,16.1985,16.4065,413812
2008-06-09,16.3146,16.3146,15.7709,16.0668,386765
2008-06-10,15.9428,15.9428,15.6456,15.7432,951368
2008-06-11,15.7918,15.7918,15.2392,15.2392,535197
2008-06-12,15.1724,15.6085,15.1724,15.3022,644333
2008-06-13,15.444,15.7775,15.4171,15.6982,3966251
2008-06-16,15.6254,16.0994,15.6254,16.0122,2039079
2008-06-17,16.0318,16.1555,15.7889,15.7948,1678629
2008-06-18,15.6456,15.7595,15.3805,15.444,219151
2008-06-19,15.5146,15.9604,15.3534,15.8491,501738
2008-06-20,15.6515,15.6515,15.4284,15.4917,378011
2008-06-23,15.6456,15.6456,15.2281,15.2458,579246
2008-06-24,15.1206,15.6085,15.1206,15.3224,3201076
2008-06-25,15.497,15.7918,15.497,15.5916,911127
2008-06-26,15.444,15.4715,14.8136,14.8903,2353162
2008-06-27,14.8306,14.9111,14.5798,14.794,833935
2008-06-30,14.6936,14.9421,14.6446,14.6446,278187
2008-07-01,14.5018,14.616,14.2034,14.5931,398283
2008-07-02,14.6275,14.7129,14.2034,14.2439,812752
2008-07-03,14.3576,14.3576,13.6414,13.8346,1204055
2008-07-07,13.9052,14.2158,13.7145,13.9177,4019884
2008-07-08,13.844,14.0491,13.7167,13.9982,1050702
2008-07-09,14.0145,14.0145,13.4314,13.4314,5703483
2008-07-10,13.3726,13.6805,13.3139,13.6294,875436
2008-07-11,13.4629,13.7832,13.2429,13.5804,3253792
2008-07-14,13.6639,13.7353,13.2741,13.415,2280570
2008-07-15,13.3028,13.8035,13.2037,13.5462,1201213
2008-07-16,13.7115,14.0234,13.4923,13.9838,4225812
2008-07-17,14.098,14.3635,13.8811,14.284,1138121
2008-07-18,14.2217,14.2702,13.8009,14.2158,5380110
2008-07-21,14.3022,14.3189,14.0234,14.0955,584301
2008-07-22,13.8221,13.8254,13.4601,13.6606,856807
2008-07-23,13.7037,13.9507,13.5777,13.7888,806633
2008-07-24,13.7295,13.7295,13.1026,13.1312,1006567
2008-07-25,13.163,13.2947,13.0285,13.2601,5763454
2008-07-28,13.1342,13.2826,13.0031,13.0458,2384512
2008-07-29,13.1574,13.4059,13.0661,13.3808,1684479
2008-07-30,13.5067,13.6294,13.3263,13.4901,4388553
2008-07-31,13.3726,13.7295,13.3726,13.4402,1061862
2008-08-01,13.4229,13.4721,13.1372,13.3198,1272037
2008-08-04,13.3837,13.4874,13.2914,13.3463,704233
2008-08-05,13.4812,13.6838,13.3603,13.6743,860897
2008-08-06,13.7379,13.9111,13.4691,13.8469,627393
2008-08-07,13.844,14.2581,13.6743,13.9815,818179
2008-08-08,13.9698,14.3156,13.9052,14.2732,580052
2008-08-11,14.3414,14.7559,14.2673,14.5739,788982
2008-08-12,14.5876,14.6619,14.4846,14.5442,961510
2008-08-13,14.6046,14.7708,14.4535,14.616,1104083
2008-08-14,14.5267,14.8335,14.5018,14.765,810134
2008-08-15,14.8452,14.9584,14.7279,14.8335,1377457
2008-08-18,14.9397,14.9397,14.479,14.6446,1236652
2008-08-19,14.5706,14.6016,14.3189,14.3697,965333
2008-08-20,14.4992,14.5503,14.2555,14.3303,1097225
2008-08-21,14.2928,14.3156,14.1382,14.2499,798054
2008-08-22,14.4148,14.4816,14.2868,14.4268,485847
2008-08-25,14.3414,14.4357,14.1929,14.2005,977054
2008-08-26,14.1415,14.1583,13.9698,14.0784,672350
2008-08-27,14.0439,14.3189,14.0322,14.2184,339653
2008-08-28,14.2813,14.3759,14.2416,14.3514,711738
2008-08-29,14.1871,14.2093,13.9294,14.0322,572743
2008-09-02,14.2499,14.3241,13.7441,13.8123,1363430
2008-09-03,13.7295,13.7295,13.1489,13.1864,1182799
2008-09-04,13.085,13.1114,12.7393,12.7796,1236493
2008-09-05,12.6058,13.0201,12.6058,12.9483,1094318
2008-09-08,13.2885,13.2885,12.6417,12.8717,1158280
2008-09-09,12.7275,12.8658,12.3041,12.3713,2425755
2008-09-10,12.5419,12.5967,12.3625,12.448,1530010
2008-09-11,12.307,12.5338,12.1218,12.4506,1818253
2008-09-12,12.2865,12.4962,12.1496,12.4679,1355002
2008-09-15,12.0017,12.4055,11.9702,11.9823,1796013
2008-09-16,11.4865,12.2454,11.4414,12.1071,2259414
2008-09-17,11.7532,12.2017,11.7016,11.7016,1120725
2008-09-18,11.9146,12.399,11.4865,12.2897,2809068
2008-09-19,13.2265,13.4004,11.4385,12.5879,556297
2008-09-22,12.3573,12.5109,12.0099,12.0161,236704
2008-09-23,12.0648,12.1936,11.7614,11.8321,198085
2008-09-24,11.9731,12.1188,11.8983,11.9532,461359
2008-09-25,11.6528,12.2705,11.6528,12.1247,580628
2008-09-26,12.0798,12.1902,11.5393,12.1902,544671
2008-09-29,12.1496,12.1496,11.0716,11.1554,1363332
2008-09-30,10.9832,11.6156,10.9832,11.5958,1941634
2008-10-01,11.7043,11.7043,11.3602,11.5331,1198325
2008-10-02,11.3328,11.3664,10.8124,10.8351,1097648
2008-10-03,11.0716,11.2666,10.7,10.7116,960841
2008-10-06,10.4226,10.4629,9.79037,10.3491,999715
2008-10-07,10.3768,10.4747,9.64785,9.67332,732489
2008-10-08,9.27473,10.097,9.27473,9.65111,2403708
2008-10-09,9.86053,10.0683,9.35791,9.48511,1127933
2008-10-10,8.90423,9.75061,8.77896,9.36347,2772595
2008-10-13,9.55357,10.222,9.55357,10.222,720084
2008-10-14,10.5572,10.6263,9.67332,9.79956,1362274
2008-10-15,9.75061,9.75976,8.8807,8.89212,989668
2008-10-16,8.86934,9.35038,8.49519,9.3256,1762563
2008-10-17,9.1322,9.57349,9.10477,9.17849,1082398
2008-10-20,9.38694,9.47955,9.26364,9.45277,655959
2008-10-21,9.05003,9.29883,9.00467,9.00467,720709
2008-10-22,8.99261,9.09631,8.48121,8.63871,484020
2008-10-23,8.66645,8.73008,8.13479,8.45836,633102
2008-10-24,7.74502,8.70883,7.74502,8.44924,780367
2008-10-27,8.22313,8.79818,8.22313,8.43229,620743
2008-10-28,8.69182,9.20727,8.40911,9.18994,1143984
2008-10-29,9.08459,9.31129,8.91856,9.03827,691625
2008-10-30,9.2956,9.43853,9.02981,9.43,501272
2008-10-31,9.22225,9.7245,9.22225,9.55034,631296
2008-11-03,9.65671,9.72746,9.48511,9.5272,254021
2008-11-04,9.71311,9.91075,9.62827,9.88111,305351
2008-11-05,9.73596,9.7881,9.3667,9.36933,269789
2008-11-06,9.20393,9.27732,8.64397,8.65796,262608
2008-11-07,8.74407,8.91007,8.68892,8.84976,162778
2008-11-10,8.92152,8.95249,8.50079,8.59202,190672
2008-11-11,8.40614,8.58943,8.28381,8.40911,470094
2008-11-12,8.24311,8.36056,7.97402,7.98571,215742
2008-11-13,8.04868,8.51253,7.58652,8.51253,666521
2008-11-14,8.28097,8.30602,7.87652,7.92048,391520
2008-11-17,7.7998,7.93972,7.70656,7.71565,393654
2008-11-18,7.6615,7.77116,7.32295,7.53953,419101
2008-11-19,7.443,7.57473,6.97594,6.97594,296156
2008-11-20,6.88753,7.23331,6.68697,6.68697,492614
2008-11-21,6.9472,7.00205,6.55064,6.99423,392418
2008-11-24,6.98184,7.48023,6.98184,7.42604,229340
2008-11-25,7.4714,7.49454,7.16745,7.3422,610620
2008-11-26,7.15013,7.85045,7.15013,7.83699,406813
2008-11-28,7.87066,7.87066,7.65341,7.74182,214234
2008-12-01,7.46258,7.52099,7.15602,7.15602,557554
2008-12-02,7.31676,7.3422,7.01866,7.2763,483652
2008-12-03,7.05353,7.64192,7.05353,7.62868,644735
2008-12-04,7.49192,7.6315,7.12792,7.19938,508879
2008-12-05,7.05353,7.46028,6.90255,7.46028,828235
2008-12-08,7.64786,7.69191,7.443,7.57473,291756
2008-12-09,7.53953,8.18304,7.39897,7.91791,996054
2008-12-10,7.91791,8.33146,7.87652,8.06663,1019754
2008-12-11,8.00859,8.21411,7.84516,7.87968,436154
2008-12-12,7.68568,8.2956,7.68568,8.27505,796380
2008-12-15,8.31777,8.31777,7.97402,8.14948,346159
2008-12-16,8.26948,8.61853,8.22547,8.58037,423669
2008-12-17,8.46163,8.75872,8.37125,8.66645,422422
2008-12-18,8.6469,8.6469,8.0229,8.13216,399967
2008-12-19,8.2284,8.42606,8.21111,8.31777,273962
2008-12-22,8.1916,8.1916,7.77116,7.93157,272303
2008-12-23,7.97988,7.97988,7.65855,7.69774,303879
2008-12-24,7.72158,7.79431,7.71242,7.78552,166362
2008-12-26,7.79431,7.79431,7.67659,7.73527,156477
2008-12-29,7.7297,7.73527,7.57769,7.69774,442274
2008-12-30,7.74796,8.06663,7.74796,8.04026,399718
2008-12-31,8.03203,8.19453,8.02617,8.11454,224735
2009-01-02,8.12893,8.52063,8.06077,8.4926,197340
2009-01-05,8.4179,8.61557,8.36056,8.48996,428780
2009-01-06,8.54055,9.02358,8.54055,8.94729,494469
2009-01-07,8.72386,8.72386,8.42902,8.52589,409971
2009-01-08,8.43451,8.54317,8.28711,8.51773,282359
2009-01-09,8.49519,8.50954,8.19965,8.21738,298762
2009-01-12,8.19965,8.19965,7.89121,7.96553,232298
2009-01-13,8.05787,8.1971,7.83443,7.97728,523414
2009-01-14,7.84778,7.87066,7.61163,7.65598,257172
2009-01-15,7.6674,7.88528,7.47756,7.79431,513352
2009-01-16,7.96846,8.14948,7.77116,8.11454,761741
2009-01-20,8.10026,8.10026,7.55358,7.5686,427698
2009-01-21,7.68238,7.77409,7.40194,7.75451,323572
2009-01-22,7.56238,7.71565,7.37027,7.56238,531432
2009-01-23,7.57769,8.01119,7.4714,7.88528,633771
2009-01-26,7.9,8.13216,7.84516,7.95215,605208
2009-01-27,7.97143,8.28097,7.97143,8.20559,740846
2009-01-28,8.40032,8.56302,8.33146,8.4926,741104
2009-01-29,8.35164,8.35164,8.01119,8.06663,428888
2009-01-30,8.11134,8.18597,7.83443,7.90286,919402
2009-02-02,7.75451,8.06339,7.7297,7.99426,660239
2009-02-03,8.0229,8.14948,7.86247,8.12307,1434186
2009-02-04,8.11134,8.51253,8.05787,8.22547,1271154
2009-02-05,8.08227,8.68046,8.08227,8.56302,1108146
2009-02-06,8.6126,8.93321,8.6126,8.8807,643803
2009-02-09,8.85266,8.89504,8.72386,8.8357,1171173
2009-02-10,8.77896,8.93587,8.34877,8.42902,661916
2009-02-11,8.415,8.415,8.11134,8.27505,763504
2009-02-12,8.12893,8.42083,8.08227,8.38007,1077906
2009-02-13,8.35164,8.61853,8.35164,8.51773,849145
2009-02-17,8.1971,8.19965,7.9254,7.93752,514394
2009-02-18,7.98248,8.14948,7.86766,7.94888,771702
2009-02-19,8.0288,8.04026,7.54512,7.57473,574828
2009-02-20,7.43813,7.71565,7.43813,7.61979,953572
2009-02-23,7.65082,7.65082,7.26855,7.29854,1238204
2009-02-24,7.36275,7.71865,7.36275,7.67037,250749
2009-02-25,7.64192,8.09373,7.57154,7.88794,1154549
2009-02-26,7.95964,8.25517,7.78552,7.81652,674297
2009-02-27,7.71865,7.94272,7.70363,7.77409,882098
2009-03-02,7.61979,7.75711,7.33148,7.36541,459633
2009-03-03,7.49454,7.60936,7.3422,7.4714,953866
2009-03-04,7.61682,7.9577,7.57769,7.80276,780367
2009-03-05,7.72414,7.9577,7.68568,7.69774,1599304
2009-03-06,7.79691,7.89414,7.41722,7.60091,1590308
2009-03-09,7.52718,7.83443,7.42604,7.45409,512601
2009-03-10,7.65855,8.04578,7.61425,8.03203,918228
2009-03-11,8.06956,8.30864,8.06956,8.23459,977539
2009-03-12,8.29296,8.60998,8.16349,8.59202,979338
2009-03-13,8.61853,8.70883,8.4926,8.67787,913733
2009-03-16,8.94729,8.975,8.37681,8.415,1066792
2009-03-17,8.44924,8.75872,8.36056,8.74407,625952
2009-03-18,8.73331,9.09861,8.68892,9.02655,1290448
2009-03-19,9.15472,9.15472,8.89504,9.00633,2295909
2009-03-20,8.96162,9.0755,8.51477,8.64979,573629
2009-03-23,8.93321,9.20393,8.8152,9.20393,635481
2009-03-24,9.20727,9.20727,8.90747,8.95535,776712
2009-03-25,9.04416,9.3256,8.72682,8.99878,1967682
2009-03-26,9.02981,9.43853,9.02981,9.43553,1319887
2009-03-27,9.42155,9.45277,9.21995,9.27473,393899
2009-03-30,9.26104,9.26104,8.76462,8.884,493797
2009-03-31,9.07836,9.08459,8.86637,8.90747,997826
2009-04-01,8.72386,9.09311,8.70008,9.06038,500837
2009-04-02,9.25837,9.59573,9.23034,9.43,833708
2009-04-03,9.54188,9.71311,9.32827,9.71311,773205
2009-04-06,9.59307,9.63646,9.33676,9.53929,485044
2009-04-07,9.41079,9.41079,9.12698,9.19288,691349
2009-04-08,9.22485,9.43293,9.15205,9.40227,1718916
2009-04-09,9.6645,9.88757,9.58164,9.79956,1980347
2009-04-13,9.80219,9.81747,9.46131,9.69387,1845838
2009-04-14,9.62567,9.90811,9.55357,9.7245,1198714
2009-04-15,9.55034,9.5611,9.3667,9.54475,1429523
2009-04-16,9.7245,9.95124,9.59863,9.93652,1112554
2009-04-17,9.97401,10.0109,9.73888,9.94857,1349716
2009-04-20,9.73596,9.79956,9.41595,9.48511,1026073
2009-04-21,9.36114,9.59047,9.21995,9.4646,1258911
2009-04-22,9.35791,10.0191,9.2725,9.75061,1420104
2009-04-23,9.87289,9.87289,9.35791,9.68244,1905921
2009-04-24,9.81747,9.90196,9.49913,9.81947,1869823
2009-04-27,9.63389,9.93652,9.63389,9.75976,1421064
2009-04-28,9.64195,9.74182,9.51581,9.59863,1059844
2009-04-29,9.66743,9.94564,9.59307,9.76755,549349
2009-04-30,9.95124,10.2679,9.82756,10.0135,1246638
2009-05-01,10.051,10.1338,9.83698,10.0425,2754629
2009-05-04,10.2301,10.5275,10.1538,10.5152,1644916
2009-05-05,10.4985,10.4985,10.219,10.4141,761275
2009-05-06,10.5546,10.5546,10.2278,10.4864,1199241
2009-05-07,10.6088,10.6088,9.76755,9.92249,1349348
2009-05-08,10.0079,10.0079,9.4704,9.61691,2336940
2009-05-11,9.45277,9.81158,9.33963,9.65671,1487059
2009-05-12,9.60149,9.72746,9.23786,9.41595,4146042
2009-05-13,9.33963,9.41338,9.12441,9.15765,1752108
2009-05-14,9.17236,9.47335,9.17236,9.38694,1967792
2009-05-15,9.35038,9.47955,9.2359,9.27473,1431739
2009-05-18,9.35791,9.62014,9.35791,9.59573,913810
2009-05-19,9.56726,9.94857,9.50992,9.81158,1597482
2009-05-20,9.96295,10.2734,9.88983,9.91367,2048262
2009-05-21,9.80538,9.89869,9.56726,9.71605,1418038
2009-05-22,9.75976,9.82204,9.57612,9.71894,683439
2009-05-26,9.60746,10.0856,9.60746,10.0484,1694131
2009-05-27,10.037,10.4226,10.037,10.1887,1326273
2009-05-28,10.2826,10.3853,10.0109,10.3742,784089
2009-05-29,10.3827,10.4891,10.2115,10.4166,883926
2009-06-01,10.6059,11.0386,10.6059,10.9695,1231964
2009-06-02,10.9528,10.9528,10.6059,10.6779,1101186
2009-06-03,10.5454,10.5454,10.3716,10.4924,761128
2009-06-04,10.5546,10.7457,10.5396,10.7145,908729
2009-06-05,10.8061,10.8061,10.4538,10.5428,1097568
2009-06-08,10.4985,10.6263,10.3396,10.5483,803257
2009-06-09,10.7171,11.1149,10.7171,11.0272,1550555
2009-06-10,11.1414,11.1531,10.838,11.0663,992608
2009-06-11,11.1033,11.1952,10.926,11.0011,917823
2009-06-12,10.9404,10.9662,10.6946,10.8498,361351
2009-06-15,10.6834,10.7829,10.4985,10.732,1355881
2009-06-16,10.8002,10.8032,10.4629,10.5126,1098932
2009-06-17,10.5572,10.7376,10.3317,10.6517,1289264
2009-06-18,10.6176,10.6897,10.4141,10.4508,783926
2009-06-19,10.5794,10.6717,10.4985,10.5686,566700
2009-06-22,10.4597,10.5598,10.1538,10.1538,535298
2009-06-23,10.1773,10.1915,9.91697,10.0683,632731
2009-06-24,10.131,10.4056,10.131,10.2914,360511
2009-06-25,10.2333,10.5093,10.1804,10.5014,623788
2009-06-26,10.4776,10.6293,10.4023,10.4838,512340
2009-06-29,10.522,10.5882,10.4111,10.4805,340334
2009-06-30,10.4776,10.655,10.3635,10.4864,746016
2009-07-01,10.5516,10.8124,10.5428,10.655,850412
2009-07-02,10.5336,10.6114,10.4277,10.5546,1233007
2009-07-06,10.4864,10.5738,10.2509,10.3944,543150
2009-07-07,10.4365,10.5454,10.1059,10.1169,657970
2009-07-08,10.1538,10.1678,9.87289,10.0256,677019
2009-07-09,10.0856,10.3579,10.0767,10.2333,731146
2009-07-10,10.1828,10.3853,10.1281,10.2914,816165
2009-07-13,10.2996,10.5516,10.1251,10.5454,665887
2009-07-14,10.5546,10.7346,10.5516,10.7145,1745188
2009-07-15,11.0745,11.2147,11.0411,11.1981,802993
2009-07-16,11.1384,11.4607,11.1003,11.4212,736223
2009-07-17,11.427,11.5716,11.2696,11.5586,901625
2009-07-20,11.6404,11.7043,11.518,11.6808,1470564
2009-07-21,11.7043,11.7043,11.4061,11.6404,1291070
2009-07-22,11.6012,11.9558,11.5866,11.9209,1101673
2009-07-23,11.8827,12.1796,11.7839,12.161,1787035
2009-07-24,11.9121,12.0396,11.7105,12.022,1041467
2009-07-27,12.0396,12.0827,11.8384,12.0622,757976
2009-07-28,12.0132,12.158,11.8957,12.085,503783
2009-07-29,12.053,12.0739,11.9179,12.0622,458263
2009-07-30,12.2167,12.4023,12.022,12.0272,613235
2009-07-31,12.0419,12.2102,11.9987,12.1071,560654
2009-08-03,12.2425,12.3348,12.0989,12.2755,1445454
2009-08-04,12.1822,12.3348,12.1496,12.2595,618999
2009-08-05,12.31,12.34,12.0501,12.1466,403943
2009-08-06,12.161,12.2787,11.9146,11.9499,513717
2009-08-07,12.1496,12.1642,11.871,11.9731,900684
2009-08-10,11.8983,12.0044,11.782,11.8769,709853
2009-08-11,11.856,11.9473,11.693,11.7448,403667
2009-08-12,11.7532,12.0622,11.7532,11.9764,456742
2009-08-13,12.0906,12.2536,11.9146,12.2311,732157
2009-08-14,12.1642,12.1642,11.8827,11.9845,898854
2009-08-17,11.779,11.779,11.6038,11.6404,611230
2009-08-18,11.6698,11.9146,11.6698,11.8903,265104
2009-08-19,11.6864,11.9764,11.6864,11.9473,546887
2009-08-20,11.9121,12.0706,11.9121,12.0419,443638
2009-08-21,12.1159,12.2787,11.9793,12.2673,511384
2009-08-24,12.3132,12.4164,12.1159,12.1496,393424
2009-08-25,12.1902,12.2865,12.093,12.2079,317520
2009-08-26,12.1737,12.3492,12.1737,12.3227,701758
2009-08-27,12.2787,12.3492,12.113,12.3492,313988
2009-08-28,12.5795,12.794,12.4797,12.6077,785631
2009-08-31,12.5109,12.5171,12.3253,12.4251,417639
2009-09-01,12.3426,12.688,12.0827,12.1071,1147025
2009-09-02,12.0501,12.2278,12.0161,12.0798,403198
2009-09-03,12.128,12.2787,12.0648,12.2647,283773
2009-09-04,12.3319,12.582,12.2865,12.582,365548
2009-09-08,12.72,12.8479,12.5967,12.8365,657167
2009-09-09,12.8596,13.0031,12.7082,12.9789,1462785
2009-09-10,13.0031,13.1948,12.9513,13.1802,1167162
2009-09-11,13.1574,13.1687,12.8717,12.9366,975871
2009-09-14,12.8365,12.9647,12.8335,12.9396,402793
2009-09-15,12.9822,13.1088,12.9457,13.0458,463101
2009-09-16,13.1146,13.1146,12.9114,12.9965,500732
2009-09-17,12.9851,13.0318,12.7024,12.7425,680809
2009-09-18,12.7796,12.9173,12.7366,12.839,373658
2009-09-21,12.7598,12.8928,12.7111,12.8244,544235
2009-09-22,12.9313,13.0347,12.8302,12.9366,1520542
2009-09-23,13.0635,13.2295,12.973,12.9851,859913
2009-09-24,13.0612,13.0715,12.5772,12.6738,825074
2009-09-25,12.6303,12.7366,12.5198,12.6385,473795
2009-09-28,12.7366,12.9965,12.7167,12.8869,407254
2009-09-29,12.9396,13.0115,12.6909,12.7053,668977
2009-09-30,12.7686,12.9647,12.5625,12.8109,892268
2009-10-01,12.7917,12.8192,12.1961,12.1984,2654602
2009-10-02,12.0827,12.284,12.0272,12.053,837075
2009-10-05,12.1104,12.3253,12.0363,12.2865,891174
2009-10-06,12.3931,12.6136,12.3931,12.5275,1921346
2009-10-07,12.5246,12.5599,12.4193,12.5018,933052
2009-10-08,12.5625,12.5625,12.2705,12.4134,1226933
2009-10-09,12.4301,12.8537,12.4251,12.839,914680
2009-10-12,12.8997,13.1743,12.884,13.0318,398253
2009-10-13,13.058,13.1114,12.9284,12.9822,597218
2009-10-14,13.2914,13.3028,13.0347,13.1864,1196283
2009-10-15,13.0715,13.1169,12.8951,12.9542,1275685
2009-10-16,12.8162,12.8244,12.5305,12.677,1516204
2009-10-19,12.7082,12.9027,12.6277,12.8684,657382
2009-10-20,12.9333,13.0377,12.7858,12.8192,1026076
2009-10-21,12.8335,12.9789,12.5716,12.5996,961491
2009-10-22,12.5904,12.7773,12.399,12.7337,1473354
2009-10-23,12.72,12.7425,12.3518,12.399,1269198
2009-10-26,12.385,12.6385,12.2484,12.3547,1439644
2009-10-27,12.3681,12.4767,12.0272,12.0677,1418495
2009-10-28,12.0419,12.1372,11.6988,11.7216,2104580
2009-10-29,11.8185,12.0334,11.8185,12.0099,931068
2009-10-30,11.9532,11.9679,11.5664,11.613,1467544
2009-11-02,11.6214,11.7385,11.4444,11.6156,1508128
2009-11-03,11.4444,11.518,11.2803,11.5008,1498964
2009-11-04,11.6156,11.8011,11.5837,11.5928,1031365
2009-11-05,11.7728,11.9901,11.733,11.9412,534660
2009-11-06,11.8798,12.1247,11.871,11.9679,396223
2009-11-09,12.1218,12.3713,12.1015,12.3348,545600
2009-11-10,12.34,12.4797,12.2363,12.3573,1005325
2009-11-11,12.4992,12.677,12.4679,12.5338,1501346
2009-11-12,12.5904,12.7366,12.4565,12.4738,555954
2009-11-13,12.522,12.6254,12.4301,12.5716,348698
2009-11-16,12.7533,12.9052,12.7533,12.8684,160527
2009-11-17,12.8057,12.9052,12.7425,12.8971,106247
2009-11-18,12.8869,12.9114,12.7111,12.794,108921
2009-11-19,12.5749,12.5749,12.2046,12.3743,560316
2009-11-20,12.2755,12.2989,12.1884,12.2755,357883
2009-11-23,12.4164,12.5449,12.3652,12.4055,206937
2009-11-24,12.4301,12.522,12.3879,12.505,260416
2009-11-25,12.5109,12.5849,12.5109,12.554,129116
2009-11-27,12.1525,12.4597,12.1342,12.3789,251602
2009-11-30,12.399,12.4078,12.2255,12.4023,191135
2009-12-01,12.5079,12.8365,12.5079,12.8025,220445
2009-12-02,12.8626,13.0823,12.7884,12.994,259904
2009-12-03,12.9965,13.3028,12.9965,13.1548,304042
2009-12-04,13.2826,13.4783,13.1088,13.3635,362507
2009-12-07,13.3667,13.5987,13.3667,13.4721,441777
2009-12-08,13.434,13.4955,13.2711,13.3981,528081
2009-12-09,13.415,13.4783,13.3005,13.4601,220129
2009-12-10,13.4979,13.6091,13.4176,13.4206,509210
2009-12-11,13.4516,13.4783,13.2654,13.3198,272441
2009-12-14,13.4402,13.5312,13.3635,13.5213,257795
2009-12-15,13.475,13.6117,13.4059,13.4542,539330
2009-12-16,13.4812,13.7947,13.4812,13.6525,265993
2009-12-17,13.5627,13.647,13.4314,13.4487,146228
2009-12-18,13.4955,13.6326,13.434,13.6091,220212
2009-12-21,13.6743,13.8671,13.6743,13.8671,370294
2009-12-22,13.9177,14.0006,13.9001,13.9444,1164946
2009-12-23,14.0175,14.0354,13.9027,13.9646,487101
2009-12-24,14.0057,14.1323,14.0057,14.1293,70826
2009-12-28,14.175,14.1929,13.9268,13.992,460688
2009-12-29,14.0006,14.0034,13.8762,13.9728,685855
2009-12-30,13.9268,14.1721,13.9268,14.1694,197975
2009-12-31,14.2158,14.247,14.0814,14.0814,160929
2010-01-04,14.2416,14.3792,14.2034,14.2526,443374
2010-01-05,14.2754,14.3544,14.1415,14.2308,719152
2010-01-06,14.2331,14.3052,14.1721,14.1871,255860
2010-01-07,14.175,14.175,13.9786,14.0755,350359
2010-01-08,14.0465,14.2928,14.0465,14.2868,271426
2010-01-11,14.3443,14.387,14.1264,14.2439,313884
2010-01-12,14.1072,14.1072,13.6583,13.7468,369374
2010-01-13,13.8254,13.9507,13.5367,13.9052,399359
2010-01-14,13.8811,13.8968,13.7379,13.8811,494490
2010-01-15,13.8733,13.8733,13.3951,13.4291,573009
2010-01-19,13.4425,13.6143,13.4425,13.5833,463702
2010-01-20,13.5236,13.5928,13.4059,13.5833,1068061
2010-01-21,13.5833,13.8009,13.4229,13.4979,889107
2010-01-22,13.4229,13.4229,12.8244,12.8626,854511
2010-01-25,12.9425,13.1312,12.9284,13.0403,625361
2010-01-26,12.973,13.1114,12.9085,12.9232,718474
2010-01-27,12.9284,13.1342,12.8269,13.1026,912224
2010-01-28,13.1055,13.1055,12.5138,12.7167,1379885
2010-01-29,12.7858,12.9262,12.2102,12.2923,1047884
2010-02-01,12.3518,12.7245,12.3518,12.7111,1970233
2010-02-02,12.7223,12.9052,12.6626,12.8417,819743
2010-02-03,12.8109,12.9147,12.7304,12.839,560982
2010-02-04,12.7053,12.7053,12.2647,12.284,716585
2010-02-05,12.2989,12.5795,12.2017,12.5657,904768
2010-02-08,12.5772,12.7304,12.4055,12.5138,346916
2010-02-09,12.6824,12.8135,12.5573,12.6626,317842
2010-02-10,12.6506,12.7742,12.5419,12.7393,528820
2010-02-11,12.7167,13.0318,12.6358,13.0031,526453
2010-02-12,12.857,13.2399,12.7533,13.1192,599846
2010-02-16,13.2399,13.4258,13.1687,13.4059,503795
2010-02-17,13.4783,13.5011,13.2344,13.3951,392167
2010-02-18,13.3355,13.4454,13.2295,13.4402,1249851
2010-02-19,13.3759,13.5488,13.3107,13.4783,1543322
2010-02-22,13.5488,13.5686,13.4059,13.4516,978866
2010-02-23,13.4176,13.4176,13.0171,13.1055,437316
2010-02-24,13.1656,13.4229,13.1656,13.3515,547157
2010-02-25,13.1055,13.3263,12.9851,13.2976,438500
2010-02-26,13.3048,13.3048,13.1284,13.2741,279686
2010-03-01,13.3407,13.6176,13.3407,13.5895,256535
2010-03-02,13.6326,13.7584,13.5429,13.5895,470907
2010-03-03,13.6525,13.7412,13.4629,13.5236,275964
2010-03-04,13.5289,13.5627,13.3407,13.5129,574132
2010-03-05,13.6016,13.7353,13.5162,13.6639,401864
2010-03-08,13.7145,13.7321,13.6353,13.6583,413144
2010-03-09,13.5928,13.7321,13.5518,13.6205,832604
2010-03-10,13.6743,13.9327,13.6555,13.8856,367519
2010-03-11,13.8498,13.8498,13.6727,13.7976,774222
2010-03-12,13.8733,13.8733,13.7353,13.7725,255275
2010-03-15,13.72,13.72,13.5345,13.6232,211085
2010-03-16,13.6606,14.0266,13.6502,14.0006,267707
2010-03-17,14.0465,14.2928,14.0465,14.2278,418013
2010-03-18,14.2354,14.2383,13.9982,14.0955,307975
2010-03-19,14.1382,14.1382,13.8123,13.9001,331139
2010-03-22,13.8093,14.2093,13.7555,14.175,613897
2010-03-23,14.2331,14.479,14.2217,14.462,494153
2010-03-24,14.3635,14.3726,14.0928,14.1203,617874
2010-03-25,14.2732,14.3605,14.1072,14.113,580530
2010-03-26,14.1982,14.2644,13.9386,14.0579,487166
2010-03-29,14.1264,14.2217,14.1072,14.1498,535599
2010-03-30,14.1638,14.2813,14.0637,14.2354,330406
2010-03-31,14.1638,14.3022,14.1097,14.1356,291845
2010-04-01,14.2644,14.4357,14.0208,14.1293,352052
2010-04-05,14.2354,14.5533,14.2184,14.5351,386829
2010-04-06,14.4561,14.4992,14.3544,14.4443,336050
2010-04-07,14.4109,14.6046,14.3156,14.4992,183522
2010-04-08,14.4294,14.4294,14.2125,14.3022,219424
2010-04-09,14.3156,14.4594,14.296,14.4594,95265
2010-04-12,14.5162,14.6848,14.4594,14.5824,207823
2010-04-13,14.5905,14.7338,14.5592,14.7187,193057
2010-04-14,15.0169,15.3397,14.9842,15.3166,556907
2010-04-15,15.3166,15.444,15.2693,15.3828,298305
2010-04-16,15.2934,15.2934,14.9555,15.1593,699275
2010-04-19,15.1023,15.1639,14.7217,15.0253,748511
2010-04-20,15.1616,15.266,15.0448,15.2224,231354
2010-04-21,15.3166,15.3504,14.8306,15.0253,228564
2010-04-22,14.8475,15.2458,14.6075,15.2344,527682
2010-04-23,15.2543,15.2543,14.9956,15.2428,310851
2010-04-26,15.2224,15.4092,15.2224,15.3104,222650
2010-04-27,15.1959,15.2817,14.7764,14.8153,469561
2010-04-28,14.9053,15.0432,14.6619,14.8876,535543
2010-04-29,14.9555,15.0752,14.8274,15.0752,448461
2010-04-30,15.0873,15.0873,14.4203,14.4203,424746
2010-05-03,14.5129,14.797,14.4878,14.7217,1505516
2010-05-04,14.496,14.5048,13.9868,14.1583,783037
2010-05-05,14.0086,14.2308,13.7751,14.0145,1374995
2010-05-06,13.9052,14.1183,6.65337,13.5067,1613668
2010-05-07,13.3867,13.6381,12.8717,13.3355,4105317
2010-05-10,14.0439,14.0491,13.7947,14.0292,603571
2010-05-11,13.9268,14.1809,13.7379,13.9507,992360
2010-05-12,14.0552,14.3635,14.0034,14.3329,778503
2010-05-13,14.2702,14.3994,13.9294,13.992,774943
2010-05-14,13.8583,13.8583,13.3139,13.5686,813442
2010-05-17,13.5686,13.7643,13.3172,13.7441,994515
2010-05-18,13.8556,13.9052,13.2947,13.3667,1618834
2010-05-19,13.3231,13.5777,13.1405,13.4454,1668938
2010-05-20,13.1114,13.3378,12.8335,13.0458,1226620
2010-05-21,12.7829,13.4659,12.7458,13.2429,1061006
2010-05-24,13.2295,13.3515,13.0436,13.0458,892259
2010-05-25,12.6997,13.1026,12.5275,13.085,1242603
2010-05-26,13.2265,13.4721,13.052,13.1088,1112180
2010-05-27,13.3293,13.6984,13.3293,13.6984,1201780
2010-05-28,13.644,13.6743,13.3139,13.4783,652961
2010-06-01,13.4029,13.6032,13.1919,13.1919,1151906
2010-06-02,13.254,13.6176,13.1978,13.6176,140746
2010-06-03,13.6583,13.7976,13.5429,13.7803,541976
2010-06-04,13.4955,13.6639,13.1146,13.1656,313126
2010-06-07,13.207,13.3139,12.6718,12.6824,603868
2010-06-08,12.7024,12.7304,12.3518,12.6798,350988
2010-06-09,12.8135,13.0347,12.5018,12.5338,374798
2010-06-10,12.7304,12.9851,12.7304,12.976,294234
2010-06-11,12.7796,13.1831,12.7796,13.163,549193
2010-06-14,13.3697,13.4659,13.1864,13.1948,565550
2010-06-15,13.2741,13.8938,13.2741,13.8531,468074
2010-06-16,13.7262,13.9982,13.644,13.9027,406752
2010-06-17,13.9587,14.0234,13.6984,13.9203,163354
2010-06-18,13.9587,14.0322,13.8378,13.8886,185530
2010-06-21,14.0086,14.0729,13.6353,13.7233,492277
2010-06-22,13.7441,13.9353,13.4454,13.4542,378627
2010-06-23,13.5038,13.6773,13.2826,13.5097,412476
2010-06-24,13.4487,13.4487,13.1114,13.1519,471137
2010-06-25,13.2209,13.2429,12.9565,13.189,281216
2010-06-28,13.1743,13.4088,13.1026,13.2794,1034222
2010-06-29,13.006,13.0086,12.6417,12.7167,671503
2010-06-30,12.7445,12.8649,12.4663,12.5031,374501
2010-07-01,12.4767,12.6136,12.1551,12.4797,878493
2010-07-02,12.4854,12.5305,12.2595,12.4134,506917
2010-07-06,12.582,12.6968,12.2787,12.3789,260628
2010-07-07,12.4023,13.052,12.4023,13.0403,192796
2010-07-08,13.189,13.189,12.8135,13.023,472323
2010-07-09,12.976,13.2093,12.973,13.2093,342354
2010-07-12,13.1372,13.3726,13.1372,13.2885,888877
2010-07-13,13.4425,13.6502,13.3808,13.5865,351809
2010-07-14,13.7643,13.8556,13.5011,13.5627,765307
2010-07-15,13.5804,13.5865,13.2976,13.5429,297809
2010-07-16,13.4176,13.4691,13.1434,13.1434,193811
2010-07-19,13.189,13.5038,13.189,13.4979,276742
2010-07-20,13.0996,13.4979,12.9965,13.4812,584166
2010-07-21,13.5011,13.5011,13.1743,13.2093,486237
2010-07-22,13.3077,13.6984,13.3077,13.6525,198015
2010-07-23,13.5928,13.7771,13.4691,13.7584,341364
2010-07-26,13.7353,13.9786,13.6143,13.9786,258172
2010-07-27,14.0234,14.0384,13.8312,13.8583,368970
2010-07-28,13.8221,13.9111,13.5573,13.6294,391590
2010-07-29,13.7011,13.7011,13.1574,13.2947,409575
2010-07-30,13.0768,13.2429,12.9457,13.1519,307034
2010-08-02,13.3107,13.4291,13.1919,13.3544,1191028
2010-08-03,13.2794,13.2885,13.1574,13.2344,198649
2010-08-04,13.2741,13.3697,13.1284,13.3574,893911
2010-08-05,13.2947,13.4206,13.2429,13.3231,191484
2010-08-06,13.171,13.4059,13.1574,13.3263,771972
2010-08-09,13.4542,13.4659,13.2601,13.4122,158868
2010-08-10,13.277,13.277,12.962,13.0879,930586
2010-08-11,12.8109,12.8109,12.4907,12.5749,748048
2010-08-12,12.31,12.4565,12.1766,12.3789,802576
2010-08-13,12.3374,12.5138,12.284,12.2956,219072
2010-08-16,12.2425,12.4329,12.1642,12.3319,262854
2010-08-17,12.4301,12.6225,12.3879,12.5018,202752
2010-08-18,12.5171,12.7167,12.4565,12.6506,1152351
2010-08-19,12.5772,12.677,12.3961,12.4679,369368
2010-08-20,12.4281,12.5716,12.3652,12.4708,416612
2010-08-23,12.5198,12.5934,12.3194,12.3374,510645
2010-08-24,12.1737,12.2673,12.0132,12.1466,534611
2010-08-25,12.0419,12.2729,11.9346,12.2484,188568
2010-08-26,12.3041,12.3165,12.0132,12.0622,247180
2010-08-27,12.1466,12.3599,11.8158,12.3286,642322
2010-08-30,12.2673,12.2729,11.9959,11.9987,594940
2010-08-31,11.9297,12.0635,11.7134,11.7767,657081
2010-09-01,11.962,12.2337,11.9591,12.113,285643
2010-09-02,12.1218,12.3713,12.1218,12.3599,234187
2010-09-03,12.5338,12.6446,12.3625,12.5967,155845
2010-09-07,12.5079,12.554,12.2787,12.3008,85598
2010-09-08,12.3253,12.3253,12.1342,12.2484,115304
2010-09-09,12.385,12.4134,12.2425,12.2705,1717490
2010-09-10,12.2595,12.2865,11.944,12.1188,342722
2010-09-13,12.2337,12.5275,12.2225,12.505,468313
2010-09-14,12.4907,12.8057,12.3713,12.7366,1101312
2010-09-15,12.6652,12.7425,12.5364,12.7167,298094
2010-09-16,12.6938,12.845,12.6254,12.8192,1379799
2010-09-17,12.9027,12.9085,12.771,12.8269,779404
2010-09-20,12.884,12.962,12.7366,12.9366,1258212
2010-09-21,12.9366,13.069,12.884,12.9647,934821
2010-09-22,12.8717,12.9396,12.6798,12.7628,305222
2010-09-23,12.6506,13.0661,12.5849,12.839,641469
2010-09-24,13.0201,13.4122,13.0201,13.4122,897897
2010-09-27,13.3808,13.4425,13.2711,13.3433,2179466
2010-09-28,13.4059,13.6117,13.2037,13.5777,802040
2010-09-29,13.4955,13.7262,13.4955,13.6117,973813
2010-09-30,13.6812,13.7758,13.3984,13.5319,3500074
2010-10-01,13.6205,13.6606,13.3867,13.5187,394745
2010-10-04,13.4402,13.5011,13.1802,13.3325,673012
2010-10-05,13.4659,13.7066,13.4402,13.6727,2505596
2010-10-06,13.6381,13.647,13.3544,13.4629,774593
2010-10-07,13.5236,13.554,13.3635,13.5162,1267796
2010-10-08,13.5162,13.6694,13.3263,13.644,1298008
2010-10-11,13.6353,13.8531,13.6353,13.7491,1585028
2010-10-12,13.7011,13.8916,13.6058,13.8469,1092383
2010-10-13,13.8886,13.8886,13.6984,13.8198,1100312
2010-10-14,13.7862,13.9353,13.7233,13.7862,825792
2010-10-15,12.8997,13.9868,12.8902,13.844,958527
2010-10-18,13.7725,13.8146,13.644,13.7491,1760932
2010-10-19,13.5462,13.8009,13.4229,13.5573,898854
2010-10-20,13.5954,13.7011,13.475,13.6502,1300437
2010-10-21,13.6502,13.6694,13.4542,13.5686,1445693
2010-10-22,13.5716,13.8704,13.5716,13.8312,1090826
2010-10-25,13.9144,14.0784,13.9144,13.992,1129531
2010-10-26,13.9203,13.9952,13.8009,13.9327,873633
2010-10-27,13.9507,14.3792,13.9507,14.3726,2754107
2010-10-28,14.3935,14.4109,14.2005,14.3792,4082022
2010-10-29,14.3371,14.5041,14.3371,14.4669,654803
2010-11-01,14.5618,14.5618,14.3071,14.4203,874887
2010-11-02,14.5099,14.5846,14.4324,14.5188,2164655
2010-11-03,14.5474,14.6734,14.4535,14.6674,481601
2010-11-04,14.8498,15.1397,14.8498,15.1255,522197
2010-11-05,15.1151,15.2905,15.1056,15.2224,520232
2010-11-08,15.1903,15.3315,15.1564,15.2194,987610
2010-11-09,15.2392,15.2392,14.9901,15.0565,262970
2010-11-10,15.0403,15.0565,14.8498,15.0432,1635059
2010-11-11,14.6245,14.9083,14.4904,14.8765,563594
2010-11-12,14.8153,15.0935,14.707,14.8704,1870512
2010-11-15,14.9555,15.0019,14.7504,14.7588,201369
2010-11-16,14.6564,14.7683,14.4698,14.5474,1067886
2010-11-17,14.4816,14.6936,14.4816,14.5351,204373
2010-11-18,14.6815,14.8553,14.6815,14.8,355789
2010-11-19,14.7708,15.0785,14.7708,15.0282,227040
2010-11-22,15.0282,15.2255,15.0019,15.2194,400500
2010-11-23,15.0589,15.1815,15.0344,15.1085,803659
2010-11-24,15.2076,15.5178,15.2076,15.4888,611248
2010-11-26,15.4092,15.4888,15.3567,15.3916,193419
2010-11-29,15.3104,15.3971,15.1815,15.3681,490596
2010-11-30,15.2139,15.2601,15.1345,15.1728,1653243
2010-12-01,15.4171,15.6826,15.4171,15.6309,552302
2010-12-02,15.7093,15.9604,15.7093,15.9395,810217
2010-12-03,15.8309,16.0638,15.8309,16.0204,765009
2010-12-06,16.052,16.052,15.889,16.0122,819350
2010-12-07,16.1666,16.2396,15.9947,15.9947,340744
2010-12-08,15.9804,16.1555,15.9604,16.1313,255222
2010-12-09,16.2292,16.2311,16.1254,16.181,116711
2010-12-10,16.2114,16.2396,16.1313,16.1839,67037
2010-12-13,16.2771,16.2889,16.0668,16.0753,795246
2010-12-14,16.1055,16.1176,15.9144,15.9695,425678
2010-12-15,15.9203,16.0058,15.7742,15.7977,237100
2010-12-16,15.8029,15.9395,15.7977,15.8838,1440401
2010-12-17,15.906,16.0318,15.906,15.9859,565884
2010-12-20,15.9575,15.9575,15.7918,15.8521,206854
2010-12-21,15.917,16.0006,15.9144,15.9515,136990
2010-12-22,15.8838,15.9728,15.8006,15.9695,2003419
2010-12-23,15.9483,15.9604,15.8809,15.9235,293415
2010-12-27,15.889,15.9604,15.7258,15.9428,174661
2010-12-28,15.9777,15.9777,15.8172,15.8776,141098
2010-12-29,15.9353,15.9353,15.8626,15.8822,61996
2010-12-30,15.8649,15.962,15.8649,15.9274,146365
2010-12-31,15.8626,15.9304,15.8355,15.9304,62640
2011-01-03,16.009,16.2086,15.9777,16.0174,400334
2011-01-04,16.0938,16.1692,15.903,16.0579,319289
2011-01-05,15.9637,16.1254,15.9287,16.1084,160530
2011-01-06,16.1985,16.4268,16.1692,16.3979,1140409
2011-01-07,16.4431,16.5158,16.1868,16.4431,4709738
2011-01-10,16.3945,16.6502,16.3698,16.6212,896021
2011-01-11,16.7155,16.7155,16.5778,16.6646,154389
2011-01-12,16.7755,16.9992,16.6783,16.9904,535071
2011-01-13,17.0048,17.0587,16.9043,17.0015,801721
2011-01-14,17.0475,17.4559,17.0475,17.4527,1925362
2011-01-18,17.387,17.4527,17.299,17.4049,864543
2011-01-19,17.251,17.267,16.9412,16.9839,3229224
2011-01-20,16.8466,16.8466,16.5658,16.8098,1597590
2011-01-21,16.9412,16.9646,16.6587,16.6891,321778
2011-01-24,16.75,17.084,16.7327,17.0756,2192567
2011-01-25,17.0335,17.0587,16.8466,16.9556,445263
2011-01-26,17.0243,17.1473,16.9206,17.0928,492224
2011-01-27,17.2164,17.4677,17.2164,17.4275,342845
2011-01-28,17.4732,17.5022,16.8613,16.9497,540906
2011-01-31,16.9546,17.0957,16.6405,17.0148,208982
2011-02-01,17.1705,17.5253,17.1705,17.4389,1195688
2011-02-02,17.3785,17.6072,17.3414,17.5309,520103
2011-02-03,17.5616,17.5847,17.387,17.5452,483066
2011-02-04,17.5964,17.9141,17.5817,17.9141,1342370
2011-02-07,17.9653,18.0191,17.783,17.8424,593223
2011-02-08,17.8395,17.8454,17.6907,17.8424,346340
2011-02-09,17.7712,17.8339,17.6541,17.7162,157740
2011-02-10,17.5103,17.7684,17.4559,17.7393,1282881
2011-02-11,17.6428,17.9457,17.616,17.8825,311336
2011-02-14,17.9108,18.1678,17.9108,18.0286,245093
2011-02-15,18.0022,18.0022,17.783,17.8454,256007
2011-02-16,17.9819,18.0856,17.9233,18.0316,308399
2011-02-17,17.9562,18.3434,17.9562,18.3029,724738
2011-02-18,18.3257,18.3603,18.177,18.2598,283328
2011-02-22,17.9076,17.9533,17.4852,17.5452,569373
2011-02-23,17.5791,17.5791,16.9761,17.2073,472608
2011-02-24,17.2073,17.5192,17.1848,17.4761,535945
2011-02-25,17.7054,17.9484,17.6727,17.9288,1971870
2011-02-28,18.0165,18.0443,17.5748,17.7566,295733
2011-03-01,17.7862,17.8234,17.3902,17.4118,984216
2011-03-02,17.4177,17.8613,17.3965,17.6316,4572110
2011-03-03,17.8323,18.0482,17.812,17.9695,690062
2011-03-04,17.9484,17.9533,17.6878,17.8219,5638528
2011-03-07,17.8538,17.8854,17.1359,17.3332,1010614
2011-03-08,17.3139,17.4989,17.1562,17.3499,2143843
2011-03-09,17.1535,17.2621,16.7924,16.8126,2138876
2011-03-10,16.5181,16.6353,16.3718,16.3854,2056831
2011-03-11,16.2879,16.5919,16.2758,16.5714,730211
2011-03-14,16.4957,16.7406,16.4238,16.5344,4695183
2011-03-15,15.9369,16.4294,15.8224,16.3178,1826310
2011-03-16,16.2292,16.5044,15.8587,15.9754,7848185
2011-03-17,16.2732,16.3596,16.1075,16.1656,5280089
2011-03-18,16.4177,16.4284,16.1656,16.2334,1480421
2011-03-21,16.4229,16.6176,16.4229,16.5259,878962
2011-03-22,16.4261,16.5181,16.343,16.3688,803662
2011-03-23,16.3097,16.5543,16.206,16.5266,1932147
2011-03-24,16.681,16.9679,16.644,16.9301,1054684
2011-03-25,16.9679,17.0667,16.876,16.8961,1268670
2011-03-28,17.0018,17.0475,16.8906,16.8994,1484468
2011-03-29,16.824,17.0667,16.7403,17.0667,737606
2011-03-30,17.2138,17.2373,16.9497,17.0876,277469
2011-03-31,17.0957,17.1075,16.8799,16.9285,213430
2011-04-01,16.9992,17.0243,16.6861,16.7403,645989
2011-04-04,16.7784,16.8032,16.4975,16.5919,788540
2011-04-05,16.876,17.1023,16.8554,16.9646,947698
2011-04-06,17.1646,17.2514,17.0701,17.2252,312887
2011-04-07,17.1735,17.2373,16.9871,17.1679,2752016
2011-04-08,17.2514,17.2907,16.936,17.0243,336584
2011-04-11,17.0335,17.0475,16.8215,16.8815,431917
2011-04-12,16.6888,16.7644,16.4343,16.524,805998
2011-04-13,16.6234,16.6747,16.4657,16.5625,1483858
2011-04-14,16.4399,16.5919,16.3397,16.5887,392575
2011-04-15,16.5214,16.7298,16.4575,16.6747,649956
2011-04-18,16.4738,16.4738,16.2559,16.3766,410461
2011-04-19,16.3573,16.463,16.3198,16.4451,282019
2011-04-20,16.9154,17.1591,16.9043,17.1414,976003
2011-04-21,17.2279,17.2788,17.0759,17.1591,238308
2011-04-25,17.1735,17.2373,17.1078,17.1711,613640
2011-04-26,17.2109,17.4796,17.188,17.4503,328845
2011-04-27,17.3313,17.4686,17.2484,17.4395,268587
2011-04-28,17.3932,17.4474,17.2373,17.3506,158583
2011-04-29,17.3241,17.433,17.3241,17.4105,148895
2011-05-02,17.4686,17.4686,17.2168,17.2543,266082
2011-05-03,17.1735,17.2138,16.9239,17.0423,403802
2011-05-04,17.1108,17.1797,16.8323,17.0367,924458
2011-05-05,16.9497,17.2484,16.9239,17.0815,300525
2011-05-06,17.2625,17.3965,17.1447,17.2168,328947
2011-05-09,17.2341,17.2341,17.0423,17.1447,601523
2011-05-10,17.1848,17.2814,17.1535,17.2279,170826
2011-05-11,17.2732,17.3116,17.0018,17.1023,233169
2011-05-12,17.0276,17.3932,17.0106,17.3258,397544
2011-05-13,17.3025,17.3535,17.1023,17.1137,152047
2011-05-16,17.0475,17.223,16.8407,16.8727,856381
2011-05-17,16.7726,16.795,16.5008,16.6643,1314255
2011-05-18,16.721,17.0051,16.6728,16.9679,175802
2011-05-19,16.8961,16.9301,16.678,16.824,701384
2011-05-20,16.8267,16.876,16.6946,16.7901,375439
2011-05-23,16.5857,16.5857,16.4343,16.4451,319071
2011-05-24,16.5129,16.5319,16.3003,16.3025,1711680
2011-05-25,16.2412,16.5129,16.2334,16.4483,1014989
2011-05-26,16.4284,16.6293,16.3796,16.6032,433750
2011-05-27,16.7272,16.8727,16.7272,16.8002,1417532
2011-05-31,16.9814,17.0736,16.9043,17.0564,810410
2011-06-01,17.0393,17.0393,16.5397,16.5596,879621
2011-06-02,16.6002,16.7151,16.4738,16.5397,569971
2011-06-03,16.3482,16.4889,16.2301,16.2507,618622
2011-06-06,16.2164,16.2912,16.1159,16.1332,1177329
2011-06-07,16.2292,16.375,16.2002,16.2002,1037607
2011-06-08,16.1222,16.1222,15.8293,15.8848,905991
2011-06-09,15.89,15.9908,15.8094,15.8962,1750134
2011-06-10,15.8322,15.8411,15.5328,15.6401,474905
2011-06-13,15.6662,15.7268,15.4389,15.5041,523899
2011-06-14,15.7464,15.871,15.7268,15.7755,1014342
2011-06-15,15.6319,15.7268,15.4565,15.4869,545085
2011-06-16,15.4679,15.5034,15.1711,15.3068,675385
2011-06-17,15.4558,15.4558,15.0327,15.083,1092564
2011-06-20,15.0344,15.1567,15.0253,15.1023,1749493
2011-06-21,15.2004,15.5034,15.1039,15.4558,1207127
2011-06-22,15.4248,15.554,15.3561,15.3968,686987
2011-06-23,15.253,15.6372,15.1388,15.6205,619404
2011-06-24,15.5896,15.5896,15.2184,15.2617,402809
2011-06-27,15.2954,15.403,15.1193,15.3393,294396
2011-06-28,15.3798,15.5507,15.3707,15.5448,316523
2011-06-29,15.5919,15.6463,15.447,15.5664,546566
2011-06-30,15.6421,15.9852,15.6421,15.9304,400834
2011-07-01,15.9415,16.3123,15.9104,16.2713,354943
2011-07-05,16.2742,16.3123,16.0687,16.1427,545912
2011-07-06,16.0482,16.0602,15.876,16.0135,1011224
2011-07-07,16.1515,16.4127,16.1222,16.3178,595642
2011-07-08,16.1134,16.1453,15.9274,16.0932,590277
2011-07-11,15.9104,16.1045,15.7575,15.8152,409784
2011-07-12,15.6685,15.6685,15.2765,15.3612,1000613
2011-07-13,15.4405,15.5416,15.2444,15.313,1357715
2011-07-14,15.3279,15.5034,15.0485,15.0857,584041
2011-07-15,15.1772,15.1772,14.9649,15.1463,700422
2011-07-18,15.0686,15.141,14.8218,14.9623,1123255
2011-07-19,15.1007,15.4679,15.1007,15.4307,1697374
2011-07-20,15.4917,15.523,15.2807,15.3707,1376350
2011-07-21,15.2839,15.5384,15.1329,15.4859,1033707
2011-07-22,15.5507,15.9131,15.5507,15.8626,629521
2011-07-25,15.6988,15.7575,15.6043,15.6744,607581
2011-07-26,15.7468,15.9754,15.7468,15.7823,891440
2011-07-27,15.6372,15.6372,15.1772,15.2184,2119628
2011-07-28,15.2096,15.4225,15.0295,15.1864,672886
2011-07-29,14.9548,15.1884,14.8469,15.0592,526900
2011-08-01,15.279,15.325,14.837,15.0445,1115452
2011-08-02,14.9275,15.008,14.5824,14.6079,1996664
2011-08-03,14.5931,14.7888,14.2976,14.78,1135620
2011-08-04,14.55,14.5791,13.9082,13.9268,2360285
2011-08-05,14.0358,14.2341,13.232,13.646,4968269
2011-08-08,13.252,13.4353,12.841,12.9169,3600972
2011-08-09,13.1029,13.52,12.7262,13.494,2240390
2011-08-10,13.1871,13.6522,13.0433,13.235,2921889
2011-08-11,13.4275,14.0647,13.3818,13.8886,1917998
2011-08-12,14.053,14.1303,13.7488,13.8312,1181888
2011-08-15,13.8916,14.1078,13.8811,14.0989,631456
2011-08-16,13.9956,14.0823,13.6687,13.8469,969714
2011-08-17,13.7914,14.0556,13.6222,13.7549,728592
2011-08-18,13.3739,13.3739,12.856,12.9585,2342824
2011-08-19,12.8182,13.2242,12.6785,12.7213,1809028
2011-08-22,12.9643,13.0741,12.7291,12.7986,1141074
2011-08-23,12.8649,13.4766,12.8501,13.4558,2053759
2011-08-24,13.4353,13.5853,13.2011,13.4675,1445132
2011-08-25,13.3739,13.5449,13.0771,13.115,892219
2011-08-26,13.1169,13.5276,12.9225,13.4796,696850
2011-08-29,13.672,13.9672,13.6545,13.9509,478854
2011-08-30,13.8609,14.0417,13.7882,13.9477,334235
2011-08-31,14.0683,14.1714,13.766,13.8759,592564
2011-09-01,13.8916,14.0556,13.6222,13.6493,853619
2011-09-02,13.3557,13.4359,13.2465,13.3243,456224
2011-09-06,12.8697,13.2465,12.8697,13.2347,1100953
2011-09-07,13.4799,13.8156,13.4616,13.7989,3214081
2011-09-08,13.7118,14.0576,13.6639,13.7386,551002
2011-09-09,13.6639,13.9438,13.5002,13.5925,1245228
2011-09-12,13.4301,14.0011,13.4301,13.9842,4736605
2011-09-13,14.0909,14.3143,13.9731,14.2598,1843434
2011-09-14,14.3922,14.7973,14.2944,14.6275,2877877
2011-09-15,14.8433,14.8886,14.6674,14.8619,1933831
2011-09-16,14.5931,15.037,14.5931,14.8841,3243643
2011-09-19,14.6105,14.8032,14.4754,14.7249,967032
2011-09-20,14.783,14.831,14.5155,14.5344,1723003
2011-09-21,14.5902,14.6995,14.2396,14.2426,2007772
2011-09-22,13.812,13.8811,13.5226,13.764,3554201
2011-09-23,13.5892,14.0869,13.5859,14.011,2965000
2011-09-26,14.1356,14.1356,13.687,14.0028,1905538
2011-09-27,14.294,14.5471,14.1874,14.2595,1619281
2011-09-28,14.2764,14.329,13.8453,13.8624,1311275
2011-09-29,14.0605,14.0814,13.4105,13.6841,1205146
2011-09-30,13.4662,13.5817,13.2073,13.2154,1850323
2011-10-03,13.1281,13.2608,12.7167,12.7249,1294099
2011-10-04,12.5357,13.2608,12.5295,13.232,4013819
2011-10-05,13.2406,13.7043,13.0738,13.6529,1596989
2011-10-06,13.6529,13.842,13.4946,13.8182,666558
2011-10-07,13.8717,14.0667,13.7679,13.8827,505111
2011-10-10,14.098,14.3501,14.098,14.2741,863742
2011-10-11,14.248,14.311,14.1613,14.2595,629908
2011-10-12,14.4122,14.5234,14.3592,14.3655,651952
2011-10-13,14.2973,14.7106,14.2973,14.6567,845012
2011-10-14,14.8201,14.8469,14.5824,14.8231,1883374
2011-10-17,14.7663,14.7663,14.3801,14.4373,1610016
2011-10-18,14.4554,14.7778,14.2741,14.7289,587315
2011-10-19,14.6219,14.7021,14.4013,14.4317,1453848
2011-10-20,14.2506,14.353,13.9098,14.1812,693296
2011-10-21,14.3831,14.6822,14.3831,14.4839,1935226
2011-10-24,14.5184,14.9927,14.5184,14.9666,731228
2011-10-25,14.8201,14.9777,14.6851,14.7197,716040
2011-10-26,14.8169,14.9362,14.4783,14.7693,707047
2011-10-27,15.2265,15.509,15.1059,15.3939,1062107
2011-10-28,15.4057,15.4555,15.3006,15.4526,416400
2011-10-31,15.2428,15.2941,15.0575,15.0801,530288
2011-11-01,14.5381,14.7428,14.4898,14.599,1144474
2011-11-02,14.7132,14.7869,14.5381,14.6538,684601
2011-11-03,14.7957,15.1153,14.5096,15.0905,664945
2011-11-04,15.0054,15.3224,14.9754,15.2653,500723
2011-11-07,15.1574,15.2833,15.0019,15.2552,503967
2011-11-08,15.3704,15.3994,15.0905,15.3243,350494
2011-11-09,14.9986,14.9986,14.6111,14.648,679365
2011-11-10,14.8322,14.8602,14.5381,14.7457,558992
2011-11-11,14.9526,15.3358,14.9447,15.2644,450702
2011-11-14,15.2471,15.3413,15.0019,15.0964,766714
2011-11-15,15.0592,15.3795,15.0133,15.2859,781041
2011-11-16,15.1763,15.4588,15.1675,15.2354,1056674
2011-11-17,15.1792,15.1792,14.4584,14.645,835554
2011-11-18,14.6822,14.7021,14.4258,14.5071,385719
2011-11-21,14.2741,14.3084,14.0201,14.2364,623834
2011-11-22,14.1724,14.282,13.9666,14.0549,1252963
2011-11-23,13.8928,13.9042,13.6016,13.6117,672696
2011-11-25,13.539,13.7207,13.4441,13.4441,136726
2011-11-28,13.8873,13.9688,13.7419,13.854,841996
2011-11-29,13.8391,13.9835,13.736,13.7679,573966
2011-11-30,14.2079,14.5843,14.1704,14.5406,806715
2011-12-01,14.5348,14.6943,14.4669,14.6391,505899
2011-12-02,14.8261,14.887,14.6219,14.6417,697371
2011-12-05,14.7983,14.9304,14.6998,14.7631,278928
2011-12-06,14.7869,14.8094,14.6417,14.7259,321509
2011-12-07,14.6622,14.9555,14.5732,14.9219,458983
2011-12-08,14.7346,14.9368,14.4665,14.4806,188676
2011-12-09,14.3335,14.7376,14.2526,14.6737,494171
2011-12-12,14.4467,14.4467,14.1009,14.282,757093
2011-12-13,14.353,14.4288,13.8794,13.9438,1255578
2011-12-14,13.9405,13.9751,13.6808,13.7236,1604963
2011-12-15,13.9314,13.9946,13.6381,13.69,507980
2011-12-16,13.8058,13.9959,13.7543,13.8218,1051456
2011-12-19,13.8267,13.8596,13.4134,13.4216,1550506
2011-12-20,13.7898,14.0667,13.7898,14.0168,2297699
2011-12-21,14.0139,14.0488,13.6841,13.8772,342838
2011-12-22,13.9177,14.3851,13.9177,14.3395,1382095
2011-12-23,14.3645,14.416,14.2787,14.404,154947
2011-12-27,14.3645,14.5038,14.3361,14.3851,1045695
2011-12-28,14.404,14.404,14.1574,14.1714,248342
2011-12-29,14.238,14.3195,14.16,14.2963,318657
2011-12-30,14.2666,14.358,14.2432,14.2432,508946
2012-01-03,14.5644,14.6505,14.4007,14.4219,429139
2012-01-04,14.3586,14.4548,14.2439,14.4219,1372576
2012-01-05,14.404,14.6417,14.3645,14.6189,1327144
2012-01-06,14.6131,14.6913,14.5211,14.6567,352395
2012-01-09,14.7428,14.9783,14.7259,14.9529,1236953
2012-01-10,15.1267,15.1802,15.0438,15.1036,809650
2012-01-11,15.0022,15.1982,15.0022,15.1554,1382469
2012-01-12,15.2337,15.3443,15.1131,15.3163,417856
2012-01-13,15.1802,15.1835,14.9639,15.0054,1351837
2012-01-17,15.1463,15.2187,15.0409,15.0478,234607
2012-01-18,15.2187,15.8442,15.2187,15.8123,1641951
2012-01-19,15.9535,16.1414,15.9222,16.1261,2018672
2012-01-20,16.055,16.222,16.0373,16.2047,5553901
2012-01-23,16.1881,16.2621,16.0351,16.1531,5182834
2012-01-24,16.0945,16.2621,16.0406,16.2098,1688462
2012-01-25,16.2527,16.314,16.0318,16.2788,1375602
2012-01-26,16.34,16.418,16.023,16.1087,898930
2012-01-27,16.0608,16.2161,16.0145,16.1617,478639
2012-01-30,16.055,16.055,15.8152,15.9943,1092077
2012-01-31,16.0994,16.1466,15.8926,16.0052,377082
2012-02-01,16.2359,16.4813,16.1561,16.3629,2264605
2012-02-02,16.4157,16.5616,16.3629,16.4529,1401711
2012-02-03,16.6581,16.7791,16.588,16.7089,822974
2012-02-06,16.6581,16.6581,16.4294,16.5198,518454
2012-02-07,16.4614,16.5733,16.343,16.5279,1860278
2012-02-08,16.5701,16.8475,16.553,16.7275,805695
2012-02-09,16.7983,16.8218,16.6555,16.782,476288
2012-02-10,16.588,16.6555,16.3805,16.4555,532487
2012-02-13,16.5616,16.6287,16.2912,16.5054,182749
2012-02-14,16.4585,16.5674,16.4157,16.5641,1193821
2012-02-15,16.6946,16.8443,16.6346,16.6526,909569
2012-02-16,16.6287,17.0928,16.6287,17.0694,894748
2012-02-17,17.1624,17.1969,16.9004,16.9108,549337
2012-02-21,16.9719,16.9719,16.6287,16.6803,534418
2012-02-22,16.6666,16.7699,16.5616,16.6202,414236
2012-02-23,16.5821,16.6747,16.4065,16.6492,407975
2012-02-24,16.6747,16.7586,16.5791,16.5964,965443
2012-02-27,16.4813,16.7374,16.3979,16.614,716444
2012-02-28,16.6405,16.9719,16.6405,16.8828,921658
2012-02-29,16.9046,16.9186,16.6006,16.6326,724833
2012-03-01,16.6607,16.8005,16.5733,16.6437,562147
2012-03-02,16.6205,16.7216,16.4529,16.4559,548972
2012-03-05,16.4065,16.421,16.0028,16.0642,1324121
2012-03-06,15.8433,15.9411,15.7252,15.9127,891591
2012-03-07,15.9686,16.2128,15.947,16.15,974954
2012-03-08,16.3061,16.4271,16.2184,16.3861,1773809
2012-03-09,16.3747,16.5765,16.3747,16.5644,440977
2012-03-12,16.556,16.556,16.3518,16.4065,599705
2012-03-13,16.5387,16.7647,16.5253,16.7647,1380308
2012-03-14,16.8038,16.9894,16.6885,16.7089,775621
2012-03-15,16.7928,17.055,16.7882,17.0416,2397064
2012-03-16,17.1003,17.1003,16.9761,17.0707,847775
2012-03-19,17.0779,17.2546,17.0008,17.1913,618999
2012-03-20,17.0694,17.1192,16.9222,17.055,828242
2012-03-21,17.1019,17.205,17.0214,17.1241,422783
2012-03-22,16.983,17.072,16.8974,17.0325,716156
2012-03-23,17.0162,17.0736,16.8688,17.0674,932717
2012-03-26,17.2099,17.3084,17.1088,17.3022,923047
2012-03-27,17.3313,17.4259,17.2963,17.2963,732979
2012-03-28,17.2621,17.3365,16.9791,17.0974,1220801
2012-03-29,16.9438,17.1346,16.8835,17.1003,1501355
2012-03-30,17.2334,17.2729,17.0429,17.1728,674947
2012-04-02,17.1346,17.2275,16.9265,17.1867,437304
2012-04-03,17.115,17.1228,16.8426,16.9115,1496388
2012-04-04,16.6783,16.7008,16.3772,16.5393,1225535
2012-04-05,16.4559,16.6234,16.4559,16.5916,982441
2012-04-09,16.3028,16.3861,16.2356,16.3459,731710
2012-04-10,16.3061,16.4382,16.008,16.0373,979964
2012-04-11,16.2471,16.4242,16.2216,16.3061,750746
2012-04-12,16.3662,16.6728,16.3459,16.6147,503618
2012-04-13,16.5619,16.6029,16.3117,16.3201,768198
2012-04-16,16.4617,16.4813,16.1731,16.314,837964
2012-04-17,16.4349,16.6499,16.4349,16.5678,1168619
2012-04-18,16.3979,16.5057,16.2729,16.4467,597565
2012-04-19,16.3747,16.6353,16.159,16.2442,885403
2012-04-20,16.2621,16.2621,15.8619,15.8704,1578808
2012-04-23,15.6724,15.6936,15.5249,15.6757,1108489
2012-04-24,15.7113,15.7506,15.509,15.5602,609182
2012-04-25,15.8227,15.9445,15.7311,15.907,762146
2012-04-26,15.9653,16.3028,15.9653,16.2729,1259055
2012-04-27,16.3117,16.3261,16.1146,16.2758,787265
2012-04-30,16.2879,16.2941,16.191,16.207,1262032
2012-05-01,16.1643,16.3772,16.1466,16.2555,527590
2012-05-02,16.1258,16.358,16.1114,16.3345,468341
2012-05-03,16.3172,16.4157,15.9127,15.9274,713427
2012-05-04,15.8619,15.9324,15.5726,15.6065,1276455
2012-05-07,15.5451,15.6636,15.5387,15.5602,543677
2012-05-08,15.4375,15.497,15.144,15.4708,959646
2012-05-09,15.2487,15.4885,15.0922,15.4161,820807
2012-05-10,15.5278,15.5331,15.2396,15.358,603654
2012-05-11,15.3176,15.6469,15.3117,15.465,522124
2012-05-14,15.3084,15.4161,15.2458,15.3147,481947
2012-05-15,15.2778,15.4303,15.1222,15.1531,564891
2012-05-16,15.193,15.2458,14.8994,14.9197,488533
2012-05-17,14.9483,14.9757,14.587,14.587,533569
2012-05-18,14.6763,14.6763,14.2751,14.3097,1015400
2012-05-21,14.3443,14.6822,14.3097,14.6678,821306
2012-05-22,14.6652,14.6678,14.4659,14.5612,601094
2012-05-23,14.3609,14.6356,14.2751,14.6189,1532297
2012-05-24,14.6622,14.6652,14.33,14.4112,520928
2012-05-25,14.4363,14.6652,14.4363,14.5553,699836
2012-05-29,14.7513,14.9558,14.7399,14.8665,455758
2012-05-30,14.7106,14.7513,14.5732,14.6593,551192
2012-05-31,14.6245,14.6245,14.3097,14.5064,1289316
2012-06-01,14.2304,14.2304,13.8654,13.8847,1422125
2012-06-04,13.9066,14.0552,13.706,13.8621,1169164
2012-06-05,13.868,14.189,13.8621,14.1277,823201
2012-06-06,14.2611,14.6433,14.2611,14.5716,751102
2012-06-07,14.8006,14.8465,14.4122,14.4437,981972
2012-06-08,14.3922,14.661,14.3338,14.5919,652927
2012-06-11,14.8297,14.858,14.3443,14.3876,1229686
2012-06-12,14.4288,14.6842,14.3922,14.6433,661689
2012-06-13,14.6554,14.7369,14.4757,14.5296,930028
2012-06-14,14.5309,14.5585,14.3358,14.4976,446143
2012-06-15,14.4992,14.7392,14.4992,14.7249,493107
2012-06-18,14.6313,15.0172,14.6313,14.9307,733408
2012-06-19,15.0736,15.1812,14.9842,15.1273,551348
2012-06-20,15.1394,15.324,15.101,15.2604,723751
2012-06-21,15.2139,15.2139,14.6265,14.6374,985354
2012-06-22,14.7477,14.8955,14.7067,14.8482,711447
2012-06-25,14.6962,14.6992,14.3365,14.3681,643861
2012-06-26,14.3922,14.4904,14.2611,14.4226,364690
2012-06-27,14.4437,14.6463,14.4317,14.6092,567635
2012-06-28,14.5244,14.5687,14.3199,14.5165,673214
2012-06-29,14.8629,15.1469,14.8443,15.1469,1162836
2012-07-02,15.2227,15.2373,15.011,15.1245,558336
2012-07-03,15.1502,15.324,15.1043,15.3088,675869
2012-07-05,15.1959,15.2604,15.0514,15.193,263706
2012-07-06,15.0412,15.0458,14.6809,14.8117,814301
2012-07-09,14.7833,14.8254,14.5687,14.6147,2659973
2012-07-10,14.5165,14.6992,14.2119,14.3133,1390475
2012-07-11,14.3283,14.3776,14.085,14.1541,685184
2012-07-12,14.0384,14.0384,13.8038,13.9314,925341
2012-07-13,13.9754,14.0909,13.9438,14.0292,728604
2012-07-16,13.9949,13.9949,13.8012,13.8984,653853
2012-07-17,13.9691,13.9691,13.6124,13.8417,1128001
2012-07-18,13.8038,14.4013,13.7669,14.3133,2286177
2012-07-19,14.5133,14.7249,14.5103,14.6,1659105
2012-07-20,14.586,14.6343,14.356,14.356,1641261
2012-07-23,14.085,14.2996,13.8955,14.238,2043926
2012-07-24,14.3104,14.3104,14.0325,14.1711,820003
2012-07-25,14.2846,14.6291,14.2846,14.4558,1269446
2012-07-26,14.7369,14.8841,14.6291,14.7745,1597930
2012-07-27,14.814,15.1695,14.7833,15.1365,2153501
2012-07-30,15.1043,15.2284,14.9076,14.9993,782994
2012-07-31,15.0546,15.2797,15.0514,15.1104,1426668
2012-08-01,15.1874,15.2461,15.0057,15.1075,1205392
2012-08-02,14.9451,15.2604,14.8926,15.0172,756323
2012-08-03,15.2461,15.4408,15.1695,15.3521,934968
2012-08-06,15.3883,15.5259,15.3883,15.406,332132
2012-08-07,15.5285,15.8802,15.5259,15.7605,1179717
2012-08-08,15.7012,15.8394,15.6708,15.799,1428652
2012-08-09,15.8101,15.9464,15.782,15.9235,1035838
2012-08-10,15.8632,16.0038,15.8632,16.0038,733384
2012-08-13,15.9673,15.9673,15.7037,15.8662,441498
2012-08-14,15.9868,15.9898,15.677,15.7438,1521710
2012-08-15,15.6888,15.9057,15.6453,15.8328,482312
2012-08-16,15.8211,16.112,15.8211,16.0831,873682
2012-08-17,16.071,16.071,15.917,15.9673,274287
2012-08-20,15.9235,15.9235,15.7519,15.8606,1507368
2012-08-21,15.9088,16.0772,15.813,15.869,640491
2012-08-22,15.8515,15.8515,15.6574,15.7519,1233917
2012-08-23,15.692,15.7236,15.5677,15.662,368697
2012-08-24,15.677,15.7875,15.5583,15.7408,354072
2012-08-27,15.7875,15.813,15.6221,15.6796,449565
2012-08-28,15.6597,15.7438,15.6078,15.6574,438999
2012-08-29,15.662,15.7408,15.5612,15.6737,556769
2012-08-30,15.5729,15.5994,15.4089,15.4333,771831
2012-08-31,15.5612,15.6982,15.4196,15.6195,796491
2012-09-04,15.6453,15.6453,15.3358,15.4979,369077
2012-09-05,15.4924,15.5853,15.3609,15.4138,260809
2012-09-06,15.5311,15.9607,15.5233,15.8831,1199128
2012-09-07,15.8547,15.8662,15.7438,15.8394,2291858
2012-09-10,15.7376,15.7875,15.5461,15.5644,818811
2012-09-11,15.5964,15.7265,15.552,15.6649,434937
2012-09-12,15.7265,15.8042,15.6251,15.7012,439245
2012-09-13,15.6737,15.9001,15.5553,15.8394,1932831
2012-09-14,15.9464,16.2121,15.9235,16.0479,589915
2012-09-17,15.9868,16.0158,15.8211,15.8831,372689
2012-09-18,15.827,15.869,15.7787,15.8158,590804
2012-09-19,15.7461,15.8211,15.7067,15.7207,678896
2012-09-20,15.6359,15.6649,15.4891,15.5677,1200965
2012-09-21,15.6854,15.749,15.5853,15.5853,242186
2012-09-24,15.4595,15.4748,15.2944,15.3609,778018
2012-09-25,15.4489,15.4522,14.9636,14.978,839696
2012-09-26,14.8505,14.9007,14.6737,14.8714,1573819
2012-09-27,14.9934,15.2408,14.889,15.2086,979111
2012-09-28,15.1248,15.1881,15.0575,15.086,402091
2012-10-01,15.1702,15.2383,14.9904,15.0292,291775
2012-10-02,15.1078,15.1248,15.0087,15.1013,492071
2012-10-03,15.1339,15.1417,14.9959,15.0546,651725
2012-10-04,15.0922,15.1506,14.9751,15.1339,504709
2012-10-05,15.1881,15.3688,15.0892,15.1173,861050
2012-10-08,15.011,15.0514,14.9157,14.9499,920935
2012-10-09,14.9444,14.9476,14.6766,14.7201,939275
2012-10-10,14.7168,14.7168,14.5025,14.5168,896275
2012-10-11,14.6883,14.6883,14.5458,14.5608,590065
2012-10-12,14.549,14.5984,14.4591,14.476,869304
2012-10-15,14.5302,14.705,14.5302,14.6707,662217
2012-10-16,14.7112,15.0172,14.7112,15.0054,713722
2012-10-17,14.8681,15.0575,14.8433,14.9751,495717
2012-10-18,14.889,14.9581,14.7644,14.831,743664
2012-10-19,14.8277,14.8277,14.3857,14.3857,1052342
2012-10-22,14.476,14.5302,14.3306,14.4229,522053
2012-10-23,14.2637,14.4819,14.205,14.4591,583219
2012-10-24,14.6157,14.6157,14.2145,14.2269,760324
2012-10-25,14.3889,14.444,14.2699,14.435,444141
2012-10-26,14.4317,14.5696,14.3922,14.4819,457800
2012-10-31,14.4819,14.6105,14.4317,14.5077,900414
2012-11-01,14.5198,14.9934,14.5077,14.9636,1088149
2012-11-02,14.9636,15.0103,14.6855,14.6855,811293
2012-11-05,14.6883,14.9901,14.6538,14.9414,319470
2012-11-06,14.9751,15.194,14.9499,15.1639,760337
2012-11-07,14.961,15.0025,14.6855,14.7549,1402303
2012-11-08,14.7702,14.84,14.5866,14.5866,748830
2012-11-09,14.5578,14.7911,14.549,14.6039,489382
2012-11-12,14.6766,14.708,14.525,14.6127,593708
2012-11-13,14.5227,14.6304,14.4839,14.5025,478305
2012-11-14,14.5984,14.6446,14.2406,14.267,927812
2012-11-15,14.31,14.3338,14.0482,14.0899,1030920
2012-11-16,14.1326,14.1704,13.8359,14.0925,871729
2012-11-19,14.3452,14.3776,14.2079,14.3776,460556
2012-11-20,14.31,14.3452,14.1789,14.313,1108437
2012-11-21,14.3338,14.3776,14.2898,14.3651,456837
2012-11-23,14.444,14.6855,14.4141,14.6039,346217
2012-11-26,14.5899,14.7024,14.5578,14.6652,263485
2012-11-27,14.6825,14.7731,14.6157,14.6323,436770
2012-11-28,14.5227,14.8078,14.4196,14.8078,406374
2012-11-29,14.8479,14.9036,14.7438,14.831,669891
2012-11-30,14.8505,14.8949,14.7731,14.8104,353729
2012-12-03,14.9157,14.9414,14.7325,14.7405,487671
2012-12-04,14.7549,14.8831,14.6883,14.831,779481
2012-12-05,14.8831,14.8863,14.7168,14.8338,269988
2012-12-06,14.8746,14.9959,14.8078,14.978,776783
2012-12-07,15.0412,15.0514,14.9157,15.011,368455
2012-12-10,15.0087,15.1476,15.0087,15.1108,500086
2012-12-11,15.1822,15.4399,15.1669,15.3981,907457
2012-12-12,15.4343,15.4735,15.3163,15.3397,1147629
2012-12-13,15.3068,15.4613,15.1476,15.194,348713
2012-12-14,15.176,15.2119,15.026,15.0768,506211
2012-12-17,15.1078,15.2204,15.0292,15.1417,808291
2012-12-18,15.2057,15.4343,15.1535,15.4267,1137790
2012-12-19,15.4613,15.5703,15.4128,15.446,1575735
2012-12-20,15.4519,15.4548,15.3009,15.4184,621170
2012-12-21,14.9649,15.283,14.9649,15.2755,524340
2012-12-24,15.2516,15.2755,15.1554,15.2047,272637
2012-12-26,15.2575,15.3472,15.0847,15.1062,285888
2012-12-27,15.0817,15.0967,14.8573,15.0273,554844
2012-12-28,14.9339,15.0817,14.9193,14.9314,452119
2012-12-31,14.9314,15.2258,14.8988,15.1871,536941
2013-01-02,15.5703,15.8505,15.5612,15.8505,2307949
2013-01-03,15.7621,15.8684,15.6898,15.7422,574392
2013-01-04,15.7771,15.7804,15.6456,15.734,461316
2013-01-07,15.6898,15.7422,15.5788,15.6777,740491
2013-01-08,15.6577,15.6926,15.4832,15.497,1044042
2013-01-09,15.5795,15.6577,15.5487,15.6456,294537
2013-01-10,15.8231,15.8939,15.7474,15.8746,653598
2013-01-11,15.8472,15.9702,15.8472,15.949,660000
2013-01-14,15.8626,15.9611,15.7948,15.9232,958287
2013-01-15,15.8006,15.8746,15.7621,15.8351,499126
2013-01-16,15.8116,16.0543,15.8116,16.0253,910783
2013-01-17,16.1294,16.3606,16.0841,16.3286,1981742
2013-01-18,16.2399,16.314,16.1855,16.2578,1112732
2013-01-22,16.2399,16.267,16.1212,16.2031,521087
2013-01-23,16.2846,16.401,16.2347,16.3835,974841
2013-01-24,16.1656,16.3809,16.1212,16.2292,682391
2013-01-25,16.343,16.5191,16.3286,16.4359,954522
2013-01-28,16.448,16.5351,16.4291,16.4767,610065
2013-01-29,16.4509,16.4509,16.3201,16.3727,704561
2013-01-30,16.3522,16.4892,16.34,16.3893,536730
2013-01-31,16.4219,16.4892,16.3201,16.3489,646258
2013-02-01,16.4307,16.6757,16.4251,16.6676,870368
2013-02-04,16.5413,16.6988,16.4075,16.4105,1201547
2013-02-05,16.5015,16.7076,16.4892,16.6679,554436
2013-02-06,16.5638,16.7262,16.5638,16.7076,459940
2013-02-07,16.6898,16.7197,16.4767,16.6176,637977
2013-02-08,16.6565,16.8538,16.6565,16.8221,851049
2013-02-11,16.8505,16.9036,16.7723,16.8626,500178
2013-02-12,16.8391,16.9206,16.8159,16.8922,1130153
2013-02-13,16.9621,17.0116,16.8505,16.9268,421281
2013-02-14,16.8984,17.1111,16.8538,17.1023,635607
2013-02-15,17.1081,17.149,16.936,17.009,265730
2013-02-19,17.026,17.2161,17.0208,17.2037,599101
2013-02-20,17.2191,17.2249,16.8244,16.8365,1045011
2013-02-21,16.7876,16.7876,16.4043,16.5224,603062
2013-02-22,16.6757,16.878,16.6293,16.8685,713038
2013-02-25,16.9588,17.0175,16.5442,16.5465,955237
2013-02-26,16.6502,16.6988,16.5249,16.6587,461037
2013-02-27,16.7576,17.0145,16.6679,16.933,786572
2013-02-28,16.9441,17.0661,16.9062,16.9441,612422
2013-03-01,16.8273,16.933,16.6679,16.8747,545876
2013-03-04,16.8244,16.86,16.7076,16.8273,534568
2013-03-05,17.026,17.1982,16.9653,17.1571,522933
2013-03-06,17.2128,17.2765,17.1372,17.178,603344
2013-03-07,17.2191,17.3381,17.2037,17.257,470061
2013-03-08,17.3215,17.3587,17.131,17.2794,633973
2013-03-11,17.1982,17.3215,17.1339,17.2977,604341
2013-03-12,17.2765,17.3873,17.2338,17.3694,1168107
2013-03-13,17.3724,17.4751,17.2765,17.4229,825096
2013-03-14,17.5312,17.599,17.4897,17.5133,686901
2013-03-15,17.528,17.528,17.1838,17.2279,848486
2013-03-18,17.0494,17.1571,16.9235,17.009,433257
2013-03-19,17.0782,17.1111,16.7901,16.9389,1267192
2013-03-20,17.0354,17.1728,17.0145,17.1633,1111908
2013-03-21,17.0613,17.0642,16.8655,16.8864,1917977
2013-03-22,16.9686,17.1457,16.9686,17.0723,322459
2013-03-25,17.1307,17.1933,16.9431,17.0547,485955
2013-03-26,17.1424,17.2004,17.0661,17.1867,176439
2013-03-27,17.099,17.2455,16.9933,17.2223,300945
2013-03-28,17.1982,17.3531,17.1519,17.3387,461013
2013-04-01,17.3795,17.3795,16.9403,16.9846,320754
2013-04-02,17.0809,17.0809,16.7713,16.8352,446542
2013-04-03,16.8378,16.8825,16.4399,16.496,1333482
2013-04-04,16.508,16.7181,16.4193,16.7118,398970
2013-04-05,16.3987,16.6482,16.3237,16.6244,649720
2013-04-08,16.6424,16.829,16.4931,16.8263,345126
2013-04-09,16.7739,17.1078,16.7442,16.9874,225127
2013-04-10,17.0318,17.3731,17.0318,17.3675,605086
2013-04-11,17.2543,17.3971,17.1873,17.2858,435277
2013-04-12,17.1695,17.2423,17.0201,17.2164,257939
2013-04-15,17.0577,17.1457,16.7739,16.7966,567650
2013-04-16,16.946,17.1545,16.878,17.1424,241033
2013-04-17,16.9353,16.9353,16.5051,16.5681,682354
2013-04-18,16.7533,16.8492,16.3779,16.4281,1557680
2013-04-19,16.434,16.5977,16.2967,16.5508,643131
2013-04-22,16.6009,16.7867,16.3897,16.7304,340030
2013-04-23,16.8734,17.1108,16.8433,17.0753,415655
2013-04-24,17.0638,17.3443,17.0286,17.295,780655
2013-04-25,17.3531,17.5668,17.3473,17.4644,572967
2013-04-26,17.3675,17.3675,17.2373,17.295,2189572
2013-04-29,17.3071,17.5498,17.3039,17.5083,410382
2013-04-30,17.5354,17.6529,17.4154,17.6444,2210313
2013-05-01,17.6411,17.6663,17.4855,17.5061,692974
2013-05-02,17.647,17.7729,17.5208,17.7374,942495
2013-05-03,17.916,18.0302,17.8749,17.8749,1163823
2013-05-06,18.0002,18.1092,17.9426,18.0149,840291
2013-05-07,18.1092,18.1092,17.9366,18.0302,727074
2013-05-08,18.0485,18.2765,18.0485,18.2236,900197
2013-05-09,18.2471,18.4396,18.1939,18.358,1089367
2013-05-10,18.3793,18.5303,18.3759,18.5195,391446
2013-05-13,18.4334,18.495,18.3163,18.3404,577167
2013-05-14,18.3969,18.4565,18.3133,18.4269,174910
2013-05-15,18.4174,18.6682,18.4174,18.6039,172960
2013-05-16,18.633,18.6969,18.4565,18.4715,362084
2013-05-17,18.5664,18.7237,18.5303,18.7099,222067
2013-05-20,18.7155,18.7768,18.6392,18.6744,1095701
2013-05-21,18.6884,18.7292,18.6376,18.6714,1008830
2013-05-22,18.7387,18.8586,18.2905,18.3759,1702473
2013-05-23,18.1124,18.403,18.0593,18.3793,1791217
2013-05-24,18.3287,18.3727,18.1907,18.3727,850166
2013-05-28,18.5716,18.6835,18.4963,18.5391,520459
2013-05-29,18.4425,18.6682,18.4229,18.6098,245494
2013-05-30,18.6969,18.9644,18.6714,18.8969,1143668
2013-05-31,18.8094,18.9364,18.6484,18.6484,2004952
2013-06-03,18.7358,18.8789,18.5081,18.7155,604862
2013-06-04,18.794,18.996,18.7387,18.7997,640617
2013-06-05,18.7472,18.7706,18.5022,18.5136,398470
2013-06-06,18.5303,18.6454,18.3257,18.4868,262271
2013-06-07,18.5922,18.7856,18.4761,18.7618,340180
2013-06-10,18.7997,18.9027,18.7237,18.8765,147291
2013-06-11,18.7185,18.7302,18.4396,18.4514,1470177
2013-06-12,18.6213,18.6594,18.2204,18.2387,392274
2013-06-13,18.2331,18.6359,18.1907,18.6098,439968
2013-06-14,18.6534,18.7034,18.5051,18.5332,191423
2013-06-17,18.7591,18.9236,18.7155,18.8026,277803
2013-06-18,18.888,19.1285,18.888,19.1141,763467
2013-06-19,19.1314,19.1949,18.8818,18.888,2916137
2013-06-20,18.6506,18.6594,18.2583,18.2905,439858
2013-06-21,18.4836,18.4836,18.1385,18.3694,350344
2013-06-24,18.2387,18.2387,17.8427,17.9773,789301
2013-06-25,18.2025,18.4565,18.1353,18.4174,356427
2013-06-26,18.6597,18.6864,18.403,18.511,284579
2013-06-27,18.6484,18.7308,18.5749,18.5749,1952417
2013-06-28,18.6832,18.8447,18.5182,18.7237,679312
2013-07-01,18.7279,18.8245,18.6072,18.6167,377232
2013-07-02,18.5991,18.8277,18.523,18.6431,1600837
2013-07-03,18.5808,18.8094,18.5808,18.7279,241631
2013-07-05,18.8926,18.9911,18.7683,18.9702,407812
2013-07-08,19.0455,19.0537,18.5394,18.5925,2037059
2013-07-09,18.7745,18.8372,18.7194,18.7925,264227
2013-07-10,18.7807,19.0244,18.7778,18.9849,369101
2013-07-11,19.2944,19.4148,19.2002,19.3984,490311
2013-07-12,19.4624,19.5436,19.4207,19.5048,353017
2013-07-15,19.5531,19.5531,19.4732,19.5048,1110267
2013-07-16,19.5348,19.6525,19.4944,19.5824,178558
2013-07-17,19.5824,19.6646,19.5348,19.588,357715
2013-07-18,19.513,19.5903,19.3612,19.4236,437917
2013-07-19,19.3381,19.3828,19.2247,19.373,257313
2013-07-22,19.406,19.406,19.2674,19.3352,311032
2013-07-23,19.4119,19.5348,19.2409,19.2791,1174174
2013-07-24,19.3352,19.358,18.8982,18.9188,1000239
2013-07-25,18.9125,19.0335,18.8007,19.0156,1165632
2013-07-26,18.8747,18.8747,18.7654,18.8658,319626
2013-07-29,18.8007,18.8952,18.7073,18.7453,225893
2013-07-30,18.8036,19.013,18.8036,18.9702,157578
2013-07-31,18.9793,19.1675,18.9793,19.0648,612039
2013-08-01,19.2464,19.4093,19.2126,19.3969,206231
2013-08-02,19.3095,19.3498,19.1656,19.2912,102188
2013-08-05,19.2247,19.2765,19.1972,19.2494,107081
2013-08-06,19.194,19.194,19.0465,19.1327,890432
2013-08-07,19.0739,19.0739,18.8475,18.9246,422848
2013-08-08,19.0097,19.0335,18.831,18.9337,195476
2013-08-09,18.8982,18.9337,18.8094,18.8369,117380
2013-08-12,18.7712,18.964,18.7279,18.9069,156244
2013-08-13,19.0306,19.1565,18.8475,19.1301,263081
2013-08-14,18.9673,19.0065,18.8154,18.8395,279321
2013-08-15,18.5958,18.6431,18.403,18.4148,341030
2013-08-16,18.4462,18.6366,18.3694,18.4777,153491
2013-08-19,18.437,18.5287,18.3375,18.3466,690580
2013-08-20,18.3552,18.5257,18.3552,18.4748,142349
2013-08-21,18.3969,18.4839,18.3257,18.3346,248014
2013-08-22,18.3942,18.5749,18.3942,18.5361,314101
2013-08-23,18.5668,18.6275,18.4514,18.5361,194035
2013-08-26,18.531,18.6196,18.4966,18.5028,127424
2013-08-27,18.3257,18.3257,18.0081,18.0482,709098
2013-08-28,18.1264,18.3404,18.0974,18.2817,150992
2013-08-29,18.2996,18.5081,18.2732,18.4718,362948
2013-08-30,18.5651,18.5651,18.3355,18.3979,290521
2013-09-03,18.5335,18.7012,18.3857,18.4656,997636
2013-09-04,18.5808,18.9731,18.5486,18.9337,1192420
2013-09-05,18.9911,19.1154,18.9911,19.0762,188010
2013-09-06,19.1327,19.1434,18.8537,18.9879,320435
2013-09-09,19.0398,19.296,19.0398,19.2409,315548
2013-09-10,19.3472,19.6222,19.3472,19.616,178494
2013-09-11,19.5228,19.6108,19.3913,19.5648,959232
2013-09-12,19.5586,19.5903,19.4236,19.435,137741
2013-09-13,19.4467,19.5293,19.3498,19.5261,116436
2013-09-16,19.7647,19.7729,19.5824,19.5903,270988
2013-09-17,19.7103,19.77,19.6591,19.7244,262933
2013-09-18,19.753,19.9307,19.6525,19.9008,367795
2013-09-19,19.9484,19.9637,19.7788,19.842,123984
2013-09-20,19.9307,19.9516,19.7126,19.7337,105735
2013-09-23,19.8271,19.8717,19.5739,19.6525,765221
2013-09-24,19.7194,19.8623,19.6408,19.7765,195740
2013-09-25,19.7909,19.9028,19.6741,19.7971,113646
2013-09-26,19.8623,19.9086,19.7162,19.7852,103132
2013-09-27,19.6884,19.7051,19.5854,19.6259,192355
2013-09-30,19.4621,19.7051,19.3848,19.6473,462043
2013-10-01,19.644,19.8707,19.644,19.8338,176397
2013-10-02,19.7133,19.8033,19.6708,19.8001,110248
2013-10-03,19.8141,19.9057,19.5589,19.7507,185907
2013-10-04,19.7971,19.9503,19.7706,19.9005,203549
2013-10-07,19.7224,19.9268,19.6799,19.8001,309045
2013-10-08,19.8222,19.8623,19.4112,19.4849,1057073
2013-10-09,19.5127,19.5127,19.2139,19.4142,1101508
2013-10-10,19.602,19.8796,19.602,19.8469,1192435
2013-10-11,19.7628,19.9471,19.7051,19.8854,224575
2013-10-14,19.7683,20.0678,19.7507,20.0417,315493
2013-10-15,20.0156,20.0792,19.8437,19.8623,311415
2013-10-16,19.8917,20.0707,19.8854,20.0498,395205
2013-10-17,19.9239,20.1979,19.8558,20.1979,131443
2013-10-18,20.2181,20.2661,20.0854,20.2547,224915
2013-10-21,20.2771,20.327,20.237,20.3043,213722
2013-10-22,20.3398,20.343,20.1627,20.2573,243578
2013-10-23,19.9444,19.9503,19.4993,19.5883,380976
2013-10-24,19.7628,19.8437,19.7133,19.7628,285303
2013-10-25,19.8312,19.8623,19.7683,19.8222,1217873
2013-10-28,19.8707,19.9849,19.8196,19.9598,130953
2013-10-29,20.0211,20.2791,20.0211,20.2791,939692
2013-10-30,20.2889,20.3162,20.1072,20.1676,122126
2013-10-31,20.2035,20.4041,20.2005,20.3014,471195
2013-11-01,20.3335,20.3776,20.1418,20.2126,237130
2013-11-04,20.2661,20.2661,20.1656,20.1979,262569
2013-11-05,20.0678,20.2155,19.9771,20.1509,499356
2013-11-06,20.237,20.2791,20.1072,20.1914,176397
2013-11-07,20.2064,20.2064,19.8059,19.8338,276488
2013-11-08,19.859,20.056,19.828,20.0498,205275
2013-11-11,20.1102,20.1102,19.9598,20.0498,47154
2013-11-12,20.0305,20.1731,19.9657,20.1731,409137
2013-11-13,20.0589,20.3541,20.056,20.3368,197772
2013-11-14,20.2919,20.3185,20.2126,20.2523,124502
2013-11-15,20.2951,20.4134,20.1855,20.3802,119422
2013-11-18,20.4134,20.4134,20.164,20.1979,227215
2013-11-19,20.2278,20.2436,19.9503,19.9657,183188
2013-11-20,19.9742,20.0189,19.8338,19.859,201516
2013-11-21,19.9598,20.2337,19.9268,20.2181,140700
2013-11-22,20.1885,20.2602,20.1336,20.2465,92613
2013-11-25,20.2573,20.2573,20.0736,20.2181,84470
2013-11-26,20.2337,20.4252,20.2337,20.3894,187943
2013-11-27,20.324,20.469,20.2661,20.4458,1383423
2013-11-29,20.4516,20.5456,20.4487,20.4784,132921
2013-12-02,20.4751,20.5335,20.4041,20.4285,197772
2013-12-03,20.3776,20.5667,20.3776,20.499,771782
2013-12-04,20.4578,20.5456,20.272,20.4041,954967
2013-12-05,20.4252,20.5394,20.4134,20.4458,169284
2013-12-06,20.6607,20.7318,20.649,20.6836,315637
2013-12-09,20.7762,20.8179,20.708,20.7318,215742
2013-12-10,20.7113,20.7704,20.6431,20.6754,148000
2013-12-11,20.6927,20.7256,20.4578,20.4957,364966
2013-12-12,20.4873,20.5075,20.2857,20.327,190656
2013-12-13,20.3916,20.3946,20.2465,20.2857,155622
2013-12-16,20.5312,20.6633,20.4219,20.5365,318550
2013-12-17,20.555,20.8029,20.555,20.7524,187943
2013-12-18,20.7638,20.9171,20.4516,20.8603,430485
2013-12-19,20.8695,20.8695,20.6927,20.7762,217091
2013-12-20,20.7909,21.0045,20.7909,20.9618,1027308
2013-12-23,21.0443,21.1405,21.0231,21.118,490636
2013-12-24,21.147,21.2383,21.1437,21.166,87027
2013-12-26,21.2537,21.2926,21.2083,21.2475,284383
2013-12-27,21.2664,21.3218,21.2569,21.2664,1667760
2013-12-30,21.2749,21.36,21.2569,21.3016,305011
2013-12-31,21.3845,21.5078,21.3845,21.5019,999914
2014-01-02,21.3724,21.3724,21.118,21.2057,975880
2014-01-03,21.2031,21.2031,21.0619,21.1437,482076
2014-01-06,21.1503,21.1503,21.0018,21.0417,830842
2014-01-07,21.0825,21.2178,21.0561,21.1862,444917
2014-01-08,21.3545,21.5234,21.2926,21.5019,386234
2014-01-09,21.5498,21.5498,21.2631,21.3424,240337
2014-01-10,21.3568,21.4726,21.3362,21.4399,175722
2014-01-13,21.4046,21.4726,21.1297,21.1982,611929
2014-01-14,21.2508,21.6943,21.2508,21.6539,431479
2014-01-15,21.771,21.9187,21.7387,21.8453,855176
2014-01-16,21.7808,21.848,21.6914,21.7325,704705
2014-01-17,21.6239,21.7537,21.5639,21.615,614673
2014-01-21,21.6972,21.7446,21.5668,21.7325,575971
2014-01-22,21.7299,21.9986,21.6887,21.967,505203
2014-01-23,21.848,21.8604,21.6327,21.7478,321585
2014-01-24,21.618,21.6539,21.2263,21.2416,1269084
2014-01-27,21.2863,21.3267,20.9667,21.0939,929231
2014-01-28,21.0939,21.2237,20.984,21.1807,560644
2014-01-29,21.0443,21.2863,21.0443,21.0997,1038910
2014-01-30,21.2863,21.4295,21.2178,21.3665,1480761
2014-01-31,21.0997,21.3486,21.0825,21.2694,591424
2014-02-03,21.2508,21.2508,20.7485,20.7929,1958831
2014-02-04,20.8343,20.8626,20.7067,20.828,1070401
2014-02-05,20.74,20.9406,20.6153,20.8542,683323
2014-02-06,20.8907,21.2178,20.8907,21.1862,513784
2014-02-07,21.2694,21.5414,21.1982,21.5202,449933
2014-02-10,21.5384,21.6566,21.5355,21.6294,390873
2014-02-11,21.6654,21.967,21.6654,21.9125,928538
2014-02-12,21.9759,22.1282,21.9732,22.1056,459747
2014-02-13,22.0051,22.366,21.9638,22.3568,391578
2014-02-14,22.33,22.5287,22.2768,22.5022,1314957
2014-02-18,22.5022,22.5792,22.3926,22.5606,191110
2014-02-19,22.5022,22.6409,22.479,22.5401,157486
2014-02-20,22.5512,22.7175,22.5074,22.6937,321346
2014-02-21,22.7387,22.7794,22.5352,22.5968,440048
2014-02-24,22.709,22.8261,22.6819,22.6852,188332
2014-02-25,22.6621,22.7028,22.4582,22.5636,274112
2014-02-26,22.6203,22.8779,22.6203,22.7175,185285
2014-02-27,22.7123,22.7528,22.5606,22.7149,221739
2014-02-28,22.7149,22.783,22.5398,22.6966,184543
2014-03-03,22.5163,22.5997,22.3597,22.5541,303827
2014-03-04,22.8473,22.9921,22.8473,22.9547,1002913
2014-03-05,22.9892,23.0612,22.9152,22.9983,325835
2014-03-06,23.0668,23.1793,22.9839,23.1595,482257
2014-03-07,23.3095,23.3095,23.0612,23.1311,757504
2014-03-10,23.1403,23.1852,22.9862,23.0929,169256
2014-03-11,23.1403,23.2028,22.9002,22.966,201326
2014-03-12,22.8617,23.1595,22.8187,23.15,164212
2014-03-13,23.2165,23.2534,22.6559,22.7735,877233
2014-03-14,22.7472,22.8389,22.6409,22.6435,201185
2014-03-17,22.7922,23.0036,22.7922,22.9246,169553
2014-03-18,23.014,23.2654,22.9279,23.2562,606781
2014-03-19,23.2625,23.3927,23.0994,23.2352,884891
2014-03-20,23.1793,23.6761,23.137,23.6643,601603
2014-03-21,23.7378,23.7661,23.4041,23.4569,446333
2014-03-24,23.5727,23.59,23.1741,23.3613,820301
2014-03-25,23.4719,23.6679,23.4151,23.5365,347563
2014-03-26,23.7889,23.8105,23.27,23.27,431687
2014-03-27,23.2765,23.3498,23.0366,23.0981,611052
2014-03-28,23.1711,23.4324,23.1555,23.2498,240889
2014-03-31,23.4446,23.7025,23.4037,23.6285,782813
2014-04-01,23.7385,24.0055,23.7326,24.0055,698101
2014-04-02,24.0495,24.0521,23.8456,23.97,610212
2014-04-03,24.0085,24.2253,23.9073,24.0055,398562
2014-04-04,24.196,24.196,23.2941,23.3262,1099135
2014-04-07,23.2677,23.4598,22.9849,23.1157,896196
2014-04-08,23.1523,23.4324,23.149,23.4181,203671
2014-04-09,23.5255,23.6777,23.4096,23.6646,195559
2014-04-10,23.7003,23.7003,22.9083,22.9328,1466465
2014-04-11,22.6747,22.9905,22.5137,22.5733,1315138
2014-04-14,22.757,22.876,22.5404,22.7538,1440251
2014-04-15,22.7967,22.9709,22.5048,22.9027,537110
2014-04-16,22.9647,22.9787,22.5346,22.8629,664203
2014-04-17,22.9817,23.389,22.9787,23.2941,398688
2014-04-21,23.4689,23.5104,23.21,23.5045,502716
2014-04-22,23.558,23.7771,23.5078,23.7143,698113
2014-04-23,23.7326,23.7984,23.635,23.6937,676860
2014-04-24,23.8773,23.892,23.5255,23.8278,278447
2014-04-25,23.5874,23.5874,23.0036,23.0483,294344
2014-04-28,23.1783,23.2283,22.588,22.9168,992393
2014-04-29,23.0277,23.1271,22.9201,23.0743,241751
2014-04-30,22.997,23.1959,22.9787,23.1904,174928
2014-05-01,23.1646,23.4096,23.0687,23.1157,96176
2014-05-02,23.1842,23.2941,23.0802,23.1959,74395
2014-05-05,23.057,23.2791,22.9905,23.2159,290913
2014-05-06,23.2188,23.3356,23.104,23.1271,250320
2014-05-07,23.2312,23.2312,22.9504,23.1364,118631
2014-05-08,23.1128,23.6165,23.0542,23.2971,156382
2014-05-09,23.3118,23.3118,23.0658,23.2218,224670
2014-05-12,23.3528,23.6735,23.3467,23.6467,190690
2014-05-13,23.7385,23.7385,23.4569,23.4598,362139
2014-05-14,23.4064,23.4647,23.2556,23.2648,115884
2014-05-15,23.2377,23.2733,22.8261,22.9905,796929
2014-05-16,23.0857,23.2621,23.031,23.2472,229591
2014-05-19,23.2283,23.5365,23.2283,23.481,432279
2014-05-20,23.4719,23.558,23.2443,23.3672,267824
2014-05-21,23.4569,23.5428,23.3705,23.481,154037
2014-05-22,23.5339,23.6823,23.5222,23.5874,297012
2014-05-23,23.6102,23.8239,23.558,23.8131,262792
2014-05-27,23.9722,24.107,23.9136,24.107,651805
2014-05-28,24.1444,24.1993,24.0177,24.1411,286636
2014-05-29,24.2169,24.2654,24.1411,24.1866,169569
2014-05-30,24.2283,24.2511,24.1242,24.2169,246791
2014-06-02,24.3731,24.4182,24.165,24.3496,426686
2014-06-03,24.3614,24.5956,24.2968,24.5776,378836
2014-06-04,24.527,24.723,24.5013,24.6868,715629
2014-06-05,24.726,24.865,24.6076,24.8095,293007
2014-06-06,24.9005,24.9775,24.8715,24.9549,373933
2014-06-09,25.0136,25.1226,24.9488,24.9775,264433
2014-06-10,24.9984,25.0675,24.8927,25.0515,223603
2014-06-11,25.042,25.2775,25.0371,25.1827,386688
2014-06-12,25.1657,25.2688,25.0079,25.0975,977618
2014-06-13,25.3248,25.4135,25.2094,25.3424,440174
2014-06-16,25.316,25.541,25.3098,25.4938,855492
2014-06-17,25.4497,25.7169,25.4497,25.681,371732
2014-06-18,25.7169,25.7169,25.3885,25.5738,784883
2014-06-19,25.6389,25.6389,25.4472,25.6095,1017635
2014-06-20,25.6605,25.6869,25.5685,25.6869,770982
2014-06-23,25.7198,25.7198,25.563,25.5914,1606138
2014-06-24,25.6586,25.7648,25.3336,25.3855,1264574
2014-06-25,25.3366,25.5182,25.2296,25.4912,488000
2014-06-26,25.5091,25.5091,25.1915,25.3793,277883
2014-06-27,25.3193,25.4266,25.2864,25.4112,534384
2014-06-30,25.4351,25.7119,25.4351,25.6905,332948
2014-07-01,25.7883,26.1425,25.7711,26.0421,344203
2014-07-02,26.1243,26.1487,26.03,26.1089,499764
2014-07-03,26.1966,26.318,26.1966,26.2733,355115
2014-07-07,26.2912,26.2912,26.0594,26.0972,524644
2014-07-08,26.0656,26.0949,25.7119,25.9589,589440
2014-07-09,25.94,26.1304,25.8363,26.1148,429280
2014-07-10,25.7267,26.0922,25.6526,25.9964,527949
2014-07-11,25.9996,26.0499,25.8895,25.9937,389738
2014-07-14,26.1396,26.2136,26.0444,26.121,1050861
2014-07-15,26.1425,26.2107,25.8042,26.0444,487163
2014-07-16,26.2466,26.3627,26.1966,26.3487,345441
2014-07-17,26.0751,26.0839,25.6281,25.6666,1245372
2014-07-18,25.7763,26.0267,25.7354,26.0023,678708
2014-07-21,25.9465,26.1337,25.908,26.0806,398406
2014-07-22,26.1846,26.2935,26.1304,26.2492,383643
2014-07-23,26.121,26.121,25.6337,25.6494,894019
2014-07-24,25.6367,25.6399,25.3989,25.4112,1033085
2014-07-25,25.224,25.2563,24.8519,24.9084,2477732
2014-07-28,24.9174,24.9289,24.5848,24.8858,2019954
2014-07-29,24.9263,25.0816,24.8365,24.8398,647687
2014-07-30,25.0476,25.1584,24.9321,25.0816,1926285
2014-07-31,24.7991,24.8767,24.465,24.573,2753025
2014-08-01,24.5903,24.787,24.4422,24.6536,658602
2014-08-04,24.7189,24.8303,24.5238,24.7596,807976
2014-08-05,24.6794,24.7717,24.4123,24.4987,1394562
2014-08-06,24.4061,24.7537,24.3672,24.5786,963993
2014-08-07,24.7299,24.7449,24.1924,24.2481,985498
2014-08-08,24.3411,24.5603,24.3056,24.5479,731391
2014-08-11,24.6631,24.9084,24.6536,24.7717,1608903
2014-08-12,24.7537,24.8053,24.5417,24.7537,220651
2014-08-13,24.7936,24.9889,24.7936,24.9889,456595
2014-08-14,24.9889,25.075,24.9442,25.0362,525895
2014-08-15,25.2417,25.3885,25.0102,25.3007,697950
2014-08-18,25.3908,25.4051,25.2148,25.3989,547657
2014-08-19,25.4645,25.6196,25.4383,25.5809,798465
2014-08-20,25.545,25.8248,25.545,25.7949,294470
2014-08-21,25.7821,25.908,25.7354,25.8924,459149
2014-08-22,25.8781,26.0179,25.8042,25.9106,523997
2014-08-25,26.0627,26.0718,25.7711,25.8186,277770
2014-08-26,25.8451,25.9171,25.7949,25.8216,171623
2014-08-27,25.8333,25.8895,25.7149,25.8685,399770
2014-08-28,25.7354,25.9677,25.7005,25.9527,232703
2014-08-29,26.0972,26.226,26.0444,26.1487,270178
2014-09-02,26.1578,26.2414,25.9138,26.03,240242
2014-09-03,26.1304,26.2077,26.0444,26.1004,267036
2014-09-04,26.1699,26.3627,26.1056,26.1755,303297
2014-09-05,26.1934,26.3949,26.1487,26.3917,499126
2014-09-08,26.3627,26.6034,26.3578,26.4579,531769
2014-09-09,26.4635,26.4843,26.1785,26.2136,213706
2014-09-10,26.1875,26.2492,26.0444,26.2048,181774
2014-09-11,26.121,26.2733,26.0146,26.2733,281216
2014-09-12,26.2414,26.2414,25.8924,25.9465,700317
2014-09-15,25.97,26.0088,25.6167,25.6281,731520
2014-09-16,25.5868,26.1079,25.5744,26.0751,1865766
2014-09-17,26.121,26.4063,26.0962,26.2613,497596
2014-09-18,26.3712,26.6631,26.3487,26.6631,398529
2014-09-19,26.7945,26.7945,26.2819,26.3301,380148
2014-09-22,26.2348,26.2968,25.9615,26.0117,353934
2014-09-23,25.8895,26.1272,25.8274,25.9286,709227
2014-09-24,25.9762,26.2623,25.9762,26.2534,367789
2014-09-25,26.2006,26.2175,25.6931,25.773,567932
2014-09-26,25.9729,26.1402,25.8865,26.078,926089
2014-09-29,25.8069,26.1943,25.7645,26.1096,364129
2014-09-30,26.1494,26.1494,25.8007,25.8953,414435
2014-10-01,25.8451,25.8451,25.1986,25.2635,1874486
2014-10-02,25.2576,25.2576,24.6594,25.109,653460
2014-10-03,25.3205,25.4371,25.1317,25.2668,547326
2014-10-06,25.3111,25.3561,24.8829,25.045,480657
2014-10-07,24.8891,25.0149,24.5691,24.5691,1409404
2014-10-08,24.608,25.1777,24.3662,25.1229,491173
2014-10-09,25.0727,25.0756,24.4292,24.4438,1464892
2014-10-10,23.7638,23.7694,22.5525,22.759,4418143
2014-10-13,22.7707,23.0545,22.2606,22.2755,4946973
2014-10-14,22.6757,23.1076,22.4911,22.6783,3388786
2014-10-15,22.2286,22.9595,22.1115,22.786,2218738
2014-10-16,22.4735,23.2961,22.4677,23.137,1107164
2014-10-17,23.5521,23.7041,23.272,23.3079,1747196
2014-10-20,23.3163,23.7012,23.1532,23.6777,661812
2014-10-21,23.9582,24.5626,23.9402,24.5502,1214626
2014-10-22,24.739,24.7713,24.1875,24.2002,2245418
2014-10-23,24.5189,24.6791,24.4438,24.5469,793149
2014-10-24,24.5534,24.8545,24.5355,24.7936,698763
2014-10-27,24.7747,24.9478,24.5868,24.9087,1512003
2014-10-28,25.0391,25.2724,24.9569,25.2635,1443307
2014-10-29,25.3379,25.381,25.0257,25.3141,2084001
2014-10-30,25.1415,25.2221,24.6931,25.0075,1280217
2014-10-31,25.7018,26.1083,25.7018,25.985,2505568
2014-11-03,26.0238,26.3046,25.985,26.1641,1866487
2014-11-04,26.0659,26.2241,25.8745,26.0692,603203
2014-11-05,26.2656,26.364,26.0395,26.3314,852729
2014-11-06,26.1762,26.2687,25.94,26.1033,1093487
2014-11-07,26.0751,26.1585,25.6608,25.8685,497722
2014-11-10,25.94,26.1011,25.8297,26.0597,364634
2014-11-11,26.1011,26.1011,25.8985,26.0091,596532
2014-11-12,25.908,25.9912,25.8297,25.9703,284852
2014-11-13,26.0535,26.2329,25.881,25.9729,208509
2014-11-14,25.9286,26.2175,25.788,26.2006,310336
2014-11-17,26.078,26.1553,25.8685,26.0813,966808
2014-11-18,26.1249,26.6621,26.1249,26.5903,510715
2014-11-19,26.5932,26.6357,26.2858,26.408,811354
2014-11-20,26.2208,26.6793,26.1762,26.6508,728205
2014-11-21,26.9541,27.0225,26.7313,26.9426,1220295
2014-11-24,26.9964,27.2169,26.9528,27.2016,595912
2014-11-25,27.261,27.2909,27.1481,27.2071,682342
2014-11-26,27.2199,27.7896,27.2199,27.7838,617435
2014-11-28,27.8389,27.9394,27.6908,27.86,373262
2014-12-01,27.8422,27.8849,27.4067,27.5088,1040063
2014-12-02,27.4466,27.6908,27.3333,27.682,602191
2014-12-03,27.8165,28.2897,27.8053,28.2629,1184470
2014-12-04,28.347,28.4674,28.1286,28.2864,828459
2014-12-05,28.3761,28.5767,28.3223,28.5708,404756
2014-12-08,28.5192,28.6328,27.9944,28.1676,1351049
2014-12-09,27.7681,28.2255,27.6908,28.1643,722049
2014-12-10,28.0186,28.1676,27.5769,27.6282,746175
2014-12-11,27.7499,28.093,27.697,27.7589,2060271
2014-12-12,27.5026,27.697,27.273,27.2998,1328889
2014-12-15,27.4319,27.7029,26.957,27.046,1226081
2014-12-16,26.9296,27.4348,26.8229,26.8621,956984
2014-12-17,26.9087,27.5088,26.7254,27.441,907972
2014-12-18,27.8936,27.9615,27.7029,27.9615,700544
2014-12-19,28.1168,28.1168,27.7622,27.9647,645559
2014-12-22,28.0314,28.3396,27.9944,28.307,422281
2014-12-23,28.4296,28.5401,28.2358,28.2446,1098239
2014-12-24,28.3451,28.4081,28.2789,28.287,225636
2014-12-26,28.3607,28.4432,28.2903,28.3233,222904
2014-12-29,28.3079,28.3145,28.1464,28.2424,226908
2014-12-30,28.0506,28.1977,28.0506,28.0646,402324
2014-12-31,28.1067,28.3079,27.9032,27.9221,321619
2015-01-02,28.0457,28.2039,27.6348,27.8969,735297
2015-01-05,27.7802,27.8298,27.3624,27.3711,686931
2015-01-06,27.3884,27.4165,26.6823,26.76,1246322
2015-01-07,26.9129,27.1455,26.7538,27.0251,799845
2015-01-08,27.2988,27.8728,27.2988,27.8278,701979
2015-01-09,27.9156,27.954,27.5091,27.8422,466801
2015-01-12,27.7221,27.7221,27.1751,27.3076,634724
2015-01-13,27.5058,27.8422,26.9015,27.0398,577458
2015-01-14,26.7792,27.1543,26.6089,26.8868,1376837
2015-01-15,27.1184,27.2446,26.6527,26.6729,735263
2015-01-16,26.5805,27.0016,26.4658,26.9648,972354
2015-01-20,27.0799,27.3445,26.8959,27.2446,532649
2015-01-21,27.1937,27.6745,27.0767,27.5549,592460
2015-01-22,27.4817,27.7427,27.0189,27.7166,1313534
2015-01-23,27.5963,27.774,27.5121,27.6416,954958
2015-01-26,27.4997,27.7616,27.3839,27.699,392305
2015-01-27,27.3445,27.4608,27.0369,27.2051,1176458
2015-01-28,27.5812,27.8017,27.0575,27.0767,1350534
2015-01-29,26.9866,27.1784,26.5893,27.0949,729870
2015-01-30,26.788,27.1455,26.5235,26.5617,1614909
2015-02-02,26.6106,26.7165,26.076,26.6325,1028492
2015-02-03,26.7482,27.1151,26.7071,27.104,699827
2015-02-04,27.0304,27.3973,27.0219,27.2051,1117914
2015-02-05,27.3164,27.4817,27.1692,27.47,775259
2015-02-06,27.5091,27.7372,27.2505,27.3197,1115786
2015-02-09,27.2567,27.2808,26.9625,27.0304,1689473
2015-02-10,27.3649,27.954,27.2896,27.9459,1396380
2015-02-11,27.9485,28.1341,27.8549,28.0362,1070799
2015-02-12,28.1188,28.4932,28.1188,28.484,1037432
2015-02-13,28.6126,28.7681,28.4378,28.6849,817523
2015-02-17,28.6722,28.8076,28.5858,28.7743,2654114
2015-02-18,28.742,28.7828,28.5858,28.6997,508529
2015-02-19,28.6573,28.8631,28.6159,28.7773,722644
2015-02-20,28.6997,28.971,28.6305,28.9494,2110160
2015-02-23,28.9006,28.9153,28.666,28.7681,746399
2015-02-24,28.7681,29.1657,28.5737,29.1537,934186
2015-02-25,29.09,29.1592,28.9153,29.003,430228
2015-02-26,29.1416,29.2648,29.0489,29.202,327861
2015-02-27,29.1954,29.259,29.0239,29.1142,388343
2015-03-02,29.3614,29.9293,29.3581,29.9142,959808
2015-03-03,29.7571,29.809,29.3219,29.3614,1322104
2015-03-04,29.2466,29.331,28.9919,29.3219,631769
2015-03-05,29.4237,29.5089,29.2176,29.3402,813080
2015-03-06,29.244,29.2906,28.956,29.0362,712615
2015-03-09,29.0118,29.1954,28.9824,29.1262,576557
2015-03-10,28.937,29.0062,28.5828,28.5884,1275851
2015-03-11,28.7531,28.9462,28.6418,28.651,394577
2015-03-12,28.3516,28.651,28.3298,28.6418,1300808
2015-03-13,28.7219,28.8852,28.5246,28.8349,597847
2015-03-16,28.9919,29.2799,28.9527,29.2737,728911
2015-03-17,29.0701,29.1113,28.8973,29.0607,487386
2015-03-18,29.0515,29.4179,28.6817,29.2766,516991
2015-03-19,29.2466,29.4149,29.2049,29.3431,313721
2015-03-20,29.5565,29.851,29.5173,29.7571,512671
2015-03-23,29.7303,29.8005,29.4997,29.5118,444809
2015-03-24,29.5323,29.5323,29.2407,29.259,643085
2015-03-25,29.2372,29.2707,27.8659,27.8989,1282078
2015-03-26,27.2509,27.6944,26.9067,27.5167,1571081
2015-03-27,27.5287,28.4028,27.4651,28.2961,1289053
2015-03-30,28.4814,28.7351,28.3148,28.6585,1410155
2015-03-31,28.5343,28.5917,28.2907,28.336,452376
2015-04-01,28.2391,28.2756,27.9335,28.1523,691475
2015-04-02,28.2661,28.3453,28.0646,28.089,711714
2015-04-06,27.8239,28.2756,27.6728,28.213,1172923
2015-04-07,28.1885,28.4657,28.1699,28.2258,1154230
2015-04-08,28.167,28.4847,28.1523,28.3908,968862
2015-04-09,28.2515,28.7972,28.2515,28.7603,660960
2015-04-10,28.776,28.8784,28.7404,28.8784,292643
2015-04-13,28.9173,29.0229,28.6673,28.7071,482775
2015-04-14,28.6888,28.7104,28.3269,28.4139,734273
2015-04-15,28.6315,28.9733,28.5946,28.8872,491338
2015-04-16,28.6103,28.806,28.6103,28.7632,578626
2015-04-17,28.5199,28.531,28.2195,28.3549,550450
2015-04-20,28.4991,28.7104,28.4935,28.5946,440431
2015-04-21,28.914,28.9948,28.6915,28.7906,502682
2015-04-22,28.9847,29.2046,28.7433,29.1983,498546
2015-04-23,28.6556,28.8461,28.5229,28.7462,651320
2015-04-24,28.6915,28.7104,28.0949,28.2723,697445
2015-04-27,28.3115,28.6402,28.2756,28.3453,657955
2015-04-28,28.3908,28.4322,27.9768,28.3722,1329861
2015-04-29,28.1579,28.2994,27.9241,28.2162,867336
2015-04-30,28.1637,28.2694,27.7978,27.9713,2570469
2015-05-01,28.2316,28.8155,28.2225,28.7489,1685230
2015-05-04,28.8155,28.8757,28.6168,28.6915,732292
2015-05-05,28.4873,28.559,28.0418,28.0672,827181
2015-05-06,28.1732,28.3021,27.8291,28.0356,1545612
2015-05-07,28.1436,28.3842,28.1436,28.3421,1026913
2015-05-08,28.5747,28.7462,28.5466,28.6256,726311
2015-05-11,28.6256,28.7489,28.5255,28.6428,547151
2015-05-12,28.4847,28.556,28.2547,28.3842,1101701
2015-05-13,28.5343,28.7632,28.4814,28.559,435323
2015-05-14,28.7577,29.0052,28.6523,28.8993,968862
2015-05-15,28.9547,29.0568,28.8246,28.9481,419402
2015-05-18,28.988,29.2462,28.9055,29.2312,691828
2015-05-19,29.3028,29.4449,29.0229,29.1255,505344
2015-05-20,29.1618,29.3966,29.06,29.1889,949277
2015-05-21,29.123,29.3807,29.0385,29.3372,508983
2015-05-22,29.2995,29.5,29.2995,29.3966,454562
2015-05-26,29.3519,29.3774,29.0385,29.1713,868764
2015-05-27,29.2613,30.4185,29.2462,30.3177,1455620
2015-05-28,30.3483,30.4926,30.1445,30.3483,1355734
2015-05-29,30.4459,30.5852,30.3203,30.4635,2006071
2015-06-01,30.5633,30.6821,30.3177,30.4812,1455393
2015-06-02,30.3657,30.3869,30.0927,30.1383,1038367
2015-06-03,30.2897,30.3177,29.9129,29.9341,3986934
2015-06-04,29.807,29.91,29.5718,29.6625,1976543
2015-06-05,29.6167,29.7525,29.3966,29.6657,1446330
2015-06-08,29.6912,29.6912,29.029,29.1077,1512359
2015-06-09,29.123,29.1651,28.7939,29.0897,1820010
2015-06-10,29.2229,29.5542,29.2111,29.4511,1447499
2015-06-11,29.5747,29.5888,29.4152,29.4416,1785475
2015-06-12,29.3028,29.3187,29.1376,29.1775,726311
2015-06-15,28.9173,29.1409,28.7378,29.1168,915781
2015-06-16,29.0052,29.2707,28.9938,29.1983,751206
2015-06-17,29.2312,29.3372,29.1136,29.2229,803953
2015-06-18,29.2995,29.7741,29.2995,29.6353,880930
2015-06-19,29.7072,29.7927,29.3905,29.4873,1186196
2015-06-22,29.6778,29.8135,29.5888,29.7371,994748
2015-06-23,29.7956,29.837,29.4906,29.5888,1080144
2015-06-24,29.5466,29.618,29.2711,29.2769,818752
2015-06-25,29.3882,29.452,29.183,29.2561,1073565
2015-06-26,28.973,28.9938,28.4123,28.5272,2014781
2015-06-29,28.1526,28.3532,27.7058,27.7267,1734460
2015-06-30,27.9798,28.0421,27.7029,27.8265,4821216
2015-07-01,28.2235,28.2645,27.835,27.8933,1590841
2015-07-02,27.9483,28.1103,27.9054,28.0229,1105340
2015-07-06,27.769,28.0229,27.4938,27.6152,3374934
2015-07-07,27.6305,27.6305,26.693,27.5277,3191605
2015-07-08,27.1589,27.2345,26.7185,26.784,2199110
2015-07-09,27.2703,27.3347,26.4341,26.4429,4170193
2015-07-10,26.7561,27.0254,26.7303,26.9319,1646102
2015-07-13,27.195,27.213,26.9651,27.1589,1217196
2015-07-14,27.2916,27.5095,27.2584,27.4433,1115685
2015-07-15,27.5032,27.5032,27.156,27.2802,1185892
2015-07-16,27.4788,27.4817,27.0808,27.3318,1828450
2015-07-17,27.3154,27.3154,27.0585,27.2736,1701038
2015-07-20,27.3734,27.4188,27.0711,27.087,1209589
2015-07-21,27.0988,27.3318,27.0523,27.0926,748585
2015-07-22,26.3813,26.4915,26.1249,26.4188,3855803
2015-07-23,26.566,27.1282,26.566,26.8124,1256915
2015-07-24,26.8897,26.9449,26.246,26.2733,2341739
2015-07-27,26.1122,26.2613,25.8059,26.0806,1730827
2015-07-28,26.2126,26.784,26.0074,26.6249,2373505
2015-07-29,26.6031,26.7094,26.3673,26.6569,1548139
2015-07-30,26.519,26.851,26.4459,26.7623,3755530
2015-07-31,26.803,26.803,26.4025,26.4518,1864862
2015-08-03,26.425,26.4759,26.2234,26.3673,1215690
2015-08-04,26.2819,26.3346,25.908,26.0747,3066829
2015-08-05,26.2253,26.588,26.2126,26.4025,1578596
2015-08-06,26.4518,26.4518,25.7326,25.9315,3243199
2015-08-07,25.8265,26.1063,25.8026,26.0806,1044450
2015-08-10,26.3098,26.7721,26.2766,26.7273,1587530
2015-08-11,26.4606,26.4635,26.0199,26.1249,2389473
2015-08-12,25.8085,26.4025,25.6024,26.2766,2829883
2015-08-13,26.2733,26.3784,26.0074,26.0653,996471
2015-08-14,25.9684,25.9684,25.6935,25.8503,1358512
2015-08-17,25.7413,26.1184,25.6115,26.0715,876006
2015-08-18,26.0319,26.0352,25.5394,25.5786,1347260
2015-08-19,25.6327,25.6386,25.183,25.349,1611675
2015-08-20,25.074,25.0864,24.3881,24.3969,2953318
2015-08-21,24.0838,24.4547,23.7289,23.7289,4566336
2015-08-24,22.3604,24.2283,22.0165,23.1976,5926814
2015-08-25,24.1102,24.1604,22.9679,22.9679,3032745
2015-08-26,23.6836,24.1402,23.2306,24.1132,3744937
2015-08-27,24.5319,25.0427,24.5065,25.0108,4315807
2015-08-28,24.9197,25.2068,24.9197,25.1555,2267938
2015-08-31,24.9625,25.3395,24.8375,25.0864,1813568
2015-09-01,24.3336,24.8251,24.0838,24.2015,2250397
2015-09-02,24.6089,24.7779,24.3401,24.7779,1596139
2015-09-03,24.9658,25.3004,24.8904,24.971,1050410
2015-09-04,24.6265,24.8375,24.4426,24.5378,1100714
2015-09-08,25.0802,25.6354,25.077,25.6268,2484376
2015-09-09,25.8529,26.0319,25.1047,25.1555,2867603
2015-09-10,25.1432,25.4968,24.9074,25.2671,1883739
2015-09-11,25.046,25.2978,24.935,25.2825,2096848
2015-09-14,25.406,25.4733,25.2671,25.3395,1756977
2015-09-15,25.4576,25.7326,25.4462,25.6637,1367118
2015-09-16,25.6024,25.7472,25.452,25.7182,1573957
2015-09-17,25.6725,25.9263,25.4576,25.5117,2158011
2015-09-18,25.1304,25.3914,24.971,25.0682,2030323
2015-09-21,25.2283,25.3091,24.8715,24.9918,2267279
2015-09-22,24.5662,24.635,24.343,24.4426,3133680
2015-09-23,24.4602,24.5819,24.2312,24.2606,1586212
2015-09-24,24.0316,24.3642,23.5723,24.2133,4582043
2015-09-25,24.5417,24.7039,24.1122,24.3459,1936044
2015-09-28,24.1908,24.3249,23.6715,23.6715,3779393
2015-09-29,23.7351,24.0535,23.574,23.8298,1403913
2015-09-30,24.2481,24.7772,24.2126,24.7524,1520738
2015-10-01,24.7406,24.7406,24.033,24.4576,2308914
2015-10-02,24.1334,24.983,24.121,24.9687,2243760
2015-10-05,25.2113,25.5764,25.132,25.455,2751685
2015-10-06,25.3999,25.6033,25.0816,25.5372,3406765
2015-10-07,25.7518,26.0355,25.4432,25.8738,2187147
2015-10-08,25.8585,26.0901,25.6337,26.0444,2018654
2015-10-09,26.0929,26.1256,25.7283,25.8829,1525671
2015-10-12,25.8585,25.9377,25.7462,25.8829,2174542
2015-10-13,25.698,25.8434,25.5397,25.5649,1577342
2015-10-14,25.6918,26.7257,25.622,26.4944,3747044
2015-10-15,26.6879,26.9469,26.5156,26.7433,2460627
2015-10-16,26.7407,26.8376,26.5855,26.805,1564836
2015-10-19,26.7198,26.9772,26.5945,26.7955,1523550
2015-10-20,26.7857,26.8591,26.619,26.7705,872487
2015-10-21,27.0342,27.317,26.8017,26.8111,1732998
2015-10-22,27.2473,27.7864,27.196,27.7398,2631769
2015-10-23,27.9854,28.153,27.7035,28.0773,3509775
2015-10-26,27.9498,27.9498,27.4364,27.5727,3404134
2015-10-27,27.3268,27.5245,27.2567,27.333,3475878
2015-10-28,27.5274,27.8105,27.4116,27.7369,3628250
2015-10-29,27.2045,27.2782,26.9123,26.9928,2139437
2015-10-30,27.0962,27.3052,27.0466,27.2074,1651385
2015-11-02,27.2811,27.4843,27.2535,27.4485,1231198
2015-11-03,27.3605,27.7035,27.3605,27.5907,1125824
2015-11-04,27.6155,27.7336,27.4752,27.6699,1614894
2015-11-05,27.5454,27.5848,27.0493,27.09,2305622
2015-11-06,27.3138,27.819,27.2716,27.8079,2098954
2015-11-09,27.7369,27.7369,27.3927,27.5366,1998492
2015-11-10,27.2411,27.2411,26.9528,27.0342,2762076
2015-11-11,27.0991,27.3425,27.031,27.0552,1762943
2015-11-12,26.9123,27.078,26.7074,26.7074,2653798
2015-11-13,26.6976,26.7987,26.3634,26.4661,1632634
2015-11-16,26.4514,26.8111,26.4456,26.7922,2000883
2015-11-17,26.8285,27.1804,26.7922,26.971,2250333
2015-11-18,27.011,27.2654,26.8255,27.2381,2484321
2015-11-19,27.3024,27.5519,27.1566,27.3024,1281152
2015-11-20,27.4178,27.5398,27.3203,27.39,655882
2015-11-23,27.3425,27.3484,27.0254,27.0617,1282804
2015-11-24,27.0049,27.4364,26.8888,27.3813,1838976
2015-11-25,27.4021,27.5366,27.2994,27.4211,506806
2015-11-27,27.4364,27.6429,27.4364,27.5398,645351
2015-11-30,27.5783,27.9165,27.5698,27.8363,1244955
2015-12-01,28.016,28.2714,27.953,28.2681,1899369
2015-12-02,28.3718,28.4442,28.0806,28.1345,1095928
2015-12-03,28.5088,28.5388,27.8219,27.9647,2027033
2015-12-04,27.9355,28.5232,27.8888,28.4471,1376267
2015-12-07,28.4231,28.4231,28.1559,28.2179,1647764
2015-12-08,27.8396,28.0619,27.7124,27.9762,1765356
2015-12-09,27.9762,28.0072,27.4781,27.6125,1497044
2015-12-10,27.5877,27.9729,27.5698,27.7453,1236407
2015-12-11,27.4631,27.56,27.1836,27.2264,2437262
2015-12-14,27.214,27.317,26.7768,27.0493,2839482
2015-12-15,27.2593,27.5632,27.1683,27.4573,1671458
2015-12-16,27.6246,27.7186,27.2297,27.6644,1377254
2015-12-17,27.8245,27.8953,27.2593,27.2843,1167947
2015-12-18,27.1164,27.2019,26.9064,26.9681,2125282
2015-12-21,27.1318,27.4543,27.1138,27.4302,1045198
2015-12-22,27.5183,27.5629,27.2567,27.4719,873808
2015-12-23,27.5058,27.6882,27.4631,27.6644,1416091
2015-12-24,27.638,27.8783,27.6198,27.7746,554601
2015-12-28,27.6439,27.6654,27.39,27.6654,375344
2015-12-29,27.835,28.1155,27.7528,27.9873,652985
2015-12-30,27.9778,28.0372,27.7137,27.7228,1118984
2015-12-31,27.6256,27.638,27.3425,27.3575,786446
2016-01-04,26.8069,27.0405,26.6455,27.0405,1074285
2016-01-05,27.0926,27.1475,26.7276,26.7847,1376914
2016-01-06,26.2093,26.3251,25.7984,25.8588,1591433
2016-01-07,25.3594,25.7254,25.0799,25.134,2155098
2016-01-08,25.3078,25.4025,24.7081,24.7717,1507570
2016-01-11,24.9302,25.0832,24.5229,24.8571,1095520
2016-01-12,25.1308,25.3017,24.7179,25.0643,1115743
2016-01-13,25.0705,25.2622,24.2603,24.2661,1837826
2016-01-14,24.3884,24.8969,24.0557,24.7654,1325056
2016-01-15,23.7883,23.9625,23.332,23.6483,1732636
2016-01-19,24.0016,24.2032,23.481,23.6878,1079102
2016-01-20,23.3897,24.0815,23.1862,23.8437,1747414
2016-01-21,24.0815,24.4922,23.8653,24.197,1163784
2016-01-22,24.6569,24.8119,24.4889,24.6372,1570968
2016-01-25,24.5838,24.6343,24.2494,24.2978,1299305
2016-01-26,24.3642,24.7146,24.288,24.5229,1149628
2016-01-27,24.4435,24.7049,24.1447,24.2413,1064833
2016-01-28,24.343,24.4765,23.9895,24.1875,518963
2016-01-29,24.3884,25.2871,24.3884,25.2711,1824324
2016-02-01,25.0861,25.5277,25.0225,25.3963,2063978
2016-02-02,25.1216,25.1216,24.4889,24.5584,1291646
2016-02-03,24.8826,24.8826,24.1194,24.6171,1591004
2016-02-04,24.6171,25.199,24.5959,25.042,1179858
2016-02-05,24.9334,24.9334,24.0845,24.1846,2231986
2016-02-08,23.7765,23.7854,23.2012,23.5786,2406991
2016-02-09,23.2893,23.8557,23.2374,23.441,886118
2016-02-10,23.6298,23.8379,23.2342,23.2592,1541878
2016-02-11,22.8903,23.209,22.7772,23.0789,1253699
2016-02-12,23.3349,23.6112,23.0124,23.5847,1212928
2016-02-16,23.8976,24.5365,23.8222,24.4129,1264789
2016-02-17,24.574,25.042,24.5365,24.9938,1171335
2016-02-18,25.1836,25.2042,24.8509,24.8761,797950
2016-02-19,24.9181,25.131,24.8119,24.9847,565176
2016-02-22,25.2348,25.5087,25.2348,25.3787,1865365
2016-02-23,25.2534,25.2991,24.9302,24.9788,792575
2016-02-24,24.6804,25.366,24.5276,25.3108,1082968
2016-02-25,25.393,25.6428,25.1128,25.6187,967682
2016-02-26,25.8437,25.8774,25.6735,25.7825,661398
2016-02-29,25.8317,26.1729,25.7227,25.7227,892608
2016-03-01,25.9109,26.4501,25.8985,26.4166,1204076
2016-03-02,26.3764,26.5961,26.3705,26.5808,1074046
2016-03-03,26.5903,26.6777,26.4166,26.6112,679398
2016-03-04,26.7945,27.108,26.5961,26.8848,1427202
2016-03-07,26.7218,27.105,26.6269,27.0075,1181223
2016-03-08,26.7945,26.8134,26.3591,26.3943,1013812
2016-03-09,26.4678,26.6481,26.382,26.5808,605328
2016-03-10,26.7479,26.9736,26.3568,26.7159,2715590
2016-03-11,27.0046,27.2505,26.9492,27.2234,681167
2016-03-14,27.1197,27.2473,27.0372,27.1596,823526
2016-03-15,27.0679,27.0926,26.8703,27.0897,2259795
2016-03-16,26.9181,27.3662,26.9181,27.3333,1601811
2016-03-17,27.2505,27.5917,27.2074,27.5222,1029255
2016-03-18,27.5584,27.9182,27.4909,27.8845,1885232
2016-03-21,27.7935,27.9543,27.6833,27.9214,735588
2016-03-22,27.7844,28.0209,27.7166,27.9149,714859
2016-03-23,27.8737,27.8979,27.5441,27.5503,802874
2016-03-24,27.379,27.547,27.2322,27.5317,657302
2016-03-28,27.5893,27.6233,27.3999,27.5167,491427
2016-03-29,27.3967,27.9168,27.269,27.8956,1057275
2016-03-30,28.0424,28.3132,28.0265,28.1393,718866
2016-03-31,28.0998,28.124,27.9739,27.9831,550953
2016-04-01,27.7417,28.1885,27.7117,28.1758,469867
2016-04-04,28.1572,28.1791,27.8708,27.9263,682596
2016-04-05,27.7573,27.9589,27.6481,27.7697,549429
2016-04-06,27.7391,28.06,27.5104,28.0362,2009554
2016-04-07,27.9296,27.9296,27.5039,27.608,1168609
2016-04-08,27.9201,27.9924,27.6387,27.7362,1266656
2016-04-11,27.8676,28.1393,27.7208,27.73,828450
2016-04-12,27.7665,27.7984,27.3366,27.6904,1305437
2016-04-13,27.88,28.3347,27.8646,28.3099,1060712
2016-04-14,28.0629,28.1361,27.8131,28.0933,768762
2016-04-15,28.033,28.0721,27.8216,27.8523,1148166
2016-04-18,27.7512,27.9231,27.7,27.8555,1040109
2016-04-19,27.9168,27.9446,27.3999,27.5167,1361970
2016-04-20,27.4462,27.9045,27.4433,27.7795,1169186
2016-04-21,27.7697,27.7697,27.4824,27.6145,875105
2016-04-22,27.6357,27.9077,27.4404,27.6634,776491
2016-04-25,27.5776,27.7362,27.4156,27.4977,1676756
2016-04-26,27.7058,28.1178,27.7029,27.8646,1423452
2016-04-27,27.5893,28.1944,27.562,28.1484,1627287
2016-04-28,27.9984,28.1513,27.3399,27.4126,1582579
2016-04-29,27.3056,27.3056,26.4839,26.6882,2708532
2016-05-02,26.7583,26.9266,26.5509,26.89,1217827
2016-05-03,26.622,26.7462,26.4622,26.5851,3566747
2016-05-04,26.3913,26.5786,26.1911,26.2819,2718456
2016-05-05,26.4355,26.6004,26.2514,26.3474,1253337
2016-05-06,26.2335,26.4005,26.0199,26.3823,1329667
2016-05-09,26.4328,26.5724,26.2733,26.3507,1048531
2016-05-10,26.4233,26.6726,26.2646,26.6611,881384
2016-05-11,26.5597,26.836,26.5597,26.5971,2889773
2016-05-12,26.6579,26.7077,25.9096,26.1197,1293710
2016-05-13,26.194,26.4328,26.1386,26.2149,1730051
2016-05-16,26.2302,26.817,26.1386,26.637,767342
2016-05-17,26.5971,26.7437,26.3823,26.4622,643162
2016-05-18,26.3539,27.1073,26.3539,26.8748,2165899
2016-05-19,26.7012,26.9266,26.4938,26.7257,1509649
2016-05-20,27.0483,27.562,27.0453,27.5346,1805002
2016-05-23,27.7179,27.9739,27.7179,27.7271,779649
2016-05-24,27.9559,28.4293,27.9231,28.3967,1702121
2016-05-25,28.5708,28.6402,28.3441,28.5643,1327537
2016-05-26,28.6064,28.7274,28.536,28.6585,976787
2016-05-27,28.6341,28.8875,28.6341,28.8389,908824
2016-05-31,28.8941,29.0342,28.8145,29.0069,1992357
2016-06-01,28.9831,29.1964,28.8705,29.1592,1412188
2016-06-02,29.1073,29.1657,28.9798,29.1657,788565
2016-06-03,29.4191,29.4344,29.0803,29.2511,1406255
2016-06-06,29.2698,29.4253,29.1353,29.184,1646415
2016-06-07,29.3089,29.5202,29.3057,29.4612,1496940
2016-06-08,29.4612,29.5261,29.3584,29.4495,439033
2016-06-09,29.2607,29.4991,29.1592,29.4831,1165970
2016-06-10,29.184,29.184,28.8963,28.9925,952057
2016-06-13,28.8145,29.1719,28.7893,28.8519,1784074
2016-06-14,28.7557,28.9179,28.5675,28.8327,1356587
2016-06-15,28.9893,29.0366,28.8389,28.8389,718952
2016-06-16,28.5551,28.8548,28.3409,28.8356,2096823
2016-06-17,28.7893,28.7893,28.3836,28.5911,1824278
2016-06-20,29.0069,29.2544,28.8924,28.9084,1142221
2016-06-21,29.0313,29.0865,28.896,29.0008,1038610
2016-06-22,29.044,29.2799,28.9393,28.9677,983036
2016-06-23,29.3533,29.7297,29.2642,29.6958,1136288
2016-06-24,28.4397,28.896,27.9768,28.0851,2855477
2016-06-27,27.7016,27.7045,26.7603,26.9449,5633484
2016-06-28,27.3643,27.7045,27.2909,27.65,2952607
2016-06-29,27.9736,28.2893,27.8731,28.2075,2512902
2016-06-30,28.2431,28.7199,28.1888,28.6912,1644401
2016-07-01,28.4739,28.5535,28.3976,28.4546,1429265
2016-07-05,28.232,28.232,27.7655,27.9355,2135044
2016-07-06,27.7319,28.017,27.4625,27.971,1812691
2016-07-07,28.014,28.5192,28.014,28.3109,1248741
2016-07-08,28.6018,29.1234,28.5874,29.0985,1150198
2016-07-11,29.3194,29.5522,29.2972,29.4266,1028952
2016-07-12,29.6958,29.9109,29.6412,29.8099,3310212
2016-07-13,29.9172,30.0271,29.8011,29.8467,1536013
2016-07-14,30.1165,30.1471,29.8735,30.0643,1073332
2016-07-15,30.0705,30.1066,29.9358,30.0548,1232299
2016-07-18,30.4355,30.5503,30.3493,30.4958,1458763
2016-07-19,30.4475,30.4746,30.2966,30.3911,899301
2016-07-20,30.5633,30.9495,30.4649,30.8736,2096554
2016-07-21,30.9044,30.9228,30.5294,30.6537,1537006
2016-07-22,30.5503,30.8275,30.3644,30.8092,1505341
2016-07-25,30.8034,31.0477,30.8034,30.9866,740831
2016-07-26,31.2815,32.3299,31.2815,32.1837,4726686
2016-07-27,32.4726,32.4824,31.9945,32.1804,3678516
2016-07-28,32.0389,32.2202,31.868,32.0043,2496686
2016-07-29,31.9978,32.1025,31.7254,31.868,1084755
2016-08-01,31.9352,32.0043,31.7844,31.894,1522636
2016-08-02,31.8357,31.8357,31.2065,31.396,3733642
2016-08-03,31.2287,31.443,31.2222,31.443,1278178
2016-08-04,31.5193,31.7489,31.4587,31.7369,1289500
2016-08-05,31.9225,32.1677,31.8777,32.1351,1278374
2016-08-08,32.2497,32.3233,32.0422,32.0992,735466
2016-08-09,32.2815,32.4629,32.2235,32.3618,1187787
2016-08-10,32.3914,32.4241,32.0043,32.1351,2518513
2016-08-11,32.2815,32.3103,32.0927,32.2652,1207786
2016-08-12,32.3233,32.4792,32.2946,32.4111,608541
2016-08-15,32.4759,32.9359,32.4759,32.8576,723787
2016-08-16,32.8022,32.8022,32.5835,32.6227,1742438
2016-08-17,32.6326,32.639,32.4437,32.6162,1598727
2016-08-18,32.6227,32.8605,32.5966,32.8576,729481
2016-08-19,32.8868,33.2225,32.8868,33.1381,1578875
2016-08-22,33.0894,33.2358,33.0174,33.1543,823428
2016-08-23,33.3043,33.4641,33.3043,33.321,876819
2016-08-24,33.3596,33.3859,32.9553,33.0405,960397
2016-08-25,32.9392,33.3343,32.9392,33.1771,1001015
2016-08-26,33.2358,33.5717,33.1023,33.3277,989312
2016-08-29,33.4641,33.5814,33.4119,33.4548,855599
2016-08-30,33.4608,33.6469,33.272,33.3859,1114060
2016-08-31,33.3759,33.4152,33.1838,33.3662,1455608
2016-09-01,33.4641,33.6599,33.2033,33.6343,1487954
2016-09-02,33.7772,33.8035,33.4448,33.5977,1732915
2016-09-06,33.6599,33.6989,33.3502,33.5168,1146869
2016-09-07,33.5684,33.5747,33.2099,33.2687,2412814
2016-09-08,33.1609,33.301,33.0141,33.2132,1441219
2016-09-09,32.949,32.949,31.9323,32.0259,2723788
2016-09-12,31.7717,32.6586,31.6619,32.6358,2259979
2016-09-13,32.4596,32.7369,32.1709,32.3363,1276396
2016-09-14,32.2562,32.7009,32.2105,32.6195,1131324
2016-09-15,32.6031,33.4385,32.5607,33.3726,1912955
2016-09-16,33.6244,33.7216,33.1315,33.3826,2053575
2016-09-19,33.5944,33.9117,33.321,33.4252,1255339
2016-09-20,33.621,33.6443,33.1967,33.2783,1151198
2016-09-21,33.4415,33.7835,33.301,33.7315,1375105
2016-09-22,33.9496,34.0542,33.7412,33.8391,1055638
2016-09-23,33.7935,33.8102,33.4578,33.4938,864310
2016-09-26,33.262,33.3726,33.0339,33.1672,1166761
2016-09-27,33.096,33.7412,33.0761,33.7382,1095661
2016-09-28,33.8587,33.976,33.6044,33.8068,886440
2016-09-29,33.8198,34.4391,33.4578,34.2237,2745584
2016-09-30,34.4295,34.9936,34.4295,34.7722,1283405
2016-10-03,34.8474,35.0032,34.4655,34.5344,1366928
2016-10-04,34.6773,34.7852,34.309,34.4455,1035939
2016-10-05,34.554,34.9386,34.4721,34.7033,871824
2016-10-06,34.6713,34.9253,34.4555,34.8961,2806538
2016-10-07,34.955,34.955,34.5344,34.8441,1475758
2016-10-10,35.0132,35.1408,34.6583,34.6713,1276219
2016-10-11,34.6286,34.6286,33.6503,33.94,1963058
2016-10-12,33.9181,33.9273,33.5258,33.8264,1644119
2016-10-13,33.5258,33.5258,32.8934,33.4319,2194413
2016-10-14,33.7315,34.0739,33.6566,33.6863,1440536
2016-10-17,33.6533,33.8264,33.4838,33.5035,723505
2016-10-18,33.9147,34.0315,33.8264,33.8887,929050
2016-10-19,33.601,33.7935,33.4351,33.7478,1257375
2016-10-20,33.6926,34.1105,33.4805,33.986,2147718
2016-10-21,33.7183,33.9333,33.5847,33.8984,1161414
2016-10-24,34.0805,34.5507,34.0805,34.531,770289
2016-10-25,34.5474,34.6483,34.4328,34.4981,875562
2016-10-26,34.2303,34.6483,34.2008,34.4488,1205211
2016-10-27,34.7818,34.8574,34.2403,34.2833,1467630
2016-10-28,34.4261,34.6319,34.0415,34.0772,1946177
2016-10-31,34.1974,34.4295,34.1974,34.2633,989450
2016-11-01,34.27,34.544,33.5877,33.953,1813495
2016-11-02,33.976,34.1658,33.6277,33.7315,2666737
2016-11-03,33.7445,33.966,33.5524,33.6799,1638723
2016-11-04,33.4738,33.7545,33.2358,33.4671,1364110
2016-11-07,34.0839,34.4295,33.9433,34.4066,1187508
2016-11-08,34.3969,34.7006,34.2008,34.4788,1327279
2016-11-09,33.7023,34.4261,33.5357,34.3123,3296688
2016-11-10,34.518,34.7395,33.262,33.5717,3957749
2016-11-11,33.9466,34.9123,33.9466,34.8541,2808479
2016-11-14,35.0332,35.0365,34.5857,34.6773,1451889
2016-11-15,34.8211,35.4145,34.7365,35.3172,1532932
2016-11-16,35.251,35.7638,35.2443,35.7342,1313004
2016-11-17,35.8684,36.2982,35.6523,36.1194,1174622
2016-11-18,36.0085,36.4288,36.0085,36.3708,1100248
2016-11-21,36.4977,36.6702,36.3676,36.6183,1221065
2016-11-22,36.8137,37.0422,36.7814,37.0092,1536375
2016-11-23,37.0259,37.1334,36.8234,37.0651,1083915
2016-11-25,37.1234,37.1401,36.9572,37.1201,442933
2016-11-28,37.0325,37.1827,36.944,37.0092,712186
2016-11-29,36.9802,37.1627,36.7681,36.9376,1144830
2016-11-30,36.918,37.0192,36.7132,36.7292,572099
2016-12-01,36.6998,36.6998,34.7298,34.9386,3778718
2016-12-02,34.8861,35.4275,34.7688,35.3626,3222084
2016-12-05,35.6789,35.9133,35.4371,35.7994,1212023
2016-12-06,35.9,36.3379,35.9,36.2982,1575233
2016-12-07,36.2759,37.1301,36.1551,37.0651,1360382
2016-12-08,37.1401,37.5839,37.0948,37.3651,1365039
2016-12-09,37.6715,37.7467,36.9739,37.2373,1086460
2016-12-12,37.0914,37.1567,36.6506,36.941,2267024
2016-12-13,37.0748,37.6223,37.0259,37.3781,1071860
2016-12-14,37.3911,37.5839,37.2117,37.3426,2153602
2016-12-15,37.4987,38.141,37.4335,37.9785,2386082
2016-12-16,38.207,38.2882,37.4268,37.5963,1518816
2016-12-19,37.6948,38.1088,37.6518,37.9652,1323710
2016-12-20,38.3601,38.4091,38.1643,38.3401,2023878
2016-12-21,38.4155,38.5034,38.2749,38.3401,834024
2016-12-22,38.7551,38.7647,38.3795,38.513,937982
2016-12-23,38.4774,38.7351,38.4185,38.7155,518261
2016-12-27,38.7904,39.2569,38.7741,39.195,1465827
2016-12-28,39.4204,39.449,38.431,38.4507,1873309
2016-12-29,38.2782,38.4477,38.0368,38.4477,1121351
2016-12-30,38.5823,38.7551,37.7272,37.8476,3679007
2017-01-03,37.9752,38.3928,37.525,37.8476,2867223
2017-01-04,38.0335,38.1343,37.7794,37.9619,1450758
2017-01-05,37.9719,38.1743,37.5583,37.6289,1017994
2017-01-06,37.7238,38.0335,37.4854,37.9263,945692
2017-01-09,38.0598,38.4807,38.0335,38.3371,951926
2017-01-10,38.3668,38.6046,38.3109,38.5097,745130
2017-01-11,38.5526,38.6532,38.3761,38.6468,1726351
2017-01-12,38.441,38.5326,37.7467,38.3305,1444430
2017-01-13,38.3861,38.6662,38.3401,38.5723,906464
2017-01-17,38.4344,38.4574,37.8251,37.9485,1169459
2017-01-18,37.9982,38.497,37.9585,38.474,1249891
2017-01-19,38.4155,38.7287,38.2749,38.3046,1313939
2017-01-20,38.6888,39.0291,38.6402,38.7904,2078069
2017-01-23,38.6468,38.7287,38.2582,38.5526,1122467
2017-01-24,38.7155,39.3808,38.6662,39.3059,4021267
2017-01-25,39.8273,39.9775,39.5183,39.8863,2135182
2017-01-26,39.9609,39.9609,39.4884,39.6478,1346414
2017-01-27,39.86,40.1707,39.86,40.1573,1041378
2017-01-30,39.9709,39.9709,39.4524,39.9545,1640004
2017-01-31,39.7131,39.7397,39.1917,39.433,1567350
2017-02-01,39.8566,40.0851,39.6478,40.0661,1926690
2017-02-02,39.7787,40.1707,39.5929,40.0468,1422437
2017-02-03,40.2716,40.3265,40.1177,40.2516,939760
2017-02-06,40.3298,40.415,40.0818,40.3854,985096
2017-02-07,40.6198,40.6851,40.3298,40.5326,634629
2017-02-08,40.6528,40.7674,40.3984,40.6105,833889
2017-02-09,40.7217,40.7251,40.2189,40.2549,1448424
2017-02-10,40.5259,40.5293,39.8403,40.2389,1423238
2017-02-13,40.3431,40.5845,40.2616,40.3231,992436
2017-02-14,40.3331,40.3331,39.9575,40.2156,629003
2017-02-15,40.3265,40.5546,40.121,40.5126,749655
2017-02-16,40.5579,40.6465,40.3298,40.5812,966547
2017-02-17,40.3755,40.796,40.2456,40.7896,998792
2017-02-21,40.9299,41.387,40.9299,41.3704,2109145
2017-02-22,41.2915,41.4327,41.2176,41.3804,729119
2017-02-23,41.3278,41.3311,40.4344,40.7051,1894890
2017-02-24,40.0628,40.6817,39.9092,40.6752,1693153
2017-02-27,40.6984,41.0867,40.6072,41.0767,2473958
2017-02-28,41.1483,41.1483,40.4537,40.5389,1392829
2017-03-01,41.0314,41.2372,40.6298,41.1946,1392725
2017-03-02,41.2725,41.3737,40.7084,40.7507,1264369
2017-03-03,40.796,40.829,40.4926,40.7317,1393709
2017-03-06,40.6135,40.8223,40.2842,40.7507,1641013
2017-03-07,40.6784,41.116,40.5546,40.8386,1721494
2017-03-08,41.0088,41.2788,40.852,40.9365,1891839
2017-03-09,40.9105,41.09,40.6884,41.0184,981555
2017-03-10,41.2629,41.5728,41.2629,41.4973,2273650
2017-03-13,41.6964,41.8206,41.5329,41.804,1240408
2017-03-14,41.6897,41.7224,41.3311,41.6767,1153022
2017-03-15,41.7324,42.0843,41.5263,42.0064,1197635
2017-03-16,42.1397,42.1462,41.8889,41.9604,1008097
2017-03-17,42.1043,42.1043,41.9249,42.0487,1806143
2017-03-20,42.1529,42.4923,42.0131,42.3484,1230140
2017-03-21,42.4533,42.5382,41.2885,41.367,2121544
2017-03-22,41.4094,41.8565,41.2629,41.8106,1811778
2017-03-23,41.804,41.9019,41.5922,41.7161,1655567
2017-03-24,42.2349,42.5283,41.8595,42.0194,1718229
2017-03-27,41.6152,42.1729,41.4427,42.081,1553007
2017-03-28,42.1596,42.3617,41.9571,42.2086,894224
2017-03-29,42.2286,42.2286,41.9834,42.1077,1117730
2017-03-30,42.1303,42.4014,42.0683,42.3158,886213
2017-03-31,42.355,42.5316,42.1889,42.3191,601210
2017-04-03,42.3351,42.4337,41.7943,42.062,2333890
2017-04-04,41.8006,42.1207,41.7324,41.8532,1463757
2017-04-05,41.9701,42.2478,41.5296,41.5563,1357589
2017-04-06,41.5296,41.7191,41.2046,41.6252,1256029
2017-04-07,41.6415,41.9349,41.5236,41.8073,816290
2017-04-10,41.8106,41.85,41.3837,41.4843,864616
2017-04-11,41.2788,41.2915,40.5259,41.155,1727096
2017-04-12,41.0344,41.0933,40.3398,40.4344,1820093
2017-04-13,40.2059,40.777,40.1607,40.177,1391612
2017-04-17,40.3298,40.6884,40.3298,40.6655,1424893
2017-04-18,40.441,40.8842,40.4117,40.858,1412166
2017-04-19,41.1979,41.4494,41.0118,41.0833,1818225
2017-04-20,41.377,41.8006,41.1779,41.7257,1701894
2017-04-21,41.5855,41.6315,41.2012,41.5463,2050212
2017-04-24,42.1529,42.2708,41.9934,42.143,1560292
2017-04-25,42.3351,42.6328,42.2382,42.5638,1369479
2017-04-26,42.5023,42.5868,42.0683,42.2219,3777431
2017-04-27,42.5149,42.8809,42.4274,42.8183,1180193
2017-04-28,42.7107,42.7107,41.9768,42.0877,3378138
2017-05-01,42.1859,42.5053,41.9801,42.4923,2226069
2017-05-02,42.3814,42.3814,41.8433,42.0587,3651898
2017-05-03,41.8366,42.2578,41.827,42.1986,1234120
2017-05-04,42.3351,42.3351,41.9934,42.1696,1314049
2017-05-05,42.2741,42.3285,41.9445,42.3285,972590
2017-05-08,42.3068,42.3814,42.091,42.1696,864316
2017-05-09,42.2286,42.7074,42.1696,42.5802,1380556
2017-05-10,43.112,43.5722,43.102,43.4903,2688392
2017-05-11,43.4583,43.8422,43.102,43.6401,2252541
2017-05-12,43.7024,43.8172,43.5225,43.764,614409
2017-05-15,43.9538,44.4819,43.8229,44.4529,1208740
2017-05-16,44.6621,45.0986,44.4529,45.0823,1150358
2017-05-17,44.5598,44.6557,43.1053,43.1416,3332737
2017-05-18,43.1609,44.0677,43.0337,43.9408,2267849
2017-05-19,44.358,44.5895,44.315,44.4329,2886928
2017-05-22,44.7196,44.9414,44.6224,44.9221,2156110
2017-05-23,44.9644,44.9644,44.394,44.736,819384
2017-05-24,45.0393,45.1019,44.8212,45.03,1097166
2017-05-25,45.1539,45.4113,44.9711,45.2451,1092583
2017-05-26,45.2058,45.4802,44.9644,45.4603,851193
2017-05-30,45.4576,45.8811,45.4016,45.7732,1242769
2017-05-31,46.0866,46.1845,45.5385,45.767,1722540
2017-06-01,45.9304,45.9304,45.5452,45.8129,1143386
2017-06-02,46.0899,46.3317,45.7573,46.2525,1391637
2017-06-05,46.2558,46.6347,46.2368,46.3866,1062509
2017-06-06,46.2101,46.8531,46.1389,46.5432,1334809
2017-06-07,46.7685,47.0652,46.6444,46.8828,1355707
2017-06-08,47.258,47.7592,46.8531,47.7432,1741209
2017-06-09,48.0862,48.2157,44.8079,45.7373,5502163
2017-06-12,45.1506,45.6397,44.1592,45.4669,5686194
2017-06-13,46.1586,46.2235,45.2058,45.7862,3467603
2017-06-14,45.9598,45.9598,44.7982,45.291,2277675
2017-06-15,44.5438,45.0757,44.4883,44.9481,3805576
2017-06-16,45.0627,45.2681,44.6291,44.7623,1712609
2017-06-19,45.2451,45.692,45.2058,45.6134,1569214
2017-06-20,45.8549,45.9074,45.0823,45.0922,1276378
2017-06-21,45.301,45.6464,45.1182,45.6234,1495141
2017-06-22,45.6104,45.7243,45.291,45.5125,1375577
2017-06-23,45.5937,45.9074,45.3724,45.6564,1049000
2017-06-26,45.9108,46.1552,45.0203,45.2485,2023124
2017-06-27,45.0922,45.0922,44.0283,44.0483,2066375
2017-06-28,44.3027,44.8669,43.8755,44.8145,2452037
2017-06-29,44.6391,44.6391,43.0987,43.6931,3168806
2017-06-30,43.8262,44.0613,43.2651,43.4613,1601241
2017-07-03,43.8006,43.8622,42.8512,42.8675,1905280
2017-07-05,43.0041,43.8006,43.0041,43.7346,2061574
2017-07-06,43.3307,43.9174,43.1286,43.5688,2217920
2017-07-07,43.7543,44.4629,43.7543,44.2798,3628419
2017-07-10,44.4563,44.9154,44.1722,44.7982,1051456
2017-07-11,44.6774,45.1766,44.6557,45.1569,1037224
2017-07-12,45.6201,45.979,45.4543,45.8874,1789041
2017-07-13,45.9338,46.2335,45.6104,45.7702,1648285
2017-07-14,45.9883,46.3866,45.8874,46.3606,1324195
2017-07-17,46.5268,46.5398,46.008,46.1685,745663
2017-07-18,45.8908,46.325,45.7276,46.3154,1093926
2017-07-19,46.5824,46.7519,46.4259,46.7386,1503106
2017-07-20,46.7585,46.9378,46.3736,46.8761,1642160
2017-07-21,46.5724,46.5724,46.2465,46.4848,1056374
2017-07-24,46.5495,46.5495,46.2435,46.341,1300973
2017-07-25,46.2401,46.4133,45.8195,46.299,1293094
2017-07-26,46.7096,47.0067,46.5465,46.8072,2154203
2017-07-27,46.944,47.0067,45.5418,46.0866,3037743
2017-07-28,45.8841,46.0999,45.6953,45.8908,1294409
2017-07-31,45.9174,46.1586,45.4279,45.5582,1531791
2017-08-01,45.7016,45.8459,45.4703,45.8425,1077388
2017-08-02,46.0999,46.2035,45.1865,45.5062,1873011
2017-08-03,45.4802,45.6301,45.1086,45.3334,1448121
2017-08-04,45.3886,45.7276,45.2125,45.349,1376770
2017-08-07,45.4736,46.1586,45.4736,46.1356,1019723
2017-08-08,46.1785,46.5495,45.8582,45.9983,880338
2017-08-09,45.6464,45.8908,45.4346,45.8519,754358
2017-08-10,45.5582,45.5747,44.5342,44.5728,1748233
2017-08-11,44.3647,44.9064,44.2538,44.8245,1116148
2017-08-14,45.3557,46.008,45.349,45.9564,1730009
2017-08-15,46.1618,46.1685,45.7573,46.0702,569125
2017-08-16,46.1718,46.351,45.9271,46.1489,836081
2017-08-17,45.9271,46.0443,44.9678,44.994,1300158
2017-08-18,45.2418,45.3819,44.8345,45.0593,1092543
2017-08-21,45.1119,45.1865,44.4429,44.723,1013968
2017-08-22,45.1052,45.5452,45.0593,45.4543,1124579
2017-08-23,45.033,45.7862,44.9907,45.6531,2133679
2017-08-24,45.8392,45.9008,45.3953,45.6597,1391851
2017-08-25,45.8259,45.9041,45.3557,45.4313,735444
2017-08-28,45.4965,45.5844,45.3174,45.5715,594189
2017-08-29,45.007,45.767,44.9907,45.6464,1149600
2017-08-30,45.8874,46.5045,45.7306,46.4289,2149923
2017-08-31,46.5857,46.944,46.5208,46.8828,1152860
2017-09-01,46.9673,47.3297,46.9673,47.0849,1710641
2017-09-05,46.9178,46.9803,46.0377,46.4582,3024274
2017-09-06,46.703,46.7293,46.299,46.5268,1122583
2017-09-07,46.6121,46.7815,46.3999,46.6024,929204
2017-09-08,46.5691,46.6057,45.8811,46.041,1563622
2017-09-11,46.4099,47.0353,46.4099,46.9244,1403067
2017-09-12,46.9837,47.271,46.8761,47.1376,795936
2017-09-13,47.1142,47.3359,46.8794,47.2281,832325
2017-09-14,47.0323,47.7046,47.0267,47.4139,1781397
2017-09-15,47.646,48.2954,47.5447,48.239,1531377
2017-09-18,48.5267,49.1785,48.5267,48.8721,1588217
2017-09-19,48.9863,49.2274,48.7255,49.0289,1484520
2017-09-20,49.0876,49.0876,47.711,48.3539,2447358
2017-09-21,48.262,48.3179,47.7369,48.1445,929290
2017-09-22,48.0206,48.4545,48.0143,48.3923,797990
2017-09-25,48.2157,48.2157,47.2315,47.4598,1931022
2017-09-26,47.9523,47.9523,47.2447,47.3816,1566942
2017-09-27,47.9583,48.7255,47.8938,48.5334,1249545
2017-09-28,48.4808,48.911,48.3573,48.8851,878493
2017-09-29,49.0876,49.3846,48.8331,49.3323,984471
2017-10-02,49.5341,49.8344,49.2794,49.6383,1329471
2017-10-03,49.6972,49.8927,49.5374,49.7759,574785
2017-10-04,49.7135,49.8893,49.4328,49.8893,936648
2017-10-05,50.1078,50.1178,49.645,49.9353,576704
2017-10-06,49.7529,50.1575,49.7495,50.1375,794801
2017-10-09,50.3366,50.5554,50.2779,50.5194,893936
2017-10-10,50.9722,50.9722,50.2976,50.7998,811075
2017-10-11,50.7704,51.1584,50.6989,51.1458,918589
2017-10-12,51.1325,51.3219,50.9463,50.9856,625370
2017-10-13,51.2237,51.4914,51.0965,51.3153,565173
2017-10-16,51.4617,51.5603,51.2074,51.5503,581364
2017-10-17,51.576,51.576,51.2629,51.5044,599104
2017-10-18,51.6999,51.7781,51.0082,51.6835,755661
2017-10-19,51.2886,51.557,50.7638,51.5503,1140157
2017-10-20,51.9642,52.0815,51.7399,51.8201,1161561
2017-10-23,52.0781,52.3555,51.8268,52.0815,964429
2017-10-24,52.225,52.4827,52.0326,52.4401,689660
2017-10-25,52.1597,52.2969,51.2204,51.7498,1669391
2017-10-26,51.8433,52.1764,51.7714,52.0615,1227454
2017-10-27,52.4727,53.2133,52.1894,53.1417,1134672
2017-10-30,52.9782,53.5136,52.9782,53.2846,1692788
2017-10-31,53.4224,53.8723,53.2723,53.7224,1105938
2017-11-01,54.1427,54.179,53.0471,53.52,1625392
2017-11-02,53.6275,53.9246,53.2037,53.7841,4394731
2017-11-03,54.0415,54.7398,53.6049,54.7368,2876519
2017-11-06,55.2616,55.5386,54.8732,55.5123,3277492
2017-11-07,55.2648,55.5156,55.0884,55.4606,1392992
2017-11-08,55.4054,55.6821,55.1833,55.6372,1291349
2017-11-09,55.154,55.154,53.856,54.5176,3539705
2017-11-10,54.7138,54.9192,54.5536,54.8732,1250314
2017-11-13,54.6709,55.105,54.5932,55.0461,1403073
2017-11-14,54.9419,55.1477,54.5865,54.9978,855231
2017-11-15,54.6032,54.7301,54.0515,54.495,1260122
2017-11-16,54.7268,55.542,54.7268,55.3065,1173346
2017-11-17,55.6372,55.6435,54.9778,55.0687,2023115
2017-11-20,55.3794,55.8067,55.2293,55.7248,1921472
2017-11-21,56.0837,56.4361,55.9761,56.3601,3861935
2017-11-22,56.5595,56.5629,55.9272,56.0115,1290530
2017-11-24,56.2562,56.5595,56.1783,56.5203,597065
2017-11-27,56.1783,56.1783,55.7214,55.8067,1814436
2017-11-28,56.0281,56.0281,55.4993,55.8323,2112963
2017-11-29,55.7767,55.7867,52.8413,53.3632,5977406
2017-11-30,53.9669,54.2149,53.3275,53.6699,4601779
2017-12-01,53.1544,53.3995,51.7814,53.0828,5226312
2017-12-04,53.7224,53.7678,51.4781,51.8201,5236424
2017-12-05,51.5404,52.7958,51.168,51.8334,5724010
2017-12-06,51.3379,52.1175,51.1258,52.0226,2326528
2017-12-07,52.3985,52.6849,52.196,52.5187,3127278
2017-12-08,53.1184,53.145,52.2094,52.2576,2107202
2017-12-11,52.3422,52.7042,52.1994,52.5643,5625378
2017-12-12,52.4531,52.4531,51.9872,52.0585,1401650
2017-12-13,52.2379,52.4991,52.0196,52.0488,1050680
2017-12-14,52.0848,52.3422,51.8663,51.9972,953026
2017-12-15,52.2673,52.9456,51.9809,52.8088,3625647
2017-12-18,53.4544,53.9669,53.1774,53.9376,3739551
2017-12-19,53.9312,54.0745,53.6115,53.8982,2437872
2017-12-20,54.4431,54.5083,53.8133,54.2636,1435900
2017-12-21,54.4464,54.4464,53.6309,53.6994,1873342
2017-12-22,53.517,53.7061,53.3046,53.6765,939263
2017-12-26,52.9949,53.184,52.6879,53.1317,727549
2017-12-27,53.135,53.582,53.0665,53.3142,849473
2017-12-28,53.4774,53.595,53.3598,53.4577,844096
2017-12-29,53.5456,53.5456,52.907,52.91,813436
2018-01-02,53.1907,54.3552,53.125,54.3322,3060023
2018-01-03,54.6355,55.3065,54.5083,55.2908,1419810
2018-01-04,55.7014,55.7867,55.1574,55.6109,1428235
2018-01-05,55.849,56.1486,55.5353,55.9172,1252457
2018-01-08,55.9531,56.537,55.78,56.3601,1736153
2018-01-09,56.5106,56.5106,55.7478,55.8,1566853
2018-01-10,55.1733,55.4054,54.6941,55.1377,2172335
2018-01-11,55.3132,55.496,55.0884,55.4703,1112843
2018-01-12,55.532,55.8809,55.3198,55.7667,1178911
2018-01-16,56.2366,56.6025,55.6242,55.9436,1565661
2018-01-17,56.4716,57.6494,56.4261,57.5675,1216567
2018-01-18,57.5509,58.1123,57.486,57.8286,3384779
2018-01-19,58.0927,58.1839,57.5442,57.8872,1271748
2018-01-22,57.9985,58.3441,57.724,58.3274,1334990
2018-01-23,58.6011,58.7906,58.3861,58.781,1567850
2018-01-24,58.1809,58.3827,57.0357,57.444,3216982
2018-01-25,58.0664,58.1583,56.446,56.446,2412200
2018-01-26,57.2083,58.2625,57.1826,58.2525,1784340
2018-01-29,58.034,58.5789,57.4763,58.1649,1739835
2018-01-30,57.3294,57.6591,56.9351,57.0095,2085688
2018-01-31,57.6784,57.8842,57.1603,57.4763,1245004
2018-02-01,57.0161,58.0307,56.9286,57.1889,1343106
2018-02-02,56.7161,56.7617,55.6242,55.6532,3469185
2018-02-05,54.8277,56.051,52.8773,53.0341,4189346
2018-02-06,52.2217,55.0238,52.1041,54.9552,4328307
2018-02-07,54.5899,55.082,53.7741,53.7741,3490239
2018-02-08,54.0218,54.1137,51.4914,51.5077,4453791
2018-02-09,52.6849,53.3698,50.8418,52.9982,6363263
2018-02-12,53.7094,54.3585,53.2007,54.0285,3122271
2018-02-13,53.6832,54.0611,53.5007,53.9542,1585338
2018-02-14,53.5356,55.3002,53.4291,55.2126,1282344
2018-02-15,55.7411,55.8809,54.577,55.8716,1667812
2018-02-16,55.6042,56.3734,55.6042,55.6921,987923
2018-02-20,55.506,57.1763,55.4481,56.6641,2682983
2018-02-21,56.9738,57.0161,55.9661,56.0015,1535712
2018-02-22,56.3345,56.469,55.7181,55.8809,1562674
2018-02-23,56.4783,57.0814,56.2992,57.0814,1524221
2018-02-26,57.4206,58.3307,57.4141,58.3174,1166577
2018-02-27,58.3441,59.1069,58.1156,58.1156,1464925
2018-02-28,58.5329,58.6478,57.5409,57.5972,1355204
2018-03-01,57.8027,57.8382,56.0248,56.6871,3049663
2018-03-02,56.0448,57.7633,55.9139,57.6524,1490069
2018-03-05,57.3424,58.455,57.0877,58.1716,1338412
2018-03-06,58.728,59.2078,58.4223,59.045,1903257
2018-03-07,58.4386,59.3094,58.4386,59.2372,1249462
2018-03-08,59.5864,59.6228,58.9601,59.2901,1227378
2018-03-09,59.7692,60.5482,59.6291,60.5232,1697240
2018-03-12,60.9657,61.4715,60.7739,61.1618,1990137
2018-03-13,61.5374,61.9507,59.9585,60.2192,4525424
2018-03-14,60.5514,60.5514,59.6581,60.2125,1755520
2018-03-15,60.3723,60.5581,59.8512,60.1668,1148110
2018-03-16,60.2482,60.4999,60.0756,60.1443,1107407
2018-03-19,59.5994,59.8768,58.1583,58.9927,2976193
2018-03-20,59.1169,59.6228,59.0417,59.423,814077
2018-03-21,59.3551,60.3074,59.2834,59.5375,1476843
2018-03-22,58.6244,59.2308,57.9198,57.9688,1871227
2018-03-23,57.8679,57.9855,56.0148,56.0381,4108187
2018-03-26,57.3554,58.3993,56.6215,58.3827,2562356
2018-03-27,58.8306,58.996,55.7607,56.2306,3440049
2018-03-28,55.8423,56.3571,54.7728,55.0238,3182744
2018-03-29,55.3894,56.739,54.9911,56.2079,2674074
2018-04-02,55.7214,56.1257,53.529,54.0581,2540710
2018-04-03,54.7368,55.2293,54.136,55.0884,1786649
2018-04-04,53.5007,55.9339,53.4841,55.79,2161825
2018-04-05,56.139,56.2113,54.8667,55.2159,1841864
2018-04-06,54.4624,55.0655,53.3078,53.5556,1259760
2018-04-09,54.1757,55.4481,53.859,53.8917,1188397
2018-04-10,55.1247,55.9306,54.7757,55.6175,2117056
2018-04-11,55.6372,56.119,55.1966,55.6372,1309638
2018-04-12,56.0737,56.8369,56.0215,56.6771,2040916
2018-04-13,57.3424,57.447,56.0574,56.2628,1376880
2018-04-16,56.5959,56.6641,55.8909,56.3634,906979
2018-04-17,56.811,57.5609,56.6904,57.434,1172224
2018-04-18,57.062,57.1923,56.3601,56.8699,1552572
2018-04-19,55.7767,55.8323,54.2116,54.4004,5908559
2018-04-20,54.3874,54.6709,53.529,53.7678,3792736
2018-04-23,53.9669,54.0845,52.9199,53.0471,2186159
2018-04-24,53.5136,53.9988,52.1664,52.6193,3716767
2018-04-25,52.861,52.9362,51.7232,52.5543,4734324
2018-04-26,53.3865,53.6899,53.0471,53.6339,4922246
2018-04-27,54.3022,54.3585,52.9916,53.2559,3533153
2018-04-30,53.1644,53.5723,52.4434,52.6719,1924654
2018-05-01,52.5386,53.6015,52.4727,53.539,3340375
2018-05-02,53.595,53.7611,53.0728,53.2979,1647856
2018-05-03,52.8837,53.856,52.4727,53.6242,2559241
2018-05-04,53.3242,54.9778,53.0828,54.8799,2111975
2018-05-07,55.3232,55.6661,55.1247,55.4054,1265199
2018-05-08,55.3727,55.8067,55.154,55.7378,1288059
2018-05-09,55.9339,56.6182,55.81,56.5795,1114756
2018-05-10,56.9022,57.6361,56.8699,57.6105,1327429
2018-05-11,57.2902,57.727,57.0877,57.1923,1983705
2018-05-14,57.9036,58.5919,57.7897,57.8872,1765847
2018-05-15,57.509,57.6718,56.8532,57.2675,1349596
2018-05-16,57.2315,58.1219,57.2315,57.9985,1304082
2018-05-17,57.8646,58.3077,57.3984,57.8286,1389408
2018-05-18,57.3198,57.3984,56.801,57.0061,2212962
2018-05-21,57.8412,58.1416,57.0687,57.5709,1574304
2018-05-22,58.063,58.3441,57.7008,57.8936,1597942
2018-05-23,57.4496,58.2298,57.2083,58.2098,1109593
2018-05-24,58.2525,58.5722,57.7207,58.4483,1213143
2018-05-25,58.4453,58.9994,58.3537,58.9115,1495726
2018-05-29,58.6671,59.0517,58.1516,58.5625,1642699
2018-05-30,58.8722,59.3744,58.6511,58.9375,2288608
2018-05-31,58.8432,59.1103,58.4223,58.5162,1715304
2018-06-01,59.0384,59.8412,58.8272,59.8412,1132210
2018-06-04,60.0074,60.392,59.7786,60.3207,1250366
2018-06-05,60.4802,60.7706,60.2482,60.6108,684954
2018-06-06,60.6857,60.9924,60.3566,60.9924,1354122
2018-06-07,61.0513,61.1196,60.017,60.4473,2225217
2018-06-08,59.7597,60.0234,59.423,59.9058,2594181
2018-06-11,59.8179,60.0956,59.5961,59.7916,1364776
2018-06-12,59.9451,60.1443,59.5635,60.1023,995609
2018-06-13,60.1413,60.653,59.9451,60.0137,9777396
2018-06-14,60.3596,60.666,60.0104,60.3723,1746427
2018-06-15,59.9814,60.392,59.7692,60.3174,1198766
2018-06-18,59.9321,59.9321,59.1852,59.7367,1789347
2018-06-19,58.8432,59.1236,58.1809,59.0814,2809108
2018-06-20,59.4133,59.6648,59.0943,59.3614,2143680
2018-06-21,59.766,59.7882,58.5425,58.6311,1330305
2018-06-22,58.9081,58.9471,58.0474,58.1616,1191954
2018-06-25,57.5345,57.5345,55.7314,56.4526,5809820
2018-06-26,56.6315,56.9351,56.3701,56.6481,11709262
2018-06-27,56.9548,57.0847,55.2682,55.2975,2515358
2018-06-28,55.1347,55.839,55.0621,55.7214,4328421
2018-06-29,56.2273,56.5136,55.829,55.829,1360017
2018-07-02,55.3528,56.1979,54.9289,56.1846,2231824
2018-07-03,56.4261,56.504,55.1117,55.1607,1214675
2018-07-05,55.6564,56.6414,55.6564,56.6315,1426877
2018-07-06,56.6282,57.4273,56.3312,57.3294,2408978
2018-07-09,57.9069,57.9231,57.0261,57.6974,1447259
2018-07-10,57.8027,58.4353,57.7173,58.3144,1493635
2018-07-11,57.3687,57.7108,56.7617,56.811,2126686
2018-07-12,56.6611,57.2772,56.3122,57.1956,2413087
2018-07-13,57.3554,57.3554,56.9022,56.9901,854609
2018-07-16,57.0687,57.2965,56.8632,56.9086,651961
2018-07-17,56.527,57.747,56.4393,57.727,4405809
2018-07-18,57.9855,58.2755,57.7927,58.1716,982604
2018-07-19,58.0564,58.2822,57.6621,58.0407,927199
2018-07-20,57.9821,58.0927,57.4763,57.7697,927806
2018-07-23,57.4763,57.9421,56.7228,57.8479,1065467
2018-07-24,58.2098,58.4936,57.1406,57.2216,2004596
2018-07-25,57.1956,57.486,56.4626,57.4373,17291987
2018-07-26,57.8156,58.5981,57.8156,58.5592,7763942
2018-07-27,58.6011,59.1236,57.8679,58.3011,5526035
2018-07-30,58.2755,58.4353,57.444,57.727,2660369
2018-07-31,58.1089,58.9178,58.0048,58.1056,2416591
2018-08-01,58.1649,58.6344,57.773,58.0207,3966579
2018-08-02,57.4993,58.6704,57.2998,58.5981,2397876
2018-08-03,58.6344,58.7677,58.3597,58.715,1430516
2018-08-06,58.6044,59.0814,58.2918,59.0714,828079
2018-08-07,59.3517,59.5764,59.1266,59.5375,10513224
2018-08-08,59.5472,59.8016,59.3127,59.678,1188225
2018-08-09,59.407,59.4925,59.078,59.0909,2361030
2018-08-10,57.8646,58.1156,57.3491,57.6204,3456958
2018-08-13,57.727,58.2098,57.6361,57.7074,1795632
2018-08-14,58.044,58.1349,57.5409,57.5872,1712802
2018-08-15,57.0977,57.3324,56.2079,56.7913,3264624
2018-08-16,57.1729,57.2548,56.5662,56.7161,1510752
2018-08-17,56.2146,56.4493,55.4606,56.2992,2336125
2018-08-20,56.3767,56.5762,55.6175,56.2462,1018485
2018-08-21,56.4294,57.4926,56.4167,57.3424,2713082
2018-08-22,57.2282,57.6881,56.8759,57.6105,1532607
2018-08-23,57.5805,58.1024,57.5805,57.6784,1965971
2018-08-24,57.9328,58.5492,57.9261,58.5195,1794130
2018-08-27,58.9927,59.8868,58.8656,59.4396,19019362
2018-08-28,59.766,59.9321,59.0976,59.6747,1719820
2018-08-29,59.6747,60.0204,59.4593,59.8346,4554946
2018-08-30,59.694,59.9188,59.2145,59.2967,1927506
2018-08-31,59.2112,59.7103,59.2112,59.6194,1170296
2018-09-04,59.3973,60.1249,59.2768,60.0989,1372343
2018-09-05,60.0397,60.2028,59.3031,59.8082,1681413
2018-09-06,59.5798,59.6321,58.1583,58.2232,1589882
2018-09-07,58.1089,58.8239,57.8412,57.9788,8939315
2018-09-10,58.3961,58.6111,58.0507,58.5981,1012086
2018-09-11,58.3631,58.442,57.7173,58.024,1846543
2018-09-12,57.2835,57.3821,56.1,57.3554,2246654
2018-09-13,57.9888,58.7347,57.7993,58.0107,2298015
2018-09-14,58.3537,58.8921,58.1776,58.6638,2106012
2018-09-17,58.4516,58.6011,57.773,57.8446,1625582
2018-09-18,58.0797,58.6963,58.0797,58.3504,1396809
2018-09-19,58.3697,58.7117,58.1903,58.4386,1175845
2018-09-20,58.8921,59.3647,58.8106,59.1429,1543178
2018-09-21,59.2015,59.4133,58.8306,58.9828,1817054
2018-09-24,58.5099,59.2145,58.3861,59.1885,886783
2018-09-25,59.0417,59.0417,58.0864,58.2458,1564658
2018-09-26,57.9721,58.3274,57.5739,57.6394,1111953
2018-09-27,57.8252,58.0897,57.6558,57.8579,1118380
2018-09-28,57.7897,58.432,57.6171,58.2265,2517709
2018-10-01,58.5262,58.9021,58.2918,58.4286,1086043
2018-10-02,58.2755,59.2308,58.2755,58.4286,2136641
2018-10-03,58.6801,58.8856,57.9555,58.4806,2104182
2018-10-04,58.0764,58.1749,56.9481,57.447,2033168
2018-10-05,57.463,57.512,55.5682,56.0804,2581604
2018-10-08,55.6309,56.129,54.9845,55.4606,2280036
2018-10-09,55.154,55.6758,55.0555,55.3987,1705272
2018-10-10,54.6742,54.7104,52.91,52.9522,6416059
2018-10-11,52.8577,54.0021,52.0196,52.4238,4629980
2018-10-12,53.8427,54.1327,52.6003,53.3765,5144555
2018-10-15,53.145,53.529,52.7471,52.9422,4114680
2018-10-16,53.529,54.7398,53.4707,54.6612,2071241
2018-10-17,55.0655,55.1703,54.0611,54.4431,2569543
2018-10-18,54.2183,54.2216,52.887,53.0828,4299662
2018-10-19,53.4124,53.7254,52.0681,52.2936,3583619
2018-10-22,52.561,52.9199,52.1268,52.6096,4156810
2018-10-23,51.2304,52.6225,50.6596,52.3388,4560229
2018-10-24,51.4584,51.4584,48.8098,48.8981,9766172
2018-10-25,49.1851,50.3822,49.1071,49.9939,9774582
2018-10-26,48.9013,49.9906,48.3246,49.1268,4142538
2018-10-29,50.1241,50.3559,47.6983,48.614,4685158
2018-10-30,48.4712,50.6792,48.4712,50.6266,2645287
2018-10-31,51.4192,51.6702,50.8224,51.2726,3703633
2018-11-01,51.6406,53.8067,51.605,53.6899,3720054
2018-11-02,53.4481,53.7388,52.2217,52.874,3432381
2018-11-05,52.7928,52.7991,51.5077,52.3918,2548084
2018-11-06,52.2836,53.2037,52.2836,53.0049,1254711
2018-11-07,53.7094,53.7841,53.0215,53.6082,1936418
2018-11-08,53.1807,53.81,52.9422,53.4611,1807308
2018-11-09,52.8543,52.9037,51.9872,52.4401,1790647
2018-11-12,51.5437,51.6472,49.9353,50.1011,2382786
2018-11-13,50.5127,51.7981,50.5127,50.7871,2554204
2018-11-14,51.2596,51.7464,50.5194,51.0116,3943192
2018-11-15,50.7409,52.9232,50.7275,52.7338,5281987
2018-11-16,50.8224,52.3388,50.8161,52.1041,4761206
2018-11-19,51.8433,51.9972,50.0599,50.1111,2732155
2018-11-20,48.6733,50.8194,48.6206,50.177,3309853
2018-11-21,50.7275,51.1258,50.3656,50.3855,2394436
2018-11-23,49.9939,50.7998,49.9617,50.4115,1576493
2018-11-26,51.0838,51.3186,50.5776,51.3153,2020702
2018-11-27,51.0442,51.8301,50.7871,51.3932,2132649
2018-11-28,51.9842,52.6163,50.9563,52.597,1780996
2018-11-29,52.4627,52.7142,52.0848,52.2157,3045030
2018-11-30,52.186,52.9489,51.6869,52.9422,1951996
2018-12-03,54.531,54.7334,53.8003,54.3222,2477463
2018-12-04,53.9012,54.0218,51.6602,51.7299,2200428
2018-12-06,50.2879,51.4617,50.0269,51.4617,5672379
2018-12-07,51.3868,51.4617,49.2727,49.5474,2072446
2018-12-10,49.3813,50.4182,49.2537,50.1894,1708863
2018-12-11,51.0838,51.6869,50.2224,50.5031,2639894
2018-12-12,51.3249,52.0132,50.914,51.217,1487099
2018-12-13,51.6083,51.8597,50.898,51.1191,1420785
2018-12-14,50.5194,51.3868,50.3529,50.3985,1444629
2018-12-17,50.3236,51.0575,49.4262,49.7365,1243612
2018-12-18,50.1641,51.1714,50.1541,50.4018,2664354
2018-12-19,50.1178,50.6792,48.0439,48.2487,3195594
2018-12-20,48.2257,49.0056,47.274,47.9168,3442569
2018-12-21,48.219,48.7675,46.9737,47.1009,2938887
2018-12-24,46.693,47.2118,45.7216,45.7216,2792760
2018-12-26,46.4848,48.4645,45.6564,48.4645,4475774
2018-12-27,47.724,48.7842,47.1471,48.7775,2854840
2018-12-28,49.0222,50.0236,48.7415,49.1335,1069720
2018-12-31,49.6383,49.8608,48.957,49.4822,2333871
2019-01-02,48.4645,50.242,48.4152,49.7948,2422968
2019-01-03,48.6603,48.9603,46.8661,46.8894,3246124
2019-01-04,47.7625,49.1785,47.5967,49.0026,2682349
2019-01-07,49.1525,50.3952,48.9407,49.909,1775575
2019-01-08,50.4535,50.4535,49.0546,49.6909,1617163
2019-01-09,50.1508,51.1814,50.1508,50.9722,2436373
2019-01-10,50.4668,51.5044,50.4345,51.4222,1328512
2019-01-11,51.1944,52.3985,51.0312,51.9776,1364065
2019-01-14,51.3868,51.4717,50.868,51.1291,902450
2019-01-15,51.2629,51.8301,51.0675,51.2759,932395
2019-01-16,51.3675,51.6735,50.8061,50.8061,905605
2019-01-17,50.4568,51.6735,50.1804,51.2759,3312487
2019-01-18,51.8168,52.9296,51.6539,52.6096,1664498
2019-01-22,52.1075,52.1075,50.7152,51.0995,2252311
2019-01-23,51.3802,51.589,50.2946,50.7342,2231146
2019-01-24,51.8953,53.8723,51.876,53.6932,6286899
2019-01-25,53.9012,55.0271,53.5233,54.7987,3305398
2019-01-28,52.8088,54.1427,52.6359,53.7254,2590514
2019-01-29,53.7288,53.8949,52.8543,52.9456,4648004
2019-01-30,53.8883,54.6675,53.2756,54.4721,3322414
2019-01-31,54.3615,54.9419,53.9476,54.4497,1566271
2019-02-01,54.5113,55.3694,54.485,55.1084,1601456
2019-02-04,55.0754,55.3894,54.6742,55.3827,663615
2019-02-05,55.3328,55.8972,55.2326,55.6372,1369862
2019-02-06,56.3218,57.5805,56.3218,57.1343,2723138
2019-02-07,56.4327,56.6838,55.4021,55.8876,3657840
2019-02-08,55.1247,55.9072,54.821,55.79,1990536
2019-02-11,55.9172,56.2113,55.6275,56.067,783926
2019-02-12,56.7553,57.3984,56.6708,57.2612,2135347
2019-02-13,57.5345,57.8809,57.2738,57.4406,958520
2019-02-14,57.2482,58.0174,57.1826,57.5872,1062156
2019-02-15,58.0474,58.2065,57.5709,57.8872,784895
2019-02-19,57.6204,58.1809,57.5509,57.806,1250520
2019-02-20,57.9455,58.6704,57.9455,58.3044,1096421
2019-02-21,58.3111,58.4386,57.7008,57.8679,1218949
2019-02-22,58.3274,58.5789,58.096,58.4903,931095
2019-02-25,59.3677,59.6648,58.9308,58.9731,2490343
2019-02-26,58.8139,59.045,58.4223,58.6078,914941
2019-02-27,58.3697,58.3697,57.2772,57.9002,3148016
2019-02-28,57.6524,58.0994,57.4696,57.9328,1306510
2019-03-01,58.487,58.7347,57.8412,58.4516,1515238
2019-03-04,58.8556,59.0584,57.7303,58.455,1855986
2019-03-05,58.3011,58.5659,57.9621,58.2332,1406485
2019-03-06,58.0697,58.2098,57.2348,57.2772,1493013
2019-03-07,57.0424,57.0424,56.2662,56.6481,3165176
2019-03-08,55.6728,56.6448,55.467,56.5959,1576214
2019-03-11,56.8826,58.1966,56.8177,57.9198,2107821
2019-03-12,58.1283,58.4776,57.6301,58.1349,2080890
2019-03-13,58.5395,58.8656,58.3274,58.3731,1301157
2019-03-14,58.4026,58.6768,58.0474,58.0507,1877193
2019-03-15,58.7513,60.2028,58.7347,59.7367,4178606
2019-03-18,59.8675,60.1765,59.2605,59.6421,2851099
2019-03-19,60.053,60.6041,60.0464,60.418,2105212
2019-03-20,60.4506,60.7672,59.4792,59.8479,2644794
2019-03-21,59.9058,62.3333,59.9058,61.922,2954348
2019-03-22,61.6577,61.7486,60.1283,60.1765,4656902
2019-03-25,59.7467,60.3041,58.9241,59.4166,3104777
2019-03-26,60.2548,60.5292,59.5375,59.991,4049832
2019-03-27,60.0623,60.2581,58.6963,59.1493,4186678
2019-03-28,59.2472,59.7786,58.6378,59.0517,1461878
2019-03-29,59.753,60.0723,59.5831,59.9255,1819489
2019-04-01,60.8129,61.4949,60.5981,61.4196,2071066
2019-04-02,61.4522,61.6577,61.1452,61.5142,1538674
2019-04-03,62.2607,63.4445,62.2447,62.8741,3392815
2019-04-04,62.7922,63.4062,62.6687,63.0049,1705064
2019-04-05,63.3896,63.4974,63.0049,63.4709,1290255
2019-04-08,63.1875,63.6896,63.0503,63.6177,1455292
2019-04-09,63.2491,63.2491,62.626,62.9497,1564146
2019-04-10,62.8808,63.6473,62.8255,63.4445,1336152
2019-04-11,63.6077,63.8495,63.2231,63.3896,986329
2019-04-12,63.9796,64.309,63.7845,64.2667,1086457
2019-04-15,64.368,64.368,63.4542,63.7938,1866091
2019-04-16,64.1951,65.8814,64.1951,65.8255,3391622
2019-04-17,67.1864,67.7278,66.3972,66.9219,3453420
2019-04-18,67.0325,67.1241,66.6057,66.9319,1142837
2019-04-22,66.7195,67.0755,66.315,66.8794,961712
2019-04-23,67.2543,67.815,67.0978,67.5643,2124251
2019-04-24,67.6072,68.9249,67.5807,68.1936,2135917
2019-04-25,67.9693,68.0665,66.4394,67.0132,2185690
2019-04-26,65.7252,66.4781,65.0762,66.4461,3564527
2019-04-29,66.4781,66.6057,66.0442,66.3642,2826130
2019-04-30,66.2111,67.0066,66.2111,66.889,3256404
2019-05-01,67.4341,67.8414,66.2793,66.3542,4237264
2019-05-02,66.315,67.7278,66.1587,66.9969,3606893
2019-05-03,67.3915,67.528,66.7069,67.512,2392860
2019-05-06,65.1671,66.4428,65.0266,66.4195,2385873
2019-05-07,65.549,65.6952,64.0553,64.7791,3412774
2019-05-08,64.2544,65.2424,64.1132,64.2344,3271912
2019-05-09,63.2331,63.8135,62.0786,63.5234,3140505
2019-05-10,62.9364,63.967,62.0786,63.6177,4113166
2019-05-13,61.4949,61.8728,60.3566,60.6431,5119936
2019-05-14,61.393,62.3653,61.1029,62.0326,3114379
2019-05-15,61.3896,62.9364,61.3317,62.5188,5454849
2019-05-16,61.6413,62.1892,61.1356,61.5275,7377634
2019-05-17,60.5419,61.7582,60.0689,60.3304,5287641
2019-05-20,58.3664,58.8462,57.509,57.9231,4892693
2019-05-21,59.0876,59.4166,58.6211,59.1069,5448046
2019-05-22,57.9755,58.455,57.6818,57.8579,3430759
2019-05-23,56.8436,56.9901,56.0215,56.9581,3927525
2019-05-24,57.2415,57.6621,56.4134,56.4626,2396426
2019-05-28,56.7817,56.9801,55.849,55.9728,2519126
2019-05-29,55.5156,56.4493,55.3528,56.1783,4474673
2019-05-30,56.3218,57.111,56.1946,56.6514,2108633
2019-05-31,55.9402,56.7228,55.7767,55.8067,3511639
2019-06-03,56.4426,57.039,55.6594,55.9369,3150619
2019-06-04,57.0061,58.3894,56.5203,58.3894,3327859
2019-06-05,58.8822,59.035,57.2183,57.9688,3451341
2019-06-06,58.0537,58.9761,57.8446,58.7743,1009002
2019-06-07,59.0287,59.5572,58.8306,59.433,1548194
2019-06-10,60.1735,61.6283,60.1735,60.8878,4119779
2019-06-11,62.0134,62.1368,60.6693,61.1293,3585578
2019-06-12,60.4772,60.5581,59.6261,59.707,1529476
2019-06-13,60.1443,60.2614,59.5864,59.9974,1205251
2019-06-14,58.2425,58.7413,58.0864,58.4836,2194664
2019-06-17,58.4746,58.6898,58.0307,58.0507,1128504
2019-06-18,58.6734,60.9857,58.6734,60.5681,2992443
2019-06-19,60.979,61.0769,60.3337,60.6923,1504127
2019-06-20,61.8471,62.1305,60.9171,61.1945,3539782
2019-06-21,60.9824,61.4459,60.7373,60.8518,1400844
2019-06-24,60.9238,61.1978,60.7639,60.9138,2221507
2019-06-25,61.0579,61.2794,60.0104,60.0723,1487411
2019-06-26,61.4096,62.3433,61.3057,62.01,1842897
2019-06-27,62.3233,63.2231,62.3233,62.9097,1638919
2019-06-28,63.4222,63.5434,62.8511,62.9884,2656398
2019-07-01,65.7352,66.276,64.1462,64.5737,5037593
2019-07-02,64.3872,64.4432,63.4842,63.7779,1449819
2019-07-03,63.7746,63.8135,62.9984,63.4842,774704
2019-07-05,62.649,63.1615,62.4073,63.1122,980847
2019-07-08,62.5451,62.8088,62.2381,62.6293,610414
2019-07-09,62.2741,63.1155,62.1116,63.0146,1414576
2019-07-10,63.7189,64.4139,63.4289,63.5301,1495091
2019-07-11,63.8135,63.9474,63.3246,63.7122,2707554
2019-07-12,63.8691,64.9294,63.8691,64.8604,1381280
2019-07-15,65.1637,65.6789,65.0595,65.4379,718416
2019-07-16,65.1348,65.2653,64.3905,64.7302,1181646
2019-07-17,65.1148,65.2257,64.6979,64.9294,826295
2019-07-18,64.9064,66.0189,64.9064,65.865,1100162
2019-07-19,66.1132,66.4005,65.7286,65.7905,1377475
2019-07-22,66.0768,67.1501,66.0768,67.0558,2866104
2019-07-23,67.4311,67.9103,67.1501,67.9103,1362351
2019-07-24,68.3802,70.1057,68.3802,69.9848,2557831
2019-07-25,69.482,69.511,68.6052,68.8077,1938706
2019-07-26,69.3029,69.3029,68.7321,68.7877,657541
2019-07-29,68.6732,69.0448,68.0894,68.9768,2143775
2019-07-30,68.2945,68.9636,68.0338,68.8204,829060
2019-07-31,68.2979,68.3994,65.8684,66.5337,1443225
2019-08-01,66.2533,68.1551,64.658,65.2257,2707502
2019-08-02,64.5571,65.1248,63.6962,64.2634,2445184
2019-08-05,62.3816,62.4369,60.9271,61.4849,2636678
2019-08-06,62.5124,63.0603,61.5791,62.2741,1553575
2019-08-07,61.2794,62.8608,61.2794,62.662,2289139
2019-08-08,63.2457,64.4202,62.8321,64.4005,2273680
2019-08-09,63.7256,63.9863,62.8415,63.2754,1988218
2019-08-12,62.6193,63.1712,62.1728,62.4535,1236987
2019-08-13,62.4535,64.8378,62.0293,64.2933,2315157
2019-08-14,62.8055,63.2953,61.9967,62.3166,2905103
2019-08-15,62.6557,62.8288,61.6577,62.2025,1016860
2019-08-16,62.8545,64.0423,62.8545,63.8595,1586761
2019-08-19,65.3922,65.6267,64.7366,65.0333,4785712
2019-08-20,65.0103,65.1901,64.4365,64.7851,769489
2019-08-21,65.33,65.6566,65.0463,65.3266,735325
2019-08-22,65.4671,65.6919,64.6383,65.3699,6284575
2019-08-23,64.5148,64.9713,62.3067,62.4862,1782130
2019-08-26,63.4322,63.5334,62.7699,63.0079,1048405
2019-08-27,63.4742,63.7908,62.4799,62.7796,1355109
2019-08-28,62.5484,63.318,62.1019,63.1712,762412
2019-08-29,64.2933,65.0762,64.1528,64.6912,3942364
2019-08-30,65.3266,65.5973,64.7079,64.9976,1065366
2019-09-03,64.28,64.5378,63.5631,63.931,2974924
2019-09-04,64.903,65.6952,64.903,65.6499,1457996
2019-09-05,67.0622,68.4551,66.873,67.6589,2139548
2019-09-06,67.8414,68.0338,67.3882,67.8414,1337066
2019-09-09,68.2526,68.6632,67.8314,68.0927,1010430
2019-09-10,67.881,68.3928,67.3422,68.3928,1356418
2019-09-11,68.791,69.4594,68.3539,69.4208,1486142
2019-09-12,70.1184,70.2555,69.1793,69.5736,1805680
2019-09-13,69.6651,69.7757,69.1201,69.4374,1375951
2019-09-16,68.9149,69.2765,68.3375,68.9928,882767
2019-09-17,68.8687,69.2343,68.4351,69.1464,701857
2019-09-18,69.2243,69.2699,68.2526,69.2699,687704
2019-09-19,69.3582,69.5702,68.801,68.817,1111920
2019-09-20,69.0095,69.0095,67.3003,67.5447,2042859
2019-09-23,67.5347,68.6765,67.4831,68.3442,2224012
2019-09-24,68.6216,68.8557,66.8564,67.2186,1234564
2019-09-25,66.8697,68.5623,66.2856,68.3409,1080834
2019-09-26,68.3375,68.6312,67.7468,68.4254,1123960
2019-09-27,68.0665,68.207,66.289,66.8274,2172050
2019-09-30,67.1271,67.5347,66.8274,67.4148,1128694
2019-10-01,67.881,68.7515,66.6057,66.7881,1905014
2019-10-02,66.4195,66.4461,65.3825,65.8058,1390833
2019-10-03,65.8747,66.9869,65.0333,66.9709,1679095
2019-10-04,67.3069,68.1837,67.1697,68.0832,1279953
2019-10-07,68.0368,68.3475,67.6422,67.6789,1280266
2019-10-08,66.8141,66.9969,65.5198,65.5973,2144790
2019-10-09,66.4294,67.1141,66.2953,66.6576,1478428
2019-10-10,66.7295,68.0402,66.7295,67.3069,1174686
2019-10-11,68.5623,69.6905,68.5397,68.8983,2037390
2019-10-14,68.8524,69.0028,68.5037,68.8886,1162376
2019-10-15,69.3129,70.5419,69.1993,70.4021,1386906
2019-10-16,70.0038,70.3272,69.2056,69.4041,1844507
2019-10-17,70.193,70.3794,69.1401,69.521,1348112
2019-10-18,69.3974,69.6162,68.1744,68.7877,987095
2019-10-21,69.4561,70.1444,69.2865,70.1411,1359015
2019-10-22,70.3464,70.3861,69.5277,69.5277,1248916
2019-10-23,68.2526,68.849,67.7698,68.1903,1673457
2019-10-24,69.1104,69.9453,69.0288,69.8766,2039389
2019-10-25,70.1091,71.4068,70.0691,71.3351,1944181
2019-10-28,71.8696,72.698,71.7687,72.6395,1220191
2019-10-29,72.7044,73.1875,71.8796,71.8826,1217055
2019-10-30,72.4307,72.4473,71.433,71.9088,1120388
2019-10-31,71.792,71.792,70.6142,71.5469,905694
2019-11-01,72.2222,73.1842,71.8859,73.1842,2079654
2019-11-04,74.1166,74.8935,74.0976,74.8153,2087782
2019-11-05,75.0403,75.4642,74.6451,74.8572,1145109
2019-11-06,74.7114,74.733,73.6081,74.3647,1710868
2019-11-07,75.4676,75.6238,74.5056,74.8056,1559645
2019-11-08,74.5252,75.2299,74.081,75.1835,1097494
2019-11-11,74.5541,74.9914,74.2704,74.8738,874225
2019-11-12,75.0603,75.6041,74.7297,75.0271,1509551
2019-11-13,74.6195,75.2878,74.2571,75.1053,971867
2019-11-14,74.7047,74.9255,74.2931,74.8572,1021207
2019-11-15,75.8522,76.1845,75.1935,75.5458,1021719
2019-11-18,75.5391,75.8355,75.0041,75.3727,841122
2019-11-19,75.722,75.8355,74.5868,74.9977,765886
2019-11-20,74.6451,75.0171,73.5496,74.1133,1480786
2019-11-21,73.6015,73.9701,72.9951,73.3211,2181266
2019-11-22,73.5366,73.9342,73.0704,73.2429,1075036
2019-11-25,73.9405,75.073,73.9405,75.0041,1284687
2019-11-26,74.8772,74.9944,74.388,74.717,2236481
2019-11-27,75.0237,75.2684,74.9255,75.2488,810171
2019-11-29,75.0107,75.0107,74.3647,74.4592,642809
2019-12-02,74.5342,74.6095,73.1476,73.3084,1713164
2019-12-03,71.7357,72.2482,71.3838,72.173,2131512
2019-12-04,73.1643,73.6341,73.0996,73.3148,1130472
2019-12-05,73.8169,73.9834,73.3604,73.6834,1552033
2019-12-06,74.5995,74.9651,74.4659,74.743,1047676
2019-12-09,74.9222,74.9914,74.4043,74.4137,543895
2019-12-10,74.7956,75.2065,74.4463,74.717,554497
2019-12-11,74.9158,76.3673,74.8638,76.2568,1525058
2019-12-12,76.1425,78.4452,76.1425,78.3143,2294839
2019-12-13,78.3537,79.1661,77.6194,77.9724,1814482
2019-12-16,78.8328,79.4006,78.6567,78.7196,2187561
2019-12-17,79.1499,79.2281,78.66,79.0715,1014717
2019-12-18,79.2314,79.2314,78.7456,79.032,1007990
2019-12-19,79.3489,79.6716,78.9736,79.6716,1107640
2019-12-20,80.2231,80.6144,79.8504,80.4281,1078669
2019-12-23,81.0609,81.1035,80.5787,80.6826,1412544
2019-12-24,80.8624,80.8821,80.4059,80.8128,525248
2019-12-26,81.1584,81.1584,80.6044,80.9074,681269
2019-12-27,81.244,81.244,80.4738,80.7482,1150054
2019-12-30,80.7282,80.7282,79.59,80.1411,1166080
2019-12-31,79.7273,80.3992,79.6879,80.3566,629515
2020-01-02,81.3709,82.0165,80.9663,82.0165,1329315
2020-01-03,80.7545,81.1948,80.3137,80.4868,1286303
2020-01-06,79.4791,79.9067,79.1272,79.6519,1685779
2020-01-07,80.6403,81.4391,80.1674,81.1168,1242367
2020-01-08,81.2793,81.5897,80.6956,81.0445,1352092
2020-01-09,82.1671,82.1671,80.7835,81.5534,666696
2020-01-10,82.0689,82.0689,80.8424,81.0839,2033294
2020-01-13,81.6483,82.1411,81.4006,82.0262,991498
2020-01-14,82.2447,82.907,81.7755,82.2053,934118
2020-01-15,82.3236,82.3626,81.0026,81.3382,1579589
2020-01-16,81.9643,82.6593,81.906,82.6269,1780836
2020-01-17,83.1258,83.24,82.5939,83.24,1058851
2020-01-21,82.9263,83.478,82.8544,83.194,1722178
2020-01-22,83.8074,84.6942,83.5593,83.7551,1303515
2020-01-23,84.0781,84.469,83.3082,84.3915,1122154
2020-01-24,85.6268,85.7474,82.917,83.4877,1694397
2020-01-27,81.1268,81.2893,80.1444,80.3077,3346166
2020-01-28,81.2173,82.4598,80.7612,82.1671,2510762
2020-01-29,81.8764,82.0789,80.6077,80.6566,1294676
2020-01-30,80.2134,80.8977,79.0745,80.6599,1814577
2020-01-31,79.9231,79.9846,77.4182,77.7828,2244992
2020-02-03,78.0213,78.8495,77.9691,78.6537,1793931
2020-02-04,80.7515,81.2373,80.3499,81.1134,2567672
2020-02-05,82.6626,83.1258,81.7522,82.9889,2092614
2020-02-06,82.9626,83.0731,82.0262,83.0309,1112944
2020-02-07,82.0492,82.1957,80.973,81.0739,1615434
2020-02-10,80.317,82.2513,80.317,82.2053,1263345
2020-02-11,83.0052,84.3548,83.0052,83.869,1179460
2020-02-12,84.8087,85.2846,84.7302,85.161,1619692
2020-02-13,84.4594,85.8071,84.3548,85.2492,1751841
2020-02-14,85.9235,86.2049,84.5446,84.9619,1423707
2020-02-18,83.4617,84.0099,83.2337,83.8756,2517384
2020-02-19,84.9425,86.1523,84.9425,85.9929,1640903
2020-02-20,85.7254,85.9502,83.4877,84.7434,2398321
2020-02-21,84.1563,84.2313,81.8963,82.2217,2582551
2020-02-24,78.3603,79.4825,77.7636,78.282,3944197
2020-02-25,79.3323,79.4531,75.4972,75.9561,5340716
2020-02-26,76.5731,77.7246,75.5878,76.061,4726257
2020-02-27,73.7876,75.3044,72.4107,72.5446,4345694
2020-02-28,70.0138,74.6614,69.8024,74.1822,4991147
2020-03-02,75.4939,76.8042,73.0637,76.8042,4309721
2020-03-03,77.1532,78.1452,73.6115,74.1043,2843425
2020-03-04,75.7383,77.8841,74.6258,77.8841,3495233
2020-03-05,75.9627,77.5025,74.9125,75.5425,3696265
2020-03-06,73.2462,74.5931,72.1106,73.8885,5054306
2020-03-09,67.9945,71.2925,67.2093,67.5773,6335308
2020-03-10,70.4054,72.0787,67.8744,72.0167,4020126
2020-03-11,69.7331,70.7544,67.232,67.9789,2361885
2020-03-12,63.2331,65.8188,60.4243,60.5292,6103567
2020-03-13,64.1398,67.261,60.5392,67.0225,4605332
2020-03-16,60.1668,63.0016,56.2079,56.8143,5017254
2020-03-17,58.3307,62.4106,55.7833,61.8112,4248795
2020-03-18,57.7041,59.7786,53.7028,56.7324,4303344
2020-03-19,55.6948,60.0007,54.5243,58.1933,3067829
2020-03-20,60.3107,61.3703,56.2429,56.5336,3065502
2020-03-23,57.1603,59.4925,55.78,58.5559,2903576
2020-03-24,62.2317,65.0795,62.0393,64.8867,5993907
2020-03-25,65.4734,67.5973,63.1155,64.0523,2590943
2020-03-26,65.7252,68.6312,65.1315,68.3509,3427258
2020-03-27,66.1884,67.1631,64.7332,64.9586,2595983
2020-03-30,65.6466,67.4148,65.1604,67.222,3468247
2020-03-31,67.2286,68.3639,65.33,65.8947,4517284
2020-04-01,63.7389,65.2623,61.6313,62.2971,3050276
2020-04-02,61.7549,64.2993,61.6251,64.1528,3672412
2020-04-03,64.0586,64.8604,62.1083,62.933,3229672
2020-04-06,65.6756,69.6685,65.6756,69.3549,5202085
2020-04-07,71.782,72.0554,69.0288,69.1104,6950597
2020-04-08,70.2682,71.6841,69.2899,71.4197,4064552
2020-04-09,72.4373,72.9951,69.1926,69.8733,7050189
2020-04-13,69.6062,70.8816,69.0482,70.6661,4118905
2020-04-14,72.3788,73.9248,72.2055,73.9248,6094265
2020-04-15,72.3754,72.3754,71.0511,71.726,3758069
2020-04-16,73.0244,73.8952,72.0554,73.7354,3464807
2020-04-17,75.0337,75.1869,73.396,74.3161,2878251
2020-04-20,73.1909,74.2871,72.6005,72.698,2817288
2020-04-21,71.5632,71.9312,68.9083,69.1367,3791742
2020-04-22,71.3871,73.6641,71.0248,73.3181,3468446
2020-04-23,73.3211,74.0776,72.3298,72.5876,3044494
2020-04-24,72.5379,74.2638,71.9312,74.0976,2996938
2020-04-27,75.0503,75.8355,74.7364,75.0826,3334270
2020-04-28,76.4819,76.8665,74.6128,74.6947,4249589
2020-04-29,76.0286,78.5558,75.8852,78.2368,4127407
2020-04-30,77.9071,78.0046,75.35,75.4772,5368800
2020-05-01,73.4979,73.8952,71.452,71.802,6262945
2020-05-04,71.1131,72.4863,70.8363,72.3948,3509784
2020-05-05,73.742,74.9881,73.171,73.6178,4677435
2020-05-06,74.4233,75.663,74.3064,74.5186,4576380
2020-05-07,75.8355,76.1229,74.8119,75.1869,2936814
2020-05-08,75.9794,77.4928,75.7606,77.4116,4033279
2020-05-11,76.6807,78.0246,76.5375,77.3363,3632515
2020-05-12,77.8552,78.1089,75.2132,75.2781,3907023
2020-05-13,75.6464,75.9991,72.714,73.8266,7151274
2020-05-14,73.1975,75.8818,71.9708,75.8066,6769380
2020-05-15,73.2625,74.4922,72.8126,74.2409,5871857
2020-05-18,76.0057,78.0606,76.0057,77.6494,5132129
2020-05-19,77.6657,79.1821,77.3687,77.3982,4472150
2020-05-20,78.9866,80.7645,78.9866,80.245,3936257
2020-05-21,80.2717,80.3336,78.0895,78.2204,3954493
2020-05-22,78.2983,78.7033,77.3363,78.569,2555939
2020-05-26,80.6726,81.0642,79.2897,79.3972,4474759
2020-05-27,79.6419,80.6177,77.3916,80.6177,5498901
2020-05-28,80.027,81.1069,78.4222,78.8627,4640956
2020-05-29,79.1172,81.0972,78.8794,80.8787,6520639
2020-06-01,80.3962,80.8194,79.7306,80.4448,2888740
2020-06-02,80.6726,82.2413,80.301,82.1798,3280040
2020-06-03,83.3995,84.9425,83.3768,84.5569,1849422
2020-06-04,84.2377,85.9602,83.9669,85.3241,2022400
2020-06-05,87.3658,88.6837,86.9542,87.4177,2987442
2020-06-08,87.9365,88.0767,86.3778,87.2352,2627704
2020-06-09,86.3578,87.6198,85.9765,87.3041,2032923
2020-06-10,87.8909,88.442,87.2516,87.6165,2677333
2020-06-11,85.3888,85.6695,81.955,82.0425,4143647
2020-06-12,84.15,84.8346,81.3092,83.1651,4789937
2020-06-15,81.3349,84.4175,81.0512,84.2902,2210436
2020-06-16,86.7624,87.3131,84.3978,85.9302,3516165
2020-06-17,86.7461,87.3787,86.0841,86.5992,1421585
2020-06-18,86.4817,86.9025,86.0578,86.4364,1388565
2020-06-19,87.5256,87.8026,85.7874,86.0221,2353089
2020-06-22,85.9302,86.857,85.0988,86.6552,1331921
2020-06-23,87.4996,87.8742,86.808,86.9642,1219943
2020-06-24,86.488,86.9475,84.3978,85.0534,2045389
2020-06-25,84.9519,85.8333,83.6509,85.6632,1425537
2020-06-26,85.7707,85.856,83.8467,84.0581,1696243
2020-06-29,84.0814,85.0045,83.0212,84.9719,2760261
2020-06-30,85.3601,87.5026,85.2879,87.1733,4232150
2020-07-01,87.2549,87.2878,85.9795,86.0611,1977398
2020-07-02,87.3887,87.9232,86.847,87.108,1851120
2020-07-06,88.8203,89.75,88.5466,89.4174,2396037
2020-07-07,89.2286,89.7693,88.2172,88.357,1960762
2020-07-08,89.0294,89.6324,88.3315,89.5535,1668318
2020-07-09,89.9814,91.2924,88.6118,90.7416,2080086
2020-07-10,90.9831,91.0907,89.5602,90.4349,1000490
2020-07-13,91.7136,92.7016,88.778,88.9471,3057411
2020-07-14,88.3215,90.6434,87.1667,90.4186,3236196
2020-07-15,91.1426,91.1456,88.8762,90.2591,2327402
2020-07-16,89.2152,90.2099,88.817,89.9202,1392679
2020-07-17,90.2165,90.745,89.9321,90.376,1388473
2020-07-20,90.5295,92.4183,89.9291,92.1636,1846831
2020-07-21,92.8449,92.9687,91.3187,91.6906,1652050
2020-07-22,91.9421,92.6923,91.2501,91.9933,1285505
2020-07-23,92.0427,92.7605,89.789,90.5878,2078673
2020-07-24,88.9871,90.4383,87.793,89.1692,2814446
2020-07-27,90.2915,91.9807,90.2258,91.9421,2407418
2020-07-28,91.2731,91.3906,89.9848,90.1639,1887654
2020-07-29,90.9698,92.3986,90.8752,92.0233,1503863
2020-07-30,91.756,93.9251,91.7333,93.8368,2814375
2020-07-31,94.0749,94.1176,92.03,93.4588,1987347
2020-08-03,94.029,95.3796,94.016,95.1518,1713928
2020-08-04,95.1518,96.6386,95.1022,96.5537,1504725
2020-08-05,96.4002,96.8767,95.7809,96.4528,1803610
2020-08-06,96.3776,96.5604,95.4188,96.4002,1135393
2020-08-07,96.2893,96.651,94.1661,95.3239,1413512
2020-08-10,95.6143,95.7315,93.9447,95.3206,1374222
2020-08-11,95.2127,96.2014,94.0416,94.326,2192077
2020-08-12,95.1285,97.6333,94.8278,97.3758,2015183
2020-08-13,97.3758,97.4767,95.9307,96.4098,1576576
2020-08-14,96.7199,97.4767,96.0086,96.3519,1127556
2020-08-17,97.1441,97.894,96.9223,97.4338,961740
2020-08-18,97.9889,98.0605,96.6476,96.919,1056901
2020-08-19,97.0362,97.2157,96.0779,96.3709,1240338
2020-08-20,95.2587,95.954,94.8055,95.5134,1967366
2020-08-21,95.3239,96.237,94.9653,96.1625,1283442
2020-08-24,97.2746,97.5094,96.4032,97.1605,1081417
2020-08-25,97.3563,98.1847,97.1571,98.1065,1128878
2020-08-26,98.3316,98.7714,97.9167,98.4225,1056036
2020-08-27,98.853,98.853,96.6872,97.3006,1719587
2020-08-28,97.4182,99.1334,97.2484,99.0945,1772350
2020-08-31,99.0261,99.7045,98.2429,98.8757,1049626
2020-09-01,99.6649,100.905,99.1467,100.836,1472799
2020-09-02,102.421,104.355,101.452,103.758,3077879
2020-09-03,102.095,102.313,97.2909,97.9722,4061096
2020-09-04,97.3199,98.628,93.5005,96.9547,3591222
2020-09-08,93.4745,95.1865,92.2907,92.4216,3144521
2020-09-09,94.7699,95.7349,93.5238,94.9453,1983349
2020-09-10,96.2274,96.5111,93.1062,93.6506,1982730
2020-09-11,94.3034,95.2787,92.6071,93.6247,1578798
2020-09-14,95.5034,96.1005,94.7699,95.5002,1197028
2020-09-15,96.8121,97.8161,96.645,97.1475,1304640
2020-09-16,97.8458,97.9626,96.0908,96.2404,1260837
2020-09-17,93.7845,96.3453,93.4588,96.1914,1775967
2020-09-18,96.6353,96.8733,93.4522,94.685,1253944
2020-09-21,92.9011,94.5118,92.1016,94.5118,2414800
2020-09-22,95.1155,95.6206,93.4618,95.4875,1135307
2020-09-23,95.5134,96.0282,92.9404,93.286,1956553
2020-09-24,92.5128,95.3796,92.4446,94.0749,2425810
2020-09-25,94.2344,95.6663,92.8249,95.3633,1666145
2020-09-28,96.7199,98.0901,96.0938,97.9922,1894859
2020-09-29,98.0768,99.14,97.9267,98.2237,1978842
2020-09-30,98.158,99.3588,97.8128,98.3932,2009974
2020-10-01,99.7271,100.683,99.2669,100.493,2111077
2020-10-02,97.8973,99.5153,97.3466,97.4801,2072710
2020-10-05,98.3732,100.614,98.24,100.526,1589394
2020-10-06,100.604,102.453,99.6392,100.054,1949311
2020-10-07,101.479,102.275,101.462,101.965,1289105
2020-10-08,102.898,103.439,102.571,103.228,1011166
2020-10-09,104.721,105.333,104.319,105.044,2030304
2020-10-12,106.433,107.148,105.899,106.606,1643686
2020-10-13,106.769,107.317,105.928,106.413,2372297
2020-10-14,106.861,107.18,105.376,105.979,1612932
2020-10-15,104.003,105.902,103.788,105.693,1245764
2020-10-16,106.43,106.626,105.113,105.198,893712
2020-10-19,106.055,106.688,104.262,104.665,1247239
2020-10-20,105.139,105.419,104.248,104.492,1085681
2020-10-21,104.744,104.956,103.71,103.791,1108786
2020-10-22,103.919,104.371,102.571,103.831,941431
2020-10-23,103.439,103.471,102.487,103.471,811048
2020-10-26,102.581,102.95,99.9069,101.231,1724741
2020-10-27,101.929,102.174,100.48,100.83,918635
2020-10-28,99.2416,99.2416,97.3692,97.5291,1528357
2020-10-29,97.5451,101.049,97.4085,100.008,1553667
2020-10-30,98.9479,99.5936,97.3658,98.6739,1379741
2020-11-02,99.5936,100.054,98.1747,99.0196,1502925
2020-11-03,99.897,101.746,99.8773,100.888,1429471
2020-11-04,103.038,104.962,101.811,104.414,3123418
2020-11-05,107.431,109.378,107.333,109.105,2898594
2020-11-06,108.847,111.29,108.495,110.885,2080390
2020-11-09,113.86,114.264,109.587,109.594,1982484
2020-11-10,108.612,109.076,106.029,106.305,1922048
2020-11-11,107.947,110.334,107.937,110.138,1723846
2020-11-12,110.314,110.572,108.2,108.775,1242226
2020-11-13,110.074,111.026,109.323,110.113,1105123
2020-11-16,111.01,112.852,110.706,112.852,1503550
2020-11-17,112.447,112.48,111.088,111.923,1415812
2020-11-18,112.117,112.891,111.013,111.085,1405722
2020-11-19,110.69,112.836,110.183,112.728,1090716
2020-11-20,112.767,113.717,112.073,112.203,1415306
2020-11-23,112.702,114.192,112.339,113.798,1438528
2020-11-24,114.617,114.623,112.656,114.417,1888663
2020-11-25,114.587,115.043,113.694,114.163,1005237
2020-11-27,114.887,116.202,114.887,115.526,1768023
2020-11-30,115.722,117.0,114.255,116.864,1933913
2020-12-01,117.895,119.541,117.512,118.795,2069956
2020-12-02,118.462,119.727,118.341,119.14,2210865
2020-12-03,119.833,120.533,119.131,119.294,1131747
2020-12-04,119.833,122.627,119.64,122.553,1676366
2020-12-07,123.244,123.257,121.997,123.168,1708838
2020-12-08,123.08,124.055,122.48,123.57,1241638
2020-12-09,123.097,123.925,119.352,120.086,2012154
2020-12-10,119.055,120.95,118.658,119.917,2030445
2020-12-11,119.065,119.581,117.448,118.753,1658121
2020-12-14,119.858,120.804,119.591,120.079,1352705
2020-12-15,121.694,122.157,120.899,121.75,1139835
2020-12-16,122.327,122.327,120.86,121.822,1382991
2020-12-17,122.624,122.624,121.512,122.046,1277328
2020-12-18,122.209,122.435,120.69,121.323,1194888
2020-12-21,119.787,120.886,118.776,120.781,1853466
2020-12-22,120.811,120.89,119.594,120.605,694839
2020-12-23,120.804,120.999,119.591,119.695,1294584
2020-12-24,120.334,120.824,119.972,120.765,591482
2020-12-28,122.183,122.248,120.455,120.635,1141589
2020-12-29,121.254,121.254,118.983,120.321,1374654
2020-12-30,120.989,122.543,120.876,122.34,1194612
2020-12-31,122.464,122.913,121.57,122.725,1228813
2021-01-04,123.525,126.152,121.329,122.212,2561813
2021-01-05,122.115,124.708,122.02,124.708,1720752
2021-01-06,123.348,126.75,123.175,124.304,3311131
2021-01-07,126.123,129.313,126.123,128.997,1863145
2021-01-08,130.843,131.44,127.546,129.065,2183222
2021-01-11,127.94,131.401,127.845,130.37,1679340
2021-01-12,131.208,132.429,130.014,131.16,4639150
2021-01-13,132.373,132.659,130.856,131.372,1236251
2021-01-14,133.005,135.696,133.005,134.16,1801354
2021-01-15,134.01,134.16,130.678,131.427,2476031
2021-01-19,133.59,136.032,133.277,135.941,2592274
2021-01-20,137.416,137.872,135.132,135.452,1906390
2021-01-21,136.736,137.957,135.329,137.412,2621198
2021-01-22,136.294,136.883,135.008,135.077,1718024
2021-01-25,136.209,136.558,132.666,135.273,1734074
2021-01-26,135.348,135.348,133.061,133.074,1261594
2021-01-27,130.761,130.778,125.654,126.166,5552384
2021-01-28,128.71,130.791,127.696,128.938,3471414
2021-01-29,129.372,129.828,126.264,126.688,2844308
2021-02-01,128.847,132.096,128.417,131.691,1980844
2021-02-02,133.888,133.997,132.023,133.828,2502328
2021-02-03,134.34,134.724,130.761,131.107,2850440
2021-02-04,130.696,132.289,129.77,132.183,1888123
2021-02-05,133.168,133.168,131.081,131.281,1506509
2021-02-08,132.164,135.319,132.157,135.217,2005433
2021-02-09,134.825,135.774,134.072,134.819,1424924
2021-02-10,135.941,136.645,133.351,135.083,2286757
2021-02-11,136.202,139.865,136.202,139.764,2175686
2021-02-12,139.353,141.763,138.638,141.488,1983438
2021-02-16,143.179,143.693,141.59,142.204,3246762
2021-02-17,140.983,141.501,137.845,139.766,2870350
2021-02-18,138.028,138.968,136.596,138.326,2324575
2021-02-19,140.426,142.506,140.136,141.658,2321825
2021-02-22,139.822,140.804,136.055,136.529,2731171
2021-02-23,134.023,136.525,130.135,135.505,4149672
2021-02-24,134.662,140.047,133.446,139.898,3238968
2021-02-25,138.263,139.184,131.382,131.932,5499208
2021-02-26,134.095,136.183,131.421,134.936,4694908
2021-03-01,136.984,139.386,135.948,139.239,2387602
2021-03-02,139.802,139.802,134.911,135.061,3272510
2021-03-03,135.203,135.498,129.699,130.928,4558276
2021-03-04,130.507,131.12,122.781,124.626,7459936
2021-03-05,127.494,128.801,121.548,128.365,6496758
2021-03-08,128.198,128.724,121.39,121.44,7568665
2021-03-09,125.836,129.848,125.469,128.987,4256312
2021-03-10,131.208,131.251,126.551,126.551,4204329
2021-03-11,130.315,132.628,129.624,131.881,3799806
2021-03-12,129.467,130.728,128.531,130.487,3247700
2021-03-15,131.185,133.42,130.233,133.237,4011940
2021-03-16,134.812,137.105,134.176,134.959,6987775
2021-03-17,133.094,137.731,132.089,136.658,5946259
2021-03-18,134.76,135.021,130.853,131.002,6234582
2021-03-19,131.268,133.794,129.588,132.624,6811915
2021-03-22,134.255,137.018,133.742,135.429,3223614
2021-03-23,135.957,136.192,131.261,131.871,5807469
2021-03-24,134.066,134.611,129.994,130.057,6805703
2021-03-25,128.051,130.83,126.734,130.198,5735967
2021-03-26,130.298,136.877,130.21,136.625,6675243
2021-03-29,135.348,135.869,132.92,134.536,6723348
2021-03-30,133.469,134.497,132.624,134.212,4382691
2021-03-31,135.478,138.528,135.21,137.488,6135070
2021-04-01,139.881,142.627,139.832,142.545,7586168
2021-04-05,144.891,145.846,143.156,145.419,6685671
2021-04-06,144.564,145.455,142.367,143.795,6078138
2021-04-07,143.945,144.437,142.614,143.7,3388498
2021-04-08,145.247,145.503,144.01,145.341,4396577
2021-04-09,144.16,145.028,143.554,144.888,2535906
2021-04-12,144.125,144.125,142.096,143.326,2680724
2021-04-13,144.421,144.627,141.671,143.104,3421380
2021-04-14,142.83,143.913,140.752,141.528,5135759
2021-04-15,142.982,144.196,141.881,143.899,5830739
2021-04-16,143.899,144.193,142.912,143.224,2788937
2021-04-19,142.171,142.65,138.176,139.461,9171706
2021-04-20,139.001,139.58,136.662,137.471,5524554
2021-04-21,137.577,141.13,137.014,141.078,4443370
2021-04-22,140.784,140.974,137.171,138.006,5584907
2021-04-23,138.569,141.104,138.4,140.52,4108512
2021-04-26,140.703,143.277,140.452,143.1,3677894
2021-04-27,143.658,143.762,141.59,142.024,5014534
2021-04-28,141.238,141.307,139.708,139.871,2422419
2021-04-29,141.854,141.939,138.733,140.774,3327301
2021-04-30,138.71,139.528,136.522,136.854,4008908
2021-05-03,137.822,137.966,134.678,135.429,3313094
2021-05-04,133.663,133.716,130.687,133.146,6231286
2021-05-05,134.816,135.637,132.976,133.981,4943005
2021-05-06,133.729,135.109,132.209,135.077,3759504
2021-05-07,136.454,137.865,135.811,136.936,2951764
2021-05-10,135.739,135.739,130.616,130.843,6532201
2021-05-11,126.847,131.382,126.398,131.019,6908137
2021-05-12,128.276,129.039,125.178,125.68,7971780
2021-05-13,127.858,129.258,126.01,127.281,5014853
2021-05-14,129.14,132.409,127.881,131.225,4794343
2021-05-17,130.004,130.188,127.904,130.076,3459101
2021-05-18,131.299,131.551,128.957,129.033,2420528
2021-05-19,126.532,131.684,125.996,131.548,4242577
2021-05-20,132.53,135.566,132.432,135.008,5161464
2021-05-21,135.964,136.016,134.039,134.265,5397663
2021-05-24,135.666,138.394,135.547,137.653,3468130
2021-05-25,138.664,139.105,137.289,138.061,4485352
2021-05-26,138.159,139.03,137.177,138.43,2562019
2021-05-27,138.173,139.714,137.813,139.014,3395004
2021-05-28,139.541,140.98,139.294,140.306,2240491
2021-06-01,141.379,142.483,139.19,139.913,3467738
2021-06-02,139.809,141.339,139.363,140.764,2200419
2021-06-03,139.187,139.796,137.699,138.346,3338152
2021-06-04,139.535,141.988,139.535,141.704,2900798
2021-06-07,141.036,141.297,139.789,140.602,2442783
2021-06-08,141.698,141.945,138.745,139.802,2605715
2021-06-09,140.262,140.667,139.111,139.111,2680598
2021-06-10,139.551,141.261,139.039,140.709,2222929
2021-06-11,141.134,141.425,140.334,141.425,1812397
2021-06-14,141.776,143.43,140.948,143.43,3772467
2021-06-15,143.048,143.922,141.786,142.256,2452018
2021-06-16,142.699,143.11,139.799,140.918,3711270
2021-06-17,140.53,143.478,140.423,142.439,3976476
2021-06-18,141.46,141.564,138.26,139.027,2967017
2021-06-21,139.187,139.786,138.006,139.541,2293115
2021-06-22,139.751,140.602,138.965,140.198,1784797
2021-06-23,140.549,141.577,140.503,140.784,1939947
2021-06-24,142.154,143.557,142.005,143.179,1466572
2021-06-25,143.785,144.013,142.386,142.787,1379100
2021-06-28,143.671,146.802,143.671,146.199,2722390
2021-06-29,146.026,147.559,145.543,147.343,1795467
2021-06-30,147.207,147.751,146.486,147.467,1352380
2021-07-01,147.318,147.318,144.862,145.354,2324609
2021-07-02,146.258,146.597,145.096,146.242,1875844
2021-07-06,146.639,147.109,144.128,145.99,2055525
2021-07-07,146.906,146.919,143.172,143.779,1938890
2021-07-08,140.748,142.611,139.672,141.929,2053443
2021-07-09,142.4,144.515,141.375,144.246,1882007
2021-07-12,144.865,146.098,144.31,146.098,4055703
2021-07-13,145.484,146.144,144.741,145.51,2178985
2021-07-14,146.508,147.751,144.424,144.842,2316840
2021-07-15,144.141,144.453,140.549,141.623,2728007
2021-07-16,142.066,142.784,138.215,138.547,2640219
2021-07-19,136.655,138.634,135.875,138.407,4177934
2021-07-20,139.072,141.362,137.331,140.292,3286567
2021-07-21,140.83,144.672,140.83,144.604,2094150
2021-07-22,143.88,144.538,142.686,143.749,1216950
2021-07-23,144.421,144.627,142.702,144.483,1347518
2021-07-26,143.929,144.852,143.57,144.528,1153313
2021-07-27,144.115,144.115,138.876,141.874,2575647
2021-07-28,142.393,144.803,141.704,144.193,2350881
2021-07-29,144.744,147.588,144.688,147.135,2365288
2021-07-30,145.805,148.641,145.805,148.341,2382657
2021-08-02,149.76,151.127,148.912,149.278,2940858
2021-08-03,149.607,150.412,147.862,150.412,1816444
2021-08-04,150.706,152.676,150.481,151.946,1669673
2021-08-05,152.676,153.039,151.108,151.972,1458383
2021-08-06,151.078,151.975,150.817,151.216,1266036
2021-08-09,151.828,151.913,150.067,150.703,1094453
2021-08-10,150.925,151.186,147.869,148.955,2767693
2021-08-11,149.506,149.565,146.704,148.446,1331522
2021-08-12,147.96,147.96,145.632,146.848,1572314
2021-08-13,146.514,147.797,146.387,147.774,1088438
2021-08-16,147.214,147.604,145.99,147.223,1174613
2021-08-17,146.0,146.0,143.022,144.373,1900111
2021-08-18,144.17,145.054,142.275,142.464,1929701
2021-08-19,141.57,144.418,140.472,143.632,2233777
2021-08-20,144.017,144.97,142.986,144.711,1846494
2021-08-23,146.215,148.984,146.215,148.785,2239443
2021-08-24,149.216,149.666,148.527,148.785,1707676
2021-08-25,149.372,151.023,149.288,149.917,2335000
2021-08-26,149.738,150.641,148.831,150.057,2345614
2021-08-27,150.143,153.104,149.931,152.921,2468817
2021-08-30,153.544,154.712,152.676,153.227,2586629
2021-08-31,153.391,153.595,150.814,152.001,2164713
2021-09-01,152.765,152.918,151.173,151.173,1676624
2021-09-02,151.891,152.204,151.151,151.74,1542611
2021-09-03,151.766,153.469,151.427,152.876,1392645
2021-09-07,152.954,152.961,151.41,152.31,1684853
2021-09-08,151.496,151.772,149.053,150.36,3170398
2021-09-09,150.26,151.786,150.169,150.889,4025758
2021-09-10,152.224,154.402,152.073,152.086,3039144
2021-09-13,153.619,153.864,151.469,153.547,2911667
2021-09-14,153.939,154.718,152.852,153.554,2651327
2021-09-15,153.672,154.44,152.37,154.437,3871970
2021-09-16,153.322,155.249,152.683,154.731,1699511
2021-09-17,154.323,154.323,151.577,152.261,2491446
2021-09-20,149.02,149.594,146.31,148.495,3208557
2021-09-21,149.603,150.051,147.581,148.935,2273199
2021-09-22,150.107,152.373,149.555,152.024,1344084
2021-09-23,152.745,154.539,152.197,154.05,2471361
2021-09-24,152.882,154.203,152.637,153.874,1220706
2021-09-27,152.23,154.102,151.326,153.501,1372315
2021-09-28,150.598,151.476,147.497,147.497,5579839
2021-09-29,147.826,148.261,144.888,145.168,6941160
2021-09-30,146.547,147.504,145.071,145.109,4644080
2021-10-01,145.687,145.96,142.82,145.204,3190483
2021-10-04,144.453,144.541,141.032,141.465,4262582
2021-10-05,142.142,144.604,141.903,143.605,3232342
2021-10-06,142.008,144.278,141.518,144.167,3493866
2021-10-07,146.029,147.788,145.667,145.853,1960201
2021-10-08,146.377,146.567,144.243,144.36,1713376
2021-10-11,143.785,145.824,143.338,143.391,1569147
2021-10-12,144.298,144.509,141.006,141.6,3279515
2021-10-13,142.627,143.303,141.952,142.419,1799180
2021-10-14,145.041,146.851,144.643,146.838,2546385
2021-10-15,147.918,148.264,147.07,147.82,1679040
2021-10-18,146.939,149.06,146.098,149.01,1385437
2021-10-19,149.349,150.834,148.671,150.834,1427935
2021-10-20,150.289,151.111,149.872,150.521,1291910
2021-10-21,149.555,152.234,149.486,152.037,1335208
2021-10-22,151.238,152.8,150.073,150.331,3363900
2021-10-25,151.101,152.234,150.552,151.365,1725545
2021-10-26,152.549,153.094,150.945,151.479,1924955
2021-10-27,150.555,152.155,149.858,150.39,3304540
2021-10-28,152.399,153.906,152.125,153.782,3357403
2021-10-29,152.484,154.489,152.31,154.47,2187447
2021-11-01,154.656,157.028,154.264,156.992,2608943
2021-11-02,156.907,158.949,156.907,158.942,2279365
2021-11-03,159.147,160.971,158.534,160.776,2227798
2021-11-04,162.588,166.929,161.704,166.182,4179835
2021-11-05,167.219,169.317,166.362,168.028,4644460
2021-11-08,169.069,171.411,168.459,170.302,2992173
2021-11-09,172.001,172.197,168.466,170.302,2788734
2021-11-10,167.105,169.389,164.559,165.279,4029443
2021-11-11,168.012,169.177,166.715,168.777,2338136
2021-11-12,169.36,171.228,168.426,170.426,2018252
2021-11-15,171.701,171.701,168.548,170.299,2374179
2021-11-16,169.529,173.159,169.323,172.849,2072262
2021-11-17,172.937,172.937,170.805,171.646,1614382
2021-11-18,174.764,175.39,172.849,174.513,2050509
2021-11-19,174.539,176.183,173.672,174.999,3488764
2021-11-22,176.003,178.388,172.233,172.468,4529854
2021-11-23,172.282,173.437,168.886,171.774,2486155
2021-11-24,170.426,173.747,168.72,173.659,2168509
2021-11-26,170.384,171.926,167.582,168.828,2507392
2021-11-29,171.329,175.707,170.687,175.315,2470687
2021-11-30,174.624,176.261,170.772,172.246,3343401
2021-12-01,174.767,177.852,170.856,170.866,3199031
2021-12-02,169.105,172.308,167.814,171.115,3200266
2021-12-03,173.535,175.253,168.767,170.684,2551386
2021-12-06,170.352,170.983,165.129,170.466,2142135
2021-12-07,174.272,179.416,174.272,179.066,2757268
2021-12-08,178.114,178.27,176.062,177.899,1706943
2021-12-09,176.848,178.613,173.656,173.808,1714565
2021-12-10,177.05,177.892,173.277,175.449,2069545
2021-12-13,176.142,176.217,170.477,170.778,2338227
2021-12-14,168.681,170.852,167.74,169.954,2953206
2021-12-15,170.301,176.352,168.01,176.194,2397011
2021-12-16,176.913,177.41,167.498,168.507,2860883
2021-12-17,166.528,170.791,166.289,168.109,2763072
2021-12-20,165.665,168.092,164.972,166.793,2194425
2021-12-21,170.553,172.891,168.22,172.81,1660823
2021-12-22,171.921,174.603,171.029,174.603,2182955
2021-12-23,174.952,177.436,174.95,176.292,2147760
2021-12-27,176.939,181.166,176.896,181.127,2563516
2021-12-28,181.963,181.989,178.298,179.128,2021224
2021-12-29,179.059,180.523,178.302,179.403,1283243
2021-12-30,179.017,179.758,176.818,177.371,1392177
2021-12-31,177.554,178.732,176.815,176.834,1244628
2022-01-03,178.024,180.526,177.324,180.35,1737608
2022-01-04,181.153,182.281,175.466,179.794,3582825
2022-01-05,178.419,179.951,173.532,173.689,3835226
2022-01-06,173.662,175.858,171.781,175.038,2999739
2022-01-07,174.867,175.509,169.429,169.961,2335521
2022-01-10,167.858,170.392,164.338,170.022,5497151
2022-01-11,169.451,173.424,168.2,173.221,3227431
2022-01-12,174.893,176.103,172.758,174.492,3650954
2022-01-13,177.162,178.638,169.987,170.422,3341490
2022-01-14,169.072,174.663,169.049,174.499,3477438
2022-01-18,171.712,171.735,166.335,166.701,7862312
2022-01-19,168.053,169.088,161.68,161.797,10152865
2022-01-20,163.044,164.338,156.514,156.724,8535881
2022-01-21,155.626,160.053,153.773,154.114,14256773
2022-01-24,150.892,156.165,145.73,155.875,15819225
2022-01-25,151.869,153.737,149.194,150.059,10948944
2022-01-26,154.269,158.723,150.059,152.362,8697603
2022-01-27,153.868,154.055,145.09,145.579,8612519
2022-01-28,145.462,148.372,141.281,148.372,7332598
2022-01-31,149.115,156.58,148.296,156.341,8021469
2022-02-01,157.871,158.125,153.708,157.642,4159563
2022-02-02,160.84,162.032,158.556,161.624,5345439
2022-02-03,157.557,160.163,153.996,154.59,6651370
2022-02-04,153.868,156.808,151.787,155.478,5174326
2022-02-07,155.861,157.985,154.802,155.391,3580229
2022-02-08,154.731,159.641,154.472,159.318,3006688
2022-02-09,161.418,164.564,159.395,164.545,5173775
2022-02-10,160.533,165.606,158.51,159.415,4716765
2022-02-11,159.683,160.843,150.219,151.303,8057377
2022-02-14,151.82,154.505,149.471,151.447,5824041
2022-02-15,154.724,160.218,154.312,159.805,4990932
2022-02-16,157.841,160.451,156.446,159.856,2773632
2022-02-17,157.733,157.952,153.616,153.852,6136565
2022-02-18,153.925,154.492,150.021,152.134,5996969
2022-02-22,150.49,154.839,148.808,151.21,8556558
2022-02-23,152.964,154.557,147.129,147.605,6671006
2022-02-24,141.866,153.25,141.525,153.006,8862067
2022-02-25,152.996,155.557,150.83,155.557,7222310
2022-02-28,153.531,155.982,151.496,154.61,4456415
2022-03-01,153.982,154.881,147.37,149.004,4360627
2022-03-02,150.246,154.815,149.895,153.744,2914074
2022-03-03,154.682,154.728,149.601,150.516,4270965
2022-03-04,149.05,150.366,144.875,146.524,4542824
2022-03-07,146.962,148.008,139.144,139.174,5999999
2022-03-08,140.121,147.024,137.785,141.839,8085578
2022-03-09,146.615,148.899,144.946,147.786,4804365
2022-03-10,145.172,145.313,141.905,144.753,4912644
2022-03-11,146.854,147.122,141.36,141.646,6669668
2022-03-14,141.222,141.954,136.416,137.06,5810508
2022-03-15,138.432,143.698,137.565,143.362,4069049
2022-03-16,145.793,150.765,144.212,150.742,4977075
2022-03-17,149.033,151.673,147.883,151.673,4225013
2022-03-18,150.614,155.259,149.683,154.632,5115922
2022-03-21,154.035,155.59,151.568,154.325,4908442
2022-03-22,154.045,157.018,153.891,155.181,2951039
2022-03-23,153.763,155.642,151.229,151.271,3608991
2022-03-24,152.833,159.034,152.206,158.909,5104217
2022-03-25,158.733,159.163,155.92,158.55,3170181
2022-03-28,157.599,159.781,155.328,159.781,2791181
2022-03-29,162.329,163.702,160.143,163.443,3156419
2022-03-30,162.179,162.754,157.377,158.216,3335634
2022-03-31,158.099,158.802,154.201,154.616,3437768
2022-04-01,155.269,155.632,149.356,151.62,5501657
2022-04-04,151.987,154.299,151.444,154.084,2760222
2022-04-05,152.823,152.954,146.6,146.992,4137377
2022-04-06,143.744,145.939,142.111,143.336,4935137
2022-04-07,143.14,144.936,140.643,143.649,3583165
2022-04-08,142.456,142.508,139.86,140.085,4591827
2022-04-11,138.014,139.171,136.89,137.207,4379125
2022-04-12,140.108,141.144,136.073,136.788,6014612
2022-04-13,137.674,140.699,136.825,139.732,3376312
2022-04-14,140.676,140.676,135.69,135.867,6023315
2022-04-18,135.188,139.442,135.021,138.22,3704022
2022-04-19,137.667,141.545,136.968,141.248,3098398
2022-04-20,143.482,144.727,140.438,140.935,3903902
2022-04-21,142.669,144.255,136.466,137.174,3673556
2022-04-22,136.958,137.719,133.897,134.123,4662344
2022-04-25,133.028,136.426,132.631,136.39,6482923
2022-04-26,134.548,134.783,130.19,130.344,5962747
2022-04-27,128.906,132.871,128.615,129.631,4438606
2022-04-28,132.235,138.236,130.569,136.775,5051996
2022-04-29,134.858,137.475,130.553,130.931,4273423
2022-05-02,131.052,135.453,130.026,135.303,4729591
2022-05-03,134.943,137.495,134.005,136.423,2346734
2022-05-04,137.436,141.95,133.192,141.715,4345867
2022-05-05,139.174,139.384,132.842,134.849,4690563
2022-05-06,133.618,136.625,131.128,133.649,4030725
2022-05-09,130.761,132.356,126.099,126.844,5161448
2022-05-10,130.674,132.127,126.896,129.729,4567753
2022-05-11,128.622,131.65,125.531,125.896,5169000
2022-05-12,124.342,127.718,123.27,126.662,5453868
2022-05-13,128.938,134.058,128.2,133.127,4820505
2022-05-16,131.774,133.166,130.605,131.101,2420660
2022-05-17,134.522,137.821,134.015,137.469,3258096
2022-05-18,135.198,137.076,129.983,130.539,3654027
2022-05-19,129.902,133.081,128.619,129.748,3370410
2022-05-20,132.304,132.313,123.871,129.681,4166848
2022-05-23,128.674,130.586,127.681,130.238,3713386
2022-05-24,128.148,128.576,125.62,127.066,2923973
2022-05-25,126.09,130.569,126.09,129.353,2563556
2022-05-26,128.158,135.008,127.935,134.408,3027028
2022-05-27,136.528,140.167,136.528,139.934,3230076
2022-05-31,139.693,140.451,137.079,139.216,2864247
2022-06-01,139.925,140.63,135.113,137.008,2516013
2022-06-02,136.531,141.921,136.266,141.78,2046649
2022-06-03,138.71,139.494,136.903,137.541,2107694
2022-06-06,140.432,140.895,136.864,137.779,2287424
2022-06-07,136.142,139.272,135.093,138.879,1904962
2022-06-08,138.118,138.681,134.897,135.923,3465421
2022-06-09,134.751,137.101,132.062,132.065,2564225
2022-06-10,129.893,131.015,127.108,127.374,3667009
2022-06-13,122.695,124.308,119.564,120.025,4118767
2022-06-14,121.344,121.884,119.276,120.693,2884706
2022-06-15,122.273,124.926,120.015,122.767,3882651
2022-06-16,119.203,119.302,113.917,115.369,3994978
2022-06-17,115.628,116.675,113.18,115.837,3464327
2022-06-21,118.281,120.655,118.196,118.871,2883444
2022-06-22,116.822,119.312,116.649,117.63,4183929
2022-06-23,118.327,118.428,114.994,116.832,2219923
2022-06-24,118.661,122.008,118.402,122.008,3855266
2022-06-27,123.11,123.415,120.739,121.674,2544463
2022-06-28,122.394,123.821,118.52,118.706,3110052
2022-06-29,117.08,117.218,114.466,115.906,3457404
2022-06-30,114.28,116.668,112.585,114.388,3347296
2022-07-01,112.484,113.091,108.914,110.34,3948525
2022-07-05,107.546,111.21,106.892,111.21,3454984
2022-07-06,111.319,113.063,110.102,111.754,2722166
2022-07-07,114.378,117.342,114.378,116.757,2920160
2022-07-08,115.064,118.114,114.719,117.312,2377717
2022-07-11,115.536,116.111,113.864,114.61,2536697
2022-07-12,115.356,116.203,114.092,114.931,4578863
2022-07-13,112.611,116.501,112.356,115.579,3631522
2022-07-14,115.33,118.533,113.589,118.028,3246830
2022-07-15,119.833,121.039,117.955,120.847,3040486
2022-07-18,122.85,123.792,119.695,120.46,3014800
2022-07-19,122.361,126.45,122.011,125.771,3175351
2022-07-20,125.581,129.589,124.806,128.977,4936209
2022-07-21,129.648,131.169,127.795,131.084,2805021
2022-07-22,130.662,130.717,126.697,127.854,4633379
2022-07-25,126.873,127.145,124.923,127.046,2916994
2022-07-26,126.203,126.84,124.465,124.929,2557673
2022-07-27,127.171,131.698,126.788,130.646,3274600
2022-07-28,130.934,132.54,128.081,132.255,3598700
2022-07-29,130.342,133.645,129.893,133.273,3913141
2022-08-01,132.327,134.941,131.457,133.786,3883602
2022-08-02,132.275,135.561,131.715,133.532,2164695
2022-08-03,133.512,137.511,133.427,137.242,2914506
2022-08-04,136.924,138.648,136.524,138.233,1955025
2022-08-05,135.808,138.338,135.187,137.157,3341412
2022-08-08,135.266,136.767,133.004,135.082,3125224
2022-08-09,131.961,132.099,127.118,128.892,4451684
2022-08-10,132.327,134.49,130.564,134.241,3521025
2022-08-11,135.38,138.027,133.773,134.068,2449569
2022-08-12,134.961,138.364,134.471,137.991,2089288
2022-08-15,137.376,138.891,136.437,138.505,1350227
2022-08-16,137.795,138.4,135.557,137.087,1596279
2022-08-17,134.987,135.053,131.905,133.776,2689600
2022-08-18,134.14,137.739,133.654,136.826,1730930
2022-08-19,134.804,135.625,132.449,133.133,2367802
2022-08-22,130.433,130.679,127.502,128.122,2958041
2022-08-23,128.215,130.723,128.067,128.761,2476114
2022-08-24,128.614,129.53,127.593,129.085,1275282
2022-08-25,129.209,133.973,129.137,133.816,2729923
2022-08-26,133.515,133.824,126.026,126.225,2891296
2022-08-29,124.926,126.33,123.472,123.677,2623589
2022-08-30,125.008,125.057,120.735,122.236,3273179
2022-08-31,122.777,122.78,119.901,120.957,3030813
2022-09-01,117.873,118.73,115.033,118.713,4622932
2022-09-02,120.542,121.383,116.898,117.411,3913884
2022-09-06,117.391,118.035,115.166,116.056,2743075
2022-09-07,116.524,119.017,115.644,118.019,1731437
2022-09-08,116.875,120.457,116.151,120.008,2876491
2022-09-09,121.589,123.522,121.589,122.887,2105398
2022-09-12,123.418,124.098,122.004,123.487,2660064
2022-09-13,118.792,119.813,115.468,115.818,4141296
2022-09-14,116.688,117.945,115.386,117.132,2774054
2022-09-15,116.344,117.709,114.407,115.189,2478488
2022-09-16,113.923,116.004,113.057,115.88,3455894
2022-09-19,114.401,117.103,114.348,116.488,2187101
2022-09-20,115.361,115.923,114.028,114.941,2680150
2022-09-21,115.153,118.884,113.78,113.78,3601554
2022-09-22,113.127,113.605,110.03,110.684,2991242
2022-09-23,109.375,109.67,107.222,109.201,3954754
2022-09-26,108.821,110.495,107.369,107.564,2919726
2022-09-27,109.517,110.32,107.004,108.564,3017197
2022-09-28,107.665,110.534,107.217,110.104,4098843
2022-09-29,108.09,108.294,104.975,106.679,3048900
2022-09-30,105.298,108.018,104.688,104.85,2759288
2022-10-03,106.044,109.689,105.284,108.475,3796962
2022-10-04,111.969,113.699,111.682,113.564,3224580
2022-10-05,111.682,115.65,110.689,114.491,2538963
2022-10-06,114.373,116.478,113.61,114.035,2887871
2022-10-07,110.636,110.949,106.55,107.192,4021798
2022-10-10,106.774,106.903,102.063,103.547,4727107
2022-10-11,101.701,102.645,99.221,100.635,4882718
2022-10-12,100.504,101.037,99.3398,99.6585,3150037
2022-10-13,95.7605,104.415,94.6816,102.527,4976790
2022-10-14,103.962,103.962,97.935,98.2536,3942426
2022-10-17,100.869,101.72,99.5436,100.337,3810496
2022-10-18,103.474,104.152,98.905,100.682,3606310
2022-10-19,99.9649,102.287,99.6552,101.326,3083944
2022-10-20,101.882,105.067,101.375,101.955,3614579
2022-10-21,101.688,106.007,101.244,105.744,3752285
2022-10-24,106.1,106.662,103.721,106.202,3834517
2022-10-25,106.649,109.356,106.477,108.626,2807573
2022-10-26,106.382,110.11,105.86,107.557,4877174
2022-10-27,108.261,109.277,105.511,105.649,3637134
2022-10-28,105.843,109.952,105.57,109.791,4248408
2022-10-31,108.801,109.104,106.85,107.399,2426834
2022-11-01,109.557,109.916,107.616,108.264,2847727
2022-11-02,108.949,110.854,104.708,104.847,3236153
2022-11-03,102.886,105.047,101.806,103.441,3802090
2022-11-04,107.173,108.504,105.685,108.227,4662841
2022-11-07,109.231,110.992,107.804,110.567,3595877
2022-11-08,112.636,114.333,110.712,113.002,3952984
2022-11-09,111.087,111.528,109.221,109.389,3626212
2022-11-10,115.646,121.008,114.682,120.709,5418451
2022-11-11,121.297,125.133,119.908,124.403,6195347
2022-11-14,123.729,125.459,122.998,123.041,3732039
2022-11-15,128.14,128.489,124.889,126.607,4962825
2022-11-16,123.722,123.969,120.614,121.38,4839093
2022-11-17,118.86,122.876,118.647,122.331,4027634
2022-11-18,124.376,124.403,121.278,122.604,3146541
2022-11-21,121.268,121.702,120.189,120.571,1839755
2022-11-22,121.604,124.258,120.584,124.163,3334454
2022-11-23,124.031,126.873,124.015,125.663,3957766
2022-11-25,124.896,125.334,123.988,123.988,1179402
2022-11-28,122.449,123.745,120.054,120.891,3264856
2022-11-29,121.252,121.932,119.686,120.423,1852711
2022-11-30,120.874,127.736,119.748,127.647,4221454
2022-12-01,128.403,128.535,124.962,126.729,4185720
2022-12-02,123.551,125.495,122.919,125.298,3152189
2022-12-05,124.446,125.647,122.594,123.713,2745304
2022-12-06,123.699,123.828,119.887,121.11,2211790
2022-12-07,119.818,121.699,119.591,120.851,2139855
2022-12-08,121.587,124.433,120.778,124.344,2730117
2022-12-09,123.795,125.37,122.752,123.192,1772756
2022-12-12,122.588,125.508,121.958,125.374,2207808
2022-12-13,131.031,131.603,125.931,127.529,4568399
2022-12-14,127.218,128.742,124.147,125.615,4013600
2022-12-15,122.976,123.511,120.136,120.301,3923913
2022-12-16,119.661,120.7,118.212,119.39,2491577
2022-12-19,119.265,119.539,116.696,117.913,2255204
2022-12-20,116.441,118.269,116.177,117.193,2299441
2022-12-21,118.011,120.228,117.784,119.833,2315835
2022-12-22,117.503,117.692,112.568,114.99,5460947
2022-12-23,113.994,115.091,112.832,115.088,2598853
2022-12-27,114.175,114.28,112.489,113.011,3531316
2022-12-28,112.281,113.657,110.889,111.344,2710111
2022-12-29,113.158,115.431,112.74,114.898,3297182
2022-12-30,113.254,114.984,112.436,114.792,2031131
2023-01-03,116.735,116.943,112.984,113.674,2874865
2023-01-04,115.838,117.246,114.501,116.6,3291126
2023-01-05,115.448,116.269,114.445,114.633,2700041
2023-01-06,116.183,120.598,114.613,119.967,4949610
2023-01-09,122.168,124.955,121.389,122.178,4629418
2023-01-10,121.759,123.925,121.125,123.758,2854870
2023-01-11,123.834,125.407,122.792,125.355,2710154
2023-01-12,126.031,127.644,123.428,126.878,3358796
2023-01-13,125.232,127.416,125.077,127.403,2101515
2023-01-17,126.967,128.838,126.371,127.548,3049022
2023-01-18,128.976,129.883,126.832,126.878,3550220
2023-01-19,125.751,125.816,122.919,123.319,3814592
2023-01-20,124.646,127.258,123.378,127.179,3388267
2023-01-23,128.367,134.01,128.162,133.566,5786502
2023-01-24,131.935,133.799,131.754,132.556,2395097
2023-01-25,130.223,133.153,129.224,132.915,3335681
2023-01-26,134.44,135.327,132.216,135.155,3937618
2023-01-27,132.819,135.456,132.477,134.294,4335056
2023-01-30,132.464,133.265,130.623,130.728,4430479
2023-01-31,130.477,133.229,130.352,133.166,3136933
2023-02-01,133.826,141.525,133.706,140.11,7320035
2023-02-02,141.544,144.523,140.74,143.356,7534128
2023-02-03,140.17,143.788,139.813,140.558,5613860
2023-02-06,138.362,140.404,137.655,138.276,2522498
2023-02-07,138.81,143.356,138.461,142.673,3319833
2023-02-08,141.723,142.888,139.279,139.605,3558732
2023-02-09,142.09,143.682,138.926,139.961,3047234
2023-02-10,138.53,138.932,136.237,137.734,2978921
2023-02-13,138.385,140.163,137.177,139.76,2144761
2023-02-14,138.527,142.726,137.488,142.297,3286057
2023-02-15,140.816,142.95,139.776,142.878,2169609
2023-02-16,140.305,141.775,139.147,139.375,3480855
2023-02-17,138.549,138.955,135.96,137.204,3096713
2023-02-21,135.07,136.662,132.503,132.76,2231616
2023-02-22,133.07,134.067,131.325,132.124,2309569
2023-02-23,136.57,137.118,133.79,136.469,4665592
2023-02-24,134.047,134.729,133.017,134.023,2872113
2023-02-27,136.264,136.284,134.683,134.732,2062179
2023-02-28,134.42,137.023,134.129,135.195,1598977
2023-03-01,135.692,136.879,134.696,135.231,1942536
2023-03-02,133.127,136.963,132.094,136.313,3143372
2023-03-03,136.284,138.565,135.258,138.415,2434599
2023-03-06,138.8,139.995,136.479,136.804,2199950
2023-03-07,136.95,137.528,134.819,135.363,1918727
2023-03-08,135.907,139.114,135.907,138.962,2110075
2023-03-09,138.783,140.935,135.991,136.201,3930385
2023-03-10,136.933,137.286,132.935,133.569,3355561
2023-03-13,132.173,135.251,130.791,133.609,3549501
2023-03-14,135.937,138.365,135.291,137.515,2771776
2023-03-15,135.548,136.221,133.037,135.91,3563873
2023-03-16,135.317,141.528,134.726,141.219,3882377
2023-03-17,141.488,142.584,139.578,140.344,2858023
2023-03-20,140.617,142.284,139.457,141.828,2178224
2023-03-21,142.983,144.487,140.001,142.109,2929858
2023-03-22,142.112,145.889,140.661,140.697,3347761
2023-03-23,143.142,146.469,142.007,144.53,4071958
2023-03-24,143.361,143.75,140.585,142.024,3147890
2023-03-27,142.536,142.973,139.864,140.358,1820549
2023-03-28,140.033,140.149,137.183,139.306,2759927
2023-03-29,141.63,144.786,141.366,143.783,3165162
2023-03-30,145.606,147.108,145.118,146.152,2623007
2023-03-31,145.04,147.28,144.806,147.058,2168145
2023-04-03,146.198,146.753,143.985,145.788,1892007
2023-04-04,146.052,146.096,142.269,143.069,2343007
2023-04-05,141.541,141.66,139.104,140.588,3370398
2023-04-06,139.306,140.896,138.228,139.864,1909766
2023-04-10,138.66,142.435,138.44,142.335,1942514
2023-04-11,143.122,143.221,141.317,141.587,1837682
2023-04-12,142.99,143.033,138.862,138.998,2619535
2023-04-13,139.312,140.964,138.198,140.142,3037374
2023-04-14,140.01,141.703,138.4,139.924,1979186
2023-04-17,138.42,140.013,138.003,139.924,2224070
2023-04-18,141.015,142.233,139.465,140.529,2787298
2023-04-19,138.664,139.324,138.14,138.992,1274433
2023-04-20,137.599,140.946,137.461,138.862,2410873
2023-04-21,138.383,138.383,136.63,137.844,2174773
2023-04-24,137.595,138.38,136.3,137.226,2091214
2023-04-25,136.406,136.419,132.53,132.616,2502261
2023-04-26,133.994,134.688,132.643,133.324,1941501
2023-04-27,133.151,134.054,130.496,133.885,3141525
2023-04-28,134.507,136.333,133.911,136.3,2377811
2023-05-01,136.845,137.933,136.489,137.534,1818266
2023-05-02,137.585,138.37,135.218,136.551,2132289
2023-05-03,135.783,137.421,134.884,134.983,2545374
2023-05-04,133.915,135.38,133.022,134.226,2119323
2023-05-05,134.391,137.788,133.713,137.212,1632334
2023-05-08,137.06,137.887,135.922,137.791,1376836
2023-05-09,135.833,136.015,134.894,135.447,2367645
2023-05-10,136.967,137.794,135.503,136.825,2788668
2023-05-11,136.865,137.159,134.639,135.929,1869314
2023-05-12,136.415,136.981,134.524,135.803,1394299
2023-05-15,136.191,139.517,135.79,139.491,1813422
2023-05-16,139.038,140.813,139.038,139.23,2064094
2023-05-17,140.502,143.218,139.623,142.669,2001707
2023-05-18,143.304,147.533,143.198,147.177,3456388
2023-05-19,146.747,147.081,145.503,146.419,2900499
2023-05-22,145.1,147.313,145.037,146.925,2317880
2023-05-23,145.94,146.902,144.789,145.11,1565584
2023-05-24,142.19,143.109,141.008,142.513,4375261
2023-05-25,149.065,152.588,147.447,152.005,13076742
2023-05-26,154.323,162.773,154.27,161.94,8074451
2023-05-30,165.687,166.355,161.145,161.804,7924894
2023-05-31,159.07,161.258,157.578,157.65,5401548
2023-06-01,158.613,161.731,156.989,160.362,7401768
2023-06-02,161.586,162.048,158.821,159.986,3345425
2023-06-05,159.399,159.489,156.701,157.508,2732368
2023-06-06,156.397,160.182,156.158,159.409,3261484
2023-06-07,160.463,162.722,158.814,159.174,3932087
2023-06-08,159.642,161.201,158.821,160.804,2745445
2023-06-09,162.626,163.727,160.47,161.228,2536086
2023-06-12,163.118,166.58,162.92,166.421,2664822
2023-06-13,169.096,169.742,166.732,168.649,4191649
2023-06-14,168.02,171.126,167.039,171.043,8556179
2023-06-15,169.073,170.881,168.414,169.63,6604287
2023-06-16,171.338,171.355,167.822,168.063,4989025
2023-06-20,167.291,168.762,165.235,166.702,2037684
2023-06-21,165.656,166.483,162.45,162.639,4155509
2023-06-22,161.532,164.075,161.311,163.397,3681123
2023-06-23,160.765,161.539,159.788,160.519,2070865
2023-06-26,162.863,164.125,161.033,161.04,2450716
2023-06-27,161.606,166.946,160.993,166.666,2781871
2023-06-28,163.977,166.782,163.798,165.381,2931419
2023-06-29,166.053,166.169,164.056,165.427,1685554
2023-06-30,167.248,168.656,166.652,167.983,1628938
2023-07-03,168.756,169.884,167.616,169.477,814784
2023-07-05,168.344,168.693,165.679,165.732,2841296
2023-07-06,162.917,163.917,161.579,163.642,3477269
2023-07-07,163.95,166.314,163.447,163.712,1836367
2023-07-10,164.225,167.265,164.059,167.119,1845529
2023-07-11,167.699,168.003,164.715,167.125,2386121
2023-07-12,169.543,170.547,168.587,170.239,4297824
2023-07-13,172.043,174.15,171.381,173.756,2809613
2023-07-14,173.775,175.332,170.874,171.584,5158584
2023-07-17,171.647,176.557,170.59,175.69,2948103
2023-07-18,174.934,176.594,173.564,176.014,2686844
2023-07-19,176.243,176.369,173.491,173.924,2499626
2023-07-20,170.822,171.414,166.838,167.6,5118884
2023-07-21,169.424,170.693,168.165,169.113,2544324
2023-07-24,169.109,170.308,168.229,169.106,1554496
2023-07-25,170.083,172.974,170.083,171.951,1881472
2023-07-26,169.805,171.01,167.722,169.577,2636032
2023-07-27,173.987,176.379,171.799,172.766,3851618
2023-07-28,176.057,177.137,174.335,176.538,2840894
2023-07-31,177.183,177.792,176.173,177.269,1639884
2023-08-01,175.647,177.755,175.103,177.382,1364678
2023-08-02,175.13,175.175,169.577,170.593,4711209
2023-08-03,168.55,171.385,167.92,170.156,4396037
2023-08-04,169.54,172.249,168.016,169.887,4166452
2023-08-07,171.11,171.894,170.07,171.676,2277871
2023-08-08,168.993,169.136,166.679,168.944,2785555
2023-08-09,168.828,168.894,165.51,165.845,3249110
2023-08-10,167.169,168.944,164.052,165.175,3856616
2023-08-11,163.148,163.261,160.88,161.171,3907912
2023-08-14,160.552,165.861,160.0,165.821,3147750
2023-08-15,164.963,165.493,162.864,163.052,2291952
2023-08-16,162.877,163.039,159.771,159.897,2858780
2023-08-17,160.194,160.556,157.834,158.333,2641591
2023-08-18,156.608,159.754,156.28,159.184,2330915
2023-08-21,159.937,163.999,159.681,163.758,2776028
2023-08-22,165.762,165.963,161.761,162.314,2070119
2023-08-23,161.377,166.215,161.194,165.632,3047321
2023-08-24,168.759,168.848,159.794,160.158,4880445
2023-08-25,160.118,162.224,157.632,160.848,3458689
2023-08-28,162.43,163.334,161.224,162.884,1700809
2023-08-29,162.069,167.712,161.834,167.162,2747788
2023-08-30,166.662,168.639,165.47,167.95,3094090
2023-08-31,167.344,170.085,167.344,169.113,2122973
2023-09-01,170.242,170.63,168.328,169.553,1904156
2023-09-05,168.954,170.825,168.046,169.497,1883483
2023-09-06,169.023,170.142,166.381,168.272,2021393
2023-09-07,164.41,164.891,162.347,164.42,3903083
2023-09-08,164.072,165.264,162.887,163.569,1342498
2023-09-11,165.622,165.652,161.271,163.476,1432579
2023-09-12,162.397,164.855,161.974,162.088,1731940
2023-09-13,162.042,164.566,161.871,162.92,2946949
2023-09-14,164.5,164.775,162.533,164.085,2035308
2023-09-15,163.112,163.112,158.542,159.35,2920035
2023-09-18,158.128,160.48,157.807,159.894,1734609
2023-09-19,159.416,159.502,157.701,158.545,1563975
2023-09-20,159.267,159.937,155.89,155.943,2137781
2023-09-21,154.082,155.062,152.996,153.065,2556689
2023-09-22,154.522,155.88,153.734,154.339,2411629
2023-09-25,153.618,155.612,152.906,155.469,1598327
2023-09-26,154.204,154.597,151.968,152.646,2356090
2023-09-27,153.896,155.152,151.702,153.992,2735387
2023-09-28,153.673,158.498,153.039,156.844,3685330
2023-09-29,159.113,159.688,156.927,157.412,2810970
2023-10-02,157.754,159.452,156.288,158.206,2473873
2023-10-03,156.734,158.934,153.839,154.933,2693821
2023-10-04,155.687,157.462,154.55,156.99,3290142
2023-10-05,157.03,157.635,154.786,156.228,1908672
2023-10-06,155.424,160.363,154.397,159.585,3830126
2023-10-09,157.871,159.635,156.701,159.186,2088103
2023-10-10,159.682,162.663,159.024,161.227,1868739
2023-10-11,161.779,162.768,160.508,162.44,2992042
2023-10-12,162.709,165.192,161.287,162.856,3061047
2023-10-13,163.181,163.371,158.116,158.422,2552911
2023-10-16,158.958,161.26,158.801,160.666,1737596
2023-10-17,157.458,160.629,155.644,159.492,2457824
2023-10-18,156.767,157.961,155.79,156.618,2874336
2023-10-19,158.044,158.469,153.65,154.204,4411576
2023-10-20,154.194,155.28,151.699,151.975,3022339
2023-10-23,151.074,153.713,149.469,151.111,2854748
2023-10-24,152.032,153.46,151.316,153.162,2240099
2023-10-25,151.138,151.646,146.199,146.97,3254049
2023-10-26,147.621,149.349,145.434,146.096,4521461
2023-10-27,148.17,149.064,146.993,147.668,2444343
2023-10-30,146.614,147.554,144.109,145.69,2751272
2023-10-31,145.817,147.401,143.972,147.023,1917873
2023-11-01,147.04,150.619,147.04,150.482,3552733
2023-11-02,153.47,155.003,151.898,153.903,2734765
2023-11-03,155.607,159.093,155.318,157.947,2334241
2023-11-06,158.202,158.642,156.162,157.654,1745100
2023-11-07,157.308,159.352,157.067,158.658,1560947
2023-11-08,158.808,159.562,157.721,158.818,2240629
2023-11-09,159.855,161.754,157.738,158.057,2390314
2023-11-10,160.038,164.943,159.376,164.431,2237304
2023-11-13,163.138,163.387,161.769,162.829,1961879
2023-11-14,166.946,169.353,166.658,168.851,2773520
2023-11-15,169.901,171.347,168.795,170.077,5120605
2023-11-16,169.363,170.666,168.791,170.16,2282397
2023-11-17,169.632,171.689,169.353,171.357,1821146
2023-11-20,171.17,174.478,171.114,173.882,1490678
2023-11-21,172.457,172.457,169.755,170.633,3027536
2023-11-22,171.773,173.882,170.699,171.177,2050515
2023-11-24,171.167,171.493,170.564,171.3,518030
2023-11-27,170.666,172.513,170.24,171.061,1822347
2023-11-28,170.08,170.961,168.695,170.06,1857877
2023-11-29,172.469,174.488,171.616,171.905,3676737
2023-11-30,172.174,172.347,169.329,170.706,2426626
2023-12-01,169.822,171.825,168.495,171.506,1724765
2023-12-04,169.759,169.929,167.139,169.586,1815956
2023-12-05,167.96,169.07,167.222,168.622,2576128
2023-12-06,171.071,171.167,167.385,167.582,2691510
2023-12-07,169.16,172.607,168.485,172.074,1922344
2023-12-08,171.669,174.191,171.596,173.434,4219880
2023-12-11,175.059,179.908,174.872,179.35,3988901
2023-12-12,178.446,180.668,178.13,180.642,2233260
2023-12-13,180.668,184.471,179.997,183.424,5742069
2023-12-14,184.906,189.041,184.906,188.508,3382377
2023-12-15,189.06,191.337,188.801,189.21,3967922
2023-12-18,189.207,189.519,186.967,188.685,2278876
2023-12-19,188.954,190.075,188.714,189.692,1916456
2023-12-20,188.275,189.37,184.069,184.069,3359329
2023-12-21,188.048,189.509,187.172,189.164,2591890
2023-12-22,190.066,190.905,188.418,189.769,2365946
2023-12-26,190.637,193.889,190.637,193.123,1908399
2023-12-27,194.005,194.334,192.55,193.619,1879257
2023-12-28,194.069,194.438,193.003,193.256,1054057
2023-12-29,193.296,193.682,190.805,191.837,1453849
2024-01-02,188.59,188.59,183.356,184.928,3260015
2024-01-03,181.657,182.686,180.238,180.955,4074047
2024-01-04,178.098,181.258,177.698,179.434,3741028
2024-01-05,179.769,182.014,179.202,180.429,3893307
2024-01-08,181.694,186.792,181.621,186.307,3205473
2024-01-09,184.205,187.801,183.929,186.37,2947261
2024-01-10,186.792,186.832,183.396,185.743,2824535
2024-01-11,186.007,187.641,182.786,186.43,3695850
2024-01-12,186.679,187.585,184.708,185.607,2279367
2024-01-16,185.837,189.509,184.881,188.238,4155616
2024-01-17,186.317,186.732,183.35,186.512,4975963
2024-01-18,191.691,192.923,189.616,192.67,3555712
2024-01-19,195.098,200.465,194.105,200.205,5332268
2024-01-22,201.864,203.485,199.02,200.862,5293819
2024-01-23,200.935,202.435,199.027,202.193,3285409
2024-01-24,204.528,207.865,202.926,205.137,6290305
2024-01-25,208.914,209.049,203.535,204.568,3920932
2024-01-26,200.382,201.744,198.364,199.054,5787241
2024-01-29,199.446,201.125,197.988,201.125,3471079
2024-01-30,199.923,201.148,197.192,198.018,3062251
2024-01-31,194.941,198.72,193.409,195.151,6580882
2024-02-01,195.94,196.602,193.547,196.117,3467644
2024-02-02,196.11,199.08,195.577,198.62,4805996
2024-02-05,200.315,202.336,198.108,201.334,4739988
2024-02-06,201.904,202.061,196.752,198.987,3627602
2024-02-07,200.395,202.221,198.31,202.031,4844369
2024-02-08,202.666,206.989,202.59,205.503,2763606
2024-02-09,206.756,209.929,205.54,209.596,3523029
2024-02-12,209.619,213.087,208.374,209.216,4304400
2024-02-13,203.149,207.135,202.161,204.918,6558037
2024-02-14,207.545,209.653,206.642,209.546,3239687
2024-02-15,210.908,211.164,208.417,209.346,2848346
2024-02-16,210.918,212.533,207.543,208.16,4107750
2024-02-20,206.209,206.949,201.504,204.658,5553257
2024-02-21,202.343,204.238,201.274,204.188,4492121
2024-02-22,212.226,215.407,211.287,214.251,6683199
2024-02-23,215.33,216.439,210.812,211.941,5110374
2024-02-26,214.078,214.987,212.543,214.031,3762773
2024-02-27,215.063,215.613,213.265,213.819,4565540
2024-02-28,211.451,212.543,210.422,211.414,2926690
2024-02-29,214.034,217.578,213.364,217.141,3386351
2024-03-01,219.653,227.358,219.403,226.382,6129140
2024-03-04,228.893,231.107,227.345,228.606,7335945
2024-03-05,225.842,227.411,221.667,224.124,7267487
2024-03-06,228.793,232.046,227.081,229.632,5537329
2024-03-07,232.552,238.461,232.413,237.507,4804541
2024-03-08,238.307,239.765,227.737,227.897,10493741
2024-03-11,225.27,226.559,222.293,224.87,4504374
2024-03-12,227.747,229.655,223.761,229.536,3602085
2024-03-13,226.818,227.138,222.583,223.941,3267923
2024-03-14,223.342,224.611,217.897,220.115,4666854
2024-03-15,217.178,221.144,216.878,218.537,4109493
2024-03-18,222.273,223.112,218.147,218.367,3146467
2024-03-19,215.525,217.468,212.437,216.539,3562332
2024-03-20,217.058,220.804,215.31,220.225,3390027
2024-03-21,227.37,229.28,224.76,225.18,4059795
2024-03-22,224.16,227.1,223.45,225.45,2658907
2024-03-25,222.25,226.61,221.71,224.57,2283509
2024-03-26,226.19,226.88,222.83,222.88,4414209
2024-03-27,225.39,225.76,221.4,225.68,4161724
2024-03-28,225.42,227.0,224.91,225.92,1794250
2024-04-01,226.06,231.45,226.06,228.3,3000859
2024-04-02,224.54,225.26,222.4,224.78,2383542
2024-04-03,222.17,226.9868,222.14,225.41,1860588
2024-04-04,228.51,229.17,218.56,219.03,3743961
2024-04-05,220.0,223.0,218.5825,221.63,2428251
2024-04-08,222.94,224.11,221.31,222.2,1866884
2024-04-09,224.44,225.3,220.755,224.59,3173009
2024-04-10,220.84,223.425,219.225,220.49,3610492
2024-04-11,221.88,225.87,220.06,225.47,2455324
2024-04-12,221.49,221.76,217.64,218.07,3210362
2024-04-15,221.05,221.86,214.24,215.31,3170838
2024-04-16,215.4,218.0,214.51,216.94,2452334
2024-04-17,217.1,217.44,209.9,210.36,4798630
2024-04-18,208.86,210.23,205.97,206.63,5372719
2024-04-19,204.8,206.12,197.43,198.47,6399899
2024-04-22,200.44,203.11,198.02,201.66,4493791
2024-04-23,203.05,206.86,202.5,205.87,3645360
2024-04-24,211.38,212.5,206.74,208.54,4077580
2024-04-25,208.04,213.83,206.93,212.41,3902877
2024-04-26,212.15,217.82,211.66,216.9,3812628
2024-04-29,216.52,218.76,214.97,218.55,3247287
2024-04-30,217.6,220.0,213.93,213.99,3583507
2024-05-01,210.01,213.84,205.59,206.76,7023235
2024-05-02,210.3,212.16,206.52,211.41,3955489
2024-05-03,215.85,217.41,214.48,216.17,3467130
2024-05-06,218.01,220.68,217.16,220.66,2441528
2024-05-07,220.98,221.57,218.71,218.71,2859521
2024-05-08,216.6,219.13,216.37,218.92,3212177
2024-05-09,218.93,219.34,217.06,218.1,1874296
2024-05-10,220.49,222.42,219.27,220.24,3079201
2024-05-13,221.2,222.08,220.33,220.7,1843208
2024-05-14,220.53,224.56,220.32,224.37,2149424
2024-05-15,226.75,230.82,225.5,230.67,3106213
2024-05-16,230.62,232.44,229.46,229.54,2878408
2024-05-17,231.0,231.4,226.42,228.24,1806075
2024-05-20,229.27,234.72,228.845,233.26,2555314
2024-05-21,230.18,232.8943,230.07,232.51,2178896
2024-05-22,234.67,235.85,232.805,235.24,3488522
2024-05-23,240.83,240.92,232.16,233.92,4704798
2024-05-24,236.04,239.35,235.0,238.56,2450116
2024-05-28,241.35,243.63,238.8469,242.59,2824235
2024-05-29,238.13,239.18,237.2615,237.58,2061105
2024-05-30,237.65,238.33,234.69,235.93,1541145
2024-05-31,236.78,237.355,227.5,234.01,2991016
2024-06-03,237.8,237.9476,230.2,234.39,1815875
2024-06-04,234.0,234.36,230.79,232.56,2246862
2024-06-05,236.7,242.89,235.86,242.73,3749406
2024-06-06,242.97,242.97,238.94,240.74,2261298
2024-06-07,240.84,241.55,238.35,240.02,2052693
2024-06-10,238.16,244.17,237.825,243.48,1828521
2024-06-11,241.9,243.71,239.5,243.37,1662086
2024-06-12,247.7,251.1636,247.17,250.23,3101590
2024-06-13,252.06,254.08,249.51,252.95,3469394
2024-06-14,250.8,252.78,249.73,252.04,2567611
2024-06-17,253.73,256.5,250.615,256.02,3057939
2024-06-18,257.0,260.65,256.49,259.28,3071501
2024-06-20,259.66,260.12,250.82,252.24,3921475
2024-06-21,250.14,252.69,246.94,249.78,3196187
2024-06-24,247.53,249.04,242.52,242.65,3958339
2024-06-25,244.6,246.52,241.7854,246.38,2600572
2024-06-26,246.21,247.66,242.71,245.42,1933758
2024-06-27,244.94,246.7475,242.7,244.16,2363557
2024-06-28,245.85,251.46,244.67,246.63,3851382
2024-07-01,246.49,246.91,241.97,246.62,2330411
2024-07-02,245.2,250.17,245.0,250.09,1617362
2024-07-03,250.72,255.58,249.38,254.26,1392246
2024-07-05,256.28,256.825,253.28,254.76,1823851
2024-07-08,256.71,259.9,256.69,259.59,2295490
2024-07-09,260.75,262.08,257.13,259.47,2376280
2024-07-10,261.874,265.9998,260.58,265.49,3075771
2024-07-11,267.15,267.24,255.97,256.76,4695206
2024-07-12,257.84,264.42,256.56,259.89,2929608
2024-07-15,261.35,263.63,258.59,260.18,3202168
2024-07-16,261.53,262.14,257.59,261.79,2595071
2024-07-17,252.745,253.66,242.78,243.17,9101641
2024-07-18,247.41,247.52,239.65,243.9,5273993
2024-07-19,243.56,243.7,236.04,236.44,4983515
2024-07-22,241.52,246.4392,239.5,246.24,4941710
2024-07-23,242.89,245.08,241.84,242.57,2418663
2024-07-24,239.26,239.89,229.35,229.67,5738900
2024-07-25,227.71,232.055,220.63,224.55,8437613
2024-07-26,229.67,231.2073,226.9075,229.37,3805615
2024-07-29,231.6,234.83,228.03,228.89,2926807
2024-07-30,230.0,230.56,219.82,220.58,8083544
2024-07-31,230.72,235.6,228.97,235.38,7494101
2024-08-01,231.4,233.21,215.59,218.42,8576306
2024-08-02,209.06,211.45,204.21,206.81,13105442
2024-08-05,193.09,208.68,192.87,203.16,9247089
2024-08-06,205.06,210.48,201.74,205.0,6602315
2024-08-07,211.5,213.18,198.85,199.29,5292535
2024-08-08,205.47,213.26,201.24,213.04,6243205
2024-08-09,211.49,213.675,208.75,211.78,3454505
2024-08-12,212.1,215.55,210.3,213.0,4365247
2024-08-13,215.99,221.98,214.67,221.65,4525401
2024-08-14,223.65,224.54,217.49,221.09,3769879
2024-08-15,226.07,232.62,225.04,231.72,4332066
2024-08-16,229.59,232.22,228.03,231.23,3966086
2024-08-19,230.33,235.2,227.66,235.16,2197772
2024-08-20,233.95,235.55,230.27,232.05,2587659
2024-08-21,233.21,236.51,232.64,235.34,1832242
2024-08-22,236.7,237.5,226.62,227.3,2969554
2024-08-23,230.92,235.0,229.7,233.39,3452909
2024-08-26,232.47,233.21,226.7,227.53,2148184
2024-08-27,225.88,230.812,223.81,230.05,2024724
2024-08-28,229.09,230.7,223.62,225.9,3480004
2024-08-29,227.1,231.02,224.21,225.25,4084564
2024-08-30,230.56,231.75,227.28,231.14,3249708
2024-09-03,226.8,226.83,212.28,213.5,7214274
2024-09-04,211.11,217.49,210.52,214.2,4435768
2024-09-05,211.2,216.38,210.86,213.05,3988332
2024-09-06,211.45,211.61,202.86,203.93,5596274
2024-09-09,207.24,208.68,204.56,207.96,4078571
2024-09-10,208.34,210.38,204.96,210.15,2390615
2024-09-11,211.59,220.34,207.17,219.91,6521352
2024-09-12,218.7,220.97,215.625,218.94,4739645
2024-09-13,220.85,223.45,220.32,222.85,5267972
2024-09-16,219.67,221.0,217.04,219.88,2469826
2024-09-17,222.65,223.17,218.23,220.15,2304065
2024-09-18,221.18,224.21,217.5,217.72,4671939
2024-09-19,225.97,230.06,224.16,226.99,4624651
2024-09-20,224.71,225.57,220.44,223.67,4550812
2024-09-23,224.75,225.55,222.95,224.54,2454242
2024-09-24,226.55,228.63,223.97,227.26,4314726
2024-09-25,225.98,229.77,225.85,228.27,2191237
2024-09-26,237.72,238.38,230.29,236.43,5537381
2024-09-27,237.15,237.18,231.47,232.68,2303594
2024-09-30,229.79,232.11,227.3,230.59,2694896
2024-10-01,230.5,231.2,222.33,224.13,3926494
2024-10-02,224.57,229.65,223.26,227.15,1762086
2024-10-03,225.36,230.83,225.21,227.96,2110717
2024-10-04,232.49,232.88,228.385,231.08,2686621
2024-10-07,229.6,232.26,228.775,230.45,2006777
2024-10-08,230.45,233.54,228.94,232.72,2508524
2024-10-09,232.49,235.48,230.88,235.15,2019084
2024-10-10,231.99,234.79,230.65,233.5,1886504
2024-10-11,231.79,236.19,231.672,235.46,4572949
2024-10-14,236.96,240.29,236.8101,239.8,2142457
2024-10-15,239.24,240.47,225.72,227.36,6421198
2024-10-16,230.12,230.12,226.405,227.36,3776554
2024-10-17,233.3,233.87,229.15,229.15,2407756
2024-10-18,231.3,231.31,228.42,229.36,1643661
2024-10-21,228.44,229.54,225.98,228.93,2034318
2024-10-22,227.68,228.81,226.28,228.08,2476371
2024-10-23,227.65,228.51,222.87,226.04,2259997
2024-10-24,228.07,228.21,225.58,227.3,2247889
2024-10-25,229.45,233.07,229.3701,229.58,2209641
2024-10-28,229.5,231.305,228.37,229.72,1508521
2024-10-29,229.92,236.455,228.86,235.37,3135032
2024-10-30,229.29,230.74,226.98,227.07,4324391
2024-10-31,224.9,224.99,216.56,218.26,6120820
2024-11-01,220.02,222.76,219.31,220.58,2130522
2024-11-04,219.93,222.46,218.5,219.31,1727676
2024-11-05,219.41,222.07,219.14,221.87,2273746
2024-11-06,226.36,229.17,224.31,228.34,3643965
2024-11-07,231.83,233.405,231.317,233.1,3154591
2024-11-08,231.83,233.19,230.14,231.36,1769237
2024-11-11,229.18,229.18,222.78,225.57,4250375
2024-11-12,224.78,225.15,220.15,223.11,3259697
2024-11-13,221.5,222.13,217.973,218.37,3057482
2024-11-14,220.5,221.365,217.84,218.24,2523582
2024-11-15,214.57,215.67,210.585,211.21,4748178
2024-11-18,211.15,214.33,210.24,213.94,2444116
2024-11-19,213.33,214.81,212.466,214.35,2363416
2024-11-20,213.07,213.68,209.65,212.71,3995002
2024-11-21,215.05,217.26,210.895,216.08,4245358
2024-11-22,215.62,216.7,214.56,216.17,2672597
2024-11-25,218.97,220.3,216.88,218.28,2787692
2024-11-26,220.0,220.59,213.77,215.45,2783854
2024-11-27,214.25,214.41,208.89,212.56,3122325
2024-11-29,214.12,218.02,214.08,215.4,2505319
2024-12-02,216.7,222.47,216.519,221.06,3706952
2024-12-03,219.65,221.06,219.0211,219.81,1914917
2024-12-04,224.15,224.32,221.14,222.72,2681217
2024-12-05,222.33,222.66,217.89,218.51,2421990
2024-12-06,218.6,220.375,218.0,219.83,1823118
2024-12-09,218.5,221.54,217.38,218.77,1574785
2024-12-10,219.43,219.575,212.19,213.57,2566552
2024-12-11,216.73,220.23,215.4,218.94,3233876
2024-12-12,217.39,218.18,215.46,217.24,2680182
2024-12-13,222.3,224.66,220.01,223.3,3720995
2024-12-16,224.01,228.58,222.39,227.44,4773986
2024-12-17,224.84,226.179,222.56,223.87,2397293
2024-12-18,225.35,227.1586,213.95,215.59,4425962
2024-12-19,216.09,216.56,211.45,211.97,3255705
2024-12-20,210.81,217.78,210.3,214.82,4681123
2024-12-23,216.47,221.6,216.47,221.32,3044278
2024-12-24,222.78,223.68,221.345,223.6,1252261
2024-12-26,221.98,224.95,221.69,223.53,1306310
2024-12-27,222.19,222.72,218.85,221.64,1932951
2024-12-30,217.84,219.31,215.67,217.28,2566907
2024-12-31,217.93,218.82,214.64,215.49,1354488
2025-01-02,217.68,220.22,214.96,216.82,2409284
2025-01-03,218.25,223.04,217.96,222.47,2624311
2025-01-06,227.26,231.8,227.26,228.91,4176463
2025-01-07,231.7,231.89,224.56,225.79,3694760
2025-01-08,225.05,225.46,221.11,223.54,3141824
2025-01-10,220.74,220.88,216.78,218.2,4037986
2025-01-13,213.85,217.84,213.66,217.53,2309950
2025-01-14,219.35,220.75,216.121,218.96,1492750
2025-01-15,222.48,224.65,221.67,223.21,2900152
2025-01-16,227.25,227.79,223.53,223.54,3029480
2025-01-17,228.58,230.32,227.3591,229.74,3785506
2025-01-21,231.81,234.58,229.8,232.45,3201458
2025-01-22,234.83,238.34,234.32,235.81,3461054
2025-01-23,232.03,235.38,231.18,235.37,2567085
2025-01-24,235.475,235.475,229.71,230.64,2229926
2025-01-27,219.0,219.61,209.74,212.55,16943563
2025-01-28,213.62,214.77,208.98,213.5,9118291
2025-01-29,215.56,216.18,212.15,214.38,2430750
2025-01-30,217.01,219.99,215.76,218.74,4653826
2025-01-31,219.99,224.29,217.47,218.13,3870302
2025-02-03,212.39,216.85,210.96,214.2,3646784
2025-02-04,213.72,217.27,213.425,216.4,3742276
2025-02-05,215.83,221.04,214.48,220.59,2200543
2025-02-06,219.05,220.7,217.88,220.3,3111652
2025-02-07,220.81,222.08,215.39,216.87,3297641
2025-02-10,218.45,220.25,218.42,219.7,2698566
2025-02-11,217.89,221.17,217.89,219.9,1550036
2025-02-12,216.44,220.22,215.95,220.14,2017516
2025-02-13,219.95,222.99,219.885,222.84,2546770
2025-02-14,222.82,223.77,221.92,223.07,1566517
2025-02-18,224.7,227.47,223.47,226.76,3605031
2025-02-19,227.15,231.62,226.26,230.53,2635670
2025-02-20,231.995,233.44,228.75,231.07,2642349
2025-02-21,231.76,231.85,223.13,223.98,2946986
2025-02-24,224.97,225.34,218.54,218.67,3372810
2025-02-25,218.45,219.2225,213.58,214.21,3514151
2025-02-26,216.95,219.8,215.58,217.94,2562568
2025-02-27,219.18,219.5,204.92,205.25,4349108
2025-02-28,205.37,210.05,203.12,208.52,3722143
2025-03-03,211.51,211.65,199.32,201.15,5067773
2025-03-04,200.8,207.62,196.7,202.27,5487928
2025-03-05,204.54,207.29,200.57,206.63,3312542
2025-03-06,199.58,203.72,197.33,198.04,5088703
2025-03-07,198.8,204.54,196.48,203.85,3713680
2025-03-10,198.82,200.28,191.5608,194.42,5410827
2025-03-11,194.52,196.31,189.11,192.12,3776566
2025-03-12,196.7,198.69,194.32,196.08,3143006
2025-03-13,196.07,199.24,193.18,195.1,2504164
2025-03-14,198.5,201.705,198.32,201.12,3696844
2025-03-17,200.31,206.26,200.21,204.44,2743139
2025-03-18,202.11,203.05,200.18,201.47,2470833
2025-03-19,201.495,206.43,200.0,203.11,2330806
2025-03-20,200.52,203.72,200.36,201.49,2265887
2025-03-21,197.94,200.14,196.37,199.38,2873367
2025-03-24,203.57,206.66,203.33,205.3,3947023
2025-03-25,205.05,205.71,203.56,204.19,1419149
2025-03-26,203.22,204.06,196.44,198.47,3693809
2025-03-27,195.87,197.04,193.38,194.56,3545897
2025-03-28,193.29,194.24,187.44,188.68,4122301
2025-03-31,184.7,188.3,182.12,188.17,3843006
2025-04-01,187.45,188.34,183.8,188.27,3108828
2025-04-02,185.39,192.02,184.73,189.48,2784763
2025-04-03,179.75,181.14,169.99,170.36,9982623
2025-04-04,163.92,165.765,154.61,157.63,13988416
2025-04-07,152.03,170.42,148.31,161.27,18686463
2025-04-08,167.64,169.85,151.11,154.86,11023304
2025-04-09,156.1,185.56,154.94,183.62,23539516
2025-04-10,174.56,175.65,162.39,168.61,14499042
2025-04-11,166.975,173.11,164.42,172.26,9890868
2025-04-14,177.55,177.55,170.79,173.4,5657369
2025-04-15,174.32,176.625,173.25,174.11,3201102
2025-04-16,166.33,169.58,161.83,167.39,10204993
2025-04-17,168.57,168.75,164.81,166.55,4920975
2025-04-21,163.14,163.9,160.26,163.64,4769663
2025-04-22,165.23,168.02,164.62,166.82,4995995
2025-04-23,175.25,177.14,172.35,173.07,7323834
2025-04-24,177.8,183.56,176.54,183.03,6873428
2025-04-25,181.2,186.12,180.66,184.81,4224852
2025-04-28,183.89,185.76,180.44,184.48,2875390
2025-04-29,182.24,184.54,181.2516,182.51,3526968
2025-04-30,178.0,184.38,176.7686,183.84,3580528
2025-05-01,186.0,187.35,183.47,183.59,3997602
2025-05-02,187.95,191.87,187.83,190.03,4581424
2025-05-05,188.19,190.46,187.925,188.57,3323225
2025-05-06,185.26,188.25,184.268,186.77,2844559
2025-05-07,186.58,190.58,184.81,190.04,3002722
2025-05-08,192.51,195.035,190.47,191.74,3457666
2025-05-09,194.475,195.63,192.28,193.94,2808480
2025-05-12,206.8,209.39,204.99,207.87,10675629
2025-05-13,208.7,214.82,208.41,213.76,5693582
2025-05-14,215.21,216.7,213.21,214.79,4162837
2025-05-15,212.69,215.0,210.91,213.41,4216879
2025-05-16,213.56,213.56,210.68,213.13,2521507
2025-05-19,208.22,212.39,208.17,211.85,5334720
2025-05-20,210.04,211.62,209.41,211.54,2968043
2025-05-21,209.75,213.9,206.35,207.67,5007748
2025-05-22,207.525,209.47,205.58,205.75,5397309
2025-05-23,200.47,203.66,199.93,202.56,9527915
2025-05-27,206.96,210.23,205.27,209.29,6057596
2025-05-28,209.84,210.46,207.75,208.24,6769206
2025-05-29,213.025,213.17,207.75,209.09,8602757
2025-05-30,207.815,207.87,201.115,204.94,10781006
2025-06-02,204.42,208.83,204.29,208.03,6034911
2025-06-03,208.145,214.14,206.71,213.62,8905096
2025-06-04,215.39,217.62,213.54,216.8,7339525
2025-06-05,218.47,220.28,214.41,215.89,10944227
2025-06-06,218.0,220.23,217.21,217.34,7582517
2025-06-09,219.325,224.41,219.13,222.46,7712015
2025-06-10,223.54,228.08,222.99,227.32,7676150
2025-06-11,228.9,229.8,224.27,226.56,10405605
2025-06-12,224.94,228.0,224.6,226.87,5149168
2025-06-13,221.99,224.58,220.3,220.96,10484576
2025-06-16,223.585,228.58,223.24,227.44,5772471
2025-06-17,226.45,229.64,225.48,225.64,7290018
2025-06-18,226.85,229.19,225.1,226.56,6657644
2025-06-20,228.79,229.08,222.16,225.11,8202267
2025-06-23,225.015,227.89,221.86,226.51,7115093
2025-06-24,230.57,235.36,230.46,235.1,7017460
2025-06-25,236.66,237.24,234.8,237.21,5252506
2025-06-26,239.035,239.65,237.18,239.07,4350082
2025-06-27,239.31,241.2338,236.37,238.86,4520463
2025-06-30,240.165,240.165,237.56,238.7,4925307
2025-07-01,236.7,239.18,234.08,237.62,10892948
2025-07-02,237.09,243.12,237.0,242.14,5978978
2025-07-03,243.15,244.198,242.7,243.34,3069405
2025-07-07,241.29,242.13,237.75,238.78,4859190
2025-07-08,241.06,245.4,240.11,243.34,7276223
2025-07-09,244.01,246.53,241.88,244.12,4415318
2025-07-10,246.415,247.52,244.2701,246.55,4869235
2025-07-11,245.01,247.0695,244.055,246.17,2649556
2025-07-14,244.15,244.735,240.35,243.83,5522611
2025-07-15,248.79,249.96,246.1,246.26,6042060
2025-07-16,244.28,245.67,239.215,245.59,8348922
2025-07-17,245.535,247.13,243.905,246.53,4801141
2025-07-18,247.95,248.37,244.88,246.73,3758820
2025-07-21,247.355,250.19,246.95,246.95,4672569
2025-07-22,246.04,246.5,240.69,243.54,6870965
2025-07-23,241.715,242.4,239.06,242.06,5952646
2025-07-24,241.59,242.09,239.46,241.56,4166836
2025-07-25,240.1,241.67,239.0963,241.54,3511499
2025-07-28,244.21,246.0,243.91,245.75,6432959
2025-07-29,247.29,249.53,244.5,246.19,5299739
2025-07-30,248.36,249.5,245.87,247.95,5300502
2025-07-31,245.04,245.2946,237.66,240.03,9419309
2025-08-01,235.505,239.61,232.33,237.24,8549045
2025-08-04,238.76,240.855,237.77,240.4,6189549
2025-08-05,241.76,242.45,235.88,238.73,5149748
2025-08-06,236.56,237.46,233.67,236.93,4966506
2025-08-07,242.04,243.37,238.89,240.84,6073447
2025-08-08,241.005,243.18,240.29,242.87,5301269
2025-08-11,243.78,246.51,241.95,242.41,4127866
2025-08-12,244.24,250.38,242.71,250.16,10096074
2025-08-13,252.133,254.1,251.04,253.88,6022389
2025-08-14,250.36,255.06,250.05,254.14,5315659
2025-08-15,252.19,252.27,247.62,248.32,6840108
2025-08-18,247.54,249.34,247.48,249.05,4978214
2025-08-19,249.07,250.04,244.72,245.15,3508013
2025-08-20,244.635,244.635,237.1,243.74,9423054
2025-08-21,242.47,244.12,241.0,242.36,4581134
2025-08-22,243.12,251.99,242.44,249.09,6527739
2025-08-25,248.85,249.63,247.27,248.51,3654369
2025-08-26,249.57,251.61,249.51,250.85,3762018
2025-08-27,249.88,251.6599,248.82,251.34,4195432
2025-08-28,252.315,254.32,250.9,252.55,5060161
2025-08-29,248.94,248.94,244.17,245.32,8672580
2025-09-02,238.67,242.93,238.15,242.83,6659245
2025-09-03,243.23,243.42,239.23,241.68,5473321
2025-09-04,240.06,244.52,238.75,244.17,11842211
2025-09-05,247.85,248.5,244.13,247.05,17105531
2025-09-08,248.405,249.92,247.56,248.85,10290464
2025-09-09,249.105,249.675,247.23,249.06,9305217
2025-09-10,253.03,254.21,251.86,253.45,13398411
2025-09-11,254.81,256.51,254.62,255.19,10286195
2025-09-12,255.81,256.4,254.16,255.64,7144393
2025-09-15,255.2,257.84,254.53,257.8,7239217
2025-09-16,258.29,259.05,256.58,258.58,7543308
2025-09-17,257.94,260.74,254.83,258.53,6566882
2025-09-18,265.06,268.98,264.14,267.57,12601556
2025-09-19,267.295,267.4,263.6,265.86,5839134
2025-09-22,266.65,270.66,266.58,269.83,5721424
2025-09-23,270.79,272.13,267.91,269.51,6068279
2025-09-24,268.74,269.755,265.61,269.1,7825458
2025-09-25,264.58,268.94,261.8,268.24,11157772
2025-09-26,268.53,269.42,265.74,268.83,7244460
2025-09-29,271.72,272.8,268.865,268.93,5954879
2025-09-30,268.85,271.445,267.76,271.12,7091836
2025-10-01,269.38,276.695,268.88,276.34,9339556
2025-10-02,281.5,282.54,279.61,281.69,7250026
2025-10-03,282.95,284.34,278.48,279.96,8629281
2025-10-06,290.99,292.51,288.35,288.36,11274978
2025-10-07,290.975,291.48,281.53,281.91,9952035
2025-10-08,281.995,291.86,281.48,291.54,9301739
2025-10-09,291.085,291.6125,287.47,290.19,7603525
2025-10-10,290.82,291.63,271.46,271.99,26691230
2025-10-13,282.78,285.95,280.34,284.87,8703376
2025-10-14,278.5,284.77,277.36,279.03,8476042
2025-10-15,286.25,288.015,281.84,287.64,7595239
2025-10-16,291.075,292.26,285.94,288.98,7410391
2025-10-17,286.89,289.635,283.7193,288.17,6261510
2025-10-20,290.61,295.0,290.495,292.97,5832300
2025-10-21,292.5,292.7,289.22,291.33,3965223
2025-10-22,288.11,289.825,278.46,284.13,7875302
2025-10-23,282.49,291.86,282.25,291.06,5374810
2025-10-24,296.33,298.22,295.44,295.86,4621169
2025-10-27,301.43,305.01,300.405,304.08,5165020
2025-10-28,303.46,305.97,302.38,304.45,4156442
2025-10-29,309.865,312.7897,306.97,309.6,4503069
2025-10-30,307.94,311.12,305.38,305.41,4630695
2025-10-31,308.7,311.3225,304.26,306.55,5164275
2025-11-03,310.4,311.7525,307.13,308.38,3750762
2025-11-04,300.34,304.745,295.55,296.26,5288819
2025-11-05,297.21,309.17,296.89,305.47,4949353
2025-11-06,305.0,305.89,295.35,297.5,8548311
2025-11-07,292.64,294.45,283.59,294.38,13798565
2025-11-10,302.44,303.36,298.54,302.0,6030840
2025-11-11,299.04,300.02,294.69,295.15,5877863
2025-11-12,300.22,301.69,297.5,299.67,4144965
2025-11-13,295.94,297.13,286.45,289.38,10980641
2025-11-14,280.62,292.8,279.41,288.52,7141995
2025-11-17,286.07,291.53,280.24,283.56,8188737
2025-11-18,279.54,281.405,274.09,276.98,11103066
2025-11-19,278.14,285.14,276.82,281.61,5108056
2025-11-20,288.9,289.99,267.0,268.1,13398331
2025-11-21,268.265,274.76,260.44,270.83,15355858
2025-11-24,273.78,284.05,273.615,282.7,6424802
2025-11-25,278.955,284.34,272.76,283.58,5942820
2025-11-26,286.72,294.08,286.61,291.39,5818259
2025-11-28,293.25,296.99,291.83,296.74,3037957
2025-12-01,292.87,299.42,292.53,296.92,3932993
2025-12-02,300.445,304.84,298.69,302.84,5086879
2025-12-03,304.5,309.57,301.465,309.36,3867116
2025-12-04,307.84,308.27,304.5919,306.28,4639662
2025-12-05,309.295,312.83,308.93,309.4,4338106
2025-12-08,311.925,314.0799,309.865,312.76,3620859
2025-12-09,310.78,312.85,309.435,312.18,2775282
2025-12-10,312.005,317.35,310.56,316.33,5093809
2025-12-11,312.8,314.775,305.79,314.52,6504706
2025-12-12,310.8,311.6,297.96,299.48,13813631
2025-12-15,302.595,303.5,297.23,298.01,5241792
2025-12-16,296.705,298.92,293.08,296.2,5850416
2025-12-17,297.32,298.18,284.43,285.23,10422049
2025-12-18,295.72,296.96,290.835,292.04,6740393
2025-12-19,294.67,301.69,294.5,299.81,5074953
2025-12-22,306.725,306.938,302.55,303.84,4018973
2025-12-23,302.21,305.12,301.37,304.96,2708577
2025-12-24,304.995,306.5,304.71,306.14,1723245
2025-12-26,307.4,307.5399,305.29,306.04,1860929
2025-12-29,303.37,306.46,301.885,305.32,3620720
2025-12-30,306.08,307.48,304.7,304.92,2984846
2025-12-31,305.635,306.12,301.11,301.15,2954235
2026-01-02,308.56,315.81,308.56,313.69,8491325
2026-01-05,320.7,322.64,316.88,318.06,7923201
2026-01-06,322.07,329.15,322.0,328.35,7579894
2026-01-07,325.05,325.95,322.11,324.89,4528460
2026-01-08,324.19,324.19,316.4,319.58,5408327
2026-01-09,322.8,330.67,321.11,328.78,7323053
2026-01-12,325.695,331.38,325.53,330.35,5159571
2026-01-13,332.85,336.42,331.89,333.3,3835882
2026-01-14,331.03,331.99,327.175,331.9,5468927
2026-01-15,343.1,344.55,337.22,337.22,6531451
2026-01-16,343.505,345.41,340.22,342.47,5127307
2026-01-20,336.2,343.19,335.96,337.35,6232583
2026-01-21,341.84,351.33,340.3,348.14,7204178
2026-01-22,354.355,354.6,347.37,348.67,4661976
2026-01-23,346.39,348.03,342.17,344.71,4335863
2026-01-26,343.29,345.5,341.13,343.07,4458743
2026-01-27,348.16,353.2,346.65,351.08,5293550
2026-01-28,358.53,362.04,356.715,360.46,5364042
2026-01-29,361.18,363.8,347.72,361.13,8446174
2026-01-30,356.0,360.19,343.71,346.3,8719085
2026-02-02,342.37,356.11,341.9,352.69,7758021
2026-02-03,355.905,357.12,338.09,345.64,8371172
2026-02-04,342.18,345.39,323.33,330.38,15231365
2026-02-05,326.54,335.47,324.04,330.83,10406541
2026-02-06,337.395,349.56,335.87,348.51,9096100
2026-02-09,344.84,354.74,343.88,352.77,7091409
2026-02-10,353.52,355.04,348.12,351.43,6252387
2026-02-11,358.815,362.28,351.4,360.2,7497024
2026-02-12,363.455,365.38,351.05,351.5,9487983
2026-02-13,352.8,357.61,348.675,354.66,5963039
2026-02-17,349.805,357.1,345.32,354.1,4068938
2026-02-18,355.815,361.665,353.6,357.92,5681203
2026-02-19,354.175,356.32,351.77,355.84,5576424
2026-02-20,353.59,361.33,352.8,359.43,6013593
2026-02-23,357.57,360.38,352.85,356.82,6339800
2026-02-24,361.6,364.74,358.04,362.04,6206000
2026-02-25,366.195,368.82,365.51,368.0,4539919
2026-02-26,366.38,366.48,350.41,356.8,13223700
2026-02-27,349.6,354.03,348.34,352.29,6225419
2026-03-02,343.79,352.33,343.34,352.05,7284006
2026-03-03,338.09,339.31,330.89,334.78,17946093
2026-03-04,339.96,343.81,336.79,341.55,10649868
2026-03-05,338.9,343.72,330.57,337.67,7239331
2026-03-06,328.4,335.04,321.49,323.44,8733675
2026-03-09,318.31,337.17,316.22,336.37,9824632
2026-03-10,336.31,345.56,336.31,338.81,7470989
2026-03-11,340.5,345.4,340.45,342.09,6215113
2026-03-12,337.34,337.55,328.64,330.19,8008148
2026-03-13,333.875,338.4,329.79,331.32,6450826
2026-03-16,338.89,342.04,336.32,337.83,8018169
2026-03-17,340.56,341.16,336.79,340.25,4472077
2026-03-18,340.525,343.44,338.29,338.29,6363909
2026-03-19,328.76,342.77,326.76,340.2,8292080
2026-03-20,339.71,341.25,327.94,332.51,9441265
2026-03-23,340.115,344.93,335.12,336.59,8151040
2026-03-24,333.79,343.22,333.62,341.02,5287512
2026-03-25,344.17,347.68,342.14,345.25,5868985
2026-03-26,339.45,339.885,328.52,328.85,10172448
2026-03-27,326.84,329.95,322.16,323.48,6334798
2026-03-30,326.75,327.63,307.255,309.79,13204840
2026-03-31,315.595,329.18,314.88,328.66,14036482
2026-04-01,333.49,342.65,332.35,338.54,10130816
2026-04-02,325.11,340.39,325.03,339.61,6521003
2026-04-06,341.52,345.77,339.92,344.1,3105036
2026-04-07,343.035,347.94,338.47,347.76,4025969
2026-04-08,367.89,371.15,362.13,370.4,9868722
2026-04-09,371.295,378.95,371.295,378.63,6036659
2026-04-10,382.67,389.6025,382.67,386.6,5596888
2026-04-13,384.88,393.57,384.37,393.34,4377374
2026-04-14,397.835,401.4445,393.51,401.24,5202559
2026-04-15,400.31,402.09,392.39,401.86,5570248
2026-04-16,400.6,407.48,397.99,405.95,4400496
2026-04-17,413.38,415.73,409.58,415.71,5729056
2026-04-20,417.43,418.86,411.79,417.55,3493545
2026-04-21,420.4,423.35,416.67,420.7,3676751
2026-04-22,427.26,432.16,422.82,431.77,6557574
2026-04-23,435.34,446.64,434.04,441.0,10812387
2026-04-24,457.59,463.87,450.97,461.6,9071959
2026-04-27,461.75,463.0,448.93,455.41,8924649
2026-04-28,437.625,446.14,431.74,438.71,11014947
2026-04-29,445.26,450.37,442.4109,449.99,5972791
2026-04-30,455.695,462.14,449.34,461.44,5170248
2026-05-01,458.47,466.91,455.07,465.75,4155856
2026-05-04,467.93,469.61,457.81,462.06,5233125
2026-05-05,471.14,486.1808,470.23,482.73,7203047
2026-05-06,497.96,506.94,487.86,506.87,9768591
2026-05-07,502.93,503.68,488.131,492.36,9913713
2026-05-08,504.24,520.46,502.75,520.3,7754540
2026-05-11,524.08,533.74,521.66,532.76,7492556
2026-05-12,520.85,525.15,495.71,515.99,14660632
2026-05-13,527.615,532.25,515.94,528.29,7346374
2026-05-14,526.495,533.13,522.21,530.03,5212394
2026-05-15,511.67,518.7899,506.26,508.52,9388221
2026-05-18,518.0,519.96,486.92,495.87,9998994
2026-05-19,484.4,506.04,477.95,496.74,12216957
2026-05-20,507.73,520.54,506.55,520.31,9457640
2026-05-21,518.17,526.78,515.0,524.71,6749941
2026-05-22,531.88,541.89,530.17,537.33,7671121
2026-05-26,556.99,572.95,555.41,570.09,8926183
2026-05-27,584.38,584.5,551.89,563.98,11412354
2026-05-28,564.32,575.8,554.825,569.47,6763852
2026-05-29,576.44,582.23,564.6,569.08,7323862
2026-06-01,563.67,577.99,557.38,571.93,6999459
2026-06-02,585.17,605.44,581.925,605.02,7475392
2026-06-03,616.21,618.84,598.01,615.68,8564687
2026-06-04,587.64,611.26,577.54,602.72,11445307
2026-06-05,577.86,580.5,539.57,539.77,22377273
2026-06-08,569.765,581.3799,560.79,571.45,12843005
2026-06-09,585.45,588.58,522.24,562.14,24548093
2026-06-10,551.66,572.51,539.38,541.51,16672232
2026-06-11,555.42,588.0,554.81,586.93,12295375
2026-06-12,584.11,602.69,578.53,596.25,9947173
2026-06-15,622.61,629.7199,618.45,628.45,8170771
2026-06-16,623.84,629.64,590.63,591.24,11204901
2026-06-17,611.56,621.99,598.95,599.73,8948401
2026-06-18,626.52,644.43,626.15,639.45,9666034
2026-06-22,653.955,655.95,643.93,655.01,7782678
2026-06-23,607.64,619.94,598.19,603.39,12712187
2026-06-24,606.19,609.69,586.66,601.5,9230658
2026-06-25,637.33,638.47,598.83,625.2,12792291
2026-06-26,601.44,605.89,588.51,589.94,11017450
2026-06-29,593.71,615.3499,571.6,614.35,11036773
2026-06-30,616.15,644.94,616.15,640.76,10112580
2026-07-01,616.815,622.89,597.88,599.7,9811977
